isocode,group,transaction,function,year,value,observation_status
AUT,AE,P51G,GF01,2000,1244.0,A
AUT,AE,P51G,GF02,2000,338.0,A
AUT,AE,P51G,GF03,2000,189.92,A
AUT,AE,P51G,GF04,2000,1578.99,A
AUT,AE,P51G,GF05,2000,70.58,A
AUT,AE,P51G,GF06,2000,54.63,A
AUT,AE,P51G,GF07,2000,1073.56,A
AUT,AE,P51G,GF08,2000,441.08,A
AUT,AE,P51G,GF09,2000,646.86,A
AUT,AE,P51G,GF10,2000,101.59,A
AUT,AE,P51G,GF01,2001,1257.39,A
AUT,AE,P51G,GF02,2001,285.58,A
AUT,AE,P51G,GF03,2001,189.17,A
AUT,AE,P51G,GF04,2001,1538.86,A
AUT,AE,P51G,GF05,2001,72.76,A
AUT,AE,P51G,GF06,2001,52.28,A
AUT,AE,P51G,GF07,2001,959.18,A
AUT,AE,P51G,GF08,2001,428.38,A
AUT,AE,P51G,GF09,2001,526.65,A
AUT,AE,P51G,GF10,2001,98.94,A
AUT,AE,P51G,GF01,2002,1475.74,A
AUT,AE,P51G,GF02,2002,289.77,A
AUT,AE,P51G,GF03,2002,209.06,A
AUT,AE,P51G,GF04,2002,1875.48,A
AUT,AE,P51G,GF05,2002,69.39,A
AUT,AE,P51G,GF06,2002,55.88,A
AUT,AE,P51G,GF07,2002,1069.87,A
AUT,AE,P51G,GF08,2002,421.92,A
AUT,AE,P51G,GF09,2002,560.77,A
AUT,AE,P51G,GF10,2002,85.92,A
AUT,AE,P51G,GF01,2003,1122.66,A
AUT,AE,P51G,GF02,2003,349.51,A
AUT,AE,P51G,GF03,2003,200.47,A
AUT,AE,P51G,GF04,2003,1954.4,A
AUT,AE,P51G,GF05,2003,72.3,A
AUT,AE,P51G,GF06,2003,57.53,A
AUT,AE,P51G,GF07,2003,1170.63,A
AUT,AE,P51G,GF08,2003,398.28,A
AUT,AE,P51G,GF09,2003,551.59,A
AUT,AE,P51G,GF10,2003,111.26,A
AUT,AE,P51G,GF01,2004,1179.05,A
AUT,AE,P51G,GF02,2004,408.56,A
AUT,AE,P51G,GF03,2004,220.2,A
AUT,AE,P51G,GF04,2004,1880.78,A
AUT,AE,P51G,GF05,2004,42.3,A
AUT,AE,P51G,GF06,2004,56.35,A
AUT,AE,P51G,GF07,2004,1258.2,A
AUT,AE,P51G,GF08,2004,396.55,A
AUT,AE,P51G,GF09,2004,477.47,A
AUT,AE,P51G,GF10,2004,102.67,A
AUT,AE,P51G,GF01,2005,1323.41,A
AUT,AE,P51G,GF02,2005,317.31,A
AUT,AE,P51G,GF03,2005,197.79,A
AUT,AE,P51G,GF04,2005,3419.96,A
AUT,AE,P51G,GF05,2005,63.23,A
AUT,AE,P51G,GF06,2005,66.19,A
AUT,AE,P51G,GF07,2005,1376.96,A
AUT,AE,P51G,GF08,2005,296.11,A
AUT,AE,P51G,GF09,2005,417.31,A
AUT,AE,P51G,GF10,2005,95.84,A
AUT,AE,P51G,GF01,2006,1402.75,A
AUT,AE,P51G,GF02,2006,222.12,A
AUT,AE,P51G,GF03,2006,170.9,A
AUT,AE,P51G,GF04,2006,3739.87,A
AUT,AE,P51G,GF05,2006,69.36,A
AUT,AE,P51G,GF06,2006,53.13,A
AUT,AE,P51G,GF07,2006,1246.5,A
AUT,AE,P51G,GF08,2006,443.37,A
AUT,AE,P51G,GF09,2006,404.18,A
AUT,AE,P51G,GF10,2006,106.68,A
AUT,AE,P51G,GF01,2007,1447.12,A
AUT,AE,P51G,GF02,2007,714.85,A
AUT,AE,P51G,GF03,2007,182.65,A
AUT,AE,P51G,GF04,2007,3714.34,A
AUT,AE,P51G,GF05,2007,69.66,A
AUT,AE,P51G,GF06,2007,59.94,A
AUT,AE,P51G,GF07,2007,1439.24,A
AUT,AE,P51G,GF08,2007,421.04,A
AUT,AE,P51G,GF09,2007,420.43,A
AUT,AE,P51G,GF10,2007,103.6,A
AUT,AE,P51G,GF01,2008,1671.29,A
AUT,AE,P51G,GF02,2008,1096.23,A
AUT,AE,P51G,GF03,2008,209.94,A
AUT,AE,P51G,GF04,2008,3972.23,A
AUT,AE,P51G,GF05,2008,71.42,A
AUT,AE,P51G,GF06,2008,64.77,A
AUT,AE,P51G,GF07,2008,1500.68,A
AUT,AE,P51G,GF08,2008,458.79,A
AUT,AE,P51G,GF09,2008,530.73,A
AUT,AE,P51G,GF10,2008,82.6,A
AUT,AE,P51G,GF01,2009,1883.06,A
AUT,AE,P51G,GF02,2009,407.77,A
AUT,AE,P51G,GF03,2009,210.44,A
AUT,AE,P51G,GF04,2009,4407.53,A
AUT,AE,P51G,GF05,2009,70.72,A
AUT,AE,P51G,GF06,2009,69.69,A
AUT,AE,P51G,GF07,2009,1619.94,A
AUT,AE,P51G,GF08,2009,428.95,A
AUT,AE,P51G,GF09,2009,604.57,A
AUT,AE,P51G,GF10,2009,103.65,A
AUT,AE,P51G,GF01,2010,2004.31,A
AUT,AE,P51G,GF02,2010,226.77,A
AUT,AE,P51G,GF03,2010,184.56,A
AUT,AE,P51G,GF04,2010,4317.23,A
AUT,AE,P51G,GF05,2010,71.79,A
AUT,AE,P51G,GF06,2010,57.46,A
AUT,AE,P51G,GF07,2010,1707.53,A
AUT,AE,P51G,GF08,2010,410.65,A
AUT,AE,P51G,GF09,2010,600.34,A
AUT,AE,P51G,GF10,2010,93.2,A
AUT,AE,P51G,GF01,2011,1909.15,A
AUT,AE,P51G,GF02,2011,207.15,A
AUT,AE,P51G,GF03,2011,177.76,A
AUT,AE,P51G,GF04,2011,4107.99,A
AUT,AE,P51G,GF05,2011,75.95,A
AUT,AE,P51G,GF06,2011,59.64,A
AUT,AE,P51G,GF07,2011,1727.39,A
AUT,AE,P51G,GF08,2011,404.58,A
AUT,AE,P51G,GF09,2011,594.65,A
AUT,AE,P51G,GF10,2011,129.28,A
AUT,AE,P51G,GF01,2012,1772.22,A
AUT,AE,P51G,GF02,2012,173.4,A
AUT,AE,P51G,GF03,2012,175.07,A
AUT,AE,P51G,GF04,2012,4011.39,A
AUT,AE,P51G,GF05,2012,78.88,A
AUT,AE,P51G,GF06,2012,72.22,A
AUT,AE,P51G,GF07,2012,1822.91,A
AUT,AE,P51G,GF08,2012,462.94,A
AUT,AE,P51G,GF09,2012,697.62,A
AUT,AE,P51G,GF10,2012,94.86,A
AUT,AE,P51G,GF01,2013,1676.68,A
AUT,AE,P51G,GF02,2013,225.57,A
AUT,AE,P51G,GF03,2013,199.41,A
AUT,AE,P51G,GF04,2013,4389.54,A
AUT,AE,P51G,GF05,2013,68.37,A
AUT,AE,P51G,GF06,2013,76.01,A
AUT,AE,P51G,GF07,2013,1907.75,A
AUT,AE,P51G,GF08,2013,471.63,A
AUT,AE,P51G,GF09,2013,799.39,A
AUT,AE,P51G,GF10,2013,84.61,A
AUT,AE,P51G,GF01,2014,1719.71,A
AUT,AE,P51G,GF02,2014,229.14,A
AUT,AE,P51G,GF03,2014,244.08,A
AUT,AE,P51G,GF04,2014,4374.64,A
AUT,AE,P51G,GF05,2014,75.99,A
AUT,AE,P51G,GF06,2014,87.27,A
AUT,AE,P51G,GF07,2014,1934.85,A
AUT,AE,P51G,GF08,2014,442.64,A
AUT,AE,P51G,GF09,2014,727.01,A
AUT,AE,P51G,GF10,2014,86.54,A
AUT,AE,P51G,GF01,2015,1835.64,A
AUT,AE,P51G,GF02,2015,200.04,A
AUT,AE,P51G,GF03,2015,285.29,A
AUT,AE,P51G,GF04,2015,4350.27,A
AUT,AE,P51G,GF05,2015,75.43,A
AUT,AE,P51G,GF06,2015,103.59,A
AUT,AE,P51G,GF07,2015,2016.96,A
AUT,AE,P51G,GF08,2015,437.46,A
AUT,AE,P51G,GF09,2015,812.39,A
AUT,AE,P51G,GF10,2015,122.63,A
AUT,AE,P51G,GF01,2016,1942.38,A
AUT,AE,P51G,GF02,2016,278.0,A
AUT,AE,P51G,GF03,2016,302.78,A
AUT,AE,P51G,GF04,2016,4529.98,A
AUT,AE,P51G,GF05,2016,80.02,A
AUT,AE,P51G,GF06,2016,93.98,A
AUT,AE,P51G,GF07,2016,1925.69,A
AUT,AE,P51G,GF08,2016,458.66,A
AUT,AE,P51G,GF09,2016,874.83,A
AUT,AE,P51G,GF10,2016,156.1,A
AUT,AE,P51G,GF01,2017,1924.45,A
AUT,AE,P51G,GF02,2017,222.87,A
AUT,AE,P51G,GF03,2017,363.39,A
AUT,AE,P51G,GF04,2017,4890.8,A
AUT,AE,P51G,GF05,2017,82.87,A
AUT,AE,P51G,GF06,2017,103.92,A
AUT,AE,P51G,GF07,2017,2167.06,A
AUT,AE,P51G,GF08,2017,485.92,A
AUT,AE,P51G,GF09,2017,1039.81,A
AUT,AE,P51G,GF10,2017,140.09,A
AUT,AE,P51G,GF01,2018,1984.58,A
AUT,AE,P51G,GF02,2018,222.08,A
AUT,AE,P51G,GF03,2018,383.79,A
AUT,AE,P51G,GF04,2018,5038.79,A
AUT,AE,P51G,GF05,2018,76.43,A
AUT,AE,P51G,GF06,2018,103.89,A
AUT,AE,P51G,GF07,2018,2195.06,A
AUT,AE,P51G,GF08,2018,537.63,A
AUT,AE,P51G,GF09,2018,1116.81,A
AUT,AE,P51G,GF10,2018,160.88,A
AUT,AE,P51G,GF01,2019,2356.98,A
AUT,AE,P51G,GF02,2019,338.52,A
AUT,AE,P51G,GF03,2019,347.17,A
AUT,AE,P51G,GF04,2019,5126.25,A
AUT,AE,P51G,GF05,2019,94.08,A
AUT,AE,P51G,GF06,2019,100.09,A
AUT,AE,P51G,GF07,2019,2089.69,A
AUT,AE,P51G,GF08,2019,584.14,A
AUT,AE,P51G,GF09,2019,1228.03,A
AUT,AE,P51G,GF10,2019,150.25,A
AUT,AE,P51G,GF01,2020,2477.82,A
AUT,AE,P51G,GF02,2020,263.41,A
AUT,AE,P51G,GF03,2020,358.93,A
AUT,AE,P51G,GF04,2020,5384.98,A
AUT,AE,P51G,GF05,2020,89.17,A
AUT,AE,P51G,GF06,2020,111.87,A
AUT,AE,P51G,GF07,2020,2128.72,A
AUT,AE,P51G,GF08,2020,581.25,A
AUT,AE,P51G,GF09,2020,1168.78,A
AUT,AE,P51G,GF10,2020,81.97,A
AUT,AE,P51G,GF01,2021,2819.13,A
AUT,AE,P51G,GF02,2021,291.73,A
AUT,AE,P51G,GF03,2021,355.44,A
AUT,AE,P51G,GF04,2021,6503.71,A
AUT,AE,P51G,GF05,2021,82.23,A
AUT,AE,P51G,GF06,2021,134.32,A
AUT,AE,P51G,GF07,2021,2218.29,A
AUT,AE,P51G,GF08,2021,714.74,A
AUT,AE,P51G,GF09,2021,1278.12,A
AUT,AE,P51G,GF10,2021,153.24,A
AUT,AE,P51G,GF01,2022,2751.44,A
AUT,AE,P51G,GF02,2022,431.38,A
AUT,AE,P51G,GF03,2022,392.84,A
AUT,AE,P51G,GF04,2022,6863.57,A
AUT,AE,P51G,GF05,2022,98.61,A
AUT,AE,P51G,GF06,2022,147.64,A
AUT,AE,P51G,GF07,2022,2281.84,A
AUT,AE,P51G,GF08,2022,740.56,A
AUT,AE,P51G,GF09,2022,1528.62,A
AUT,AE,P51G,GF10,2022,226.68,A
AUT,AE,P51G,GF01,2023,2807.67,A
AUT,AE,P51G,GF02,2023,527.01,A
AUT,AE,P51G,GF03,2023,423.62,A
AUT,AE,P51G,GF04,2023,8168.47,A
AUT,AE,P51G,GF05,2023,96.99,A
AUT,AE,P51G,GF06,2023,171.18,A
AUT,AE,P51G,GF07,2023,2721.33,A
AUT,AE,P51G,GF08,2023,893.99,A
AUT,AE,P51G,GF09,2023,1703.46,A
AUT,AE,P51G,GF10,2023,149.5,A
AUT,AE,P51G,GF01,2024,3178.07,A
AUT,AE,P51G,GF02,2024,522.24,A
AUT,AE,P51G,GF03,2024,522.05,A
AUT,AE,P51G,GF04,2024,8813.82,A
AUT,AE,P51G,GF05,2024,114.12,A
AUT,AE,P51G,GF06,2024,197.53,A
AUT,AE,P51G,GF07,2024,2990.98,A
AUT,AE,P51G,GF08,2024,932.29,A
AUT,AE,P51G,GF09,2024,2028.32,A
AUT,AE,P51G,GF10,2024,120.68,A
BEL,AE,P51G,GF01,2000,1491.5,A
BEL,AE,P51G,GF02,2000,406.2,A
BEL,AE,P51G,GF03,2000,258.8,A
BEL,AE,P51G,GF04,2000,1769.9,A
BEL,AE,P51G,GF05,2000,546.6,A
BEL,AE,P51G,GF06,2000,340.2,A
BEL,AE,P51G,GF07,2000,50.5,A
BEL,AE,P51G,GF08,2000,563.8,A
BEL,AE,P51G,GF09,2000,513.0,A
BEL,AE,P51G,GF10,2000,157.5,A
BEL,AE,P51G,GF01,2001,1197.4,A
BEL,AE,P51G,GF02,2001,386.1,A
BEL,AE,P51G,GF03,2001,234.8,A
BEL,AE,P51G,GF04,2001,1802.8,A
BEL,AE,P51G,GF05,2001,510.9,A
BEL,AE,P51G,GF06,2001,163.8,A
BEL,AE,P51G,GF07,2001,28.4,A
BEL,AE,P51G,GF08,2001,436.8,A
BEL,AE,P51G,GF09,2001,538.1,A
BEL,AE,P51G,GF10,2001,307.0,A
BEL,AE,P51G,GF01,2002,1430.5,A
BEL,AE,P51G,GF02,2002,379.9,A
BEL,AE,P51G,GF03,2002,233.6,A
BEL,AE,P51G,GF04,2002,1629.9,A
BEL,AE,P51G,GF05,2002,521.7,A
BEL,AE,P51G,GF06,2002,211.9,A
BEL,AE,P51G,GF07,2002,29.7,A
BEL,AE,P51G,GF08,2002,425.5,A
BEL,AE,P51G,GF09,2002,534.1,A
BEL,AE,P51G,GF10,2002,245.0,A
BEL,AE,P51G,GF01,2003,1517.4,A
BEL,AE,P51G,GF02,2003,257.4,A
BEL,AE,P51G,GF03,2003,223.7,A
BEL,AE,P51G,GF04,2003,1853.8,A
BEL,AE,P51G,GF05,2003,486.5,A
BEL,AE,P51G,GF06,2003,158.3,A
BEL,AE,P51G,GF07,2003,29.5,A
BEL,AE,P51G,GF08,2003,478.6,A
BEL,AE,P51G,GF09,2003,598.6,A
BEL,AE,P51G,GF10,2003,286.6,A
BEL,AE,P51G,GF01,2004,1411.8,A
BEL,AE,P51G,GF02,2004,293.3,A
BEL,AE,P51G,GF03,2004,159.3,A
BEL,AE,P51G,GF04,2004,2073.1,A
BEL,AE,P51G,GF05,2004,478.4,A
BEL,AE,P51G,GF06,2004,153.1,A
BEL,AE,P51G,GF07,2004,32.9,A
BEL,AE,P51G,GF08,2004,494.4,A
BEL,AE,P51G,GF09,2004,610.4,A
BEL,AE,P51G,GF10,2004,268.9,A
BEL,AE,P51G,GF01,2005,1746.9,A
BEL,AE,P51G,GF02,2005,282.1,A
BEL,AE,P51G,GF03,2005,167.6,A
BEL,AE,P51G,GF04,2005,2151.4,A
BEL,AE,P51G,GF05,2005,283.3,A
BEL,AE,P51G,GF06,2005,202.3,A
BEL,AE,P51G,GF07,2005,25.2,A
BEL,AE,P51G,GF08,2005,639.3,A
BEL,AE,P51G,GF09,2005,662.6,A
BEL,AE,P51G,GF10,2005,241.2,A
BEL,AE,P51G,GF01,2006,1118.7,A
BEL,AE,P51G,GF02,2006,238.8,A
BEL,AE,P51G,GF03,2006,272.7,A
BEL,AE,P51G,GF04,2006,2106.0,A
BEL,AE,P51G,GF05,2006,459.0,A
BEL,AE,P51G,GF06,2006,256.4,A
BEL,AE,P51G,GF07,2006,23.7,A
BEL,AE,P51G,GF08,2006,670.0,A
BEL,AE,P51G,GF09,2006,656.8,A
BEL,AE,P51G,GF10,2006,409.8,A
BEL,AE,P51G,GF01,2007,1888.6,A
BEL,AE,P51G,GF02,2007,382.4,A
BEL,AE,P51G,GF03,2007,225.6,A
BEL,AE,P51G,GF04,2007,1949.9,A
BEL,AE,P51G,GF05,2007,431.8,A
BEL,AE,P51G,GF06,2007,231.8,A
BEL,AE,P51G,GF07,2007,26.8,A
BEL,AE,P51G,GF08,2007,549.1,A
BEL,AE,P51G,GF09,2007,678.7,A
BEL,AE,P51G,GF10,2007,453.0,A
BEL,AE,P51G,GF01,2008,2166.1,A
BEL,AE,P51G,GF02,2008,395.3,A
BEL,AE,P51G,GF03,2008,257.1,A
BEL,AE,P51G,GF04,2008,1929.8,A
BEL,AE,P51G,GF05,2008,510.7,A
BEL,AE,P51G,GF06,2008,225.6,A
BEL,AE,P51G,GF07,2008,30.5,A
BEL,AE,P51G,GF08,2008,534.5,A
BEL,AE,P51G,GF09,2008,676.0,A
BEL,AE,P51G,GF10,2008,449.6,A
BEL,AE,P51G,GF01,2009,2376.9,A
BEL,AE,P51G,GF02,2009,233.5,A
BEL,AE,P51G,GF03,2009,266.3,A
BEL,AE,P51G,GF04,2009,2063.0,A
BEL,AE,P51G,GF05,2009,663.1,A
BEL,AE,P51G,GF06,2009,234.7,A
BEL,AE,P51G,GF07,2009,27.6,A
BEL,AE,P51G,GF08,2009,563.6,A
BEL,AE,P51G,GF09,2009,763.9,A
BEL,AE,P51G,GF10,2009,657.9,A
BEL,AE,P51G,GF01,2010,2443.8,A
BEL,AE,P51G,GF02,2010,262.1,A
BEL,AE,P51G,GF03,2010,267.5,A
BEL,AE,P51G,GF04,2010,2366.3,A
BEL,AE,P51G,GF05,2010,421.1,A
BEL,AE,P51G,GF06,2010,253.0,A
BEL,AE,P51G,GF07,2010,22.5,A
BEL,AE,P51G,GF08,2010,578.2,A
BEL,AE,P51G,GF09,2010,1052.3,A
BEL,AE,P51G,GF10,2010,474.1,A
BEL,AE,P51G,GF01,2011,2742.1,A
BEL,AE,P51G,GF02,2011,253.8,A
BEL,AE,P51G,GF03,2011,276.4,A
BEL,AE,P51G,GF04,2011,2569.8,A
BEL,AE,P51G,GF05,2011,391.3,A
BEL,AE,P51G,GF06,2011,76.7,A
BEL,AE,P51G,GF07,2011,24.5,A
BEL,AE,P51G,GF08,2011,653.4,A
BEL,AE,P51G,GF09,2011,1292.1,A
BEL,AE,P51G,GF10,2011,693.5,A
BEL,AE,P51G,GF01,2012,2900.7,A
BEL,AE,P51G,GF02,2012,233.8,A
BEL,AE,P51G,GF03,2012,249.0,A
BEL,AE,P51G,GF04,2012,2623.8,A
BEL,AE,P51G,GF05,2012,431.7,A
BEL,AE,P51G,GF06,2012,327.7,A
BEL,AE,P51G,GF07,2012,28.2,A
BEL,AE,P51G,GF08,2012,844.6,A
BEL,AE,P51G,GF09,2012,1389.1,A
BEL,AE,P51G,GF10,2012,566.4,A
BEL,AE,P51G,GF01,2013,2927.0,A
BEL,AE,P51G,GF02,2013,311.7,A
BEL,AE,P51G,GF03,2013,248.5,A
BEL,AE,P51G,GF04,2013,2368.8,A
BEL,AE,P51G,GF05,2013,466.9,A
BEL,AE,P51G,GF06,2013,278.8,A
BEL,AE,P51G,GF07,2013,32.2,A
BEL,AE,P51G,GF08,2013,664.8,A
BEL,AE,P51G,GF09,2013,1307.5,A
BEL,AE,P51G,GF10,2013,568.2,A
BEL,AE,P51G,GF01,2014,3059.0,A
BEL,AE,P51G,GF02,2014,301.0,A
BEL,AE,P51G,GF03,2014,243.7,A
BEL,AE,P51G,GF04,2014,3472.7,A
BEL,AE,P51G,GF05,2014,371.7,A
BEL,AE,P51G,GF06,2014,289.1,A
BEL,AE,P51G,GF07,2014,46.5,A
BEL,AE,P51G,GF08,2014,651.9,A
BEL,AE,P51G,GF09,2014,1594.9,A
BEL,AE,P51G,GF10,2014,277.4,A
BEL,AE,P51G,GF01,2015,3037.1,A
BEL,AE,P51G,GF02,2015,245.9,A
BEL,AE,P51G,GF03,2015,216.0,A
BEL,AE,P51G,GF04,2015,3225.2,A
BEL,AE,P51G,GF05,2015,413.9,A
BEL,AE,P51G,GF06,2015,249.5,A
BEL,AE,P51G,GF07,2015,31.1,A
BEL,AE,P51G,GF08,2015,680.4,A
BEL,AE,P51G,GF09,2015,1977.6,A
BEL,AE,P51G,GF10,2015,280.0,A
BEL,AE,P51G,GF01,2016,3298.1,A
BEL,AE,P51G,GF02,2016,149.2,A
BEL,AE,P51G,GF03,2016,248.6,A
BEL,AE,P51G,GF04,2016,3247.3,A
BEL,AE,P51G,GF05,2016,359.2,A
BEL,AE,P51G,GF06,2016,250.4,A
BEL,AE,P51G,GF07,2016,36.5,A
BEL,AE,P51G,GF08,2016,681.1,A
BEL,AE,P51G,GF09,2016,1918.1,A
BEL,AE,P51G,GF10,2016,261.6,A
BEL,AE,P51G,GF01,2017,3378.2,A
BEL,AE,P51G,GF02,2017,199.9,A
BEL,AE,P51G,GF03,2017,322.0,A
BEL,AE,P51G,GF04,2017,3532.3,A
BEL,AE,P51G,GF05,2017,475.8,A
BEL,AE,P51G,GF06,2017,287.5,A
BEL,AE,P51G,GF07,2017,35.6,A
BEL,AE,P51G,GF08,2017,792.2,A
BEL,AE,P51G,GF09,2017,1530.7,A
BEL,AE,P51G,GF10,2017,330.1,A
BEL,AE,P51G,GF01,2018,3620.1,A
BEL,AE,P51G,GF02,2018,190.6,A
BEL,AE,P51G,GF03,2018,399.7,A
BEL,AE,P51G,GF04,2018,4069.3,A
BEL,AE,P51G,GF05,2018,543.3,A
BEL,AE,P51G,GF06,2018,391.2,A
BEL,AE,P51G,GF07,2018,48.8,A
BEL,AE,P51G,GF08,2018,965.8,A
BEL,AE,P51G,GF09,2018,1616.2,A
BEL,AE,P51G,GF10,2018,404.2,A
BEL,AE,P51G,GF01,2019,3869.7,A
BEL,AE,P51G,GF02,2019,380.8,A
BEL,AE,P51G,GF03,2019,291.0,A
BEL,AE,P51G,GF04,2019,4244.1,A
BEL,AE,P51G,GF05,2019,659.6,A
BEL,AE,P51G,GF06,2019,325.3,A
BEL,AE,P51G,GF07,2019,56.7,A
BEL,AE,P51G,GF08,2019,899.7,A
BEL,AE,P51G,GF09,2019,1550.9,A
BEL,AE,P51G,GF10,2019,359.8,A
BEL,AE,P51G,GF01,2020,4122.8,A
BEL,AE,P51G,GF02,2020,624.5,A
BEL,AE,P51G,GF03,2020,307.2,A
BEL,AE,P51G,GF04,2020,4091.6,A
BEL,AE,P51G,GF05,2020,547.5,A
BEL,AE,P51G,GF06,2020,323.1,A
BEL,AE,P51G,GF07,2020,127.1,A
BEL,AE,P51G,GF08,2020,748.6,A
BEL,AE,P51G,GF09,2020,1480.9,A
BEL,AE,P51G,GF10,2020,381.7,A
BEL,AE,P51G,GF01,2021,4480.9,A
BEL,AE,P51G,GF02,2021,684.3,A
BEL,AE,P51G,GF03,2021,371.6,A
BEL,AE,P51G,GF04,2021,4714.4,A
BEL,AE,P51G,GF05,2021,615.1,A
BEL,AE,P51G,GF06,2021,408.4,A
BEL,AE,P51G,GF07,2021,62.9,A
BEL,AE,P51G,GF08,2021,769.1,A
BEL,AE,P51G,GF09,2021,1594.1,A
BEL,AE,P51G,GF10,2021,316.7,A
BEL,AE,P51G,GF01,2022,4594.7,A
BEL,AE,P51G,GF02,2022,749.4,A
BEL,AE,P51G,GF03,2022,334.7,A
BEL,AE,P51G,GF04,2022,5189.2,A
BEL,AE,P51G,GF05,2022,574.0,A
BEL,AE,P51G,GF06,2022,400.5,A
BEL,AE,P51G,GF07,2022,59.2,A
BEL,AE,P51G,GF08,2022,933.7,A
BEL,AE,P51G,GF09,2022,2158.1,A
BEL,AE,P51G,GF10,2022,347.0,A
BEL,AE,P51G,GF01,2023,5119.0,A
BEL,AE,P51G,GF02,2023,761.5,A
BEL,AE,P51G,GF03,2023,402.6,A
BEL,AE,P51G,GF04,2023,6122.0,A
BEL,AE,P51G,GF05,2023,581.7,A
BEL,AE,P51G,GF06,2023,533.7,A
BEL,AE,P51G,GF07,2023,70.2,A
BEL,AE,P51G,GF08,2023,1043.4,A
BEL,AE,P51G,GF09,2023,2228.7,A
BEL,AE,P51G,GF10,2023,389.9,A
BEL,AE,P51G,GF01,2024,5217.5,P
BEL,AE,P51G,GF02,2024,1854.0,P
BEL,AE,P51G,GF03,2024,461.4,P
BEL,AE,P51G,GF04,2024,6676.2,P
BEL,AE,P51G,GF05,2024,638.5,P
BEL,AE,P51G,GF06,2024,543.7,P
BEL,AE,P51G,GF07,2024,62.8,P
BEL,AE,P51G,GF08,2024,1161.6,P
BEL,AE,P51G,GF09,2024,2189.0,P
BEL,AE,P51G,GF10,2024,461.6,P
BGR,EMDE,P51G,GF01,2000,161.51,A
BGR,EMDE,P51G,GF02,2000,61.94,A
BGR,EMDE,P51G,GF03,2000,18.48,A
BGR,EMDE,P51G,GF04,2000,136.37,A
BGR,EMDE,P51G,GF05,2000,59.2,A
BGR,EMDE,P51G,GF06,2000,33.98,A
BGR,EMDE,P51G,GF07,2000,50.93,A
BGR,EMDE,P51G,GF08,2000,8.03,A
BGR,EMDE,P51G,GF09,2000,19.02,A
BGR,EMDE,P51G,GF10,2000,8.78,A
BGR,EMDE,P51G,GF01,2001,109.47,A
BGR,EMDE,P51G,GF02,2001,48.38,A
BGR,EMDE,P51G,GF03,2001,15.83,A
BGR,EMDE,P51G,GF04,2001,230.51,A
BGR,EMDE,P51G,GF05,2001,88.15,A
BGR,EMDE,P51G,GF06,2001,43.97,A
BGR,EMDE,P51G,GF07,2001,31.99,A
BGR,EMDE,P51G,GF08,2001,7.56,A
BGR,EMDE,P51G,GF09,2001,14.78,A
BGR,EMDE,P51G,GF10,2001,21.76,A
BGR,EMDE,P51G,GF01,2002,128.56,A
BGR,EMDE,P51G,GF02,2002,80.13,A
BGR,EMDE,P51G,GF03,2002,23.8,A
BGR,EMDE,P51G,GF04,2002,188.99,A
BGR,EMDE,P51G,GF05,2002,24.45,A
BGR,EMDE,P51G,GF06,2002,22.67,A
BGR,EMDE,P51G,GF07,2002,88.58,A
BGR,EMDE,P51G,GF08,2002,8.42,A
BGR,EMDE,P51G,GF09,2002,21.59,A
BGR,EMDE,P51G,GF10,2002,5.02,A
BGR,EMDE,P51G,GF01,2003,-186.44,A
BGR,EMDE,P51G,GF02,2003,121.03,A
BGR,EMDE,P51G,GF03,2003,43.02,A
BGR,EMDE,P51G,GF04,2003,258.16,A
BGR,EMDE,P51G,GF05,2003,69.5,A
BGR,EMDE,P51G,GF06,2003,63.37,A
BGR,EMDE,P51G,GF07,2003,156.49,A
BGR,EMDE,P51G,GF08,2003,19.79,A
BGR,EMDE,P51G,GF09,2003,43.46,A
BGR,EMDE,P51G,GF10,2003,18.9,A
BGR,EMDE,P51G,GF01,2004,60.21,A
BGR,EMDE,P51G,GF02,2004,2.6,A
BGR,EMDE,P51G,GF03,2004,21.39,A
BGR,EMDE,P51G,GF04,2004,315.94,A
BGR,EMDE,P51G,GF05,2004,56.26,A
BGR,EMDE,P51G,GF06,2004,55.18,A
BGR,EMDE,P51G,GF07,2004,127.57,A
BGR,EMDE,P51G,GF08,2004,20.67,A
BGR,EMDE,P51G,GF09,2004,41.89,A
BGR,EMDE,P51G,GF10,2004,21.31,A
BGR,EMDE,P51G,GF01,2005,108.76,A
BGR,EMDE,P51G,GF02,2005,107.94,A
BGR,EMDE,P51G,GF03,2005,26.2,A
BGR,EMDE,P51G,GF04,2005,283.71,A
BGR,EMDE,P51G,GF05,2005,73.26,A
BGR,EMDE,P51G,GF06,2005,74.97,A
BGR,EMDE,P51G,GF07,2005,67.58,A
BGR,EMDE,P51G,GF08,2005,25.66,A
BGR,EMDE,P51G,GF09,2005,89.22,A
BGR,EMDE,P51G,GF10,2005,26.26,A
BGR,EMDE,P51G,GF01,2006,145.94,A
BGR,EMDE,P51G,GF02,2006,28.53,A
BGR,EMDE,P51G,GF03,2006,39.5,A
BGR,EMDE,P51G,GF04,2006,450.28,A
BGR,EMDE,P51G,GF05,2006,164.48,A
BGR,EMDE,P51G,GF06,2006,140.3,A
BGR,EMDE,P51G,GF07,2006,41.17,A
BGR,EMDE,P51G,GF08,2006,28.49,A
BGR,EMDE,P51G,GF09,2006,79.74,A
BGR,EMDE,P51G,GF10,2006,21.37,A
BGR,EMDE,P51G,GF01,2007,247.61,A
BGR,EMDE,P51G,GF02,2007,4.92,A
BGR,EMDE,P51G,GF03,2007,132.92,A
BGR,EMDE,P51G,GF04,2007,493.95,A
BGR,EMDE,P51G,GF05,2007,119.38,A
BGR,EMDE,P51G,GF06,2007,325.24,A
BGR,EMDE,P51G,GF07,2007,99.39,A
BGR,EMDE,P51G,GF08,2007,56.03,A
BGR,EMDE,P51G,GF09,2007,184.11,A
BGR,EMDE,P51G,GF10,2007,34.32,A
BGR,EMDE,P51G,GF01,2008,240.73,A
BGR,EMDE,P51G,GF02,2008,11.4,A
BGR,EMDE,P51G,GF03,2008,131.52,A
BGR,EMDE,P51G,GF04,2008,676.83,A
BGR,EMDE,P51G,GF05,2008,88.01,A
BGR,EMDE,P51G,GF06,2008,425.34,A
BGR,EMDE,P51G,GF07,2008,151.83,A
BGR,EMDE,P51G,GF08,2008,62.95,A
BGR,EMDE,P51G,GF09,2008,235.45,A
BGR,EMDE,P51G,GF10,2008,49.72,A
BGR,EMDE,P51G,GF01,2009,282.03,A
BGR,EMDE,P51G,GF02,2009,0.98,A
BGR,EMDE,P51G,GF03,2009,131.21,A
BGR,EMDE,P51G,GF04,2009,510.43,A
BGR,EMDE,P51G,GF05,2009,219.96,A
BGR,EMDE,P51G,GF06,2009,347.46,A
BGR,EMDE,P51G,GF07,2009,30.32,A
BGR,EMDE,P51G,GF08,2009,49.73,A
BGR,EMDE,P51G,GF09,2009,232.74,A
BGR,EMDE,P51G,GF10,2009,43.76,A
BGR,EMDE,P51G,GF01,2010,158.31,A
BGR,EMDE,P51G,GF02,2010,210.51,A
BGR,EMDE,P51G,GF03,2010,69.79,A
BGR,EMDE,P51G,GF04,2010,774.48,A
BGR,EMDE,P51G,GF05,2010,55.86,A
BGR,EMDE,P51G,GF06,2010,231.94,A
BGR,EMDE,P51G,GF07,2010,77.78,A
BGR,EMDE,P51G,GF08,2010,48.65,A
BGR,EMDE,P51G,GF09,2010,114.84,A
BGR,EMDE,P51G,GF10,2010,14.24,A
BGR,EMDE,P51G,GF01,2011,104.09,A
BGR,EMDE,P51G,GF02,2011,48.67,A
BGR,EMDE,P51G,GF03,2011,57.14,A
BGR,EMDE,P51G,GF04,2011,639.35,A
BGR,EMDE,P51G,GF05,2011,56.08,A
BGR,EMDE,P51G,GF06,2011,301.47,A
BGR,EMDE,P51G,GF07,2011,50.27,A
BGR,EMDE,P51G,GF08,2011,49.32,A
BGR,EMDE,P51G,GF09,2011,87.16,A
BGR,EMDE,P51G,GF10,2011,20.05,A
BGR,EMDE,P51G,GF01,2012,44.85,A
BGR,EMDE,P51G,GF02,2012,11.35,A
BGR,EMDE,P51G,GF03,2012,44.84,A
BGR,EMDE,P51G,GF04,2012,744.04,A
BGR,EMDE,P51G,GF05,2012,63.89,A
BGR,EMDE,P51G,GF06,2012,255.09,A
BGR,EMDE,P51G,GF07,2012,67.96,A
BGR,EMDE,P51G,GF08,2012,65.72,A
BGR,EMDE,P51G,GF09,2012,115.84,A
BGR,EMDE,P51G,GF10,2012,22.62,A
BGR,EMDE,P51G,GF01,2013,52.76,A
BGR,EMDE,P51G,GF02,2013,54.7,A
BGR,EMDE,P51G,GF03,2013,75.38,A
BGR,EMDE,P51G,GF04,2013,631.52,A
BGR,EMDE,P51G,GF05,2013,169.44,A
BGR,EMDE,P51G,GF06,2013,386.7,A
BGR,EMDE,P51G,GF07,2013,96.45,A
BGR,EMDE,P51G,GF08,2013,83.88,A
BGR,EMDE,P51G,GF09,2013,129.27,A
BGR,EMDE,P51G,GF10,2013,50.68,A
BGR,EMDE,P51G,GF01,2014,87.77,A
BGR,EMDE,P51G,GF02,2014,113.42,A
BGR,EMDE,P51G,GF03,2014,114.2,A
BGR,EMDE,P51G,GF04,2014,608.53,A
BGR,EMDE,P51G,GF05,2014,69.62,A
BGR,EMDE,P51G,GF06,2014,540.07,A
BGR,EMDE,P51G,GF07,2014,250.52,A
BGR,EMDE,P51G,GF08,2014,159.56,A
BGR,EMDE,P51G,GF09,2014,286.19,A
BGR,EMDE,P51G,GF10,2014,33.63,A
BGR,EMDE,P51G,GF01,2015,120.54,A
BGR,EMDE,P51G,GF02,2015,110.02,A
BGR,EMDE,P51G,GF03,2015,120.86,A
BGR,EMDE,P51G,GF04,2015,913.61,A
BGR,EMDE,P51G,GF05,2015,111.56,A
BGR,EMDE,P51G,GF06,2015,804.61,A
BGR,EMDE,P51G,GF07,2015,300.71,A
BGR,EMDE,P51G,GF08,2015,180.4,A
BGR,EMDE,P51G,GF09,2015,308.05,A
BGR,EMDE,P51G,GF10,2015,39.63,A
BGR,EMDE,P51G,GF01,2016,121.81,A
BGR,EMDE,P51G,GF02,2016,106.93,A
BGR,EMDE,P51G,GF03,2016,42.6,A
BGR,EMDE,P51G,GF04,2016,389.05,A
BGR,EMDE,P51G,GF05,2016,54.03,A
BGR,EMDE,P51G,GF06,2016,217.4,A
BGR,EMDE,P51G,GF07,2016,162.37,A
BGR,EMDE,P51G,GF08,2016,69.53,A
BGR,EMDE,P51G,GF09,2016,123.17,A
BGR,EMDE,P51G,GF10,2016,11.2,A
BGR,EMDE,P51G,GF01,2017,48.12,A
BGR,EMDE,P51G,GF02,2017,88.65,A
BGR,EMDE,P51G,GF03,2017,103.03,A
BGR,EMDE,P51G,GF04,2017,302.27,A
BGR,EMDE,P51G,GF05,2017,48.42,A
BGR,EMDE,P51G,GF06,2017,262.3,A
BGR,EMDE,P51G,GF07,2017,98.82,A
BGR,EMDE,P51G,GF08,2017,55.39,A
BGR,EMDE,P51G,GF09,2017,119.8,A
BGR,EMDE,P51G,GF10,2017,74.4,A
BGR,EMDE,P51G,GF01,2018,48.59,A
BGR,EMDE,P51G,GF02,2018,120.49,A
BGR,EMDE,P51G,GF03,2018,48.57,A
BGR,EMDE,P51G,GF04,2018,845.59,A
BGR,EMDE,P51G,GF05,2018,71.99,A
BGR,EMDE,P51G,GF06,2018,381.36,A
BGR,EMDE,P51G,GF07,2018,45.63,A
BGR,EMDE,P51G,GF08,2018,53.25,A
BGR,EMDE,P51G,GF09,2018,94.7,A
BGR,EMDE,P51G,GF10,2018,14.54,A
BGR,EMDE,P51G,GF01,2019,120.94,A
BGR,EMDE,P51G,GF02,2019,115.27,A
BGR,EMDE,P51G,GF03,2019,114.92,A
BGR,EMDE,P51G,GF04,2019,783.03,A
BGR,EMDE,P51G,GF05,2019,71.2,A
BGR,EMDE,P51G,GF06,2019,478.22,A
BGR,EMDE,P51G,GF07,2019,88.82,A
BGR,EMDE,P51G,GF08,2019,80.35,A
BGR,EMDE,P51G,GF09,2019,184.29,A
BGR,EMDE,P51G,GF10,2019,22.54,A
BGR,EMDE,P51G,GF01,2020,170.26,A
BGR,EMDE,P51G,GF02,2020,244.42,A
BGR,EMDE,P51G,GF03,2020,68.81,A
BGR,EMDE,P51G,GF04,2020,891.48,A
BGR,EMDE,P51G,GF05,2020,70.53,A
BGR,EMDE,P51G,GF06,2020,199.69,A
BGR,EMDE,P51G,GF07,2020,156.3,A
BGR,EMDE,P51G,GF08,2020,58.25,A
BGR,EMDE,P51G,GF09,2020,171.83,A
BGR,EMDE,P51G,GF10,2020,22.19,A
BGR,EMDE,P51G,GF01,2021,166.82,A
BGR,EMDE,P51G,GF02,2021,248.56,A
BGR,EMDE,P51G,GF03,2021,121.48,A
BGR,EMDE,P51G,GF04,2021,198.17,A
BGR,EMDE,P51G,GF05,2021,132.39,A
BGR,EMDE,P51G,GF06,2021,360.51,A
BGR,EMDE,P51G,GF07,2021,185.9,A
BGR,EMDE,P51G,GF08,2021,85.02,A
BGR,EMDE,P51G,GF09,2021,399.9,A
BGR,EMDE,P51G,GF10,2021,34.71,A
BGR,EMDE,P51G,GF01,2022,7.57,A
BGR,EMDE,P51G,GF02,2022,382.13,A
BGR,EMDE,P51G,GF03,2022,146.66,A
BGR,EMDE,P51G,GF04,2022,633.5,A
BGR,EMDE,P51G,GF05,2022,64.51,A
BGR,EMDE,P51G,GF06,2022,370.66,A
BGR,EMDE,P51G,GF07,2022,64.71,A
BGR,EMDE,P51G,GF08,2022,87.28,A
BGR,EMDE,P51G,GF09,2022,241.03,A
BGR,EMDE,P51G,GF10,2022,35.06,A
BGR,EMDE,P51G,GF01,2023,210.39,A
BGR,EMDE,P51G,GF02,2023,396.86,A
BGR,EMDE,P51G,GF03,2023,165.96,A
BGR,EMDE,P51G,GF04,2023,1422.4,A
BGR,EMDE,P51G,GF05,2023,91.24,A
BGR,EMDE,P51G,GF06,2023,614.59,A
BGR,EMDE,P51G,GF07,2023,141.36,A
BGR,EMDE,P51G,GF08,2023,145.82,A
BGR,EMDE,P51G,GF09,2023,385.4,A
BGR,EMDE,P51G,GF10,2023,34.06,A
BGR,EMDE,P51G,GF01,2024,141.88,A
BGR,EMDE,P51G,GF02,2024,125.06,A
BGR,EMDE,P51G,GF03,2024,234.67,A
BGR,EMDE,P51G,GF04,2024,1294.18,A
BGR,EMDE,P51G,GF05,2024,80.22,A
BGR,EMDE,P51G,GF06,2024,656.5,A
BGR,EMDE,P51G,GF07,2024,268.39,A
BGR,EMDE,P51G,GF08,2024,93.64,A
BGR,EMDE,P51G,GF09,2024,381.47,A
BGR,EMDE,P51G,GF10,2024,35.31,A
CHE,AE,P51G,GF01,2000,3481.52,A
CHE,AE,P51G,GF02,2000,1588.42,A
CHE,AE,P51G,GF03,2000,455.21,A
CHE,AE,P51G,GF04,2000,4519.68,A
CHE,AE,P51G,GF05,2000,947.92,A
CHE,AE,P51G,GF06,2000,214.91,A
CHE,AE,P51G,GF07,2000,50.23,A
CHE,AE,P51G,GF08,2000,326.08,A
CHE,AE,P51G,GF09,2000,2037.62,A
CHE,AE,P51G,GF10,2000,64.16,A
CHE,AE,P51G,GF01,2001,3788.57,A
CHE,AE,P51G,GF02,2001,1500.82,A
CHE,AE,P51G,GF03,2001,507.9,A
CHE,AE,P51G,GF04,2001,4644.0,A
CHE,AE,P51G,GF05,2001,934.65,A
CHE,AE,P51G,GF06,2001,223.42,A
CHE,AE,P51G,GF07,2001,51.6,A
CHE,AE,P51G,GF08,2001,566.02,A
CHE,AE,P51G,GF09,2001,2244.56,A
CHE,AE,P51G,GF10,2001,55.72,A
CHE,AE,P51G,GF01,2002,3869.08,A
CHE,AE,P51G,GF02,2002,1491.1,A
CHE,AE,P51G,GF03,2002,513.09,A
CHE,AE,P51G,GF04,2002,4590.42,A
CHE,AE,P51G,GF05,2002,905.69,A
CHE,AE,P51G,GF06,2002,227.68,A
CHE,AE,P51G,GF07,2002,54.9,A
CHE,AE,P51G,GF08,2002,560.57,A
CHE,AE,P51G,GF09,2002,2553.52,A
CHE,AE,P51G,GF10,2002,83.0,A
CHE,AE,P51G,GF01,2003,4053.72,A
CHE,AE,P51G,GF02,2003,1342.36,A
CHE,AE,P51G,GF03,2003,511.6,A
CHE,AE,P51G,GF04,2003,4599.9,A
CHE,AE,P51G,GF05,2003,884.45,A
CHE,AE,P51G,GF06,2003,217.86,A
CHE,AE,P51G,GF07,2003,47.59,A
CHE,AE,P51G,GF08,2003,583.41,A
CHE,AE,P51G,GF09,2003,2555.67,A
CHE,AE,P51G,GF10,2003,93.01,A
CHE,AE,P51G,GF01,2004,4103.83,A
CHE,AE,P51G,GF02,2004,1483.59,A
CHE,AE,P51G,GF03,2004,468.07,A
CHE,AE,P51G,GF04,2004,4681.61,A
CHE,AE,P51G,GF05,2004,788.32,A
CHE,AE,P51G,GF06,2004,228.09,A
CHE,AE,P51G,GF07,2004,39.74,A
CHE,AE,P51G,GF08,2004,655.0,A
CHE,AE,P51G,GF09,2004,2405.42,A
CHE,AE,P51G,GF10,2004,106.21,A
CHE,AE,P51G,GF01,2005,4190.93,A
CHE,AE,P51G,GF02,2005,1426.19,A
CHE,AE,P51G,GF03,2005,447.25,A
CHE,AE,P51G,GF04,2005,4500.68,A
CHE,AE,P51G,GF05,2005,807.9,A
CHE,AE,P51G,GF06,2005,240.16,A
CHE,AE,P51G,GF07,2005,37.28,A
CHE,AE,P51G,GF08,2005,647.19,A
CHE,AE,P51G,GF09,2005,2436.19,A
CHE,AE,P51G,GF10,2005,77.56,A
CHE,AE,P51G,GF01,2006,4492.52,A
CHE,AE,P51G,GF02,2006,1261.85,A
CHE,AE,P51G,GF03,2006,470.0,A
CHE,AE,P51G,GF04,2006,4634.11,A
CHE,AE,P51G,GF05,2006,826.33,A
CHE,AE,P51G,GF06,2006,265.75,A
CHE,AE,P51G,GF07,2006,37.46,A
CHE,AE,P51G,GF08,2006,686.66,A
CHE,AE,P51G,GF09,2006,2290.58,A
CHE,AE,P51G,GF10,2006,88.11,A
CHE,AE,P51G,GF01,2007,4813.08,A
CHE,AE,P51G,GF02,2007,1344.77,A
CHE,AE,P51G,GF03,2007,466.38,A
CHE,AE,P51G,GF04,2007,4746.75,A
CHE,AE,P51G,GF05,2007,840.66,A
CHE,AE,P51G,GF06,2007,251.57,A
CHE,AE,P51G,GF07,2007,46.76,A
CHE,AE,P51G,GF08,2007,765.64,A
CHE,AE,P51G,GF09,2007,2197.05,A
CHE,AE,P51G,GF10,2007,63.27,A
CHE,AE,P51G,GF01,2008,5236.99,A
CHE,AE,P51G,GF02,2008,1450.11,A
CHE,AE,P51G,GF03,2008,534.2,A
CHE,AE,P51G,GF04,2008,5178.59,A
CHE,AE,P51G,GF05,2008,262.57,A
CHE,AE,P51G,GF06,2008,405.03,A
CHE,AE,P51G,GF07,2008,318.25,A
CHE,AE,P51G,GF08,2008,757.24,A
CHE,AE,P51G,GF09,2008,2325.38,A
CHE,AE,P51G,GF10,2008,135.67,A
CHE,AE,P51G,GF01,2009,5443.04,A
CHE,AE,P51G,GF02,2009,1325.55,A
CHE,AE,P51G,GF03,2009,597.53,A
CHE,AE,P51G,GF04,2009,5551.92,A
CHE,AE,P51G,GF05,2009,644.39,A
CHE,AE,P51G,GF06,2009,371.84,A
CHE,AE,P51G,GF07,2009,283.06,A
CHE,AE,P51G,GF08,2009,789.84,A
CHE,AE,P51G,GF09,2009,2475.12,A
CHE,AE,P51G,GF10,2009,174.87,A
CHE,AE,P51G,GF01,2010,5820.76,A
CHE,AE,P51G,GF02,2010,1190.01,A
CHE,AE,P51G,GF03,2010,618.45,A
CHE,AE,P51G,GF04,2010,5621.53,A
CHE,AE,P51G,GF05,2010,722.27,A
CHE,AE,P51G,GF06,2010,437.71,A
CHE,AE,P51G,GF07,2010,287.19,A
CHE,AE,P51G,GF08,2010,783.09,A
CHE,AE,P51G,GF09,2010,2535.39,A
CHE,AE,P51G,GF10,2010,199.69,A
CHE,AE,P51G,GF01,2011,6079.6,A
CHE,AE,P51G,GF02,2011,1390.65,A
CHE,AE,P51G,GF03,2011,726.14,A
CHE,AE,P51G,GF04,2011,5571.07,A
CHE,AE,P51G,GF05,2011,732.35,A
CHE,AE,P51G,GF06,2011,433.98,A
CHE,AE,P51G,GF07,2011,250.57,A
CHE,AE,P51G,GF08,2011,775.43,A
CHE,AE,P51G,GF09,2011,2660.64,A
CHE,AE,P51G,GF10,2011,174.92,A
CHE,AE,P51G,GF01,2012,6838.36,A
CHE,AE,P51G,GF02,2012,1284.17,A
CHE,AE,P51G,GF03,2012,647.83,A
CHE,AE,P51G,GF04,2012,5497.97,A
CHE,AE,P51G,GF05,2012,704.64,A
CHE,AE,P51G,GF06,2012,452.67,A
CHE,AE,P51G,GF07,2012,128.18,A
CHE,AE,P51G,GF08,2012,669.18,A
CHE,AE,P51G,GF09,2012,2667.04,A
CHE,AE,P51G,GF10,2012,182.22,A
CHE,AE,P51G,GF01,2013,6840.22,A
CHE,AE,P51G,GF02,2013,1338.69,A
CHE,AE,P51G,GF03,2013,640.73,A
CHE,AE,P51G,GF04,2013,5319.68,A
CHE,AE,P51G,GF05,2013,776.75,A
CHE,AE,P51G,GF06,2013,459.46,A
CHE,AE,P51G,GF07,2013,174.17,A
CHE,AE,P51G,GF08,2013,745.62,A
CHE,AE,P51G,GF09,2013,2830.72,A
CHE,AE,P51G,GF10,2013,142.96,A
CHE,AE,P51G,GF01,2014,7182.14,A
CHE,AE,P51G,GF02,2014,1113.08,A
CHE,AE,P51G,GF03,2014,602.09,A
CHE,AE,P51G,GF04,2014,5385.1,A
CHE,AE,P51G,GF05,2014,727.91,A
CHE,AE,P51G,GF06,2014,444.75,A
CHE,AE,P51G,GF07,2014,226.93,A
CHE,AE,P51G,GF08,2014,878.78,A
CHE,AE,P51G,GF09,2014,3187.62,A
CHE,AE,P51G,GF10,2014,147.55,A
CHE,AE,P51G,GF01,2015,7441.07,A
CHE,AE,P51G,GF02,2015,1168.82,A
CHE,AE,P51G,GF03,2015,562.78,A
CHE,AE,P51G,GF04,2015,5271.61,A
CHE,AE,P51G,GF05,2015,693.21,A
CHE,AE,P51G,GF06,2015,474.49,A
CHE,AE,P51G,GF07,2015,196.12,A
CHE,AE,P51G,GF08,2015,783.17,A
CHE,AE,P51G,GF09,2015,3358.57,A
CHE,AE,P51G,GF10,2015,186.23,A
CHE,AE,P51G,GF01,2016,7421.42,A
CHE,AE,P51G,GF02,2016,1361.1,A
CHE,AE,P51G,GF03,2016,526.28,A
CHE,AE,P51G,GF04,2016,5076.28,A
CHE,AE,P51G,GF05,2016,706.29,A
CHE,AE,P51G,GF06,2016,426.38,A
CHE,AE,P51G,GF07,2016,283.06,A
CHE,AE,P51G,GF08,2016,720.44,A
CHE,AE,P51G,GF09,2016,3470.56,A
CHE,AE,P51G,GF10,2016,118.61,A
CHE,AE,P51G,GF01,2017,8301.32,A
CHE,AE,P51G,GF02,2017,1501.84,A
CHE,AE,P51G,GF03,2017,533.81,A
CHE,AE,P51G,GF04,2017,5075.06,A
CHE,AE,P51G,GF05,2017,719.92,A
CHE,AE,P51G,GF06,2017,425.38,A
CHE,AE,P51G,GF07,2017,-145.97,A
CHE,AE,P51G,GF08,2017,867.56,A
CHE,AE,P51G,GF09,2017,3395.98,A
CHE,AE,P51G,GF10,2017,117.09,A
CHE,AE,P51G,GF01,2018,8108.1,A
CHE,AE,P51G,GF02,2018,1541.85,A
CHE,AE,P51G,GF03,2018,647.42,A
CHE,AE,P51G,GF04,2018,5174.38,A
CHE,AE,P51G,GF05,2018,682.8,A
CHE,AE,P51G,GF06,2018,470.21,A
CHE,AE,P51G,GF07,2018,197.37,A
CHE,AE,P51G,GF08,2018,932.0,A
CHE,AE,P51G,GF09,2018,3533.96,A
CHE,AE,P51G,GF10,2018,122.99,A
CHE,AE,P51G,GF01,2019,8274.14,A
CHE,AE,P51G,GF02,2019,1791.52,A
CHE,AE,P51G,GF03,2019,680.71,A
CHE,AE,P51G,GF04,2019,5500.88,A
CHE,AE,P51G,GF05,2019,746.22,A
CHE,AE,P51G,GF06,2019,509.27,A
CHE,AE,P51G,GF07,2019,214.55,A
CHE,AE,P51G,GF08,2019,946.22,A
CHE,AE,P51G,GF09,2019,3548.47,A
CHE,AE,P51G,GF10,2019,241.5,A
CHE,AE,P51G,GF01,2020,8481.93,A
CHE,AE,P51G,GF02,2020,2007.67,A
CHE,AE,P51G,GF03,2020,672.03,A
CHE,AE,P51G,GF04,2020,5797.38,A
CHE,AE,P51G,GF05,2020,794.0,A
CHE,AE,P51G,GF06,2020,525.73,A
CHE,AE,P51G,GF07,2020,188.75,A
CHE,AE,P51G,GF08,2020,989.78,A
CHE,AE,P51G,GF09,2020,3797.66,A
CHE,AE,P51G,GF10,2020,217.79,A
CHE,AE,P51G,GF01,2021,8656.4,A
CHE,AE,P51G,GF02,2021,1658.38,A
CHE,AE,P51G,GF03,2021,632.98,A
CHE,AE,P51G,GF04,2021,5901.1,A
CHE,AE,P51G,GF05,2021,797.69,A
CHE,AE,P51G,GF06,2021,507.41,A
CHE,AE,P51G,GF07,2021,191.86,A
CHE,AE,P51G,GF08,2021,973.28,A
CHE,AE,P51G,GF09,2021,3561.46,A
CHE,AE,P51G,GF10,2021,217.86,A
CHE,AE,P51G,GF01,2022,8918.03,A
CHE,AE,P51G,GF02,2022,2086.64,A
CHE,AE,P51G,GF03,2022,816.7,A
CHE,AE,P51G,GF04,2022,5971.1,A
CHE,AE,P51G,GF05,2022,765.16,A
CHE,AE,P51G,GF06,2022,547.52,A
CHE,AE,P51G,GF07,2022,-89.32,A
CHE,AE,P51G,GF08,2022,819.81,A
CHE,AE,P51G,GF09,2022,3581.51,A
CHE,AE,P51G,GF10,2022,260.16,A
CHE,AE,P51G,GF01,2023,9246.18,A
CHE,AE,P51G,GF02,2023,2487.42,A
CHE,AE,P51G,GF03,2023,876.56,A
CHE,AE,P51G,GF04,2023,6530.8,A
CHE,AE,P51G,GF05,2023,740.57,A
CHE,AE,P51G,GF06,2023,556.13,A
CHE,AE,P51G,GF07,2023,210.42,A
CHE,AE,P51G,GF08,2023,955.7,A
CHE,AE,P51G,GF09,2023,4414.39,A
CHE,AE,P51G,GF10,2023,301.95,A
CHE,AE,P51G,GF01,2024,9455.51,A
CHE,AE,P51G,GF02,2024,2305.18,A
CHE,AE,P51G,GF03,2024,871.4,A
CHE,AE,P51G,GF04,2024,6404.65,A
CHE,AE,P51G,GF05,2024,799.43,A
CHE,AE,P51G,GF06,2024,554.62,A
CHE,AE,P51G,GF07,2024,103.8,A
CHE,AE,P51G,GF08,2024,943.95,A
CHE,AE,P51G,GF09,2024,4361.85,A
CHE,AE,P51G,GF10,2024,311.27,A
COL,EMDE,P51G,GF01,2009,496000.0,A
COL,EMDE,P51G,GF02,2009,306000.0,A
COL,EMDE,P51G,GF03,2009,949000.0,A
COL,EMDE,P51G,GF04,2009,9993000.0,A
COL,EMDE,P51G,GF05,2009,1013000.0,A
COL,EMDE,P51G,GF06,2009,490000.0,A
COL,EMDE,P51G,GF07,2009,119000.0,A
COL,EMDE,P51G,GF08,2009,1302000.0,A
COL,EMDE,P51G,GF09,2009,1219000.0,A
COL,EMDE,P51G,GF10,2009,237000.0,A
COL,EMDE,P51G,GF01,2010,587000.0,A
COL,EMDE,P51G,GF02,2010,377000.0,A
COL,EMDE,P51G,GF03,2010,900000.0,A
COL,EMDE,P51G,GF04,2010,7995000.0,A
COL,EMDE,P51G,GF05,2010,1078000.0,A
COL,EMDE,P51G,GF06,2010,421000.0,A
COL,EMDE,P51G,GF07,2010,207000.0,A
COL,EMDE,P51G,GF08,2010,1118000.0,A
COL,EMDE,P51G,GF09,2010,1482000.0,A
COL,EMDE,P51G,GF10,2010,281000.0,A
COL,EMDE,P51G,GF01,2011,875000.0,A
COL,EMDE,P51G,GF02,2011,155000.0,A
COL,EMDE,P51G,GF03,2011,604000.0,A
COL,EMDE,P51G,GF04,2011,12210000.0,A
COL,EMDE,P51G,GF05,2011,1128000.0,A
COL,EMDE,P51G,GF06,2011,640000.0,A
COL,EMDE,P51G,GF07,2011,394000.0,A
COL,EMDE,P51G,GF08,2011,1472000.0,A
COL,EMDE,P51G,GF09,2011,1888000.0,A
COL,EMDE,P51G,GF10,2011,554000.0,A
COL,EMDE,P51G,GF01,2012,1066000.0,A
COL,EMDE,P51G,GF02,2012,183000.0,A
COL,EMDE,P51G,GF03,2012,697000.0,A
COL,EMDE,P51G,GF04,2012,14785000.0,A
COL,EMDE,P51G,GF05,2012,1109000.0,A
COL,EMDE,P51G,GF06,2012,759000.0,A
COL,EMDE,P51G,GF07,2012,536000.0,A
COL,EMDE,P51G,GF08,2012,1711000.0,A
COL,EMDE,P51G,GF09,2012,2261000.0,A
COL,EMDE,P51G,GF10,2012,661000.0,A
COL,EMDE,P51G,GF01,2013,1017000.0,A
COL,EMDE,P51G,GF02,2013,122000.0,A
COL,EMDE,P51G,GF03,2013,852000.0,A
COL,EMDE,P51G,GF04,2013,17588000.0,A
COL,EMDE,P51G,GF05,2013,1432000.0,A
COL,EMDE,P51G,GF06,2013,659000.0,A
COL,EMDE,P51G,GF07,2013,438000.0,A
COL,EMDE,P51G,GF08,2013,1989000.0,A
COL,EMDE,P51G,GF09,2013,2083000.0,A
COL,EMDE,P51G,GF10,2013,528000.0,A
COL,EMDE,P51G,GF01,2014,984000.0,A
COL,EMDE,P51G,GF02,2014,273000.0,A
COL,EMDE,P51G,GF03,2014,664000.0,A
COL,EMDE,P51G,GF04,2014,18274000.0,A
COL,EMDE,P51G,GF05,2014,1709000.0,A
COL,EMDE,P51G,GF06,2014,690000.0,A
COL,EMDE,P51G,GF07,2014,410000.0,A
COL,EMDE,P51G,GF08,2014,2401000.0,A
COL,EMDE,P51G,GF09,2014,1900000.0,A
COL,EMDE,P51G,GF10,2014,497000.0,A
COL,EMDE,P51G,GF01,2015,1053000.0,A
COL,EMDE,P51G,GF02,2015,466000.0,A
COL,EMDE,P51G,GF03,2015,459000.0,A
COL,EMDE,P51G,GF04,2015,17046000.0,A
COL,EMDE,P51G,GF05,2015,2391000.0,A
COL,EMDE,P51G,GF06,2015,786000.0,A
COL,EMDE,P51G,GF07,2015,487000.0,A
COL,EMDE,P51G,GF08,2015,2889000.0,A
COL,EMDE,P51G,GF09,2015,2062000.0,A
COL,EMDE,P51G,GF10,2015,542000.0,A
COL,EMDE,P51G,GF01,2016,1549000.0,A
COL,EMDE,P51G,GF02,2016,676000.0,A
COL,EMDE,P51G,GF03,2016,458000.0,A
COL,EMDE,P51G,GF04,2016,18100000.0,A
COL,EMDE,P51G,GF05,2016,1926000.0,A
COL,EMDE,P51G,GF06,2016,891000.0,A
COL,EMDE,P51G,GF07,2016,549000.0,A
COL,EMDE,P51G,GF08,2016,2937000.0,A
COL,EMDE,P51G,GF09,2016,2303000.0,A
COL,EMDE,P51G,GF10,2016,619000.0,A
COL,EMDE,P51G,GF01,2017,1986000.0,A
COL,EMDE,P51G,GF02,2017,682000.0,A
COL,EMDE,P51G,GF03,2017,569000.0,A
COL,EMDE,P51G,GF04,2017,17064000.0,A
COL,EMDE,P51G,GF05,2017,2070000.0,A
COL,EMDE,P51G,GF06,2017,900000.0,A
COL,EMDE,P51G,GF07,2017,450000.0,A
COL,EMDE,P51G,GF08,2017,3105000.0,A
COL,EMDE,P51G,GF09,2017,2403000.0,A
COL,EMDE,P51G,GF10,2017,738000.0,A
COL,EMDE,P51G,GF01,2018,2188409.0,A
COL,EMDE,P51G,GF02,2018,832321.0,A
COL,EMDE,P51G,GF03,2018,1430801.0,A
COL,EMDE,P51G,GF04,2018,19260743.0,A
COL,EMDE,P51G,GF05,2018,2177929.0,A
COL,EMDE,P51G,GF06,2018,1620151.0,A
COL,EMDE,P51G,GF07,2018,1087852.0,A
COL,EMDE,P51G,GF08,2018,4680043.0,A
COL,EMDE,P51G,GF09,2018,2623389.0,A
COL,EMDE,P51G,GF10,2018,649276.0,A
COL,EMDE,P51G,GF01,2019,2664000.0,A
COL,EMDE,P51G,GF02,2019,1065000.0,A
COL,EMDE,P51G,GF03,2019,1121000.0,A
COL,EMDE,P51G,GF04,2019,18944000.0,A
COL,EMDE,P51G,GF05,2019,2385000.0,A
COL,EMDE,P51G,GF06,2019,1775000.0,A
COL,EMDE,P51G,GF07,2019,961000.0,A
COL,EMDE,P51G,GF08,2019,5075000.0,A
COL,EMDE,P51G,GF09,2019,2274000.0,A
COL,EMDE,P51G,GF10,2019,419000.0,A
COL,EMDE,P51G,GF01,2020,1593000.0,A
COL,EMDE,P51G,GF02,2020,754000.0,A
COL,EMDE,P51G,GF03,2020,1160000.0,A
COL,EMDE,P51G,GF04,2020,13256000.0,A
COL,EMDE,P51G,GF05,2020,1555000.0,A
COL,EMDE,P51G,GF06,2020,1910000.0,A
COL,EMDE,P51G,GF07,2020,762000.0,A
COL,EMDE,P51G,GF08,2020,4365000.0,A
COL,EMDE,P51G,GF09,2020,1894000.0,A
COL,EMDE,P51G,GF10,2020,279000.0,A
COL,EMDE,P51G,GF01,2021,1800000.0,A
COL,EMDE,P51G,GF02,2021,622000.0,A
COL,EMDE,P51G,GF03,2021,1184000.0,A
COL,EMDE,P51G,GF04,2021,14783000.0,A
COL,EMDE,P51G,GF05,2021,2222000.0,A
COL,EMDE,P51G,GF06,2021,1735000.0,A
COL,EMDE,P51G,GF07,2021,835000.0,A
COL,EMDE,P51G,GF08,2021,3120000.0,A
COL,EMDE,P51G,GF09,2021,1471000.0,A
COL,EMDE,P51G,GF10,2021,785000.0,A
COL,EMDE,P51G,GF01,2022,1816000.0,A
COL,EMDE,P51G,GF02,2022,1624000.0,A
COL,EMDE,P51G,GF03,2022,1109000.0,A
COL,EMDE,P51G,GF04,2022,22695000.0,A
COL,EMDE,P51G,GF05,2022,2419000.0,A
COL,EMDE,P51G,GF06,2022,1897000.0,A
COL,EMDE,P51G,GF07,2022,857000.0,A
COL,EMDE,P51G,GF08,2022,4070000.0,A
COL,EMDE,P51G,GF09,2022,1650000.0,A
COL,EMDE,P51G,GF10,2022,1148000.0,A
COL,EMDE,P51G,GF01,2023,2599000.0,A
COL,EMDE,P51G,GF02,2023,1586000.0,A
COL,EMDE,P51G,GF03,2023,1909000.0,A
COL,EMDE,P51G,GF04,2023,28202000.0,A
COL,EMDE,P51G,GF05,2023,3155000.0,A
COL,EMDE,P51G,GF06,2023,2305000.0,A
COL,EMDE,P51G,GF07,2023,1411000.0,A
COL,EMDE,P51G,GF08,2023,4508000.0,A
COL,EMDE,P51G,GF09,2023,1973000.0,A
COL,EMDE,P51G,GF10,2023,1089000.0,A
COL,EMDE,P51G,GF01,2024,2599000.0,A
COL,EMDE,P51G,GF02,2024,1586000.0,A
COL,EMDE,P51G,GF03,2024,1909000.0,A
COL,EMDE,P51G,GF04,2024,28202000.0,A
COL,EMDE,P51G,GF05,2024,3155000.0,A
COL,EMDE,P51G,GF06,2024,2305000.0,A
COL,EMDE,P51G,GF07,2024,1411000.0,A
COL,EMDE,P51G,GF08,2024,4508000.0,A
COL,EMDE,P51G,GF09,2024,1973000.0,A
COL,EMDE,P51G,GF10,2024,1089000.0,A
CRI,EMDE,P51G,GF01,2012,0.0,A
CRI,EMDE,P51G,GF02,2012,0.0,A
CRI,EMDE,P51G,GF03,2012,0.0,A
CRI,EMDE,P51G,GF04,2012,0.0,A
CRI,EMDE,P51G,GF05,2012,0.0,A
CRI,EMDE,P51G,GF06,2012,0.0,A
CRI,EMDE,P51G,GF07,2012,0.0,A
CRI,EMDE,P51G,GF08,2012,0.0,A
CRI,EMDE,P51G,GF09,2012,0.0,A
CRI,EMDE,P51G,GF10,2012,0.0,A
CRI,EMDE,P51G,GF01,2013,0.0,A
CRI,EMDE,P51G,GF02,2013,0.0,A
CRI,EMDE,P51G,GF03,2013,0.0,A
CRI,EMDE,P51G,GF04,2013,0.0,A
CRI,EMDE,P51G,GF05,2013,0.0,A
CRI,EMDE,P51G,GF06,2013,0.0,A
CRI,EMDE,P51G,GF07,2013,0.0,A
CRI,EMDE,P51G,GF08,2013,0.0,A
CRI,EMDE,P51G,GF09,2013,0.0,A
CRI,EMDE,P51G,GF10,2013,0.0,A
CRI,EMDE,P51G,GF01,2014,0.0,A
CRI,EMDE,P51G,GF02,2014,0.0,A
CRI,EMDE,P51G,GF03,2014,0.0,A
CRI,EMDE,P51G,GF04,2014,0.0,A
CRI,EMDE,P51G,GF05,2014,0.0,A
CRI,EMDE,P51G,GF06,2014,0.0,A
CRI,EMDE,P51G,GF07,2014,0.0,A
CRI,EMDE,P51G,GF08,2014,0.0,A
CRI,EMDE,P51G,GF09,2014,0.0,A
CRI,EMDE,P51G,GF10,2014,0.0,A
CRI,EMDE,P51G,GF01,2015,0.0,A
CRI,EMDE,P51G,GF02,2015,0.0,A
CRI,EMDE,P51G,GF03,2015,0.0,A
CRI,EMDE,P51G,GF04,2015,0.0,A
CRI,EMDE,P51G,GF05,2015,0.0,A
CRI,EMDE,P51G,GF06,2015,0.0,A
CRI,EMDE,P51G,GF07,2015,0.0,A
CRI,EMDE,P51G,GF08,2015,0.0,A
CRI,EMDE,P51G,GF09,2015,0.0,A
CRI,EMDE,P51G,GF10,2015,0.0,A
CRI,EMDE,P51G,GF01,2016,0.0,A
CRI,EMDE,P51G,GF02,2016,0.0,A
CRI,EMDE,P51G,GF03,2016,0.0,A
CRI,EMDE,P51G,GF04,2016,0.0,A
CRI,EMDE,P51G,GF05,2016,0.0,A
CRI,EMDE,P51G,GF06,2016,0.0,A
CRI,EMDE,P51G,GF07,2016,0.0,A
CRI,EMDE,P51G,GF08,2016,0.0,A
CRI,EMDE,P51G,GF09,2016,0.0,A
CRI,EMDE,P51G,GF10,2016,0.0,A
CRI,EMDE,P51G,GF01,2017,0.0,A
CRI,EMDE,P51G,GF02,2017,0.0,A
CRI,EMDE,P51G,GF03,2017,0.0,A
CRI,EMDE,P51G,GF04,2017,0.0,A
CRI,EMDE,P51G,GF05,2017,0.0,A
CRI,EMDE,P51G,GF06,2017,0.0,A
CRI,EMDE,P51G,GF07,2017,0.0,A
CRI,EMDE,P51G,GF08,2017,0.0,A
CRI,EMDE,P51G,GF09,2017,0.0,A
CRI,EMDE,P51G,GF10,2017,0.0,A
CRI,EMDE,P51G,GF01,2018,0.0,A
CRI,EMDE,P51G,GF02,2018,0.0,A
CRI,EMDE,P51G,GF03,2018,0.0,A
CRI,EMDE,P51G,GF04,2018,0.0,A
CRI,EMDE,P51G,GF05,2018,0.0,A
CRI,EMDE,P51G,GF06,2018,0.0,A
CRI,EMDE,P51G,GF07,2018,0.0,A
CRI,EMDE,P51G,GF08,2018,0.0,A
CRI,EMDE,P51G,GF09,2018,0.0,A
CRI,EMDE,P51G,GF10,2018,0.0,A
CRI,EMDE,P51G,GF01,2019,0.0,A
CRI,EMDE,P51G,GF02,2019,0.0,A
CRI,EMDE,P51G,GF03,2019,0.0,A
CRI,EMDE,P51G,GF04,2019,0.0,A
CRI,EMDE,P51G,GF05,2019,0.0,A
CRI,EMDE,P51G,GF06,2019,0.0,A
CRI,EMDE,P51G,GF07,2019,0.0,A
CRI,EMDE,P51G,GF08,2019,0.0,A
CRI,EMDE,P51G,GF09,2019,0.0,A
CRI,EMDE,P51G,GF10,2019,0.0,A
CRI,EMDE,P51G,GF01,2020,0.0,A
CRI,EMDE,P51G,GF02,2020,0.0,A
CRI,EMDE,P51G,GF03,2020,0.0,A
CRI,EMDE,P51G,GF04,2020,0.0,A
CRI,EMDE,P51G,GF05,2020,0.0,A
CRI,EMDE,P51G,GF06,2020,0.0,A
CRI,EMDE,P51G,GF07,2020,0.0,A
CRI,EMDE,P51G,GF08,2020,0.0,A
CRI,EMDE,P51G,GF09,2020,0.0,A
CRI,EMDE,P51G,GF10,2020,0.0,A
CRI,EMDE,P51G,GF01,2021,0.0,A
CRI,EMDE,P51G,GF02,2021,0.0,A
CRI,EMDE,P51G,GF03,2021,0.0,A
CRI,EMDE,P51G,GF04,2021,0.0,A
CRI,EMDE,P51G,GF05,2021,0.0,A
CRI,EMDE,P51G,GF06,2021,0.0,A
CRI,EMDE,P51G,GF07,2021,0.0,A
CRI,EMDE,P51G,GF08,2021,0.0,A
CRI,EMDE,P51G,GF09,2021,0.0,A
CRI,EMDE,P51G,GF10,2021,0.0,A
CRI,EMDE,P51G,GF01,2022,0.0,A
CRI,EMDE,P51G,GF02,2022,0.0,A
CRI,EMDE,P51G,GF03,2022,0.0,A
CRI,EMDE,P51G,GF04,2022,0.0,A
CRI,EMDE,P51G,GF05,2022,0.0,A
CRI,EMDE,P51G,GF06,2022,0.0,A
CRI,EMDE,P51G,GF07,2022,0.0,A
CRI,EMDE,P51G,GF08,2022,0.0,A
CRI,EMDE,P51G,GF09,2022,0.0,A
CRI,EMDE,P51G,GF10,2022,0.0,A
CZE,AE,P51G,GF01,2000,1491.0,A
CZE,AE,P51G,GF02,2000,10696.0,A
CZE,AE,P51G,GF03,2000,3182.0,A
CZE,AE,P51G,GF04,2000,36355.0,A
CZE,AE,P51G,GF05,2000,8589.0,A
CZE,AE,P51G,GF06,2000,5682.0,A
CZE,AE,P51G,GF07,2000,10444.0,A
CZE,AE,P51G,GF08,2000,7729.0,A
CZE,AE,P51G,GF09,2000,20569.0,A
CZE,AE,P51G,GF10,2000,4365.0,A
CZE,AE,P51G,GF01,2001,630.0,A
CZE,AE,P51G,GF02,2001,10261.0,A
CZE,AE,P51G,GF03,2001,2844.0,A
CZE,AE,P51G,GF04,2001,39981.0,A
CZE,AE,P51G,GF05,2001,9786.0,A
CZE,AE,P51G,GF06,2001,-3468.0,A
CZE,AE,P51G,GF07,2001,11901.0,A
CZE,AE,P51G,GF08,2001,6881.0,A
CZE,AE,P51G,GF09,2001,22529.0,A
CZE,AE,P51G,GF10,2001,4829.0,A
CZE,AE,P51G,GF01,2002,924.0,A
CZE,AE,P51G,GF02,2002,7602.0,A
CZE,AE,P51G,GF03,2002,3997.0,A
CZE,AE,P51G,GF04,2002,34193.0,A
CZE,AE,P51G,GF05,2002,10466.0,A
CZE,AE,P51G,GF06,2002,-11714.0,A
CZE,AE,P51G,GF07,2002,13362.0,A
CZE,AE,P51G,GF08,2002,9116.0,A
CZE,AE,P51G,GF09,2002,30624.0,A
CZE,AE,P51G,GF10,2002,10226.0,A
CZE,AE,P51G,GF01,2003,2176.0,A
CZE,AE,P51G,GF02,2003,13111.0,A
CZE,AE,P51G,GF03,2003,6474.0,A
CZE,AE,P51G,GF04,2003,118832.0,A
CZE,AE,P51G,GF05,2003,15344.0,A
CZE,AE,P51G,GF06,2003,-2673.0,A
CZE,AE,P51G,GF07,2003,12297.0,A
CZE,AE,P51G,GF08,2003,9701.0,A
CZE,AE,P51G,GF09,2003,31800.0,A
CZE,AE,P51G,GF10,2003,8394.0,A
CZE,AE,P51G,GF01,2004,3676.0,A
CZE,AE,P51G,GF02,2004,6204.0,A
CZE,AE,P51G,GF03,2004,5453.0,A
CZE,AE,P51G,GF04,2004,69155.0,A
CZE,AE,P51G,GF05,2004,14787.0,A
CZE,AE,P51G,GF06,2004,-3503.0,A
CZE,AE,P51G,GF07,2004,12558.0,A
CZE,AE,P51G,GF08,2004,11026.0,A
CZE,AE,P51G,GF09,2004,28994.0,A
CZE,AE,P51G,GF10,2004,5279.0,A
CZE,AE,P51G,GF01,2005,-2063.0,A
CZE,AE,P51G,GF02,2005,15461.0,A
CZE,AE,P51G,GF03,2005,5902.0,A
CZE,AE,P51G,GF04,2005,82449.0,A
CZE,AE,P51G,GF05,2005,16369.0,A
CZE,AE,P51G,GF06,2005,-7102.0,A
CZE,AE,P51G,GF07,2005,10801.0,A
CZE,AE,P51G,GF08,2005,11273.0,A
CZE,AE,P51G,GF09,2005,31958.0,A
CZE,AE,P51G,GF10,2005,4914.0,A
CZE,AE,P51G,GF01,2006,-6748.0,A
CZE,AE,P51G,GF02,2006,7292.0,A
CZE,AE,P51G,GF03,2006,6096.0,A
CZE,AE,P51G,GF04,2006,92608.0,A
CZE,AE,P51G,GF05,2006,16688.0,A
CZE,AE,P51G,GF06,2006,-6383.0,A
CZE,AE,P51G,GF07,2006,12712.0,A
CZE,AE,P51G,GF08,2006,14731.0,A
CZE,AE,P51G,GF09,2006,37293.0,A
CZE,AE,P51G,GF10,2006,5606.0,A
CZE,AE,P51G,GF01,2007,10583.0,A
CZE,AE,P51G,GF02,2007,9208.0,A
CZE,AE,P51G,GF03,2007,6006.0,A
CZE,AE,P51G,GF04,2007,94971.0,A
CZE,AE,P51G,GF05,2007,16051.0,A
CZE,AE,P51G,GF06,2007,-17640.0,A
CZE,AE,P51G,GF07,2007,9305.0,A
CZE,AE,P51G,GF08,2007,14351.0,A
CZE,AE,P51G,GF09,2007,25250.0,A
CZE,AE,P51G,GF10,2007,5834.0,A
CZE,AE,P51G,GF01,2008,9224.0,A
CZE,AE,P51G,GF02,2008,4275.0,A
CZE,AE,P51G,GF03,2008,5529.0,A
CZE,AE,P51G,GF04,2008,120547.0,A
CZE,AE,P51G,GF05,2008,15259.0,A
CZE,AE,P51G,GF06,2008,-12080.0,A
CZE,AE,P51G,GF07,2008,14670.0,A
CZE,AE,P51G,GF08,2008,13154.0,A
CZE,AE,P51G,GF09,2008,27801.0,A
CZE,AE,P51G,GF10,2008,5404.0,A
CZE,AE,P51G,GF01,2009,10718.0,A
CZE,AE,P51G,GF02,2009,5368.0,A
CZE,AE,P51G,GF03,2009,5760.0,A
CZE,AE,P51G,GF04,2009,123684.0,A
CZE,AE,P51G,GF05,2009,16876.0,A
CZE,AE,P51G,GF06,2009,-3249.0,A
CZE,AE,P51G,GF07,2009,19431.0,A
CZE,AE,P51G,GF08,2009,19390.0,A
CZE,AE,P51G,GF09,2009,29927.0,A
CZE,AE,P51G,GF10,2009,5576.0,A
CZE,AE,P51G,GF01,2010,7013.0,A
CZE,AE,P51G,GF02,2010,7407.0,A
CZE,AE,P51G,GF03,2010,5084.0,A
CZE,AE,P51G,GF04,2010,98333.0,A
CZE,AE,P51G,GF05,2010,18757.0,A
CZE,AE,P51G,GF06,2010,-5278.0,A
CZE,AE,P51G,GF07,2010,15015.0,A
CZE,AE,P51G,GF08,2010,18524.0,A
CZE,AE,P51G,GF09,2010,29979.0,A
CZE,AE,P51G,GF10,2010,6495.0,A
CZE,AE,P51G,GF01,2011,8489.0,A
CZE,AE,P51G,GF02,2011,5852.0,A
CZE,AE,P51G,GF03,2011,4642.0,A
CZE,AE,P51G,GF04,2011,76293.0,A
CZE,AE,P51G,GF05,2011,20288.0,A
CZE,AE,P51G,GF06,2011,-459.0,A
CZE,AE,P51G,GF07,2011,14618.0,A
CZE,AE,P51G,GF08,2011,14894.0,A
CZE,AE,P51G,GF09,2011,27693.0,A
CZE,AE,P51G,GF10,2011,5956.0,A
CZE,AE,P51G,GF01,2012,13853.0,A
CZE,AE,P51G,GF02,2012,7337.0,A
CZE,AE,P51G,GF03,2012,5383.0,A
CZE,AE,P51G,GF04,2012,60622.0,A
CZE,AE,P51G,GF05,2012,20218.0,A
CZE,AE,P51G,GF06,2012,940.0,A
CZE,AE,P51G,GF07,2012,14308.0,A
CZE,AE,P51G,GF08,2012,12810.0,A
CZE,AE,P51G,GF09,2012,27881.0,A
CZE,AE,P51G,GF10,2012,5230.0,A
CZE,AE,P51G,GF01,2013,18765.0,A
CZE,AE,P51G,GF02,2013,4302.0,A
CZE,AE,P51G,GF03,2013,5091.0,A
CZE,AE,P51G,GF04,2013,49876.0,A
CZE,AE,P51G,GF05,2013,16216.0,A
CZE,AE,P51G,GF06,2013,5711.0,A
CZE,AE,P51G,GF07,2013,11396.0,A
CZE,AE,P51G,GF08,2013,11352.0,A
CZE,AE,P51G,GF09,2013,26526.0,A
CZE,AE,P51G,GF10,2013,3802.0,A
CZE,AE,P51G,GF01,2014,20105.0,A
CZE,AE,P51G,GF02,2014,2822.0,A
CZE,AE,P51G,GF03,2014,3982.0,A
CZE,AE,P51G,GF04,2014,62953.0,A
CZE,AE,P51G,GF05,2014,20081.0,A
CZE,AE,P51G,GF06,2014,8859.0,A
CZE,AE,P51G,GF07,2014,12275.0,A
CZE,AE,P51G,GF08,2014,11789.0,A
CZE,AE,P51G,GF09,2014,31177.0,A
CZE,AE,P51G,GF10,2014,4536.0,A
CZE,AE,P51G,GF01,2015,24533.0,A
CZE,AE,P51G,GF02,2015,13493.0,A
CZE,AE,P51G,GF03,2015,9942.0,A
CZE,AE,P51G,GF04,2015,82632.0,A
CZE,AE,P51G,GF05,2015,25565.0,A
CZE,AE,P51G,GF06,2015,4688.0,A
CZE,AE,P51G,GF07,2015,20536.0,A
CZE,AE,P51G,GF08,2015,14310.0,A
CZE,AE,P51G,GF09,2015,34776.0,A
CZE,AE,P51G,GF10,2015,5740.0,A
CZE,AE,P51G,GF01,2016,22302.0,A
CZE,AE,P51G,GF02,2016,2949.0,A
CZE,AE,P51G,GF03,2016,5922.0,A
CZE,AE,P51G,GF04,2016,67439.0,A
CZE,AE,P51G,GF05,2016,11133.0,A
CZE,AE,P51G,GF06,2016,999.0,A
CZE,AE,P51G,GF07,2016,13306.0,A
CZE,AE,P51G,GF08,2016,10966.0,A
CZE,AE,P51G,GF09,2016,16833.0,A
CZE,AE,P51G,GF10,2016,3768.0,A
CZE,AE,P51G,GF01,2017,24809.0,A
CZE,AE,P51G,GF02,2017,4725.0,A
CZE,AE,P51G,GF03,2017,6553.0,A
CZE,AE,P51G,GF04,2017,67284.0,A
CZE,AE,P51G,GF05,2017,14062.0,A
CZE,AE,P51G,GF06,2017,1403.0,A
CZE,AE,P51G,GF07,2017,15637.0,A
CZE,AE,P51G,GF08,2017,11737.0,A
CZE,AE,P51G,GF09,2017,20514.0,A
CZE,AE,P51G,GF10,2017,4166.0,A
CZE,AE,P51G,GF01,2018,27258.0,A
CZE,AE,P51G,GF02,2018,4835.0,A
CZE,AE,P51G,GF03,2018,8851.0,A
CZE,AE,P51G,GF04,2018,80681.0,A
CZE,AE,P51G,GF05,2018,16685.0,A
CZE,AE,P51G,GF06,2018,7606.0,A
CZE,AE,P51G,GF07,2018,18585.0,A
CZE,AE,P51G,GF08,2018,18903.0,A
CZE,AE,P51G,GF09,2018,35290.0,A
CZE,AE,P51G,GF10,2018,5655.0,A
CZE,AE,P51G,GF01,2019,29476.0,A
CZE,AE,P51G,GF02,2019,7170.0,A
CZE,AE,P51G,GF03,2019,11464.0,A
CZE,AE,P51G,GF04,2019,95767.0,A
CZE,AE,P51G,GF05,2019,16315.0,A
CZE,AE,P51G,GF06,2019,8338.0,A
CZE,AE,P51G,GF07,2019,17475.0,A
CZE,AE,P51G,GF08,2019,18213.0,A
CZE,AE,P51G,GF09,2019,42168.0,A
CZE,AE,P51G,GF10,2019,6267.0,A
CZE,AE,P51G,GF01,2020,33590.0,A
CZE,AE,P51G,GF02,2020,11664.0,A
CZE,AE,P51G,GF03,2020,12257.0,A
CZE,AE,P51G,GF04,2020,113777.0,A
CZE,AE,P51G,GF05,2020,17179.0,A
CZE,AE,P51G,GF06,2020,5176.0,A
CZE,AE,P51G,GF07,2020,20688.0,A
CZE,AE,P51G,GF08,2020,18989.0,A
CZE,AE,P51G,GF09,2020,37494.0,A
CZE,AE,P51G,GF10,2020,5979.0,A
CZE,AE,P51G,GF01,2021,32144.0,A
CZE,AE,P51G,GF02,2021,13305.0,A
CZE,AE,P51G,GF03,2021,12505.0,A
CZE,AE,P51G,GF04,2021,119239.0,A
CZE,AE,P51G,GF05,2021,19199.0,A
CZE,AE,P51G,GF06,2021,6674.0,A
CZE,AE,P51G,GF07,2021,22476.0,A
CZE,AE,P51G,GF08,2021,19315.0,A
CZE,AE,P51G,GF09,2021,35435.0,A
CZE,AE,P51G,GF10,2021,6907.0,A
CZE,AE,P51G,GF01,2022,34613.0,A
CZE,AE,P51G,GF02,2022,15476.0,A
CZE,AE,P51G,GF03,2022,11736.0,A
CZE,AE,P51G,GF04,2022,137199.0,A
CZE,AE,P51G,GF05,2022,18600.0,A
CZE,AE,P51G,GF06,2022,9525.0,A
CZE,AE,P51G,GF07,2022,26785.0,A
CZE,AE,P51G,GF08,2022,22845.0,A
CZE,AE,P51G,GF09,2022,34063.0,A
CZE,AE,P51G,GF10,2022,8666.0,A
CZE,AE,P51G,GF01,2023,35747.0,A
CZE,AE,P51G,GF02,2023,31772.0,A
CZE,AE,P51G,GF03,2023,17008.0,A
CZE,AE,P51G,GF04,2023,133788.0,A
CZE,AE,P51G,GF05,2023,18423.0,A
CZE,AE,P51G,GF06,2023,20593.0,A
CZE,AE,P51G,GF07,2023,42527.0,A
CZE,AE,P51G,GF08,2023,23174.0,A
CZE,AE,P51G,GF09,2023,37766.0,A
CZE,AE,P51G,GF10,2023,9538.0,A
CZE,AE,P51G,GF01,2024,38145.0,A
CZE,AE,P51G,GF02,2024,29967.0,A
CZE,AE,P51G,GF03,2024,12659.0,A
CZE,AE,P51G,GF04,2024,144907.0,A
CZE,AE,P51G,GF05,2024,18729.0,A
CZE,AE,P51G,GF06,2024,27226.0,A
CZE,AE,P51G,GF07,2024,32101.0,A
CZE,AE,P51G,GF08,2024,20387.0,A
CZE,AE,P51G,GF09,2024,44132.0,A
CZE,AE,P51G,GF10,2024,8293.0,A
DEU,AE,P51G,GF01,2000,6807.0,A
DEU,AE,P51G,GF02,2000,5396.0,A
DEU,AE,P51G,GF03,2000,2622.0,A
DEU,AE,P51G,GF04,2000,21115.0,A
DEU,AE,P51G,GF05,2000,3829.0,A
DEU,AE,P51G,GF06,2000,2626.0,A
DEU,AE,P51G,GF07,2000,975.0,A
DEU,AE,P51G,GF08,2000,3599.0,A
DEU,AE,P51G,GF09,2000,7430.0,A
DEU,AE,P51G,GF10,2000,997.0,A
DEU,AE,P51G,GF01,2001,7558.0,A
DEU,AE,P51G,GF02,2001,4791.0,A
DEU,AE,P51G,GF03,2001,2565.0,A
DEU,AE,P51G,GF04,2001,21797.0,A
DEU,AE,P51G,GF05,2001,3323.0,A
DEU,AE,P51G,GF06,2001,2635.0,A
DEU,AE,P51G,GF07,2001,956.0,A
DEU,AE,P51G,GF08,2001,3568.0,A
DEU,AE,P51G,GF09,2001,7411.0,A
DEU,AE,P51G,GF10,2001,995.0,A
DEU,AE,P51G,GF01,2002,8453.0,A
DEU,AE,P51G,GF02,2002,4537.0,A
DEU,AE,P51G,GF03,2002,2398.0,A
DEU,AE,P51G,GF04,2002,24703.0,A
DEU,AE,P51G,GF05,2002,2488.0,A
DEU,AE,P51G,GF06,2002,2616.0,A
DEU,AE,P51G,GF07,2002,1054.0,A
DEU,AE,P51G,GF08,2002,3523.0,A
DEU,AE,P51G,GF09,2002,7620.0,A
DEU,AE,P51G,GF10,2002,869.0,A
DEU,AE,P51G,GF01,2003,7462.0,A
DEU,AE,P51G,GF02,2003,5151.0,A
DEU,AE,P51G,GF03,2003,2280.0,A
DEU,AE,P51G,GF04,2003,24062.0,A
DEU,AE,P51G,GF05,2003,2625.0,A
DEU,AE,P51G,GF06,2003,2322.0,A
DEU,AE,P51G,GF07,2003,907.0,A
DEU,AE,P51G,GF08,2003,3340.0,A
DEU,AE,P51G,GF09,2003,7257.0,A
DEU,AE,P51G,GF10,2003,938.0,A
DEU,AE,P51G,GF01,2004,7336.0,A
DEU,AE,P51G,GF02,2004,4816.0,A
DEU,AE,P51G,GF03,2004,2120.0,A
DEU,AE,P51G,GF04,2004,21081.0,A
DEU,AE,P51G,GF05,2004,2299.0,A
DEU,AE,P51G,GF06,2004,2187.0,A
DEU,AE,P51G,GF07,2004,919.0,A
DEU,AE,P51G,GF08,2004,3017.0,A
DEU,AE,P51G,GF09,2004,6701.0,A
DEU,AE,P51G,GF10,2004,896.0,A
DEU,AE,P51G,GF01,2005,5650.0,A
DEU,AE,P51G,GF02,2005,6453.0,A
DEU,AE,P51G,GF03,2005,2024.0,A
DEU,AE,P51G,GF04,2005,21351.0,A
DEU,AE,P51G,GF05,2005,2219.0,A
DEU,AE,P51G,GF06,2005,2149.0,A
DEU,AE,P51G,GF07,2005,921.0,A
DEU,AE,P51G,GF08,2005,2868.0,A
DEU,AE,P51G,GF09,2005,6740.0,A
DEU,AE,P51G,GF10,2005,969.0,A
DEU,AE,P51G,GF01,2006,6824.0,A
DEU,AE,P51G,GF02,2006,8229.0,A
DEU,AE,P51G,GF03,2006,2121.0,A
DEU,AE,P51G,GF04,2006,21439.0,A
DEU,AE,P51G,GF05,2006,2765.0,A
DEU,AE,P51G,GF06,2006,2356.0,A
DEU,AE,P51G,GF07,2006,760.0,A
DEU,AE,P51G,GF08,2006,3059.0,A
DEU,AE,P51G,GF09,2006,7756.0,A
DEU,AE,P51G,GF10,2006,749.0,A
DEU,AE,P51G,GF01,2007,8764.0,A
DEU,AE,P51G,GF02,2007,5560.0,A
DEU,AE,P51G,GF03,2007,2041.0,A
DEU,AE,P51G,GF04,2007,22207.0,A
DEU,AE,P51G,GF05,2007,2524.0,A
DEU,AE,P51G,GF06,2007,2547.0,A
DEU,AE,P51G,GF07,2007,1069.0,A
DEU,AE,P51G,GF08,2007,3329.0,A
DEU,AE,P51G,GF09,2007,8103.0,A
DEU,AE,P51G,GF10,2007,657.0,A
DEU,AE,P51G,GF01,2008,10458.0,A
DEU,AE,P51G,GF02,2008,6452.0,A
DEU,AE,P51G,GF03,2008,2108.0,A
DEU,AE,P51G,GF04,2008,23747.0,A
DEU,AE,P51G,GF05,2008,2440.0,A
DEU,AE,P51G,GF06,2008,2510.0,A
DEU,AE,P51G,GF07,2008,1030.0,A
DEU,AE,P51G,GF08,2008,3796.0,A
DEU,AE,P51G,GF09,2008,8184.0,A
DEU,AE,P51G,GF10,2008,659.0,A
DEU,AE,P51G,GF01,2009,12500.0,A
DEU,AE,P51G,GF02,2009,7462.0,A
DEU,AE,P51G,GF03,2009,2406.0,A
DEU,AE,P51G,GF04,2009,24149.0,A
DEU,AE,P51G,GF05,2009,2460.0,A
DEU,AE,P51G,GF06,2009,2212.0,A
DEU,AE,P51G,GF07,2009,884.0,A
DEU,AE,P51G,GF08,2009,3889.0,A
DEU,AE,P51G,GF09,2009,8791.0,A
DEU,AE,P51G,GF10,2009,943.0,A
DEU,AE,P51G,GF01,2010,12255.0,A
DEU,AE,P51G,GF02,2010,8889.0,A
DEU,AE,P51G,GF03,2010,2433.0,A
DEU,AE,P51G,GF04,2010,23371.0,A
DEU,AE,P51G,GF05,2010,2345.0,A
DEU,AE,P51G,GF06,2010,2186.0,A
DEU,AE,P51G,GF07,2010,1128.0,A
DEU,AE,P51G,GF08,2010,4214.0,A
DEU,AE,P51G,GF09,2010,10718.0,A
DEU,AE,P51G,GF10,2010,955.0,A
DEU,AE,P51G,GF01,2011,12801.0,A
DEU,AE,P51G,GF02,2011,9771.0,A
DEU,AE,P51G,GF03,2011,2355.0,A
DEU,AE,P51G,GF04,2011,23916.0,A
DEU,AE,P51G,GF05,2011,2938.0,A
DEU,AE,P51G,GF06,2011,2080.0,A
DEU,AE,P51G,GF07,2011,1344.0,A
DEU,AE,P51G,GF08,2011,3678.0,A
DEU,AE,P51G,GF09,2011,10654.0,A
DEU,AE,P51G,GF10,2011,988.0,A
DEU,AE,P51G,GF01,2012,14266.0,A
DEU,AE,P51G,GF02,2012,6912.0,A
DEU,AE,P51G,GF03,2012,2483.0,A
DEU,AE,P51G,GF04,2012,26024.0,A
DEU,AE,P51G,GF05,2012,3184.0,A
DEU,AE,P51G,GF06,2012,1948.0,A
DEU,AE,P51G,GF07,2012,1300.0,A
DEU,AE,P51G,GF08,2012,3050.0,A
DEU,AE,P51G,GF09,2012,8781.0,A
DEU,AE,P51G,GF10,2012,1089.0,A
DEU,AE,P51G,GF01,2013,13761.0,A
DEU,AE,P51G,GF02,2013,5729.0,A
DEU,AE,P51G,GF03,2013,2607.0,A
DEU,AE,P51G,GF04,2013,26982.0,A
DEU,AE,P51G,GF05,2013,3343.0,A
DEU,AE,P51G,GF06,2013,2012.0,A
DEU,AE,P51G,GF07,2013,1340.0,A
DEU,AE,P51G,GF08,2013,3275.0,A
DEU,AE,P51G,GF09,2013,9455.0,A
DEU,AE,P51G,GF10,2013,1321.0,A
DEU,AE,P51G,GF01,2014,15256.0,A
DEU,AE,P51G,GF02,2014,4375.0,A
DEU,AE,P51G,GF03,2014,2583.0,A
DEU,AE,P51G,GF04,2014,27635.0,A
DEU,AE,P51G,GF05,2014,3295.0,A
DEU,AE,P51G,GF06,2014,1896.0,A
DEU,AE,P51G,GF07,2014,1461.0,A
DEU,AE,P51G,GF08,2014,3394.0,A
DEU,AE,P51G,GF09,2014,9007.0,A
DEU,AE,P51G,GF10,2014,1225.0,A
DEU,AE,P51G,GF01,2015,17074.0,A
DEU,AE,P51G,GF02,2015,5817.0,A
DEU,AE,P51G,GF03,2015,2499.0,A
DEU,AE,P51G,GF04,2015,28117.0,A
DEU,AE,P51G,GF05,2015,3182.0,A
DEU,AE,P51G,GF06,2015,1786.0,A
DEU,AE,P51G,GF07,2015,1393.0,A
DEU,AE,P51G,GF08,2015,3541.0,A
DEU,AE,P51G,GF09,2015,8442.0,A
DEU,AE,P51G,GF10,2015,1789.0,A
DEU,AE,P51G,GF01,2016,18046.0,A
DEU,AE,P51G,GF02,2016,6241.0,A
DEU,AE,P51G,GF03,2016,2855.0,A
DEU,AE,P51G,GF04,2016,29013.0,A
DEU,AE,P51G,GF05,2016,3454.0,A
DEU,AE,P51G,GF06,2016,1918.0,A
DEU,AE,P51G,GF07,2016,1447.0,A
DEU,AE,P51G,GF08,2016,3441.0,A
DEU,AE,P51G,GF09,2016,8856.0,A
DEU,AE,P51G,GF10,2016,2813.0,A
DEU,AE,P51G,GF01,2017,19422.0,A
DEU,AE,P51G,GF02,2017,7090.0,A
DEU,AE,P51G,GF03,2017,3234.0,A
DEU,AE,P51G,GF04,2017,31789.0,A
DEU,AE,P51G,GF05,2017,3053.0,A
DEU,AE,P51G,GF06,2017,1874.0,A
DEU,AE,P51G,GF07,2017,1500.0,A
DEU,AE,P51G,GF08,2017,3776.0,A
DEU,AE,P51G,GF09,2017,9384.0,A
DEU,AE,P51G,GF10,2017,1711.0,A
DEU,AE,P51G,GF01,2018,21090.0,A
DEU,AE,P51G,GF02,2018,8727.0,A
DEU,AE,P51G,GF03,2018,3376.0,A
DEU,AE,P51G,GF04,2018,34757.0,A
DEU,AE,P51G,GF05,2018,3314.0,A
DEU,AE,P51G,GF06,2018,2335.0,A
DEU,AE,P51G,GF07,2018,1687.0,A
DEU,AE,P51G,GF08,2018,3883.0,A
DEU,AE,P51G,GF09,2018,10138.0,A
DEU,AE,P51G,GF10,2018,1575.0,A
DEU,AE,P51G,GF01,2019,23370.0,A
DEU,AE,P51G,GF02,2019,7614.0,A
DEU,AE,P51G,GF03,2019,3879.0,A
DEU,AE,P51G,GF04,2019,35626.0,A
DEU,AE,P51G,GF05,2019,3386.0,A
DEU,AE,P51G,GF06,2019,2453.0,A
DEU,AE,P51G,GF07,2019,1762.0,A
DEU,AE,P51G,GF08,2019,4074.0,A
DEU,AE,P51G,GF09,2019,11861.0,A
DEU,AE,P51G,GF10,2019,1612.0,A
DEU,AE,P51G,GF01,2020,25933.0,A
DEU,AE,P51G,GF02,2020,7550.0,A
DEU,AE,P51G,GF03,2020,4409.0,A
DEU,AE,P51G,GF04,2020,37887.0,A
DEU,AE,P51G,GF05,2020,3472.0,A
DEU,AE,P51G,GF06,2020,2782.0,A
DEU,AE,P51G,GF07,2020,2650.0,A
DEU,AE,P51G,GF08,2020,4512.0,A
DEU,AE,P51G,GF09,2020,13755.0,A
DEU,AE,P51G,GF10,2020,1623.0,A
DEU,AE,P51G,GF01,2021,25794.0,A
DEU,AE,P51G,GF02,2021,8523.0,A
DEU,AE,P51G,GF03,2021,4607.0,A
DEU,AE,P51G,GF04,2021,39062.0,A
DEU,AE,P51G,GF05,2021,2784.0,A
DEU,AE,P51G,GF06,2021,1701.0,A
DEU,AE,P51G,GF07,2021,2525.0,A
DEU,AE,P51G,GF08,2021,4421.0,A
DEU,AE,P51G,GF09,2021,14656.0,A
DEU,AE,P51G,GF10,2021,1608.0,A
DEU,AE,P51G,GF01,2022,29213.0,P
DEU,AE,P51G,GF02,2022,8869.0,P
DEU,AE,P51G,GF03,2022,5071.0,P
DEU,AE,P51G,GF04,2022,41143.0,P
DEU,AE,P51G,GF05,2022,2599.0,P
DEU,AE,P51G,GF06,2022,2482.0,P
DEU,AE,P51G,GF07,2022,2310.0,P
DEU,AE,P51G,GF08,2022,4983.0,P
DEU,AE,P51G,GF09,2022,15985.0,P
DEU,AE,P51G,GF10,2022,2044.0,P
DEU,AE,P51G,GF01,2023,32720.0,P
DEU,AE,P51G,GF02,2023,8274.0,P
DEU,AE,P51G,GF03,2023,5463.0,P
DEU,AE,P51G,GF04,2023,43142.0,P
DEU,AE,P51G,GF05,2023,2738.0,P
DEU,AE,P51G,GF06,2023,2950.0,P
DEU,AE,P51G,GF07,2023,2116.0,P
DEU,AE,P51G,GF08,2023,5168.0,P
DEU,AE,P51G,GF09,2023,16659.0,P
DEU,AE,P51G,GF10,2023,2253.0,P
DEU,AE,P51G,GF01,2024,34585.0,P
DEU,AE,P51G,GF02,2024,8386.0,P
DEU,AE,P51G,GF03,2024,6263.0,P
DEU,AE,P51G,GF04,2024,49460.0,P
DEU,AE,P51G,GF05,2024,2926.0,P
DEU,AE,P51G,GF06,2024,3452.0,P
DEU,AE,P51G,GF07,2024,2046.0,P
DEU,AE,P51G,GF08,2024,5566.0,P
DEU,AE,P51G,GF09,2024,17270.0,P
DEU,AE,P51G,GF10,2024,2338.0,P
DNK,AE,P51G,GF01,2000,7219.75,A
DNK,AE,P51G,GF02,2000,4435.9,A
DNK,AE,P51G,GF03,2000,548.34,A
DNK,AE,P51G,GF04,2000,7050.84,A
DNK,AE,P51G,GF05,2000,668.54,A
DNK,AE,P51G,GF06,2000,2034.38,A
DNK,AE,P51G,GF07,2000,4541.47,A
DNK,AE,P51G,GF08,2000,2111.31,A
DNK,AE,P51G,GF09,2000,5791.64,A
DNK,AE,P51G,GF10,2000,2384.97,A
DNK,AE,P51G,GF01,2001,9370.58,A
DNK,AE,P51G,GF02,2001,5056.13,A
DNK,AE,P51G,GF03,2001,614.01,A
DNK,AE,P51G,GF04,2001,6576.28,A
DNK,AE,P51G,GF05,2001,1248.0,A
DNK,AE,P51G,GF06,2001,1978.91,A
DNK,AE,P51G,GF07,2001,5418.7,A
DNK,AE,P51G,GF08,2001,2664.72,A
DNK,AE,P51G,GF09,2001,5560.67,A
DNK,AE,P51G,GF10,2001,2717.54,A
DNK,AE,P51G,GF01,2002,8008.29,A
DNK,AE,P51G,GF02,2002,4105.13,A
DNK,AE,P51G,GF03,2002,559.94,A
DNK,AE,P51G,GF04,2002,6264.18,A
DNK,AE,P51G,GF05,2002,1598.81,A
DNK,AE,P51G,GF06,2002,2112.19,A
DNK,AE,P51G,GF07,2002,4734.1,A
DNK,AE,P51G,GF08,2002,2229.38,A
DNK,AE,P51G,GF09,2002,6637.6,A
DNK,AE,P51G,GF10,2002,2361.71,A
DNK,AE,P51G,GF01,2003,7433.81,A
DNK,AE,P51G,GF02,2003,4267.98,A
DNK,AE,P51G,GF03,2003,677.95,A
DNK,AE,P51G,GF04,2003,6521.83,A
DNK,AE,P51G,GF05,2003,1581.33,A
DNK,AE,P51G,GF06,2003,1914.38,A
DNK,AE,P51G,GF07,2003,4141.81,A
DNK,AE,P51G,GF08,2003,2454.93,A
DNK,AE,P51G,GF09,2003,6440.78,A
DNK,AE,P51G,GF10,2003,2311.48,A
DNK,AE,P51G,GF01,2004,7416.28,A
DNK,AE,P51G,GF02,2004,3636.4,A
DNK,AE,P51G,GF03,2004,825.77,A
DNK,AE,P51G,GF04,2004,7935.11,A
DNK,AE,P51G,GF05,2004,1577.74,A
DNK,AE,P51G,GF06,2004,2275.13,A
DNK,AE,P51G,GF07,2004,5105.47,A
DNK,AE,P51G,GF08,2004,4793.6,A
DNK,AE,P51G,GF09,2004,6261.73,A
DNK,AE,P51G,GF10,2004,2743.92,A
DNK,AE,P51G,GF01,2005,9113.95,A
DNK,AE,P51G,GF02,2005,3299.3,A
DNK,AE,P51G,GF03,2005,840.2,A
DNK,AE,P51G,GF04,2005,7974.18,A
DNK,AE,P51G,GF05,2005,1698.75,A
DNK,AE,P51G,GF06,2005,2756.94,A
DNK,AE,P51G,GF07,2005,5704.42,A
DNK,AE,P51G,GF08,2005,2846.8,A
DNK,AE,P51G,GF09,2005,6316.78,A
DNK,AE,P51G,GF10,2005,2520.64,A
DNK,AE,P51G,GF01,2006,11448.21,A
DNK,AE,P51G,GF02,2006,4882.05,A
DNK,AE,P51G,GF03,2006,626.01,A
DNK,AE,P51G,GF04,2006,8595.33,A
DNK,AE,P51G,GF05,2006,1810.68,A
DNK,AE,P51G,GF06,2006,3175.37,A
DNK,AE,P51G,GF07,2006,6567.24,A
DNK,AE,P51G,GF08,2006,3066.57,A
DNK,AE,P51G,GF09,2006,6285.22,A
DNK,AE,P51G,GF10,2006,2731.02,A
DNK,AE,P51G,GF01,2007,13585.75,A
DNK,AE,P51G,GF02,2007,7411.41,A
DNK,AE,P51G,GF03,2007,338.82,A
DNK,AE,P51G,GF04,2007,7598.98,A
DNK,AE,P51G,GF05,2007,2036.91,A
DNK,AE,P51G,GF06,2007,2492.87,A
DNK,AE,P51G,GF07,2007,6570.81,A
DNK,AE,P51G,GF08,2007,2985.14,A
DNK,AE,P51G,GF09,2007,6529.42,A
DNK,AE,P51G,GF10,2007,3078.23,A
DNK,AE,P51G,GF01,2008,15511.4,A
DNK,AE,P51G,GF02,2008,3330.68,A
DNK,AE,P51G,GF03,2008,1511.37,A
DNK,AE,P51G,GF04,2008,9179.22,A
DNK,AE,P51G,GF05,2008,922.91,A
DNK,AE,P51G,GF06,2008,2792.28,A
DNK,AE,P51G,GF07,2008,7620.34,A
DNK,AE,P51G,GF08,2008,4148.36,A
DNK,AE,P51G,GF09,2008,5491.45,A
DNK,AE,P51G,GF10,2008,3208.07,A
DNK,AE,P51G,GF01,2009,18116.42,A
DNK,AE,P51G,GF02,2009,1772.31,A
DNK,AE,P51G,GF03,2009,1092.01,A
DNK,AE,P51G,GF04,2009,8550.53,A
DNK,AE,P51G,GF05,2009,694.85,A
DNK,AE,P51G,GF06,2009,1824.81,A
DNK,AE,P51G,GF07,2009,8364.81,A
DNK,AE,P51G,GF08,2009,2773.37,A
DNK,AE,P51G,GF09,2009,6828.09,A
DNK,AE,P51G,GF10,2009,3627.63,A
DNK,AE,P51G,GF01,2010,18982.78,A
DNK,AE,P51G,GF02,2010,1963.46,A
DNK,AE,P51G,GF03,2010,1235.42,A
DNK,AE,P51G,GF04,2010,10924.99,A
DNK,AE,P51G,GF05,2010,952.77,A
DNK,AE,P51G,GF06,2010,883.8,A
DNK,AE,P51G,GF07,2010,8430.26,A
DNK,AE,P51G,GF08,2010,2765.78,A
DNK,AE,P51G,GF09,2010,9131.81,A
DNK,AE,P51G,GF10,2010,3968.61,A
DNK,AE,P51G,GF01,2011,18285.27,A
DNK,AE,P51G,GF02,2011,1915.13,A
DNK,AE,P51G,GF03,2011,1480.75,A
DNK,AE,P51G,GF04,2011,13448.56,A
DNK,AE,P51G,GF05,2011,639.78,A
DNK,AE,P51G,GF06,2011,1265.66,A
DNK,AE,P51G,GF07,2011,9478.05,A
DNK,AE,P51G,GF08,2011,3134.59,A
DNK,AE,P51G,GF09,2011,6491.44,A
DNK,AE,P51G,GF10,2011,4730.91,A
DNK,AE,P51G,GF01,2012,20412.91,A
DNK,AE,P51G,GF02,2012,2189.39,A
DNK,AE,P51G,GF03,2012,1218.93,A
DNK,AE,P51G,GF04,2012,16561.19,A
DNK,AE,P51G,GF05,2012,922.28,A
DNK,AE,P51G,GF06,2012,1143.9,A
DNK,AE,P51G,GF07,2012,12121.41,A
DNK,AE,P51G,GF08,2012,3460.63,A
DNK,AE,P51G,GF09,2012,9477.33,A
DNK,AE,P51G,GF10,2012,4157.25,A
DNK,AE,P51G,GF01,2013,21618.73,A
DNK,AE,P51G,GF02,2013,2553.66,A
DNK,AE,P51G,GF03,2013,1275.34,A
DNK,AE,P51G,GF04,2013,15215.98,A
DNK,AE,P51G,GF05,2013,864.89,A
DNK,AE,P51G,GF06,2013,1156.86,A
DNK,AE,P51G,GF07,2013,10654.24,A
DNK,AE,P51G,GF08,2013,3202.31,A
DNK,AE,P51G,GF09,2013,9553.83,A
DNK,AE,P51G,GF10,2013,4361.04,A
DNK,AE,P51G,GF01,2014,23386.27,A
DNK,AE,P51G,GF02,2014,1888.27,A
DNK,AE,P51G,GF03,2014,1670.36,A
DNK,AE,P51G,GF04,2014,16928.07,A
DNK,AE,P51G,GF05,2014,822.84,A
DNK,AE,P51G,GF06,2014,771.34,A
DNK,AE,P51G,GF07,2014,12253.59,A
DNK,AE,P51G,GF08,2014,3512.25,A
DNK,AE,P51G,GF09,2014,10819.69,A
DNK,AE,P51G,GF10,2014,3841.64,A
DNK,AE,P51G,GF01,2015,20824.31,A
DNK,AE,P51G,GF02,2015,1594.81,A
DNK,AE,P51G,GF03,2015,1334.46,A
DNK,AE,P51G,GF04,2015,17551.78,A
DNK,AE,P51G,GF05,2015,765.97,A
DNK,AE,P51G,GF06,2015,1457.55,A
DNK,AE,P51G,GF07,2015,11872.03,A
DNK,AE,P51G,GF08,2015,4031.45,A
DNK,AE,P51G,GF09,2015,10655.55,A
DNK,AE,P51G,GF10,2015,3254.61,A
DNK,AE,P51G,GF01,2016,23023.39,A
DNK,AE,P51G,GF02,2016,3029.14,A
DNK,AE,P51G,GF03,2016,1616.33,A
DNK,AE,P51G,GF04,2016,17435.0,A
DNK,AE,P51G,GF05,2016,805.66,A
DNK,AE,P51G,GF06,2016,1492.13,A
DNK,AE,P51G,GF07,2016,11680.62,A
DNK,AE,P51G,GF08,2016,3856.2,A
DNK,AE,P51G,GF09,2016,12822.01,A
DNK,AE,P51G,GF10,2016,2963.25,A
DNK,AE,P51G,GF01,2017,21248.69,A
DNK,AE,P51G,GF02,2017,3447.11,A
DNK,AE,P51G,GF03,2017,1147.01,A
DNK,AE,P51G,GF04,2017,16818.85,A
DNK,AE,P51G,GF05,2017,672.36,A
DNK,AE,P51G,GF06,2017,1880.13,A
DNK,AE,P51G,GF07,2017,12160.86,A
DNK,AE,P51G,GF08,2017,3821.99,A
DNK,AE,P51G,GF09,2017,9007.07,A
DNK,AE,P51G,GF10,2017,3327.69,A
DNK,AE,P51G,GF01,2018,23079.78,A
DNK,AE,P51G,GF02,2018,3901.25,A
DNK,AE,P51G,GF03,2018,1050.39,A
DNK,AE,P51G,GF04,2018,17414.12,A
DNK,AE,P51G,GF05,2018,668.11,A
DNK,AE,P51G,GF06,2018,1949.31,A
DNK,AE,P51G,GF07,2018,12282.7,A
DNK,AE,P51G,GF08,2018,3608.53,A
DNK,AE,P51G,GF09,2018,9193.35,A
DNK,AE,P51G,GF10,2018,3226.56,A
DNK,AE,P51G,GF01,2019,21679.79,A
DNK,AE,P51G,GF02,2019,4126.37,A
DNK,AE,P51G,GF03,2019,1085.69,A
DNK,AE,P51G,GF04,2019,14796.43,A
DNK,AE,P51G,GF05,2019,729.24,A
DNK,AE,P51G,GF06,2019,1860.76,A
DNK,AE,P51G,GF07,2019,12953.51,A
DNK,AE,P51G,GF08,2019,3362.3,A
DNK,AE,P51G,GF09,2019,10204.64,A
DNK,AE,P51G,GF10,2019,3511.6,A
DNK,AE,P51G,GF01,2020,23483.07,A
DNK,AE,P51G,GF02,2020,4657.27,A
DNK,AE,P51G,GF03,2020,1059.51,A
DNK,AE,P51G,GF04,2020,16413.89,A
DNK,AE,P51G,GF05,2020,942.15,A
DNK,AE,P51G,GF06,2020,2225.56,A
DNK,AE,P51G,GF07,2020,16395.83,A
DNK,AE,P51G,GF08,2020,3762.51,A
DNK,AE,P51G,GF09,2020,10096.2,A
DNK,AE,P51G,GF10,2020,3835.22,A
DNK,AE,P51G,GF01,2021,22095.02,A
DNK,AE,P51G,GF02,2021,6935.54,A
DNK,AE,P51G,GF03,2021,1151.11,A
DNK,AE,P51G,GF04,2021,14545.3,A
DNK,AE,P51G,GF05,2021,849.84,A
DNK,AE,P51G,GF06,2021,1755.51,A
DNK,AE,P51G,GF07,2021,17039.78,A
DNK,AE,P51G,GF08,2021,4063.92,A
DNK,AE,P51G,GF09,2021,8753.35,A
DNK,AE,P51G,GF10,2021,4333.6,A
DNK,AE,P51G,GF01,2022,24949.89,A
DNK,AE,P51G,GF02,2022,6311.45,A
DNK,AE,P51G,GF03,2022,1365.27,A
DNK,AE,P51G,GF04,2022,17793.69,A
DNK,AE,P51G,GF05,2022,1169.58,A
DNK,AE,P51G,GF06,2022,1951.34,A
DNK,AE,P51G,GF07,2022,15202.57,A
DNK,AE,P51G,GF08,2022,3646.33,A
DNK,AE,P51G,GF09,2022,9633.8,A
DNK,AE,P51G,GF10,2022,4643.77,A
DNK,AE,P51G,GF01,2023,23592.38,A
DNK,AE,P51G,GF02,2023,7690.81,A
DNK,AE,P51G,GF03,2023,1742.77,A
DNK,AE,P51G,GF04,2023,20553.66,A
DNK,AE,P51G,GF05,2023,1157.82,A
DNK,AE,P51G,GF06,2023,1977.54,A
DNK,AE,P51G,GF07,2023,13472.47,A
DNK,AE,P51G,GF08,2023,3639.64,A
DNK,AE,P51G,GF09,2023,10016.51,A
DNK,AE,P51G,GF10,2023,4743.13,A
DNK,AE,P51G,GF01,2024,24236.68,A
DNK,AE,P51G,GF02,2024,6005.26,A
DNK,AE,P51G,GF03,2024,2062.47,A
DNK,AE,P51G,GF04,2024,23218.89,A
DNK,AE,P51G,GF05,2024,1333.53,A
DNK,AE,P51G,GF06,2024,2020.07,A
DNK,AE,P51G,GF07,2024,15083.1,A
DNK,AE,P51G,GF08,2024,3830.98,A
DNK,AE,P51G,GF09,2024,10169.68,A
DNK,AE,P51G,GF10,2024,5031.5,A
ESP,AE,P51G,GF01,2000,2333.0,A
ESP,AE,P51G,GF02,2000,1715.0,A
ESP,AE,P51G,GF03,2000,718.0,A
ESP,AE,P51G,GF04,2000,10186.0,A
ESP,AE,P51G,GF05,2000,1378.0,A
ESP,AE,P51G,GF06,2000,3002.0,A
ESP,AE,P51G,GF07,2000,1320.0,A
ESP,AE,P51G,GF08,2000,1491.0,A
ESP,AE,P51G,GF09,2000,1401.0,A
ESP,AE,P51G,GF10,2000,384.0,A
ESP,AE,P51G,GF01,2001,2938.0,A
ESP,AE,P51G,GF02,2001,1864.0,A
ESP,AE,P51G,GF03,2001,892.0,A
ESP,AE,P51G,GF04,2001,10858.0,A
ESP,AE,P51G,GF05,2001,1620.0,A
ESP,AE,P51G,GF06,2001,3201.0,A
ESP,AE,P51G,GF07,2001,1573.0,A
ESP,AE,P51G,GF08,2001,1752.0,A
ESP,AE,P51G,GF09,2001,1395.0,A
ESP,AE,P51G,GF10,2001,443.0,A
ESP,AE,P51G,GF01,2002,3368.0,A
ESP,AE,P51G,GF02,2002,2250.0,A
ESP,AE,P51G,GF03,2002,966.0,A
ESP,AE,P51G,GF04,2002,12169.0,A
ESP,AE,P51G,GF05,2002,1994.0,A
ESP,AE,P51G,GF06,2002,3522.0,A
ESP,AE,P51G,GF07,2002,1771.0,A
ESP,AE,P51G,GF08,2002,2047.0,A
ESP,AE,P51G,GF09,2002,1864.0,A
ESP,AE,P51G,GF10,2002,536.0,A
ESP,AE,P51G,GF01,2003,3839.0,A
ESP,AE,P51G,GF02,2003,2446.0,A
ESP,AE,P51G,GF03,2003,1139.0,A
ESP,AE,P51G,GF04,2003,12675.0,A
ESP,AE,P51G,GF05,2003,2165.0,A
ESP,AE,P51G,GF06,2003,3992.0,A
ESP,AE,P51G,GF07,2003,2035.0,A
ESP,AE,P51G,GF08,2003,2274.0,A
ESP,AE,P51G,GF09,2003,2087.0,A
ESP,AE,P51G,GF10,2003,613.0,A
ESP,AE,P51G,GF01,2004,3663.0,A
ESP,AE,P51G,GF02,2004,2969.0,A
ESP,AE,P51G,GF03,2004,915.0,A
ESP,AE,P51G,GF04,2004,15133.0,A
ESP,AE,P51G,GF05,2004,1786.0,A
ESP,AE,P51G,GF06,2004,2196.0,A
ESP,AE,P51G,GF07,2004,2269.0,A
ESP,AE,P51G,GF08,2004,2494.0,A
ESP,AE,P51G,GF09,2004,2381.0,A
ESP,AE,P51G,GF10,2004,598.0,A
ESP,AE,P51G,GF01,2005,4384.0,A
ESP,AE,P51G,GF02,2005,3308.0,A
ESP,AE,P51G,GF03,2005,1069.0,A
ESP,AE,P51G,GF04,2005,17033.0,A
ESP,AE,P51G,GF05,2005,1851.0,A
ESP,AE,P51G,GF06,2005,3268.0,A
ESP,AE,P51G,GF07,2005,2600.0,A
ESP,AE,P51G,GF08,2005,2600.0,A
ESP,AE,P51G,GF09,2005,2450.0,A
ESP,AE,P51G,GF10,2005,571.0,A
ESP,AE,P51G,GF01,2006,5089.0,A
ESP,AE,P51G,GF02,2006,3170.0,A
ESP,AE,P51G,GF03,2006,1238.0,A
ESP,AE,P51G,GF04,2006,17519.0,A
ESP,AE,P51G,GF05,2006,2619.0,A
ESP,AE,P51G,GF06,2006,3712.0,A
ESP,AE,P51G,GF07,2006,3204.0,A
ESP,AE,P51G,GF08,2006,3233.0,A
ESP,AE,P51G,GF09,2006,3086.0,A
ESP,AE,P51G,GF10,2006,962.0,A
ESP,AE,P51G,GF01,2007,5500.0,A
ESP,AE,P51G,GF02,2007,2764.0,A
ESP,AE,P51G,GF03,2007,1754.0,A
ESP,AE,P51G,GF04,2007,20917.0,A
ESP,AE,P51G,GF05,2007,3067.0,A
ESP,AE,P51G,GF06,2007,4806.0,A
ESP,AE,P51G,GF07,2007,3469.0,A
ESP,AE,P51G,GF08,2007,3714.0,A
ESP,AE,P51G,GF09,2007,3429.0,A
ESP,AE,P51G,GF10,2007,998.0,A
ESP,AE,P51G,GF01,2008,5332.0,A
ESP,AE,P51G,GF02,2008,2918.0,A
ESP,AE,P51G,GF03,2008,1649.0,A
ESP,AE,P51G,GF04,2008,22199.0,A
ESP,AE,P51G,GF05,2008,2450.0,A
ESP,AE,P51G,GF06,2008,5129.0,A
ESP,AE,P51G,GF07,2008,3997.0,A
ESP,AE,P51G,GF08,2008,3530.0,A
ESP,AE,P51G,GF09,2008,3626.0,A
ESP,AE,P51G,GF10,2008,882.0,A
ESP,AE,P51G,GF01,2009,5620.0,A
ESP,AE,P51G,GF02,2009,2394.0,A
ESP,AE,P51G,GF03,2009,1454.0,A
ESP,AE,P51G,GF04,2009,23738.0,A
ESP,AE,P51G,GF05,2009,2587.0,A
ESP,AE,P51G,GF06,2009,7103.0,A
ESP,AE,P51G,GF07,2009,4144.0,A
ESP,AE,P51G,GF08,2009,3663.0,A
ESP,AE,P51G,GF09,2009,3586.0,A
ESP,AE,P51G,GF10,2009,1064.0,A
ESP,AE,P51G,GF01,2010,5447.0,A
ESP,AE,P51G,GF02,2010,2486.0,A
ESP,AE,P51G,GF03,2010,1623.0,A
ESP,AE,P51G,GF04,2010,24472.0,A
ESP,AE,P51G,GF05,2010,2499.0,A
ESP,AE,P51G,GF06,2010,2877.0,A
ESP,AE,P51G,GF07,2010,3660.0,A
ESP,AE,P51G,GF08,2010,3899.0,A
ESP,AE,P51G,GF09,2010,2942.0,A
ESP,AE,P51G,GF10,2010,1054.0,A
ESP,AE,P51G,GF01,2011,4934.0,A
ESP,AE,P51G,GF02,2011,2343.0,A
ESP,AE,P51G,GF03,2011,1298.0,A
ESP,AE,P51G,GF04,2011,19302.0,A
ESP,AE,P51G,GF05,2011,1594.0,A
ESP,AE,P51G,GF06,2011,1736.0,A
ESP,AE,P51G,GF07,2011,3243.0,A
ESP,AE,P51G,GF08,2011,2642.0,A
ESP,AE,P51G,GF09,2011,2183.0,A
ESP,AE,P51G,GF10,2011,726.0,A
ESP,AE,P51G,GF01,2012,4003.0,A
ESP,AE,P51G,GF02,2012,1510.0,A
ESP,AE,P51G,GF03,2012,762.0,A
ESP,AE,P51G,GF04,2012,17614.0,A
ESP,AE,P51G,GF05,2012,1481.0,A
ESP,AE,P51G,GF06,2012,1377.0,A
ESP,AE,P51G,GF07,2012,2428.0,A
ESP,AE,P51G,GF08,2012,1246.0,A
ESP,AE,P51G,GF09,2012,1645.0,A
ESP,AE,P51G,GF10,2012,483.0,A
ESP,AE,P51G,GF01,2013,4095.0,A
ESP,AE,P51G,GF02,2013,1771.0,A
ESP,AE,P51G,GF03,2013,577.0,A
ESP,AE,P51G,GF04,2013,10838.0,A
ESP,AE,P51G,GF05,2013,1239.0,A
ESP,AE,P51G,GF06,2013,921.0,A
ESP,AE,P51G,GF07,2013,2237.0,A
ESP,AE,P51G,GF08,2013,1166.0,A
ESP,AE,P51G,GF09,2013,1554.0,A
ESP,AE,P51G,GF10,2013,253.0,A
ESP,AE,P51G,GF01,2014,3713.0,A
ESP,AE,P51G,GF02,2014,1159.0,A
ESP,AE,P51G,GF03,2014,556.0,A
ESP,AE,P51G,GF04,2014,9278.0,A
ESP,AE,P51G,GF05,2014,1106.0,A
ESP,AE,P51G,GF06,2014,1173.0,A
ESP,AE,P51G,GF07,2014,2251.0,A
ESP,AE,P51G,GF08,2014,1126.0,A
ESP,AE,P51G,GF09,2014,1430.0,A
ESP,AE,P51G,GF10,2014,287.0,A
ESP,AE,P51G,GF01,2015,3886.0,A
ESP,AE,P51G,GF02,2015,2176.0,A
ESP,AE,P51G,GF03,2015,1204.0,A
ESP,AE,P51G,GF04,2015,12933.0,A
ESP,AE,P51G,GF05,2015,1242.0,A
ESP,AE,P51G,GF06,2015,1187.0,A
ESP,AE,P51G,GF07,2015,2305.0,A
ESP,AE,P51G,GF08,2015,1242.0,A
ESP,AE,P51G,GF09,2015,1581.0,A
ESP,AE,P51G,GF10,2015,246.0,A
ESP,AE,P51G,GF01,2016,3756.0,A
ESP,AE,P51G,GF02,2016,2299.0,A
ESP,AE,P51G,GF03,2016,593.0,A
ESP,AE,P51G,GF04,2016,8736.0,A
ESP,AE,P51G,GF05,2016,1006.0,A
ESP,AE,P51G,GF06,2016,971.0,A
ESP,AE,P51G,GF07,2016,2201.0,A
ESP,AE,P51G,GF08,2016,980.0,A
ESP,AE,P51G,GF09,2016,1391.0,A
ESP,AE,P51G,GF10,2016,266.0,A
ESP,AE,P51G,GF01,2017,4037.0,A
ESP,AE,P51G,GF02,2017,1988.0,A
ESP,AE,P51G,GF03,2017,730.0,A
ESP,AE,P51G,GF04,2017,8735.0,A
ESP,AE,P51G,GF05,2017,1168.0,A
ESP,AE,P51G,GF06,2017,1080.0,A
ESP,AE,P51G,GF07,2017,2385.0,A
ESP,AE,P51G,GF08,2017,1107.0,A
ESP,AE,P51G,GF09,2017,1590.0,A
ESP,AE,P51G,GF10,2017,298.0,A
ESP,AE,P51G,GF01,2018,4333.0,A
ESP,AE,P51G,GF02,2018,1840.0,A
ESP,AE,P51G,GF03,2018,702.0,A
ESP,AE,P51G,GF04,2018,10736.0,A
ESP,AE,P51G,GF05,2018,1147.0,A
ESP,AE,P51G,GF06,2018,1167.0,A
ESP,AE,P51G,GF07,2018,2588.0,A
ESP,AE,P51G,GF08,2018,1415.0,A
ESP,AE,P51G,GF09,2018,1665.0,A
ESP,AE,P51G,GF10,2018,296.0,A
ESP,AE,P51G,GF01,2019,4421.0,A
ESP,AE,P51G,GF02,2019,1969.0,A
ESP,AE,P51G,GF03,2019,698.0,A
ESP,AE,P51G,GF04,2019,11128.0,A
ESP,AE,P51G,GF05,2019,1264.0,A
ESP,AE,P51G,GF06,2019,1256.0,A
ESP,AE,P51G,GF07,2019,2702.0,A
ESP,AE,P51G,GF08,2019,1639.0,A
ESP,AE,P51G,GF09,2019,1831.0,A
ESP,AE,P51G,GF10,2019,298.0,A
ESP,AE,P51G,GF01,2020,4491.0,A
ESP,AE,P51G,GF02,2020,1953.0,A
ESP,AE,P51G,GF03,2020,762.0,A
ESP,AE,P51G,GF04,2020,12642.0,A
ESP,AE,P51G,GF05,2020,1158.0,A
ESP,AE,P51G,GF06,2020,1172.0,A
ESP,AE,P51G,GF07,2020,3763.0,A
ESP,AE,P51G,GF08,2020,1419.0,A
ESP,AE,P51G,GF09,2020,1989.0,A
ESP,AE,P51G,GF10,2020,345.0,A
ESP,AE,P51G,GF01,2021,5091.0,A
ESP,AE,P51G,GF02,2021,2642.0,A
ESP,AE,P51G,GF03,2021,1040.0,A
ESP,AE,P51G,GF04,2021,13792.0,A
ESP,AE,P51G,GF05,2021,1545.0,A
ESP,AE,P51G,GF06,2021,1654.0,A
ESP,AE,P51G,GF07,2021,3338.0,A
ESP,AE,P51G,GF08,2021,1729.0,A
ESP,AE,P51G,GF09,2021,2302.0,A
ESP,AE,P51G,GF10,2021,458.0,A
ESP,AE,P51G,GF01,2022,5660.0,A
ESP,AE,P51G,GF02,2022,4992.0,A
ESP,AE,P51G,GF03,2022,1123.0,A
ESP,AE,P51G,GF04,2022,12905.0,A
ESP,AE,P51G,GF05,2022,1749.0,A
ESP,AE,P51G,GF06,2022,1894.0,A
ESP,AE,P51G,GF07,2022,3920.0,A
ESP,AE,P51G,GF08,2022,2081.0,A
ESP,AE,P51G,GF09,2022,2491.0,A
ESP,AE,P51G,GF10,2022,535.0,A
ESP,AE,P51G,GF01,2023,6840.0,A
ESP,AE,P51G,GF02,2023,3315.0,A
ESP,AE,P51G,GF03,2023,1327.0,A
ESP,AE,P51G,GF04,2023,16059.0,A
ESP,AE,P51G,GF05,2023,2419.0,A
ESP,AE,P51G,GF06,2023,2402.0,A
ESP,AE,P51G,GF07,2023,5719.0,A
ESP,AE,P51G,GF08,2023,2572.0,A
ESP,AE,P51G,GF09,2023,3223.0,A
ESP,AE,P51G,GF10,2023,820.0,A
ESP,AE,P51G,GF01,2024,6918.0,P
ESP,AE,P51G,GF02,2024,3066.0,P
ESP,AE,P51G,GF03,2024,1339.0,P
ESP,AE,P51G,GF04,2024,15782.0,P
ESP,AE,P51G,GF05,2024,2787.0,P
ESP,AE,P51G,GF06,2024,2201.0,P
ESP,AE,P51G,GF07,2024,4860.0,P
ESP,AE,P51G,GF08,2024,2346.0,P
ESP,AE,P51G,GF09,2024,3268.0,P
ESP,AE,P51G,GF10,2024,918.0,P
EST,AE,P51G,GF01,2000,15.3,A
EST,AE,P51G,GF02,2000,28.6,A
EST,AE,P51G,GF03,2000,20.0,A
EST,AE,P51G,GF04,2000,87.4,A
EST,AE,P51G,GF05,2000,8.2,A
EST,AE,P51G,GF06,2000,2.6,A
EST,AE,P51G,GF07,2000,26.2,A
EST,AE,P51G,GF08,2000,29.7,A
EST,AE,P51G,GF09,2000,47.9,A
EST,AE,P51G,GF10,2000,3.8,A
EST,AE,P51G,GF01,2001,18.5,A
EST,AE,P51G,GF02,2001,34.6,A
EST,AE,P51G,GF03,2001,24.3,A
EST,AE,P51G,GF04,2001,105.7,A
EST,AE,P51G,GF05,2001,9.9,A
EST,AE,P51G,GF06,2001,3.1,A
EST,AE,P51G,GF07,2001,31.8,A
EST,AE,P51G,GF08,2001,35.7,A
EST,AE,P51G,GF09,2001,57.9,A
EST,AE,P51G,GF10,2001,4.6,A
EST,AE,P51G,GF01,2002,37.9,A
EST,AE,P51G,GF02,2002,50.0,A
EST,AE,P51G,GF03,2002,34.9,A
EST,AE,P51G,GF04,2002,145.4,A
EST,AE,P51G,GF05,2002,13.2,A
EST,AE,P51G,GF06,2002,4.1,A
EST,AE,P51G,GF07,2002,43.8,A
EST,AE,P51G,GF08,2002,48.5,A
EST,AE,P51G,GF09,2002,78.2,A
EST,AE,P51G,GF10,2002,6.4,A
EST,AE,P51G,GF01,2003,38.4,A
EST,AE,P51G,GF02,2003,48.3,A
EST,AE,P51G,GF03,2003,33.8,A
EST,AE,P51G,GF04,2003,143.4,A
EST,AE,P51G,GF05,2003,13.1,A
EST,AE,P51G,GF06,2003,4.1,A
EST,AE,P51G,GF07,2003,42.6,A
EST,AE,P51G,GF08,2003,48.4,A
EST,AE,P51G,GF09,2003,77.3,A
EST,AE,P51G,GF10,2003,6.2,A
EST,AE,P51G,GF01,2004,47.7,A
EST,AE,P51G,GF02,2004,52.5,A
EST,AE,P51G,GF03,2004,11.0,A
EST,AE,P51G,GF04,2004,133.6,A
EST,AE,P51G,GF05,2004,12.6,A
EST,AE,P51G,GF06,2004,2.9,A
EST,AE,P51G,GF07,2004,29.4,A
EST,AE,P51G,GF08,2004,50.6,A
EST,AE,P51G,GF09,2004,76.8,A
EST,AE,P51G,GF10,2004,12.2,A
EST,AE,P51G,GF01,2005,36.5,A
EST,AE,P51G,GF02,2005,56.7,A
EST,AE,P51G,GF03,2005,33.3,A
EST,AE,P51G,GF04,2005,182.9,A
EST,AE,P51G,GF05,2005,22.4,A
EST,AE,P51G,GF06,2005,-16.8,A
EST,AE,P51G,GF07,2005,32.5,A
EST,AE,P51G,GF08,2005,80.8,A
EST,AE,P51G,GF09,2005,91.8,A
EST,AE,P51G,GF10,2005,5.6,A
EST,AE,P51G,GF01,2006,73.5,A
EST,AE,P51G,GF02,2006,68.4,A
EST,AE,P51G,GF03,2006,38.1,A
EST,AE,P51G,GF04,2006,257.6,A
EST,AE,P51G,GF05,2006,11.3,A
EST,AE,P51G,GF06,2006,-15.1,A
EST,AE,P51G,GF07,2006,73.9,A
EST,AE,P51G,GF08,2006,86.0,A
EST,AE,P51G,GF09,2006,145.0,A
EST,AE,P51G,GF10,2006,-2.4,A
EST,AE,P51G,GF01,2007,101.9,A
EST,AE,P51G,GF02,2007,74.9,A
EST,AE,P51G,GF03,2007,58.8,A
EST,AE,P51G,GF04,2007,280.0,A
EST,AE,P51G,GF05,2007,34.9,A
EST,AE,P51G,GF06,2007,41.8,A
EST,AE,P51G,GF07,2007,101.3,A
EST,AE,P51G,GF08,2007,90.6,A
EST,AE,P51G,GF09,2007,185.7,A
EST,AE,P51G,GF10,2007,16.5,A
EST,AE,P51G,GF01,2008,30.9,A
EST,AE,P51G,GF02,2008,103.2,A
EST,AE,P51G,GF03,2008,109.5,A
EST,AE,P51G,GF04,2008,292.2,A
EST,AE,P51G,GF05,2008,37.1,A
EST,AE,P51G,GF06,2008,27.5,A
EST,AE,P51G,GF07,2008,122.2,A
EST,AE,P51G,GF08,2008,103.5,A
EST,AE,P51G,GF09,2008,174.6,A
EST,AE,P51G,GF10,2008,23.6,A
EST,AE,P51G,GF01,2009,47.9,A
EST,AE,P51G,GF02,2009,143.1,A
EST,AE,P51G,GF03,2009,37.1,A
EST,AE,P51G,GF04,2009,356.9,A
EST,AE,P51G,GF05,2009,12.8,A
EST,AE,P51G,GF06,2009,-50.6,A
EST,AE,P51G,GF07,2009,79.2,A
EST,AE,P51G,GF08,2009,94.0,A
EST,AE,P51G,GF09,2009,127.4,A
EST,AE,P51G,GF10,2009,15.9,A
EST,AE,P51G,GF01,2010,32.5,A
EST,AE,P51G,GF02,2010,101.0,A
EST,AE,P51G,GF03,2010,37.1,A
EST,AE,P51G,GF04,2010,234.7,A
EST,AE,P51G,GF05,2010,13.8,A
EST,AE,P51G,GF06,2010,6.9,A
EST,AE,P51G,GF07,2010,66.9,A
EST,AE,P51G,GF08,2010,73.2,A
EST,AE,P51G,GF09,2010,134.6,A
EST,AE,P51G,GF10,2010,13.3,A
EST,AE,P51G,GF01,2011,65.8,A
EST,AE,P51G,GF02,2011,81.9,A
EST,AE,P51G,GF03,2011,34.4,A
EST,AE,P51G,GF04,2011,277.0,A
EST,AE,P51G,GF05,2011,51.3,A
EST,AE,P51G,GF06,2011,20.8,A
EST,AE,P51G,GF07,2011,76.3,A
EST,AE,P51G,GF08,2011,73.2,A
EST,AE,P51G,GF09,2011,150.9,A
EST,AE,P51G,GF10,2011,18.8,A
EST,AE,P51G,GF01,2012,144.5,A
EST,AE,P51G,GF02,2012,115.5,A
EST,AE,P51G,GF03,2012,49.9,A
EST,AE,P51G,GF04,2012,342.2,A
EST,AE,P51G,GF05,2012,34.5,A
EST,AE,P51G,GF06,2012,30.4,A
EST,AE,P51G,GF07,2012,98.3,A
EST,AE,P51G,GF08,2012,67.5,A
EST,AE,P51G,GF09,2012,210.9,A
EST,AE,P51G,GF10,2012,56.6,A
EST,AE,P51G,GF01,2013,97.2,A
EST,AE,P51G,GF02,2013,134.7,A
EST,AE,P51G,GF03,2013,27.5,A
EST,AE,P51G,GF04,2013,356.8,A
EST,AE,P51G,GF05,2013,37.6,A
EST,AE,P51G,GF06,2013,17.5,A
EST,AE,P51G,GF07,2013,94.8,A
EST,AE,P51G,GF08,2013,113.1,A
EST,AE,P51G,GF09,2013,171.7,A
EST,AE,P51G,GF10,2013,10.0,A
EST,AE,P51G,GF01,2014,122.4,A
EST,AE,P51G,GF02,2014,128.3,A
EST,AE,P51G,GF03,2014,35.6,A
EST,AE,P51G,GF04,2014,376.4,A
EST,AE,P51G,GF05,2014,21.8,A
EST,AE,P51G,GF06,2014,14.7,A
EST,AE,P51G,GF07,2014,100.0,A
EST,AE,P51G,GF08,2014,103.6,A
EST,AE,P51G,GF09,2014,115.0,A
EST,AE,P51G,GF10,2014,8.6,A
EST,AE,P51G,GF01,2015,136.5,A
EST,AE,P51G,GF02,2015,128.8,A
EST,AE,P51G,GF03,2015,4.6,A
EST,AE,P51G,GF04,2015,394.4,A
EST,AE,P51G,GF05,2015,33.5,A
EST,AE,P51G,GF06,2015,11.0,A
EST,AE,P51G,GF07,2015,125.7,A
EST,AE,P51G,GF08,2015,85.2,A
EST,AE,P51G,GF09,2015,159.2,A
EST,AE,P51G,GF10,2015,21.6,A
EST,AE,P51G,GF01,2016,129.2,A
EST,AE,P51G,GF02,2016,193.3,A
EST,AE,P51G,GF03,2016,43.4,A
EST,AE,P51G,GF04,2016,330.3,A
EST,AE,P51G,GF05,2016,21.3,A
EST,AE,P51G,GF06,2016,11.9,A
EST,AE,P51G,GF07,2016,54.9,A
EST,AE,P51G,GF08,2016,97.8,A
EST,AE,P51G,GF09,2016,107.3,A
EST,AE,P51G,GF10,2016,24.6,A
EST,AE,P51G,GF01,2017,184.2,A
EST,AE,P51G,GF02,2017,163.4,A
EST,AE,P51G,GF03,2017,55.5,A
EST,AE,P51G,GF04,2017,518.8,A
EST,AE,P51G,GF05,2017,51.3,A
EST,AE,P51G,GF06,2017,20.3,A
EST,AE,P51G,GF07,2017,67.5,A
EST,AE,P51G,GF08,2017,113.7,A
EST,AE,P51G,GF09,2017,159.4,A
EST,AE,P51G,GF10,2017,31.5,A
EST,AE,P51G,GF01,2018,183.5,A
EST,AE,P51G,GF02,2018,179.7,A
EST,AE,P51G,GF03,2018,50.6,A
EST,AE,P51G,GF04,2018,430.7,A
EST,AE,P51G,GF05,2018,59.0,A
EST,AE,P51G,GF06,2018,18.5,A
EST,AE,P51G,GF07,2018,96.7,A
EST,AE,P51G,GF08,2018,90.9,A
EST,AE,P51G,GF09,2018,230.9,A
EST,AE,P51G,GF10,2018,35.6,A
EST,AE,P51G,GF01,2019,160.7,A
EST,AE,P51G,GF02,2019,147.7,A
EST,AE,P51G,GF03,2019,45.7,A
EST,AE,P51G,GF04,2019,520.1,A
EST,AE,P51G,GF05,2019,29.0,A
EST,AE,P51G,GF06,2019,29.5,A
EST,AE,P51G,GF07,2019,140.1,A
EST,AE,P51G,GF08,2019,113.9,A
EST,AE,P51G,GF09,2019,243.0,A
EST,AE,P51G,GF10,2019,41.9,A
EST,AE,P51G,GF01,2020,171.0,A
EST,AE,P51G,GF02,2020,247.0,A
EST,AE,P51G,GF03,2020,51.3,A
EST,AE,P51G,GF04,2020,514.9,A
EST,AE,P51G,GF05,2020,27.6,A
EST,AE,P51G,GF06,2020,30.0,A
EST,AE,P51G,GF07,2020,134.6,A
EST,AE,P51G,GF08,2020,117.4,A
EST,AE,P51G,GF09,2020,264.9,A
EST,AE,P51G,GF10,2020,63.4,A
EST,AE,P51G,GF01,2021,184.7,A
EST,AE,P51G,GF02,2021,205.3,A
EST,AE,P51G,GF03,2021,64.0,A
EST,AE,P51G,GF04,2021,631.3,A
EST,AE,P51G,GF05,2021,29.3,A
EST,AE,P51G,GF06,2021,50.9,A
EST,AE,P51G,GF07,2021,166.1,A
EST,AE,P51G,GF08,2021,148.5,A
EST,AE,P51G,GF09,2021,265.6,A
EST,AE,P51G,GF10,2021,73.0,A
EST,AE,P51G,GF01,2022,243.4,A
EST,AE,P51G,GF02,2022,251.4,A
EST,AE,P51G,GF03,2022,52.4,A
EST,AE,P51G,GF04,2022,607.4,A
EST,AE,P51G,GF05,2022,31.6,A
EST,AE,P51G,GF06,2022,35.0,A
EST,AE,P51G,GF07,2022,199.4,A
EST,AE,P51G,GF08,2022,148.4,A
EST,AE,P51G,GF09,2022,312.3,A
EST,AE,P51G,GF10,2022,83.3,A
EST,AE,P51G,GF01,2023,282.3,A
EST,AE,P51G,GF02,2023,518.5,A
EST,AE,P51G,GF03,2023,72.4,A
EST,AE,P51G,GF04,2023,718.8,A
EST,AE,P51G,GF05,2023,42.3,A
EST,AE,P51G,GF06,2023,30.3,A
EST,AE,P51G,GF07,2023,235.2,A
EST,AE,P51G,GF08,2023,190.8,A
EST,AE,P51G,GF09,2023,331.9,A
EST,AE,P51G,GF10,2023,77.7,A
EST,AE,P51G,GF01,2024,305.1,A
EST,AE,P51G,GF02,2024,650.8,A
EST,AE,P51G,GF03,2024,83.3,A
EST,AE,P51G,GF04,2024,703.5,A
EST,AE,P51G,GF05,2024,45.1,A
EST,AE,P51G,GF06,2024,30.2,A
EST,AE,P51G,GF07,2024,143.5,A
EST,AE,P51G,GF08,2024,171.2,A
EST,AE,P51G,GF09,2024,267.0,A
EST,AE,P51G,GF10,2024,78.8,A
FIN,AE,P51G,GF01,2000,972.0,A
FIN,AE,P51G,GF02,2000,708.0,A
FIN,AE,P51G,GF03,2000,185.0,A
FIN,AE,P51G,GF04,2000,1358.0,A
FIN,AE,P51G,GF05,2000,47.0,A
FIN,AE,P51G,GF06,2000,23.0,A
FIN,AE,P51G,GF07,2000,339.0,A
FIN,AE,P51G,GF08,2000,228.0,A
FIN,AE,P51G,GF09,2000,734.0,A
FIN,AE,P51G,GF10,2000,215.0,A
FIN,AE,P51G,GF01,2001,1123.0,A
FIN,AE,P51G,GF02,2001,438.0,A
FIN,AE,P51G,GF03,2001,160.0,A
FIN,AE,P51G,GF04,2001,1368.0,A
FIN,AE,P51G,GF05,2001,39.0,A
FIN,AE,P51G,GF06,2001,19.0,A
FIN,AE,P51G,GF07,2001,452.0,A
FIN,AE,P51G,GF08,2001,222.0,A
FIN,AE,P51G,GF09,2001,819.0,A
FIN,AE,P51G,GF10,2001,281.0,A
FIN,AE,P51G,GF01,2002,1075.0,A
FIN,AE,P51G,GF02,2002,540.0,A
FIN,AE,P51G,GF03,2002,110.0,A
FIN,AE,P51G,GF04,2002,1606.0,A
FIN,AE,P51G,GF05,2002,48.0,A
FIN,AE,P51G,GF06,2002,29.0,A
FIN,AE,P51G,GF07,2002,507.0,A
FIN,AE,P51G,GF08,2002,255.0,A
FIN,AE,P51G,GF09,2002,892.0,A
FIN,AE,P51G,GF10,2002,425.0,A
FIN,AE,P51G,GF01,2003,1239.0,A
FIN,AE,P51G,GF02,2003,537.0,A
FIN,AE,P51G,GF03,2003,119.0,A
FIN,AE,P51G,GF04,2003,1664.0,A
FIN,AE,P51G,GF05,2003,46.0,A
FIN,AE,P51G,GF06,2003,40.0,A
FIN,AE,P51G,GF07,2003,502.0,A
FIN,AE,P51G,GF08,2003,263.0,A
FIN,AE,P51G,GF09,2003,1007.0,A
FIN,AE,P51G,GF10,2003,450.0,A
FIN,AE,P51G,GF01,2004,1282.0,A
FIN,AE,P51G,GF02,2004,619.0,A
FIN,AE,P51G,GF03,2004,109.0,A
FIN,AE,P51G,GF04,2004,1787.0,A
FIN,AE,P51G,GF05,2004,46.0,A
FIN,AE,P51G,GF06,2004,45.0,A
FIN,AE,P51G,GF07,2004,523.0,A
FIN,AE,P51G,GF08,2004,270.0,A
FIN,AE,P51G,GF09,2004,1047.0,A
FIN,AE,P51G,GF10,2004,477.0,A
FIN,AE,P51G,GF01,2005,1319.0,A
FIN,AE,P51G,GF02,2005,723.0,A
FIN,AE,P51G,GF03,2005,106.0,A
FIN,AE,P51G,GF04,2005,1797.0,A
FIN,AE,P51G,GF05,2005,59.0,A
FIN,AE,P51G,GF06,2005,52.0,A
FIN,AE,P51G,GF07,2005,556.0,A
FIN,AE,P51G,GF08,2005,224.0,A
FIN,AE,P51G,GF09,2005,965.0,A
FIN,AE,P51G,GF10,2005,118.0,A
FIN,AE,P51G,GF01,2006,1176.0,A
FIN,AE,P51G,GF02,2006,544.0,A
FIN,AE,P51G,GF03,2006,79.0,A
FIN,AE,P51G,GF04,2006,1845.0,A
FIN,AE,P51G,GF05,2006,79.0,A
FIN,AE,P51G,GF06,2006,73.0,A
FIN,AE,P51G,GF07,2006,674.0,A
FIN,AE,P51G,GF08,2006,233.0,A
FIN,AE,P51G,GF09,2006,1024.0,A
FIN,AE,P51G,GF10,2006,50.0,A
FIN,AE,P51G,GF01,2007,1115.0,A
FIN,AE,P51G,GF02,2007,489.0,A
FIN,AE,P51G,GF03,2007,68.0,A
FIN,AE,P51G,GF04,2007,1986.0,A
FIN,AE,P51G,GF05,2007,94.0,A
FIN,AE,P51G,GF06,2007,47.0,A
FIN,AE,P51G,GF07,2007,676.0,A
FIN,AE,P51G,GF08,2007,286.0,A
FIN,AE,P51G,GF09,2007,1146.0,A
FIN,AE,P51G,GF10,2007,611.0,A
FIN,AE,P51G,GF01,2008,1252.0,A
FIN,AE,P51G,GF02,2008,677.0,A
FIN,AE,P51G,GF03,2008,82.0,A
FIN,AE,P51G,GF04,2008,2245.0,A
FIN,AE,P51G,GF05,2008,88.0,A
FIN,AE,P51G,GF06,2008,56.0,A
FIN,AE,P51G,GF07,2008,705.0,A
FIN,AE,P51G,GF08,2008,277.0,A
FIN,AE,P51G,GF09,2008,1174.0,A
FIN,AE,P51G,GF10,2008,409.0,A
FIN,AE,P51G,GF01,2009,1466.0,A
FIN,AE,P51G,GF02,2009,512.0,A
FIN,AE,P51G,GF03,2009,88.0,A
FIN,AE,P51G,GF04,2009,2218.0,A
FIN,AE,P51G,GF05,2009,89.0,A
FIN,AE,P51G,GF06,2009,44.0,A
FIN,AE,P51G,GF07,2009,793.0,A
FIN,AE,P51G,GF08,2009,266.0,A
FIN,AE,P51G,GF09,2009,1164.0,A
FIN,AE,P51G,GF10,2009,482.0,A
FIN,AE,P51G,GF01,2010,1517.0,A
FIN,AE,P51G,GF02,2010,494.0,A
FIN,AE,P51G,GF03,2010,125.0,A
FIN,AE,P51G,GF04,2010,2122.0,A
FIN,AE,P51G,GF05,2010,66.0,A
FIN,AE,P51G,GF06,2010,54.0,A
FIN,AE,P51G,GF07,2010,742.0,A
FIN,AE,P51G,GF08,2010,267.0,A
FIN,AE,P51G,GF09,2010,1433.0,A
FIN,AE,P51G,GF10,2010,65.0,A
FIN,AE,P51G,GF01,2011,1742.0,A
FIN,AE,P51G,GF02,2011,434.0,A
FIN,AE,P51G,GF03,2011,184.0,A
FIN,AE,P51G,GF04,2011,2108.0,A
FIN,AE,P51G,GF05,2011,34.0,A
FIN,AE,P51G,GF06,2011,54.0,A
FIN,AE,P51G,GF07,2011,763.0,A
FIN,AE,P51G,GF08,2011,281.0,A
FIN,AE,P51G,GF09,2011,1553.0,A
FIN,AE,P51G,GF10,2011,335.0,A
FIN,AE,P51G,GF01,2012,1818.0,A
FIN,AE,P51G,GF02,2012,601.0,A
FIN,AE,P51G,GF03,2012,152.0,A
FIN,AE,P51G,GF04,2012,2420.0,A
FIN,AE,P51G,GF05,2012,33.0,A
FIN,AE,P51G,GF06,2012,62.0,A
FIN,AE,P51G,GF07,2012,881.0,A
FIN,AE,P51G,GF08,2012,346.0,A
FIN,AE,P51G,GF09,2012,1391.0,A
FIN,AE,P51G,GF10,2012,394.0,A
FIN,AE,P51G,GF01,2013,1960.0,A
FIN,AE,P51G,GF02,2013,570.0,A
FIN,AE,P51G,GF03,2013,160.0,A
FIN,AE,P51G,GF04,2013,2472.0,A
FIN,AE,P51G,GF05,2013,45.0,A
FIN,AE,P51G,GF06,2013,36.0,A
FIN,AE,P51G,GF07,2013,917.0,A
FIN,AE,P51G,GF08,2013,472.0,A
FIN,AE,P51G,GF09,2013,1487.0,A
FIN,AE,P51G,GF10,2013,381.0,A
FIN,AE,P51G,GF01,2014,1994.0,A
FIN,AE,P51G,GF02,2014,474.0,A
FIN,AE,P51G,GF03,2014,137.0,A
FIN,AE,P51G,GF04,2014,2805.0,A
FIN,AE,P51G,GF05,2014,40.0,A
FIN,AE,P51G,GF06,2014,-5.0,A
FIN,AE,P51G,GF07,2014,919.0,A
FIN,AE,P51G,GF08,2014,418.0,A
FIN,AE,P51G,GF09,2014,1543.0,A
FIN,AE,P51G,GF10,2014,342.0,A
FIN,AE,P51G,GF01,2015,1683.0,B
FIN,AE,P51G,GF02,2015,383.0,A
FIN,AE,P51G,GF03,2015,124.0,B
FIN,AE,P51G,GF04,2015,2555.0,B
FIN,AE,P51G,GF05,2015,44.0,B
FIN,AE,P51G,GF06,2015,108.0,B
FIN,AE,P51G,GF07,2015,825.0,B
FIN,AE,P51G,GF08,2015,520.0,B
FIN,AE,P51G,GF09,2015,1619.0,B
FIN,AE,P51G,GF10,2015,47.0,B
FIN,AE,P51G,GF01,2016,1584.0,A
FIN,AE,P51G,GF02,2016,437.0,A
FIN,AE,P51G,GF03,2016,130.0,A
FIN,AE,P51G,GF04,2016,2627.0,A
FIN,AE,P51G,GF05,2016,36.0,A
FIN,AE,P51G,GF06,2016,127.0,A
FIN,AE,P51G,GF07,2016,1015.0,A
FIN,AE,P51G,GF08,2016,640.0,A
FIN,AE,P51G,GF09,2016,1765.0,A
FIN,AE,P51G,GF10,2016,656.0,A
FIN,AE,P51G,GF01,2017,1752.0,A
FIN,AE,P51G,GF02,2017,484.0,A
FIN,AE,P51G,GF03,2017,105.0,A
FIN,AE,P51G,GF04,2017,2694.0,A
FIN,AE,P51G,GF05,2017,35.0,A
FIN,AE,P51G,GF06,2017,152.0,A
FIN,AE,P51G,GF07,2017,1134.0,A
FIN,AE,P51G,GF08,2017,679.0,A
FIN,AE,P51G,GF09,2017,1763.0,A
FIN,AE,P51G,GF10,2017,416.0,A
FIN,AE,P51G,GF01,2018,2042.0,A
FIN,AE,P51G,GF02,2018,404.0,A
FIN,AE,P51G,GF03,2018,104.0,A
FIN,AE,P51G,GF04,2018,2944.0,A
FIN,AE,P51G,GF05,2018,44.0,A
FIN,AE,P51G,GF06,2018,171.0,A
FIN,AE,P51G,GF07,2018,1181.0,A
FIN,AE,P51G,GF08,2018,859.0,A
FIN,AE,P51G,GF09,2018,1853.0,A
FIN,AE,P51G,GF10,2018,380.0,A
FIN,AE,P51G,GF01,2019,2301.0,A
FIN,AE,P51G,GF02,2019,483.0,A
FIN,AE,P51G,GF03,2019,137.0,A
FIN,AE,P51G,GF04,2019,2915.0,A
FIN,AE,P51G,GF05,2019,30.0,A
FIN,AE,P51G,GF06,2019,217.0,A
FIN,AE,P51G,GF07,2019,1202.0,A
FIN,AE,P51G,GF08,2019,855.0,A
FIN,AE,P51G,GF09,2019,2032.0,A
FIN,AE,P51G,GF10,2019,341.0,A
FIN,AE,P51G,GF01,2020,2537.0,A
FIN,AE,P51G,GF02,2020,643.0,A
FIN,AE,P51G,GF03,2020,137.0,A
FIN,AE,P51G,GF04,2020,3214.0,A
FIN,AE,P51G,GF05,2020,36.0,A
FIN,AE,P51G,GF06,2020,218.0,A
FIN,AE,P51G,GF07,2020,1316.0,A
FIN,AE,P51G,GF08,2020,809.0,A
FIN,AE,P51G,GF09,2020,2204.0,A
FIN,AE,P51G,GF10,2020,397.0,A
FIN,AE,P51G,GF01,2021,2220.0,A
FIN,AE,P51G,GF02,2021,372.0,A
FIN,AE,P51G,GF03,2021,140.0,A
FIN,AE,P51G,GF04,2021,2949.0,A
FIN,AE,P51G,GF05,2021,33.0,A
FIN,AE,P51G,GF06,2021,226.0,A
FIN,AE,P51G,GF07,2021,1294.0,A
FIN,AE,P51G,GF08,2021,723.0,A
FIN,AE,P51G,GF09,2021,2138.0,A
FIN,AE,P51G,GF10,2021,408.0,A
FIN,AE,P51G,GF01,2022,2066.0,A
FIN,AE,P51G,GF02,2022,482.0,A
FIN,AE,P51G,GF03,2022,158.0,A
FIN,AE,P51G,GF04,2022,3331.0,A
FIN,AE,P51G,GF05,2022,37.0,A
FIN,AE,P51G,GF06,2022,231.0,A
FIN,AE,P51G,GF07,2022,1312.0,A
FIN,AE,P51G,GF08,2022,731.0,A
FIN,AE,P51G,GF09,2022,2160.0,A
FIN,AE,P51G,GF10,2022,517.0,A
FIN,AE,P51G,GF01,2023,3151.0,A
FIN,AE,P51G,GF02,2023,197.0,A
FIN,AE,P51G,GF03,2023,177.0,A
FIN,AE,P51G,GF04,2023,3306.0,A
FIN,AE,P51G,GF05,2023,27.0,A
FIN,AE,P51G,GF06,2023,36.0,A
FIN,AE,P51G,GF07,2023,830.0,A
FIN,AE,P51G,GF08,2023,1012.0,A
FIN,AE,P51G,GF09,2023,1895.0,A
FIN,AE,P51G,GF10,2023,415.0,A
FIN,AE,P51G,GF01,2024,3091.0,A
FIN,AE,P51G,GF02,2024,411.0,A
FIN,AE,P51G,GF03,2024,324.0,A
FIN,AE,P51G,GF04,2024,3682.0,A
FIN,AE,P51G,GF05,2024,32.0,A
FIN,AE,P51G,GF06,2024,52.0,A
FIN,AE,P51G,GF07,2024,970.0,A
FIN,AE,P51G,GF08,2024,1057.0,A
FIN,AE,P51G,GF09,2024,2127.0,A
FIN,AE,P51G,GF10,2024,500.0,A
FRA,AE,P51G,GF01,2000,8753.4,A
FRA,AE,P51G,GF02,2000,4568.9,A
FRA,AE,P51G,GF03,2000,1607.4,A
FRA,AE,P51G,GF04,2000,24019.4,A
FRA,AE,P51G,GF05,2000,2964.0,A
FRA,AE,P51G,GF06,2000,3941.6,A
FRA,AE,P51G,GF07,2000,5986.0,A
FRA,AE,P51G,GF08,2000,5231.5,A
FRA,AE,P51G,GF09,2000,5264.7,A
FRA,AE,P51G,GF10,2000,741.4,A
FRA,AE,P51G,GF01,2001,8503.1,A
FRA,AE,P51G,GF02,2001,6472.8,A
FRA,AE,P51G,GF03,2001,2432.5,A
FRA,AE,P51G,GF04,2001,20395.1,A
FRA,AE,P51G,GF05,2001,3378.8,A
FRA,AE,P51G,GF06,2001,4543.2,A
FRA,AE,P51G,GF07,2001,5859.9,A
FRA,AE,P51G,GF08,2001,6040.3,A
FRA,AE,P51G,GF09,2001,5827.3,A
FRA,AE,P51G,GF10,2001,763.3,A
FRA,AE,P51G,GF01,2002,8337.3,A
FRA,AE,P51G,GF02,2002,6142.6,A
FRA,AE,P51G,GF03,2002,2476.2,A
FRA,AE,P51G,GF04,2002,20608.8,A
FRA,AE,P51G,GF05,2002,3109.8,A
FRA,AE,P51G,GF06,2002,4612.1,A
FRA,AE,P51G,GF07,2002,6328.4,A
FRA,AE,P51G,GF08,2002,5873.8,A
FRA,AE,P51G,GF09,2002,6139.5,A
FRA,AE,P51G,GF10,2002,1059.7,A
FRA,AE,P51G,GF01,2003,9259.0,A
FRA,AE,P51G,GF02,2003,4677.0,A
FRA,AE,P51G,GF03,2003,2529.2,A
FRA,AE,P51G,GF04,2003,24204.8,A
FRA,AE,P51G,GF05,2003,3038.9,A
FRA,AE,P51G,GF06,2003,4541.2,A
FRA,AE,P51G,GF07,2003,7280.3,A
FRA,AE,P51G,GF08,2003,6200.4,A
FRA,AE,P51G,GF09,2003,6114.3,A
FRA,AE,P51G,GF10,2003,1317.3,A
FRA,AE,P51G,GF01,2004,10195.6,A
FRA,AE,P51G,GF02,2004,5593.5,A
FRA,AE,P51G,GF03,2004,2310.8,A
FRA,AE,P51G,GF04,2004,24464.5,A
FRA,AE,P51G,GF05,2004,3522.4,A
FRA,AE,P51G,GF06,2004,4971.4,A
FRA,AE,P51G,GF07,2004,7682.8,A
FRA,AE,P51G,GF08,2004,6811.7,A
FRA,AE,P51G,GF09,2004,6628.5,A
FRA,AE,P51G,GF10,2004,1435.0,A
FRA,AE,P51G,GF01,2005,10804.3,A
FRA,AE,P51G,GF02,2005,4950.4,A
FRA,AE,P51G,GF03,2005,2516.6,A
FRA,AE,P51G,GF04,2005,26243.9,A
FRA,AE,P51G,GF05,2005,4094.9,A
FRA,AE,P51G,GF06,2005,5369.5,A
FRA,AE,P51G,GF07,2005,8610.9,A
FRA,AE,P51G,GF08,2005,7495.0,A
FRA,AE,P51G,GF09,2005,6716.0,A
FRA,AE,P51G,GF10,2005,1583.5,A
FRA,AE,P51G,GF01,2006,10949.6,A
FRA,AE,P51G,GF02,2006,5701.4,A
FRA,AE,P51G,GF03,2006,2529.8,A
FRA,AE,P51G,GF04,2006,26624.9,A
FRA,AE,P51G,GF05,2006,4149.0,A
FRA,AE,P51G,GF06,2006,6030.5,A
FRA,AE,P51G,GF07,2006,8995.3,A
FRA,AE,P51G,GF08,2006,7770.9,A
FRA,AE,P51G,GF09,2006,6819.1,A
FRA,AE,P51G,GF10,2006,1307.1,A
FRA,AE,P51G,GF01,2007,12139.8,A
FRA,AE,P51G,GF02,2007,4985.1,A
FRA,AE,P51G,GF03,2007,2820.2,A
FRA,AE,P51G,GF04,2007,27842.5,A
FRA,AE,P51G,GF05,2007,4540.8,A
FRA,AE,P51G,GF06,2007,6526.8,A
FRA,AE,P51G,GF07,2007,8334.8,A
FRA,AE,P51G,GF08,2007,8206.1,A
FRA,AE,P51G,GF09,2007,7270.9,A
FRA,AE,P51G,GF10,2007,2152.9,A
FRA,AE,P51G,GF01,2008,12281.5,A
FRA,AE,P51G,GF02,2008,6185.2,A
FRA,AE,P51G,GF03,2008,3013.7,A
FRA,AE,P51G,GF04,2008,28163.5,A
FRA,AE,P51G,GF05,2008,4760.8,A
FRA,AE,P51G,GF06,2008,6749.7,A
FRA,AE,P51G,GF07,2008,8315.8,A
FRA,AE,P51G,GF08,2008,8044.4,A
FRA,AE,P51G,GF09,2008,8218.9,A
FRA,AE,P51G,GF10,2008,2675.8,A
FRA,AE,P51G,GF01,2009,14474.2,A
FRA,AE,P51G,GF02,2009,7477.1,A
FRA,AE,P51G,GF03,2009,3323.0,A
FRA,AE,P51G,GF04,2009,27812.9,A
FRA,AE,P51G,GF05,2009,4843.7,A
FRA,AE,P51G,GF06,2009,6495.2,A
FRA,AE,P51G,GF07,2009,8480.5,A
FRA,AE,P51G,GF08,2009,7826.4,A
FRA,AE,P51G,GF09,2009,9760.1,A
FRA,AE,P51G,GF10,2009,2937.1,A
FRA,AE,P51G,GF01,2010,13658.2,A
FRA,AE,P51G,GF02,2010,9738.1,A
FRA,AE,P51G,GF03,2010,3559.0,A
FRA,AE,P51G,GF04,2010,28355.7,A
FRA,AE,P51G,GF05,2010,4909.9,A
FRA,AE,P51G,GF06,2010,6062.6,A
FRA,AE,P51G,GF07,2010,8536.7,A
FRA,AE,P51G,GF08,2010,7918.6,A
FRA,AE,P51G,GF09,2010,9873.9,A
FRA,AE,P51G,GF10,2010,3144.8,A
FRA,AE,P51G,GF01,2011,14338.2,A
FRA,AE,P51G,GF02,2011,6253.0,A
FRA,AE,P51G,GF03,2011,2463.7,A
FRA,AE,P51G,GF04,2011,28277.4,A
FRA,AE,P51G,GF05,2011,5116.2,A
FRA,AE,P51G,GF06,2011,5934.8,A
FRA,AE,P51G,GF07,2011,9589.6,A
FRA,AE,P51G,GF08,2011,7972.1,A
FRA,AE,P51G,GF09,2011,9162.8,A
FRA,AE,P51G,GF10,2011,3536.0,A
FRA,AE,P51G,GF01,2012,16176.3,A
FRA,AE,P51G,GF02,2012,6946.0,A
FRA,AE,P51G,GF03,2012,2202.6,A
FRA,AE,P51G,GF04,2012,28884.5,A
FRA,AE,P51G,GF05,2012,4956.8,A
FRA,AE,P51G,GF06,2012,5196.9,A
FRA,AE,P51G,GF07,2012,9901.5,A
FRA,AE,P51G,GF08,2012,8457.9,A
FRA,AE,P51G,GF09,2012,8911.3,A
FRA,AE,P51G,GF10,2012,3469.3,A
FRA,AE,P51G,GF01,2013,16396.2,A
FRA,AE,P51G,GF02,2013,6977.3,A
FRA,AE,P51G,GF03,2013,2184.8,A
FRA,AE,P51G,GF04,2013,31074.4,A
FRA,AE,P51G,GF05,2013,4867.0,A
FRA,AE,P51G,GF06,2013,5853.2,A
FRA,AE,P51G,GF07,2013,8925.1,A
FRA,AE,P51G,GF08,2013,9165.7,A
FRA,AE,P51G,GF09,2013,8452.5,A
FRA,AE,P51G,GF10,2013,3099.1,A
FRA,AE,P51G,GF01,2014,15567.6,A
FRA,AE,P51G,GF02,2014,5819.1,A
FRA,AE,P51G,GF03,2014,2242.1,A
FRA,AE,P51G,GF04,2014,28648.1,A
FRA,AE,P51G,GF05,2014,4850.2,A
FRA,AE,P51G,GF06,2014,5422.7,A
FRA,AE,P51G,GF07,2014,9109.3,A
FRA,AE,P51G,GF08,2014,8420.9,A
FRA,AE,P51G,GF09,2014,8402.9,A
FRA,AE,P51G,GF10,2014,3290.4,A
FRA,AE,P51G,GF01,2015,14857.2,A
FRA,AE,P51G,GF02,2015,6809.6,A
FRA,AE,P51G,GF03,2015,2238.4,A
FRA,AE,P51G,GF04,2015,27622.7,A
FRA,AE,P51G,GF05,2015,4602.6,A
FRA,AE,P51G,GF06,2015,4904.3,A
FRA,AE,P51G,GF07,2015,7908.1,A
FRA,AE,P51G,GF08,2015,7023.8,A
FRA,AE,P51G,GF09,2015,8220.6,A
FRA,AE,P51G,GF10,2015,2580.5,A
FRA,AE,P51G,GF01,2016,15016.6,A
FRA,AE,P51G,GF02,2016,9969.2,A
FRA,AE,P51G,GF03,2016,2300.1,A
FRA,AE,P51G,GF04,2016,26066.2,A
FRA,AE,P51G,GF05,2016,4300.5,A
FRA,AE,P51G,GF06,2016,5042.3,A
FRA,AE,P51G,GF07,2016,7619.4,A
FRA,AE,P51G,GF08,2016,6773.1,A
FRA,AE,P51G,GF09,2016,7716.4,A
FRA,AE,P51G,GF10,2016,2720.5,A
FRA,AE,P51G,GF01,2017,15060.8,A
FRA,AE,P51G,GF02,2017,6871.9,A
FRA,AE,P51G,GF03,2017,2361.1,A
FRA,AE,P51G,GF04,2017,28714.4,A
FRA,AE,P51G,GF05,2017,4578.3,A
FRA,AE,P51G,GF06,2017,5017.7,A
FRA,AE,P51G,GF07,2017,7660.2,A
FRA,AE,P51G,GF08,2017,7195.6,A
FRA,AE,P51G,GF09,2017,8182.1,A
FRA,AE,P51G,GF10,2017,2516.2,A
FRA,AE,P51G,GF01,2018,15278.4,A
FRA,AE,P51G,GF02,2018,7347.5,A
FRA,AE,P51G,GF03,2018,2460.3,A
FRA,AE,P51G,GF04,2018,30227.8,A
FRA,AE,P51G,GF05,2018,4843.6,A
FRA,AE,P51G,GF06,2018,5699.5,A
FRA,AE,P51G,GF07,2018,7640.7,A
FRA,AE,P51G,GF08,2018,7483.1,A
FRA,AE,P51G,GF09,2018,8658.1,A
FRA,AE,P51G,GF10,2018,2543.1,A
FRA,AE,P51G,GF01,2019,16335.2,A
FRA,AE,P51G,GF02,2019,7111.2,A
FRA,AE,P51G,GF03,2019,2691.0,A
FRA,AE,P51G,GF04,2019,32935.4,A
FRA,AE,P51G,GF05,2019,5459.2,A
FRA,AE,P51G,GF06,2019,7303.9,A
FRA,AE,P51G,GF07,2019,7821.4,A
FRA,AE,P51G,GF08,2019,8545.4,A
FRA,AE,P51G,GF09,2019,9699.8,A
FRA,AE,P51G,GF10,2019,3166.9,A
FRA,AE,P51G,GF01,2020,15766.8,A
FRA,AE,P51G,GF02,2020,8308.9,A
FRA,AE,P51G,GF03,2020,2809.5,A
FRA,AE,P51G,GF04,2020,31884.3,A
FRA,AE,P51G,GF05,2020,4863.2,A
FRA,AE,P51G,GF06,2020,6446.6,A
FRA,AE,P51G,GF07,2020,7458.6,A
FRA,AE,P51G,GF08,2020,7565.0,A
FRA,AE,P51G,GF09,2020,8245.7,A
FRA,AE,P51G,GF10,2020,2916.2,A
FRA,AE,P51G,GF01,2021,17385.5,A
FRA,AE,P51G,GF02,2021,7006.9,A
FRA,AE,P51G,GF03,2021,3109.9,A
FRA,AE,P51G,GF04,2021,33708.2,A
FRA,AE,P51G,GF05,2021,5383.1,A
FRA,AE,P51G,GF06,2021,7173.4,A
FRA,AE,P51G,GF07,2021,8142.5,A
FRA,AE,P51G,GF08,2021,8081.3,A
FRA,AE,P51G,GF09,2021,9295.0,A
FRA,AE,P51G,GF10,2021,2873.5,A
FRA,AE,P51G,GF01,2022,18583.9,A
FRA,AE,P51G,GF02,2022,8815.5,A
FRA,AE,P51G,GF03,2022,3602.3,A
FRA,AE,P51G,GF04,2022,33991.3,A
FRA,AE,P51G,GF05,2022,6294.2,A
FRA,AE,P51G,GF06,2022,8898.4,A
FRA,AE,P51G,GF07,2022,8469.0,A
FRA,AE,P51G,GF08,2022,8714.4,A
FRA,AE,P51G,GF09,2022,10400.5,A
FRA,AE,P51G,GF10,2022,2446.0,A
FRA,AE,P51G,GF01,2023,20173.9,P
FRA,AE,P51G,GF02,2023,9590.0,P
FRA,AE,P51G,GF03,2023,3810.3,P
FRA,AE,P51G,GF04,2023,33911.2,P
FRA,AE,P51G,GF05,2023,6844.6,P
FRA,AE,P51G,GF06,2023,11745.9,P
FRA,AE,P51G,GF07,2023,9511.7,P
FRA,AE,P51G,GF08,2023,9608.5,P
FRA,AE,P51G,GF09,2023,11123.0,P
FRA,AE,P51G,GF10,2023,3380.4,P
FRA,AE,P51G,GF01,2024,21263.6,P
FRA,AE,P51G,GF02,2024,9984.0,P
FRA,AE,P51G,GF03,2024,4301.2,P
FRA,AE,P51G,GF04,2024,32082.9,P
FRA,AE,P51G,GF05,2024,6946.0,P
FRA,AE,P51G,GF06,2024,17278.0,P
FRA,AE,P51G,GF07,2024,9865.3,P
FRA,AE,P51G,GF08,2024,10227.6,P
FRA,AE,P51G,GF09,2024,11542.6,P
FRA,AE,P51G,GF10,2024,3505.8,P
GBR,AE,P51G,GF01,2000,370.0,A
GBR,AE,P51G,GF02,2000,5807.0,A
GBR,AE,P51G,GF03,2000,793.0,A
GBR,AE,P51G,GF04,2000,5983.0,A
GBR,AE,P51G,GF05,2000,538.0,A
GBR,AE,P51G,GF06,2000,402.0,A
GBR,AE,P51G,GF07,2000,2688.0,A
GBR,AE,P51G,GF08,2000,824.0,A
GBR,AE,P51G,GF09,2000,1260.0,A
GBR,AE,P51G,GF10,2000,258.0,A
GBR,AE,P51G,GF01,2001,660.0,A
GBR,AE,P51G,GF02,2001,5685.0,A
GBR,AE,P51G,GF03,2001,1056.0,A
GBR,AE,P51G,GF04,2001,6126.0,A
GBR,AE,P51G,GF05,2001,711.0,A
GBR,AE,P51G,GF06,2001,703.0,A
GBR,AE,P51G,GF07,2001,3470.0,A
GBR,AE,P51G,GF08,2001,1159.0,A
GBR,AE,P51G,GF09,2001,2937.0,A
GBR,AE,P51G,GF10,2001,426.0,A
GBR,AE,P51G,GF01,2002,706.0,A
GBR,AE,P51G,GF02,2002,6192.0,A
GBR,AE,P51G,GF03,2002,1219.0,A
GBR,AE,P51G,GF04,2002,7676.0,A
GBR,AE,P51G,GF05,2002,773.0,A
GBR,AE,P51G,GF06,2002,560.0,A
GBR,AE,P51G,GF07,2002,3900.0,A
GBR,AE,P51G,GF08,2002,1038.0,A
GBR,AE,P51G,GF09,2002,2979.0,A
GBR,AE,P51G,GF10,2002,485.0,A
GBR,AE,P51G,GF01,2003,845.0,A
GBR,AE,P51G,GF02,2003,6599.0,A
GBR,AE,P51G,GF03,2003,1311.0,A
GBR,AE,P51G,GF04,2003,8097.0,A
GBR,AE,P51G,GF05,2003,1371.0,A
GBR,AE,P51G,GF06,2003,437.0,A
GBR,AE,P51G,GF07,2003,4190.0,A
GBR,AE,P51G,GF08,2003,1167.0,A
GBR,AE,P51G,GF09,2003,3525.0,A
GBR,AE,P51G,GF10,2003,411.0,A
GBR,AE,P51G,GF01,2004,1613.0,A
GBR,AE,P51G,GF02,2004,7696.0,A
GBR,AE,P51G,GF03,2004,1602.0,A
GBR,AE,P51G,GF04,2004,10666.0,A
GBR,AE,P51G,GF05,2004,1081.0,A
GBR,AE,P51G,GF06,2004,619.0,A
GBR,AE,P51G,GF07,2004,4618.0,A
GBR,AE,P51G,GF08,2004,1152.0,A
GBR,AE,P51G,GF09,2004,4670.0,A
GBR,AE,P51G,GF10,2004,331.0,A
GBR,AE,P51G,GF01,2005,1978.0,A
GBR,AE,P51G,GF02,2005,7467.0,A
GBR,AE,P51G,GF03,2005,1823.0,A
GBR,AE,P51G,GF04,2005,10952.0,A
GBR,AE,P51G,GF05,2005,8177.0,A
GBR,AE,P51G,GF06,2005,875.0,A
GBR,AE,P51G,GF07,2005,4862.0,A
GBR,AE,P51G,GF08,2005,1399.0,A
GBR,AE,P51G,GF09,2005,5472.0,A
GBR,AE,P51G,GF10,2005,499.0,A
GBR,AE,P51G,GF01,2006,1616.0,A
GBR,AE,P51G,GF02,2006,7660.0,A
GBR,AE,P51G,GF03,2006,1773.0,A
GBR,AE,P51G,GF04,2006,11449.0,A
GBR,AE,P51G,GF05,2006,1777.0,A
GBR,AE,P51G,GF06,2006,904.0,A
GBR,AE,P51G,GF07,2006,4561.0,A
GBR,AE,P51G,GF08,2006,1490.0,A
GBR,AE,P51G,GF09,2006,5926.0,A
GBR,AE,P51G,GF10,2006,476.0,A
GBR,AE,P51G,GF01,2007,1709.0,A
GBR,AE,P51G,GF02,2007,9130.0,A
GBR,AE,P51G,GF03,2007,2014.0,A
GBR,AE,P51G,GF04,2007,10854.0,A
GBR,AE,P51G,GF05,2007,1961.0,A
GBR,AE,P51G,GF06,2007,905.0,A
GBR,AE,P51G,GF07,2007,4800.0,A
GBR,AE,P51G,GF08,2007,1839.0,A
GBR,AE,P51G,GF09,2007,5992.0,A
GBR,AE,P51G,GF10,2007,485.0,A
GBR,AE,P51G,GF01,2008,1791.0,A
GBR,AE,P51G,GF02,2008,9111.0,A
GBR,AE,P51G,GF03,2008,2551.0,A
GBR,AE,P51G,GF04,2008,14821.0,A
GBR,AE,P51G,GF05,2008,2155.0,A
GBR,AE,P51G,GF06,2008,1313.0,A
GBR,AE,P51G,GF07,2008,6237.0,A
GBR,AE,P51G,GF08,2008,2912.0,A
GBR,AE,P51G,GF09,2008,6786.0,A
GBR,AE,P51G,GF10,2008,429.0,A
GBR,AE,P51G,GF01,2009,2134.0,A
GBR,AE,P51G,GF02,2009,10101.0,A
GBR,AE,P51G,GF03,2009,2848.0,A
GBR,AE,P51G,GF04,2009,14663.0,A
GBR,AE,P51G,GF05,2009,2228.0,A
GBR,AE,P51G,GF06,2009,1238.0,A
GBR,AE,P51G,GF07,2009,7402.0,A
GBR,AE,P51G,GF08,2009,3606.0,A
GBR,AE,P51G,GF09,2009,7236.0,A
GBR,AE,P51G,GF10,2009,511.0,A
GBR,AE,P51G,GF01,2010,1698.0,A
GBR,AE,P51G,GF02,2010,10711.0,A
GBR,AE,P51G,GF03,2010,2317.0,A
GBR,AE,P51G,GF04,2010,13931.0,A
GBR,AE,P51G,GF05,2010,2378.0,A
GBR,AE,P51G,GF06,2010,860.0,A
GBR,AE,P51G,GF07,2010,7402.0,A
GBR,AE,P51G,GF08,2010,3566.0,A
GBR,AE,P51G,GF09,2010,7874.0,A
GBR,AE,P51G,GF10,2010,576.0,A
GBR,AE,P51G,GF01,2011,1739.0,A
GBR,AE,P51G,GF02,2011,10458.0,A
GBR,AE,P51G,GF03,2011,2000.0,A
GBR,AE,P51G,GF04,2011,13080.0,A
GBR,AE,P51G,GF05,2011,2411.0,A
GBR,AE,P51G,GF06,2011,788.0,A
GBR,AE,P51G,GF07,2011,5700.0,A
GBR,AE,P51G,GF08,2011,3256.0,A
GBR,AE,P51G,GF09,2011,7885.0,A
GBR,AE,P51G,GF10,2011,530.0,A
GBR,AE,P51G,GF01,2012,1752.0,A
GBR,AE,P51G,GF02,2012,9986.0,A
GBR,AE,P51G,GF03,2012,1637.0,A
GBR,AE,P51G,GF04,2012,13813.0,A
GBR,AE,P51G,GF05,2012,2931.0,A
GBR,AE,P51G,GF06,2012,1006.0,A
GBR,AE,P51G,GF07,2012,4776.0,A
GBR,AE,P51G,GF08,2012,2052.0,A
GBR,AE,P51G,GF09,2012,6985.0,A
GBR,AE,P51G,GF10,2012,603.0,A
GBR,AE,P51G,GF01,2013,1756.0,A
GBR,AE,P51G,GF02,2013,10131.0,A
GBR,AE,P51G,GF03,2013,1415.0,A
GBR,AE,P51G,GF04,2013,12870.0,A
GBR,AE,P51G,GF05,2013,2833.0,A
GBR,AE,P51G,GF06,2013,1038.0,A
GBR,AE,P51G,GF07,2013,4990.0,A
GBR,AE,P51G,GF08,2013,1833.0,A
GBR,AE,P51G,GF09,2013,6493.0,A
GBR,AE,P51G,GF10,2013,378.0,A
GBR,AE,P51G,GF01,2014,1665.0,A
GBR,AE,P51G,GF02,2014,10101.0,A
GBR,AE,P51G,GF03,2014,1347.0,A
GBR,AE,P51G,GF04,2014,18256.0,A
GBR,AE,P51G,GF05,2014,2809.0,A
GBR,AE,P51G,GF06,2014,1111.0,A
GBR,AE,P51G,GF07,2014,5551.0,A
GBR,AE,P51G,GF08,2014,1461.0,A
GBR,AE,P51G,GF09,2014,7537.0,A
GBR,AE,P51G,GF10,2014,387.0,A
GBR,AE,P51G,GF01,2015,1944.0,A
GBR,AE,P51G,GF02,2015,8995.0,A
GBR,AE,P51G,GF03,2015,1475.0,A
GBR,AE,P51G,GF04,2015,19285.0,A
GBR,AE,P51G,GF05,2015,2980.0,A
GBR,AE,P51G,GF06,2015,964.0,A
GBR,AE,P51G,GF07,2015,6304.0,A
GBR,AE,P51G,GF08,2015,1819.0,A
GBR,AE,P51G,GF09,2015,7606.0,A
GBR,AE,P51G,GF10,2015,291.0,A
GBR,AE,P51G,GF01,2016,2395.0,A
GBR,AE,P51G,GF02,2016,9365.0,A
GBR,AE,P51G,GF03,2016,1080.0,A
GBR,AE,P51G,GF04,2016,18461.0,A
GBR,AE,P51G,GF05,2016,3293.0,A
GBR,AE,P51G,GF06,2016,1201.0,A
GBR,AE,P51G,GF07,2016,5235.0,A
GBR,AE,P51G,GF08,2016,1830.0,A
GBR,AE,P51G,GF09,2016,8160.0,A
GBR,AE,P51G,GF10,2016,346.0,A
GBR,AE,P51G,GF01,2017,2519.0,A
GBR,AE,P51G,GF02,2017,9167.0,A
GBR,AE,P51G,GF03,2017,1881.0,A
GBR,AE,P51G,GF04,2017,24027.0,A
GBR,AE,P51G,GF05,2017,3462.0,A
GBR,AE,P51G,GF06,2017,1441.0,A
GBR,AE,P51G,GF07,2017,5864.0,A
GBR,AE,P51G,GF08,2017,1856.0,A
GBR,AE,P51G,GF09,2017,6984.0,A
GBR,AE,P51G,GF10,2017,397.0,A
GBR,AE,P51G,GF01,2018,1914.0,A
GBR,AE,P51G,GF02,2018,9569.0,A
GBR,AE,P51G,GF03,2018,2164.0,A
GBR,AE,P51G,GF04,2018,23944.0,A
GBR,AE,P51G,GF05,2018,2976.0,A
GBR,AE,P51G,GF06,2018,1488.0,A
GBR,AE,P51G,GF07,2018,7303.0,A
GBR,AE,P51G,GF08,2018,1883.0,A
GBR,AE,P51G,GF09,2018,6624.0,A
GBR,AE,P51G,GF10,2018,531.0,A
GBR,AE,P51G,GF01,2019,2695.0,A
GBR,AE,P51G,GF02,2019,11169.0,A
GBR,AE,P51G,GF03,2019,2289.0,A
GBR,AE,P51G,GF04,2019,24765.0,A
GBR,AE,P51G,GF05,2019,3029.0,A
GBR,AE,P51G,GF06,2019,1831.0,A
GBR,AE,P51G,GF07,2019,7606.0,A
GBR,AE,P51G,GF08,2019,2195.0,A
GBR,AE,P51G,GF09,2019,6269.0,A
GBR,AE,P51G,GF10,2019,428.0,A
GBR,AE,P51G,GF01,2020,3322.0,A
GBR,AE,P51G,GF02,2020,11807.0,A
GBR,AE,P51G,GF03,2020,2739.0,A
GBR,AE,P51G,GF04,2020,24137.0,A
GBR,AE,P51G,GF05,2020,3090.0,A
GBR,AE,P51G,GF06,2020,1611.0,A
GBR,AE,P51G,GF07,2020,9895.0,A
GBR,AE,P51G,GF08,2020,1995.0,A
GBR,AE,P51G,GF09,2020,6833.0,A
GBR,AE,P51G,GF10,2020,545.0,A
GBR,AE,P51G,GF01,2021,2980.0,A
GBR,AE,P51G,GF02,2021,12841.0,A
GBR,AE,P51G,GF03,2021,3274.0,A
GBR,AE,P51G,GF04,2021,26869.0,A
GBR,AE,P51G,GF05,2021,3536.0,A
GBR,AE,P51G,GF06,2021,1888.0,A
GBR,AE,P51G,GF07,2021,8921.0,A
GBR,AE,P51G,GF08,2021,2090.0,A
GBR,AE,P51G,GF09,2021,8396.0,A
GBR,AE,P51G,GF10,2021,813.0,A
GBR,AE,P51G,GF01,2022,349.0,A
GBR,AE,P51G,GF02,2022,18138.0,A
GBR,AE,P51G,GF03,2022,3526.0,A
GBR,AE,P51G,GF04,2022,29568.0,A
GBR,AE,P51G,GF05,2022,4242.0,A
GBR,AE,P51G,GF06,2022,2528.0,A
GBR,AE,P51G,GF07,2022,10453.0,A
GBR,AE,P51G,GF08,2022,2685.0,A
GBR,AE,P51G,GF09,2022,6783.0,A
GBR,AE,P51G,GF10,2022,707.0,A
GBR,AE,P51G,GF01,2023,2505.0,A
GBR,AE,P51G,GF02,2023,20060.0,A
GBR,AE,P51G,GF03,2023,4101.0,A
GBR,AE,P51G,GF04,2023,31390.0,A
GBR,AE,P51G,GF05,2023,4767.0,A
GBR,AE,P51G,GF06,2023,2281.0,A
GBR,AE,P51G,GF07,2023,11368.0,A
GBR,AE,P51G,GF08,2023,3092.0,A
GBR,AE,P51G,GF09,2023,7347.0,A
GBR,AE,P51G,GF10,2023,914.0,A
GBR,AE,P51G,GF01,2024,3495.0,A
GBR,AE,P51G,GF02,2024,20636.0,A
GBR,AE,P51G,GF03,2024,4550.0,A
GBR,AE,P51G,GF04,2024,32915.0,A
GBR,AE,P51G,GF05,2024,5342.0,A
GBR,AE,P51G,GF06,2024,2344.0,A
GBR,AE,P51G,GF07,2024,12050.0,A
GBR,AE,P51G,GF08,2024,3351.0,A
GBR,AE,P51G,GF09,2024,8305.0,A
GBR,AE,P51G,GF10,2024,808.0,A
GRC,AE,P51G,GF01,2000,859.0,A
GRC,AE,P51G,GF02,2000,261.0,A
GRC,AE,P51G,GF03,2000,18.0,A
GRC,AE,P51G,GF04,2000,3456.0,A
GRC,AE,P51G,GF05,2000,226.0,A
GRC,AE,P51G,GF06,2000,278.0,A
GRC,AE,P51G,GF07,2000,917.0,A
GRC,AE,P51G,GF08,2000,131.0,A
GRC,AE,P51G,GF09,2000,841.0,A
GRC,AE,P51G,GF10,2000,150.0,A
GRC,AE,P51G,GF01,2001,978.0,A
GRC,AE,P51G,GF02,2001,587.0,A
GRC,AE,P51G,GF03,2001,20.0,A
GRC,AE,P51G,GF04,2001,4811.0,A
GRC,AE,P51G,GF05,2001,265.0,A
GRC,AE,P51G,GF06,2001,311.0,A
GRC,AE,P51G,GF07,2001,806.0,A
GRC,AE,P51G,GF08,2001,133.0,A
GRC,AE,P51G,GF09,2001,980.0,A
GRC,AE,P51G,GF10,2001,154.0,A
GRC,AE,P51G,GF01,2002,1056.0,A
GRC,AE,P51G,GF02,2002,1210.0,A
GRC,AE,P51G,GF03,2002,25.0,A
GRC,AE,P51G,GF04,2002,2744.0,A
GRC,AE,P51G,GF05,2002,332.0,A
GRC,AE,P51G,GF06,2002,346.0,A
GRC,AE,P51G,GF07,2002,717.0,A
GRC,AE,P51G,GF08,2002,162.0,A
GRC,AE,P51G,GF09,2002,1135.0,A
GRC,AE,P51G,GF10,2002,284.0,A
GRC,AE,P51G,GF01,2003,1020.0,A
GRC,AE,P51G,GF02,2003,2394.0,A
GRC,AE,P51G,GF03,2003,30.0,A
GRC,AE,P51G,GF04,2003,3867.0,A
GRC,AE,P51G,GF05,2003,276.0,A
GRC,AE,P51G,GF06,2003,361.0,A
GRC,AE,P51G,GF07,2003,864.0,A
GRC,AE,P51G,GF08,2003,184.0,A
GRC,AE,P51G,GF09,2003,1398.0,A
GRC,AE,P51G,GF10,2003,242.0,A
GRC,AE,P51G,GF01,2004,1085.0,A
GRC,AE,P51G,GF02,2004,1367.0,A
GRC,AE,P51G,GF03,2004,45.0,A
GRC,AE,P51G,GF04,2004,4904.0,A
GRC,AE,P51G,GF05,2004,357.0,A
GRC,AE,P51G,GF06,2004,396.0,A
GRC,AE,P51G,GF07,2004,1004.0,A
GRC,AE,P51G,GF08,2004,222.0,A
GRC,AE,P51G,GF09,2004,1436.0,A
GRC,AE,P51G,GF10,2004,209.0,A
GRC,AE,P51G,GF01,2005,996.0,A
GRC,AE,P51G,GF02,2005,943.0,A
GRC,AE,P51G,GF03,2005,44.0,A
GRC,AE,P51G,GF04,2005,3586.0,A
GRC,AE,P51G,GF05,2005,388.0,A
GRC,AE,P51G,GF06,2005,341.0,A
GRC,AE,P51G,GF07,2005,752.0,A
GRC,AE,P51G,GF08,2005,228.0,A
GRC,AE,P51G,GF09,2005,1289.0,A
GRC,AE,P51G,GF10,2005,244.0,A
GRC,AE,P51G,GF01,2006,5356.0,A
GRC,AE,P51G,GF02,2006,978.0,A
GRC,AE,P51G,GF03,2006,61.0,A
GRC,AE,P51G,GF04,2006,3844.0,A
GRC,AE,P51G,GF05,2006,879.0,A
GRC,AE,P51G,GF06,2006,206.0,A
GRC,AE,P51G,GF07,2006,83.0,A
GRC,AE,P51G,GF08,2006,432.0,A
GRC,AE,P51G,GF09,2006,448.0,A
GRC,AE,P51G,GF10,2006,195.0,A
GRC,AE,P51G,GF01,2007,2943.0,A
GRC,AE,P51G,GF02,2007,1500.0,A
GRC,AE,P51G,GF03,2007,94.0,A
GRC,AE,P51G,GF04,2007,4348.0,A
GRC,AE,P51G,GF05,2007,1009.0,A
GRC,AE,P51G,GF06,2007,205.0,A
GRC,AE,P51G,GF07,2007,184.0,A
GRC,AE,P51G,GF08,2007,351.0,A
GRC,AE,P51G,GF09,2007,459.0,A
GRC,AE,P51G,GF10,2007,193.0,A
GRC,AE,P51G,GF01,2008,3622.0,A
GRC,AE,P51G,GF02,2008,2045.0,A
GRC,AE,P51G,GF03,2008,65.0,A
GRC,AE,P51G,GF04,2008,4919.0,A
GRC,AE,P51G,GF05,2008,1292.0,A
GRC,AE,P51G,GF06,2008,262.0,A
GRC,AE,P51G,GF07,2008,222.0,A
GRC,AE,P51G,GF08,2008,400.0,A
GRC,AE,P51G,GF09,2008,520.0,A
GRC,AE,P51G,GF10,2008,163.0,A
GRC,AE,P51G,GF01,2009,3822.0,A
GRC,AE,P51G,GF02,2009,2375.0,A
GRC,AE,P51G,GF03,2009,47.0,A
GRC,AE,P51G,GF04,2009,4441.0,A
GRC,AE,P51G,GF05,2009,1017.0,A
GRC,AE,P51G,GF06,2009,300.0,A
GRC,AE,P51G,GF07,2009,178.0,A
GRC,AE,P51G,GF08,2009,289.0,A
GRC,AE,P51G,GF09,2009,921.0,A
GRC,AE,P51G,GF10,2009,169.0,A
GRC,AE,P51G,GF01,2010,1303.0,A
GRC,AE,P51G,GF02,2010,1445.0,A
GRC,AE,P51G,GF03,2010,29.0,A
GRC,AE,P51G,GF04,2010,3446.0,A
GRC,AE,P51G,GF05,2010,691.0,A
GRC,AE,P51G,GF06,2010,247.0,A
GRC,AE,P51G,GF07,2010,112.0,A
GRC,AE,P51G,GF08,2010,172.0,A
GRC,AE,P51G,GF09,2010,757.0,A
GRC,AE,P51G,GF10,2010,128.0,A
GRC,AE,P51G,GF01,2011,685.0,A
GRC,AE,P51G,GF02,2011,450.0,A
GRC,AE,P51G,GF03,2011,28.0,A
GRC,AE,P51G,GF04,2011,2122.0,A
GRC,AE,P51G,GF05,2011,525.0,A
GRC,AE,P51G,GF06,2011,146.0,A
GRC,AE,P51G,GF07,2011,113.0,A
GRC,AE,P51G,GF08,2011,166.0,A
GRC,AE,P51G,GF09,2011,773.0,A
GRC,AE,P51G,GF10,2011,81.0,A
GRC,AE,P51G,GF01,2012,748.0,A
GRC,AE,P51G,GF02,2012,218.0,A
GRC,AE,P51G,GF03,2012,35.0,A
GRC,AE,P51G,GF04,2012,2073.0,A
GRC,AE,P51G,GF05,2012,509.0,A
GRC,AE,P51G,GF06,2012,156.0,A
GRC,AE,P51G,GF07,2012,91.0,A
GRC,AE,P51G,GF08,2012,152.0,A
GRC,AE,P51G,GF09,2012,788.0,A
GRC,AE,P51G,GF10,2012,55.0,A
GRC,AE,P51G,GF01,2013,800.0,A
GRC,AE,P51G,GF02,2013,158.0,A
GRC,AE,P51G,GF03,2013,54.0,A
GRC,AE,P51G,GF04,2013,3112.0,A
GRC,AE,P51G,GF05,2013,708.0,A
GRC,AE,P51G,GF06,2013,185.0,A
GRC,AE,P51G,GF07,2013,96.0,A
GRC,AE,P51G,GF08,2013,180.0,A
GRC,AE,P51G,GF09,2013,862.0,A
GRC,AE,P51G,GF10,2013,66.0,A
GRC,AE,P51G,GF01,2014,798.0,A
GRC,AE,P51G,GF02,2014,1046.0,A
GRC,AE,P51G,GF03,2014,94.0,A
GRC,AE,P51G,GF04,2014,2408.0,A
GRC,AE,P51G,GF05,2014,683.0,A
GRC,AE,P51G,GF06,2014,303.0,A
GRC,AE,P51G,GF07,2014,85.0,A
GRC,AE,P51G,GF08,2014,231.0,A
GRC,AE,P51G,GF09,2014,846.0,A
GRC,AE,P51G,GF10,2014,77.0,A
GRC,AE,P51G,GF01,2015,1247.0,A
GRC,AE,P51G,GF02,2015,740.0,A
GRC,AE,P51G,GF03,2015,1.0,A
GRC,AE,P51G,GF04,2015,2668.0,A
GRC,AE,P51G,GF05,2015,615.0,A
GRC,AE,P51G,GF06,2015,231.0,A
GRC,AE,P51G,GF07,2015,163.0,A
GRC,AE,P51G,GF08,2015,237.0,A
GRC,AE,P51G,GF09,2015,805.0,A
GRC,AE,P51G,GF10,2015,105.0,A
GRC,AE,P51G,GF01,2016,820.0,A
GRC,AE,P51G,GF02,2016,45.0,A
GRC,AE,P51G,GF03,2016,2.0,A
GRC,AE,P51G,GF04,2016,3992.0,A
GRC,AE,P51G,GF05,2016,322.0,A
GRC,AE,P51G,GF06,2016,137.0,A
GRC,AE,P51G,GF07,2016,109.0,A
GRC,AE,P51G,GF08,2016,139.0,A
GRC,AE,P51G,GF09,2016,607.0,A
GRC,AE,P51G,GF10,2016,64.0,A
GRC,AE,P51G,GF01,2017,540.0,A
GRC,AE,P51G,GF02,2017,884.0,A
GRC,AE,P51G,GF03,2017,1.0,A
GRC,AE,P51G,GF04,2017,5325.0,A
GRC,AE,P51G,GF05,2017,219.0,A
GRC,AE,P51G,GF06,2017,99.0,A
GRC,AE,P51G,GF07,2017,264.0,A
GRC,AE,P51G,GF08,2017,127.0,A
GRC,AE,P51G,GF09,2017,540.0,A
GRC,AE,P51G,GF10,2017,34.0,A
GRC,AE,P51G,GF01,2018,796.0,A
GRC,AE,P51G,GF02,2018,102.0,A
GRC,AE,P51G,GF03,2018,2.0,A
GRC,AE,P51G,GF04,2018,3262.0,A
GRC,AE,P51G,GF05,2018,330.0,A
GRC,AE,P51G,GF06,2018,138.0,A
GRC,AE,P51G,GF07,2018,288.0,A
GRC,AE,P51G,GF08,2018,205.0,A
GRC,AE,P51G,GF09,2018,648.0,A
GRC,AE,P51G,GF10,2018,37.0,A
GRC,AE,P51G,GF01,2019,857.0,A
GRC,AE,P51G,GF02,2019,66.0,A
GRC,AE,P51G,GF03,2019,3.0,A
GRC,AE,P51G,GF04,2019,1924.0,A
GRC,AE,P51G,GF05,2019,310.0,A
GRC,AE,P51G,GF06,2019,126.0,A
GRC,AE,P51G,GF07,2019,325.0,A
GRC,AE,P51G,GF08,2019,191.0,A
GRC,AE,P51G,GF09,2019,742.0,A
GRC,AE,P51G,GF10,2019,31.0,A
GRC,AE,P51G,GF01,2020,822.0,A
GRC,AE,P51G,GF02,2020,238.0,A
GRC,AE,P51G,GF03,2020,12.0,A
GRC,AE,P51G,GF04,2020,2107.0,A
GRC,AE,P51G,GF05,2020,349.0,A
GRC,AE,P51G,GF06,2020,143.0,A
GRC,AE,P51G,GF07,2020,324.0,A
GRC,AE,P51G,GF08,2020,225.0,A
GRC,AE,P51G,GF09,2020,826.0,A
GRC,AE,P51G,GF10,2020,100.0,A
GRC,AE,P51G,GF01,2021,963.0,A
GRC,AE,P51G,GF02,2021,1126.0,A
GRC,AE,P51G,GF03,2021,15.0,A
GRC,AE,P51G,GF04,2021,2462.0,A
GRC,AE,P51G,GF05,2021,320.0,A
GRC,AE,P51G,GF06,2021,160.0,A
GRC,AE,P51G,GF07,2021,358.0,A
GRC,AE,P51G,GF08,2021,279.0,A
GRC,AE,P51G,GF09,2021,839.0,A
GRC,AE,P51G,GF10,2021,127.0,A
GRC,AE,P51G,GF01,2022,1086.0,A
GRC,AE,P51G,GF02,2022,1019.0,A
GRC,AE,P51G,GF03,2022,13.0,A
GRC,AE,P51G,GF04,2022,2985.0,A
GRC,AE,P51G,GF05,2022,466.0,A
GRC,AE,P51G,GF06,2022,232.0,A
GRC,AE,P51G,GF07,2022,422.0,A
GRC,AE,P51G,GF08,2022,319.0,A
GRC,AE,P51G,GF09,2022,970.0,A
GRC,AE,P51G,GF10,2022,63.0,A
GRC,AE,P51G,GF01,2023,1190.0,A
GRC,AE,P51G,GF02,2023,883.0,A
GRC,AE,P51G,GF03,2023,27.0,A
GRC,AE,P51G,GF04,2023,3560.0,A
GRC,AE,P51G,GF05,2023,677.0,A
GRC,AE,P51G,GF06,2023,299.0,A
GRC,AE,P51G,GF07,2023,495.0,A
GRC,AE,P51G,GF08,2023,405.0,A
GRC,AE,P51G,GF09,2023,1042.0,A
GRC,AE,P51G,GF10,2023,100.0,A
GRC,AE,P51G,GF01,2024,1135.0,A
GRC,AE,P51G,GF02,2024,564.0,A
GRC,AE,P51G,GF03,2024,21.0,A
GRC,AE,P51G,GF04,2024,3806.0,A
GRC,AE,P51G,GF05,2024,649.0,A
GRC,AE,P51G,GF06,2024,359.0,A
GRC,AE,P51G,GF07,2024,494.0,A
GRC,AE,P51G,GF08,2024,357.0,A
GRC,AE,P51G,GF09,2024,1075.0,A
GRC,AE,P51G,GF10,2024,152.0,A
HRV,AE,P51G,GF01,2000,74.18,A
HRV,AE,P51G,GF02,2000,25.61,A
HRV,AE,P51G,GF03,2000,23.76,A
HRV,AE,P51G,GF04,2000,673.54,A
HRV,AE,P51G,GF05,2000,19.08,A
HRV,AE,P51G,GF06,2000,230.45,A
HRV,AE,P51G,GF07,2000,114.83,A
HRV,AE,P51G,GF08,2000,42.99,A
HRV,AE,P51G,GF09,2000,71.89,A
HRV,AE,P51G,GF10,2000,15.2,A
HRV,AE,P51G,GF01,2001,71.6,A
HRV,AE,P51G,GF02,2001,20.36,A
HRV,AE,P51G,GF03,2001,22.54,A
HRV,AE,P51G,GF04,2001,556.95,A
HRV,AE,P51G,GF05,2001,20.0,A
HRV,AE,P51G,GF06,2001,228.51,A
HRV,AE,P51G,GF07,2001,120.94,A
HRV,AE,P51G,GF08,2001,53.17,A
HRV,AE,P51G,GF09,2001,60.09,A
HRV,AE,P51G,GF10,2001,17.67,A
HRV,AE,P51G,GF01,2002,74.29,A
HRV,AE,P51G,GF02,2002,22.71,A
HRV,AE,P51G,GF03,2002,37.67,A
HRV,AE,P51G,GF04,2002,795.48,A
HRV,AE,P51G,GF05,2002,14.62,A
HRV,AE,P51G,GF06,2002,108.55,A
HRV,AE,P51G,GF07,2002,79.24,A
HRV,AE,P51G,GF08,2002,53.9,A
HRV,AE,P51G,GF09,2002,135.56,A
HRV,AE,P51G,GF10,2002,14.87,A
HRV,AE,P51G,GF01,2003,107.35,A
HRV,AE,P51G,GF02,2003,22.19,A
HRV,AE,P51G,GF03,2003,50.73,A
HRV,AE,P51G,GF04,2003,1283.2,A
HRV,AE,P51G,GF05,2003,24.09,A
HRV,AE,P51G,GF06,2003,137.98,A
HRV,AE,P51G,GF07,2003,115.76,A
HRV,AE,P51G,GF08,2003,78.21,A
HRV,AE,P51G,GF09,2003,125.82,A
HRV,AE,P51G,GF10,2003,22.45,A
HRV,AE,P51G,GF01,2004,104.15,A
HRV,AE,P51G,GF02,2004,98.96,A
HRV,AE,P51G,GF03,2004,46.72,A
HRV,AE,P51G,GF04,2004,1282.49,A
HRV,AE,P51G,GF05,2004,25.48,A
HRV,AE,P51G,GF06,2004,181.1,A
HRV,AE,P51G,GF07,2004,132.6,A
HRV,AE,P51G,GF08,2004,85.78,A
HRV,AE,P51G,GF09,2004,136.63,A
HRV,AE,P51G,GF10,2004,25.05,A
HRV,AE,P51G,GF01,2005,107.22,A
HRV,AE,P51G,GF02,2005,16.73,A
HRV,AE,P51G,GF03,2005,50.19,A
HRV,AE,P51G,GF04,2005,1041.11,A
HRV,AE,P51G,GF05,2005,28.87,A
HRV,AE,P51G,GF06,2005,162.6,A
HRV,AE,P51G,GF07,2005,150.29,A
HRV,AE,P51G,GF08,2005,108.35,A
HRV,AE,P51G,GF09,2005,154.83,A
HRV,AE,P51G,GF10,2005,34.26,A
HRV,AE,P51G,GF01,2006,143.34,A
HRV,AE,P51G,GF02,2006,22.44,A
HRV,AE,P51G,GF03,2006,88.98,A
HRV,AE,P51G,GF04,2006,1020.84,A
HRV,AE,P51G,GF05,2006,47.27,A
HRV,AE,P51G,GF06,2006,195.1,A
HRV,AE,P51G,GF07,2006,145.73,A
HRV,AE,P51G,GF08,2006,119.38,A
HRV,AE,P51G,GF09,2006,150.38,A
HRV,AE,P51G,GF10,2006,41.87,A
HRV,AE,P51G,GF01,2007,209.05,A
HRV,AE,P51G,GF02,2007,32.68,A
HRV,AE,P51G,GF03,2007,100.68,A
HRV,AE,P51G,GF04,2007,1603.26,A
HRV,AE,P51G,GF05,2007,46.71,A
HRV,AE,P51G,GF06,2007,201.25,A
HRV,AE,P51G,GF07,2007,164.16,A
HRV,AE,P51G,GF08,2007,138.64,A
HRV,AE,P51G,GF09,2007,192.39,A
HRV,AE,P51G,GF10,2007,37.13,A
HRV,AE,P51G,GF01,2008,202.94,A
HRV,AE,P51G,GF02,2008,100.5,A
HRV,AE,P51G,GF03,2008,83.47,A
HRV,AE,P51G,GF04,2008,1467.86,A
HRV,AE,P51G,GF05,2008,43.94,A
HRV,AE,P51G,GF06,2008,196.81,A
HRV,AE,P51G,GF07,2008,145.05,A
HRV,AE,P51G,GF08,2008,130.83,A
HRV,AE,P51G,GF09,2008,186.98,A
HRV,AE,P51G,GF10,2008,37.0,A
HRV,AE,P51G,GF01,2009,145.52,A
HRV,AE,P51G,GF02,2009,54.15,A
HRV,AE,P51G,GF03,2009,71.37,A
HRV,AE,P51G,GF04,2009,1366.01,A
HRV,AE,P51G,GF05,2009,56.14,A
HRV,AE,P51G,GF06,2009,191.89,A
HRV,AE,P51G,GF07,2009,144.89,A
HRV,AE,P51G,GF08,2009,132.82,A
HRV,AE,P51G,GF09,2009,293.63,A
HRV,AE,P51G,GF10,2009,43.43,A
HRV,AE,P51G,GF01,2010,85.6,A
HRV,AE,P51G,GF02,2010,46.08,A
HRV,AE,P51G,GF03,2010,42.83,A
HRV,AE,P51G,GF04,2010,860.46,A
HRV,AE,P51G,GF05,2010,49.79,A
HRV,AE,P51G,GF06,2010,123.47,A
HRV,AE,P51G,GF07,2010,160.15,A
HRV,AE,P51G,GF08,2010,73.96,A
HRV,AE,P51G,GF09,2010,226.15,A
HRV,AE,P51G,GF10,2010,32.19,A
HRV,AE,P51G,GF01,2011,78.72,A
HRV,AE,P51G,GF02,2011,101.03,A
HRV,AE,P51G,GF03,2011,52.82,A
HRV,AE,P51G,GF04,2011,725.76,A
HRV,AE,P51G,GF05,2011,92.3,A
HRV,AE,P51G,GF06,2011,167.47,A
HRV,AE,P51G,GF07,2011,130.45,A
HRV,AE,P51G,GF08,2011,86.29,A
HRV,AE,P51G,GF09,2011,164.1,A
HRV,AE,P51G,GF10,2011,34.11,A
HRV,AE,P51G,GF01,2012,68.58,A
HRV,AE,P51G,GF02,2012,99.34,A
HRV,AE,P51G,GF03,2012,30.56,A
HRV,AE,P51G,GF04,2012,717.97,A
HRV,AE,P51G,GF05,2012,97.24,A
HRV,AE,P51G,GF06,2012,208.9,A
HRV,AE,P51G,GF07,2012,194.37,A
HRV,AE,P51G,GF08,2012,77.41,A
HRV,AE,P51G,GF09,2012,130.52,A
HRV,AE,P51G,GF10,2012,32.38,A
HRV,AE,P51G,GF01,2013,92.03,A
HRV,AE,P51G,GF02,2013,71.48,A
HRV,AE,P51G,GF03,2013,35.7,A
HRV,AE,P51G,GF04,2013,925.22,A
HRV,AE,P51G,GF05,2013,112.0,A
HRV,AE,P51G,GF06,2013,168.15,A
HRV,AE,P51G,GF07,2013,182.86,A
HRV,AE,P51G,GF08,2013,84.19,A
HRV,AE,P51G,GF09,2013,128.27,A
HRV,AE,P51G,GF10,2013,34.56,A
HRV,AE,P51G,GF01,2014,142.47,A
HRV,AE,P51G,GF02,2014,40.64,A
HRV,AE,P51G,GF03,2014,42.07,A
HRV,AE,P51G,GF04,2014,742.07,A
HRV,AE,P51G,GF05,2014,101.58,A
HRV,AE,P51G,GF06,2014,130.21,A
HRV,AE,P51G,GF07,2014,142.74,A
HRV,AE,P51G,GF08,2014,116.23,A
HRV,AE,P51G,GF09,2014,138.96,A
HRV,AE,P51G,GF10,2014,45.77,A
HRV,AE,P51G,GF01,2015,124.3,A
HRV,AE,P51G,GF02,2015,81.28,A
HRV,AE,P51G,GF03,2015,70.55,A
HRV,AE,P51G,GF04,2015,648.55,A
HRV,AE,P51G,GF05,2015,92.71,A
HRV,AE,P51G,GF06,2015,130.94,A
HRV,AE,P51G,GF07,2015,138.79,A
HRV,AE,P51G,GF08,2015,113.81,A
HRV,AE,P51G,GF09,2015,159.73,A
HRV,AE,P51G,GF10,2015,25.76,A
HRV,AE,P51G,GF01,2016,151.29,A
HRV,AE,P51G,GF02,2016,67.42,A
HRV,AE,P51G,GF03,2016,62.15,A
HRV,AE,P51G,GF04,2016,618.22,A
HRV,AE,P51G,GF05,2016,67.56,A
HRV,AE,P51G,GF06,2016,135.3,A
HRV,AE,P51G,GF07,2016,130.79,A
HRV,AE,P51G,GF08,2016,105.56,A
HRV,AE,P51G,GF09,2016,126.48,A
HRV,AE,P51G,GF10,2016,27.04,A
HRV,AE,P51G,GF01,2017,160.33,A
HRV,AE,P51G,GF02,2017,64.49,A
HRV,AE,P51G,GF03,2017,48.92,A
HRV,AE,P51G,GF04,2017,455.44,A
HRV,AE,P51G,GF05,2017,49.81,A
HRV,AE,P51G,GF06,2017,120.05,A
HRV,AE,P51G,GF07,2017,144.34,A
HRV,AE,P51G,GF08,2017,98.42,A
HRV,AE,P51G,GF09,2017,128.28,A
HRV,AE,P51G,GF10,2017,27.77,A
HRV,AE,P51G,GF01,2018,202.61,A
HRV,AE,P51G,GF02,2018,47.86,A
HRV,AE,P51G,GF03,2018,61.49,A
HRV,AE,P51G,GF04,2018,789.78,A
HRV,AE,P51G,GF05,2018,74.37,A
HRV,AE,P51G,GF06,2018,95.81,A
HRV,AE,P51G,GF07,2018,213.76,A
HRV,AE,P51G,GF08,2018,133.41,A
HRV,AE,P51G,GF09,2018,155.14,A
HRV,AE,P51G,GF10,2018,47.75,A
HRV,AE,P51G,GF01,2019,257.37,A
HRV,AE,P51G,GF02,2019,51.58,A
HRV,AE,P51G,GF03,2019,81.13,A
HRV,AE,P51G,GF04,2019,979.12,A
HRV,AE,P51G,GF05,2019,93.3,A
HRV,AE,P51G,GF06,2019,115.01,A
HRV,AE,P51G,GF07,2019,275.82,A
HRV,AE,P51G,GF08,2019,181.86,A
HRV,AE,P51G,GF09,2019,268.4,A
HRV,AE,P51G,GF10,2019,61.93,A
HRV,AE,P51G,GF01,2020,267.7,A
HRV,AE,P51G,GF02,2020,46.1,A
HRV,AE,P51G,GF03,2020,85.06,A
HRV,AE,P51G,GF04,2020,1210.4,A
HRV,AE,P51G,GF05,2020,122.74,A
HRV,AE,P51G,GF06,2020,122.99,A
HRV,AE,P51G,GF07,2020,347.94,A
HRV,AE,P51G,GF08,2020,186.54,A
HRV,AE,P51G,GF09,2020,357.43,A
HRV,AE,P51G,GF10,2020,84.18,A
HRV,AE,P51G,GF01,2021,273.34,A
HRV,AE,P51G,GF02,2021,39.64,A
HRV,AE,P51G,GF03,2021,112.07,A
HRV,AE,P51G,GF04,2021,1231.1,A
HRV,AE,P51G,GF05,2021,125.3,A
HRV,AE,P51G,GF06,2021,112.12,A
HRV,AE,P51G,GF07,2021,340.29,A
HRV,AE,P51G,GF08,2021,179.2,A
HRV,AE,P51G,GF09,2021,304.99,A
HRV,AE,P51G,GF10,2021,82.56,A
HRV,AE,P51G,GF01,2022,244.48,A
HRV,AE,P51G,GF02,2022,102.01,A
HRV,AE,P51G,GF03,2022,85.22,A
HRV,AE,P51G,GF04,2022,1166.55,A
HRV,AE,P51G,GF05,2022,95.03,A
HRV,AE,P51G,GF06,2022,144.6,A
HRV,AE,P51G,GF07,2022,344.48,A
HRV,AE,P51G,GF08,2022,178.71,A
HRV,AE,P51G,GF09,2022,315.77,A
HRV,AE,P51G,GF10,2022,83.44,A
HRV,AE,P51G,GF01,2023,405.99,A
HRV,AE,P51G,GF02,2023,342.87,A
HRV,AE,P51G,GF03,2023,155.18,A
HRV,AE,P51G,GF04,2023,1583.76,A
HRV,AE,P51G,GF05,2023,130.87,A
HRV,AE,P51G,GF06,2023,232.71,A
HRV,AE,P51G,GF07,2023,625.76,A
HRV,AE,P51G,GF08,2023,278.48,A
HRV,AE,P51G,GF09,2023,615.96,A
HRV,AE,P51G,GF10,2023,110.01,A
HRV,AE,P51G,GF01,2024,374.11,A
HRV,AE,P51G,GF02,2024,428.95,A
HRV,AE,P51G,GF03,2024,204.42,A
HRV,AE,P51G,GF04,2024,1574.09,A
HRV,AE,P51G,GF05,2024,169.85,A
HRV,AE,P51G,GF06,2024,209.18,A
HRV,AE,P51G,GF07,2024,603.31,A
HRV,AE,P51G,GF08,2024,276.86,A
HRV,AE,P51G,GF09,2024,562.41,A
HRV,AE,P51G,GF10,2024,91.04,A
HUN,EMDE,P51G,GF01,2000,166377.0,A
HUN,EMDE,P51G,GF02,2000,30941.0,A
HUN,EMDE,P51G,GF03,2000,26468.0,A
HUN,EMDE,P51G,GF04,2000,112708.0,A
HUN,EMDE,P51G,GF05,2000,45857.0,A
HUN,EMDE,P51G,GF06,2000,-4861.0,A
HUN,EMDE,P51G,GF07,2000,29260.0,A
HUN,EMDE,P51G,GF08,2000,20688.0,A
HUN,EMDE,P51G,GF09,2000,37603.0,A
HUN,EMDE,P51G,GF10,2000,9581.0,A
HUN,EMDE,P51G,GF01,2001,196155.0,A
HUN,EMDE,P51G,GF02,2001,22361.0,A
HUN,EMDE,P51G,GF03,2001,22102.0,A
HUN,EMDE,P51G,GF04,2001,190980.0,A
HUN,EMDE,P51G,GF05,2001,65495.0,A
HUN,EMDE,P51G,GF06,2001,-4753.0,A
HUN,EMDE,P51G,GF07,2001,29506.0,A
HUN,EMDE,P51G,GF08,2001,26881.0,A
HUN,EMDE,P51G,GF09,2001,42943.0,A
HUN,EMDE,P51G,GF10,2001,11990.0,A
HUN,EMDE,P51G,GF01,2002,290322.0,A
HUN,EMDE,P51G,GF02,2002,57805.0,A
HUN,EMDE,P51G,GF03,2002,46482.0,A
HUN,EMDE,P51G,GF04,2002,164502.0,A
HUN,EMDE,P51G,GF05,2002,87138.0,A
HUN,EMDE,P51G,GF06,2002,20658.0,A
HUN,EMDE,P51G,GF07,2002,53405.0,A
HUN,EMDE,P51G,GF08,2002,68439.0,A
HUN,EMDE,P51G,GF09,2002,90060.0,A
HUN,EMDE,P51G,GF10,2002,15723.0,A
HUN,EMDE,P51G,GF01,2003,209268.0,A
HUN,EMDE,P51G,GF02,2003,35072.0,A
HUN,EMDE,P51G,GF03,2003,33182.0,A
HUN,EMDE,P51G,GF04,2003,194841.0,A
HUN,EMDE,P51G,GF05,2003,62249.0,A
HUN,EMDE,P51G,GF06,2003,13010.0,A
HUN,EMDE,P51G,GF07,2003,53026.0,A
HUN,EMDE,P51G,GF08,2003,48049.0,A
HUN,EMDE,P51G,GF09,2003,55445.0,A
HUN,EMDE,P51G,GF10,2003,17752.0,A
HUN,EMDE,P51G,GF01,2004,220481.12,A
HUN,EMDE,P51G,GF02,2004,37453.0,A
HUN,EMDE,P51G,GF03,2004,15239.0,A
HUN,EMDE,P51G,GF04,2004,273120.21,A
HUN,EMDE,P51G,GF05,2004,65624.0,A
HUN,EMDE,P51G,GF06,2004,28863.0,A
HUN,EMDE,P51G,GF07,2004,39987.0,A
HUN,EMDE,P51G,GF08,2004,57104.67,A
HUN,EMDE,P51G,GF09,2004,47656.0,A
HUN,EMDE,P51G,GF10,2004,14618.0,A
HUN,EMDE,P51G,GF01,2005,252655.0,A
HUN,EMDE,P51G,GF02,2005,37709.0,A
HUN,EMDE,P51G,GF03,2005,30188.0,A
HUN,EMDE,P51G,GF04,2005,348562.0,A
HUN,EMDE,P51G,GF05,2005,84772.0,A
HUN,EMDE,P51G,GF06,2005,34574.0,A
HUN,EMDE,P51G,GF07,2005,46753.0,A
HUN,EMDE,P51G,GF08,2005,31631.0,A
HUN,EMDE,P51G,GF09,2005,58411.0,A
HUN,EMDE,P51G,GF10,2005,12971.0,A
HUN,EMDE,P51G,GF01,2006,202446.0,A
HUN,EMDE,P51G,GF02,2006,130708.0,A
HUN,EMDE,P51G,GF03,2006,34680.0,A
HUN,EMDE,P51G,GF04,2006,502901.0,A
HUN,EMDE,P51G,GF05,2006,119079.0,A
HUN,EMDE,P51G,GF06,2006,47576.0,A
HUN,EMDE,P51G,GF07,2006,69970.0,A
HUN,EMDE,P51G,GF08,2006,37265.0,A
HUN,EMDE,P51G,GF09,2006,82998.0,A
HUN,EMDE,P51G,GF10,2006,16633.0,A
HUN,EMDE,P51G,GF01,2007,189863.0,A
HUN,EMDE,P51G,GF02,2007,118518.0,A
HUN,EMDE,P51G,GF03,2007,36479.0,A
HUN,EMDE,P51G,GF04,2007,436444.0,A
HUN,EMDE,P51G,GF05,2007,97104.0,A
HUN,EMDE,P51G,GF06,2007,43680.0,A
HUN,EMDE,P51G,GF07,2007,47924.0,A
HUN,EMDE,P51G,GF08,2007,34598.0,A
HUN,EMDE,P51G,GF09,2007,69763.0,A
HUN,EMDE,P51G,GF10,2007,13484.0,A
HUN,EMDE,P51G,GF01,2008,163768.0,A
HUN,EMDE,P51G,GF02,2008,52556.0,A
HUN,EMDE,P51G,GF03,2008,17070.0,A
HUN,EMDE,P51G,GF04,2008,362884.0,A
HUN,EMDE,P51G,GF05,2008,94420.0,A
HUN,EMDE,P51G,GF06,2008,16984.0,A
HUN,EMDE,P51G,GF07,2008,41559.0,A
HUN,EMDE,P51G,GF08,2008,40099.0,A
HUN,EMDE,P51G,GF09,2008,63965.0,A
HUN,EMDE,P51G,GF10,2008,15631.0,A
HUN,EMDE,P51G,GF01,2009,189109.0,A
HUN,EMDE,P51G,GF02,2009,40896.0,A
HUN,EMDE,P51G,GF03,2009,18918.0,A
HUN,EMDE,P51G,GF04,2009,369257.0,A
HUN,EMDE,P51G,GF05,2009,59507.0,A
HUN,EMDE,P51G,GF06,2009,67725.0,A
HUN,EMDE,P51G,GF07,2009,31841.0,A
HUN,EMDE,P51G,GF08,2009,42777.0,A
HUN,EMDE,P51G,GF09,2009,70585.0,A
HUN,EMDE,P51G,GF10,2009,14549.0,A
HUN,EMDE,P51G,GF01,2010,209276.0,A
HUN,EMDE,P51G,GF02,2010,30503.0,A
HUN,EMDE,P51G,GF03,2010,11069.0,A
HUN,EMDE,P51G,GF04,2010,338218.0,A
HUN,EMDE,P51G,GF05,2010,101803.0,A
HUN,EMDE,P51G,GF06,2010,-1040.0,A
HUN,EMDE,P51G,GF07,2010,49047.0,A
HUN,EMDE,P51G,GF08,2010,69936.0,A
HUN,EMDE,P51G,GF09,2010,168687.0,A
HUN,EMDE,P51G,GF10,2010,18110.0,A
HUN,EMDE,P51G,GF01,2011,169799.0,A
HUN,EMDE,P51G,GF02,2011,13945.0,A
HUN,EMDE,P51G,GF03,2011,20736.0,A
HUN,EMDE,P51G,GF04,2011,317720.0,A
HUN,EMDE,P51G,GF05,2011,111493.0,A
HUN,EMDE,P51G,GF06,2011,7464.0,A
HUN,EMDE,P51G,GF07,2011,67175.0,A
HUN,EMDE,P51G,GF08,2011,81483.0,A
HUN,EMDE,P51G,GF09,2011,133941.0,A
HUN,EMDE,P51G,GF10,2011,21886.0,A
HUN,EMDE,P51G,GF01,2012,196703.0,A
HUN,EMDE,P51G,GF02,2012,16999.0,A
HUN,EMDE,P51G,GF03,2012,23148.0,A
HUN,EMDE,P51G,GF04,2012,395944.0,A
HUN,EMDE,P51G,GF05,2012,108228.0,A
HUN,EMDE,P51G,GF06,2012,9162.0,A
HUN,EMDE,P51G,GF07,2012,71390.0,A
HUN,EMDE,P51G,GF08,2012,129930.0,A
HUN,EMDE,P51G,GF09,2012,105171.0,A
HUN,EMDE,P51G,GF10,2012,14680.0,A
HUN,EMDE,P51G,GF01,2013,276947.0,A
HUN,EMDE,P51G,GF02,2013,15982.0,A
HUN,EMDE,P51G,GF03,2013,41752.0,A
HUN,EMDE,P51G,GF04,2013,528316.0,A
HUN,EMDE,P51G,GF05,2013,185599.0,A
HUN,EMDE,P51G,GF06,2013,13356.0,A
HUN,EMDE,P51G,GF07,2013,55121.0,A
HUN,EMDE,P51G,GF08,2013,82163.0,A
HUN,EMDE,P51G,GF09,2013,89328.0,A
HUN,EMDE,P51G,GF10,2013,32926.0,A
HUN,EMDE,P51G,GF01,2014,280604.0,A
HUN,EMDE,P51G,GF02,2014,17077.0,A
HUN,EMDE,P51G,GF03,2014,32717.0,A
HUN,EMDE,P51G,GF04,2014,771410.0,A
HUN,EMDE,P51G,GF05,2014,228303.0,A
HUN,EMDE,P51G,GF06,2014,44517.0,A
HUN,EMDE,P51G,GF07,2014,90063.0,A
HUN,EMDE,P51G,GF08,2014,104974.0,A
HUN,EMDE,P51G,GF09,2014,119478.0,A
HUN,EMDE,P51G,GF10,2014,58165.0,A
HUN,EMDE,P51G,GF01,2015,387046.0,A
HUN,EMDE,P51G,GF02,2015,24420.0,A
HUN,EMDE,P51G,GF03,2015,51562.0,A
HUN,EMDE,P51G,GF04,2015,879130.0,A
HUN,EMDE,P51G,GF05,2015,295381.0,A
HUN,EMDE,P51G,GF06,2015,121095.0,A
HUN,EMDE,P51G,GF07,2015,179669.0,A
HUN,EMDE,P51G,GF08,2015,119215.0,A
HUN,EMDE,P51G,GF09,2015,159573.0,A
HUN,EMDE,P51G,GF10,2015,62226.0,A
HUN,EMDE,P51G,GF01,2016,305951.0,A
HUN,EMDE,P51G,GF02,2016,45067.0,A
HUN,EMDE,P51G,GF03,2016,48223.0,A
HUN,EMDE,P51G,GF04,2016,420870.0,A
HUN,EMDE,P51G,GF05,2016,37094.0,A
HUN,EMDE,P51G,GF06,2016,7949.0,A
HUN,EMDE,P51G,GF07,2016,32843.0,A
HUN,EMDE,P51G,GF08,2016,141492.0,A
HUN,EMDE,P51G,GF09,2016,74916.0,A
HUN,EMDE,P51G,GF10,2016,28647.0,A
HUN,EMDE,P51G,GF01,2017,384716.0,A
HUN,EMDE,P51G,GF02,2017,111432.0,A
HUN,EMDE,P51G,GF03,2017,67212.0,A
HUN,EMDE,P51G,GF04,2017,722563.0,A
HUN,EMDE,P51G,GF05,2017,49173.0,A
HUN,EMDE,P51G,GF06,2017,8726.0,A
HUN,EMDE,P51G,GF07,2017,49934.0,A
HUN,EMDE,P51G,GF08,2017,193228.0,A
HUN,EMDE,P51G,GF09,2017,156676.0,A
HUN,EMDE,P51G,GF10,2017,37231.0,A
HUN,EMDE,P51G,GF01,2018,468121.0,A
HUN,EMDE,P51G,GF02,2018,107730.0,A
HUN,EMDE,P51G,GF03,2018,116172.0,A
HUN,EMDE,P51G,GF04,2018,1080795.0,A
HUN,EMDE,P51G,GF05,2018,79608.0,A
HUN,EMDE,P51G,GF06,2018,10811.0,A
HUN,EMDE,P51G,GF07,2018,87292.0,A
HUN,EMDE,P51G,GF08,2018,274932.0,A
HUN,EMDE,P51G,GF09,2018,252148.0,A
HUN,EMDE,P51G,GF10,2018,38141.0,A
HUN,EMDE,P51G,GF01,2019,528074.0,A
HUN,EMDE,P51G,GF02,2019,113758.0,A
HUN,EMDE,P51G,GF03,2019,107721.0,A
HUN,EMDE,P51G,GF04,2019,1356778.0,A
HUN,EMDE,P51G,GF05,2019,129098.0,A
HUN,EMDE,P51G,GF06,2019,23840.0,A
HUN,EMDE,P51G,GF07,2019,124539.0,A
HUN,EMDE,P51G,GF08,2019,350810.0,A
HUN,EMDE,P51G,GF09,2019,200177.0,A
HUN,EMDE,P51G,GF10,2019,48163.0,A
HUN,EMDE,P51G,GF01,2020,533512.0,A
HUN,EMDE,P51G,GF02,2020,120993.0,A
HUN,EMDE,P51G,GF03,2020,99906.0,A
HUN,EMDE,P51G,GF04,2020,1323725.0,A
HUN,EMDE,P51G,GF05,2020,137925.0,A
HUN,EMDE,P51G,GF06,2020,61468.0,A
HUN,EMDE,P51G,GF07,2020,166703.0,A
HUN,EMDE,P51G,GF08,2020,377311.0,A
HUN,EMDE,P51G,GF09,2020,254544.0,A
HUN,EMDE,P51G,GF10,2020,53153.0,A
HUN,EMDE,P51G,GF01,2021,595919.0,A
HUN,EMDE,P51G,GF02,2021,73284.0,A
HUN,EMDE,P51G,GF03,2021,97696.0,A
HUN,EMDE,P51G,GF04,2021,1447712.0,A
HUN,EMDE,P51G,GF05,2021,126915.0,A
HUN,EMDE,P51G,GF06,2021,103707.0,A
HUN,EMDE,P51G,GF07,2021,145552.0,A
HUN,EMDE,P51G,GF08,2021,445376.0,A
HUN,EMDE,P51G,GF09,2021,363033.0,A
HUN,EMDE,P51G,GF10,2021,62126.0,A
HUN,EMDE,P51G,GF01,2022,679367.0,A
HUN,EMDE,P51G,GF02,2022,208883.0,A
HUN,EMDE,P51G,GF03,2022,85452.0,A
HUN,EMDE,P51G,GF04,2022,1393243.0,A
HUN,EMDE,P51G,GF05,2022,111046.0,A
HUN,EMDE,P51G,GF06,2022,103984.0,A
HUN,EMDE,P51G,GF07,2022,111328.0,A
HUN,EMDE,P51G,GF08,2022,414174.0,A
HUN,EMDE,P51G,GF09,2022,334089.0,A
HUN,EMDE,P51G,GF10,2022,62049.0,A
HUN,EMDE,P51G,GF01,2023,740883.0,A
HUN,EMDE,P51G,GF02,2023,429087.0,A
HUN,EMDE,P51G,GF03,2023,83073.0,A
HUN,EMDE,P51G,GF04,2023,1141256.0,A
HUN,EMDE,P51G,GF05,2023,100340.0,A
HUN,EMDE,P51G,GF06,2023,390261.0,A
HUN,EMDE,P51G,GF07,2023,135628.0,A
HUN,EMDE,P51G,GF08,2023,407194.0,A
HUN,EMDE,P51G,GF09,2023,389687.0,A
HUN,EMDE,P51G,GF10,2023,57547.0,A
HUN,EMDE,P51G,GF01,2024,720354.0,A
HUN,EMDE,P51G,GF02,2024,602473.0,A
HUN,EMDE,P51G,GF03,2024,118898.0,A
HUN,EMDE,P51G,GF04,2024,940229.0,A
HUN,EMDE,P51G,GF05,2024,68660.0,A
HUN,EMDE,P51G,GF06,2024,247976.0,A
HUN,EMDE,P51G,GF07,2024,92531.0,A
HUN,EMDE,P51G,GF08,2024,337139.0,A
HUN,EMDE,P51G,GF09,2024,297965.0,A
HUN,EMDE,P51G,GF10,2024,37661.0,A
IRL,AE,P51G,GF01,2000,467.97,A
IRL,AE,P51G,GF02,2000,45.51,A
IRL,AE,P51G,GF03,2000,140.57,A
IRL,AE,P51G,GF04,2000,1065.42,A
IRL,AE,P51G,GF05,2000,346.75,A
IRL,AE,P51G,GF06,2000,675.62,A
IRL,AE,P51G,GF07,2000,226.02,A
IRL,AE,P51G,GF08,2000,96.6,A
IRL,AE,P51G,GF09,2000,387.16,A
IRL,AE,P51G,GF10,2000,348.17,A
IRL,AE,P51G,GF01,2001,452.96,A
IRL,AE,P51G,GF02,2001,108.33,A
IRL,AE,P51G,GF03,2001,175.29,A
IRL,AE,P51G,GF04,2001,1468.69,A
IRL,AE,P51G,GF05,2001,475.17,A
IRL,AE,P51G,GF06,2001,1010.04,A
IRL,AE,P51G,GF07,2001,261.38,A
IRL,AE,P51G,GF08,2001,113.29,A
IRL,AE,P51G,GF09,2001,514.57,A
IRL,AE,P51G,GF10,2001,572.59,A
IRL,AE,P51G,GF01,2002,441.86,A
IRL,AE,P51G,GF02,2002,76.48,A
IRL,AE,P51G,GF03,2002,166.49,A
IRL,AE,P51G,GF04,2002,1911.8,A
IRL,AE,P51G,GF05,2002,470.34,A
IRL,AE,P51G,GF06,2002,1064.52,A
IRL,AE,P51G,GF07,2002,296.41,A
IRL,AE,P51G,GF08,2002,149.67,A
IRL,AE,P51G,GF09,2002,415.16,A
IRL,AE,P51G,GF10,2002,748.53,A
IRL,AE,P51G,GF01,2003,424.35,A
IRL,AE,P51G,GF02,2003,57.47,A
IRL,AE,P51G,GF03,2003,157.28,A
IRL,AE,P51G,GF04,2003,1844.01,A
IRL,AE,P51G,GF05,2003,396.7,A
IRL,AE,P51G,GF06,2003,778.33,A
IRL,AE,P51G,GF07,2003,357.24,A
IRL,AE,P51G,GF08,2003,94.85,A
IRL,AE,P51G,GF09,2003,378.56,A
IRL,AE,P51G,GF10,2003,862.81,A
IRL,AE,P51G,GF01,2004,375.32,A
IRL,AE,P51G,GF02,2004,134.95,A
IRL,AE,P51G,GF03,2004,178.79,A
IRL,AE,P51G,GF04,2004,1886.04,A
IRL,AE,P51G,GF05,2004,391.31,A
IRL,AE,P51G,GF06,2004,849.88,A
IRL,AE,P51G,GF07,2004,446.97,A
IRL,AE,P51G,GF08,2004,107.6,A
IRL,AE,P51G,GF09,2004,364.43,A
IRL,AE,P51G,GF10,2004,771.15,A
IRL,AE,P51G,GF01,2005,407.34,A
IRL,AE,P51G,GF02,2005,36.36,A
IRL,AE,P51G,GF03,2005,190.29,A
IRL,AE,P51G,GF04,2005,1695.75,A
IRL,AE,P51G,GF05,2005,440.57,A
IRL,AE,P51G,GF06,2005,1117.98,A
IRL,AE,P51G,GF07,2005,500.78,A
IRL,AE,P51G,GF08,2005,158.13,A
IRL,AE,P51G,GF09,2005,506.48,A
IRL,AE,P51G,GF10,2005,970.06,A
IRL,AE,P51G,GF01,2006,390.72,A
IRL,AE,P51G,GF02,2006,50.32,A
IRL,AE,P51G,GF03,2006,304.41,A
IRL,AE,P51G,GF04,2006,2110.84,A
IRL,AE,P51G,GF05,2006,574.61,A
IRL,AE,P51G,GF06,2006,1422.26,A
IRL,AE,P51G,GF07,2006,396.6,A
IRL,AE,P51G,GF08,2006,212.01,A
IRL,AE,P51G,GF09,2006,528.69,A
IRL,AE,P51G,GF10,2006,1037.16,A
IRL,AE,P51G,GF01,2007,677.97,A
IRL,AE,P51G,GF02,2007,110.78,A
IRL,AE,P51G,GF03,2007,253.94,A
IRL,AE,P51G,GF04,2007,2446.23,A
IRL,AE,P51G,GF05,2007,690.52,A
IRL,AE,P51G,GF06,2007,2273.24,A
IRL,AE,P51G,GF07,2007,547.33,A
IRL,AE,P51G,GF08,2007,252.47,A
IRL,AE,P51G,GF09,2007,774.17,A
IRL,AE,P51G,GF10,2007,1179.31,A
IRL,AE,P51G,GF01,2008,648.7,A
IRL,AE,P51G,GF02,2008,103.95,A
IRL,AE,P51G,GF03,2008,293.09,A
IRL,AE,P51G,GF04,2008,3387.04,A
IRL,AE,P51G,GF05,2008,710.23,A
IRL,AE,P51G,GF06,2008,1953.51,A
IRL,AE,P51G,GF07,2008,516.55,A
IRL,AE,P51G,GF08,2008,292.67,A
IRL,AE,P51G,GF09,2008,781.68,A
IRL,AE,P51G,GF10,2008,1189.69,A
IRL,AE,P51G,GF01,2009,236.74,A
IRL,AE,P51G,GF02,2009,40.29,A
IRL,AE,P51G,GF03,2009,194.9,A
IRL,AE,P51G,GF04,2009,2161.8,A
IRL,AE,P51G,GF05,2009,534.68,A
IRL,AE,P51G,GF06,2009,1319.98,A
IRL,AE,P51G,GF07,2009,411.83,A
IRL,AE,P51G,GF08,2009,181.42,A
IRL,AE,P51G,GF09,2009,598.05,A
IRL,AE,P51G,GF10,2009,728.06,A
IRL,AE,P51G,GF01,2010,221.1,A
IRL,AE,P51G,GF02,2010,21.96,A
IRL,AE,P51G,GF03,2010,173.8,A
IRL,AE,P51G,GF04,2010,2116.98,A
IRL,AE,P51G,GF05,2010,448.28,A
IRL,AE,P51G,GF06,2010,1258.83,A
IRL,AE,P51G,GF07,2010,419.83,A
IRL,AE,P51G,GF08,2010,134.18,A
IRL,AE,P51G,GF09,2010,603.53,A
IRL,AE,P51G,GF10,2010,293.54,A
IRL,AE,P51G,GF01,2011,442.53,A
IRL,AE,P51G,GF02,2011,13.25,A
IRL,AE,P51G,GF03,2011,115.07,A
IRL,AE,P51G,GF04,2011,1779.84,A
IRL,AE,P51G,GF05,2011,124.58,A
IRL,AE,P51G,GF06,2011,533.63,A
IRL,AE,P51G,GF07,2011,425.53,A
IRL,AE,P51G,GF08,2011,147.09,A
IRL,AE,P51G,GF09,2011,492.73,A
IRL,AE,P51G,GF10,2011,190.12,A
IRL,AE,P51G,GF01,2012,419.71,A
IRL,AE,P51G,GF02,2012,9.9,A
IRL,AE,P51G,GF03,2012,85.83,A
IRL,AE,P51G,GF04,2012,1397.95,A
IRL,AE,P51G,GF05,2012,124.19,A
IRL,AE,P51G,GF06,2012,300.26,A
IRL,AE,P51G,GF07,2012,496.35,A
IRL,AE,P51G,GF08,2012,135.68,A
IRL,AE,P51G,GF09,2012,492.73,A
IRL,AE,P51G,GF10,2012,139.63,A
IRL,AE,P51G,GF01,2013,390.12,A
IRL,AE,P51G,GF02,2013,16.17,A
IRL,AE,P51G,GF03,2013,86.86,A
IRL,AE,P51G,GF04,2013,1495.84,A
IRL,AE,P51G,GF05,2013,102.34,A
IRL,AE,P51G,GF06,2013,485.87,A
IRL,AE,P51G,GF07,2013,392.75,A
IRL,AE,P51G,GF08,2013,154.89,A
IRL,AE,P51G,GF09,2013,360.72,A
IRL,AE,P51G,GF10,2013,152.87,A
IRL,AE,P51G,GF01,2014,426.11,A
IRL,AE,P51G,GF02,2014,82.97,A
IRL,AE,P51G,GF03,2014,95.82,A
IRL,AE,P51G,GF04,2014,1401.69,A
IRL,AE,P51G,GF05,2014,101.94,A
IRL,AE,P51G,GF06,2014,719.08,A
IRL,AE,P51G,GF07,2014,505.96,A
IRL,AE,P51G,GF08,2014,145.63,A
IRL,AE,P51G,GF09,2014,492.73,A
IRL,AE,P51G,GF10,2014,296.68,A
IRL,AE,P51G,GF01,2015,553.83,A
IRL,AE,P51G,GF02,2015,91.47,A
IRL,AE,P51G,GF03,2015,143.16,A
IRL,AE,P51G,GF04,2015,1190.36,A
IRL,AE,P51G,GF05,2015,136.22,A
IRL,AE,P51G,GF06,2015,709.92,A
IRL,AE,P51G,GF07,2015,598.85,A
IRL,AE,P51G,GF08,2015,161.98,A
IRL,AE,P51G,GF09,2015,492.73,A
IRL,AE,P51G,GF10,2015,527.32,A
IRL,AE,P51G,GF01,2016,498.47,A
IRL,AE,P51G,GF02,2016,102.27,A
IRL,AE,P51G,GF03,2016,174.11,A
IRL,AE,P51G,GF04,2016,1777.61,A
IRL,AE,P51G,GF05,2016,128.1,A
IRL,AE,P51G,GF06,2016,658.19,A
IRL,AE,P51G,GF07,2016,634.07,A
IRL,AE,P51G,GF08,2016,212.8,A
IRL,AE,P51G,GF09,2016,609.38,A
IRL,AE,P51G,GF10,2016,568.77,A
IRL,AE,P51G,GF01,2017,488.91,A
IRL,AE,P51G,GF02,2017,45.5,A
IRL,AE,P51G,GF03,2017,187.54,A
IRL,AE,P51G,GF04,2017,1712.49,A
IRL,AE,P51G,GF05,2017,138.8,A
IRL,AE,P51G,GF06,2017,668.48,A
IRL,AE,P51G,GF07,2017,667.7,A
IRL,AE,P51G,GF08,2017,159.74,A
IRL,AE,P51G,GF09,2017,667.18,A
IRL,AE,P51G,GF10,2017,865.28,A
IRL,AE,P51G,GF01,2018,597.96,A
IRL,AE,P51G,GF02,2018,130.94,A
IRL,AE,P51G,GF03,2018,225.57,A
IRL,AE,P51G,GF04,2018,2213.2,A
IRL,AE,P51G,GF05,2018,149.79,A
IRL,AE,P51G,GF06,2018,922.36,A
IRL,AE,P51G,GF07,2018,698.79,A
IRL,AE,P51G,GF08,2018,233.75,A
IRL,AE,P51G,GF09,2018,633.47,A
IRL,AE,P51G,GF10,2018,935.14,A
IRL,AE,P51G,GF01,2019,629.93,A
IRL,AE,P51G,GF02,2019,72.61,A
IRL,AE,P51G,GF03,2019,237.98,A
IRL,AE,P51G,GF04,2019,2278.44,A
IRL,AE,P51G,GF05,2019,563.34,A
IRL,AE,P51G,GF06,2019,918.55,A
IRL,AE,P51G,GF07,2019,938.74,A
IRL,AE,P51G,GF08,2019,242.73,A
IRL,AE,P51G,GF09,2019,885.17,A
IRL,AE,P51G,GF10,2019,1477.78,A
IRL,AE,P51G,GF01,2020,601.3,A
IRL,AE,P51G,GF02,2020,116.86,A
IRL,AE,P51G,GF03,2020,229.29,A
IRL,AE,P51G,GF04,2020,2339.71,A
IRL,AE,P51G,GF05,2020,551.24,A
IRL,AE,P51G,GF06,2020,891.14,A
IRL,AE,P51G,GF07,2020,1818.57,A
IRL,AE,P51G,GF08,2020,231.18,A
IRL,AE,P51G,GF09,2020,818.11,A
IRL,AE,P51G,GF10,2020,1254.09,A
IRL,AE,P51G,GF01,2021,656.3,A
IRL,AE,P51G,GF02,2021,73.96,A
IRL,AE,P51G,GF03,2021,229.29,A
IRL,AE,P51G,GF04,2021,2389.85,A
IRL,AE,P51G,GF05,2021,554.18,A
IRL,AE,P51G,GF06,2021,823.67,A
IRL,AE,P51G,GF07,2021,1776.66,A
IRL,AE,P51G,GF08,2021,231.18,A
IRL,AE,P51G,GF09,2021,857.31,A
IRL,AE,P51G,GF10,2021,1447.26,A
IRL,AE,P51G,GF01,2022,699.57,A
IRL,AE,P51G,GF02,2022,46.78,A
IRL,AE,P51G,GF03,2022,255.68,A
IRL,AE,P51G,GF04,2022,3149.18,A
IRL,AE,P51G,GF05,2022,662.89,A
IRL,AE,P51G,GF06,2022,1046.45,A
IRL,AE,P51G,GF07,2022,2154.61,A
IRL,AE,P51G,GF08,2022,263.43,A
IRL,AE,P51G,GF09,2022,900.64,A
IRL,AE,P51G,GF10,2022,1808.21,A
IRL,AE,P51G,GF01,2023,766.43,A
IRL,AE,P51G,GF02,2023,342.1,A
IRL,AE,P51G,GF03,2023,281.87,A
IRL,AE,P51G,GF04,2023,3064.49,A
IRL,AE,P51G,GF05,2023,780.14,A
IRL,AE,P51G,GF06,2023,1382.52,A
IRL,AE,P51G,GF07,2023,2072.47,A
IRL,AE,P51G,GF08,2023,311.09,A
IRL,AE,P51G,GF09,2023,1094.22,A
IRL,AE,P51G,GF10,2023,2005.83,A
IRL,AE,P51G,GF01,2024,995.91,A
IRL,AE,P51G,GF02,2024,64.98,A
IRL,AE,P51G,GF03,2024,351.19,A
IRL,AE,P51G,GF04,2024,3978.2,A
IRL,AE,P51G,GF05,2024,857.8,A
IRL,AE,P51G,GF06,2024,1472.46,A
IRL,AE,P51G,GF07,2024,2900.39,A
IRL,AE,P51G,GF08,2024,364.02,A
IRL,AE,P51G,GF09,2024,1372.61,A
IRL,AE,P51G,GF10,2024,2255.57,A
ISL,AE,P51G,GF01,2000,-247.17,A
ISL,AE,P51G,GF02,2000,0.0,A
ISL,AE,P51G,GF03,2000,986.92,A
ISL,AE,P51G,GF04,2000,14319.24,A
ISL,AE,P51G,GF05,2000,529.81,A
ISL,AE,P51G,GF06,2000,30.72,A
ISL,AE,P51G,GF07,2000,1930.34,A
ISL,AE,P51G,GF08,2000,3676.38,A
ISL,AE,P51G,GF09,2000,10716.65,A
ISL,AE,P51G,GF10,2000,1120.51,A
ISL,AE,P51G,GF01,2001,2788.07,A
ISL,AE,P51G,GF02,2001,0.0,A
ISL,AE,P51G,GF03,2001,738.12,A
ISL,AE,P51G,GF04,2001,18310.12,A
ISL,AE,P51G,GF05,2001,684.01,A
ISL,AE,P51G,GF06,2001,29.51,A
ISL,AE,P51G,GF07,2001,2000.1,A
ISL,AE,P51G,GF08,2001,3155.96,A
ISL,AE,P51G,GF09,2001,11855.18,A
ISL,AE,P51G,GF10,2001,1105.8,A
ISL,AE,P51G,GF01,2002,1708.25,A
ISL,AE,P51G,GF02,2002,0.24,A
ISL,AE,P51G,GF03,2002,632.22,A
ISL,AE,P51G,GF04,2002,14272.16,A
ISL,AE,P51G,GF05,2002,770.47,A
ISL,AE,P51G,GF06,2002,3322.5,A
ISL,AE,P51G,GF07,2002,2442.23,A
ISL,AE,P51G,GF08,2002,2426.75,A
ISL,AE,P51G,GF09,2002,11853.11,A
ISL,AE,P51G,GF10,2002,958.36,A
ISL,AE,P51G,GF01,2003,1995.67,A
ISL,AE,P51G,GF02,2003,0.46,A
ISL,AE,P51G,GF03,2003,989.7,A
ISL,AE,P51G,GF04,2003,16459.76,A
ISL,AE,P51G,GF05,2003,833.79,A
ISL,AE,P51G,GF06,2003,949.32,A
ISL,AE,P51G,GF07,2003,2002.62,A
ISL,AE,P51G,GF08,2003,3282.9,A
ISL,AE,P51G,GF09,2003,9620.23,A
ISL,AE,P51G,GF10,2003,873.47,A
ISL,AE,P51G,GF01,2004,1333.98,A
ISL,AE,P51G,GF02,2004,0.61,A
ISL,AE,P51G,GF03,2004,650.51,A
ISL,AE,P51G,GF04,2004,19193.64,A
ISL,AE,P51G,GF05,2004,822.23,A
ISL,AE,P51G,GF06,2004,1112.99,A
ISL,AE,P51G,GF07,2004,1695.89,A
ISL,AE,P51G,GF08,2004,4825.76,A
ISL,AE,P51G,GF09,2004,12562.68,A
ISL,AE,P51G,GF10,2004,1052.11,A
ISL,AE,P51G,GF01,2005,1423.07,A
ISL,AE,P51G,GF02,2005,26.74,A
ISL,AE,P51G,GF03,2005,743.63,A
ISL,AE,P51G,GF04,2005,16654.08,A
ISL,AE,P51G,GF05,2005,880.69,A
ISL,AE,P51G,GF06,2005,631.33,A
ISL,AE,P51G,GF07,2005,2188.41,A
ISL,AE,P51G,GF08,2005,3487.81,A
ISL,AE,P51G,GF09,2005,12898.8,A
ISL,AE,P51G,GF10,2005,1225.37,A
ISL,AE,P51G,GF01,2006,297.98,A
ISL,AE,P51G,GF02,2006,1.12,A
ISL,AE,P51G,GF03,2006,659.3,A
ISL,AE,P51G,GF04,2006,23039.57,A
ISL,AE,P51G,GF05,2006,778.61,A
ISL,AE,P51G,GF06,2006,4190.28,A
ISL,AE,P51G,GF07,2006,2328.7,A
ISL,AE,P51G,GF08,2006,5901.52,A
ISL,AE,P51G,GF09,2006,16000.7,A
ISL,AE,P51G,GF10,2006,1605.69,A
ISL,AE,P51G,GF01,2007,2818.98,A
ISL,AE,P51G,GF02,2007,19.75,A
ISL,AE,P51G,GF03,2007,690.86,A
ISL,AE,P51G,GF04,2007,28793.66,A
ISL,AE,P51G,GF05,2007,981.06,A
ISL,AE,P51G,GF06,2007,998.22,A
ISL,AE,P51G,GF07,2007,3521.15,A
ISL,AE,P51G,GF08,2007,8447.73,A
ISL,AE,P51G,GF09,2007,17554.38,A
ISL,AE,P51G,GF10,2007,1688.46,A
ISL,AE,P51G,GF01,2008,1837.29,A
ISL,AE,P51G,GF02,2008,0.0,A
ISL,AE,P51G,GF03,2008,930.3,A
ISL,AE,P51G,GF04,2008,38574.34,A
ISL,AE,P51G,GF05,2008,1450.33,A
ISL,AE,P51G,GF06,2008,1748.54,A
ISL,AE,P51G,GF07,2008,3111.68,A
ISL,AE,P51G,GF08,2008,8230.92,A
ISL,AE,P51G,GF09,2008,18081.8,A
ISL,AE,P51G,GF10,2008,2009.4,A
ISL,AE,P51G,GF01,2009,2303.87,A
ISL,AE,P51G,GF02,2009,29.76,A
ISL,AE,P51G,GF03,2009,4815.41,A
ISL,AE,P51G,GF04,2009,26499.79,A
ISL,AE,P51G,GF05,2009,1454.6,A
ISL,AE,P51G,GF06,2009,1383.86,A
ISL,AE,P51G,GF07,2009,2366.15,A
ISL,AE,P51G,GF08,2009,5759.22,A
ISL,AE,P51G,GF09,2009,16935.52,A
ISL,AE,P51G,GF10,2009,1674.68,A
ISL,AE,P51G,GF01,2010,2442.58,A
ISL,AE,P51G,GF02,2010,0.0,A
ISL,AE,P51G,GF03,2010,528.78,A
ISL,AE,P51G,GF04,2010,21723.44,A
ISL,AE,P51G,GF05,2010,1903.38,A
ISL,AE,P51G,GF06,2010,1014.97,A
ISL,AE,P51G,GF07,2010,2894.69,A
ISL,AE,P51G,GF08,2010,5943.63,A
ISL,AE,P51G,GF09,2010,16772.23,A
ISL,AE,P51G,GF10,2010,1752.42,A
ISL,AE,P51G,GF01,2011,620.93,A
ISL,AE,P51G,GF02,2011,70.0,A
ISL,AE,P51G,GF03,2011,5479.74,A
ISL,AE,P51G,GF04,2011,13474.87,A
ISL,AE,P51G,GF05,2011,1428.92,A
ISL,AE,P51G,GF06,2011,1263.37,A
ISL,AE,P51G,GF07,2011,2459.03,A
ISL,AE,P51G,GF08,2011,29230.71,A
ISL,AE,P51G,GF09,2011,16252.44,A
ISL,AE,P51G,GF10,2011,3023.86,A
ISL,AE,P51G,GF01,2012,2637.55,A
ISL,AE,P51G,GF02,2012,32.12,A
ISL,AE,P51G,GF03,2012,700.76,A
ISL,AE,P51G,GF04,2012,13953.53,A
ISL,AE,P51G,GF05,2012,1332.42,A
ISL,AE,P51G,GF06,2012,1845.74,A
ISL,AE,P51G,GF07,2012,3535.52,A
ISL,AE,P51G,GF08,2012,3888.28,A
ISL,AE,P51G,GF09,2012,16898.55,A
ISL,AE,P51G,GF10,2012,1352.81,A
ISL,AE,P51G,GF01,2013,9114.94,A
ISL,AE,P51G,GF02,2013,12.67,A
ISL,AE,P51G,GF03,2013,607.24,A
ISL,AE,P51G,GF04,2013,19929.82,A
ISL,AE,P51G,GF05,2013,1382.91,A
ISL,AE,P51G,GF06,2013,1945.99,A
ISL,AE,P51G,GF07,2013,3546.06,A
ISL,AE,P51G,GF08,2013,5035.97,A
ISL,AE,P51G,GF09,2013,16812.67,A
ISL,AE,P51G,GF10,2013,1131.23,A
ISL,AE,P51G,GF01,2014,2999.84,A
ISL,AE,P51G,GF02,2014,43.88,A
ISL,AE,P51G,GF03,2014,1053.52,A
ISL,AE,P51G,GF04,2014,22976.02,A
ISL,AE,P51G,GF05,2014,1748.92,A
ISL,AE,P51G,GF06,2014,3743.94,A
ISL,AE,P51G,GF07,2014,4605.11,A
ISL,AE,P51G,GF08,2014,3342.04,A
ISL,AE,P51G,GF09,2014,19450.59,A
ISL,AE,P51G,GF10,2014,1668.22,A
ISL,AE,P51G,GF01,2015,4738.69,A
ISL,AE,P51G,GF02,2015,74.4,A
ISL,AE,P51G,GF03,2015,1735.86,A
ISL,AE,P51G,GF04,2015,18813.52,A
ISL,AE,P51G,GF05,2015,1863.92,A
ISL,AE,P51G,GF06,2015,3224.63,A
ISL,AE,P51G,GF07,2015,4609.85,A
ISL,AE,P51G,GF08,2015,4910.03,A
ISL,AE,P51G,GF09,2015,20853.4,A
ISL,AE,P51G,GF10,2015,1620.19,A
ISL,AE,P51G,GF01,2016,2397.32,A
ISL,AE,P51G,GF02,2016,78.2,A
ISL,AE,P51G,GF03,2016,1060.74,A
ISL,AE,P51G,GF04,2016,25166.14,A
ISL,AE,P51G,GF05,2016,1640.37,A
ISL,AE,P51G,GF06,2016,3187.25,A
ISL,AE,P51G,GF07,2016,5567.99,A
ISL,AE,P51G,GF08,2016,4243.0,A
ISL,AE,P51G,GF09,2016,21526.51,A
ISL,AE,P51G,GF10,2016,1447.06,A
ISL,AE,P51G,GF01,2017,3234.35,A
ISL,AE,P51G,GF02,2017,173.24,A
ISL,AE,P51G,GF03,2017,859.21,A
ISL,AE,P51G,GF04,2017,34540.14,A
ISL,AE,P51G,GF05,2017,2458.22,A
ISL,AE,P51G,GF06,2017,4239.94,A
ISL,AE,P51G,GF07,2017,6255.6,A
ISL,AE,P51G,GF08,2017,5174.97,A
ISL,AE,P51G,GF09,2017,23175.37,A
ISL,AE,P51G,GF10,2017,1920.73,A
ISL,AE,P51G,GF01,2018,6711.6,A
ISL,AE,P51G,GF02,2018,1393.43,A
ISL,AE,P51G,GF03,2018,995.77,A
ISL,AE,P51G,GF04,2018,54386.11,A
ISL,AE,P51G,GF05,2018,3002.92,A
ISL,AE,P51G,GF06,2018,6257.5,A
ISL,AE,P51G,GF07,2018,10381.43,A
ISL,AE,P51G,GF08,2018,7929.19,A
ISL,AE,P51G,GF09,2018,27005.94,A
ISL,AE,P51G,GF10,2018,2917.11,A
ISL,AE,P51G,GF01,2019,7137.56,A
ISL,AE,P51G,GF02,2019,2375.95,A
ISL,AE,P51G,GF03,2019,1160.79,A
ISL,AE,P51G,GF04,2019,46075.53,A
ISL,AE,P51G,GF05,2019,2269.78,A
ISL,AE,P51G,GF06,2019,5506.36,A
ISL,AE,P51G,GF07,2019,9215.48,A
ISL,AE,P51G,GF08,2019,8164.84,A
ISL,AE,P51G,GF09,2019,26235.15,A
ISL,AE,P51G,GF10,2019,2569.65,A
ISL,AE,P51G,GF01,2020,9235.89,A
ISL,AE,P51G,GF02,2020,4460.32,A
ISL,AE,P51G,GF03,2020,1339.64,A
ISL,AE,P51G,GF04,2020,46390.52,A
ISL,AE,P51G,GF05,2020,3146.13,A
ISL,AE,P51G,GF06,2020,5874.08,A
ISL,AE,P51G,GF07,2020,7507.45,A
ISL,AE,P51G,GF08,2020,6763.37,A
ISL,AE,P51G,GF09,2020,28643.64,A
ISL,AE,P51G,GF10,2020,3046.87,A
ISL,AE,P51G,GF01,2021,12947.55,A
ISL,AE,P51G,GF02,2021,4918.62,A
ISL,AE,P51G,GF03,2021,3621.0,A
ISL,AE,P51G,GF04,2021,55274.85,A
ISL,AE,P51G,GF05,2021,3277.08,A
ISL,AE,P51G,GF06,2021,6101.01,A
ISL,AE,P51G,GF07,2021,12036.74,A
ISL,AE,P51G,GF08,2021,8231.83,A
ISL,AE,P51G,GF09,2021,32558.45,A
ISL,AE,P51G,GF10,2021,3994.07,A
ISL,AE,P51G,GF01,2022,16242.55,A
ISL,AE,P51G,GF02,2022,2832.99,A
ISL,AE,P51G,GF03,2022,2309.91,A
ISL,AE,P51G,GF04,2022,60136.25,A
ISL,AE,P51G,GF05,2022,3262.99,A
ISL,AE,P51G,GF06,2022,7530.43,A
ISL,AE,P51G,GF07,2022,15727.4,A
ISL,AE,P51G,GF08,2022,10056.95,A
ISL,AE,P51G,GF09,2022,36680.64,A
ISL,AE,P51G,GF10,2022,4325.27,A
ISL,AE,P51G,GF01,2023,13238.51,A
ISL,AE,P51G,GF02,2023,1534.4,A
ISL,AE,P51G,GF03,2023,5356.85,A
ISL,AE,P51G,GF04,2023,63013.08,A
ISL,AE,P51G,GF05,2023,3983.55,A
ISL,AE,P51G,GF06,2023,9281.16,A
ISL,AE,P51G,GF07,2023,22458.94,A
ISL,AE,P51G,GF08,2023,11507.39,A
ISL,AE,P51G,GF09,2023,40795.6,A
ISL,AE,P51G,GF10,2023,4139.48,A
ISL,AE,P51G,GF01,2024,11675.11,A
ISL,AE,P51G,GF02,2024,2492.87,A
ISL,AE,P51G,GF03,2024,11616.98,A
ISL,AE,P51G,GF04,2024,57873.87,A
ISL,AE,P51G,GF05,2024,2337.98,A
ISL,AE,P51G,GF06,2024,8933.35,A
ISL,AE,P51G,GF07,2024,26782.36,A
ISL,AE,P51G,GF08,2024,11643.07,A
ISL,AE,P51G,GF09,2024,44971.91,A
ISL,AE,P51G,GF10,2024,3960.96,A
ISR,AE,P51G,GF01,2000,0.0,A
ISR,AE,P51G,GF02,2000,0.0,A
ISR,AE,P51G,GF03,2000,0.0,A
ISR,AE,P51G,GF04,2000,0.0,A
ISR,AE,P51G,GF05,2000,0.0,A
ISR,AE,P51G,GF06,2000,0.0,A
ISR,AE,P51G,GF07,2000,0.0,A
ISR,AE,P51G,GF08,2000,0.0,A
ISR,AE,P51G,GF09,2000,0.0,A
ISR,AE,P51G,GF10,2000,0.0,A
ISR,AE,P51G,GF01,2001,0.0,A
ISR,AE,P51G,GF02,2001,0.0,A
ISR,AE,P51G,GF03,2001,0.0,A
ISR,AE,P51G,GF04,2001,0.0,A
ISR,AE,P51G,GF05,2001,0.0,A
ISR,AE,P51G,GF06,2001,0.0,A
ISR,AE,P51G,GF07,2001,0.0,A
ISR,AE,P51G,GF08,2001,0.0,A
ISR,AE,P51G,GF09,2001,0.0,A
ISR,AE,P51G,GF10,2001,0.0,A
ISR,AE,P51G,GF01,2002,0.0,A
ISR,AE,P51G,GF02,2002,0.0,A
ISR,AE,P51G,GF03,2002,0.0,A
ISR,AE,P51G,GF04,2002,0.0,A
ISR,AE,P51G,GF05,2002,0.0,A
ISR,AE,P51G,GF06,2002,0.0,A
ISR,AE,P51G,GF07,2002,0.0,A
ISR,AE,P51G,GF08,2002,0.0,A
ISR,AE,P51G,GF09,2002,0.0,A
ISR,AE,P51G,GF10,2002,0.0,A
ISR,AE,P51G,GF01,2003,0.0,A
ISR,AE,P51G,GF02,2003,0.0,A
ISR,AE,P51G,GF03,2003,0.0,A
ISR,AE,P51G,GF04,2003,0.0,A
ISR,AE,P51G,GF05,2003,0.0,A
ISR,AE,P51G,GF06,2003,0.0,A
ISR,AE,P51G,GF07,2003,0.0,A
ISR,AE,P51G,GF08,2003,0.0,A
ISR,AE,P51G,GF09,2003,0.0,A
ISR,AE,P51G,GF10,2003,0.0,A
ISR,AE,P51G,GF01,2004,0.0,A
ISR,AE,P51G,GF02,2004,0.0,A
ISR,AE,P51G,GF03,2004,0.0,A
ISR,AE,P51G,GF04,2004,0.0,A
ISR,AE,P51G,GF05,2004,0.0,A
ISR,AE,P51G,GF06,2004,0.0,A
ISR,AE,P51G,GF07,2004,0.0,A
ISR,AE,P51G,GF08,2004,0.0,A
ISR,AE,P51G,GF09,2004,0.0,A
ISR,AE,P51G,GF10,2004,0.0,A
ISR,AE,P51G,GF01,2005,0.0,A
ISR,AE,P51G,GF02,2005,0.0,A
ISR,AE,P51G,GF03,2005,0.0,A
ISR,AE,P51G,GF04,2005,0.0,A
ISR,AE,P51G,GF05,2005,0.0,A
ISR,AE,P51G,GF06,2005,0.0,A
ISR,AE,P51G,GF07,2005,0.0,A
ISR,AE,P51G,GF08,2005,0.0,A
ISR,AE,P51G,GF09,2005,0.0,A
ISR,AE,P51G,GF10,2005,0.0,A
ISR,AE,P51G,GF01,2006,0.0,A
ISR,AE,P51G,GF02,2006,0.0,A
ISR,AE,P51G,GF03,2006,0.0,A
ISR,AE,P51G,GF04,2006,0.0,A
ISR,AE,P51G,GF05,2006,0.0,A
ISR,AE,P51G,GF06,2006,0.0,A
ISR,AE,P51G,GF07,2006,0.0,A
ISR,AE,P51G,GF08,2006,0.0,A
ISR,AE,P51G,GF09,2006,0.0,A
ISR,AE,P51G,GF10,2006,0.0,A
ISR,AE,P51G,GF01,2007,0.0,A
ISR,AE,P51G,GF02,2007,0.0,A
ISR,AE,P51G,GF03,2007,0.0,A
ISR,AE,P51G,GF04,2007,0.0,A
ISR,AE,P51G,GF05,2007,0.0,A
ISR,AE,P51G,GF06,2007,0.0,A
ISR,AE,P51G,GF07,2007,0.0,A
ISR,AE,P51G,GF08,2007,0.0,A
ISR,AE,P51G,GF09,2007,0.0,A
ISR,AE,P51G,GF10,2007,0.0,A
ISR,AE,P51G,GF01,2008,0.0,A
ISR,AE,P51G,GF02,2008,0.0,A
ISR,AE,P51G,GF03,2008,0.0,A
ISR,AE,P51G,GF04,2008,0.0,A
ISR,AE,P51G,GF05,2008,0.0,A
ISR,AE,P51G,GF06,2008,0.0,A
ISR,AE,P51G,GF07,2008,0.0,A
ISR,AE,P51G,GF08,2008,0.0,A
ISR,AE,P51G,GF09,2008,0.0,A
ISR,AE,P51G,GF10,2008,0.0,A
ISR,AE,P51G,GF01,2009,0.0,A
ISR,AE,P51G,GF02,2009,0.0,A
ISR,AE,P51G,GF03,2009,0.0,A
ISR,AE,P51G,GF04,2009,0.0,A
ISR,AE,P51G,GF05,2009,0.0,A
ISR,AE,P51G,GF06,2009,0.0,A
ISR,AE,P51G,GF07,2009,0.0,A
ISR,AE,P51G,GF08,2009,0.0,A
ISR,AE,P51G,GF09,2009,0.0,A
ISR,AE,P51G,GF10,2009,0.0,A
ISR,AE,P51G,GF01,2010,0.0,A
ISR,AE,P51G,GF02,2010,0.0,A
ISR,AE,P51G,GF03,2010,0.0,A
ISR,AE,P51G,GF04,2010,0.0,A
ISR,AE,P51G,GF05,2010,0.0,A
ISR,AE,P51G,GF06,2010,0.0,A
ISR,AE,P51G,GF07,2010,0.0,A
ISR,AE,P51G,GF08,2010,0.0,A
ISR,AE,P51G,GF09,2010,0.0,A
ISR,AE,P51G,GF10,2010,0.0,A
ISR,AE,P51G,GF01,2011,0.0,A
ISR,AE,P51G,GF02,2011,0.0,A
ISR,AE,P51G,GF03,2011,0.0,A
ISR,AE,P51G,GF04,2011,0.0,A
ISR,AE,P51G,GF05,2011,0.0,A
ISR,AE,P51G,GF06,2011,0.0,A
ISR,AE,P51G,GF07,2011,0.0,A
ISR,AE,P51G,GF08,2011,0.0,A
ISR,AE,P51G,GF09,2011,0.0,A
ISR,AE,P51G,GF10,2011,0.0,A
ISR,AE,P51G,GF01,2012,0.0,A
ISR,AE,P51G,GF02,2012,0.0,A
ISR,AE,P51G,GF03,2012,0.0,A
ISR,AE,P51G,GF04,2012,0.0,A
ISR,AE,P51G,GF05,2012,0.0,A
ISR,AE,P51G,GF06,2012,0.0,A
ISR,AE,P51G,GF07,2012,0.0,A
ISR,AE,P51G,GF08,2012,0.0,A
ISR,AE,P51G,GF09,2012,0.0,A
ISR,AE,P51G,GF10,2012,0.0,A
ISR,AE,P51G,GF01,2013,2192.58,A
ISR,AE,P51G,GF02,2013,18781.421,A
ISR,AE,P51G,GF03,2013,1723.933,A
ISR,AE,P51G,GF04,2013,11922.11,A
ISR,AE,P51G,GF05,2013,902.768,A
ISR,AE,P51G,GF06,2013,679.87,A
ISR,AE,P51G,GF07,2013,984.739,A
ISR,AE,P51G,GF08,2013,2852.508,A
ISR,AE,P51G,GF09,2013,11113.814,A
ISR,AE,P51G,GF10,2013,242.795,A
ISR,AE,P51G,GF01,2014,2030.157,A
ISR,AE,P51G,GF02,2014,20943.664,A
ISR,AE,P51G,GF03,2014,1290.556,A
ISR,AE,P51G,GF04,2014,10710.323,A
ISR,AE,P51G,GF05,2014,752.523,A
ISR,AE,P51G,GF06,2014,594.659,A
ISR,AE,P51G,GF07,2014,1036.913,A
ISR,AE,P51G,GF08,2014,2316.486,A
ISR,AE,P51G,GF09,2014,11233.924,A
ISR,AE,P51G,GF10,2014,-67.434,A
ISR,AE,P51G,GF01,2015,2128.625,A
ISR,AE,P51G,GF02,2015,21309.902,A
ISR,AE,P51G,GF03,2015,999.868,A
ISR,AE,P51G,GF04,2015,13805.953,A
ISR,AE,P51G,GF05,2015,930.731,A
ISR,AE,P51G,GF06,2015,514.37,A
ISR,AE,P51G,GF07,2015,966.607,A
ISR,AE,P51G,GF08,2015,2034.719,A
ISR,AE,P51G,GF09,2015,11893.143,A
ISR,AE,P51G,GF10,2015,172.761,A
ISR,AE,P51G,GF01,2016,2765.535,A
ISR,AE,P51G,GF02,2016,21259.196,A
ISR,AE,P51G,GF03,2016,1104.96,A
ISR,AE,P51G,GF04,2016,14757.503,A
ISR,AE,P51G,GF05,2016,892.332,A
ISR,AE,P51G,GF06,2016,3290.163,A
ISR,AE,P51G,GF07,2016,1057.33,A
ISR,AE,P51G,GF08,2016,2363.127,A
ISR,AE,P51G,GF09,2016,12308.318,A
ISR,AE,P51G,GF10,2016,798.207,A
ISR,AE,P51G,GF01,2017,3201.329,A
ISR,AE,P51G,GF02,2017,20249.661,A
ISR,AE,P51G,GF03,2017,1109.783,A
ISR,AE,P51G,GF04,2017,14807.805,A
ISR,AE,P51G,GF05,2017,826.821,A
ISR,AE,P51G,GF06,2017,2884.171,A
ISR,AE,P51G,GF07,2017,1379.727,A
ISR,AE,P51G,GF08,2017,2691.873,A
ISR,AE,P51G,GF09,2017,12760.499,A
ISR,AE,P51G,GF10,2017,561.711,A
ISR,AE,P51G,GF01,2018,2920.91,A
ISR,AE,P51G,GF02,2018,21748.563,A
ISR,AE,P51G,GF03,2018,1315.256,A
ISR,AE,P51G,GF04,2018,17886.238,A
ISR,AE,P51G,GF05,2018,822.97,A
ISR,AE,P51G,GF06,2018,3366.073,A
ISR,AE,P51G,GF07,2018,1044.544,A
ISR,AE,P51G,GF08,2018,3213.826,A
ISR,AE,P51G,GF09,2018,14586.938,A
ISR,AE,P51G,GF10,2018,754.169,A
ISR,AE,P51G,GF01,2019,3073.721,A
ISR,AE,P51G,GF02,2019,21565.852,A
ISR,AE,P51G,GF03,2019,1402.015,A
ISR,AE,P51G,GF04,2019,19584.901,A
ISR,AE,P51G,GF05,2019,947.232,A
ISR,AE,P51G,GF06,2019,2911.018,A
ISR,AE,P51G,GF07,2019,1338.311,A
ISR,AE,P51G,GF08,2019,3277.504,A
ISR,AE,P51G,GF09,2019,14069.064,A
ISR,AE,P51G,GF10,2019,851.154,A
ISR,AE,P51G,GF01,2020,2925.583,A
ISR,AE,P51G,GF02,2020,20893.523,A
ISR,AE,P51G,GF03,2020,1007.006,A
ISR,AE,P51G,GF04,2020,23687.992,A
ISR,AE,P51G,GF05,2020,965.931,A
ISR,AE,P51G,GF06,2020,3439.105,A
ISR,AE,P51G,GF07,2020,2127.818,A
ISR,AE,P51G,GF08,2020,3224.811,A
ISR,AE,P51G,GF09,2020,14184.341,A
ISR,AE,P51G,GF10,2020,791.573,A
ISR,AE,P51G,GF01,2021,3206.394,A
ISR,AE,P51G,GF02,2021,22338.278,A
ISR,AE,P51G,GF03,2021,878.871,A
ISR,AE,P51G,GF04,2021,22814.447,A
ISR,AE,P51G,GF05,2021,1043.272,A
ISR,AE,P51G,GF06,2021,3117.295,A
ISR,AE,P51G,GF07,2021,1598.477,A
ISR,AE,P51G,GF08,2021,3409.818,A
ISR,AE,P51G,GF09,2021,15022.009,A
ISR,AE,P51G,GF10,2021,595.963,A
ISR,AE,P51G,GF01,2022,3879.603,A
ISR,AE,P51G,GF02,2022,27736.255,A
ISR,AE,P51G,GF03,2022,1320.608,A
ISR,AE,P51G,GF04,2022,24583.874,A
ISR,AE,P51G,GF05,2022,1133.732,A
ISR,AE,P51G,GF06,2022,2358.885,A
ISR,AE,P51G,GF07,2022,1986.333,A
ISR,AE,P51G,GF08,2022,3875.999,A
ISR,AE,P51G,GF09,2022,16724.681,A
ISR,AE,P51G,GF10,2022,527.64,A
ISR,AE,P51G,GF01,2023,4303.406,A
ISR,AE,P51G,GF02,2023,31266.302,A
ISR,AE,P51G,GF03,2023,1376.524,A
ISR,AE,P51G,GF04,2023,25583.39,A
ISR,AE,P51G,GF05,2023,1475.038,A
ISR,AE,P51G,GF06,2023,5324.268,A
ISR,AE,P51G,GF07,2023,2508.015,A
ISR,AE,P51G,GF08,2023,4881.815,A
ISR,AE,P51G,GF09,2023,16792.7,A
ISR,AE,P51G,GF10,2023,1297.036,A
ISR,AE,P51G,GF01,2024,3184.488,A
ISR,AE,P51G,GF02,2024,46791.248,A
ISR,AE,P51G,GF03,2024,1827.83,A
ISR,AE,P51G,GF04,2024,23660.395,A
ISR,AE,P51G,GF05,2024,1069.613,A
ISR,AE,P51G,GF06,2024,4166.457,A
ISR,AE,P51G,GF07,2024,2226.673,A
ISR,AE,P51G,GF08,2024,3967.295,A
ISR,AE,P51G,GF09,2024,14801.822,A
ISR,AE,P51G,GF10,2024,1265.547,A
ITA,AE,P51G,GF01,2000,8419.0,A
ITA,AE,P51G,GF02,2000,2981.0,A
ITA,AE,P51G,GF03,2000,1609.0,A
ITA,AE,P51G,GF04,2000,8199.0,A
ITA,AE,P51G,GF05,2000,3180.0,A
ITA,AE,P51G,GF06,2000,2401.0,A
ITA,AE,P51G,GF07,2000,3076.0,A
ITA,AE,P51G,GF08,2000,1572.0,A
ITA,AE,P51G,GF09,2000,2340.0,A
ITA,AE,P51G,GF10,2000,828.0,A
ITA,AE,P51G,GF01,2001,8542.0,A
ITA,AE,P51G,GF02,2001,4091.0,A
ITA,AE,P51G,GF03,2001,1174.0,A
ITA,AE,P51G,GF04,2001,10967.0,A
ITA,AE,P51G,GF05,2001,3236.0,A
ITA,AE,P51G,GF06,2001,2750.0,A
ITA,AE,P51G,GF07,2001,3263.0,A
ITA,AE,P51G,GF08,2001,1874.0,A
ITA,AE,P51G,GF09,2001,2749.0,A
ITA,AE,P51G,GF10,2001,34.0,A
ITA,AE,P51G,GF01,2002,9542.0,A
ITA,AE,P51G,GF02,2002,4192.0,A
ITA,AE,P51G,GF03,2002,1438.0,A
ITA,AE,P51G,GF04,2002,12064.0,A
ITA,AE,P51G,GF05,2002,3396.0,A
ITA,AE,P51G,GF06,2002,2916.0,A
ITA,AE,P51G,GF07,2002,3213.0,A
ITA,AE,P51G,GF08,2002,1693.0,A
ITA,AE,P51G,GF09,2002,2975.0,A
ITA,AE,P51G,GF10,2002,-8327.0,A
ITA,AE,P51G,GF01,2003,10092.0,A
ITA,AE,P51G,GF02,2003,3985.0,A
ITA,AE,P51G,GF03,2003,1580.0,A
ITA,AE,P51G,GF04,2003,11948.0,A
ITA,AE,P51G,GF05,2003,3473.0,A
ITA,AE,P51G,GF06,2003,2925.0,A
ITA,AE,P51G,GF07,2003,3412.0,A
ITA,AE,P51G,GF08,2003,2042.0,A
ITA,AE,P51G,GF09,2003,3122.0,A
ITA,AE,P51G,GF10,2003,-185.0,A
ITA,AE,P51G,GF01,2004,9726.0,A
ITA,AE,P51G,GF02,2004,4069.0,A
ITA,AE,P51G,GF03,2004,1095.0,A
ITA,AE,P51G,GF04,2004,14488.0,A
ITA,AE,P51G,GF05,2004,3568.0,A
ITA,AE,P51G,GF06,2004,3475.0,A
ITA,AE,P51G,GF07,2004,3589.0,A
ITA,AE,P51G,GF08,2004,2105.0,A
ITA,AE,P51G,GF09,2004,3323.0,A
ITA,AE,P51G,GF10,2004,-65.0,A
ITA,AE,P51G,GF01,2005,10059.0,A
ITA,AE,P51G,GF02,2005,3484.0,A
ITA,AE,P51G,GF03,2005,1446.0,A
ITA,AE,P51G,GF04,2005,15345.0,A
ITA,AE,P51G,GF05,2005,3711.0,A
ITA,AE,P51G,GF06,2005,3382.0,A
ITA,AE,P51G,GF07,2005,3967.0,A
ITA,AE,P51G,GF08,2005,2117.0,A
ITA,AE,P51G,GF09,2005,3438.0,A
ITA,AE,P51G,GF10,2005,174.0,A
ITA,AE,P51G,GF01,2006,10119.0,A
ITA,AE,P51G,GF02,2006,3339.0,A
ITA,AE,P51G,GF03,2006,1522.0,A
ITA,AE,P51G,GF04,2006,16566.0,A
ITA,AE,P51G,GF05,2006,3605.0,A
ITA,AE,P51G,GF06,2006,3454.0,A
ITA,AE,P51G,GF07,2006,3969.0,A
ITA,AE,P51G,GF08,2006,2086.0,A
ITA,AE,P51G,GF09,2006,3456.0,A
ITA,AE,P51G,GF10,2006,731.0,A
ITA,AE,P51G,GF01,2007,10078.0,A
ITA,AE,P51G,GF02,2007,3524.0,A
ITA,AE,P51G,GF03,2007,1931.0,A
ITA,AE,P51G,GF04,2007,16907.0,A
ITA,AE,P51G,GF05,2007,3687.0,A
ITA,AE,P51G,GF06,2007,3434.0,A
ITA,AE,P51G,GF07,2007,4496.0,A
ITA,AE,P51G,GF08,2007,2183.0,A
ITA,AE,P51G,GF09,2007,3647.0,A
ITA,AE,P51G,GF10,2007,865.0,A
ITA,AE,P51G,GF01,2008,9794.0,A
ITA,AE,P51G,GF02,2008,4484.0,A
ITA,AE,P51G,GF03,2008,1872.0,A
ITA,AE,P51G,GF04,2008,16457.0,A
ITA,AE,P51G,GF05,2008,4088.0,A
ITA,AE,P51G,GF06,2008,3541.0,A
ITA,AE,P51G,GF07,2008,4837.0,A
ITA,AE,P51G,GF08,2008,2108.0,A
ITA,AE,P51G,GF09,2008,3429.0,A
ITA,AE,P51G,GF10,2008,884.0,A
ITA,AE,P51G,GF01,2009,9718.0,A
ITA,AE,P51G,GF02,2009,7226.0,A
ITA,AE,P51G,GF03,2009,1895.0,A
ITA,AE,P51G,GF04,2009,17093.0,A
ITA,AE,P51G,GF05,2009,3895.0,A
ITA,AE,P51G,GF06,2009,3787.0,A
ITA,AE,P51G,GF07,2009,5738.0,A
ITA,AE,P51G,GF08,2009,2290.0,A
ITA,AE,P51G,GF09,2009,3529.0,A
ITA,AE,P51G,GF10,2009,2180.0,A
ITA,AE,P51G,GF01,2010,9019.0,A
ITA,AE,P51G,GF02,2010,5351.0,A
ITA,AE,P51G,GF03,2010,1496.0,A
ITA,AE,P51G,GF04,2010,15285.0,A
ITA,AE,P51G,GF05,2010,3222.0,A
ITA,AE,P51G,GF06,2010,3742.0,A
ITA,AE,P51G,GF07,2010,5314.0,A
ITA,AE,P51G,GF08,2010,1596.0,A
ITA,AE,P51G,GF09,2010,3120.0,A
ITA,AE,P51G,GF10,2010,1280.0,A
ITA,AE,P51G,GF01,2011,8572.0,A
ITA,AE,P51G,GF02,2011,5739.0,A
ITA,AE,P51G,GF03,2011,1467.0,A
ITA,AE,P51G,GF04,2011,15635.0,A
ITA,AE,P51G,GF05,2011,2926.0,A
ITA,AE,P51G,GF06,2011,2929.0,A
ITA,AE,P51G,GF07,2011,4220.0,A
ITA,AE,P51G,GF08,2011,1565.0,A
ITA,AE,P51G,GF09,2011,3214.0,A
ITA,AE,P51G,GF10,2011,1149.0,A
ITA,AE,P51G,GF01,2012,8507.0,A
ITA,AE,P51G,GF02,2012,3852.0,A
ITA,AE,P51G,GF03,2012,1434.0,A
ITA,AE,P51G,GF04,2012,14398.0,A
ITA,AE,P51G,GF05,2012,2846.0,A
ITA,AE,P51G,GF06,2012,2951.0,A
ITA,AE,P51G,GF07,2012,3818.0,A
ITA,AE,P51G,GF08,2012,1447.0,A
ITA,AE,P51G,GF09,2012,2855.0,A
ITA,AE,P51G,GF10,2012,751.0,A
ITA,AE,P51G,GF01,2013,7685.0,A
ITA,AE,P51G,GF02,2013,3400.0,A
ITA,AE,P51G,GF03,2013,1248.0,A
ITA,AE,P51G,GF04,2013,14204.0,A
ITA,AE,P51G,GF05,2013,2738.0,A
ITA,AE,P51G,GF06,2013,2466.0,A
ITA,AE,P51G,GF07,2013,3634.0,A
ITA,AE,P51G,GF08,2013,1403.0,A
ITA,AE,P51G,GF09,2013,2922.0,A
ITA,AE,P51G,GF10,2013,667.0,A
ITA,AE,P51G,GF01,2014,8239.0,A
ITA,AE,P51G,GF02,2014,3404.0,A
ITA,AE,P51G,GF03,2014,1112.0,A
ITA,AE,P51G,GF04,2014,13145.0,A
ITA,AE,P51G,GF05,2014,2163.0,A
ITA,AE,P51G,GF06,2014,1827.0,A
ITA,AE,P51G,GF07,2014,3166.0,A
ITA,AE,P51G,GF08,2014,1381.0,A
ITA,AE,P51G,GF09,2014,2723.0,A
ITA,AE,P51G,GF10,2014,457.0,A
ITA,AE,P51G,GF01,2015,7748.0,A
ITA,AE,P51G,GF02,2015,3746.0,A
ITA,AE,P51G,GF03,2015,1002.0,A
ITA,AE,P51G,GF04,2015,15090.0,A
ITA,AE,P51G,GF05,2015,2343.0,A
ITA,AE,P51G,GF06,2015,1961.0,A
ITA,AE,P51G,GF07,2015,3372.0,A
ITA,AE,P51G,GF08,2015,1276.0,A
ITA,AE,P51G,GF09,2015,2855.0,A
ITA,AE,P51G,GF10,2015,775.0,A
ITA,AE,P51G,GF01,2016,7383.0,A
ITA,AE,P51G,GF02,2016,5427.0,A
ITA,AE,P51G,GF03,2016,948.0,A
ITA,AE,P51G,GF04,2016,13485.0,A
ITA,AE,P51G,GF05,2016,2068.0,A
ITA,AE,P51G,GF06,2016,1812.0,A
ITA,AE,P51G,GF07,2016,2806.0,A
ITA,AE,P51G,GF08,2016,1551.0,A
ITA,AE,P51G,GF09,2016,2465.0,A
ITA,AE,P51G,GF10,2016,637.0,A
ITA,AE,P51G,GF01,2017,7784.0,A
ITA,AE,P51G,GF02,2017,5017.0,A
ITA,AE,P51G,GF03,2017,936.0,A
ITA,AE,P51G,GF04,2017,12993.0,A
ITA,AE,P51G,GF05,2017,1849.0,A
ITA,AE,P51G,GF06,2017,1491.0,A
ITA,AE,P51G,GF07,2017,3004.0,A
ITA,AE,P51G,GF08,2017,1643.0,A
ITA,AE,P51G,GF09,2017,2393.0,A
ITA,AE,P51G,GF10,2017,801.0,A
ITA,AE,P51G,GF01,2018,7983.0,A
ITA,AE,P51G,GF02,2018,4297.0,A
ITA,AE,P51G,GF03,2018,1102.0,A
ITA,AE,P51G,GF04,2018,13368.0,A
ITA,AE,P51G,GF05,2018,1756.0,A
ITA,AE,P51G,GF06,2018,1429.0,A
ITA,AE,P51G,GF07,2018,2796.0,A
ITA,AE,P51G,GF08,2018,1921.0,A
ITA,AE,P51G,GF09,2018,2511.0,A
ITA,AE,P51G,GF10,2018,660.0,A
ITA,AE,P51G,GF01,2019,7893.0,A
ITA,AE,P51G,GF02,2019,5448.0,A
ITA,AE,P51G,GF03,2019,737.0,A
ITA,AE,P51G,GF04,2019,14488.0,A
ITA,AE,P51G,GF05,2019,2701.0,A
ITA,AE,P51G,GF06,2019,1906.0,A
ITA,AE,P51G,GF07,2019,3422.0,A
ITA,AE,P51G,GF08,2019,1670.0,A
ITA,AE,P51G,GF09,2019,2599.0,A
ITA,AE,P51G,GF10,2019,1001.0,A
ITA,AE,P51G,GF01,2020,8350.0,A
ITA,AE,P51G,GF02,2020,4583.0,A
ITA,AE,P51G,GF03,2020,1813.0,A
ITA,AE,P51G,GF04,2020,14702.0,A
ITA,AE,P51G,GF05,2020,2366.0,A
ITA,AE,P51G,GF06,2020,1610.0,A
ITA,AE,P51G,GF07,2020,4130.0,A
ITA,AE,P51G,GF08,2020,1808.0,A
ITA,AE,P51G,GF09,2020,3836.0,A
ITA,AE,P51G,GF10,2020,687.0,A
ITA,AE,P51G,GF01,2021,8685.0,A
ITA,AE,P51G,GF02,2021,7071.0,A
ITA,AE,P51G,GF03,2021,1874.0,A
ITA,AE,P51G,GF04,2021,19272.0,A
ITA,AE,P51G,GF05,2021,2753.0,A
ITA,AE,P51G,GF06,2021,1965.0,A
ITA,AE,P51G,GF07,2021,4746.0,A
ITA,AE,P51G,GF08,2021,2035.0,A
ITA,AE,P51G,GF09,2021,3447.0,A
ITA,AE,P51G,GF10,2021,554.0,A
ITA,AE,P51G,GF01,2022,9459.0,A
ITA,AE,P51G,GF02,2022,6182.0,A
ITA,AE,P51G,GF03,2022,2139.0,A
ITA,AE,P51G,GF04,2022,19290.0,A
ITA,AE,P51G,GF05,2022,3258.0,A
ITA,AE,P51G,GF06,2022,2285.0,A
ITA,AE,P51G,GF07,2022,3981.0,A
ITA,AE,P51G,GF08,2022,2232.0,A
ITA,AE,P51G,GF09,2022,3948.0,A
ITA,AE,P51G,GF10,2022,15.0,A
ITA,AE,P51G,GF01,2023,11326.0,A
ITA,AE,P51G,GF02,2023,7245.0,A
ITA,AE,P51G,GF03,2023,2413.0,A
ITA,AE,P51G,GF04,2023,25291.0,A
ITA,AE,P51G,GF05,2023,3544.0,A
ITA,AE,P51G,GF06,2023,2775.0,A
ITA,AE,P51G,GF07,2023,5366.0,A
ITA,AE,P51G,GF08,2023,2892.0,A
ITA,AE,P51G,GF09,2023,5387.0,A
ITA,AE,P51G,GF10,2023,1118.0,A
ITA,AE,P51G,GF01,2024,12461.0,A
ITA,AE,P51G,GF02,2024,9306.0,A
ITA,AE,P51G,GF03,2024,3233.0,A
ITA,AE,P51G,GF04,2024,28997.0,A
ITA,AE,P51G,GF05,2024,4163.0,A
ITA,AE,P51G,GF06,2024,3451.0,A
ITA,AE,P51G,GF07,2024,5672.0,A
ITA,AE,P51G,GF08,2024,3474.0,A
ITA,AE,P51G,GF09,2024,6013.0,A
ITA,AE,P51G,GF10,2024,1575.0,A
JPN,AE,P51G,GF01,2005,1133000.0,A
JPN,AE,P51G,GF02,2005,1086300.0,A
JPN,AE,P51G,GF03,2005,642400.0,A
JPN,AE,P51G,GF04,2005,10282300.0,A
JPN,AE,P51G,GF05,2005,3139400.0,A
JPN,AE,P51G,GF06,2005,1494800.0,A
JPN,AE,P51G,GF07,2005,199100.0,A
JPN,AE,P51G,GF08,2005,390200.0,A
JPN,AE,P51G,GF09,2005,2555100.0,A
JPN,AE,P51G,GF10,2005,286400.0,A
JPN,AE,P51G,GF01,2006,989600.0,A
JPN,AE,P51G,GF02,2006,1120600.0,A
JPN,AE,P51G,GF03,2006,660900.0,A
JPN,AE,P51G,GF04,2006,9669000.0,A
JPN,AE,P51G,GF05,2006,2718900.0,A
JPN,AE,P51G,GF06,2006,1461400.0,A
JPN,AE,P51G,GF07,2006,170900.0,A
JPN,AE,P51G,GF08,2006,384600.0,A
JPN,AE,P51G,GF09,2006,2442900.0,A
JPN,AE,P51G,GF10,2006,299000.0,A
JPN,AE,P51G,GF01,2007,819700.0,A
JPN,AE,P51G,GF02,2007,1021500.0,A
JPN,AE,P51G,GF03,2007,590500.0,A
JPN,AE,P51G,GF04,2007,9368600.0,A
JPN,AE,P51G,GF05,2007,2500900.0,A
JPN,AE,P51G,GF06,2007,1396400.0,A
JPN,AE,P51G,GF07,2007,168500.0,A
JPN,AE,P51G,GF08,2007,357100.0,A
JPN,AE,P51G,GF09,2007,2409400.0,A
JPN,AE,P51G,GF10,2007,260200.0,A
JPN,AE,P51G,GF01,2008,987800.0,A
JPN,AE,P51G,GF02,2008,1157300.0,A
JPN,AE,P51G,GF03,2008,528900.0,A
JPN,AE,P51G,GF04,2008,8900600.0,A
JPN,AE,P51G,GF05,2008,2358300.0,A
JPN,AE,P51G,GF06,2008,1317200.0,A
JPN,AE,P51G,GF07,2008,186800.0,A
JPN,AE,P51G,GF08,2008,330500.0,A
JPN,AE,P51G,GF09,2008,2451200.0,A
JPN,AE,P51G,GF10,2008,241800.0,A
JPN,AE,P51G,GF01,2009,809600.0,A
JPN,AE,P51G,GF02,2009,1075500.0,A
JPN,AE,P51G,GF03,2009,661800.0,A
JPN,AE,P51G,GF04,2009,9435400.0,A
JPN,AE,P51G,GF05,2009,2314900.0,A
JPN,AE,P51G,GF06,2009,1476700.0,A
JPN,AE,P51G,GF07,2009,177100.0,A
JPN,AE,P51G,GF08,2009,418500.0,A
JPN,AE,P51G,GF09,2009,3115300.0,A
JPN,AE,P51G,GF10,2009,273200.0,A
JPN,AE,P51G,GF01,2010,1243300.0,A
JPN,AE,P51G,GF02,2010,988500.0,A
JPN,AE,P51G,GF03,2010,520500.0,A
JPN,AE,P51G,GF04,2010,8589300.0,A
JPN,AE,P51G,GF05,2010,2059100.0,A
JPN,AE,P51G,GF06,2010,1319700.0,A
JPN,AE,P51G,GF07,2010,162800.0,A
JPN,AE,P51G,GF08,2010,401000.0,A
JPN,AE,P51G,GF09,2010,2848000.0,A
JPN,AE,P51G,GF10,2010,271300.0,A
JPN,AE,P51G,GF01,2011,1069600.0,A
JPN,AE,P51G,GF02,2011,982300.0,A
JPN,AE,P51G,GF03,2011,570700.0,A
JPN,AE,P51G,GF04,2011,8776200.0,A
JPN,AE,P51G,GF05,2011,2001200.0,A
JPN,AE,P51G,GF06,2011,1210600.0,A
JPN,AE,P51G,GF07,2011,157100.0,A
JPN,AE,P51G,GF08,2011,359400.0,A
JPN,AE,P51G,GF09,2011,2544900.0,A
JPN,AE,P51G,GF10,2011,517300.0,A
JPN,AE,P51G,GF01,2012,1018000.0,A
JPN,AE,P51G,GF02,2012,1003100.0,A
JPN,AE,P51G,GF03,2012,632700.0,A
JPN,AE,P51G,GF04,2012,8774800.0,A
JPN,AE,P51G,GF05,2012,1996500.0,A
JPN,AE,P51G,GF06,2012,1181500.0,A
JPN,AE,P51G,GF07,2012,175200.0,A
JPN,AE,P51G,GF08,2012,352800.0,A
JPN,AE,P51G,GF09,2012,2612900.0,A
JPN,AE,P51G,GF10,2012,303500.0,A
JPN,AE,P51G,GF01,2013,1081400.0,A
JPN,AE,P51G,GF02,2013,1044700.0,A
JPN,AE,P51G,GF03,2013,776700.0,A
JPN,AE,P51G,GF04,2013,10126700.0,A
JPN,AE,P51G,GF05,2013,2083500.0,A
JPN,AE,P51G,GF06,2013,1340700.0,A
JPN,AE,P51G,GF07,2013,204900.0,A
JPN,AE,P51G,GF08,2013,430000.0,A
JPN,AE,P51G,GF09,2013,3050900.0,A
JPN,AE,P51G,GF10,2013,287600.0,A
JPN,AE,P51G,GF01,2014,1156700.0,A
JPN,AE,P51G,GF02,2014,1175400.0,A
JPN,AE,P51G,GF03,2014,906000.0,A
JPN,AE,P51G,GF04,2014,9849900.0,A
JPN,AE,P51G,GF05,2014,2227600.0,A
JPN,AE,P51G,GF06,2014,1373600.0,A
JPN,AE,P51G,GF07,2014,217700.0,A
JPN,AE,P51G,GF08,2014,557400.0,A
JPN,AE,P51G,GF09,2014,2739000.0,A
JPN,AE,P51G,GF10,2014,350700.0,A
JPN,AE,P51G,GF01,2015,1140400.0,A
JPN,AE,P51G,GF02,2015,1316200.0,A
JPN,AE,P51G,GF03,2015,867100.0,A
JPN,AE,P51G,GF04,2015,9338200.0,A
JPN,AE,P51G,GF05,2015,2220100.0,A
JPN,AE,P51G,GF06,2015,1317900.0,A
JPN,AE,P51G,GF07,2015,167500.0,A
JPN,AE,P51G,GF08,2015,573000.0,A
JPN,AE,P51G,GF09,2015,2548700.0,A
JPN,AE,P51G,GF10,2015,383000.0,A
JPN,AE,P51G,GF01,2016,1104700.0,A
JPN,AE,P51G,GF02,2016,1330800.0,A
JPN,AE,P51G,GF03,2016,749400.0,A
JPN,AE,P51G,GF04,2016,9640500.0,A
JPN,AE,P51G,GF05,2016,2279800.0,A
JPN,AE,P51G,GF06,2016,1369900.0,A
JPN,AE,P51G,GF07,2016,194000.0,A
JPN,AE,P51G,GF08,2016,605100.0,A
JPN,AE,P51G,GF09,2016,2258800.0,A
JPN,AE,P51G,GF10,2016,357900.0,A
JPN,AE,P51G,GF01,2017,1162400.0,A
JPN,AE,P51G,GF02,2017,1552300.0,A
JPN,AE,P51G,GF03,2017,672400.0,A
JPN,AE,P51G,GF04,2017,9847100.0,A
JPN,AE,P51G,GF05,2017,2312300.0,A
JPN,AE,P51G,GF06,2017,1465200.0,A
JPN,AE,P51G,GF07,2017,196100.0,A
JPN,AE,P51G,GF08,2017,631000.0,A
JPN,AE,P51G,GF09,2017,2280100.0,A
JPN,AE,P51G,GF10,2017,344300.0,A
JPN,AE,P51G,GF01,2018,1307700.0,A
JPN,AE,P51G,GF02,2018,1583400.0,A
JPN,AE,P51G,GF03,2018,724000.0,A
JPN,AE,P51G,GF04,2018,10131100.0,A
JPN,AE,P51G,GF05,2018,2448700.0,A
JPN,AE,P51G,GF06,2018,1495900.0,A
JPN,AE,P51G,GF07,2018,177300.0,A
JPN,AE,P51G,GF08,2018,636300.0,A
JPN,AE,P51G,GF09,2018,2115500.0,A
JPN,AE,P51G,GF10,2018,434500.0,A
JPN,AE,P51G,GF01,2019,1431600.0,A
JPN,AE,P51G,GF02,2019,1515800.0,A
JPN,AE,P51G,GF03,2019,802600.0,A
JPN,AE,P51G,GF04,2019,10642000.0,A
JPN,AE,P51G,GF05,2019,2548700.0,A
JPN,AE,P51G,GF06,2019,1474700.0,A
JPN,AE,P51G,GF07,2019,190000.0,A
JPN,AE,P51G,GF08,2019,698300.0,A
JPN,AE,P51G,GF09,2019,2478600.0,A
JPN,AE,P51G,GF10,2019,439700.0,A
JPN,AE,P51G,GF01,2020,1422100.0,A
JPN,AE,P51G,GF02,2020,1396900.0,A
JPN,AE,P51G,GF03,2020,837600.0,A
JPN,AE,P51G,GF04,2020,11483400.0,A
JPN,AE,P51G,GF05,2020,3021800.0,A
JPN,AE,P51G,GF06,2020,1491200.0,A
JPN,AE,P51G,GF07,2020,216400.0,A
JPN,AE,P51G,GF08,2020,612400.0,A
JPN,AE,P51G,GF09,2020,2601400.0,A
JPN,AE,P51G,GF10,2020,386500.0,A
JPN,AE,P51G,GF01,2021,1474700.0,A
JPN,AE,P51G,GF02,2021,1427100.0,A
JPN,AE,P51G,GF03,2021,653100.0,A
JPN,AE,P51G,GF04,2021,11414500.0,A
JPN,AE,P51G,GF05,2021,2594700.0,A
JPN,AE,P51G,GF06,2021,1444500.0,A
JPN,AE,P51G,GF07,2021,285600.0,A
JPN,AE,P51G,GF08,2021,598500.0,A
JPN,AE,P51G,GF09,2021,2500000.0,A
JPN,AE,P51G,GF10,2021,331800.0,A
JPN,AE,P51G,GF01,2022,1516200.0,A
JPN,AE,P51G,GF02,2022,1431900.0,A
JPN,AE,P51G,GF03,2022,661300.0,A
JPN,AE,P51G,GF04,2022,10852500.0,A
JPN,AE,P51G,GF05,2022,2608200.0,A
JPN,AE,P51G,GF06,2022,1425400.0,A
JPN,AE,P51G,GF07,2022,255000.0,A
JPN,AE,P51G,GF08,2022,587300.0,A
JPN,AE,P51G,GF09,2022,2501500.0,A
JPN,AE,P51G,GF10,2022,398700.0,A
JPN,AE,P51G,GF01,2023,1533000.0,A
JPN,AE,P51G,GF02,2023,1818500.0,A
JPN,AE,P51G,GF03,2023,731000.0,A
JPN,AE,P51G,GF04,2023,10902800.0,A
JPN,AE,P51G,GF05,2023,2755800.0,A
JPN,AE,P51G,GF06,2023,1432500.0,A
JPN,AE,P51G,GF07,2023,192700.0,A
JPN,AE,P51G,GF08,2023,611000.0,A
JPN,AE,P51G,GF09,2023,2729900.0,A
JPN,AE,P51G,GF10,2023,423400.0,A
JPN,AE,P51G,GF01,2024,1691700.0,A
JPN,AE,P51G,GF02,2024,2128600.0,A
JPN,AE,P51G,GF03,2024,847800.0,A
JPN,AE,P51G,GF04,2024,11159500.0,A
JPN,AE,P51G,GF05,2024,2860000.0,A
JPN,AE,P51G,GF06,2024,1465700.0,A
JPN,AE,P51G,GF07,2024,261100.0,A
JPN,AE,P51G,GF08,2024,711100.0,A
JPN,AE,P51G,GF09,2024,3003400.0,A
JPN,AE,P51G,GF10,2024,413800.0,A
KOR,AE,P51G,GF01,2000,584900.0,A
KOR,AE,P51G,GF02,2000,4087400.0,A
KOR,AE,P51G,GF03,2000,612100.0,A
KOR,AE,P51G,GF04,2000,15976900.0,A
KOR,AE,P51G,GF05,2000,3069000.0,A
KOR,AE,P51G,GF06,2000,4454200.0,A
KOR,AE,P51G,GF07,2000,226400.0,A
KOR,AE,P51G,GF08,2000,1928700.0,A
KOR,AE,P51G,GF09,2000,3079600.0,A
KOR,AE,P51G,GF10,2000,330900.0,A
KOR,AE,P51G,GF01,2001,784600.0,A
KOR,AE,P51G,GF02,2001,3939000.0,A
KOR,AE,P51G,GF03,2001,784600.0,A
KOR,AE,P51G,GF04,2001,17864200.0,A
KOR,AE,P51G,GF05,2001,2880900.0,A
KOR,AE,P51G,GF06,2001,5041000.0,A
KOR,AE,P51G,GF07,2001,285900.0,A
KOR,AE,P51G,GF08,2001,1598800.0,A
KOR,AE,P51G,GF09,2001,4045200.0,A
KOR,AE,P51G,GF10,2001,628900.0,A
KOR,AE,P51G,GF01,2002,776000.0,A
KOR,AE,P51G,GF02,2002,4110100.0,A
KOR,AE,P51G,GF03,2002,809300.0,A
KOR,AE,P51G,GF04,2002,17628000.0,A
KOR,AE,P51G,GF05,2002,3363900.0,A
KOR,AE,P51G,GF06,2002,5284200.0,A
KOR,AE,P51G,GF07,2002,292400.0,A
KOR,AE,P51G,GF08,2002,1638500.0,A
KOR,AE,P51G,GF09,2002,4872900.0,A
KOR,AE,P51G,GF10,2002,541400.0,A
KOR,AE,P51G,GF01,2003,1377100.0,A
KOR,AE,P51G,GF02,2003,5651200.0,A
KOR,AE,P51G,GF03,2003,915800.0,A
KOR,AE,P51G,GF04,2003,19794300.0,A
KOR,AE,P51G,GF05,2003,2905400.0,A
KOR,AE,P51G,GF06,2003,7114900.0,A
KOR,AE,P51G,GF07,2003,384500.0,A
KOR,AE,P51G,GF08,2003,2664500.0,A
KOR,AE,P51G,GF09,2003,4916000.0,A
KOR,AE,P51G,GF10,2003,934100.0,A
KOR,AE,P51G,GF01,2004,1519500.0,A
KOR,AE,P51G,GF02,2004,5873100.0,A
KOR,AE,P51G,GF03,2004,1038300.0,A
KOR,AE,P51G,GF04,2004,21592200.0,A
KOR,AE,P51G,GF05,2004,3392400.0,A
KOR,AE,P51G,GF06,2004,7972500.0,A
KOR,AE,P51G,GF07,2004,413900.0,A
KOR,AE,P51G,GF08,2004,2672800.0,A
KOR,AE,P51G,GF09,2004,4979700.0,A
KOR,AE,P51G,GF10,2004,847100.0,A
KOR,AE,P51G,GF01,2005,1361500.0,A
KOR,AE,P51G,GF02,2005,6233400.0,A
KOR,AE,P51G,GF03,2005,997600.0,A
KOR,AE,P51G,GF04,2005,23275800.0,A
KOR,AE,P51G,GF05,2005,3623400.0,A
KOR,AE,P51G,GF06,2005,6409400.0,A
KOR,AE,P51G,GF07,2005,410900.0,A
KOR,AE,P51G,GF08,2005,2696000.0,A
KOR,AE,P51G,GF09,2005,4457400.0,A
KOR,AE,P51G,GF10,2005,969900.0,A
KOR,AE,P51G,GF01,2006,1187700.0,A
KOR,AE,P51G,GF02,2006,6969800.0,A
KOR,AE,P51G,GF03,2006,1147300.0,A
KOR,AE,P51G,GF04,2006,23366100.0,A
KOR,AE,P51G,GF05,2006,4077700.0,A
KOR,AE,P51G,GF06,2006,6675900.0,A
KOR,AE,P51G,GF07,2006,428600.0,A
KOR,AE,P51G,GF08,2006,2949100.0,A
KOR,AE,P51G,GF09,2006,2633300.0,A
KOR,AE,P51G,GF10,2006,1013400.0,A
KOR,AE,P51G,GF01,2007,1335000.0,A
KOR,AE,P51G,GF02,2007,7767300.0,A
KOR,AE,P51G,GF03,2007,1281100.0,A
KOR,AE,P51G,GF04,2007,24746100.0,A
KOR,AE,P51G,GF05,2007,4304600.0,A
KOR,AE,P51G,GF06,2007,6933500.0,A
KOR,AE,P51G,GF07,2007,493800.0,A
KOR,AE,P51G,GF08,2007,2916400.0,A
KOR,AE,P51G,GF09,2007,2429100.0,A
KOR,AE,P51G,GF10,2007,1265000.0,A
KOR,AE,P51G,GF01,2008,1672100.0,A
KOR,AE,P51G,GF02,2008,9399600.0,A
KOR,AE,P51G,GF03,2008,1423900.0,A
KOR,AE,P51G,GF04,2008,27336300.0,A
KOR,AE,P51G,GF05,2008,4169100.0,A
KOR,AE,P51G,GF06,2008,7386500.0,A
KOR,AE,P51G,GF07,2008,597000.0,A
KOR,AE,P51G,GF08,2008,3273700.0,A
KOR,AE,P51G,GF09,2008,3591700.0,A
KOR,AE,P51G,GF10,2008,1172100.0,A
KOR,AE,P51G,GF01,2009,2186400.0,A
KOR,AE,P51G,GF02,2009,11624700.0,A
KOR,AE,P51G,GF03,2009,1836400.0,A
KOR,AE,P51G,GF04,2009,34975000.0,A
KOR,AE,P51G,GF05,2009,5196800.0,A
KOR,AE,P51G,GF06,2009,10144800.0,A
KOR,AE,P51G,GF07,2009,836500.0,A
KOR,AE,P51G,GF08,2009,4195400.0,A
KOR,AE,P51G,GF09,2009,5085200.0,A
KOR,AE,P51G,GF10,2009,1127700.0,A
KOR,AE,P51G,GF01,2010,2063200.0,A
KOR,AE,P51G,GF02,2010,10861400.0,A
KOR,AE,P51G,GF03,2010,1771700.0,A
KOR,AE,P51G,GF04,2010,30691000.0,A
KOR,AE,P51G,GF05,2010,4657100.0,A
KOR,AE,P51G,GF06,2010,8247200.0,A
KOR,AE,P51G,GF07,2010,866700.0,A
KOR,AE,P51G,GF08,2010,3555600.0,A
KOR,AE,P51G,GF09,2010,4694000.0,A
KOR,AE,P51G,GF10,2010,937400.0,A
KOR,AE,P51G,GF01,2011,1961700.0,A
KOR,AE,P51G,GF02,2011,12881200.0,A
KOR,AE,P51G,GF03,2011,1840000.0,A
KOR,AE,P51G,GF04,2011,30295700.0,A
KOR,AE,P51G,GF05,2011,4401700.0,A
KOR,AE,P51G,GF06,2011,7452400.0,A
KOR,AE,P51G,GF07,2011,447200.0,A
KOR,AE,P51G,GF08,2011,3316800.0,A
KOR,AE,P51G,GF09,2011,4786600.0,A
KOR,AE,P51G,GF10,2011,957500.0,A
KOR,AE,P51G,GF01,2012,2231800.0,A
KOR,AE,P51G,GF02,2012,12787900.0,A
KOR,AE,P51G,GF03,2012,2119600.0,A
KOR,AE,P51G,GF04,2012,30101100.0,A
KOR,AE,P51G,GF05,2012,4502400.0,A
KOR,AE,P51G,GF06,2012,7688000.0,A
KOR,AE,P51G,GF07,2012,383700.0,A
KOR,AE,P51G,GF08,2012,3739700.0,A
KOR,AE,P51G,GF09,2012,3559500.0,A
KOR,AE,P51G,GF10,2012,901700.0,A
KOR,AE,P51G,GF01,2013,2637800.0,A
KOR,AE,P51G,GF02,2013,13319300.0,A
KOR,AE,P51G,GF03,2013,2860200.0,A
KOR,AE,P51G,GF04,2013,27374800.0,A
KOR,AE,P51G,GF05,2013,4859300.0,A
KOR,AE,P51G,GF06,2013,8916500.0,A
KOR,AE,P51G,GF07,2013,343000.0,A
KOR,AE,P51G,GF08,2013,4126700.0,A
KOR,AE,P51G,GF09,2013,4395900.0,A
KOR,AE,P51G,GF10,2013,1855500.0,A
KOR,AE,P51G,GF01,2014,2537700.0,A
KOR,AE,P51G,GF02,2014,13351700.0,A
KOR,AE,P51G,GF03,2014,2456200.0,A
KOR,AE,P51G,GF04,2014,25712000.0,A
KOR,AE,P51G,GF05,2014,4752000.0,A
KOR,AE,P51G,GF06,2014,8213500.0,A
KOR,AE,P51G,GF07,2014,384700.0,A
KOR,AE,P51G,GF08,2014,3359500.0,A
KOR,AE,P51G,GF09,2014,4165600.0,A
KOR,AE,P51G,GF10,2014,1639400.0,A
KOR,AE,P51G,GF01,2015,2597000.0,A
KOR,AE,P51G,GF02,2015,14188000.0,A
KOR,AE,P51G,GF03,2015,2669300.0,A
KOR,AE,P51G,GF04,2015,26456200.0,A
KOR,AE,P51G,GF05,2015,4939800.0,A
KOR,AE,P51G,GF06,2015,9407700.0,A
KOR,AE,P51G,GF07,2015,354500.0,A
KOR,AE,P51G,GF08,2015,3554400.0,A
KOR,AE,P51G,GF09,2015,4422800.0,A
KOR,AE,P51G,GF10,2015,1973800.0,A
KOR,AE,P51G,GF01,2016,3370000.0,A
KOR,AE,P51G,GF02,2016,14746200.0,A
KOR,AE,P51G,GF03,2016,3683400.0,A
KOR,AE,P51G,GF04,2016,26719000.0,A
KOR,AE,P51G,GF05,2016,4874200.0,A
KOR,AE,P51G,GF06,2016,10371400.0,A
KOR,AE,P51G,GF07,2016,462100.0,A
KOR,AE,P51G,GF08,2016,4478100.0,A
KOR,AE,P51G,GF09,2016,5477600.0,A
KOR,AE,P51G,GF10,2016,1723900.0,A
KOR,AE,P51G,GF01,2017,3550700.0,A
KOR,AE,P51G,GF02,2017,14567500.0,A
KOR,AE,P51G,GF03,2017,3695900.0,A
KOR,AE,P51G,GF04,2017,28096400.0,A
KOR,AE,P51G,GF05,2017,5285700.0,A
KOR,AE,P51G,GF06,2017,11138900.0,A
KOR,AE,P51G,GF07,2017,382600.0,A
KOR,AE,P51G,GF08,2017,4742300.0,A
KOR,AE,P51G,GF09,2017,6863100.0,A
KOR,AE,P51G,GF10,2017,1773200.0,A
KOR,AE,P51G,GF01,2018,3812900.0,A
KOR,AE,P51G,GF02,2018,17541200.0,A
KOR,AE,P51G,GF03,2018,3666400.0,A
KOR,AE,P51G,GF04,2018,28336400.0,A
KOR,AE,P51G,GF05,2018,5406700.0,A
KOR,AE,P51G,GF06,2018,11832600.0,A
KOR,AE,P51G,GF07,2018,437300.0,A
KOR,AE,P51G,GF08,2018,4119500.0,A
KOR,AE,P51G,GF09,2018,7477100.0,A
KOR,AE,P51G,GF10,2018,2089600.0,A
KOR,AE,P51G,GF01,2019,4676300.0,A
KOR,AE,P51G,GF02,2019,19515900.0,A
KOR,AE,P51G,GF03,2019,4490900.0,A
KOR,AE,P51G,GF04,2019,31438500.0,A
KOR,AE,P51G,GF05,2019,6281000.0,A
KOR,AE,P51G,GF06,2019,13745300.0,A
KOR,AE,P51G,GF07,2019,501300.0,A
KOR,AE,P51G,GF08,2019,4877200.0,A
KOR,AE,P51G,GF09,2019,9196100.0,A
KOR,AE,P51G,GF10,2019,2715100.0,A
KOR,AE,P51G,GF01,2020,4855600.0,A
KOR,AE,P51G,GF02,2020,19902100.0,A
KOR,AE,P51G,GF03,2020,4740200.0,A
KOR,AE,P51G,GF04,2020,32438500.0,A
KOR,AE,P51G,GF05,2020,6542000.0,A
KOR,AE,P51G,GF06,2020,14513200.0,A
KOR,AE,P51G,GF07,2020,526800.0,A
KOR,AE,P51G,GF08,2020,5189400.0,A
KOR,AE,P51G,GF09,2020,9813100.0,A
KOR,AE,P51G,GF10,2020,2964700.0,A
KOR,AE,P51G,GF01,2021,4902100.0,A
KOR,AE,P51G,GF02,2021,20730200.0,A
KOR,AE,P51G,GF03,2021,4804300.0,A
KOR,AE,P51G,GF04,2021,33350300.0,A
KOR,AE,P51G,GF05,2021,6427000.0,A
KOR,AE,P51G,GF06,2021,14468100.0,A
KOR,AE,P51G,GF07,2021,536700.0,A
KOR,AE,P51G,GF08,2021,5201200.0,A
KOR,AE,P51G,GF09,2021,9760600.0,A
KOR,AE,P51G,GF10,2021,2943400.0,A
KOR,AE,P51G,GF01,2022,5996500.0,A
KOR,AE,P51G,GF02,2022,19579600.0,A
KOR,AE,P51G,GF03,2022,3844400.0,A
KOR,AE,P51G,GF04,2022,34791200.0,A
KOR,AE,P51G,GF05,2022,6523600.0,A
KOR,AE,P51G,GF06,2022,13402100.0,A
KOR,AE,P51G,GF07,2022,574600.0,A
KOR,AE,P51G,GF08,2022,5350700.0,A
KOR,AE,P51G,GF09,2022,10385100.0,A
KOR,AE,P51G,GF10,2022,2891900.0,A
KOR,AE,P51G,GF01,2023,6583100.0,A
KOR,AE,P51G,GF02,2023,20791300.0,A
KOR,AE,P51G,GF03,2023,4249800.0,A
KOR,AE,P51G,GF04,2023,38694200.0,A
KOR,AE,P51G,GF05,2023,7267900.0,A
KOR,AE,P51G,GF06,2023,15003000.0,A
KOR,AE,P51G,GF07,2023,635300.0,A
KOR,AE,P51G,GF08,2023,5899600.0,A
KOR,AE,P51G,GF09,2023,11166500.0,A
KOR,AE,P51G,GF10,2023,3121100.0,A
LTU,AE,P51G,GF01,2000,7.43,A
LTU,AE,P51G,GF02,2000,9.28,A
LTU,AE,P51G,GF03,2000,7.51,A
LTU,AE,P51G,GF04,2000,239.91,A
LTU,AE,P51G,GF05,2000,0.41,A
LTU,AE,P51G,GF06,2000,10.0,A
LTU,AE,P51G,GF07,2000,18.3,A
LTU,AE,P51G,GF08,2000,3.07,A
LTU,AE,P51G,GF09,2000,8.36,A
LTU,AE,P51G,GF10,2000,19.69,A
LTU,AE,P51G,GF01,2001,8.82,A
LTU,AE,P51G,GF02,2001,12.67,A
LTU,AE,P51G,GF03,2001,11.46,A
LTU,AE,P51G,GF04,2001,222.27,A
LTU,AE,P51G,GF05,2001,0.32,A
LTU,AE,P51G,GF06,2001,9.65,A
LTU,AE,P51G,GF07,2001,19.73,A
LTU,AE,P51G,GF08,2001,3.71,A
LTU,AE,P51G,GF09,2001,16.92,A
LTU,AE,P51G,GF10,2001,17.88,A
LTU,AE,P51G,GF01,2002,32.78,A
LTU,AE,P51G,GF02,2002,39.05,A
LTU,AE,P51G,GF03,2002,16.14,A
LTU,AE,P51G,GF04,2002,258.97,A
LTU,AE,P51G,GF05,2002,0.14,A
LTU,AE,P51G,GF06,2002,19.82,A
LTU,AE,P51G,GF07,2002,26.52,A
LTU,AE,P51G,GF08,2002,10.15,A
LTU,AE,P51G,GF09,2002,40.8,A
LTU,AE,P51G,GF10,2002,7.32,A
LTU,AE,P51G,GF01,2003,44.23,A
LTU,AE,P51G,GF02,2003,41.99,A
LTU,AE,P51G,GF03,2003,18.0,A
LTU,AE,P51G,GF04,2003,291.32,A
LTU,AE,P51G,GF05,2003,0.32,A
LTU,AE,P51G,GF06,2003,12.04,A
LTU,AE,P51G,GF07,2003,32.6,A
LTU,AE,P51G,GF08,2003,18.97,A
LTU,AE,P51G,GF09,2003,44.03,A
LTU,AE,P51G,GF10,2003,9.49,A
LTU,AE,P51G,GF01,2004,72.74,A
LTU,AE,P51G,GF02,2004,44.07,A
LTU,AE,P51G,GF03,2004,30.38,A
LTU,AE,P51G,GF04,2004,325.07,A
LTU,AE,P51G,GF05,2004,21.42,A
LTU,AE,P51G,GF06,2004,14.11,A
LTU,AE,P51G,GF07,2004,48.11,A
LTU,AE,P51G,GF08,2004,28.77,A
LTU,AE,P51G,GF09,2004,57.14,A
LTU,AE,P51G,GF10,2004,15.96,A
LTU,AE,P51G,GF01,2005,81.45,A
LTU,AE,P51G,GF02,2005,62.26,A
LTU,AE,P51G,GF03,2005,35.02,A
LTU,AE,P51G,GF04,2005,310.4,A
LTU,AE,P51G,GF05,2005,56.9,A
LTU,AE,P51G,GF06,2005,15.6,A
LTU,AE,P51G,GF07,2005,60.08,A
LTU,AE,P51G,GF08,2005,37.32,A
LTU,AE,P51G,GF09,2005,75.9,A
LTU,AE,P51G,GF10,2005,22.55,A
LTU,AE,P51G,GF01,2006,103.59,A
LTU,AE,P51G,GF02,2006,122.3,A
LTU,AE,P51G,GF03,2006,45.39,A
LTU,AE,P51G,GF04,2006,370.98,A
LTU,AE,P51G,GF05,2006,98.09,A
LTU,AE,P51G,GF06,2006,17.26,A
LTU,AE,P51G,GF07,2006,86.07,A
LTU,AE,P51G,GF08,2006,47.72,A
LTU,AE,P51G,GF09,2006,107.95,A
LTU,AE,P51G,GF10,2006,29.98,A
LTU,AE,P51G,GF01,2007,223.45,A
LTU,AE,P51G,GF02,2007,216.08,A
LTU,AE,P51G,GF03,2007,68.0,A
LTU,AE,P51G,GF04,2007,514.46,A
LTU,AE,P51G,GF05,2007,158.76,A
LTU,AE,P51G,GF06,2007,19.6,A
LTU,AE,P51G,GF07,2007,125.19,A
LTU,AE,P51G,GF08,2007,66.1,A
LTU,AE,P51G,GF09,2007,141.24,A
LTU,AE,P51G,GF10,2007,39.46,A
LTU,AE,P51G,GF01,2008,231.79,A
LTU,AE,P51G,GF02,2008,101.26,A
LTU,AE,P51G,GF03,2008,78.1,A
LTU,AE,P51G,GF04,2008,642.73,A
LTU,AE,P51G,GF05,2008,163.81,A
LTU,AE,P51G,GF06,2008,40.32,A
LTU,AE,P51G,GF07,2008,154.8,A
LTU,AE,P51G,GF08,2008,85.52,A
LTU,AE,P51G,GF09,2008,207.55,A
LTU,AE,P51G,GF10,2008,53.28,A
LTU,AE,P51G,GF01,2009,125.65,A
LTU,AE,P51G,GF02,2009,57.17,A
LTU,AE,P51G,GF03,2009,36.22,A
LTU,AE,P51G,GF04,2009,412.35,A
LTU,AE,P51G,GF05,2009,213.86,A
LTU,AE,P51G,GF06,2009,41.24,A
LTU,AE,P51G,GF07,2009,71.77,A
LTU,AE,P51G,GF08,2009,77.82,A
LTU,AE,P51G,GF09,2009,126.58,A
LTU,AE,P51G,GF10,2009,26.56,A
LTU,AE,P51G,GF01,2010,124.88,A
LTU,AE,P51G,GF02,2010,54.12,A
LTU,AE,P51G,GF03,2010,45.97,A
LTU,AE,P51G,GF04,2010,558.17,A
LTU,AE,P51G,GF05,2010,265.39,A
LTU,AE,P51G,GF06,2010,25.11,A
LTU,AE,P51G,GF07,2010,86.27,A
LTU,AE,P51G,GF08,2010,67.42,A
LTU,AE,P51G,GF09,2010,146.36,A
LTU,AE,P51G,GF10,2010,20.49,A
LTU,AE,P51G,GF01,2011,142.01,A
LTU,AE,P51G,GF02,2011,31.18,A
LTU,AE,P51G,GF03,2011,97.03,A
LTU,AE,P51G,GF04,2011,608.02,A
LTU,AE,P51G,GF05,2011,172.14,A
LTU,AE,P51G,GF06,2011,20.25,A
LTU,AE,P51G,GF07,2011,169.37,A
LTU,AE,P51G,GF08,2011,80.8,A
LTU,AE,P51G,GF09,2011,205.72,A
LTU,AE,P51G,GF10,2011,16.59,A
LTU,AE,P51G,GF01,2012,171.99,A
LTU,AE,P51G,GF02,2012,38.84,A
LTU,AE,P51G,GF03,2012,104.73,A
LTU,AE,P51G,GF04,2012,522.72,A
LTU,AE,P51G,GF05,2012,165.0,A
LTU,AE,P51G,GF06,2012,16.32,A
LTU,AE,P51G,GF07,2012,109.05,A
LTU,AE,P51G,GF08,2012,48.16,A
LTU,AE,P51G,GF09,2012,187.44,A
LTU,AE,P51G,GF10,2012,19.05,A
LTU,AE,P51G,GF01,2013,154.49,A
LTU,AE,P51G,GF02,2013,29.8,A
LTU,AE,P51G,GF03,2013,101.97,A
LTU,AE,P51G,GF04,2013,622.26,A
LTU,AE,P51G,GF05,2013,43.1,A
LTU,AE,P51G,GF06,2013,18.16,A
LTU,AE,P51G,GF07,2013,97.19,A
LTU,AE,P51G,GF08,2013,49.85,A
LTU,AE,P51G,GF09,2013,227.29,A
LTU,AE,P51G,GF10,2013,26.3,A
LTU,AE,P51G,GF01,2014,178.63,A
LTU,AE,P51G,GF02,2014,44.09,A
LTU,AE,P51G,GF03,2014,99.15,A
LTU,AE,P51G,GF04,2014,538.28,A
LTU,AE,P51G,GF05,2014,44.95,A
LTU,AE,P51G,GF06,2014,25.02,A
LTU,AE,P51G,GF07,2014,73.41,A
LTU,AE,P51G,GF08,2014,63.56,A
LTU,AE,P51G,GF09,2014,246.32,A
LTU,AE,P51G,GF10,2014,35.06,A
LTU,AE,P51G,GF01,2015,126.72,A
LTU,AE,P51G,GF02,2015,98.7,A
LTU,AE,P51G,GF03,2015,87.6,A
LTU,AE,P51G,GF04,2015,583.73,A
LTU,AE,P51G,GF05,2015,45.52,A
LTU,AE,P51G,GF06,2015,15.73,A
LTU,AE,P51G,GF07,2015,121.82,A
LTU,AE,P51G,GF08,2015,67.86,A
LTU,AE,P51G,GF09,2015,257.21,A
LTU,AE,P51G,GF10,2015,26.15,A
LTU,AE,P51G,GF01,2016,110.39,A
LTU,AE,P51G,GF02,2016,132.36,A
LTU,AE,P51G,GF03,2016,43.87,A
LTU,AE,P51G,GF04,2016,533.03,A
LTU,AE,P51G,GF05,2016,8.1,A
LTU,AE,P51G,GF06,2016,26.52,A
LTU,AE,P51G,GF07,2016,106.82,A
LTU,AE,P51G,GF08,2016,82.02,A
LTU,AE,P51G,GF09,2016,176.05,A
LTU,AE,P51G,GF10,2016,16.13,A
LTU,AE,P51G,GF01,2017,124.9,A
LTU,AE,P51G,GF02,2017,193.28,A
LTU,AE,P51G,GF03,2017,78.32,A
LTU,AE,P51G,GF04,2017,549.8,A
LTU,AE,P51G,GF05,2017,21.31,A
LTU,AE,P51G,GF06,2017,45.87,A
LTU,AE,P51G,GF07,2017,76.42,A
LTU,AE,P51G,GF08,2017,109.99,A
LTU,AE,P51G,GF09,2017,199.81,A
LTU,AE,P51G,GF10,2017,22.03,A
LTU,AE,P51G,GF01,2018,120.32,A
LTU,AE,P51G,GF02,2018,225.57,A
LTU,AE,P51G,GF03,2018,56.9,A
LTU,AE,P51G,GF04,2018,541.79,A
LTU,AE,P51G,GF05,2018,31.48,A
LTU,AE,P51G,GF06,2018,72.72,A
LTU,AE,P51G,GF07,2018,106.27,A
LTU,AE,P51G,GF08,2018,113.88,A
LTU,AE,P51G,GF09,2018,209.56,A
LTU,AE,P51G,GF10,2018,26.24,A
LTU,AE,P51G,GF01,2019,128.71,A
LTU,AE,P51G,GF02,2019,157.54,A
LTU,AE,P51G,GF03,2019,61.88,A
LTU,AE,P51G,GF04,2019,632.73,A
LTU,AE,P51G,GF05,2019,48.22,A
LTU,AE,P51G,GF06,2019,73.74,A
LTU,AE,P51G,GF07,2019,84.88,A
LTU,AE,P51G,GF08,2019,136.39,A
LTU,AE,P51G,GF09,2019,202.83,A
LTU,AE,P51G,GF10,2019,27.02,A
LTU,AE,P51G,GF01,2020,120.07,A
LTU,AE,P51G,GF02,2020,374.21,A
LTU,AE,P51G,GF03,2020,60.66,A
LTU,AE,P51G,GF04,2020,848.5,A
LTU,AE,P51G,GF05,2020,26.81,A
LTU,AE,P51G,GF06,2020,99.87,A
LTU,AE,P51G,GF07,2020,145.5,A
LTU,AE,P51G,GF08,2020,208.56,A
LTU,AE,P51G,GF09,2020,346.51,A
LTU,AE,P51G,GF10,2020,31.59,A
LTU,AE,P51G,GF01,2021,155.14,A
LTU,AE,P51G,GF02,2021,203.39,A
LTU,AE,P51G,GF03,2021,78.58,A
LTU,AE,P51G,GF04,2021,660.05,A
LTU,AE,P51G,GF05,2021,26.32,A
LTU,AE,P51G,GF06,2021,100.87,A
LTU,AE,P51G,GF07,2021,106.32,A
LTU,AE,P51G,GF08,2021,167.35,A
LTU,AE,P51G,GF09,2021,280.55,A
LTU,AE,P51G,GF10,2021,25.15,A
LTU,AE,P51G,GF01,2022,210.32,A
LTU,AE,P51G,GF02,2022,271.1,A
LTU,AE,P51G,GF03,2022,256.02,A
LTU,AE,P51G,GF04,2022,578.47,A
LTU,AE,P51G,GF05,2022,41.38,A
LTU,AE,P51G,GF06,2022,117.69,A
LTU,AE,P51G,GF07,2022,110.89,A
LTU,AE,P51G,GF08,2022,190.04,A
LTU,AE,P51G,GF09,2022,331.9,A
LTU,AE,P51G,GF10,2022,31.02,A
LTU,AE,P51G,GF01,2023,282.93,A
LTU,AE,P51G,GF02,2023,658.55,A
LTU,AE,P51G,GF03,2023,139.33,A
LTU,AE,P51G,GF04,2023,912.28,A
LTU,AE,P51G,GF05,2023,56.53,A
LTU,AE,P51G,GF06,2023,145.58,A
LTU,AE,P51G,GF07,2023,184.79,A
LTU,AE,P51G,GF08,2023,228.82,A
LTU,AE,P51G,GF09,2023,439.61,A
LTU,AE,P51G,GF10,2023,52.23,A
LTU,AE,P51G,GF01,2024,259.36,A
LTU,AE,P51G,GF02,2024,765.19,A
LTU,AE,P51G,GF03,2024,151.0,A
LTU,AE,P51G,GF04,2024,1112.2,A
LTU,AE,P51G,GF05,2024,26.89,A
LTU,AE,P51G,GF06,2024,158.37,A
LTU,AE,P51G,GF07,2024,193.94,A
LTU,AE,P51G,GF08,2024,202.62,A
LTU,AE,P51G,GF09,2024,418.88,A
LTU,AE,P51G,GF10,2024,38.05,A
LUX,AE,P51G,GF01,2000,160.9,A
LUX,AE,P51G,GF02,2000,1.32,A
LUX,AE,P51G,GF03,2000,20.43,A
LUX,AE,P51G,GF04,2000,356.04,A
LUX,AE,P51G,GF05,2000,49.37,A
LUX,AE,P51G,GF06,2000,58.75,A
LUX,AE,P51G,GF07,2000,56.3,A
LUX,AE,P51G,GF08,2000,90.6,A
LUX,AE,P51G,GF09,2000,113.16,A
LUX,AE,P51G,GF10,2000,29.22,A
LUX,AE,P51G,GF01,2001,174.69,A
LUX,AE,P51G,GF02,2001,4.33,A
LUX,AE,P51G,GF03,2001,27.67,A
LUX,AE,P51G,GF04,2001,460.23,A
LUX,AE,P51G,GF05,2001,71.87,A
LUX,AE,P51G,GF06,2001,55.49,A
LUX,AE,P51G,GF07,2001,64.31,A
LUX,AE,P51G,GF08,2001,95.28,A
LUX,AE,P51G,GF09,2001,120.56,A
LUX,AE,P51G,GF10,2001,24.45,A
LUX,AE,P51G,GF01,2002,196.04,A
LUX,AE,P51G,GF02,2002,5.07,A
LUX,AE,P51G,GF03,2002,33.92,A
LUX,AE,P51G,GF04,2002,482.32,A
LUX,AE,P51G,GF05,2002,55.21,A
LUX,AE,P51G,GF06,2002,113.67,A
LUX,AE,P51G,GF07,2002,80.99,A
LUX,AE,P51G,GF08,2002,115.96,A
LUX,AE,P51G,GF09,2002,148.74,A
LUX,AE,P51G,GF10,2002,50.72,A
LUX,AE,P51G,GF01,2003,200.87,A
LUX,AE,P51G,GF02,2003,5.74,A
LUX,AE,P51G,GF03,2003,38.7,A
LUX,AE,P51G,GF04,2003,500.17,A
LUX,AE,P51G,GF05,2003,64.88,A
LUX,AE,P51G,GF06,2003,71.7,A
LUX,AE,P51G,GF07,2003,114.53,A
LUX,AE,P51G,GF08,2003,152.59,A
LUX,AE,P51G,GF09,2003,187.07,A
LUX,AE,P51G,GF10,2003,18.26,A
LUX,AE,P51G,GF01,2004,188.11,A
LUX,AE,P51G,GF02,2004,5.19,A
LUX,AE,P51G,GF03,2004,46.66,A
LUX,AE,P51G,GF04,2004,533.36,A
LUX,AE,P51G,GF05,2004,50.92,A
LUX,AE,P51G,GF06,2004,70.24,A
LUX,AE,P51G,GF07,2004,127.87,A
LUX,AE,P51G,GF08,2004,162.11,A
LUX,AE,P51G,GF09,2004,217.25,A
LUX,AE,P51G,GF10,2004,46.58,A
LUX,AE,P51G,GF01,2005,312.69,A
LUX,AE,P51G,GF02,2005,4.59,A
LUX,AE,P51G,GF03,2005,47.66,A
LUX,AE,P51G,GF04,2005,593.2,A
LUX,AE,P51G,GF05,2005,67.74,A
LUX,AE,P51G,GF06,2005,75.71,A
LUX,AE,P51G,GF07,2005,99.02,A
LUX,AE,P51G,GF08,2005,166.61,A
LUX,AE,P51G,GF09,2005,250.86,A
LUX,AE,P51G,GF10,2005,36.17,A
LUX,AE,P51G,GF01,2006,235.92,A
LUX,AE,P51G,GF02,2006,4.98,A
LUX,AE,P51G,GF03,2006,39.2,A
LUX,AE,P51G,GF04,2006,362.98,A
LUX,AE,P51G,GF05,2006,65.85,A
LUX,AE,P51G,GF06,2006,70.36,A
LUX,AE,P51G,GF07,2006,115.5,A
LUX,AE,P51G,GF08,2006,118.78,A
LUX,AE,P51G,GF09,2006,205.65,A
LUX,AE,P51G,GF10,2006,25.91,A
LUX,AE,P51G,GF01,2007,224.55,A
LUX,AE,P51G,GF02,2007,5.9,A
LUX,AE,P51G,GF03,2007,28.34,A
LUX,AE,P51G,GF04,2007,531.45,A
LUX,AE,P51G,GF05,2007,83.94,A
LUX,AE,P51G,GF06,2007,69.19,A
LUX,AE,P51G,GF07,2007,109.13,A
LUX,AE,P51G,GF08,2007,143.05,A
LUX,AE,P51G,GF09,2007,210.69,A
LUX,AE,P51G,GF10,2007,18.31,A
LUX,AE,P51G,GF01,2008,243.34,A
LUX,AE,P51G,GF02,2008,4.72,A
LUX,AE,P51G,GF03,2008,36.75,A
LUX,AE,P51G,GF04,2008,512.89,A
LUX,AE,P51G,GF05,2008,93.76,A
LUX,AE,P51G,GF06,2008,80.94,A
LUX,AE,P51G,GF07,2008,118.5,A
LUX,AE,P51G,GF08,2008,139.77,A
LUX,AE,P51G,GF09,2008,248.56,A
LUX,AE,P51G,GF10,2008,-1.58,A
LUX,AE,P51G,GF01,2009,258.9,A
LUX,AE,P51G,GF02,2009,7.1,A
LUX,AE,P51G,GF03,2009,39.18,A
LUX,AE,P51G,GF04,2009,565.15,A
LUX,AE,P51G,GF05,2009,110.53,A
LUX,AE,P51G,GF06,2009,113.37,A
LUX,AE,P51G,GF07,2009,118.69,A
LUX,AE,P51G,GF08,2009,146.29,A
LUX,AE,P51G,GF09,2009,270.62,A
LUX,AE,P51G,GF10,2009,27.81,A
LUX,AE,P51G,GF01,2010,367.39,A
LUX,AE,P51G,GF02,2010,98.78,A
LUX,AE,P51G,GF03,2010,60.25,A
LUX,AE,P51G,GF04,2010,661.3,A
LUX,AE,P51G,GF05,2010,79.65,A
LUX,AE,P51G,GF06,2010,115.75,A
LUX,AE,P51G,GF07,2010,112.38,A
LUX,AE,P51G,GF08,2010,139.52,A
LUX,AE,P51G,GF09,2010,306.83,A
LUX,AE,P51G,GF10,2010,30.45,A
LUX,AE,P51G,GF01,2011,333.56,A
LUX,AE,P51G,GF02,2011,62.29,A
LUX,AE,P51G,GF03,2011,55.48,A
LUX,AE,P51G,GF04,2011,622.58,A
LUX,AE,P51G,GF05,2011,85.07,A
LUX,AE,P51G,GF06,2011,140.32,A
LUX,AE,P51G,GF07,2011,97.27,A
LUX,AE,P51G,GF08,2011,132.7,A
LUX,AE,P51G,GF09,2011,296.37,A
LUX,AE,P51G,GF10,2011,32.09,A
LUX,AE,P51G,GF01,2012,372.14,A
LUX,AE,P51G,GF02,2012,43.14,A
LUX,AE,P51G,GF03,2012,44.6,A
LUX,AE,P51G,GF04,2012,568.59,A
LUX,AE,P51G,GF05,2012,85.85,A
LUX,AE,P51G,GF06,2012,160.96,A
LUX,AE,P51G,GF07,2012,119.5,A
LUX,AE,P51G,GF08,2012,149.93,A
LUX,AE,P51G,GF09,2012,237.97,A
LUX,AE,P51G,GF10,2012,38.39,A
LUX,AE,P51G,GF01,2013,233.6,A
LUX,AE,P51G,GF02,2013,29.04,A
LUX,AE,P51G,GF03,2013,38.79,A
LUX,AE,P51G,GF04,2013,583.78,A
LUX,AE,P51G,GF05,2013,113.63,A
LUX,AE,P51G,GF06,2013,125.07,A
LUX,AE,P51G,GF07,2013,127.85,A
LUX,AE,P51G,GF08,2013,141.68,A
LUX,AE,P51G,GF09,2013,196.81,A
LUX,AE,P51G,GF10,2013,115.88,A
LUX,AE,P51G,GF01,2014,250.17,A
LUX,AE,P51G,GF02,2014,21.2,A
LUX,AE,P51G,GF03,2014,47.77,A
LUX,AE,P51G,GF04,2014,710.67,A
LUX,AE,P51G,GF05,2014,121.83,A
LUX,AE,P51G,GF06,2014,136.35,A
LUX,AE,P51G,GF07,2014,119.84,A
LUX,AE,P51G,GF08,2014,129.96,A
LUX,AE,P51G,GF09,2014,242.46,A
LUX,AE,P51G,GF10,2014,112.52,A
LUX,AE,P51G,GF01,2015,336.33,A
LUX,AE,P51G,GF02,2015,15.58,A
LUX,AE,P51G,GF03,2015,52.2,A
LUX,AE,P51G,GF04,2015,756.28,A
LUX,AE,P51G,GF05,2015,121.56,A
LUX,AE,P51G,GF06,2015,140.36,A
LUX,AE,P51G,GF07,2015,157.71,A
LUX,AE,P51G,GF08,2015,124.76,A
LUX,AE,P51G,GF09,2015,256.58,A
LUX,AE,P51G,GF10,2015,129.66,A
LUX,AE,P51G,GF01,2016,317.31,A
LUX,AE,P51G,GF02,2016,47.25,A
LUX,AE,P51G,GF03,2016,53.43,A
LUX,AE,P51G,GF04,2016,807.03,A
LUX,AE,P51G,GF05,2016,146.69,A
LUX,AE,P51G,GF06,2016,126.57,A
LUX,AE,P51G,GF07,2016,124.46,A
LUX,AE,P51G,GF08,2016,168.07,A
LUX,AE,P51G,GF09,2016,220.93,A
LUX,AE,P51G,GF10,2016,128.76,A
LUX,AE,P51G,GF01,2017,279.16,A
LUX,AE,P51G,GF02,2017,34.94,A
LUX,AE,P51G,GF03,2017,60.69,A
LUX,AE,P51G,GF04,2017,948.51,A
LUX,AE,P51G,GF05,2017,174.59,A
LUX,AE,P51G,GF06,2017,129.48,A
LUX,AE,P51G,GF07,2017,133.03,A
LUX,AE,P51G,GF08,2017,193.72,A
LUX,AE,P51G,GF09,2017,250.7,A
LUX,AE,P51G,GF10,2017,143.56,A
LUX,AE,P51G,GF01,2018,376.66,A
LUX,AE,P51G,GF02,2018,71.87,A
LUX,AE,P51G,GF03,2018,89.4,A
LUX,AE,P51G,GF04,2018,736.56,A
LUX,AE,P51G,GF05,2018,202.69,A
LUX,AE,P51G,GF06,2018,126.99,A
LUX,AE,P51G,GF07,2018,144.97,A
LUX,AE,P51G,GF08,2018,226.49,A
LUX,AE,P51G,GF09,2018,248.16,A
LUX,AE,P51G,GF10,2018,123.72,A
LUX,AE,P51G,GF01,2019,549.59,A
LUX,AE,P51G,GF02,2019,54.74,A
LUX,AE,P51G,GF03,2019,106.81,A
LUX,AE,P51G,GF04,2019,795.24,A
LUX,AE,P51G,GF05,2019,191.68,A
LUX,AE,P51G,GF06,2019,109.19,A
LUX,AE,P51G,GF07,2019,133.35,A
LUX,AE,P51G,GF08,2019,221.59,A
LUX,AE,P51G,GF09,2019,263.11,A
LUX,AE,P51G,GF10,2019,145.8,A
LUX,AE,P51G,GF01,2020,551.1,A
LUX,AE,P51G,GF02,2020,251.28,A
LUX,AE,P51G,GF03,2020,105.3,A
LUX,AE,P51G,GF04,2020,922.41,A
LUX,AE,P51G,GF05,2020,214.27,A
LUX,AE,P51G,GF06,2020,95.41,A
LUX,AE,P51G,GF07,2020,199.27,A
LUX,AE,P51G,GF08,2020,207.01,A
LUX,AE,P51G,GF09,2020,288.73,A
LUX,AE,P51G,GF10,2020,186.82,A
LUX,AE,P51G,GF01,2021,522.15,A
LUX,AE,P51G,GF02,2021,81.56,A
LUX,AE,P51G,GF03,2021,101.66,A
LUX,AE,P51G,GF04,2021,981.08,A
LUX,AE,P51G,GF05,2021,230.55,A
LUX,AE,P51G,GF06,2021,135.3,A
LUX,AE,P51G,GF07,2021,175.94,A
LUX,AE,P51G,GF08,2021,226.53,A
LUX,AE,P51G,GF09,2021,310.38,A
LUX,AE,P51G,GF10,2021,194.07,A
LUX,AE,P51G,GF01,2022,597.9,A
LUX,AE,P51G,GF02,2022,60.2,A
LUX,AE,P51G,GF03,2022,99.27,A
LUX,AE,P51G,GF04,2022,1095.29,A
LUX,AE,P51G,GF05,2022,264.85,A
LUX,AE,P51G,GF06,2022,161.37,A
LUX,AE,P51G,GF07,2022,139.89,A
LUX,AE,P51G,GF08,2022,261.37,A
LUX,AE,P51G,GF09,2022,318.33,A
LUX,AE,P51G,GF10,2022,292.45,A
LUX,AE,P51G,GF01,2023,808.79,A
LUX,AE,P51G,GF02,2023,32.31,A
LUX,AE,P51G,GF03,2023,79.59,A
LUX,AE,P51G,GF04,2023,1304.63,A
LUX,AE,P51G,GF05,2023,244.88,A
LUX,AE,P51G,GF06,2023,190.66,A
LUX,AE,P51G,GF07,2023,179.45,A
LUX,AE,P51G,GF08,2023,315.34,A
LUX,AE,P51G,GF09,2023,388.54,A
LUX,AE,P51G,GF10,2023,293.07,A
LUX,AE,P51G,GF01,2024,876.26,A
LUX,AE,P51G,GF02,2024,101.58,A
LUX,AE,P51G,GF03,2024,52.29,A
LUX,AE,P51G,GF04,2024,1335.01,A
LUX,AE,P51G,GF05,2024,221.57,A
LUX,AE,P51G,GF06,2024,209.74,A
LUX,AE,P51G,GF07,2024,218.52,A
LUX,AE,P51G,GF08,2024,303.79,A
LUX,AE,P51G,GF09,2024,341.97,A
LUX,AE,P51G,GF10,2024,357.36,A
LUX,AE,P51G,GF01,2025,855.24,A
LUX,AE,P51G,GF02,2025,307.77,A
LUX,AE,P51G,GF03,2025,82.93,A
LUX,AE,P51G,GF04,2025,1451.24,A
LUX,AE,P51G,GF05,2025,253.26,A
LUX,AE,P51G,GF06,2025,312.31,A
LUX,AE,P51G,GF07,2025,183.49,A
LUX,AE,P51G,GF08,2025,349.2,A
LUX,AE,P51G,GF09,2025,371.28,A
LUX,AE,P51G,GF10,2025,345.71,A
LVA,AE,P51G,GF01,2000,23.42,A
LVA,AE,P51G,GF02,2000,5.61,A
LVA,AE,P51G,GF03,2000,4.06,A
LVA,AE,P51G,GF04,2000,38.54,A
LVA,AE,P51G,GF05,2000,3.16,A
LVA,AE,P51G,GF06,2000,10.57,A
LVA,AE,P51G,GF07,2000,2.65,A
LVA,AE,P51G,GF08,2000,10.82,A
LVA,AE,P51G,GF09,2000,20.82,A
LVA,AE,P51G,GF10,2000,2.39,A
LVA,AE,P51G,GF01,2001,19.8,A
LVA,AE,P51G,GF02,2001,6.57,A
LVA,AE,P51G,GF03,2001,4.69,A
LVA,AE,P51G,GF04,2001,28.24,A
LVA,AE,P51G,GF05,2001,1.64,A
LVA,AE,P51G,GF06,2001,9.92,A
LVA,AE,P51G,GF07,2001,2.01,A
LVA,AE,P51G,GF08,2001,10.78,A
LVA,AE,P51G,GF09,2001,26.31,A
LVA,AE,P51G,GF10,2001,1.82,A
LVA,AE,P51G,GF01,2002,20.65,A
LVA,AE,P51G,GF02,2002,7.8,A
LVA,AE,P51G,GF03,2002,5.1,A
LVA,AE,P51G,GF04,2002,39.27,A
LVA,AE,P51G,GF05,2002,2.22,A
LVA,AE,P51G,GF06,2002,11.3,A
LVA,AE,P51G,GF07,2002,3.85,A
LVA,AE,P51G,GF08,2002,11.28,A
LVA,AE,P51G,GF09,2002,28.61,A
LVA,AE,P51G,GF10,2002,2.03,A
LVA,AE,P51G,GF01,2003,53.29,A
LVA,AE,P51G,GF02,2003,20.57,A
LVA,AE,P51G,GF03,2003,12.11,A
LVA,AE,P51G,GF04,2003,81.07,A
LVA,AE,P51G,GF05,2003,3.6,A
LVA,AE,P51G,GF06,2003,26.59,A
LVA,AE,P51G,GF07,2003,10.33,A
LVA,AE,P51G,GF08,2003,16.06,A
LVA,AE,P51G,GF09,2003,45.89,A
LVA,AE,P51G,GF10,2003,5.86,A
LVA,AE,P51G,GF01,2004,62.64,A
LVA,AE,P51G,GF02,2004,33.74,A
LVA,AE,P51G,GF03,2004,20.63,A
LVA,AE,P51G,GF04,2004,135.69,A
LVA,AE,P51G,GF05,2004,10.46,A
LVA,AE,P51G,GF06,2004,41.59,A
LVA,AE,P51G,GF07,2004,18.03,A
LVA,AE,P51G,GF08,2004,17.11,A
LVA,AE,P51G,GF09,2004,59.39,A
LVA,AE,P51G,GF10,2004,7.27,A
LVA,AE,P51G,GF01,2005,68.0,A
LVA,AE,P51G,GF02,2005,21.64,A
LVA,AE,P51G,GF03,2005,22.07,A
LVA,AE,P51G,GF04,2005,145.81,A
LVA,AE,P51G,GF05,2005,18.66,A
LVA,AE,P51G,GF06,2005,50.71,A
LVA,AE,P51G,GF07,2005,55.96,A
LVA,AE,P51G,GF08,2005,19.02,A
LVA,AE,P51G,GF09,2005,67.49,A
LVA,AE,P51G,GF10,2005,9.45,A
LVA,AE,P51G,GF01,2006,122.18,A
LVA,AE,P51G,GF02,2006,75.26,A
LVA,AE,P51G,GF03,2006,71.39,A
LVA,AE,P51G,GF04,2006,268.97,A
LVA,AE,P51G,GF05,2006,32.73,A
LVA,AE,P51G,GF06,2006,72.13,A
LVA,AE,P51G,GF07,2006,75.57,A
LVA,AE,P51G,GF08,2006,31.05,A
LVA,AE,P51G,GF09,2006,92.19,A
LVA,AE,P51G,GF10,2006,14.46,A
LVA,AE,P51G,GF01,2007,172.23,A
LVA,AE,P51G,GF02,2007,89.31,A
LVA,AE,P51G,GF03,2007,96.12,A
LVA,AE,P51G,GF04,2007,424.32,A
LVA,AE,P51G,GF05,2007,36.46,A
LVA,AE,P51G,GF06,2007,122.84,A
LVA,AE,P51G,GF07,2007,105.43,A
LVA,AE,P51G,GF08,2007,99.69,A
LVA,AE,P51G,GF09,2007,192.43,A
LVA,AE,P51G,GF10,2007,19.15,A
LVA,AE,P51G,GF01,2008,90.55,A
LVA,AE,P51G,GF02,2008,87.85,A
LVA,AE,P51G,GF03,2008,10.82,A
LVA,AE,P51G,GF04,2008,525.54,A
LVA,AE,P51G,GF05,2008,20.87,A
LVA,AE,P51G,GF06,2008,120.92,A
LVA,AE,P51G,GF07,2008,69.16,A
LVA,AE,P51G,GF08,2008,104.32,A
LVA,AE,P51G,GF09,2008,259.66,A
LVA,AE,P51G,GF10,2008,26.24,A
LVA,AE,P51G,GF01,2009,59.21,A
LVA,AE,P51G,GF02,2009,28.06,A
LVA,AE,P51G,GF03,2009,11.52,A
LVA,AE,P51G,GF04,2009,404.85,A
LVA,AE,P51G,GF05,2009,18.47,A
LVA,AE,P51G,GF06,2009,69.38,A
LVA,AE,P51G,GF07,2009,82.65,A
LVA,AE,P51G,GF08,2009,104.49,A
LVA,AE,P51G,GF09,2009,159.18,A
LVA,AE,P51G,GF10,2009,15.44,A
LVA,AE,P51G,GF01,2010,51.9,A
LVA,AE,P51G,GF02,2010,40.27,A
LVA,AE,P51G,GF03,2010,15.51,A
LVA,AE,P51G,GF04,2010,335.08,A
LVA,AE,P51G,GF05,2010,11.78,A
LVA,AE,P51G,GF06,2010,96.67,A
LVA,AE,P51G,GF07,2010,68.73,A
LVA,AE,P51G,GF08,2010,98.08,A
LVA,AE,P51G,GF09,2010,150.5,A
LVA,AE,P51G,GF10,2010,12.41,A
LVA,AE,P51G,GF01,2011,65.91,A
LVA,AE,P51G,GF02,2011,43.41,A
LVA,AE,P51G,GF03,2011,22.34,A
LVA,AE,P51G,GF04,2011,420.63,A
LVA,AE,P51G,GF05,2011,35.11,A
LVA,AE,P51G,GF06,2011,125.03,A
LVA,AE,P51G,GF07,2011,52.19,A
LVA,AE,P51G,GF08,2011,94.44,A
LVA,AE,P51G,GF09,2011,192.76,A
LVA,AE,P51G,GF10,2011,16.22,A
LVA,AE,P51G,GF01,2012,82.5,A
LVA,AE,P51G,GF02,2012,31.41,A
LVA,AE,P51G,GF03,2012,27.44,A
LVA,AE,P51G,GF04,2012,406.5,A
LVA,AE,P51G,GF05,2012,36.65,A
LVA,AE,P51G,GF06,2012,123.36,A
LVA,AE,P51G,GF07,2012,93.86,A
LVA,AE,P51G,GF08,2012,111.96,A
LVA,AE,P51G,GF09,2012,214.82,A
LVA,AE,P51G,GF10,2012,26.8,A
LVA,AE,P51G,GF01,2013,75.29,A
LVA,AE,P51G,GF02,2013,39.25,A
LVA,AE,P51G,GF03,2013,30.45,A
LVA,AE,P51G,GF04,2013,332.87,A
LVA,AE,P51G,GF05,2013,27.85,A
LVA,AE,P51G,GF06,2013,117.8,A
LVA,AE,P51G,GF07,2013,77.12,A
LVA,AE,P51G,GF08,2013,121.23,A
LVA,AE,P51G,GF09,2013,206.62,A
LVA,AE,P51G,GF10,2013,35.68,A
LVA,AE,P51G,GF01,2014,89.21,A
LVA,AE,P51G,GF02,2014,41.89,A
LVA,AE,P51G,GF03,2014,41.72,A
LVA,AE,P51G,GF04,2014,272.82,A
LVA,AE,P51G,GF05,2014,47.31,A
LVA,AE,P51G,GF06,2014,95.4,A
LVA,AE,P51G,GF07,2014,90.41,A
LVA,AE,P51G,GF08,2014,98.59,A
LVA,AE,P51G,GF09,2014,285.31,A
LVA,AE,P51G,GF10,2014,30.31,A
LVA,AE,P51G,GF01,2015,157.47,A
LVA,AE,P51G,GF02,2015,52.79,A
LVA,AE,P51G,GF03,2015,49.87,A
LVA,AE,P51G,GF04,2015,334.49,A
LVA,AE,P51G,GF05,2015,52.09,A
LVA,AE,P51G,GF06,2015,73.48,A
LVA,AE,P51G,GF07,2015,93.56,A
LVA,AE,P51G,GF08,2015,80.62,A
LVA,AE,P51G,GF09,2015,267.77,A
LVA,AE,P51G,GF10,2015,26.29,A
LVA,AE,P51G,GF01,2016,79.93,A
LVA,AE,P51G,GF02,2016,143.65,A
LVA,AE,P51G,GF03,2016,51.18,A
LVA,AE,P51G,GF04,2016,270.06,A
LVA,AE,P51G,GF05,2016,22.31,A
LVA,AE,P51G,GF06,2016,47.08,A
LVA,AE,P51G,GF07,2016,67.66,A
LVA,AE,P51G,GF08,2016,44.04,A
LVA,AE,P51G,GF09,2016,154.58,A
LVA,AE,P51G,GF10,2016,22.71,A
LVA,AE,P51G,GF01,2017,72.12,A
LVA,AE,P51G,GF02,2017,197.22,A
LVA,AE,P51G,GF03,2017,68.68,A
LVA,AE,P51G,GF04,2017,381.4,A
LVA,AE,P51G,GF05,2017,23.71,A
LVA,AE,P51G,GF06,2017,107.84,A
LVA,AE,P51G,GF07,2017,49.64,A
LVA,AE,P51G,GF08,2017,110.74,A
LVA,AE,P51G,GF09,2017,211.5,A
LVA,AE,P51G,GF10,2017,24.63,A
LVA,AE,P51G,GF01,2018,128.95,A
LVA,AE,P51G,GF02,2018,280.36,A
LVA,AE,P51G,GF03,2018,61.15,A
LVA,AE,P51G,GF04,2018,525.9,A
LVA,AE,P51G,GF05,2018,26.9,A
LVA,AE,P51G,GF06,2018,137.04,A
LVA,AE,P51G,GF07,2018,74.37,A
LVA,AE,P51G,GF08,2018,122.2,A
LVA,AE,P51G,GF09,2018,254.85,A
LVA,AE,P51G,GF10,2018,31.5,A
LVA,AE,P51G,GF01,2019,144.74,A
LVA,AE,P51G,GF02,2019,252.89,A
LVA,AE,P51G,GF03,2019,40.69,A
LVA,AE,P51G,GF04,2019,422.13,A
LVA,AE,P51G,GF05,2019,40.81,A
LVA,AE,P51G,GF06,2019,123.32,A
LVA,AE,P51G,GF07,2019,70.77,A
LVA,AE,P51G,GF08,2019,115.06,A
LVA,AE,P51G,GF09,2019,267.85,A
LVA,AE,P51G,GF10,2019,38.4,A
LVA,AE,P51G,GF01,2020,120.69,A
LVA,AE,P51G,GF02,2020,333.6,A
LVA,AE,P51G,GF03,2020,48.01,A
LVA,AE,P51G,GF04,2020,527.9,A
LVA,AE,P51G,GF05,2020,28.62,A
LVA,AE,P51G,GF06,2020,145.84,A
LVA,AE,P51G,GF07,2020,101.47,A
LVA,AE,P51G,GF08,2020,115.25,A
LVA,AE,P51G,GF09,2020,274.8,A
LVA,AE,P51G,GF10,2020,38.84,A
LVA,AE,P51G,GF01,2021,136.96,A
LVA,AE,P51G,GF02,2021,334.75,A
LVA,AE,P51G,GF03,2021,42.52,A
LVA,AE,P51G,GF04,2021,549.51,A
LVA,AE,P51G,GF05,2021,37.31,A
LVA,AE,P51G,GF06,2021,131.0,A
LVA,AE,P51G,GF07,2021,135.99,A
LVA,AE,P51G,GF08,2021,121.04,A
LVA,AE,P51G,GF09,2021,282.0,A
LVA,AE,P51G,GF10,2021,45.88,A
LVA,AE,P51G,GF01,2022,114.74,A
LVA,AE,P51G,GF02,2022,145.93,A
LVA,AE,P51G,GF03,2022,59.8,A
LVA,AE,P51G,GF04,2022,681.73,A
LVA,AE,P51G,GF05,2022,22.73,A
LVA,AE,P51G,GF06,2022,102.52,A
LVA,AE,P51G,GF07,2022,178.94,A
LVA,AE,P51G,GF08,2022,95.84,A
LVA,AE,P51G,GF09,2022,267.56,A
LVA,AE,P51G,GF10,2022,47.85,A
LVA,AE,P51G,GF01,2023,105.85,A
LVA,AE,P51G,GF02,2023,278.91,A
LVA,AE,P51G,GF03,2023,161.5,A
LVA,AE,P51G,GF04,2023,888.32,A
LVA,AE,P51G,GF05,2023,26.2,A
LVA,AE,P51G,GF06,2023,124.01,A
LVA,AE,P51G,GF07,2023,214.75,A
LVA,AE,P51G,GF08,2023,75.88,A
LVA,AE,P51G,GF09,2023,291.1,A
LVA,AE,P51G,GF10,2023,64.79,A
LVA,AE,P51G,GF01,2024,230.95,A
LVA,AE,P51G,GF02,2024,380.02,A
LVA,AE,P51G,GF03,2024,370.16,A
LVA,AE,P51G,GF04,2024,925.3,A
LVA,AE,P51G,GF05,2024,25.75,A
LVA,AE,P51G,GF06,2024,140.96,A
LVA,AE,P51G,GF07,2024,147.39,A
LVA,AE,P51G,GF08,2024,68.59,A
LVA,AE,P51G,GF09,2024,233.98,A
LVA,AE,P51G,GF10,2024,37.57,A
NLD,AE,P51G,GF01,2000,2171.0,A
NLD,AE,P51G,GF02,2000,1367.0,A
NLD,AE,P51G,GF03,2000,861.0,A
NLD,AE,P51G,GF04,2000,6349.0,A
NLD,AE,P51G,GF05,2000,1555.0,A
NLD,AE,P51G,GF06,2000,701.0,A
NLD,AE,P51G,GF07,2000,472.0,A
NLD,AE,P51G,GF08,2000,780.0,A
NLD,AE,P51G,GF09,2000,2351.0,A
NLD,AE,P51G,GF10,2000,511.0,A
NLD,AE,P51G,GF01,2001,2497.0,A
NLD,AE,P51G,GF02,2001,1567.0,A
NLD,AE,P51G,GF03,2001,919.0,A
NLD,AE,P51G,GF04,2001,7264.0,A
NLD,AE,P51G,GF05,2001,1555.0,A
NLD,AE,P51G,GF06,2001,787.0,A
NLD,AE,P51G,GF07,2001,527.0,A
NLD,AE,P51G,GF08,2001,837.0,A
NLD,AE,P51G,GF09,2001,2451.0,A
NLD,AE,P51G,GF10,2001,541.0,A
NLD,AE,P51G,GF01,2002,2839.0,A
NLD,AE,P51G,GF02,2002,1311.0,A
NLD,AE,P51G,GF03,2002,1110.0,A
NLD,AE,P51G,GF04,2002,8457.0,A
NLD,AE,P51G,GF05,2002,1778.0,A
NLD,AE,P51G,GF06,2002,930.0,A
NLD,AE,P51G,GF07,2002,565.0,A
NLD,AE,P51G,GF08,2002,1027.0,A
NLD,AE,P51G,GF09,2002,2808.0,A
NLD,AE,P51G,GF10,2002,580.0,A
NLD,AE,P51G,GF01,2003,2854.0,A
NLD,AE,P51G,GF02,2003,1273.0,A
NLD,AE,P51G,GF03,2003,1062.0,A
NLD,AE,P51G,GF04,2003,8599.0,A
NLD,AE,P51G,GF05,2003,2050.0,A
NLD,AE,P51G,GF06,2003,1024.0,A
NLD,AE,P51G,GF07,2003,574.0,A
NLD,AE,P51G,GF08,2003,1064.0,A
NLD,AE,P51G,GF09,2003,3152.0,A
NLD,AE,P51G,GF10,2003,587.0,A
NLD,AE,P51G,GF01,2004,2721.0,A
NLD,AE,P51G,GF02,2004,1341.0,A
NLD,AE,P51G,GF03,2004,955.0,A
NLD,AE,P51G,GF04,2004,7958.0,A
NLD,AE,P51G,GF05,2004,2060.0,A
NLD,AE,P51G,GF06,2004,896.0,A
NLD,AE,P51G,GF07,2004,562.0,A
NLD,AE,P51G,GF08,2004,952.0,A
NLD,AE,P51G,GF09,2004,3074.0,A
NLD,AE,P51G,GF10,2004,526.0,A
NLD,AE,P51G,GF01,2005,2952.0,A
NLD,AE,P51G,GF02,2005,551.0,A
NLD,AE,P51G,GF03,2005,858.0,A
NLD,AE,P51G,GF04,2005,8522.0,A
NLD,AE,P51G,GF05,2005,2259.0,A
NLD,AE,P51G,GF06,2005,877.0,A
NLD,AE,P51G,GF07,2005,554.0,A
NLD,AE,P51G,GF08,2005,1075.0,A
NLD,AE,P51G,GF09,2005,3168.0,A
NLD,AE,P51G,GF10,2005,580.0,A
NLD,AE,P51G,GF01,2006,3191.0,A
NLD,AE,P51G,GF02,2006,1114.0,A
NLD,AE,P51G,GF03,2006,1124.0,A
NLD,AE,P51G,GF04,2006,8835.0,A
NLD,AE,P51G,GF05,2006,2448.0,A
NLD,AE,P51G,GF06,2006,1196.0,A
NLD,AE,P51G,GF07,2006,554.0,A
NLD,AE,P51G,GF08,2006,1170.0,A
NLD,AE,P51G,GF09,2006,3608.0,A
NLD,AE,P51G,GF10,2006,536.0,A
NLD,AE,P51G,GF01,2007,3293.0,A
NLD,AE,P51G,GF02,2007,1243.0,A
NLD,AE,P51G,GF03,2007,1169.0,A
NLD,AE,P51G,GF04,2007,9170.0,A
NLD,AE,P51G,GF05,2007,2488.0,A
NLD,AE,P51G,GF06,2007,1113.0,A
NLD,AE,P51G,GF07,2007,565.0,A
NLD,AE,P51G,GF08,2007,1225.0,A
NLD,AE,P51G,GF09,2007,3761.0,A
NLD,AE,P51G,GF10,2007,529.0,A
NLD,AE,P51G,GF01,2008,3556.0,A
NLD,AE,P51G,GF02,2008,1343.0,A
NLD,AE,P51G,GF03,2008,1012.0,A
NLD,AE,P51G,GF04,2008,9996.0,A
NLD,AE,P51G,GF05,2008,2753.0,A
NLD,AE,P51G,GF06,2008,1258.0,A
NLD,AE,P51G,GF07,2008,606.0,A
NLD,AE,P51G,GF08,2008,1279.0,A
NLD,AE,P51G,GF09,2008,3896.0,A
NLD,AE,P51G,GF10,2008,535.0,A
NLD,AE,P51G,GF01,2009,3624.0,A
NLD,AE,P51G,GF02,2009,1346.0,A
NLD,AE,P51G,GF03,2009,1146.0,A
NLD,AE,P51G,GF04,2009,10249.0,A
NLD,AE,P51G,GF05,2009,3027.0,A
NLD,AE,P51G,GF06,2009,1452.0,A
NLD,AE,P51G,GF07,2009,644.0,A
NLD,AE,P51G,GF08,2009,1450.0,A
NLD,AE,P51G,GF09,2009,3943.0,A
NLD,AE,P51G,GF10,2009,625.0,A
NLD,AE,P51G,GF01,2010,3755.0,A
NLD,AE,P51G,GF02,2010,1282.0,A
NLD,AE,P51G,GF03,2010,1034.0,A
NLD,AE,P51G,GF04,2010,10939.0,A
NLD,AE,P51G,GF05,2010,2818.0,A
NLD,AE,P51G,GF06,2010,1384.0,A
NLD,AE,P51G,GF07,2010,620.0,A
NLD,AE,P51G,GF08,2010,1360.0,A
NLD,AE,P51G,GF09,2010,3593.0,A
NLD,AE,P51G,GF10,2010,558.0,A
NLD,AE,P51G,GF01,2011,3714.0,A
NLD,AE,P51G,GF02,2011,1432.0,A
NLD,AE,P51G,GF03,2011,1006.0,A
NLD,AE,P51G,GF04,2011,11752.0,A
NLD,AE,P51G,GF05,2011,2832.0,A
NLD,AE,P51G,GF06,2011,1124.0,A
NLD,AE,P51G,GF07,2011,691.0,A
NLD,AE,P51G,GF08,2011,1226.0,A
NLD,AE,P51G,GF09,2011,3556.0,A
NLD,AE,P51G,GF10,2011,580.0,A
NLD,AE,P51G,GF01,2012,3458.0,A
NLD,AE,P51G,GF02,2012,899.0,A
NLD,AE,P51G,GF03,2012,993.0,A
NLD,AE,P51G,GF04,2012,10481.0,A
NLD,AE,P51G,GF05,2012,2844.0,A
NLD,AE,P51G,GF06,2012,919.0,A
NLD,AE,P51G,GF07,2012,689.0,A
NLD,AE,P51G,GF08,2012,1093.0,A
NLD,AE,P51G,GF09,2012,3495.0,A
NLD,AE,P51G,GF10,2012,514.0,A
NLD,AE,P51G,GF01,2013,2965.0,A
NLD,AE,P51G,GF02,2013,730.0,A
NLD,AE,P51G,GF03,2013,1000.0,A
NLD,AE,P51G,GF04,2013,10735.0,A
NLD,AE,P51G,GF05,2013,2743.0,A
NLD,AE,P51G,GF06,2013,1004.0,A
NLD,AE,P51G,GF07,2013,738.0,A
NLD,AE,P51G,GF08,2013,1097.0,A
NLD,AE,P51G,GF09,2013,3406.0,A
NLD,AE,P51G,GF10,2013,488.0,A
NLD,AE,P51G,GF01,2014,3020.0,A
NLD,AE,P51G,GF02,2014,400.0,A
NLD,AE,P51G,GF03,2014,804.0,A
NLD,AE,P51G,GF04,2014,10639.0,A
NLD,AE,P51G,GF05,2014,2414.0,A
NLD,AE,P51G,GF06,2014,941.0,A
NLD,AE,P51G,GF07,2014,799.0,A
NLD,AE,P51G,GF08,2014,1092.0,A
NLD,AE,P51G,GF09,2014,3644.0,A
NLD,AE,P51G,GF10,2014,419.0,A
NLD,AE,P51G,GF01,2015,3266.0,A
NLD,AE,P51G,GF02,2015,806.0,A
NLD,AE,P51G,GF03,2015,989.0,A
NLD,AE,P51G,GF04,2015,10298.0,A
NLD,AE,P51G,GF05,2015,2192.0,A
NLD,AE,P51G,GF06,2015,892.0,A
NLD,AE,P51G,GF07,2015,807.0,A
NLD,AE,P51G,GF08,2015,1562.0,A
NLD,AE,P51G,GF09,2015,3757.0,A
NLD,AE,P51G,GF10,2015,596.0,A
NLD,AE,P51G,GF01,2016,3432.0,A
NLD,AE,P51G,GF02,2016,745.0,A
NLD,AE,P51G,GF03,2016,952.0,A
NLD,AE,P51G,GF04,2016,9502.0,A
NLD,AE,P51G,GF05,2016,2554.0,A
NLD,AE,P51G,GF06,2016,804.0,A
NLD,AE,P51G,GF07,2016,918.0,A
NLD,AE,P51G,GF08,2016,1592.0,A
NLD,AE,P51G,GF09,2016,3740.0,A
NLD,AE,P51G,GF10,2016,604.0,A
NLD,AE,P51G,GF01,2017,3507.0,A
NLD,AE,P51G,GF02,2017,997.0,A
NLD,AE,P51G,GF03,2017,805.0,A
NLD,AE,P51G,GF04,2017,9731.0,A
NLD,AE,P51G,GF05,2017,2414.0,A
NLD,AE,P51G,GF06,2017,832.0,A
NLD,AE,P51G,GF07,2017,942.0,A
NLD,AE,P51G,GF08,2017,1801.0,A
NLD,AE,P51G,GF09,2017,3928.0,A
NLD,AE,P51G,GF10,2017,398.0,A
NLD,AE,P51G,GF01,2018,3394.0,A
NLD,AE,P51G,GF02,2018,958.0,A
NLD,AE,P51G,GF03,2018,982.0,A
NLD,AE,P51G,GF04,2018,10131.0,A
NLD,AE,P51G,GF05,2018,2493.0,A
NLD,AE,P51G,GF06,2018,902.0,A
NLD,AE,P51G,GF07,2018,1047.0,A
NLD,AE,P51G,GF08,2018,1917.0,A
NLD,AE,P51G,GF09,2018,4037.0,A
NLD,AE,P51G,GF10,2018,464.0,A
NLD,AE,P51G,GF01,2019,3636.0,A
NLD,AE,P51G,GF02,2019,1910.0,A
NLD,AE,P51G,GF03,2019,1157.0,A
NLD,AE,P51G,GF04,2019,10605.0,A
NLD,AE,P51G,GF05,2019,2532.0,A
NLD,AE,P51G,GF06,2019,880.0,A
NLD,AE,P51G,GF07,2019,979.0,A
NLD,AE,P51G,GF08,2019,1861.0,A
NLD,AE,P51G,GF09,2019,4176.0,A
NLD,AE,P51G,GF10,2019,416.0,A
NLD,AE,P51G,GF01,2020,3863.0,A
NLD,AE,P51G,GF02,2020,2517.0,A
NLD,AE,P51G,GF03,2020,1274.0,A
NLD,AE,P51G,GF04,2020,10596.0,A
NLD,AE,P51G,GF05,2020,2748.0,A
NLD,AE,P51G,GF06,2020,931.0,A
NLD,AE,P51G,GF07,2020,1092.0,A
NLD,AE,P51G,GF08,2020,1899.0,A
NLD,AE,P51G,GF09,2020,4349.0,A
NLD,AE,P51G,GF10,2020,521.0,A
NLD,AE,P51G,GF01,2021,3962.0,A
NLD,AE,P51G,GF02,2021,2420.0,A
NLD,AE,P51G,GF03,2021,1220.0,A
NLD,AE,P51G,GF04,2021,11071.0,A
NLD,AE,P51G,GF05,2021,2858.0,A
NLD,AE,P51G,GF06,2021,897.0,A
NLD,AE,P51G,GF07,2021,975.0,A
NLD,AE,P51G,GF08,2021,1889.0,A
NLD,AE,P51G,GF09,2021,4599.0,A
NLD,AE,P51G,GF10,2021,520.0,A
NLD,AE,P51G,GF01,2022,4370.0,A
NLD,AE,P51G,GF02,2022,2398.0,A
NLD,AE,P51G,GF03,2022,1336.0,A
NLD,AE,P51G,GF04,2022,10992.0,A
NLD,AE,P51G,GF05,2022,3063.0,A
NLD,AE,P51G,GF06,2022,971.0,A
NLD,AE,P51G,GF07,2022,1095.0,A
NLD,AE,P51G,GF08,2022,2051.0,A
NLD,AE,P51G,GF09,2022,4693.0,A
NLD,AE,P51G,GF10,2022,618.0,A
NLD,AE,P51G,GF01,2023,4774.0,A
NLD,AE,P51G,GF02,2023,1888.0,A
NLD,AE,P51G,GF03,2023,1532.0,A
NLD,AE,P51G,GF04,2023,12090.0,A
NLD,AE,P51G,GF05,2023,3498.0,A
NLD,AE,P51G,GF06,2023,999.0,A
NLD,AE,P51G,GF07,2023,1233.0,A
NLD,AE,P51G,GF08,2023,2321.0,A
NLD,AE,P51G,GF09,2023,5564.0,A
NLD,AE,P51G,GF10,2023,811.0,A
NLD,AE,P51G,GF01,2024,4944.0,A
NLD,AE,P51G,GF02,2024,1927.0,A
NLD,AE,P51G,GF03,2024,1585.0,A
NLD,AE,P51G,GF04,2024,12620.0,A
NLD,AE,P51G,GF05,2024,3891.0,A
NLD,AE,P51G,GF06,2024,1105.0,A
NLD,AE,P51G,GF07,2024,1346.0,A
NLD,AE,P51G,GF08,2024,2566.0,A
NLD,AE,P51G,GF09,2024,5927.0,A
NLD,AE,P51G,GF10,2024,984.0,A
NOR,AE,P51G,GF01,2000,4966.0,A
NOR,AE,P51G,GF02,2000,7683.0,A
NOR,AE,P51G,GF03,2000,938.0,A
NOR,AE,P51G,GF04,2000,11217.0,A
NOR,AE,P51G,GF05,2000,2177.0,A
NOR,AE,P51G,GF06,2000,1829.0,A
NOR,AE,P51G,GF07,2000,7985.0,A
NOR,AE,P51G,GF08,2000,2333.0,A
NOR,AE,P51G,GF09,2000,7804.0,A
NOR,AE,P51G,GF10,2000,4504.0,A
NOR,AE,P51G,GF01,2001,5216.0,A
NOR,AE,P51G,GF02,2001,5984.0,A
NOR,AE,P51G,GF03,2001,1056.0,A
NOR,AE,P51G,GF04,2001,12692.0,A
NOR,AE,P51G,GF05,2001,1954.0,A
NOR,AE,P51G,GF06,2001,1443.0,A
NOR,AE,P51G,GF07,2001,8614.0,A
NOR,AE,P51G,GF08,2001,2111.0,A
NOR,AE,P51G,GF09,2001,7186.0,A
NOR,AE,P51G,GF10,2001,6614.0,A
NOR,AE,P51G,GF01,2002,5602.0,A
NOR,AE,P51G,GF02,2002,8761.0,A
NOR,AE,P51G,GF03,2002,830.0,A
NOR,AE,P51G,GF04,2002,13516.0,A
NOR,AE,P51G,GF05,2002,2127.0,A
NOR,AE,P51G,GF06,2002,1305.0,A
NOR,AE,P51G,GF07,2002,6473.0,A
NOR,AE,P51G,GF08,2002,2620.0,A
NOR,AE,P51G,GF09,2002,7949.0,A
NOR,AE,P51G,GF10,2002,7814.0,A
NOR,AE,P51G,GF01,2003,6967.0,A
NOR,AE,P51G,GF02,2003,8470.0,A
NOR,AE,P51G,GF03,2003,833.0,A
NOR,AE,P51G,GF04,2003,13919.0,A
NOR,AE,P51G,GF05,2003,2090.0,A
NOR,AE,P51G,GF06,2003,4253.0,A
NOR,AE,P51G,GF07,2003,8649.0,A
NOR,AE,P51G,GF08,2003,2949.0,A
NOR,AE,P51G,GF09,2003,9623.0,A
NOR,AE,P51G,GF10,2003,5918.0,A
NOR,AE,P51G,GF01,2004,7944.0,A
NOR,AE,P51G,GF02,2004,8153.0,A
NOR,AE,P51G,GF03,2004,878.0,A
NOR,AE,P51G,GF04,2004,15716.0,A
NOR,AE,P51G,GF05,2004,2407.0,A
NOR,AE,P51G,GF06,2004,4357.0,A
NOR,AE,P51G,GF07,2004,10089.0,A
NOR,AE,P51G,GF08,2004,3831.0,A
NOR,AE,P51G,GF09,2004,9988.0,A
NOR,AE,P51G,GF10,2004,5121.0,A
NOR,AE,P51G,GF01,2005,8886.0,A
NOR,AE,P51G,GF02,2005,6667.0,A
NOR,AE,P51G,GF03,2005,1007.0,A
NOR,AE,P51G,GF04,2005,18214.0,A
NOR,AE,P51G,GF05,2005,2258.0,A
NOR,AE,P51G,GF06,2005,3585.0,A
NOR,AE,P51G,GF07,2005,11079.0,A
NOR,AE,P51G,GF08,2005,3511.0,A
NOR,AE,P51G,GF09,2005,9719.0,A
NOR,AE,P51G,GF10,2005,4484.0,A
NOR,AE,P51G,GF01,2006,8850.0,A
NOR,AE,P51G,GF02,2006,10539.0,A
NOR,AE,P51G,GF03,2006,1275.0,A
NOR,AE,P51G,GF04,2006,19073.0,A
NOR,AE,P51G,GF05,2006,2434.0,A
NOR,AE,P51G,GF06,2006,4644.0,A
NOR,AE,P51G,GF07,2006,11671.0,A
NOR,AE,P51G,GF08,2006,3796.0,A
NOR,AE,P51G,GF09,2006,10624.0,A
NOR,AE,P51G,GF10,2006,5687.0,A
NOR,AE,P51G,GF01,2007,8803.0,A
NOR,AE,P51G,GF02,2007,11523.0,A
NOR,AE,P51G,GF03,2007,1203.0,A
NOR,AE,P51G,GF04,2007,22814.0,A
NOR,AE,P51G,GF05,2007,2915.0,A
NOR,AE,P51G,GF06,2007,4848.0,A
NOR,AE,P51G,GF07,2007,12451.0,A
NOR,AE,P51G,GF08,2007,5137.0,A
NOR,AE,P51G,GF09,2007,12969.0,A
NOR,AE,P51G,GF10,2007,7313.0,A
NOR,AE,P51G,GF01,2008,10131.0,A
NOR,AE,P51G,GF02,2008,13252.0,A
NOR,AE,P51G,GF03,2008,1285.0,A
NOR,AE,P51G,GF04,2008,27972.0,A
NOR,AE,P51G,GF05,2008,3510.0,A
NOR,AE,P51G,GF06,2008,5272.0,A
NOR,AE,P51G,GF07,2008,12097.0,A
NOR,AE,P51G,GF08,2008,6291.0,A
NOR,AE,P51G,GF09,2008,13625.0,A
NOR,AE,P51G,GF10,2008,7462.0,A
NOR,AE,P51G,GF01,2009,10855.0,A
NOR,AE,P51G,GF02,2009,12472.0,A
NOR,AE,P51G,GF03,2009,1617.0,A
NOR,AE,P51G,GF04,2009,32660.0,A
NOR,AE,P51G,GF05,2009,5377.0,A
NOR,AE,P51G,GF06,2009,5636.0,A
NOR,AE,P51G,GF07,2009,11136.0,A
NOR,AE,P51G,GF08,2009,7261.0,A
NOR,AE,P51G,GF09,2009,16039.0,A
NOR,AE,P51G,GF10,2009,7868.0,A
NOR,AE,P51G,GF01,2010,11527.0,A
NOR,AE,P51G,GF02,2010,9357.0,A
NOR,AE,P51G,GF03,2010,1518.0,A
NOR,AE,P51G,GF04,2010,32072.0,A
NOR,AE,P51G,GF05,2010,7057.0,A
NOR,AE,P51G,GF06,2010,5769.0,A
NOR,AE,P51G,GF07,2010,10198.0,A
NOR,AE,P51G,GF08,2010,7618.0,A
NOR,AE,P51G,GF09,2010,15400.0,A
NOR,AE,P51G,GF10,2010,6936.0,A
NOR,AE,P51G,GF01,2011,12584.0,A
NOR,AE,P51G,GF02,2011,13453.0,A
NOR,AE,P51G,GF03,2011,1420.0,A
NOR,AE,P51G,GF04,2011,33388.0,A
NOR,AE,P51G,GF05,2011,6721.0,A
NOR,AE,P51G,GF06,2011,6148.0,A
NOR,AE,P51G,GF07,2011,10762.0,A
NOR,AE,P51G,GF08,2011,7613.0,A
NOR,AE,P51G,GF09,2011,14535.0,A
NOR,AE,P51G,GF10,2011,6471.0,A
NOR,AE,P51G,GF01,2012,13478.0,A
NOR,AE,P51G,GF02,2012,10256.0,A
NOR,AE,P51G,GF03,2012,1561.0,A
NOR,AE,P51G,GF04,2012,37016.0,A
NOR,AE,P51G,GF05,2012,6099.0,A
NOR,AE,P51G,GF06,2012,6874.0,A
NOR,AE,P51G,GF07,2012,12681.0,A
NOR,AE,P51G,GF08,2012,7256.0,A
NOR,AE,P51G,GF09,2012,14156.0,A
NOR,AE,P51G,GF10,2012,5700.0,A
NOR,AE,P51G,GF01,2013,14068.0,A
NOR,AE,P51G,GF02,2013,10714.0,A
NOR,AE,P51G,GF03,2013,2678.0,A
NOR,AE,P51G,GF04,2013,45631.0,A
NOR,AE,P51G,GF05,2013,5377.0,A
NOR,AE,P51G,GF06,2013,7390.0,A
NOR,AE,P51G,GF07,2013,15873.0,A
NOR,AE,P51G,GF08,2013,7465.0,A
NOR,AE,P51G,GF09,2013,15865.0,A
NOR,AE,P51G,GF10,2013,6740.0,A
NOR,AE,P51G,GF01,2014,14530.0,A
NOR,AE,P51G,GF02,2014,11758.0,A
NOR,AE,P51G,GF03,2014,2379.0,A
NOR,AE,P51G,GF04,2014,51245.0,A
NOR,AE,P51G,GF05,2014,6757.0,A
NOR,AE,P51G,GF06,2014,8298.0,A
NOR,AE,P51G,GF07,2014,17944.0,A
NOR,AE,P51G,GF08,2014,7489.0,A
NOR,AE,P51G,GF09,2014,17030.0,A
NOR,AE,P51G,GF10,2014,7230.0,A
NOR,AE,P51G,GF01,2015,15062.0,A
NOR,AE,P51G,GF02,2015,13554.0,A
NOR,AE,P51G,GF03,2015,2536.0,A
NOR,AE,P51G,GF04,2015,51582.0,A
NOR,AE,P51G,GF05,2015,7439.0,A
NOR,AE,P51G,GF06,2015,9749.0,A
NOR,AE,P51G,GF07,2015,15870.0,A
NOR,AE,P51G,GF08,2015,8106.0,A
NOR,AE,P51G,GF09,2015,20100.0,A
NOR,AE,P51G,GF10,2015,7992.0,A
NOR,AE,P51G,GF01,2016,16180.0,A
NOR,AE,P51G,GF02,2016,13847.0,A
NOR,AE,P51G,GF03,2016,3304.0,A
NOR,AE,P51G,GF04,2016,54770.0,A
NOR,AE,P51G,GF05,2016,8058.0,A
NOR,AE,P51G,GF06,2016,11654.0,A
NOR,AE,P51G,GF07,2016,17081.0,A
NOR,AE,P51G,GF08,2016,9888.0,A
NOR,AE,P51G,GF09,2016,21012.0,A
NOR,AE,P51G,GF10,2016,9375.0,A
NOR,AE,P51G,GF01,2017,15369.0,A
NOR,AE,P51G,GF02,2017,19148.0,A
NOR,AE,P51G,GF03,2017,3830.0,A
NOR,AE,P51G,GF04,2017,56797.0,A
NOR,AE,P51G,GF05,2017,7725.0,A
NOR,AE,P51G,GF06,2017,9869.0,A
NOR,AE,P51G,GF07,2017,16328.0,A
NOR,AE,P51G,GF08,2017,11685.0,A
NOR,AE,P51G,GF09,2017,23991.0,A
NOR,AE,P51G,GF10,2017,9099.0,A
NOR,AE,P51G,GF01,2018,17767.0,A
NOR,AE,P51G,GF02,2018,22676.0,A
NOR,AE,P51G,GF03,2018,5510.0,A
NOR,AE,P51G,GF04,2018,63667.0,A
NOR,AE,P51G,GF05,2018,8613.0,A
NOR,AE,P51G,GF06,2018,11030.0,A
NOR,AE,P51G,GF07,2018,18097.0,A
NOR,AE,P51G,GF08,2018,12370.0,A
NOR,AE,P51G,GF09,2018,24432.0,A
NOR,AE,P51G,GF10,2018,9772.0,A
NOR,AE,P51G,GF01,2019,18854.0,A
NOR,AE,P51G,GF02,2019,26963.0,A
NOR,AE,P51G,GF03,2019,7170.0,A
NOR,AE,P51G,GF04,2019,67848.0,A
NOR,AE,P51G,GF05,2019,9349.0,A
NOR,AE,P51G,GF06,2019,11796.0,A
NOR,AE,P51G,GF07,2019,22694.0,A
NOR,AE,P51G,GF08,2019,14154.0,A
NOR,AE,P51G,GF09,2019,24265.0,A
NOR,AE,P51G,GF10,2019,11075.0,A
NOR,AE,P51G,GF01,2020,19090.0,A
NOR,AE,P51G,GF02,2020,27986.0,A
NOR,AE,P51G,GF03,2020,6915.0,A
NOR,AE,P51G,GF04,2020,65603.0,A
NOR,AE,P51G,GF05,2020,9189.0,A
NOR,AE,P51G,GF06,2020,12765.0,A
NOR,AE,P51G,GF07,2020,25631.0,A
NOR,AE,P51G,GF08,2020,12933.0,A
NOR,AE,P51G,GF09,2020,26018.0,A
NOR,AE,P51G,GF10,2020,11273.0,A
NOR,AE,P51G,GF01,2021,19669.0,A
NOR,AE,P51G,GF02,2021,29127.0,A
NOR,AE,P51G,GF03,2021,5938.0,A
NOR,AE,P51G,GF04,2021,69003.0,A
NOR,AE,P51G,GF05,2021,8657.0,A
NOR,AE,P51G,GF06,2021,11889.0,A
NOR,AE,P51G,GF07,2021,29715.0,A
NOR,AE,P51G,GF08,2021,11536.0,A
NOR,AE,P51G,GF09,2021,23831.0,A
NOR,AE,P51G,GF10,2021,11090.0,A
NOR,AE,P51G,GF01,2022,22811.0,A
NOR,AE,P51G,GF02,2022,28381.0,A
NOR,AE,P51G,GF03,2022,6600.0,A
NOR,AE,P51G,GF04,2022,76442.0,A
NOR,AE,P51G,GF05,2022,9766.0,A
NOR,AE,P51G,GF06,2022,15896.0,A
NOR,AE,P51G,GF07,2022,33037.0,A
NOR,AE,P51G,GF08,2022,12242.0,A
NOR,AE,P51G,GF09,2022,25726.0,A
NOR,AE,P51G,GF10,2022,10063.0,A
NOR,AE,P51G,GF01,2023,24494.0,A
NOR,AE,P51G,GF02,2023,33089.0,A
NOR,AE,P51G,GF03,2023,5673.0,A
NOR,AE,P51G,GF04,2023,79603.0,A
NOR,AE,P51G,GF05,2023,11020.0,A
NOR,AE,P51G,GF06,2023,18682.0,A
NOR,AE,P51G,GF07,2023,40651.0,A
NOR,AE,P51G,GF08,2023,12827.0,A
NOR,AE,P51G,GF09,2023,26274.0,A
NOR,AE,P51G,GF10,2023,10040.0,A
NOR,AE,P51G,GF01,2024,25720.0,A
NOR,AE,P51G,GF02,2024,42589.0,A
NOR,AE,P51G,GF03,2024,5974.0,A
NOR,AE,P51G,GF04,2024,82474.0,A
NOR,AE,P51G,GF05,2024,12092.0,A
NOR,AE,P51G,GF06,2024,22162.0,A
NOR,AE,P51G,GF07,2024,36048.0,A
NOR,AE,P51G,GF08,2024,13396.0,A
NOR,AE,P51G,GF09,2024,30613.0,A
NOR,AE,P51G,GF10,2024,11317.0,A
POL,EMDE,P51G,GF01,2000,1140.0,A
POL,EMDE,P51G,GF02,2000,185.0,A
POL,EMDE,P51G,GF03,2000,43.0,A
POL,EMDE,P51G,GF04,2000,11617.0,A
POL,EMDE,P51G,GF05,2000,2373.0,A
POL,EMDE,P51G,GF06,2000,1459.0,A
POL,EMDE,P51G,GF07,2000,1070.0,A
POL,EMDE,P51G,GF08,2000,1232.0,A
POL,EMDE,P51G,GF09,2000,1928.0,A
POL,EMDE,P51G,GF10,2000,615.0,A
POL,EMDE,P51G,GF01,2001,2023.0,A
POL,EMDE,P51G,GF02,2001,1950.0,A
POL,EMDE,P51G,GF03,2001,534.0,A
POL,EMDE,P51G,GF04,2001,6502.0,A
POL,EMDE,P51G,GF05,2001,2680.0,A
POL,EMDE,P51G,GF06,2001,1505.0,A
POL,EMDE,P51G,GF07,2001,1715.0,A
POL,EMDE,P51G,GF08,2001,1615.0,A
POL,EMDE,P51G,GF09,2001,3038.0,A
POL,EMDE,P51G,GF10,2001,461.0,A
POL,EMDE,P51G,GF01,2002,2101.0,A
POL,EMDE,P51G,GF02,2002,2132.0,A
POL,EMDE,P51G,GF03,2002,583.0,A
POL,EMDE,P51G,GF04,2002,7319.0,A
POL,EMDE,P51G,GF05,2002,2712.0,A
POL,EMDE,P51G,GF06,2002,1513.0,A
POL,EMDE,P51G,GF07,2002,1750.0,A
POL,EMDE,P51G,GF08,2002,1473.0,A
POL,EMDE,P51G,GF09,2002,3190.0,A
POL,EMDE,P51G,GF10,2002,313.0,A
POL,EMDE,P51G,GF01,2003,1745.0,A
POL,EMDE,P51G,GF02,2003,2320.0,A
POL,EMDE,P51G,GF03,2003,969.0,A
POL,EMDE,P51G,GF04,2003,7546.0,A
POL,EMDE,P51G,GF05,2003,2863.0,A
POL,EMDE,P51G,GF06,2003,1534.0,A
POL,EMDE,P51G,GF07,2003,1849.0,A
POL,EMDE,P51G,GF08,2003,1378.0,A
POL,EMDE,P51G,GF09,2003,3129.0,A
POL,EMDE,P51G,GF10,2003,332.0,A
POL,EMDE,P51G,GF01,2004,2020.0,A
POL,EMDE,P51G,GF02,2004,2616.0,A
POL,EMDE,P51G,GF03,2004,1054.0,A
POL,EMDE,P51G,GF04,2004,9047.0,A
POL,EMDE,P51G,GF05,2004,3025.0,A
POL,EMDE,P51G,GF06,2004,1744.0,A
POL,EMDE,P51G,GF07,2004,2107.0,A
POL,EMDE,P51G,GF08,2004,1584.0,A
POL,EMDE,P51G,GF09,2004,3399.0,A
POL,EMDE,P51G,GF10,2004,397.0,A
POL,EMDE,P51G,GF01,2005,2227.0,A
POL,EMDE,P51G,GF02,2005,2735.0,A
POL,EMDE,P51G,GF03,2005,1261.0,A
POL,EMDE,P51G,GF04,2005,12340.66,A
POL,EMDE,P51G,GF05,2005,3477.0,A
POL,EMDE,P51G,GF06,2005,1446.0,A
POL,EMDE,P51G,GF07,2005,2946.0,A
POL,EMDE,P51G,GF08,2005,1876.3,A
POL,EMDE,P51G,GF09,2005,3947.0,A
POL,EMDE,P51G,GF10,2005,438.0,A
POL,EMDE,P51G,GF01,2006,2754.0,A
POL,EMDE,P51G,GF02,2006,4289.0,A
POL,EMDE,P51G,GF03,2006,1300.0,A
POL,EMDE,P51G,GF04,2006,16421.35,A
POL,EMDE,P51G,GF05,2006,3764.0,A
POL,EMDE,P51G,GF06,2006,1252.0,A
POL,EMDE,P51G,GF07,2006,3360.0,A
POL,EMDE,P51G,GF08,2006,3289.6,A
POL,EMDE,P51G,GF09,2006,4173.0,A
POL,EMDE,P51G,GF10,2006,619.0,A
POL,EMDE,P51G,GF01,2007,3607.0,A
POL,EMDE,P51G,GF02,2007,8485.0,A
POL,EMDE,P51G,GF03,2007,2042.0,A
POL,EMDE,P51G,GF04,2007,19935.52,A
POL,EMDE,P51G,GF05,2007,3756.0,A
POL,EMDE,P51G,GF06,2007,1119.0,A
POL,EMDE,P51G,GF07,2007,3725.0,A
POL,EMDE,P51G,GF08,2007,3793.0,A
POL,EMDE,P51G,GF09,2007,4782.0,A
POL,EMDE,P51G,GF10,2007,630.0,A
POL,EMDE,P51G,GF01,2008,3736.0,A
POL,EMDE,P51G,GF02,2008,7545.0,A
POL,EMDE,P51G,GF03,2008,2295.0,A
POL,EMDE,P51G,GF04,2008,24175.13,A
POL,EMDE,P51G,GF05,2008,3887.0,A
POL,EMDE,P51G,GF06,2008,1245.0,A
POL,EMDE,P51G,GF07,2008,5524.0,A
POL,EMDE,P51G,GF08,2008,5957.7,A
POL,EMDE,P51G,GF09,2008,5345.0,A
POL,EMDE,P51G,GF10,2008,896.0,A
POL,EMDE,P51G,GF01,2009,3740.0,A
POL,EMDE,P51G,GF02,2009,2016.0,A
POL,EMDE,P51G,GF03,2009,2318.0,A
POL,EMDE,P51G,GF04,2009,32941.83,A
POL,EMDE,P51G,GF05,2009,4697.0,A
POL,EMDE,P51G,GF06,2009,2433.0,A
POL,EMDE,P51G,GF07,2009,5174.0,A
POL,EMDE,P51G,GF08,2009,7765.4,A
POL,EMDE,P51G,GF09,2009,5953.0,A
POL,EMDE,P51G,GF10,2009,1227.0,A
POL,EMDE,P51G,GF01,2010,3872.0,A
POL,EMDE,P51G,GF02,2010,4448.0,A
POL,EMDE,P51G,GF03,2010,2665.0,A
POL,EMDE,P51G,GF04,2010,41708.59,A
POL,EMDE,P51G,GF05,2010,5305.0,A
POL,EMDE,P51G,GF06,2010,2407.0,A
POL,EMDE,P51G,GF07,2010,5835.0,A
POL,EMDE,P51G,GF08,2010,7962.0,A
POL,EMDE,P51G,GF09,2010,7176.0,A
POL,EMDE,P51G,GF10,2010,811.0,A
POL,EMDE,P51G,GF01,2011,5638.0,A
POL,EMDE,P51G,GF02,2011,6136.0,A
POL,EMDE,P51G,GF03,2011,2670.0,A
POL,EMDE,P51G,GF04,2011,48489.13,A
POL,EMDE,P51G,GF05,2011,6352.0,A
POL,EMDE,P51G,GF06,2011,2297.0,A
POL,EMDE,P51G,GF07,2011,5645.0,A
POL,EMDE,P51G,GF08,2011,8297.0,A
POL,EMDE,P51G,GF09,2011,7892.0,A
POL,EMDE,P51G,GF10,2011,734.0,A
POL,EMDE,P51G,GF01,2012,5391.0,A
POL,EMDE,P51G,GF02,2012,4685.0,A
POL,EMDE,P51G,GF03,2012,2594.0,A
POL,EMDE,P51G,GF04,2012,38288.16,A
POL,EMDE,P51G,GF05,2012,5078.0,A
POL,EMDE,P51G,GF06,2012,2146.0,A
POL,EMDE,P51G,GF07,2012,5759.0,A
POL,EMDE,P51G,GF08,2012,6966.0,A
POL,EMDE,P51G,GF09,2012,7392.0,A
POL,EMDE,P51G,GF10,2012,835.0,A
POL,EMDE,P51G,GF01,2013,5581.0,A
POL,EMDE,P51G,GF02,2013,6904.0,A
POL,EMDE,P51G,GF03,2013,2366.0,A
POL,EMDE,P51G,GF04,2013,29774.27,A
POL,EMDE,P51G,GF05,2013,5293.0,A
POL,EMDE,P51G,GF06,2013,1973.0,A
POL,EMDE,P51G,GF07,2013,5423.0,A
POL,EMDE,P51G,GF08,2013,6086.0,A
POL,EMDE,P51G,GF09,2013,6069.0,A
POL,EMDE,P51G,GF10,2013,781.0,A
POL,EMDE,P51G,GF01,2014,6208.0,A
POL,EMDE,P51G,GF02,2014,3681.3,A
POL,EMDE,P51G,GF03,2014,2809.5,A
POL,EMDE,P51G,GF04,2014,39435.42,A
POL,EMDE,P51G,GF05,2014,5668.3,A
POL,EMDE,P51G,GF06,2014,2573.0,A
POL,EMDE,P51G,GF07,2014,5425.7,A
POL,EMDE,P51G,GF08,2014,7096.16,A
POL,EMDE,P51G,GF09,2014,7009.0,A
POL,EMDE,P51G,GF10,2014,556.8,A
POL,EMDE,P51G,GF01,2015,5911.5,A
POL,EMDE,P51G,GF02,2015,4621.8,A
POL,EMDE,P51G,GF03,2015,2921.4,A
POL,EMDE,P51G,GF04,2015,39514.65,A
POL,EMDE,P51G,GF05,2015,5924.81,A
POL,EMDE,P51G,GF06,2015,2091.4,A
POL,EMDE,P51G,GF07,2015,6245.8,A
POL,EMDE,P51G,GF08,2015,5610.31,A
POL,EMDE,P51G,GF09,2015,8312.89,A
POL,EMDE,P51G,GF10,2015,732.3,A
POL,EMDE,P51G,GF01,2016,4793.74,A
POL,EMDE,P51G,GF02,2016,4246.33,A
POL,EMDE,P51G,GF03,2016,2018.41,A
POL,EMDE,P51G,GF04,2016,30476.46,A
POL,EMDE,P51G,GF05,2016,2342.85,A
POL,EMDE,P51G,GF06,2016,1663.39,A
POL,EMDE,P51G,GF07,2016,4849.74,A
POL,EMDE,P51G,GF08,2016,4049.44,A
POL,EMDE,P51G,GF09,2016,6108.54,A
POL,EMDE,P51G,GF10,2016,773.45,A
POL,EMDE,P51G,GF01,2017,6148.54,A
POL,EMDE,P51G,GF02,2017,7099.66,A
POL,EMDE,P51G,GF03,2017,2381.1,A
POL,EMDE,P51G,GF04,2017,36921.1,A
POL,EMDE,P51G,GF05,2017,2302.64,A
POL,EMDE,P51G,GF06,2017,1564.48,A
POL,EMDE,P51G,GF07,2017,5474.94,A
POL,EMDE,P51G,GF08,2017,5690.88,A
POL,EMDE,P51G,GF09,2017,7373.78,A
POL,EMDE,P51G,GF10,2017,477.19,A
POL,EMDE,P51G,GF01,2018,5493.0,A
POL,EMDE,P51G,GF02,2018,5994.0,A
POL,EMDE,P51G,GF03,2018,3487.0,A
POL,EMDE,P51G,GF04,2018,49954.91,A
POL,EMDE,P51G,GF05,2018,4512.15,A
POL,EMDE,P51G,GF06,2018,2431.0,A
POL,EMDE,P51G,GF07,2018,6704.1,A
POL,EMDE,P51G,GF08,2018,9161.0,A
POL,EMDE,P51G,GF09,2018,10343.0,A
POL,EMDE,P51G,GF10,2018,985.9,A
POL,EMDE,P51G,GF01,2019,6213.9,A
POL,EMDE,P51G,GF02,2019,5978.54,A
POL,EMDE,P51G,GF03,2019,3440.31,A
POL,EMDE,P51G,GF04,2019,49186.17,A
POL,EMDE,P51G,GF05,2019,4441.17,A
POL,EMDE,P51G,GF06,2019,2539.55,A
POL,EMDE,P51G,GF07,2019,7424.1,A
POL,EMDE,P51G,GF08,2019,8859.99,A
POL,EMDE,P51G,GF09,2019,9539.23,A
POL,EMDE,P51G,GF10,2019,1147.9,A
POL,EMDE,P51G,GF01,2020,6843.12,A
POL,EMDE,P51G,GF02,2020,6947.3,A
POL,EMDE,P51G,GF03,2020,3934.67,A
POL,EMDE,P51G,GF04,2020,52282.41,A
POL,EMDE,P51G,GF05,2020,4669.93,A
POL,EMDE,P51G,GF06,2020,2364.19,A
POL,EMDE,P51G,GF07,2020,8368.38,A
POL,EMDE,P51G,GF08,2020,8105.1,A
POL,EMDE,P51G,GF09,2020,9655.81,A
POL,EMDE,P51G,GF10,2020,1208.98,A
POL,EMDE,P51G,GF01,2021,5902.04,A
POL,EMDE,P51G,GF02,2021,9367.9,A
POL,EMDE,P51G,GF03,2021,4368.26,A
POL,EMDE,P51G,GF04,2021,53906.07,A
POL,EMDE,P51G,GF05,2021,4702.02,A
POL,EMDE,P51G,GF06,2021,2643.91,A
POL,EMDE,P51G,GF07,2021,8182.8,A
POL,EMDE,P51G,GF08,2021,8416.17,A
POL,EMDE,P51G,GF09,2021,9951.51,A
POL,EMDE,P51G,GF10,2021,1109.16,A
POL,EMDE,P51G,GF01,2022,4181.86,A
POL,EMDE,P51G,GF02,2022,2416.05,A
POL,EMDE,P51G,GF03,2022,7785.09,A
POL,EMDE,P51G,GF04,2022,62877.24,A
POL,EMDE,P51G,GF05,2022,5070.01,A
POL,EMDE,P51G,GF06,2022,3113.59,A
POL,EMDE,P51G,GF07,2022,9052.78,A
POL,EMDE,P51G,GF08,2022,9253.48,A
POL,EMDE,P51G,GF09,2022,11381.98,A
POL,EMDE,P51G,GF10,2022,1343.02,A
POL,EMDE,P51G,GF01,2023,5256.0,A
POL,EMDE,P51G,GF02,2023,22516.0,A
POL,EMDE,P51G,GF03,2023,6615.4,A
POL,EMDE,P51G,GF04,2023,80540.97,A
POL,EMDE,P51G,GF05,2023,7320.53,A
POL,EMDE,P51G,GF06,2023,5296.85,A
POL,EMDE,P51G,GF07,2023,13220.95,A
POL,EMDE,P51G,GF08,2023,13636.54,A
POL,EMDE,P51G,GF09,2023,18347.13,A
POL,EMDE,P51G,GF10,2023,1794.31,A
POL,EMDE,P51G,GF01,2024,3012.18,A
POL,EMDE,P51G,GF02,2024,41763.56,A
POL,EMDE,P51G,GF03,2024,6990.07,A
POL,EMDE,P51G,GF04,2024,65362.34,A
POL,EMDE,P51G,GF05,2024,8310.33,A
POL,EMDE,P51G,GF06,2024,5425.34,A
POL,EMDE,P51G,GF07,2024,10814.21,A
POL,EMDE,P51G,GF08,2024,14174.95,A
POL,EMDE,P51G,GF09,2024,18604.08,A
POL,EMDE,P51G,GF10,2024,1901.84,A
PRT,AE,P51G,GF01,2000,403.18,A
PRT,AE,P51G,GF02,2000,321.22,A
PRT,AE,P51G,GF03,2000,135.54,A
PRT,AE,P51G,GF04,2000,2670.72,A
PRT,AE,P51G,GF05,2000,410.54,A
PRT,AE,P51G,GF06,2000,631.5,A
PRT,AE,P51G,GF07,2000,309.41,A
PRT,AE,P51G,GF08,2000,345.02,A
PRT,AE,P51G,GF09,2000,543.54,A
PRT,AE,P51G,GF10,2000,146.05,A
PRT,AE,P51G,GF01,2001,633.9,A
PRT,AE,P51G,GF02,2001,152.82,A
PRT,AE,P51G,GF03,2001,117.72,A
PRT,AE,P51G,GF04,2001,3254.94,A
PRT,AE,P51G,GF05,2001,441.8,A
PRT,AE,P51G,GF06,2001,673.81,A
PRT,AE,P51G,GF07,2001,316.73,A
PRT,AE,P51G,GF08,2001,465.68,A
PRT,AE,P51G,GF09,2001,611.92,A
PRT,AE,P51G,GF10,2001,164.41,A
PRT,AE,P51G,GF01,2002,596.67,A
PRT,AE,P51G,GF02,2002,155.0,A
PRT,AE,P51G,GF03,2002,86.17,A
PRT,AE,P51G,GF04,2002,3187.51,A
PRT,AE,P51G,GF05,2002,416.17,A
PRT,AE,P51G,GF06,2002,596.41,A
PRT,AE,P51G,GF07,2002,300.19,A
PRT,AE,P51G,GF08,2002,539.37,A
PRT,AE,P51G,GF09,2002,553.04,A
PRT,AE,P51G,GF10,2002,138.06,A
PRT,AE,P51G,GF01,2003,595.24,A
PRT,AE,P51G,GF02,2003,171.88,A
PRT,AE,P51G,GF03,2003,84.62,A
PRT,AE,P51G,GF04,2003,3232.17,A
PRT,AE,P51G,GF05,2003,386.62,A
PRT,AE,P51G,GF06,2003,502.1,A
PRT,AE,P51G,GF07,2003,314.82,A
PRT,AE,P51G,GF08,2003,526.26,A
PRT,AE,P51G,GF09,2003,467.54,A
PRT,AE,P51G,GF10,2003,111.27,A
PRT,AE,P51G,GF01,2004,607.83,A
PRT,AE,P51G,GF02,2004,288.89,A
PRT,AE,P51G,GF03,2004,91.68,A
PRT,AE,P51G,GF04,2004,3495.27,A
PRT,AE,P51G,GF05,2004,420.21,A
PRT,AE,P51G,GF06,2004,378.05,A
PRT,AE,P51G,GF07,2004,336.34,A
PRT,AE,P51G,GF08,2004,530.67,A
PRT,AE,P51G,GF09,2004,513.36,A
PRT,AE,P51G,GF10,2004,92.83,A
PRT,AE,P51G,GF01,2005,525.59,A
PRT,AE,P51G,GF02,2005,321.25,A
PRT,AE,P51G,GF03,2005,92.34,A
PRT,AE,P51G,GF04,2005,3166.8,A
PRT,AE,P51G,GF05,2005,431.76,A
PRT,AE,P51G,GF06,2005,355.73,A
PRT,AE,P51G,GF07,2005,343.01,A
PRT,AE,P51G,GF08,2005,606.75,A
PRT,AE,P51G,GF09,2005,519.76,A
PRT,AE,P51G,GF10,2005,105.07,A
PRT,AE,P51G,GF01,2006,459.08,A
PRT,AE,P51G,GF02,2006,365.26,A
PRT,AE,P51G,GF03,2006,9.49,A
PRT,AE,P51G,GF04,2006,2456.79,A
PRT,AE,P51G,GF05,2006,415.84,A
PRT,AE,P51G,GF06,2006,357.34,A
PRT,AE,P51G,GF07,2006,395.57,A
PRT,AE,P51G,GF08,2006,522.16,A
PRT,AE,P51G,GF09,2006,521.77,A
PRT,AE,P51G,GF10,2006,76.39,A
PRT,AE,P51G,GF01,2007,668.66,A
PRT,AE,P51G,GF02,2007,162.29,A
PRT,AE,P51G,GF03,2007,56.1,A
PRT,AE,P51G,GF04,2007,2466.18,A
PRT,AE,P51G,GF05,2007,409.3,A
PRT,AE,P51G,GF06,2007,347.13,A
PRT,AE,P51G,GF07,2007,464.98,A
PRT,AE,P51G,GF08,2007,544.6,A
PRT,AE,P51G,GF09,2007,484.19,A
PRT,AE,P51G,GF10,2007,41.26,A
PRT,AE,P51G,GF01,2008,816.13,A
PRT,AE,P51G,GF02,2008,267.91,A
PRT,AE,P51G,GF03,2008,-26.78,A
PRT,AE,P51G,GF04,2008,2981.98,A
PRT,AE,P51G,GF05,2008,447.46,A
PRT,AE,P51G,GF06,2008,323.58,A
PRT,AE,P51G,GF07,2008,513.72,A
PRT,AE,P51G,GF08,2008,627.57,A
PRT,AE,P51G,GF09,2008,588.31,A
PRT,AE,P51G,GF10,2008,110.87,A
PRT,AE,P51G,GF01,2009,758.49,A
PRT,AE,P51G,GF02,2009,538.22,A
PRT,AE,P51G,GF03,2009,54.45,A
PRT,AE,P51G,GF04,2009,3074.74,A
PRT,AE,P51G,GF05,2009,317.16,A
PRT,AE,P51G,GF06,2009,303.75,A
PRT,AE,P51G,GF07,2009,509.68,A
PRT,AE,P51G,GF08,2009,626.92,A
PRT,AE,P51G,GF09,2009,936.83,A
PRT,AE,P51G,GF10,2009,85.24,A
PRT,AE,P51G,GF01,2010,617.77,A
PRT,AE,P51G,GF02,2010,1362.86,A
PRT,AE,P51G,GF03,2010,89.98,A
PRT,AE,P51G,GF04,2010,3972.64,A
PRT,AE,P51G,GF05,2010,448.08,A
PRT,AE,P51G,GF06,2010,320.62,A
PRT,AE,P51G,GF07,2010,696.36,A
PRT,AE,P51G,GF08,2010,551.13,A
PRT,AE,P51G,GF09,2010,1357.24,A
PRT,AE,P51G,GF10,2010,62.06,A
PRT,AE,P51G,GF01,2011,714.38,A
PRT,AE,P51G,GF02,2011,253.56,A
PRT,AE,P51G,GF03,2011,54.96,A
PRT,AE,P51G,GF04,2011,2512.17,A
PRT,AE,P51G,GF05,2011,399.22,A
PRT,AE,P51G,GF06,2011,159.93,A
PRT,AE,P51G,GF07,2011,596.58,A
PRT,AE,P51G,GF08,2011,494.14,A
PRT,AE,P51G,GF09,2011,891.89,A
PRT,AE,P51G,GF10,2011,62.94,A
PRT,AE,P51G,GF01,2012,717.69,A
PRT,AE,P51G,GF02,2012,148.12,A
PRT,AE,P51G,GF03,2012,105.56,A
PRT,AE,P51G,GF04,2012,1249.21,A
PRT,AE,P51G,GF05,2012,272.94,A
PRT,AE,P51G,GF06,2012,205.36,A
PRT,AE,P51G,GF07,2012,391.21,A
PRT,AE,P51G,GF08,2012,360.64,A
PRT,AE,P51G,GF09,2012,651.56,A
PRT,AE,P51G,GF10,2012,56.37,A
PRT,AE,P51G,GF01,2013,648.07,A
PRT,AE,P51G,GF02,2013,122.1,A
PRT,AE,P51G,GF03,2013,120.73,A
PRT,AE,P51G,GF04,2013,1086.82,A
PRT,AE,P51G,GF05,2013,290.18,A
PRT,AE,P51G,GF06,2013,256.77,A
PRT,AE,P51G,GF07,2013,319.42,A
PRT,AE,P51G,GF08,2013,458.48,A
PRT,AE,P51G,GF09,2013,358.13,A
PRT,AE,P51G,GF10,2013,60.51,A
PRT,AE,P51G,GF01,2014,704.02,A
PRT,AE,P51G,GF02,2014,100.91,A
PRT,AE,P51G,GF03,2014,69.61,A
PRT,AE,P51G,GF04,2014,1091.21,A
PRT,AE,P51G,GF05,2014,256.4,A
PRT,AE,P51G,GF06,2014,212.45,A
PRT,AE,P51G,GF07,2014,307.18,A
PRT,AE,P51G,GF08,2014,311.85,A
PRT,AE,P51G,GF09,2014,329.95,A
PRT,AE,P51G,GF10,2014,65.71,A
PRT,AE,P51G,GF01,2015,777.12,A
PRT,AE,P51G,GF02,2015,147.84,A
PRT,AE,P51G,GF03,2015,88.26,A
PRT,AE,P51G,GF04,2015,1356.67,A
PRT,AE,P51G,GF05,2015,314.08,A
PRT,AE,P51G,GF06,2015,233.47,A
PRT,AE,P51G,GF07,2015,354.1,A
PRT,AE,P51G,GF08,2015,276.29,A
PRT,AE,P51G,GF09,2015,433.92,A
PRT,AE,P51G,GF10,2015,60.9,A
PRT,AE,P51G,GF01,2016,715.05,A
PRT,AE,P51G,GF02,2016,-10.44,A
PRT,AE,P51G,GF03,2016,57.27,A
PRT,AE,P51G,GF04,2016,863.92,A
PRT,AE,P51G,GF05,2016,243.98,A
PRT,AE,P51G,GF06,2016,135.34,A
PRT,AE,P51G,GF07,2016,308.79,A
PRT,AE,P51G,GF08,2016,331.49,A
PRT,AE,P51G,GF09,2016,223.1,A
PRT,AE,P51G,GF10,2016,21.51,A
PRT,AE,P51G,GF01,2017,726.22,A
PRT,AE,P51G,GF02,2017,69.98,A
PRT,AE,P51G,GF03,2017,53.29,A
PRT,AE,P51G,GF04,2017,1126.09,A
PRT,AE,P51G,GF05,2017,286.39,A
PRT,AE,P51G,GF06,2017,191.01,A
PRT,AE,P51G,GF07,2017,305.61,A
PRT,AE,P51G,GF08,2017,390.51,A
PRT,AE,P51G,GF09,2017,267.66,A
PRT,AE,P51G,GF10,2017,80.57,A
PRT,AE,P51G,GF01,2018,605.34,A
PRT,AE,P51G,GF02,2018,229.05,A
PRT,AE,P51G,GF03,2018,172.46,A
PRT,AE,P51G,GF04,2018,1160.2,A
PRT,AE,P51G,GF05,2018,206.17,A
PRT,AE,P51G,GF06,2018,184.14,A
PRT,AE,P51G,GF07,2018,420.95,A
PRT,AE,P51G,GF08,2018,439.44,A
PRT,AE,P51G,GF09,2018,261.48,A
PRT,AE,P51G,GF10,2018,117.95,A
PRT,AE,P51G,GF01,2019,562.0,A
PRT,AE,P51G,GF02,2019,219.03,A
PRT,AE,P51G,GF03,2019,201.82,A
PRT,AE,P51G,GF04,2019,1230.83,A
PRT,AE,P51G,GF05,2019,266.29,A
PRT,AE,P51G,GF06,2019,174.88,A
PRT,AE,P51G,GF07,2019,438.25,A
PRT,AE,P51G,GF08,2019,481.09,A
PRT,AE,P51G,GF09,2019,297.96,A
PRT,AE,P51G,GF10,2019,89.89,A
PRT,AE,P51G,GF01,2020,667.61,A
PRT,AE,P51G,GF02,2020,167.62,A
PRT,AE,P51G,GF03,2020,262.85,A
PRT,AE,P51G,GF04,2020,1418.14,A
PRT,AE,P51G,GF05,2020,294.7,A
PRT,AE,P51G,GF06,2020,258.43,A
PRT,AE,P51G,GF07,2020,583.77,A
PRT,AE,P51G,GF08,2020,534.89,A
PRT,AE,P51G,GF09,2020,303.11,A
PRT,AE,P51G,GF10,2020,154.23,A
PRT,AE,P51G,GF01,2021,701.09,A
PRT,AE,P51G,GF02,2021,216.12,A
PRT,AE,P51G,GF03,2021,254.13,A
PRT,AE,P51G,GF04,2021,1803.12,A
PRT,AE,P51G,GF05,2021,307.0,A
PRT,AE,P51G,GF06,2021,309.04,A
PRT,AE,P51G,GF07,2021,606.96,A
PRT,AE,P51G,GF08,2021,688.54,A
PRT,AE,P51G,GF09,2021,510.01,A
PRT,AE,P51G,GF10,2021,193.29,A
PRT,AE,P51G,GF01,2022,712.36,A
PRT,AE,P51G,GF02,2022,238.71,A
PRT,AE,P51G,GF03,2022,221.99,A
PRT,AE,P51G,GF04,2022,1985.97,A
PRT,AE,P51G,GF05,2022,303.18,A
PRT,AE,P51G,GF06,2022,356.99,A
PRT,AE,P51G,GF07,2022,605.12,A
PRT,AE,P51G,GF08,2022,606.51,A
PRT,AE,P51G,GF09,2022,575.64,A
PRT,AE,P51G,GF10,2022,200.02,A
PRT,AE,P51G,GF01,2023,1120.84,A
PRT,AE,P51G,GF02,2023,386.31,A
PRT,AE,P51G,GF03,2023,264.23,A
PRT,AE,P51G,GF04,2023,2220.4,A
PRT,AE,P51G,GF05,2023,232.16,A
PRT,AE,P51G,GF06,2023,548.92,A
PRT,AE,P51G,GF07,2023,764.04,A
PRT,AE,P51G,GF08,2023,558.5,A
PRT,AE,P51G,GF09,2023,617.78,A
PRT,AE,P51G,GF10,2023,227.02,A
PRT,AE,P51G,GF01,2024,1189.37,P
PRT,AE,P51G,GF02,2024,654.59,P
PRT,AE,P51G,GF03,2024,280.35,P
PRT,AE,P51G,GF04,2024,2496.07,P
PRT,AE,P51G,GF05,2024,256.46,P
PRT,AE,P51G,GF06,2024,568.66,P
PRT,AE,P51G,GF07,2024,919.05,P
PRT,AE,P51G,GF08,2024,585.84,P
PRT,AE,P51G,GF09,2024,686.88,P
PRT,AE,P51G,GF10,2024,243.51,P
ROU,EMDE,P51G,GF01,2000,182.0,A
ROU,EMDE,P51G,GF02,2000,358.3,A
ROU,EMDE,P51G,GF03,2000,383.4,A
ROU,EMDE,P51G,GF04,2000,823.6,A
ROU,EMDE,P51G,GF05,2000,135.8,A
ROU,EMDE,P51G,GF06,2000,216.1,A
ROU,EMDE,P51G,GF07,2000,421.3,A
ROU,EMDE,P51G,GF08,2000,44.9,A
ROU,EMDE,P51G,GF09,2000,204.3,A
ROU,EMDE,P51G,GF10,2000,21.6,A
ROU,EMDE,P51G,GF01,2001,166.6,A
ROU,EMDE,P51G,GF02,2001,393.3,A
ROU,EMDE,P51G,GF03,2001,202.4,A
ROU,EMDE,P51G,GF04,2001,1082.3,A
ROU,EMDE,P51G,GF05,2001,97.0,A
ROU,EMDE,P51G,GF06,2001,287.9,A
ROU,EMDE,P51G,GF07,2001,497.9,A
ROU,EMDE,P51G,GF08,2001,62.5,A
ROU,EMDE,P51G,GF09,2001,375.7,A
ROU,EMDE,P51G,GF10,2001,60.7,A
ROU,EMDE,P51G,GF01,2002,350.1,A
ROU,EMDE,P51G,GF02,2002,489.7,A
ROU,EMDE,P51G,GF03,2002,449.5,A
ROU,EMDE,P51G,GF04,2002,1227.0,A
ROU,EMDE,P51G,GF05,2002,127.2,A
ROU,EMDE,P51G,GF06,2002,741.6,A
ROU,EMDE,P51G,GF07,2002,597.5,A
ROU,EMDE,P51G,GF08,2002,114.4,A
ROU,EMDE,P51G,GF09,2002,741.5,A
ROU,EMDE,P51G,GF10,2002,91.3,A
ROU,EMDE,P51G,GF01,2003,497.5,A
ROU,EMDE,P51G,GF02,2003,630.5,A
ROU,EMDE,P51G,GF03,2003,576.0,A
ROU,EMDE,P51G,GF04,2003,1692.6,A
ROU,EMDE,P51G,GF05,2003,88.7,A
ROU,EMDE,P51G,GF06,2003,1704.7,A
ROU,EMDE,P51G,GF07,2003,752.4,A
ROU,EMDE,P51G,GF08,2003,182.9,A
ROU,EMDE,P51G,GF09,2003,692.9,A
ROU,EMDE,P51G,GF10,2003,124.3,A
ROU,EMDE,P51G,GF01,2004,422.3,A
ROU,EMDE,P51G,GF02,2004,676.6,A
ROU,EMDE,P51G,GF03,2004,771.0,A
ROU,EMDE,P51G,GF04,2004,1752.0,A
ROU,EMDE,P51G,GF05,2004,70.7,A
ROU,EMDE,P51G,GF06,2004,2001.1,A
ROU,EMDE,P51G,GF07,2004,477.5,A
ROU,EMDE,P51G,GF08,2004,137.1,A
ROU,EMDE,P51G,GF09,2004,505.1,A
ROU,EMDE,P51G,GF10,2004,107.1,A
ROU,EMDE,P51G,GF01,2005,1259.3,A
ROU,EMDE,P51G,GF02,2005,672.6,A
ROU,EMDE,P51G,GF03,2005,626.9,A
ROU,EMDE,P51G,GF04,2005,2857.2,A
ROU,EMDE,P51G,GF05,2005,132.5,A
ROU,EMDE,P51G,GF06,2005,1632.7,A
ROU,EMDE,P51G,GF07,2005,229.1,A
ROU,EMDE,P51G,GF08,2005,101.5,A
ROU,EMDE,P51G,GF09,2005,606.3,A
ROU,EMDE,P51G,GF10,2005,82.0,A
ROU,EMDE,P51G,GF01,2006,744.7,A
ROU,EMDE,P51G,GF02,2006,1424.3,A
ROU,EMDE,P51G,GF03,2006,1283.1,A
ROU,EMDE,P51G,GF04,2006,7832.6,A
ROU,EMDE,P51G,GF05,2006,325.9,A
ROU,EMDE,P51G,GF06,2006,2766.8,A
ROU,EMDE,P51G,GF07,2006,517.2,A
ROU,EMDE,P51G,GF08,2006,441.3,A
ROU,EMDE,P51G,GF09,2006,2538.0,A
ROU,EMDE,P51G,GF10,2006,143.9,A
ROU,EMDE,P51G,GF01,2007,948.2,A
ROU,EMDE,P51G,GF02,2007,880.3,A
ROU,EMDE,P51G,GF03,2007,537.9,A
ROU,EMDE,P51G,GF04,2007,13319.6,A
ROU,EMDE,P51G,GF05,2007,682.9,A
ROU,EMDE,P51G,GF06,2007,3534.4,A
ROU,EMDE,P51G,GF07,2007,1237.0,A
ROU,EMDE,P51G,GF08,2007,871.5,A
ROU,EMDE,P51G,GF09,2007,4018.0,A
ROU,EMDE,P51G,GF10,2007,210.8,A
ROU,EMDE,P51G,GF01,2008,1694.3,A
ROU,EMDE,P51G,GF02,2008,575.4,A
ROU,EMDE,P51G,GF03,2008,707.9,A
ROU,EMDE,P51G,GF04,2008,18654.3,A
ROU,EMDE,P51G,GF05,2008,977.6,A
ROU,EMDE,P51G,GF06,2008,3938.8,A
ROU,EMDE,P51G,GF07,2008,1336.6,A
ROU,EMDE,P51G,GF08,2008,1226.0,A
ROU,EMDE,P51G,GF09,2008,5606.8,A
ROU,EMDE,P51G,GF10,2008,237.9,A
ROU,EMDE,P51G,GF01,2009,1306.1,A
ROU,EMDE,P51G,GF02,2009,438.5,A
ROU,EMDE,P51G,GF03,2009,576.0,A
ROU,EMDE,P51G,GF04,2009,17598.4,A
ROU,EMDE,P51G,GF05,2009,1351.5,A
ROU,EMDE,P51G,GF06,2009,3761.7,A
ROU,EMDE,P51G,GF07,2009,1076.0,A
ROU,EMDE,P51G,GF08,2009,1210.7,A
ROU,EMDE,P51G,GF09,2009,2992.3,A
ROU,EMDE,P51G,GF10,2009,258.6,A
ROU,EMDE,P51G,GF01,2010,1109.4,A
ROU,EMDE,P51G,GF02,2010,611.0,A
ROU,EMDE,P51G,GF03,2010,1173.6,A
ROU,EMDE,P51G,GF04,2010,16453.4,A
ROU,EMDE,P51G,GF05,2010,2110.6,A
ROU,EMDE,P51G,GF06,2010,3342.5,A
ROU,EMDE,P51G,GF07,2010,1128.0,A
ROU,EMDE,P51G,GF08,2010,1382.0,A
ROU,EMDE,P51G,GF09,2010,2586.7,A
ROU,EMDE,P51G,GF10,2010,336.7,A
ROU,EMDE,P51G,GF01,2011,947.1,A
ROU,EMDE,P51G,GF02,2011,639.6,A
ROU,EMDE,P51G,GF03,2011,1144.0,A
ROU,EMDE,P51G,GF04,2011,15622.0,A
ROU,EMDE,P51G,GF05,2011,2847.6,A
ROU,EMDE,P51G,GF06,2011,3385.1,A
ROU,EMDE,P51G,GF07,2011,1443.9,A
ROU,EMDE,P51G,GF08,2011,1615.0,A
ROU,EMDE,P51G,GF09,2011,2187.5,A
ROU,EMDE,P51G,GF10,2011,378.6,A
ROU,EMDE,P51G,GF01,2012,810.1,A
ROU,EMDE,P51G,GF02,2012,434.5,A
ROU,EMDE,P51G,GF03,2012,709.0,A
ROU,EMDE,P51G,GF04,2012,16079.6,A
ROU,EMDE,P51G,GF05,2012,2080.9,A
ROU,EMDE,P51G,GF06,2012,3375.8,A
ROU,EMDE,P51G,GF07,2012,1438.2,A
ROU,EMDE,P51G,GF08,2012,1437.4,A
ROU,EMDE,P51G,GF09,2012,1729.8,A
ROU,EMDE,P51G,GF10,2012,387.8,A
ROU,EMDE,P51G,GF01,2013,1142.3,A
ROU,EMDE,P51G,GF02,2013,354.2,A
ROU,EMDE,P51G,GF03,2013,745.2,A
ROU,EMDE,P51G,GF04,2013,16180.3,A
ROU,EMDE,P51G,GF05,2013,2104.6,A
ROU,EMDE,P51G,GF06,2013,3270.5,A
ROU,EMDE,P51G,GF07,2013,1105.5,A
ROU,EMDE,P51G,GF08,2013,1083.8,A
ROU,EMDE,P51G,GF09,2013,1591.5,A
ROU,EMDE,P51G,GF10,2013,392.9,A
ROU,EMDE,P51G,GF01,2014,1467.5,A
ROU,EMDE,P51G,GF02,2014,916.0,A
ROU,EMDE,P51G,GF03,2014,415.1,A
ROU,EMDE,P51G,GF04,2014,15812.0,A
ROU,EMDE,P51G,GF05,2014,2526.5,A
ROU,EMDE,P51G,GF06,2014,4281.1,A
ROU,EMDE,P51G,GF07,2014,1295.6,A
ROU,EMDE,P51G,GF08,2014,1194.2,A
ROU,EMDE,P51G,GF09,2014,1837.6,A
ROU,EMDE,P51G,GF10,2014,264.8,A
ROU,EMDE,P51G,GF01,2015,1713.3,A
ROU,EMDE,P51G,GF02,2015,1301.9,A
ROU,EMDE,P51G,GF03,2015,1136.6,A
ROU,EMDE,P51G,GF04,2015,16689.3,A
ROU,EMDE,P51G,GF05,2015,3067.9,A
ROU,EMDE,P51G,GF06,2015,5543.0,A
ROU,EMDE,P51G,GF07,2015,2180.1,A
ROU,EMDE,P51G,GF08,2015,1744.0,A
ROU,EMDE,P51G,GF09,2015,3237.8,A
ROU,EMDE,P51G,GF10,2015,362.5,A
ROU,EMDE,P51G,GF01,2016,1360.7,A
ROU,EMDE,P51G,GF02,2016,2555.3,A
ROU,EMDE,P51G,GF03,2016,796.8,A
ROU,EMDE,P51G,GF04,2016,13484.5,A
ROU,EMDE,P51G,GF05,2016,1624.6,A
ROU,EMDE,P51G,GF06,2016,3542.8,A
ROU,EMDE,P51G,GF07,2016,1184.8,A
ROU,EMDE,P51G,GF08,2016,861.0,A
ROU,EMDE,P51G,GF09,2016,1652.6,A
ROU,EMDE,P51G,GF10,2016,163.3,A
ROU,EMDE,P51G,GF01,2017,1049.7,A
ROU,EMDE,P51G,GF02,2017,2306.5,A
ROU,EMDE,P51G,GF03,2017,623.9,A
ROU,EMDE,P51G,GF04,2017,11103.3,A
ROU,EMDE,P51G,GF05,2017,1163.5,A
ROU,EMDE,P51G,GF06,2017,2708.0,A
ROU,EMDE,P51G,GF07,2017,981.9,A
ROU,EMDE,P51G,GF08,2017,833.7,A
ROU,EMDE,P51G,GF09,2017,1454.8,A
ROU,EMDE,P51G,GF10,2017,45.9,A
ROU,EMDE,P51G,GF01,2018,1519.2,A
ROU,EMDE,P51G,GF02,2018,1389.0,A
ROU,EMDE,P51G,GF03,2018,590.2,A
ROU,EMDE,P51G,GF04,2018,11410.2,A
ROU,EMDE,P51G,GF05,2018,1374.5,A
ROU,EMDE,P51G,GF06,2018,3545.6,A
ROU,EMDE,P51G,GF07,2018,1210.5,A
ROU,EMDE,P51G,GF08,2018,1073.0,A
ROU,EMDE,P51G,GF09,2018,1653.6,A
ROU,EMDE,P51G,GF10,2018,245.0,A
ROU,EMDE,P51G,GF01,2019,1635.8,A
ROU,EMDE,P51G,GF02,2019,2362.8,A
ROU,EMDE,P51G,GF03,2019,529.2,A
ROU,EMDE,P51G,GF04,2019,16768.1,A
ROU,EMDE,P51G,GF05,2019,1966.2,A
ROU,EMDE,P51G,GF06,2019,5714.8,A
ROU,EMDE,P51G,GF07,2019,2448.1,A
ROU,EMDE,P51G,GF08,2019,1475.7,A
ROU,EMDE,P51G,GF09,2019,2626.8,A
ROU,EMDE,P51G,GF10,2019,309.8,A
ROU,EMDE,P51G,GF01,2020,1687.2,A
ROU,EMDE,P51G,GF02,2020,7865.4,A
ROU,EMDE,P51G,GF03,2020,415.5,A
ROU,EMDE,P51G,GF04,2020,21551.9,A
ROU,EMDE,P51G,GF05,2020,2019.6,A
ROU,EMDE,P51G,GF06,2020,5994.0,A
ROU,EMDE,P51G,GF07,2020,2196.4,A
ROU,EMDE,P51G,GF08,2020,1968.1,A
ROU,EMDE,P51G,GF09,2020,3025.2,A
ROU,EMDE,P51G,GF10,2020,460.9,A
ROU,EMDE,P51G,GF01,2021,1876.7,A
ROU,EMDE,P51G,GF02,2021,5015.4,A
ROU,EMDE,P51G,GF03,2021,137.7,A
ROU,EMDE,P51G,GF04,2021,23735.4,A
ROU,EMDE,P51G,GF05,2021,2157.3,A
ROU,EMDE,P51G,GF06,2021,7225.3,A
ROU,EMDE,P51G,GF07,2021,2366.2,A
ROU,EMDE,P51G,GF08,2021,1748.5,A
ROU,EMDE,P51G,GF09,2021,3494.4,A
ROU,EMDE,P51G,GF10,2021,598.3,A
ROU,EMDE,P51G,GF01,2022,2951.7,A
ROU,EMDE,P51G,GF02,2022,5349.4,A
ROU,EMDE,P51G,GF03,2022,1491.8,A
ROU,EMDE,P51G,GF04,2022,27768.3,A
ROU,EMDE,P51G,GF05,2022,1951.8,A
ROU,EMDE,P51G,GF06,2022,9341.9,A
ROU,EMDE,P51G,GF07,2022,3329.8,A
ROU,EMDE,P51G,GF08,2022,2195.5,A
ROU,EMDE,P51G,GF09,2022,5022.9,A
ROU,EMDE,P51G,GF10,2022,685.1,A
ROU,EMDE,P51G,GF01,2023,2484.2,A
ROU,EMDE,P51G,GF02,2023,4303.7,A
ROU,EMDE,P51G,GF03,2023,5226.9,A
ROU,EMDE,P51G,GF04,2023,41007.7,A
ROU,EMDE,P51G,GF05,2023,2769.6,A
ROU,EMDE,P51G,GF06,2023,15009.5,A
ROU,EMDE,P51G,GF07,2023,4056.3,A
ROU,EMDE,P51G,GF08,2023,3025.9,A
ROU,EMDE,P51G,GF09,2023,6984.6,A
ROU,EMDE,P51G,GF10,2023,714.0,A
ROU,EMDE,P51G,GF01,2024,2844.6,A
ROU,EMDE,P51G,GF02,2024,7679.2,A
ROU,EMDE,P51G,GF03,2024,2719.5,A
ROU,EMDE,P51G,GF04,2024,52163.4,A
ROU,EMDE,P51G,GF05,2024,3758.8,A
ROU,EMDE,P51G,GF06,2024,17111.9,A
ROU,EMDE,P51G,GF07,2024,4695.0,A
ROU,EMDE,P51G,GF08,2024,3096.9,A
ROU,EMDE,P51G,GF09,2024,8286.1,A
ROU,EMDE,P51G,GF10,2024,837.0,A
SVK,AE,P51G,GF01,2000,144.61,A
SVK,AE,P51G,GF02,2000,14.05,A
SVK,AE,P51G,GF03,2000,220.94,A
SVK,AE,P51G,GF04,2000,379.77,A
SVK,AE,P51G,GF05,2000,33.41,A
SVK,AE,P51G,GF06,2000,47.36,A
SVK,AE,P51G,GF07,2000,114.85,A
SVK,AE,P51G,GF08,2000,62.94,A
SVK,AE,P51G,GF09,2000,103.67,A
SVK,AE,P51G,GF10,2000,32.55,A
SVK,AE,P51G,GF01,2001,164.44,A
SVK,AE,P51G,GF02,2001,18.17,A
SVK,AE,P51G,GF03,2001,257.95,A
SVK,AE,P51G,GF04,2001,457.77,A
SVK,AE,P51G,GF05,2001,38.5,A
SVK,AE,P51G,GF06,2001,53.87,A
SVK,AE,P51G,GF07,2001,130.8,A
SVK,AE,P51G,GF08,2001,73.81,A
SVK,AE,P51G,GF09,2001,120.9,A
SVK,AE,P51G,GF10,2001,32.44,A
SVK,AE,P51G,GF01,2002,178.09,A
SVK,AE,P51G,GF02,2002,16.44,A
SVK,AE,P51G,GF03,2002,248.54,A
SVK,AE,P51G,GF04,2002,521.46,A
SVK,AE,P51G,GF05,2002,62.98,A
SVK,AE,P51G,GF06,2002,106.16,A
SVK,AE,P51G,GF07,2002,130.03,A
SVK,AE,P51G,GF08,2002,88.23,A
SVK,AE,P51G,GF09,2002,131.98,A
SVK,AE,P51G,GF10,2002,40.61,A
SVK,AE,P51G,GF01,2003,134.72,A
SVK,AE,P51G,GF02,2003,9.35,A
SVK,AE,P51G,GF03,2003,151.56,A
SVK,AE,P51G,GF04,2003,491.12,A
SVK,AE,P51G,GF05,2003,126.75,A
SVK,AE,P51G,GF06,2003,86.98,A
SVK,AE,P51G,GF07,2003,101.16,A
SVK,AE,P51G,GF08,2003,66.54,A
SVK,AE,P51G,GF09,2003,88.66,A
SVK,AE,P51G,GF10,2003,53.04,A
SVK,AE,P51G,GF01,2004,143.9,A
SVK,AE,P51G,GF02,2004,10.44,A
SVK,AE,P51G,GF03,2004,162.09,A
SVK,AE,P51G,GF04,2004,516.31,A
SVK,AE,P51G,GF05,2004,131.5,A
SVK,AE,P51G,GF06,2004,77.21,A
SVK,AE,P51G,GF07,2004,114.97,A
SVK,AE,P51G,GF08,2004,68.42,A
SVK,AE,P51G,GF09,2004,92.33,A
SVK,AE,P51G,GF10,2004,39.86,A
SVK,AE,P51G,GF01,2005,165.01,A
SVK,AE,P51G,GF02,2005,11.09,A
SVK,AE,P51G,GF03,2005,190.08,A
SVK,AE,P51G,GF04,2005,674.51,A
SVK,AE,P51G,GF05,2005,172.9,A
SVK,AE,P51G,GF06,2005,139.06,A
SVK,AE,P51G,GF07,2005,128.27,A
SVK,AE,P51G,GF08,2005,92.88,A
SVK,AE,P51G,GF09,2005,119.75,A
SVK,AE,P51G,GF10,2005,51.8,A
SVK,AE,P51G,GF01,2006,254.26,A
SVK,AE,P51G,GF02,2006,19.15,A
SVK,AE,P51G,GF03,2006,237.26,A
SVK,AE,P51G,GF04,2006,743.82,A
SVK,AE,P51G,GF05,2006,192.68,A
SVK,AE,P51G,GF06,2006,214.8,A
SVK,AE,P51G,GF07,2006,157.03,A
SVK,AE,P51G,GF08,2006,116.0,A
SVK,AE,P51G,GF09,2006,166.23,A
SVK,AE,P51G,GF10,2006,55.51,A
SVK,AE,P51G,GF01,2007,223.05,A
SVK,AE,P51G,GF02,2007,45.15,A
SVK,AE,P51G,GF03,2007,314.26,A
SVK,AE,P51G,GF04,2007,735.51,A
SVK,AE,P51G,GF05,2007,69.91,A
SVK,AE,P51G,GF06,2007,212.56,A
SVK,AE,P51G,GF07,2007,125.12,A
SVK,AE,P51G,GF08,2007,100.32,A
SVK,AE,P51G,GF09,2007,154.52,A
SVK,AE,P51G,GF10,2007,37.39,A
SVK,AE,P51G,GF01,2008,344.24,A
SVK,AE,P51G,GF02,2008,23.67,A
SVK,AE,P51G,GF03,2008,372.8,A
SVK,AE,P51G,GF04,2008,717.78,A
SVK,AE,P51G,GF05,2008,72.66,A
SVK,AE,P51G,GF06,2008,197.1,A
SVK,AE,P51G,GF07,2008,184.38,A
SVK,AE,P51G,GF08,2008,146.67,A
SVK,AE,P51G,GF09,2008,221.33,A
SVK,AE,P51G,GF10,2008,56.64,A
SVK,AE,P51G,GF01,2009,421.78,A
SVK,AE,P51G,GF02,2009,21.2,A
SVK,AE,P51G,GF03,2009,412.77,A
SVK,AE,P51G,GF04,2009,552.29,A
SVK,AE,P51G,GF05,2009,69.97,A
SVK,AE,P51G,GF06,2009,241.97,A
SVK,AE,P51G,GF07,2009,174.84,A
SVK,AE,P51G,GF08,2009,197.04,A
SVK,AE,P51G,GF09,2009,374.34,A
SVK,AE,P51G,GF10,2009,49.22,A
SVK,AE,P51G,GF01,2010,414.53,P
SVK,AE,P51G,GF02,2010,63.19,P
SVK,AE,P51G,GF03,2010,189.1,P
SVK,AE,P51G,GF04,2010,671.99,P
SVK,AE,P51G,GF05,2010,103.5,P
SVK,AE,P51G,GF06,2010,301.9,P
SVK,AE,P51G,GF07,2010,145.61,P
SVK,AE,P51G,GF08,2010,237.16,P
SVK,AE,P51G,GF09,2010,360.89,P
SVK,AE,P51G,GF10,2010,25.33,P
SVK,AE,P51G,GF01,2011,438.28,P
SVK,AE,P51G,GF02,2011,27.48,P
SVK,AE,P51G,GF03,2011,137.17,P
SVK,AE,P51G,GF04,2011,1130.13,P
SVK,AE,P51G,GF05,2011,133.52,P
SVK,AE,P51G,GF06,2011,309.19,P
SVK,AE,P51G,GF07,2011,144.68,P
SVK,AE,P51G,GF08,2011,116.35,P
SVK,AE,P51G,GF09,2011,224.79,P
SVK,AE,P51G,GF10,2011,26.33,P
SVK,AE,P51G,GF01,2012,473.51,P
SVK,AE,P51G,GF02,2012,54.54,P
SVK,AE,P51G,GF03,2012,170.71,P
SVK,AE,P51G,GF04,2012,892.01,P
SVK,AE,P51G,GF05,2012,135.95,P
SVK,AE,P51G,GF06,2012,237.21,P
SVK,AE,P51G,GF07,2012,142.93,P
SVK,AE,P51G,GF08,2012,120.68,P
SVK,AE,P51G,GF09,2012,142.22,P
SVK,AE,P51G,GF10,2012,41.61,P
SVK,AE,P51G,GF01,2013,544.88,P
SVK,AE,P51G,GF02,2013,26.34,P
SVK,AE,P51G,GF03,2013,294.4,P
SVK,AE,P51G,GF04,2013,902.39,P
SVK,AE,P51G,GF05,2013,128.66,P
SVK,AE,P51G,GF06,2013,191.92,P
SVK,AE,P51G,GF07,2013,102.67,P
SVK,AE,P51G,GF08,2013,149.09,P
SVK,AE,P51G,GF09,2013,160.0,P
SVK,AE,P51G,GF10,2013,32.12,P
SVK,AE,P51G,GF01,2014,373.93,P
SVK,AE,P51G,GF02,2014,540.58,P
SVK,AE,P51G,GF03,2014,158.13,P
SVK,AE,P51G,GF04,2014,1474.84,P
SVK,AE,P51G,GF05,2014,99.32,P
SVK,AE,P51G,GF06,2014,164.97,P
SVK,AE,P51G,GF07,2014,94.15,P
SVK,AE,P51G,GF08,2014,100.6,P
SVK,AE,P51G,GF09,2014,115.9,P
SVK,AE,P51G,GF10,2014,35.38,P
SVK,AE,P51G,GF01,2015,903.43,P
SVK,AE,P51G,GF02,2015,109.96,P
SVK,AE,P51G,GF03,2015,488.49,P
SVK,AE,P51G,GF04,2015,2764.64,P
SVK,AE,P51G,GF05,2015,175.6,P
SVK,AE,P51G,GF06,2015,276.5,P
SVK,AE,P51G,GF07,2015,107.89,P
SVK,AE,P51G,GF08,2015,142.77,P
SVK,AE,P51G,GF09,2015,181.75,P
SVK,AE,P51G,GF10,2015,37.47,P
SVK,AE,P51G,GF01,2016,378.77,P
SVK,AE,P51G,GF02,2016,118.05,P
SVK,AE,P51G,GF03,2016,487.35,P
SVK,AE,P51G,GF04,2016,1257.18,P
SVK,AE,P51G,GF05,2016,60.15,P
SVK,AE,P51G,GF06,2016,119.83,P
SVK,AE,P51G,GF07,2016,104.34,P
SVK,AE,P51G,GF08,2016,82.51,P
SVK,AE,P51G,GF09,2016,147.52,P
SVK,AE,P51G,GF10,2016,27.13,P
SVK,AE,P51G,GF01,2017,228.97,P
SVK,AE,P51G,GF02,2017,605.88,P
SVK,AE,P51G,GF03,2017,111.34,P
SVK,AE,P51G,GF04,2017,1337.04,P
SVK,AE,P51G,GF05,2017,73.88,P
SVK,AE,P51G,GF06,2017,138.4,P
SVK,AE,P51G,GF07,2017,96.84,P
SVK,AE,P51G,GF08,2017,88.37,P
SVK,AE,P51G,GF09,2017,149.73,P
SVK,AE,P51G,GF10,2017,36.43,P
SVK,AE,P51G,GF01,2018,303.4,P
SVK,AE,P51G,GF02,2018,213.33,P
SVK,AE,P51G,GF03,2018,192.12,P
SVK,AE,P51G,GF04,2018,1497.91,P
SVK,AE,P51G,GF05,2018,256.19,P
SVK,AE,P51G,GF06,2018,191.85,P
SVK,AE,P51G,GF07,2018,150.0,P
SVK,AE,P51G,GF08,2018,145.55,P
SVK,AE,P51G,GF09,2018,388.95,P
SVK,AE,P51G,GF10,2018,31.45,P
SVK,AE,P51G,GF01,2019,434.26,P
SVK,AE,P51G,GF02,2019,177.93,P
SVK,AE,P51G,GF03,2019,224.58,P
SVK,AE,P51G,GF04,2019,1250.26,P
SVK,AE,P51G,GF05,2019,201.57,P
SVK,AE,P51G,GF06,2019,199.5,P
SVK,AE,P51G,GF07,2019,250.89,P
SVK,AE,P51G,GF08,2019,156.62,P
SVK,AE,P51G,GF09,2019,459.48,P
SVK,AE,P51G,GF10,2019,33.39,P
SVK,AE,P51G,GF01,2020,329.72,P
SVK,AE,P51G,GF02,2020,130.68,P
SVK,AE,P51G,GF03,2020,172.13,P
SVK,AE,P51G,GF04,2020,1305.13,P
SVK,AE,P51G,GF05,2020,163.26,P
SVK,AE,P51G,GF06,2020,157.51,P
SVK,AE,P51G,GF07,2020,261.84,P
SVK,AE,P51G,GF08,2020,177.05,P
SVK,AE,P51G,GF09,2020,467.91,P
SVK,AE,P51G,GF10,2020,43.37,P
SVK,AE,P51G,GF01,2021,332.64,P
SVK,AE,P51G,GF02,2021,162.6,P
SVK,AE,P51G,GF03,2021,83.03,P
SVK,AE,P51G,GF04,2021,1322.83,P
SVK,AE,P51G,GF05,2021,119.8,P
SVK,AE,P51G,GF06,2021,169.82,P
SVK,AE,P51G,GF07,2021,208.54,P
SVK,AE,P51G,GF08,2021,176.5,P
SVK,AE,P51G,GF09,2021,463.18,P
SVK,AE,P51G,GF10,2021,32.63,P
SVK,AE,P51G,GF01,2022,477.04,P
SVK,AE,P51G,GF02,2022,-136.71,P
SVK,AE,P51G,GF03,2022,146.52,P
SVK,AE,P51G,GF04,2022,1445.83,P
SVK,AE,P51G,GF05,2022,141.72,P
SVK,AE,P51G,GF06,2022,216.16,P
SVK,AE,P51G,GF07,2022,184.93,P
SVK,AE,P51G,GF08,2022,265.49,P
SVK,AE,P51G,GF09,2022,566.85,P
SVK,AE,P51G,GF10,2022,70.97,P
SVK,AE,P51G,GF01,2023,871.37,P
SVK,AE,P51G,GF02,2023,-1422.8,P
SVK,AE,P51G,GF03,2023,302.19,P
SVK,AE,P51G,GF04,2023,2442.1,P
SVK,AE,P51G,GF05,2023,407.2,P
SVK,AE,P51G,GF06,2023,344.37,P
SVK,AE,P51G,GF07,2023,250.33,P
SVK,AE,P51G,GF08,2023,299.69,P
SVK,AE,P51G,GF09,2023,816.48,P
SVK,AE,P51G,GF10,2023,78.77,P
SVK,AE,P51G,GF01,2024,384.55,P
SVK,AE,P51G,GF02,2024,207.96,P
SVK,AE,P51G,GF03,2024,343.32,P
SVK,AE,P51G,GF04,2024,1906.94,P
SVK,AE,P51G,GF05,2024,225.26,P
SVK,AE,P51G,GF06,2024,214.42,P
SVK,AE,P51G,GF07,2024,251.42,P
SVK,AE,P51G,GF08,2024,235.01,P
SVK,AE,P51G,GF09,2024,782.91,P
SVK,AE,P51G,GF10,2024,73.21,P
SVN,AE,P51G,GF01,2000,125.74,A
SVN,AE,P51G,GF02,2000,39.03,A
SVN,AE,P51G,GF03,2000,21.37,A
SVN,AE,P51G,GF04,2000,202.21,A
SVN,AE,P51G,GF05,2000,40.79,A
SVN,AE,P51G,GF06,2000,42.49,A
SVN,AE,P51G,GF07,2000,61.58,A
SVN,AE,P51G,GF08,2000,49.73,A
SVN,AE,P51G,GF09,2000,89.26,A
SVN,AE,P51G,GF10,2000,28.78,A
SVN,AE,P51G,GF01,2001,158.15,A
SVN,AE,P51G,GF02,2001,65.66,A
SVN,AE,P51G,GF03,2001,30.7,A
SVN,AE,P51G,GF04,2001,215.34,A
SVN,AE,P51G,GF05,2001,45.0,A
SVN,AE,P51G,GF06,2001,43.88,A
SVN,AE,P51G,GF07,2001,68.55,A
SVN,AE,P51G,GF08,2001,55.94,A
SVN,AE,P51G,GF09,2001,114.78,A
SVN,AE,P51G,GF10,2001,33.6,A
SVN,AE,P51G,GF01,2002,152.93,A
SVN,AE,P51G,GF02,2002,88.47,A
SVN,AE,P51G,GF03,2002,30.98,A
SVN,AE,P51G,GF04,2002,226.84,A
SVN,AE,P51G,GF05,2002,54.02,A
SVN,AE,P51G,GF06,2002,32.26,A
SVN,AE,P51G,GF07,2002,88.89,A
SVN,AE,P51G,GF08,2002,64.51,A
SVN,AE,P51G,GF09,2002,111.31,A
SVN,AE,P51G,GF10,2002,30.02,A
SVN,AE,P51G,GF01,2003,170.38,A
SVN,AE,P51G,GF02,2003,98.75,A
SVN,AE,P51G,GF03,2003,38.62,A
SVN,AE,P51G,GF04,2003,238.72,A
SVN,AE,P51G,GF05,2003,57.65,A
SVN,AE,P51G,GF06,2003,43.45,A
SVN,AE,P51G,GF07,2003,93.18,A
SVN,AE,P51G,GF08,2003,69.73,A
SVN,AE,P51G,GF09,2003,120.07,A
SVN,AE,P51G,GF10,2003,34.74,A
SVN,AE,P51G,GF01,2004,249.04,A
SVN,AE,P51G,GF02,2004,105.24,A
SVN,AE,P51G,GF03,2004,29.32,A
SVN,AE,P51G,GF04,2004,278.19,A
SVN,AE,P51G,GF05,2004,64.32,A
SVN,AE,P51G,GF06,2004,48.41,A
SVN,AE,P51G,GF07,2004,93.52,A
SVN,AE,P51G,GF08,2004,68.2,A
SVN,AE,P51G,GF09,2004,118.53,A
SVN,AE,P51G,GF10,2004,38.84,A
SVN,AE,P51G,GF01,2005,200.56,A
SVN,AE,P51G,GF02,2005,90.42,A
SVN,AE,P51G,GF03,2005,24.62,A
SVN,AE,P51G,GF04,2005,302.85,A
SVN,AE,P51G,GF05,2005,63.96,A
SVN,AE,P51G,GF06,2005,50.03,A
SVN,AE,P51G,GF07,2005,89.51,A
SVN,AE,P51G,GF08,2005,72.68,A
SVN,AE,P51G,GF09,2005,184.13,A
SVN,AE,P51G,GF10,2005,27.64,A
SVN,AE,P51G,GF01,2006,253.12,A
SVN,AE,P51G,GF02,2006,133.14,A
SVN,AE,P51G,GF03,2006,46.02,A
SVN,AE,P51G,GF04,2006,351.38,A
SVN,AE,P51G,GF05,2006,82.55,A
SVN,AE,P51G,GF06,2006,71.97,A
SVN,AE,P51G,GF07,2006,121.82,A
SVN,AE,P51G,GF08,2006,87.91,A
SVN,AE,P51G,GF09,2006,167.71,A
SVN,AE,P51G,GF10,2006,43.3,A
SVN,AE,P51G,GF01,2007,300.36,A
SVN,AE,P51G,GF02,2007,148.53,A
SVN,AE,P51G,GF03,2007,61.85,A
SVN,AE,P51G,GF04,2007,469.33,A
SVN,AE,P51G,GF05,2007,90.28,A
SVN,AE,P51G,GF06,2007,81.73,A
SVN,AE,P51G,GF07,2007,124.71,A
SVN,AE,P51G,GF08,2007,92.67,A
SVN,AE,P51G,GF09,2007,185.44,A
SVN,AE,P51G,GF10,2007,46.39,A
SVN,AE,P51G,GF01,2008,246.62,A
SVN,AE,P51G,GF02,2008,124.42,A
SVN,AE,P51G,GF03,2008,41.03,A
SVN,AE,P51G,GF04,2008,599.45,A
SVN,AE,P51G,GF05,2008,105.99,A
SVN,AE,P51G,GF06,2008,150.58,A
SVN,AE,P51G,GF07,2008,120.67,A
SVN,AE,P51G,GF08,2008,143.34,A
SVN,AE,P51G,GF09,2008,202.74,A
SVN,AE,P51G,GF10,2008,62.16,A
SVN,AE,P51G,GF01,2009,240.32,A
SVN,AE,P51G,GF02,2009,149.16,A
SVN,AE,P51G,GF03,2009,34.96,A
SVN,AE,P51G,GF04,2009,528.28,A
SVN,AE,P51G,GF05,2009,155.33,A
SVN,AE,P51G,GF06,2009,145.82,A
SVN,AE,P51G,GF07,2009,156.91,A
SVN,AE,P51G,GF08,2009,163.08,A
SVN,AE,P51G,GF09,2009,206.62,A
SVN,AE,P51G,GF10,2009,56.36,A
SVN,AE,P51G,GF01,2010,226.45,A
SVN,AE,P51G,GF02,2010,106.68,A
SVN,AE,P51G,GF03,2010,39.09,A
SVN,AE,P51G,GF04,2010,525.08,A
SVN,AE,P51G,GF05,2010,104.42,A
SVN,AE,P51G,GF06,2010,106.1,A
SVN,AE,P51G,GF07,2010,139.95,A
SVN,AE,P51G,GF08,2010,343.4,A
SVN,AE,P51G,GF09,2010,167.91,A
SVN,AE,P51G,GF10,2010,42.77,A
SVN,AE,P51G,GF01,2011,228.65,A
SVN,AE,P51G,GF02,2011,53.02,A
SVN,AE,P51G,GF03,2011,32.36,A
SVN,AE,P51G,GF04,2011,444.49,A
SVN,AE,P51G,GF05,2011,123.36,A
SVN,AE,P51G,GF06,2011,106.04,A
SVN,AE,P51G,GF07,2011,142.61,A
SVN,AE,P51G,GF08,2011,151.5,A
SVN,AE,P51G,GF09,2011,155.68,A
SVN,AE,P51G,GF10,2011,66.84,A
SVN,AE,P51G,GF01,2012,188.85,A
SVN,AE,P51G,GF02,2012,33.81,A
SVN,AE,P51G,GF03,2012,25.58,A
SVN,AE,P51G,GF04,2012,444.34,A
SVN,AE,P51G,GF05,2012,133.61,A
SVN,AE,P51G,GF06,2012,139.44,A
SVN,AE,P51G,GF07,2012,153.47,A
SVN,AE,P51G,GF08,2012,125.52,A
SVN,AE,P51G,GF09,2012,175.92,A
SVN,AE,P51G,GF10,2012,44.45,A
SVN,AE,P51G,GF01,2013,166.16,A
SVN,AE,P51G,GF02,2013,15.42,A
SVN,AE,P51G,GF03,2013,28.1,A
SVN,AE,P51G,GF04,2013,536.17,A
SVN,AE,P51G,GF05,2013,153.31,A
SVN,AE,P51G,GF06,2013,146.7,A
SVN,AE,P51G,GF07,2013,120.16,A
SVN,AE,P51G,GF08,2013,117.42,A
SVN,AE,P51G,GF09,2013,232.47,A
SVN,AE,P51G,GF10,2013,60.18,A
SVN,AE,P51G,GF01,2014,175.62,A
SVN,AE,P51G,GF02,2014,13.91,A
SVN,AE,P51G,GF03,2014,20.99,A
SVN,AE,P51G,GF04,2014,658.82,A
SVN,AE,P51G,GF05,2014,250.15,A
SVN,AE,P51G,GF06,2014,227.04,A
SVN,AE,P51G,GF07,2014,124.98,A
SVN,AE,P51G,GF08,2014,121.84,A
SVN,AE,P51G,GF09,2014,248.66,A
SVN,AE,P51G,GF10,2014,66.0,A
SVN,AE,P51G,GF01,2015,152.23,A
SVN,AE,P51G,GF02,2015,5.71,A
SVN,AE,P51G,GF03,2015,29.51,A
SVN,AE,P51G,GF04,2015,741.72,A
SVN,AE,P51G,GF05,2015,293.09,A
SVN,AE,P51G,GF06,2015,140.18,A
SVN,AE,P51G,GF07,2015,168.94,A
SVN,AE,P51G,GF08,2015,139.46,A
SVN,AE,P51G,GF09,2015,143.61,A
SVN,AE,P51G,GF10,2015,34.7,A
SVN,AE,P51G,GF01,2016,126.77,A
SVN,AE,P51G,GF02,2016,13.66,A
SVN,AE,P51G,GF03,2016,53.93,A
SVN,AE,P51G,GF04,2016,570.78,A
SVN,AE,P51G,GF05,2016,117.2,A
SVN,AE,P51G,GF06,2016,93.75,A
SVN,AE,P51G,GF07,2016,135.28,A
SVN,AE,P51G,GF08,2016,66.09,A
SVN,AE,P51G,GF09,2016,133.81,A
SVN,AE,P51G,GF10,2016,27.55,A
SVN,AE,P51G,GF01,2017,198.51,A
SVN,AE,P51G,GF02,2017,32.62,A
SVN,AE,P51G,GF03,2017,49.53,A
SVN,AE,P51G,GF04,2017,452.08,A
SVN,AE,P51G,GF05,2017,74.46,A
SVN,AE,P51G,GF06,2017,125.61,A
SVN,AE,P51G,GF07,2017,130.08,A
SVN,AE,P51G,GF08,2017,79.72,A
SVN,AE,P51G,GF09,2017,131.42,A
SVN,AE,P51G,GF10,2017,38.46,A
SVN,AE,P51G,GF01,2018,217.52,A
SVN,AE,P51G,GF02,2018,35.63,A
SVN,AE,P51G,GF03,2018,49.27,A
SVN,AE,P51G,GF04,2018,678.68,A
SVN,AE,P51G,GF05,2018,97.0,A
SVN,AE,P51G,GF06,2018,130.24,A
SVN,AE,P51G,GF07,2018,130.52,A
SVN,AE,P51G,GF08,2018,107.35,A
SVN,AE,P51G,GF09,2018,176.88,A
SVN,AE,P51G,GF10,2018,55.95,A
SVN,AE,P51G,GF01,2019,259.85,A
SVN,AE,P51G,GF02,2019,41.35,A
SVN,AE,P51G,GF03,2019,61.02,A
SVN,AE,P51G,GF04,2019,756.57,A
SVN,AE,P51G,GF05,2019,115.5,A
SVN,AE,P51G,GF06,2019,113.73,A
SVN,AE,P51G,GF07,2019,171.09,A
SVN,AE,P51G,GF08,2019,102.28,A
SVN,AE,P51G,GF09,2019,182.25,A
SVN,AE,P51G,GF10,2019,56.73,A
SVN,AE,P51G,GF01,2020,269.84,A
SVN,AE,P51G,GF02,2020,47.78,A
SVN,AE,P51G,GF03,2020,44.63,A
SVN,AE,P51G,GF04,2020,742.25,A
SVN,AE,P51G,GF05,2020,118.22,A
SVN,AE,P51G,GF06,2020,173.82,A
SVN,AE,P51G,GF07,2020,192.74,A
SVN,AE,P51G,GF08,2020,123.31,A
SVN,AE,P51G,GF09,2020,182.76,A
SVN,AE,P51G,GF10,2020,38.06,A
SVN,AE,P51G,GF01,2021,315.92,A
SVN,AE,P51G,GF02,2021,85.04,A
SVN,AE,P51G,GF03,2021,72.82,A
SVN,AE,P51G,GF04,2021,979.82,A
SVN,AE,P51G,GF05,2021,161.2,A
SVN,AE,P51G,GF06,2021,189.19,A
SVN,AE,P51G,GF07,2021,204.53,A
SVN,AE,P51G,GF08,2021,167.75,A
SVN,AE,P51G,GF09,2021,208.48,A
SVN,AE,P51G,GF10,2021,56.79,A
SVN,AE,P51G,GF01,2022,345.1,A
SVN,AE,P51G,GF02,2022,84.71,A
SVN,AE,P51G,GF03,2022,86.52,A
SVN,AE,P51G,GF04,2022,1439.12,A
SVN,AE,P51G,GF05,2022,222.64,A
SVN,AE,P51G,GF06,2022,176.07,A
SVN,AE,P51G,GF07,2022,229.76,A
SVN,AE,P51G,GF08,2022,187.14,A
SVN,AE,P51G,GF09,2022,293.28,A
SVN,AE,P51G,GF10,2022,74.22,A
SVN,AE,P51G,GF01,2023,374.27,A
SVN,AE,P51G,GF02,2023,274.9,A
SVN,AE,P51G,GF03,2023,109.78,A
SVN,AE,P51G,GF04,2023,1392.85,A
SVN,AE,P51G,GF05,2023,295.69,A
SVN,AE,P51G,GF06,2023,214.37,A
SVN,AE,P51G,GF07,2023,308.7,A
SVN,AE,P51G,GF08,2023,207.18,A
SVN,AE,P51G,GF09,2023,271.64,A
SVN,AE,P51G,GF10,2023,59.12,A
SVN,AE,P51G,GF01,2024,386.51,A
SVN,AE,P51G,GF02,2024,298.93,A
SVN,AE,P51G,GF03,2024,84.81,A
SVN,AE,P51G,GF04,2024,1488.61,A
SVN,AE,P51G,GF05,2024,170.31,A
SVN,AE,P51G,GF06,2024,164.85,A
SVN,AE,P51G,GF07,2024,328.33,A
SVN,AE,P51G,GF08,2024,231.28,A
SVN,AE,P51G,GF09,2024,271.7,A
SVN,AE,P51G,GF10,2024,36.22,A
SWE,AE,P51G,GF01,2000,23962.0,A
SWE,AE,P51G,GF02,2000,16943.0,A
SWE,AE,P51G,GF03,2000,2560.0,A
SWE,AE,P51G,GF04,2000,18653.0,A
SWE,AE,P51G,GF05,2000,1855.0,A
SWE,AE,P51G,GF06,2000,3941.0,A
SWE,AE,P51G,GF07,2000,8913.0,A
SWE,AE,P51G,GF08,2000,2446.0,A
SWE,AE,P51G,GF09,2000,11831.0,A
SWE,AE,P51G,GF10,2000,3359.0,A
SWE,AE,P51G,GF01,2001,27123.0,A
SWE,AE,P51G,GF02,2001,19319.0,A
SWE,AE,P51G,GF03,2001,2986.0,A
SWE,AE,P51G,GF04,2001,21829.0,A
SWE,AE,P51G,GF05,2001,1793.0,A
SWE,AE,P51G,GF06,2001,4222.0,A
SWE,AE,P51G,GF07,2001,9212.0,A
SWE,AE,P51G,GF08,2001,2402.0,A
SWE,AE,P51G,GF09,2001,11289.0,A
SWE,AE,P51G,GF10,2001,3496.0,A
SWE,AE,P51G,GF01,2002,30388.0,A
SWE,AE,P51G,GF02,2002,18127.0,A
SWE,AE,P51G,GF03,2002,3103.0,A
SWE,AE,P51G,GF04,2002,26388.0,A
SWE,AE,P51G,GF05,2002,1745.0,A
SWE,AE,P51G,GF06,2002,4189.0,A
SWE,AE,P51G,GF07,2002,10531.0,A
SWE,AE,P51G,GF08,2002,2617.0,A
SWE,AE,P51G,GF09,2002,11387.0,A
SWE,AE,P51G,GF10,2002,4415.0,A
SWE,AE,P51G,GF01,2003,30205.0,A
SWE,AE,P51G,GF02,2003,17141.0,A
SWE,AE,P51G,GF03,2003,2709.0,A
SWE,AE,P51G,GF04,2003,29228.0,A
SWE,AE,P51G,GF05,2003,1754.0,A
SWE,AE,P51G,GF06,2003,4165.0,A
SWE,AE,P51G,GF07,2003,10893.0,A
SWE,AE,P51G,GF08,2003,2586.0,A
SWE,AE,P51G,GF09,2003,10761.0,A
SWE,AE,P51G,GF10,2003,3680.0,A
SWE,AE,P51G,GF01,2004,30982.0,A
SWE,AE,P51G,GF02,2004,16007.0,A
SWE,AE,P51G,GF03,2004,2758.0,A
SWE,AE,P51G,GF04,2004,33490.0,A
SWE,AE,P51G,GF05,2004,1918.0,A
SWE,AE,P51G,GF06,2004,4577.0,A
SWE,AE,P51G,GF07,2004,10253.0,A
SWE,AE,P51G,GF08,2004,2604.0,A
SWE,AE,P51G,GF09,2004,9945.0,A
SWE,AE,P51G,GF10,2004,3995.0,A
SWE,AE,P51G,GF01,2005,31892.0,A
SWE,AE,P51G,GF02,2005,6629.0,A
SWE,AE,P51G,GF03,2005,3281.0,A
SWE,AE,P51G,GF04,2005,34610.0,A
SWE,AE,P51G,GF05,2005,2295.0,A
SWE,AE,P51G,GF06,2005,5574.0,A
SWE,AE,P51G,GF07,2005,10848.0,A
SWE,AE,P51G,GF08,2005,3064.0,A
SWE,AE,P51G,GF09,2005,10524.0,A
SWE,AE,P51G,GF10,2005,3150.0,A
SWE,AE,P51G,GF01,2006,34787.0,A
SWE,AE,P51G,GF02,2006,12983.0,A
SWE,AE,P51G,GF03,2006,3868.0,A
SWE,AE,P51G,GF04,2006,36117.0,A
SWE,AE,P51G,GF05,2006,2195.0,A
SWE,AE,P51G,GF06,2006,5147.0,A
SWE,AE,P51G,GF07,2006,11081.0,A
SWE,AE,P51G,GF08,2006,5446.0,A
SWE,AE,P51G,GF09,2006,11819.0,A
SWE,AE,P51G,GF10,2006,3311.0,A
SWE,AE,P51G,GF01,2007,39160.0,A
SWE,AE,P51G,GF02,2007,13589.0,A
SWE,AE,P51G,GF03,2007,3808.0,A
SWE,AE,P51G,GF04,2007,37303.0,A
SWE,AE,P51G,GF05,2007,2430.0,A
SWE,AE,P51G,GF06,2007,5577.0,A
SWE,AE,P51G,GF07,2007,12806.0,A
SWE,AE,P51G,GF08,2007,4507.0,A
SWE,AE,P51G,GF09,2007,11726.0,A
SWE,AE,P51G,GF10,2007,3484.0,A
SWE,AE,P51G,GF01,2008,41241.0,A
SWE,AE,P51G,GF02,2008,14977.0,A
SWE,AE,P51G,GF03,2008,3778.0,A
SWE,AE,P51G,GF04,2008,41833.0,A
SWE,AE,P51G,GF05,2008,2751.0,A
SWE,AE,P51G,GF06,2008,6633.0,A
SWE,AE,P51G,GF07,2008,15125.0,A
SWE,AE,P51G,GF08,2008,4543.0,A
SWE,AE,P51G,GF09,2008,11871.0,A
SWE,AE,P51G,GF10,2008,4309.0,A
SWE,AE,P51G,GF01,2009,42270.0,A
SWE,AE,P51G,GF02,2009,13505.0,A
SWE,AE,P51G,GF03,2009,3835.0,A
SWE,AE,P51G,GF04,2009,44228.0,A
SWE,AE,P51G,GF05,2009,2609.0,A
SWE,AE,P51G,GF06,2009,8077.0,A
SWE,AE,P51G,GF07,2009,15399.0,A
SWE,AE,P51G,GF08,2009,4522.0,A
SWE,AE,P51G,GF09,2009,11919.0,A
SWE,AE,P51G,GF10,2009,3395.0,A
SWE,AE,P51G,GF01,2010,46768.0,A
SWE,AE,P51G,GF02,2010,15516.0,A
SWE,AE,P51G,GF03,2010,4901.0,A
SWE,AE,P51G,GF04,2010,45861.0,A
SWE,AE,P51G,GF05,2010,2597.0,A
SWE,AE,P51G,GF06,2010,6763.0,A
SWE,AE,P51G,GF07,2010,17816.0,A
SWE,AE,P51G,GF08,2010,5602.0,A
SWE,AE,P51G,GF09,2010,12092.0,A
SWE,AE,P51G,GF10,2010,3760.0,A
SWE,AE,P51G,GF01,2011,49984.0,A
SWE,AE,P51G,GF02,2011,14277.0,A
SWE,AE,P51G,GF03,2011,4382.0,A
SWE,AE,P51G,GF04,2011,44240.0,A
SWE,AE,P51G,GF05,2011,3063.0,A
SWE,AE,P51G,GF06,2011,7280.0,A
SWE,AE,P51G,GF07,2011,19739.0,A
SWE,AE,P51G,GF08,2011,5068.0,A
SWE,AE,P51G,GF09,2011,13234.0,A
SWE,AE,P51G,GF10,2011,3975.0,A
SWE,AE,P51G,GF01,2012,53589.0,A
SWE,AE,P51G,GF02,2012,14164.0,A
SWE,AE,P51G,GF03,2012,4458.0,A
SWE,AE,P51G,GF04,2012,46543.0,A
SWE,AE,P51G,GF05,2012,3623.0,A
SWE,AE,P51G,GF06,2012,8239.0,A
SWE,AE,P51G,GF07,2012,18861.0,A
SWE,AE,P51G,GF08,2012,5442.0,A
SWE,AE,P51G,GF09,2012,12605.0,A
SWE,AE,P51G,GF10,2012,3935.0,A
SWE,AE,P51G,GF01,2013,54903.0,A
SWE,AE,P51G,GF02,2013,16572.0,A
SWE,AE,P51G,GF03,2013,4301.0,A
SWE,AE,P51G,GF04,2013,43936.0,A
SWE,AE,P51G,GF05,2013,3916.0,A
SWE,AE,P51G,GF06,2013,8739.0,A
SWE,AE,P51G,GF07,2013,19319.0,A
SWE,AE,P51G,GF08,2013,5944.0,A
SWE,AE,P51G,GF09,2013,13289.0,A
SWE,AE,P51G,GF10,2013,5044.0,A
SWE,AE,P51G,GF01,2014,53749.0,A
SWE,AE,P51G,GF02,2014,12252.0,A
SWE,AE,P51G,GF03,2014,4515.0,A
SWE,AE,P51G,GF04,2014,48033.0,A
SWE,AE,P51G,GF05,2014,3785.0,A
SWE,AE,P51G,GF06,2014,8952.0,A
SWE,AE,P51G,GF07,2014,18990.0,A
SWE,AE,P51G,GF08,2014,9053.0,A
SWE,AE,P51G,GF09,2014,19814.0,A
SWE,AE,P51G,GF10,2014,6951.0,A
SWE,AE,P51G,GF01,2015,52175.0,A
SWE,AE,P51G,GF02,2015,8825.0,A
SWE,AE,P51G,GF03,2015,5035.0,A
SWE,AE,P51G,GF04,2015,50571.0,A
SWE,AE,P51G,GF05,2015,4088.0,A
SWE,AE,P51G,GF06,2015,9648.0,A
SWE,AE,P51G,GF07,2015,20637.0,A
SWE,AE,P51G,GF08,2015,7722.0,A
SWE,AE,P51G,GF09,2015,23806.0,A
SWE,AE,P51G,GF10,2015,8169.0,A
SWE,AE,P51G,GF01,2016,58134.0,A
SWE,AE,P51G,GF02,2016,12749.0,A
SWE,AE,P51G,GF03,2016,5284.0,A
SWE,AE,P51G,GF04,2016,51430.0,A
SWE,AE,P51G,GF05,2016,4575.0,A
SWE,AE,P51G,GF06,2016,10617.0,A
SWE,AE,P51G,GF07,2016,20855.0,A
SWE,AE,P51G,GF08,2016,8536.0,A
SWE,AE,P51G,GF09,2016,22971.0,A
SWE,AE,P51G,GF10,2016,7286.0,A
SWE,AE,P51G,GF01,2017,61810.0,A
SWE,AE,P51G,GF02,2017,12991.0,A
SWE,AE,P51G,GF03,2017,5330.0,A
SWE,AE,P51G,GF04,2017,57817.0,A
SWE,AE,P51G,GF05,2017,5459.0,A
SWE,AE,P51G,GF06,2017,13172.0,A
SWE,AE,P51G,GF07,2017,21730.0,A
SWE,AE,P51G,GF08,2017,8868.0,A
SWE,AE,P51G,GF09,2017,26962.0,A
SWE,AE,P51G,GF10,2017,7945.0,A
SWE,AE,P51G,GF01,2018,62284.0,A
SWE,AE,P51G,GF02,2018,12539.0,A
SWE,AE,P51G,GF03,2018,5972.0,A
SWE,AE,P51G,GF04,2018,63022.0,A
SWE,AE,P51G,GF05,2018,6177.0,A
SWE,AE,P51G,GF06,2018,15160.0,A
SWE,AE,P51G,GF07,2018,24554.0,A
SWE,AE,P51G,GF08,2018,10472.0,A
SWE,AE,P51G,GF09,2018,33189.0,A
SWE,AE,P51G,GF10,2018,9717.0,A
SWE,AE,P51G,GF01,2019,61701.0,A
SWE,AE,P51G,GF02,2019,11147.0,A
SWE,AE,P51G,GF03,2019,7096.0,A
SWE,AE,P51G,GF04,2019,69624.0,A
SWE,AE,P51G,GF05,2019,6211.0,A
SWE,AE,P51G,GF06,2019,15660.0,A
SWE,AE,P51G,GF07,2019,25779.0,A
SWE,AE,P51G,GF08,2019,11937.0,A
SWE,AE,P51G,GF09,2019,36954.0,A
SWE,AE,P51G,GF10,2019,9009.0,A
SWE,AE,P51G,GF01,2020,63612.0,A
SWE,AE,P51G,GF02,2020,17198.0,A
SWE,AE,P51G,GF03,2020,7712.0,A
SWE,AE,P51G,GF04,2020,79791.0,A
SWE,AE,P51G,GF05,2020,6958.0,A
SWE,AE,P51G,GF06,2020,16255.0,A
SWE,AE,P51G,GF07,2020,20380.0,A
SWE,AE,P51G,GF08,2020,12353.0,A
SWE,AE,P51G,GF09,2020,36905.0,A
SWE,AE,P51G,GF10,2020,7891.0,A
SWE,AE,P51G,GF01,2021,65301.0,A
SWE,AE,P51G,GF02,2021,18193.0,A
SWE,AE,P51G,GF03,2021,7957.0,A
SWE,AE,P51G,GF04,2021,80516.0,A
SWE,AE,P51G,GF05,2021,5999.0,A
SWE,AE,P51G,GF06,2021,13495.0,A
SWE,AE,P51G,GF07,2021,23089.0,A
SWE,AE,P51G,GF08,2021,16975.0,A
SWE,AE,P51G,GF09,2021,34277.0,A
SWE,AE,P51G,GF10,2021,7881.0,A
SWE,AE,P51G,GF01,2022,63058.0,A
SWE,AE,P51G,GF02,2022,24614.0,A
SWE,AE,P51G,GF03,2022,9487.0,A
SWE,AE,P51G,GF04,2022,88869.0,A
SWE,AE,P51G,GF05,2022,7707.0,A
SWE,AE,P51G,GF06,2022,14675.0,A
SWE,AE,P51G,GF07,2022,28032.0,A
SWE,AE,P51G,GF08,2022,13931.0,A
SWE,AE,P51G,GF09,2022,37746.0,A
SWE,AE,P51G,GF10,2022,9429.0,A
SWE,AE,P51G,GF01,2023,66558.0,A
SWE,AE,P51G,GF02,2023,27404.0,A
SWE,AE,P51G,GF03,2023,11599.0,A
SWE,AE,P51G,GF04,2023,97857.0,A
SWE,AE,P51G,GF05,2023,9223.0,A
SWE,AE,P51G,GF06,2023,18242.0,A
SWE,AE,P51G,GF07,2023,31995.0,A
SWE,AE,P51G,GF08,2023,16502.0,A
SWE,AE,P51G,GF09,2023,42993.0,A
SWE,AE,P51G,GF10,2023,10657.0,A
SWE,AE,P51G,GF01,2024,67746.0,A
SWE,AE,P51G,GF02,2024,32197.0,A
SWE,AE,P51G,GF03,2024,12553.0,A
SWE,AE,P51G,GF04,2024,100010.0,A
SWE,AE,P51G,GF05,2024,9245.0,A
SWE,AE,P51G,GF06,2024,21358.0,A
SWE,AE,P51G,GF07,2024,36322.0,A
SWE,AE,P51G,GF08,2024,16785.0,A
SWE,AE,P51G,GF09,2024,44407.0,A
SWE,AE,P51G,GF10,2024,12293.0,A
USA,AE,P51G,GF01,2000,27197.285,A
USA,AE,P51G,GF02,2000,83415.2,A
USA,AE,P51G,GF03,2000,14459.867,A
USA,AE,P51G,GF04,2000,109369.377,A
USA,AE,P51G,GF05,2000,0.0,A
USA,AE,P51G,GF06,2000,15858.922,A
USA,AE,P51G,GF07,2000,35693.447,A
USA,AE,P51G,GF08,2000,7816.67,A
USA,AE,P51G,GF09,2000,71646.852,A
USA,AE,P51G,GF10,2000,2322.256,A
USA,AE,P51G,GF01,2001,27458.073,A
USA,AE,P51G,GF02,2001,87666.7,A
USA,AE,P51G,GF03,2001,14310.95,A
USA,AE,P51G,GF04,2001,116295.012,A
USA,AE,P51G,GF05,2001,0.0,A
USA,AE,P51G,GF06,2001,17076.02,A
USA,AE,P51G,GF07,2001,38652.404,A
USA,AE,P51G,GF08,2001,8450.611,A
USA,AE,P51G,GF09,2001,76959.927,A
USA,AE,P51G,GF10,2001,2417.284,A
USA,AE,P51G,GF01,2002,30844.045,A
USA,AE,P51G,GF02,2002,100414.276,A
USA,AE,P51G,GF03,2002,14811.398,A
USA,AE,P51G,GF04,2002,119341.315,A
USA,AE,P51G,GF05,2002,0.0,A
USA,AE,P51G,GF06,2002,19143.116,A
USA,AE,P51G,GF07,2002,43837.646,A
USA,AE,P51G,GF08,2002,8280.556,A
USA,AE,P51G,GF09,2002,79879.419,A
USA,AE,P51G,GF10,2002,2639.897,A
USA,AE,P51G,GF01,2003,30531.008,A
USA,AE,P51G,GF02,2003,110041.864,A
USA,AE,P51G,GF03,2003,14008.962,A
USA,AE,P51G,GF04,2003,120569.072,A
USA,AE,P51G,GF05,2003,0.0,A
USA,AE,P51G,GF06,2003,20747.698,A
USA,AE,P51G,GF07,2003,47912.878,A
USA,AE,P51G,GF08,2003,7951.574,A
USA,AE,P51G,GF09,2003,82813.62,A
USA,AE,P51G,GF10,2003,2740.518,A
USA,AE,P51G,GF01,2004,30873.369,A
USA,AE,P51G,GF02,2004,120955.466,A
USA,AE,P51G,GF03,2004,14220.219,A
USA,AE,P51G,GF04,2004,122660.714,A
USA,AE,P51G,GF05,2004,0.0,A
USA,AE,P51G,GF06,2004,22191.077,A
USA,AE,P51G,GF07,2004,51456.086,A
USA,AE,P51G,GF08,2004,7902.747,A
USA,AE,P51G,GF09,2004,86372.344,A
USA,AE,P51G,GF10,2004,2984.788,A
USA,AE,P51G,GF01,2005,30439.736,A
USA,AE,P51G,GF02,2005,131465.52,A
USA,AE,P51G,GF03,2005,14536.451,A
USA,AE,P51G,GF04,2005,128036.956,A
USA,AE,P51G,GF05,2005,0.0,A
USA,AE,P51G,GF06,2005,23194.208,A
USA,AE,P51G,GF07,2005,53675.612,A
USA,AE,P51G,GF08,2005,8458.088,A
USA,AE,P51G,GF09,2005,91639.696,A
USA,AE,P51G,GF10,2005,3064.109,A
USA,AE,P51G,GF01,2006,31646.567,A
USA,AE,P51G,GF02,2006,139546.668,A
USA,AE,P51G,GF03,2006,16173.591,A
USA,AE,P51G,GF04,2006,137801.658,A
USA,AE,P51G,GF05,2006,0.0,A
USA,AE,P51G,GF06,2006,25100.892,A
USA,AE,P51G,GF07,2006,57819.226,A
USA,AE,P51G,GF08,2006,9041.994,A
USA,AE,P51G,GF09,2006,99382.175,A
USA,AE,P51G,GF10,2006,3475.711,A
USA,AE,P51G,GF01,2007,33302.834,A
USA,AE,P51G,GF02,2007,151145.221,A
USA,AE,P51G,GF03,2007,17806.271,A
USA,AE,P51G,GF04,2007,147013.61,A
USA,AE,P51G,GF05,2007,0.0,A
USA,AE,P51G,GF06,2007,27455.543,A
USA,AE,P51G,GF07,2007,61161.742,A
USA,AE,P51G,GF08,2007,10185.907,A
USA,AE,P51G,GF09,2007,107438.669,A
USA,AE,P51G,GF10,2007,3658.807,A
USA,AE,P51G,GF01,2008,34628.4,A
USA,AE,P51G,GF02,2008,167135.049,A
USA,AE,P51G,GF03,2008,18863.273,A
USA,AE,P51G,GF04,2008,151169.135,A
USA,AE,P51G,GF05,2008,0.0,A
USA,AE,P51G,GF06,2008,29562.777,A
USA,AE,P51G,GF07,2008,63840.364,A
USA,AE,P51G,GF08,2008,10786.902,A
USA,AE,P51G,GF09,2008,112523.9,A
USA,AE,P51G,GF10,2008,3768.175,A
USA,AE,P51G,GF01,2009,34714.345,A
USA,AE,P51G,GF02,2009,173255.775,A
USA,AE,P51G,GF03,2009,18702.092,A
USA,AE,P51G,GF04,2009,156404.936,A
USA,AE,P51G,GF05,2009,0.0,A
USA,AE,P51G,GF06,2009,30382.742,A
USA,AE,P51G,GF07,2009,67123.11,A
USA,AE,P51G,GF08,2009,10513.63,A
USA,AE,P51G,GF09,2009,109862.705,A
USA,AE,P51G,GF10,2009,3762.62,A
USA,AE,P51G,GF01,2010,33503.089,A
USA,AE,P51G,GF02,2010,176204.577,A
USA,AE,P51G,GF03,2010,18353.054,A
USA,AE,P51G,GF04,2010,158830.472,A
USA,AE,P51G,GF05,2010,0.0,A
USA,AE,P51G,GF06,2010,31038.564,A
USA,AE,P51G,GF07,2010,70924.749,A
USA,AE,P51G,GF08,2010,9778.476,A
USA,AE,P51G,GF09,2010,103211.628,A
USA,AE,P51G,GF10,2010,3961.406,A
USA,AE,P51G,GF01,2011,33688.661,A
USA,AE,P51G,GF02,2011,171993.981,A
USA,AE,P51G,GF03,2011,19249.641,A
USA,AE,P51G,GF04,2011,158255.319,A
USA,AE,P51G,GF05,2011,0.0,A
USA,AE,P51G,GF06,2011,30223.061,A
USA,AE,P51G,GF07,2011,73723.104,A
USA,AE,P51G,GF08,2011,9181.268,A
USA,AE,P51G,GF09,2011,100010.494,A
USA,AE,P51G,GF10,2011,4086.362,A
USA,AE,P51G,GF01,2012,32439.078,A
USA,AE,P51G,GF02,2012,163837.497,A
USA,AE,P51G,GF03,2012,19173.932,A
USA,AE,P51G,GF04,2012,159830.233,A
USA,AE,P51G,GF05,2012,0.0,A
USA,AE,P51G,GF06,2012,27226.673,A
USA,AE,P51G,GF07,2012,73698.438,A
USA,AE,P51G,GF08,2012,8519.985,A
USA,AE,P51G,GF09,2012,96401.126,A
USA,AE,P51G,GF10,2012,4180.661,A
USA,AE,P51G,GF01,2013,30711.688,A
USA,AE,P51G,GF02,2013,154039.837,A
USA,AE,P51G,GF03,2013,18390.564,A
USA,AE,P51G,GF04,2013,159064.497,A
USA,AE,P51G,GF05,2013,0.0,A
USA,AE,P51G,GF06,2013,25483.687,A
USA,AE,P51G,GF07,2013,71079.838,A
USA,AE,P51G,GF08,2013,8131.986,A
USA,AE,P51G,GF09,2013,95481.992,A
USA,AE,P51G,GF10,2013,3572.68,A
USA,AE,P51G,GF01,2014,31050.556,A
USA,AE,P51G,GF02,2014,146947.367,A
USA,AE,P51G,GF03,2014,18887.72,A
USA,AE,P51G,GF04,2014,164564.667,A
USA,AE,P51G,GF05,2014,0.0,A
USA,AE,P51G,GF06,2014,25599.729,A
USA,AE,P51G,GF07,2014,71489.481,A
USA,AE,P51G,GF08,2014,8571.107,A
USA,AE,P51G,GF09,2014,98768.926,A
USA,AE,P51G,GF10,2014,3756.98,A
USA,AE,P51G,GF01,2015,31691.439,A
USA,AE,P51G,GF02,2015,145943.871,A
USA,AE,P51G,GF03,2015,18709.68,A
USA,AE,P51G,GF04,2015,175875.52,A
USA,AE,P51G,GF05,2015,0.0,A
USA,AE,P51G,GF06,2015,26748.929,A
USA,AE,P51G,GF07,2015,73491.984,A
USA,AE,P51G,GF08,2015,9412.191,A
USA,AE,P51G,GF09,2015,106360.01,A
USA,AE,P51G,GF10,2015,3743.673,A
USA,AE,P51G,GF01,2016,33033.386,A
USA,AE,P51G,GF02,2016,142936.307,A
USA,AE,P51G,GF03,2016,20119.339,A
USA,AE,P51G,GF04,2016,181827.992,A
USA,AE,P51G,GF05,2016,0.0,A
USA,AE,P51G,GF06,2016,27647.777,A
USA,AE,P51G,GF07,2016,78208.852,A
USA,AE,P51G,GF08,2016,10532.222,A
USA,AE,P51G,GF09,2016,113935.947,A
USA,AE,P51G,GF10,2016,4225.537,A
USA,AE,P51G,GF01,2017,36152.79,A
USA,AE,P51G,GF02,2017,148935.069,A
USA,AE,P51G,GF03,2017,21685.908,A
USA,AE,P51G,GF04,2017,188061.163,A
USA,AE,P51G,GF05,2017,0.0,A
USA,AE,P51G,GF06,2017,29352.714,A
USA,AE,P51G,GF07,2017,82920.417,A
USA,AE,P51G,GF08,2017,11043.67,A
USA,AE,P51G,GF09,2017,120673.332,A
USA,AE,P51G,GF10,2017,4965.274,A
USA,AE,P51G,GF01,2018,38559.326,A
USA,AE,P51G,GF02,2018,161447.195,A
USA,AE,P51G,GF03,2018,23297.113,A
USA,AE,P51G,GF04,2018,200001.774,A
USA,AE,P51G,GF05,2018,0.0,A
USA,AE,P51G,GF06,2018,31585.815,A
USA,AE,P51G,GF07,2018,87795.694,A
USA,AE,P51G,GF08,2018,11711.685,A
USA,AE,P51G,GF09,2018,128349.828,A
USA,AE,P51G,GF10,2018,6080.658,A
USA,AE,P51G,GF01,2019,39730.956,A
USA,AE,P51G,GF02,2019,174250.527,A
USA,AE,P51G,GF03,2019,25110.427,A
USA,AE,P51G,GF04,2019,210990.963,A
USA,AE,P51G,GF05,2019,0.0,A
USA,AE,P51G,GF06,2019,31956.74,A
USA,AE,P51G,GF07,2019,92700.484,A
USA,AE,P51G,GF08,2019,12991.838,A
USA,AE,P51G,GF09,2019,137129.579,A
USA,AE,P51G,GF10,2019,5660.176,A
USA,AE,P51G,GF01,2020,43161.791,A
USA,AE,P51G,GF02,2020,187758.936,A
USA,AE,P51G,GF03,2020,29610.387,A
USA,AE,P51G,GF04,2020,218144.724,A
USA,AE,P51G,GF05,2020,0.0,A
USA,AE,P51G,GF06,2020,32209.806,A
USA,AE,P51G,GF07,2020,107528.269,A
USA,AE,P51G,GF08,2020,12870.486,A
USA,AE,P51G,GF09,2020,138763.354,A
USA,AE,P51G,GF10,2020,5465.087,A
USA,AE,P51G,GF01,2021,44253.925,A
USA,AE,P51G,GF02,2021,189834.13,A
USA,AE,P51G,GF03,2021,25769.237,A
USA,AE,P51G,GF04,2021,210679.057,A
USA,AE,P51G,GF05,2021,0.0,A
USA,AE,P51G,GF06,2021,33005.586,A
USA,AE,P51G,GF07,2021,127147.605,A
USA,AE,P51G,GF08,2021,12207.623,A
USA,AE,P51G,GF09,2021,138171.24,A
USA,AE,P51G,GF10,2021,6312.691,A
USA,AE,P51G,GF01,2022,50183.434,A
USA,AE,P51G,GF02,2022,200196.586,A
USA,AE,P51G,GF03,2022,27087.258,A
USA,AE,P51G,GF04,2022,220137.817,A
USA,AE,P51G,GF05,2022,0.0,A
USA,AE,P51G,GF06,2022,35692.193,A
USA,AE,P51G,GF07,2022,141504.949,A
USA,AE,P51G,GF08,2022,13169.058,A
USA,AE,P51G,GF09,2022,149876.944,A
USA,AE,P51G,GF10,2022,6981.04,A
USA,AE,P51G,GF01,2023,57266.9,A
USA,AE,P51G,GF02,2023,214776.559,A
USA,AE,P51G,GF03,2023,29057.271,A
USA,AE,P51G,GF04,2023,250955.831,A
USA,AE,P51G,GF05,2023,0.0,A
USA,AE,P51G,GF06,2023,40989.722,A
USA,AE,P51G,GF07,2023,133930.692,A
USA,AE,P51G,GF08,2023,15280.174,A
USA,AE,P51G,GF09,2023,168737.136,A
USA,AE,P51G,GF10,2023,7028.013,A
USA,AE,P51G,GF01,2024,62580.459,A
USA,AE,P51G,GF02,2024,227960.641,A
USA,AE,P51G,GF03,2024,30929.837,A
USA,AE,P51G,GF04,2024,270018.172,A
USA,AE,P51G,GF05,2024,0.0,A
USA,AE,P51G,GF06,2024,45356.873,A
USA,AE,P51G,GF07,2024,141603.379,A
USA,AE,P51G,GF08,2024,16465.795,A
USA,AE,P51G,GF09,2024,182955.236,A
USA,AE,P51G,GF10,2024,7851.644,A
AUT,AE,P5L,GF01,2000,1008.98,A
AUT,AE,P5L,GF02,2000,304.93,A
AUT,AE,P5L,GF03,2000,191.31,A
AUT,AE,P5L,GF04,2000,1509.3,A
AUT,AE,P5L,GF05,2000,73.47,A
AUT,AE,P5L,GF06,2000,58.87,A
AUT,AE,P5L,GF07,2000,1104.42,A
AUT,AE,P5L,GF08,2000,442.46,A
AUT,AE,P5L,GF09,2000,658.05,A
AUT,AE,P5L,GF10,2000,105.34,A
AUT,AE,P5L,GF01,2001,1235.51,A
AUT,AE,P5L,GF02,2001,260.07,A
AUT,AE,P5L,GF03,2001,190.16,A
AUT,AE,P5L,GF04,2001,1496.58,A
AUT,AE,P5L,GF05,2001,73.25,A
AUT,AE,P5L,GF06,2001,57.46,A
AUT,AE,P5L,GF07,2001,981.74,A
AUT,AE,P5L,GF08,2001,434.4,A
AUT,AE,P5L,GF09,2001,533.66,A
AUT,AE,P5L,GF10,2001,96.06,A
AUT,AE,P5L,GF01,2002,1454.49,A
AUT,AE,P5L,GF02,2002,258.92,A
AUT,AE,P5L,GF03,2002,210.56,A
AUT,AE,P5L,GF04,2002,1883.97,A
AUT,AE,P5L,GF05,2002,70.71,A
AUT,AE,P5L,GF06,2002,57.93,A
AUT,AE,P5L,GF07,2002,1110.39,A
AUT,AE,P5L,GF08,2002,431.79,A
AUT,AE,P5L,GF09,2002,566.57,A
AUT,AE,P5L,GF10,2002,88.82,A
AUT,AE,P5L,GF01,2003,1274.53,A
AUT,AE,P5L,GF02,2003,336.33,A
AUT,AE,P5L,GF03,2003,202.63,A
AUT,AE,P5L,GF04,2003,1964.77,A
AUT,AE,P5L,GF05,2003,75.1,A
AUT,AE,P5L,GF06,2003,60.63,A
AUT,AE,P5L,GF07,2003,1196.4,A
AUT,AE,P5L,GF08,2003,408.17,A
AUT,AE,P5L,GF09,2003,561.85,A
AUT,AE,P5L,GF10,2003,115.77,A
AUT,AE,P5L,GF01,2004,1266.9,A
AUT,AE,P5L,GF02,2004,404.75,A
AUT,AE,P5L,GF03,2004,220.97,A
AUT,AE,P5L,GF04,2004,1836.79,A
AUT,AE,P5L,GF05,2004,44.22,A
AUT,AE,P5L,GF06,2004,61.95,A
AUT,AE,P5L,GF07,2004,1290.64,A
AUT,AE,P5L,GF08,2004,404.47,A
AUT,AE,P5L,GF09,2004,481.02,A
AUT,AE,P5L,GF10,2004,99.37,A
AUT,AE,P5L,GF01,2005,1301.04,A
AUT,AE,P5L,GF02,2005,286.41,A
AUT,AE,P5L,GF03,2005,200.46,A
AUT,AE,P5L,GF04,2005,3543.64,A
AUT,AE,P5L,GF05,2005,76.29,A
AUT,AE,P5L,GF06,2005,61.09,A
AUT,AE,P5L,GF07,2005,1407.55,A
AUT,AE,P5L,GF08,2005,288.21,A
AUT,AE,P5L,GF09,2005,411.56,A
AUT,AE,P5L,GF10,2005,90.37,A
AUT,AE,P5L,GF01,2006,1361.85,A
AUT,AE,P5L,GF02,2006,64.23,A
AUT,AE,P5L,GF03,2006,170.24,A
AUT,AE,P5L,GF04,2006,3970.8,A
AUT,AE,P5L,GF05,2006,80.24,A
AUT,AE,P5L,GF06,2006,56.07,A
AUT,AE,P5L,GF07,2006,1268.64,A
AUT,AE,P5L,GF08,2006,194.19,A
AUT,AE,P5L,GF09,2006,420.35,A
AUT,AE,P5L,GF10,2006,98.6,A
AUT,AE,P5L,GF01,2007,1433.31,A
AUT,AE,P5L,GF02,2007,617.5,A
AUT,AE,P5L,GF03,2007,183.89,A
AUT,AE,P5L,GF04,2007,3899.59,A
AUT,AE,P5L,GF05,2007,85.13,A
AUT,AE,P5L,GF06,2007,64.49,A
AUT,AE,P5L,GF07,2007,1472.44,A
AUT,AE,P5L,GF08,2007,736.96,A
AUT,AE,P5L,GF09,2007,421.95,A
AUT,AE,P5L,GF10,2007,75.7,A
AUT,AE,P5L,GF01,2008,1609.19,A
AUT,AE,P5L,GF02,2008,1035.62,A
AUT,AE,P5L,GF03,2008,211.05,A
AUT,AE,P5L,GF04,2008,4368.07,A
AUT,AE,P5L,GF05,2008,84.32,A
AUT,AE,P5L,GF06,2008,60.71,A
AUT,AE,P5L,GF07,2008,1552.77,A
AUT,AE,P5L,GF08,2008,470.86,A
AUT,AE,P5L,GF09,2008,536.54,A
AUT,AE,P5L,GF10,2008,78.08,A
AUT,AE,P5L,GF01,2009,1785.31,A
AUT,AE,P5L,GF02,2009,372.51,A
AUT,AE,P5L,GF03,2009,212.18,A
AUT,AE,P5L,GF04,2009,4485.49,A
AUT,AE,P5L,GF05,2009,191.6,A
AUT,AE,P5L,GF06,2009,70.66,A
AUT,AE,P5L,GF07,2009,1600.8,A
AUT,AE,P5L,GF08,2009,444.38,A
AUT,AE,P5L,GF09,2009,611.31,A
AUT,AE,P5L,GF10,2009,98.79,A
AUT,AE,P5L,GF01,2010,1943.64,A
AUT,AE,P5L,GF02,2010,179.8,A
AUT,AE,P5L,GF03,2010,186.6,A
AUT,AE,P5L,GF04,2010,4420.52,A
AUT,AE,P5L,GF05,2010,161.91,A
AUT,AE,P5L,GF06,2010,56.94,A
AUT,AE,P5L,GF07,2010,1819.62,A
AUT,AE,P5L,GF08,2010,418.51,A
AUT,AE,P5L,GF09,2010,605.14,A
AUT,AE,P5L,GF10,2010,91.21,A
AUT,AE,P5L,GF01,2011,1769.47,A
AUT,AE,P5L,GF02,2011,166.49,A
AUT,AE,P5L,GF03,2011,178.04,A
AUT,AE,P5L,GF04,2011,4152.16,A
AUT,AE,P5L,GF05,2011,173.66,A
AUT,AE,P5L,GF06,2011,60.61,A
AUT,AE,P5L,GF07,2011,1757.9,A
AUT,AE,P5L,GF08,2011,415.28,A
AUT,AE,P5L,GF09,2011,596.74,A
AUT,AE,P5L,GF10,2011,129.52,A
AUT,AE,P5L,GF01,2012,1698.09,A
AUT,AE,P5L,GF02,2012,102.54,A
AUT,AE,P5L,GF03,2012,177.56,A
AUT,AE,P5L,GF04,2012,3916.57,A
AUT,AE,P5L,GF05,2012,186.11,A
AUT,AE,P5L,GF06,2012,73.88,A
AUT,AE,P5L,GF07,2012,1829.5,A
AUT,AE,P5L,GF08,2012,471.69,A
AUT,AE,P5L,GF09,2012,698.63,A
AUT,AE,P5L,GF10,2012,91.67,A
AUT,AE,P5L,GF01,2013,1560.73,A
AUT,AE,P5L,GF02,2013,220.21,A
AUT,AE,P5L,GF03,2013,200.74,A
AUT,AE,P5L,GF04,2013,4400.87,A
AUT,AE,P5L,GF05,2013,148.74,A
AUT,AE,P5L,GF06,2013,72.7,A
AUT,AE,P5L,GF07,2013,1897.85,A
AUT,AE,P5L,GF08,2013,478.79,A
AUT,AE,P5L,GF09,2013,806.86,A
AUT,AE,P5L,GF10,2013,84.2,A
AUT,AE,P5L,GF01,2014,1591.64,A
AUT,AE,P5L,GF02,2014,195.22,A
AUT,AE,P5L,GF03,2014,246.29,A
AUT,AE,P5L,GF04,2014,4404.01,A
AUT,AE,P5L,GF05,2014,82.03,A
AUT,AE,P5L,GF06,2014,87.86,A
AUT,AE,P5L,GF07,2014,1938.61,A
AUT,AE,P5L,GF08,2014,445.97,A
AUT,AE,P5L,GF09,2014,730.39,A
AUT,AE,P5L,GF10,2014,85.41,A
AUT,AE,P5L,GF01,2015,1785.45,A
AUT,AE,P5L,GF02,2015,152.13,A
AUT,AE,P5L,GF03,2015,292.21,A
AUT,AE,P5L,GF04,2015,4388.95,A
AUT,AE,P5L,GF05,2015,75.18,A
AUT,AE,P5L,GF06,2015,103.52,A
AUT,AE,P5L,GF07,2015,2010.05,A
AUT,AE,P5L,GF08,2015,438.24,A
AUT,AE,P5L,GF09,2015,813.46,A
AUT,AE,P5L,GF10,2015,123.39,A
AUT,AE,P5L,GF01,2016,1872.65,A
AUT,AE,P5L,GF02,2016,271.17,A
AUT,AE,P5L,GF03,2016,305.59,A
AUT,AE,P5L,GF04,2016,4580.32,A
AUT,AE,P5L,GF05,2016,88.01,A
AUT,AE,P5L,GF06,2016,92.34,A
AUT,AE,P5L,GF07,2016,1940.5,A
AUT,AE,P5L,GF08,2016,460.8,A
AUT,AE,P5L,GF09,2016,887.37,A
AUT,AE,P5L,GF10,2016,147.24,A
AUT,AE,P5L,GF01,2017,1858.57,A
AUT,AE,P5L,GF02,2017,222.82,A
AUT,AE,P5L,GF03,2017,366.85,A
AUT,AE,P5L,GF04,2017,4921.36,A
AUT,AE,P5L,GF05,2017,85.89,A
AUT,AE,P5L,GF06,2017,101.5,A
AUT,AE,P5L,GF07,2017,2171.34,A
AUT,AE,P5L,GF08,2017,492.98,A
AUT,AE,P5L,GF09,2017,1056.17,A
AUT,AE,P5L,GF10,2017,145.67,A
AUT,AE,P5L,GF01,2018,1966.31,A
AUT,AE,P5L,GF02,2018,219.25,A
AUT,AE,P5L,GF03,2018,386.8,A
AUT,AE,P5L,GF04,2018,5023.59,A
AUT,AE,P5L,GF05,2018,77.35,A
AUT,AE,P5L,GF06,2018,101.45,A
AUT,AE,P5L,GF07,2018,2208.4,A
AUT,AE,P5L,GF08,2018,532.0,A
AUT,AE,P5L,GF09,2018,1116.55,A
AUT,AE,P5L,GF10,2018,161.6,A
AUT,AE,P5L,GF01,2019,2356.94,A
AUT,AE,P5L,GF02,2019,334.93,A
AUT,AE,P5L,GF03,2019,353.68,A
AUT,AE,P5L,GF04,2019,5244.53,A
AUT,AE,P5L,GF05,2019,142.77,A
AUT,AE,P5L,GF06,2019,99.27,A
AUT,AE,P5L,GF07,2019,2101.24,A
AUT,AE,P5L,GF08,2019,590.86,A
AUT,AE,P5L,GF09,2019,1230.96,A
AUT,AE,P5L,GF10,2019,151.62,A
AUT,AE,P5L,GF01,2020,2456.94,A
AUT,AE,P5L,GF02,2020,257.44,A
AUT,AE,P5L,GF03,2020,363.4,A
AUT,AE,P5L,GF04,2020,5487.26,A
AUT,AE,P5L,GF05,2020,106.04,A
AUT,AE,P5L,GF06,2020,112.1,A
AUT,AE,P5L,GF07,2020,2260.01,A
AUT,AE,P5L,GF08,2020,583.9,A
AUT,AE,P5L,GF09,2020,1184.37,A
AUT,AE,P5L,GF10,2020,83.23,A
AUT,AE,P5L,GF01,2021,2780.96,A
AUT,AE,P5L,GF02,2021,295.22,A
AUT,AE,P5L,GF03,2021,356.94,A
AUT,AE,P5L,GF04,2021,6524.4,A
AUT,AE,P5L,GF05,2021,94.68,A
AUT,AE,P5L,GF06,2021,137.6,A
AUT,AE,P5L,GF07,2021,2243.37,A
AUT,AE,P5L,GF08,2021,727.57,A
AUT,AE,P5L,GF09,2021,1272.02,A
AUT,AE,P5L,GF10,2021,148.85,A
AUT,AE,P5L,GF01,2022,2811.02,A
AUT,AE,P5L,GF02,2022,445.82,A
AUT,AE,P5L,GF03,2022,401.15,A
AUT,AE,P5L,GF04,2022,10282.85,A
AUT,AE,P5L,GF05,2022,136.23,A
AUT,AE,P5L,GF06,2022,158.62,A
AUT,AE,P5L,GF07,2022,2649.94,A
AUT,AE,P5L,GF08,2022,757.4,A
AUT,AE,P5L,GF09,2022,1578.39,A
AUT,AE,P5L,GF10,2022,229.08,A
AUT,AE,P5L,GF01,2023,2965.53,A
AUT,AE,P5L,GF02,2023,526.8,A
AUT,AE,P5L,GF03,2023,428.62,A
AUT,AE,P5L,GF04,2023,8297.67,A
AUT,AE,P5L,GF05,2023,98.27,A
AUT,AE,P5L,GF06,2023,174.38,A
AUT,AE,P5L,GF07,2023,2769.79,A
AUT,AE,P5L,GF08,2023,892.11,A
AUT,AE,P5L,GF09,2023,1740.19,A
AUT,AE,P5L,GF10,2023,149.06,A
AUT,AE,P5L,GF01,2024,3318.12,A
AUT,AE,P5L,GF02,2024,671.26,A
AUT,AE,P5L,GF03,2024,529.47,A
AUT,AE,P5L,GF04,2024,8958.48,A
AUT,AE,P5L,GF05,2024,116.07,A
AUT,AE,P5L,GF06,2024,197.75,A
AUT,AE,P5L,GF07,2024,3040.91,A
AUT,AE,P5L,GF08,2024,940.86,A
AUT,AE,P5L,GF09,2024,2017.45,A
AUT,AE,P5L,GF10,2024,122.62,A
BEL,AE,P5L,GF01,2000,1485.4,A
BEL,AE,P5L,GF02,2000,406.8,A
BEL,AE,P5L,GF03,2000,261.3,A
BEL,AE,P5L,GF04,2000,1823.5,A
BEL,AE,P5L,GF05,2000,546.6,A
BEL,AE,P5L,GF06,2000,340.2,A
BEL,AE,P5L,GF07,2000,50.5,A
BEL,AE,P5L,GF08,2000,563.8,A
BEL,AE,P5L,GF09,2000,513.6,A
BEL,AE,P5L,GF10,2000,157.5,A
BEL,AE,P5L,GF01,2001,1213.7,A
BEL,AE,P5L,GF02,2001,389.0,A
BEL,AE,P5L,GF03,2001,237.5,A
BEL,AE,P5L,GF04,2001,1815.5,A
BEL,AE,P5L,GF05,2001,508.4,A
BEL,AE,P5L,GF06,2001,217.2,A
BEL,AE,P5L,GF07,2001,28.4,A
BEL,AE,P5L,GF08,2001,429.9,A
BEL,AE,P5L,GF09,2001,536.6,A
BEL,AE,P5L,GF10,2001,359.1,A
BEL,AE,P5L,GF01,2002,1445.4,A
BEL,AE,P5L,GF02,2002,381.0,A
BEL,AE,P5L,GF03,2002,241.6,A
BEL,AE,P5L,GF04,2002,1444.5,A
BEL,AE,P5L,GF05,2002,519.6,A
BEL,AE,P5L,GF06,2002,264.9,A
BEL,AE,P5L,GF07,2002,29.7,A
BEL,AE,P5L,GF08,2002,420.9,A
BEL,AE,P5L,GF09,2002,543.7,A
BEL,AE,P5L,GF10,2002,253.9,A
BEL,AE,P5L,GF01,2003,1526.9,A
BEL,AE,P5L,GF02,2003,257.8,A
BEL,AE,P5L,GF03,2003,225.2,A
BEL,AE,P5L,GF04,2003,1866.1,A
BEL,AE,P5L,GF05,2003,484.3,A
BEL,AE,P5L,GF06,2003,191.7,A
BEL,AE,P5L,GF07,2003,29.5,A
BEL,AE,P5L,GF08,2003,478.2,A
BEL,AE,P5L,GF09,2003,597.6,A
BEL,AE,P5L,GF10,2003,282.9,A
BEL,AE,P5L,GF01,2004,1428.3,A
BEL,AE,P5L,GF02,2004,293.5,A
BEL,AE,P5L,GF03,2004,159.8,A
BEL,AE,P5L,GF04,2004,2071.3,A
BEL,AE,P5L,GF05,2004,476.8,A
BEL,AE,P5L,GF06,2004,189.4,A
BEL,AE,P5L,GF07,2004,32.9,A
BEL,AE,P5L,GF08,2004,489.0,A
BEL,AE,P5L,GF09,2004,609.4,A
BEL,AE,P5L,GF10,2004,273.5,A
BEL,AE,P5L,GF01,2005,1845.3,A
BEL,AE,P5L,GF02,2005,282.3,A
BEL,AE,P5L,GF03,2005,167.5,A
BEL,AE,P5L,GF04,2005,2090.6,A
BEL,AE,P5L,GF05,2005,282.2,A
BEL,AE,P5L,GF06,2005,152.3,A
BEL,AE,P5L,GF07,2005,25.2,A
BEL,AE,P5L,GF08,2005,639.8,A
BEL,AE,P5L,GF09,2005,661.7,A
BEL,AE,P5L,GF10,2005,242.2,A
BEL,AE,P5L,GF01,2006,692.0,A
BEL,AE,P5L,GF02,2006,239.0,A
BEL,AE,P5L,GF03,2006,275.9,A
BEL,AE,P5L,GF04,2006,2098.9,A
BEL,AE,P5L,GF05,2006,467.8,A
BEL,AE,P5L,GF06,2006,276.4,A
BEL,AE,P5L,GF07,2006,23.7,A
BEL,AE,P5L,GF08,2006,680.9,A
BEL,AE,P5L,GF09,2006,657.4,A
BEL,AE,P5L,GF10,2006,407.5,A
BEL,AE,P5L,GF01,2007,1889.3,A
BEL,AE,P5L,GF02,2007,382.6,A
BEL,AE,P5L,GF03,2007,226.3,A
BEL,AE,P5L,GF04,2007,1941.2,A
BEL,AE,P5L,GF05,2007,438.9,A
BEL,AE,P5L,GF06,2007,268.5,A
BEL,AE,P5L,GF07,2007,26.8,A
BEL,AE,P5L,GF08,2007,566.6,A
BEL,AE,P5L,GF09,2007,679.4,A
BEL,AE,P5L,GF10,2007,455.7,A
BEL,AE,P5L,GF01,2008,2176.1,A
BEL,AE,P5L,GF02,2008,396.1,A
BEL,AE,P5L,GF03,2008,257.6,A
BEL,AE,P5L,GF04,2008,2178.5,A
BEL,AE,P5L,GF05,2008,548.7,A
BEL,AE,P5L,GF06,2008,276.1,A
BEL,AE,P5L,GF07,2008,32.1,A
BEL,AE,P5L,GF08,2008,564.7,A
BEL,AE,P5L,GF09,2008,677.3,A
BEL,AE,P5L,GF10,2008,436.3,A
BEL,AE,P5L,GF01,2009,2395.4,A
BEL,AE,P5L,GF02,2009,233.7,A
BEL,AE,P5L,GF03,2009,269.7,A
BEL,AE,P5L,GF04,2009,2424.1,A
BEL,AE,P5L,GF05,2009,686.7,A
BEL,AE,P5L,GF06,2009,303.7,A
BEL,AE,P5L,GF07,2009,27.6,A
BEL,AE,P5L,GF08,2009,577.9,A
BEL,AE,P5L,GF09,2009,765.0,A
BEL,AE,P5L,GF10,2009,660.1,A
BEL,AE,P5L,GF01,2010,2471.8,A
BEL,AE,P5L,GF02,2010,262.3,A
BEL,AE,P5L,GF03,2010,272.6,A
BEL,AE,P5L,GF04,2010,2637.3,A
BEL,AE,P5L,GF05,2010,344.3,A
BEL,AE,P5L,GF06,2010,336.1,A
BEL,AE,P5L,GF07,2010,22.7,A
BEL,AE,P5L,GF08,2010,591.0,A
BEL,AE,P5L,GF09,2010,1055.0,A
BEL,AE,P5L,GF10,2010,483.6,A
BEL,AE,P5L,GF01,2011,2774.3,A
BEL,AE,P5L,GF02,2011,254.4,A
BEL,AE,P5L,GF03,2011,279.2,A
BEL,AE,P5L,GF04,2011,3094.0,A
BEL,AE,P5L,GF05,2011,375.7,A
BEL,AE,P5L,GF06,2011,167.9,A
BEL,AE,P5L,GF07,2011,24.0,A
BEL,AE,P5L,GF08,2011,660.6,A
BEL,AE,P5L,GF09,2011,1293.2,A
BEL,AE,P5L,GF10,2011,699.8,A
BEL,AE,P5L,GF01,2012,2946.1,A
BEL,AE,P5L,GF02,2012,234.1,A
BEL,AE,P5L,GF03,2012,250.4,A
BEL,AE,P5L,GF04,2012,3250.4,A
BEL,AE,P5L,GF05,2012,429.5,A
BEL,AE,P5L,GF06,2012,367.8,A
BEL,AE,P5L,GF07,2012,28.4,A
BEL,AE,P5L,GF08,2012,869.4,A
BEL,AE,P5L,GF09,2012,1390.4,A
BEL,AE,P5L,GF10,2012,583.4,A
BEL,AE,P5L,GF01,2013,2952.3,A
BEL,AE,P5L,GF02,2013,311.9,A
BEL,AE,P5L,GF03,2013,257.4,A
BEL,AE,P5L,GF04,2013,2749.7,A
BEL,AE,P5L,GF05,2013,515.5,A
BEL,AE,P5L,GF06,2013,317.9,A
BEL,AE,P5L,GF07,2013,32.2,A
BEL,AE,P5L,GF08,2013,685.7,A
BEL,AE,P5L,GF09,2013,1309.1,A
BEL,AE,P5L,GF10,2013,588.2,A
BEL,AE,P5L,GF01,2014,3059.0,A
BEL,AE,P5L,GF02,2014,301.2,A
BEL,AE,P5L,GF03,2014,246.2,A
BEL,AE,P5L,GF04,2014,3416.7,A
BEL,AE,P5L,GF05,2014,409.3,A
BEL,AE,P5L,GF06,2014,327.6,A
BEL,AE,P5L,GF07,2014,46.5,A
BEL,AE,P5L,GF08,2014,699.1,A
BEL,AE,P5L,GF09,2014,1599.3,A
BEL,AE,P5L,GF10,2014,265.1,A
BEL,AE,P5L,GF01,2015,3175.6,A
BEL,AE,P5L,GF02,2015,245.9,A
BEL,AE,P5L,GF03,2015,216.4,A
BEL,AE,P5L,GF04,2015,3164.3,A
BEL,AE,P5L,GF05,2015,458.9,A
BEL,AE,P5L,GF06,2015,213.3,A
BEL,AE,P5L,GF07,2015,31.1,A
BEL,AE,P5L,GF08,2015,672.7,A
BEL,AE,P5L,GF09,2015,1977.6,A
BEL,AE,P5L,GF10,2015,313.8,A
BEL,AE,P5L,GF01,2016,3165.6,A
BEL,AE,P5L,GF02,2016,149.2,A
BEL,AE,P5L,GF03,2016,248.3,A
BEL,AE,P5L,GF04,2016,3331.1,A
BEL,AE,P5L,GF05,2016,414.2,A
BEL,AE,P5L,GF06,2016,293.5,A
BEL,AE,P5L,GF07,2016,37.3,A
BEL,AE,P5L,GF08,2016,709.6,A
BEL,AE,P5L,GF09,2016,1919.6,A
BEL,AE,P5L,GF10,2016,277.2,A
BEL,AE,P5L,GF01,2017,3396.9,A
BEL,AE,P5L,GF02,2017,199.9,A
BEL,AE,P5L,GF03,2017,322.0,A
BEL,AE,P5L,GF04,2017,3531.0,A
BEL,AE,P5L,GF05,2017,557.1,A
BEL,AE,P5L,GF06,2017,299.6,A
BEL,AE,P5L,GF07,2017,35.6,A
BEL,AE,P5L,GF08,2017,822.9,A
BEL,AE,P5L,GF09,2017,1533.2,A
BEL,AE,P5L,GF10,2017,346.8,A
BEL,AE,P5L,GF01,2018,3649.6,A
BEL,AE,P5L,GF02,2018,191.3,A
BEL,AE,P5L,GF03,2018,401.4,A
BEL,AE,P5L,GF04,2018,4088.0,A
BEL,AE,P5L,GF05,2018,619.0,A
BEL,AE,P5L,GF06,2018,420.1,A
BEL,AE,P5L,GF07,2018,48.2,A
BEL,AE,P5L,GF08,2018,1020.2,A
BEL,AE,P5L,GF09,2018,1618.2,A
BEL,AE,P5L,GF10,2018,412.7,A
BEL,AE,P5L,GF01,2019,3841.7,A
BEL,AE,P5L,GF02,2019,381.3,A
BEL,AE,P5L,GF03,2019,289.2,A
BEL,AE,P5L,GF04,2019,4253.1,A
BEL,AE,P5L,GF05,2019,718.8,A
BEL,AE,P5L,GF06,2019,365.2,A
BEL,AE,P5L,GF07,2019,56.7,A
BEL,AE,P5L,GF08,2019,941.7,A
BEL,AE,P5L,GF09,2019,1556.4,A
BEL,AE,P5L,GF10,2019,359.3,A
BEL,AE,P5L,GF01,2020,4171.1,A
BEL,AE,P5L,GF02,2020,626.5,A
BEL,AE,P5L,GF03,2020,308.4,A
BEL,AE,P5L,GF04,2020,4044.6,A
BEL,AE,P5L,GF05,2020,614.1,A
BEL,AE,P5L,GF06,2020,384.4,A
BEL,AE,P5L,GF07,2020,127.2,A
BEL,AE,P5L,GF08,2020,789.1,A
BEL,AE,P5L,GF09,2020,1489.3,A
BEL,AE,P5L,GF10,2020,383.6,A
BEL,AE,P5L,GF01,2021,4480.8,A
BEL,AE,P5L,GF02,2021,684.5,A
BEL,AE,P5L,GF03,2021,371.8,A
BEL,AE,P5L,GF04,2021,4703.8,A
BEL,AE,P5L,GF05,2021,713.9,A
BEL,AE,P5L,GF06,2021,434.0,A
BEL,AE,P5L,GF07,2021,62.9,A
BEL,AE,P5L,GF08,2021,830.9,A
BEL,AE,P5L,GF09,2021,1604.2,A
BEL,AE,P5L,GF10,2021,321.8,A
BEL,AE,P5L,GF01,2022,4609.7,A
BEL,AE,P5L,GF02,2022,750.9,A
BEL,AE,P5L,GF03,2022,338.9,A
BEL,AE,P5L,GF04,2022,5223.8,A
BEL,AE,P5L,GF05,2022,699.7,A
BEL,AE,P5L,GF06,2022,423.7,A
BEL,AE,P5L,GF07,2022,423.3,A
BEL,AE,P5L,GF08,2022,975.3,A
BEL,AE,P5L,GF09,2022,2176.8,A
BEL,AE,P5L,GF10,2022,348.8,A
BEL,AE,P5L,GF01,2023,5135.3,A
BEL,AE,P5L,GF02,2023,761.6,A
BEL,AE,P5L,GF03,2023,403.7,A
BEL,AE,P5L,GF04,2023,6097.4,A
BEL,AE,P5L,GF05,2023,754.6,A
BEL,AE,P5L,GF06,2023,588.5,A
BEL,AE,P5L,GF07,2023,211.1,A
BEL,AE,P5L,GF08,2023,1098.4,A
BEL,AE,P5L,GF09,2023,2259.7,A
BEL,AE,P5L,GF10,2023,397.8,A
BEL,AE,P5L,GF01,2024,5266.7,P
BEL,AE,P5L,GF02,2024,1855.8,P
BEL,AE,P5L,GF03,2024,461.5,P
BEL,AE,P5L,GF04,2024,6666.0,P
BEL,AE,P5L,GF05,2024,789.2,P
BEL,AE,P5L,GF06,2024,603.2,P
BEL,AE,P5L,GF07,2024,146.4,P
BEL,AE,P5L,GF08,2024,1181.6,P
BEL,AE,P5L,GF09,2024,2197.9,P
BEL,AE,P5L,GF10,2024,461.1,P
BGR,EMDE,P5L,GF01,2000,171.8,A
BGR,EMDE,P5L,GF02,2000,61.94,A
BGR,EMDE,P5L,GF03,2000,18.48,A
BGR,EMDE,P5L,GF04,2000,136.37,A
BGR,EMDE,P5L,GF05,2000,59.2,A
BGR,EMDE,P5L,GF06,2000,33.98,A
BGR,EMDE,P5L,GF07,2000,50.94,A
BGR,EMDE,P5L,GF08,2000,8.03,A
BGR,EMDE,P5L,GF09,2000,19.02,A
BGR,EMDE,P5L,GF10,2000,8.78,A
BGR,EMDE,P5L,GF01,2001,95.24,A
BGR,EMDE,P5L,GF02,2001,48.38,A
BGR,EMDE,P5L,GF03,2001,15.83,A
BGR,EMDE,P5L,GF04,2001,231.61,A
BGR,EMDE,P5L,GF05,2001,88.15,A
BGR,EMDE,P5L,GF06,2001,43.97,A
BGR,EMDE,P5L,GF07,2001,31.99,A
BGR,EMDE,P5L,GF08,2001,7.56,A
BGR,EMDE,P5L,GF09,2001,14.78,A
BGR,EMDE,P5L,GF10,2001,21.77,A
BGR,EMDE,P5L,GF01,2002,122.13,A
BGR,EMDE,P5L,GF02,2002,80.13,A
BGR,EMDE,P5L,GF03,2002,23.8,A
BGR,EMDE,P5L,GF04,2002,192.38,A
BGR,EMDE,P5L,GF05,2002,24.53,A
BGR,EMDE,P5L,GF06,2002,23.61,A
BGR,EMDE,P5L,GF07,2002,88.58,A
BGR,EMDE,P5L,GF08,2002,8.42,A
BGR,EMDE,P5L,GF09,2002,21.64,A
BGR,EMDE,P5L,GF10,2002,5.02,A
BGR,EMDE,P5L,GF01,2003,-197.78,A
BGR,EMDE,P5L,GF02,2003,121.04,A
BGR,EMDE,P5L,GF03,2003,43.01,A
BGR,EMDE,P5L,GF04,2003,259.85,A
BGR,EMDE,P5L,GF05,2003,72.48,A
BGR,EMDE,P5L,GF06,2003,63.37,A
BGR,EMDE,P5L,GF07,2003,156.48,A
BGR,EMDE,P5L,GF08,2003,19.75,A
BGR,EMDE,P5L,GF09,2003,43.42,A
BGR,EMDE,P5L,GF10,2003,18.88,A
BGR,EMDE,P5L,GF01,2004,19.23,A
BGR,EMDE,P5L,GF02,2004,2.6,A
BGR,EMDE,P5L,GF03,2004,21.39,A
BGR,EMDE,P5L,GF04,2004,316.94,A
BGR,EMDE,P5L,GF05,2004,56.3,A
BGR,EMDE,P5L,GF06,2004,55.2,A
BGR,EMDE,P5L,GF07,2004,127.57,A
BGR,EMDE,P5L,GF08,2004,20.69,A
BGR,EMDE,P5L,GF09,2004,41.89,A
BGR,EMDE,P5L,GF10,2004,21.31,A
BGR,EMDE,P5L,GF01,2005,109.26,A
BGR,EMDE,P5L,GF02,2005,97.37,A
BGR,EMDE,P5L,GF03,2005,26.21,A
BGR,EMDE,P5L,GF04,2005,280.98,A
BGR,EMDE,P5L,GF05,2005,2.23,A
BGR,EMDE,P5L,GF06,2005,75.27,A
BGR,EMDE,P5L,GF07,2005,67.58,A
BGR,EMDE,P5L,GF08,2005,25.68,A
BGR,EMDE,P5L,GF09,2005,89.24,A
BGR,EMDE,P5L,GF10,2005,26.26,A
BGR,EMDE,P5L,GF01,2006,149.83,A
BGR,EMDE,P5L,GF02,2006,28.53,A
BGR,EMDE,P5L,GF03,2006,39.5,A
BGR,EMDE,P5L,GF04,2006,397.78,A
BGR,EMDE,P5L,GF05,2006,161.48,A
BGR,EMDE,P5L,GF06,2006,96.46,A
BGR,EMDE,P5L,GF07,2006,41.17,A
BGR,EMDE,P5L,GF08,2006,26.66,A
BGR,EMDE,P5L,GF09,2006,79.74,A
BGR,EMDE,P5L,GF10,2006,21.37,A
BGR,EMDE,P5L,GF01,2007,87.39,A
BGR,EMDE,P5L,GF02,2007,4.92,A
BGR,EMDE,P5L,GF03,2007,132.92,A
BGR,EMDE,P5L,GF04,2007,510.79,A
BGR,EMDE,P5L,GF05,2007,119.44,A
BGR,EMDE,P5L,GF06,2007,325.84,A
BGR,EMDE,P5L,GF07,2007,99.39,A
BGR,EMDE,P5L,GF08,2007,56.14,A
BGR,EMDE,P5L,GF09,2007,184.16,A
BGR,EMDE,P5L,GF10,2007,34.33,A
BGR,EMDE,P5L,GF01,2008,184.96,A
BGR,EMDE,P5L,GF02,2008,1.71,A
BGR,EMDE,P5L,GF03,2008,131.52,A
BGR,EMDE,P5L,GF04,2008,654.69,A
BGR,EMDE,P5L,GF05,2008,66.03,A
BGR,EMDE,P5L,GF06,2008,422.27,A
BGR,EMDE,P5L,GF07,2008,151.83,A
BGR,EMDE,P5L,GF08,2008,62.78,A
BGR,EMDE,P5L,GF09,2008,235.01,A
BGR,EMDE,P5L,GF10,2008,49.71,A
BGR,EMDE,P5L,GF01,2009,273.61,A
BGR,EMDE,P5L,GF02,2009,0.98,A
BGR,EMDE,P5L,GF03,2009,130.3,A
BGR,EMDE,P5L,GF04,2009,495.17,A
BGR,EMDE,P5L,GF05,2009,193.79,A
BGR,EMDE,P5L,GF06,2009,345.89,A
BGR,EMDE,P5L,GF07,2009,30.32,A
BGR,EMDE,P5L,GF08,2009,49.71,A
BGR,EMDE,P5L,GF09,2009,232.12,A
BGR,EMDE,P5L,GF10,2009,43.76,A
BGR,EMDE,P5L,GF01,2010,156.29,A
BGR,EMDE,P5L,GF02,2010,210.51,A
BGR,EMDE,P5L,GF03,2010,69.79,A
BGR,EMDE,P5L,GF04,2010,790.43,A
BGR,EMDE,P5L,GF05,2010,41.13,A
BGR,EMDE,P5L,GF06,2010,228.58,A
BGR,EMDE,P5L,GF07,2010,77.78,A
BGR,EMDE,P5L,GF08,2010,48.46,A
BGR,EMDE,P5L,GF09,2010,114.84,A
BGR,EMDE,P5L,GF10,2010,14.24,A
BGR,EMDE,P5L,GF01,2011,104.23,A
BGR,EMDE,P5L,GF02,2011,48.67,A
BGR,EMDE,P5L,GF03,2011,57.14,A
BGR,EMDE,P5L,GF04,2011,650.37,A
BGR,EMDE,P5L,GF05,2011,35.92,A
BGR,EMDE,P5L,GF06,2011,303.34,A
BGR,EMDE,P5L,GF07,2011,50.09,A
BGR,EMDE,P5L,GF08,2011,48.71,A
BGR,EMDE,P5L,GF09,2011,87.16,A
BGR,EMDE,P5L,GF10,2011,20.05,A
BGR,EMDE,P5L,GF01,2012,51.83,A
BGR,EMDE,P5L,GF02,2012,11.35,A
BGR,EMDE,P5L,GF03,2012,44.84,A
BGR,EMDE,P5L,GF04,2012,718.19,A
BGR,EMDE,P5L,GF05,2012,53.24,A
BGR,EMDE,P5L,GF06,2012,251.96,A
BGR,EMDE,P5L,GF07,2012,83.69,A
BGR,EMDE,P5L,GF08,2012,64.7,A
BGR,EMDE,P5L,GF09,2012,115.79,A
BGR,EMDE,P5L,GF10,2012,22.6,A
BGR,EMDE,P5L,GF01,2013,48.8,A
BGR,EMDE,P5L,GF02,2013,66.83,A
BGR,EMDE,P5L,GF03,2013,75.35,A
BGR,EMDE,P5L,GF04,2013,627.48,A
BGR,EMDE,P5L,GF05,2013,139.26,A
BGR,EMDE,P5L,GF06,2013,383.84,A
BGR,EMDE,P5L,GF07,2013,96.69,A
BGR,EMDE,P5L,GF08,2013,83.5,A
BGR,EMDE,P5L,GF09,2013,129.01,A
BGR,EMDE,P5L,GF10,2013,50.58,A
BGR,EMDE,P5L,GF01,2014,85.71,A
BGR,EMDE,P5L,GF02,2014,104.21,A
BGR,EMDE,P5L,GF03,2014,114.23,A
BGR,EMDE,P5L,GF04,2014,624.27,A
BGR,EMDE,P5L,GF05,2014,32.61,A
BGR,EMDE,P5L,GF06,2014,533.72,A
BGR,EMDE,P5L,GF07,2014,250.33,A
BGR,EMDE,P5L,GF08,2014,157.09,A
BGR,EMDE,P5L,GF09,2014,286.3,A
BGR,EMDE,P5L,GF10,2014,33.63,A
BGR,EMDE,P5L,GF01,2015,118.12,A
BGR,EMDE,P5L,GF02,2015,119.08,A
BGR,EMDE,P5L,GF03,2015,120.89,A
BGR,EMDE,P5L,GF04,2015,900.85,A
BGR,EMDE,P5L,GF05,2015,76.71,A
BGR,EMDE,P5L,GF06,2015,798.62,A
BGR,EMDE,P5L,GF07,2015,300.74,A
BGR,EMDE,P5L,GF08,2015,178.06,A
BGR,EMDE,P5L,GF09,2015,308.05,A
BGR,EMDE,P5L,GF10,2015,39.63,A
BGR,EMDE,P5L,GF01,2016,204.17,A
BGR,EMDE,P5L,GF02,2016,104.28,A
BGR,EMDE,P5L,GF03,2016,37.99,A
BGR,EMDE,P5L,GF04,2016,352.02,A
BGR,EMDE,P5L,GF05,2016,31.78,A
BGR,EMDE,P5L,GF06,2016,209.93,A
BGR,EMDE,P5L,GF07,2016,143.77,A
BGR,EMDE,P5L,GF08,2016,65.56,A
BGR,EMDE,P5L,GF09,2016,113.94,A
BGR,EMDE,P5L,GF10,2016,10.93,A
BGR,EMDE,P5L,GF01,2017,47.51,A
BGR,EMDE,P5L,GF02,2017,88.33,A
BGR,EMDE,P5L,GF03,2017,103.03,A
BGR,EMDE,P5L,GF04,2017,291.31,A
BGR,EMDE,P5L,GF05,2017,19.44,A
BGR,EMDE,P5L,GF06,2017,255.71,A
BGR,EMDE,P5L,GF07,2017,98.82,A
BGR,EMDE,P5L,GF08,2017,54.73,A
BGR,EMDE,P5L,GF09,2017,119.8,A
BGR,EMDE,P5L,GF10,2017,74.4,A
BGR,EMDE,P5L,GF01,2018,46.75,A
BGR,EMDE,P5L,GF02,2018,120.5,A
BGR,EMDE,P5L,GF03,2018,48.57,A
BGR,EMDE,P5L,GF04,2018,855.37,A
BGR,EMDE,P5L,GF05,2018,55.38,A
BGR,EMDE,P5L,GF06,2018,364.66,A
BGR,EMDE,P5L,GF07,2018,46.53,A
BGR,EMDE,P5L,GF08,2018,50.63,A
BGR,EMDE,P5L,GF09,2018,94.35,A
BGR,EMDE,P5L,GF10,2018,14.25,A
BGR,EMDE,P5L,GF01,2019,121.55,A
BGR,EMDE,P5L,GF02,2019,115.27,A
BGR,EMDE,P5L,GF03,2019,114.94,A
BGR,EMDE,P5L,GF04,2019,817.49,A
BGR,EMDE,P5L,GF05,2019,44.7,A
BGR,EMDE,P5L,GF06,2019,473.27,A
BGR,EMDE,P5L,GF07,2019,88.62,A
BGR,EMDE,P5L,GF08,2019,79.86,A
BGR,EMDE,P5L,GF09,2019,184.17,A
BGR,EMDE,P5L,GF10,2019,22.54,A
BGR,EMDE,P5L,GF01,2020,170.38,A
BGR,EMDE,P5L,GF02,2020,245.02,A
BGR,EMDE,P5L,GF03,2020,68.87,A
BGR,EMDE,P5L,GF04,2020,910.05,A
BGR,EMDE,P5L,GF05,2020,48.13,A
BGR,EMDE,P5L,GF06,2020,198.38,A
BGR,EMDE,P5L,GF07,2020,156.68,A
BGR,EMDE,P5L,GF08,2020,57.74,A
BGR,EMDE,P5L,GF09,2020,172.23,A
BGR,EMDE,P5L,GF10,2020,22.23,A
BGR,EMDE,P5L,GF01,2021,156.12,A
BGR,EMDE,P5L,GF02,2021,340.0,A
BGR,EMDE,P5L,GF03,2021,115.73,A
BGR,EMDE,P5L,GF04,2021,232.79,A
BGR,EMDE,P5L,GF05,2021,107.7,A
BGR,EMDE,P5L,GF06,2021,351.14,A
BGR,EMDE,P5L,GF07,2021,174.91,A
BGR,EMDE,P5L,GF08,2021,82.21,A
BGR,EMDE,P5L,GF09,2021,382.78,A
BGR,EMDE,P5L,GF10,2021,34.67,A
BGR,EMDE,P5L,GF01,2022,117.69,A
BGR,EMDE,P5L,GF02,2022,496.22,A
BGR,EMDE,P5L,GF03,2022,137.42,A
BGR,EMDE,P5L,GF04,2022,914.19,A
BGR,EMDE,P5L,GF05,2022,119.71,A
BGR,EMDE,P5L,GF06,2022,394.14,A
BGR,EMDE,P5L,GF07,2022,61.38,A
BGR,EMDE,P5L,GF08,2022,89.14,A
BGR,EMDE,P5L,GF09,2022,372.06,A
BGR,EMDE,P5L,GF10,2022,34.81,A
BGR,EMDE,P5L,GF01,2023,200.88,A
BGR,EMDE,P5L,GF02,2023,482.07,A
BGR,EMDE,P5L,GF03,2023,155.43,A
BGR,EMDE,P5L,GF04,2023,1389.09,A
BGR,EMDE,P5L,GF05,2023,49.78,A
BGR,EMDE,P5L,GF06,2023,603.44,A
BGR,EMDE,P5L,GF07,2023,141.35,A
BGR,EMDE,P5L,GF08,2023,141.94,A
BGR,EMDE,P5L,GF09,2023,385.36,A
BGR,EMDE,P5L,GF10,2023,34.06,A
BGR,EMDE,P5L,GF01,2024,136.27,A
BGR,EMDE,P5L,GF02,2024,99.3,A
BGR,EMDE,P5L,GF03,2024,232.9,A
BGR,EMDE,P5L,GF04,2024,1403.54,A
BGR,EMDE,P5L,GF05,2024,76.73,A
BGR,EMDE,P5L,GF06,2024,653.98,A
BGR,EMDE,P5L,GF07,2024,265.39,A
BGR,EMDE,P5L,GF08,2024,91.85,A
BGR,EMDE,P5L,GF09,2024,360.14,A
BGR,EMDE,P5L,GF10,2024,26.87,A
CHE,AE,P5L,GF01,2000,3502.19,A
CHE,AE,P5L,GF02,2000,1588.41,A
CHE,AE,P5L,GF03,2000,455.23,A
CHE,AE,P5L,GF04,2000,4535.9,A
CHE,AE,P5L,GF05,2000,948.24,A
CHE,AE,P5L,GF06,2000,222.67,A
CHE,AE,P5L,GF07,2000,50.14,A
CHE,AE,P5L,GF08,2000,349.49,A
CHE,AE,P5L,GF09,2000,2045.84,A
CHE,AE,P5L,GF10,2000,64.97,A
CHE,AE,P5L,GF01,2001,3926.57,A
CHE,AE,P5L,GF02,2001,1500.81,A
CHE,AE,P5L,GF03,2001,507.42,A
CHE,AE,P5L,GF04,2001,4651.3,A
CHE,AE,P5L,GF05,2001,935.93,A
CHE,AE,P5L,GF06,2001,220.46,A
CHE,AE,P5L,GF07,2001,51.47,A
CHE,AE,P5L,GF08,2001,583.97,A
CHE,AE,P5L,GF09,2001,2246.45,A
CHE,AE,P5L,GF10,2001,55.33,A
CHE,AE,P5L,GF01,2002,3957.05,A
CHE,AE,P5L,GF02,2002,1491.1,A
CHE,AE,P5L,GF03,2002,513.23,A
CHE,AE,P5L,GF04,2002,4596.07,A
CHE,AE,P5L,GF05,2002,906.28,A
CHE,AE,P5L,GF06,2002,225.51,A
CHE,AE,P5L,GF07,2002,54.9,A
CHE,AE,P5L,GF08,2002,564.48,A
CHE,AE,P5L,GF09,2002,2566.33,A
CHE,AE,P5L,GF10,2002,83.0,A
CHE,AE,P5L,GF01,2003,4135.76,A
CHE,AE,P5L,GF02,2003,1338.57,A
CHE,AE,P5L,GF03,2003,511.38,A
CHE,AE,P5L,GF04,2003,4600.14,A
CHE,AE,P5L,GF05,2003,885.94,A
CHE,AE,P5L,GF06,2003,216.13,A
CHE,AE,P5L,GF07,2003,47.49,A
CHE,AE,P5L,GF08,2003,596.11,A
CHE,AE,P5L,GF09,2003,2586.44,A
CHE,AE,P5L,GF10,2003,99.59,A
CHE,AE,P5L,GF01,2004,4133.0,A
CHE,AE,P5L,GF02,2004,1483.64,A
CHE,AE,P5L,GF03,2004,469.1,A
CHE,AE,P5L,GF04,2004,4687.24,A
CHE,AE,P5L,GF05,2004,794.91,A
CHE,AE,P5L,GF06,2004,238.78,A
CHE,AE,P5L,GF07,2004,39.84,A
CHE,AE,P5L,GF08,2004,662.28,A
CHE,AE,P5L,GF09,2004,2440.99,A
CHE,AE,P5L,GF10,2004,108.85,A
CHE,AE,P5L,GF01,2005,4207.8,A
CHE,AE,P5L,GF02,2005,1408.12,A
CHE,AE,P5L,GF03,2005,447.46,A
CHE,AE,P5L,GF04,2005,4518.97,A
CHE,AE,P5L,GF05,2005,810.68,A
CHE,AE,P5L,GF06,2005,223.09,A
CHE,AE,P5L,GF07,2005,37.29,A
CHE,AE,P5L,GF08,2005,661.8,A
CHE,AE,P5L,GF09,2005,2441.16,A
CHE,AE,P5L,GF10,2005,83.49,A
CHE,AE,P5L,GF01,2006,4512.42,A
CHE,AE,P5L,GF02,2006,1240.11,A
CHE,AE,P5L,GF03,2006,470.72,A
CHE,AE,P5L,GF04,2006,4642.21,A
CHE,AE,P5L,GF05,2006,827.81,A
CHE,AE,P5L,GF06,2006,238.56,A
CHE,AE,P5L,GF07,2006,37.15,A
CHE,AE,P5L,GF08,2006,689.96,A
CHE,AE,P5L,GF09,2006,2321.89,A
CHE,AE,P5L,GF10,2006,89.74,A
CHE,AE,P5L,GF01,2007,4884.0,A
CHE,AE,P5L,GF02,2007,1450.57,A
CHE,AE,P5L,GF03,2007,468.22,A
CHE,AE,P5L,GF04,2007,4752.87,A
CHE,AE,P5L,GF05,2007,841.48,A
CHE,AE,P5L,GF06,2007,249.37,A
CHE,AE,P5L,GF07,2007,46.76,A
CHE,AE,P5L,GF08,2007,793.55,A
CHE,AE,P5L,GF09,2007,2203.8,A
CHE,AE,P5L,GF10,2007,63.3,A
CHE,AE,P5L,GF01,2008,5274.01,A
CHE,AE,P5L,GF02,2008,1610.06,A
CHE,AE,P5L,GF03,2008,535.22,A
CHE,AE,P5L,GF04,2008,5183.51,A
CHE,AE,P5L,GF05,2008,265.18,A
CHE,AE,P5L,GF06,2008,355.62,A
CHE,AE,P5L,GF07,2008,318.25,A
CHE,AE,P5L,GF08,2008,778.26,A
CHE,AE,P5L,GF09,2008,2328.07,A
CHE,AE,P5L,GF10,2008,144.03,A
CHE,AE,P5L,GF01,2009,5475.46,A
CHE,AE,P5L,GF02,2009,1512.86,A
CHE,AE,P5L,GF03,2009,597.28,A
CHE,AE,P5L,GF04,2009,5565.89,A
CHE,AE,P5L,GF05,2009,651.5,A
CHE,AE,P5L,GF06,2009,349.66,A
CHE,AE,P5L,GF07,2009,277.77,A
CHE,AE,P5L,GF08,2009,784.43,A
CHE,AE,P5L,GF09,2009,2485.99,A
CHE,AE,P5L,GF10,2009,176.83,A
CHE,AE,P5L,GF01,2010,5856.39,A
CHE,AE,P5L,GF02,2010,1291.66,A
CHE,AE,P5L,GF03,2010,613.87,A
CHE,AE,P5L,GF04,2010,5630.51,A
CHE,AE,P5L,GF05,2010,728.2,A
CHE,AE,P5L,GF06,2010,403.79,A
CHE,AE,P5L,GF07,2010,285.98,A
CHE,AE,P5L,GF08,2010,786.05,A
CHE,AE,P5L,GF09,2010,2509.47,A
CHE,AE,P5L,GF10,2010,214.96,A
CHE,AE,P5L,GF01,2011,6143.5,A
CHE,AE,P5L,GF02,2011,1463.58,A
CHE,AE,P5L,GF03,2011,726.84,A
CHE,AE,P5L,GF04,2011,5589.13,A
CHE,AE,P5L,GF05,2011,734.87,A
CHE,AE,P5L,GF06,2011,403.63,A
CHE,AE,P5L,GF07,2011,251.23,A
CHE,AE,P5L,GF08,2011,805.92,A
CHE,AE,P5L,GF09,2011,2656.72,A
CHE,AE,P5L,GF10,2011,184.92,A
CHE,AE,P5L,GF01,2012,6924.89,A
CHE,AE,P5L,GF02,2012,1354.14,A
CHE,AE,P5L,GF03,2012,648.55,A
CHE,AE,P5L,GF04,2012,5539.12,A
CHE,AE,P5L,GF05,2012,710.56,A
CHE,AE,P5L,GF06,2012,439.44,A
CHE,AE,P5L,GF07,2012,128.13,A
CHE,AE,P5L,GF08,2012,670.6,A
CHE,AE,P5L,GF09,2012,2657.5,A
CHE,AE,P5L,GF10,2012,201.3,A
CHE,AE,P5L,GF01,2013,6915.23,A
CHE,AE,P5L,GF02,2013,1454.4,A
CHE,AE,P5L,GF03,2013,642.03,A
CHE,AE,P5L,GF04,2013,5342.47,A
CHE,AE,P5L,GF05,2013,781.3,A
CHE,AE,P5L,GF06,2013,427.87,A
CHE,AE,P5L,GF07,2013,174.43,A
CHE,AE,P5L,GF08,2013,765.48,A
CHE,AE,P5L,GF09,2013,2835.79,A
CHE,AE,P5L,GF10,2013,142.87,A
CHE,AE,P5L,GF01,2014,7220.59,A
CHE,AE,P5L,GF02,2014,1193.44,A
CHE,AE,P5L,GF03,2014,605.68,A
CHE,AE,P5L,GF04,2014,5402.22,A
CHE,AE,P5L,GF05,2014,732.4,A
CHE,AE,P5L,GF06,2014,434.2,A
CHE,AE,P5L,GF07,2014,226.89,A
CHE,AE,P5L,GF08,2014,890.48,A
CHE,AE,P5L,GF09,2014,3226.36,A
CHE,AE,P5L,GF10,2014,147.61,A
CHE,AE,P5L,GF01,2015,7393.16,A
CHE,AE,P5L,GF02,2015,1221.88,A
CHE,AE,P5L,GF03,2015,563.38,A
CHE,AE,P5L,GF04,2015,5293.65,A
CHE,AE,P5L,GF05,2015,696.47,A
CHE,AE,P5L,GF06,2015,466.97,A
CHE,AE,P5L,GF07,2015,196.83,A
CHE,AE,P5L,GF08,2015,817.81,A
CHE,AE,P5L,GF09,2015,3379.53,A
CHE,AE,P5L,GF10,2015,189.81,A
CHE,AE,P5L,GF01,2016,7481.81,A
CHE,AE,P5L,GF02,2016,1420.08,A
CHE,AE,P5L,GF03,2016,527.83,A
CHE,AE,P5L,GF04,2016,5101.19,A
CHE,AE,P5L,GF05,2016,707.5,A
CHE,AE,P5L,GF06,2016,411.27,A
CHE,AE,P5L,GF07,2016,273.4,A
CHE,AE,P5L,GF08,2016,760.32,A
CHE,AE,P5L,GF09,2016,3483.31,A
CHE,AE,P5L,GF10,2016,121.43,A
CHE,AE,P5L,GF01,2017,8474.01,A
CHE,AE,P5L,GF02,2017,1533.24,A
CHE,AE,P5L,GF03,2017,535.71,A
CHE,AE,P5L,GF04,2017,5099.74,A
CHE,AE,P5L,GF05,2017,721.56,A
CHE,AE,P5L,GF06,2017,421.04,A
CHE,AE,P5L,GF07,2017,-128.12,A
CHE,AE,P5L,GF08,2017,890.71,A
CHE,AE,P5L,GF09,2017,3399.81,A
CHE,AE,P5L,GF10,2017,117.13,A
CHE,AE,P5L,GF01,2018,8149.81,A
CHE,AE,P5L,GF02,2018,1597.19,A
CHE,AE,P5L,GF03,2018,650.07,A
CHE,AE,P5L,GF04,2018,5224.4,A
CHE,AE,P5L,GF05,2018,686.27,A
CHE,AE,P5L,GF06,2018,448.99,A
CHE,AE,P5L,GF07,2018,197.37,A
CHE,AE,P5L,GF08,2018,984.22,A
CHE,AE,P5L,GF09,2018,3547.36,A
CHE,AE,P5L,GF10,2018,124.04,A
CHE,AE,P5L,GF01,2019,8259.63,A
CHE,AE,P5L,GF02,2019,1864.43,A
CHE,AE,P5L,GF03,2019,680.9,A
CHE,AE,P5L,GF04,2019,5523.05,A
CHE,AE,P5L,GF05,2019,751.05,A
CHE,AE,P5L,GF06,2019,508.11,A
CHE,AE,P5L,GF07,2019,216.95,A
CHE,AE,P5L,GF08,2019,975.22,A
CHE,AE,P5L,GF09,2019,3557.66,A
CHE,AE,P5L,GF10,2019,290.02,A
CHE,AE,P5L,GF01,2020,8554.73,A
CHE,AE,P5L,GF02,2020,2059.74,A
CHE,AE,P5L,GF03,2020,675.48,A
CHE,AE,P5L,GF04,2020,5822.72,A
CHE,AE,P5L,GF05,2020,799.91,A
CHE,AE,P5L,GF06,2020,518.14,A
CHE,AE,P5L,GF07,2020,404.89,A
CHE,AE,P5L,GF08,2020,1023.79,A
CHE,AE,P5L,GF09,2020,3826.89,A
CHE,AE,P5L,GF10,2020,224.07,A
CHE,AE,P5L,GF01,2021,8786.81,A
CHE,AE,P5L,GF02,2021,1700.16,A
CHE,AE,P5L,GF03,2021,634.13,A
CHE,AE,P5L,GF04,2021,5927.72,A
CHE,AE,P5L,GF05,2021,804.07,A
CHE,AE,P5L,GF06,2021,513.13,A
CHE,AE,P5L,GF07,2021,566.4,A
CHE,AE,P5L,GF08,2021,1020.53,A
CHE,AE,P5L,GF09,2021,3588.85,A
CHE,AE,P5L,GF10,2021,279.75,A
CHE,AE,P5L,GF01,2022,8975.47,A
CHE,AE,P5L,GF02,2022,2162.36,A
CHE,AE,P5L,GF03,2022,820.3,A
CHE,AE,P5L,GF04,2022,5980.36,A
CHE,AE,P5L,GF05,2022,777.39,A
CHE,AE,P5L,GF06,2022,548.76,A
CHE,AE,P5L,GF07,2022,416.25,A
CHE,AE,P5L,GF08,2022,834.47,A
CHE,AE,P5L,GF09,2022,3607.3,A
CHE,AE,P5L,GF10,2022,258.59,A
CHE,AE,P5L,GF01,2023,9365.54,A
CHE,AE,P5L,GF02,2023,2563.71,A
CHE,AE,P5L,GF03,2023,879.35,A
CHE,AE,P5L,GF04,2023,6556.42,A
CHE,AE,P5L,GF05,2023,751.41,A
CHE,AE,P5L,GF06,2023,559.91,A
CHE,AE,P5L,GF07,2023,334.8,A
CHE,AE,P5L,GF08,2023,991.16,A
CHE,AE,P5L,GF09,2023,4436.25,A
CHE,AE,P5L,GF10,2023,318.7,A
CHE,AE,P5L,GF01,2024,9565.86,A
CHE,AE,P5L,GF02,2024,2372.54,A
CHE,AE,P5L,GF03,2024,901.33,A
CHE,AE,P5L,GF04,2024,6421.01,A
CHE,AE,P5L,GF05,2024,808.23,A
CHE,AE,P5L,GF06,2024,560.34,A
CHE,AE,P5L,GF07,2024,104.44,A
CHE,AE,P5L,GF08,2024,968.62,A
CHE,AE,P5L,GF09,2024,4380.97,A
CHE,AE,P5L,GF10,2024,327.43,A
CHL,EMDE,P5L,GF01,2013,231750.094,A
CHL,EMDE,P5L,GF02,2013,12176.588,A
CHL,EMDE,P5L,GF03,2013,95165.364,A
CHL,EMDE,P5L,GF04,2013,1742226.688,A
CHL,EMDE,P5L,GF05,2013,31561.049,A
CHL,EMDE,P5L,GF06,2013,271208.412,A
CHL,EMDE,P5L,GF07,2013,319473.677,A
CHL,EMDE,P5L,GF08,2013,137894.004,A
CHL,EMDE,P5L,GF09,2013,167865.691,A
CHL,EMDE,P5L,GF10,2013,385343.416,A
CHL,EMDE,P5L,GF01,2014,240061.477,A
CHL,EMDE,P5L,GF02,2014,10399.663,A
CHL,EMDE,P5L,GF03,2014,150181.645,A
CHL,EMDE,P5L,GF04,2014,1908633.989,A
CHL,EMDE,P5L,GF05,2014,32641.697,A
CHL,EMDE,P5L,GF06,2014,274414.728,A
CHL,EMDE,P5L,GF07,2014,355260.24,A
CHL,EMDE,P5L,GF08,2014,124497.358,A
CHL,EMDE,P5L,GF09,2014,126489.72,A
CHL,EMDE,P5L,GF10,2014,444381.439,A
CHL,EMDE,P5L,GF01,2015,269729.405,A
CHL,EMDE,P5L,GF02,2015,18722.773,A
CHL,EMDE,P5L,GF03,2015,219406.346,A
CHL,EMDE,P5L,GF04,2015,2078299.929,A
CHL,EMDE,P5L,GF05,2015,47942.968,A
CHL,EMDE,P5L,GF06,2015,381340.003,A
CHL,EMDE,P5L,GF07,2015,539809.502,A
CHL,EMDE,P5L,GF08,2015,165180.837,A
CHL,EMDE,P5L,GF09,2015,200480.962,A
CHL,EMDE,P5L,GF10,2015,546391.061,A
CHL,EMDE,P5L,GF01,2016,280609.249,A
CHL,EMDE,P5L,GF02,2016,15306.998,A
CHL,EMDE,P5L,GF03,2016,233660.509,A
CHL,EMDE,P5L,GF04,2016,2119177.843,A
CHL,EMDE,P5L,GF05,2016,57158.057,A
CHL,EMDE,P5L,GF06,2016,375274.026,A
CHL,EMDE,P5L,GF07,2016,423831.031,A
CHL,EMDE,P5L,GF08,2016,153367.732,A
CHL,EMDE,P5L,GF09,2016,267393.008,A
CHL,EMDE,P5L,GF10,2016,491307.789,A
CHL,EMDE,P5L,GF01,2017,291532.238,A
CHL,EMDE,P5L,GF02,2017,8941.487,A
CHL,EMDE,P5L,GF03,2017,231428.872,A
CHL,EMDE,P5L,GF04,2017,2199783.776,A
CHL,EMDE,P5L,GF05,2017,52827.924,A
CHL,EMDE,P5L,GF06,2017,327694.403,A
CHL,EMDE,P5L,GF07,2017,442827.493,A
CHL,EMDE,P5L,GF08,2017,127875.579,A
CHL,EMDE,P5L,GF09,2017,248481.242,A
CHL,EMDE,P5L,GF10,2017,515373.493,A
CHL,EMDE,P5L,GF01,2018,249481.496,A
CHL,EMDE,P5L,GF02,2018,7180.288,A
CHL,EMDE,P5L,GF03,2018,231520.91,A
CHL,EMDE,P5L,GF04,2018,1900592.953,A
CHL,EMDE,P5L,GF05,2018,44290.132,A
CHL,EMDE,P5L,GF06,2018,392264.85,A
CHL,EMDE,P5L,GF07,2018,464055.509,A
CHL,EMDE,P5L,GF08,2018,119427.096,A
CHL,EMDE,P5L,GF09,2018,275383.587,A
CHL,EMDE,P5L,GF10,2018,447064.905,A
CHL,EMDE,P5L,GF01,2019,287788.761,A
CHL,EMDE,P5L,GF02,2019,31977.827,A
CHL,EMDE,P5L,GF03,2019,227693.806,A
CHL,EMDE,P5L,GF04,2019,2175206.915,A
CHL,EMDE,P5L,GF05,2019,42292.231,A
CHL,EMDE,P5L,GF06,2019,382475.982,A
CHL,EMDE,P5L,GF07,2019,787651.952,A
CHL,EMDE,P5L,GF08,2019,120666.935,A
CHL,EMDE,P5L,GF09,2019,155085.668,A
CHL,EMDE,P5L,GF10,2019,472616.546,A
CHL,EMDE,P5L,GF01,2020,243237.074,A
CHL,EMDE,P5L,GF02,2020,6598.56,A
CHL,EMDE,P5L,GF03,2020,193974.905,A
CHL,EMDE,P5L,GF04,2020,2096238.217,A
CHL,EMDE,P5L,GF05,2020,32661.429,A
CHL,EMDE,P5L,GF06,2020,430709.328,A
CHL,EMDE,P5L,GF07,2020,729033.624,A
CHL,EMDE,P5L,GF08,2020,92308.241,A
CHL,EMDE,P5L,GF09,2020,143940.991,A
CHL,EMDE,P5L,GF10,2020,463285.826,A
CHL,EMDE,P5L,GF01,2021,299631.385,A
CHL,EMDE,P5L,GF02,2021,2607.929,A
CHL,EMDE,P5L,GF03,2021,217227.499,A
CHL,EMDE,P5L,GF04,2021,2759319.659,A
CHL,EMDE,P5L,GF05,2021,31908.147,A
CHL,EMDE,P5L,GF06,2021,504686.041,A
CHL,EMDE,P5L,GF07,2021,551132.604,A
CHL,EMDE,P5L,GF08,2021,108791.765,A
CHL,EMDE,P5L,GF09,2021,164285.682,A
CHL,EMDE,P5L,GF10,2021,583553.017,A
CHL,EMDE,P5L,GF01,2022,299879.687,A
CHL,EMDE,P5L,GF02,2022,3820.048,A
CHL,EMDE,P5L,GF03,2022,209239.949,A
CHL,EMDE,P5L,GF04,2022,3306957.329,A
CHL,EMDE,P5L,GF05,2022,37402.107,A
CHL,EMDE,P5L,GF06,2022,526022.081,A
CHL,EMDE,P5L,GF07,2022,482268.116,A
CHL,EMDE,P5L,GF08,2022,124946.002,A
CHL,EMDE,P5L,GF09,2022,197818.865,A
CHL,EMDE,P5L,GF10,2022,848300.733,A
CHL,EMDE,P5L,GF01,2023,364403.811,A
CHL,EMDE,P5L,GF02,2023,2816.888,A
CHL,EMDE,P5L,GF03,2023,216260.552,A
CHL,EMDE,P5L,GF04,2023,3357589.717,A
CHL,EMDE,P5L,GF05,2023,33954.757,A
CHL,EMDE,P5L,GF06,2023,581726.62,A
CHL,EMDE,P5L,GF07,2023,589376.545,A
CHL,EMDE,P5L,GF08,2023,281980.706,A
CHL,EMDE,P5L,GF09,2023,209947.161,A
CHL,EMDE,P5L,GF10,2023,624349.709,A
CHL,EMDE,P5L,GF01,2024,520735.448,A
CHL,EMDE,P5L,GF02,2024,4545.313,A
CHL,EMDE,P5L,GF03,2024,269926.745,A
CHL,EMDE,P5L,GF04,2024,3612513.261,A
CHL,EMDE,P5L,GF05,2024,44260.772,A
CHL,EMDE,P5L,GF06,2024,560526.847,A
CHL,EMDE,P5L,GF07,2024,753315.422,A
CHL,EMDE,P5L,GF08,2024,161261.344,A
CHL,EMDE,P5L,GF09,2024,222653.717,A
CHL,EMDE,P5L,GF10,2024,588430.953,A
COL,EMDE,P5L,GF01,2009,496000.0,A
COL,EMDE,P5L,GF02,2009,306000.0,A
COL,EMDE,P5L,GF03,2009,950000.0,A
COL,EMDE,P5L,GF04,2009,9417000.0,A
COL,EMDE,P5L,GF05,2009,1043000.0,A
COL,EMDE,P5L,GF06,2009,512000.0,A
COL,EMDE,P5L,GF07,2009,119000.0,A
COL,EMDE,P5L,GF08,2009,1312000.0,A
COL,EMDE,P5L,GF09,2009,1219000.0,A
COL,EMDE,P5L,GF10,2009,237000.0,A
COL,EMDE,P5L,GF01,2010,587000.0,A
COL,EMDE,P5L,GF02,2010,377000.0,A
COL,EMDE,P5L,GF03,2010,901000.0,A
COL,EMDE,P5L,GF04,2010,7605000.0,A
COL,EMDE,P5L,GF05,2010,1111000.0,A
COL,EMDE,P5L,GF06,2010,434000.0,A
COL,EMDE,P5L,GF07,2010,207000.0,A
COL,EMDE,P5L,GF08,2010,1129000.0,A
COL,EMDE,P5L,GF09,2010,1482000.0,A
COL,EMDE,P5L,GF10,2010,281000.0,A
COL,EMDE,P5L,GF01,2011,875000.0,A
COL,EMDE,P5L,GF02,2011,155000.0,A
COL,EMDE,P5L,GF03,2011,608000.0,A
COL,EMDE,P5L,GF04,2011,11831000.0,A
COL,EMDE,P5L,GF05,2011,1197000.0,A
COL,EMDE,P5L,GF06,2011,708000.0,A
COL,EMDE,P5L,GF07,2011,394000.0,A
COL,EMDE,P5L,GF08,2011,1503000.0,A
COL,EMDE,P5L,GF09,2011,1888000.0,A
COL,EMDE,P5L,GF10,2011,554000.0,A
COL,EMDE,P5L,GF01,2012,1066000.0,A
COL,EMDE,P5L,GF02,2012,183000.0,A
COL,EMDE,P5L,GF03,2012,704000.0,A
COL,EMDE,P5L,GF04,2012,14336000.0,A
COL,EMDE,P5L,GF05,2012,1182000.0,A
COL,EMDE,P5L,GF06,2012,832000.0,A
COL,EMDE,P5L,GF07,2012,536000.0,A
COL,EMDE,P5L,GF08,2012,1747000.0,A
COL,EMDE,P5L,GF09,2012,2261000.0,A
COL,EMDE,P5L,GF10,2012,661000.0,A
COL,EMDE,P5L,GF01,2013,1017000.0,A
COL,EMDE,P5L,GF02,2013,122000.0,A
COL,EMDE,P5L,GF03,2013,858000.0,A
COL,EMDE,P5L,GF04,2013,16333000.0,A
COL,EMDE,P5L,GF05,2013,1480000.0,A
COL,EMDE,P5L,GF06,2013,722000.0,A
COL,EMDE,P5L,GF07,2013,438000.0,A
COL,EMDE,P5L,GF08,2013,2010000.0,A
COL,EMDE,P5L,GF09,2013,2083000.0,A
COL,EMDE,P5L,GF10,2013,528000.0,A
COL,EMDE,P5L,GF01,2014,984000.0,A
COL,EMDE,P5L,GF02,2014,273000.0,A
COL,EMDE,P5L,GF03,2014,668000.0,A
COL,EMDE,P5L,GF04,2014,17044000.0,A
COL,EMDE,P5L,GF05,2014,1752000.0,A
COL,EMDE,P5L,GF06,2014,763000.0,A
COL,EMDE,P5L,GF07,2014,410000.0,A
COL,EMDE,P5L,GF08,2014,2420000.0,A
COL,EMDE,P5L,GF09,2014,1900000.0,A
COL,EMDE,P5L,GF10,2014,497000.0,A
COL,EMDE,P5L,GF01,2015,1053000.0,A
COL,EMDE,P5L,GF02,2015,466000.0,A
COL,EMDE,P5L,GF03,2015,460000.0,A
COL,EMDE,P5L,GF04,2015,16462000.0,A
COL,EMDE,P5L,GF05,2015,2441000.0,A
COL,EMDE,P5L,GF06,2015,854000.0,A
COL,EMDE,P5L,GF07,2015,487000.0,A
COL,EMDE,P5L,GF08,2015,2905000.0,A
COL,EMDE,P5L,GF09,2015,2062000.0,A
COL,EMDE,P5L,GF10,2015,542000.0,A
COL,EMDE,P5L,GF01,2016,1549000.0,A
COL,EMDE,P5L,GF02,2016,676000.0,A
COL,EMDE,P5L,GF03,2016,461000.0,A
COL,EMDE,P5L,GF04,2016,17209000.0,A
COL,EMDE,P5L,GF05,2016,2020000.0,A
COL,EMDE,P5L,GF06,2016,976000.0,A
COL,EMDE,P5L,GF07,2016,549000.0,A
COL,EMDE,P5L,GF08,2016,2952000.0,A
COL,EMDE,P5L,GF09,2016,2303000.0,A
COL,EMDE,P5L,GF10,2016,619000.0,A
COL,EMDE,P5L,GF01,2017,1986000.0,A
COL,EMDE,P5L,GF02,2017,682000.0,A
COL,EMDE,P5L,GF03,2017,573000.0,A
COL,EMDE,P5L,GF04,2017,15194000.0,A
COL,EMDE,P5L,GF05,2017,2137000.0,A
COL,EMDE,P5L,GF06,2017,986000.0,A
COL,EMDE,P5L,GF07,2017,450000.0,A
COL,EMDE,P5L,GF08,2017,3121000.0,A
COL,EMDE,P5L,GF09,2017,2403000.0,A
COL,EMDE,P5L,GF10,2017,738000.0,A
COL,EMDE,P5L,GF01,2018,2188409.0,A
COL,EMDE,P5L,GF02,2018,832321.0,A
COL,EMDE,P5L,GF03,2018,1432801.0,A
COL,EMDE,P5L,GF04,2018,18610743.0,A
COL,EMDE,P5L,GF05,2018,2242929.0,A
COL,EMDE,P5L,GF06,2018,1693151.0,A
COL,EMDE,P5L,GF07,2018,1087852.0,A
COL,EMDE,P5L,GF08,2018,4743043.0,A
COL,EMDE,P5L,GF09,2018,2623389.0,A
COL,EMDE,P5L,GF10,2018,649276.0,A
COL,EMDE,P5L,GF01,2019,2664000.0,A
COL,EMDE,P5L,GF02,2019,1065000.0,A
COL,EMDE,P5L,GF03,2019,1123000.0,A
COL,EMDE,P5L,GF04,2019,18388014.0,A
COL,EMDE,P5L,GF05,2019,2474000.0,A
COL,EMDE,P5L,GF06,2019,1865000.0,A
COL,EMDE,P5L,GF07,2019,961000.0,A
COL,EMDE,P5L,GF08,2019,5133000.0,A
COL,EMDE,P5L,GF09,2019,2274000.0,A
COL,EMDE,P5L,GF10,2019,419028.0,A
COL,EMDE,P5L,GF01,2020,1593000.0,A
COL,EMDE,P5L,GF02,2020,754000.0,A
COL,EMDE,P5L,GF03,2020,1165000.0,A
COL,EMDE,P5L,GF04,2020,12649000.0,A
COL,EMDE,P5L,GF05,2020,1580000.0,A
COL,EMDE,P5L,GF06,2020,1939000.0,A
COL,EMDE,P5L,GF07,2020,762000.0,A
COL,EMDE,P5L,GF08,2020,4429000.0,A
COL,EMDE,P5L,GF09,2020,1894000.0,A
COL,EMDE,P5L,GF10,2020,279000.0,A
COL,EMDE,P5L,GF01,2021,1800000.0,A
COL,EMDE,P5L,GF02,2021,622000.0,A
COL,EMDE,P5L,GF03,2021,1187000.0,A
COL,EMDE,P5L,GF04,2021,14031000.0,A
COL,EMDE,P5L,GF05,2021,2293000.0,A
COL,EMDE,P5L,GF06,2021,1793000.0,A
COL,EMDE,P5L,GF07,2021,835000.0,A
COL,EMDE,P5L,GF08,2021,3164000.0,A
COL,EMDE,P5L,GF09,2021,1471000.0,A
COL,EMDE,P5L,GF10,2021,785000.0,A
COL,EMDE,P5L,GF01,2022,1833000.0,A
COL,EMDE,P5L,GF02,2022,1624000.0,A
COL,EMDE,P5L,GF03,2022,1110000.0,A
COL,EMDE,P5L,GF04,2022,21892000.0,A
COL,EMDE,P5L,GF05,2022,2484000.0,A
COL,EMDE,P5L,GF06,2022,1948000.0,A
COL,EMDE,P5L,GF07,2022,857000.0,A
COL,EMDE,P5L,GF08,2022,4103000.0,A
COL,EMDE,P5L,GF09,2022,1651000.0,A
COL,EMDE,P5L,GF10,2022,1148000.0,A
COL,EMDE,P5L,GF01,2023,2615000.0,A
COL,EMDE,P5L,GF02,2023,1586000.0,A
COL,EMDE,P5L,GF03,2023,1917000.0,A
COL,EMDE,P5L,GF04,2023,27584000.0,A
COL,EMDE,P5L,GF05,2023,3258000.0,A
COL,EMDE,P5L,GF06,2023,2420000.0,A
COL,EMDE,P5L,GF07,2023,1411000.0,A
COL,EMDE,P5L,GF08,2023,4546000.0,A
COL,EMDE,P5L,GF09,2023,1977000.0,A
COL,EMDE,P5L,GF10,2023,1089000.0,A
COL,EMDE,P5L,GF01,2024,2615000.0,A
COL,EMDE,P5L,GF02,2024,1586000.0,A
COL,EMDE,P5L,GF03,2024,1917000.0,A
COL,EMDE,P5L,GF04,2024,27584000.0,A
COL,EMDE,P5L,GF05,2024,3258000.0,A
COL,EMDE,P5L,GF06,2024,2420000.0,A
COL,EMDE,P5L,GF07,2024,1411000.0,A
COL,EMDE,P5L,GF08,2024,4546000.0,A
COL,EMDE,P5L,GF09,2024,1977000.0,A
COL,EMDE,P5L,GF10,2024,1089000.0,A
CRI,EMDE,P5L,GF01,2012,6933.588,A
CRI,EMDE,P5L,GF02,2012,0.0,A
CRI,EMDE,P5L,GF03,2012,18098.614,A
CRI,EMDE,P5L,GF04,2012,307534.216,A
CRI,EMDE,P5L,GF05,2012,6867.013,A
CRI,EMDE,P5L,GF06,2012,17439.554,A
CRI,EMDE,P5L,GF07,2012,25259.29,A
CRI,EMDE,P5L,GF08,2012,5933.923,A
CRI,EMDE,P5L,GF09,2012,116877.235,A
CRI,EMDE,P5L,GF10,2012,11877.013,A
CRI,EMDE,P5L,GF01,2013,8152.189,A
CRI,EMDE,P5L,GF02,2013,0.0,A
CRI,EMDE,P5L,GF03,2013,28973.788,A
CRI,EMDE,P5L,GF04,2013,288860.992,A
CRI,EMDE,P5L,GF05,2013,5165.675,A
CRI,EMDE,P5L,GF06,2013,22277.817,A
CRI,EMDE,P5L,GF07,2013,49412.76,A
CRI,EMDE,P5L,GF08,2013,10651.363,A
CRI,EMDE,P5L,GF09,2013,114908.066,A
CRI,EMDE,P5L,GF10,2013,15063.629,A
CRI,EMDE,P5L,GF01,2014,10311.318,A
CRI,EMDE,P5L,GF02,2014,0.0,A
CRI,EMDE,P5L,GF03,2014,44374.221,A
CRI,EMDE,P5L,GF04,2014,310786.586,A
CRI,EMDE,P5L,GF05,2014,14228.313,A
CRI,EMDE,P5L,GF06,2014,32405.345,A
CRI,EMDE,P5L,GF07,2014,58874.168,A
CRI,EMDE,P5L,GF08,2014,6116.63,A
CRI,EMDE,P5L,GF09,2014,122308.938,A
CRI,EMDE,P5L,GF10,2014,21037.46,A
CRI,EMDE,P5L,GF01,2015,1274.969,A
CRI,EMDE,P5L,GF02,2015,0.0,A
CRI,EMDE,P5L,GF03,2015,42895.133,A
CRI,EMDE,P5L,GF04,2015,340381.495,A
CRI,EMDE,P5L,GF05,2015,29930.731,A
CRI,EMDE,P5L,GF06,2015,19618.071,A
CRI,EMDE,P5L,GF07,2015,72017.996,A
CRI,EMDE,P5L,GF08,2015,6573.081,A
CRI,EMDE,P5L,GF09,2015,139407.36,A
CRI,EMDE,P5L,GF10,2015,7042.178,A
CRI,EMDE,P5L,GF01,2016,16156.438,A
CRI,EMDE,P5L,GF02,2016,0.0,A
CRI,EMDE,P5L,GF03,2016,91575.168,A
CRI,EMDE,P5L,GF04,2016,376585.543,A
CRI,EMDE,P5L,GF05,2016,8164.418,A
CRI,EMDE,P5L,GF06,2016,29015.322,A
CRI,EMDE,P5L,GF07,2016,66139.917,A
CRI,EMDE,P5L,GF08,2016,5299.082,A
CRI,EMDE,P5L,GF09,2016,187708.999,A
CRI,EMDE,P5L,GF10,2016,50814.324,A
CRI,EMDE,P5L,GF01,2017,8960.413,A
CRI,EMDE,P5L,GF02,2017,0.0,A
CRI,EMDE,P5L,GF03,2017,79828.492,A
CRI,EMDE,P5L,GF04,2017,529137.596,A
CRI,EMDE,P5L,GF05,2017,12750.774,A
CRI,EMDE,P5L,GF06,2017,27363.6,A
CRI,EMDE,P5L,GF07,2017,85720.21,A
CRI,EMDE,P5L,GF08,2017,15922.614,A
CRI,EMDE,P5L,GF09,2017,267468.319,A
CRI,EMDE,P5L,GF10,2017,9668.945,A
CRI,EMDE,P5L,GF01,2018,28060.842,A
CRI,EMDE,P5L,GF02,2018,0.0,A
CRI,EMDE,P5L,GF03,2018,64832.668,A
CRI,EMDE,P5L,GF04,2018,522522.229,A
CRI,EMDE,P5L,GF05,2018,13748.554,A
CRI,EMDE,P5L,GF06,2018,28019.363,A
CRI,EMDE,P5L,GF07,2018,45554.846,A
CRI,EMDE,P5L,GF08,2018,5383.393,A
CRI,EMDE,P5L,GF09,2018,219758.323,A
CRI,EMDE,P5L,GF10,2018,6353.363,A
CRI,EMDE,P5L,GF01,2019,47635.691,A
CRI,EMDE,P5L,GF02,2019,0.0,A
CRI,EMDE,P5L,GF03,2019,35402.319,A
CRI,EMDE,P5L,GF04,2019,496979.91,A
CRI,EMDE,P5L,GF05,2019,10517.887,A
CRI,EMDE,P5L,GF06,2019,29521.58,A
CRI,EMDE,P5L,GF07,2019,93902.879,A
CRI,EMDE,P5L,GF08,2019,4904.866,A
CRI,EMDE,P5L,GF09,2019,193651.438,A
CRI,EMDE,P5L,GF10,2019,13412.34,A
CRI,EMDE,P5L,GF01,2020,7511.078,A
CRI,EMDE,P5L,GF02,2020,0.0,A
CRI,EMDE,P5L,GF03,2020,70280.04,A
CRI,EMDE,P5L,GF04,2020,409337.338,A
CRI,EMDE,P5L,GF05,2020,5279.02,A
CRI,EMDE,P5L,GF06,2020,24291.913,A
CRI,EMDE,P5L,GF07,2020,148641.577,A
CRI,EMDE,P5L,GF08,2020,3009.089,A
CRI,EMDE,P5L,GF09,2020,257228.683,A
CRI,EMDE,P5L,GF10,2020,25362.984,A
CRI,EMDE,P5L,GF01,2021,7714.42,A
CRI,EMDE,P5L,GF02,2021,0.0,A
CRI,EMDE,P5L,GF03,2021,54100.58,A
CRI,EMDE,P5L,GF04,2021,416398.536,A
CRI,EMDE,P5L,GF05,2021,3503.948,A
CRI,EMDE,P5L,GF06,2021,27037.335,A
CRI,EMDE,P5L,GF07,2021,167659.419,A
CRI,EMDE,P5L,GF08,2021,4270.048,A
CRI,EMDE,P5L,GF09,2021,86466.818,A
CRI,EMDE,P5L,GF10,2021,19710.099,A
CRI,EMDE,P5L,GF01,2022,9149.8,A
CRI,EMDE,P5L,GF02,2022,0.0,A
CRI,EMDE,P5L,GF03,2022,56840.332,A
CRI,EMDE,P5L,GF04,2022,400381.715,A
CRI,EMDE,P5L,GF05,2022,5120.99,A
CRI,EMDE,P5L,GF06,2022,30325.871,A
CRI,EMDE,P5L,GF07,2022,202704.669,A
CRI,EMDE,P5L,GF08,2022,6267.497,A
CRI,EMDE,P5L,GF09,2022,125290.706,A
CRI,EMDE,P5L,GF10,2022,10560.621,A
CZE,AE,P5L,GF01,2000,961.0,A
CZE,AE,P5L,GF02,2000,10496.0,A
CZE,AE,P5L,GF03,2000,2802.0,A
CZE,AE,P5L,GF04,2000,38136.0,A
CZE,AE,P5L,GF05,2000,8518.0,A
CZE,AE,P5L,GF06,2000,5680.0,A
CZE,AE,P5L,GF07,2000,10377.0,A
CZE,AE,P5L,GF08,2000,7689.0,A
CZE,AE,P5L,GF09,2000,20553.0,A
CZE,AE,P5L,GF10,2000,4291.0,A
CZE,AE,P5L,GF01,2001,1255.0,A
CZE,AE,P5L,GF02,2001,10636.0,A
CZE,AE,P5L,GF03,2001,3165.0,A
CZE,AE,P5L,GF04,2001,39952.0,A
CZE,AE,P5L,GF05,2001,9831.0,A
CZE,AE,P5L,GF06,2001,-3384.0,A
CZE,AE,P5L,GF07,2001,12074.0,A
CZE,AE,P5L,GF08,2001,6869.0,A
CZE,AE,P5L,GF09,2001,22687.0,A
CZE,AE,P5L,GF10,2001,4900.0,A
CZE,AE,P5L,GF01,2002,1889.0,A
CZE,AE,P5L,GF02,2002,8030.0,A
CZE,AE,P5L,GF03,2002,4074.0,A
CZE,AE,P5L,GF04,2002,36906.0,A
CZE,AE,P5L,GF05,2002,10467.0,A
CZE,AE,P5L,GF06,2002,-11517.0,A
CZE,AE,P5L,GF07,2002,13272.0,A
CZE,AE,P5L,GF08,2002,9253.0,A
CZE,AE,P5L,GF09,2002,30613.0,A
CZE,AE,P5L,GF10,2002,10365.0,A
CZE,AE,P5L,GF01,2003,434.0,A
CZE,AE,P5L,GF02,2003,12767.0,A
CZE,AE,P5L,GF03,2003,5247.0,A
CZE,AE,P5L,GF04,2003,124269.0,A
CZE,AE,P5L,GF05,2003,15340.0,A
CZE,AE,P5L,GF06,2003,-2107.0,A
CZE,AE,P5L,GF07,2003,12372.0,A
CZE,AE,P5L,GF08,2003,9833.0,A
CZE,AE,P5L,GF09,2003,31734.0,A
CZE,AE,P5L,GF10,2003,8121.0,A
CZE,AE,P5L,GF01,2004,1582.0,A
CZE,AE,P5L,GF02,2004,5539.0,A
CZE,AE,P5L,GF03,2004,4325.0,A
CZE,AE,P5L,GF04,2004,70467.0,A
CZE,AE,P5L,GF05,2004,14730.0,A
CZE,AE,P5L,GF06,2004,-3286.0,A
CZE,AE,P5L,GF07,2004,12578.0,A
CZE,AE,P5L,GF08,2004,11466.0,A
CZE,AE,P5L,GF09,2004,28889.0,A
CZE,AE,P5L,GF10,2004,4987.0,A
CZE,AE,P5L,GF01,2005,-2143.0,A
CZE,AE,P5L,GF02,2005,12354.0,A
CZE,AE,P5L,GF03,2005,5894.0,A
CZE,AE,P5L,GF04,2005,82487.0,A
CZE,AE,P5L,GF05,2005,16414.0,A
CZE,AE,P5L,GF06,2005,-5626.0,A
CZE,AE,P5L,GF07,2005,10771.0,A
CZE,AE,P5L,GF08,2005,11752.0,A
CZE,AE,P5L,GF09,2005,32022.0,A
CZE,AE,P5L,GF10,2005,4905.0,A
CZE,AE,P5L,GF01,2006,-7136.0,A
CZE,AE,P5L,GF02,2006,4676.0,A
CZE,AE,P5L,GF03,2006,6034.0,A
CZE,AE,P5L,GF04,2006,92751.0,A
CZE,AE,P5L,GF05,2006,16812.0,A
CZE,AE,P5L,GF06,2006,-6853.0,A
CZE,AE,P5L,GF07,2006,12970.0,A
CZE,AE,P5L,GF08,2006,15345.0,A
CZE,AE,P5L,GF09,2006,37366.0,A
CZE,AE,P5L,GF10,2006,5622.0,A
CZE,AE,P5L,GF01,2007,8925.0,A
CZE,AE,P5L,GF02,2007,6820.0,A
CZE,AE,P5L,GF03,2007,5921.0,A
CZE,AE,P5L,GF04,2007,91885.0,A
CZE,AE,P5L,GF05,2007,16125.0,A
CZE,AE,P5L,GF06,2007,-19660.0,A
CZE,AE,P5L,GF07,2007,9325.0,A
CZE,AE,P5L,GF08,2007,14859.0,A
CZE,AE,P5L,GF09,2007,25399.0,A
CZE,AE,P5L,GF10,2007,5856.0,A
CZE,AE,P5L,GF01,2008,9604.0,A
CZE,AE,P5L,GF02,2008,1762.0,A
CZE,AE,P5L,GF03,2008,5550.0,A
CZE,AE,P5L,GF04,2008,121910.0,A
CZE,AE,P5L,GF05,2008,15389.0,A
CZE,AE,P5L,GF06,2008,-13450.0,A
CZE,AE,P5L,GF07,2008,14970.0,A
CZE,AE,P5L,GF08,2008,13790.0,A
CZE,AE,P5L,GF09,2008,27966.0,A
CZE,AE,P5L,GF10,2008,5383.0,A
CZE,AE,P5L,GF01,2009,9826.0,A
CZE,AE,P5L,GF02,2009,5458.0,A
CZE,AE,P5L,GF03,2009,5817.0,A
CZE,AE,P5L,GF04,2009,124089.0,A
CZE,AE,P5L,GF05,2009,4061.0,A
CZE,AE,P5L,GF06,2009,-4340.0,A
CZE,AE,P5L,GF07,2009,19681.0,A
CZE,AE,P5L,GF08,2009,19752.0,A
CZE,AE,P5L,GF09,2009,30144.0,A
CZE,AE,P5L,GF10,2009,5631.0,A
CZE,AE,P5L,GF01,2010,6090.0,A
CZE,AE,P5L,GF02,2010,7041.0,A
CZE,AE,P5L,GF03,2010,4867.0,A
CZE,AE,P5L,GF04,2010,97140.0,A
CZE,AE,P5L,GF05,2010,13119.0,A
CZE,AE,P5L,GF06,2010,-6450.0,A
CZE,AE,P5L,GF07,2010,15178.0,A
CZE,AE,P5L,GF08,2010,18791.0,A
CZE,AE,P5L,GF09,2010,30351.0,A
CZE,AE,P5L,GF10,2010,6489.0,A
CZE,AE,P5L,GF01,2011,6007.0,A
CZE,AE,P5L,GF02,2011,7138.0,A
CZE,AE,P5L,GF03,2011,4660.0,A
CZE,AE,P5L,GF04,2011,77257.0,A
CZE,AE,P5L,GF05,2011,19487.0,A
CZE,AE,P5L,GF06,2011,-1063.0,A
CZE,AE,P5L,GF07,2011,14826.0,A
CZE,AE,P5L,GF08,2011,15455.0,A
CZE,AE,P5L,GF09,2011,27904.0,A
CZE,AE,P5L,GF10,2011,5986.0,A
CZE,AE,P5L,GF01,2012,13560.0,A
CZE,AE,P5L,GF02,2012,7384.0,A
CZE,AE,P5L,GF03,2012,5364.0,A
CZE,AE,P5L,GF04,2012,59978.0,A
CZE,AE,P5L,GF05,2012,20282.0,A
CZE,AE,P5L,GF06,2012,-1425.0,A
CZE,AE,P5L,GF07,2012,14457.0,A
CZE,AE,P5L,GF08,2012,13081.0,A
CZE,AE,P5L,GF09,2012,28250.0,A
CZE,AE,P5L,GF10,2012,5316.0,A
CZE,AE,P5L,GF01,2013,18213.0,A
CZE,AE,P5L,GF02,2013,4190.0,A
CZE,AE,P5L,GF03,2013,5086.0,A
CZE,AE,P5L,GF04,2013,51093.0,A
CZE,AE,P5L,GF05,2013,14831.0,A
CZE,AE,P5L,GF06,2013,4704.0,A
CZE,AE,P5L,GF07,2013,12041.0,A
CZE,AE,P5L,GF08,2013,11839.0,A
CZE,AE,P5L,GF09,2013,26469.0,A
CZE,AE,P5L,GF10,2013,3860.0,A
CZE,AE,P5L,GF01,2014,19132.0,A
CZE,AE,P5L,GF02,2014,3094.0,A
CZE,AE,P5L,GF03,2014,3906.0,A
CZE,AE,P5L,GF04,2014,62784.0,A
CZE,AE,P5L,GF05,2014,19686.0,A
CZE,AE,P5L,GF06,2014,7055.0,A
CZE,AE,P5L,GF07,2014,11938.0,A
CZE,AE,P5L,GF08,2014,12124.0,A
CZE,AE,P5L,GF09,2014,31179.0,A
CZE,AE,P5L,GF10,2014,4609.0,A
CZE,AE,P5L,GF01,2015,23692.0,A
CZE,AE,P5L,GF02,2015,14111.0,A
CZE,AE,P5L,GF03,2015,9982.0,A
CZE,AE,P5L,GF04,2015,82887.0,A
CZE,AE,P5L,GF05,2015,25750.0,A
CZE,AE,P5L,GF06,2015,2634.0,A
CZE,AE,P5L,GF07,2015,20813.0,A
CZE,AE,P5L,GF08,2015,14785.0,A
CZE,AE,P5L,GF09,2015,34733.0,A
CZE,AE,P5L,GF10,2015,5747.0,A
CZE,AE,P5L,GF01,2016,22291.0,A
CZE,AE,P5L,GF02,2016,3171.0,A
CZE,AE,P5L,GF03,2016,5938.0,A
CZE,AE,P5L,GF04,2016,67218.0,A
CZE,AE,P5L,GF05,2016,10869.0,A
CZE,AE,P5L,GF06,2016,-156.0,A
CZE,AE,P5L,GF07,2016,13482.0,A
CZE,AE,P5L,GF08,2016,11339.0,A
CZE,AE,P5L,GF09,2016,16921.0,A
CZE,AE,P5L,GF10,2016,3791.0,A
CZE,AE,P5L,GF01,2017,25705.0,A
CZE,AE,P5L,GF02,2017,8001.0,A
CZE,AE,P5L,GF03,2017,6514.0,A
CZE,AE,P5L,GF04,2017,66969.0,A
CZE,AE,P5L,GF05,2017,14143.0,A
CZE,AE,P5L,GF06,2017,626.0,A
CZE,AE,P5L,GF07,2017,15809.0,A
CZE,AE,P5L,GF08,2017,12202.0,A
CZE,AE,P5L,GF09,2017,20733.0,A
CZE,AE,P5L,GF10,2017,4228.0,A
CZE,AE,P5L,GF01,2018,28509.0,A
CZE,AE,P5L,GF02,2018,7350.0,A
CZE,AE,P5L,GF03,2018,9043.0,A
CZE,AE,P5L,GF04,2018,79344.0,A
CZE,AE,P5L,GF05,2018,16806.0,A
CZE,AE,P5L,GF06,2018,6878.0,A
CZE,AE,P5L,GF07,2018,18776.0,A
CZE,AE,P5L,GF08,2018,19727.0,A
CZE,AE,P5L,GF09,2018,35777.0,A
CZE,AE,P5L,GF10,2018,5699.0,A
CZE,AE,P5L,GF01,2019,33626.0,A
CZE,AE,P5L,GF02,2019,10054.0,A
CZE,AE,P5L,GF03,2019,11569.0,A
CZE,AE,P5L,GF04,2019,94848.0,A
CZE,AE,P5L,GF05,2019,16382.0,A
CZE,AE,P5L,GF06,2019,7013.0,A
CZE,AE,P5L,GF07,2019,17678.0,A
CZE,AE,P5L,GF08,2019,18598.0,A
CZE,AE,P5L,GF09,2019,42489.0,A
CZE,AE,P5L,GF10,2019,6311.0,A
CZE,AE,P5L,GF01,2020,32586.0,A
CZE,AE,P5L,GF02,2020,14002.0,A
CZE,AE,P5L,GF03,2020,13854.0,A
CZE,AE,P5L,GF04,2020,112389.0,A
CZE,AE,P5L,GF05,2020,17304.0,A
CZE,AE,P5L,GF06,2020,4232.0,A
CZE,AE,P5L,GF07,2020,22850.0,A
CZE,AE,P5L,GF08,2020,19492.0,A
CZE,AE,P5L,GF09,2020,37824.0,A
CZE,AE,P5L,GF10,2020,6133.0,A
CZE,AE,P5L,GF01,2021,29982.0,A
CZE,AE,P5L,GF02,2021,14738.0,A
CZE,AE,P5L,GF03,2021,12557.0,A
CZE,AE,P5L,GF04,2021,117123.0,A
CZE,AE,P5L,GF05,2021,19294.0,A
CZE,AE,P5L,GF06,2021,3852.0,A
CZE,AE,P5L,GF07,2021,23769.0,A
CZE,AE,P5L,GF08,2021,19869.0,A
CZE,AE,P5L,GF09,2021,34884.0,A
CZE,AE,P5L,GF10,2021,6921.0,A
CZE,AE,P5L,GF01,2022,31150.0,A
CZE,AE,P5L,GF02,2022,17534.0,A
CZE,AE,P5L,GF03,2022,11604.0,A
CZE,AE,P5L,GF04,2022,147697.0,A
CZE,AE,P5L,GF05,2022,18716.0,A
CZE,AE,P5L,GF06,2022,8244.0,A
CZE,AE,P5L,GF07,2022,34291.0,A
CZE,AE,P5L,GF08,2022,23165.0,A
CZE,AE,P5L,GF09,2022,34457.0,A
CZE,AE,P5L,GF10,2022,8791.0,A
CZE,AE,P5L,GF01,2023,28541.0,A
CZE,AE,P5L,GF02,2023,35115.0,A
CZE,AE,P5L,GF03,2023,17057.0,A
CZE,AE,P5L,GF04,2023,142089.0,A
CZE,AE,P5L,GF05,2023,18526.0,A
CZE,AE,P5L,GF06,2023,23416.0,A
CZE,AE,P5L,GF07,2023,40156.0,A
CZE,AE,P5L,GF08,2023,23538.0,A
CZE,AE,P5L,GF09,2023,37631.0,A
CZE,AE,P5L,GF10,2023,9941.0,A
CZE,AE,P5L,GF01,2024,35615.0,A
CZE,AE,P5L,GF02,2024,34178.0,A
CZE,AE,P5L,GF03,2024,12659.0,A
CZE,AE,P5L,GF04,2024,146344.0,A
CZE,AE,P5L,GF05,2024,18842.0,A
CZE,AE,P5L,GF06,2024,27416.0,A
CZE,AE,P5L,GF07,2024,32563.0,A
CZE,AE,P5L,GF08,2024,20805.0,A
CZE,AE,P5L,GF09,2024,44214.0,A
CZE,AE,P5L,GF10,2024,8436.0,A
DEU,AE,P5L,GF01,2000,5387.0,A
DEU,AE,P5L,GF02,2000,5223.0,A
DEU,AE,P5L,GF03,2000,2622.0,A
DEU,AE,P5L,GF04,2000,22372.0,A
DEU,AE,P5L,GF05,2000,3829.0,A
DEU,AE,P5L,GF06,2000,2626.0,A
DEU,AE,P5L,GF07,2000,975.0,A
DEU,AE,P5L,GF08,2000,3639.0,A
DEU,AE,P5L,GF09,2000,7430.0,A
DEU,AE,P5L,GF10,2000,997.0,A
DEU,AE,P5L,GF01,2001,6258.0,A
DEU,AE,P5L,GF02,2001,4648.0,A
DEU,AE,P5L,GF03,2001,2565.0,A
DEU,AE,P5L,GF04,2001,21461.0,A
DEU,AE,P5L,GF05,2001,3323.0,A
DEU,AE,P5L,GF06,2001,2635.0,A
DEU,AE,P5L,GF07,2001,956.0,A
DEU,AE,P5L,GF08,2001,3608.0,A
DEU,AE,P5L,GF09,2001,7411.0,A
DEU,AE,P5L,GF10,2001,995.0,A
DEU,AE,P5L,GF01,2002,6909.0,A
DEU,AE,P5L,GF02,2002,4438.0,A
DEU,AE,P5L,GF03,2002,2398.0,A
DEU,AE,P5L,GF04,2002,23935.0,A
DEU,AE,P5L,GF05,2002,2488.0,A
DEU,AE,P5L,GF06,2002,2616.0,A
DEU,AE,P5L,GF07,2002,1054.0,A
DEU,AE,P5L,GF08,2002,3563.0,A
DEU,AE,P5L,GF09,2002,7620.0,A
DEU,AE,P5L,GF10,2002,869.0,A
DEU,AE,P5L,GF01,2003,5860.0,A
DEU,AE,P5L,GF02,2003,4918.0,A
DEU,AE,P5L,GF03,2003,2280.0,A
DEU,AE,P5L,GF04,2003,24517.0,A
DEU,AE,P5L,GF05,2003,2625.0,A
DEU,AE,P5L,GF06,2003,2322.0,A
DEU,AE,P5L,GF07,2003,907.0,A
DEU,AE,P5L,GF08,2003,3380.0,A
DEU,AE,P5L,GF09,2003,7257.0,A
DEU,AE,P5L,GF10,2003,938.0,A
DEU,AE,P5L,GF01,2004,5745.0,A
DEU,AE,P5L,GF02,2004,4567.0,A
DEU,AE,P5L,GF03,2004,2120.0,A
DEU,AE,P5L,GF04,2004,20398.0,A
DEU,AE,P5L,GF05,2004,2299.0,A
DEU,AE,P5L,GF06,2004,2187.0,A
DEU,AE,P5L,GF07,2004,919.0,A
DEU,AE,P5L,GF08,2004,3057.0,A
DEU,AE,P5L,GF09,2004,6701.0,A
DEU,AE,P5L,GF10,2004,896.0,A
DEU,AE,P5L,GF01,2005,4086.0,A
DEU,AE,P5L,GF02,2005,6350.0,A
DEU,AE,P5L,GF03,2005,2024.0,A
DEU,AE,P5L,GF04,2005,22201.0,A
DEU,AE,P5L,GF05,2005,2219.0,A
DEU,AE,P5L,GF06,2005,2149.0,A
DEU,AE,P5L,GF07,2005,921.0,A
DEU,AE,P5L,GF08,2005,2908.0,A
DEU,AE,P5L,GF09,2005,6740.0,A
DEU,AE,P5L,GF10,2005,969.0,A
DEU,AE,P5L,GF01,2006,5262.0,A
DEU,AE,P5L,GF02,2006,8267.0,A
DEU,AE,P5L,GF03,2006,2121.0,A
DEU,AE,P5L,GF04,2006,21164.0,A
DEU,AE,P5L,GF05,2006,2765.0,A
DEU,AE,P5L,GF06,2006,2356.0,A
DEU,AE,P5L,GF07,2006,760.0,A
DEU,AE,P5L,GF08,2006,3099.0,A
DEU,AE,P5L,GF09,2006,7756.0,A
DEU,AE,P5L,GF10,2006,749.0,A
DEU,AE,P5L,GF01,2007,7224.0,A
DEU,AE,P5L,GF02,2007,5503.0,A
DEU,AE,P5L,GF03,2007,2041.0,A
DEU,AE,P5L,GF04,2007,21023.0,A
DEU,AE,P5L,GF05,2007,2524.0,A
DEU,AE,P5L,GF06,2007,2547.0,A
DEU,AE,P5L,GF07,2007,1069.0,A
DEU,AE,P5L,GF08,2007,3369.0,A
DEU,AE,P5L,GF09,2007,8103.0,A
DEU,AE,P5L,GF10,2007,657.0,A
DEU,AE,P5L,GF01,2008,8997.0,A
DEU,AE,P5L,GF02,2008,6469.0,A
DEU,AE,P5L,GF03,2008,2108.0,A
DEU,AE,P5L,GF04,2008,23492.0,A
DEU,AE,P5L,GF05,2008,2440.0,A
DEU,AE,P5L,GF06,2008,2510.0,A
DEU,AE,P5L,GF07,2008,1030.0,A
DEU,AE,P5L,GF08,2008,3836.0,A
DEU,AE,P5L,GF09,2008,8184.0,A
DEU,AE,P5L,GF10,2008,659.0,A
DEU,AE,P5L,GF01,2009,10994.0,A
DEU,AE,P5L,GF02,2009,7485.0,A
DEU,AE,P5L,GF03,2009,2406.0,A
DEU,AE,P5L,GF04,2009,24753.0,A
DEU,AE,P5L,GF05,2009,2460.0,A
DEU,AE,P5L,GF06,2009,2212.0,A
DEU,AE,P5L,GF07,2009,884.0,A
DEU,AE,P5L,GF08,2009,3929.0,A
DEU,AE,P5L,GF09,2009,8791.0,A
DEU,AE,P5L,GF10,2009,943.0,A
DEU,AE,P5L,GF01,2010,10706.0,A
DEU,AE,P5L,GF02,2010,8699.0,A
DEU,AE,P5L,GF03,2010,2433.0,A
DEU,AE,P5L,GF04,2010,22995.0,A
DEU,AE,P5L,GF05,2010,2345.0,A
DEU,AE,P5L,GF06,2010,2186.0,A
DEU,AE,P5L,GF07,2010,1128.0,A
DEU,AE,P5L,GF08,2010,4254.0,A
DEU,AE,P5L,GF09,2010,10718.0,A
DEU,AE,P5L,GF10,2010,955.0,A
DEU,AE,P5L,GF01,2011,11144.0,A
DEU,AE,P5L,GF02,2011,9304.0,A
DEU,AE,P5L,GF03,2011,2355.0,A
DEU,AE,P5L,GF04,2011,23203.0,A
DEU,AE,P5L,GF05,2011,2938.0,A
DEU,AE,P5L,GF06,2011,2080.0,A
DEU,AE,P5L,GF07,2011,1344.0,A
DEU,AE,P5L,GF08,2011,3718.0,A
DEU,AE,P5L,GF09,2011,10654.0,A
DEU,AE,P5L,GF10,2011,988.0,A
DEU,AE,P5L,GF01,2012,12350.0,A
DEU,AE,P5L,GF02,2012,6739.0,A
DEU,AE,P5L,GF03,2012,2483.0,A
DEU,AE,P5L,GF04,2012,26156.0,A
DEU,AE,P5L,GF05,2012,3184.0,A
DEU,AE,P5L,GF06,2012,1948.0,A
DEU,AE,P5L,GF07,2012,1300.0,A
DEU,AE,P5L,GF08,2012,3090.0,A
DEU,AE,P5L,GF09,2012,8781.0,A
DEU,AE,P5L,GF10,2012,1089.0,A
DEU,AE,P5L,GF01,2013,11903.0,A
DEU,AE,P5L,GF02,2013,5651.0,A
DEU,AE,P5L,GF03,2013,2607.0,A
DEU,AE,P5L,GF04,2013,27069.0,A
DEU,AE,P5L,GF05,2013,3343.0,A
DEU,AE,P5L,GF06,2013,2012.0,A
DEU,AE,P5L,GF07,2013,1340.0,A
DEU,AE,P5L,GF08,2013,3315.0,A
DEU,AE,P5L,GF09,2013,9455.0,A
DEU,AE,P5L,GF10,2013,1321.0,A
DEU,AE,P5L,GF01,2014,13319.0,A
DEU,AE,P5L,GF02,2014,4237.0,A
DEU,AE,P5L,GF03,2014,2583.0,A
DEU,AE,P5L,GF04,2014,27213.0,A
DEU,AE,P5L,GF05,2014,3295.0,A
DEU,AE,P5L,GF06,2014,1896.0,A
DEU,AE,P5L,GF07,2014,1461.0,A
DEU,AE,P5L,GF08,2014,3434.0,A
DEU,AE,P5L,GF09,2014,9007.0,A
DEU,AE,P5L,GF10,2014,1225.0,A
DEU,AE,P5L,GF01,2015,15290.0,A
DEU,AE,P5L,GF02,2015,5645.0,A
DEU,AE,P5L,GF03,2015,2499.0,A
DEU,AE,P5L,GF04,2015,28352.0,A
DEU,AE,P5L,GF05,2015,3182.0,A
DEU,AE,P5L,GF06,2015,1786.0,A
DEU,AE,P5L,GF07,2015,1393.0,A
DEU,AE,P5L,GF08,2015,3581.0,A
DEU,AE,P5L,GF09,2015,8442.0,A
DEU,AE,P5L,GF10,2015,1789.0,A
DEU,AE,P5L,GF01,2016,16124.0,A
DEU,AE,P5L,GF02,2016,6181.0,A
DEU,AE,P5L,GF03,2016,2855.0,A
DEU,AE,P5L,GF04,2016,28932.0,A
DEU,AE,P5L,GF05,2016,3454.0,A
DEU,AE,P5L,GF06,2016,1918.0,A
DEU,AE,P5L,GF07,2016,1447.0,A
DEU,AE,P5L,GF08,2016,3481.0,A
DEU,AE,P5L,GF09,2016,8856.0,A
DEU,AE,P5L,GF10,2016,2813.0,A
DEU,AE,P5L,GF01,2017,17246.0,A
DEU,AE,P5L,GF02,2017,6941.0,A
DEU,AE,P5L,GF03,2017,3234.0,A
DEU,AE,P5L,GF04,2017,31184.0,A
DEU,AE,P5L,GF05,2017,3053.0,A
DEU,AE,P5L,GF06,2017,1874.0,A
DEU,AE,P5L,GF07,2017,1500.0,A
DEU,AE,P5L,GF08,2017,3816.0,A
DEU,AE,P5L,GF09,2017,9384.0,A
DEU,AE,P5L,GF10,2017,1711.0,A
DEU,AE,P5L,GF01,2018,19331.0,A
DEU,AE,P5L,GF02,2018,8756.0,A
DEU,AE,P5L,GF03,2018,3376.0,A
DEU,AE,P5L,GF04,2018,33980.0,A
DEU,AE,P5L,GF05,2018,3314.0,A
DEU,AE,P5L,GF06,2018,2335.0,A
DEU,AE,P5L,GF07,2018,1687.0,A
DEU,AE,P5L,GF08,2018,3923.0,A
DEU,AE,P5L,GF09,2018,10138.0,A
DEU,AE,P5L,GF10,2018,1575.0,A
DEU,AE,P5L,GF01,2019,21664.0,A
DEU,AE,P5L,GF02,2019,7535.0,A
DEU,AE,P5L,GF03,2019,3879.0,A
DEU,AE,P5L,GF04,2019,36594.0,A
DEU,AE,P5L,GF05,2019,3386.0,A
DEU,AE,P5L,GF06,2019,2453.0,A
DEU,AE,P5L,GF07,2019,1762.0,A
DEU,AE,P5L,GF08,2019,4114.0,A
DEU,AE,P5L,GF09,2019,11861.0,A
DEU,AE,P5L,GF10,2019,1612.0,A
DEU,AE,P5L,GF01,2020,24264.0,A
DEU,AE,P5L,GF02,2020,7947.0,A
DEU,AE,P5L,GF03,2020,4409.0,A
DEU,AE,P5L,GF04,2020,37774.0,A
DEU,AE,P5L,GF05,2020,3472.0,A
DEU,AE,P5L,GF06,2020,2782.0,A
DEU,AE,P5L,GF07,2020,3884.0,A
DEU,AE,P5L,GF08,2020,4552.0,A
DEU,AE,P5L,GF09,2020,13755.0,A
DEU,AE,P5L,GF10,2020,1623.0,A
DEU,AE,P5L,GF01,2021,23757.0,A
DEU,AE,P5L,GF02,2021,8623.0,A
DEU,AE,P5L,GF03,2021,4607.0,A
DEU,AE,P5L,GF04,2021,38454.0,A
DEU,AE,P5L,GF05,2021,2784.0,A
DEU,AE,P5L,GF06,2021,1701.0,A
DEU,AE,P5L,GF07,2021,3527.0,A
DEU,AE,P5L,GF08,2021,4461.0,A
DEU,AE,P5L,GF09,2021,14656.0,A
DEU,AE,P5L,GF10,2021,1608.0,A
DEU,AE,P5L,GF01,2022,27791.0,P
DEU,AE,P5L,GF02,2022,8860.0,P
DEU,AE,P5L,GF03,2022,5071.0,P
DEU,AE,P5L,GF04,2022,42080.0,P
DEU,AE,P5L,GF05,2022,2599.0,P
DEU,AE,P5L,GF06,2022,2482.0,P
DEU,AE,P5L,GF07,2022,2287.0,P
DEU,AE,P5L,GF08,2022,5023.0,P
DEU,AE,P5L,GF09,2022,15985.0,P
DEU,AE,P5L,GF10,2022,2044.0,P
DEU,AE,P5L,GF01,2023,31823.0,P
DEU,AE,P5L,GF02,2023,8038.0,P
DEU,AE,P5L,GF03,2023,5463.0,P
DEU,AE,P5L,GF04,2023,42332.0,P
DEU,AE,P5L,GF05,2023,2738.0,P
DEU,AE,P5L,GF06,2023,2950.0,P
DEU,AE,P5L,GF07,2023,2116.0,P
DEU,AE,P5L,GF08,2023,5208.0,P
DEU,AE,P5L,GF09,2023,16659.0,P
DEU,AE,P5L,GF10,2023,2253.0,P
DEU,AE,P5L,GF01,2024,34316.0,P
DEU,AE,P5L,GF02,2024,8376.0,P
DEU,AE,P5L,GF03,2024,6263.0,P
DEU,AE,P5L,GF04,2024,48789.0,P
DEU,AE,P5L,GF05,2024,2926.0,P
DEU,AE,P5L,GF06,2024,3452.0,P
DEU,AE,P5L,GF07,2024,2046.0,P
DEU,AE,P5L,GF08,2024,5606.0,P
DEU,AE,P5L,GF09,2024,17270.0,P
DEU,AE,P5L,GF10,2024,2338.0,P
DNK,AE,P5L,GF01,2000,7180.81,A
DNK,AE,P5L,GF02,2000,4435.81,A
DNK,AE,P5L,GF03,2000,547.75,A
DNK,AE,P5L,GF04,2000,6746.03,A
DNK,AE,P5L,GF05,2000,683.98,A
DNK,AE,P5L,GF06,2000,459.4,A
DNK,AE,P5L,GF07,2000,4482.51,A
DNK,AE,P5L,GF08,2000,2039.52,A
DNK,AE,P5L,GF09,2000,5850.07,A
DNK,AE,P5L,GF10,2000,2307.04,A
DNK,AE,P5L,GF01,2001,9349.56,A
DNK,AE,P5L,GF02,2001,4761.62,A
DNK,AE,P5L,GF03,2001,613.92,A
DNK,AE,P5L,GF04,2001,6569.01,A
DNK,AE,P5L,GF05,2001,1249.22,A
DNK,AE,P5L,GF06,2001,-1381.63,A
DNK,AE,P5L,GF07,2001,5360.41,A
DNK,AE,P5L,GF08,2001,2580.63,A
DNK,AE,P5L,GF09,2001,5592.48,A
DNK,AE,P5L,GF10,2001,2615.93,A
DNK,AE,P5L,GF01,2002,7911.62,A
DNK,AE,P5L,GF02,2002,4105.08,A
DNK,AE,P5L,GF03,2002,564.84,A
DNK,AE,P5L,GF04,2002,6228.0,A
DNK,AE,P5L,GF05,2002,1609.39,A
DNK,AE,P5L,GF06,2002,197.8,A
DNK,AE,P5L,GF07,2002,4757.88,A
DNK,AE,P5L,GF08,2002,2162.32,A
DNK,AE,P5L,GF09,2002,6622.61,A
DNK,AE,P5L,GF10,2002,2227.16,A
DNK,AE,P5L,GF01,2003,7453.52,A
DNK,AE,P5L,GF02,2003,4267.43,A
DNK,AE,P5L,GF03,2003,690.75,A
DNK,AE,P5L,GF04,2003,6618.22,A
DNK,AE,P5L,GF05,2003,1610.69,A
DNK,AE,P5L,GF06,2003,43.01,A
DNK,AE,P5L,GF07,2003,4114.75,A
DNK,AE,P5L,GF08,2003,2384.88,A
DNK,AE,P5L,GF09,2003,6455.23,A
DNK,AE,P5L,GF10,2003,2013.88,A
DNK,AE,P5L,GF01,2004,7431.88,A
DNK,AE,P5L,GF02,2004,3636.3,A
DNK,AE,P5L,GF03,2004,826.08,A
DNK,AE,P5L,GF04,2004,7900.23,A
DNK,AE,P5L,GF05,2004,1553.77,A
DNK,AE,P5L,GF06,2004,-757.43,A
DNK,AE,P5L,GF07,2004,5097.28,A
DNK,AE,P5L,GF08,2004,4839.14,A
DNK,AE,P5L,GF09,2004,6261.05,A
DNK,AE,P5L,GF10,2004,2485.9,A
DNK,AE,P5L,GF01,2005,9261.33,A
DNK,AE,P5L,GF02,2005,2612.0,A
DNK,AE,P5L,GF03,2005,872.72,A
DNK,AE,P5L,GF04,2005,7900.99,A
DNK,AE,P5L,GF05,2005,1670.94,A
DNK,AE,P5L,GF06,2005,-1350.12,A
DNK,AE,P5L,GF07,2005,5620.24,A
DNK,AE,P5L,GF08,2005,2718.85,A
DNK,AE,P5L,GF09,2005,6323.62,A
DNK,AE,P5L,GF10,2005,2254.24,A
DNK,AE,P5L,GF01,2006,11413.68,A
DNK,AE,P5L,GF02,2006,4946.56,A
DNK,AE,P5L,GF03,2006,701.69,A
DNK,AE,P5L,GF04,2006,8516.3,A
DNK,AE,P5L,GF05,2006,1725.57,A
DNK,AE,P5L,GF06,2006,-2906.92,A
DNK,AE,P5L,GF07,2006,6564.78,A
DNK,AE,P5L,GF08,2006,2915.78,A
DNK,AE,P5L,GF09,2006,6301.11,A
DNK,AE,P5L,GF10,2006,2401.03,A
DNK,AE,P5L,GF01,2007,13593.51,A
DNK,AE,P5L,GF02,2007,7411.78,A
DNK,AE,P5L,GF03,2007,401.85,A
DNK,AE,P5L,GF04,2007,7468.05,A
DNK,AE,P5L,GF05,2007,2041.12,A
DNK,AE,P5L,GF06,2007,-759.77,A
DNK,AE,P5L,GF07,2007,6559.19,A
DNK,AE,P5L,GF08,2007,2923.61,A
DNK,AE,P5L,GF09,2007,6538.93,A
DNK,AE,P5L,GF10,2007,2980.37,A
DNK,AE,P5L,GF01,2008,15631.11,A
DNK,AE,P5L,GF02,2008,3324.16,A
DNK,AE,P5L,GF03,2008,1510.49,A
DNK,AE,P5L,GF04,2008,9048.99,A
DNK,AE,P5L,GF05,2008,1081.46,A
DNK,AE,P5L,GF06,2008,1099.85,A
DNK,AE,P5L,GF07,2008,7583.93,A
DNK,AE,P5L,GF08,2008,4074.5,A
DNK,AE,P5L,GF09,2008,5513.22,A
DNK,AE,P5L,GF10,2008,3076.29,A
DNK,AE,P5L,GF01,2009,18185.31,A
DNK,AE,P5L,GF02,2009,1704.46,A
DNK,AE,P5L,GF03,2009,1096.63,A
DNK,AE,P5L,GF04,2009,8373.95,A
DNK,AE,P5L,GF05,2009,752.76,A
DNK,AE,P5L,GF06,2009,890.55,A
DNK,AE,P5L,GF07,2009,8323.97,A
DNK,AE,P5L,GF08,2009,2667.93,A
DNK,AE,P5L,GF09,2009,6817.66,A
DNK,AE,P5L,GF10,2009,3471.17,A
DNK,AE,P5L,GF01,2010,18928.83,A
DNK,AE,P5L,GF02,2010,1947.12,A
DNK,AE,P5L,GF03,2010,1223.34,A
DNK,AE,P5L,GF04,2010,10753.17,A
DNK,AE,P5L,GF05,2010,830.65,A
DNK,AE,P5L,GF06,2010,-1012.39,A
DNK,AE,P5L,GF07,2010,8314.47,A
DNK,AE,P5L,GF08,2010,2607.4,A
DNK,AE,P5L,GF09,2010,9142.2,A
DNK,AE,P5L,GF10,2010,3755.35,A
DNK,AE,P5L,GF01,2011,18231.57,A
DNK,AE,P5L,GF02,2011,1914.32,A
DNK,AE,P5L,GF03,2011,1475.58,A
DNK,AE,P5L,GF04,2011,13285.64,A
DNK,AE,P5L,GF05,2011,763.25,A
DNK,AE,P5L,GF06,2011,-207.6,A
DNK,AE,P5L,GF07,2011,9315.25,A
DNK,AE,P5L,GF08,2011,2923.29,A
DNK,AE,P5L,GF09,2011,6491.49,A
DNK,AE,P5L,GF10,2011,4613.04,A
DNK,AE,P5L,GF01,2012,20208.33,A
DNK,AE,P5L,GF02,2012,2189.5,A
DNK,AE,P5L,GF03,2012,1219.51,A
DNK,AE,P5L,GF04,2012,16245.42,A
DNK,AE,P5L,GF05,2012,1010.87,A
DNK,AE,P5L,GF06,2012,259.4,A
DNK,AE,P5L,GF07,2012,11932.94,A
DNK,AE,P5L,GF08,2012,3289.48,A
DNK,AE,P5L,GF09,2012,9418.74,A
DNK,AE,P5L,GF10,2012,4061.55,A
DNK,AE,P5L,GF01,2013,21127.25,A
DNK,AE,P5L,GF02,2013,2553.57,A
DNK,AE,P5L,GF03,2013,1274.7,A
DNK,AE,P5L,GF04,2013,15021.6,A
DNK,AE,P5L,GF05,2013,910.85,A
DNK,AE,P5L,GF06,2013,73.85,A
DNK,AE,P5L,GF07,2013,10571.25,A
DNK,AE,P5L,GF08,2013,3016.07,A
DNK,AE,P5L,GF09,2013,9391.97,A
DNK,AE,P5L,GF10,2013,4329.66,A
DNK,AE,P5L,GF01,2014,23555.18,A
DNK,AE,P5L,GF02,2014,1885.97,A
DNK,AE,P5L,GF03,2014,1655.57,A
DNK,AE,P5L,GF04,2014,16700.11,A
DNK,AE,P5L,GF05,2014,969.53,A
DNK,AE,P5L,GF06,2014,-384.67,A
DNK,AE,P5L,GF07,2014,12060.32,A
DNK,AE,P5L,GF08,2014,3309.48,A
DNK,AE,P5L,GF09,2014,10779.94,A
DNK,AE,P5L,GF10,2014,3692.99,A
DNK,AE,P5L,GF01,2015,20757.61,A
DNK,AE,P5L,GF02,2015,1595.5,A
DNK,AE,P5L,GF03,2015,1333.31,A
DNK,AE,P5L,GF04,2015,17142.03,A
DNK,AE,P5L,GF05,2015,886.25,A
DNK,AE,P5L,GF06,2015,-1314.05,A
DNK,AE,P5L,GF07,2015,11573.75,A
DNK,AE,P5L,GF08,2015,3827.58,A
DNK,AE,P5L,GF09,2015,10646.26,A
DNK,AE,P5L,GF10,2015,3234.13,A
DNK,AE,P5L,GF01,2016,23013.7,A
DNK,AE,P5L,GF02,2016,3029.58,A
DNK,AE,P5L,GF03,2016,1616.91,A
DNK,AE,P5L,GF04,2016,17137.29,A
DNK,AE,P5L,GF05,2016,988.37,A
DNK,AE,P5L,GF06,2016,-253.42,A
DNK,AE,P5L,GF07,2016,11526.48,A
DNK,AE,P5L,GF08,2016,3654.11,A
DNK,AE,P5L,GF09,2016,12854.3,A
DNK,AE,P5L,GF10,2016,2938.33,A
DNK,AE,P5L,GF01,2017,21175.29,A
DNK,AE,P5L,GF02,2017,3506.86,A
DNK,AE,P5L,GF03,2017,1187.27,A
DNK,AE,P5L,GF04,2017,16717.24,A
DNK,AE,P5L,GF05,2017,720.54,A
DNK,AE,P5L,GF06,2017,-547.87,A
DNK,AE,P5L,GF07,2017,11977.78,A
DNK,AE,P5L,GF08,2017,3745.9,A
DNK,AE,P5L,GF09,2017,8886.18,A
DNK,AE,P5L,GF10,2017,3286.77,A
DNK,AE,P5L,GF01,2018,23060.12,A
DNK,AE,P5L,GF02,2018,3902.17,A
DNK,AE,P5L,GF03,2018,1049.13,A
DNK,AE,P5L,GF04,2018,17244.32,A
DNK,AE,P5L,GF05,2018,827.09,A
DNK,AE,P5L,GF06,2018,347.45,A
DNK,AE,P5L,GF07,2018,12043.93,A
DNK,AE,P5L,GF08,2018,3141.27,A
DNK,AE,P5L,GF09,2018,9153.55,A
DNK,AE,P5L,GF10,2018,3201.17,A
DNK,AE,P5L,GF01,2019,21865.58,A
DNK,AE,P5L,GF02,2019,4136.85,A
DNK,AE,P5L,GF03,2019,1085.69,A
DNK,AE,P5L,GF04,2019,14644.2,A
DNK,AE,P5L,GF05,2019,891.05,A
DNK,AE,P5L,GF06,2019,-486.03,A
DNK,AE,P5L,GF07,2019,12519.33,A
DNK,AE,P5L,GF08,2019,2961.91,A
DNK,AE,P5L,GF09,2019,10120.85,A
DNK,AE,P5L,GF10,2019,3443.37,A
DNK,AE,P5L,GF01,2020,23504.7,A
DNK,AE,P5L,GF02,2020,4657.27,A
DNK,AE,P5L,GF03,2020,1059.48,A
DNK,AE,P5L,GF04,2020,16179.49,A
DNK,AE,P5L,GF05,2020,976.31,A
DNK,AE,P5L,GF06,2020,131.1,A
DNK,AE,P5L,GF07,2020,15797.46,A
DNK,AE,P5L,GF08,2020,3705.57,A
DNK,AE,P5L,GF09,2020,9116.01,A
DNK,AE,P5L,GF10,2020,3789.67,A
DNK,AE,P5L,GF01,2021,22126.84,A
DNK,AE,P5L,GF02,2021,6954.32,A
DNK,AE,P5L,GF03,2021,1163.21,A
DNK,AE,P5L,GF04,2021,13975.07,A
DNK,AE,P5L,GF05,2021,855.88,A
DNK,AE,P5L,GF06,2021,-1557.59,A
DNK,AE,P5L,GF07,2021,16402.7,A
DNK,AE,P5L,GF08,2021,3810.18,A
DNK,AE,P5L,GF09,2021,8357.07,A
DNK,AE,P5L,GF10,2021,4270.56,A
DNK,AE,P5L,GF01,2022,24990.07,A
DNK,AE,P5L,GF02,2022,6312.43,A
DNK,AE,P5L,GF03,2022,1365.18,A
DNK,AE,P5L,GF04,2022,17869.74,A
DNK,AE,P5L,GF05,2022,1254.64,A
DNK,AE,P5L,GF06,2022,-348.83,A
DNK,AE,P5L,GF07,2022,14802.39,A
DNK,AE,P5L,GF08,2022,3334.46,A
DNK,AE,P5L,GF09,2022,9616.37,A
DNK,AE,P5L,GF10,2022,4624.85,A
DNK,AE,P5L,GF01,2023,23569.01,A
DNK,AE,P5L,GF02,2023,7695.57,A
DNK,AE,P5L,GF03,2023,1742.07,A
DNK,AE,P5L,GF04,2023,20654.81,A
DNK,AE,P5L,GF05,2023,1342.84,A
DNK,AE,P5L,GF06,2023,579.19,A
DNK,AE,P5L,GF07,2023,12779.97,A
DNK,AE,P5L,GF08,2023,3480.45,A
DNK,AE,P5L,GF09,2023,9949.41,A
DNK,AE,P5L,GF10,2023,4730.09,A
DNK,AE,P5L,GF01,2024,24306.04,A
DNK,AE,P5L,GF02,2024,6005.3,A
DNK,AE,P5L,GF03,2024,2062.47,A
DNK,AE,P5L,GF04,2024,23492.25,A
DNK,AE,P5L,GF05,2024,1565.93,A
DNK,AE,P5L,GF06,2024,492.29,A
DNK,AE,P5L,GF07,2024,14663.93,A
DNK,AE,P5L,GF08,2024,3581.16,A
DNK,AE,P5L,GF09,2024,10116.2,A
DNK,AE,P5L,GF10,2024,5007.88,A
ESP,AE,P5L,GF01,2000,2354.0,A
ESP,AE,P5L,GF02,2000,1703.0,A
ESP,AE,P5L,GF03,2000,720.0,A
ESP,AE,P5L,GF04,2000,10423.0,A
ESP,AE,P5L,GF05,2000,1413.0,A
ESP,AE,P5L,GF06,2000,3137.0,A
ESP,AE,P5L,GF07,2000,1326.0,A
ESP,AE,P5L,GF08,2000,1560.0,A
ESP,AE,P5L,GF09,2000,1415.0,A
ESP,AE,P5L,GF10,2000,398.0,A
ESP,AE,P5L,GF01,2001,2950.0,A
ESP,AE,P5L,GF02,2001,1838.0,A
ESP,AE,P5L,GF03,2001,897.0,A
ESP,AE,P5L,GF04,2001,11217.0,A
ESP,AE,P5L,GF05,2001,1667.0,A
ESP,AE,P5L,GF06,2001,3269.0,A
ESP,AE,P5L,GF07,2001,1581.0,A
ESP,AE,P5L,GF08,2001,1806.0,A
ESP,AE,P5L,GF09,2001,1387.0,A
ESP,AE,P5L,GF10,2001,455.0,A
ESP,AE,P5L,GF01,2002,3411.0,A
ESP,AE,P5L,GF02,2002,2143.0,A
ESP,AE,P5L,GF03,2002,967.0,A
ESP,AE,P5L,GF04,2002,12611.0,A
ESP,AE,P5L,GF05,2002,2037.0,A
ESP,AE,P5L,GF06,2002,3337.0,A
ESP,AE,P5L,GF07,2002,1783.0,A
ESP,AE,P5L,GF08,2002,2135.0,A
ESP,AE,P5L,GF09,2002,1869.0,A
ESP,AE,P5L,GF10,2002,553.0,A
ESP,AE,P5L,GF01,2003,3873.0,A
ESP,AE,P5L,GF02,2003,2107.0,A
ESP,AE,P5L,GF03,2003,1140.0,A
ESP,AE,P5L,GF04,2003,12597.0,A
ESP,AE,P5L,GF05,2003,2237.0,A
ESP,AE,P5L,GF06,2003,3816.0,A
ESP,AE,P5L,GF07,2003,2040.0,A
ESP,AE,P5L,GF08,2003,2372.0,A
ESP,AE,P5L,GF09,2003,2076.0,A
ESP,AE,P5L,GF10,2003,643.0,A
ESP,AE,P5L,GF01,2004,3634.0,A
ESP,AE,P5L,GF02,2004,2778.0,A
ESP,AE,P5L,GF03,2004,915.0,A
ESP,AE,P5L,GF04,2004,15543.0,A
ESP,AE,P5L,GF05,2004,1869.0,A
ESP,AE,P5L,GF06,2004,2198.0,A
ESP,AE,P5L,GF07,2004,2273.0,A
ESP,AE,P5L,GF08,2004,2576.0,A
ESP,AE,P5L,GF09,2004,2375.0,A
ESP,AE,P5L,GF10,2004,618.0,A
ESP,AE,P5L,GF01,2005,4414.0,A
ESP,AE,P5L,GF02,2005,3196.0,A
ESP,AE,P5L,GF03,2005,1055.0,A
ESP,AE,P5L,GF04,2005,17424.0,A
ESP,AE,P5L,GF05,2005,2088.0,A
ESP,AE,P5L,GF06,2005,2685.0,A
ESP,AE,P5L,GF07,2005,2604.0,A
ESP,AE,P5L,GF08,2005,2716.0,A
ESP,AE,P5L,GF09,2005,2453.0,A
ESP,AE,P5L,GF10,2005,626.0,A
ESP,AE,P5L,GF01,2006,5296.0,A
ESP,AE,P5L,GF02,2006,2871.0,A
ESP,AE,P5L,GF03,2006,1247.0,A
ESP,AE,P5L,GF04,2006,18051.0,A
ESP,AE,P5L,GF05,2006,2810.0,A
ESP,AE,P5L,GF06,2006,2040.0,A
ESP,AE,P5L,GF07,2006,3209.0,A
ESP,AE,P5L,GF08,2006,3393.0,A
ESP,AE,P5L,GF09,2006,3091.0,A
ESP,AE,P5L,GF10,2006,987.0,A
ESP,AE,P5L,GF01,2007,5624.0,A
ESP,AE,P5L,GF02,2007,2726.0,A
ESP,AE,P5L,GF03,2007,1772.0,A
ESP,AE,P5L,GF04,2007,21892.0,A
ESP,AE,P5L,GF05,2007,3245.0,A
ESP,AE,P5L,GF06,2007,4020.0,A
ESP,AE,P5L,GF07,2007,3482.0,A
ESP,AE,P5L,GF08,2007,3763.0,A
ESP,AE,P5L,GF09,2007,3446.0,A
ESP,AE,P5L,GF10,2007,1010.0,A
ESP,AE,P5L,GF01,2008,5403.0,A
ESP,AE,P5L,GF02,2008,2855.0,A
ESP,AE,P5L,GF03,2008,1662.0,A
ESP,AE,P5L,GF04,2008,23116.0,A
ESP,AE,P5L,GF05,2008,2691.0,A
ESP,AE,P5L,GF06,2008,5472.0,A
ESP,AE,P5L,GF07,2008,4023.0,A
ESP,AE,P5L,GF08,2008,3673.0,A
ESP,AE,P5L,GF09,2008,3662.0,A
ESP,AE,P5L,GF10,2008,898.0,A
ESP,AE,P5L,GF01,2009,5676.0,A
ESP,AE,P5L,GF02,2009,2256.0,A
ESP,AE,P5L,GF03,2009,1463.0,A
ESP,AE,P5L,GF04,2009,24610.0,A
ESP,AE,P5L,GF05,2009,2863.0,A
ESP,AE,P5L,GF06,2009,7314.0,A
ESP,AE,P5L,GF07,2009,4158.0,A
ESP,AE,P5L,GF08,2009,3843.0,A
ESP,AE,P5L,GF09,2009,3646.0,A
ESP,AE,P5L,GF10,2009,1080.0,A
ESP,AE,P5L,GF01,2010,5511.0,A
ESP,AE,P5L,GF02,2010,2445.0,A
ESP,AE,P5L,GF03,2010,1634.0,A
ESP,AE,P5L,GF04,2010,25236.0,A
ESP,AE,P5L,GF05,2010,2643.0,A
ESP,AE,P5L,GF06,2010,2998.0,A
ESP,AE,P5L,GF07,2010,3667.0,A
ESP,AE,P5L,GF08,2010,4071.0,A
ESP,AE,P5L,GF09,2010,2979.0,A
ESP,AE,P5L,GF10,2010,1063.0,A
ESP,AE,P5L,GF01,2011,4951.0,A
ESP,AE,P5L,GF02,2011,2169.0,A
ESP,AE,P5L,GF03,2011,1308.0,A
ESP,AE,P5L,GF04,2011,20146.0,A
ESP,AE,P5L,GF05,2011,1780.0,A
ESP,AE,P5L,GF06,2011,1749.0,A
ESP,AE,P5L,GF07,2011,3245.0,A
ESP,AE,P5L,GF08,2011,2693.0,A
ESP,AE,P5L,GF09,2011,2185.0,A
ESP,AE,P5L,GF10,2011,732.0,A
ESP,AE,P5L,GF01,2012,4017.0,A
ESP,AE,P5L,GF02,2012,1580.0,A
ESP,AE,P5L,GF03,2012,782.0,A
ESP,AE,P5L,GF04,2012,21114.0,A
ESP,AE,P5L,GF05,2012,1579.0,A
ESP,AE,P5L,GF06,2012,1561.0,A
ESP,AE,P5L,GF07,2012,2434.0,A
ESP,AE,P5L,GF08,2012,1225.0,A
ESP,AE,P5L,GF09,2012,1656.0,A
ESP,AE,P5L,GF10,2012,474.0,A
ESP,AE,P5L,GF01,2013,4102.0,A
ESP,AE,P5L,GF02,2013,1749.0,A
ESP,AE,P5L,GF03,2013,590.0,A
ESP,AE,P5L,GF04,2013,12731.0,A
ESP,AE,P5L,GF05,2013,1250.0,A
ESP,AE,P5L,GF06,2013,1024.0,A
ESP,AE,P5L,GF07,2013,2244.0,A
ESP,AE,P5L,GF08,2013,1138.0,A
ESP,AE,P5L,GF09,2013,1557.0,A
ESP,AE,P5L,GF10,2013,253.0,A
ESP,AE,P5L,GF01,2014,3721.0,A
ESP,AE,P5L,GF02,2014,1024.0,A
ESP,AE,P5L,GF03,2014,560.0,A
ESP,AE,P5L,GF04,2014,10339.0,A
ESP,AE,P5L,GF05,2014,1144.0,A
ESP,AE,P5L,GF06,2014,1261.0,A
ESP,AE,P5L,GF07,2014,2273.0,A
ESP,AE,P5L,GF08,2014,1143.0,A
ESP,AE,P5L,GF09,2014,1461.0,A
ESP,AE,P5L,GF10,2014,288.0,A
ESP,AE,P5L,GF01,2015,3873.0,A
ESP,AE,P5L,GF02,2015,2154.0,A
ESP,AE,P5L,GF03,2015,1209.0,A
ESP,AE,P5L,GF04,2015,13504.0,A
ESP,AE,P5L,GF05,2015,1284.0,A
ESP,AE,P5L,GF06,2015,1243.0,A
ESP,AE,P5L,GF07,2015,2327.0,A
ESP,AE,P5L,GF08,2015,1305.0,A
ESP,AE,P5L,GF09,2015,1598.0,A
ESP,AE,P5L,GF10,2015,242.0,A
ESP,AE,P5L,GF01,2016,3857.0,A
ESP,AE,P5L,GF02,2016,2238.0,A
ESP,AE,P5L,GF03,2016,600.0,A
ESP,AE,P5L,GF04,2016,9266.0,A
ESP,AE,P5L,GF05,2016,1037.0,A
ESP,AE,P5L,GF06,2016,1001.0,A
ESP,AE,P5L,GF07,2016,2215.0,A
ESP,AE,P5L,GF08,2016,1054.0,A
ESP,AE,P5L,GF09,2016,1418.0,A
ESP,AE,P5L,GF10,2016,264.0,A
ESP,AE,P5L,GF01,2017,4064.0,A
ESP,AE,P5L,GF02,2017,1969.0,A
ESP,AE,P5L,GF03,2017,738.0,A
ESP,AE,P5L,GF04,2017,9259.0,A
ESP,AE,P5L,GF05,2017,1198.0,A
ESP,AE,P5L,GF06,2017,1187.0,A
ESP,AE,P5L,GF07,2017,2389.0,A
ESP,AE,P5L,GF08,2017,1206.0,A
ESP,AE,P5L,GF09,2017,1620.0,A
ESP,AE,P5L,GF10,2017,254.0,A
ESP,AE,P5L,GF01,2018,4365.0,A
ESP,AE,P5L,GF02,2018,1771.0,A
ESP,AE,P5L,GF03,2018,707.0,A
ESP,AE,P5L,GF04,2018,11263.0,A
ESP,AE,P5L,GF05,2018,1199.0,A
ESP,AE,P5L,GF06,2018,1174.0,A
ESP,AE,P5L,GF07,2018,2598.0,A
ESP,AE,P5L,GF08,2018,1456.0,A
ESP,AE,P5L,GF09,2018,1685.0,A
ESP,AE,P5L,GF10,2018,294.0,A
ESP,AE,P5L,GF01,2019,4424.0,A
ESP,AE,P5L,GF02,2019,1901.0,A
ESP,AE,P5L,GF03,2019,707.0,A
ESP,AE,P5L,GF04,2019,11412.0,A
ESP,AE,P5L,GF05,2019,1316.0,A
ESP,AE,P5L,GF06,2019,1385.0,A
ESP,AE,P5L,GF07,2019,2728.0,A
ESP,AE,P5L,GF08,2019,1756.0,A
ESP,AE,P5L,GF09,2019,1842.0,A
ESP,AE,P5L,GF10,2019,290.0,A
ESP,AE,P5L,GF01,2020,4534.0,A
ESP,AE,P5L,GF02,2020,1928.0,A
ESP,AE,P5L,GF03,2020,769.0,A
ESP,AE,P5L,GF04,2020,13401.0,A
ESP,AE,P5L,GF05,2020,1228.0,A
ESP,AE,P5L,GF06,2020,1249.0,A
ESP,AE,P5L,GF07,2020,4327.0,A
ESP,AE,P5L,GF08,2020,1488.0,A
ESP,AE,P5L,GF09,2020,2001.0,A
ESP,AE,P5L,GF10,2020,342.0,A
ESP,AE,P5L,GF01,2021,5131.0,A
ESP,AE,P5L,GF02,2021,2602.0,A
ESP,AE,P5L,GF03,2021,1060.0,A
ESP,AE,P5L,GF04,2021,14639.0,A
ESP,AE,P5L,GF05,2021,1611.0,A
ESP,AE,P5L,GF06,2021,1672.0,A
ESP,AE,P5L,GF07,2021,3393.0,A
ESP,AE,P5L,GF08,2021,1778.0,A
ESP,AE,P5L,GF09,2021,2313.0,A
ESP,AE,P5L,GF10,2021,465.0,A
ESP,AE,P5L,GF01,2022,5685.0,A
ESP,AE,P5L,GF02,2022,4881.0,A
ESP,AE,P5L,GF03,2022,1130.0,A
ESP,AE,P5L,GF04,2022,13177.0,A
ESP,AE,P5L,GF05,2022,1848.0,A
ESP,AE,P5L,GF06,2022,1882.0,A
ESP,AE,P5L,GF07,2022,4713.0,A
ESP,AE,P5L,GF08,2022,2244.0,A
ESP,AE,P5L,GF09,2022,2505.0,A
ESP,AE,P5L,GF10,2022,524.0,A
ESP,AE,P5L,GF01,2023,6869.0,A
ESP,AE,P5L,GF02,2023,2931.0,A
ESP,AE,P5L,GF03,2023,1341.0,A
ESP,AE,P5L,GF04,2023,16164.0,A
ESP,AE,P5L,GF05,2023,2550.0,A
ESP,AE,P5L,GF06,2023,2541.0,A
ESP,AE,P5L,GF07,2023,5107.0,A
ESP,AE,P5L,GF08,2023,2699.0,A
ESP,AE,P5L,GF09,2023,3245.0,A
ESP,AE,P5L,GF10,2023,819.0,A
ESP,AE,P5L,GF01,2024,6936.0,P
ESP,AE,P5L,GF02,2024,2940.0,P
ESP,AE,P5L,GF03,2024,1342.0,P
ESP,AE,P5L,GF04,2024,15423.0,P
ESP,AE,P5L,GF05,2024,2860.0,P
ESP,AE,P5L,GF06,2024,2232.0,P
ESP,AE,P5L,GF07,2024,4671.0,P
ESP,AE,P5L,GF08,2024,2436.0,P
ESP,AE,P5L,GF09,2024,3289.0,P
ESP,AE,P5L,GF10,2024,908.0,P
EST,AE,P5L,GF01,2000,18.2,A
EST,AE,P5L,GF02,2000,28.8,A
EST,AE,P5L,GF03,2000,20.0,A
EST,AE,P5L,GF04,2000,88.7,A
EST,AE,P5L,GF05,2000,8.5,A
EST,AE,P5L,GF06,2000,5.1,A
EST,AE,P5L,GF07,2000,25.4,A
EST,AE,P5L,GF08,2000,30.2,A
EST,AE,P5L,GF09,2000,47.7,A
EST,AE,P5L,GF10,2000,3.8,A
EST,AE,P5L,GF01,2001,20.3,A
EST,AE,P5L,GF02,2001,34.7,A
EST,AE,P5L,GF03,2001,24.3,A
EST,AE,P5L,GF04,2001,106.4,A
EST,AE,P5L,GF05,2001,10.0,A
EST,AE,P5L,GF06,2001,4.3,A
EST,AE,P5L,GF07,2001,31.4,A
EST,AE,P5L,GF08,2001,36.0,A
EST,AE,P5L,GF09,2001,57.9,A
EST,AE,P5L,GF10,2001,4.6,A
EST,AE,P5L,GF01,2002,39.0,A
EST,AE,P5L,GF02,2002,50.0,A
EST,AE,P5L,GF03,2002,34.9,A
EST,AE,P5L,GF04,2002,145.8,A
EST,AE,P5L,GF05,2002,13.0,A
EST,AE,P5L,GF06,2002,4.5,A
EST,AE,P5L,GF07,2002,43.6,A
EST,AE,P5L,GF08,2002,50.3,A
EST,AE,P5L,GF09,2002,78.2,A
EST,AE,P5L,GF10,2002,6.3,A
EST,AE,P5L,GF01,2003,31.1,A
EST,AE,P5L,GF02,2003,48.5,A
EST,AE,P5L,GF03,2003,33.7,A
EST,AE,P5L,GF04,2003,140.1,A
EST,AE,P5L,GF05,2003,15.1,A
EST,AE,P5L,GF06,2003,5.2,A
EST,AE,P5L,GF07,2003,42.3,A
EST,AE,P5L,GF08,2003,50.2,A
EST,AE,P5L,GF09,2003,76.2,A
EST,AE,P5L,GF10,2003,6.1,A
EST,AE,P5L,GF01,2004,20.3,A
EST,AE,P5L,GF02,2004,52.8,A
EST,AE,P5L,GF03,2004,10.0,A
EST,AE,P5L,GF04,2004,128.4,A
EST,AE,P5L,GF05,2004,13.0,A
EST,AE,P5L,GF06,2004,-2.5,A
EST,AE,P5L,GF07,2004,30.8,A
EST,AE,P5L,GF08,2004,50.8,A
EST,AE,P5L,GF09,2004,75.0,A
EST,AE,P5L,GF10,2004,11.1,A
EST,AE,P5L,GF01,2005,6.4,A
EST,AE,P5L,GF02,2005,57.7,A
EST,AE,P5L,GF03,2005,33.2,A
EST,AE,P5L,GF04,2005,169.5,A
EST,AE,P5L,GF05,2005,33.4,A
EST,AE,P5L,GF06,2005,-15.0,A
EST,AE,P5L,GF07,2005,33.4,A
EST,AE,P5L,GF08,2005,80.5,A
EST,AE,P5L,GF09,2005,91.9,A
EST,AE,P5L,GF10,2005,4.8,A
EST,AE,P5L,GF01,2006,34.7,A
EST,AE,P5L,GF02,2006,64.9,A
EST,AE,P5L,GF03,2006,40.1,A
EST,AE,P5L,GF04,2006,255.1,A
EST,AE,P5L,GF05,2006,16.5,A
EST,AE,P5L,GF06,2006,-38.2,A
EST,AE,P5L,GF07,2006,90.6,A
EST,AE,P5L,GF08,2006,88.8,A
EST,AE,P5L,GF09,2006,142.6,A
EST,AE,P5L,GF10,2006,-6.3,A
EST,AE,P5L,GF01,2007,76.7,A
EST,AE,P5L,GF02,2007,74.4,A
EST,AE,P5L,GF03,2007,60.8,A
EST,AE,P5L,GF04,2007,300.1,A
EST,AE,P5L,GF05,2007,36.4,A
EST,AE,P5L,GF06,2007,42.0,A
EST,AE,P5L,GF07,2007,98.5,A
EST,AE,P5L,GF08,2007,92.8,A
EST,AE,P5L,GF09,2007,180.2,A
EST,AE,P5L,GF10,2007,16.4,A
EST,AE,P5L,GF01,2008,14.3,A
EST,AE,P5L,GF02,2008,120.2,A
EST,AE,P5L,GF03,2008,106.9,A
EST,AE,P5L,GF04,2008,312.3,A
EST,AE,P5L,GF05,2008,43.4,A
EST,AE,P5L,GF06,2008,30.4,A
EST,AE,P5L,GF07,2008,127.9,A
EST,AE,P5L,GF08,2008,112.4,A
EST,AE,P5L,GF09,2008,174.0,A
EST,AE,P5L,GF10,2008,25.6,A
EST,AE,P5L,GF01,2009,44.8,A
EST,AE,P5L,GF02,2009,163.0,A
EST,AE,P5L,GF03,2009,35.4,A
EST,AE,P5L,GF04,2009,354.5,A
EST,AE,P5L,GF05,2009,5.3,A
EST,AE,P5L,GF06,2009,-52.4,A
EST,AE,P5L,GF07,2009,80.4,A
EST,AE,P5L,GF08,2009,94.1,A
EST,AE,P5L,GF09,2009,131.8,A
EST,AE,P5L,GF10,2009,16.1,A
EST,AE,P5L,GF01,2010,27.3,A
EST,AE,P5L,GF02,2010,101.1,A
EST,AE,P5L,GF03,2010,38.0,A
EST,AE,P5L,GF04,2010,199.0,A
EST,AE,P5L,GF05,2010,-159.0,A
EST,AE,P5L,GF06,2010,6.8,A
EST,AE,P5L,GF07,2010,69.8,A
EST,AE,P5L,GF08,2010,73.2,A
EST,AE,P5L,GF09,2010,133.4,A
EST,AE,P5L,GF10,2010,12.7,A
EST,AE,P5L,GF01,2011,64.4,A
EST,AE,P5L,GF02,2011,82.3,A
EST,AE,P5L,GF03,2011,33.5,A
EST,AE,P5L,GF04,2011,234.4,A
EST,AE,P5L,GF05,2011,-135.9,A
EST,AE,P5L,GF06,2011,20.7,A
EST,AE,P5L,GF07,2011,73.2,A
EST,AE,P5L,GF08,2011,73.4,A
EST,AE,P5L,GF09,2011,150.8,A
EST,AE,P5L,GF10,2011,21.8,A
EST,AE,P5L,GF01,2012,149.5,A
EST,AE,P5L,GF02,2012,116.1,A
EST,AE,P5L,GF03,2012,51.5,A
EST,AE,P5L,GF04,2012,326.6,A
EST,AE,P5L,GF05,2012,34.5,A
EST,AE,P5L,GF06,2012,30.6,A
EST,AE,P5L,GF07,2012,99.6,A
EST,AE,P5L,GF08,2012,68.9,A
EST,AE,P5L,GF09,2012,209.6,A
EST,AE,P5L,GF10,2012,60.9,A
EST,AE,P5L,GF01,2013,106.2,A
EST,AE,P5L,GF02,2013,135.2,A
EST,AE,P5L,GF03,2013,24.4,A
EST,AE,P5L,GF04,2013,327.0,A
EST,AE,P5L,GF05,2013,1.4,A
EST,AE,P5L,GF06,2013,16.6,A
EST,AE,P5L,GF07,2013,95.0,A
EST,AE,P5L,GF08,2013,111.9,A
EST,AE,P5L,GF09,2013,173.4,A
EST,AE,P5L,GF10,2013,13.9,A
EST,AE,P5L,GF01,2014,113.0,A
EST,AE,P5L,GF02,2014,130.0,A
EST,AE,P5L,GF03,2014,34.8,A
EST,AE,P5L,GF04,2014,408.0,A
EST,AE,P5L,GF05,2014,8.3,A
EST,AE,P5L,GF06,2014,14.8,A
EST,AE,P5L,GF07,2014,101.1,A
EST,AE,P5L,GF08,2014,106.8,A
EST,AE,P5L,GF09,2014,113.5,A
EST,AE,P5L,GF10,2014,7.8,A
EST,AE,P5L,GF01,2015,129.9,A
EST,AE,P5L,GF02,2015,128.1,A
EST,AE,P5L,GF03,2015,3.8,A
EST,AE,P5L,GF04,2015,388.0,A
EST,AE,P5L,GF05,2015,23.7,A
EST,AE,P5L,GF06,2015,11.0,A
EST,AE,P5L,GF07,2015,125.8,A
EST,AE,P5L,GF08,2015,84.4,A
EST,AE,P5L,GF09,2015,155.9,A
EST,AE,P5L,GF10,2015,21.4,A
EST,AE,P5L,GF01,2016,128.5,A
EST,AE,P5L,GF02,2016,195.4,A
EST,AE,P5L,GF03,2016,42.5,A
EST,AE,P5L,GF04,2016,325.1,A
EST,AE,P5L,GF05,2016,9.3,A
EST,AE,P5L,GF06,2016,11.9,A
EST,AE,P5L,GF07,2016,55.0,A
EST,AE,P5L,GF08,2016,98.1,A
EST,AE,P5L,GF09,2016,106.9,A
EST,AE,P5L,GF10,2016,28.4,A
EST,AE,P5L,GF01,2017,177.7,A
EST,AE,P5L,GF02,2017,168.8,A
EST,AE,P5L,GF03,2017,55.6,A
EST,AE,P5L,GF04,2017,504.6,A
EST,AE,P5L,GF05,2017,37.9,A
EST,AE,P5L,GF06,2017,20.3,A
EST,AE,P5L,GF07,2017,68.5,A
EST,AE,P5L,GF08,2017,114.2,A
EST,AE,P5L,GF09,2017,159.1,A
EST,AE,P5L,GF10,2017,32.3,A
EST,AE,P5L,GF01,2018,189.1,A
EST,AE,P5L,GF02,2018,185.4,A
EST,AE,P5L,GF03,2018,52.3,A
EST,AE,P5L,GF04,2018,429.8,A
EST,AE,P5L,GF05,2018,44.5,A
EST,AE,P5L,GF06,2018,18.6,A
EST,AE,P5L,GF07,2018,99.6,A
EST,AE,P5L,GF08,2018,91.5,A
EST,AE,P5L,GF09,2018,230.8,A
EST,AE,P5L,GF10,2018,32.9,A
EST,AE,P5L,GF01,2019,138.8,A
EST,AE,P5L,GF02,2019,154.0,A
EST,AE,P5L,GF03,2019,47.5,A
EST,AE,P5L,GF04,2019,533.2,A
EST,AE,P5L,GF05,2019,7.1,A
EST,AE,P5L,GF06,2019,29.5,A
EST,AE,P5L,GF07,2019,140.2,A
EST,AE,P5L,GF08,2019,114.4,A
EST,AE,P5L,GF09,2019,243.7,A
EST,AE,P5L,GF10,2019,42.0,A
EST,AE,P5L,GF01,2020,165.2,A
EST,AE,P5L,GF02,2020,246.3,A
EST,AE,P5L,GF03,2020,57.6,A
EST,AE,P5L,GF04,2020,514.4,A
EST,AE,P5L,GF05,2020,11.2,A
EST,AE,P5L,GF06,2020,30.0,A
EST,AE,P5L,GF07,2020,165.8,A
EST,AE,P5L,GF08,2020,117.5,A
EST,AE,P5L,GF09,2020,267.1,A
EST,AE,P5L,GF10,2020,64.8,A
EST,AE,P5L,GF01,2021,180.2,A
EST,AE,P5L,GF02,2021,207.2,A
EST,AE,P5L,GF03,2021,66.1,A
EST,AE,P5L,GF04,2021,637.4,A
EST,AE,P5L,GF05,2021,-1.3,A
EST,AE,P5L,GF06,2021,51.0,A
EST,AE,P5L,GF07,2021,172.1,A
EST,AE,P5L,GF08,2021,150.1,A
EST,AE,P5L,GF09,2021,266.0,A
EST,AE,P5L,GF10,2021,72.6,A
EST,AE,P5L,GF01,2022,248.4,A
EST,AE,P5L,GF02,2022,340.1,A
EST,AE,P5L,GF03,2022,61.8,A
EST,AE,P5L,GF04,2022,770.6,A
EST,AE,P5L,GF05,2022,-17.9,A
EST,AE,P5L,GF06,2022,35.5,A
EST,AE,P5L,GF07,2022,231.9,A
EST,AE,P5L,GF08,2022,149.2,A
EST,AE,P5L,GF09,2022,313.0,A
EST,AE,P5L,GF10,2022,81.0,A
EST,AE,P5L,GF01,2023,270.8,A
EST,AE,P5L,GF02,2023,659.9,A
EST,AE,P5L,GF03,2023,76.4,A
EST,AE,P5L,GF04,2023,742.2,A
EST,AE,P5L,GF05,2023,27.9,A
EST,AE,P5L,GF06,2023,30.4,A
EST,AE,P5L,GF07,2023,242.4,A
EST,AE,P5L,GF08,2023,191.8,A
EST,AE,P5L,GF09,2023,332.1,A
EST,AE,P5L,GF10,2023,74.3,A
EST,AE,P5L,GF01,2024,311.2,A
EST,AE,P5L,GF02,2024,932.9,A
EST,AE,P5L,GF03,2024,84.8,A
EST,AE,P5L,GF04,2024,711.0,A
EST,AE,P5L,GF05,2024,45.2,A
EST,AE,P5L,GF06,2024,30.5,A
EST,AE,P5L,GF07,2024,148.3,A
EST,AE,P5L,GF08,2024,170.6,A
EST,AE,P5L,GF09,2024,267.3,A
EST,AE,P5L,GF10,2024,78.2,A
FIN,AE,P5L,GF01,2000,972.0,A
FIN,AE,P5L,GF02,2000,691.0,A
FIN,AE,P5L,GF03,2000,185.0,A
FIN,AE,P5L,GF04,2000,1383.0,A
FIN,AE,P5L,GF05,2000,52.0,A
FIN,AE,P5L,GF06,2000,6.0,A
FIN,AE,P5L,GF07,2000,339.0,A
FIN,AE,P5L,GF08,2000,231.0,A
FIN,AE,P5L,GF09,2000,734.0,A
FIN,AE,P5L,GF10,2000,215.0,A
FIN,AE,P5L,GF01,2001,1123.0,A
FIN,AE,P5L,GF02,2001,490.0,A
FIN,AE,P5L,GF03,2001,160.0,A
FIN,AE,P5L,GF04,2001,1390.0,A
FIN,AE,P5L,GF05,2001,53.0,A
FIN,AE,P5L,GF06,2001,-15.0,A
FIN,AE,P5L,GF07,2001,452.0,A
FIN,AE,P5L,GF08,2001,224.0,A
FIN,AE,P5L,GF09,2001,819.0,A
FIN,AE,P5L,GF10,2001,281.0,A
FIN,AE,P5L,GF01,2002,1075.0,A
FIN,AE,P5L,GF02,2002,546.0,A
FIN,AE,P5L,GF03,2002,110.0,A
FIN,AE,P5L,GF04,2002,1636.0,A
FIN,AE,P5L,GF05,2002,48.0,A
FIN,AE,P5L,GF06,2002,-13.0,A
FIN,AE,P5L,GF07,2002,507.0,A
FIN,AE,P5L,GF08,2002,258.0,A
FIN,AE,P5L,GF09,2002,895.0,A
FIN,AE,P5L,GF10,2002,425.0,A
FIN,AE,P5L,GF01,2003,1239.0,A
FIN,AE,P5L,GF02,2003,514.0,A
FIN,AE,P5L,GF03,2003,119.0,A
FIN,AE,P5L,GF04,2003,1686.0,A
FIN,AE,P5L,GF05,2003,46.0,A
FIN,AE,P5L,GF06,2003,-108.0,A
FIN,AE,P5L,GF07,2003,502.0,A
FIN,AE,P5L,GF08,2003,265.0,A
FIN,AE,P5L,GF09,2003,1007.0,A
FIN,AE,P5L,GF10,2003,450.0,A
FIN,AE,P5L,GF01,2004,1282.0,A
FIN,AE,P5L,GF02,2004,698.0,A
FIN,AE,P5L,GF03,2004,109.0,A
FIN,AE,P5L,GF04,2004,1825.0,A
FIN,AE,P5L,GF05,2004,46.0,A
FIN,AE,P5L,GF06,2004,-125.0,A
FIN,AE,P5L,GF07,2004,523.0,A
FIN,AE,P5L,GF08,2004,272.0,A
FIN,AE,P5L,GF09,2004,1047.0,A
FIN,AE,P5L,GF10,2004,477.0,A
FIN,AE,P5L,GF01,2005,1325.0,A
FIN,AE,P5L,GF02,2005,747.0,A
FIN,AE,P5L,GF03,2005,106.0,A
FIN,AE,P5L,GF04,2005,1853.0,A
FIN,AE,P5L,GF05,2005,59.0,A
FIN,AE,P5L,GF06,2005,-173.0,A
FIN,AE,P5L,GF07,2005,556.0,A
FIN,AE,P5L,GF08,2005,237.0,A
FIN,AE,P5L,GF09,2005,961.0,A
FIN,AE,P5L,GF10,2005,118.0,A
FIN,AE,P5L,GF01,2006,1205.0,A
FIN,AE,P5L,GF02,2006,549.0,A
FIN,AE,P5L,GF03,2006,78.0,A
FIN,AE,P5L,GF04,2006,1871.0,A
FIN,AE,P5L,GF05,2006,78.0,A
FIN,AE,P5L,GF06,2006,-181.0,A
FIN,AE,P5L,GF07,2006,674.0,A
FIN,AE,P5L,GF08,2006,237.0,A
FIN,AE,P5L,GF09,2006,1024.0,A
FIN,AE,P5L,GF10,2006,50.0,A
FIN,AE,P5L,GF01,2007,1125.0,A
FIN,AE,P5L,GF02,2007,503.0,A
FIN,AE,P5L,GF03,2007,60.0,A
FIN,AE,P5L,GF04,2007,1993.0,A
FIN,AE,P5L,GF05,2007,116.0,A
FIN,AE,P5L,GF06,2007,-138.0,A
FIN,AE,P5L,GF07,2007,676.0,A
FIN,AE,P5L,GF08,2007,289.0,A
FIN,AE,P5L,GF09,2007,1146.0,A
FIN,AE,P5L,GF10,2007,611.0,A
FIN,AE,P5L,GF01,2008,1252.0,A
FIN,AE,P5L,GF02,2008,676.0,A
FIN,AE,P5L,GF03,2008,82.0,A
FIN,AE,P5L,GF04,2008,2266.0,A
FIN,AE,P5L,GF05,2008,95.0,A
FIN,AE,P5L,GF06,2008,-36.0,A
FIN,AE,P5L,GF07,2008,705.0,A
FIN,AE,P5L,GF08,2008,281.0,A
FIN,AE,P5L,GF09,2008,1174.0,A
FIN,AE,P5L,GF10,2008,409.0,A
FIN,AE,P5L,GF01,2009,1466.0,A
FIN,AE,P5L,GF02,2009,524.0,A
FIN,AE,P5L,GF03,2009,88.0,A
FIN,AE,P5L,GF04,2009,2214.0,A
FIN,AE,P5L,GF05,2009,104.0,A
FIN,AE,P5L,GF06,2009,46.0,A
FIN,AE,P5L,GF07,2009,793.0,A
FIN,AE,P5L,GF08,2009,270.0,A
FIN,AE,P5L,GF09,2009,1164.0,A
FIN,AE,P5L,GF10,2009,482.0,A
FIN,AE,P5L,GF01,2010,1517.0,A
FIN,AE,P5L,GF02,2010,595.0,A
FIN,AE,P5L,GF03,2010,125.0,A
FIN,AE,P5L,GF04,2010,2155.0,A
FIN,AE,P5L,GF05,2010,80.0,A
FIN,AE,P5L,GF06,2010,-75.0,A
FIN,AE,P5L,GF07,2010,742.0,A
FIN,AE,P5L,GF08,2010,271.0,A
FIN,AE,P5L,GF09,2010,1435.0,A
FIN,AE,P5L,GF10,2010,65.0,A
FIN,AE,P5L,GF01,2011,1734.0,A
FIN,AE,P5L,GF02,2011,433.0,A
FIN,AE,P5L,GF03,2011,184.0,A
FIN,AE,P5L,GF04,2011,2298.0,A
FIN,AE,P5L,GF05,2011,47.0,A
FIN,AE,P5L,GF06,2011,8.0,A
FIN,AE,P5L,GF07,2011,763.0,A
FIN,AE,P5L,GF08,2011,289.0,A
FIN,AE,P5L,GF09,2011,1554.0,A
FIN,AE,P5L,GF10,2011,369.0,A
FIN,AE,P5L,GF01,2012,1804.0,A
FIN,AE,P5L,GF02,2012,602.0,A
FIN,AE,P5L,GF03,2012,152.0,A
FIN,AE,P5L,GF04,2012,2608.0,A
FIN,AE,P5L,GF05,2012,48.0,A
FIN,AE,P5L,GF06,2012,-13.0,A
FIN,AE,P5L,GF07,2012,881.0,A
FIN,AE,P5L,GF08,2012,352.0,A
FIN,AE,P5L,GF09,2012,1399.0,A
FIN,AE,P5L,GF10,2012,420.0,A
FIN,AE,P5L,GF01,2013,1931.0,A
FIN,AE,P5L,GF02,2013,566.0,A
FIN,AE,P5L,GF03,2013,160.0,A
FIN,AE,P5L,GF04,2013,2576.0,A
FIN,AE,P5L,GF05,2013,63.0,A
FIN,AE,P5L,GF06,2013,-29.0,A
FIN,AE,P5L,GF07,2013,917.0,A
FIN,AE,P5L,GF08,2013,475.0,A
FIN,AE,P5L,GF09,2013,1489.0,A
FIN,AE,P5L,GF10,2013,388.0,A
FIN,AE,P5L,GF01,2014,1997.0,A
FIN,AE,P5L,GF02,2014,471.0,A
FIN,AE,P5L,GF03,2014,137.0,A
FIN,AE,P5L,GF04,2014,2880.0,A
FIN,AE,P5L,GF05,2014,52.0,A
FIN,AE,P5L,GF06,2014,11.0,A
FIN,AE,P5L,GF07,2014,919.0,A
FIN,AE,P5L,GF08,2014,408.0,A
FIN,AE,P5L,GF09,2014,1544.0,A
FIN,AE,P5L,GF10,2014,315.0,A
FIN,AE,P5L,GF01,2015,1673.0,B
FIN,AE,P5L,GF02,2015,379.0,A
FIN,AE,P5L,GF03,2015,124.0,B
FIN,AE,P5L,GF04,2015,2426.0,B
FIN,AE,P5L,GF05,2015,55.0,B
FIN,AE,P5L,GF06,2015,-74.0,B
FIN,AE,P5L,GF07,2015,825.0,B
FIN,AE,P5L,GF08,2015,513.0,B
FIN,AE,P5L,GF09,2015,1625.0,B
FIN,AE,P5L,GF10,2015,0.0,B
FIN,AE,P5L,GF01,2016,1455.0,A
FIN,AE,P5L,GF02,2016,435.0,A
FIN,AE,P5L,GF03,2016,130.0,A
FIN,AE,P5L,GF04,2016,2761.0,A
FIN,AE,P5L,GF05,2016,47.0,A
FIN,AE,P5L,GF06,2016,-206.0,A
FIN,AE,P5L,GF07,2016,1015.0,A
FIN,AE,P5L,GF08,2016,652.0,A
FIN,AE,P5L,GF09,2016,1765.0,A
FIN,AE,P5L,GF10,2016,720.0,A
FIN,AE,P5L,GF01,2017,1736.0,A
FIN,AE,P5L,GF02,2017,481.0,A
FIN,AE,P5L,GF03,2017,105.0,A
FIN,AE,P5L,GF04,2017,2722.0,A
FIN,AE,P5L,GF05,2017,44.0,A
FIN,AE,P5L,GF06,2017,-56.0,A
FIN,AE,P5L,GF07,2017,1134.0,A
FIN,AE,P5L,GF08,2017,681.0,A
FIN,AE,P5L,GF09,2017,1763.0,A
FIN,AE,P5L,GF10,2017,421.0,A
FIN,AE,P5L,GF01,2018,2014.0,A
FIN,AE,P5L,GF02,2018,401.0,A
FIN,AE,P5L,GF03,2018,104.0,A
FIN,AE,P5L,GF04,2018,3077.0,A
FIN,AE,P5L,GF05,2018,52.0,A
FIN,AE,P5L,GF06,2018,-94.0,A
FIN,AE,P5L,GF07,2018,1181.0,A
FIN,AE,P5L,GF08,2018,867.0,A
FIN,AE,P5L,GF09,2018,1853.0,A
FIN,AE,P5L,GF10,2018,417.0,A
FIN,AE,P5L,GF01,2019,2299.0,A
FIN,AE,P5L,GF02,2019,480.0,A
FIN,AE,P5L,GF03,2019,141.0,A
FIN,AE,P5L,GF04,2019,2912.0,A
FIN,AE,P5L,GF05,2019,40.0,A
FIN,AE,P5L,GF06,2019,-43.0,A
FIN,AE,P5L,GF07,2019,1202.0,A
FIN,AE,P5L,GF08,2019,857.0,A
FIN,AE,P5L,GF09,2019,2032.0,A
FIN,AE,P5L,GF10,2019,332.0,A
FIN,AE,P5L,GF01,2020,2537.0,A
FIN,AE,P5L,GF02,2020,645.0,A
FIN,AE,P5L,GF03,2020,137.0,A
FIN,AE,P5L,GF04,2020,3232.0,A
FIN,AE,P5L,GF05,2020,48.0,A
FIN,AE,P5L,GF06,2020,-20.0,A
FIN,AE,P5L,GF07,2020,1316.0,A
FIN,AE,P5L,GF08,2020,819.0,A
FIN,AE,P5L,GF09,2020,2204.0,A
FIN,AE,P5L,GF10,2020,555.0,A
FIN,AE,P5L,GF01,2021,2206.0,A
FIN,AE,P5L,GF02,2021,370.0,A
FIN,AE,P5L,GF03,2021,139.0,A
FIN,AE,P5L,GF04,2021,2971.0,A
FIN,AE,P5L,GF05,2021,47.0,A
FIN,AE,P5L,GF06,2021,-47.0,A
FIN,AE,P5L,GF07,2021,1294.0,A
FIN,AE,P5L,GF08,2021,720.0,A
FIN,AE,P5L,GF09,2021,2138.0,A
FIN,AE,P5L,GF10,2021,505.0,A
FIN,AE,P5L,GF01,2022,2076.0,A
FIN,AE,P5L,GF02,2022,481.0,A
FIN,AE,P5L,GF03,2022,158.0,A
FIN,AE,P5L,GF04,2022,3377.0,A
FIN,AE,P5L,GF05,2022,54.0,A
FIN,AE,P5L,GF06,2022,-35.0,A
FIN,AE,P5L,GF07,2022,1312.0,A
FIN,AE,P5L,GF08,2022,731.0,A
FIN,AE,P5L,GF09,2022,2160.0,A
FIN,AE,P5L,GF10,2022,487.0,A
FIN,AE,P5L,GF01,2023,3208.0,A
FIN,AE,P5L,GF02,2023,213.0,A
FIN,AE,P5L,GF03,2023,178.0,A
FIN,AE,P5L,GF04,2023,3389.0,A
FIN,AE,P5L,GF05,2023,43.0,A
FIN,AE,P5L,GF06,2023,33.0,A
FIN,AE,P5L,GF07,2023,833.0,A
FIN,AE,P5L,GF08,2023,1012.0,A
FIN,AE,P5L,GF09,2023,1895.0,A
FIN,AE,P5L,GF10,2023,449.0,A
FIN,AE,P5L,GF01,2024,3120.0,A
FIN,AE,P5L,GF02,2024,411.0,A
FIN,AE,P5L,GF03,2024,324.0,A
FIN,AE,P5L,GF04,2024,3741.0,A
FIN,AE,P5L,GF05,2024,45.0,A
FIN,AE,P5L,GF06,2024,59.0,A
FIN,AE,P5L,GF07,2024,975.0,A
FIN,AE,P5L,GF08,2024,1062.0,A
FIN,AE,P5L,GF09,2024,2127.0,A
FIN,AE,P5L,GF10,2024,497.0,A
FRA,AE,P5L,GF01,2000,8861.3,A
FRA,AE,P5L,GF02,2000,4763.2,A
FRA,AE,P5L,GF03,2000,1563.1,A
FRA,AE,P5L,GF04,2000,23869.4,A
FRA,AE,P5L,GF05,2000,3037.2,A
FRA,AE,P5L,GF06,2000,4836.3,A
FRA,AE,P5L,GF07,2000,6303.3,A
FRA,AE,P5L,GF08,2000,5484.3,A
FRA,AE,P5L,GF09,2000,5614.0,A
FRA,AE,P5L,GF10,2000,434.5,A
FRA,AE,P5L,GF01,2001,8665.2,A
FRA,AE,P5L,GF02,2001,7017.1,A
FRA,AE,P5L,GF03,2001,2422.2,A
FRA,AE,P5L,GF04,2001,20564.1,A
FRA,AE,P5L,GF05,2001,3466.4,A
FRA,AE,P5L,GF06,2001,5376.1,A
FRA,AE,P5L,GF07,2001,6157.9,A
FRA,AE,P5L,GF08,2001,6336.8,A
FRA,AE,P5L,GF09,2001,6247.3,A
FRA,AE,P5L,GF10,2001,500.5,A
FRA,AE,P5L,GF01,2002,8673.9,A
FRA,AE,P5L,GF02,2002,7019.1,A
FRA,AE,P5L,GF03,2002,2542.9,A
FRA,AE,P5L,GF04,2002,21132.8,A
FRA,AE,P5L,GF05,2002,3228.3,A
FRA,AE,P5L,GF06,2002,5510.2,A
FRA,AE,P5L,GF07,2002,6400.8,A
FRA,AE,P5L,GF08,2002,6171.7,A
FRA,AE,P5L,GF09,2002,6623.1,A
FRA,AE,P5L,GF10,2002,1097.6,A
FRA,AE,P5L,GF01,2003,9458.0,A
FRA,AE,P5L,GF02,2003,5058.3,A
FRA,AE,P5L,GF03,2003,2513.2,A
FRA,AE,P5L,GF04,2003,24271.7,A
FRA,AE,P5L,GF05,2003,3120.6,A
FRA,AE,P5L,GF06,2003,5446.5,A
FRA,AE,P5L,GF07,2003,7316.0,A
FRA,AE,P5L,GF08,2003,6479.2,A
FRA,AE,P5L,GF09,2003,6493.2,A
FRA,AE,P5L,GF10,2003,1332.4,A
FRA,AE,P5L,GF01,2004,10398.3,A
FRA,AE,P5L,GF02,2004,5940.4,A
FRA,AE,P5L,GF03,2004,2270.7,A
FRA,AE,P5L,GF04,2004,24414.3,A
FRA,AE,P5L,GF05,2004,3626.5,A
FRA,AE,P5L,GF06,2004,6013.4,A
FRA,AE,P5L,GF07,2004,7706.4,A
FRA,AE,P5L,GF08,2004,7113.1,A
FRA,AE,P5L,GF09,2004,7018.9,A
FRA,AE,P5L,GF10,2004,1430.4,A
FRA,AE,P5L,GF01,2005,11075.6,A
FRA,AE,P5L,GF02,2005,5342.8,A
FRA,AE,P5L,GF03,2005,2505.4,A
FRA,AE,P5L,GF04,2005,26356.6,A
FRA,AE,P5L,GF05,2005,4198.1,A
FRA,AE,P5L,GF06,2005,6425.3,A
FRA,AE,P5L,GF07,2005,8649.9,A
FRA,AE,P5L,GF08,2005,7834.2,A
FRA,AE,P5L,GF09,2005,7137.0,A
FRA,AE,P5L,GF10,2005,1578.5,A
FRA,AE,P5L,GF01,2006,11160.6,A
FRA,AE,P5L,GF02,2006,6075.6,A
FRA,AE,P5L,GF03,2006,2493.0,A
FRA,AE,P5L,GF04,2006,26571.9,A
FRA,AE,P5L,GF05,2006,4228.6,A
FRA,AE,P5L,GF06,2006,7070.2,A
FRA,AE,P5L,GF07,2006,8988.3,A
FRA,AE,P5L,GF08,2006,8073.2,A
FRA,AE,P5L,GF09,2006,7166.9,A
FRA,AE,P5L,GF10,2006,1432.5,A
FRA,AE,P5L,GF01,2007,12340.6,A
FRA,AE,P5L,GF02,2007,5323.2,A
FRA,AE,P5L,GF03,2007,2780.4,A
FRA,AE,P5L,GF04,2007,27799.2,A
FRA,AE,P5L,GF05,2007,4661.2,A
FRA,AE,P5L,GF06,2007,7861.1,A
FRA,AE,P5L,GF07,2007,8345.3,A
FRA,AE,P5L,GF08,2007,8535.5,A
FRA,AE,P5L,GF09,2007,7652.0,A
FRA,AE,P5L,GF10,2007,2354.8,A
FRA,AE,P5L,GF01,2008,12575.3,A
FRA,AE,P5L,GF02,2008,6626.9,A
FRA,AE,P5L,GF03,2008,2984.2,A
FRA,AE,P5L,GF04,2008,28186.6,A
FRA,AE,P5L,GF05,2008,4836.0,A
FRA,AE,P5L,GF06,2008,8004.8,A
FRA,AE,P5L,GF07,2008,8341.5,A
FRA,AE,P5L,GF08,2008,8356.3,A
FRA,AE,P5L,GF09,2008,8726.8,A
FRA,AE,P5L,GF10,2008,2744.7,A
FRA,AE,P5L,GF01,2009,14872.1,A
FRA,AE,P5L,GF02,2009,7559.8,A
FRA,AE,P5L,GF03,2009,3230.7,A
FRA,AE,P5L,GF04,2009,28360.0,A
FRA,AE,P5L,GF05,2009,4970.3,A
FRA,AE,P5L,GF06,2009,8191.1,A
FRA,AE,P5L,GF07,2009,8619.8,A
FRA,AE,P5L,GF08,2009,8187.0,A
FRA,AE,P5L,GF09,2009,10130.8,A
FRA,AE,P5L,GF10,2009,2988.3,A
FRA,AE,P5L,GF01,2010,14035.4,A
FRA,AE,P5L,GF02,2010,9820.0,A
FRA,AE,P5L,GF03,2010,3430.8,A
FRA,AE,P5L,GF04,2010,28896.9,A
FRA,AE,P5L,GF05,2010,5077.3,A
FRA,AE,P5L,GF06,2010,7294.7,A
FRA,AE,P5L,GF07,2010,8569.4,A
FRA,AE,P5L,GF08,2010,8260.6,A
FRA,AE,P5L,GF09,2010,10199.8,A
FRA,AE,P5L,GF10,2010,3213.2,A
FRA,AE,P5L,GF01,2011,14493.3,A
FRA,AE,P5L,GF02,2011,6444.3,A
FRA,AE,P5L,GF03,2011,2428.5,A
FRA,AE,P5L,GF04,2011,28480.0,A
FRA,AE,P5L,GF05,2011,5249.2,A
FRA,AE,P5L,GF06,2011,7418.1,A
FRA,AE,P5L,GF07,2011,9355.7,A
FRA,AE,P5L,GF08,2011,8338.0,A
FRA,AE,P5L,GF09,2011,9278.9,A
FRA,AE,P5L,GF10,2011,3814.9,A
FRA,AE,P5L,GF01,2012,16357.2,A
FRA,AE,P5L,GF02,2012,7194.2,A
FRA,AE,P5L,GF03,2012,2179.4,A
FRA,AE,P5L,GF04,2012,30732.2,A
FRA,AE,P5L,GF05,2012,5099.3,A
FRA,AE,P5L,GF06,2012,6418.3,A
FRA,AE,P5L,GF07,2012,9925.0,A
FRA,AE,P5L,GF08,2012,8793.8,A
FRA,AE,P5L,GF09,2012,8964.2,A
FRA,AE,P5L,GF10,2012,3546.1,A
FRA,AE,P5L,GF01,2013,16604.8,A
FRA,AE,P5L,GF02,2013,7216.5,A
FRA,AE,P5L,GF03,2013,2163.2,A
FRA,AE,P5L,GF04,2013,32358.8,A
FRA,AE,P5L,GF05,2013,5129.0,A
FRA,AE,P5L,GF06,2013,7045.5,A
FRA,AE,P5L,GF07,2013,8767.6,A
FRA,AE,P5L,GF08,2013,9518.0,A
FRA,AE,P5L,GF09,2013,8537.3,A
FRA,AE,P5L,GF10,2013,3148.1,A
FRA,AE,P5L,GF01,2014,15846.0,A
FRA,AE,P5L,GF02,2014,6057.2,A
FRA,AE,P5L,GF03,2014,2213.8,A
FRA,AE,P5L,GF04,2014,29534.9,A
FRA,AE,P5L,GF05,2014,4975.5,A
FRA,AE,P5L,GF06,2014,6450.0,A
FRA,AE,P5L,GF07,2014,9034.7,A
FRA,AE,P5L,GF08,2014,8779.9,A
FRA,AE,P5L,GF09,2014,8469.8,A
FRA,AE,P5L,GF10,2014,3329.3,A
FRA,AE,P5L,GF01,2015,15068.7,A
FRA,AE,P5L,GF02,2015,7210.0,A
FRA,AE,P5L,GF03,2015,2219.2,A
FRA,AE,P5L,GF04,2015,28095.8,A
FRA,AE,P5L,GF05,2015,4777.6,A
FRA,AE,P5L,GF06,2015,5791.4,A
FRA,AE,P5L,GF07,2015,7782.5,A
FRA,AE,P5L,GF08,2015,7380.5,A
FRA,AE,P5L,GF09,2015,8312.8,A
FRA,AE,P5L,GF10,2015,2682.9,A
FRA,AE,P5L,GF01,2016,15082.0,A
FRA,AE,P5L,GF02,2016,10601.4,A
FRA,AE,P5L,GF03,2016,2292.5,A
FRA,AE,P5L,GF04,2016,26711.1,A
FRA,AE,P5L,GF05,2016,4487.8,A
FRA,AE,P5L,GF06,2016,5729.5,A
FRA,AE,P5L,GF07,2016,7576.5,A
FRA,AE,P5L,GF08,2016,7112.4,A
FRA,AE,P5L,GF09,2016,7759.1,A
FRA,AE,P5L,GF10,2016,2900.0,A
FRA,AE,P5L,GF01,2017,15306.5,A
FRA,AE,P5L,GF02,2017,7190.0,A
FRA,AE,P5L,GF03,2017,2325.1,A
FRA,AE,P5L,GF04,2017,29742.2,A
FRA,AE,P5L,GF05,2017,4755.4,A
FRA,AE,P5L,GF06,2017,5815.9,A
FRA,AE,P5L,GF07,2017,7687.8,A
FRA,AE,P5L,GF08,2017,7517.6,A
FRA,AE,P5L,GF09,2017,8074.5,A
FRA,AE,P5L,GF10,2017,2541.2,A
FRA,AE,P5L,GF01,2018,15759.4,A
FRA,AE,P5L,GF02,2018,7914.6,A
FRA,AE,P5L,GF03,2018,2478.9,A
FRA,AE,P5L,GF04,2018,30773.4,A
FRA,AE,P5L,GF05,2018,5067.9,A
FRA,AE,P5L,GF06,2018,6394.2,A
FRA,AE,P5L,GF07,2018,7627.2,A
FRA,AE,P5L,GF08,2018,7823.1,A
FRA,AE,P5L,GF09,2018,8661.2,A
FRA,AE,P5L,GF10,2018,2640.2,A
FRA,AE,P5L,GF01,2019,16949.6,A
FRA,AE,P5L,GF02,2019,7781.4,A
FRA,AE,P5L,GF03,2019,2701.5,A
FRA,AE,P5L,GF04,2019,33387.4,A
FRA,AE,P5L,GF05,2019,5684.4,A
FRA,AE,P5L,GF06,2019,8164.2,A
FRA,AE,P5L,GF07,2019,7715.5,A
FRA,AE,P5L,GF08,2019,9008.9,A
FRA,AE,P5L,GF09,2019,9773.2,A
FRA,AE,P5L,GF10,2019,3491.1,A
FRA,AE,P5L,GF01,2020,16202.1,A
FRA,AE,P5L,GF02,2020,9350.3,A
FRA,AE,P5L,GF03,2020,2819.6,A
FRA,AE,P5L,GF04,2020,32880.6,A
FRA,AE,P5L,GF05,2020,5084.4,A
FRA,AE,P5L,GF06,2020,6943.0,A
FRA,AE,P5L,GF07,2020,9149.3,A
FRA,AE,P5L,GF08,2020,7846.2,A
FRA,AE,P5L,GF09,2020,8293.3,A
FRA,AE,P5L,GF10,2020,2962.6,A
FRA,AE,P5L,GF01,2021,17999.1,A
FRA,AE,P5L,GF02,2021,7647.8,A
FRA,AE,P5L,GF03,2021,3137.6,A
FRA,AE,P5L,GF04,2021,34332.4,A
FRA,AE,P5L,GF05,2021,5595.3,A
FRA,AE,P5L,GF06,2021,7627.1,A
FRA,AE,P5L,GF07,2021,8793.7,A
FRA,AE,P5L,GF08,2021,8195.0,A
FRA,AE,P5L,GF09,2021,9394.1,A
FRA,AE,P5L,GF10,2021,2935.7,A
FRA,AE,P5L,GF01,2022,19310.2,A
FRA,AE,P5L,GF02,2022,9198.0,A
FRA,AE,P5L,GF03,2022,3609.9,A
FRA,AE,P5L,GF04,2022,34752.7,A
FRA,AE,P5L,GF05,2022,6467.2,A
FRA,AE,P5L,GF06,2022,9461.3,A
FRA,AE,P5L,GF07,2022,10431.7,A
FRA,AE,P5L,GF08,2022,8886.1,A
FRA,AE,P5L,GF09,2022,10444.5,A
FRA,AE,P5L,GF10,2022,2523.5,A
FRA,AE,P5L,GF01,2023,20726.0,P
FRA,AE,P5L,GF02,2023,9707.2,P
FRA,AE,P5L,GF03,2023,3824.6,P
FRA,AE,P5L,GF04,2023,35030.0,P
FRA,AE,P5L,GF05,2023,7000.8,P
FRA,AE,P5L,GF06,2023,12515.4,P
FRA,AE,P5L,GF07,2023,9419.6,P
FRA,AE,P5L,GF08,2023,9846.1,P
FRA,AE,P5L,GF09,2023,11173.2,P
FRA,AE,P5L,GF10,2023,3438.0,P
FRA,AE,P5L,GF01,2024,22191.0,P
FRA,AE,P5L,GF02,2024,11268.1,P
FRA,AE,P5L,GF03,2024,4311.6,P
FRA,AE,P5L,GF04,2024,34228.2,P
FRA,AE,P5L,GF05,2024,7119.5,P
FRA,AE,P5L,GF06,2024,17496.1,P
FRA,AE,P5L,GF07,2024,9926.7,P
FRA,AE,P5L,GF08,2024,10315.4,P
FRA,AE,P5L,GF09,2024,11660.9,P
FRA,AE,P5L,GF10,2024,3571.2,P
GBR,AE,P5L,GF01,2000,416.0,A
GBR,AE,P5L,GF02,2000,5859.0,A
GBR,AE,P5L,GF03,2000,835.0,A
GBR,AE,P5L,GF04,2000,4204.0,A
GBR,AE,P5L,GF05,2000,592.0,A
GBR,AE,P5L,GF06,2000,556.0,A
GBR,AE,P5L,GF07,2000,2526.0,A
GBR,AE,P5L,GF08,2000,1083.0,A
GBR,AE,P5L,GF09,2000,1961.0,A
GBR,AE,P5L,GF10,2000,340.0,A
GBR,AE,P5L,GF01,2001,586.0,A
GBR,AE,P5L,GF02,2001,5708.0,A
GBR,AE,P5L,GF03,2001,1044.0,A
GBR,AE,P5L,GF04,2001,6101.0,A
GBR,AE,P5L,GF05,2001,686.0,A
GBR,AE,P5L,GF06,2001,671.0,A
GBR,AE,P5L,GF07,2001,3295.0,A
GBR,AE,P5L,GF08,2001,1127.0,A
GBR,AE,P5L,GF09,2001,2727.0,A
GBR,AE,P5L,GF10,2001,407.0,A
GBR,AE,P5L,GF01,2002,717.0,A
GBR,AE,P5L,GF02,2002,6245.0,A
GBR,AE,P5L,GF03,2002,1204.0,A
GBR,AE,P5L,GF04,2002,7609.0,A
GBR,AE,P5L,GF05,2002,737.0,A
GBR,AE,P5L,GF06,2002,523.0,A
GBR,AE,P5L,GF07,2002,3645.0,A
GBR,AE,P5L,GF08,2002,1000.0,A
GBR,AE,P5L,GF09,2002,2755.0,A
GBR,AE,P5L,GF10,2002,465.0,A
GBR,AE,P5L,GF01,2003,851.0,A
GBR,AE,P5L,GF02,2003,6467.0,A
GBR,AE,P5L,GF03,2003,1295.0,A
GBR,AE,P5L,GF04,2003,7933.0,A
GBR,AE,P5L,GF05,2003,1329.0,A
GBR,AE,P5L,GF06,2003,378.0,A
GBR,AE,P5L,GF07,2003,4080.0,A
GBR,AE,P5L,GF08,2003,1142.0,A
GBR,AE,P5L,GF09,2003,3310.0,A
GBR,AE,P5L,GF10,2003,392.0,A
GBR,AE,P5L,GF01,2004,1655.0,A
GBR,AE,P5L,GF02,2004,7799.0,A
GBR,AE,P5L,GF03,2004,1586.0,A
GBR,AE,P5L,GF04,2004,10732.0,A
GBR,AE,P5L,GF05,2004,1024.0,A
GBR,AE,P5L,GF06,2004,422.0,A
GBR,AE,P5L,GF07,2004,4553.0,A
GBR,AE,P5L,GF08,2004,1112.0,A
GBR,AE,P5L,GF09,2004,4341.0,A
GBR,AE,P5L,GF10,2004,320.0,A
GBR,AE,P5L,GF01,2005,1928.0,A
GBR,AE,P5L,GF02,2005,7585.0,A
GBR,AE,P5L,GF03,2005,1807.0,A
GBR,AE,P5L,GF04,2005,11020.0,A
GBR,AE,P5L,GF05,2005,8126.0,A
GBR,AE,P5L,GF06,2005,593.0,A
GBR,AE,P5L,GF07,2005,4873.0,A
GBR,AE,P5L,GF08,2005,1342.0,A
GBR,AE,P5L,GF09,2005,5117.0,A
GBR,AE,P5L,GF10,2005,479.0,A
GBR,AE,P5L,GF01,2006,1595.0,A
GBR,AE,P5L,GF02,2006,7563.0,A
GBR,AE,P5L,GF03,2006,1756.0,A
GBR,AE,P5L,GF04,2006,11580.0,A
GBR,AE,P5L,GF05,2006,1747.0,A
GBR,AE,P5L,GF06,2006,781.0,A
GBR,AE,P5L,GF07,2006,4574.0,A
GBR,AE,P5L,GF08,2006,1422.0,A
GBR,AE,P5L,GF09,2006,5542.0,A
GBR,AE,P5L,GF10,2006,452.0,A
GBR,AE,P5L,GF01,2007,1677.0,A
GBR,AE,P5L,GF02,2007,6888.0,A
GBR,AE,P5L,GF03,2007,1997.0,A
GBR,AE,P5L,GF04,2007,10861.0,A
GBR,AE,P5L,GF05,2007,1930.0,A
GBR,AE,P5L,GF06,2007,1210.0,A
GBR,AE,P5L,GF07,2007,4827.0,A
GBR,AE,P5L,GF08,2007,1776.0,A
GBR,AE,P5L,GF09,2007,5637.0,A
GBR,AE,P5L,GF10,2007,458.0,A
GBR,AE,P5L,GF01,2008,1762.0,A
GBR,AE,P5L,GF02,2008,9080.0,A
GBR,AE,P5L,GF03,2008,2525.0,A
GBR,AE,P5L,GF04,2008,14473.0,A
GBR,AE,P5L,GF05,2008,2133.0,A
GBR,AE,P5L,GF06,2008,1379.0,A
GBR,AE,P5L,GF07,2008,6245.0,A
GBR,AE,P5L,GF08,2008,3030.0,A
GBR,AE,P5L,GF09,2008,6445.0,A
GBR,AE,P5L,GF10,2008,409.0,A
GBR,AE,P5L,GF01,2009,1596.0,A
GBR,AE,P5L,GF02,2009,10400.0,A
GBR,AE,P5L,GF03,2009,2818.0,A
GBR,AE,P5L,GF04,2009,14398.0,A
GBR,AE,P5L,GF05,2009,2087.0,A
GBR,AE,P5L,GF06,2009,1168.0,A
GBR,AE,P5L,GF07,2009,7660.0,A
GBR,AE,P5L,GF08,2009,3446.0,A
GBR,AE,P5L,GF09,2009,6877.0,A
GBR,AE,P5L,GF10,2009,493.0,A
GBR,AE,P5L,GF01,2010,1637.0,A
GBR,AE,P5L,GF02,2010,10685.0,A
GBR,AE,P5L,GF03,2010,2290.0,A
GBR,AE,P5L,GF04,2010,13509.0,A
GBR,AE,P5L,GF05,2010,2290.0,A
GBR,AE,P5L,GF06,2010,853.0,A
GBR,AE,P5L,GF07,2010,7491.0,A
GBR,AE,P5L,GF08,2010,3532.0,A
GBR,AE,P5L,GF09,2010,7475.0,A
GBR,AE,P5L,GF10,2010,557.0,A
GBR,AE,P5L,GF01,2011,1560.0,A
GBR,AE,P5L,GF02,2011,10280.0,A
GBR,AE,P5L,GF03,2011,1974.0,A
GBR,AE,P5L,GF04,2011,12786.0,A
GBR,AE,P5L,GF05,2011,2225.0,A
GBR,AE,P5L,GF06,2011,753.0,A
GBR,AE,P5L,GF07,2011,5805.0,A
GBR,AE,P5L,GF08,2011,3242.0,A
GBR,AE,P5L,GF09,2011,7478.0,A
GBR,AE,P5L,GF10,2011,512.0,A
GBR,AE,P5L,GF01,2012,1193.0,A
GBR,AE,P5L,GF02,2012,9906.0,A
GBR,AE,P5L,GF03,2012,1599.0,A
GBR,AE,P5L,GF04,2012,13432.0,A
GBR,AE,P5L,GF05,2012,2764.0,A
GBR,AE,P5L,GF06,2012,936.0,A
GBR,AE,P5L,GF07,2012,4758.0,A
GBR,AE,P5L,GF08,2012,1847.0,A
GBR,AE,P5L,GF09,2012,6453.0,A
GBR,AE,P5L,GF10,2012,579.0,A
GBR,AE,P5L,GF01,2013,1670.0,A
GBR,AE,P5L,GF02,2013,9922.0,A
GBR,AE,P5L,GF03,2013,1395.0,A
GBR,AE,P5L,GF04,2013,12196.0,A
GBR,AE,P5L,GF05,2013,2798.0,A
GBR,AE,P5L,GF06,2013,980.0,A
GBR,AE,P5L,GF07,2013,4727.0,A
GBR,AE,P5L,GF08,2013,1762.0,A
GBR,AE,P5L,GF09,2013,6057.0,A
GBR,AE,P5L,GF10,2013,354.0,A
GBR,AE,P5L,GF01,2014,1604.0,A
GBR,AE,P5L,GF02,2014,9710.0,A
GBR,AE,P5L,GF03,2014,1306.0,A
GBR,AE,P5L,GF04,2014,17485.0,A
GBR,AE,P5L,GF05,2014,2767.0,A
GBR,AE,P5L,GF06,2014,1044.0,A
GBR,AE,P5L,GF07,2014,5511.0,A
GBR,AE,P5L,GF08,2014,1346.0,A
GBR,AE,P5L,GF09,2014,7083.0,A
GBR,AE,P5L,GF10,2014,360.0,A
GBR,AE,P5L,GF01,2015,1833.0,A
GBR,AE,P5L,GF02,2015,8783.0,A
GBR,AE,P5L,GF03,2015,1421.0,A
GBR,AE,P5L,GF04,2015,18175.0,A
GBR,AE,P5L,GF05,2015,2873.0,A
GBR,AE,P5L,GF06,2015,860.0,A
GBR,AE,P5L,GF07,2015,5906.0,A
GBR,AE,P5L,GF08,2015,1718.0,A
GBR,AE,P5L,GF09,2015,7052.0,A
GBR,AE,P5L,GF10,2015,262.0,A
GBR,AE,P5L,GF01,2016,2258.0,A
GBR,AE,P5L,GF02,2016,8678.0,A
GBR,AE,P5L,GF03,2016,992.0,A
GBR,AE,P5L,GF04,2016,17163.0,A
GBR,AE,P5L,GF05,2016,3244.0,A
GBR,AE,P5L,GF06,2016,1077.0,A
GBR,AE,P5L,GF07,2016,4945.0,A
GBR,AE,P5L,GF08,2016,1694.0,A
GBR,AE,P5L,GF09,2016,7556.0,A
GBR,AE,P5L,GF10,2016,316.0,A
GBR,AE,P5L,GF01,2017,2410.0,A
GBR,AE,P5L,GF02,2017,8903.0,A
GBR,AE,P5L,GF03,2017,1854.0,A
GBR,AE,P5L,GF04,2017,23075.0,A
GBR,AE,P5L,GF05,2017,3437.0,A
GBR,AE,P5L,GF06,2017,1348.0,A
GBR,AE,P5L,GF07,2017,5734.0,A
GBR,AE,P5L,GF08,2017,1763.0,A
GBR,AE,P5L,GF09,2017,6573.0,A
GBR,AE,P5L,GF10,2017,375.0,A
GBR,AE,P5L,GF01,2018,1853.0,A
GBR,AE,P5L,GF02,2018,9330.0,A
GBR,AE,P5L,GF03,2018,2171.0,A
GBR,AE,P5L,GF04,2018,22936.0,A
GBR,AE,P5L,GF05,2018,2953.0,A
GBR,AE,P5L,GF06,2018,1380.0,A
GBR,AE,P5L,GF07,2018,7242.0,A
GBR,AE,P5L,GF08,2018,1867.0,A
GBR,AE,P5L,GF09,2018,6244.0,A
GBR,AE,P5L,GF10,2018,517.0,A
GBR,AE,P5L,GF01,2019,2658.0,A
GBR,AE,P5L,GF02,2019,10979.0,A
GBR,AE,P5L,GF03,2019,2231.0,A
GBR,AE,P5L,GF04,2019,23898.0,A
GBR,AE,P5L,GF05,2019,2993.0,A
GBR,AE,P5L,GF06,2019,1717.0,A
GBR,AE,P5L,GF07,2019,7549.0,A
GBR,AE,P5L,GF08,2019,2141.0,A
GBR,AE,P5L,GF09,2019,5941.0,A
GBR,AE,P5L,GF10,2019,402.0,A
GBR,AE,P5L,GF01,2020,3253.0,A
GBR,AE,P5L,GF02,2020,11586.0,A
GBR,AE,P5L,GF03,2020,2788.0,A
GBR,AE,P5L,GF04,2020,23323.0,A
GBR,AE,P5L,GF05,2020,3061.0,A
GBR,AE,P5L,GF06,2020,1522.0,A
GBR,AE,P5L,GF07,2020,9891.0,A
GBR,AE,P5L,GF08,2020,1932.0,A
GBR,AE,P5L,GF09,2020,6657.0,A
GBR,AE,P5L,GF10,2020,528.0,A
GBR,AE,P5L,GF01,2021,2864.0,A
GBR,AE,P5L,GF02,2021,12637.0,A
GBR,AE,P5L,GF03,2021,3258.0,A
GBR,AE,P5L,GF04,2021,25872.0,A
GBR,AE,P5L,GF05,2021,3499.0,A
GBR,AE,P5L,GF06,2021,1765.0,A
GBR,AE,P5L,GF07,2021,8904.0,A
GBR,AE,P5L,GF08,2021,2080.0,A
GBR,AE,P5L,GF09,2021,8223.0,A
GBR,AE,P5L,GF10,2021,794.0,A
GBR,AE,P5L,GF01,2022,225.0,A
GBR,AE,P5L,GF02,2022,17716.0,A
GBR,AE,P5L,GF03,2022,3543.0,A
GBR,AE,P5L,GF04,2022,28693.0,A
GBR,AE,P5L,GF05,2022,4197.0,A
GBR,AE,P5L,GF06,2022,2373.0,A
GBR,AE,P5L,GF07,2022,10382.0,A
GBR,AE,P5L,GF08,2022,2639.0,A
GBR,AE,P5L,GF09,2022,6449.0,A
GBR,AE,P5L,GF10,2022,681.0,A
GBR,AE,P5L,GF01,2023,2450.0,A
GBR,AE,P5L,GF02,2023,19637.0,A
GBR,AE,P5L,GF03,2023,4169.0,A
GBR,AE,P5L,GF04,2023,30285.0,A
GBR,AE,P5L,GF05,2023,4699.0,A
GBR,AE,P5L,GF06,2023,2146.0,A
GBR,AE,P5L,GF07,2023,11335.0,A
GBR,AE,P5L,GF08,2023,3065.0,A
GBR,AE,P5L,GF09,2023,6955.0,A
GBR,AE,P5L,GF10,2023,882.0,A
GBR,AE,P5L,GF01,2024,3433.0,A
GBR,AE,P5L,GF02,2024,20551.0,A
GBR,AE,P5L,GF03,2024,4619.0,A
GBR,AE,P5L,GF04,2024,32153.0,A
GBR,AE,P5L,GF05,2024,5284.0,A
GBR,AE,P5L,GF06,2024,2216.0,A
GBR,AE,P5L,GF07,2024,11986.0,A
GBR,AE,P5L,GF08,2024,3440.0,A
GBR,AE,P5L,GF09,2024,8106.0,A
GBR,AE,P5L,GF10,2024,784.0,A
GRC,AE,P5L,GF01,2000,1315.0,A
GRC,AE,P5L,GF02,2000,253.0,A
GRC,AE,P5L,GF03,2000,18.0,A
GRC,AE,P5L,GF04,2000,4134.0,A
GRC,AE,P5L,GF05,2000,226.0,A
GRC,AE,P5L,GF06,2000,278.0,A
GRC,AE,P5L,GF07,2000,918.0,A
GRC,AE,P5L,GF08,2000,134.0,A
GRC,AE,P5L,GF09,2000,841.0,A
GRC,AE,P5L,GF10,2000,202.0,A
GRC,AE,P5L,GF01,2001,1582.0,A
GRC,AE,P5L,GF02,2001,526.0,A
GRC,AE,P5L,GF03,2001,20.0,A
GRC,AE,P5L,GF04,2001,4123.0,A
GRC,AE,P5L,GF05,2001,265.0,A
GRC,AE,P5L,GF06,2001,311.0,A
GRC,AE,P5L,GF07,2001,806.0,A
GRC,AE,P5L,GF08,2001,138.0,A
GRC,AE,P5L,GF09,2001,980.0,A
GRC,AE,P5L,GF10,2001,165.0,A
GRC,AE,P5L,GF01,2002,1590.0,A
GRC,AE,P5L,GF02,2002,1145.0,A
GRC,AE,P5L,GF03,2002,25.0,A
GRC,AE,P5L,GF04,2002,4046.0,A
GRC,AE,P5L,GF05,2002,332.0,A
GRC,AE,P5L,GF06,2002,346.0,A
GRC,AE,P5L,GF07,2002,717.0,A
GRC,AE,P5L,GF08,2002,161.0,A
GRC,AE,P5L,GF09,2002,1135.0,A
GRC,AE,P5L,GF10,2002,289.0,A
GRC,AE,P5L,GF01,2003,1478.0,A
GRC,AE,P5L,GF02,2003,2447.0,A
GRC,AE,P5L,GF03,2003,30.0,A
GRC,AE,P5L,GF04,2003,4617.0,A
GRC,AE,P5L,GF05,2003,276.0,A
GRC,AE,P5L,GF06,2003,361.0,A
GRC,AE,P5L,GF07,2003,864.0,A
GRC,AE,P5L,GF08,2003,182.0,A
GRC,AE,P5L,GF09,2003,1398.0,A
GRC,AE,P5L,GF10,2003,246.0,A
GRC,AE,P5L,GF01,2004,1510.0,A
GRC,AE,P5L,GF02,2004,1431.0,A
GRC,AE,P5L,GF03,2004,45.0,A
GRC,AE,P5L,GF04,2004,5282.0,A
GRC,AE,P5L,GF05,2004,357.0,A
GRC,AE,P5L,GF06,2004,396.0,A
GRC,AE,P5L,GF07,2004,1004.0,A
GRC,AE,P5L,GF08,2004,245.0,A
GRC,AE,P5L,GF09,2004,1436.0,A
GRC,AE,P5L,GF10,2004,232.0,A
GRC,AE,P5L,GF01,2005,1514.0,A
GRC,AE,P5L,GF02,2005,809.0,A
GRC,AE,P5L,GF03,2005,44.0,A
GRC,AE,P5L,GF04,2005,3722.0,A
GRC,AE,P5L,GF05,2005,388.0,A
GRC,AE,P5L,GF06,2005,341.0,A
GRC,AE,P5L,GF07,2005,753.0,A
GRC,AE,P5L,GF08,2005,251.0,A
GRC,AE,P5L,GF09,2005,1289.0,A
GRC,AE,P5L,GF10,2005,245.0,A
GRC,AE,P5L,GF01,2006,3256.0,A
GRC,AE,P5L,GF02,2006,983.0,A
GRC,AE,P5L,GF03,2006,61.0,A
GRC,AE,P5L,GF04,2006,4005.0,A
GRC,AE,P5L,GF05,2006,879.0,A
GRC,AE,P5L,GF06,2006,206.0,A
GRC,AE,P5L,GF07,2006,83.0,A
GRC,AE,P5L,GF08,2006,432.0,A
GRC,AE,P5L,GF09,2006,448.0,A
GRC,AE,P5L,GF10,2006,196.0,A
GRC,AE,P5L,GF01,2007,3233.0,A
GRC,AE,P5L,GF02,2007,1498.0,A
GRC,AE,P5L,GF03,2007,94.0,A
GRC,AE,P5L,GF04,2007,4598.0,A
GRC,AE,P5L,GF05,2007,1009.0,A
GRC,AE,P5L,GF06,2007,205.0,A
GRC,AE,P5L,GF07,2007,184.0,A
GRC,AE,P5L,GF08,2007,351.0,A
GRC,AE,P5L,GF09,2007,458.0,A
GRC,AE,P5L,GF10,2007,203.0,A
GRC,AE,P5L,GF01,2008,3847.0,A
GRC,AE,P5L,GF02,2008,1905.0,A
GRC,AE,P5L,GF03,2008,65.0,A
GRC,AE,P5L,GF04,2008,5198.0,A
GRC,AE,P5L,GF05,2008,1292.0,A
GRC,AE,P5L,GF06,2008,262.0,A
GRC,AE,P5L,GF07,2008,222.0,A
GRC,AE,P5L,GF08,2008,400.0,A
GRC,AE,P5L,GF09,2008,520.0,A
GRC,AE,P5L,GF10,2008,165.0,A
GRC,AE,P5L,GF01,2009,2350.0,A
GRC,AE,P5L,GF02,2009,2547.0,A
GRC,AE,P5L,GF03,2009,47.0,A
GRC,AE,P5L,GF04,2009,4729.0,A
GRC,AE,P5L,GF05,2009,1017.0,A
GRC,AE,P5L,GF06,2009,300.0,A
GRC,AE,P5L,GF07,2009,179.0,A
GRC,AE,P5L,GF08,2009,289.0,A
GRC,AE,P5L,GF09,2009,922.0,A
GRC,AE,P5L,GF10,2009,169.0,A
GRC,AE,P5L,GF01,2010,1356.0,A
GRC,AE,P5L,GF02,2010,1454.0,A
GRC,AE,P5L,GF03,2010,29.0,A
GRC,AE,P5L,GF04,2010,3502.0,A
GRC,AE,P5L,GF05,2010,691.0,A
GRC,AE,P5L,GF06,2010,247.0,A
GRC,AE,P5L,GF07,2010,112.0,A
GRC,AE,P5L,GF08,2010,173.0,A
GRC,AE,P5L,GF09,2010,761.0,A
GRC,AE,P5L,GF10,2010,128.0,A
GRC,AE,P5L,GF01,2011,717.0,A
GRC,AE,P5L,GF02,2011,387.0,A
GRC,AE,P5L,GF03,2011,28.0,A
GRC,AE,P5L,GF04,2011,2253.0,A
GRC,AE,P5L,GF05,2011,525.0,A
GRC,AE,P5L,GF06,2011,146.0,A
GRC,AE,P5L,GF07,2011,113.0,A
GRC,AE,P5L,GF08,2011,166.0,A
GRC,AE,P5L,GF09,2011,773.0,A
GRC,AE,P5L,GF10,2011,81.0,A
GRC,AE,P5L,GF01,2012,776.0,A
GRC,AE,P5L,GF02,2012,270.0,A
GRC,AE,P5L,GF03,2012,35.0,A
GRC,AE,P5L,GF04,2012,2129.0,A
GRC,AE,P5L,GF05,2012,509.0,A
GRC,AE,P5L,GF06,2012,156.0,A
GRC,AE,P5L,GF07,2012,91.0,A
GRC,AE,P5L,GF08,2012,152.0,A
GRC,AE,P5L,GF09,2012,788.0,A
GRC,AE,P5L,GF10,2012,50.0,A
GRC,AE,P5L,GF01,2013,824.0,A
GRC,AE,P5L,GF02,2013,210.0,A
GRC,AE,P5L,GF03,2013,54.0,A
GRC,AE,P5L,GF04,2013,5452.0,A
GRC,AE,P5L,GF05,2013,708.0,A
GRC,AE,P5L,GF06,2013,185.0,A
GRC,AE,P5L,GF07,2013,96.0,A
GRC,AE,P5L,GF08,2013,180.0,A
GRC,AE,P5L,GF09,2013,862.0,A
GRC,AE,P5L,GF10,2013,66.0,A
GRC,AE,P5L,GF01,2014,814.0,A
GRC,AE,P5L,GF02,2014,964.0,A
GRC,AE,P5L,GF03,2014,94.0,A
GRC,AE,P5L,GF04,2014,3049.0,A
GRC,AE,P5L,GF05,2014,683.0,A
GRC,AE,P5L,GF06,2014,303.0,A
GRC,AE,P5L,GF07,2014,85.0,A
GRC,AE,P5L,GF08,2014,231.0,A
GRC,AE,P5L,GF09,2014,846.0,A
GRC,AE,P5L,GF10,2014,77.0,A
GRC,AE,P5L,GF01,2015,1263.0,A
GRC,AE,P5L,GF02,2015,776.0,A
GRC,AE,P5L,GF03,2015,1.0,A
GRC,AE,P5L,GF04,2015,4043.0,A
GRC,AE,P5L,GF05,2015,615.0,A
GRC,AE,P5L,GF06,2015,232.0,A
GRC,AE,P5L,GF07,2015,163.0,A
GRC,AE,P5L,GF08,2015,237.0,A
GRC,AE,P5L,GF09,2015,805.0,A
GRC,AE,P5L,GF10,2015,105.0,A
GRC,AE,P5L,GF01,2016,840.0,A
GRC,AE,P5L,GF02,2016,116.0,A
GRC,AE,P5L,GF03,2016,2.0,A
GRC,AE,P5L,GF04,2016,3868.0,A
GRC,AE,P5L,GF05,2016,322.0,A
GRC,AE,P5L,GF06,2016,137.0,A
GRC,AE,P5L,GF07,2016,109.0,A
GRC,AE,P5L,GF08,2016,139.0,A
GRC,AE,P5L,GF09,2016,607.0,A
GRC,AE,P5L,GF10,2016,64.0,A
GRC,AE,P5L,GF01,2017,556.0,A
GRC,AE,P5L,GF02,2017,869.0,A
GRC,AE,P5L,GF03,2017,1.0,A
GRC,AE,P5L,GF04,2017,2535.0,A
GRC,AE,P5L,GF05,2017,219.0,A
GRC,AE,P5L,GF06,2017,99.0,A
GRC,AE,P5L,GF07,2017,264.0,A
GRC,AE,P5L,GF08,2017,127.0,A
GRC,AE,P5L,GF09,2017,540.0,A
GRC,AE,P5L,GF10,2017,34.0,A
GRC,AE,P5L,GF01,2018,839.0,A
GRC,AE,P5L,GF02,2018,118.0,A
GRC,AE,P5L,GF03,2018,2.0,A
GRC,AE,P5L,GF04,2018,2036.0,A
GRC,AE,P5L,GF05,2018,330.0,A
GRC,AE,P5L,GF06,2018,138.0,A
GRC,AE,P5L,GF07,2018,288.0,A
GRC,AE,P5L,GF08,2018,205.0,A
GRC,AE,P5L,GF09,2018,648.0,A
GRC,AE,P5L,GF10,2018,37.0,A
GRC,AE,P5L,GF01,2019,882.0,A
GRC,AE,P5L,GF02,2019,-153.0,A
GRC,AE,P5L,GF03,2019,3.0,A
GRC,AE,P5L,GF04,2019,2053.0,A
GRC,AE,P5L,GF05,2019,310.0,A
GRC,AE,P5L,GF06,2019,126.0,A
GRC,AE,P5L,GF07,2019,325.0,A
GRC,AE,P5L,GF08,2019,191.0,A
GRC,AE,P5L,GF09,2019,742.0,A
GRC,AE,P5L,GF10,2019,31.0,A
GRC,AE,P5L,GF01,2020,834.0,A
GRC,AE,P5L,GF02,2020,237.0,A
GRC,AE,P5L,GF03,2020,12.0,A
GRC,AE,P5L,GF04,2020,2217.0,A
GRC,AE,P5L,GF05,2020,349.0,A
GRC,AE,P5L,GF06,2020,143.0,A
GRC,AE,P5L,GF07,2020,324.0,A
GRC,AE,P5L,GF08,2020,225.0,A
GRC,AE,P5L,GF09,2020,826.0,A
GRC,AE,P5L,GF10,2020,100.0,A
GRC,AE,P5L,GF01,2021,983.0,A
GRC,AE,P5L,GF02,2021,1089.0,A
GRC,AE,P5L,GF03,2021,15.0,A
GRC,AE,P5L,GF04,2021,2545.0,A
GRC,AE,P5L,GF05,2021,320.0,A
GRC,AE,P5L,GF06,2021,160.0,A
GRC,AE,P5L,GF07,2021,358.0,A
GRC,AE,P5L,GF08,2021,279.0,A
GRC,AE,P5L,GF09,2021,839.0,A
GRC,AE,P5L,GF10,2021,127.0,A
GRC,AE,P5L,GF01,2022,1137.0,A
GRC,AE,P5L,GF02,2022,1044.0,A
GRC,AE,P5L,GF03,2022,13.0,A
GRC,AE,P5L,GF04,2022,3125.0,A
GRC,AE,P5L,GF05,2022,466.0,A
GRC,AE,P5L,GF06,2022,232.0,A
GRC,AE,P5L,GF07,2022,422.0,A
GRC,AE,P5L,GF08,2022,319.0,A
GRC,AE,P5L,GF09,2022,970.0,A
GRC,AE,P5L,GF10,2022,63.0,A
GRC,AE,P5L,GF01,2023,1236.0,A
GRC,AE,P5L,GF02,2023,566.0,A
GRC,AE,P5L,GF03,2023,27.0,A
GRC,AE,P5L,GF04,2023,3758.0,A
GRC,AE,P5L,GF05,2023,677.0,A
GRC,AE,P5L,GF06,2023,299.0,A
GRC,AE,P5L,GF07,2023,495.0,A
GRC,AE,P5L,GF08,2023,405.0,A
GRC,AE,P5L,GF09,2023,1042.0,A
GRC,AE,P5L,GF10,2023,100.0,A
GRC,AE,P5L,GF01,2024,1169.0,A
GRC,AE,P5L,GF02,2024,673.0,A
GRC,AE,P5L,GF03,2024,30.0,A
GRC,AE,P5L,GF04,2024,4072.0,A
GRC,AE,P5L,GF05,2024,649.0,A
GRC,AE,P5L,GF06,2024,359.0,A
GRC,AE,P5L,GF07,2024,494.0,A
GRC,AE,P5L,GF08,2024,357.0,A
GRC,AE,P5L,GF09,2024,1075.0,A
GRC,AE,P5L,GF10,2024,152.0,A
HRV,AE,P5L,GF01,2000,73.61,A
HRV,AE,P5L,GF02,2000,25.65,A
HRV,AE,P5L,GF03,2000,23.48,A
HRV,AE,P5L,GF04,2000,676.83,A
HRV,AE,P5L,GF05,2000,19.03,A
HRV,AE,P5L,GF06,2000,232.66,A
HRV,AE,P5L,GF07,2000,114.78,A
HRV,AE,P5L,GF08,2000,41.72,A
HRV,AE,P5L,GF09,2000,68.65,A
HRV,AE,P5L,GF10,2000,15.07,A
HRV,AE,P5L,GF01,2001,70.88,A
HRV,AE,P5L,GF02,2001,20.4,A
HRV,AE,P5L,GF03,2001,22.15,A
HRV,AE,P5L,GF04,2001,558.99,A
HRV,AE,P5L,GF05,2001,19.91,A
HRV,AE,P5L,GF06,2001,230.65,A
HRV,AE,P5L,GF07,2001,120.8,A
HRV,AE,P5L,GF08,2001,51.87,A
HRV,AE,P5L,GF09,2001,56.45,A
HRV,AE,P5L,GF10,2001,18.86,A
HRV,AE,P5L,GF01,2002,75.02,A
HRV,AE,P5L,GF02,2002,22.7,A
HRV,AE,P5L,GF03,2002,37.47,A
HRV,AE,P5L,GF04,2002,798.78,A
HRV,AE,P5L,GF05,2002,14.57,A
HRV,AE,P5L,GF06,2002,109.82,A
HRV,AE,P5L,GF07,2002,79.13,A
HRV,AE,P5L,GF08,2002,53.02,A
HRV,AE,P5L,GF09,2002,133.41,A
HRV,AE,P5L,GF10,2002,15.04,A
HRV,AE,P5L,GF01,2003,107.73,A
HRV,AE,P5L,GF02,2003,22.17,A
HRV,AE,P5L,GF03,2003,50.38,A
HRV,AE,P5L,GF04,2003,1286.26,A
HRV,AE,P5L,GF05,2003,24.02,A
HRV,AE,P5L,GF06,2003,140.35,A
HRV,AE,P5L,GF07,2003,115.77,A
HRV,AE,P5L,GF08,2003,76.58,A
HRV,AE,P5L,GF09,2003,121.92,A
HRV,AE,P5L,GF10,2003,22.29,A
HRV,AE,P5L,GF01,2004,101.98,A
HRV,AE,P5L,GF02,2004,98.91,A
HRV,AE,P5L,GF03,2004,45.03,A
HRV,AE,P5L,GF04,2004,1339.23,A
HRV,AE,P5L,GF05,2004,25.05,A
HRV,AE,P5L,GF06,2004,185.87,A
HRV,AE,P5L,GF07,2004,132.52,A
HRV,AE,P5L,GF08,2004,82.02,A
HRV,AE,P5L,GF09,2004,124.8,A
HRV,AE,P5L,GF10,2004,22.7,A
HRV,AE,P5L,GF01,2005,103.48,A
HRV,AE,P5L,GF02,2005,16.67,A
HRV,AE,P5L,GF03,2005,47.89,A
HRV,AE,P5L,GF04,2005,1046.9,A
HRV,AE,P5L,GF05,2005,28.22,A
HRV,AE,P5L,GF06,2005,168.57,A
HRV,AE,P5L,GF07,2005,150.18,A
HRV,AE,P5L,GF08,2005,103.29,A
HRV,AE,P5L,GF09,2005,139.06,A
HRV,AE,P5L,GF10,2005,31.79,A
HRV,AE,P5L,GF01,2006,144.78,A
HRV,AE,P5L,GF02,2006,22.41,A
HRV,AE,P5L,GF03,2006,88.79,A
HRV,AE,P5L,GF04,2006,1038.94,A
HRV,AE,P5L,GF05,2006,47.29,A
HRV,AE,P5L,GF06,2006,199.58,A
HRV,AE,P5L,GF07,2006,146.1,A
HRV,AE,P5L,GF08,2006,116.62,A
HRV,AE,P5L,GF09,2006,144.96,A
HRV,AE,P5L,GF10,2006,42.01,A
HRV,AE,P5L,GF01,2007,207.04,A
HRV,AE,P5L,GF02,2007,32.6,A
HRV,AE,P5L,GF03,2007,99.86,A
HRV,AE,P5L,GF04,2007,1660.52,A
HRV,AE,P5L,GF05,2007,46.64,A
HRV,AE,P5L,GF06,2007,211.96,A
HRV,AE,P5L,GF07,2007,165.27,A
HRV,AE,P5L,GF08,2007,131.86,A
HRV,AE,P5L,GF09,2007,177.88,A
HRV,AE,P5L,GF10,2007,35.84,A
HRV,AE,P5L,GF01,2008,197.08,A
HRV,AE,P5L,GF02,2008,100.42,A
HRV,AE,P5L,GF03,2008,82.3,A
HRV,AE,P5L,GF04,2008,1511.94,A
HRV,AE,P5L,GF05,2008,43.81,A
HRV,AE,P5L,GF06,2008,208.39,A
HRV,AE,P5L,GF07,2008,146.09,A
HRV,AE,P5L,GF08,2008,123.74,A
HRV,AE,P5L,GF09,2008,170.35,A
HRV,AE,P5L,GF10,2008,35.92,A
HRV,AE,P5L,GF01,2009,146.82,A
HRV,AE,P5L,GF02,2009,54.12,A
HRV,AE,P5L,GF03,2009,72.29,A
HRV,AE,P5L,GF04,2009,1398.24,A
HRV,AE,P5L,GF05,2009,56.66,A
HRV,AE,P5L,GF06,2009,198.11,A
HRV,AE,P5L,GF07,2009,145.79,A
HRV,AE,P5L,GF08,2009,131.87,A
HRV,AE,P5L,GF09,2009,291.41,A
HRV,AE,P5L,GF10,2009,44.19,A
HRV,AE,P5L,GF01,2010,84.01,A
HRV,AE,P5L,GF02,2010,46.06,A
HRV,AE,P5L,GF03,2010,43.37,A
HRV,AE,P5L,GF04,2010,880.97,A
HRV,AE,P5L,GF05,2010,50.09,A
HRV,AE,P5L,GF06,2010,127.39,A
HRV,AE,P5L,GF07,2010,160.68,A
HRV,AE,P5L,GF08,2010,72.14,A
HRV,AE,P5L,GF09,2010,224.32,A
HRV,AE,P5L,GF10,2010,32.41,A
HRV,AE,P5L,GF01,2011,78.33,A
HRV,AE,P5L,GF02,2011,101.01,A
HRV,AE,P5L,GF03,2011,53.76,A
HRV,AE,P5L,GF04,2011,746.05,A
HRV,AE,P5L,GF05,2011,92.77,A
HRV,AE,P5L,GF06,2011,171.21,A
HRV,AE,P5L,GF07,2011,131.0,A
HRV,AE,P5L,GF08,2011,85.25,A
HRV,AE,P5L,GF09,2011,164.33,A
HRV,AE,P5L,GF10,2011,35.17,A
HRV,AE,P5L,GF01,2012,77.56,A
HRV,AE,P5L,GF02,2012,99.35,A
HRV,AE,P5L,GF03,2012,32.73,A
HRV,AE,P5L,GF04,2012,741.71,A
HRV,AE,P5L,GF05,2012,98.0,A
HRV,AE,P5L,GF06,2012,209.37,A
HRV,AE,P5L,GF07,2012,194.9,A
HRV,AE,P5L,GF08,2012,78.81,A
HRV,AE,P5L,GF09,2012,139.13,A
HRV,AE,P5L,GF10,2012,34.79,A
HRV,AE,P5L,GF01,2013,85.79,A
HRV,AE,P5L,GF02,2013,71.43,A
HRV,AE,P5L,GF03,2013,35.72,A
HRV,AE,P5L,GF04,2013,1032.03,A
HRV,AE,P5L,GF05,2013,112.13,A
HRV,AE,P5L,GF06,2013,174.96,A
HRV,AE,P5L,GF07,2013,183.65,A
HRV,AE,P5L,GF08,2013,80.28,A
HRV,AE,P5L,GF09,2013,121.42,A
HRV,AE,P5L,GF10,2013,34.49,A
HRV,AE,P5L,GF01,2014,145.18,A
HRV,AE,P5L,GF02,2014,40.64,A
HRV,AE,P5L,GF03,2014,45.12,A
HRV,AE,P5L,GF04,2014,775.65,A
HRV,AE,P5L,GF05,2014,102.65,A
HRV,AE,P5L,GF06,2014,132.07,A
HRV,AE,P5L,GF07,2014,143.83,A
HRV,AE,P5L,GF08,2014,118.01,A
HRV,AE,P5L,GF09,2014,149.63,A
HRV,AE,P5L,GF10,2014,48.98,A
HRV,AE,P5L,GF01,2015,126.54,A
HRV,AE,P5L,GF02,2015,81.22,A
HRV,AE,P5L,GF03,2015,71.95,A
HRV,AE,P5L,GF04,2015,668.44,A
HRV,AE,P5L,GF05,2015,93.22,A
HRV,AE,P5L,GF06,2015,132.82,A
HRV,AE,P5L,GF07,2015,139.29,A
HRV,AE,P5L,GF08,2015,113.7,A
HRV,AE,P5L,GF09,2015,163.67,A
HRV,AE,P5L,GF10,2015,27.31,A
HRV,AE,P5L,GF01,2016,154.0,A
HRV,AE,P5L,GF02,2016,67.34,A
HRV,AE,P5L,GF03,2016,67.81,A
HRV,AE,P5L,GF04,2016,635.59,A
HRV,AE,P5L,GF05,2016,68.45,A
HRV,AE,P5L,GF06,2016,139.86,A
HRV,AE,P5L,GF07,2016,132.82,A
HRV,AE,P5L,GF08,2016,107.75,A
HRV,AE,P5L,GF09,2016,129.22,A
HRV,AE,P5L,GF10,2016,28.34,A
HRV,AE,P5L,GF01,2017,160.69,A
HRV,AE,P5L,GF02,2017,57.8,A
HRV,AE,P5L,GF03,2017,53.24,A
HRV,AE,P5L,GF04,2017,466.5,A
HRV,AE,P5L,GF05,2017,49.55,A
HRV,AE,P5L,GF06,2017,118.54,A
HRV,AE,P5L,GF07,2017,142.38,A
HRV,AE,P5L,GF08,2017,99.16,A
HRV,AE,P5L,GF09,2017,127.82,A
HRV,AE,P5L,GF10,2017,27.11,A
HRV,AE,P5L,GF01,2018,190.83,A
HRV,AE,P5L,GF02,2018,42.96,A
HRV,AE,P5L,GF03,2018,67.61,A
HRV,AE,P5L,GF04,2018,809.93,A
HRV,AE,P5L,GF05,2018,76.95,A
HRV,AE,P5L,GF06,2018,98.19,A
HRV,AE,P5L,GF07,2018,216.55,A
HRV,AE,P5L,GF08,2018,136.81,A
HRV,AE,P5L,GF09,2018,160.4,A
HRV,AE,P5L,GF10,2018,53.16,A
HRV,AE,P5L,GF01,2019,233.13,A
HRV,AE,P5L,GF02,2019,47.66,A
HRV,AE,P5L,GF03,2019,82.88,A
HRV,AE,P5L,GF04,2019,1011.6,A
HRV,AE,P5L,GF05,2019,95.73,A
HRV,AE,P5L,GF06,2019,124.22,A
HRV,AE,P5L,GF07,2019,276.83,A
HRV,AE,P5L,GF08,2019,185.07,A
HRV,AE,P5L,GF09,2019,279.71,A
HRV,AE,P5L,GF10,2019,72.52,A
HRV,AE,P5L,GF01,2020,266.7,A
HRV,AE,P5L,GF02,2020,46.6,A
HRV,AE,P5L,GF03,2020,85.99,A
HRV,AE,P5L,GF04,2020,1236.94,A
HRV,AE,P5L,GF05,2020,125.31,A
HRV,AE,P5L,GF06,2020,126.35,A
HRV,AE,P5L,GF07,2020,349.73,A
HRV,AE,P5L,GF08,2020,190.91,A
HRV,AE,P5L,GF09,2020,366.31,A
HRV,AE,P5L,GF10,2020,140.83,A
HRV,AE,P5L,GF01,2021,262.04,A
HRV,AE,P5L,GF02,2021,38.74,A
HRV,AE,P5L,GF03,2021,113.96,A
HRV,AE,P5L,GF04,2021,1266.83,A
HRV,AE,P5L,GF05,2021,128.23,A
HRV,AE,P5L,GF06,2021,115.32,A
HRV,AE,P5L,GF07,2021,380.31,A
HRV,AE,P5L,GF08,2021,184.12,A
HRV,AE,P5L,GF09,2021,310.73,A
HRV,AE,P5L,GF10,2021,99.68,A
HRV,AE,P5L,GF01,2022,193.82,A
HRV,AE,P5L,GF02,2022,63.97,A
HRV,AE,P5L,GF03,2022,87.87,A
HRV,AE,P5L,GF04,2022,1502.85,A
HRV,AE,P5L,GF05,2022,98.89,A
HRV,AE,P5L,GF06,2022,148.03,A
HRV,AE,P5L,GF07,2022,459.19,A
HRV,AE,P5L,GF08,2022,189.75,A
HRV,AE,P5L,GF09,2022,324.3,A
HRV,AE,P5L,GF10,2022,105.15,A
HRV,AE,P5L,GF01,2023,396.53,A
HRV,AE,P5L,GF02,2023,324.43,A
HRV,AE,P5L,GF03,2023,157.3,A
HRV,AE,P5L,GF04,2023,1569.1,A
HRV,AE,P5L,GF05,2023,147.18,A
HRV,AE,P5L,GF06,2023,241.36,A
HRV,AE,P5L,GF07,2023,633.56,A
HRV,AE,P5L,GF08,2023,299.84,A
HRV,AE,P5L,GF09,2023,634.7,A
HRV,AE,P5L,GF10,2023,111.12,A
HRV,AE,P5L,GF01,2024,1186.14,A
HRV,AE,P5L,GF02,2024,397.63,A
HRV,AE,P5L,GF03,2024,199.22,A
HRV,AE,P5L,GF04,2024,1169.86,A
HRV,AE,P5L,GF05,2024,167.56,A
HRV,AE,P5L,GF06,2024,128.28,A
HRV,AE,P5L,GF07,2024,477.28,A
HRV,AE,P5L,GF08,2024,215.65,A
HRV,AE,P5L,GF09,2024,485.12,A
HRV,AE,P5L,GF10,2024,33.86,A
HUN,EMDE,P5L,GF01,2000,148517.0,A
HUN,EMDE,P5L,GF02,2000,30941.0,A
HUN,EMDE,P5L,GF03,2000,26468.0,A
HUN,EMDE,P5L,GF04,2000,113948.0,A
HUN,EMDE,P5L,GF05,2000,45857.0,A
HUN,EMDE,P5L,GF06,2000,-4861.0,A
HUN,EMDE,P5L,GF07,2000,29261.0,A
HUN,EMDE,P5L,GF08,2000,20688.0,A
HUN,EMDE,P5L,GF09,2000,37603.0,A
HUN,EMDE,P5L,GF10,2000,9584.0,A
HUN,EMDE,P5L,GF01,2001,181784.0,A
HUN,EMDE,P5L,GF02,2001,22361.0,A
HUN,EMDE,P5L,GF03,2001,22102.0,A
HUN,EMDE,P5L,GF04,2001,179373.0,A
HUN,EMDE,P5L,GF05,2001,65495.0,A
HUN,EMDE,P5L,GF06,2001,-4753.0,A
HUN,EMDE,P5L,GF07,2001,29511.0,A
HUN,EMDE,P5L,GF08,2001,26881.0,A
HUN,EMDE,P5L,GF09,2001,42943.0,A
HUN,EMDE,P5L,GF10,2001,12001.0,A
HUN,EMDE,P5L,GF01,2002,275538.0,A
HUN,EMDE,P5L,GF02,2002,57805.0,A
HUN,EMDE,P5L,GF03,2002,46482.0,A
HUN,EMDE,P5L,GF04,2002,163597.0,A
HUN,EMDE,P5L,GF05,2002,87138.0,A
HUN,EMDE,P5L,GF06,2002,20658.0,A
HUN,EMDE,P5L,GF07,2002,53462.0,A
HUN,EMDE,P5L,GF08,2002,68439.0,A
HUN,EMDE,P5L,GF09,2002,90060.0,A
HUN,EMDE,P5L,GF10,2002,15837.0,A
HUN,EMDE,P5L,GF01,2003,174162.0,A
HUN,EMDE,P5L,GF02,2003,35072.0,A
HUN,EMDE,P5L,GF03,2003,33182.0,A
HUN,EMDE,P5L,GF04,2003,197809.0,A
HUN,EMDE,P5L,GF05,2003,62249.0,A
HUN,EMDE,P5L,GF06,2003,13010.0,A
HUN,EMDE,P5L,GF07,2003,53048.0,A
HUN,EMDE,P5L,GF08,2003,48049.0,A
HUN,EMDE,P5L,GF09,2003,55445.0,A
HUN,EMDE,P5L,GF10,2003,17796.0,A
HUN,EMDE,P5L,GF01,2004,202478.0,A
HUN,EMDE,P5L,GF02,2004,37453.0,A
HUN,EMDE,P5L,GF03,2004,15239.0,A
HUN,EMDE,P5L,GF04,2004,265862.0,A
HUN,EMDE,P5L,GF05,2004,65624.0,A
HUN,EMDE,P5L,GF06,2004,28863.0,A
HUN,EMDE,P5L,GF07,2004,39987.0,A
HUN,EMDE,P5L,GF08,2004,57105.0,A
HUN,EMDE,P5L,GF09,2004,47656.0,A
HUN,EMDE,P5L,GF10,2004,14618.0,A
HUN,EMDE,P5L,GF01,2005,232467.0,A
HUN,EMDE,P5L,GF02,2005,37709.0,A
HUN,EMDE,P5L,GF03,2005,30188.0,A
HUN,EMDE,P5L,GF04,2005,346638.0,A
HUN,EMDE,P5L,GF05,2005,84772.0,A
HUN,EMDE,P5L,GF06,2005,34574.0,A
HUN,EMDE,P5L,GF07,2005,46673.0,A
HUN,EMDE,P5L,GF08,2005,31631.0,A
HUN,EMDE,P5L,GF09,2005,58411.0,A
HUN,EMDE,P5L,GF10,2005,12812.0,A
HUN,EMDE,P5L,GF01,2006,167979.0,A
HUN,EMDE,P5L,GF02,2006,130708.0,A
HUN,EMDE,P5L,GF03,2006,34680.0,A
HUN,EMDE,P5L,GF04,2006,522137.0,A
HUN,EMDE,P5L,GF05,2006,119079.0,A
HUN,EMDE,P5L,GF06,2006,47576.0,A
HUN,EMDE,P5L,GF07,2006,69968.0,A
HUN,EMDE,P5L,GF08,2006,37265.0,A
HUN,EMDE,P5L,GF09,2006,82998.0,A
HUN,EMDE,P5L,GF10,2006,16631.0,A
HUN,EMDE,P5L,GF01,2007,153594.0,A
HUN,EMDE,P5L,GF02,2007,118518.0,A
HUN,EMDE,P5L,GF03,2007,36479.0,A
HUN,EMDE,P5L,GF04,2007,491918.0,A
HUN,EMDE,P5L,GF05,2007,97104.0,A
HUN,EMDE,P5L,GF06,2007,43680.0,A
HUN,EMDE,P5L,GF07,2007,47924.0,A
HUN,EMDE,P5L,GF08,2007,34598.0,A
HUN,EMDE,P5L,GF09,2007,69763.0,A
HUN,EMDE,P5L,GF10,2007,13484.0,A
HUN,EMDE,P5L,GF01,2008,118371.0,A
HUN,EMDE,P5L,GF02,2008,52556.0,A
HUN,EMDE,P5L,GF03,2008,17070.0,A
HUN,EMDE,P5L,GF04,2008,402992.0,A
HUN,EMDE,P5L,GF05,2008,94420.0,A
HUN,EMDE,P5L,GF06,2008,16984.0,A
HUN,EMDE,P5L,GF07,2008,41559.0,A
HUN,EMDE,P5L,GF08,2008,40099.0,A
HUN,EMDE,P5L,GF09,2008,63965.0,A
HUN,EMDE,P5L,GF10,2008,15632.0,A
HUN,EMDE,P5L,GF01,2009,171959.0,A
HUN,EMDE,P5L,GF02,2009,40896.0,A
HUN,EMDE,P5L,GF03,2009,18918.0,A
HUN,EMDE,P5L,GF04,2009,436699.0,A
HUN,EMDE,P5L,GF05,2009,59507.0,A
HUN,EMDE,P5L,GF06,2009,67725.0,A
HUN,EMDE,P5L,GF07,2009,31841.0,A
HUN,EMDE,P5L,GF08,2009,42777.0,A
HUN,EMDE,P5L,GF09,2009,70585.0,A
HUN,EMDE,P5L,GF10,2009,14550.0,A
HUN,EMDE,P5L,GF01,2010,202492.0,A
HUN,EMDE,P5L,GF02,2010,31335.0,A
HUN,EMDE,P5L,GF03,2010,11069.0,A
HUN,EMDE,P5L,GF04,2010,340455.0,A
HUN,EMDE,P5L,GF05,2010,100385.0,A
HUN,EMDE,P5L,GF06,2010,-1040.0,A
HUN,EMDE,P5L,GF07,2010,49047.0,A
HUN,EMDE,P5L,GF08,2010,69941.0,A
HUN,EMDE,P5L,GF09,2010,168446.0,A
HUN,EMDE,P5L,GF10,2010,18110.0,A
HUN,EMDE,P5L,GF01,2011,166596.0,A
HUN,EMDE,P5L,GF02,2011,14253.0,A
HUN,EMDE,P5L,GF03,2011,20753.0,A
HUN,EMDE,P5L,GF04,2011,288457.0,A
HUN,EMDE,P5L,GF05,2011,107455.0,A
HUN,EMDE,P5L,GF06,2011,7464.0,A
HUN,EMDE,P5L,GF07,2011,67175.0,A
HUN,EMDE,P5L,GF08,2011,81496.0,A
HUN,EMDE,P5L,GF09,2011,134004.0,A
HUN,EMDE,P5L,GF10,2011,21886.0,A
HUN,EMDE,P5L,GF01,2012,194933.0,A
HUN,EMDE,P5L,GF02,2012,17795.0,A
HUN,EMDE,P5L,GF03,2012,23107.0,A
HUN,EMDE,P5L,GF04,2012,402590.0,A
HUN,EMDE,P5L,GF05,2012,109561.0,A
HUN,EMDE,P5L,GF06,2012,9162.0,A
HUN,EMDE,P5L,GF07,2012,71390.0,A
HUN,EMDE,P5L,GF08,2012,129936.0,A
HUN,EMDE,P5L,GF09,2012,105164.0,A
HUN,EMDE,P5L,GF10,2012,14680.0,A
HUN,EMDE,P5L,GF01,2013,276796.0,A
HUN,EMDE,P5L,GF02,2013,15962.0,A
HUN,EMDE,P5L,GF03,2013,41755.0,A
HUN,EMDE,P5L,GF04,2013,513651.0,A
HUN,EMDE,P5L,GF05,2013,188117.0,A
HUN,EMDE,P5L,GF06,2013,13356.0,A
HUN,EMDE,P5L,GF07,2013,55121.0,A
HUN,EMDE,P5L,GF08,2013,82258.0,A
HUN,EMDE,P5L,GF09,2013,89319.0,A
HUN,EMDE,P5L,GF10,2013,32926.0,A
HUN,EMDE,P5L,GF01,2014,284832.0,A
HUN,EMDE,P5L,GF02,2014,17057.0,A
HUN,EMDE,P5L,GF03,2014,32717.0,A
HUN,EMDE,P5L,GF04,2014,815052.0,A
HUN,EMDE,P5L,GF05,2014,231253.0,A
HUN,EMDE,P5L,GF06,2014,50227.0,A
HUN,EMDE,P5L,GF07,2014,90063.0,A
HUN,EMDE,P5L,GF08,2014,109865.0,A
HUN,EMDE,P5L,GF09,2014,119546.0,A
HUN,EMDE,P5L,GF10,2014,58200.0,A
HUN,EMDE,P5L,GF01,2015,385072.0,A
HUN,EMDE,P5L,GF02,2015,23369.0,A
HUN,EMDE,P5L,GF03,2015,54013.0,A
HUN,EMDE,P5L,GF04,2015,887571.0,A
HUN,EMDE,P5L,GF05,2015,296788.0,A
HUN,EMDE,P5L,GF06,2015,121253.0,A
HUN,EMDE,P5L,GF07,2015,181818.0,A
HUN,EMDE,P5L,GF08,2015,119490.0,A
HUN,EMDE,P5L,GF09,2015,160758.0,A
HUN,EMDE,P5L,GF10,2015,62453.0,A
HUN,EMDE,P5L,GF01,2016,195222.0,A
HUN,EMDE,P5L,GF02,2016,48715.0,A
HUN,EMDE,P5L,GF03,2016,49490.0,A
HUN,EMDE,P5L,GF04,2016,437551.0,A
HUN,EMDE,P5L,GF05,2016,38247.0,A
HUN,EMDE,P5L,GF06,2016,8514.0,A
HUN,EMDE,P5L,GF07,2016,33141.0,A
HUN,EMDE,P5L,GF08,2016,141328.0,A
HUN,EMDE,P5L,GF09,2016,73830.0,A
HUN,EMDE,P5L,GF10,2016,28587.0,A
HUN,EMDE,P5L,GF01,2017,248942.0,A
HUN,EMDE,P5L,GF02,2017,113800.0,A
HUN,EMDE,P5L,GF03,2017,70516.0,A
HUN,EMDE,P5L,GF04,2017,756086.09,A
HUN,EMDE,P5L,GF05,2017,49194.0,A
HUN,EMDE,P5L,GF06,2017,8700.0,A
HUN,EMDE,P5L,GF07,2017,58634.0,A
HUN,EMDE,P5L,GF08,2017,202771.0,A
HUN,EMDE,P5L,GF09,2017,158493.0,A
HUN,EMDE,P5L,GF10,2017,37496.0,A
HUN,EMDE,P5L,GF01,2018,484033.0,A
HUN,EMDE,P5L,GF02,2018,110772.0,A
HUN,EMDE,P5L,GF03,2018,117108.0,A
HUN,EMDE,P5L,GF04,2018,1102713.0,A
HUN,EMDE,P5L,GF05,2018,80998.0,A
HUN,EMDE,P5L,GF06,2018,10845.0,A
HUN,EMDE,P5L,GF07,2018,91589.0,A
HUN,EMDE,P5L,GF08,2018,277368.0,A
HUN,EMDE,P5L,GF09,2018,251679.0,A
HUN,EMDE,P5L,GF10,2018,38211.0,A
HUN,EMDE,P5L,GF01,2019,524803.0,A
HUN,EMDE,P5L,GF02,2019,121829.0,A
HUN,EMDE,P5L,GF03,2019,108745.0,A
HUN,EMDE,P5L,GF04,2019,1391440.0,A
HUN,EMDE,P5L,GF05,2019,130362.0,A
HUN,EMDE,P5L,GF06,2019,23558.0,A
HUN,EMDE,P5L,GF07,2019,126387.0,A
HUN,EMDE,P5L,GF08,2019,361909.0,A
HUN,EMDE,P5L,GF09,2019,200398.0,A
HUN,EMDE,P5L,GF10,2019,49154.0,A
HUN,EMDE,P5L,GF01,2020,536821.0,A
HUN,EMDE,P5L,GF02,2020,129558.0,A
HUN,EMDE,P5L,GF03,2020,100896.0,A
HUN,EMDE,P5L,GF04,2020,1350835.0,A
HUN,EMDE,P5L,GF05,2020,137859.0,A
HUN,EMDE,P5L,GF06,2020,61516.0,A
HUN,EMDE,P5L,GF07,2020,544720.0,A
HUN,EMDE,P5L,GF08,2020,421511.0,A
HUN,EMDE,P5L,GF09,2020,259923.0,A
HUN,EMDE,P5L,GF10,2020,53948.0,A
HUN,EMDE,P5L,GF01,2021,630468.0,A
HUN,EMDE,P5L,GF02,2021,87671.0,A
HUN,EMDE,P5L,GF03,2021,98271.0,A
HUN,EMDE,P5L,GF04,2021,1423187.0,A
HUN,EMDE,P5L,GF05,2021,127700.0,A
HUN,EMDE,P5L,GF06,2021,103604.0,A
HUN,EMDE,P5L,GF07,2021,279125.0,A
HUN,EMDE,P5L,GF08,2021,440325.0,A
HUN,EMDE,P5L,GF09,2021,363267.0,A
HUN,EMDE,P5L,GF10,2021,62223.0,A
HUN,EMDE,P5L,GF01,2022,698108.0,A
HUN,EMDE,P5L,GF02,2022,220942.0,A
HUN,EMDE,P5L,GF03,2022,83998.0,A
HUN,EMDE,P5L,GF04,2022,2394655.0,A
HUN,EMDE,P5L,GF05,2022,112819.0,A
HUN,EMDE,P5L,GF06,2022,103911.0,A
HUN,EMDE,P5L,GF07,2022,164602.0,A
HUN,EMDE,P5L,GF08,2022,415035.0,A
HUN,EMDE,P5L,GF09,2022,334903.0,A
HUN,EMDE,P5L,GF10,2022,62873.0,A
HUN,EMDE,P5L,GF01,2023,756503.0,A
HUN,EMDE,P5L,GF02,2023,515504.0,A
HUN,EMDE,P5L,GF03,2023,83273.0,A
HUN,EMDE,P5L,GF04,2023,1211254.0,A
HUN,EMDE,P5L,GF05,2023,100235.0,A
HUN,EMDE,P5L,GF06,2023,390418.0,A
HUN,EMDE,P5L,GF07,2023,89302.0,A
HUN,EMDE,P5L,GF08,2023,408546.0,A
HUN,EMDE,P5L,GF09,2023,390560.0,A
HUN,EMDE,P5L,GF10,2023,57422.0,A
HUN,EMDE,P5L,GF01,2024,644159.0,A
HUN,EMDE,P5L,GF02,2024,647775.0,A
HUN,EMDE,P5L,GF03,2024,120475.0,A
HUN,EMDE,P5L,GF04,2024,945688.0,A
HUN,EMDE,P5L,GF05,2024,68200.0,A
HUN,EMDE,P5L,GF06,2024,248769.0,A
HUN,EMDE,P5L,GF07,2024,83673.0,A
HUN,EMDE,P5L,GF08,2024,338329.0,A
HUN,EMDE,P5L,GF09,2024,299628.0,A
HUN,EMDE,P5L,GF10,2024,37453.0,A
IRL,AE,P5L,GF01,2000,467.97,A
IRL,AE,P5L,GF02,2000,45.51,A
IRL,AE,P5L,GF03,2000,140.57,A
IRL,AE,P5L,GF04,2000,1065.42,A
IRL,AE,P5L,GF05,2000,346.75,A
IRL,AE,P5L,GF06,2000,675.62,A
IRL,AE,P5L,GF07,2000,226.02,A
IRL,AE,P5L,GF08,2000,96.6,A
IRL,AE,P5L,GF09,2000,387.16,A
IRL,AE,P5L,GF10,2000,348.17,A
IRL,AE,P5L,GF01,2001,452.96,A
IRL,AE,P5L,GF02,2001,108.33,A
IRL,AE,P5L,GF03,2001,175.29,A
IRL,AE,P5L,GF04,2001,1485.75,A
IRL,AE,P5L,GF05,2001,475.17,A
IRL,AE,P5L,GF06,2001,1010.04,A
IRL,AE,P5L,GF07,2001,261.38,A
IRL,AE,P5L,GF08,2001,113.29,A
IRL,AE,P5L,GF09,2001,514.57,A
IRL,AE,P5L,GF10,2001,572.59,A
IRL,AE,P5L,GF01,2002,441.86,A
IRL,AE,P5L,GF02,2002,76.48,A
IRL,AE,P5L,GF03,2002,166.49,A
IRL,AE,P5L,GF04,2002,1926.65,A
IRL,AE,P5L,GF05,2002,470.34,A
IRL,AE,P5L,GF06,2002,1064.52,A
IRL,AE,P5L,GF07,2002,296.41,A
IRL,AE,P5L,GF08,2002,149.67,A
IRL,AE,P5L,GF09,2002,415.16,A
IRL,AE,P5L,GF10,2002,748.53,A
IRL,AE,P5L,GF01,2003,424.35,A
IRL,AE,P5L,GF02,2003,57.47,A
IRL,AE,P5L,GF03,2003,157.28,A
IRL,AE,P5L,GF04,2003,1856.32,A
IRL,AE,P5L,GF05,2003,396.7,A
IRL,AE,P5L,GF06,2003,778.33,A
IRL,AE,P5L,GF07,2003,357.24,A
IRL,AE,P5L,GF08,2003,94.85,A
IRL,AE,P5L,GF09,2003,378.56,A
IRL,AE,P5L,GF10,2003,862.81,A
IRL,AE,P5L,GF01,2004,375.32,A
IRL,AE,P5L,GF02,2004,134.95,A
IRL,AE,P5L,GF03,2004,178.79,A
IRL,AE,P5L,GF04,2004,1886.37,A
IRL,AE,P5L,GF05,2004,391.31,A
IRL,AE,P5L,GF06,2004,849.88,A
IRL,AE,P5L,GF07,2004,446.97,A
IRL,AE,P5L,GF08,2004,107.6,A
IRL,AE,P5L,GF09,2004,364.43,A
IRL,AE,P5L,GF10,2004,771.15,A
IRL,AE,P5L,GF01,2005,407.34,A
IRL,AE,P5L,GF02,2005,36.36,A
IRL,AE,P5L,GF03,2005,190.29,A
IRL,AE,P5L,GF04,2005,1693.3,A
IRL,AE,P5L,GF05,2005,440.57,A
IRL,AE,P5L,GF06,2005,1117.98,A
IRL,AE,P5L,GF07,2005,500.78,A
IRL,AE,P5L,GF08,2005,158.13,A
IRL,AE,P5L,GF09,2005,506.48,A
IRL,AE,P5L,GF10,2005,970.06,A
IRL,AE,P5L,GF01,2006,390.72,A
IRL,AE,P5L,GF02,2006,50.32,A
IRL,AE,P5L,GF03,2006,304.41,A
IRL,AE,P5L,GF04,2006,2155.22,A
IRL,AE,P5L,GF05,2006,574.61,A
IRL,AE,P5L,GF06,2006,1422.26,A
IRL,AE,P5L,GF07,2006,396.6,A
IRL,AE,P5L,GF08,2006,212.01,A
IRL,AE,P5L,GF09,2006,528.69,A
IRL,AE,P5L,GF10,2006,1037.16,A
IRL,AE,P5L,GF01,2007,677.97,A
IRL,AE,P5L,GF02,2007,110.78,A
IRL,AE,P5L,GF03,2007,253.94,A
IRL,AE,P5L,GF04,2007,2447.48,A
IRL,AE,P5L,GF05,2007,690.52,A
IRL,AE,P5L,GF06,2007,2273.24,A
IRL,AE,P5L,GF07,2007,547.33,A
IRL,AE,P5L,GF08,2007,252.47,A
IRL,AE,P5L,GF09,2007,774.17,A
IRL,AE,P5L,GF10,2007,1179.31,A
IRL,AE,P5L,GF01,2008,648.7,A
IRL,AE,P5L,GF02,2008,103.95,A
IRL,AE,P5L,GF03,2008,293.09,A
IRL,AE,P5L,GF04,2008,3659.87,A
IRL,AE,P5L,GF05,2008,710.23,A
IRL,AE,P5L,GF06,2008,1953.51,A
IRL,AE,P5L,GF07,2008,516.55,A
IRL,AE,P5L,GF08,2008,292.67,A
IRL,AE,P5L,GF09,2008,781.68,A
IRL,AE,P5L,GF10,2008,1189.69,A
IRL,AE,P5L,GF01,2009,236.74,A
IRL,AE,P5L,GF02,2009,40.29,A
IRL,AE,P5L,GF03,2009,194.9,A
IRL,AE,P5L,GF04,2009,2160.93,A
IRL,AE,P5L,GF05,2009,534.68,A
IRL,AE,P5L,GF06,2009,1319.98,A
IRL,AE,P5L,GF07,2009,411.83,A
IRL,AE,P5L,GF08,2009,181.42,A
IRL,AE,P5L,GF09,2009,598.05,A
IRL,AE,P5L,GF10,2009,728.06,A
IRL,AE,P5L,GF01,2010,221.1,A
IRL,AE,P5L,GF02,2010,21.96,A
IRL,AE,P5L,GF03,2010,173.8,A
IRL,AE,P5L,GF04,2010,2036.9,A
IRL,AE,P5L,GF05,2010,448.28,A
IRL,AE,P5L,GF06,2010,1258.83,A
IRL,AE,P5L,GF07,2010,419.83,A
IRL,AE,P5L,GF08,2010,134.18,A
IRL,AE,P5L,GF09,2010,603.53,A
IRL,AE,P5L,GF10,2010,293.54,A
IRL,AE,P5L,GF01,2011,442.53,A
IRL,AE,P5L,GF02,2011,13.25,A
IRL,AE,P5L,GF03,2011,115.07,A
IRL,AE,P5L,GF04,2011,1890.85,A
IRL,AE,P5L,GF05,2011,124.58,A
IRL,AE,P5L,GF06,2011,533.63,A
IRL,AE,P5L,GF07,2011,425.53,A
IRL,AE,P5L,GF08,2011,147.09,A
IRL,AE,P5L,GF09,2011,492.73,A
IRL,AE,P5L,GF10,2011,190.12,A
IRL,AE,P5L,GF01,2012,419.71,A
IRL,AE,P5L,GF02,2012,9.9,A
IRL,AE,P5L,GF03,2012,85.83,A
IRL,AE,P5L,GF04,2012,1480.95,A
IRL,AE,P5L,GF05,2012,124.19,A
IRL,AE,P5L,GF06,2012,300.26,A
IRL,AE,P5L,GF07,2012,496.35,A
IRL,AE,P5L,GF08,2012,135.68,A
IRL,AE,P5L,GF09,2012,492.73,A
IRL,AE,P5L,GF10,2012,139.63,A
IRL,AE,P5L,GF01,2013,390.12,A
IRL,AE,P5L,GF02,2013,16.17,A
IRL,AE,P5L,GF03,2013,86.86,A
IRL,AE,P5L,GF04,2013,1578.84,A
IRL,AE,P5L,GF05,2013,102.34,A
IRL,AE,P5L,GF06,2013,485.87,A
IRL,AE,P5L,GF07,2013,392.75,A
IRL,AE,P5L,GF08,2013,154.89,A
IRL,AE,P5L,GF09,2013,360.72,A
IRL,AE,P5L,GF10,2013,152.87,A
IRL,AE,P5L,GF01,2014,426.11,A
IRL,AE,P5L,GF02,2014,82.97,A
IRL,AE,P5L,GF03,2014,95.82,A
IRL,AE,P5L,GF04,2014,1461.69,A
IRL,AE,P5L,GF05,2014,101.94,A
IRL,AE,P5L,GF06,2014,719.08,A
IRL,AE,P5L,GF07,2014,505.96,A
IRL,AE,P5L,GF08,2014,145.63,A
IRL,AE,P5L,GF09,2014,492.73,A
IRL,AE,P5L,GF10,2014,296.68,A
IRL,AE,P5L,GF01,2015,553.83,A
IRL,AE,P5L,GF02,2015,91.47,A
IRL,AE,P5L,GF03,2015,143.16,A
IRL,AE,P5L,GF04,2015,1250.36,A
IRL,AE,P5L,GF05,2015,136.22,A
IRL,AE,P5L,GF06,2015,709.92,A
IRL,AE,P5L,GF07,2015,598.85,A
IRL,AE,P5L,GF08,2015,161.98,A
IRL,AE,P5L,GF09,2015,492.73,A
IRL,AE,P5L,GF10,2015,527.32,A
IRL,AE,P5L,GF01,2016,498.47,A
IRL,AE,P5L,GF02,2016,102.27,A
IRL,AE,P5L,GF03,2016,174.11,A
IRL,AE,P5L,GF04,2016,1837.61,A
IRL,AE,P5L,GF05,2016,128.1,A
IRL,AE,P5L,GF06,2016,658.19,A
IRL,AE,P5L,GF07,2016,634.07,A
IRL,AE,P5L,GF08,2016,212.8,A
IRL,AE,P5L,GF09,2016,609.38,A
IRL,AE,P5L,GF10,2016,568.77,A
IRL,AE,P5L,GF01,2017,488.91,A
IRL,AE,P5L,GF02,2017,45.5,A
IRL,AE,P5L,GF03,2017,187.54,A
IRL,AE,P5L,GF04,2017,1667.79,A
IRL,AE,P5L,GF05,2017,138.8,A
IRL,AE,P5L,GF06,2017,668.48,A
IRL,AE,P5L,GF07,2017,667.7,A
IRL,AE,P5L,GF08,2017,159.74,A
IRL,AE,P5L,GF09,2017,667.18,A
IRL,AE,P5L,GF10,2017,865.28,A
IRL,AE,P5L,GF01,2018,597.96,A
IRL,AE,P5L,GF02,2018,130.94,A
IRL,AE,P5L,GF03,2018,225.57,A
IRL,AE,P5L,GF04,2018,2273.2,A
IRL,AE,P5L,GF05,2018,149.79,A
IRL,AE,P5L,GF06,2018,922.36,A
IRL,AE,P5L,GF07,2018,698.79,A
IRL,AE,P5L,GF08,2018,233.75,A
IRL,AE,P5L,GF09,2018,633.47,A
IRL,AE,P5L,GF10,2018,935.14,A
IRL,AE,P5L,GF01,2019,629.93,A
IRL,AE,P5L,GF02,2019,72.61,A
IRL,AE,P5L,GF03,2019,237.98,A
IRL,AE,P5L,GF04,2019,2290.81,A
IRL,AE,P5L,GF05,2019,563.34,A
IRL,AE,P5L,GF06,2019,918.55,A
IRL,AE,P5L,GF07,2019,938.74,A
IRL,AE,P5L,GF08,2019,242.73,A
IRL,AE,P5L,GF09,2019,745.04,A
IRL,AE,P5L,GF10,2019,1477.78,A
IRL,AE,P5L,GF01,2020,601.3,A
IRL,AE,P5L,GF02,2020,116.86,A
IRL,AE,P5L,GF03,2020,229.29,A
IRL,AE,P5L,GF04,2020,2368.34,A
IRL,AE,P5L,GF05,2020,551.24,A
IRL,AE,P5L,GF06,2020,891.14,A
IRL,AE,P5L,GF07,2020,1818.57,A
IRL,AE,P5L,GF08,2020,231.18,A
IRL,AE,P5L,GF09,2020,818.11,A
IRL,AE,P5L,GF10,2020,1254.09,A
IRL,AE,P5L,GF01,2021,656.3,A
IRL,AE,P5L,GF02,2021,87.76,A
IRL,AE,P5L,GF03,2021,229.29,A
IRL,AE,P5L,GF04,2021,2043.02,A
IRL,AE,P5L,GF05,2021,554.18,A
IRL,AE,P5L,GF06,2021,823.67,A
IRL,AE,P5L,GF07,2021,1762.85,A
IRL,AE,P5L,GF08,2021,231.18,A
IRL,AE,P5L,GF09,2021,857.31,A
IRL,AE,P5L,GF10,2021,1447.26,A
IRL,AE,P5L,GF01,2022,699.57,A
IRL,AE,P5L,GF02,2022,67.71,A
IRL,AE,P5L,GF03,2022,255.68,A
IRL,AE,P5L,GF04,2022,3071.56,A
IRL,AE,P5L,GF05,2022,662.89,A
IRL,AE,P5L,GF06,2022,1046.45,A
IRL,AE,P5L,GF07,2022,2133.68,A
IRL,AE,P5L,GF08,2022,263.43,A
IRL,AE,P5L,GF09,2022,900.64,A
IRL,AE,P5L,GF10,2022,1808.21,A
IRL,AE,P5L,GF01,2023,766.43,A
IRL,AE,P5L,GF02,2023,342.8,A
IRL,AE,P5L,GF03,2023,281.87,A
IRL,AE,P5L,GF04,2023,3296.5,A
IRL,AE,P5L,GF05,2023,780.14,A
IRL,AE,P5L,GF06,2023,1382.52,A
IRL,AE,P5L,GF07,2023,2071.77,A
IRL,AE,P5L,GF08,2023,311.09,A
IRL,AE,P5L,GF09,2023,1094.22,A
IRL,AE,P5L,GF10,2023,2005.83,A
IRL,AE,P5L,GF01,2024,995.91,A
IRL,AE,P5L,GF02,2024,60.0,A
IRL,AE,P5L,GF03,2024,351.19,A
IRL,AE,P5L,GF04,2024,3946.97,A
IRL,AE,P5L,GF05,2024,857.8,A
IRL,AE,P5L,GF06,2024,1472.46,A
IRL,AE,P5L,GF07,2024,2905.36,A
IRL,AE,P5L,GF08,2024,364.02,A
IRL,AE,P5L,GF09,2024,1372.61,A
IRL,AE,P5L,GF10,2024,2255.57,A
ISL,AE,P5L,GF01,2000,-247.17,A
ISL,AE,P5L,GF02,2000,0.0,A
ISL,AE,P5L,GF03,2000,986.92,A
ISL,AE,P5L,GF04,2000,14319.24,A
ISL,AE,P5L,GF05,2000,529.81,A
ISL,AE,P5L,GF06,2000,30.72,A
ISL,AE,P5L,GF07,2000,1930.34,A
ISL,AE,P5L,GF08,2000,3676.38,A
ISL,AE,P5L,GF09,2000,10716.65,A
ISL,AE,P5L,GF10,2000,1120.51,A
ISL,AE,P5L,GF01,2001,2788.07,A
ISL,AE,P5L,GF02,2001,0.0,A
ISL,AE,P5L,GF03,2001,738.12,A
ISL,AE,P5L,GF04,2001,18310.12,A
ISL,AE,P5L,GF05,2001,684.01,A
ISL,AE,P5L,GF06,2001,29.51,A
ISL,AE,P5L,GF07,2001,2000.1,A
ISL,AE,P5L,GF08,2001,3155.96,A
ISL,AE,P5L,GF09,2001,11855.18,A
ISL,AE,P5L,GF10,2001,1105.8,A
ISL,AE,P5L,GF01,2002,1708.25,A
ISL,AE,P5L,GF02,2002,0.24,A
ISL,AE,P5L,GF03,2002,632.22,A
ISL,AE,P5L,GF04,2002,14272.16,A
ISL,AE,P5L,GF05,2002,770.47,A
ISL,AE,P5L,GF06,2002,3322.5,A
ISL,AE,P5L,GF07,2002,2442.23,A
ISL,AE,P5L,GF08,2002,2426.75,A
ISL,AE,P5L,GF09,2002,11853.11,A
ISL,AE,P5L,GF10,2002,958.36,A
ISL,AE,P5L,GF01,2003,1995.67,A
ISL,AE,P5L,GF02,2003,0.46,A
ISL,AE,P5L,GF03,2003,989.7,A
ISL,AE,P5L,GF04,2003,16459.76,A
ISL,AE,P5L,GF05,2003,833.79,A
ISL,AE,P5L,GF06,2003,949.32,A
ISL,AE,P5L,GF07,2003,2002.62,A
ISL,AE,P5L,GF08,2003,3282.9,A
ISL,AE,P5L,GF09,2003,9620.23,A
ISL,AE,P5L,GF10,2003,873.47,A
ISL,AE,P5L,GF01,2004,1333.98,A
ISL,AE,P5L,GF02,2004,0.61,A
ISL,AE,P5L,GF03,2004,650.51,A
ISL,AE,P5L,GF04,2004,19193.64,A
ISL,AE,P5L,GF05,2004,822.23,A
ISL,AE,P5L,GF06,2004,1112.99,A
ISL,AE,P5L,GF07,2004,1695.89,A
ISL,AE,P5L,GF08,2004,4825.76,A
ISL,AE,P5L,GF09,2004,12562.68,A
ISL,AE,P5L,GF10,2004,1052.11,A
ISL,AE,P5L,GF01,2005,1423.07,A
ISL,AE,P5L,GF02,2005,26.74,A
ISL,AE,P5L,GF03,2005,743.63,A
ISL,AE,P5L,GF04,2005,16654.08,A
ISL,AE,P5L,GF05,2005,880.69,A
ISL,AE,P5L,GF06,2005,631.33,A
ISL,AE,P5L,GF07,2005,2188.41,A
ISL,AE,P5L,GF08,2005,3487.81,A
ISL,AE,P5L,GF09,2005,12898.8,A
ISL,AE,P5L,GF10,2005,1225.37,A
ISL,AE,P5L,GF01,2006,297.98,A
ISL,AE,P5L,GF02,2006,1.12,A
ISL,AE,P5L,GF03,2006,659.3,A
ISL,AE,P5L,GF04,2006,23039.57,A
ISL,AE,P5L,GF05,2006,778.61,A
ISL,AE,P5L,GF06,2006,4190.28,A
ISL,AE,P5L,GF07,2006,2328.7,A
ISL,AE,P5L,GF08,2006,5901.52,A
ISL,AE,P5L,GF09,2006,16000.7,A
ISL,AE,P5L,GF10,2006,1605.69,A
ISL,AE,P5L,GF01,2007,2818.98,A
ISL,AE,P5L,GF02,2007,19.75,A
ISL,AE,P5L,GF03,2007,690.86,A
ISL,AE,P5L,GF04,2007,28793.66,A
ISL,AE,P5L,GF05,2007,981.06,A
ISL,AE,P5L,GF06,2007,998.22,A
ISL,AE,P5L,GF07,2007,3521.15,A
ISL,AE,P5L,GF08,2007,8447.73,A
ISL,AE,P5L,GF09,2007,17554.38,A
ISL,AE,P5L,GF10,2007,1688.46,A
ISL,AE,P5L,GF01,2008,1837.29,A
ISL,AE,P5L,GF02,2008,0.0,A
ISL,AE,P5L,GF03,2008,930.3,A
ISL,AE,P5L,GF04,2008,38574.34,A
ISL,AE,P5L,GF05,2008,1450.33,A
ISL,AE,P5L,GF06,2008,1748.54,A
ISL,AE,P5L,GF07,2008,3111.68,A
ISL,AE,P5L,GF08,2008,8230.92,A
ISL,AE,P5L,GF09,2008,18081.8,A
ISL,AE,P5L,GF10,2008,2009.4,A
ISL,AE,P5L,GF01,2009,2303.87,A
ISL,AE,P5L,GF02,2009,29.76,A
ISL,AE,P5L,GF03,2009,4815.41,A
ISL,AE,P5L,GF04,2009,27753.94,A
ISL,AE,P5L,GF05,2009,1454.6,A
ISL,AE,P5L,GF06,2009,1383.86,A
ISL,AE,P5L,GF07,2009,2366.15,A
ISL,AE,P5L,GF08,2009,5759.22,A
ISL,AE,P5L,GF09,2009,16935.52,A
ISL,AE,P5L,GF10,2009,1674.68,A
ISL,AE,P5L,GF01,2010,2442.58,A
ISL,AE,P5L,GF02,2010,0.0,A
ISL,AE,P5L,GF03,2010,528.78,A
ISL,AE,P5L,GF04,2010,22552.52,A
ISL,AE,P5L,GF05,2010,1903.38,A
ISL,AE,P5L,GF06,2010,1014.97,A
ISL,AE,P5L,GF07,2010,2894.69,A
ISL,AE,P5L,GF08,2010,5943.63,A
ISL,AE,P5L,GF09,2010,16772.23,A
ISL,AE,P5L,GF10,2010,1752.42,A
ISL,AE,P5L,GF01,2011,620.93,A
ISL,AE,P5L,GF02,2011,70.0,A
ISL,AE,P5L,GF03,2011,5479.74,A
ISL,AE,P5L,GF04,2011,13668.78,A
ISL,AE,P5L,GF05,2011,1428.92,A
ISL,AE,P5L,GF06,2011,1263.37,A
ISL,AE,P5L,GF07,2011,2459.03,A
ISL,AE,P5L,GF08,2011,29230.71,A
ISL,AE,P5L,GF09,2011,16252.44,A
ISL,AE,P5L,GF10,2011,3023.86,A
ISL,AE,P5L,GF01,2012,2637.55,A
ISL,AE,P5L,GF02,2012,32.12,A
ISL,AE,P5L,GF03,2012,700.76,A
ISL,AE,P5L,GF04,2012,15666.07,A
ISL,AE,P5L,GF05,2012,1332.42,A
ISL,AE,P5L,GF06,2012,1845.74,A
ISL,AE,P5L,GF07,2012,3535.52,A
ISL,AE,P5L,GF08,2012,3888.28,A
ISL,AE,P5L,GF09,2012,16898.55,A
ISL,AE,P5L,GF10,2012,1352.81,A
ISL,AE,P5L,GF01,2013,9114.94,A
ISL,AE,P5L,GF02,2013,12.67,A
ISL,AE,P5L,GF03,2013,607.24,A
ISL,AE,P5L,GF04,2013,21200.52,A
ISL,AE,P5L,GF05,2013,1382.91,A
ISL,AE,P5L,GF06,2013,1945.99,A
ISL,AE,P5L,GF07,2013,3546.06,A
ISL,AE,P5L,GF08,2013,5035.97,A
ISL,AE,P5L,GF09,2013,16812.67,A
ISL,AE,P5L,GF10,2013,1131.23,A
ISL,AE,P5L,GF01,2014,2999.84,A
ISL,AE,P5L,GF02,2014,43.88,A
ISL,AE,P5L,GF03,2014,1053.52,A
ISL,AE,P5L,GF04,2014,23904.97,A
ISL,AE,P5L,GF05,2014,1748.92,A
ISL,AE,P5L,GF06,2014,3743.94,A
ISL,AE,P5L,GF07,2014,4605.11,A
ISL,AE,P5L,GF08,2014,3342.04,A
ISL,AE,P5L,GF09,2014,19450.59,A
ISL,AE,P5L,GF10,2014,1668.22,A
ISL,AE,P5L,GF01,2015,4738.69,A
ISL,AE,P5L,GF02,2015,74.4,A
ISL,AE,P5L,GF03,2015,1735.86,A
ISL,AE,P5L,GF04,2015,21858.21,A
ISL,AE,P5L,GF05,2015,1863.92,A
ISL,AE,P5L,GF06,2015,3224.63,A
ISL,AE,P5L,GF07,2015,4609.85,A
ISL,AE,P5L,GF08,2015,4910.03,A
ISL,AE,P5L,GF09,2015,20853.4,A
ISL,AE,P5L,GF10,2015,1620.19,A
ISL,AE,P5L,GF01,2016,2397.32,A
ISL,AE,P5L,GF02,2016,78.2,A
ISL,AE,P5L,GF03,2016,1060.74,A
ISL,AE,P5L,GF04,2016,26827.45,A
ISL,AE,P5L,GF05,2016,1640.37,A
ISL,AE,P5L,GF06,2016,3187.25,A
ISL,AE,P5L,GF07,2016,5567.99,A
ISL,AE,P5L,GF08,2016,4243.0,A
ISL,AE,P5L,GF09,2016,21526.51,A
ISL,AE,P5L,GF10,2016,1447.06,A
ISL,AE,P5L,GF01,2017,3234.35,A
ISL,AE,P5L,GF02,2017,173.24,A
ISL,AE,P5L,GF03,2017,859.21,A
ISL,AE,P5L,GF04,2017,36176.65,A
ISL,AE,P5L,GF05,2017,2458.22,A
ISL,AE,P5L,GF06,2017,4239.94,A
ISL,AE,P5L,GF07,2017,6255.6,A
ISL,AE,P5L,GF08,2017,5174.97,A
ISL,AE,P5L,GF09,2017,23175.37,A
ISL,AE,P5L,GF10,2017,1920.73,A
ISL,AE,P5L,GF01,2018,6711.6,A
ISL,AE,P5L,GF02,2018,1393.43,A
ISL,AE,P5L,GF03,2018,995.77,A
ISL,AE,P5L,GF04,2018,56075.91,A
ISL,AE,P5L,GF05,2018,3002.92,A
ISL,AE,P5L,GF06,2018,6257.5,A
ISL,AE,P5L,GF07,2018,10381.43,A
ISL,AE,P5L,GF08,2018,7929.19,A
ISL,AE,P5L,GF09,2018,27005.94,A
ISL,AE,P5L,GF10,2018,2917.11,A
ISL,AE,P5L,GF01,2019,7137.56,A
ISL,AE,P5L,GF02,2019,2375.95,A
ISL,AE,P5L,GF03,2019,1160.79,A
ISL,AE,P5L,GF04,2019,47253.22,A
ISL,AE,P5L,GF05,2019,2269.78,A
ISL,AE,P5L,GF06,2019,5506.36,A
ISL,AE,P5L,GF07,2019,9215.48,A
ISL,AE,P5L,GF08,2019,8164.84,A
ISL,AE,P5L,GF09,2019,26235.15,A
ISL,AE,P5L,GF10,2019,2569.65,A
ISL,AE,P5L,GF01,2020,9235.89,A
ISL,AE,P5L,GF02,2020,4460.32,A
ISL,AE,P5L,GF03,2020,1339.64,A
ISL,AE,P5L,GF04,2020,48311.64,A
ISL,AE,P5L,GF05,2020,3146.13,A
ISL,AE,P5L,GF06,2020,5874.08,A
ISL,AE,P5L,GF07,2020,7507.45,A
ISL,AE,P5L,GF08,2020,6763.37,A
ISL,AE,P5L,GF09,2020,28643.64,A
ISL,AE,P5L,GF10,2020,3046.87,A
ISL,AE,P5L,GF01,2021,12947.55,A
ISL,AE,P5L,GF02,2021,4918.62,A
ISL,AE,P5L,GF03,2021,3621.0,A
ISL,AE,P5L,GF04,2021,57381.63,A
ISL,AE,P5L,GF05,2021,3277.08,A
ISL,AE,P5L,GF06,2021,6101.01,A
ISL,AE,P5L,GF07,2021,12036.74,A
ISL,AE,P5L,GF08,2021,8231.83,A
ISL,AE,P5L,GF09,2021,32558.45,A
ISL,AE,P5L,GF10,2021,3994.07,A
ISL,AE,P5L,GF01,2022,16242.55,A
ISL,AE,P5L,GF02,2022,2832.99,A
ISL,AE,P5L,GF03,2022,2309.91,A
ISL,AE,P5L,GF04,2022,62510.8,A
ISL,AE,P5L,GF05,2022,3262.99,A
ISL,AE,P5L,GF06,2022,7530.43,A
ISL,AE,P5L,GF07,2022,15727.4,A
ISL,AE,P5L,GF08,2022,10056.95,A
ISL,AE,P5L,GF09,2022,36680.64,A
ISL,AE,P5L,GF10,2022,4325.27,A
ISL,AE,P5L,GF01,2023,13238.51,A
ISL,AE,P5L,GF02,2023,1534.4,A
ISL,AE,P5L,GF03,2023,5356.85,A
ISL,AE,P5L,GF04,2023,66182.7,A
ISL,AE,P5L,GF05,2023,3983.55,A
ISL,AE,P5L,GF06,2023,9281.16,A
ISL,AE,P5L,GF07,2023,22458.94,A
ISL,AE,P5L,GF08,2023,11507.39,A
ISL,AE,P5L,GF09,2023,40795.6,A
ISL,AE,P5L,GF10,2023,4139.48,A
ISL,AE,P5L,GF01,2024,11675.11,A
ISL,AE,P5L,GF02,2024,2492.87,A
ISL,AE,P5L,GF03,2024,11616.98,A
ISL,AE,P5L,GF04,2024,61686.34,A
ISL,AE,P5L,GF05,2024,2337.98,A
ISL,AE,P5L,GF06,2024,8933.35,A
ISL,AE,P5L,GF07,2024,26782.36,A
ISL,AE,P5L,GF08,2024,11643.07,A
ISL,AE,P5L,GF09,2024,44971.91,A
ISL,AE,P5L,GF10,2024,3960.96,A
ISR,AE,P5L,GF01,2000,963.163,A
ISR,AE,P5L,GF02,2000,13499.52,A
ISR,AE,P5L,GF03,2000,616.326,A
ISR,AE,P5L,GF04,2000,3816.449,A
ISR,AE,P5L,GF05,2000,912.561,A
ISR,AE,P5L,GF06,2000,-1514.993,A
ISR,AE,P5L,GF07,2000,553.371,A
ISR,AE,P5L,GF08,2000,784.835,A
ISR,AE,P5L,GF09,2000,5831.261,A
ISR,AE,P5L,GF10,2000,492.343,A
ISR,AE,P5L,GF01,2001,1210.143,A
ISR,AE,P5L,GF02,2001,14396.039,A
ISR,AE,P5L,GF03,2001,561.418,A
ISR,AE,P5L,GF04,2001,5045.271,A
ISR,AE,P5L,GF05,2001,1009.845,A
ISR,AE,P5L,GF06,2001,-117.692,A
ISR,AE,P5L,GF07,2001,615.51,A
ISR,AE,P5L,GF08,2001,920.718,A
ISR,AE,P5L,GF09,2001,6097.015,A
ISR,AE,P5L,GF10,2001,508.932,A
ISR,AE,P5L,GF01,2002,927.526,A
ISR,AE,P5L,GF02,2002,16475.59,A
ISR,AE,P5L,GF03,2002,817.378,A
ISR,AE,P5L,GF04,2002,5753.244,A
ISR,AE,P5L,GF05,2002,1023.092,A
ISR,AE,P5L,GF06,2002,224.582,A
ISR,AE,P5L,GF07,2002,749.343,A
ISR,AE,P5L,GF08,2002,1294.075,A
ISR,AE,P5L,GF09,2002,6498.684,A
ISR,AE,P5L,GF10,2002,572.658,A
ISR,AE,P5L,GF01,2003,897.984,A
ISR,AE,P5L,GF02,2003,14965.674,A
ISR,AE,P5L,GF03,2003,687.5,A
ISR,AE,P5L,GF04,2003,6244.749,A
ISR,AE,P5L,GF05,2003,1111.399,A
ISR,AE,P5L,GF06,2003,683.195,A
ISR,AE,P5L,GF07,2003,761.017,A
ISR,AE,P5L,GF08,2003,1357.122,A
ISR,AE,P5L,GF09,2003,6488.64,A
ISR,AE,P5L,GF10,2003,667.961,A
ISR,AE,P5L,GF01,2004,1148.079,A
ISR,AE,P5L,GF02,2004,15131.165,A
ISR,AE,P5L,GF03,2004,656.914,A
ISR,AE,P5L,GF04,2004,4202.905,A
ISR,AE,P5L,GF05,2004,520.496,A
ISR,AE,P5L,GF06,2004,-0.958,A
ISR,AE,P5L,GF07,2004,458.853,A
ISR,AE,P5L,GF08,2004,728.456,A
ISR,AE,P5L,GF09,2004,5829.709,A
ISR,AE,P5L,GF10,2004,143.908,A
ISR,AE,P5L,GF01,2005,1031.507,A
ISR,AE,P5L,GF02,2005,15106.455,A
ISR,AE,P5L,GF03,2005,594.563,A
ISR,AE,P5L,GF04,2005,3715.905,A
ISR,AE,P5L,GF05,2005,1005.926,A
ISR,AE,P5L,GF06,2005,41.984,A
ISR,AE,P5L,GF07,2005,926.225,A
ISR,AE,P5L,GF08,2005,1050.372,A
ISR,AE,P5L,GF09,2005,6270.616,A
ISR,AE,P5L,GF10,2005,565.63,A
ISR,AE,P5L,GF01,2006,1073.794,A
ISR,AE,P5L,GF02,2006,18810.201,A
ISR,AE,P5L,GF03,2006,686.331,A
ISR,AE,P5L,GF04,2006,4409.649,A
ISR,AE,P5L,GF05,2006,697.592,A
ISR,AE,P5L,GF06,2006,-1033.679,A
ISR,AE,P5L,GF07,2006,554.27,A
ISR,AE,P5L,GF08,2006,810.552,A
ISR,AE,P5L,GF09,2006,6310.854,A
ISR,AE,P5L,GF10,2006,64.79,A
ISR,AE,P5L,GF01,2007,1189.757,A
ISR,AE,P5L,GF02,2007,15815.023,A
ISR,AE,P5L,GF03,2007,685.901,A
ISR,AE,P5L,GF04,2007,4988.388,A
ISR,AE,P5L,GF05,2007,803.442,A
ISR,AE,P5L,GF06,2007,-301.377,A
ISR,AE,P5L,GF07,2007,1108.346,A
ISR,AE,P5L,GF08,2007,1509.236,A
ISR,AE,P5L,GF09,2007,7007.483,A
ISR,AE,P5L,GF10,2007,419.576,A
ISR,AE,P5L,GF01,2008,1232.011,A
ISR,AE,P5L,GF02,2008,18199.308,A
ISR,AE,P5L,GF03,2008,809.248,A
ISR,AE,P5L,GF04,2008,7092.8,A
ISR,AE,P5L,GF05,2008,793.817,A
ISR,AE,P5L,GF06,2008,-815.192,A
ISR,AE,P5L,GF07,2008,597.699,A
ISR,AE,P5L,GF08,2008,1149.606,A
ISR,AE,P5L,GF09,2008,7703.419,A
ISR,AE,P5L,GF10,2008,-73.103,A
ISR,AE,P5L,GF01,2009,1418.545,A
ISR,AE,P5L,GF02,2009,16383.239,A
ISR,AE,P5L,GF03,2009,1054.299,A
ISR,AE,P5L,GF04,2009,8227.894,A
ISR,AE,P5L,GF05,2009,702.03,A
ISR,AE,P5L,GF06,2009,-1776.27,A
ISR,AE,P5L,GF07,2009,659.207,A
ISR,AE,P5L,GF08,2009,1420.605,A
ISR,AE,P5L,GF09,2009,7913.455,A
ISR,AE,P5L,GF10,2009,-73.9,A
ISR,AE,P5L,GF01,2010,1564.886,A
ISR,AE,P5L,GF02,2010,16853.075,A
ISR,AE,P5L,GF03,2010,991.392,A
ISR,AE,P5L,GF04,2010,6322.018,A
ISR,AE,P5L,GF05,2010,900.597,A
ISR,AE,P5L,GF06,2010,-2745.283,A
ISR,AE,P5L,GF07,2010,820.032,A
ISR,AE,P5L,GF08,2010,1706.026,A
ISR,AE,P5L,GF09,2010,8518.861,A
ISR,AE,P5L,GF10,2010,-79.888,A
ISR,AE,P5L,GF01,2011,1572.992,A
ISR,AE,P5L,GF02,2011,17128.354,A
ISR,AE,P5L,GF03,2011,1073.122,A
ISR,AE,P5L,GF04,2011,10063.095,A
ISR,AE,P5L,GF05,2011,765.588,A
ISR,AE,P5L,GF06,2011,-3648.067,A
ISR,AE,P5L,GF07,2011,932.946,A
ISR,AE,P5L,GF08,2011,1832.983,A
ISR,AE,P5L,GF09,2011,8989.528,A
ISR,AE,P5L,GF10,2011,47.671,A
ISR,AE,P5L,GF01,2012,1641.816,A
ISR,AE,P5L,GF02,2012,15617.684,A
ISR,AE,P5L,GF03,2012,1416.828,A
ISR,AE,P5L,GF04,2012,6508.153,A
ISR,AE,P5L,GF05,2012,750.291,A
ISR,AE,P5L,GF06,2012,-1045.663,A
ISR,AE,P5L,GF07,2012,1858.248,A
ISR,AE,P5L,GF08,2012,3353.016,A
ISR,AE,P5L,GF09,2012,10827.611,A
ISR,AE,P5L,GF10,2012,1295.235,A
ISR,AE,P5L,GF01,2013,2196.846,A
ISR,AE,P5L,GF02,2013,18781.421,A
ISR,AE,P5L,GF03,2013,1723.933,A
ISR,AE,P5L,GF04,2013,10582.45,A
ISR,AE,P5L,GF05,2013,902.828,A
ISR,AE,P5L,GF06,2013,-2983.016,A
ISR,AE,P5L,GF07,2013,984.739,A
ISR,AE,P5L,GF08,2013,2852.995,A
ISR,AE,P5L,GF09,2013,11114.538,A
ISR,AE,P5L,GF10,2013,242.795,A
ISR,AE,P5L,GF01,2014,2033.361,A
ISR,AE,P5L,GF02,2014,20943.664,A
ISR,AE,P5L,GF03,2014,1290.556,A
ISR,AE,P5L,GF04,2014,9908.237,A
ISR,AE,P5L,GF05,2014,752.546,A
ISR,AE,P5L,GF06,2014,-2254.608,A
ISR,AE,P5L,GF07,2014,1036.913,A
ISR,AE,P5L,GF08,2014,2316.779,A
ISR,AE,P5L,GF09,2014,11235.287,A
ISR,AE,P5L,GF10,2014,-67.434,A
ISR,AE,P5L,GF01,2015,2131.078,A
ISR,AE,P5L,GF02,2015,21309.902,A
ISR,AE,P5L,GF03,2015,999.868,A
ISR,AE,P5L,GF04,2015,11433.205,A
ISR,AE,P5L,GF05,2015,930.731,A
ISR,AE,P5L,GF06,2015,-5223.556,A
ISR,AE,P5L,GF07,2015,966.607,A
ISR,AE,P5L,GF08,2015,1913.263,A
ISR,AE,P5L,GF09,2015,11895.06,A
ISR,AE,P5L,GF10,2015,172.761,A
ISR,AE,P5L,GF01,2016,2888.818,A
ISR,AE,P5L,GF02,2016,21259.196,A
ISR,AE,P5L,GF03,2016,1104.96,A
ISR,AE,P5L,GF04,2016,12485.104,A
ISR,AE,P5L,GF05,2016,892.332,A
ISR,AE,P5L,GF06,2016,-2160.224,A
ISR,AE,P5L,GF07,2016,1057.33,A
ISR,AE,P5L,GF08,2016,2363.538,A
ISR,AE,P5L,GF09,2016,12312.717,A
ISR,AE,P5L,GF10,2016,800.162,A
ISR,AE,P5L,GF01,2017,3338.226,A
ISR,AE,P5L,GF02,2017,20249.661,A
ISR,AE,P5L,GF03,2017,1109.783,A
ISR,AE,P5L,GF04,2017,11081.007,A
ISR,AE,P5L,GF05,2017,826.821,A
ISR,AE,P5L,GF06,2017,-7661.937,A
ISR,AE,P5L,GF07,2017,1379.727,A
ISR,AE,P5L,GF08,2017,2692.193,A
ISR,AE,P5L,GF09,2017,12773.779,A
ISR,AE,P5L,GF10,2017,561.709,A
ISR,AE,P5L,GF01,2018,2923.937,A
ISR,AE,P5L,GF02,2018,21748.563,A
ISR,AE,P5L,GF03,2018,1315.256,A
ISR,AE,P5L,GF04,2018,14789.526,A
ISR,AE,P5L,GF05,2018,822.97,A
ISR,AE,P5L,GF06,2018,-4423.055,A
ISR,AE,P5L,GF07,2018,1044.544,A
ISR,AE,P5L,GF08,2018,3214.202,A
ISR,AE,P5L,GF09,2018,14601.426,A
ISR,AE,P5L,GF10,2018,754.169,A
ISR,AE,P5L,GF01,2019,3182.399,A
ISR,AE,P5L,GF02,2019,21565.852,A
ISR,AE,P5L,GF03,2019,1402.015,A
ISR,AE,P5L,GF04,2019,15721.849,A
ISR,AE,P5L,GF05,2019,947.232,A
ISR,AE,P5L,GF06,2019,-3460.417,A
ISR,AE,P5L,GF07,2019,1338.311,A
ISR,AE,P5L,GF08,2019,3277.887,A
ISR,AE,P5L,GF09,2019,14088.806,A
ISR,AE,P5L,GF10,2019,852.174,A
ISR,AE,P5L,GF01,2020,2929.32,A
ISR,AE,P5L,GF02,2020,20893.523,A
ISR,AE,P5L,GF03,2020,1007.006,A
ISR,AE,P5L,GF04,2020,18138.279,A
ISR,AE,P5L,GF05,2020,965.931,A
ISR,AE,P5L,GF06,2020,-1401.222,A
ISR,AE,P5L,GF07,2020,2127.818,A
ISR,AE,P5L,GF08,2020,3225.34,A
ISR,AE,P5L,GF09,2020,14209.325,A
ISR,AE,P5L,GF10,2020,796.18,A
ISR,AE,P5L,GF01,2021,3211.666,A
ISR,AE,P5L,GF02,2021,22338.278,A
ISR,AE,P5L,GF03,2021,878.871,A
ISR,AE,P5L,GF04,2021,17145.826,A
ISR,AE,P5L,GF05,2021,1043.297,A
ISR,AE,P5L,GF06,2021,-21115.629,A
ISR,AE,P5L,GF07,2021,1598.477,A
ISR,AE,P5L,GF08,2021,3410.445,A
ISR,AE,P5L,GF09,2021,15053.626,A
ISR,AE,P5L,GF10,2021,595.963,A
ISR,AE,P5L,GF01,2022,4259.748,A
ISR,AE,P5L,GF02,2022,27736.255,A
ISR,AE,P5L,GF03,2022,1320.608,A
ISR,AE,P5L,GF04,2022,16119.995,A
ISR,AE,P5L,GF05,2022,1133.808,A
ISR,AE,P5L,GF06,2022,-28669.66,A
ISR,AE,P5L,GF07,2022,1986.333,A
ISR,AE,P5L,GF08,2022,3876.665,A
ISR,AE,P5L,GF09,2022,16755.907,A
ISR,AE,P5L,GF10,2022,527.64,A
ISR,AE,P5L,GF01,2023,4647.956,A
ISR,AE,P5L,GF02,2023,31266.302,A
ISR,AE,P5L,GF03,2023,1376.524,A
ISR,AE,P5L,GF04,2023,19261.252,A
ISR,AE,P5L,GF05,2023,1475.13,A
ISR,AE,P5L,GF06,2023,-20770.902,A
ISR,AE,P5L,GF07,2023,2508.015,A
ISR,AE,P5L,GF08,2023,4882.678,A
ISR,AE,P5L,GF09,2023,16804.038,A
ISR,AE,P5L,GF10,2023,1297.039,A
ISR,AE,P5L,GF01,2024,4088.175,A
ISR,AE,P5L,GF02,2024,46791.248,A
ISR,AE,P5L,GF03,2024,1827.83,A
ISR,AE,P5L,GF04,2024,19239.19,A
ISR,AE,P5L,GF05,2024,1069.677,A
ISR,AE,P5L,GF06,2024,-10759.079,A
ISR,AE,P5L,GF07,2024,2226.673,A
ISR,AE,P5L,GF08,2024,3967.967,A
ISR,AE,P5L,GF09,2024,14809.925,A
ISR,AE,P5L,GF10,2024,1265.549,A
ITA,AE,P5L,GF01,2000,8314.0,A
ITA,AE,P5L,GF02,2000,2981.0,A
ITA,AE,P5L,GF03,2000,1627.0,A
ITA,AE,P5L,GF04,2000,8363.0,A
ITA,AE,P5L,GF05,2000,3220.0,A
ITA,AE,P5L,GF06,2000,2571.0,A
ITA,AE,P5L,GF07,2000,3153.0,A
ITA,AE,P5L,GF08,2000,1636.0,A
ITA,AE,P5L,GF09,2000,2395.0,A
ITA,AE,P5L,GF10,2000,884.0,A
ITA,AE,P5L,GF01,2001,8458.0,A
ITA,AE,P5L,GF02,2001,4091.0,A
ITA,AE,P5L,GF03,2001,1193.0,A
ITA,AE,P5L,GF04,2001,11116.0,A
ITA,AE,P5L,GF05,2001,3274.0,A
ITA,AE,P5L,GF06,2001,2900.0,A
ITA,AE,P5L,GF07,2001,3354.0,A
ITA,AE,P5L,GF08,2001,1942.0,A
ITA,AE,P5L,GF09,2001,2807.0,A
ITA,AE,P5L,GF10,2001,98.0,A
ITA,AE,P5L,GF01,2002,9537.0,A
ITA,AE,P5L,GF02,2002,4192.0,A
ITA,AE,P5L,GF03,2002,1455.0,A
ITA,AE,P5L,GF04,2002,12221.0,A
ITA,AE,P5L,GF05,2002,3434.0,A
ITA,AE,P5L,GF06,2002,3009.0,A
ITA,AE,P5L,GF07,2002,3337.0,A
ITA,AE,P5L,GF08,2002,1753.0,A
ITA,AE,P5L,GF09,2002,3036.0,A
ITA,AE,P5L,GF10,2002,-8241.0,A
ITA,AE,P5L,GF01,2003,9185.0,A
ITA,AE,P5L,GF02,2003,3985.0,A
ITA,AE,P5L,GF03,2003,1598.0,A
ITA,AE,P5L,GF04,2003,12049.0,A
ITA,AE,P5L,GF05,2003,3509.0,A
ITA,AE,P5L,GF06,2003,3099.0,A
ITA,AE,P5L,GF07,2003,3517.0,A
ITA,AE,P5L,GF08,2003,2101.0,A
ITA,AE,P5L,GF09,2003,3185.0,A
ITA,AE,P5L,GF10,2003,-150.0,A
ITA,AE,P5L,GF01,2004,9725.0,A
ITA,AE,P5L,GF02,2004,4069.0,A
ITA,AE,P5L,GF03,2004,1113.0,A
ITA,AE,P5L,GF04,2004,14655.0,A
ITA,AE,P5L,GF05,2004,3605.0,A
ITA,AE,P5L,GF06,2004,3645.0,A
ITA,AE,P5L,GF07,2004,3723.0,A
ITA,AE,P5L,GF08,2004,2168.0,A
ITA,AE,P5L,GF09,2004,3384.0,A
ITA,AE,P5L,GF10,2004,-9.0,A
ITA,AE,P5L,GF01,2005,9617.0,A
ITA,AE,P5L,GF02,2005,3484.0,A
ITA,AE,P5L,GF03,2005,1464.0,A
ITA,AE,P5L,GF04,2005,15513.0,A
ITA,AE,P5L,GF05,2005,3749.0,A
ITA,AE,P5L,GF06,2005,3539.0,A
ITA,AE,P5L,GF07,2005,4106.0,A
ITA,AE,P5L,GF08,2005,2180.0,A
ITA,AE,P5L,GF09,2005,3503.0,A
ITA,AE,P5L,GF10,2005,219.0,A
ITA,AE,P5L,GF01,2006,9971.0,A
ITA,AE,P5L,GF02,2006,3339.0,A
ITA,AE,P5L,GF03,2006,1539.0,A
ITA,AE,P5L,GF04,2006,16717.0,A
ITA,AE,P5L,GF05,2006,3643.0,A
ITA,AE,P5L,GF06,2006,3618.0,A
ITA,AE,P5L,GF07,2006,4088.0,A
ITA,AE,P5L,GF08,2006,2151.0,A
ITA,AE,P5L,GF09,2006,3527.0,A
ITA,AE,P5L,GF10,2006,759.0,A
ITA,AE,P5L,GF01,2007,8987.0,A
ITA,AE,P5L,GF02,2007,3524.0,A
ITA,AE,P5L,GF03,2007,1946.0,A
ITA,AE,P5L,GF04,2007,17201.0,A
ITA,AE,P5L,GF05,2007,3757.0,A
ITA,AE,P5L,GF06,2007,3610.0,A
ITA,AE,P5L,GF07,2007,4513.0,A
ITA,AE,P5L,GF08,2007,2242.0,A
ITA,AE,P5L,GF09,2007,3710.0,A
ITA,AE,P5L,GF10,2007,888.0,A
ITA,AE,P5L,GF01,2008,8916.0,A
ITA,AE,P5L,GF02,2008,4484.0,A
ITA,AE,P5L,GF03,2008,1888.0,A
ITA,AE,P5L,GF04,2008,16735.0,A
ITA,AE,P5L,GF05,2008,4129.0,A
ITA,AE,P5L,GF06,2008,3686.0,A
ITA,AE,P5L,GF07,2008,4928.0,A
ITA,AE,P5L,GF08,2008,2172.0,A
ITA,AE,P5L,GF09,2008,3464.0,A
ITA,AE,P5L,GF10,2008,923.0,A
ITA,AE,P5L,GF01,2009,9351.0,A
ITA,AE,P5L,GF02,2009,7226.0,A
ITA,AE,P5L,GF03,2009,1913.0,A
ITA,AE,P5L,GF04,2009,17359.0,A
ITA,AE,P5L,GF05,2009,3968.0,A
ITA,AE,P5L,GF06,2009,3924.0,A
ITA,AE,P5L,GF07,2009,5804.0,A
ITA,AE,P5L,GF08,2009,2348.0,A
ITA,AE,P5L,GF09,2009,3583.0,A
ITA,AE,P5L,GF10,2009,2322.0,A
ITA,AE,P5L,GF01,2010,8624.0,A
ITA,AE,P5L,GF02,2010,5351.0,A
ITA,AE,P5L,GF03,2010,1514.0,A
ITA,AE,P5L,GF04,2010,15542.0,A
ITA,AE,P5L,GF05,2010,3260.0,A
ITA,AE,P5L,GF06,2010,3893.0,A
ITA,AE,P5L,GF07,2010,5472.0,A
ITA,AE,P5L,GF08,2010,1657.0,A
ITA,AE,P5L,GF09,2010,3184.0,A
ITA,AE,P5L,GF10,2010,1298.0,A
ITA,AE,P5L,GF01,2011,8198.0,A
ITA,AE,P5L,GF02,2011,5739.0,A
ITA,AE,P5L,GF03,2011,1479.0,A
ITA,AE,P5L,GF04,2011,16074.0,A
ITA,AE,P5L,GF05,2011,2967.0,A
ITA,AE,P5L,GF06,2011,3034.0,A
ITA,AE,P5L,GF07,2011,4297.0,A
ITA,AE,P5L,GF08,2011,1614.0,A
ITA,AE,P5L,GF09,2011,3267.0,A
ITA,AE,P5L,GF10,2011,1175.0,A
ITA,AE,P5L,GF01,2012,8218.0,A
ITA,AE,P5L,GF02,2012,3852.0,A
ITA,AE,P5L,GF03,2012,1446.0,A
ITA,AE,P5L,GF04,2012,14734.0,A
ITA,AE,P5L,GF05,2012,2881.0,A
ITA,AE,P5L,GF06,2012,3048.0,A
ITA,AE,P5L,GF07,2012,3779.0,A
ITA,AE,P5L,GF08,2012,1491.0,A
ITA,AE,P5L,GF09,2012,2906.0,A
ITA,AE,P5L,GF10,2012,770.0,A
ITA,AE,P5L,GF01,2013,7354.0,A
ITA,AE,P5L,GF02,2013,3400.0,A
ITA,AE,P5L,GF03,2013,1266.0,A
ITA,AE,P5L,GF04,2013,14586.0,A
ITA,AE,P5L,GF05,2013,2781.0,A
ITA,AE,P5L,GF06,2013,2572.0,A
ITA,AE,P5L,GF07,2013,3685.0,A
ITA,AE,P5L,GF08,2013,1458.0,A
ITA,AE,P5L,GF09,2013,2996.0,A
ITA,AE,P5L,GF10,2013,698.0,A
ITA,AE,P5L,GF01,2014,8155.0,A
ITA,AE,P5L,GF02,2014,3404.0,A
ITA,AE,P5L,GF03,2014,1128.0,A
ITA,AE,P5L,GF04,2014,13585.0,A
ITA,AE,P5L,GF05,2014,2205.0,A
ITA,AE,P5L,GF06,2014,1924.0,A
ITA,AE,P5L,GF07,2014,3218.0,A
ITA,AE,P5L,GF08,2014,1437.0,A
ITA,AE,P5L,GF09,2014,2807.0,A
ITA,AE,P5L,GF10,2014,486.0,A
ITA,AE,P5L,GF01,2015,7656.0,A
ITA,AE,P5L,GF02,2015,3746.0,A
ITA,AE,P5L,GF03,2015,1017.0,A
ITA,AE,P5L,GF04,2015,15415.0,A
ITA,AE,P5L,GF05,2015,2384.0,A
ITA,AE,P5L,GF06,2015,2071.0,A
ITA,AE,P5L,GF07,2015,3549.0,A
ITA,AE,P5L,GF08,2015,1327.0,A
ITA,AE,P5L,GF09,2015,2943.0,A
ITA,AE,P5L,GF10,2015,836.0,A
ITA,AE,P5L,GF01,2016,7217.0,A
ITA,AE,P5L,GF02,2016,5427.0,A
ITA,AE,P5L,GF03,2016,960.0,A
ITA,AE,P5L,GF04,2016,13794.0,A
ITA,AE,P5L,GF05,2016,2101.0,A
ITA,AE,P5L,GF06,2016,1902.0,A
ITA,AE,P5L,GF07,2016,2974.0,A
ITA,AE,P5L,GF08,2016,1597.0,A
ITA,AE,P5L,GF09,2016,2528.0,A
ITA,AE,P5L,GF10,2016,668.0,A
ITA,AE,P5L,GF01,2017,7632.0,A
ITA,AE,P5L,GF02,2017,5017.0,A
ITA,AE,P5L,GF03,2017,953.0,A
ITA,AE,P5L,GF04,2017,13357.0,A
ITA,AE,P5L,GF05,2017,1888.0,A
ITA,AE,P5L,GF06,2017,1602.0,A
ITA,AE,P5L,GF07,2017,3143.0,A
ITA,AE,P5L,GF08,2017,1705.0,A
ITA,AE,P5L,GF09,2017,2490.0,A
ITA,AE,P5L,GF10,2017,836.0,A
ITA,AE,P5L,GF01,2018,7719.0,A
ITA,AE,P5L,GF02,2018,4297.0,A
ITA,AE,P5L,GF03,2018,1107.0,A
ITA,AE,P5L,GF04,2018,13647.0,A
ITA,AE,P5L,GF05,2018,1789.0,A
ITA,AE,P5L,GF06,2018,1525.0,A
ITA,AE,P5L,GF07,2018,2993.0,A
ITA,AE,P5L,GF08,2018,1989.0,A
ITA,AE,P5L,GF09,2018,2662.0,A
ITA,AE,P5L,GF10,2018,694.0,A
ITA,AE,P5L,GF01,2019,7729.0,A
ITA,AE,P5L,GF02,2019,5448.0,A
ITA,AE,P5L,GF03,2019,755.0,A
ITA,AE,P5L,GF04,2019,14820.0,A
ITA,AE,P5L,GF05,2019,2751.0,A
ITA,AE,P5L,GF06,2019,2035.0,A
ITA,AE,P5L,GF07,2019,3513.0,A
ITA,AE,P5L,GF08,2019,1743.0,A
ITA,AE,P5L,GF09,2019,2698.0,A
ITA,AE,P5L,GF10,2019,1029.0,A
ITA,AE,P5L,GF01,2020,8285.0,A
ITA,AE,P5L,GF02,2020,4583.0,A
ITA,AE,P5L,GF03,2020,1838.0,A
ITA,AE,P5L,GF04,2020,15122.0,A
ITA,AE,P5L,GF05,2020,2425.0,A
ITA,AE,P5L,GF06,2020,1702.0,A
ITA,AE,P5L,GF07,2020,6263.0,A
ITA,AE,P5L,GF08,2020,1892.0,A
ITA,AE,P5L,GF09,2020,3957.0,A
ITA,AE,P5L,GF10,2020,703.0,A
ITA,AE,P5L,GF01,2021,8599.0,A
ITA,AE,P5L,GF02,2021,7071.0,A
ITA,AE,P5L,GF03,2021,1901.0,A
ITA,AE,P5L,GF04,2021,19739.0,A
ITA,AE,P5L,GF05,2021,2848.0,A
ITA,AE,P5L,GF06,2021,2120.0,A
ITA,AE,P5L,GF07,2021,4949.0,A
ITA,AE,P5L,GF08,2021,2137.0,A
ITA,AE,P5L,GF09,2021,3582.0,A
ITA,AE,P5L,GF10,2021,578.0,A
ITA,AE,P5L,GF01,2022,9384.0,A
ITA,AE,P5L,GF02,2022,6182.0,A
ITA,AE,P5L,GF03,2022,2165.0,A
ITA,AE,P5L,GF04,2022,26923.0,A
ITA,AE,P5L,GF05,2022,3377.0,A
ITA,AE,P5L,GF06,2022,2463.0,A
ITA,AE,P5L,GF07,2022,3893.0,A
ITA,AE,P5L,GF08,2022,2351.0,A
ITA,AE,P5L,GF09,2022,4100.0,A
ITA,AE,P5L,GF10,2022,44.0,A
ITA,AE,P5L,GF01,2023,11274.0,A
ITA,AE,P5L,GF02,2023,7245.0,A
ITA,AE,P5L,GF03,2023,2441.0,A
ITA,AE,P5L,GF04,2023,25484.0,A
ITA,AE,P5L,GF05,2023,3677.0,A
ITA,AE,P5L,GF06,2023,3028.0,A
ITA,AE,P5L,GF07,2023,5271.0,A
ITA,AE,P5L,GF08,2023,3051.0,A
ITA,AE,P5L,GF09,2023,5594.0,A
ITA,AE,P5L,GF10,2023,1173.0,A
ITA,AE,P5L,GF01,2024,12486.0,A
ITA,AE,P5L,GF02,2024,9306.0,A
ITA,AE,P5L,GF03,2024,3264.0,A
ITA,AE,P5L,GF04,2024,29454.0,A
ITA,AE,P5L,GF05,2024,4308.0,A
ITA,AE,P5L,GF06,2024,3755.0,A
ITA,AE,P5L,GF07,2024,5554.0,A
ITA,AE,P5L,GF08,2024,3677.0,A
ITA,AE,P5L,GF09,2024,6223.0,A
ITA,AE,P5L,GF10,2024,1648.0,A
JPN,AE,P5L,GF01,2005,1230100.0,A
JPN,AE,P5L,GF02,2005,1127800.0,A
JPN,AE,P5L,GF03,2005,704400.0,A
JPN,AE,P5L,GF04,2005,11375800.0,A
JPN,AE,P5L,GF05,2005,3541200.0,A
JPN,AE,P5L,GF06,2005,1690900.0,A
JPN,AE,P5L,GF07,2005,213500.0,A
JPN,AE,P5L,GF08,2005,436600.0,A
JPN,AE,P5L,GF09,2005,2771200.0,A
JPN,AE,P5L,GF10,2005,295300.0,A
JPN,AE,P5L,GF01,2006,1079300.0,A
JPN,AE,P5L,GF02,2006,1144600.0,A
JPN,AE,P5L,GF03,2006,721700.0,A
JPN,AE,P5L,GF04,2006,10613000.0,A
JPN,AE,P5L,GF05,2006,3074200.0,A
JPN,AE,P5L,GF06,2006,1649300.0,A
JPN,AE,P5L,GF07,2006,186000.0,A
JPN,AE,P5L,GF08,2006,425200.0,A
JPN,AE,P5L,GF09,2006,2646900.0,A
JPN,AE,P5L,GF10,2006,315100.0,A
JPN,AE,P5L,GF01,2007,896400.0,A
JPN,AE,P5L,GF02,2007,1109100.0,A
JPN,AE,P5L,GF03,2007,650700.0,A
JPN,AE,P5L,GF04,2007,10293600.0,A
JPN,AE,P5L,GF05,2007,2826000.0,A
JPN,AE,P5L,GF06,2007,1577400.0,A
JPN,AE,P5L,GF07,2007,183800.0,A
JPN,AE,P5L,GF08,2007,397400.0,A
JPN,AE,P5L,GF09,2007,2609200.0,A
JPN,AE,P5L,GF10,2007,292600.0,A
JPN,AE,P5L,GF01,2008,1116700.0,A
JPN,AE,P5L,GF02,2008,1117600.0,A
JPN,AE,P5L,GF03,2008,590800.0,A
JPN,AE,P5L,GF04,2008,9798300.0,A
JPN,AE,P5L,GF05,2008,2694900.0,A
JPN,AE,P5L,GF06,2008,1504900.0,A
JPN,AE,P5L,GF07,2008,202600.0,A
JPN,AE,P5L,GF08,2008,373300.0,A
JPN,AE,P5L,GF09,2008,2687900.0,A
JPN,AE,P5L,GF10,2008,263300.0,A
JPN,AE,P5L,GF01,2009,852100.0,A
JPN,AE,P5L,GF02,2009,1216000.0,A
JPN,AE,P5L,GF03,2009,730700.0,A
JPN,AE,P5L,GF04,2009,10365000.0,A
JPN,AE,P5L,GF05,2009,2615100.0,A
JPN,AE,P5L,GF06,2009,1663700.0,A
JPN,AE,P5L,GF07,2009,193300.0,A
JPN,AE,P5L,GF08,2009,467900.0,A
JPN,AE,P5L,GF09,2009,3402400.0,A
JPN,AE,P5L,GF10,2009,292900.0,A
JPN,AE,P5L,GF01,2010,1323500.0,A
JPN,AE,P5L,GF02,2010,1053200.0,A
JPN,AE,P5L,GF03,2010,566000.0,A
JPN,AE,P5L,GF04,2010,9243800.0,A
JPN,AE,P5L,GF05,2010,2263900.0,A
JPN,AE,P5L,GF06,2010,1451400.0,A
JPN,AE,P5L,GF07,2010,174200.0,A
JPN,AE,P5L,GF08,2010,437600.0,A
JPN,AE,P5L,GF09,2010,3070200.0,A
JPN,AE,P5L,GF10,2010,285500.0,A
JPN,AE,P5L,GF01,2011,1148500.0,A
JPN,AE,P5L,GF02,2011,983000.0,A
JPN,AE,P5L,GF03,2011,615800.0,A
JPN,AE,P5L,GF04,2011,9473500.0,A
JPN,AE,P5L,GF05,2011,2181200.0,A
JPN,AE,P5L,GF06,2011,1319100.0,A
JPN,AE,P5L,GF07,2011,168200.0,A
JPN,AE,P5L,GF08,2011,389200.0,A
JPN,AE,P5L,GF09,2011,2727600.0,A
JPN,AE,P5L,GF10,2011,546200.0,A
JPN,AE,P5L,GF01,2012,1078800.0,A
JPN,AE,P5L,GF02,2012,1103400.0,A
JPN,AE,P5L,GF03,2012,682300.0,A
JPN,AE,P5L,GF04,2012,9366900.0,A
JPN,AE,P5L,GF05,2012,2167400.0,A
JPN,AE,P5L,GF06,2012,1282400.0,A
JPN,AE,P5L,GF07,2012,184400.0,A
JPN,AE,P5L,GF08,2012,380300.0,A
JPN,AE,P5L,GF09,2012,2791400.0,A
JPN,AE,P5L,GF10,2012,310700.0,A
JPN,AE,P5L,GF01,2013,1143300.0,A
JPN,AE,P5L,GF02,2013,1112800.0,A
JPN,AE,P5L,GF03,2013,831800.0,A
JPN,AE,P5L,GF04,2013,10798400.0,A
JPN,AE,P5L,GF05,2013,2245300.0,A
JPN,AE,P5L,GF06,2013,1445200.0,A
JPN,AE,P5L,GF07,2013,206700.0,A
JPN,AE,P5L,GF08,2013,461400.0,A
JPN,AE,P5L,GF09,2013,3237100.0,A
JPN,AE,P5L,GF10,2013,304500.0,A
JPN,AE,P5L,GF01,2014,1219500.0,A
JPN,AE,P5L,GF02,2014,1217500.0,A
JPN,AE,P5L,GF03,2014,962700.0,A
JPN,AE,P5L,GF04,2014,10469600.0,A
JPN,AE,P5L,GF05,2014,2373300.0,A
JPN,AE,P5L,GF06,2014,1463600.0,A
JPN,AE,P5L,GF07,2014,222000.0,A
JPN,AE,P5L,GF08,2014,591900.0,A
JPN,AE,P5L,GF09,2014,2881900.0,A
JPN,AE,P5L,GF10,2014,367800.0,A
JPN,AE,P5L,GF01,2015,1189900.0,A
JPN,AE,P5L,GF02,2015,1321300.0,A
JPN,AE,P5L,GF03,2015,914800.0,A
JPN,AE,P5L,GF04,2015,9806400.0,A
JPN,AE,P5L,GF05,2015,2347600.0,A
JPN,AE,P5L,GF06,2015,1393600.0,A
JPN,AE,P5L,GF07,2015,175100.0,A
JPN,AE,P5L,GF08,2015,604500.0,A
JPN,AE,P5L,GF09,2015,2668800.0,A
JPN,AE,P5L,GF10,2015,393200.0,A
JPN,AE,P5L,GF01,2016,1150900.0,A
JPN,AE,P5L,GF02,2016,1055100.0,A
JPN,AE,P5L,GF03,2016,788600.0,A
JPN,AE,P5L,GF04,2016,10070000.0,A
JPN,AE,P5L,GF05,2016,2409700.0,A
JPN,AE,P5L,GF06,2016,1449200.0,A
JPN,AE,P5L,GF07,2016,198200.0,A
JPN,AE,P5L,GF08,2016,637400.0,A
JPN,AE,P5L,GF09,2016,2343600.0,A
JPN,AE,P5L,GF10,2016,375600.0,A
JPN,AE,P5L,GF01,2017,1215000.0,A
JPN,AE,P5L,GF02,2017,1549200.0,A
JPN,AE,P5L,GF03,2017,702600.0,A
JPN,AE,P5L,GF04,2017,10260700.0,A
JPN,AE,P5L,GF05,2017,2421900.0,A
JPN,AE,P5L,GF06,2017,1535600.0,A
JPN,AE,P5L,GF07,2017,202700.0,A
JPN,AE,P5L,GF08,2017,659900.0,A
JPN,AE,P5L,GF09,2017,2368200.0,A
JPN,AE,P5L,GF10,2017,352800.0,A
JPN,AE,P5L,GF01,2018,1396700.0,A
JPN,AE,P5L,GF02,2018,1686400.0,A
JPN,AE,P5L,GF03,2018,780300.0,A
JPN,AE,P5L,GF04,2018,10834400.0,A
JPN,AE,P5L,GF05,2018,2654200.0,A
JPN,AE,P5L,GF06,2018,1625300.0,A
JPN,AE,P5L,GF07,2018,188500.0,A
JPN,AE,P5L,GF08,2018,688400.0,A
JPN,AE,P5L,GF09,2018,2251900.0,A
JPN,AE,P5L,GF10,2018,462300.0,A
JPN,AE,P5L,GF01,2019,1499900.0,A
JPN,AE,P5L,GF02,2019,1457200.0,A
JPN,AE,P5L,GF03,2019,839900.0,A
JPN,AE,P5L,GF04,2019,11157800.0,A
JPN,AE,P5L,GF05,2019,2666700.0,A
JPN,AE,P5L,GF06,2019,1542700.0,A
JPN,AE,P5L,GF07,2019,197800.0,A
JPN,AE,P5L,GF08,2019,730600.0,A
JPN,AE,P5L,GF09,2019,2594500.0,A
JPN,AE,P5L,GF10,2019,455500.0,A
JPN,AE,P5L,GF01,2020,1495800.0,A
JPN,AE,P5L,GF02,2020,1492800.0,A
JPN,AE,P5L,GF03,2020,877000.0,A
JPN,AE,P5L,GF04,2020,12030700.0,A
JPN,AE,P5L,GF05,2020,3164200.0,A
JPN,AE,P5L,GF06,2020,1561200.0,A
JPN,AE,P5L,GF07,2020,225500.0,A
JPN,AE,P5L,GF08,2020,641200.0,A
JPN,AE,P5L,GF09,2020,2724300.0,A
JPN,AE,P5L,GF10,2020,401900.0,A
JPN,AE,P5L,GF01,2021,1547300.0,A
JPN,AE,P5L,GF02,2021,1475000.0,A
JPN,AE,P5L,GF03,2021,682000.0,A
JPN,AE,P5L,GF04,2021,11911800.0,A
JPN,AE,P5L,GF05,2021,2707300.0,A
JPN,AE,P5L,GF06,2021,1506600.0,A
JPN,AE,P5L,GF07,2021,284200.0,A
JPN,AE,P5L,GF08,2021,624700.0,A
JPN,AE,P5L,GF09,2021,2615900.0,A
JPN,AE,P5L,GF10,2021,340000.0,A
JPN,AE,P5L,GF01,2022,1574300.0,A
JPN,AE,P5L,GF02,2022,1612200.0,A
JPN,AE,P5L,GF03,2022,683100.0,A
JPN,AE,P5L,GF04,2022,11041200.0,A
JPN,AE,P5L,GF05,2022,2689500.0,A
JPN,AE,P5L,GF06,2022,1467900.0,A
JPN,AE,P5L,GF07,2022,263500.0,A
JPN,AE,P5L,GF08,2022,605800.0,A
JPN,AE,P5L,GF09,2022,2594800.0,A
JPN,AE,P5L,GF10,2022,404600.0,A
JPN,AE,P5L,GF01,2023,1559900.0,A
JPN,AE,P5L,GF02,2023,1533600.0,A
JPN,AE,P5L,GF03,2023,750600.0,A
JPN,AE,P5L,GF04,2023,11065500.0,A
JPN,AE,P5L,GF05,2023,2838000.0,A
JPN,AE,P5L,GF06,2023,1477700.0,A
JPN,AE,P5L,GF07,2023,195700.0,A
JPN,AE,P5L,GF08,2023,628000.0,A
JPN,AE,P5L,GF09,2023,2774200.0,A
JPN,AE,P5L,GF10,2023,424400.0,A
JPN,AE,P5L,GF01,2024,1776600.0,A
JPN,AE,P5L,GF02,2024,2155000.0,A
JPN,AE,P5L,GF03,2024,879000.0,A
JPN,AE,P5L,GF04,2024,11633900.0,A
JPN,AE,P5L,GF05,2024,2958200.0,A
JPN,AE,P5L,GF06,2024,1515200.0,A
JPN,AE,P5L,GF07,2024,264600.0,A
JPN,AE,P5L,GF08,2024,736500.0,A
JPN,AE,P5L,GF09,2024,3136700.0,A
JPN,AE,P5L,GF10,2024,425800.0,A
KOR,AE,P5L,GF01,2000,785800.0,A
KOR,AE,P5L,GF02,2000,4152100.0,A
KOR,AE,P5L,GF03,2000,614600.0,A
KOR,AE,P5L,GF04,2000,18261000.0,A
KOR,AE,P5L,GF05,2000,3114000.0,A
KOR,AE,P5L,GF06,2000,6049800.0,A
KOR,AE,P5L,GF07,2000,233100.0,A
KOR,AE,P5L,GF08,2000,2129200.0,A
KOR,AE,P5L,GF09,2000,3162200.0,A
KOR,AE,P5L,GF10,2000,333900.0,A
KOR,AE,P5L,GF01,2001,1061000.0,A
KOR,AE,P5L,GF02,2001,4036900.0,A
KOR,AE,P5L,GF03,2001,785200.0,A
KOR,AE,P5L,GF04,2001,20097400.0,A
KOR,AE,P5L,GF05,2001,2883600.0,A
KOR,AE,P5L,GF06,2001,5442100.0,A
KOR,AE,P5L,GF07,2001,287500.0,A
KOR,AE,P5L,GF08,2001,1864400.0,A
KOR,AE,P5L,GF09,2001,4178300.0,A
KOR,AE,P5L,GF10,2001,631000.0,A
KOR,AE,P5L,GF01,2002,1337700.0,A
KOR,AE,P5L,GF02,2002,4179700.0,A
KOR,AE,P5L,GF03,2002,809900.0,A
KOR,AE,P5L,GF04,2002,19746600.0,A
KOR,AE,P5L,GF05,2002,3366400.0,A
KOR,AE,P5L,GF06,2002,5369200.0,A
KOR,AE,P5L,GF07,2002,292900.0,A
KOR,AE,P5L,GF08,2002,1997500.0,A
KOR,AE,P5L,GF09,2002,5085100.0,A
KOR,AE,P5L,GF10,2002,542100.0,A
KOR,AE,P5L,GF01,2003,1425600.0,A
KOR,AE,P5L,GF02,2003,5736800.0,A
KOR,AE,P5L,GF03,2003,929200.0,A
KOR,AE,P5L,GF04,2003,23005500.0,A
KOR,AE,P5L,GF05,2003,2924600.0,A
KOR,AE,P5L,GF06,2003,7349800.0,A
KOR,AE,P5L,GF07,2003,384900.0,A
KOR,AE,P5L,GF08,2003,3222400.0,A
KOR,AE,P5L,GF09,2003,5656900.0,A
KOR,AE,P5L,GF10,2003,937400.0,A
KOR,AE,P5L,GF01,2004,2029800.0,A
KOR,AE,P5L,GF02,2004,5941400.0,A
KOR,AE,P5L,GF03,2004,1082800.0,A
KOR,AE,P5L,GF04,2004,26186300.0,A
KOR,AE,P5L,GF05,2004,3444600.0,A
KOR,AE,P5L,GF06,2004,9393600.0,A
KOR,AE,P5L,GF07,2004,415100.0,A
KOR,AE,P5L,GF08,2004,2938900.0,A
KOR,AE,P5L,GF09,2004,7012500.0,A
KOR,AE,P5L,GF10,2004,859700.0,A
KOR,AE,P5L,GF01,2005,1744500.0,A
KOR,AE,P5L,GF02,2005,6572400.0,A
KOR,AE,P5L,GF03,2005,1022700.0,A
KOR,AE,P5L,GF04,2005,26539800.0,A
KOR,AE,P5L,GF05,2005,3662600.0,A
KOR,AE,P5L,GF06,2005,7434900.0,A
KOR,AE,P5L,GF07,2005,411800.0,A
KOR,AE,P5L,GF08,2005,3315200.0,A
KOR,AE,P5L,GF09,2005,5971100.0,A
KOR,AE,P5L,GF10,2005,978500.0,A
KOR,AE,P5L,GF01,2006,1433700.0,A
KOR,AE,P5L,GF02,2006,7060100.0,A
KOR,AE,P5L,GF03,2006,1280700.0,A
KOR,AE,P5L,GF04,2006,27840200.0,A
KOR,AE,P5L,GF05,2006,4145000.0,A
KOR,AE,P5L,GF06,2006,7721100.0,A
KOR,AE,P5L,GF07,2006,433900.0,A
KOR,AE,P5L,GF08,2006,3559300.0,A
KOR,AE,P5L,GF09,2006,3814900.0,A
KOR,AE,P5L,GF10,2006,1060800.0,A
KOR,AE,P5L,GF01,2007,1662800.0,A
KOR,AE,P5L,GF02,2007,7861900.0,A
KOR,AE,P5L,GF03,2007,1430300.0,A
KOR,AE,P5L,GF04,2007,28427500.0,A
KOR,AE,P5L,GF05,2007,4464700.0,A
KOR,AE,P5L,GF06,2007,8119900.0,A
KOR,AE,P5L,GF07,2007,504900.0,A
KOR,AE,P5L,GF08,2007,3382300.0,A
KOR,AE,P5L,GF09,2007,5872800.0,A
KOR,AE,P5L,GF10,2007,1392000.0,A
KOR,AE,P5L,GF01,2008,2329400.0,A
KOR,AE,P5L,GF02,2008,9504000.0,A
KOR,AE,P5L,GF03,2008,1584800.0,A
KOR,AE,P5L,GF04,2008,31404600.0,A
KOR,AE,P5L,GF05,2008,4377500.0,A
KOR,AE,P5L,GF06,2008,8687500.0,A
KOR,AE,P5L,GF07,2008,604700.0,A
KOR,AE,P5L,GF08,2008,3683800.0,A
KOR,AE,P5L,GF09,2008,6313900.0,A
KOR,AE,P5L,GF10,2008,1319200.0,A
KOR,AE,P5L,GF01,2009,3220200.0,A
KOR,AE,P5L,GF02,2009,11771100.0,A
KOR,AE,P5L,GF03,2009,2003000.0,A
KOR,AE,P5L,GF04,2009,41287900.0,A
KOR,AE,P5L,GF05,2009,5484300.0,A
KOR,AE,P5L,GF06,2009,12892600.0,A
KOR,AE,P5L,GF07,2009,849400.0,A
KOR,AE,P5L,GF08,2009,4738600.0,A
KOR,AE,P5L,GF09,2009,9273800.0,A
KOR,AE,P5L,GF10,2009,1359700.0,A
KOR,AE,P5L,GF01,2010,2639800.0,A
KOR,AE,P5L,GF02,2010,11130000.0,A
KOR,AE,P5L,GF03,2010,2220600.0,A
KOR,AE,P5L,GF04,2010,33895200.0,A
KOR,AE,P5L,GF05,2010,4925600.0,A
KOR,AE,P5L,GF06,2010,9615500.0,A
KOR,AE,P5L,GF07,2010,870600.0,A
KOR,AE,P5L,GF08,2010,4368800.0,A
KOR,AE,P5L,GF09,2010,7490400.0,A
KOR,AE,P5L,GF10,2010,1170100.0,A
KOR,AE,P5L,GF01,2011,2316100.0,A
KOR,AE,P5L,GF02,2011,13009300.0,A
KOR,AE,P5L,GF03,2011,2221200.0,A
KOR,AE,P5L,GF04,2011,32730600.0,A
KOR,AE,P5L,GF05,2011,4645900.0,A
KOR,AE,P5L,GF06,2011,8794200.0,A
KOR,AE,P5L,GF07,2011,449800.0,A
KOR,AE,P5L,GF08,2011,4200100.0,A
KOR,AE,P5L,GF09,2011,6894600.0,A
KOR,AE,P5L,GF10,2011,1159900.0,A
KOR,AE,P5L,GF01,2012,2695400.0,A
KOR,AE,P5L,GF02,2012,12915500.0,A
KOR,AE,P5L,GF03,2012,2538500.0,A
KOR,AE,P5L,GF04,2012,33035100.0,A
KOR,AE,P5L,GF05,2012,4731200.0,A
KOR,AE,P5L,GF06,2012,8885400.0,A
KOR,AE,P5L,GF07,2012,387700.0,A
KOR,AE,P5L,GF08,2012,4506000.0,A
KOR,AE,P5L,GF09,2012,7176500.0,A
KOR,AE,P5L,GF10,2012,1093200.0,A
KOR,AE,P5L,GF01,2013,2944800.0,A
KOR,AE,P5L,GF02,2013,13413900.0,A
KOR,AE,P5L,GF03,2013,3243800.0,A
KOR,AE,P5L,GF04,2013,29878600.0,A
KOR,AE,P5L,GF05,2013,5307900.0,A
KOR,AE,P5L,GF06,2013,10241200.0,A
KOR,AE,P5L,GF07,2013,395200.0,A
KOR,AE,P5L,GF08,2013,5484600.0,A
KOR,AE,P5L,GF09,2013,7683700.0,A
KOR,AE,P5L,GF10,2013,2169900.0,A
KOR,AE,P5L,GF01,2014,2830600.0,A
KOR,AE,P5L,GF02,2014,13618400.0,A
KOR,AE,P5L,GF03,2014,2777000.0,A
KOR,AE,P5L,GF04,2014,28958800.0,A
KOR,AE,P5L,GF05,2014,5223500.0,A
KOR,AE,P5L,GF06,2014,9549800.0,A
KOR,AE,P5L,GF07,2014,437600.0,A
KOR,AE,P5L,GF08,2014,3951100.0,A
KOR,AE,P5L,GF09,2014,5966600.0,A
KOR,AE,P5L,GF10,2014,2342800.0,A
KOR,AE,P5L,GF01,2015,3037200.0,A
KOR,AE,P5L,GF02,2015,14340400.0,A
KOR,AE,P5L,GF03,2015,3048300.0,A
KOR,AE,P5L,GF04,2015,30028600.0,A
KOR,AE,P5L,GF05,2015,5312900.0,A
KOR,AE,P5L,GF06,2015,10653700.0,A
KOR,AE,P5L,GF07,2015,409100.0,A
KOR,AE,P5L,GF08,2015,3996800.0,A
KOR,AE,P5L,GF09,2015,6197100.0,A
KOR,AE,P5L,GF10,2015,2237100.0,A
KOR,AE,P5L,GF01,2016,3580500.0,A
KOR,AE,P5L,GF02,2016,14862100.0,A
KOR,AE,P5L,GF03,2016,3765600.0,A
KOR,AE,P5L,GF04,2016,27599400.0,A
KOR,AE,P5L,GF05,2016,5218800.0,A
KOR,AE,P5L,GF06,2016,11116700.0,A
KOR,AE,P5L,GF07,2016,490200.0,A
KOR,AE,P5L,GF08,2016,4846200.0,A
KOR,AE,P5L,GF09,2016,7210300.0,A
KOR,AE,P5L,GF10,2016,1577300.0,A
KOR,AE,P5L,GF01,2017,4016400.0,A
KOR,AE,P5L,GF02,2017,14668100.0,A
KOR,AE,P5L,GF03,2017,4017000.0,A
KOR,AE,P5L,GF04,2017,31054100.0,A
KOR,AE,P5L,GF05,2017,5745200.0,A
KOR,AE,P5L,GF06,2017,12320900.0,A
KOR,AE,P5L,GF07,2017,419900.0,A
KOR,AE,P5L,GF08,2017,5306700.0,A
KOR,AE,P5L,GF09,2017,8736400.0,A
KOR,AE,P5L,GF10,2017,1978600.0,A
KOR,AE,P5L,GF01,2018,4101900.0,A
KOR,AE,P5L,GF02,2018,17558500.0,A
KOR,AE,P5L,GF03,2018,3823700.0,A
KOR,AE,P5L,GF04,2018,29567200.0,A
KOR,AE,P5L,GF05,2018,5522400.0,A
KOR,AE,P5L,GF06,2018,12567300.0,A
KOR,AE,P5L,GF07,2018,507700.0,A
KOR,AE,P5L,GF08,2018,4567100.0,A
KOR,AE,P5L,GF09,2018,9487900.0,A
KOR,AE,P5L,GF10,2018,2221900.0,A
KOR,AE,P5L,GF01,2019,4943600.0,A
KOR,AE,P5L,GF02,2019,19536900.0,A
KOR,AE,P5L,GF03,2019,4628200.0,A
KOR,AE,P5L,GF04,2019,33840500.0,A
KOR,AE,P5L,GF05,2019,6412600.0,A
KOR,AE,P5L,GF06,2019,14429700.0,A
KOR,AE,P5L,GF07,2019,577700.0,A
KOR,AE,P5L,GF08,2019,5281400.0,A
KOR,AE,P5L,GF09,2019,10961400.0,A
KOR,AE,P5L,GF10,2019,2881000.0,A
KOR,AE,P5L,GF01,2020,5015500.0,A
KOR,AE,P5L,GF02,2020,19903400.0,A
KOR,AE,P5L,GF03,2020,4824500.0,A
KOR,AE,P5L,GF04,2020,34142700.0,A
KOR,AE,P5L,GF05,2020,6618800.0,A
KOR,AE,P5L,GF06,2020,14989400.0,A
KOR,AE,P5L,GF07,2020,579800.0,A
KOR,AE,P5L,GF08,2020,5437600.0,A
KOR,AE,P5L,GF09,2020,11098200.0,A
KOR,AE,P5L,GF10,2020,3019000.0,A
KOR,AE,P5L,GF01,2021,4996000.0,A
KOR,AE,P5L,GF02,2021,20730900.0,A
KOR,AE,P5L,GF03,2021,4850800.0,A
KOR,AE,P5L,GF04,2021,33124000.0,A
KOR,AE,P5L,GF05,2021,6260200.0,A
KOR,AE,P5L,GF06,2021,14208900.0,A
KOR,AE,P5L,GF07,2021,566500.0,A
KOR,AE,P5L,GF08,2021,5224500.0,A
KOR,AE,P5L,GF09,2021,10382800.0,A
KOR,AE,P5L,GF10,2021,2892800.0,A
KOR,AE,P5L,GF01,2022,6535500.0,A
KOR,AE,P5L,GF02,2022,19622700.0,A
KOR,AE,P5L,GF03,2022,3994600.0,A
KOR,AE,P5L,GF04,2022,39100900.0,A
KOR,AE,P5L,GF05,2022,6777700.0,A
KOR,AE,P5L,GF06,2022,13025900.0,A
KOR,AE,P5L,GF07,2022,595300.0,A
KOR,AE,P5L,GF08,2022,5379700.0,A
KOR,AE,P5L,GF09,2022,10972400.0,A
KOR,AE,P5L,GF10,2022,2777200.0,A
KOR,AE,P5L,GF01,2023,7078100.0,A
KOR,AE,P5L,GF02,2023,20821700.0,A
KOR,AE,P5L,GF03,2023,4460600.0,A
KOR,AE,P5L,GF04,2023,41412600.0,A
KOR,AE,P5L,GF05,2023,7492800.0,A
KOR,AE,P5L,GF06,2023,15086600.0,A
KOR,AE,P5L,GF07,2023,652200.0,A
KOR,AE,P5L,GF08,2023,6065500.0,A
KOR,AE,P5L,GF09,2023,11652400.0,A
KOR,AE,P5L,GF10,2023,3048100.0,A
LTU,AE,P5L,GF01,2000,2.98,A
LTU,AE,P5L,GF02,2000,9.28,A
LTU,AE,P5L,GF03,2000,7.51,A
LTU,AE,P5L,GF04,2000,239.91,A
LTU,AE,P5L,GF05,2000,0.41,A
LTU,AE,P5L,GF06,2000,10.0,A
LTU,AE,P5L,GF07,2000,18.3,A
LTU,AE,P5L,GF08,2000,3.07,A
LTU,AE,P5L,GF09,2000,8.36,A
LTU,AE,P5L,GF10,2000,19.69,A
LTU,AE,P5L,GF01,2001,6.06,A
LTU,AE,P5L,GF02,2001,14.4,A
LTU,AE,P5L,GF03,2001,11.95,A
LTU,AE,P5L,GF04,2001,222.27,A
LTU,AE,P5L,GF05,2001,0.32,A
LTU,AE,P5L,GF06,2001,9.65,A
LTU,AE,P5L,GF07,2001,19.88,A
LTU,AE,P5L,GF08,2001,3.71,A
LTU,AE,P5L,GF09,2001,16.92,A
LTU,AE,P5L,GF10,2001,17.88,A
LTU,AE,P5L,GF01,2002,29.07,A
LTU,AE,P5L,GF02,2002,41.38,A
LTU,AE,P5L,GF03,2002,16.63,A
LTU,AE,P5L,GF04,2002,268.78,A
LTU,AE,P5L,GF05,2002,0.14,A
LTU,AE,P5L,GF06,2002,19.82,A
LTU,AE,P5L,GF07,2002,26.52,A
LTU,AE,P5L,GF08,2002,10.32,A
LTU,AE,P5L,GF09,2002,40.8,A
LTU,AE,P5L,GF10,2002,7.32,A
LTU,AE,P5L,GF01,2003,37.45,A
LTU,AE,P5L,GF02,2003,43.8,A
LTU,AE,P5L,GF03,2003,18.49,A
LTU,AE,P5L,GF04,2003,291.6,A
LTU,AE,P5L,GF05,2003,0.32,A
LTU,AE,P5L,GF06,2003,12.04,A
LTU,AE,P5L,GF07,2003,32.75,A
LTU,AE,P5L,GF08,2003,18.97,A
LTU,AE,P5L,GF09,2003,44.03,A
LTU,AE,P5L,GF10,2003,9.49,A
LTU,AE,P5L,GF01,2004,50.26,A
LTU,AE,P5L,GF02,2004,49.43,A
LTU,AE,P5L,GF03,2004,30.38,A
LTU,AE,P5L,GF04,2004,327.26,A
LTU,AE,P5L,GF05,2004,21.42,A
LTU,AE,P5L,GF06,2004,14.11,A
LTU,AE,P5L,GF07,2004,48.11,A
LTU,AE,P5L,GF08,2004,28.77,A
LTU,AE,P5L,GF09,2004,57.14,A
LTU,AE,P5L,GF10,2004,15.96,A
LTU,AE,P5L,GF01,2005,47.57,A
LTU,AE,P5L,GF02,2005,66.14,A
LTU,AE,P5L,GF03,2005,35.02,A
LTU,AE,P5L,GF04,2005,315.21,A
LTU,AE,P5L,GF05,2005,56.9,A
LTU,AE,P5L,GF06,2005,15.6,A
LTU,AE,P5L,GF07,2005,60.47,A
LTU,AE,P5L,GF08,2005,37.32,A
LTU,AE,P5L,GF09,2005,75.9,A
LTU,AE,P5L,GF10,2005,22.99,A
LTU,AE,P5L,GF01,2006,67.55,A
LTU,AE,P5L,GF02,2006,127.86,A
LTU,AE,P5L,GF03,2006,45.39,A
LTU,AE,P5L,GF04,2006,384.34,A
LTU,AE,P5L,GF05,2006,98.09,A
LTU,AE,P5L,GF06,2006,17.26,A
LTU,AE,P5L,GF07,2006,86.6,A
LTU,AE,P5L,GF08,2006,49.67,A
LTU,AE,P5L,GF09,2006,107.96,A
LTU,AE,P5L,GF10,2006,30.57,A
LTU,AE,P5L,GF01,2007,197.42,A
LTU,AE,P5L,GF02,2007,221.08,A
LTU,AE,P5L,GF03,2007,68.0,A
LTU,AE,P5L,GF04,2007,528.41,A
LTU,AE,P5L,GF05,2007,158.77,A
LTU,AE,P5L,GF06,2007,19.6,A
LTU,AE,P5L,GF07,2007,125.67,A
LTU,AE,P5L,GF08,2007,67.38,A
LTU,AE,P5L,GF09,2007,141.25,A
LTU,AE,P5L,GF10,2007,39.68,A
LTU,AE,P5L,GF01,2008,227.44,A
LTU,AE,P5L,GF02,2008,108.91,A
LTU,AE,P5L,GF03,2008,78.1,A
LTU,AE,P5L,GF04,2008,666.98,A
LTU,AE,P5L,GF05,2008,163.81,A
LTU,AE,P5L,GF06,2008,40.32,A
LTU,AE,P5L,GF07,2008,154.8,A
LTU,AE,P5L,GF08,2008,87.96,A
LTU,AE,P5L,GF09,2008,207.56,A
LTU,AE,P5L,GF10,2008,53.39,A
LTU,AE,P5L,GF01,2009,128.48,A
LTU,AE,P5L,GF02,2009,62.19,A
LTU,AE,P5L,GF03,2009,36.22,A
LTU,AE,P5L,GF04,2009,412.78,A
LTU,AE,P5L,GF05,2009,213.86,A
LTU,AE,P5L,GF06,2009,41.24,A
LTU,AE,P5L,GF07,2009,73.54,A
LTU,AE,P5L,GF08,2009,78.33,A
LTU,AE,P5L,GF09,2009,126.58,A
LTU,AE,P5L,GF10,2009,26.98,A
LTU,AE,P5L,GF01,2010,104.44,A
LTU,AE,P5L,GF02,2010,55.69,A
LTU,AE,P5L,GF03,2010,45.97,A
LTU,AE,P5L,GF04,2010,558.69,A
LTU,AE,P5L,GF05,2010,265.39,A
LTU,AE,P5L,GF06,2010,25.11,A
LTU,AE,P5L,GF07,2010,86.61,A
LTU,AE,P5L,GF08,2010,68.08,A
LTU,AE,P5L,GF09,2010,146.37,A
LTU,AE,P5L,GF10,2010,20.67,A
LTU,AE,P5L,GF01,2011,101.44,A
LTU,AE,P5L,GF02,2011,31.37,A
LTU,AE,P5L,GF03,2011,97.03,A
LTU,AE,P5L,GF04,2011,614.06,A
LTU,AE,P5L,GF05,2011,119.32,A
LTU,AE,P5L,GF06,2011,20.25,A
LTU,AE,P5L,GF07,2011,169.75,A
LTU,AE,P5L,GF08,2011,80.85,A
LTU,AE,P5L,GF09,2011,205.73,A
LTU,AE,P5L,GF10,2011,16.66,A
LTU,AE,P5L,GF01,2012,124.43,A
LTU,AE,P5L,GF02,2012,40.93,A
LTU,AE,P5L,GF03,2012,104.73,A
LTU,AE,P5L,GF04,2012,524.73,A
LTU,AE,P5L,GF05,2012,152.73,A
LTU,AE,P5L,GF06,2012,16.32,A
LTU,AE,P5L,GF07,2012,109.35,A
LTU,AE,P5L,GF08,2012,48.77,A
LTU,AE,P5L,GF09,2012,187.44,A
LTU,AE,P5L,GF10,2012,19.05,A
LTU,AE,P5L,GF01,2013,67.73,A
LTU,AE,P5L,GF02,2013,32.57,A
LTU,AE,P5L,GF03,2013,101.97,A
LTU,AE,P5L,GF04,2013,628.68,A
LTU,AE,P5L,GF05,2013,35.33,A
LTU,AE,P5L,GF06,2013,18.16,A
LTU,AE,P5L,GF07,2013,97.54,A
LTU,AE,P5L,GF08,2013,50.32,A
LTU,AE,P5L,GF09,2013,227.29,A
LTU,AE,P5L,GF10,2013,26.37,A
LTU,AE,P5L,GF01,2014,117.54,A
LTU,AE,P5L,GF02,2014,51.07,A
LTU,AE,P5L,GF03,2014,99.15,A
LTU,AE,P5L,GF04,2014,543.26,A
LTU,AE,P5L,GF05,2014,44.95,A
LTU,AE,P5L,GF06,2014,25.02,A
LTU,AE,P5L,GF07,2014,73.84,A
LTU,AE,P5L,GF08,2014,63.59,A
LTU,AE,P5L,GF09,2014,246.32,A
LTU,AE,P5L,GF10,2014,35.15,A
LTU,AE,P5L,GF01,2015,111.97,A
LTU,AE,P5L,GF02,2015,133.11,A
LTU,AE,P5L,GF03,2015,88.04,A
LTU,AE,P5L,GF04,2015,595.5,A
LTU,AE,P5L,GF05,2015,45.53,A
LTU,AE,P5L,GF06,2015,15.73,A
LTU,AE,P5L,GF07,2015,123.44,A
LTU,AE,P5L,GF08,2015,67.86,A
LTU,AE,P5L,GF09,2015,255.2,A
LTU,AE,P5L,GF10,2015,26.15,A
LTU,AE,P5L,GF01,2016,110.77,A
LTU,AE,P5L,GF02,2016,163.59,A
LTU,AE,P5L,GF03,2016,44.52,A
LTU,AE,P5L,GF04,2016,537.44,A
LTU,AE,P5L,GF05,2016,8.1,A
LTU,AE,P5L,GF06,2016,26.52,A
LTU,AE,P5L,GF07,2016,112.88,A
LTU,AE,P5L,GF08,2016,82.02,A
LTU,AE,P5L,GF09,2016,173.59,A
LTU,AE,P5L,GF10,2016,16.13,A
LTU,AE,P5L,GF01,2017,120.95,A
LTU,AE,P5L,GF02,2017,224.21,A
LTU,AE,P5L,GF03,2017,79.01,A
LTU,AE,P5L,GF04,2017,548.28,A
LTU,AE,P5L,GF05,2017,21.31,A
LTU,AE,P5L,GF06,2017,45.87,A
LTU,AE,P5L,GF07,2017,84.78,A
LTU,AE,P5L,GF08,2017,110.01,A
LTU,AE,P5L,GF09,2017,198.09,A
LTU,AE,P5L,GF10,2017,22.03,A
LTU,AE,P5L,GF01,2018,116.6,A
LTU,AE,P5L,GF02,2018,238.43,A
LTU,AE,P5L,GF03,2018,57.33,A
LTU,AE,P5L,GF04,2018,541.92,A
LTU,AE,P5L,GF05,2018,31.48,A
LTU,AE,P5L,GF06,2018,72.72,A
LTU,AE,P5L,GF07,2018,112.57,A
LTU,AE,P5L,GF08,2018,113.93,A
LTU,AE,P5L,GF09,2018,205.62,A
LTU,AE,P5L,GF10,2018,26.24,A
LTU,AE,P5L,GF01,2019,116.15,A
LTU,AE,P5L,GF02,2019,203.66,A
LTU,AE,P5L,GF03,2019,62.55,A
LTU,AE,P5L,GF04,2019,635.6,A
LTU,AE,P5L,GF05,2019,48.22,A
LTU,AE,P5L,GF06,2019,73.74,A
LTU,AE,P5L,GF07,2019,92.63,A
LTU,AE,P5L,GF08,2019,136.44,A
LTU,AE,P5L,GF09,2019,197.24,A
LTU,AE,P5L,GF10,2019,27.02,A
LTU,AE,P5L,GF01,2020,102.03,A
LTU,AE,P5L,GF02,2020,469.65,A
LTU,AE,P5L,GF03,2020,61.36,A
LTU,AE,P5L,GF04,2020,868.19,A
LTU,AE,P5L,GF05,2020,26.81,A
LTU,AE,P5L,GF06,2020,99.87,A
LTU,AE,P5L,GF07,2020,178.05,A
LTU,AE,P5L,GF08,2020,208.21,A
LTU,AE,P5L,GF09,2020,342.21,A
LTU,AE,P5L,GF10,2020,31.59,A
LTU,AE,P5L,GF01,2021,116.64,A
LTU,AE,P5L,GF02,2021,279.03,A
LTU,AE,P5L,GF03,2021,78.94,A
LTU,AE,P5L,GF04,2021,661.56,A
LTU,AE,P5L,GF05,2021,26.32,A
LTU,AE,P5L,GF06,2021,100.87,A
LTU,AE,P5L,GF07,2021,122.14,A
LTU,AE,P5L,GF08,2021,167.08,A
LTU,AE,P5L,GF09,2021,276.53,A
LTU,AE,P5L,GF10,2021,25.15,A
LTU,AE,P5L,GF01,2022,150.08,A
LTU,AE,P5L,GF02,2022,305.75,A
LTU,AE,P5L,GF03,2022,256.23,A
LTU,AE,P5L,GF04,2022,577.49,A
LTU,AE,P5L,GF05,2022,41.38,A
LTU,AE,P5L,GF06,2022,117.69,A
LTU,AE,P5L,GF07,2022,124.0,A
LTU,AE,P5L,GF08,2022,190.11,A
LTU,AE,P5L,GF09,2022,327.46,A
LTU,AE,P5L,GF10,2022,31.03,A
LTU,AE,P5L,GF01,2023,226.31,A
LTU,AE,P5L,GF02,2023,714.89,A
LTU,AE,P5L,GF03,2023,139.78,A
LTU,AE,P5L,GF04,2023,911.5,A
LTU,AE,P5L,GF05,2023,56.53,A
LTU,AE,P5L,GF06,2023,145.35,A
LTU,AE,P5L,GF07,2023,182.97,A
LTU,AE,P5L,GF08,2023,228.85,A
LTU,AE,P5L,GF09,2023,435.52,A
LTU,AE,P5L,GF10,2023,52.23,A
LTU,AE,P5L,GF01,2024,217.16,A
LTU,AE,P5L,GF02,2024,893.87,A
LTU,AE,P5L,GF03,2024,151.83,A
LTU,AE,P5L,GF04,2024,1120.77,A
LTU,AE,P5L,GF05,2024,26.89,A
LTU,AE,P5L,GF06,2024,159.01,A
LTU,AE,P5L,GF07,2024,196.24,A
LTU,AE,P5L,GF08,2024,202.7,A
LTU,AE,P5L,GF09,2024,417.1,A
LTU,AE,P5L,GF10,2024,38.05,A
LUX,AE,P5L,GF01,2000,165.17,A
LUX,AE,P5L,GF02,2000,1.32,A
LUX,AE,P5L,GF03,2000,20.46,A
LUX,AE,P5L,GF04,2000,351.6,A
LUX,AE,P5L,GF05,2000,50.29,A
LUX,AE,P5L,GF06,2000,37.77,A
LUX,AE,P5L,GF07,2000,56.47,A
LUX,AE,P5L,GF08,2000,94.79,A
LUX,AE,P5L,GF09,2000,114.33,A
LUX,AE,P5L,GF10,2000,29.22,A
LUX,AE,P5L,GF01,2001,182.1,A
LUX,AE,P5L,GF02,2001,4.33,A
LUX,AE,P5L,GF03,2001,27.67,A
LUX,AE,P5L,GF04,2001,37.83,A
LUX,AE,P5L,GF05,2001,75.28,A
LUX,AE,P5L,GF06,2001,48.93,A
LUX,AE,P5L,GF07,2001,65.01,A
LUX,AE,P5L,GF08,2001,97.81,A
LUX,AE,P5L,GF09,2001,123.76,A
LUX,AE,P5L,GF10,2001,24.46,A
LUX,AE,P5L,GF01,2002,201.23,A
LUX,AE,P5L,GF02,2002,5.07,A
LUX,AE,P5L,GF03,2002,33.92,A
LUX,AE,P5L,GF04,2002,484.75,A
LUX,AE,P5L,GF05,2002,58.23,A
LUX,AE,P5L,GF06,2002,102.82,A
LUX,AE,P5L,GF07,2002,81.4,A
LUX,AE,P5L,GF08,2002,118.12,A
LUX,AE,P5L,GF09,2002,149.19,A
LUX,AE,P5L,GF10,2002,50.72,A
LUX,AE,P5L,GF01,2003,202.42,A
LUX,AE,P5L,GF02,2003,5.74,A
LUX,AE,P5L,GF03,2003,38.71,A
LUX,AE,P5L,GF04,2003,503.36,A
LUX,AE,P5L,GF05,2003,68.5,A
LUX,AE,P5L,GF06,2003,59.19,A
LUX,AE,P5L,GF07,2003,114.81,A
LUX,AE,P5L,GF08,2003,154.97,A
LUX,AE,P5L,GF09,2003,188.26,A
LUX,AE,P5L,GF10,2003,18.27,A
LUX,AE,P5L,GF01,2004,189.91,A
LUX,AE,P5L,GF02,2004,5.19,A
LUX,AE,P5L,GF03,2004,46.66,A
LUX,AE,P5L,GF04,2004,531.28,A
LUX,AE,P5L,GF05,2004,54.42,A
LUX,AE,P5L,GF06,2004,50.11,A
LUX,AE,P5L,GF07,2004,128.73,A
LUX,AE,P5L,GF08,2004,164.79,A
LUX,AE,P5L,GF09,2004,217.4,A
LUX,AE,P5L,GF10,2004,46.58,A
LUX,AE,P5L,GF01,2005,307.39,A
LUX,AE,P5L,GF02,2005,4.59,A
LUX,AE,P5L,GF03,2005,47.66,A
LUX,AE,P5L,GF04,2005,593.78,A
LUX,AE,P5L,GF05,2005,71.15,A
LUX,AE,P5L,GF06,2005,47.26,A
LUX,AE,P5L,GF07,2005,99.32,A
LUX,AE,P5L,GF08,2005,168.07,A
LUX,AE,P5L,GF09,2005,250.87,A
LUX,AE,P5L,GF10,2005,36.17,A
LUX,AE,P5L,GF01,2006,231.82,A
LUX,AE,P5L,GF02,2006,4.98,A
LUX,AE,P5L,GF03,2006,39.2,A
LUX,AE,P5L,GF04,2006,522.87,A
LUX,AE,P5L,GF05,2006,68.35,A
LUX,AE,P5L,GF06,2006,37.84,A
LUX,AE,P5L,GF07,2006,115.2,A
LUX,AE,P5L,GF08,2006,120.33,A
LUX,AE,P5L,GF09,2006,208.16,A
LUX,AE,P5L,GF10,2006,25.91,A
LUX,AE,P5L,GF01,2007,223.96,A
LUX,AE,P5L,GF02,2007,5.9,A
LUX,AE,P5L,GF03,2007,28.39,A
LUX,AE,P5L,GF04,2007,532.84,A
LUX,AE,P5L,GF05,2007,85.54,A
LUX,AE,P5L,GF06,2007,32.0,A
LUX,AE,P5L,GF07,2007,109.4,A
LUX,AE,P5L,GF08,2007,144.58,A
LUX,AE,P5L,GF09,2007,211.17,A
LUX,AE,P5L,GF10,2007,18.32,A
LUX,AE,P5L,GF01,2008,241.58,A
LUX,AE,P5L,GF02,2008,4.72,A
LUX,AE,P5L,GF03,2008,36.75,A
LUX,AE,P5L,GF04,2008,521.65,A
LUX,AE,P5L,GF05,2008,94.8,A
LUX,AE,P5L,GF06,2008,54.55,A
LUX,AE,P5L,GF07,2008,118.67,A
LUX,AE,P5L,GF08,2008,144.77,A
LUX,AE,P5L,GF09,2008,248.56,A
LUX,AE,P5L,GF10,2008,0.68,A
LUX,AE,P5L,GF01,2009,259.4,A
LUX,AE,P5L,GF02,2009,7.1,A
LUX,AE,P5L,GF03,2009,39.3,A
LUX,AE,P5L,GF04,2009,574.84,A
LUX,AE,P5L,GF05,2009,111.19,A
LUX,AE,P5L,GF06,2009,106.02,A
LUX,AE,P5L,GF07,2009,117.16,A
LUX,AE,P5L,GF08,2009,148.32,A
LUX,AE,P5L,GF09,2009,270.52,A
LUX,AE,P5L,GF10,2009,25.74,A
LUX,AE,P5L,GF01,2010,371.75,A
LUX,AE,P5L,GF02,2010,98.78,A
LUX,AE,P5L,GF03,2010,60.6,A
LUX,AE,P5L,GF04,2010,677.67,A
LUX,AE,P5L,GF05,2010,95.29,A
LUX,AE,P5L,GF06,2010,121.6,A
LUX,AE,P5L,GF07,2010,112.94,A
LUX,AE,P5L,GF08,2010,141.61,A
LUX,AE,P5L,GF09,2010,307.58,A
LUX,AE,P5L,GF10,2010,30.45,A
LUX,AE,P5L,GF01,2011,336.95,A
LUX,AE,P5L,GF02,2011,62.29,A
LUX,AE,P5L,GF03,2011,55.48,A
LUX,AE,P5L,GF04,2011,637.16,A
LUX,AE,P5L,GF05,2011,92.45,A
LUX,AE,P5L,GF06,2011,127.77,A
LUX,AE,P5L,GF07,2011,97.45,A
LUX,AE,P5L,GF08,2011,136.47,A
LUX,AE,P5L,GF09,2011,296.37,A
LUX,AE,P5L,GF10,2011,32.09,A
LUX,AE,P5L,GF01,2012,384.67,A
LUX,AE,P5L,GF02,2012,43.14,A
LUX,AE,P5L,GF03,2012,44.6,A
LUX,AE,P5L,GF04,2012,578.48,A
LUX,AE,P5L,GF05,2012,86.05,A
LUX,AE,P5L,GF06,2012,132.29,A
LUX,AE,P5L,GF07,2012,119.67,A
LUX,AE,P5L,GF08,2012,152.07,A
LUX,AE,P5L,GF09,2012,241.1,A
LUX,AE,P5L,GF10,2012,39.14,A
LUX,AE,P5L,GF01,2013,239.56,A
LUX,AE,P5L,GF02,2013,29.04,A
LUX,AE,P5L,GF03,2013,38.79,A
LUX,AE,P5L,GF04,2013,604.97,A
LUX,AE,P5L,GF05,2013,139.52,A
LUX,AE,P5L,GF06,2013,108.7,A
LUX,AE,P5L,GF07,2013,128.08,A
LUX,AE,P5L,GF08,2013,143.42,A
LUX,AE,P5L,GF09,2013,197.06,A
LUX,AE,P5L,GF10,2013,118.31,A
LUX,AE,P5L,GF01,2014,257.48,A
LUX,AE,P5L,GF02,2014,21.2,A
LUX,AE,P5L,GF03,2014,47.78,A
LUX,AE,P5L,GF04,2014,742.09,A
LUX,AE,P5L,GF05,2014,122.31,A
LUX,AE,P5L,GF06,2014,140.73,A
LUX,AE,P5L,GF07,2014,120.05,A
LUX,AE,P5L,GF08,2014,132.74,A
LUX,AE,P5L,GF09,2014,243.46,A
LUX,AE,P5L,GF10,2014,110.57,A
LUX,AE,P5L,GF01,2015,220.96,A
LUX,AE,P5L,GF02,2015,15.58,A
LUX,AE,P5L,GF03,2015,52.2,A
LUX,AE,P5L,GF04,2015,766.86,A
LUX,AE,P5L,GF05,2015,125.65,A
LUX,AE,P5L,GF06,2015,112.71,A
LUX,AE,P5L,GF07,2015,158.45,A
LUX,AE,P5L,GF08,2015,126.12,A
LUX,AE,P5L,GF09,2015,257.69,A
LUX,AE,P5L,GF10,2015,241.4,A
LUX,AE,P5L,GF01,2016,351.59,A
LUX,AE,P5L,GF02,2016,47.25,A
LUX,AE,P5L,GF03,2016,53.93,A
LUX,AE,P5L,GF04,2016,857.18,A
LUX,AE,P5L,GF05,2016,147.96,A
LUX,AE,P5L,GF06,2016,120.35,A
LUX,AE,P5L,GF07,2016,125.3,A
LUX,AE,P5L,GF08,2016,169.83,A
LUX,AE,P5L,GF09,2016,222.53,A
LUX,AE,P5L,GF10,2016,126.42,A
LUX,AE,P5L,GF01,2017,257.02,A
LUX,AE,P5L,GF02,2017,34.94,A
LUX,AE,P5L,GF03,2017,60.69,A
LUX,AE,P5L,GF04,2017,984.35,A
LUX,AE,P5L,GF05,2017,175.33,A
LUX,AE,P5L,GF06,2017,130.35,A
LUX,AE,P5L,GF07,2017,130.15,A
LUX,AE,P5L,GF08,2017,195.4,A
LUX,AE,P5L,GF09,2017,251.58,A
LUX,AE,P5L,GF10,2017,145.09,A
LUX,AE,P5L,GF01,2018,415.03,A
LUX,AE,P5L,GF02,2018,71.87,A
LUX,AE,P5L,GF03,2018,89.76,A
LUX,AE,P5L,GF04,2018,787.52,A
LUX,AE,P5L,GF05,2018,203.91,A
LUX,AE,P5L,GF06,2018,157.93,A
LUX,AE,P5L,GF07,2018,146.27,A
LUX,AE,P5L,GF08,2018,228.12,A
LUX,AE,P5L,GF09,2018,248.18,A
LUX,AE,P5L,GF10,2018,132.08,A
LUX,AE,P5L,GF01,2019,602.61,A
LUX,AE,P5L,GF02,2019,54.74,A
LUX,AE,P5L,GF03,2019,110.45,A
LUX,AE,P5L,GF04,2019,784.51,A
LUX,AE,P5L,GF05,2019,192.37,A
LUX,AE,P5L,GF06,2019,139.7,A
LUX,AE,P5L,GF07,2019,134.3,A
LUX,AE,P5L,GF08,2019,224.06,A
LUX,AE,P5L,GF09,2019,263.14,A
LUX,AE,P5L,GF10,2019,149.87,A
LUX,AE,P5L,GF01,2020,618.58,A
LUX,AE,P5L,GF02,2020,251.28,A
LUX,AE,P5L,GF03,2020,117.26,A
LUX,AE,P5L,GF04,2020,923.72,A
LUX,AE,P5L,GF05,2020,217.19,A
LUX,AE,P5L,GF06,2020,105.82,A
LUX,AE,P5L,GF07,2020,206.39,A
LUX,AE,P5L,GF08,2020,216.11,A
LUX,AE,P5L,GF09,2020,288.73,A
LUX,AE,P5L,GF10,2020,188.43,A
LUX,AE,P5L,GF01,2021,561.97,A
LUX,AE,P5L,GF02,2021,81.56,A
LUX,AE,P5L,GF03,2021,113.62,A
LUX,AE,P5L,GF04,2021,985.3,A
LUX,AE,P5L,GF05,2021,234.88,A
LUX,AE,P5L,GF06,2021,146.59,A
LUX,AE,P5L,GF07,2021,174.05,A
LUX,AE,P5L,GF08,2021,229.95,A
LUX,AE,P5L,GF09,2021,314.06,A
LUX,AE,P5L,GF10,2021,197.87,A
LUX,AE,P5L,GF01,2022,621.46,A
LUX,AE,P5L,GF02,2022,53.76,A
LUX,AE,P5L,GF03,2022,93.12,A
LUX,AE,P5L,GF04,2022,1116.39,A
LUX,AE,P5L,GF05,2022,267.46,A
LUX,AE,P5L,GF06,2022,143.8,A
LUX,AE,P5L,GF07,2022,141.34,A
LUX,AE,P5L,GF08,2022,268.59,A
LUX,AE,P5L,GF09,2022,318.22,A
LUX,AE,P5L,GF10,2022,316.12,A
LUX,AE,P5L,GF01,2023,846.42,A
LUX,AE,P5L,GF02,2023,32.31,A
LUX,AE,P5L,GF03,2023,93.8,A
LUX,AE,P5L,GF04,2023,1317.27,A
LUX,AE,P5L,GF05,2023,249.32,A
LUX,AE,P5L,GF06,2023,245.85,A
LUX,AE,P5L,GF07,2023,183.02,A
LUX,AE,P5L,GF08,2023,321.63,A
LUX,AE,P5L,GF09,2023,400.81,A
LUX,AE,P5L,GF10,2023,301.79,A
LUX,AE,P5L,GF01,2024,1040.58,A
LUX,AE,P5L,GF02,2024,102.34,A
LUX,AE,P5L,GF03,2024,52.46,A
LUX,AE,P5L,GF04,2024,1352.08,A
LUX,AE,P5L,GF05,2024,223.33,A
LUX,AE,P5L,GF06,2024,238.95,A
LUX,AE,P5L,GF07,2024,220.81,A
LUX,AE,P5L,GF08,2024,314.33,A
LUX,AE,P5L,GF09,2024,341.97,A
LUX,AE,P5L,GF10,2024,359.06,A
LUX,AE,P5L,GF01,2025,1072.58,A
LUX,AE,P5L,GF02,2025,307.77,A
LUX,AE,P5L,GF03,2025,84.23,A
LUX,AE,P5L,GF04,2025,1459.32,A
LUX,AE,P5L,GF05,2025,259.32,A
LUX,AE,P5L,GF06,2025,348.7,A
LUX,AE,P5L,GF07,2025,184.41,A
LUX,AE,P5L,GF08,2025,357.22,A
LUX,AE,P5L,GF09,2025,375.84,A
LUX,AE,P5L,GF10,2025,344.57,A
LVA,AE,P5L,GF01,2000,25.25,A
LVA,AE,P5L,GF02,2000,5.64,A
LVA,AE,P5L,GF03,2000,4.11,A
LVA,AE,P5L,GF04,2000,37.51,A
LVA,AE,P5L,GF05,2000,3.2,A
LVA,AE,P5L,GF06,2000,10.7,A
LVA,AE,P5L,GF07,2000,2.68,A
LVA,AE,P5L,GF08,2000,10.88,A
LVA,AE,P5L,GF09,2000,20.98,A
LVA,AE,P5L,GF10,2000,2.42,A
LVA,AE,P5L,GF01,2001,21.12,A
LVA,AE,P5L,GF02,2001,7.0,A
LVA,AE,P5L,GF03,2001,5.77,A
LVA,AE,P5L,GF04,2001,30.2,A
LVA,AE,P5L,GF05,2001,1.89,A
LVA,AE,P5L,GF06,2001,10.42,A
LVA,AE,P5L,GF07,2001,2.19,A
LVA,AE,P5L,GF08,2001,10.92,A
LVA,AE,P5L,GF09,2001,27.19,A
LVA,AE,P5L,GF10,2001,1.94,A
LVA,AE,P5L,GF01,2002,22.62,A
LVA,AE,P5L,GF02,2002,8.83,A
LVA,AE,P5L,GF03,2002,6.39,A
LVA,AE,P5L,GF04,2002,31.52,A
LVA,AE,P5L,GF05,2002,2.6,A
LVA,AE,P5L,GF06,2002,12.39,A
LVA,AE,P5L,GF07,2002,4.3,A
LVA,AE,P5L,GF08,2002,11.83,A
LVA,AE,P5L,GF09,2002,30.49,A
LVA,AE,P5L,GF10,2002,2.25,A
LVA,AE,P5L,GF01,2003,63.04,A
LVA,AE,P5L,GF02,2003,23.97,A
LVA,AE,P5L,GF03,2003,14.99,A
LVA,AE,P5L,GF04,2003,88.33,A
LVA,AE,P5L,GF05,2003,4.12,A
LVA,AE,P5L,GF06,2003,26.05,A
LVA,AE,P5L,GF07,2003,12.31,A
LVA,AE,P5L,GF08,2003,16.27,A
LVA,AE,P5L,GF09,2003,48.9,A
LVA,AE,P5L,GF10,2003,6.21,A
LVA,AE,P5L,GF01,2004,78.29,A
LVA,AE,P5L,GF02,2004,38.52,A
LVA,AE,P5L,GF03,2004,24.65,A
LVA,AE,P5L,GF04,2004,143.23,A
LVA,AE,P5L,GF05,2004,11.59,A
LVA,AE,P5L,GF06,2004,44.55,A
LVA,AE,P5L,GF07,2004,21.13,A
LVA,AE,P5L,GF08,2004,17.84,A
LVA,AE,P5L,GF09,2004,65.12,A
LVA,AE,P5L,GF10,2004,7.91,A
LVA,AE,P5L,GF01,2005,70.92,A
LVA,AE,P5L,GF02,2005,23.86,A
LVA,AE,P5L,GF03,2005,24.04,A
LVA,AE,P5L,GF04,2005,140.9,A
LVA,AE,P5L,GF05,2005,19.32,A
LVA,AE,P5L,GF06,2005,52.14,A
LVA,AE,P5L,GF07,2005,59.37,A
LVA,AE,P5L,GF08,2005,19.86,A
LVA,AE,P5L,GF09,2005,70.44,A
LVA,AE,P5L,GF10,2005,9.87,A
LVA,AE,P5L,GF01,2006,132.2,A
LVA,AE,P5L,GF02,2006,86.44,A
LVA,AE,P5L,GF03,2006,78.59,A
LVA,AE,P5L,GF04,2006,273.25,A
LVA,AE,P5L,GF05,2006,34.75,A
LVA,AE,P5L,GF06,2006,76.52,A
LVA,AE,P5L,GF07,2006,82.88,A
LVA,AE,P5L,GF08,2006,31.8,A
LVA,AE,P5L,GF09,2006,101.25,A
LVA,AE,P5L,GF10,2006,15.48,A
LVA,AE,P5L,GF01,2007,182.38,A
LVA,AE,P5L,GF02,2007,103.86,A
LVA,AE,P5L,GF03,2007,117.43,A
LVA,AE,P5L,GF04,2007,460.5,A
LVA,AE,P5L,GF05,2007,39.26,A
LVA,AE,P5L,GF06,2007,126.0,A
LVA,AE,P5L,GF07,2007,117.71,A
LVA,AE,P5L,GF08,2007,108.82,A
LVA,AE,P5L,GF09,2007,201.73,A
LVA,AE,P5L,GF10,2007,20.05,A
LVA,AE,P5L,GF01,2008,71.24,A
LVA,AE,P5L,GF02,2008,92.98,A
LVA,AE,P5L,GF03,2008,11.48,A
LVA,AE,P5L,GF04,2008,545.52,A
LVA,AE,P5L,GF05,2008,20.06,A
LVA,AE,P5L,GF06,2008,109.74,A
LVA,AE,P5L,GF07,2008,70.46,A
LVA,AE,P5L,GF08,2008,98.26,A
LVA,AE,P5L,GF09,2008,246.06,A
LVA,AE,P5L,GF10,2008,24.19,A
LVA,AE,P5L,GF01,2009,63.81,A
LVA,AE,P5L,GF02,2009,38.21,A
LVA,AE,P5L,GF03,2009,13.42,A
LVA,AE,P5L,GF04,2009,408.84,A
LVA,AE,P5L,GF05,2009,-112.93,A
LVA,AE,P5L,GF06,2009,69.95,A
LVA,AE,P5L,GF07,2009,82.05,A
LVA,AE,P5L,GF08,2009,105.24,A
LVA,AE,P5L,GF09,2009,157.98,A
LVA,AE,P5L,GF10,2009,12.73,A
LVA,AE,P5L,GF01,2010,43.9,A
LVA,AE,P5L,GF02,2010,24.28,A
LVA,AE,P5L,GF03,2010,16.68,A
LVA,AE,P5L,GF04,2010,352.68,A
LVA,AE,P5L,GF05,2010,-40.97,A
LVA,AE,P5L,GF06,2010,118.65,A
LVA,AE,P5L,GF07,2010,66.77,A
LVA,AE,P5L,GF08,2010,97.62,A
LVA,AE,P5L,GF09,2010,155.86,A
LVA,AE,P5L,GF10,2010,12.92,A
LVA,AE,P5L,GF01,2011,63.43,A
LVA,AE,P5L,GF02,2011,49.23,A
LVA,AE,P5L,GF03,2011,20.92,A
LVA,AE,P5L,GF04,2011,403.85,A
LVA,AE,P5L,GF05,2011,33.56,A
LVA,AE,P5L,GF06,2011,116.52,A
LVA,AE,P5L,GF07,2011,50.7,A
LVA,AE,P5L,GF08,2011,91.94,A
LVA,AE,P5L,GF09,2011,192.1,A
LVA,AE,P5L,GF10,2011,15.52,A
LVA,AE,P5L,GF01,2012,70.32,A
LVA,AE,P5L,GF02,2012,51.34,A
LVA,AE,P5L,GF03,2012,25.01,A
LVA,AE,P5L,GF04,2012,399.97,A
LVA,AE,P5L,GF05,2012,31.27,A
LVA,AE,P5L,GF06,2012,120.94,A
LVA,AE,P5L,GF07,2012,91.87,A
LVA,AE,P5L,GF08,2012,112.53,A
LVA,AE,P5L,GF09,2012,213.44,A
LVA,AE,P5L,GF10,2012,26.45,A
LVA,AE,P5L,GF01,2013,68.25,A
LVA,AE,P5L,GF02,2013,57.83,A
LVA,AE,P5L,GF03,2013,33.14,A
LVA,AE,P5L,GF04,2013,330.57,A
LVA,AE,P5L,GF05,2013,33.54,A
LVA,AE,P5L,GF06,2013,109.8,A
LVA,AE,P5L,GF07,2013,77.45,A
LVA,AE,P5L,GF08,2013,121.96,A
LVA,AE,P5L,GF09,2013,205.71,A
LVA,AE,P5L,GF10,2013,34.69,A
LVA,AE,P5L,GF01,2014,95.14,A
LVA,AE,P5L,GF02,2014,45.53,A
LVA,AE,P5L,GF03,2014,40.64,A
LVA,AE,P5L,GF04,2014,265.49,A
LVA,AE,P5L,GF05,2014,47.74,A
LVA,AE,P5L,GF06,2014,96.49,A
LVA,AE,P5L,GF07,2014,93.05,A
LVA,AE,P5L,GF08,2014,99.83,A
LVA,AE,P5L,GF09,2014,286.44,A
LVA,AE,P5L,GF10,2014,30.6,A
LVA,AE,P5L,GF01,2015,153.62,A
LVA,AE,P5L,GF02,2015,71.32,A
LVA,AE,P5L,GF03,2015,44.2,A
LVA,AE,P5L,GF04,2015,326.8,A
LVA,AE,P5L,GF05,2015,53.09,A
LVA,AE,P5L,GF06,2015,73.39,A
LVA,AE,P5L,GF07,2015,97.84,A
LVA,AE,P5L,GF08,2015,86.18,A
LVA,AE,P5L,GF09,2015,272.48,A
LVA,AE,P5L,GF10,2015,27.52,A
LVA,AE,P5L,GF01,2016,64.95,A
LVA,AE,P5L,GF02,2016,208.66,A
LVA,AE,P5L,GF03,2016,49.85,A
LVA,AE,P5L,GF04,2016,276.29,A
LVA,AE,P5L,GF05,2016,12.4,A
LVA,AE,P5L,GF06,2016,49.48,A
LVA,AE,P5L,GF07,2016,68.53,A
LVA,AE,P5L,GF08,2016,44.76,A
LVA,AE,P5L,GF09,2016,154.77,A
LVA,AE,P5L,GF10,2016,22.49,A
LVA,AE,P5L,GF01,2017,50.77,A
LVA,AE,P5L,GF02,2017,225.69,A
LVA,AE,P5L,GF03,2017,70.48,A
LVA,AE,P5L,GF04,2017,386.45,A
LVA,AE,P5L,GF05,2017,22.98,A
LVA,AE,P5L,GF06,2017,108.91,A
LVA,AE,P5L,GF07,2017,51.48,A
LVA,AE,P5L,GF08,2017,111.75,A
LVA,AE,P5L,GF09,2017,211.2,A
LVA,AE,P5L,GF10,2017,24.8,A
LVA,AE,P5L,GF01,2018,125.67,A
LVA,AE,P5L,GF02,2018,357.85,A
LVA,AE,P5L,GF03,2018,63.78,A
LVA,AE,P5L,GF04,2018,532.08,A
LVA,AE,P5L,GF05,2018,31.77,A
LVA,AE,P5L,GF06,2018,138.08,A
LVA,AE,P5L,GF07,2018,79.79,A
LVA,AE,P5L,GF08,2018,123.43,A
LVA,AE,P5L,GF09,2018,257.1,A
LVA,AE,P5L,GF10,2018,31.38,A
LVA,AE,P5L,GF01,2019,174.27,A
LVA,AE,P5L,GF02,2019,212.28,A
LVA,AE,P5L,GF03,2019,42.26,A
LVA,AE,P5L,GF04,2019,423.43,A
LVA,AE,P5L,GF05,2019,43.35,A
LVA,AE,P5L,GF06,2019,124.39,A
LVA,AE,P5L,GF07,2019,77.89,A
LVA,AE,P5L,GF08,2019,116.02,A
LVA,AE,P5L,GF09,2019,269.17,A
LVA,AE,P5L,GF10,2019,38.78,A
LVA,AE,P5L,GF01,2020,109.1,A
LVA,AE,P5L,GF02,2020,286.65,A
LVA,AE,P5L,GF03,2020,49.02,A
LVA,AE,P5L,GF04,2020,517.45,A
LVA,AE,P5L,GF05,2020,27.89,A
LVA,AE,P5L,GF06,2020,146.51,A
LVA,AE,P5L,GF07,2020,109.07,A
LVA,AE,P5L,GF08,2020,116.36,A
LVA,AE,P5L,GF09,2020,275.99,A
LVA,AE,P5L,GF10,2020,39.5,A
LVA,AE,P5L,GF01,2021,97.34,A
LVA,AE,P5L,GF02,2021,307.7,A
LVA,AE,P5L,GF03,2021,43.45,A
LVA,AE,P5L,GF04,2021,534.68,A
LVA,AE,P5L,GF05,2021,37.76,A
LVA,AE,P5L,GF06,2021,130.47,A
LVA,AE,P5L,GF07,2021,148.69,A
LVA,AE,P5L,GF08,2021,122.72,A
LVA,AE,P5L,GF09,2021,285.77,A
LVA,AE,P5L,GF10,2021,45.51,A
LVA,AE,P5L,GF01,2022,84.88,A
LVA,AE,P5L,GF02,2022,78.26,A
LVA,AE,P5L,GF03,2022,51.54,A
LVA,AE,P5L,GF04,2022,1093.47,A
LVA,AE,P5L,GF05,2022,23.73,A
LVA,AE,P5L,GF06,2022,102.73,A
LVA,AE,P5L,GF07,2022,185.86,A
LVA,AE,P5L,GF08,2022,94.26,A
LVA,AE,P5L,GF09,2022,259.86,A
LVA,AE,P5L,GF10,2022,48.44,A
LVA,AE,P5L,GF01,2023,91.65,A
LVA,AE,P5L,GF02,2023,315.13,A
LVA,AE,P5L,GF03,2023,172.42,A
LVA,AE,P5L,GF04,2023,886.58,A
LVA,AE,P5L,GF05,2023,26.23,A
LVA,AE,P5L,GF06,2023,125.96,A
LVA,AE,P5L,GF07,2023,209.86,A
LVA,AE,P5L,GF08,2023,90.95,A
LVA,AE,P5L,GF09,2023,297.59,A
LVA,AE,P5L,GF10,2023,65.92,A
LVA,AE,P5L,GF01,2024,236.08,A
LVA,AE,P5L,GF02,2024,452.57,A
LVA,AE,P5L,GF03,2024,382.46,A
LVA,AE,P5L,GF04,2024,1000.11,A
LVA,AE,P5L,GF05,2024,26.56,A
LVA,AE,P5L,GF06,2024,142.68,A
LVA,AE,P5L,GF07,2024,144.58,A
LVA,AE,P5L,GF08,2024,57.9,A
LVA,AE,P5L,GF09,2024,233.03,A
LVA,AE,P5L,GF10,2024,37.71,A
NLD,AE,P5L,GF01,2000,1971.0,A
NLD,AE,P5L,GF02,2000,1370.0,A
NLD,AE,P5L,GF03,2000,875.0,A
NLD,AE,P5L,GF04,2000,6373.0,A
NLD,AE,P5L,GF05,2000,1631.0,A
NLD,AE,P5L,GF06,2000,-87.0,A
NLD,AE,P5L,GF07,2000,472.0,A
NLD,AE,P5L,GF08,2000,805.0,A
NLD,AE,P5L,GF09,2000,2423.0,A
NLD,AE,P5L,GF10,2000,516.0,A
NLD,AE,P5L,GF01,2001,2460.0,A
NLD,AE,P5L,GF02,2001,1575.0,A
NLD,AE,P5L,GF03,2001,930.0,A
NLD,AE,P5L,GF04,2001,7264.0,A
NLD,AE,P5L,GF05,2001,1643.0,A
NLD,AE,P5L,GF06,2001,431.0,A
NLD,AE,P5L,GF07,2001,528.0,A
NLD,AE,P5L,GF08,2001,867.0,A
NLD,AE,P5L,GF09,2001,2482.0,A
NLD,AE,P5L,GF10,2001,544.0,A
NLD,AE,P5L,GF01,2002,2789.0,A
NLD,AE,P5L,GF02,2002,1360.0,A
NLD,AE,P5L,GF03,2002,1127.0,A
NLD,AE,P5L,GF04,2002,8602.0,A
NLD,AE,P5L,GF05,2002,1958.0,A
NLD,AE,P5L,GF06,2002,846.0,A
NLD,AE,P5L,GF07,2002,566.0,A
NLD,AE,P5L,GF08,2002,1054.0,A
NLD,AE,P5L,GF09,2002,2832.0,A
NLD,AE,P5L,GF10,2002,583.0,A
NLD,AE,P5L,GF01,2003,2851.0,A
NLD,AE,P5L,GF02,2003,1302.0,A
NLD,AE,P5L,GF03,2003,1093.0,A
NLD,AE,P5L,GF04,2003,8854.0,A
NLD,AE,P5L,GF05,2003,2107.0,A
NLD,AE,P5L,GF06,2003,1234.0,A
NLD,AE,P5L,GF07,2003,574.0,A
NLD,AE,P5L,GF08,2003,1094.0,A
NLD,AE,P5L,GF09,2003,3200.0,A
NLD,AE,P5L,GF10,2003,598.0,A
NLD,AE,P5L,GF01,2004,2556.0,A
NLD,AE,P5L,GF02,2004,1362.0,A
NLD,AE,P5L,GF03,2004,970.0,A
NLD,AE,P5L,GF04,2004,7792.0,A
NLD,AE,P5L,GF05,2004,2072.0,A
NLD,AE,P5L,GF06,2004,2.0,A
NLD,AE,P5L,GF07,2004,570.0,A
NLD,AE,P5L,GF08,2004,947.0,A
NLD,AE,P5L,GF09,2004,3137.0,A
NLD,AE,P5L,GF10,2004,534.0,A
NLD,AE,P5L,GF01,2005,2703.0,A
NLD,AE,P5L,GF02,2005,630.0,A
NLD,AE,P5L,GF03,2005,869.0,A
NLD,AE,P5L,GF04,2005,8259.0,A
NLD,AE,P5L,GF05,2005,2308.0,A
NLD,AE,P5L,GF06,2005,-418.0,A
NLD,AE,P5L,GF07,2005,556.0,A
NLD,AE,P5L,GF08,2005,1063.0,A
NLD,AE,P5L,GF09,2005,3253.0,A
NLD,AE,P5L,GF10,2005,588.0,A
NLD,AE,P5L,GF01,2006,3075.0,A
NLD,AE,P5L,GF02,2006,1108.0,A
NLD,AE,P5L,GF03,2006,1136.0,A
NLD,AE,P5L,GF04,2006,8357.0,A
NLD,AE,P5L,GF05,2006,2450.0,A
NLD,AE,P5L,GF06,2006,-283.0,A
NLD,AE,P5L,GF07,2006,572.0,A
NLD,AE,P5L,GF08,2006,1156.0,A
NLD,AE,P5L,GF09,2006,3614.0,A
NLD,AE,P5L,GF10,2006,538.0,A
NLD,AE,P5L,GF01,2007,3248.0,A
NLD,AE,P5L,GF02,2007,1183.0,A
NLD,AE,P5L,GF03,2007,1184.0,A
NLD,AE,P5L,GF04,2007,8960.0,A
NLD,AE,P5L,GF05,2007,2557.0,A
NLD,AE,P5L,GF06,2007,-214.0,A
NLD,AE,P5L,GF07,2007,567.0,A
NLD,AE,P5L,GF08,2007,1270.0,A
NLD,AE,P5L,GF09,2007,3813.0,A
NLD,AE,P5L,GF10,2007,540.0,A
NLD,AE,P5L,GF01,2008,3503.0,A
NLD,AE,P5L,GF02,2008,1357.0,A
NLD,AE,P5L,GF03,2008,1034.0,A
NLD,AE,P5L,GF04,2008,10153.0,A
NLD,AE,P5L,GF05,2008,2937.0,A
NLD,AE,P5L,GF06,2008,103.0,A
NLD,AE,P5L,GF07,2008,631.0,A
NLD,AE,P5L,GF08,2008,1295.0,A
NLD,AE,P5L,GF09,2008,3936.0,A
NLD,AE,P5L,GF10,2008,546.0,A
NLD,AE,P5L,GF01,2009,3630.0,A
NLD,AE,P5L,GF02,2009,1408.0,A
NLD,AE,P5L,GF03,2009,1142.0,A
NLD,AE,P5L,GF04,2009,10851.0,A
NLD,AE,P5L,GF05,2009,3222.0,A
NLD,AE,P5L,GF06,2009,867.0,A
NLD,AE,P5L,GF07,2009,682.0,A
NLD,AE,P5L,GF08,2009,1578.0,A
NLD,AE,P5L,GF09,2009,3955.0,A
NLD,AE,P5L,GF10,2009,609.0,A
NLD,AE,P5L,GF01,2010,3859.0,A
NLD,AE,P5L,GF02,2010,1344.0,A
NLD,AE,P5L,GF03,2010,1050.0,A
NLD,AE,P5L,GF04,2010,10975.0,A
NLD,AE,P5L,GF05,2010,2875.0,A
NLD,AE,P5L,GF06,2010,688.0,A
NLD,AE,P5L,GF07,2010,740.0,A
NLD,AE,P5L,GF08,2010,1380.0,A
NLD,AE,P5L,GF09,2010,3632.0,A
NLD,AE,P5L,GF10,2010,563.0,A
NLD,AE,P5L,GF01,2011,3746.0,A
NLD,AE,P5L,GF02,2011,1465.0,A
NLD,AE,P5L,GF03,2011,1027.0,A
NLD,AE,P5L,GF04,2011,11574.0,A
NLD,AE,P5L,GF05,2011,2926.0,A
NLD,AE,P5L,GF06,2011,34.0,A
NLD,AE,P5L,GF07,2011,693.0,A
NLD,AE,P5L,GF08,2011,1241.0,A
NLD,AE,P5L,GF09,2011,3593.0,A
NLD,AE,P5L,GF10,2011,585.0,A
NLD,AE,P5L,GF01,2012,3460.0,A
NLD,AE,P5L,GF02,2012,925.0,A
NLD,AE,P5L,GF03,2012,1019.0,A
NLD,AE,P5L,GF04,2012,10698.0,A
NLD,AE,P5L,GF05,2012,2911.0,A
NLD,AE,P5L,GF06,2012,512.0,A
NLD,AE,P5L,GF07,2012,671.0,A
NLD,AE,P5L,GF08,2012,1074.0,A
NLD,AE,P5L,GF09,2012,3525.0,A
NLD,AE,P5L,GF10,2012,521.0,A
NLD,AE,P5L,GF01,2013,2987.0,A
NLD,AE,P5L,GF02,2013,624.0,A
NLD,AE,P5L,GF03,2013,996.0,A
NLD,AE,P5L,GF04,2013,10428.0,A
NLD,AE,P5L,GF05,2013,2868.0,A
NLD,AE,P5L,GF06,2013,423.0,A
NLD,AE,P5L,GF07,2013,741.0,A
NLD,AE,P5L,GF08,2013,1098.0,A
NLD,AE,P5L,GF09,2013,3441.0,A
NLD,AE,P5L,GF10,2013,493.0,A
NLD,AE,P5L,GF01,2014,3018.0,A
NLD,AE,P5L,GF02,2014,111.0,A
NLD,AE,P5L,GF03,2014,804.0,A
NLD,AE,P5L,GF04,2014,10430.0,A
NLD,AE,P5L,GF05,2014,2304.0,A
NLD,AE,P5L,GF06,2014,202.0,A
NLD,AE,P5L,GF07,2014,801.0,A
NLD,AE,P5L,GF08,2014,1072.0,A
NLD,AE,P5L,GF09,2014,3658.0,A
NLD,AE,P5L,GF10,2014,422.0,A
NLD,AE,P5L,GF01,2015,3227.0,A
NLD,AE,P5L,GF02,2015,722.0,A
NLD,AE,P5L,GF03,2015,989.0,A
NLD,AE,P5L,GF04,2015,9404.0,A
NLD,AE,P5L,GF05,2015,2090.0,A
NLD,AE,P5L,GF06,2015,433.0,A
NLD,AE,P5L,GF07,2015,799.0,A
NLD,AE,P5L,GF08,2015,1390.0,A
NLD,AE,P5L,GF09,2015,3762.0,A
NLD,AE,P5L,GF10,2015,599.0,A
NLD,AE,P5L,GF01,2016,3291.0,A
NLD,AE,P5L,GF02,2016,641.0,A
NLD,AE,P5L,GF03,2016,952.0,A
NLD,AE,P5L,GF04,2016,8612.0,A
NLD,AE,P5L,GF05,2016,2372.0,A
NLD,AE,P5L,GF06,2016,220.0,A
NLD,AE,P5L,GF07,2016,919.0,A
NLD,AE,P5L,GF08,2016,1463.0,A
NLD,AE,P5L,GF09,2016,3757.0,A
NLD,AE,P5L,GF10,2016,606.0,A
NLD,AE,P5L,GF01,2017,3422.0,A
NLD,AE,P5L,GF02,2017,915.0,A
NLD,AE,P5L,GF03,2017,806.0,A
NLD,AE,P5L,GF04,2017,8542.0,A
NLD,AE,P5L,GF05,2017,2237.0,A
NLD,AE,P5L,GF06,2017,63.0,A
NLD,AE,P5L,GF07,2017,945.0,A
NLD,AE,P5L,GF08,2017,1502.0,A
NLD,AE,P5L,GF09,2017,3963.0,A
NLD,AE,P5L,GF10,2017,398.0,A
NLD,AE,P5L,GF01,2018,3252.0,A
NLD,AE,P5L,GF02,2018,856.0,A
NLD,AE,P5L,GF03,2018,982.0,A
NLD,AE,P5L,GF04,2018,8678.0,A
NLD,AE,P5L,GF05,2018,2347.0,A
NLD,AE,P5L,GF06,2018,100.0,A
NLD,AE,P5L,GF07,2018,1054.0,A
NLD,AE,P5L,GF08,2018,1641.0,A
NLD,AE,P5L,GF09,2018,4096.0,A
NLD,AE,P5L,GF10,2018,465.0,A
NLD,AE,P5L,GF01,2019,3558.0,A
NLD,AE,P5L,GF02,2019,1919.0,A
NLD,AE,P5L,GF03,2019,1168.0,A
NLD,AE,P5L,GF04,2019,9394.0,A
NLD,AE,P5L,GF05,2019,2452.0,A
NLD,AE,P5L,GF06,2019,288.0,A
NLD,AE,P5L,GF07,2019,983.0,A
NLD,AE,P5L,GF08,2019,1654.0,A
NLD,AE,P5L,GF09,2019,4224.0,A
NLD,AE,P5L,GF10,2019,421.0,A
NLD,AE,P5L,GF01,2020,3752.0,A
NLD,AE,P5L,GF02,2020,2504.0,A
NLD,AE,P5L,GF03,2020,1302.0,A
NLD,AE,P5L,GF04,2020,9259.0,A
NLD,AE,P5L,GF05,2020,2631.0,A
NLD,AE,P5L,GF06,2020,204.0,A
NLD,AE,P5L,GF07,2020,1647.0,A
NLD,AE,P5L,GF08,2020,1612.0,A
NLD,AE,P5L,GF09,2020,4399.0,A
NLD,AE,P5L,GF10,2020,525.0,A
NLD,AE,P5L,GF01,2021,3873.0,A
NLD,AE,P5L,GF02,2021,2689.0,A
NLD,AE,P5L,GF03,2021,1234.0,A
NLD,AE,P5L,GF04,2021,9573.0,A
NLD,AE,P5L,GF05,2021,2736.0,A
NLD,AE,P5L,GF06,2021,189.0,A
NLD,AE,P5L,GF07,2021,1179.0,A
NLD,AE,P5L,GF08,2021,1644.0,A
NLD,AE,P5L,GF09,2021,4650.0,A
NLD,AE,P5L,GF10,2021,525.0,A
NLD,AE,P5L,GF01,2022,3830.0,A
NLD,AE,P5L,GF02,2022,2596.0,A
NLD,AE,P5L,GF03,2022,1372.0,A
NLD,AE,P5L,GF04,2022,11153.0,A
NLD,AE,P5L,GF05,2022,3001.0,A
NLD,AE,P5L,GF06,2022,331.0,A
NLD,AE,P5L,GF07,2022,1230.0,A
NLD,AE,P5L,GF08,2022,2054.0,A
NLD,AE,P5L,GF09,2022,4733.0,A
NLD,AE,P5L,GF10,2022,626.0,A
NLD,AE,P5L,GF01,2023,4659.0,A
NLD,AE,P5L,GF02,2023,2141.0,A
NLD,AE,P5L,GF03,2023,1540.0,A
NLD,AE,P5L,GF04,2023,11210.0,A
NLD,AE,P5L,GF05,2023,3592.0,A
NLD,AE,P5L,GF06,2023,634.0,A
NLD,AE,P5L,GF07,2023,1322.0,A
NLD,AE,P5L,GF08,2023,2230.0,A
NLD,AE,P5L,GF09,2023,5611.0,A
NLD,AE,P5L,GF10,2023,812.0,A
NLD,AE,P5L,GF01,2024,4852.0,A
NLD,AE,P5L,GF02,2024,2505.0,A
NLD,AE,P5L,GF03,2024,1589.0,A
NLD,AE,P5L,GF04,2024,11668.0,A
NLD,AE,P5L,GF05,2024,3965.0,A
NLD,AE,P5L,GF06,2024,789.0,A
NLD,AE,P5L,GF07,2024,1330.0,A
NLD,AE,P5L,GF08,2024,2504.0,A
NLD,AE,P5L,GF09,2024,5979.0,A
NLD,AE,P5L,GF10,2024,986.0,A
NOR,AE,P5L,GF01,2000,4905.0,A
NOR,AE,P5L,GF02,2000,7724.0,A
NOR,AE,P5L,GF03,2000,934.0,A
NOR,AE,P5L,GF04,2000,10962.0,A
NOR,AE,P5L,GF05,2000,2244.0,A
NOR,AE,P5L,GF06,2000,1147.0,A
NOR,AE,P5L,GF07,2000,8011.0,A
NOR,AE,P5L,GF08,2000,2347.0,A
NOR,AE,P5L,GF09,2000,7905.0,A
NOR,AE,P5L,GF10,2000,4550.0,A
NOR,AE,P5L,GF01,2001,5080.0,A
NOR,AE,P5L,GF02,2001,6034.0,A
NOR,AE,P5L,GF03,2001,1056.0,A
NOR,AE,P5L,GF04,2001,12240.0,A
NOR,AE,P5L,GF05,2001,2312.0,A
NOR,AE,P5L,GF06,2001,637.0,A
NOR,AE,P5L,GF07,2001,8566.0,A
NOR,AE,P5L,GF08,2001,2153.0,A
NOR,AE,P5L,GF09,2001,7167.0,A
NOR,AE,P5L,GF10,2001,5830.0,A
NOR,AE,P5L,GF01,2002,5326.0,A
NOR,AE,P5L,GF02,2002,8842.0,A
NOR,AE,P5L,GF03,2002,831.0,A
NOR,AE,P5L,GF04,2002,12976.0,A
NOR,AE,P5L,GF05,2002,2178.0,A
NOR,AE,P5L,GF06,2002,785.0,A
NOR,AE,P5L,GF07,2002,7534.0,A
NOR,AE,P5L,GF08,2002,2821.0,A
NOR,AE,P5L,GF09,2002,7594.0,A
NOR,AE,P5L,GF10,2002,7501.0,A
NOR,AE,P5L,GF01,2003,6407.0,A
NOR,AE,P5L,GF02,2003,8107.0,A
NOR,AE,P5L,GF03,2003,831.0,A
NOR,AE,P5L,GF04,2003,13656.0,A
NOR,AE,P5L,GF05,2003,2176.0,A
NOR,AE,P5L,GF06,2003,3703.0,A
NOR,AE,P5L,GF07,2003,8666.0,A
NOR,AE,P5L,GF08,2003,3052.0,A
NOR,AE,P5L,GF09,2003,9557.0,A
NOR,AE,P5L,GF10,2003,5880.0,A
NOR,AE,P5L,GF01,2004,7552.0,A
NOR,AE,P5L,GF02,2004,7223.0,A
NOR,AE,P5L,GF03,2004,876.0,A
NOR,AE,P5L,GF04,2004,14986.0,A
NOR,AE,P5L,GF05,2004,2490.0,A
NOR,AE,P5L,GF06,2004,3576.0,A
NOR,AE,P5L,GF07,2004,10017.0,A
NOR,AE,P5L,GF08,2004,3669.0,A
NOR,AE,P5L,GF09,2004,9904.0,A
NOR,AE,P5L,GF10,2004,5115.0,A
NOR,AE,P5L,GF01,2005,8472.0,A
NOR,AE,P5L,GF02,2005,5873.0,A
NOR,AE,P5L,GF03,2005,1016.0,A
NOR,AE,P5L,GF04,2005,17378.0,A
NOR,AE,P5L,GF05,2005,2402.0,A
NOR,AE,P5L,GF06,2005,2727.0,A
NOR,AE,P5L,GF07,2005,10958.0,A
NOR,AE,P5L,GF08,2005,3383.0,A
NOR,AE,P5L,GF09,2005,9537.0,A
NOR,AE,P5L,GF10,2005,4369.0,A
NOR,AE,P5L,GF01,2006,8562.0,A
NOR,AE,P5L,GF02,2006,9750.0,A
NOR,AE,P5L,GF03,2006,1272.0,A
NOR,AE,P5L,GF04,2006,18464.0,A
NOR,AE,P5L,GF05,2006,2516.0,A
NOR,AE,P5L,GF06,2006,3548.0,A
NOR,AE,P5L,GF07,2006,11671.0,A
NOR,AE,P5L,GF08,2006,3626.0,A
NOR,AE,P5L,GF09,2006,10548.0,A
NOR,AE,P5L,GF10,2006,5676.0,A
NOR,AE,P5L,GF01,2007,8496.0,A
NOR,AE,P5L,GF02,2007,11145.0,A
NOR,AE,P5L,GF03,2007,1202.0,A
NOR,AE,P5L,GF04,2007,21896.0,A
NOR,AE,P5L,GF05,2007,3132.0,A
NOR,AE,P5L,GF06,2007,3844.0,A
NOR,AE,P5L,GF07,2007,12460.0,A
NOR,AE,P5L,GF08,2007,5117.0,A
NOR,AE,P5L,GF09,2007,12860.0,A
NOR,AE,P5L,GF10,2007,7394.0,A
NOR,AE,P5L,GF01,2008,9793.0,A
NOR,AE,P5L,GF02,2008,13074.0,A
NOR,AE,P5L,GF03,2008,1286.0,A
NOR,AE,P5L,GF04,2008,27258.0,A
NOR,AE,P5L,GF05,2008,3879.0,A
NOR,AE,P5L,GF06,2008,4709.0,A
NOR,AE,P5L,GF07,2008,12072.0,A
NOR,AE,P5L,GF08,2008,6238.0,A
NOR,AE,P5L,GF09,2008,13618.0,A
NOR,AE,P5L,GF10,2008,7434.0,A
NOR,AE,P5L,GF01,2009,10902.0,A
NOR,AE,P5L,GF02,2009,12390.0,A
NOR,AE,P5L,GF03,2009,1613.0,A
NOR,AE,P5L,GF04,2009,32012.0,A
NOR,AE,P5L,GF05,2009,5797.0,A
NOR,AE,P5L,GF06,2009,4941.0,A
NOR,AE,P5L,GF07,2009,11101.0,A
NOR,AE,P5L,GF08,2009,7550.0,A
NOR,AE,P5L,GF09,2009,16002.0,A
NOR,AE,P5L,GF10,2009,7799.0,A
NOR,AE,P5L,GF01,2010,11012.0,A
NOR,AE,P5L,GF02,2010,9245.0,A
NOR,AE,P5L,GF03,2010,1522.0,A
NOR,AE,P5L,GF04,2010,31091.0,A
NOR,AE,P5L,GF05,2010,7529.0,A
NOR,AE,P5L,GF06,2010,5226.0,A
NOR,AE,P5L,GF07,2010,10193.0,A
NOR,AE,P5L,GF08,2010,7306.0,A
NOR,AE,P5L,GF09,2010,15489.0,A
NOR,AE,P5L,GF10,2010,6982.0,A
NOR,AE,P5L,GF01,2011,12110.0,A
NOR,AE,P5L,GF02,2011,13290.0,A
NOR,AE,P5L,GF03,2011,1425.0,A
NOR,AE,P5L,GF04,2011,32483.0,A
NOR,AE,P5L,GF05,2011,7264.0,A
NOR,AE,P5L,GF06,2011,5123.0,A
NOR,AE,P5L,GF07,2011,10755.0,A
NOR,AE,P5L,GF08,2011,7466.0,A
NOR,AE,P5L,GF09,2011,14801.0,A
NOR,AE,P5L,GF10,2011,6483.0,A
NOR,AE,P5L,GF01,2012,12943.0,A
NOR,AE,P5L,GF02,2012,10066.0,A
NOR,AE,P5L,GF03,2012,1490.0,A
NOR,AE,P5L,GF04,2012,36260.0,A
NOR,AE,P5L,GF05,2012,6706.0,A
NOR,AE,P5L,GF06,2012,5284.0,A
NOR,AE,P5L,GF07,2012,12702.0,A
NOR,AE,P5L,GF08,2012,7124.0,A
NOR,AE,P5L,GF09,2012,14391.0,A
NOR,AE,P5L,GF10,2012,5839.0,A
NOR,AE,P5L,GF01,2013,13398.0,A
NOR,AE,P5L,GF02,2013,10512.0,A
NOR,AE,P5L,GF03,2013,2677.0,A
NOR,AE,P5L,GF04,2013,43334.0,A
NOR,AE,P5L,GF05,2013,6597.0,A
NOR,AE,P5L,GF06,2013,6176.0,A
NOR,AE,P5L,GF07,2013,15895.0,A
NOR,AE,P5L,GF08,2013,7205.0,A
NOR,AE,P5L,GF09,2013,16016.0,A
NOR,AE,P5L,GF10,2013,6852.0,A
NOR,AE,P5L,GF01,2014,14602.0,A
NOR,AE,P5L,GF02,2014,11763.0,A
NOR,AE,P5L,GF03,2014,2407.0,A
NOR,AE,P5L,GF04,2014,50993.0,A
NOR,AE,P5L,GF05,2014,7228.0,A
NOR,AE,P5L,GF06,2014,7282.0,A
NOR,AE,P5L,GF07,2014,17937.0,A
NOR,AE,P5L,GF08,2014,7298.0,A
NOR,AE,P5L,GF09,2014,16999.0,A
NOR,AE,P5L,GF10,2014,7194.0,A
NOR,AE,P5L,GF01,2015,13744.0,A
NOR,AE,P5L,GF02,2015,13559.0,A
NOR,AE,P5L,GF03,2015,2537.0,A
NOR,AE,P5L,GF04,2015,51557.0,A
NOR,AE,P5L,GF05,2015,7980.0,A
NOR,AE,P5L,GF06,2015,8310.0,A
NOR,AE,P5L,GF07,2015,16247.0,A
NOR,AE,P5L,GF08,2015,7575.0,A
NOR,AE,P5L,GF09,2015,20254.0,A
NOR,AE,P5L,GF10,2015,7997.0,A
NOR,AE,P5L,GF01,2016,15526.0,A
NOR,AE,P5L,GF02,2016,13492.0,A
NOR,AE,P5L,GF03,2016,3305.0,A
NOR,AE,P5L,GF04,2016,54341.0,A
NOR,AE,P5L,GF05,2016,8647.0,A
NOR,AE,P5L,GF06,2016,10465.0,A
NOR,AE,P5L,GF07,2016,17094.0,A
NOR,AE,P5L,GF08,2016,9636.0,A
NOR,AE,P5L,GF09,2016,21066.0,A
NOR,AE,P5L,GF10,2016,9358.0,A
NOR,AE,P5L,GF01,2017,15326.0,A
NOR,AE,P5L,GF02,2017,19148.0,A
NOR,AE,P5L,GF03,2017,3830.0,A
NOR,AE,P5L,GF04,2017,56797.0,A
NOR,AE,P5L,GF05,2017,8302.0,A
NOR,AE,P5L,GF06,2017,9869.0,A
NOR,AE,P5L,GF07,2017,16635.0,A
NOR,AE,P5L,GF08,2017,11685.0,A
NOR,AE,P5L,GF09,2017,23993.0,A
NOR,AE,P5L,GF10,2017,9099.0,A
NOR,AE,P5L,GF01,2018,17163.0,A
NOR,AE,P5L,GF02,2018,22683.0,A
NOR,AE,P5L,GF03,2018,5510.0,A
NOR,AE,P5L,GF04,2018,63667.0,A
NOR,AE,P5L,GF05,2018,9189.0,A
NOR,AE,P5L,GF06,2018,11030.0,A
NOR,AE,P5L,GF07,2018,18097.0,A
NOR,AE,P5L,GF08,2018,12370.0,A
NOR,AE,P5L,GF09,2018,24432.0,A
NOR,AE,P5L,GF10,2018,9772.0,A
NOR,AE,P5L,GF01,2019,18502.0,A
NOR,AE,P5L,GF02,2019,26971.0,A
NOR,AE,P5L,GF03,2019,7170.0,A
NOR,AE,P5L,GF04,2019,67848.0,A
NOR,AE,P5L,GF05,2019,9963.0,A
NOR,AE,P5L,GF06,2019,11796.0,A
NOR,AE,P5L,GF07,2019,22694.0,A
NOR,AE,P5L,GF08,2019,14154.0,A
NOR,AE,P5L,GF09,2019,24269.0,A
NOR,AE,P5L,GF10,2019,11075.0,A
NOR,AE,P5L,GF01,2020,16831.0,A
NOR,AE,P5L,GF02,2020,27988.0,A
NOR,AE,P5L,GF03,2020,6915.0,A
NOR,AE,P5L,GF04,2020,65603.0,A
NOR,AE,P5L,GF05,2020,9816.0,A
NOR,AE,P5L,GF06,2020,12765.0,A
NOR,AE,P5L,GF07,2020,25631.0,A
NOR,AE,P5L,GF08,2020,12933.0,A
NOR,AE,P5L,GF09,2020,26021.0,A
NOR,AE,P5L,GF10,2020,11273.0,A
NOR,AE,P5L,GF01,2021,17616.0,A
NOR,AE,P5L,GF02,2021,29129.0,A
NOR,AE,P5L,GF03,2021,5938.0,A
NOR,AE,P5L,GF04,2021,69003.0,A
NOR,AE,P5L,GF05,2021,9255.0,A
NOR,AE,P5L,GF06,2021,11889.0,A
NOR,AE,P5L,GF07,2021,29715.0,A
NOR,AE,P5L,GF08,2021,11536.0,A
NOR,AE,P5L,GF09,2021,24837.0,A
NOR,AE,P5L,GF10,2021,11090.0,A
NOR,AE,P5L,GF01,2022,21486.0,A
NOR,AE,P5L,GF02,2022,28386.0,A
NOR,AE,P5L,GF03,2022,6600.0,A
NOR,AE,P5L,GF04,2022,76593.0,A
NOR,AE,P5L,GF05,2022,10249.0,A
NOR,AE,P5L,GF06,2022,15896.0,A
NOR,AE,P5L,GF07,2022,33037.0,A
NOR,AE,P5L,GF08,2022,12242.0,A
NOR,AE,P5L,GF09,2022,25742.0,A
NOR,AE,P5L,GF10,2022,10063.0,A
NOR,AE,P5L,GF01,2023,23674.0,A
NOR,AE,P5L,GF02,2023,33090.0,A
NOR,AE,P5L,GF03,2023,5673.0,A
NOR,AE,P5L,GF04,2023,79603.0,A
NOR,AE,P5L,GF05,2023,11812.0,A
NOR,AE,P5L,GF06,2023,18682.0,A
NOR,AE,P5L,GF07,2023,40651.0,A
NOR,AE,P5L,GF08,2023,12827.0,A
NOR,AE,P5L,GF09,2023,26302.0,A
NOR,AE,P5L,GF10,2023,10040.0,A
NOR,AE,P5L,GF01,2024,25720.0,A
NOR,AE,P5L,GF02,2024,42595.0,A
NOR,AE,P5L,GF03,2024,5974.0,A
NOR,AE,P5L,GF04,2024,82474.0,A
NOR,AE,P5L,GF05,2024,12916.0,A
NOR,AE,P5L,GF06,2024,22162.0,A
NOR,AE,P5L,GF07,2024,36048.0,A
NOR,AE,P5L,GF08,2024,13396.0,A
NOR,AE,P5L,GF09,2024,30622.0,A
NOR,AE,P5L,GF10,2024,11317.0,A
POL,EMDE,P5L,GF01,2000,1140.0,A
POL,EMDE,P5L,GF02,2000,185.0,A
POL,EMDE,P5L,GF03,2000,43.0,A
POL,EMDE,P5L,GF04,2000,10804.0,A
POL,EMDE,P5L,GF05,2000,2373.0,A
POL,EMDE,P5L,GF06,2000,1110.0,A
POL,EMDE,P5L,GF07,2000,1070.0,A
POL,EMDE,P5L,GF08,2000,1344.0,A
POL,EMDE,P5L,GF09,2000,1928.0,A
POL,EMDE,P5L,GF10,2000,615.0,A
POL,EMDE,P5L,GF01,2001,2030.0,A
POL,EMDE,P5L,GF02,2001,1950.0,A
POL,EMDE,P5L,GF03,2001,534.0,A
POL,EMDE,P5L,GF04,2001,5678.0,A
POL,EMDE,P5L,GF05,2001,2680.0,A
POL,EMDE,P5L,GF06,2001,776.0,A
POL,EMDE,P5L,GF07,2001,1715.0,A
POL,EMDE,P5L,GF08,2001,1880.0,A
POL,EMDE,P5L,GF09,2001,3038.0,A
POL,EMDE,P5L,GF10,2001,461.0,A
POL,EMDE,P5L,GF01,2002,2111.0,A
POL,EMDE,P5L,GF02,2002,1911.0,A
POL,EMDE,P5L,GF03,2002,583.0,A
POL,EMDE,P5L,GF04,2002,6476.0,A
POL,EMDE,P5L,GF05,2002,2712.0,A
POL,EMDE,P5L,GF06,2002,733.0,A
POL,EMDE,P5L,GF07,2002,1743.0,A
POL,EMDE,P5L,GF08,2002,1902.0,A
POL,EMDE,P5L,GF09,2002,3162.0,A
POL,EMDE,P5L,GF10,2002,313.0,A
POL,EMDE,P5L,GF01,2003,1745.0,A
POL,EMDE,P5L,GF02,2003,2159.0,A
POL,EMDE,P5L,GF03,2003,969.0,A
POL,EMDE,P5L,GF04,2003,6942.0,A
POL,EMDE,P5L,GF05,2003,2863.0,A
POL,EMDE,P5L,GF06,2003,774.0,A
POL,EMDE,P5L,GF07,2003,1840.0,A
POL,EMDE,P5L,GF08,2003,1877.0,A
POL,EMDE,P5L,GF09,2003,3099.0,A
POL,EMDE,P5L,GF10,2003,332.0,A
POL,EMDE,P5L,GF01,2004,2020.0,A
POL,EMDE,P5L,GF02,2004,2476.0,A
POL,EMDE,P5L,GF03,2004,1310.0,A
POL,EMDE,P5L,GF04,2004,8598.0,A
POL,EMDE,P5L,GF05,2004,3025.0,A
POL,EMDE,P5L,GF06,2004,778.0,A
POL,EMDE,P5L,GF07,2004,2092.0,A
POL,EMDE,P5L,GF08,2004,2098.0,A
POL,EMDE,P5L,GF09,2004,3364.0,A
POL,EMDE,P5L,GF10,2004,397.0,A
POL,EMDE,P5L,GF01,2005,2227.0,A
POL,EMDE,P5L,GF02,2005,2579.0,A
POL,EMDE,P5L,GF03,2005,1532.0,A
POL,EMDE,P5L,GF04,2005,12325.66,A
POL,EMDE,P5L,GF05,2005,3477.0,A
POL,EMDE,P5L,GF06,2005,404.0,A
POL,EMDE,P5L,GF07,2005,2930.0,A
POL,EMDE,P5L,GF08,2005,2408.3,A
POL,EMDE,P5L,GF09,2005,3907.0,A
POL,EMDE,P5L,GF10,2005,438.0,A
POL,EMDE,P5L,GF01,2006,2727.0,A
POL,EMDE,P5L,GF02,2006,4066.0,A
POL,EMDE,P5L,GF03,2006,1300.0,A
POL,EMDE,P5L,GF04,2006,16475.75,A
POL,EMDE,P5L,GF05,2006,3710.0,A
POL,EMDE,P5L,GF06,2006,-453.0,A
POL,EMDE,P5L,GF07,2006,3325.0,A
POL,EMDE,P5L,GF08,2006,3799.2,A
POL,EMDE,P5L,GF09,2006,4128.0,A
POL,EMDE,P5L,GF10,2006,619.0,A
POL,EMDE,P5L,GF01,2007,3532.0,A
POL,EMDE,P5L,GF02,2007,8319.0,A
POL,EMDE,P5L,GF03,2007,2389.0,A
POL,EMDE,P5L,GF04,2007,19573.52,A
POL,EMDE,P5L,GF05,2007,3754.0,A
POL,EMDE,P5L,GF06,2007,-1859.0,A
POL,EMDE,P5L,GF07,2007,3725.0,A
POL,EMDE,P5L,GF08,2007,4380.0,A
POL,EMDE,P5L,GF09,2007,4770.0,A
POL,EMDE,P5L,GF10,2007,630.0,A
POL,EMDE,P5L,GF01,2008,3673.0,A
POL,EMDE,P5L,GF02,2008,7322.0,A
POL,EMDE,P5L,GF03,2008,2295.0,A
POL,EMDE,P5L,GF04,2008,22571.93,A
POL,EMDE,P5L,GF05,2008,3865.0,A
POL,EMDE,P5L,GF06,2008,-1365.0,A
POL,EMDE,P5L,GF07,2008,5362.0,A
POL,EMDE,P5L,GF08,2008,6321.9,A
POL,EMDE,P5L,GF09,2008,5345.0,A
POL,EMDE,P5L,GF10,2008,896.0,A
POL,EMDE,P5L,GF01,2009,3787.0,A
POL,EMDE,P5L,GF02,2009,1814.0,A
POL,EMDE,P5L,GF03,2009,2723.0,A
POL,EMDE,P5L,GF04,2009,32463.19,A
POL,EMDE,P5L,GF05,2009,4673.0,A
POL,EMDE,P5L,GF06,2009,733.0,A
POL,EMDE,P5L,GF07,2009,5078.0,A
POL,EMDE,P5L,GF08,2009,7962.1,A
POL,EMDE,P5L,GF09,2009,6016.0,A
POL,EMDE,P5L,GF10,2009,1227.0,A
POL,EMDE,P5L,GF01,2010,4388.0,A
POL,EMDE,P5L,GF02,2010,4261.0,A
POL,EMDE,P5L,GF03,2010,3235.0,A
POL,EMDE,P5L,GF04,2010,43301.59,A
POL,EMDE,P5L,GF05,2010,5275.0,A
POL,EMDE,P5L,GF06,2010,-449.0,A
POL,EMDE,P5L,GF07,2010,5836.0,A
POL,EMDE,P5L,GF08,2010,8821.0,A
POL,EMDE,P5L,GF09,2010,7295.0,A
POL,EMDE,P5L,GF10,2010,810.0,A
POL,EMDE,P5L,GF01,2011,6004.0,A
POL,EMDE,P5L,GF02,2011,5952.0,A
POL,EMDE,P5L,GF03,2011,3353.0,A
POL,EMDE,P5L,GF04,2011,47965.13,A
POL,EMDE,P5L,GF05,2011,6197.0,A
POL,EMDE,P5L,GF06,2011,-860.0,A
POL,EMDE,P5L,GF07,2011,5691.0,A
POL,EMDE,P5L,GF08,2011,8665.0,A
POL,EMDE,P5L,GF09,2011,7871.0,A
POL,EMDE,P5L,GF10,2011,732.0,A
POL,EMDE,P5L,GF01,2012,5585.0,A
POL,EMDE,P5L,GF02,2012,4593.0,A
POL,EMDE,P5L,GF03,2012,2496.0,A
POL,EMDE,P5L,GF04,2012,37194.16,A
POL,EMDE,P5L,GF05,2012,4799.0,A
POL,EMDE,P5L,GF06,2012,-751.0,A
POL,EMDE,P5L,GF07,2012,5632.0,A
POL,EMDE,P5L,GF08,2012,7330.0,A
POL,EMDE,P5L,GF09,2012,7433.0,A
POL,EMDE,P5L,GF10,2012,835.0,A
POL,EMDE,P5L,GF01,2013,5678.0,A
POL,EMDE,P5L,GF02,2013,6799.0,A
POL,EMDE,P5L,GF03,2013,2084.0,A
POL,EMDE,P5L,GF04,2013,27501.27,A
POL,EMDE,P5L,GF05,2013,5315.0,A
POL,EMDE,P5L,GF06,2013,-781.0,A
POL,EMDE,P5L,GF07,2013,5514.0,A
POL,EMDE,P5L,GF08,2013,6426.0,A
POL,EMDE,P5L,GF09,2013,6122.0,A
POL,EMDE,P5L,GF10,2013,781.0,A
POL,EMDE,P5L,GF01,2014,6432.7,A
POL,EMDE,P5L,GF02,2014,3587.3,A
POL,EMDE,P5L,GF03,2014,2808.5,A
POL,EMDE,P5L,GF04,2014,37039.52,A
POL,EMDE,P5L,GF05,2014,5727.3,A
POL,EMDE,P5L,GF06,2014,-851.2,A
POL,EMDE,P5L,GF07,2014,5625.6,A
POL,EMDE,P5L,GF08,2014,7411.56,A
POL,EMDE,P5L,GF09,2014,7081.8,A
POL,EMDE,P5L,GF10,2014,556.8,A
POL,EMDE,P5L,GF01,2015,6308.03,A
POL,EMDE,P5L,GF02,2015,4230.0,A
POL,EMDE,P5L,GF03,2015,3500.4,A
POL,EMDE,P5L,GF04,2015,38013.74,A
POL,EMDE,P5L,GF05,2015,6006.38,A
POL,EMDE,P5L,GF06,2015,-791.7,A
POL,EMDE,P5L,GF07,2015,6271.7,A
POL,EMDE,P5L,GF08,2015,5949.81,A
POL,EMDE,P5L,GF09,2015,8369.5,A
POL,EMDE,P5L,GF10,2015,732.3,A
POL,EMDE,P5L,GF01,2016,4811.19,A
POL,EMDE,P5L,GF02,2016,4095.43,A
POL,EMDE,P5L,GF03,2016,2806.26,A
POL,EMDE,P5L,GF04,2016,30724.87,A
POL,EMDE,P5L,GF05,2016,2410.85,A
POL,EMDE,P5L,GF06,2016,-1184.28,A
POL,EMDE,P5L,GF07,2016,4934.04,A
POL,EMDE,P5L,GF08,2016,4912.2,A
POL,EMDE,P5L,GF09,2016,6036.34,A
POL,EMDE,P5L,GF10,2016,772.45,A
POL,EMDE,P5L,GF01,2017,6149.34,A
POL,EMDE,P5L,GF02,2017,6961.3,A
POL,EMDE,P5L,GF03,2017,2374.21,A
POL,EMDE,P5L,GF04,2017,38234.87,A
POL,EMDE,P5L,GF05,2017,2377.41,A
POL,EMDE,P5L,GF06,2017,-1425.97,A
POL,EMDE,P5L,GF07,2017,5517.93,A
POL,EMDE,P5L,GF08,2017,6899.4,A
POL,EMDE,P5L,GF09,2017,7392.9,A
POL,EMDE,P5L,GF10,2017,473.18,A
POL,EMDE,P5L,GF01,2018,5477.0,A
POL,EMDE,P5L,GF02,2018,5863.9,A
POL,EMDE,P5L,GF03,2018,4096.0,A
POL,EMDE,P5L,GF04,2018,51094.57,A
POL,EMDE,P5L,GF05,2018,4607.33,A
POL,EMDE,P5L,GF06,2018,-518.1,A
POL,EMDE,P5L,GF07,2018,6791.5,A
POL,EMDE,P5L,GF08,2018,10476.4,A
POL,EMDE,P5L,GF09,2018,10384.0,A
POL,EMDE,P5L,GF10,2018,986.1,A
POL,EMDE,P5L,GF01,2019,6223.04,A
POL,EMDE,P5L,GF02,2019,5863.32,A
POL,EMDE,P5L,GF03,2019,3708.77,A
POL,EMDE,P5L,GF04,2019,50691.37,A
POL,EMDE,P5L,GF05,2019,4558.47,A
POL,EMDE,P5L,GF06,2019,-144.84,A
POL,EMDE,P5L,GF07,2019,7602.52,A
POL,EMDE,P5L,GF08,2019,10309.45,A
POL,EMDE,P5L,GF09,2019,9586.01,A
POL,EMDE,P5L,GF10,2019,1145.9,A
POL,EMDE,P5L,GF01,2020,6928.47,A
POL,EMDE,P5L,GF02,2020,6840.83,A
POL,EMDE,P5L,GF03,2020,5872.06,A
POL,EMDE,P5L,GF04,2020,53160.62,A
POL,EMDE,P5L,GF05,2020,4732.1,A
POL,EMDE,P5L,GF06,2020,-868.67,A
POL,EMDE,P5L,GF07,2020,9499.62,A
POL,EMDE,P5L,GF08,2020,9724.48,A
POL,EMDE,P5L,GF09,2020,9682.13,A
POL,EMDE,P5L,GF10,2020,1216.86,A
POL,EMDE,P5L,GF01,2021,5846.67,A
POL,EMDE,P5L,GF02,2021,9272.12,A
POL,EMDE,P5L,GF03,2021,5019.34,A
POL,EMDE,P5L,GF04,2021,54352.86,A
POL,EMDE,P5L,GF05,2021,4794.13,A
POL,EMDE,P5L,GF06,2021,-2226.7,A
POL,EMDE,P5L,GF07,2021,10003.74,A
POL,EMDE,P5L,GF08,2021,8354.67,A
POL,EMDE,P5L,GF09,2021,9943.85,A
POL,EMDE,P5L,GF10,2021,1105.16,A
POL,EMDE,P5L,GF01,2022,4126.51,A
POL,EMDE,P5L,GF02,2022,2344.75,A
POL,EMDE,P5L,GF03,2022,7859.49,A
POL,EMDE,P5L,GF04,2022,67302.82,A
POL,EMDE,P5L,GF05,2022,5177.32,A
POL,EMDE,P5L,GF06,2022,-1226.0,A
POL,EMDE,P5L,GF07,2022,8576.51,A
POL,EMDE,P5L,GF08,2022,9178.97,A
POL,EMDE,P5L,GF09,2022,11445.96,A
POL,EMDE,P5L,GF10,2022,1343.02,A
POL,EMDE,P5L,GF01,2023,5247.0,A
POL,EMDE,P5L,GF02,2023,24365.35,A
POL,EMDE,P5L,GF03,2023,6211.4,A
POL,EMDE,P5L,GF04,2023,82062.39,A
POL,EMDE,P5L,GF05,2023,7414.23,A
POL,EMDE,P5L,GF06,2023,1360.25,A
POL,EMDE,P5L,GF07,2023,12687.85,A
POL,EMDE,P5L,GF08,2023,13802.54,A
POL,EMDE,P5L,GF09,2023,18432.13,A
POL,EMDE,P5L,GF10,2023,1794.31,A
POL,EMDE,P5L,GF01,2024,3053.46,A
POL,EMDE,P5L,GF02,2024,47263.14,A
POL,EMDE,P5L,GF03,2024,6973.28,A
POL,EMDE,P5L,GF04,2024,67426.9,A
POL,EMDE,P5L,GF05,2024,8486.76,A
POL,EMDE,P5L,GF06,2024,2223.05,A
POL,EMDE,P5L,GF07,2024,10845.8,A
POL,EMDE,P5L,GF08,2024,14006.5,A
POL,EMDE,P5L,GF09,2024,18476.85,A
POL,EMDE,P5L,GF10,2024,1901.84,A
PRT,AE,P5L,GF01,2000,-31.23,A
PRT,AE,P5L,GF02,2000,321.84,A
PRT,AE,P5L,GF03,2000,136.44,A
PRT,AE,P5L,GF04,2000,2815.24,A
PRT,AE,P5L,GF05,2000,417.1,A
PRT,AE,P5L,GF06,2000,654.6,A
PRT,AE,P5L,GF07,2000,312.72,A
PRT,AE,P5L,GF08,2000,353.38,A
PRT,AE,P5L,GF09,2000,557.09,A
PRT,AE,P5L,GF10,2000,146.09,A
PRT,AE,P5L,GF01,2001,416.11,A
PRT,AE,P5L,GF02,2001,152.82,A
PRT,AE,P5L,GF03,2001,119.23,A
PRT,AE,P5L,GF04,2001,3421.26,A
PRT,AE,P5L,GF05,2001,448.43,A
PRT,AE,P5L,GF06,2001,686.62,A
PRT,AE,P5L,GF07,2001,324.52,A
PRT,AE,P5L,GF08,2001,481.44,A
PRT,AE,P5L,GF09,2001,627.21,A
PRT,AE,P5L,GF10,2001,165.17,A
PRT,AE,P5L,GF01,2002,97.62,A
PRT,AE,P5L,GF02,2002,155.0,A
PRT,AE,P5L,GF03,2002,86.58,A
PRT,AE,P5L,GF04,2002,3002.59,A
PRT,AE,P5L,GF05,2002,421.29,A
PRT,AE,P5L,GF06,2002,610.29,A
PRT,AE,P5L,GF07,2002,300.67,A
PRT,AE,P5L,GF08,2002,557.2,A
PRT,AE,P5L,GF09,2002,560.38,A
PRT,AE,P5L,GF10,2002,139.0,A
PRT,AE,P5L,GF01,2003,390.16,A
PRT,AE,P5L,GF02,2003,171.92,A
PRT,AE,P5L,GF03,2003,84.83,A
PRT,AE,P5L,GF04,2003,3408.19,A
PRT,AE,P5L,GF05,2003,394.51,A
PRT,AE,P5L,GF06,2003,537.91,A
PRT,AE,P5L,GF07,2003,318.63,A
PRT,AE,P5L,GF08,2003,539.29,A
PRT,AE,P5L,GF09,2003,494.71,A
PRT,AE,P5L,GF10,2003,111.32,A
PRT,AE,P5L,GF01,2004,523.41,A
PRT,AE,P5L,GF02,2004,289.01,A
PRT,AE,P5L,GF03,2004,92.13,A
PRT,AE,P5L,GF04,2004,3742.06,A
PRT,AE,P5L,GF05,2004,423.12,A
PRT,AE,P5L,GF06,2004,391.7,A
PRT,AE,P5L,GF07,2004,443.18,A
PRT,AE,P5L,GF08,2004,533.83,A
PRT,AE,P5L,GF09,2004,558.75,A
PRT,AE,P5L,GF10,2004,84.06,A
PRT,AE,P5L,GF01,2005,362.0,A
PRT,AE,P5L,GF02,2005,321.27,A
PRT,AE,P5L,GF03,2005,92.52,A
PRT,AE,P5L,GF04,2005,3217.69,A
PRT,AE,P5L,GF05,2005,435.18,A
PRT,AE,P5L,GF06,2005,349.83,A
PRT,AE,P5L,GF07,2005,343.11,A
PRT,AE,P5L,GF08,2005,609.1,A
PRT,AE,P5L,GF09,2005,667.66,A
PRT,AE,P5L,GF10,2005,107.51,A
PRT,AE,P5L,GF01,2006,382.93,A
PRT,AE,P5L,GF02,2006,365.31,A
PRT,AE,P5L,GF03,2006,9.56,A
PRT,AE,P5L,GF04,2006,2655.92,A
PRT,AE,P5L,GF05,2006,418.79,A
PRT,AE,P5L,GF06,2006,356.99,A
PRT,AE,P5L,GF07,2006,403.11,A
PRT,AE,P5L,GF08,2006,535.25,A
PRT,AE,P5L,GF09,2006,527.17,A
PRT,AE,P5L,GF10,2006,80.3,A
PRT,AE,P5L,GF01,2007,654.3,A
PRT,AE,P5L,GF02,2007,161.04,A
PRT,AE,P5L,GF03,2007,56.22,A
PRT,AE,P5L,GF04,2007,2399.95,A
PRT,AE,P5L,GF05,2007,411.61,A
PRT,AE,P5L,GF06,2007,330.74,A
PRT,AE,P5L,GF07,2007,467.93,A
PRT,AE,P5L,GF08,2007,553.05,A
PRT,AE,P5L,GF09,2007,498.54,A
PRT,AE,P5L,GF10,2007,47.11,A
PRT,AE,P5L,GF01,2008,889.48,A
PRT,AE,P5L,GF02,2008,268.29,A
PRT,AE,P5L,GF03,2008,-26.78,A
PRT,AE,P5L,GF04,2008,1291.9,A
PRT,AE,P5L,GF05,2008,452.86,A
PRT,AE,P5L,GF06,2008,325.95,A
PRT,AE,P5L,GF07,2008,521.82,A
PRT,AE,P5L,GF08,2008,634.43,A
PRT,AE,P5L,GF09,2008,592.17,A
PRT,AE,P5L,GF10,2008,125.31,A
PRT,AE,P5L,GF01,2009,785.22,A
PRT,AE,P5L,GF02,2009,538.35,A
PRT,AE,P5L,GF03,2009,54.54,A
PRT,AE,P5L,GF04,2009,3229.39,A
PRT,AE,P5L,GF05,2009,316.27,A
PRT,AE,P5L,GF06,2009,320.01,A
PRT,AE,P5L,GF07,2009,513.93,A
PRT,AE,P5L,GF08,2009,663.59,A
PRT,AE,P5L,GF09,2009,941.52,A
PRT,AE,P5L,GF10,2009,88.44,A
PRT,AE,P5L,GF01,2010,669.26,A
PRT,AE,P5L,GF02,2010,1363.1,A
PRT,AE,P5L,GF03,2010,90.01,A
PRT,AE,P5L,GF04,2010,3983.34,A
PRT,AE,P5L,GF05,2010,450.44,A
PRT,AE,P5L,GF06,2010,334.67,A
PRT,AE,P5L,GF07,2010,693.86,A
PRT,AE,P5L,GF08,2010,564.64,A
PRT,AE,P5L,GF09,2010,1398.26,A
PRT,AE,P5L,GF10,2010,66.61,A
PRT,AE,P5L,GF01,2011,660.89,A
PRT,AE,P5L,GF02,2011,253.56,A
PRT,AE,P5L,GF03,2011,54.96,A
PRT,AE,P5L,GF04,2011,2518.56,A
PRT,AE,P5L,GF05,2011,401.49,A
PRT,AE,P5L,GF06,2011,161.54,A
PRT,AE,P5L,GF07,2011,599.83,A
PRT,AE,P5L,GF08,2011,490.3,A
PRT,AE,P5L,GF09,2011,910.38,A
PRT,AE,P5L,GF10,2011,66.35,A
PRT,AE,P5L,GF01,2012,722.23,A
PRT,AE,P5L,GF02,2012,148.12,A
PRT,AE,P5L,GF03,2012,105.88,A
PRT,AE,P5L,GF04,2012,1273.33,A
PRT,AE,P5L,GF05,2012,277.62,A
PRT,AE,P5L,GF06,2012,218.09,A
PRT,AE,P5L,GF07,2012,384.54,A
PRT,AE,P5L,GF08,2012,463.72,A
PRT,AE,P5L,GF09,2012,658.7,A
PRT,AE,P5L,GF10,2012,60.93,A
PRT,AE,P5L,GF01,2013,571.1,A
PRT,AE,P5L,GF02,2013,122.1,A
PRT,AE,P5L,GF03,2013,127.55,A
PRT,AE,P5L,GF04,2013,1237.79,A
PRT,AE,P5L,GF05,2013,293.57,A
PRT,AE,P5L,GF06,2013,301.47,A
PRT,AE,P5L,GF07,2013,313.37,A
PRT,AE,P5L,GF08,2013,458.32,A
PRT,AE,P5L,GF09,2013,377.0,A
PRT,AE,P5L,GF10,2013,65.85,A
PRT,AE,P5L,GF01,2014,587.46,A
PRT,AE,P5L,GF02,2014,89.27,A
PRT,AE,P5L,GF03,2014,69.72,A
PRT,AE,P5L,GF04,2014,1185.13,A
PRT,AE,P5L,GF05,2014,256.79,A
PRT,AE,P5L,GF06,2014,291.47,A
PRT,AE,P5L,GF07,2014,316.9,A
PRT,AE,P5L,GF08,2014,317.87,A
PRT,AE,P5L,GF09,2014,344.43,A
PRT,AE,P5L,GF10,2014,71.38,A
PRT,AE,P5L,GF01,2015,703.13,A
PRT,AE,P5L,GF02,2015,145.86,A
PRT,AE,P5L,GF03,2015,97.68,A
PRT,AE,P5L,GF04,2015,1451.62,A
PRT,AE,P5L,GF05,2015,315.42,A
PRT,AE,P5L,GF06,2015,274.57,A
PRT,AE,P5L,GF07,2015,443.31,A
PRT,AE,P5L,GF08,2015,282.09,A
PRT,AE,P5L,GF09,2015,444.33,A
PRT,AE,P5L,GF10,2015,67.81,A
PRT,AE,P5L,GF01,2016,656.91,A
PRT,AE,P5L,GF02,2016,-13.12,A
PRT,AE,P5L,GF03,2016,66.63,A
PRT,AE,P5L,GF04,2016,940.87,A
PRT,AE,P5L,GF05,2016,244.5,A
PRT,AE,P5L,GF06,2016,130.16,A
PRT,AE,P5L,GF07,2016,284.53,A
PRT,AE,P5L,GF08,2016,333.7,A
PRT,AE,P5L,GF09,2016,229.48,A
PRT,AE,P5L,GF10,2016,25.07,A
PRT,AE,P5L,GF01,2017,732.38,A
PRT,AE,P5L,GF02,2017,69.52,A
PRT,AE,P5L,GF03,2017,61.52,A
PRT,AE,P5L,GF04,2017,1091.55,A
PRT,AE,P5L,GF05,2017,289.85,A
PRT,AE,P5L,GF06,2017,188.4,A
PRT,AE,P5L,GF07,2017,311.34,A
PRT,AE,P5L,GF08,2017,394.63,A
PRT,AE,P5L,GF09,2017,264.07,A
PRT,AE,P5L,GF10,2017,82.03,A
PRT,AE,P5L,GF01,2018,536.05,A
PRT,AE,P5L,GF02,2018,229.1,A
PRT,AE,P5L,GF03,2018,172.79,A
PRT,AE,P5L,GF04,2018,1256.66,A
PRT,AE,P5L,GF05,2018,219.99,A
PRT,AE,P5L,GF06,2018,177.64,A
PRT,AE,P5L,GF07,2018,432.6,A
PRT,AE,P5L,GF08,2018,439.49,A
PRT,AE,P5L,GF09,2018,261.35,A
PRT,AE,P5L,GF10,2018,132.88,A
PRT,AE,P5L,GF01,2019,362.02,A
PRT,AE,P5L,GF02,2019,221.51,A
PRT,AE,P5L,GF03,2019,202.07,A
PRT,AE,P5L,GF04,2019,1228.15,A
PRT,AE,P5L,GF05,2019,268.23,A
PRT,AE,P5L,GF06,2019,161.89,A
PRT,AE,P5L,GF07,2019,451.18,A
PRT,AE,P5L,GF08,2019,486.62,A
PRT,AE,P5L,GF09,2019,307.81,A
PRT,AE,P5L,GF10,2019,94.9,A
PRT,AE,P5L,GF01,2020,653.74,A
PRT,AE,P5L,GF02,2020,167.6,A
PRT,AE,P5L,GF03,2020,261.83,A
PRT,AE,P5L,GF04,2020,1427.88,A
PRT,AE,P5L,GF05,2020,299.38,A
PRT,AE,P5L,GF06,2020,261.29,A
PRT,AE,P5L,GF07,2020,709.73,A
PRT,AE,P5L,GF08,2020,541.03,A
PRT,AE,P5L,GF09,2020,308.2,A
PRT,AE,P5L,GF10,2020,155.7,A
PRT,AE,P5L,GF01,2021,663.12,A
PRT,AE,P5L,GF02,2021,213.04,A
PRT,AE,P5L,GF03,2021,254.17,A
PRT,AE,P5L,GF04,2021,1826.77,A
PRT,AE,P5L,GF05,2021,308.32,A
PRT,AE,P5L,GF06,2021,312.97,A
PRT,AE,P5L,GF07,2021,631.47,A
PRT,AE,P5L,GF08,2021,703.09,A
PRT,AE,P5L,GF09,2021,510.21,A
PRT,AE,P5L,GF10,2021,193.3,A
PRT,AE,P5L,GF01,2022,688.0,A
PRT,AE,P5L,GF02,2022,221.79,A
PRT,AE,P5L,GF03,2022,222.13,A
PRT,AE,P5L,GF04,2022,2041.78,A
PRT,AE,P5L,GF05,2022,299.41,A
PRT,AE,P5L,GF06,2022,359.88,A
PRT,AE,P5L,GF07,2022,627.19,A
PRT,AE,P5L,GF08,2022,620.56,A
PRT,AE,P5L,GF09,2022,576.1,A
PRT,AE,P5L,GF10,2022,200.38,A
PRT,AE,P5L,GF01,2023,1099.4,A
PRT,AE,P5L,GF02,2023,386.35,A
PRT,AE,P5L,GF03,2023,264.26,A
PRT,AE,P5L,GF04,2023,2233.44,A
PRT,AE,P5L,GF05,2023,233.14,A
PRT,AE,P5L,GF06,2023,558.5,A
PRT,AE,P5L,GF07,2023,822.42,A
PRT,AE,P5L,GF08,2023,571.28,A
PRT,AE,P5L,GF09,2023,618.55,A
PRT,AE,P5L,GF10,2023,229.08,A
PRT,AE,P5L,GF01,2024,1172.37,P
PRT,AE,P5L,GF02,2024,654.61,P
PRT,AE,P5L,GF03,2024,279.47,P
PRT,AE,P5L,GF04,2024,2499.35,P
PRT,AE,P5L,GF05,2024,257.23,P
PRT,AE,P5L,GF06,2024,580.14,P
PRT,AE,P5L,GF07,2024,1041.53,P
PRT,AE,P5L,GF08,2024,606.54,P
PRT,AE,P5L,GF09,2024,690.03,P
PRT,AE,P5L,GF10,2024,244.03,P
ROU,EMDE,P5L,GF01,2000,205.5,A
ROU,EMDE,P5L,GF02,2000,421.0,A
ROU,EMDE,P5L,GF03,2000,450.4,A
ROU,EMDE,P5L,GF04,2000,921.1,A
ROU,EMDE,P5L,GF05,2000,159.6,A
ROU,EMDE,P5L,GF06,2000,218.3,A
ROU,EMDE,P5L,GF07,2000,487.8,A
ROU,EMDE,P5L,GF08,2000,50.8,A
ROU,EMDE,P5L,GF09,2000,232.3,A
ROU,EMDE,P5L,GF10,2000,33.1,A
ROU,EMDE,P5L,GF01,2001,189.9,A
ROU,EMDE,P5L,GF02,2001,448.4,A
ROU,EMDE,P5L,GF03,2001,230.8,A
ROU,EMDE,P5L,GF04,2001,1233.9,A
ROU,EMDE,P5L,GF05,2001,110.6,A
ROU,EMDE,P5L,GF06,2001,328.2,A
ROU,EMDE,P5L,GF07,2001,567.6,A
ROU,EMDE,P5L,GF08,2001,71.3,A
ROU,EMDE,P5L,GF09,2001,429.2,A
ROU,EMDE,P5L,GF10,2001,68.3,A
ROU,EMDE,P5L,GF01,2002,364.6,A
ROU,EMDE,P5L,GF02,2002,502.9,A
ROU,EMDE,P5L,GF03,2002,461.6,A
ROU,EMDE,P5L,GF04,2002,1260.2,A
ROU,EMDE,P5L,GF05,2002,130.6,A
ROU,EMDE,P5L,GF06,2002,761.6,A
ROU,EMDE,P5L,GF07,2002,613.6,A
ROU,EMDE,P5L,GF08,2002,117.5,A
ROU,EMDE,P5L,GF09,2002,760.1,A
ROU,EMDE,P5L,GF10,2002,95.2,A
ROU,EMDE,P5L,GF01,2003,497.5,A
ROU,EMDE,P5L,GF02,2003,630.5,A
ROU,EMDE,P5L,GF03,2003,576.0,A
ROU,EMDE,P5L,GF04,2003,1860.3,A
ROU,EMDE,P5L,GF05,2003,88.7,A
ROU,EMDE,P5L,GF06,2003,1704.7,A
ROU,EMDE,P5L,GF07,2003,752.4,A
ROU,EMDE,P5L,GF08,2003,182.9,A
ROU,EMDE,P5L,GF09,2003,692.9,A
ROU,EMDE,P5L,GF10,2003,124.3,A
ROU,EMDE,P5L,GF01,2004,422.3,A
ROU,EMDE,P5L,GF02,2004,676.6,A
ROU,EMDE,P5L,GF03,2004,771.0,A
ROU,EMDE,P5L,GF04,2004,1693.8,A
ROU,EMDE,P5L,GF05,2004,70.7,A
ROU,EMDE,P5L,GF06,2004,2001.1,A
ROU,EMDE,P5L,GF07,2004,477.5,A
ROU,EMDE,P5L,GF08,2004,137.1,A
ROU,EMDE,P5L,GF09,2004,505.1,A
ROU,EMDE,P5L,GF10,2004,107.1,A
ROU,EMDE,P5L,GF01,2005,1259.3,A
ROU,EMDE,P5L,GF02,2005,672.6,A
ROU,EMDE,P5L,GF03,2005,626.9,A
ROU,EMDE,P5L,GF04,2005,2912.5,A
ROU,EMDE,P5L,GF05,2005,132.5,A
ROU,EMDE,P5L,GF06,2005,1632.7,A
ROU,EMDE,P5L,GF07,2005,229.1,A
ROU,EMDE,P5L,GF08,2005,101.5,A
ROU,EMDE,P5L,GF09,2005,606.3,A
ROU,EMDE,P5L,GF10,2005,82.0,A
ROU,EMDE,P5L,GF01,2006,744.7,A
ROU,EMDE,P5L,GF02,2006,1424.3,A
ROU,EMDE,P5L,GF03,2006,1283.1,A
ROU,EMDE,P5L,GF04,2006,7801.0,A
ROU,EMDE,P5L,GF05,2006,325.9,A
ROU,EMDE,P5L,GF06,2006,2766.8,A
ROU,EMDE,P5L,GF07,2006,517.2,A
ROU,EMDE,P5L,GF08,2006,441.3,A
ROU,EMDE,P5L,GF09,2006,2538.0,A
ROU,EMDE,P5L,GF10,2006,143.9,A
ROU,EMDE,P5L,GF01,2007,948.2,A
ROU,EMDE,P5L,GF02,2007,880.3,A
ROU,EMDE,P5L,GF03,2007,537.9,A
ROU,EMDE,P5L,GF04,2007,13719.1,A
ROU,EMDE,P5L,GF05,2007,682.9,A
ROU,EMDE,P5L,GF06,2007,3534.4,A
ROU,EMDE,P5L,GF07,2007,1237.0,A
ROU,EMDE,P5L,GF08,2007,871.5,A
ROU,EMDE,P5L,GF09,2007,4018.0,A
ROU,EMDE,P5L,GF10,2007,210.8,A
ROU,EMDE,P5L,GF01,2008,1694.4,A
ROU,EMDE,P5L,GF02,2008,575.4,A
ROU,EMDE,P5L,GF03,2008,707.9,A
ROU,EMDE,P5L,GF04,2008,18952.5,A
ROU,EMDE,P5L,GF05,2008,977.6,A
ROU,EMDE,P5L,GF06,2008,3938.8,A
ROU,EMDE,P5L,GF07,2008,1336.6,A
ROU,EMDE,P5L,GF08,2008,1226.0,A
ROU,EMDE,P5L,GF09,2008,5606.8,A
ROU,EMDE,P5L,GF10,2008,237.9,A
ROU,EMDE,P5L,GF01,2009,1306.1,A
ROU,EMDE,P5L,GF02,2009,438.5,A
ROU,EMDE,P5L,GF03,2009,576.0,A
ROU,EMDE,P5L,GF04,2009,17695.5,A
ROU,EMDE,P5L,GF05,2009,1351.5,A
ROU,EMDE,P5L,GF06,2009,3761.7,A
ROU,EMDE,P5L,GF07,2009,1076.0,A
ROU,EMDE,P5L,GF08,2009,1210.7,A
ROU,EMDE,P5L,GF09,2009,2992.3,A
ROU,EMDE,P5L,GF10,2009,279.4,A
ROU,EMDE,P5L,GF01,2010,1109.4,A
ROU,EMDE,P5L,GF02,2010,611.0,A
ROU,EMDE,P5L,GF03,2010,1173.6,A
ROU,EMDE,P5L,GF04,2010,16581.6,A
ROU,EMDE,P5L,GF05,2010,2110.6,A
ROU,EMDE,P5L,GF06,2010,3342.5,A
ROU,EMDE,P5L,GF07,2010,1128.0,A
ROU,EMDE,P5L,GF08,2010,1382.0,A
ROU,EMDE,P5L,GF09,2010,2586.7,A
ROU,EMDE,P5L,GF10,2010,436.1,A
ROU,EMDE,P5L,GF01,2011,947.1,A
ROU,EMDE,P5L,GF02,2011,639.6,A
ROU,EMDE,P5L,GF03,2011,1144.0,A
ROU,EMDE,P5L,GF04,2011,15595.9,A
ROU,EMDE,P5L,GF05,2011,2847.6,A
ROU,EMDE,P5L,GF06,2011,3384.0,A
ROU,EMDE,P5L,GF07,2011,1443.9,A
ROU,EMDE,P5L,GF08,2011,1615.0,A
ROU,EMDE,P5L,GF09,2011,2188.1,A
ROU,EMDE,P5L,GF10,2011,418.6,A
ROU,EMDE,P5L,GF01,2012,810.1,A
ROU,EMDE,P5L,GF02,2012,434.5,A
ROU,EMDE,P5L,GF03,2012,709.0,A
ROU,EMDE,P5L,GF04,2012,16652.3,A
ROU,EMDE,P5L,GF05,2012,2080.9,A
ROU,EMDE,P5L,GF06,2012,3375.0,A
ROU,EMDE,P5L,GF07,2012,1438.2,A
ROU,EMDE,P5L,GF08,2012,1436.6,A
ROU,EMDE,P5L,GF09,2012,1729.8,A
ROU,EMDE,P5L,GF10,2012,392.4,A
ROU,EMDE,P5L,GF01,2013,1142.3,A
ROU,EMDE,P5L,GF02,2013,354.2,A
ROU,EMDE,P5L,GF03,2013,745.2,A
ROU,EMDE,P5L,GF04,2013,16601.9,A
ROU,EMDE,P5L,GF05,2013,2105.1,A
ROU,EMDE,P5L,GF06,2013,3276.1,A
ROU,EMDE,P5L,GF07,2013,1105.5,A
ROU,EMDE,P5L,GF08,2013,1082.1,A
ROU,EMDE,P5L,GF09,2013,1586.3,A
ROU,EMDE,P5L,GF10,2013,400.2,A
ROU,EMDE,P5L,GF01,2014,1468.7,A
ROU,EMDE,P5L,GF02,2014,916.0,A
ROU,EMDE,P5L,GF03,2014,415.1,A
ROU,EMDE,P5L,GF04,2014,15797.8,A
ROU,EMDE,P5L,GF05,2014,2528.6,A
ROU,EMDE,P5L,GF06,2014,4285.1,A
ROU,EMDE,P5L,GF07,2014,1295.6,A
ROU,EMDE,P5L,GF08,2014,1193.4,A
ROU,EMDE,P5L,GF09,2014,1835.9,A
ROU,EMDE,P5L,GF10,2014,266.5,A
ROU,EMDE,P5L,GF01,2015,1717.1,A
ROU,EMDE,P5L,GF02,2015,1301.9,A
ROU,EMDE,P5L,GF03,2015,1136.6,A
ROU,EMDE,P5L,GF04,2015,16916.8,A
ROU,EMDE,P5L,GF05,2015,3067.3,A
ROU,EMDE,P5L,GF06,2015,5536.0,A
ROU,EMDE,P5L,GF07,2015,2180.1,A
ROU,EMDE,P5L,GF08,2015,1744.0,A
ROU,EMDE,P5L,GF09,2015,3237.8,A
ROU,EMDE,P5L,GF10,2015,392.2,A
ROU,EMDE,P5L,GF01,2016,1360.7,A
ROU,EMDE,P5L,GF02,2016,2555.3,A
ROU,EMDE,P5L,GF03,2016,796.8,A
ROU,EMDE,P5L,GF04,2016,13588.1,A
ROU,EMDE,P5L,GF05,2016,1619.8,A
ROU,EMDE,P5L,GF06,2016,3545.7,A
ROU,EMDE,P5L,GF07,2016,1184.8,A
ROU,EMDE,P5L,GF08,2016,869.9,A
ROU,EMDE,P5L,GF09,2016,1652.6,A
ROU,EMDE,P5L,GF10,2016,163.3,A
ROU,EMDE,P5L,GF01,2017,1050.1,A
ROU,EMDE,P5L,GF02,2017,2306.5,A
ROU,EMDE,P5L,GF03,2017,624.2,A
ROU,EMDE,P5L,GF04,2017,11169.8,A
ROU,EMDE,P5L,GF05,2017,1163.6,A
ROU,EMDE,P5L,GF06,2017,2716.0,A
ROU,EMDE,P5L,GF07,2017,981.9,A
ROU,EMDE,P5L,GF08,2017,858.3,A
ROU,EMDE,P5L,GF09,2017,1454.8,A
ROU,EMDE,P5L,GF10,2017,45.9,A
ROU,EMDE,P5L,GF01,2018,1519.2,A
ROU,EMDE,P5L,GF02,2018,1389.0,A
ROU,EMDE,P5L,GF03,2018,590.0,A
ROU,EMDE,P5L,GF04,2018,11681.8,A
ROU,EMDE,P5L,GF05,2018,1374.9,A
ROU,EMDE,P5L,GF06,2018,3515.3,A
ROU,EMDE,P5L,GF07,2018,1210.9,A
ROU,EMDE,P5L,GF08,2018,1101.0,A
ROU,EMDE,P5L,GF09,2018,1653.6,A
ROU,EMDE,P5L,GF10,2018,245.0,A
ROU,EMDE,P5L,GF01,2019,1635.8,A
ROU,EMDE,P5L,GF02,2019,2362.8,A
ROU,EMDE,P5L,GF03,2019,530.0,A
ROU,EMDE,P5L,GF04,2019,17057.8,A
ROU,EMDE,P5L,GF05,2019,2098.4,A
ROU,EMDE,P5L,GF06,2019,5796.4,A
ROU,EMDE,P5L,GF07,2019,2448.1,A
ROU,EMDE,P5L,GF08,2019,1463.9,A
ROU,EMDE,P5L,GF09,2019,2626.8,A
ROU,EMDE,P5L,GF10,2019,309.8,A
ROU,EMDE,P5L,GF01,2020,1687.2,A
ROU,EMDE,P5L,GF02,2020,7865.4,A
ROU,EMDE,P5L,GF03,2020,427.5,A
ROU,EMDE,P5L,GF04,2020,21538.8,A
ROU,EMDE,P5L,GF05,2020,2064.8,A
ROU,EMDE,P5L,GF06,2020,6018.2,A
ROU,EMDE,P5L,GF07,2020,2757.6,A
ROU,EMDE,P5L,GF08,2020,1941.0,A
ROU,EMDE,P5L,GF09,2020,3025.3,A
ROU,EMDE,P5L,GF10,2020,460.9,A
ROU,EMDE,P5L,GF01,2021,1876.6,A
ROU,EMDE,P5L,GF02,2021,5015.4,A
ROU,EMDE,P5L,GF03,2021,146.7,A
ROU,EMDE,P5L,GF04,2021,23440.5,A
ROU,EMDE,P5L,GF05,2021,2132.7,A
ROU,EMDE,P5L,GF06,2021,7218.6,A
ROU,EMDE,P5L,GF07,2021,2367.4,A
ROU,EMDE,P5L,GF08,2021,1748.2,A
ROU,EMDE,P5L,GF09,2021,3494.4,A
ROU,EMDE,P5L,GF10,2021,598.3,A
ROU,EMDE,P5L,GF01,2022,2951.6,A
ROU,EMDE,P5L,GF02,2022,5349.4,A
ROU,EMDE,P5L,GF03,2022,1511.7,A
ROU,EMDE,P5L,GF04,2022,27948.6,A
ROU,EMDE,P5L,GF05,2022,1955.4,A
ROU,EMDE,P5L,GF06,2022,9369.7,A
ROU,EMDE,P5L,GF07,2022,3488.8,A
ROU,EMDE,P5L,GF08,2022,2190.3,A
ROU,EMDE,P5L,GF09,2022,5022.9,A
ROU,EMDE,P5L,GF10,2022,685.1,A
ROU,EMDE,P5L,GF01,2023,2484.1,A
ROU,EMDE,P5L,GF02,2023,4303.7,A
ROU,EMDE,P5L,GF03,2023,5238.6,A
ROU,EMDE,P5L,GF04,2023,41612.4,A
ROU,EMDE,P5L,GF05,2023,2776.1,A
ROU,EMDE,P5L,GF06,2023,15099.4,A
ROU,EMDE,P5L,GF07,2023,4065.5,A
ROU,EMDE,P5L,GF08,2023,3021.2,A
ROU,EMDE,P5L,GF09,2023,6984.9,A
ROU,EMDE,P5L,GF10,2023,714.0,A
ROU,EMDE,P5L,GF01,2024,2844.6,A
ROU,EMDE,P5L,GF02,2024,9178.5,A
ROU,EMDE,P5L,GF03,2024,2745.4,A
ROU,EMDE,P5L,GF04,2024,52842.3,A
ROU,EMDE,P5L,GF05,2024,3760.0,A
ROU,EMDE,P5L,GF06,2024,17124.2,A
ROU,EMDE,P5L,GF07,2024,4383.9,A
ROU,EMDE,P5L,GF08,2024,3177.6,A
ROU,EMDE,P5L,GF09,2024,8286.1,A
ROU,EMDE,P5L,GF10,2024,836.9,A
SVK,AE,P5L,GF01,2000,109.64,A
SVK,AE,P5L,GF02,2000,16.91,A
SVK,AE,P5L,GF03,2000,218.88,A
SVK,AE,P5L,GF04,2000,393.93,A
SVK,AE,P5L,GF05,2000,33.34,A
SVK,AE,P5L,GF06,2000,48.71,A
SVK,AE,P5L,GF07,2000,116.23,A
SVK,AE,P5L,GF08,2000,63.57,A
SVK,AE,P5L,GF09,2000,104.66,A
SVK,AE,P5L,GF10,2000,31.98,A
SVK,AE,P5L,GF01,2001,153.97,A
SVK,AE,P5L,GF02,2001,19.2,A
SVK,AE,P5L,GF03,2001,271.84,A
SVK,AE,P5L,GF04,2001,471.08,A
SVK,AE,P5L,GF05,2001,40.55,A
SVK,AE,P5L,GF06,2001,57.99,A
SVK,AE,P5L,GF07,2001,137.94,A
SVK,AE,P5L,GF08,2001,77.94,A
SVK,AE,P5L,GF09,2001,127.78,A
SVK,AE,P5L,GF10,2001,34.5,A
SVK,AE,P5L,GF01,2002,162.19,A
SVK,AE,P5L,GF02,2002,17.88,A
SVK,AE,P5L,GF03,2002,259.82,A
SVK,AE,P5L,GF04,2002,534.35,A
SVK,AE,P5L,GF05,2002,65.9,A
SVK,AE,P5L,GF06,2002,112.67,A
SVK,AE,P5L,GF07,2002,136.56,A
SVK,AE,P5L,GF08,2002,92.45,A
SVK,AE,P5L,GF09,2002,139.84,A
SVK,AE,P5L,GF10,2002,42.46,A
SVK,AE,P5L,GF01,2003,84.95,A
SVK,AE,P5L,GF02,2003,12.88,A
SVK,AE,P5L,GF03,2003,156.93,A
SVK,AE,P5L,GF04,2003,496.85,A
SVK,AE,P5L,GF05,2003,131.09,A
SVK,AE,P5L,GF06,2003,92.46,A
SVK,AE,P5L,GF07,2003,104.63,A
SVK,AE,P5L,GF08,2003,69.09,A
SVK,AE,P5L,GF09,2003,91.99,A
SVK,AE,P5L,GF10,2003,55.11,A
SVK,AE,P5L,GF01,2004,93.27,A
SVK,AE,P5L,GF02,2004,14.14,A
SVK,AE,P5L,GF03,2004,169.48,A
SVK,AE,P5L,GF04,2004,524.63,A
SVK,AE,P5L,GF05,2004,137.16,A
SVK,AE,P5L,GF06,2004,90.42,A
SVK,AE,P5L,GF07,2004,119.79,A
SVK,AE,P5L,GF08,2004,71.73,A
SVK,AE,P5L,GF09,2004,96.91,A
SVK,AE,P5L,GF10,2004,41.97,A
SVK,AE,P5L,GF01,2005,137.32,A
SVK,AE,P5L,GF02,2005,16.11,A
SVK,AE,P5L,GF03,2005,200.89,A
SVK,AE,P5L,GF04,2005,679.2,A
SVK,AE,P5L,GF05,2005,182.79,A
SVK,AE,P5L,GF06,2005,149.4,A
SVK,AE,P5L,GF07,2005,137.54,A
SVK,AE,P5L,GF08,2005,98.35,A
SVK,AE,P5L,GF09,2005,126.66,A
SVK,AE,P5L,GF10,2005,54.89,A
SVK,AE,P5L,GF01,2006,178.23,A
SVK,AE,P5L,GF02,2006,21.06,A
SVK,AE,P5L,GF03,2006,239.1,A
SVK,AE,P5L,GF04,2006,763.77,A
SVK,AE,P5L,GF05,2006,192.78,A
SVK,AE,P5L,GF06,2006,217.79,A
SVK,AE,P5L,GF07,2006,158.26,A
SVK,AE,P5L,GF08,2006,116.99,A
SVK,AE,P5L,GF09,2006,168.63,A
SVK,AE,P5L,GF10,2006,57.03,A
SVK,AE,P5L,GF01,2007,91.48,A
SVK,AE,P5L,GF02,2007,47.52,A
SVK,AE,P5L,GF03,2007,334.19,A
SVK,AE,P5L,GF04,2007,786.64,A
SVK,AE,P5L,GF05,2007,74.44,A
SVK,AE,P5L,GF06,2007,229.36,A
SVK,AE,P5L,GF07,2007,132.58,A
SVK,AE,P5L,GF08,2007,106.99,A
SVK,AE,P5L,GF09,2007,165.43,A
SVK,AE,P5L,GF10,2007,39.77,A
SVK,AE,P5L,GF01,2008,158.75,A
SVK,AE,P5L,GF02,2008,24.54,A
SVK,AE,P5L,GF03,2008,390.29,A
SVK,AE,P5L,GF04,2008,759.66,A
SVK,AE,P5L,GF05,2008,76.22,A
SVK,AE,P5L,GF06,2008,212.05,A
SVK,AE,P5L,GF07,2008,194.69,A
SVK,AE,P5L,GF08,2008,154.02,A
SVK,AE,P5L,GF09,2008,232.69,A
SVK,AE,P5L,GF10,2008,59.31,A
SVK,AE,P5L,GF01,2009,388.59,A
SVK,AE,P5L,GF02,2009,26.63,A
SVK,AE,P5L,GF03,2009,426.22,A
SVK,AE,P5L,GF04,2009,610.97,A
SVK,AE,P5L,GF05,2009,71.57,A
SVK,AE,P5L,GF06,2009,248.54,A
SVK,AE,P5L,GF07,2009,179.48,A
SVK,AE,P5L,GF08,2009,203.3,A
SVK,AE,P5L,GF09,2009,388.46,A
SVK,AE,P5L,GF10,2009,54.21,A
SVK,AE,P5L,GF01,2010,377.97,P
SVK,AE,P5L,GF02,2010,68.64,P
SVK,AE,P5L,GF03,2010,184.66,P
SVK,AE,P5L,GF04,2010,834.56,P
SVK,AE,P5L,GF05,2010,103.77,P
SVK,AE,P5L,GF06,2010,293.57,P
SVK,AE,P5L,GF07,2010,145.83,P
SVK,AE,P5L,GF08,2010,238.1,P
SVK,AE,P5L,GF09,2010,361.5,P
SVK,AE,P5L,GF10,2010,25.53,P
SVK,AE,P5L,GF01,2011,328.21,P
SVK,AE,P5L,GF02,2011,25.2,P
SVK,AE,P5L,GF03,2011,142.17,P
SVK,AE,P5L,GF04,2011,1260.71,P
SVK,AE,P5L,GF05,2011,133.56,P
SVK,AE,P5L,GF06,2011,302.0,P
SVK,AE,P5L,GF07,2011,144.67,P
SVK,AE,P5L,GF08,2011,117.09,P
SVK,AE,P5L,GF09,2011,224.86,P
SVK,AE,P5L,GF10,2011,36.7,P
SVK,AE,P5L,GF01,2012,458.54,P
SVK,AE,P5L,GF02,2012,53.77,P
SVK,AE,P5L,GF03,2012,173.1,P
SVK,AE,P5L,GF04,2012,954.64,P
SVK,AE,P5L,GF05,2012,135.98,P
SVK,AE,P5L,GF06,2012,235.26,P
SVK,AE,P5L,GF07,2012,143.47,P
SVK,AE,P5L,GF08,2012,120.14,P
SVK,AE,P5L,GF09,2012,142.33,P
SVK,AE,P5L,GF10,2012,41.83,P
SVK,AE,P5L,GF01,2013,512.42,P
SVK,AE,P5L,GF02,2013,49.2,P
SVK,AE,P5L,GF03,2013,292.41,P
SVK,AE,P5L,GF04,2013,990.79,P
SVK,AE,P5L,GF05,2013,128.65,P
SVK,AE,P5L,GF06,2013,189.68,P
SVK,AE,P5L,GF07,2013,102.91,P
SVK,AE,P5L,GF08,2013,150.05,P
SVK,AE,P5L,GF09,2013,161.7,P
SVK,AE,P5L,GF10,2013,34.12,P
SVK,AE,P5L,GF01,2014,186.68,P
SVK,AE,P5L,GF02,2014,539.89,P
SVK,AE,P5L,GF03,2014,158.23,P
SVK,AE,P5L,GF04,2014,1763.95,P
SVK,AE,P5L,GF05,2014,93.07,P
SVK,AE,P5L,GF06,2014,160.32,P
SVK,AE,P5L,GF07,2014,93.62,P
SVK,AE,P5L,GF08,2014,100.24,P
SVK,AE,P5L,GF09,2014,119.67,P
SVK,AE,P5L,GF10,2014,35.39,P
SVK,AE,P5L,GF01,2015,873.53,P
SVK,AE,P5L,GF02,2015,112.6,P
SVK,AE,P5L,GF03,2015,488.75,P
SVK,AE,P5L,GF04,2015,2916.1,P
SVK,AE,P5L,GF05,2015,180.6,P
SVK,AE,P5L,GF06,2015,273.45,P
SVK,AE,P5L,GF07,2015,110.42,P
SVK,AE,P5L,GF08,2015,144.77,P
SVK,AE,P5L,GF09,2015,184.0,P
SVK,AE,P5L,GF10,2015,37.48,P
SVK,AE,P5L,GF01,2016,322.14,P
SVK,AE,P5L,GF02,2016,117.96,P
SVK,AE,P5L,GF03,2016,484.24,P
SVK,AE,P5L,GF04,2016,1531.59,P
SVK,AE,P5L,GF05,2016,61.57,P
SVK,AE,P5L,GF06,2016,115.81,P
SVK,AE,P5L,GF07,2016,104.33,P
SVK,AE,P5L,GF08,2016,83.87,P
SVK,AE,P5L,GF09,2016,146.65,P
SVK,AE,P5L,GF10,2016,25.83,P
SVK,AE,P5L,GF01,2017,183.96,P
SVK,AE,P5L,GF02,2017,605.98,P
SVK,AE,P5L,GF03,2017,111.67,P
SVK,AE,P5L,GF04,2017,1359.01,P
SVK,AE,P5L,GF05,2017,75.59,P
SVK,AE,P5L,GF06,2017,136.29,P
SVK,AE,P5L,GF07,2017,80.74,P
SVK,AE,P5L,GF08,2017,90.1,P
SVK,AE,P5L,GF09,2017,150.88,P
SVK,AE,P5L,GF10,2017,35.38,P
SVK,AE,P5L,GF01,2018,263.56,P
SVK,AE,P5L,GF02,2018,213.54,P
SVK,AE,P5L,GF03,2018,190.87,P
SVK,AE,P5L,GF04,2018,1580.49,P
SVK,AE,P5L,GF05,2018,256.95,P
SVK,AE,P5L,GF06,2018,191.27,P
SVK,AE,P5L,GF07,2018,150.07,P
SVK,AE,P5L,GF08,2018,147.32,P
SVK,AE,P5L,GF09,2018,389.04,P
SVK,AE,P5L,GF10,2018,31.6,P
SVK,AE,P5L,GF01,2019,404.58,P
SVK,AE,P5L,GF02,2019,177.66,P
SVK,AE,P5L,GF03,2019,224.84,P
SVK,AE,P5L,GF04,2019,1352.58,P
SVK,AE,P5L,GF05,2019,201.43,P
SVK,AE,P5L,GF06,2019,199.24,P
SVK,AE,P5L,GF07,2019,251.44,P
SVK,AE,P5L,GF08,2019,159.51,P
SVK,AE,P5L,GF09,2019,462.32,P
SVK,AE,P5L,GF10,2019,33.52,P
SVK,AE,P5L,GF01,2020,302.7,P
SVK,AE,P5L,GF02,2020,131.9,P
SVK,AE,P5L,GF03,2020,172.35,P
SVK,AE,P5L,GF04,2020,1471.05,P
SVK,AE,P5L,GF05,2020,163.49,P
SVK,AE,P5L,GF06,2020,153.82,P
SVK,AE,P5L,GF07,2020,261.71,P
SVK,AE,P5L,GF08,2020,177.47,P
SVK,AE,P5L,GF09,2020,468.4,P
SVK,AE,P5L,GF10,2020,43.63,P
SVK,AE,P5L,GF01,2021,303.32,P
SVK,AE,P5L,GF02,2021,210.33,P
SVK,AE,P5L,GF03,2021,77.98,P
SVK,AE,P5L,GF04,2021,1370.76,P
SVK,AE,P5L,GF05,2021,118.95,P
SVK,AE,P5L,GF06,2021,168.73,P
SVK,AE,P5L,GF07,2021,233.54,P
SVK,AE,P5L,GF08,2021,177.93,P
SVK,AE,P5L,GF09,2021,462.66,P
SVK,AE,P5L,GF10,2021,32.95,P
SVK,AE,P5L,GF01,2022,444.09,P
SVK,AE,P5L,GF02,2022,-134.97,P
SVK,AE,P5L,GF03,2022,147.2,P
SVK,AE,P5L,GF04,2022,1538.42,P
SVK,AE,P5L,GF05,2022,142.22,P
SVK,AE,P5L,GF06,2022,212.56,P
SVK,AE,P5L,GF07,2022,186.33,P
SVK,AE,P5L,GF08,2022,268.07,P
SVK,AE,P5L,GF09,2022,572.01,P
SVK,AE,P5L,GF10,2022,68.74,P
SVK,AE,P5L,GF01,2023,844.13,P
SVK,AE,P5L,GF02,2023,-1293.19,P
SVK,AE,P5L,GF03,2023,304.31,P
SVK,AE,P5L,GF04,2023,2531.1,P
SVK,AE,P5L,GF05,2023,410.19,P
SVK,AE,P5L,GF06,2023,340.21,P
SVK,AE,P5L,GF07,2023,251.48,P
SVK,AE,P5L,GF08,2023,302.35,P
SVK,AE,P5L,GF09,2023,817.52,P
SVK,AE,P5L,GF10,2023,82.23,P
SVK,AE,P5L,GF01,2024,369.79,P
SVK,AE,P5L,GF02,2024,276.53,P
SVK,AE,P5L,GF03,2024,343.79,P
SVK,AE,P5L,GF04,2024,1923.95,P
SVK,AE,P5L,GF05,2024,225.67,P
SVK,AE,P5L,GF06,2024,211.24,P
SVK,AE,P5L,GF07,2024,252.36,P
SVK,AE,P5L,GF08,2024,235.35,P
SVK,AE,P5L,GF09,2024,783.84,P
SVK,AE,P5L,GF10,2024,71.3,P
SVN,AE,P5L,GF01,2000,114.34,A
SVN,AE,P5L,GF02,2000,39.14,A
SVN,AE,P5L,GF03,2000,21.37,A
SVN,AE,P5L,GF04,2000,211.75,A
SVN,AE,P5L,GF05,2000,41.12,A
SVN,AE,P5L,GF06,2000,42.71,A
SVN,AE,P5L,GF07,2000,62.68,A
SVN,AE,P5L,GF08,2000,50.43,A
SVN,AE,P5L,GF09,2000,94.72,A
SVN,AE,P5L,GF10,2000,28.89,A
SVN,AE,P5L,GF01,2001,158.57,A
SVN,AE,P5L,GF02,2001,65.66,A
SVN,AE,P5L,GF03,2001,30.78,A
SVN,AE,P5L,GF04,2001,236.85,A
SVN,AE,P5L,GF05,2001,45.79,A
SVN,AE,P5L,GF06,2001,50.3,A
SVN,AE,P5L,GF07,2001,71.52,A
SVN,AE,P5L,GF08,2001,56.34,A
SVN,AE,P5L,GF09,2001,115.86,A
SVN,AE,P5L,GF10,2001,33.86,A
SVN,AE,P5L,GF01,2002,141.05,A
SVN,AE,P5L,GF02,2002,88.47,A
SVN,AE,P5L,GF03,2002,30.98,A
SVN,AE,P5L,GF04,2002,239.66,A
SVN,AE,P5L,GF05,2002,54.65,A
SVN,AE,P5L,GF06,2002,33.87,A
SVN,AE,P5L,GF07,2002,89.05,A
SVN,AE,P5L,GF08,2002,64.79,A
SVN,AE,P5L,GF09,2002,113.39,A
SVN,AE,P5L,GF10,2002,30.24,A
SVN,AE,P5L,GF01,2003,155.68,A
SVN,AE,P5L,GF02,2003,115.13,A
SVN,AE,P5L,GF03,2003,38.62,A
SVN,AE,P5L,GF04,2003,260.92,A
SVN,AE,P5L,GF05,2003,58.52,A
SVN,AE,P5L,GF06,2003,43.88,A
SVN,AE,P5L,GF07,2003,93.26,A
SVN,AE,P5L,GF08,2003,69.97,A
SVN,AE,P5L,GF09,2003,120.8,A
SVN,AE,P5L,GF10,2003,34.96,A
SVN,AE,P5L,GF01,2004,215.37,A
SVN,AE,P5L,GF02,2004,133.07,A
SVN,AE,P5L,GF03,2004,29.72,A
SVN,AE,P5L,GF04,2004,302.55,A
SVN,AE,P5L,GF05,2004,65.42,A
SVN,AE,P5L,GF06,2004,49.22,A
SVN,AE,P5L,GF07,2004,93.66,A
SVN,AE,P5L,GF08,2004,68.7,A
SVN,AE,P5L,GF09,2004,119.7,A
SVN,AE,P5L,GF10,2004,39.08,A
SVN,AE,P5L,GF01,2005,149.17,A
SVN,AE,P5L,GF02,2005,90.43,A
SVN,AE,P5L,GF03,2005,24.93,A
SVN,AE,P5L,GF04,2005,306.64,A
SVN,AE,P5L,GF05,2005,66.1,A
SVN,AE,P5L,GF06,2005,50.79,A
SVN,AE,P5L,GF07,2005,89.77,A
SVN,AE,P5L,GF08,2005,73.31,A
SVN,AE,P5L,GF09,2005,187.2,A
SVN,AE,P5L,GF10,2005,27.72,A
SVN,AE,P5L,GF01,2006,151.43,A
SVN,AE,P5L,GF02,2006,129.71,A
SVN,AE,P5L,GF03,2006,56.34,A
SVN,AE,P5L,GF04,2006,409.74,A
SVN,AE,P5L,GF05,2006,89.58,A
SVN,AE,P5L,GF06,2006,73.17,A
SVN,AE,P5L,GF07,2006,122.57,A
SVN,AE,P5L,GF08,2006,88.92,A
SVN,AE,P5L,GF09,2006,170.1,A
SVN,AE,P5L,GF10,2006,43.49,A
SVN,AE,P5L,GF01,2007,290.88,A
SVN,AE,P5L,GF02,2007,147.43,A
SVN,AE,P5L,GF03,2007,61.97,A
SVN,AE,P5L,GF04,2007,510.16,A
SVN,AE,P5L,GF05,2007,96.38,A
SVN,AE,P5L,GF06,2007,81.41,A
SVN,AE,P5L,GF07,2007,125.15,A
SVN,AE,P5L,GF08,2007,93.57,A
SVN,AE,P5L,GF09,2007,188.11,A
SVN,AE,P5L,GF10,2007,46.67,A
SVN,AE,P5L,GF01,2008,254.46,A
SVN,AE,P5L,GF02,2008,149.81,A
SVN,AE,P5L,GF03,2008,41.24,A
SVN,AE,P5L,GF04,2008,644.17,A
SVN,AE,P5L,GF05,2008,112.45,A
SVN,AE,P5L,GF06,2008,148.99,A
SVN,AE,P5L,GF07,2008,122.54,A
SVN,AE,P5L,GF08,2008,144.19,A
SVN,AE,P5L,GF09,2008,207.58,A
SVN,AE,P5L,GF10,2008,62.55,A
SVN,AE,P5L,GF01,2009,240.31,A
SVN,AE,P5L,GF02,2009,161.06,A
SVN,AE,P5L,GF03,2009,34.96,A
SVN,AE,P5L,GF04,2009,576.32,A
SVN,AE,P5L,GF05,2009,158.43,A
SVN,AE,P5L,GF06,2009,146.55,A
SVN,AE,P5L,GF07,2009,158.73,A
SVN,AE,P5L,GF08,2009,165.05,A
SVN,AE,P5L,GF09,2009,208.85,A
SVN,AE,P5L,GF10,2009,57.04,A
SVN,AE,P5L,GF01,2010,205.49,A
SVN,AE,P5L,GF02,2010,139.41,A
SVN,AE,P5L,GF03,2010,39.11,A
SVN,AE,P5L,GF04,2010,561.49,A
SVN,AE,P5L,GF05,2010,118.82,A
SVN,AE,P5L,GF06,2010,120.17,A
SVN,AE,P5L,GF07,2010,137.93,A
SVN,AE,P5L,GF08,2010,264.98,A
SVN,AE,P5L,GF09,2010,169.61,A
SVN,AE,P5L,GF10,2010,43.73,A
SVN,AE,P5L,GF01,2011,218.07,A
SVN,AE,P5L,GF02,2011,46.51,A
SVN,AE,P5L,GF03,2011,32.84,A
SVN,AE,P5L,GF04,2011,502.59,A
SVN,AE,P5L,GF05,2011,125.41,A
SVN,AE,P5L,GF06,2011,115.3,A
SVN,AE,P5L,GF07,2011,143.55,A
SVN,AE,P5L,GF08,2011,154.54,A
SVN,AE,P5L,GF09,2011,156.23,A
SVN,AE,P5L,GF10,2011,67.65,A
SVN,AE,P5L,GF01,2012,177.38,A
SVN,AE,P5L,GF02,2012,21.84,A
SVN,AE,P5L,GF03,2012,25.7,A
SVN,AE,P5L,GF04,2012,491.34,A
SVN,AE,P5L,GF05,2012,130.47,A
SVN,AE,P5L,GF06,2012,141.13,A
SVN,AE,P5L,GF07,2012,153.64,A
SVN,AE,P5L,GF08,2012,127.43,A
SVN,AE,P5L,GF09,2012,176.17,A
SVN,AE,P5L,GF10,2012,45.25,A
SVN,AE,P5L,GF01,2013,160.96,A
SVN,AE,P5L,GF02,2013,9.24,A
SVN,AE,P5L,GF03,2013,28.65,A
SVN,AE,P5L,GF04,2013,641.16,A
SVN,AE,P5L,GF05,2013,153.03,A
SVN,AE,P5L,GF06,2013,157.33,A
SVN,AE,P5L,GF07,2013,120.85,A
SVN,AE,P5L,GF08,2013,118.13,A
SVN,AE,P5L,GF09,2013,233.77,A
SVN,AE,P5L,GF10,2013,60.32,A
SVN,AE,P5L,GF01,2014,151.59,A
SVN,AE,P5L,GF02,2014,13.46,A
SVN,AE,P5L,GF03,2014,21.0,A
SVN,AE,P5L,GF04,2014,705.4,A
SVN,AE,P5L,GF05,2014,267.61,A
SVN,AE,P5L,GF06,2014,233.54,A
SVN,AE,P5L,GF07,2014,124.69,A
SVN,AE,P5L,GF08,2014,122.43,A
SVN,AE,P5L,GF09,2014,248.96,A
SVN,AE,P5L,GF10,2014,66.07,A
SVN,AE,P5L,GF01,2015,140.37,A
SVN,AE,P5L,GF02,2015,11.31,A
SVN,AE,P5L,GF03,2015,29.51,A
SVN,AE,P5L,GF04,2015,741.04,A
SVN,AE,P5L,GF05,2015,294.15,A
SVN,AE,P5L,GF06,2015,142.29,A
SVN,AE,P5L,GF07,2015,169.35,A
SVN,AE,P5L,GF08,2015,139.95,A
SVN,AE,P5L,GF09,2015,144.18,A
SVN,AE,P5L,GF10,2015,36.91,A
SVN,AE,P5L,GF01,2016,110.42,A
SVN,AE,P5L,GF02,2016,-4.04,A
SVN,AE,P5L,GF03,2016,54.01,A
SVN,AE,P5L,GF04,2016,608.98,A
SVN,AE,P5L,GF05,2016,117.2,A
SVN,AE,P5L,GF06,2016,79.91,A
SVN,AE,P5L,GF07,2016,135.95,A
SVN,AE,P5L,GF08,2016,66.78,A
SVN,AE,P5L,GF09,2016,133.92,A
SVN,AE,P5L,GF10,2016,27.84,A
SVN,AE,P5L,GF01,2017,186.27,A
SVN,AE,P5L,GF02,2017,31.36,A
SVN,AE,P5L,GF03,2017,49.53,A
SVN,AE,P5L,GF04,2017,514.21,A
SVN,AE,P5L,GF05,2017,74.56,A
SVN,AE,P5L,GF06,2017,123.43,A
SVN,AE,P5L,GF07,2017,129.7,A
SVN,AE,P5L,GF08,2017,80.86,A
SVN,AE,P5L,GF09,2017,132.11,A
SVN,AE,P5L,GF10,2017,38.66,A
SVN,AE,P5L,GF01,2018,202.27,A
SVN,AE,P5L,GF02,2018,45.52,A
SVN,AE,P5L,GF03,2018,49.27,A
SVN,AE,P5L,GF04,2018,774.57,A
SVN,AE,P5L,GF05,2018,98.1,A
SVN,AE,P5L,GF06,2018,120.43,A
SVN,AE,P5L,GF07,2018,130.59,A
SVN,AE,P5L,GF08,2018,108.36,A
SVN,AE,P5L,GF09,2018,178.17,A
SVN,AE,P5L,GF10,2018,56.1,A
SVN,AE,P5L,GF01,2019,244.28,A
SVN,AE,P5L,GF02,2019,52.73,A
SVN,AE,P5L,GF03,2019,61.06,A
SVN,AE,P5L,GF04,2019,839.09,A
SVN,AE,P5L,GF05,2019,116.76,A
SVN,AE,P5L,GF06,2019,114.77,A
SVN,AE,P5L,GF07,2019,171.17,A
SVN,AE,P5L,GF08,2019,104.23,A
SVN,AE,P5L,GF09,2019,182.83,A
SVN,AE,P5L,GF10,2019,57.08,A
SVN,AE,P5L,GF01,2020,232.68,A
SVN,AE,P5L,GF02,2020,60.9,A
SVN,AE,P5L,GF03,2020,44.63,A
SVN,AE,P5L,GF04,2020,842.32,A
SVN,AE,P5L,GF05,2020,119.29,A
SVN,AE,P5L,GF06,2020,174.8,A
SVN,AE,P5L,GF07,2020,193.24,A
SVN,AE,P5L,GF08,2020,123.76,A
SVN,AE,P5L,GF09,2020,183.59,A
SVN,AE,P5L,GF10,2020,39.32,A
SVN,AE,P5L,GF01,2021,286.31,A
SVN,AE,P5L,GF02,2021,92.38,A
SVN,AE,P5L,GF03,2021,72.84,A
SVN,AE,P5L,GF04,2021,1024.5,A
SVN,AE,P5L,GF05,2021,163.17,A
SVN,AE,P5L,GF06,2021,191.55,A
SVN,AE,P5L,GF07,2021,206.75,A
SVN,AE,P5L,GF08,2021,169.3,A
SVN,AE,P5L,GF09,2021,212.3,A
SVN,AE,P5L,GF10,2021,57.89,A
SVN,AE,P5L,GF01,2022,318.17,A
SVN,AE,P5L,GF02,2022,96.12,A
SVN,AE,P5L,GF03,2022,86.91,A
SVN,AE,P5L,GF04,2022,1534.35,A
SVN,AE,P5L,GF05,2022,224.39,A
SVN,AE,P5L,GF06,2022,178.43,A
SVN,AE,P5L,GF07,2022,250.81,A
SVN,AE,P5L,GF08,2022,188.7,A
SVN,AE,P5L,GF09,2022,294.73,A
SVN,AE,P5L,GF10,2022,75.34,A
SVN,AE,P5L,GF01,2023,328.04,A
SVN,AE,P5L,GF02,2023,279.37,A
SVN,AE,P5L,GF03,2023,110.07,A
SVN,AE,P5L,GF04,2023,1480.43,A
SVN,AE,P5L,GF05,2023,297.76,A
SVN,AE,P5L,GF06,2023,217.85,A
SVN,AE,P5L,GF07,2023,292.27,A
SVN,AE,P5L,GF08,2023,211.59,A
SVN,AE,P5L,GF09,2023,272.81,A
SVN,AE,P5L,GF10,2023,60.82,A
SVN,AE,P5L,GF01,2024,355.59,A
SVN,AE,P5L,GF02,2024,325.92,A
SVN,AE,P5L,GF03,2024,85.21,A
SVN,AE,P5L,GF04,2024,1529.11,A
SVN,AE,P5L,GF05,2024,172.58,A
SVN,AE,P5L,GF06,2024,166.75,A
SVN,AE,P5L,GF07,2024,325.72,A
SVN,AE,P5L,GF08,2024,233.37,A
SVN,AE,P5L,GF09,2024,277.63,A
SVN,AE,P5L,GF10,2024,36.8,A
SWE,AE,P5L,GF01,2000,21949.0,A
SWE,AE,P5L,GF02,2000,16744.0,A
SWE,AE,P5L,GF03,2000,2488.0,A
SWE,AE,P5L,GF04,2000,18806.0,A
SWE,AE,P5L,GF05,2000,1938.0,A
SWE,AE,P5L,GF06,2000,1456.0,A
SWE,AE,P5L,GF07,2000,6718.0,A
SWE,AE,P5L,GF08,2000,2857.0,A
SWE,AE,P5L,GF09,2000,11949.0,A
SWE,AE,P5L,GF10,2000,3468.0,A
SWE,AE,P5L,GF01,2001,23602.0,A
SWE,AE,P5L,GF02,2001,19274.0,A
SWE,AE,P5L,GF03,2001,2855.0,A
SWE,AE,P5L,GF04,2001,21955.0,A
SWE,AE,P5L,GF05,2001,1798.0,A
SWE,AE,P5L,GF06,2001,4185.0,A
SWE,AE,P5L,GF07,2001,7759.0,A
SWE,AE,P5L,GF08,2001,2509.0,A
SWE,AE,P5L,GF09,2001,11391.0,A
SWE,AE,P5L,GF10,2001,3528.0,A
SWE,AE,P5L,GF01,2002,27708.0,A
SWE,AE,P5L,GF02,2002,18199.0,A
SWE,AE,P5L,GF03,2002,3037.0,A
SWE,AE,P5L,GF04,2002,26304.0,A
SWE,AE,P5L,GF05,2002,1733.0,A
SWE,AE,P5L,GF06,2002,4040.0,A
SWE,AE,P5L,GF07,2002,10520.0,A
SWE,AE,P5L,GF08,2002,2655.0,A
SWE,AE,P5L,GF09,2002,11467.0,A
SWE,AE,P5L,GF10,2002,4441.0,A
SWE,AE,P5L,GF01,2003,25137.0,A
SWE,AE,P5L,GF02,2003,17722.0,A
SWE,AE,P5L,GF03,2003,2707.0,A
SWE,AE,P5L,GF04,2003,29357.0,A
SWE,AE,P5L,GF05,2003,1929.0,A
SWE,AE,P5L,GF06,2003,4134.0,A
SWE,AE,P5L,GF07,2003,10829.0,A
SWE,AE,P5L,GF08,2003,2619.0,A
SWE,AE,P5L,GF09,2003,11044.0,A
SWE,AE,P5L,GF10,2003,3851.0,A
SWE,AE,P5L,GF01,2004,25880.0,A
SWE,AE,P5L,GF02,2004,16482.0,A
SWE,AE,P5L,GF03,2004,2858.0,A
SWE,AE,P5L,GF04,2004,32618.0,A
SWE,AE,P5L,GF05,2004,2236.0,A
SWE,AE,P5L,GF06,2004,3882.0,A
SWE,AE,P5L,GF07,2004,10254.0,A
SWE,AE,P5L,GF08,2004,2138.0,A
SWE,AE,P5L,GF09,2004,10713.0,A
SWE,AE,P5L,GF10,2004,4279.0,A
SWE,AE,P5L,GF01,2005,25267.0,A
SWE,AE,P5L,GF02,2005,7051.0,A
SWE,AE,P5L,GF03,2005,3302.0,A
SWE,AE,P5L,GF04,2005,34611.0,A
SWE,AE,P5L,GF05,2005,3011.0,A
SWE,AE,P5L,GF06,2005,4500.0,A
SWE,AE,P5L,GF07,2005,10958.0,A
SWE,AE,P5L,GF08,2005,3112.0,A
SWE,AE,P5L,GF09,2005,11298.0,A
SWE,AE,P5L,GF10,2005,2194.0,A
SWE,AE,P5L,GF01,2006,30332.0,A
SWE,AE,P5L,GF02,2006,13976.0,A
SWE,AE,P5L,GF03,2006,3927.0,A
SWE,AE,P5L,GF04,2006,35468.0,A
SWE,AE,P5L,GF05,2006,2735.0,A
SWE,AE,P5L,GF06,2006,3073.0,A
SWE,AE,P5L,GF07,2006,11082.0,A
SWE,AE,P5L,GF08,2006,5153.0,A
SWE,AE,P5L,GF09,2006,11783.0,A
SWE,AE,P5L,GF10,2006,3081.0,A
SWE,AE,P5L,GF01,2007,34756.0,A
SWE,AE,P5L,GF02,2007,14080.0,A
SWE,AE,P5L,GF03,2007,3797.0,A
SWE,AE,P5L,GF04,2007,37062.0,A
SWE,AE,P5L,GF05,2007,2871.0,A
SWE,AE,P5L,GF06,2007,3543.0,A
SWE,AE,P5L,GF07,2007,12970.0,A
SWE,AE,P5L,GF08,2007,4327.0,A
SWE,AE,P5L,GF09,2007,11740.0,A
SWE,AE,P5L,GF10,2007,3392.0,A
SWE,AE,P5L,GF01,2008,35623.0,A
SWE,AE,P5L,GF02,2008,15551.0,A
SWE,AE,P5L,GF03,2008,3727.0,A
SWE,AE,P5L,GF04,2008,41596.0,A
SWE,AE,P5L,GF05,2008,3021.0,A
SWE,AE,P5L,GF06,2008,4301.0,A
SWE,AE,P5L,GF07,2008,15133.0,A
SWE,AE,P5L,GF08,2008,4464.0,A
SWE,AE,P5L,GF09,2008,11911.0,A
SWE,AE,P5L,GF10,2008,4309.0,A
SWE,AE,P5L,GF01,2009,38018.0,A
SWE,AE,P5L,GF02,2009,13769.0,A
SWE,AE,P5L,GF03,2009,3841.0,A
SWE,AE,P5L,GF04,2009,43947.0,A
SWE,AE,P5L,GF05,2009,2878.0,A
SWE,AE,P5L,GF06,2009,5424.0,A
SWE,AE,P5L,GF07,2009,15460.0,A
SWE,AE,P5L,GF08,2009,4442.0,A
SWE,AE,P5L,GF09,2009,11699.0,A
SWE,AE,P5L,GF10,2009,3337.0,A
SWE,AE,P5L,GF01,2010,42872.0,A
SWE,AE,P5L,GF02,2010,15955.0,A
SWE,AE,P5L,GF03,2010,4887.0,A
SWE,AE,P5L,GF04,2010,45514.0,A
SWE,AE,P5L,GF05,2010,2640.0,A
SWE,AE,P5L,GF06,2010,3582.0,A
SWE,AE,P5L,GF07,2010,17815.0,A
SWE,AE,P5L,GF08,2010,5388.0,A
SWE,AE,P5L,GF09,2010,12178.0,A
SWE,AE,P5L,GF10,2010,3764.0,A
SWE,AE,P5L,GF01,2011,49253.0,A
SWE,AE,P5L,GF02,2011,14666.0,A
SWE,AE,P5L,GF03,2011,4369.0,A
SWE,AE,P5L,GF04,2011,43853.0,A
SWE,AE,P5L,GF05,2011,3033.0,A
SWE,AE,P5L,GF06,2011,6219.0,A
SWE,AE,P5L,GF07,2011,19739.0,A
SWE,AE,P5L,GF08,2011,4980.0,A
SWE,AE,P5L,GF09,2011,13209.0,A
SWE,AE,P5L,GF10,2011,3939.0,A
SWE,AE,P5L,GF01,2012,52373.0,A
SWE,AE,P5L,GF02,2012,15069.0,A
SWE,AE,P5L,GF03,2012,4480.0,A
SWE,AE,P5L,GF04,2012,46117.0,A
SWE,AE,P5L,GF05,2012,3767.0,A
SWE,AE,P5L,GF06,2012,5655.0,A
SWE,AE,P5L,GF07,2012,18841.0,A
SWE,AE,P5L,GF08,2012,5398.0,A
SWE,AE,P5L,GF09,2012,12893.0,A
SWE,AE,P5L,GF10,2012,3982.0,A
SWE,AE,P5L,GF01,2013,52909.0,A
SWE,AE,P5L,GF02,2013,18071.0,A
SWE,AE,P5L,GF03,2013,4285.0,A
SWE,AE,P5L,GF04,2013,43960.0,A
SWE,AE,P5L,GF05,2013,4005.0,A
SWE,AE,P5L,GF06,2013,6750.0,A
SWE,AE,P5L,GF07,2013,19325.0,A
SWE,AE,P5L,GF08,2013,5950.0,A
SWE,AE,P5L,GF09,2013,13610.0,A
SWE,AE,P5L,GF10,2013,5100.0,A
SWE,AE,P5L,GF01,2014,51097.0,A
SWE,AE,P5L,GF02,2014,13902.0,A
SWE,AE,P5L,GF03,2014,4478.0,A
SWE,AE,P5L,GF04,2014,48055.0,A
SWE,AE,P5L,GF05,2014,3790.0,A
SWE,AE,P5L,GF06,2014,8036.0,A
SWE,AE,P5L,GF07,2014,18990.0,A
SWE,AE,P5L,GF08,2014,8951.0,A
SWE,AE,P5L,GF09,2014,19679.0,A
SWE,AE,P5L,GF10,2014,6907.0,A
SWE,AE,P5L,GF01,2015,52218.0,A
SWE,AE,P5L,GF02,2015,12649.0,A
SWE,AE,P5L,GF03,2015,4964.0,A
SWE,AE,P5L,GF04,2015,50158.0,A
SWE,AE,P5L,GF05,2015,4054.0,A
SWE,AE,P5L,GF06,2015,8334.0,A
SWE,AE,P5L,GF07,2015,20636.0,A
SWE,AE,P5L,GF08,2015,7523.0,A
SWE,AE,P5L,GF09,2015,23782.0,A
SWE,AE,P5L,GF10,2015,7800.0,A
SWE,AE,P5L,GF01,2016,56704.0,A
SWE,AE,P5L,GF02,2016,13576.0,A
SWE,AE,P5L,GF03,2016,5215.0,A
SWE,AE,P5L,GF04,2016,50387.0,A
SWE,AE,P5L,GF05,2016,4626.0,A
SWE,AE,P5L,GF06,2016,6813.0,A
SWE,AE,P5L,GF07,2016,20879.0,A
SWE,AE,P5L,GF08,2016,8213.0,A
SWE,AE,P5L,GF09,2016,22486.0,A
SWE,AE,P5L,GF10,2016,6339.0,A
SWE,AE,P5L,GF01,2017,61378.0,A
SWE,AE,P5L,GF02,2017,13658.0,A
SWE,AE,P5L,GF03,2017,5292.0,A
SWE,AE,P5L,GF04,2017,57222.0,A
SWE,AE,P5L,GF05,2017,5595.0,A
SWE,AE,P5L,GF06,2017,7904.0,A
SWE,AE,P5L,GF07,2017,21753.0,A
SWE,AE,P5L,GF08,2017,8637.0,A
SWE,AE,P5L,GF09,2017,26716.0,A
SWE,AE,P5L,GF10,2017,7669.0,A
SWE,AE,P5L,GF01,2018,62559.0,A
SWE,AE,P5L,GF02,2018,13089.0,A
SWE,AE,P5L,GF03,2018,5936.0,A
SWE,AE,P5L,GF04,2018,63037.0,A
SWE,AE,P5L,GF05,2018,6342.0,A
SWE,AE,P5L,GF06,2018,12664.0,A
SWE,AE,P5L,GF07,2018,24586.0,A
SWE,AE,P5L,GF08,2018,9424.0,A
SWE,AE,P5L,GF09,2018,33005.0,A
SWE,AE,P5L,GF10,2018,9607.0,A
SWE,AE,P5L,GF01,2019,62888.0,A
SWE,AE,P5L,GF02,2019,12627.0,A
SWE,AE,P5L,GF03,2019,7071.0,A
SWE,AE,P5L,GF04,2019,70959.0,A
SWE,AE,P5L,GF05,2019,5840.0,A
SWE,AE,P5L,GF06,2019,12555.0,A
SWE,AE,P5L,GF07,2019,25811.0,A
SWE,AE,P5L,GF08,2019,11642.0,A
SWE,AE,P5L,GF09,2019,36714.0,A
SWE,AE,P5L,GF10,2019,8791.0,A
SWE,AE,P5L,GF01,2020,64327.0,A
SWE,AE,P5L,GF02,2020,16130.0,A
SWE,AE,P5L,GF03,2020,7675.0,A
SWE,AE,P5L,GF04,2020,80274.0,A
SWE,AE,P5L,GF05,2020,6799.0,A
SWE,AE,P5L,GF06,2020,12306.0,A
SWE,AE,P5L,GF07,2020,22582.0,A
SWE,AE,P5L,GF08,2020,11906.0,A
SWE,AE,P5L,GF09,2020,35968.0,A
SWE,AE,P5L,GF10,2020,6691.0,A
SWE,AE,P5L,GF01,2021,65160.0,A
SWE,AE,P5L,GF02,2021,16826.0,A
SWE,AE,P5L,GF03,2021,7929.0,A
SWE,AE,P5L,GF04,2021,82012.0,A
SWE,AE,P5L,GF05,2021,5602.0,A
SWE,AE,P5L,GF06,2021,9589.0,A
SWE,AE,P5L,GF07,2021,24144.0,A
SWE,AE,P5L,GF08,2021,15196.0,A
SWE,AE,P5L,GF09,2021,32567.0,A
SWE,AE,P5L,GF10,2021,6290.0,A
SWE,AE,P5L,GF01,2022,62874.0,A
SWE,AE,P5L,GF02,2022,27825.0,A
SWE,AE,P5L,GF03,2022,9447.0,A
SWE,AE,P5L,GF04,2022,90133.0,A
SWE,AE,P5L,GF05,2022,7510.0,A
SWE,AE,P5L,GF06,2022,11615.0,A
SWE,AE,P5L,GF07,2022,29758.0,A
SWE,AE,P5L,GF08,2022,13507.0,A
SWE,AE,P5L,GF09,2022,36289.0,A
SWE,AE,P5L,GF10,2022,8358.0,A
SWE,AE,P5L,GF01,2023,66631.0,A
SWE,AE,P5L,GF02,2023,28120.0,A
SWE,AE,P5L,GF03,2023,11458.0,A
SWE,AE,P5L,GF04,2023,100238.0,A
SWE,AE,P5L,GF05,2023,9151.0,A
SWE,AE,P5L,GF06,2023,17112.0,A
SWE,AE,P5L,GF07,2023,29983.0,A
SWE,AE,P5L,GF08,2023,15549.0,A
SWE,AE,P5L,GF09,2023,42385.0,A
SWE,AE,P5L,GF10,2023,9705.0,A
SWE,AE,P5L,GF01,2024,68503.0,A
SWE,AE,P5L,GF02,2024,40084.0,A
SWE,AE,P5L,GF03,2024,12552.0,A
SWE,AE,P5L,GF04,2024,102906.0,A
SWE,AE,P5L,GF05,2024,9262.0,A
SWE,AE,P5L,GF06,2024,20383.0,A
SWE,AE,P5L,GF07,2024,36393.0,A
SWE,AE,P5L,GF08,2024,16534.0,A
SWE,AE,P5L,GF09,2024,44047.0,A
SWE,AE,P5L,GF10,2024,11939.0,A
USA,AE,P5L,GF01,2000,27197.285,A
USA,AE,P5L,GF02,2000,83415.2,A
USA,AE,P5L,GF03,2000,14459.867,A
USA,AE,P5L,GF04,2000,117334.377,A
USA,AE,P5L,GF05,2000,0.0,A
USA,AE,P5L,GF06,2000,15858.922,A
USA,AE,P5L,GF07,2000,35693.447,A
USA,AE,P5L,GF08,2000,7816.67,A
USA,AE,P5L,GF09,2000,71646.852,A
USA,AE,P5L,GF10,2000,2322.256,A
USA,AE,P5L,GF01,2001,27458.073,A
USA,AE,P5L,GF02,2001,87666.7,A
USA,AE,P5L,GF03,2001,14310.95,A
USA,AE,P5L,GF04,2001,124963.012,A
USA,AE,P5L,GF05,2001,0.0,A
USA,AE,P5L,GF06,2001,17076.02,A
USA,AE,P5L,GF07,2001,38652.404,A
USA,AE,P5L,GF08,2001,8450.611,A
USA,AE,P5L,GF09,2001,76959.927,A
USA,AE,P5L,GF10,2001,2417.284,A
USA,AE,P5L,GF01,2002,30844.045,A
USA,AE,P5L,GF02,2002,100414.276,A
USA,AE,P5L,GF03,2002,14811.398,A
USA,AE,P5L,GF04,2002,130263.624,A
USA,AE,P5L,GF05,2002,0.0,A
USA,AE,P5L,GF06,2002,19143.116,A
USA,AE,P5L,GF07,2002,43837.646,A
USA,AE,P5L,GF08,2002,8280.556,A
USA,AE,P5L,GF09,2002,79879.419,A
USA,AE,P5L,GF10,2002,2639.897,A
USA,AE,P5L,GF01,2003,30531.008,A
USA,AE,P5L,GF02,2003,110041.864,A
USA,AE,P5L,GF03,2003,14008.962,A
USA,AE,P5L,GF04,2003,131148.248,A
USA,AE,P5L,GF05,2003,0.0,A
USA,AE,P5L,GF06,2003,20747.698,A
USA,AE,P5L,GF07,2003,47912.878,A
USA,AE,P5L,GF08,2003,7951.574,A
USA,AE,P5L,GF09,2003,82813.62,A
USA,AE,P5L,GF10,2003,2740.518,A
USA,AE,P5L,GF01,2004,30873.369,A
USA,AE,P5L,GF02,2004,120955.466,A
USA,AE,P5L,GF03,2004,14220.219,A
USA,AE,P5L,GF04,2004,133372.788,A
USA,AE,P5L,GF05,2004,0.0,A
USA,AE,P5L,GF06,2004,22191.077,A
USA,AE,P5L,GF07,2004,51456.086,A
USA,AE,P5L,GF08,2004,7902.747,A
USA,AE,P5L,GF09,2004,86372.344,A
USA,AE,P5L,GF10,2004,2984.788,A
USA,AE,P5L,GF01,2005,30439.736,A
USA,AE,P5L,GF02,2005,131465.52,A
USA,AE,P5L,GF03,2005,14536.451,A
USA,AE,P5L,GF04,2005,136252.922,A
USA,AE,P5L,GF05,2005,0.0,A
USA,AE,P5L,GF06,2005,23194.208,A
USA,AE,P5L,GF07,2005,53675.612,A
USA,AE,P5L,GF08,2005,8458.088,A
USA,AE,P5L,GF09,2005,91639.696,A
USA,AE,P5L,GF10,2005,3064.109,A
USA,AE,P5L,GF01,2006,31646.567,A
USA,AE,P5L,GF02,2006,139546.668,A
USA,AE,P5L,GF03,2006,16173.591,A
USA,AE,P5L,GF04,2006,134776.238,A
USA,AE,P5L,GF05,2006,0.0,A
USA,AE,P5L,GF06,2006,25100.892,A
USA,AE,P5L,GF07,2006,57819.226,A
USA,AE,P5L,GF08,2006,9041.994,A
USA,AE,P5L,GF09,2006,99382.175,A
USA,AE,P5L,GF10,2006,3475.711,A
USA,AE,P5L,GF01,2007,33302.834,A
USA,AE,P5L,GF02,2007,151145.221,A
USA,AE,P5L,GF03,2007,17806.271,A
USA,AE,P5L,GF04,2007,157555.341,A
USA,AE,P5L,GF05,2007,0.0,A
USA,AE,P5L,GF06,2007,27455.543,A
USA,AE,P5L,GF07,2007,61161.742,A
USA,AE,P5L,GF08,2007,10185.907,A
USA,AE,P5L,GF09,2007,107438.669,A
USA,AE,P5L,GF10,2007,3658.807,A
USA,AE,P5L,GF01,2008,34628.4,A
USA,AE,P5L,GF02,2008,167135.049,A
USA,AE,P5L,GF03,2008,18863.273,A
USA,AE,P5L,GF04,2008,144052.592,A
USA,AE,P5L,GF05,2008,0.0,A
USA,AE,P5L,GF06,2008,29562.777,A
USA,AE,P5L,GF07,2008,63840.364,A
USA,AE,P5L,GF08,2008,10786.902,A
USA,AE,P5L,GF09,2008,112523.9,A
USA,AE,P5L,GF10,2008,3768.175,A
USA,AE,P5L,GF01,2009,34714.345,A
USA,AE,P5L,GF02,2009,173255.775,A
USA,AE,P5L,GF03,2009,18702.092,A
USA,AE,P5L,GF04,2009,160172.535,A
USA,AE,P5L,GF05,2009,0.0,A
USA,AE,P5L,GF06,2009,30382.742,A
USA,AE,P5L,GF07,2009,67123.11,A
USA,AE,P5L,GF08,2009,10513.63,A
USA,AE,P5L,GF09,2009,109862.705,A
USA,AE,P5L,GF10,2009,3762.62,A
USA,AE,P5L,GF01,2010,33503.089,A
USA,AE,P5L,GF02,2010,176204.577,A
USA,AE,P5L,GF03,2010,18353.054,A
USA,AE,P5L,GF04,2010,169884.694,A
USA,AE,P5L,GF05,2010,0.0,A
USA,AE,P5L,GF06,2010,31038.564,A
USA,AE,P5L,GF07,2010,70924.749,A
USA,AE,P5L,GF08,2010,9778.476,A
USA,AE,P5L,GF09,2010,103211.628,A
USA,AE,P5L,GF10,2010,3961.406,A
USA,AE,P5L,GF01,2011,33688.661,A
USA,AE,P5L,GF02,2011,171993.981,A
USA,AE,P5L,GF03,2011,19249.641,A
USA,AE,P5L,GF04,2011,168823.721,A
USA,AE,P5L,GF05,2011,0.0,A
USA,AE,P5L,GF06,2011,30223.061,A
USA,AE,P5L,GF07,2011,73723.104,A
USA,AE,P5L,GF08,2011,9181.268,A
USA,AE,P5L,GF09,2011,100010.494,A
USA,AE,P5L,GF10,2011,4086.362,A
USA,AE,P5L,GF01,2012,32439.078,A
USA,AE,P5L,GF02,2012,163837.497,A
USA,AE,P5L,GF03,2012,19173.932,A
USA,AE,P5L,GF04,2012,168798.215,A
USA,AE,P5L,GF05,2012,0.0,A
USA,AE,P5L,GF06,2012,27226.673,A
USA,AE,P5L,GF07,2012,73698.438,A
USA,AE,P5L,GF08,2012,8519.985,A
USA,AE,P5L,GF09,2012,96401.126,A
USA,AE,P5L,GF10,2012,4180.661,A
USA,AE,P5L,GF01,2013,30711.688,A
USA,AE,P5L,GF02,2013,154039.837,A
USA,AE,P5L,GF03,2013,18390.564,A
USA,AE,P5L,GF04,2013,166958.357,A
USA,AE,P5L,GF05,2013,0.0,A
USA,AE,P5L,GF06,2013,25483.687,A
USA,AE,P5L,GF07,2013,71079.838,A
USA,AE,P5L,GF08,2013,8131.986,A
USA,AE,P5L,GF09,2013,95481.992,A
USA,AE,P5L,GF10,2013,3572.68,A
USA,AE,P5L,GF01,2014,31050.556,A
USA,AE,P5L,GF02,2014,146947.367,A
USA,AE,P5L,GF03,2014,18887.72,A
USA,AE,P5L,GF04,2014,172524.194,A
USA,AE,P5L,GF05,2014,0.0,A
USA,AE,P5L,GF06,2014,25599.729,A
USA,AE,P5L,GF07,2014,71489.481,A
USA,AE,P5L,GF08,2014,8571.107,A
USA,AE,P5L,GF09,2014,98768.926,A
USA,AE,P5L,GF10,2014,3756.98,A
USA,AE,P5L,GF01,2015,31691.439,A
USA,AE,P5L,GF02,2015,145943.871,A
USA,AE,P5L,GF03,2015,18709.68,A
USA,AE,P5L,GF04,2015,156843.155,A
USA,AE,P5L,GF05,2015,0.0,A
USA,AE,P5L,GF06,2015,26748.929,A
USA,AE,P5L,GF07,2015,73491.984,A
USA,AE,P5L,GF08,2015,9412.191,A
USA,AE,P5L,GF09,2015,106360.01,A
USA,AE,P5L,GF10,2015,3743.673,A
USA,AE,P5L,GF01,2016,33033.386,A
USA,AE,P5L,GF02,2016,142936.307,A
USA,AE,P5L,GF03,2016,20119.339,A
USA,AE,P5L,GF04,2016,185819.949,A
USA,AE,P5L,GF05,2016,0.0,A
USA,AE,P5L,GF06,2016,27647.777,A
USA,AE,P5L,GF07,2016,78208.852,A
USA,AE,P5L,GF08,2016,10532.222,A
USA,AE,P5L,GF09,2016,113935.947,A
USA,AE,P5L,GF10,2016,4225.537,A
USA,AE,P5L,GF01,2017,36152.79,A
USA,AE,P5L,GF02,2017,148935.069,A
USA,AE,P5L,GF03,2017,21685.908,A
USA,AE,P5L,GF04,2017,200153.267,A
USA,AE,P5L,GF05,2017,0.0,A
USA,AE,P5L,GF06,2017,29352.714,A
USA,AE,P5L,GF07,2017,82920.417,A
USA,AE,P5L,GF08,2017,11043.67,A
USA,AE,P5L,GF09,2017,120673.332,A
USA,AE,P5L,GF10,2017,4965.274,A
USA,AE,P5L,GF01,2018,38559.326,A
USA,AE,P5L,GF02,2018,161447.195,A
USA,AE,P5L,GF03,2018,23297.113,A
USA,AE,P5L,GF04,2018,214903.564,A
USA,AE,P5L,GF05,2018,0.0,A
USA,AE,P5L,GF06,2018,31585.815,A
USA,AE,P5L,GF07,2018,87795.694,A
USA,AE,P5L,GF08,2018,11711.685,A
USA,AE,P5L,GF09,2018,128349.828,A
USA,AE,P5L,GF10,2018,6080.658,A
USA,AE,P5L,GF01,2019,39730.956,A
USA,AE,P5L,GF02,2019,174250.527,A
USA,AE,P5L,GF03,2019,25110.427,A
USA,AE,P5L,GF04,2019,225425.09,A
USA,AE,P5L,GF05,2019,0.0,A
USA,AE,P5L,GF06,2019,31956.74,A
USA,AE,P5L,GF07,2019,92700.484,A
USA,AE,P5L,GF08,2019,12991.838,A
USA,AE,P5L,GF09,2019,137129.579,A
USA,AE,P5L,GF10,2019,5660.176,A
USA,AE,P5L,GF01,2020,43161.791,A
USA,AE,P5L,GF02,2020,187758.936,A
USA,AE,P5L,GF03,2020,29610.387,A
USA,AE,P5L,GF04,2020,231556.396,A
USA,AE,P5L,GF05,2020,0.0,A
USA,AE,P5L,GF06,2020,32209.806,A
USA,AE,P5L,GF07,2020,107528.269,A
USA,AE,P5L,GF08,2020,12870.486,A
USA,AE,P5L,GF09,2020,138763.354,A
USA,AE,P5L,GF10,2020,5465.087,A
USA,AE,P5L,GF01,2021,44253.925,A
USA,AE,P5L,GF02,2021,189834.13,A
USA,AE,P5L,GF03,2021,25769.237,A
USA,AE,P5L,GF04,2021,217881.46,A
USA,AE,P5L,GF05,2021,0.0,A
USA,AE,P5L,GF06,2021,33005.586,A
USA,AE,P5L,GF07,2021,127147.605,A
USA,AE,P5L,GF08,2021,12207.623,A
USA,AE,P5L,GF09,2021,138171.24,A
USA,AE,P5L,GF10,2021,6312.691,A
USA,AE,P5L,GF01,2022,50183.434,A
USA,AE,P5L,GF02,2022,200196.586,A
USA,AE,P5L,GF03,2022,27087.258,A
USA,AE,P5L,GF04,2022,129861.634,A
USA,AE,P5L,GF05,2022,0.0,A
USA,AE,P5L,GF06,2022,35692.193,A
USA,AE,P5L,GF07,2022,141504.949,A
USA,AE,P5L,GF08,2022,13169.058,A
USA,AE,P5L,GF09,2022,149876.944,A
USA,AE,P5L,GF10,2022,6981.04,A
USA,AE,P5L,GF01,2023,57266.9,A
USA,AE,P5L,GF02,2023,214776.559,A
USA,AE,P5L,GF03,2023,29057.271,A
USA,AE,P5L,GF04,2023,269755.733,A
USA,AE,P5L,GF05,2023,0.0,A
USA,AE,P5L,GF06,2023,40989.722,A
USA,AE,P5L,GF07,2023,133930.692,A
USA,AE,P5L,GF08,2023,15280.174,A
USA,AE,P5L,GF09,2023,168737.136,A
USA,AE,P5L,GF10,2023,7028.013,A
USA,AE,P5L,GF01,2024,62580.459,A
USA,AE,P5L,GF02,2024,227960.641,A
USA,AE,P5L,GF03,2024,30929.837,A
USA,AE,P5L,GF04,2024,290508.984,A
USA,AE,P5L,GF05,2024,0.0,A
USA,AE,P5L,GF06,2024,45356.873,A
USA,AE,P5L,GF07,2024,141603.379,A
USA,AE,P5L,GF08,2024,16465.795,A
USA,AE,P5L,GF09,2024,182955.236,A
USA,AE,P5L,GF10,2024,7851.644,A
