"ref_area","source","indicator","time","obs_value","obs_status","best_source"
"AFG","XA:2198","SDG_1041_NOC_RT","2026",40.749,"I",1
"AFG","XA:2198","SDG_1041_NOC_RT","2025",40.771,"I",1
"AFG","XA:2198","SDG_1041_NOC_RT","2024",40.823,"I",1
"AFG","XA:2198","SDG_1041_NOC_RT","2023",40.762,"I",1
"AFG","XA:2198","SDG_1041_NOC_RT","2022",41.456,"I",1
"AFG","XA:2198","SDG_1041_NOC_RT","2021",40.176,"I",1
"AFG","XA:2198","SDG_1041_NOC_RT","2020",40.252,"I",1
"AFG","XA:2198","SDG_1041_NOC_RT","2019",40.851,"I",1
"AFG","XA:2198","SDG_1041_NOC_RT","2018",41.067,"I",1
"AFG","XA:2198","SDG_1041_NOC_RT","2017",40.967,"I",1
"AFG","XA:2198","SDG_1041_NOC_RT","2016",41.114,"I",1
"AFG","XA:2198","SDG_1041_NOC_RT","2015",41.271,"I",1
"AFG","XA:2198","SDG_1041_NOC_RT","2014",41.274,"I",1
"AFG","XA:2198","SDG_1041_NOC_RT","2013",41.164,"I",1
"AFG","XA:2198","SDG_1041_NOC_RT","2012",40.761,"I",1
"AFG","XA:2198","SDG_1041_NOC_RT","2011",41.817,"I",1
"AFG","XA:2198","SDG_1041_NOC_RT","2010",40.958,"I",1
"AFG","XA:2198","SDG_1041_NOC_RT","2009",40.654,"I",1
"AFG","XA:2198","SDG_1041_NOC_RT","2008",42.157,"I",1
"AFG","XA:2198","SDG_1041_NOC_RT","2007",41.502,"I",1
"AFG","XA:2198","SDG_1041_NOC_RT","2006",42.211,"I",1
"AFG","XA:2198","SDG_1041_NOC_RT","2005",41.847,"I",1
"AFG","XA:2198","SDG_1041_NOC_RT","2004",42.64,"I",1
"AGO","XA:2010","SDG_1041_NOC_RT","2026",43.973,"I",1
"AGO","XA:2010","SDG_1041_NOC_RT","2025",43.971,"I",1
"AGO","XA:2010","SDG_1041_NOC_RT","2024",43.598,"I",1
"AGO","XA:2010","SDG_1041_NOC_RT","2023",44.294,"I",1
"AGO","XA:2010","SDG_1041_NOC_RT","2022",44.005,"I",1
"AGO","XA:2010","SDG_1041_NOC_RT","2021",43.674,"I",1
"AGO","XA:2010","SDG_1041_NOC_RT","2020",44.333,"I",1
"AGO","XA:2010","SDG_1041_NOC_RT","2019",43.994,"I",1
"AGO","XA:2010","SDG_1041_NOC_RT","2018",43.953,"I",1
"AGO","XA:2010","SDG_1041_NOC_RT","2017",43.11,"I",1
"AGO","XA:2010","SDG_1041_NOC_RT","2016",42.473,"I",1
"AGO","XA:2010","SDG_1041_NOC_RT","2015",45.851,"I",1
"AGO","XA:2010","SDG_1041_NOC_RT","2014",38.235,"I",1
"AGO","XA:2010","SDG_1041_NOC_RT","2013",41.439,"I",1
"AGO","XA:2010","SDG_1041_NOC_RT","2012",44.074,"I",1
"AGO","XA:2010","SDG_1041_NOC_RT","2011",46.131,"I",1
"AGO","XA:2010","SDG_1041_NOC_RT","2010",46.363,"I",1
"AGO","XA:2010","SDG_1041_NOC_RT","2009",59.971,"I",1
"AGO","XA:2010","SDG_1041_NOC_RT","2008",41.522,"I",1
"AGO","XA:2010","SDG_1041_NOC_RT","2007",39.48,"I",1
"AGO","XA:2010","SDG_1041_NOC_RT","2006",38.387,"I",1
"AGO","XA:2010","SDG_1041_NOC_RT","2005",37.795,"I",1
"AGO","XA:2010","SDG_1041_NOC_RT","2004",45.122,"I",1
"ALB","XA:2137","SDG_1041_NOC_RT","2026",44.49,"M",1
"ALB","XA:2137","SDG_1041_NOC_RT","2025",44.539,"M",1
"ALB","XA:2137","SDG_1041_NOC_RT","2024",44.355,"M",1
"ALB","XA:2137","SDG_1041_NOC_RT","2023",44.359,"M",1
"ALB","XA:2137","SDG_1041_NOC_RT","2022",44.221,"M",1
"ALB","XA:2137","SDG_1041_NOC_RT","2021",43.166,"M",1
"ALB","XA:2137","SDG_1041_NOC_RT","2020",45.55,"NA",1
"ALB","XA:2137","SDG_1041_NOC_RT","2019",44.136,"NA",1
"ALB","XA:2137","SDG_1041_NOC_RT","2018",43.813,"NA",1
"ALB","XA:2137","SDG_1041_NOC_RT","2017",43.899,"NA",1
"ALB","XA:2137","SDG_1041_NOC_RT","2016",43.871,"NA",1
"ALB","XA:2137","SDG_1041_NOC_RT","2015",44.24,"NA",1
"ALB","XA:2137","SDG_1041_NOC_RT","2014",44.181,"NA",1
"ALB","XA:2137","SDG_1041_NOC_RT","2013",44.36,"NA",1
"ALB","XA:2137","SDG_1041_NOC_RT","2012",44.683,"M",1
"ALB","XA:2137","SDG_1041_NOC_RT","2011",44.88,"M",1
"ALB","XA:2137","SDG_1041_NOC_RT","2010",45.123,"M",1
"ALB","XA:2137","SDG_1041_NOC_RT","2009",45.045,"M",1
"ALB","XA:2137","SDG_1041_NOC_RT","2008",43.982,"M",1
"ALB","XA:2137","SDG_1041_NOC_RT","2007",43.776,"M",1
"ALB","XA:2137","SDG_1041_NOC_RT","2006",43.669,"M",1
"ALB","XA:2137","SDG_1041_NOC_RT","2005",43.682,"M",1
"ALB","XA:2137","SDG_1041_NOC_RT","2004",43.795,"M",1
"ARE","XA:1978","SDG_1041_NOC_RT","2026",36.791,"I",1
"ARE","XA:1978","SDG_1041_NOC_RT","2025",36.838,"I",1
"ARE","XA:1978","SDG_1041_NOC_RT","2024",37.059,"I",1
"ARE","XA:1978","SDG_1041_NOC_RT","2023",36.853,"I",1
"ARE","XA:1978","SDG_1041_NOC_RT","2022",34.262,"I",1
"ARE","XA:1978","SDG_1041_NOC_RT","2021",37.083,"I",1
"ARE","XA:1978","SDG_1041_NOC_RT","2020",41.509,"I",1
"ARE","XA:1978","SDG_1041_NOC_RT","2019",35.811,"I",1
"ARE","XA:1978","SDG_1041_NOC_RT","2018",32.633,"I",1
"ARE","XA:1978","SDG_1041_NOC_RT","2017",33.905,"I",1
"ARE","XA:1978","SDG_1041_NOC_RT","2016",33.793,"I",1
"ARE","XA:1978","SDG_1041_NOC_RT","2015",31.642,"I",1
"ARE","XA:1978","SDG_1041_NOC_RT","2014",26.127,"I",1
"ARE","XA:1978","SDG_1041_NOC_RT","2013",25.55,"I",1
"ARE","XA:1978","SDG_1041_NOC_RT","2012",23.874,"I",1
"ARE","XA:1978","SDG_1041_NOC_RT","2011",23.66,"I",1
"ARE","XA:1978","SDG_1041_NOC_RT","2010",26.404,"I",1
"ARE","XA:1978","SDG_1041_NOC_RT","2009",27.932,"I",1
"ARE","XA:1978","SDG_1041_NOC_RT","2008",23.408,"I",1
"ARE","XA:1978","SDG_1041_NOC_RT","2007",22.981,"I",1
"ARE","XA:1978","SDG_1041_NOC_RT","2006",20.465,"I",1
"ARE","XA:1978","SDG_1041_NOC_RT","2005",22.145,"I",1
"ARE","XA:1978","SDG_1041_NOC_RT","2004",23.826,"I",1
"ARG","XA:1868","SDG_1041_NOC_RT","2026",50.235,"M",1
"ARG","XA:1868","SDG_1041_NOC_RT","2025",50.188,"M",1
"ARG","XA:1868","SDG_1041_NOC_RT","2024",50.12,"NA",1
"ARG","XA:1868","SDG_1041_NOC_RT","2023",51.442,"NA",1
"ARG","XA:1868","SDG_1041_NOC_RT","2022",49.777,"NA",1
"ARG","XA:1868","SDG_1041_NOC_RT","2021",49.644,"NA",1
"ARG","XA:1868","SDG_1041_NOC_RT","2020",52.213,"NA",1
"ARG","XA:1868","SDG_1041_NOC_RT","2019",53.563,"NA",1
"ARG","XA:1868","SDG_1041_NOC_RT","2018",56.407,"NA",1
"ARG","XA:1868","SDG_1041_NOC_RT","2017",58.302,"NA",1
"ARG","XA:1868","SDG_1041_NOC_RT","2016",60.576,"NA",1
"ARG","XA:1868","SDG_1041_NOC_RT","2015",58.584,"M",1
"ARG","XA:1868","SDG_1041_NOC_RT","2014",60.055,"M",1
"ARG","XA:1868","SDG_1041_NOC_RT","2013",59.32,"NA",1
"ARG","XA:1868","SDG_1041_NOC_RT","2012",58.055,"NA",1
"ARG","XA:1868","SDG_1041_NOC_RT","2011",53.249,"NA",1
"ARG","XA:1868","SDG_1041_NOC_RT","2010",49.294,"NA",1
"ARG","XA:1868","SDG_1041_NOC_RT","2009",50.243,"NA",1
"ARG","XA:1868","SDG_1041_NOC_RT","2008",45.941,"NA",1
"ARG","XA:1868","SDG_1041_NOC_RT","2007",42.396,"NA",1
"ARG","XA:1868","SDG_1041_NOC_RT","2006",41.468,"NA",1
"ARG","XA:1868","SDG_1041_NOC_RT","2005",40.594,"NA",1
"ARG","XA:1868","SDG_1041_NOC_RT","2004",38.723,"NA",1
"ARM","XA:1931","SDG_1041_NOC_RT","2026",44.2,"M",1
"ARM","XA:1931","SDG_1041_NOC_RT","2025",44.206,"M",1
"ARM","XA:1931","SDG_1041_NOC_RT","2024",44.105,"M",1
"ARM","XA:1931","SDG_1041_NOC_RT","2023",43.87,"NA",1
"ARM","XA:1931","SDG_1041_NOC_RT","2022",39.882,"NA",1
"ARM","XA:1931","SDG_1041_NOC_RT","2021",44.267,"NA",1
"ARM","XA:1931","SDG_1041_NOC_RT","2020",45.694,"NA",1
"ARM","XA:1931","SDG_1041_NOC_RT","2019",43.337,"NA",1
"ARM","XA:1931","SDG_1041_NOC_RT","2018",44.755,"NA",1
"ARM","XA:1931","SDG_1041_NOC_RT","2017",45.903,"NA",1
"ARM","XA:1931","SDG_1041_NOC_RT","2016",47.236,"NA",1
"ARM","XA:1931","SDG_1041_NOC_RT","2015",46.668,"NA",1
"ARM","XA:1931","SDG_1041_NOC_RT","2014",46.576,"NA",1
"ARM","XA:1931","SDG_1041_NOC_RT","2013",46.906,"NA",1
"ARM","XA:1931","SDG_1041_NOC_RT","2012",47.845,"NA",1
"ARM","XA:1931","SDG_1041_NOC_RT","2011",49.308,"NA",1
"ARM","XA:1931","SDG_1041_NOC_RT","2010",49.699,"NA",1
"ARM","XA:1931","SDG_1041_NOC_RT","2009",50.928,"NA",1
"ARM","XA:1931","SDG_1041_NOC_RT","2008",49.684,"NA",1
"ARM","XA:1931","SDG_1041_NOC_RT","2007",51.014,"NA",1
"ARM","XA:1931","SDG_1041_NOC_RT","2006",52.213,"NA",1
"ARM","XA:1931","SDG_1041_NOC_RT","2005",52.982,"NA",1
"ARM","XA:1931","SDG_1041_NOC_RT","2004",53.362,"NA",1
"AUS","XA:2202","SDG_1041_NOC_RT","2026",58.185,"M",1
"AUS","XA:2202","SDG_1041_NOC_RT","2025",58.322,"M",1
"AUS","XA:2202","SDG_1041_NOC_RT","2024",58.802,"M",1
"AUS","XA:2202","SDG_1041_NOC_RT","2023",57.51,"NA",1
"AUS","XA:2202","SDG_1041_NOC_RT","2022",55.791,"NA",1
"AUS","XA:2202","SDG_1041_NOC_RT","2021",56.124,"NA",1
"AUS","XA:2202","SDG_1041_NOC_RT","2020",58.09,"NA",1
"AUS","XA:2202","SDG_1041_NOC_RT","2019",59.244,"NA",1
"AUS","XA:2202","SDG_1041_NOC_RT","2018",57.1,"NA",1
"AUS","XA:2202","SDG_1041_NOC_RT","2017",58.059,"NA",1
"AUS","XA:2202","SDG_1041_NOC_RT","2016",58.111,"NA",1
"AUS","XA:2202","SDG_1041_NOC_RT","2015",59.547,"NA",1
"AUS","XA:2202","SDG_1041_NOC_RT","2014",59.371,"NA",1
"AUS","XA:2202","SDG_1041_NOC_RT","2013",58.275,"NA",1
"AUS","XA:2202","SDG_1041_NOC_RT","2012",58.513,"NA",1
"AUS","XA:2202","SDG_1041_NOC_RT","2011",59.358,"NA",1
"AUS","XA:2202","SDG_1041_NOC_RT","2010",58.092,"NA",1
"AUS","XA:2202","SDG_1041_NOC_RT","2009",57.958,"NA",1
"AUS","XA:2202","SDG_1041_NOC_RT","2008",57.46,"NA",1
"AUS","XA:2202","SDG_1041_NOC_RT","2007",59.985,"NA",1
"AUS","XA:2202","SDG_1041_NOC_RT","2006",60.957,"NA",1
"AUS","XA:2202","SDG_1041_NOC_RT","2005",61.371,"NA",1
"AUS","XA:2202","SDG_1041_NOC_RT","2004",62.176,"NA",1
"AUT","XA:2089","SDG_1041_NOC_RT","2026",61.946,"M",1
"AUT","XA:2089","SDG_1041_NOC_RT","2025",62.058,"M",1
"AUT","XA:2089","SDG_1041_NOC_RT","2024",62.066,"M",1
"AUT","XA:2089","SDG_1041_NOC_RT","2023",58.72,"NA",1
"AUT","XA:2089","SDG_1041_NOC_RT","2022",59.497,"NA",1
"AUT","XA:2089","SDG_1041_NOC_RT","2021",59.013,"NA",1
"AUT","XA:2089","SDG_1041_NOC_RT","2020",59.264,"NA",1
"AUT","XA:2089","SDG_1041_NOC_RT","2019",58.063,"NA",1
"AUT","XA:2089","SDG_1041_NOC_RT","2018",58.334,"NA",1
"AUT","XA:2089","SDG_1041_NOC_RT","2017",60.205,"NA",1
"AUT","XA:2089","SDG_1041_NOC_RT","2016",60.954,"NA",1
"AUT","XA:2089","SDG_1041_NOC_RT","2015",59.63,"NA",1
"AUT","XA:2089","SDG_1041_NOC_RT","2014",61.152,"NA",1
"AUT","XA:2089","SDG_1041_NOC_RT","2013",58.223,"NA",1
"AUT","XA:2089","SDG_1041_NOC_RT","2012",58.144,"NA",1
"AUT","XA:2089","SDG_1041_NOC_RT","2011",57.839,"NA",1
"AUT","XA:2089","SDG_1041_NOC_RT","2010",58.946,"NA",1
"AUT","XA:2089","SDG_1041_NOC_RT","2009",60.117,"NA",1
"AUT","XA:2089","SDG_1041_NOC_RT","2008",59.808,"NA",1
"AUT","XA:2089","SDG_1041_NOC_RT","2007",59.249,"NA",1
"AUT","XA:2089","SDG_1041_NOC_RT","2006",60.265,"NA",1
"AUT","XA:2089","SDG_1041_NOC_RT","2005",61.422,"NA",1
"AUT","XA:2089","SDG_1041_NOC_RT","2004",61.034,"NA",1
"AZE","XA:2121","SDG_1041_NOC_RT","2026",48.258,"I",1
"AZE","XA:2121","SDG_1041_NOC_RT","2025",48.225,"I",1
"AZE","XA:2121","SDG_1041_NOC_RT","2024",48.126,"I",1
"AZE","XA:2121","SDG_1041_NOC_RT","2023",48.407,"I",1
"AZE","XA:2121","SDG_1041_NOC_RT","2022",48.074,"I",1
"AZE","XA:2121","SDG_1041_NOC_RT","2021",43.039,"I",1
"AZE","XA:2121","SDG_1041_NOC_RT","2020",45.335,"I",1
"AZE","XA:2121","SDG_1041_NOC_RT","2019",44.199,"I",1
"AZE","XA:2121","SDG_1041_NOC_RT","2018",44.291,"I",1
"AZE","XA:2121","SDG_1041_NOC_RT","2017",43.446,"I",1
"AZE","XA:2121","SDG_1041_NOC_RT","2016",46.706,"I",1
"AZE","XA:2121","SDG_1041_NOC_RT","2015",47.548,"I",1
"AZE","XA:2121","SDG_1041_NOC_RT","2014",40.149,"I",1
"AZE","XA:2121","SDG_1041_NOC_RT","2013",38.618,"I",1
"AZE","XA:2121","SDG_1041_NOC_RT","2012",36.309,"I",1
"AZE","XA:2121","SDG_1041_NOC_RT","2011",34.567,"I",1
"AZE","XA:2121","SDG_1041_NOC_RT","2010",37.578,"I",1
"AZE","XA:2121","SDG_1041_NOC_RT","2009",40.299,"I",1
"AZE","XA:2121","SDG_1041_NOC_RT","2008",32.529,"I",1
"AZE","XA:2121","SDG_1041_NOC_RT","2007",34.197,"I",1
"AZE","XA:2121","SDG_1041_NOC_RT","2006",38.157,"I",1
"AZE","XA:2121","SDG_1041_NOC_RT","2005",49.476,"I",1
"AZE","XA:2121","SDG_1041_NOC_RT","2004",54.538,"I",1
"BDI","XA:2153","SDG_1041_NOC_RT","2026",38.492,"M",1
"BDI","XA:2153","SDG_1041_NOC_RT","2025",38.405,"M",1
"BDI","XA:2153","SDG_1041_NOC_RT","2024",38.735,"M",1
"BDI","XA:2153","SDG_1041_NOC_RT","2023",39.078,"M",1
"BDI","XA:2153","SDG_1041_NOC_RT","2022",39.39,"M",1
"BDI","XA:2153","SDG_1041_NOC_RT","2021",38.872,"M",1
"BDI","XA:2153","SDG_1041_NOC_RT","2020",38.455,"M",1
"BDI","XA:2153","SDG_1041_NOC_RT","2019",39.513,"NA",1
"BDI","XA:2153","SDG_1041_NOC_RT","2018",39.783,"NA",1
"BDI","XA:2153","SDG_1041_NOC_RT","2017",40.023,"NA",1
"BDI","XA:2153","SDG_1041_NOC_RT","2016",37.159,"NA",1
"BDI","XA:2153","SDG_1041_NOC_RT","2015",44.891,"NA",1
"BDI","XA:2153","SDG_1041_NOC_RT","2014",39.425,"NA",1
"BDI","XA:2153","SDG_1041_NOC_RT","2013",40.614,"NA",1
"BDI","XA:2153","SDG_1041_NOC_RT","2012",42.757,"NA",1
"BDI","XA:2153","SDG_1041_NOC_RT","2011",38.693,"NA",1
"BDI","XA:2153","SDG_1041_NOC_RT","2010",34.503,"NA",1
"BDI","XA:2153","SDG_1041_NOC_RT","2009",36.976,"NA",1
"BDI","XA:2153","SDG_1041_NOC_RT","2008",35.396,"NA",1
"BDI","XA:2153","SDG_1041_NOC_RT","2007",42.678,"NA",1
"BDI","XA:2153","SDG_1041_NOC_RT","2006",31.749,"NA",1
"BDI","XA:2153","SDG_1041_NOC_RT","2005",33.151,"M",1
"BDI","XA:2153","SDG_1041_NOC_RT","2004",31.933,"M",1
"BEL","XA:2185","SDG_1041_NOC_RT","2026",63.366,"M",1
"BEL","XA:2185","SDG_1041_NOC_RT","2025",63.345,"M",1
"BEL","XA:2185","SDG_1041_NOC_RT","2024",63.496,"M",1
"BEL","XA:2185","SDG_1041_NOC_RT","2023",62.982,"NA",1
"BEL","XA:2185","SDG_1041_NOC_RT","2022",62.446,"NA",1
"BEL","XA:2185","SDG_1041_NOC_RT","2021",61.646,"NA",1
"BEL","XA:2185","SDG_1041_NOC_RT","2020",63.317,"NA",1
"BEL","XA:2185","SDG_1041_NOC_RT","2019",62.413,"NA",1
"BEL","XA:2185","SDG_1041_NOC_RT","2018",62.212,"NA",1
"BEL","XA:2185","SDG_1041_NOC_RT","2017",61.851,"NA",1
"BEL","XA:2185","SDG_1041_NOC_RT","2016",62.661,"NA",1
"BEL","XA:2185","SDG_1041_NOC_RT","2015",63.839,"NA",1
"BEL","XA:2185","SDG_1041_NOC_RT","2014",64.161,"NA",1
"BEL","XA:2185","SDG_1041_NOC_RT","2013",66.12,"NA",1
"BEL","XA:2185","SDG_1041_NOC_RT","2012",65.639,"NA",1
"BEL","XA:2185","SDG_1041_NOC_RT","2011",64.962,"NA",1
"BEL","XA:2185","SDG_1041_NOC_RT","2010",64.802,"NA",1
"BEL","XA:2185","SDG_1041_NOC_RT","2009",65.546,"NA",1
"BEL","XA:2185","SDG_1041_NOC_RT","2008",64.814,"NA",1
"BEL","XA:2185","SDG_1041_NOC_RT","2007",64.372,"NA",1
"BEL","XA:2185","SDG_1041_NOC_RT","2006",63.867,"NA",1
"BEL","XA:2185","SDG_1041_NOC_RT","2005",63.969,"NA",1
"BEL","XA:2185","SDG_1041_NOC_RT","2004",63.97,"NA",1
"BEN","XA:2018","SDG_1041_NOC_RT","2026",40.046,"M",1
"BEN","XA:2018","SDG_1041_NOC_RT","2025",39.954,"M",1
"BEN","XA:2018","SDG_1041_NOC_RT","2024",39.855,"M",1
"BEN","XA:2018","SDG_1041_NOC_RT","2023",40.178,"M",1
"BEN","XA:2018","SDG_1041_NOC_RT","2022",40.217,"M",1
"BEN","XA:2018","SDG_1041_NOC_RT","2021",39.995,"M",1
"BEN","XA:2018","SDG_1041_NOC_RT","2020",40.188,"M",1
"BEN","XA:2018","SDG_1041_NOC_RT","2019",40.853,"M",1
"BEN","XA:2018","SDG_1041_NOC_RT","2018",41.932,"M",1
"BEN","XA:2018","SDG_1041_NOC_RT","2017",41.966,"M",1
"BEN","XA:2018","SDG_1041_NOC_RT","2016",42.317,"NA",1
"BEN","XA:2018","SDG_1041_NOC_RT","2015",42.473,"NA",1
"BEN","XA:2018","SDG_1041_NOC_RT","2014",41.116,"NA",1
"BEN","XA:2018","SDG_1041_NOC_RT","2013",40.687,"NA",1
"BEN","XA:2018","SDG_1041_NOC_RT","2012",41.044,"NA",1
"BEN","XA:2018","SDG_1041_NOC_RT","2011",41.26,"NA",1
"BEN","XA:2018","SDG_1041_NOC_RT","2010",41.474,"NA",1
"BEN","XA:2018","SDG_1041_NOC_RT","2009",41.431,"NA",1
"BEN","XA:2018","SDG_1041_NOC_RT","2008",40.807,"NA",1
"BEN","XA:2018","SDG_1041_NOC_RT","2007",40.55,"NA",1
"BEN","XA:2018","SDG_1041_NOC_RT","2006",41.061,"NA",1
"BEN","XA:2018","SDG_1041_NOC_RT","2005",41.615,"NA",1
"BEN","XA:2018","SDG_1041_NOC_RT","2004",42.125,"NA",1
"BFA","XA:2034","SDG_1041_NOC_RT","2026",43.222,"M",1
"BFA","XA:2034","SDG_1041_NOC_RT","2025",43.474,"M",1
"BFA","XA:2034","SDG_1041_NOC_RT","2024",43.116,"M",1
"BFA","XA:2034","SDG_1041_NOC_RT","2023",43.567,"M",1
"BFA","XA:2034","SDG_1041_NOC_RT","2022",44.142,"NA",1
"BFA","XA:2034","SDG_1041_NOC_RT","2021",45.725,"NA",1
"BFA","XA:2034","SDG_1041_NOC_RT","2020",46.148,"NA",1
"BFA","XA:2034","SDG_1041_NOC_RT","2019",47.057,"NA",1
"BFA","XA:2034","SDG_1041_NOC_RT","2018",42.796,"NA",1
"BFA","XA:2034","SDG_1041_NOC_RT","2017",39.841,"NA",1
"BFA","XA:2034","SDG_1041_NOC_RT","2016",38.976,"NA",1
"BFA","XA:2034","SDG_1041_NOC_RT","2015",40.917,"NA",1
"BFA","XA:2034","SDG_1041_NOC_RT","2014",39.602,"NA",1
"BFA","XA:2034","SDG_1041_NOC_RT","2013",38.097,"NA",1
"BFA","XA:2034","SDG_1041_NOC_RT","2012",36.699,"NA",1
"BFA","XA:2034","SDG_1041_NOC_RT","2011",37.187,"NA",1
"BFA","XA:2034","SDG_1041_NOC_RT","2010",38.303,"NA",1
"BFA","XA:2034","SDG_1041_NOC_RT","2009",39.306,"NA",1
"BFA","XA:2034","SDG_1041_NOC_RT","2008",39.56,"NA",1
"BFA","XA:2034","SDG_1041_NOC_RT","2007",41.08,"NA",1
"BFA","XA:2034","SDG_1041_NOC_RT","2006",42.777,"NA",1
"BFA","XA:2034","SDG_1041_NOC_RT","2005",43.862,"NA",1
"BFA","XA:2034","SDG_1041_NOC_RT","2004",44.771,"NA",1
"BGD","XA:1939","SDG_1041_NOC_RT","2026",48.484,"I",1
"BGD","XA:1939","SDG_1041_NOC_RT","2025",49.029,"I",1
"BGD","XA:1939","SDG_1041_NOC_RT","2024",48.781,"I",1
"BGD","XA:1939","SDG_1041_NOC_RT","2023",47.633,"I",1
"BGD","XA:1939","SDG_1041_NOC_RT","2022",47.522,"I",1
"BGD","XA:1939","SDG_1041_NOC_RT","2021",47.714,"I",1
"BGD","XA:1939","SDG_1041_NOC_RT","2020",47.162,"I",1
"BGD","XA:1939","SDG_1041_NOC_RT","2019",47.151,"I",1
"BGD","XA:1939","SDG_1041_NOC_RT","2018",47.408,"I",1
"BGD","XA:1939","SDG_1041_NOC_RT","2017",47.741,"I",1
"BGD","XA:1939","SDG_1041_NOC_RT","2016",47.474,"I",1
"BGD","XA:1939","SDG_1041_NOC_RT","2015",47.711,"I",1
"BGD","XA:1939","SDG_1041_NOC_RT","2014",47.916,"I",1
"BGD","XA:1939","SDG_1041_NOC_RT","2013",47.914,"I",1
"BGD","XA:1939","SDG_1041_NOC_RT","2012",47.653,"I",1
"BGD","XA:1939","SDG_1041_NOC_RT","2011",47.657,"I",1
"BGD","XA:1939","SDG_1041_NOC_RT","2010",48.051,"I",1
"BGD","XA:1939","SDG_1041_NOC_RT","2009",48.29,"I",1
"BGD","XA:1939","SDG_1041_NOC_RT","2008",47.833,"I",1
"BGD","XA:1939","SDG_1041_NOC_RT","2007",47.343,"I",1
"BGD","XA:1939","SDG_1041_NOC_RT","2006",47.519,"I",1
"BGD","XA:1939","SDG_1041_NOC_RT","2005",47.573,"I",1
"BGD","XA:1939","SDG_1041_NOC_RT","2004",48.17,"I",1
"BGR","XA:2203","SDG_1041_NOC_RT","2026",50.707,"M",1
"BGR","XA:2203","SDG_1041_NOC_RT","2025",50.717,"M",1
"BGR","XA:2203","SDG_1041_NOC_RT","2024",50.812,"NA",1
"BGR","XA:2203","SDG_1041_NOC_RT","2023",50.677,"NA",1
"BGR","XA:2203","SDG_1041_NOC_RT","2022",49.922,"NA",1
"BGR","XA:2203","SDG_1041_NOC_RT","2021",51.897,"NA",1
"BGR","XA:2203","SDG_1041_NOC_RT","2020",53.428,"NA",1
"BGR","XA:2203","SDG_1041_NOC_RT","2019",54.629,"NA",1
"BGR","XA:2203","SDG_1041_NOC_RT","2018",54.844,"NA",1
"BGR","XA:2203","SDG_1041_NOC_RT","2017",53.669,"NA",1
"BGR","XA:2203","SDG_1041_NOC_RT","2016",52.627,"NA",1
"BGR","XA:2203","SDG_1041_NOC_RT","2015",52.215,"NA",1
"BGR","XA:2203","SDG_1041_NOC_RT","2014",52.067,"NA",1
"BGR","XA:2203","SDG_1041_NOC_RT","2013",49.514,"NA",1
"BGR","XA:2203","SDG_1041_NOC_RT","2012",46.413,"NA",1
"BGR","XA:2203","SDG_1041_NOC_RT","2011",43.026,"NA",1
"BGR","XA:2203","SDG_1041_NOC_RT","2010",44.555,"NA",1
"BGR","XA:2203","SDG_1041_NOC_RT","2009",42.711,"NA",1
"BGR","XA:2203","SDG_1041_NOC_RT","2008",40.161,"NA",1
"BGR","XA:2203","SDG_1041_NOC_RT","2007",38.5,"NA",1
"BGR","XA:2203","SDG_1041_NOC_RT","2006",39.23,"NA",1
"BGR","XA:2203","SDG_1041_NOC_RT","2005",40.913,"NA",1
"BGR","XA:2203","SDG_1041_NOC_RT","2004",42.093,"NA",1
"BHR","XA:2081","SDG_1041_NOC_RT","2026",27.388,"I",1
"BHR","XA:2081","SDG_1041_NOC_RT","2025",27.479,"I",1
"BHR","XA:2081","SDG_1041_NOC_RT","2024",27.549,"I",1
"BHR","XA:2081","SDG_1041_NOC_RT","2023",27.189,"I",1
"BHR","XA:2081","SDG_1041_NOC_RT","2022",25.881,"I",1
"BHR","XA:2081","SDG_1041_NOC_RT","2021",27.309,"I",1
"BHR","XA:2081","SDG_1041_NOC_RT","2020",30.913,"I",1
"BHR","XA:2081","SDG_1041_NOC_RT","2019",29.029,"I",1
"BHR","XA:2081","SDG_1041_NOC_RT","2018",30.273,"I",1
"BHR","XA:2081","SDG_1041_NOC_RT","2017",30.707,"I",1
"BHR","XA:2081","SDG_1041_NOC_RT","2016",31.738,"I",1
"BHR","XA:2081","SDG_1041_NOC_RT","2015",31.647,"I",1
"BHR","XA:2081","SDG_1041_NOC_RT","2014",29.697,"I",1
"BHR","XA:2081","SDG_1041_NOC_RT","2013",28.934,"I",1
"BHR","XA:2081","SDG_1041_NOC_RT","2012",29.348,"I",1
"BHR","XA:2081","SDG_1041_NOC_RT","2011",27.769,"I",1
"BHR","XA:2081","SDG_1041_NOC_RT","2010",29.597,"I",1
"BHR","XA:2081","SDG_1041_NOC_RT","2009",30.639,"I",1
"BHR","XA:2081","SDG_1041_NOC_RT","2008",25.981,"I",1
"BHR","XA:2081","SDG_1041_NOC_RT","2007",26.855,"I",1
"BHR","XA:2081","SDG_1041_NOC_RT","2006",25.87,"I",1
"BHR","XA:2081","SDG_1041_NOC_RT","2005",27.143,"I",1
"BHR","XA:2081","SDG_1041_NOC_RT","2004",29.816,"I",1
"BHS","XA:2097","SDG_1041_NOC_RT","2026",34.423,"I",1
"BHS","XA:2097","SDG_1041_NOC_RT","2025",34.413,"I",1
"BHS","XA:2097","SDG_1041_NOC_RT","2024",34.27,"I",1
"BHS","XA:2097","SDG_1041_NOC_RT","2023",34.316,"I",1
"BHS","XA:2097","SDG_1041_NOC_RT","2022",34.342,"I",1
"BHS","XA:2097","SDG_1041_NOC_RT","2021",35.694,"I",1
"BHS","XA:2097","SDG_1041_NOC_RT","2020",35.488,"I",1
"BHS","XA:2097","SDG_1041_NOC_RT","2019",35.1,"I",1
"BHS","XA:2097","SDG_1041_NOC_RT","2018",35.083,"I",1
"BHS","XA:2097","SDG_1041_NOC_RT","2017",35.305,"I",1
"BHS","XA:2097","SDG_1041_NOC_RT","2016",34.483,"I",1
"BHS","XA:2097","SDG_1041_NOC_RT","2015",33.313,"I",1
"BHS","XA:2097","SDG_1041_NOC_RT","2014",34.676,"I",1
"BHS","XA:2097","SDG_1041_NOC_RT","2013",37.039,"I",1
"BHS","XA:2097","SDG_1041_NOC_RT","2012",38.131,"I",1
"BHS","XA:2097","SDG_1041_NOC_RT","2011",37.656,"I",1
"BHS","XA:2097","SDG_1041_NOC_RT","2010",38.143,"I",1
"BHS","XA:2097","SDG_1041_NOC_RT","2009",38.706,"I",1
"BHS","XA:2097","SDG_1041_NOC_RT","2008",36.63,"I",1
"BHS","XA:2097","SDG_1041_NOC_RT","2007",38.007,"I",1
"BHS","XA:2097","SDG_1041_NOC_RT","2006",39.52,"I",1
"BHS","XA:2097","SDG_1041_NOC_RT","2005",37.495,"I",1
"BHS","XA:2097","SDG_1041_NOC_RT","2004",38.612,"I",1
"BIH","XA:2113","SDG_1041_NOC_RT","2026",56.104,"M",1
"BIH","XA:2113","SDG_1041_NOC_RT","2025",56.168,"M",1
"BIH","XA:2113","SDG_1041_NOC_RT","2024",53.416,"M",1
"BIH","XA:2113","SDG_1041_NOC_RT","2023",54.368,"NA",1
"BIH","XA:2113","SDG_1041_NOC_RT","2022",54.356,"NA",1
"BIH","XA:2113","SDG_1041_NOC_RT","2021",52.794,"NA",1
"BIH","XA:2113","SDG_1041_NOC_RT","2020",53.959,"NA",1
"BIH","XA:2113","SDG_1041_NOC_RT","2019",51.93,"NA",1
"BIH","XA:2113","SDG_1041_NOC_RT","2018",50.425,"NA",1
"BIH","XA:2113","SDG_1041_NOC_RT","2017",51.733,"NA",1
"BIH","XA:2113","SDG_1041_NOC_RT","2016",51.966,"NA",1
"BIH","XA:2113","SDG_1041_NOC_RT","2015",53.334,"NA",1
"BIH","XA:2113","SDG_1041_NOC_RT","2014",54.236,"NA",1
"BIH","XA:2113","SDG_1041_NOC_RT","2013",55.126,"NA",1
"BIH","XA:2113","SDG_1041_NOC_RT","2012",56.369,"NA",1
"BIH","XA:2113","SDG_1041_NOC_RT","2011",54.684,"NA",1
"BIH","XA:2113","SDG_1041_NOC_RT","2010",54.718,"NA",1
"BIH","XA:2113","SDG_1041_NOC_RT","2009",55.497,"NA",1
"BIH","XA:2113","SDG_1041_NOC_RT","2008",53.705,"NA",1
"BIH","XA:2113","SDG_1041_NOC_RT","2007",50.931,"NA",1
"BIH","XA:2113","SDG_1041_NOC_RT","2006",50.019,"NA",1
"BIH","XA:2113","SDG_1041_NOC_RT","2005",51.102,"NA",1
"BIH","XA:2113","SDG_1041_NOC_RT","2004",50.361,"M",1
"BLR","XA:2129","SDG_1041_NOC_RT","2026",54.662,"I",1
"BLR","XA:2129","SDG_1041_NOC_RT","2025",54.564,"I",1
"BLR","XA:2129","SDG_1041_NOC_RT","2024",54.162,"I",1
"BLR","XA:2129","SDG_1041_NOC_RT","2023",51.766,"I",1
"BLR","XA:2129","SDG_1041_NOC_RT","2022",50.47,"I",1
"BLR","XA:2129","SDG_1041_NOC_RT","2021",49.502,"I",1
"BLR","XA:2129","SDG_1041_NOC_RT","2020",51.722,"I",1
"BLR","XA:2129","SDG_1041_NOC_RT","2019",51.693,"I",1
"BLR","XA:2129","SDG_1041_NOC_RT","2018",50.331,"I",1
"BLR","XA:2129","SDG_1041_NOC_RT","2017",49.84,"I",1
"BLR","XA:2129","SDG_1041_NOC_RT","2016",49.973,"I",1
"BLR","XA:2129","SDG_1041_NOC_RT","2015",50.494,"I",1
"BLR","XA:2129","SDG_1041_NOC_RT","2014",52.204,"I",1
"BLR","XA:2129","SDG_1041_NOC_RT","2013",53.505,"I",1
"BLR","XA:2129","SDG_1041_NOC_RT","2012",45.997,"I",1
"BLR","XA:2129","SDG_1041_NOC_RT","2011",43.34,"I",1
"BLR","XA:2129","SDG_1041_NOC_RT","2010",50.89,"I",1
"BLR","XA:2129","SDG_1041_NOC_RT","2009",49.252,"I",1
"BLR","XA:2129","SDG_1041_NOC_RT","2008",46.791,"I",1
"BLR","XA:2129","SDG_1041_NOC_RT","2007",48.384,"I",1
"BLR","XA:2129","SDG_1041_NOC_RT","2006",49.866,"I",1
"BLR","XA:2129","SDG_1041_NOC_RT","2005",48.152,"I",1
"BLR","XA:2129","SDG_1041_NOC_RT","2004",46.375,"I",1
"BLZ","XA:2145","SDG_1041_NOC_RT","2026",46.088,"I",1
"BLZ","XA:2145","SDG_1041_NOC_RT","2025",46.187,"I",1
"BLZ","XA:2145","SDG_1041_NOC_RT","2024",45.952,"I",1
"BLZ","XA:2145","SDG_1041_NOC_RT","2023",46.302,"I",1
"BLZ","XA:2145","SDG_1041_NOC_RT","2022",45.321,"I",1
"BLZ","XA:2145","SDG_1041_NOC_RT","2021",46.931,"I",1
"BLZ","XA:2145","SDG_1041_NOC_RT","2020",48.856,"I",1
"BLZ","XA:2145","SDG_1041_NOC_RT","2019",46.851,"I",1
"BLZ","XA:2145","SDG_1041_NOC_RT","2018",45.787,"I",1
"BLZ","XA:2145","SDG_1041_NOC_RT","2017",46.329,"I",1
"BLZ","XA:2145","SDG_1041_NOC_RT","2016",46.315,"I",1
"BLZ","XA:2145","SDG_1041_NOC_RT","2015",46.145,"I",1
"BLZ","XA:2145","SDG_1041_NOC_RT","2014",46.112,"I",1
"BLZ","XA:2145","SDG_1041_NOC_RT","2013",46.306,"I",1
"BLZ","XA:2145","SDG_1041_NOC_RT","2012",46.379,"I",1
"BLZ","XA:2145","SDG_1041_NOC_RT","2011",46.777,"I",1
"BLZ","XA:2145","SDG_1041_NOC_RT","2010",46.643,"I",1
"BLZ","XA:2145","SDG_1041_NOC_RT","2009",46.794,"I",1
"BLZ","XA:2145","SDG_1041_NOC_RT","2008",46.921,"I",1
"BLZ","XA:2145","SDG_1041_NOC_RT","2007",46.419,"I",1
"BLZ","XA:2145","SDG_1041_NOC_RT","2006",46.303,"I",1
"BLZ","XA:2145","SDG_1041_NOC_RT","2005",46.533,"I",1
"BLZ","XA:2145","SDG_1041_NOC_RT","2004",46.281,"I",1
"BOL","XA:1907","SDG_1041_NOC_RT","2026",55.36,"M",1
"BOL","XA:1907","SDG_1041_NOC_RT","2025",55.381,"M",1
"BOL","XA:1907","SDG_1041_NOC_RT","2024",55.192,"M",1
"BOL","XA:1907","SDG_1041_NOC_RT","2023",54.025,"M",1
"BOL","XA:1907","SDG_1041_NOC_RT","2022",54.645,"M",1
"BOL","XA:1907","SDG_1041_NOC_RT","2021",54.991,"M",1
"BOL","XA:1907","SDG_1041_NOC_RT","2020",56.134,"M",1
"BOL","XA:1907","SDG_1041_NOC_RT","2019",54.98,"M",1
"BOL","XA:1907","SDG_1041_NOC_RT","2018",54.729,"M",1
"BOL","XA:1907","SDG_1041_NOC_RT","2017",54.435,"M",1
"BOL","XA:1907","SDG_1041_NOC_RT","2016",54.298,"M",1
"BOL","XA:1907","SDG_1041_NOC_RT","2015",52.799,"NA",1
"BOL","XA:1907","SDG_1041_NOC_RT","2014",50.102,"NA",1
"BOL","XA:1907","SDG_1041_NOC_RT","2013",44.771,"NA",1
"BOL","XA:1907","SDG_1041_NOC_RT","2012",43.367,"NA",1
"BOL","XA:1907","SDG_1041_NOC_RT","2011",44.954,"NA",1
"BOL","XA:1907","SDG_1041_NOC_RT","2010",45.116,"NA",1
"BOL","XA:1907","SDG_1041_NOC_RT","2009",46.868,"NA",1
"BOL","XA:1907","SDG_1041_NOC_RT","2008",44.359,"NA",1
"BOL","XA:1907","SDG_1041_NOC_RT","2007",47.558,"NA",1
"BOL","XA:1907","SDG_1041_NOC_RT","2006",49.795,"NA",1
"BOL","XA:1907","SDG_1041_NOC_RT","2005",56.786,"NA",1
"BOL","XA:1907","SDG_1041_NOC_RT","2004",58.847,"NA",1
"BRA","XA:2002","SDG_1041_NOC_RT","2026",59.586,"M",1
"BRA","XA:2002","SDG_1041_NOC_RT","2025",59.5,"M",1
"BRA","XA:2002","SDG_1041_NOC_RT","2024",59.281,"M",1
"BRA","XA:2002","SDG_1041_NOC_RT","2023",59.448,"M",1
"BRA","XA:2002","SDG_1041_NOC_RT","2022",59.414,"M",1
"BRA","XA:2002","SDG_1041_NOC_RT","2021",57.937,"NA",1
"BRA","XA:2002","SDG_1041_NOC_RT","2020",58.221,"NA",1
"BRA","XA:2002","SDG_1041_NOC_RT","2019",60.445,"NA",1
"BRA","XA:2002","SDG_1041_NOC_RT","2018",60.472,"NA",1
"BRA","XA:2002","SDG_1041_NOC_RT","2017",61.166,"NA",1
"BRA","XA:2002","SDG_1041_NOC_RT","2016",61.222,"NA",1
"BRA","XA:2002","SDG_1041_NOC_RT","2015",61.387,"NA",1
"BRA","XA:2002","SDG_1041_NOC_RT","2014",59.592,"NA",1
"BRA","XA:2002","SDG_1041_NOC_RT","2013",58.95,"NA",1
"BRA","XA:2002","SDG_1041_NOC_RT","2012",57.796,"NA",1
"BRA","XA:2002","SDG_1041_NOC_RT","2011",57.538,"NA",1
"BRA","XA:2002","SDG_1041_NOC_RT","2010",57.12,"NA",1
"BRA","XA:2002","SDG_1041_NOC_RT","2009",58.4,"NA",1
"BRA","XA:2002","SDG_1041_NOC_RT","2008",56.702,"NA",1
"BRA","XA:2002","SDG_1041_NOC_RT","2007",56.023,"NA",1
"BRA","XA:2002","SDG_1041_NOC_RT","2006",57.343,"NA",1
"BRA","XA:2002","SDG_1041_NOC_RT","2005",56.1,"NA",1
"BRA","XA:2002","SDG_1041_NOC_RT","2004",55.27,"NA",1
"BRB","XA:2193","SDG_1041_NOC_RT","2026",55.643,"I",1
"BRB","XA:2193","SDG_1041_NOC_RT","2025",55.581,"I",1
"BRB","XA:2193","SDG_1041_NOC_RT","2024",55.425,"I",1
"BRB","XA:2193","SDG_1041_NOC_RT","2023",55.407,"I",1
"BRB","XA:2193","SDG_1041_NOC_RT","2022",53.835,"I",1
"BRB","XA:2193","SDG_1041_NOC_RT","2021",55.564,"I",1
"BRB","XA:2193","SDG_1041_NOC_RT","2020",58.924,"I",1
"BRB","XA:2193","SDG_1041_NOC_RT","2019",55.943,"I",1
"BRB","XA:2193","SDG_1041_NOC_RT","2018",56.118,"I",1
"BRB","XA:2193","SDG_1041_NOC_RT","2017",55.982,"I",1
"BRB","XA:2193","SDG_1041_NOC_RT","2016",55.798,"I",1
"BRB","XA:2193","SDG_1041_NOC_RT","2015",56.04,"I",1
"BRB","XA:2193","SDG_1041_NOC_RT","2014",55.958,"I",1
"BRB","XA:2193","SDG_1041_NOC_RT","2013",56.073,"I",1
"BRB","XA:2193","SDG_1041_NOC_RT","2012",56.006,"I",1
"BRB","XA:2193","SDG_1041_NOC_RT","2011",56.047,"I",1
"BRB","XA:2193","SDG_1041_NOC_RT","2010",56.192,"I",1
"BRB","XA:2193","SDG_1041_NOC_RT","2009",56.464,"I",1
"BRB","XA:2193","SDG_1041_NOC_RT","2008",55.911,"I",1
"BRB","XA:2193","SDG_1041_NOC_RT","2007",55.767,"I",1
"BRB","XA:2193","SDG_1041_NOC_RT","2006",55.372,"I",1
"BRB","XA:2193","SDG_1041_NOC_RT","2005",55.573,"I",1
"BRB","XA:2193","SDG_1041_NOC_RT","2004",55.814,"I",1
"BRN","XA:2014","SDG_1041_NOC_RT","2026",33.039,"M",1
"BRN","XA:2014","SDG_1041_NOC_RT","2025",33.21,"M",1
"BRN","XA:2014","SDG_1041_NOC_RT","2024",32.365,"NA",1
"BRN","XA:2014","SDG_1041_NOC_RT","2023",32.012,"NA",1
"BRN","XA:2014","SDG_1041_NOC_RT","2022",27.272,"NA",1
"BRN","XA:2014","SDG_1041_NOC_RT","2021",32.021,"NA",1
"BRN","XA:2014","SDG_1041_NOC_RT","2020",35.803,"NA",1
"BRN","XA:2014","SDG_1041_NOC_RT","2019",31.733,"NA",1
"BRN","XA:2014","SDG_1041_NOC_RT","2018",30.691,"NA",1
"BRN","XA:2014","SDG_1041_NOC_RT","2017",32.372,"NA",1
"BRN","XA:2014","SDG_1041_NOC_RT","2016",34.526,"NA",1
"BRN","XA:2014","SDG_1041_NOC_RT","2015",30.621,"NA",1
"BRN","XA:2014","SDG_1041_NOC_RT","2014",25.598,"NA",1
"BRN","XA:2014","SDG_1041_NOC_RT","2013",23.539,"NA",1
"BRN","XA:2014","SDG_1041_NOC_RT","2012",22.282,"NA",1
"BRN","XA:2014","SDG_1041_NOC_RT","2011",21.565,"NA",1
"BRN","XA:2014","SDG_1041_NOC_RT","2010",26.808,"NA",1
"BRN","XA:2014","SDG_1041_NOC_RT","2009",28.386,"M",1
"BRN","XA:2014","SDG_1041_NOC_RT","2008",29.055,"M",1
"BRN","XA:2014","SDG_1041_NOC_RT","2007",29.004,"M",1
"BRN","XA:2014","SDG_1041_NOC_RT","2006",26.317,"M",1
"BRN","XA:2014","SDG_1041_NOC_RT","2005",27.716,"M",1
"BRN","XA:2014","SDG_1041_NOC_RT","2004",27.68,"M",1
"BTN","XA:1872","SDG_1041_NOC_RT","2026",48.229,"M",1
"BTN","XA:1872","SDG_1041_NOC_RT","2025",48.314,"M",1
"BTN","XA:1872","SDG_1041_NOC_RT","2024",48.713,"M",1
"BTN","XA:1872","SDG_1041_NOC_RT","2023",48.594,"M",1
"BTN","XA:1872","SDG_1041_NOC_RT","2022",48.635,"M",1
"BTN","XA:1872","SDG_1041_NOC_RT","2021",48.757,"M",1
"BTN","XA:1872","SDG_1041_NOC_RT","2020",50.81,"NA",1
"BTN","XA:1872","SDG_1041_NOC_RT","2019",49.582,"NA",1
"BTN","XA:1872","SDG_1041_NOC_RT","2018",51.317,"NA",1
"BTN","XA:1872","SDG_1041_NOC_RT","2017",51.504,"NA",1
"BTN","XA:1872","SDG_1041_NOC_RT","2016",50.657,"NA",1
"BTN","XA:1872","SDG_1041_NOC_RT","2015",50.9,"NA",1
"BTN","XA:1872","SDG_1041_NOC_RT","2014",50.896,"NA",1
"BTN","XA:1872","SDG_1041_NOC_RT","2013",51.417,"NA",1
"BTN","XA:1872","SDG_1041_NOC_RT","2012",50.929,"NA",1
"BTN","XA:1872","SDG_1041_NOC_RT","2011",50.467,"NA",1
"BTN","XA:1872","SDG_1041_NOC_RT","2010",49.895,"NA",1
"BTN","XA:1872","SDG_1041_NOC_RT","2009",50.45,"NA",1
"BTN","XA:1872","SDG_1041_NOC_RT","2008",50.851,"NA",1
"BTN","XA:1872","SDG_1041_NOC_RT","2007",49.294,"NA",1
"BTN","XA:1872","SDG_1041_NOC_RT","2006",50.671,"NA",1
"BTN","XA:1872","SDG_1041_NOC_RT","2005",50.483,"NA",1
"BTN","XA:1872","SDG_1041_NOC_RT","2004",50.708,"NA",1
"BWA","XA:2030","SDG_1041_NOC_RT","2026",39.745,"M",1
"BWA","XA:2030","SDG_1041_NOC_RT","2025",40.045,"M",1
"BWA","XA:2030","SDG_1041_NOC_RT","2024",40.354,"M",1
"BWA","XA:2030","SDG_1041_NOC_RT","2023",39.463,"NA",1
"BWA","XA:2030","SDG_1041_NOC_RT","2022",37.089,"NA",1
"BWA","XA:2030","SDG_1041_NOC_RT","2021",41.027,"NA",1
"BWA","XA:2030","SDG_1041_NOC_RT","2020",45.603,"NA",1
"BWA","XA:2030","SDG_1041_NOC_RT","2019",41.291,"NA",1
"BWA","XA:2030","SDG_1041_NOC_RT","2018",38.938,"NA",1
"BWA","XA:2030","SDG_1041_NOC_RT","2017",38.042,"NA",1
"BWA","XA:2030","SDG_1041_NOC_RT","2016",36.557,"NA",1
"BWA","XA:2030","SDG_1041_NOC_RT","2015",40.789,"NA",1
"BWA","XA:2030","SDG_1041_NOC_RT","2014",37.694,"NA",1
"BWA","XA:2030","SDG_1041_NOC_RT","2013",40.563,"NA",1
"BWA","XA:2030","SDG_1041_NOC_RT","2012",41.483,"NA",1
"BWA","XA:2030","SDG_1041_NOC_RT","2011",36.322,"NA",1
"BWA","XA:2030","SDG_1041_NOC_RT","2010",37.518,"NA",1
"BWA","XA:2030","SDG_1041_NOC_RT","2009",31.07,"NA",1
"BWA","XA:2030","SDG_1041_NOC_RT","2008",27.752,"NA",1
"BWA","XA:2030","SDG_1041_NOC_RT","2007",27.248,"NA",1
"BWA","XA:2030","SDG_1041_NOC_RT","2006",28.203,"NA",1
"BWA","XA:2030","SDG_1041_NOC_RT","2005",29.439,"NA",1
"BWA","XA:2030","SDG_1041_NOC_RT","2004",32.895,"NA",1
"CAF","XA:1849","SDG_1041_NOC_RT","2026",31.249,"I",1
"CAF","XA:1849","SDG_1041_NOC_RT","2025",31.267,"I",1
"CAF","XA:1849","SDG_1041_NOC_RT","2024",31.388,"I",1
"CAF","XA:1849","SDG_1041_NOC_RT","2023",31.603,"I",1
"CAF","XA:1849","SDG_1041_NOC_RT","2022",31.537,"I",1
"CAF","XA:1849","SDG_1041_NOC_RT","2021",31.035,"I",1
"CAF","XA:1849","SDG_1041_NOC_RT","2020",30.339,"I",1
"CAF","XA:1849","SDG_1041_NOC_RT","2019",31.308,"I",1
"CAF","XA:1849","SDG_1041_NOC_RT","2018",31.276,"I",1
"CAF","XA:1849","SDG_1041_NOC_RT","2017",31.223,"I",1
"CAF","XA:1849","SDG_1041_NOC_RT","2016",31.201,"I",1
"CAF","XA:1849","SDG_1041_NOC_RT","2015",31.215,"I",1
"CAF","XA:1849","SDG_1041_NOC_RT","2014",31.588,"I",1
"CAF","XA:1849","SDG_1041_NOC_RT","2013",35.121,"I",1
"CAF","XA:1849","SDG_1041_NOC_RT","2012",30.867,"I",1
"CAF","XA:1849","SDG_1041_NOC_RT","2011",31.025,"I",1
"CAF","XA:1849","SDG_1041_NOC_RT","2010",31.045,"I",1
"CAF","XA:1849","SDG_1041_NOC_RT","2009",30.705,"I",1
"CAF","XA:1849","SDG_1041_NOC_RT","2008",31.399,"I",1
"CAF","XA:1849","SDG_1041_NOC_RT","2007",31.154,"I",1
"CAF","XA:1849","SDG_1041_NOC_RT","2006",31.154,"I",1
"CAF","XA:1849","SDG_1041_NOC_RT","2005",31.546,"I",1
"CAF","XA:1849","SDG_1041_NOC_RT","2004",31.033,"I",1
"CAN","XA:1935","SDG_1041_NOC_RT","2026",58.603,"M",1
"CAN","XA:1935","SDG_1041_NOC_RT","2025",58.697,"M",1
"CAN","XA:1935","SDG_1041_NOC_RT","2024",59.02,"NA",1
"CAN","XA:1935","SDG_1041_NOC_RT","2023",58.495,"NA",1
"CAN","XA:1935","SDG_1041_NOC_RT","2022",56.72,"NA",1
"CAN","XA:1935","SDG_1041_NOC_RT","2021",58.753,"NA",1
"CAN","XA:1935","SDG_1041_NOC_RT","2020",61.58,"NA",1
"CAN","XA:1935","SDG_1041_NOC_RT","2019",60.55,"NA",1
"CAN","XA:1935","SDG_1041_NOC_RT","2018",60.471,"NA",1
"CAN","XA:1935","SDG_1041_NOC_RT","2017",59.92,"NA",1
"CAN","XA:1935","SDG_1041_NOC_RT","2016",60.906,"NA",1
"CAN","XA:1935","SDG_1041_NOC_RT","2015",62.05,"NA",1
"CAN","XA:1935","SDG_1041_NOC_RT","2014",60.055,"NA",1
"CAN","XA:1935","SDG_1041_NOC_RT","2013",61.041,"NA",1
"CAN","XA:1935","SDG_1041_NOC_RT","2012",61.055,"NA",1
"CAN","XA:1935","SDG_1041_NOC_RT","2011",60.114,"NA",1
"CAN","XA:1935","SDG_1041_NOC_RT","2010",61.048,"NA",1
"CAN","XA:1935","SDG_1041_NOC_RT","2009",63.188,"NA",1
"CAN","XA:1935","SDG_1041_NOC_RT","2008",60.247,"NA",1
"CAN","XA:1935","SDG_1041_NOC_RT","2007",60.681,"NA",1
"CAN","XA:1935","SDG_1041_NOC_RT","2006",60.003,"NA",1
"CAN","XA:1935","SDG_1041_NOC_RT","2005",59.567,"NA",1
"CAN","XA:1935","SDG_1041_NOC_RT","2004",60.092,"NA",1
"CHA","XA:2232","SDG_1041_NOC_RT","2026",54.541,"I",1
"CHA","XA:2232","SDG_1041_NOC_RT","2025",54.534,"I",1
"CHA","XA:2232","SDG_1041_NOC_RT","2024",54.562,"I",1
"CHA","XA:2232","SDG_1041_NOC_RT","2023",54.127,"I",1
"CHA","XA:2232","SDG_1041_NOC_RT","2022",53.855,"I",1
"CHA","XA:2232","SDG_1041_NOC_RT","2021",54.188,"I",1
"CHA","XA:2232","SDG_1041_NOC_RT","2020",57.602,"I",1
"CHA","XA:2232","SDG_1041_NOC_RT","2019",54.4,"I",1
"CHA","XA:2232","SDG_1041_NOC_RT","2018",54.463,"I",1
"CHA","XA:2232","SDG_1041_NOC_RT","2017",54.367,"I",1
"CHA","XA:2232","SDG_1041_NOC_RT","2016",54.452,"I",1
"CHA","XA:2232","SDG_1041_NOC_RT","2015",54.573,"I",1
"CHA","XA:2232","SDG_1041_NOC_RT","2014",54.287,"I",1
"CHA","XA:2232","SDG_1041_NOC_RT","2013",54.565,"I",1
"CHA","XA:2232","SDG_1041_NOC_RT","2012",55.454,"I",1
"CHA","XA:2232","SDG_1041_NOC_RT","2011",54.487,"I",1
"CHA","XA:2232","SDG_1041_NOC_RT","2010",55.163,"I",1
"CHA","XA:2232","SDG_1041_NOC_RT","2009",55.313,"I",1
"CHA","XA:2232","SDG_1041_NOC_RT","2008",54.7,"I",1
"CHA","XA:2232","SDG_1041_NOC_RT","2007",54.298,"I",1
"CHA","XA:2232","SDG_1041_NOC_RT","2006",54.335,"I",1
"CHA","XA:2232","SDG_1041_NOC_RT","2005",54.284,"I",1
"CHA","XA:2232","SDG_1041_NOC_RT","2004",54.32,"I",1
"CHE","XA:2054","SDG_1041_NOC_RT","2026",71.065,"M",1
"CHE","XA:2054","SDG_1041_NOC_RT","2025",71.172,"M",1
"CHE","XA:2054","SDG_1041_NOC_RT","2024",71.282,"M",1
"CHE","XA:2054","SDG_1041_NOC_RT","2023",70.172,"NA",1
"CHE","XA:2054","SDG_1041_NOC_RT","2022",69.41,"NA",1
"CHE","XA:2054","SDG_1041_NOC_RT","2021",69.225,"NA",1
"CHE","XA:2054","SDG_1041_NOC_RT","2020",68.966,"NA",1
"CHE","XA:2054","SDG_1041_NOC_RT","2019",68.019,"NA",1
"CHE","XA:2054","SDG_1041_NOC_RT","2018",67.734,"NA",1
"CHE","XA:2054","SDG_1041_NOC_RT","2017",68.987,"NA",1
"CHE","XA:2054","SDG_1041_NOC_RT","2016",68.223,"NA",1
"CHE","XA:2054","SDG_1041_NOC_RT","2015",68.808,"NA",1
"CHE","XA:2054","SDG_1041_NOC_RT","2014",68.274,"NA",1
"CHE","XA:2054","SDG_1041_NOC_RT","2013",68.68,"NA",1
"CHE","XA:2054","SDG_1041_NOC_RT","2012",67.486,"NA",1
"CHE","XA:2054","SDG_1041_NOC_RT","2011",66.591,"NA",1
"CHE","XA:2054","SDG_1041_NOC_RT","2010",66.269,"NA",1
"CHE","XA:2054","SDG_1041_NOC_RT","2009",68.288,"NA",1
"CHE","XA:2054","SDG_1041_NOC_RT","2008",66.443,"NA",1
"CHE","XA:2054","SDG_1041_NOC_RT","2007",66.325,"NA",1
"CHE","XA:2054","SDG_1041_NOC_RT","2006",66.894,"NA",1
"CHE","XA:2054","SDG_1041_NOC_RT","2005",68.663,"NA",1
"CHE","XA:2054","SDG_1041_NOC_RT","2004",69.285,"NA",1
"CHL","XA:1943","SDG_1041_NOC_RT","2026",51.92,"M",1
"CHL","XA:1943","SDG_1041_NOC_RT","2025",51.833,"M",1
"CHL","XA:1943","SDG_1041_NOC_RT","2024",51.806,"M",1
"CHL","XA:1943","SDG_1041_NOC_RT","2023",54.139,"NA",1
"CHL","XA:1943","SDG_1041_NOC_RT","2022",52.444,"NA",1
"CHL","XA:1943","SDG_1041_NOC_RT","2021",49.884,"NA",1
"CHL","XA:1943","SDG_1041_NOC_RT","2020",51.854,"NA",1
"CHL","XA:1943","SDG_1041_NOC_RT","2019",54.908,"NA",1
"CHL","XA:1943","SDG_1041_NOC_RT","2018",54.274,"NA",1
"CHL","XA:1943","SDG_1041_NOC_RT","2017",52.073,"NA",1
"CHL","XA:1943","SDG_1041_NOC_RT","2016",51.768,"NA",1
"CHL","XA:1943","SDG_1041_NOC_RT","2015",50.98,"NA",1
"CHL","XA:1943","SDG_1041_NOC_RT","2014",50.547,"NA",1
"CHL","XA:1943","SDG_1041_NOC_RT","2013",49.741,"NA",1
"CHL","XA:1943","SDG_1041_NOC_RT","2012",49.388,"NA",1
"CHL","XA:1943","SDG_1041_NOC_RT","2011",48.485,"NA",1
"CHL","XA:1943","SDG_1041_NOC_RT","2010",47.588,"NA",1
"CHL","XA:1943","SDG_1041_NOC_RT","2009",51.098,"NA",1
"CHL","XA:1943","SDG_1041_NOC_RT","2008",50.709,"NA",1
"CHL","XA:1943","SDG_1041_NOC_RT","2007",46.207,"NA",1
"CHL","XA:1943","SDG_1041_NOC_RT","2006",46.742,"NA",1
"CHL","XA:1943","SDG_1041_NOC_RT","2005",52.19,"NA",1
"CHL","XA:1943","SDG_1041_NOC_RT","2004",55.213,"NA",1
"CHN","XA:2070","SDG_1041_NOC_RT","2026",51.346,"I",1
"CHN","XA:2070","SDG_1041_NOC_RT","2025",51.228,"I",1
"CHN","XA:2070","SDG_1041_NOC_RT","2024",51.165,"I",1
"CHN","XA:2070","SDG_1041_NOC_RT","2023",51.062,"I",1
"CHN","XA:2070","SDG_1041_NOC_RT","2022",51.602,"I",1
"CHN","XA:2070","SDG_1041_NOC_RT","2021",50.977,"I",1
"CHN","XA:2070","SDG_1041_NOC_RT","2020",51.758,"I",1
"CHN","XA:2070","SDG_1041_NOC_RT","2019",51.419,"I",1
"CHN","XA:2070","SDG_1041_NOC_RT","2018",51.241,"I",1
"CHN","XA:2070","SDG_1041_NOC_RT","2017",51.345,"I",1
"CHN","XA:2070","SDG_1041_NOC_RT","2016",51.515,"I",1
"CHN","XA:2070","SDG_1041_NOC_RT","2015",51.613,"I",1
"CHN","XA:2070","SDG_1041_NOC_RT","2014",51.666,"I",1
"CHN","XA:2070","SDG_1041_NOC_RT","2013",51.731,"I",1
"CHN","XA:2070","SDG_1041_NOC_RT","2012",51.734,"I",1
"CHN","XA:2070","SDG_1041_NOC_RT","2011",51.348,"I",1
"CHN","XA:2070","SDG_1041_NOC_RT","2010",51.112,"I",1
"CHN","XA:2070","SDG_1041_NOC_RT","2009",51.45,"I",1
"CHN","XA:2070","SDG_1041_NOC_RT","2008",51.423,"I",1
"CHN","XA:2070","SDG_1041_NOC_RT","2007",50.331,"I",1
"CHN","XA:2070","SDG_1041_NOC_RT","2006",50.741,"I",1
"CHN","XA:2070","SDG_1041_NOC_RT","2005",51.104,"I",1
"CHN","XA:2070","SDG_1041_NOC_RT","2004",51.455,"I",1
"CIV","XA:1950","SDG_1041_NOC_RT","2026",30.955,"M",1
"CIV","XA:1950","SDG_1041_NOC_RT","2025",30.955,"M",1
"CIV","XA:1950","SDG_1041_NOC_RT","2024",31.08,"M",1
"CIV","XA:1950","SDG_1041_NOC_RT","2023",30.996,"M",1
"CIV","XA:1950","SDG_1041_NOC_RT","2022",31.034,"M",1
"CIV","XA:1950","SDG_1041_NOC_RT","2021",30.098,"M",1
"CIV","XA:1950","SDG_1041_NOC_RT","2020",30.077,"M",1
"CIV","XA:1950","SDG_1041_NOC_RT","2019",30.284,"M",1
"CIV","XA:1950","SDG_1041_NOC_RT","2018",30.544,"M",1
"CIV","XA:1950","SDG_1041_NOC_RT","2017",29.697,"M",1
"CIV","XA:1950","SDG_1041_NOC_RT","2016",29.604,"M",1
"CIV","XA:1950","SDG_1041_NOC_RT","2015",29.706,"M",1
"CIV","XA:1950","SDG_1041_NOC_RT","2014",29.277,"M",1
"CIV","XA:1950","SDG_1041_NOC_RT","2013",29.05,"NA",1
"CIV","XA:1950","SDG_1041_NOC_RT","2012",29.019,"NA",1
"CIV","XA:1950","SDG_1041_NOC_RT","2011",28.327,"NA",1
"CIV","XA:1950","SDG_1041_NOC_RT","2010",30.887,"NA",1
"CIV","XA:1950","SDG_1041_NOC_RT","2009",30.788,"NA",1
"CIV","XA:1950","SDG_1041_NOC_RT","2008",30.192,"NA",1
"CIV","XA:1950","SDG_1041_NOC_RT","2007",32.492,"NA",1
"CIV","XA:1950","SDG_1041_NOC_RT","2006",32.167,"NA",1
"CIV","XA:1950","SDG_1041_NOC_RT","2005",32.228,"NA",1
"CIV","XA:1950","SDG_1041_NOC_RT","2004",31.693,"M",1
"CMR","XA:2085","SDG_1041_NOC_RT","2026",44.272,"M",1
"CMR","XA:2085","SDG_1041_NOC_RT","2025",44.374,"M",1
"CMR","XA:2085","SDG_1041_NOC_RT","2024",44.581,"M",1
"CMR","XA:2085","SDG_1041_NOC_RT","2023",44.712,"NA",1
"CMR","XA:2085","SDG_1041_NOC_RT","2022",44.449,"NA",1
"CMR","XA:2085","SDG_1041_NOC_RT","2021",44.974,"NA",1
"CMR","XA:2085","SDG_1041_NOC_RT","2020",44.897,"NA",1
"CMR","XA:2085","SDG_1041_NOC_RT","2019",44.713,"NA",1
"CMR","XA:2085","SDG_1041_NOC_RT","2018",45.272,"NA",1
"CMR","XA:2085","SDG_1041_NOC_RT","2017",47.072,"NA",1
"CMR","XA:2085","SDG_1041_NOC_RT","2016",48.162,"NA",1
"CMR","XA:2085","SDG_1041_NOC_RT","2015",48.638,"NA",1
"CMR","XA:2085","SDG_1041_NOC_RT","2014",51.783,"NA",1
"CMR","XA:2085","SDG_1041_NOC_RT","2013",51.932,"NA",1
"CMR","XA:2085","SDG_1041_NOC_RT","2012",51.519,"NA",1
"CMR","XA:2085","SDG_1041_NOC_RT","2011",52.888,"NA",1
"CMR","XA:2085","SDG_1041_NOC_RT","2010",52.944,"NA",1
"CMR","XA:2085","SDG_1041_NOC_RT","2009",51.755,"NA",1
"CMR","XA:2085","SDG_1041_NOC_RT","2008",53.304,"NA",1
"CMR","XA:2085","SDG_1041_NOC_RT","2007",53.91,"NA",1
"CMR","XA:2085","SDG_1041_NOC_RT","2006",53.645,"NA",1
"CMR","XA:2085","SDG_1041_NOC_RT","2005",54.161,"NA",1
"CMR","XA:2085","SDG_1041_NOC_RT","2004",51.956,"NA",1
"COD","XA:2093","SDG_1041_NOC_RT","2026",37.743,"I",1
"COD","XA:2093","SDG_1041_NOC_RT","2025",37.744,"I",1
"COD","XA:2093","SDG_1041_NOC_RT","2024",37.435,"I",1
"COD","XA:2093","SDG_1041_NOC_RT","2023",36.893,"I",1
"COD","XA:2093","SDG_1041_NOC_RT","2022",36.71,"I",1
"COD","XA:2093","SDG_1041_NOC_RT","2021",37.394,"I",1
"COD","XA:2093","SDG_1041_NOC_RT","2020",37.107,"I",1
"COD","XA:2093","SDG_1041_NOC_RT","2019",38.194,"I",1
"COD","XA:2093","SDG_1041_NOC_RT","2018",37.805,"I",1
"COD","XA:2093","SDG_1041_NOC_RT","2017",38.272,"I",1
"COD","XA:2093","SDG_1041_NOC_RT","2016",38.55,"I",1
"COD","XA:2093","SDG_1041_NOC_RT","2015",36.987,"I",1
"COD","XA:2093","SDG_1041_NOC_RT","2014",35.917,"I",1
"COD","XA:2093","SDG_1041_NOC_RT","2013",35.711,"I",1
"COD","XA:2093","SDG_1041_NOC_RT","2012",35.599,"I",1
"COD","XA:2093","SDG_1041_NOC_RT","2011",35.645,"I",1
"COD","XA:2093","SDG_1041_NOC_RT","2010",35.589,"I",1
"COD","XA:2093","SDG_1041_NOC_RT","2009",36.624,"I",1
"COD","XA:2093","SDG_1041_NOC_RT","2008",35.809,"I",1
"COD","XA:2093","SDG_1041_NOC_RT","2007",35.821,"I",1
"COD","XA:2093","SDG_1041_NOC_RT","2006",36.066,"I",1
"COD","XA:2093","SDG_1041_NOC_RT","2005",35.883,"I",1
"COD","XA:2093","SDG_1041_NOC_RT","2004",35.753,"I",1
"COG","XA:2101","SDG_1041_NOC_RT","2026",44.046,"I",1
"COG","XA:2101","SDG_1041_NOC_RT","2025",44.064,"I",1
"COG","XA:2101","SDG_1041_NOC_RT","2024",44.14,"I",1
"COG","XA:2101","SDG_1041_NOC_RT","2023",44.169,"I",1
"COG","XA:2101","SDG_1041_NOC_RT","2022",44.197,"I",1
"COG","XA:2101","SDG_1041_NOC_RT","2021",43.65,"I",1
"COG","XA:2101","SDG_1041_NOC_RT","2020",44.299,"I",1
"COG","XA:2101","SDG_1041_NOC_RT","2019",44.343,"I",1
"COG","XA:2101","SDG_1041_NOC_RT","2018",44.685,"I",1
"COG","XA:2101","SDG_1041_NOC_RT","2017",45.021,"I",1
"COG","XA:2101","SDG_1041_NOC_RT","2016",45.332,"I",1
"COG","XA:2101","SDG_1041_NOC_RT","2015",44.458,"I",1
"COG","XA:2101","SDG_1041_NOC_RT","2014",43.872,"I",1
"COG","XA:2101","SDG_1041_NOC_RT","2013",44.605,"I",1
"COG","XA:2101","SDG_1041_NOC_RT","2012",43.588,"I",1
"COG","XA:2101","SDG_1041_NOC_RT","2011",44.356,"I",1
"COG","XA:2101","SDG_1041_NOC_RT","2010",43.619,"I",1
"COG","XA:2101","SDG_1041_NOC_RT","2009",43.475,"I",1
"COG","XA:2101","SDG_1041_NOC_RT","2008",43.996,"I",1
"COG","XA:2101","SDG_1041_NOC_RT","2007",45.256,"I",1
"COG","XA:2101","SDG_1041_NOC_RT","2006",43.836,"I",1
"COG","XA:2101","SDG_1041_NOC_RT","2005",43.875,"I",1
"COG","XA:2101","SDG_1041_NOC_RT","2004",44.295,"I",1
"COL","XA:2109","SDG_1041_NOC_RT","2026",50.576,"M",1
"COL","XA:2109","SDG_1041_NOC_RT","2025",50.537,"M",1
"COL","XA:2109","SDG_1041_NOC_RT","2024",50.634,"NA",1
"COL","XA:2109","SDG_1041_NOC_RT","2023",49.852,"NA",1
"COL","XA:2109","SDG_1041_NOC_RT","2022",47.419,"NA",1
"COL","XA:2109","SDG_1041_NOC_RT","2021",51.832,"NA",1
"COL","XA:2109","SDG_1041_NOC_RT","2020",56.842,"NA",1
"COL","XA:2109","SDG_1041_NOC_RT","2019",52.295,"NA",1
"COL","XA:2109","SDG_1041_NOC_RT","2018",53.202,"NA",1
"COL","XA:2109","SDG_1041_NOC_RT","2017",53.014,"NA",1
"COL","XA:2109","SDG_1041_NOC_RT","2016",52.485,"NA",1
"COL","XA:2109","SDG_1041_NOC_RT","2015",52.88,"NA",1
"COL","XA:2109","SDG_1041_NOC_RT","2014",50.99,"NA",1
"COL","XA:2109","SDG_1041_NOC_RT","2013",51.127,"NA",1
"COL","XA:2109","SDG_1041_NOC_RT","2012",51.318,"NA",1
"COL","XA:2109","SDG_1041_NOC_RT","2011",50.753,"NA",1
"COL","XA:2109","SDG_1041_NOC_RT","2010",53.137,"NA",1
"COL","XA:2109","SDG_1041_NOC_RT","2009",53.963,"NA",1
"COL","XA:2109","SDG_1041_NOC_RT","2008",50.49,"NA",1
"COL","XA:2109","SDG_1041_NOC_RT","2007",47.056,"NA",1
"COL","XA:2109","SDG_1041_NOC_RT","2006",47.596,"NA",1
"COL","XA:2109","SDG_1041_NOC_RT","2005",47.178,"NA",1
"COL","XA:2109","SDG_1041_NOC_RT","2004",46.001,"NA",1
"COM","XA:2117","SDG_1041_NOC_RT","2026",42.266,"I",1
"COM","XA:2117","SDG_1041_NOC_RT","2025",42.333,"I",1
"COM","XA:2117","SDG_1041_NOC_RT","2024",42.47,"I",1
"COM","XA:2117","SDG_1041_NOC_RT","2023",42.576,"I",1
"COM","XA:2117","SDG_1041_NOC_RT","2022",42.697,"I",1
"COM","XA:2117","SDG_1041_NOC_RT","2021",41.979,"I",1
"COM","XA:2117","SDG_1041_NOC_RT","2020",43.772,"I",1
"COM","XA:2117","SDG_1041_NOC_RT","2019",42.681,"I",1
"COM","XA:2117","SDG_1041_NOC_RT","2018",42.648,"I",1
"COM","XA:2117","SDG_1041_NOC_RT","2017",42.319,"I",1
"COM","XA:2117","SDG_1041_NOC_RT","2016",43.15,"I",1
"COM","XA:2117","SDG_1041_NOC_RT","2015",43.436,"I",1
"COM","XA:2117","SDG_1041_NOC_RT","2014",43.002,"I",1
"COM","XA:2117","SDG_1041_NOC_RT","2013",41.695,"I",1
"COM","XA:2117","SDG_1041_NOC_RT","2012",42.433,"I",1
"COM","XA:2117","SDG_1041_NOC_RT","2011",42.585,"I",1
"COM","XA:2117","SDG_1041_NOC_RT","2010",42.918,"I",1
"COM","XA:2117","SDG_1041_NOC_RT","2009",42.513,"I",1
"COM","XA:2117","SDG_1041_NOC_RT","2008",43.233,"I",1
"COM","XA:2117","SDG_1041_NOC_RT","2007",44.128,"I",1
"COM","XA:2117","SDG_1041_NOC_RT","2006",43.689,"I",1
"COM","XA:2117","SDG_1041_NOC_RT","2005",43.698,"I",1
"COM","XA:2117","SDG_1041_NOC_RT","2004",44.006,"I",1
"CPV","XA:2125","SDG_1041_NOC_RT","2026",41.928,"M",1
"CPV","XA:2125","SDG_1041_NOC_RT","2025",41.899,"M",1
"CPV","XA:2125","SDG_1041_NOC_RT","2024",41.673,"M",1
"CPV","XA:2125","SDG_1041_NOC_RT","2023",41.982,"M",1
"CPV","XA:2125","SDG_1041_NOC_RT","2022",43.727,"NA",1
"CPV","XA:2125","SDG_1041_NOC_RT","2021",41.309,"NA",1
"CPV","XA:2125","SDG_1041_NOC_RT","2020",45.188,"NA",1
"CPV","XA:2125","SDG_1041_NOC_RT","2019",43.05,"NA",1
"CPV","XA:2125","SDG_1041_NOC_RT","2018",43.967,"NA",1
"CPV","XA:2125","SDG_1041_NOC_RT","2017",43.738,"NA",1
"CPV","XA:2125","SDG_1041_NOC_RT","2016",43.464,"NA",1
"CPV","XA:2125","SDG_1041_NOC_RT","2015",44.876,"NA",1
"CPV","XA:2125","SDG_1041_NOC_RT","2014",43.889,"NA",1
"CPV","XA:2125","SDG_1041_NOC_RT","2013",41.612,"NA",1
"CPV","XA:2125","SDG_1041_NOC_RT","2012",43.468,"NA",1
"CPV","XA:2125","SDG_1041_NOC_RT","2011",40.605,"NA",1
"CPV","XA:2125","SDG_1041_NOC_RT","2010",41.432,"NA",1
"CPV","XA:2125","SDG_1041_NOC_RT","2009",38.716,"NA",1
"CPV","XA:2125","SDG_1041_NOC_RT","2008",37.592,"NA",1
"CPV","XA:2125","SDG_1041_NOC_RT","2007",37.503,"NA",1
"CPV","XA:2125","SDG_1041_NOC_RT","2006",38.332,"M",1
"CPV","XA:2125","SDG_1041_NOC_RT","2005",38.48,"M",1
"CPV","XA:2125","SDG_1041_NOC_RT","2004",38.147,"M",1
"CRI","XA:2133","SDG_1041_NOC_RT","2026",55.446,"M",1
"CRI","XA:2133","SDG_1041_NOC_RT","2025",55.393,"M",1
"CRI","XA:2133","SDG_1041_NOC_RT","2024",55.299,"NA",1
"CRI","XA:2133","SDG_1041_NOC_RT","2023",54.263,"NA",1
"CRI","XA:2133","SDG_1041_NOC_RT","2022",53.354,"NA",1
"CRI","XA:2133","SDG_1041_NOC_RT","2021",53.984,"NA",1
"CRI","XA:2133","SDG_1041_NOC_RT","2020",55.751,"NA",1
"CRI","XA:2133","SDG_1041_NOC_RT","2019",56.087,"NA",1
"CRI","XA:2133","SDG_1041_NOC_RT","2018",54.698,"NA",1
"CRI","XA:2133","SDG_1041_NOC_RT","2017",53.938,"NA",1
"CRI","XA:2133","SDG_1041_NOC_RT","2016",55.653,"NA",1
"CRI","XA:2133","SDG_1041_NOC_RT","2015",56.956,"NA",1
"CRI","XA:2133","SDG_1041_NOC_RT","2014",57.282,"NA",1
"CRI","XA:2133","SDG_1041_NOC_RT","2013",58.52,"NA",1
"CRI","XA:2133","SDG_1041_NOC_RT","2012",57.409,"NA",1
"CRI","XA:2133","SDG_1041_NOC_RT","2011",56.915,"NA",1
"CRI","XA:2133","SDG_1041_NOC_RT","2010",56.334,"NA",1
"CRI","XA:2133","SDG_1041_NOC_RT","2009",55.555,"NA",1
"CRI","XA:2133","SDG_1041_NOC_RT","2008",52.833,"NA",1
"CRI","XA:2133","SDG_1041_NOC_RT","2007",51.748,"NA",1
"CRI","XA:2133","SDG_1041_NOC_RT","2006",52.553,"NA",1
"CRI","XA:2133","SDG_1041_NOC_RT","2005",52.682,"NA",1
"CRI","XA:2133","SDG_1041_NOC_RT","2004",54.456,"NA",1
"CUB","XA:1982","SDG_1041_NOC_RT","2026",41.259,"I",1
"CUB","XA:1982","SDG_1041_NOC_RT","2025",41.306,"I",1
"CUB","XA:1982","SDG_1041_NOC_RT","2024",41.578,"I",1
"CUB","XA:1982","SDG_1041_NOC_RT","2023",41.735,"I",1
"CUB","XA:1982","SDG_1041_NOC_RT","2022",41.076,"I",1
"CUB","XA:1982","SDG_1041_NOC_RT","2021",41.198,"I",1
"CUB","XA:1982","SDG_1041_NOC_RT","2020",43.412,"I",1
"CUB","XA:1982","SDG_1041_NOC_RT","2019",41.709,"I",1
"CUB","XA:1982","SDG_1041_NOC_RT","2018",41.251,"I",1
"CUB","XA:1982","SDG_1041_NOC_RT","2017",41.335,"I",1
"CUB","XA:1982","SDG_1041_NOC_RT","2016",41.512,"I",1
"CUB","XA:1982","SDG_1041_NOC_RT","2015",40.711,"I",1
"CUB","XA:1982","SDG_1041_NOC_RT","2014",41.275,"I",1
"CUB","XA:1982","SDG_1041_NOC_RT","2013",40.879,"I",1
"CUB","XA:1982","SDG_1041_NOC_RT","2012",40.765,"I",1
"CUB","XA:1982","SDG_1041_NOC_RT","2011",40.701,"I",1
"CUB","XA:1982","SDG_1041_NOC_RT","2010",40.469,"I",1
"CUB","XA:1982","SDG_1041_NOC_RT","2009",40.622,"I",1
"CUB","XA:1982","SDG_1041_NOC_RT","2008",39.438,"I",1
"CUB","XA:1982","SDG_1041_NOC_RT","2007",38.273,"I",1
"CUB","XA:1982","SDG_1041_NOC_RT","2006",39.772,"I",1
"CUB","XA:1982","SDG_1041_NOC_RT","2005",42.219,"I",1
"CUB","XA:1982","SDG_1041_NOC_RT","2004",40.26,"I",1
"CYP","XA:2149","SDG_1041_NOC_RT","2026",48.865,"M",1
"CYP","XA:2149","SDG_1041_NOC_RT","2025",48.85,"M",1
"CYP","XA:2149","SDG_1041_NOC_RT","2024",48.023,"NA",1
"CYP","XA:2149","SDG_1041_NOC_RT","2023",48.17,"NA",1
"CYP","XA:2149","SDG_1041_NOC_RT","2022",47.895,"NA",1
"CYP","XA:2149","SDG_1041_NOC_RT","2021",48.63,"NA",1
"CYP","XA:2149","SDG_1041_NOC_RT","2020",53.114,"NA",1
"CYP","XA:2149","SDG_1041_NOC_RT","2019",50.697,"NA",1
"CYP","XA:2149","SDG_1041_NOC_RT","2018",48.936,"NA",1
"CYP","XA:2149","SDG_1041_NOC_RT","2017",48.126,"NA",1
"CYP","XA:2149","SDG_1041_NOC_RT","2016",48.086,"NA",1
"CYP","XA:2149","SDG_1041_NOC_RT","2015",49.61,"NA",1
"CYP","XA:2149","SDG_1041_NOC_RT","2014",52.029,"NA",1
"CYP","XA:2149","SDG_1041_NOC_RT","2013",53.996,"NA",1
"CYP","XA:2149","SDG_1041_NOC_RT","2012",56.169,"NA",1
"CYP","XA:2149","SDG_1041_NOC_RT","2011",57.567,"NA",1
"CYP","XA:2149","SDG_1041_NOC_RT","2010",57.199,"NA",1
"CYP","XA:2149","SDG_1041_NOC_RT","2009",58.37,"NA",1
"CYP","XA:2149","SDG_1041_NOC_RT","2008",55.784,"NA",1
"CYP","XA:2149","SDG_1041_NOC_RT","2007",53.809,"NA",1
"CYP","XA:2149","SDG_1041_NOC_RT","2006",54.164,"NA",1
"CYP","XA:2149","SDG_1041_NOC_RT","2005",56.156,"NA",1
"CYP","XA:2149","SDG_1041_NOC_RT","2004",53.699,"NA",1
"CZE","XA:1990","SDG_1041_NOC_RT","2026",54.042,"M",1
"CZE","XA:1990","SDG_1041_NOC_RT","2025",53.988,"M",1
"CZE","XA:1990","SDG_1041_NOC_RT","2024",53.234,"M",1
"CZE","XA:1990","SDG_1041_NOC_RT","2023",53.394,"NA",1
"CZE","XA:1990","SDG_1041_NOC_RT","2022",53.324,"NA",1
"CZE","XA:1990","SDG_1041_NOC_RT","2021",55.054,"NA",1
"CZE","XA:1990","SDG_1041_NOC_RT","2020",56.431,"NA",1
"CZE","XA:1990","SDG_1041_NOC_RT","2019",55.83,"NA",1
"CZE","XA:1990","SDG_1041_NOC_RT","2018",55.496,"NA",1
"CZE","XA:1990","SDG_1041_NOC_RT","2017",53.968,"NA",1
"CZE","XA:1990","SDG_1041_NOC_RT","2016",51.969,"NA",1
"CZE","XA:1990","SDG_1041_NOC_RT","2015",51.289,"NA",1
"CZE","XA:1990","SDG_1041_NOC_RT","2014",52.831,"NA",1
"CZE","XA:1990","SDG_1041_NOC_RT","2013",53.16,"NA",1
"CZE","XA:1990","SDG_1041_NOC_RT","2012",54.446,"NA",1
"CZE","XA:1990","SDG_1041_NOC_RT","2011",53.011,"NA",1
"CZE","XA:1990","SDG_1041_NOC_RT","2010",53.66,"NA",1
"CZE","XA:1990","SDG_1041_NOC_RT","2009",53.377,"NA",1
"CZE","XA:1990","SDG_1041_NOC_RT","2008",52.955,"NA",1
"CZE","XA:1990","SDG_1041_NOC_RT","2007",51.984,"NA",1
"CZE","XA:1990","SDG_1041_NOC_RT","2006",51.689,"NA",1
"CZE","XA:1990","SDG_1041_NOC_RT","2005",51.676,"NA",1
"CZE","XA:1990","SDG_1041_NOC_RT","2004",52.102,"NA",1
"DEU","XA:2165","SDG_1041_NOC_RT","2026",62.923,"M",1
"DEU","XA:2165","SDG_1041_NOC_RT","2025",63.107,"M",1
"DEU","XA:2165","SDG_1041_NOC_RT","2024",62.042,"NA",1
"DEU","XA:2165","SDG_1041_NOC_RT","2023",60.531,"NA",1
"DEU","XA:2165","SDG_1041_NOC_RT","2022",60.139,"NA",1
"DEU","XA:2165","SDG_1041_NOC_RT","2021",61.465,"NA",1
"DEU","XA:2165","SDG_1041_NOC_RT","2020",63.021,"NA",1
"DEU","XA:2165","SDG_1041_NOC_RT","2019",62.669,"NA",1
"DEU","XA:2165","SDG_1041_NOC_RT","2018",62.191,"NA",1
"DEU","XA:2165","SDG_1041_NOC_RT","2017",61.635,"NA",1
"DEU","XA:2165","SDG_1041_NOC_RT","2016",61.399,"NA",1
"DEU","XA:2165","SDG_1041_NOC_RT","2015",61.626,"NA",1
"DEU","XA:2165","SDG_1041_NOC_RT","2014",61.394,"NA",1
"DEU","XA:2165","SDG_1041_NOC_RT","2013",61.619,"NA",1
"DEU","XA:2165","SDG_1041_NOC_RT","2012",61.467,"NA",1
"DEU","XA:2165","SDG_1041_NOC_RT","2011",60.542,"NA",1
"DEU","XA:2165","SDG_1041_NOC_RT","2010",60.682,"NA",1
"DEU","XA:2165","SDG_1041_NOC_RT","2009",62.168,"NA",1
"DEU","XA:2165","SDG_1041_NOC_RT","2008",59.044,"NA",1
"DEU","XA:2165","SDG_1041_NOC_RT","2007",58.419,"NA",1
"DEU","XA:2165","SDG_1041_NOC_RT","2006",59.78,"NA",1
"DEU","XA:2165","SDG_1041_NOC_RT","2005",61.555,"NA",1
"DEU","XA:2165","SDG_1041_NOC_RT","2004",62.006,"NA",1
"DJI","XA:2173","SDG_1041_NOC_RT","2026",42.734,"I",1
"DJI","XA:2173","SDG_1041_NOC_RT","2025",42.731,"I",1
"DJI","XA:2173","SDG_1041_NOC_RT","2024",42.537,"I",1
"DJI","XA:2173","SDG_1041_NOC_RT","2023",42.216,"I",1
"DJI","XA:2173","SDG_1041_NOC_RT","2022",43.001,"I",1
"DJI","XA:2173","SDG_1041_NOC_RT","2021",42.023,"I",1
"DJI","XA:2173","SDG_1041_NOC_RT","2020",44.617,"I",1
"DJI","XA:2173","SDG_1041_NOC_RT","2019",43.188,"I",1
"DJI","XA:2173","SDG_1041_NOC_RT","2018",43.424,"I",1
"DJI","XA:2173","SDG_1041_NOC_RT","2017",43.209,"I",1
"DJI","XA:2173","SDG_1041_NOC_RT","2016",42.691,"I",1
"DJI","XA:2173","SDG_1041_NOC_RT","2015",42.63,"I",1
"DJI","XA:2173","SDG_1041_NOC_RT","2014",42.661,"I",1
"DJI","XA:2173","SDG_1041_NOC_RT","2013",43.335,"I",1
"DJI","XA:2173","SDG_1041_NOC_RT","2012",43.38,"I",1
"DJI","XA:2173","SDG_1041_NOC_RT","2011",42.615,"I",1
"DJI","XA:2173","SDG_1041_NOC_RT","2010",43.586,"I",1
"DJI","XA:2173","SDG_1041_NOC_RT","2009",44.366,"I",1
"DJI","XA:2173","SDG_1041_NOC_RT","2008",43.064,"I",1
"DJI","XA:2173","SDG_1041_NOC_RT","2007",43.309,"I",1
"DJI","XA:2173","SDG_1041_NOC_RT","2006",43.37,"I",1
"DJI","XA:2173","SDG_1041_NOC_RT","2005",43.9,"I",1
"DJI","XA:2173","SDG_1041_NOC_RT","2004",44.004,"I",1
"DNK","XA:2181","SDG_1041_NOC_RT","2026",56.081,"M",1
"DNK","XA:2181","SDG_1041_NOC_RT","2025",56.172,"M",1
"DNK","XA:2181","SDG_1041_NOC_RT","2024",56.347,"NA",1
"DNK","XA:2181","SDG_1041_NOC_RT","2023",56.736,"NA",1
"DNK","XA:2181","SDG_1041_NOC_RT","2022",54.018,"NA",1
"DNK","XA:2181","SDG_1041_NOC_RT","2021",56.061,"NA",1
"DNK","XA:2181","SDG_1041_NOC_RT","2020",57.35,"NA",1
"DNK","XA:2181","SDG_1041_NOC_RT","2019",57.328,"NA",1
"DNK","XA:2181","SDG_1041_NOC_RT","2018",56.229,"NA",1
"DNK","XA:2181","SDG_1041_NOC_RT","2017",56.185,"NA",1
"DNK","XA:2181","SDG_1041_NOC_RT","2016",57.17,"NA",1
"DNK","XA:2181","SDG_1041_NOC_RT","2015",57.737,"NA",1
"DNK","XA:2181","SDG_1041_NOC_RT","2014",57.892,"NA",1
"DNK","XA:2181","SDG_1041_NOC_RT","2013",58.497,"NA",1
"DNK","XA:2181","SDG_1041_NOC_RT","2012",59.261,"NA",1
"DNK","XA:2181","SDG_1041_NOC_RT","2011",60.238,"NA",1
"DNK","XA:2181","SDG_1041_NOC_RT","2010",59.383,"NA",1
"DNK","XA:2181","SDG_1041_NOC_RT","2009",62.669,"NA",1
"DNK","XA:2181","SDG_1041_NOC_RT","2008",60.293,"NA",1
"DNK","XA:2181","SDG_1041_NOC_RT","2007",59.856,"NA",1
"DNK","XA:2181","SDG_1041_NOC_RT","2006",59.583,"NA",1
"DNK","XA:2181","SDG_1041_NOC_RT","2005",59.043,"NA",1
"DNK","XA:2181","SDG_1041_NOC_RT","2004",60.117,"NA",1
"DOM","XA:2189","SDG_1041_NOC_RT","2026",48.184,"M",1
"DOM","XA:2189","SDG_1041_NOC_RT","2025",48.396,"M",1
"DOM","XA:2189","SDG_1041_NOC_RT","2024",48.016,"M",1
"DOM","XA:2189","SDG_1041_NOC_RT","2023",48.565,"M",1
"DOM","XA:2189","SDG_1041_NOC_RT","2022",48.001,"M",1
"DOM","XA:2189","SDG_1041_NOC_RT","2021",47.379,"M",1
"DOM","XA:2189","SDG_1041_NOC_RT","2020",49.563,"M",1
"DOM","XA:2189","SDG_1041_NOC_RT","2019",48.027,"M",1
"DOM","XA:2189","SDG_1041_NOC_RT","2018",47.699,"M",1
"DOM","XA:2189","SDG_1041_NOC_RT","2017",48.366,"M",1
"DOM","XA:2189","SDG_1041_NOC_RT","2016",47.762,"NA",1
"DOM","XA:2189","SDG_1041_NOC_RT","2015",49.244,"NA",1
"DOM","XA:2189","SDG_1041_NOC_RT","2014",51.206,"NA",1
"DOM","XA:2189","SDG_1041_NOC_RT","2013",52.189,"NA",1
"DOM","XA:2189","SDG_1041_NOC_RT","2012",50.884,"NA",1
"DOM","XA:2189","SDG_1041_NOC_RT","2011",55.331,"NA",1
"DOM","XA:2189","SDG_1041_NOC_RT","2010",55.875,"NA",1
"DOM","XA:2189","SDG_1041_NOC_RT","2009",56.651,"NA",1
"DOM","XA:2189","SDG_1041_NOC_RT","2008",53.598,"NA",1
"DOM","XA:2189","SDG_1041_NOC_RT","2007",51.55,"NA",1
"DOM","XA:2189","SDG_1041_NOC_RT","2006",49.339,"M",1
"DOM","XA:2189","SDG_1041_NOC_RT","2005",47.01,"NA",1
"DOM","XA:2189","SDG_1041_NOC_RT","2004",41.631,"NA",1
"DZA","XA:1829","SDG_1041_NOC_RT","2026",30.649,"I",1
"DZA","XA:1829","SDG_1041_NOC_RT","2025",30.511,"I",1
"DZA","XA:1829","SDG_1041_NOC_RT","2024",30.373,"I",1
"DZA","XA:1829","SDG_1041_NOC_RT","2023",30.212,"I",1
"DZA","XA:1829","SDG_1041_NOC_RT","2022",28.284,"I",1
"DZA","XA:1829","SDG_1041_NOC_RT","2021",32.304,"I",1
"DZA","XA:1829","SDG_1041_NOC_RT","2020",36.007,"I",1
"DZA","XA:1829","SDG_1041_NOC_RT","2019",33.495,"I",1
"DZA","XA:1829","SDG_1041_NOC_RT","2018",32.633,"I",1
"DZA","XA:1829","SDG_1041_NOC_RT","2017",34.478,"I",1
"DZA","XA:1829","SDG_1041_NOC_RT","2016",36.078,"I",1
"DZA","XA:1829","SDG_1041_NOC_RT","2015",36.127,"I",1
"DZA","XA:1829","SDG_1041_NOC_RT","2014",32.948,"I",1
"DZA","XA:1829","SDG_1041_NOC_RT","2013",33.596,"I",1
"DZA","XA:1829","SDG_1041_NOC_RT","2012",33.267,"I",1
"DZA","XA:1829","SDG_1041_NOC_RT","2011",33.429,"I",1
"DZA","XA:1829","SDG_1041_NOC_RT","2010",30.641,"I",1
"DZA","XA:1829","SDG_1041_NOC_RT","2009",31.042,"I",1
"DZA","XA:1829","SDG_1041_NOC_RT","2008",26.408,"I",1
"DZA","XA:1829","SDG_1041_NOC_RT","2007",25.81,"I",1
"DZA","XA:1829","SDG_1041_NOC_RT","2006",25.141,"I",1
"DZA","XA:1829","SDG_1041_NOC_RT","2005",25.973,"I",1
"DZA","XA:1829","SDG_1041_NOC_RT","2004",28.841,"I",1
"ECU","XA:2012","SDG_1041_NOC_RT","2026",57.585,"M",1
"ECU","XA:2012","SDG_1041_NOC_RT","2025",57.409,"M",1
"ECU","XA:2012","SDG_1041_NOC_RT","2024",58.278,"M",1
"ECU","XA:2012","SDG_1041_NOC_RT","2023",57.36,"NA",1
"ECU","XA:2012","SDG_1041_NOC_RT","2022",57.909,"NA",1
"ECU","XA:2012","SDG_1041_NOC_RT","2021",57.696,"NA",1
"ECU","XA:2012","SDG_1041_NOC_RT","2020",60.383,"NA",1
"ECU","XA:2012","SDG_1041_NOC_RT","2019",60.636,"NA",1
"ECU","XA:2012","SDG_1041_NOC_RT","2018",58.493,"NA",1
"ECU","XA:2012","SDG_1041_NOC_RT","2017",57.556,"NA",1
"ECU","XA:2012","SDG_1041_NOC_RT","2016",57.612,"NA",1
"ECU","XA:2012","SDG_1041_NOC_RT","2015",57.494,"NA",1
"ECU","XA:2012","SDG_1041_NOC_RT","2014",56.334,"NA",1
"ECU","XA:2012","SDG_1041_NOC_RT","2013",56.338,"NA",1
"ECU","XA:2012","SDG_1041_NOC_RT","2012",55.477,"NA",1
"ECU","XA:2012","SDG_1041_NOC_RT","2011",53.341,"NA",1
"ECU","XA:2012","SDG_1041_NOC_RT","2010",52.33,"NA",1
"ECU","XA:2012","SDG_1041_NOC_RT","2009",53.804,"NA",1
"ECU","XA:2012","SDG_1041_NOC_RT","2008",48.343,"NA",1
"ECU","XA:2012","SDG_1041_NOC_RT","2007",49.887,"NA",1
"ECU","XA:2012","SDG_1041_NOC_RT","2006",49.489,"M",1
"ECU","XA:2012","SDG_1041_NOC_RT","2005",48.892,"M",1
"ECU","XA:2012","SDG_1041_NOC_RT","2004",48.711,"M",1
"EGY","XA:2016","SDG_1041_NOC_RT","2026",38.163,"M",1
"EGY","XA:2016","SDG_1041_NOC_RT","2025",38.242,"M",1
"EGY","XA:2016","SDG_1041_NOC_RT","2024",39.363,"M",1
"EGY","XA:2016","SDG_1041_NOC_RT","2023",38.617,"M",1
"EGY","XA:2016","SDG_1041_NOC_RT","2022",38.16,"M",1
"EGY","XA:2016","SDG_1041_NOC_RT","2021",40.577,"M",1
"EGY","XA:2016","SDG_1041_NOC_RT","2020",41.697,"M",1
"EGY","XA:2016","SDG_1041_NOC_RT","2019",40.618,"M",1
"EGY","XA:2016","SDG_1041_NOC_RT","2018",40.479,"M",1
"EGY","XA:2016","SDG_1041_NOC_RT","2017",40.964,"M",1
"EGY","XA:2016","SDG_1041_NOC_RT","2016",40.493,"M",1
"EGY","XA:2016","SDG_1041_NOC_RT","2015",40.225,"NA",1
"EGY","XA:2016","SDG_1041_NOC_RT","2014",40.6,"NA",1
"EGY","XA:2016","SDG_1041_NOC_RT","2013",38.749,"NA",1
"EGY","XA:2016","SDG_1041_NOC_RT","2012",34.801,"NA",1
"EGY","XA:2016","SDG_1041_NOC_RT","2011",36.215,"NA",1
"EGY","XA:2016","SDG_1041_NOC_RT","2010",33.828,"NA",1
"EGY","XA:2016","SDG_1041_NOC_RT","2009",33.53,"NA",1
"EGY","XA:2016","SDG_1041_NOC_RT","2008",33.611,"NA",1
"EGY","XA:2016","SDG_1041_NOC_RT","2007",35.082,"NA",1
"EGY","XA:2016","SDG_1041_NOC_RT","2006",34.94,"NA",1
"EGY","XA:2016","SDG_1041_NOC_RT","2005",35.58,"NA",1
"EGY","XA:2016","SDG_1041_NOC_RT","2004",37.351,"NA",1
"ERI","XA:1921","SDG_1041_NOC_RT","2026",35.883,"I",1
"ERI","XA:1921","SDG_1041_NOC_RT","2025",35.892,"I",1
"ERI","XA:1921","SDG_1041_NOC_RT","2024",35.91,"I",1
"ERI","XA:1921","SDG_1041_NOC_RT","2023",35.921,"I",1
"ERI","XA:1921","SDG_1041_NOC_RT","2022",35.935,"I",1
"ERI","XA:1921","SDG_1041_NOC_RT","2021",35.363,"I",1
"ERI","XA:1921","SDG_1041_NOC_RT","2020",37.757,"I",1
"ERI","XA:1921","SDG_1041_NOC_RT","2019",36.343,"I",1
"ERI","XA:1921","SDG_1041_NOC_RT","2018",35.83,"I",1
"ERI","XA:1921","SDG_1041_NOC_RT","2017",37.131,"I",1
"ERI","XA:1921","SDG_1041_NOC_RT","2016",36.15,"I",1
"ERI","XA:1921","SDG_1041_NOC_RT","2015",37.732,"I",1
"ERI","XA:1921","SDG_1041_NOC_RT","2014",34.83,"I",1
"ERI","XA:1921","SDG_1041_NOC_RT","2013",37.173,"I",1
"ERI","XA:1921","SDG_1041_NOC_RT","2012",36.478,"I",1
"ERI","XA:1921","SDG_1041_NOC_RT","2011",36.102,"I",1
"ERI","XA:1921","SDG_1041_NOC_RT","2010",36.475,"I",1
"ERI","XA:1921","SDG_1041_NOC_RT","2009",36.387,"I",1
"ERI","XA:1921","SDG_1041_NOC_RT","2008",37.16,"I",1
"ERI","XA:1921","SDG_1041_NOC_RT","2007",36.536,"I",1
"ERI","XA:1921","SDG_1041_NOC_RT","2006",36.683,"I",1
"ERI","XA:1921","SDG_1041_NOC_RT","2005",36.494,"I",1
"ERI","XA:1921","SDG_1041_NOC_RT","2004",36.569,"I",1
"ESH","XA:2024","SDG_1041_NOC_RT","2026",43.694,"I",1
"ESH","XA:2024","SDG_1041_NOC_RT","2025",43.816,"I",1
"ESH","XA:2024","SDG_1041_NOC_RT","2024",43.897,"I",1
"ESH","XA:2024","SDG_1041_NOC_RT","2023",43.839,"I",1
"ESH","XA:2024","SDG_1041_NOC_RT","2022",43.604,"I",1
"ESH","XA:2024","SDG_1041_NOC_RT","2021",43.846,"I",1
"ESH","XA:2024","SDG_1041_NOC_RT","2020",45.385,"I",1
"ESH","XA:2024","SDG_1041_NOC_RT","2019",44.27,"I",1
"ESH","XA:2024","SDG_1041_NOC_RT","2018",44.201,"I",1
"ESH","XA:2024","SDG_1041_NOC_RT","2017",44.172,"I",1
"ESH","XA:2024","SDG_1041_NOC_RT","2016",44.206,"I",1
"ESH","XA:2024","SDG_1041_NOC_RT","2015",44.314,"I",1
"ESH","XA:2024","SDG_1041_NOC_RT","2014",43.942,"I",1
"ESH","XA:2024","SDG_1041_NOC_RT","2013",43.98,"I",1
"ESH","XA:2024","SDG_1041_NOC_RT","2012",43.796,"I",1
"ESH","XA:2024","SDG_1041_NOC_RT","2011",43.786,"I",1
"ESH","XA:2024","SDG_1041_NOC_RT","2010",43.54,"I",1
"ESH","XA:2024","SDG_1041_NOC_RT","2009",44.288,"I",1
"ESH","XA:2024","SDG_1041_NOC_RT","2008",43.651,"I",1
"ESH","XA:2024","SDG_1041_NOC_RT","2007",43.338,"I",1
"ESH","XA:2024","SDG_1041_NOC_RT","2006",43.302,"I",1
"ESH","XA:2024","SDG_1041_NOC_RT","2005",43.354,"I",1
"ESH","XA:2024","SDG_1041_NOC_RT","2004",43.194,"I",1
"ESP","XA:2028","SDG_1041_NOC_RT","2026",59.825,"M",1
"ESP","XA:2028","SDG_1041_NOC_RT","2025",59.684,"M",1
"ESP","XA:2028","SDG_1041_NOC_RT","2024",58.935,"M",1
"ESP","XA:2028","SDG_1041_NOC_RT","2023",58.432,"NA",1
"ESP","XA:2028","SDG_1041_NOC_RT","2022",58.246,"NA",1
"ESP","XA:2028","SDG_1041_NOC_RT","2021",59.82,"NA",1
"ESP","XA:2028","SDG_1041_NOC_RT","2020",62.579,"NA",1
"ESP","XA:2028","SDG_1041_NOC_RT","2019",59.749,"NA",1
"ESP","XA:2028","SDG_1041_NOC_RT","2018",56.991,"NA",1
"ESP","XA:2028","SDG_1041_NOC_RT","2017",56.884,"NA",1
"ESP","XA:2028","SDG_1041_NOC_RT","2016",57.888,"NA",1
"ESP","XA:2028","SDG_1041_NOC_RT","2015",59.367,"NA",1
"ESP","XA:2028","SDG_1041_NOC_RT","2014",58.509,"NA",1
"ESP","XA:2028","SDG_1041_NOC_RT","2013",58.378,"NA",1
"ESP","XA:2028","SDG_1041_NOC_RT","2012",61.131,"NA",1
"ESP","XA:2028","SDG_1041_NOC_RT","2011",62.499,"NA",1
"ESP","XA:2028","SDG_1041_NOC_RT","2010",63.938,"NA",1
"ESP","XA:2028","SDG_1041_NOC_RT","2009",64.565,"NA",1
"ESP","XA:2028","SDG_1041_NOC_RT","2008",64.709,"NA",1
"ESP","XA:2028","SDG_1041_NOC_RT","2007",62.106,"NA",1
"ESP","XA:2028","SDG_1041_NOC_RT","2006",61.815,"NA",1
"ESP","XA:2028","SDG_1041_NOC_RT","2005",61.867,"NA",1
"ESP","XA:2028","SDG_1041_NOC_RT","2004",62.313,"NA",1
"EST","XA:1874","SDG_1041_NOC_RT","2026",58.65,"I",1
"EST","XA:1874","SDG_1041_NOC_RT","2025",58.755,"I",1
"EST","XA:1874","SDG_1041_NOC_RT","2024",58.721,"I",1
"EST","XA:1874","SDG_1041_NOC_RT","2023",59.118,"I",1
"EST","XA:1874","SDG_1041_NOC_RT","2022",55.607,"I",1
"EST","XA:1874","SDG_1041_NOC_RT","2021",56.99,"I",1
"EST","XA:1874","SDG_1041_NOC_RT","2020",60.261,"I",1
"EST","XA:1874","SDG_1041_NOC_RT","2019",57.675,"I",1
"EST","XA:1874","SDG_1041_NOC_RT","2018",57.141,"I",1
"EST","XA:1874","SDG_1041_NOC_RT","2017",56.775,"I",1
"EST","XA:1874","SDG_1041_NOC_RT","2016",58.142,"I",1
"EST","XA:1874","SDG_1041_NOC_RT","2015",58.376,"I",1
"EST","XA:1874","SDG_1041_NOC_RT","2014",56.326,"I",1
"EST","XA:1874","SDG_1041_NOC_RT","2013",53.989,"I",1
"EST","XA:1874","SDG_1041_NOC_RT","2012",53.318,"I",1
"EST","XA:1874","SDG_1041_NOC_RT","2011",52.809,"I",1
"EST","XA:1874","SDG_1041_NOC_RT","2010",54.196,"I",1
"EST","XA:1874","SDG_1041_NOC_RT","2009",57.912,"I",1
"EST","XA:1874","SDG_1041_NOC_RT","2008",58.705,"I",1
"EST","XA:1874","SDG_1041_NOC_RT","2007",53.492,"I",1
"EST","XA:1874","SDG_1041_NOC_RT","2006",52.103,"I",1
"EST","XA:1874","SDG_1041_NOC_RT","2005",51.634,"I",1
"EST","XA:1874","SDG_1041_NOC_RT","2004",51.525,"I",1
"ETH","XA:2036","SDG_1041_NOC_RT","2026",38.554,"I",1
"ETH","XA:2036","SDG_1041_NOC_RT","2025",38.525,"I",1
"ETH","XA:2036","SDG_1041_NOC_RT","2024",38.31,"I",1
"ETH","XA:2036","SDG_1041_NOC_RT","2023",38.587,"I",1
"ETH","XA:2036","SDG_1041_NOC_RT","2022",38.84,"I",1
"ETH","XA:2036","SDG_1041_NOC_RT","2021",37.105,"I",1
"ETH","XA:2036","SDG_1041_NOC_RT","2020",38.137,"I",1
"ETH","XA:2036","SDG_1041_NOC_RT","2019",38.139,"I",1
"ETH","XA:2036","SDG_1041_NOC_RT","2018",38.482,"I",1
"ETH","XA:2036","SDG_1041_NOC_RT","2017",37.765,"I",1
"ETH","XA:2036","SDG_1041_NOC_RT","2016",37.775,"I",1
"ETH","XA:2036","SDG_1041_NOC_RT","2015",37.525,"I",1
"ETH","XA:2036","SDG_1041_NOC_RT","2014",37.526,"I",1
"ETH","XA:2036","SDG_1041_NOC_RT","2013",37.421,"I",1
"ETH","XA:2036","SDG_1041_NOC_RT","2012",37.984,"I",1
"ETH","XA:2036","SDG_1041_NOC_RT","2011",37.449,"I",1
"ETH","XA:2036","SDG_1041_NOC_RT","2010",37.214,"I",1
"ETH","XA:2036","SDG_1041_NOC_RT","2009",38.252,"I",1
"ETH","XA:2036","SDG_1041_NOC_RT","2008",37.863,"I",1
"ETH","XA:2036","SDG_1041_NOC_RT","2007",37.808,"I",1
"ETH","XA:2036","SDG_1041_NOC_RT","2006",38.063,"I",1
"ETH","XA:2036","SDG_1041_NOC_RT","2005",37.902,"I",1
"ETH","XA:2036","SDG_1041_NOC_RT","2004",37.274,"I",1
"FIN","XA:1836","SDG_1041_NOC_RT","2026",53.922,"M",1
"FIN","XA:1836","SDG_1041_NOC_RT","2025",54.077,"M",1
"FIN","XA:1836","SDG_1041_NOC_RT","2024",53.993,"NA",1
"FIN","XA:1836","SDG_1041_NOC_RT","2023",55.002,"NA",1
"FIN","XA:1836","SDG_1041_NOC_RT","2022",54.371,"NA",1
"FIN","XA:1836","SDG_1041_NOC_RT","2021",55.503,"NA",1
"FIN","XA:1836","SDG_1041_NOC_RT","2020",54.16,"NA",1
"FIN","XA:1836","SDG_1041_NOC_RT","2019",54.621,"NA",1
"FIN","XA:1836","SDG_1041_NOC_RT","2018",54.501,"NA",1
"FIN","XA:1836","SDG_1041_NOC_RT","2017",54.244,"NA",1
"FIN","XA:1836","SDG_1041_NOC_RT","2016",56.165,"NA",1
"FIN","XA:1836","SDG_1041_NOC_RT","2015",57.783,"NA",1
"FIN","XA:1836","SDG_1041_NOC_RT","2014",56.701,"NA",1
"FIN","XA:1836","SDG_1041_NOC_RT","2013",58.368,"NA",1
"FIN","XA:1836","SDG_1041_NOC_RT","2012",58.321,"NA",1
"FIN","XA:1836","SDG_1041_NOC_RT","2011",58.424,"NA",1
"FIN","XA:1836","SDG_1041_NOC_RT","2010",59.214,"NA",1
"FIN","XA:1836","SDG_1041_NOC_RT","2009",59.638,"NA",1
"FIN","XA:1836","SDG_1041_NOC_RT","2008",55.702,"NA",1
"FIN","XA:1836","SDG_1041_NOC_RT","2007",55.318,"NA",1
"FIN","XA:1836","SDG_1041_NOC_RT","2006",56.57,"NA",1
"FIN","XA:1836","SDG_1041_NOC_RT","2005",55.021,"NA",1
"FIN","XA:1836","SDG_1041_NOC_RT","2004",54.397,"NA",1
"FJI","XA:2044","SDG_1041_NOC_RT","2026",42.645,"I",1
"FJI","XA:2044","SDG_1041_NOC_RT","2025",42.636,"I",1
"FJI","XA:2044","SDG_1041_NOC_RT","2024",42.597,"I",1
"FJI","XA:2044","SDG_1041_NOC_RT","2023",42.039,"I",1
"FJI","XA:2044","SDG_1041_NOC_RT","2022",41.926,"I",1
"FJI","XA:2044","SDG_1041_NOC_RT","2021",41.984,"I",1
"FJI","XA:2044","SDG_1041_NOC_RT","2020",43.961,"I",1
"FJI","XA:2044","SDG_1041_NOC_RT","2019",43.065,"I",1
"FJI","XA:2044","SDG_1041_NOC_RT","2018",42.722,"I",1
"FJI","XA:2044","SDG_1041_NOC_RT","2017",42.635,"I",1
"FJI","XA:2044","SDG_1041_NOC_RT","2016",42.945,"I",1
"FJI","XA:2044","SDG_1041_NOC_RT","2015",43.017,"I",1
"FJI","XA:2044","SDG_1041_NOC_RT","2014",43.202,"I",1
"FJI","XA:2044","SDG_1041_NOC_RT","2013",43.426,"I",1
"FJI","XA:2044","SDG_1041_NOC_RT","2012",43.866,"I",1
"FJI","XA:2044","SDG_1041_NOC_RT","2011",43.89,"I",1
"FJI","XA:2044","SDG_1041_NOC_RT","2010",43.552,"I",1
"FJI","XA:2044","SDG_1041_NOC_RT","2009",43.626,"I",1
"FJI","XA:2044","SDG_1041_NOC_RT","2008",43.098,"I",1
"FJI","XA:2044","SDG_1041_NOC_RT","2007",42.957,"I",1
"FJI","XA:2044","SDG_1041_NOC_RT","2006",42.409,"I",1
"FJI","XA:2044","SDG_1041_NOC_RT","2005",42.21,"I",1
"FJI","XA:2044","SDG_1041_NOC_RT","2004",41.784,"I",1
"FRA","XA:2048","SDG_1041_NOC_RT","2026",59.944,"M",1
"FRA","XA:2048","SDG_1041_NOC_RT","2025",59.996,"M",1
"FRA","XA:2048","SDG_1041_NOC_RT","2024",60.04,"M",1
"FRA","XA:2048","SDG_1041_NOC_RT","2023",59.691,"NA",1
"FRA","XA:2048","SDG_1041_NOC_RT","2022",60.597,"NA",1
"FRA","XA:2048","SDG_1041_NOC_RT","2021",59.681,"NA",1
"FRA","XA:2048","SDG_1041_NOC_RT","2020",60.799,"NA",1
"FRA","XA:2048","SDG_1041_NOC_RT","2019",59.755,"NA",1
"FRA","XA:2048","SDG_1041_NOC_RT","2018",60.193,"NA",1
"FRA","XA:2048","SDG_1041_NOC_RT","2017",60.018,"NA",1
"FRA","XA:2048","SDG_1041_NOC_RT","2016",61.977,"NA",1
"FRA","XA:2048","SDG_1041_NOC_RT","2015",62.169,"NA",1
"FRA","XA:2048","SDG_1041_NOC_RT","2014",63.305,"NA",1
"FRA","XA:2048","SDG_1041_NOC_RT","2013",61.34,"NA",1
"FRA","XA:2048","SDG_1041_NOC_RT","2012",62.095,"NA",1
"FRA","XA:2048","SDG_1041_NOC_RT","2011",62.638,"NA",1
"FRA","XA:2048","SDG_1041_NOC_RT","2010",62.903,"NA",1
"FRA","XA:2048","SDG_1041_NOC_RT","2009",62.209,"NA",1
"FRA","XA:2048","SDG_1041_NOC_RT","2008",60.606,"NA",1
"FRA","XA:2048","SDG_1041_NOC_RT","2007",62.076,"NA",1
"FRA","XA:2048","SDG_1041_NOC_RT","2006",60.968,"NA",1
"FRA","XA:2048","SDG_1041_NOC_RT","2005",60.645,"NA",1
"FRA","XA:2048","SDG_1041_NOC_RT","2004",59.982,"NA",1
"GAB","XA:1937","SDG_1041_NOC_RT","2026",28.732,"I",1
"GAB","XA:1937","SDG_1041_NOC_RT","2025",28.871,"I",1
"GAB","XA:1937","SDG_1041_NOC_RT","2024",28.488,"I",1
"GAB","XA:1937","SDG_1041_NOC_RT","2023",28.725,"I",1
"GAB","XA:1937","SDG_1041_NOC_RT","2022",28.573,"I",1
"GAB","XA:1937","SDG_1041_NOC_RT","2021",28.064,"I",1
"GAB","XA:1937","SDG_1041_NOC_RT","2020",29.205,"I",1
"GAB","XA:1937","SDG_1041_NOC_RT","2019",28.267,"I",1
"GAB","XA:1937","SDG_1041_NOC_RT","2018",29.078,"I",1
"GAB","XA:1937","SDG_1041_NOC_RT","2017",29.177,"I",1
"GAB","XA:1937","SDG_1041_NOC_RT","2016",28.758,"I",1
"GAB","XA:1937","SDG_1041_NOC_RT","2015",28.297,"I",1
"GAB","XA:1937","SDG_1041_NOC_RT","2014",28.19,"I",1
"GAB","XA:1937","SDG_1041_NOC_RT","2013",27.851,"I",1
"GAB","XA:1937","SDG_1041_NOC_RT","2012",27.959,"I",1
"GAB","XA:1937","SDG_1041_NOC_RT","2011",27.482,"I",1
"GAB","XA:1937","SDG_1041_NOC_RT","2010",27.487,"I",1
"GAB","XA:1937","SDG_1041_NOC_RT","2009",29.357,"I",1
"GAB","XA:1937","SDG_1041_NOC_RT","2008",30.31,"I",1
"GAB","XA:1937","SDG_1041_NOC_RT","2007",27.926,"I",1
"GAB","XA:1937","SDG_1041_NOC_RT","2006",30.292,"I",1
"GAB","XA:1937","SDG_1041_NOC_RT","2005",28.915,"I",1
"GAB","XA:1937","SDG_1041_NOC_RT","2004",33.73,"I",1
"GBR","XA:2056","SDG_1041_NOC_RT","2026",57.712,"M",1
"GBR","XA:2056","SDG_1041_NOC_RT","2025",57.704,"M",1
"GBR","XA:2056","SDG_1041_NOC_RT","2024",56.406,"M",1
"GBR","XA:2056","SDG_1041_NOC_RT","2023",55.866,"NA",1
"GBR","XA:2056","SDG_1041_NOC_RT","2022",55.691,"NA",1
"GBR","XA:2056","SDG_1041_NOC_RT","2021",57.401,"NA",1
"GBR","XA:2056","SDG_1041_NOC_RT","2020",59.631,"NA",1
"GBR","XA:2056","SDG_1041_NOC_RT","2019",56.166,"NA",1
"GBR","XA:2056","SDG_1041_NOC_RT","2018",55.865,"NA",1
"GBR","XA:2056","SDG_1041_NOC_RT","2017",55.815,"NA",1
"GBR","XA:2056","SDG_1041_NOC_RT","2016",56.232,"NA",1
"GBR","XA:2056","SDG_1041_NOC_RT","2015",56.176,"NA",1
"GBR","XA:2056","SDG_1041_NOC_RT","2014",56.915,"NA",1
"GBR","XA:2056","SDG_1041_NOC_RT","2013",57.103,"NA",1
"GBR","XA:2056","SDG_1041_NOC_RT","2012",57.499,"NA",1
"GBR","XA:2056","SDG_1041_NOC_RT","2011",57.733,"NA",1
"GBR","XA:2056","SDG_1041_NOC_RT","2010",58.832,"NA",1
"GBR","XA:2056","SDG_1041_NOC_RT","2009",59.532,"NA",1
"GBR","XA:2056","SDG_1041_NOC_RT","2008",59.096,"NA",1
"GBR","XA:2056","SDG_1041_NOC_RT","2007",59.72,"NA",1
"GBR","XA:2056","SDG_1041_NOC_RT","2006",58.761,"NA",1
"GBR","XA:2056","SDG_1041_NOC_RT","2005",58.593,"NA",1
"GBR","XA:2056","SDG_1041_NOC_RT","2004",58.623,"NA",1
"GEO","XA:2060","SDG_1041_NOC_RT","2026",52.086,"I",1
"GEO","XA:2060","SDG_1041_NOC_RT","2025",51.803,"I",1
"GEO","XA:2060","SDG_1041_NOC_RT","2024",51.318,"I",1
"GEO","XA:2060","SDG_1041_NOC_RT","2023",55.325,"I",1
"GEO","XA:2060","SDG_1041_NOC_RT","2022",51.82,"I",1
"GEO","XA:2060","SDG_1041_NOC_RT","2021",51.202,"I",1
"GEO","XA:2060","SDG_1041_NOC_RT","2020",53.551,"I",1
"GEO","XA:2060","SDG_1041_NOC_RT","2019",54.442,"I",1
"GEO","XA:2060","SDG_1041_NOC_RT","2018",51.504,"I",1
"GEO","XA:2060","SDG_1041_NOC_RT","2017",51.436,"I",1
"GEO","XA:2060","SDG_1041_NOC_RT","2016",51.767,"I",1
"GEO","XA:2060","SDG_1041_NOC_RT","2015",48.599,"I",1
"GEO","XA:2060","SDG_1041_NOC_RT","2014",48.006,"I",1
"GEO","XA:2060","SDG_1041_NOC_RT","2013",49.005,"I",1
"GEO","XA:2060","SDG_1041_NOC_RT","2012",45.354,"I",1
"GEO","XA:2060","SDG_1041_NOC_RT","2011",43.529,"I",1
"GEO","XA:2060","SDG_1041_NOC_RT","2010",41.815,"I",1
"GEO","XA:2060","SDG_1041_NOC_RT","2009",48.915,"I",1
"GEO","XA:2060","SDG_1041_NOC_RT","2008",41.999,"I",1
"GEO","XA:2060","SDG_1041_NOC_RT","2007",35.529,"I",1
"GEO","XA:2060","SDG_1041_NOC_RT","2006",31.991,"I",1
"GEO","XA:2060","SDG_1041_NOC_RT","2005",32.777,"I",1
"GEO","XA:2060","SDG_1041_NOC_RT","2004",32.743,"I",1
"GHA","XA:2064","SDG_1041_NOC_RT","2026",42.351,"I",1
"GHA","XA:2064","SDG_1041_NOC_RT","2025",42.497,"I",1
"GHA","XA:2064","SDG_1041_NOC_RT","2024",42.155,"I",1
"GHA","XA:2064","SDG_1041_NOC_RT","2023",42.727,"I",1
"GHA","XA:2064","SDG_1041_NOC_RT","2022",42.588,"I",1
"GHA","XA:2064","SDG_1041_NOC_RT","2021",42.23,"I",1
"GHA","XA:2064","SDG_1041_NOC_RT","2020",42.615,"I",1
"GHA","XA:2064","SDG_1041_NOC_RT","2019",42.566,"I",1
"GHA","XA:2064","SDG_1041_NOC_RT","2018",42.823,"I",1
"GHA","XA:2064","SDG_1041_NOC_RT","2017",42.671,"I",1
"GHA","XA:2064","SDG_1041_NOC_RT","2016",43.954,"I",1
"GHA","XA:2064","SDG_1041_NOC_RT","2015",44.581,"I",1
"GHA","XA:2064","SDG_1041_NOC_RT","2014",44.387,"I",1
"GHA","XA:2064","SDG_1041_NOC_RT","2013",43.498,"I",1
"GHA","XA:2064","SDG_1041_NOC_RT","2012",43.077,"I",1
"GHA","XA:2064","SDG_1041_NOC_RT","2011",42.138,"I",1
"GHA","XA:2064","SDG_1041_NOC_RT","2010",43.253,"I",1
"GHA","XA:2064","SDG_1041_NOC_RT","2009",43.762,"I",1
"GHA","XA:2064","SDG_1041_NOC_RT","2008",42.894,"I",1
"GHA","XA:2064","SDG_1041_NOC_RT","2007",43.747,"I",1
"GHA","XA:2064","SDG_1041_NOC_RT","2006",43.306,"I",1
"GHA","XA:2064","SDG_1041_NOC_RT","2005",43.403,"I",1
"GHA","XA:2064","SDG_1041_NOC_RT","2004",43.465,"I",1
"GIN","XA:2068","SDG_1041_NOC_RT","2026",35.655,"I",1
"GIN","XA:2068","SDG_1041_NOC_RT","2025",36.183,"I",1
"GIN","XA:2068","SDG_1041_NOC_RT","2024",36.385,"I",1
"GIN","XA:2068","SDG_1041_NOC_RT","2023",36.356,"I",1
"GIN","XA:2068","SDG_1041_NOC_RT","2022",36.766,"I",1
"GIN","XA:2068","SDG_1041_NOC_RT","2021",35.619,"I",1
"GIN","XA:2068","SDG_1041_NOC_RT","2020",36.153,"I",1
"GIN","XA:2068","SDG_1041_NOC_RT","2019",36.36,"I",1
"GIN","XA:2068","SDG_1041_NOC_RT","2018",36.698,"I",1
"GIN","XA:2068","SDG_1041_NOC_RT","2017",39.147,"I",1
"GIN","XA:2068","SDG_1041_NOC_RT","2016",38.665,"I",1
"GIN","XA:2068","SDG_1041_NOC_RT","2015",44.564,"I",1
"GIN","XA:2068","SDG_1041_NOC_RT","2014",45.184,"I",1
"GIN","XA:2068","SDG_1041_NOC_RT","2013",45.604,"I",1
"GIN","XA:2068","SDG_1041_NOC_RT","2012",45.345,"I",1
"GIN","XA:2068","SDG_1041_NOC_RT","2011",46.937,"I",1
"GIN","XA:2068","SDG_1041_NOC_RT","2010",47.815,"I",1
"GIN","XA:2068","SDG_1041_NOC_RT","2009",49.004,"I",1
"GIN","XA:2068","SDG_1041_NOC_RT","2008",46.297,"I",1
"GIN","XA:2068","SDG_1041_NOC_RT","2007",47.003,"I",1
"GIN","XA:2068","SDG_1041_NOC_RT","2006",48.695,"I",1
"GIN","XA:2068","SDG_1041_NOC_RT","2005",47.236,"I",1
"GIN","XA:2068","SDG_1041_NOC_RT","2004",47.645,"I",1
"GMB","XA:2075","SDG_1041_NOC_RT","2026",41.78,"I",1
"GMB","XA:2075","SDG_1041_NOC_RT","2025",41.636,"I",1
"GMB","XA:2075","SDG_1041_NOC_RT","2024",41.758,"I",1
"GMB","XA:2075","SDG_1041_NOC_RT","2023",41.811,"I",1
"GMB","XA:2075","SDG_1041_NOC_RT","2022",41.766,"I",1
"GMB","XA:2075","SDG_1041_NOC_RT","2021",41.878,"I",1
"GMB","XA:2075","SDG_1041_NOC_RT","2020",43.65,"I",1
"GMB","XA:2075","SDG_1041_NOC_RT","2019",42.646,"I",1
"GMB","XA:2075","SDG_1041_NOC_RT","2018",42.534,"I",1
"GMB","XA:2075","SDG_1041_NOC_RT","2017",42.39,"I",1
"GMB","XA:2075","SDG_1041_NOC_RT","2016",42.308,"I",1
"GMB","XA:2075","SDG_1041_NOC_RT","2015",41.511,"I",1
"GMB","XA:2075","SDG_1041_NOC_RT","2014",41.812,"I",1
"GMB","XA:2075","SDG_1041_NOC_RT","2013",40.704,"I",1
"GMB","XA:2075","SDG_1041_NOC_RT","2012",39.88,"I",1
"GMB","XA:2075","SDG_1041_NOC_RT","2011",41.83,"I",1
"GMB","XA:2075","SDG_1041_NOC_RT","2010",39.824,"I",1
"GMB","XA:2075","SDG_1041_NOC_RT","2009",39.747,"I",1
"GMB","XA:2075","SDG_1041_NOC_RT","2008",39.829,"I",1
"GMB","XA:2075","SDG_1041_NOC_RT","2007",40.304,"I",1
"GMB","XA:2075","SDG_1041_NOC_RT","2006",40.831,"I",1
"GMB","XA:2075","SDG_1041_NOC_RT","2005",41.096,"I",1
"GMB","XA:2075","SDG_1041_NOC_RT","2004",39.753,"I",1
"GNB","XA:1885","SDG_1041_NOC_RT","2026",37.308,"I",1
"GNB","XA:1885","SDG_1041_NOC_RT","2025",37.283,"I",1
"GNB","XA:1885","SDG_1041_NOC_RT","2024",37.375,"I",1
"GNB","XA:1885","SDG_1041_NOC_RT","2023",37.27,"I",1
"GNB","XA:1885","SDG_1041_NOC_RT","2022",37.447,"I",1
"GNB","XA:1885","SDG_1041_NOC_RT","2021",36.945,"I",1
"GNB","XA:1885","SDG_1041_NOC_RT","2020",37.003,"I",1
"GNB","XA:1885","SDG_1041_NOC_RT","2019",37.308,"I",1
"GNB","XA:1885","SDG_1041_NOC_RT","2018",37.751,"I",1
"GNB","XA:1885","SDG_1041_NOC_RT","2017",37.539,"I",1
"GNB","XA:1885","SDG_1041_NOC_RT","2016",37.358,"I",1
"GNB","XA:1885","SDG_1041_NOC_RT","2015",37.193,"I",1
"GNB","XA:1885","SDG_1041_NOC_RT","2014",38.448,"I",1
"GNB","XA:1885","SDG_1041_NOC_RT","2013",37.892,"I",1
"GNB","XA:1885","SDG_1041_NOC_RT","2012",39.101,"I",1
"GNB","XA:1885","SDG_1041_NOC_RT","2011",36.73,"I",1
"GNB","XA:1885","SDG_1041_NOC_RT","2010",37.344,"I",1
"GNB","XA:1885","SDG_1041_NOC_RT","2009",38.116,"I",1
"GNB","XA:1885","SDG_1041_NOC_RT","2008",37.615,"I",1
"GNB","XA:1885","SDG_1041_NOC_RT","2007",38.099,"I",1
"GNB","XA:1885","SDG_1041_NOC_RT","2006",38.077,"I",1
"GNB","XA:1885","SDG_1041_NOC_RT","2005",37.139,"I",1
"GNB","XA:1885","SDG_1041_NOC_RT","2004",38.452,"I",1
"GNQ","XA:2083","SDG_1041_NOC_RT","2026",40.568,"I",1
"GNQ","XA:2083","SDG_1041_NOC_RT","2025",40.674,"I",1
"GNQ","XA:2083","SDG_1041_NOC_RT","2024",40.544,"I",1
"GNQ","XA:2083","SDG_1041_NOC_RT","2023",40.893,"I",1
"GNQ","XA:2083","SDG_1041_NOC_RT","2022",40.444,"I",1
"GNQ","XA:2083","SDG_1041_NOC_RT","2021",39.742,"I",1
"GNQ","XA:2083","SDG_1041_NOC_RT","2020",41.495,"I",1
"GNQ","XA:2083","SDG_1041_NOC_RT","2019",40.639,"I",1
"GNQ","XA:2083","SDG_1041_NOC_RT","2018",40.703,"I",1
"GNQ","XA:2083","SDG_1041_NOC_RT","2017",40.703,"I",1
"GNQ","XA:2083","SDG_1041_NOC_RT","2016",40.884,"I",1
"GNQ","XA:2083","SDG_1041_NOC_RT","2015",40.926,"I",1
"GNQ","XA:2083","SDG_1041_NOC_RT","2014",40.493,"I",1
"GNQ","XA:2083","SDG_1041_NOC_RT","2013",40.736,"I",1
"GNQ","XA:2083","SDG_1041_NOC_RT","2012",40.154,"I",1
"GNQ","XA:2083","SDG_1041_NOC_RT","2011",40.256,"I",1
"GNQ","XA:2083","SDG_1041_NOC_RT","2010",41.008,"I",1
"GNQ","XA:2083","SDG_1041_NOC_RT","2009",40.51,"I",1
"GNQ","XA:2083","SDG_1041_NOC_RT","2008",39.708,"I",1
"GNQ","XA:2083","SDG_1041_NOC_RT","2007",39.813,"I",1
"GNQ","XA:2083","SDG_1041_NOC_RT","2006",40.151,"I",1
"GNQ","XA:2083","SDG_1041_NOC_RT","2005",39.676,"I",1
"GNQ","XA:2083","SDG_1041_NOC_RT","2004",38.604,"I",1
"GRC","XA:1854","SDG_1041_NOC_RT","2026",51.286,"M",1
"GRC","XA:1854","SDG_1041_NOC_RT","2025",51.299,"M",1
"GRC","XA:1854","SDG_1041_NOC_RT","2024",51.261,"M",1
"GRC","XA:1854","SDG_1041_NOC_RT","2023",51.239,"NA",1
"GRC","XA:1854","SDG_1041_NOC_RT","2022",53.54,"NA",1
"GRC","XA:1854","SDG_1041_NOC_RT","2021",56.907,"NA",1
"GRC","XA:1854","SDG_1041_NOC_RT","2020",58.497,"NA",1
"GRC","XA:1854","SDG_1041_NOC_RT","2019",56.05,"NA",1
"GRC","XA:1854","SDG_1041_NOC_RT","2018",56.584,"NA",1
"GRC","XA:1854","SDG_1041_NOC_RT","2017",54.573,"NA",1
"GRC","XA:1854","SDG_1041_NOC_RT","2016",54.92,"NA",1
"GRC","XA:1854","SDG_1041_NOC_RT","2015",53.854,"NA",1
"GRC","XA:1854","SDG_1041_NOC_RT","2014",56.967,"NA",1
"GRC","XA:1854","SDG_1041_NOC_RT","2013",56.665,"NA",1
"GRC","XA:1854","SDG_1041_NOC_RT","2012",60.223,"NA",1
"GRC","XA:1854","SDG_1041_NOC_RT","2011",60.293,"NA",1
"GRC","XA:1854","SDG_1041_NOC_RT","2010",58.798,"NA",1
"GRC","XA:1854","SDG_1041_NOC_RT","2009",57.604,"NA",1
"GRC","XA:1854","SDG_1041_NOC_RT","2008",55.333,"NA",1
"GRC","XA:1854","SDG_1041_NOC_RT","2007",54.648,"NA",1
"GRC","XA:1854","SDG_1041_NOC_RT","2006",54.811,"NA",1
"GRC","XA:1854","SDG_1041_NOC_RT","2005",56.215,"NA",1
"GRC","XA:1854","SDG_1041_NOC_RT","2004",54.472,"NA",1
"GTM","XA:1956","SDG_1041_NOC_RT","2026",43.921,"M",1
"GTM","XA:1956","SDG_1041_NOC_RT","2025",43.85,"M",1
"GTM","XA:1956","SDG_1041_NOC_RT","2024",43.693,"NA",1
"GTM","XA:1956","SDG_1041_NOC_RT","2023",43.597,"NA",1
"GTM","XA:1956","SDG_1041_NOC_RT","2022",45.496,"NA",1
"GTM","XA:1956","SDG_1041_NOC_RT","2021",47.44,"NA",1
"GTM","XA:1956","SDG_1041_NOC_RT","2020",48.596,"NA",1
"GTM","XA:1956","SDG_1041_NOC_RT","2019",46.867,"NA",1
"GTM","XA:1956","SDG_1041_NOC_RT","2018",48.356,"NA",1
"GTM","XA:1956","SDG_1041_NOC_RT","2017",49.812,"NA",1
"GTM","XA:1956","SDG_1041_NOC_RT","2016",47.78,"NA",1
"GTM","XA:1956","SDG_1041_NOC_RT","2015",48.827,"NA",1
"GTM","XA:1956","SDG_1041_NOC_RT","2014",47.889,"NA",1
"GTM","XA:1956","SDG_1041_NOC_RT","2013",50.099,"NA",1
"GTM","XA:1956","SDG_1041_NOC_RT","2012",38.16,"NA",1
"GTM","XA:1956","SDG_1041_NOC_RT","2011",37.582,"NA",1
"GTM","XA:1956","SDG_1041_NOC_RT","2010",40.848,"NA",1
"GTM","XA:1956","SDG_1041_NOC_RT","2009",41.129,"NA",1
"GTM","XA:1956","SDG_1041_NOC_RT","2008",41.06,"NA",1
"GTM","XA:1956","SDG_1041_NOC_RT","2007",41.785,"NA",1
"GTM","XA:1956","SDG_1041_NOC_RT","2006",43.124,"NA",1
"GTM","XA:1956","SDG_1041_NOC_RT","2005",44.485,"NA",1
"GTM","XA:1956","SDG_1041_NOC_RT","2004",45.675,"NA",1
"GUM","XA:1960","SDG_1041_NOC_RT","2026",51.536,"I",1
"GUM","XA:1960","SDG_1041_NOC_RT","2025",51.664,"I",1
"GUM","XA:1960","SDG_1041_NOC_RT","2024",51.777,"I",1
"GUM","XA:1960","SDG_1041_NOC_RT","2023",51.804,"I",1
"GUM","XA:1960","SDG_1041_NOC_RT","2022",51.37,"I",1
"GUM","XA:1960","SDG_1041_NOC_RT","2021",50.927,"I",1
"GUM","XA:1960","SDG_1041_NOC_RT","2020",53.808,"I",1
"GUM","XA:1960","SDG_1041_NOC_RT","2019",51.875,"I",1
"GUM","XA:1960","SDG_1041_NOC_RT","2018",52.414,"I",1
"GUM","XA:1960","SDG_1041_NOC_RT","2017",52.137,"I",1
"GUM","XA:1960","SDG_1041_NOC_RT","2016",52.249,"I",1
"GUM","XA:1960","SDG_1041_NOC_RT","2015",52.144,"I",1
"GUM","XA:1960","SDG_1041_NOC_RT","2014",51.986,"I",1
"GUM","XA:1960","SDG_1041_NOC_RT","2013",52,"I",1
"GUM","XA:1960","SDG_1041_NOC_RT","2012",51.926,"I",1
"GUM","XA:1960","SDG_1041_NOC_RT","2011",52.253,"I",1
"GUM","XA:1960","SDG_1041_NOC_RT","2010",51.896,"I",1
"GUM","XA:1960","SDG_1041_NOC_RT","2009",52.186,"I",1
"GUM","XA:1960","SDG_1041_NOC_RT","2008",51.924,"I",1
"GUM","XA:1960","SDG_1041_NOC_RT","2007",52.131,"I",1
"GUM","XA:1960","SDG_1041_NOC_RT","2006",52.829,"I",1
"GUM","XA:1960","SDG_1041_NOC_RT","2005",51.649,"I",1
"GUM","XA:1960","SDG_1041_NOC_RT","2004",51.185,"I",1
"GUY","XA:1839","SDG_1041_NOC_RT","2026",55.689,"I",1
"GUY","XA:1839","SDG_1041_NOC_RT","2025",56.113,"I",1
"GUY","XA:1839","SDG_1041_NOC_RT","2024",54.816,"I",1
"GUY","XA:1839","SDG_1041_NOC_RT","2023",55.084,"I",1
"GUY","XA:1839","SDG_1041_NOC_RT","2022",53.943,"I",1
"GUY","XA:1839","SDG_1041_NOC_RT","2021",55.365,"I",1
"GUY","XA:1839","SDG_1041_NOC_RT","2020",57.958,"I",1
"GUY","XA:1839","SDG_1041_NOC_RT","2019",55.251,"I",1
"GUY","XA:1839","SDG_1041_NOC_RT","2018",54.666,"I",1
"GUY","XA:1839","SDG_1041_NOC_RT","2017",54.871,"I",1
"GUY","XA:1839","SDG_1041_NOC_RT","2016",54.855,"I",1
"GUY","XA:1839","SDG_1041_NOC_RT","2015",54.943,"I",1
"GUY","XA:1839","SDG_1041_NOC_RT","2014",54.903,"I",1
"GUY","XA:1839","SDG_1041_NOC_RT","2013",54.836,"I",1
"GUY","XA:1839","SDG_1041_NOC_RT","2012",54.782,"I",1
"GUY","XA:1839","SDG_1041_NOC_RT","2011",54.783,"I",1
"GUY","XA:1839","SDG_1041_NOC_RT","2010",54.814,"I",1
"GUY","XA:1839","SDG_1041_NOC_RT","2009",54.829,"I",1
"GUY","XA:1839","SDG_1041_NOC_RT","2008",54.885,"I",1
"GUY","XA:1839","SDG_1041_NOC_RT","2007",54.714,"I",1
"GUY","XA:1839","SDG_1041_NOC_RT","2006",54.776,"I",1
"GUY","XA:1839","SDG_1041_NOC_RT","2005",54.993,"I",1
"GUY","XA:1839","SDG_1041_NOC_RT","2004",54.878,"I",1
"HKG","XA:1964","SDG_1041_NOC_RT","2026",53.41,"I",1
"HKG","XA:1964","SDG_1041_NOC_RT","2025",53.363,"I",1
"HKG","XA:1964","SDG_1041_NOC_RT","2024",53.342,"I",1
"HKG","XA:1964","SDG_1041_NOC_RT","2023",53.191,"I",1
"HKG","XA:1964","SDG_1041_NOC_RT","2022",54.734,"I",1
"HKG","XA:1964","SDG_1041_NOC_RT","2021",53.227,"I",1
"HKG","XA:1964","SDG_1041_NOC_RT","2020",55.644,"I",1
"HKG","XA:1964","SDG_1041_NOC_RT","2019",53.709,"I",1
"HKG","XA:1964","SDG_1041_NOC_RT","2018",52.558,"I",1
"HKG","XA:1964","SDG_1041_NOC_RT","2017",53.834,"I",1
"HKG","XA:1964","SDG_1041_NOC_RT","2016",54.462,"I",1
"HKG","XA:1964","SDG_1041_NOC_RT","2015",53.669,"I",1
"HKG","XA:1964","SDG_1041_NOC_RT","2014",54.517,"I",1
"HKG","XA:1964","SDG_1041_NOC_RT","2013",54.98,"I",1
"HKG","XA:1964","SDG_1041_NOC_RT","2012",55.654,"I",1
"HKG","XA:1964","SDG_1041_NOC_RT","2011",54.799,"I",1
"HKG","XA:1964","SDG_1041_NOC_RT","2010",54.673,"I",1
"HKG","XA:1964","SDG_1041_NOC_RT","2009",54.532,"I",1
"HKG","XA:1964","SDG_1041_NOC_RT","2008",51.836,"I",1
"HKG","XA:1964","SDG_1041_NOC_RT","2007",52.275,"I",1
"HKG","XA:1964","SDG_1041_NOC_RT","2006",52.836,"I",1
"HKG","XA:1964","SDG_1041_NOC_RT","2005",53.256,"I",1
"HKG","XA:1964","SDG_1041_NOC_RT","2004",54.724,"I",1
"HND","XA:1893","SDG_1041_NOC_RT","2026",57.405,"M",1
"HND","XA:1893","SDG_1041_NOC_RT","2025",57.363,"M",1
"HND","XA:1893","SDG_1041_NOC_RT","2024",57.421,"NA",1
"HND","XA:1893","SDG_1041_NOC_RT","2023",58.85,"NA",1
"HND","XA:1893","SDG_1041_NOC_RT","2022",56.432,"NA",1
"HND","XA:1893","SDG_1041_NOC_RT","2021",58.113,"NA",1
"HND","XA:1893","SDG_1041_NOC_RT","2020",59.863,"NA",1
"HND","XA:1893","SDG_1041_NOC_RT","2019",58.894,"NA",1
"HND","XA:1893","SDG_1041_NOC_RT","2018",58.887,"NA",1
"HND","XA:1893","SDG_1041_NOC_RT","2017",59.04,"NA",1
"HND","XA:1893","SDG_1041_NOC_RT","2016",57.509,"NA",1
"HND","XA:1893","SDG_1041_NOC_RT","2015",58.944,"NA",1
"HND","XA:1893","SDG_1041_NOC_RT","2014",61.523,"NA",1
"HND","XA:1893","SDG_1041_NOC_RT","2013",65.64,"NA",1
"HND","XA:1893","SDG_1041_NOC_RT","2012",66.383,"NA",1
"HND","XA:1893","SDG_1041_NOC_RT","2011",66.442,"NA",1
"HND","XA:1893","SDG_1041_NOC_RT","2010",70.64,"NA",1
"HND","XA:1893","SDG_1041_NOC_RT","2009",68.649,"NA",1
"HND","XA:1893","SDG_1041_NOC_RT","2008",64.114,"NA",1
"HND","XA:1893","SDG_1041_NOC_RT","2007",63.748,"NA",1
"HND","XA:1893","SDG_1041_NOC_RT","2006",61.175,"NA",1
"HND","XA:1893","SDG_1041_NOC_RT","2005",63.308,"NA",1
"HND","XA:1893","SDG_1041_NOC_RT","2004",63.825,"NA",1
"HRV","XA:2115","SDG_1041_NOC_RT","2026",62.96,"M",1
"HRV","XA:2115","SDG_1041_NOC_RT","2025",62.91,"M",1
"HRV","XA:2115","SDG_1041_NOC_RT","2024",62.756,"NA",1
"HRV","XA:2115","SDG_1041_NOC_RT","2023",57.881,"NA",1
"HRV","XA:2115","SDG_1041_NOC_RT","2022",56.425,"NA",1
"HRV","XA:2115","SDG_1041_NOC_RT","2021",55.755,"NA",1
"HRV","XA:2115","SDG_1041_NOC_RT","2020",63.919,"NA",1
"HRV","XA:2115","SDG_1041_NOC_RT","2019",59.525,"NA",1
"HRV","XA:2115","SDG_1041_NOC_RT","2018",60.26,"NA",1
"HRV","XA:2115","SDG_1041_NOC_RT","2017",56.988,"NA",1
"HRV","XA:2115","SDG_1041_NOC_RT","2016",57.286,"NA",1
"HRV","XA:2115","SDG_1041_NOC_RT","2015",59.083,"NA",1
"HRV","XA:2115","SDG_1041_NOC_RT","2014",56.983,"NA",1
"HRV","XA:2115","SDG_1041_NOC_RT","2013",56.716,"NA",1
"HRV","XA:2115","SDG_1041_NOC_RT","2012",57.82,"NA",1
"HRV","XA:2115","SDG_1041_NOC_RT","2011",57.741,"NA",1
"HRV","XA:2115","SDG_1041_NOC_RT","2010",58.293,"NA",1
"HRV","XA:2115","SDG_1041_NOC_RT","2009",59.662,"NA",1
"HRV","XA:2115","SDG_1041_NOC_RT","2008",57.767,"NA",1
"HRV","XA:2115","SDG_1041_NOC_RT","2007",58.005,"NA",1
"HRV","XA:2115","SDG_1041_NOC_RT","2006",58.35,"NA",1
"HRV","XA:2115","SDG_1041_NOC_RT","2005",59.922,"NA",1
"HRV","XA:2115","SDG_1041_NOC_RT","2004",60.932,"NA",1
"HTI","XA:1858","SDG_1041_NOC_RT","2026",51.849,"I",1
"HTI","XA:1858","SDG_1041_NOC_RT","2025",52.182,"I",1
"HTI","XA:1858","SDG_1041_NOC_RT","2024",52.401,"I",1
"HTI","XA:1858","SDG_1041_NOC_RT","2023",51.954,"I",1
"HTI","XA:1858","SDG_1041_NOC_RT","2022",51.932,"I",1
"HTI","XA:1858","SDG_1041_NOC_RT","2021",51.703,"I",1
"HTI","XA:1858","SDG_1041_NOC_RT","2020",51.714,"I",1
"HTI","XA:1858","SDG_1041_NOC_RT","2019",52.291,"I",1
"HTI","XA:1858","SDG_1041_NOC_RT","2018",51.725,"I",1
"HTI","XA:1858","SDG_1041_NOC_RT","2017",51.596,"I",1
"HTI","XA:1858","SDG_1041_NOC_RT","2016",51.715,"I",1
"HTI","XA:1858","SDG_1041_NOC_RT","2015",51.781,"I",1
"HTI","XA:1858","SDG_1041_NOC_RT","2014",51.528,"I",1
"HTI","XA:1858","SDG_1041_NOC_RT","2013",51.298,"I",1
"HTI","XA:1858","SDG_1041_NOC_RT","2012",51.935,"I",1
"HTI","XA:1858","SDG_1041_NOC_RT","2011",51.156,"I",1
"HTI","XA:1858","SDG_1041_NOC_RT","2010",52.974,"I",1
"HTI","XA:1858","SDG_1041_NOC_RT","2009",51.02,"I",1
"HTI","XA:1858","SDG_1041_NOC_RT","2008",51.568,"I",1
"HTI","XA:1858","SDG_1041_NOC_RT","2007",51.225,"I",1
"HTI","XA:1858","SDG_1041_NOC_RT","2006",51.719,"I",1
"HTI","XA:1858","SDG_1041_NOC_RT","2005",51.504,"I",1
"HTI","XA:1858","SDG_1041_NOC_RT","2004",52.252,"I",1
"HUN","XA:1972","SDG_1041_NOC_RT","2026",51.033,"M",1
"HUN","XA:1972","SDG_1041_NOC_RT","2025",51.296,"M",1
"HUN","XA:1972","SDG_1041_NOC_RT","2024",49.989,"M",1
"HUN","XA:1972","SDG_1041_NOC_RT","2023",48.195,"NA",1
"HUN","XA:1972","SDG_1041_NOC_RT","2022",46.815,"NA",1
"HUN","XA:1972","SDG_1041_NOC_RT","2021",48.179,"NA",1
"HUN","XA:1972","SDG_1041_NOC_RT","2020",49.395,"NA",1
"HUN","XA:1972","SDG_1041_NOC_RT","2019",49.178,"NA",1
"HUN","XA:1972","SDG_1041_NOC_RT","2018",48.642,"NA",1
"HUN","XA:1972","SDG_1041_NOC_RT","2017",49.099,"NA",1
"HUN","XA:1972","SDG_1041_NOC_RT","2016",49.1,"NA",1
"HUN","XA:1972","SDG_1041_NOC_RT","2015",47.81,"NA",1
"HUN","XA:1972","SDG_1041_NOC_RT","2014",49.24,"NA",1
"HUN","XA:1972","SDG_1041_NOC_RT","2013",50.493,"NA",1
"HUN","XA:1972","SDG_1041_NOC_RT","2012",51.746,"NA",1
"HUN","XA:1972","SDG_1041_NOC_RT","2011",50.77,"NA",1
"HUN","XA:1972","SDG_1041_NOC_RT","2010",51.225,"NA",1
"HUN","XA:1972","SDG_1041_NOC_RT","2009",53.029,"NA",1
"HUN","XA:1972","SDG_1041_NOC_RT","2008",53.426,"NA",1
"HUN","XA:1972","SDG_1041_NOC_RT","2007",55.044,"NA",1
"HUN","XA:1972","SDG_1041_NOC_RT","2006",56.171,"NA",1
"HUN","XA:1972","SDG_1041_NOC_RT","2005",57.096,"NA",1
"HUN","XA:1972","SDG_1041_NOC_RT","2004",56.901,"NA",1
"IDN","XA:1897","SDG_1041_NOC_RT","2026",58.175,"M",1
"IDN","XA:1897","SDG_1041_NOC_RT","2025",58.202,"M",1
"IDN","XA:1897","SDG_1041_NOC_RT","2024",58.141,"M",1
"IDN","XA:1897","SDG_1041_NOC_RT","2023",58.156,"M",1
"IDN","XA:1897","SDG_1041_NOC_RT","2022",58.006,"M",1
"IDN","XA:1897","SDG_1041_NOC_RT","2021",57.659,"M",1
"IDN","XA:1897","SDG_1041_NOC_RT","2020",58.929,"M",1
"IDN","XA:1897","SDG_1041_NOC_RT","2019",58.507,"NA",1
"IDN","XA:1897","SDG_1041_NOC_RT","2018",59.541,"NA",1
"IDN","XA:1897","SDG_1041_NOC_RT","2017",60.263,"NA",1
"IDN","XA:1897","SDG_1041_NOC_RT","2016",61.288,"NA",1
"IDN","XA:1897","SDG_1041_NOC_RT","2015",61.3,"M",1
"IDN","XA:1897","SDG_1041_NOC_RT","2014",61.42,"M",1
"IDN","XA:1897","SDG_1041_NOC_RT","2013",61.116,"M",1
"IDN","XA:1897","SDG_1041_NOC_RT","2012",60.86,"M",1
"IDN","XA:1897","SDG_1041_NOC_RT","2011",61.034,"M",1
"IDN","XA:1897","SDG_1041_NOC_RT","2010",61.282,"M",1
"IDN","XA:1897","SDG_1041_NOC_RT","2009",62.817,"M",1
"IDN","XA:1897","SDG_1041_NOC_RT","2008",62.102,"M",1
"IDN","XA:1897","SDG_1041_NOC_RT","2007",60.855,"M",1
"IDN","XA:1897","SDG_1041_NOC_RT","2006",61.774,"M",1
"IDN","XA:1897","SDG_1041_NOC_RT","2005",61.303,"M",1
"IDN","XA:1897","SDG_1041_NOC_RT","2004",61.92,"M",1
"IND","XA:1976","SDG_1041_NOC_RT","2026",61.918,"M",1
"IND","XA:1976","SDG_1041_NOC_RT","2025",61.825,"M",1
"IND","XA:1976","SDG_1041_NOC_RT","2024",61.925,"M",1
"IND","XA:1976","SDG_1041_NOC_RT","2023",61.141,"NA",1
"IND","XA:1976","SDG_1041_NOC_RT","2022",62.027,"NA",1
"IND","XA:1976","SDG_1041_NOC_RT","2021",62.346,"NA",1
"IND","XA:1976","SDG_1041_NOC_RT","2020",62.607,"NA",1
"IND","XA:1976","SDG_1041_NOC_RT","2019",60.332,"NA",1
"IND","XA:1976","SDG_1041_NOC_RT","2018",59.827,"NA",1
"IND","XA:1976","SDG_1041_NOC_RT","2017",58.989,"NA",1
"IND","XA:1976","SDG_1041_NOC_RT","2016",58.485,"NA",1
"IND","XA:1976","SDG_1041_NOC_RT","2015",57.585,"NA",1
"IND","XA:1976","SDG_1041_NOC_RT","2014",58.568,"NA",1
"IND","XA:1976","SDG_1041_NOC_RT","2013",57.365,"NA",1
"IND","XA:1976","SDG_1041_NOC_RT","2012",57.299,"NA",1
"IND","XA:1976","SDG_1041_NOC_RT","2011",58.128,"NA",1
"IND","XA:1976","SDG_1041_NOC_RT","2010",59.346,"NA",1
"IND","XA:1976","SDG_1041_NOC_RT","2009",61.553,"NA",1
"IND","XA:1976","SDG_1041_NOC_RT","2008",59.975,"NA",1
"IND","XA:1976","SDG_1041_NOC_RT","2007",54.484,"NA",1
"IND","XA:1976","SDG_1041_NOC_RT","2006",54.781,"NA",1
"IND","XA:1976","SDG_1041_NOC_RT","2005",57.163,"NA",1
"IND","XA:1976","SDG_1041_NOC_RT","2004",59.128,"NA",1
"IRL","XA:1832","SDG_1041_NOC_RT","2026",29.628,"M",1
"IRL","XA:1832","SDG_1041_NOC_RT","2025",29.228,"M",1
"IRL","XA:1832","SDG_1041_NOC_RT","2024",31.571,"M",1
"IRL","XA:1832","SDG_1041_NOC_RT","2023",33.715,"NA",1
"IRL","XA:1832","SDG_1041_NOC_RT","2022",29.245,"NA",1
"IRL","XA:1832","SDG_1041_NOC_RT","2021",30.393,"NA",1
"IRL","XA:1832","SDG_1041_NOC_RT","2020",33.563,"NA",1
"IRL","XA:1832","SDG_1041_NOC_RT","2019",34.776,"NA",1
"IRL","XA:1832","SDG_1041_NOC_RT","2018",35.414,"NA",1
"IRL","XA:1832","SDG_1041_NOC_RT","2017",35.808,"NA",1
"IRL","XA:1832","SDG_1041_NOC_RT","2016",37.355,"NA",1
"IRL","XA:1832","SDG_1041_NOC_RT","2015",35.665,"NA",1
"IRL","XA:1832","SDG_1041_NOC_RT","2014",46.071,"NA",1
"IRL","XA:1832","SDG_1041_NOC_RT","2013",48.931,"NA",1
"IRL","XA:1832","SDG_1041_NOC_RT","2012",50.449,"NA",1
"IRL","XA:1832","SDG_1041_NOC_RT","2011",51.33,"NA",1
"IRL","XA:1832","SDG_1041_NOC_RT","2010",53.859,"NA",1
"IRL","XA:1832","SDG_1041_NOC_RT","2009",55.827,"NA",1
"IRL","XA:1832","SDG_1041_NOC_RT","2008",56.576,"NA",1
"IRL","XA:1832","SDG_1041_NOC_RT","2007",53.948,"NA",1
"IRL","XA:1832","SDG_1041_NOC_RT","2006",52.564,"NA",1
"IRL","XA:1832","SDG_1041_NOC_RT","2005",53.083,"NA",1
"IRL","XA:1832","SDG_1041_NOC_RT","2004",53.473,"NA",1
"IRN","XA:1980","SDG_1041_NOC_RT","2026",34.879,"I",1
"IRN","XA:1980","SDG_1041_NOC_RT","2025",34.953,"I",1
"IRN","XA:1980","SDG_1041_NOC_RT","2024",34.227,"I",1
"IRN","XA:1980","SDG_1041_NOC_RT","2023",33.827,"I",1
"IRN","XA:1980","SDG_1041_NOC_RT","2022",32.458,"I",1
"IRN","XA:1980","SDG_1041_NOC_RT","2021",35.033,"I",1
"IRN","XA:1980","SDG_1041_NOC_RT","2020",36.565,"I",1
"IRN","XA:1980","SDG_1041_NOC_RT","2019",38.612,"I",1
"IRN","XA:1980","SDG_1041_NOC_RT","2018",37.706,"I",1
"IRN","XA:1980","SDG_1041_NOC_RT","2017",40.514,"I",1
"IRN","XA:1980","SDG_1041_NOC_RT","2016",40.231,"I",1
"IRN","XA:1980","SDG_1041_NOC_RT","2015",41.949,"I",1
"IRN","XA:1980","SDG_1041_NOC_RT","2014",37.657,"I",1
"IRN","XA:1980","SDG_1041_NOC_RT","2013",36.72,"I",1
"IRN","XA:1980","SDG_1041_NOC_RT","2012",38.009,"I",1
"IRN","XA:1980","SDG_1041_NOC_RT","2011",36.505,"I",1
"IRN","XA:1980","SDG_1041_NOC_RT","2010",34.639,"I",1
"IRN","XA:1980","SDG_1041_NOC_RT","2009",35.461,"I",1
"IRN","XA:1980","SDG_1041_NOC_RT","2008",32.604,"I",1
"IRN","XA:1980","SDG_1041_NOC_RT","2007",31.453,"I",1
"IRN","XA:1980","SDG_1041_NOC_RT","2006",35.268,"I",1
"IRN","XA:1980","SDG_1041_NOC_RT","2005",35.418,"I",1
"IRN","XA:1980","SDG_1041_NOC_RT","2004",35.601,"I",1
"IRQ","XA:1901","SDG_1041_NOC_RT","2026",41.205,"I",1
"IRQ","XA:1901","SDG_1041_NOC_RT","2025",41.377,"I",1
"IRQ","XA:1901","SDG_1041_NOC_RT","2024",41.425,"I",1
"IRQ","XA:1901","SDG_1041_NOC_RT","2023",41.338,"I",1
"IRQ","XA:1901","SDG_1041_NOC_RT","2022",30.863,"I",1
"IRQ","XA:1901","SDG_1041_NOC_RT","2021",38.694,"I",1
"IRQ","XA:1901","SDG_1041_NOC_RT","2020",48.938,"I",1
"IRQ","XA:1901","SDG_1041_NOC_RT","2019",39.299,"I",1
"IRQ","XA:1901","SDG_1041_NOC_RT","2018",36.324,"I",1
"IRQ","XA:1901","SDG_1041_NOC_RT","2017",41.371,"I",1
"IRQ","XA:1901","SDG_1041_NOC_RT","2016",45.742,"I",1
"IRQ","XA:1901","SDG_1041_NOC_RT","2015",46.699,"I",1
"IRQ","XA:1901","SDG_1041_NOC_RT","2014",40.805,"I",1
"IRQ","XA:1901","SDG_1041_NOC_RT","2013",36.658,"I",1
"IRQ","XA:1901","SDG_1041_NOC_RT","2012",35.001,"I",1
"IRQ","XA:1901","SDG_1041_NOC_RT","2011",32.123,"I",1
"IRQ","XA:1901","SDG_1041_NOC_RT","2010",39.435,"I",1
"IRQ","XA:1901","SDG_1041_NOC_RT","2009",41.754,"I",1
"IRQ","XA:1901","SDG_1041_NOC_RT","2008",35.05,"I",1
"IRQ","XA:1901","SDG_1041_NOC_RT","2007",30.355,"I",1
"IRQ","XA:1901","SDG_1041_NOC_RT","2006",27.519,"I",1
"IRQ","XA:1901","SDG_1041_NOC_RT","2005",27.003,"I",1
"IRQ","XA:1901","SDG_1041_NOC_RT","2004",28.332,"I",1
"ISL","XA:1984","SDG_1041_NOC_RT","2026",63.516,"I",1
"ISL","XA:1984","SDG_1041_NOC_RT","2025",63.627,"I",1
"ISL","XA:1984","SDG_1041_NOC_RT","2024",64.153,"I",1
"ISL","XA:1984","SDG_1041_NOC_RT","2023",64.31,"I",1
"ISL","XA:1984","SDG_1041_NOC_RT","2022",64.439,"I",1
"ISL","XA:1984","SDG_1041_NOC_RT","2021",66.599,"I",1
"ISL","XA:1984","SDG_1041_NOC_RT","2020",67.298,"I",1
"ISL","XA:1984","SDG_1041_NOC_RT","2019",68.821,"I",1
"ISL","XA:1984","SDG_1041_NOC_RT","2018",67.788,"I",1
"ISL","XA:1984","SDG_1041_NOC_RT","2017",67.791,"I",1
"ISL","XA:1984","SDG_1041_NOC_RT","2016",62.851,"I",1
"ISL","XA:1984","SDG_1041_NOC_RT","2015",63.486,"I",1
"ISL","XA:1984","SDG_1041_NOC_RT","2014",66.168,"I",1
"ISL","XA:1984","SDG_1041_NOC_RT","2013",65.795,"I",1
"ISL","XA:1984","SDG_1041_NOC_RT","2012",65.444,"I",1
"ISL","XA:1984","SDG_1041_NOC_RT","2011",62.622,"I",1
"ISL","XA:1984","SDG_1041_NOC_RT","2010",59.103,"I",1
"ISL","XA:1984","SDG_1041_NOC_RT","2009",57.659,"I",1
"ISL","XA:1984","SDG_1041_NOC_RT","2008",66.504,"I",1
"ISL","XA:1984","SDG_1041_NOC_RT","2007",73.464,"I",1
"ISL","XA:1984","SDG_1041_NOC_RT","2006",72.651,"I",1
"ISL","XA:1984","SDG_1041_NOC_RT","2005",71.439,"I",1
"ISL","XA:1984","SDG_1041_NOC_RT","2004",67.974,"I",1
"ISR","XA:1862","SDG_1041_NOC_RT","2026",49.088,"I",1
"ISR","XA:1862","SDG_1041_NOC_RT","2025",49.436,"I",1
"ISR","XA:1862","SDG_1041_NOC_RT","2024",49.981,"I",1
"ISR","XA:1862","SDG_1041_NOC_RT","2023",50.08,"I",1
"ISR","XA:1862","SDG_1041_NOC_RT","2022",49.857,"I",1
"ISR","XA:1862","SDG_1041_NOC_RT","2021",49.857,"I",1
"ISR","XA:1862","SDG_1041_NOC_RT","2020",51.718,"I",1
"ISR","XA:1862","SDG_1041_NOC_RT","2019",51.71,"I",1
"ISR","XA:1862","SDG_1041_NOC_RT","2018",52.394,"I",1
"ISR","XA:1862","SDG_1041_NOC_RT","2017",52.306,"I",1
"ISR","XA:1862","SDG_1041_NOC_RT","2016",51.551,"I",1
"ISR","XA:1862","SDG_1041_NOC_RT","2015",50.729,"I",1
"ISR","XA:1862","SDG_1041_NOC_RT","2014",50.236,"I",1
"ISR","XA:1862","SDG_1041_NOC_RT","2013",50.208,"I",1
"ISR","XA:1862","SDG_1041_NOC_RT","2012",50.459,"I",1
"ISR","XA:1862","SDG_1041_NOC_RT","2011",50.712,"I",1
"ISR","XA:1862","SDG_1041_NOC_RT","2010",50.541,"I",1
"ISR","XA:1862","SDG_1041_NOC_RT","2009",50.492,"I",1
"ISR","XA:1862","SDG_1041_NOC_RT","2008",52.697,"I",1
"ISR","XA:1862","SDG_1041_NOC_RT","2007",51.827,"I",1
"ISR","XA:1862","SDG_1041_NOC_RT","2006",51.754,"I",1
"ISR","XA:1862","SDG_1041_NOC_RT","2005",51.102,"I",1
"ISR","XA:1862","SDG_1041_NOC_RT","2004",51.224,"I",1
"ITA","XA:1988","SDG_1041_NOC_RT","2026",58.414,"M",1
"ITA","XA:1988","SDG_1041_NOC_RT","2025",58.452,"M",1
"ITA","XA:1988","SDG_1041_NOC_RT","2024",57.813,"NA",1
"ITA","XA:1988","SDG_1041_NOC_RT","2023",56.67,"NA",1
"ITA","XA:1988","SDG_1041_NOC_RT","2022",54.326,"NA",1
"ITA","XA:1988","SDG_1041_NOC_RT","2021",57.181,"NA",1
"ITA","XA:1988","SDG_1041_NOC_RT","2020",56.741,"NA",1
"ITA","XA:1988","SDG_1041_NOC_RT","2019",59.279,"NA",1
"ITA","XA:1988","SDG_1041_NOC_RT","2018",61.906,"NA",1
"ITA","XA:1988","SDG_1041_NOC_RT","2017",61.64,"NA",1
"ITA","XA:1988","SDG_1041_NOC_RT","2016",60.188,"NA",1
"ITA","XA:1988","SDG_1041_NOC_RT","2015",58.005,"NA",1
"ITA","XA:1988","SDG_1041_NOC_RT","2014",57.345,"NA",1
"ITA","XA:1988","SDG_1041_NOC_RT","2013",57.725,"NA",1
"ITA","XA:1988","SDG_1041_NOC_RT","2012",57.831,"NA",1
"ITA","XA:1988","SDG_1041_NOC_RT","2011",57.752,"NA",1
"ITA","XA:1988","SDG_1041_NOC_RT","2010",58.523,"NA",1
"ITA","XA:1988","SDG_1041_NOC_RT","2009",58.693,"NA",1
"ITA","XA:1988","SDG_1041_NOC_RT","2008",57.341,"NA",1
"ITA","XA:1988","SDG_1041_NOC_RT","2007",56.742,"NA",1
"ITA","XA:1988","SDG_1041_NOC_RT","2006",57.061,"NA",1
"ITA","XA:1988","SDG_1041_NOC_RT","2005",57.095,"NA",1
"ITA","XA:1988","SDG_1041_NOC_RT","2004",57.284,"NA",1
"JAM","XA:1905","SDG_1041_NOC_RT","2026",53.548,"M",1
"JAM","XA:1905","SDG_1041_NOC_RT","2025",53.447,"M",1
"JAM","XA:1905","SDG_1041_NOC_RT","2024",54.171,"M",1
"JAM","XA:1905","SDG_1041_NOC_RT","2023",53.279,"M",1
"JAM","XA:1905","SDG_1041_NOC_RT","2022",52.321,"M",1
"JAM","XA:1905","SDG_1041_NOC_RT","2021",51.708,"M",1
"JAM","XA:1905","SDG_1041_NOC_RT","2020",55.981,"M",1
"JAM","XA:1905","SDG_1041_NOC_RT","2019",53.853,"NA",1
"JAM","XA:1905","SDG_1041_NOC_RT","2018",53.837,"NA",1
"JAM","XA:1905","SDG_1041_NOC_RT","2017",54.049,"NA",1
"JAM","XA:1905","SDG_1041_NOC_RT","2016",54.839,"NA",1
"JAM","XA:1905","SDG_1041_NOC_RT","2015",55.337,"NA",1
"JAM","XA:1905","SDG_1041_NOC_RT","2014",56.362,"NA",1
"JAM","XA:1905","SDG_1041_NOC_RT","2013",56.818,"NA",1
"JAM","XA:1905","SDG_1041_NOC_RT","2012",59.057,"NA",1
"JAM","XA:1905","SDG_1041_NOC_RT","2011",56.368,"NA",1
"JAM","XA:1905","SDG_1041_NOC_RT","2010",58.176,"NA",1
"JAM","XA:1905","SDG_1041_NOC_RT","2009",58.445,"NA",1
"JAM","XA:1905","SDG_1041_NOC_RT","2008",58.675,"NA",1
"JAM","XA:1905","SDG_1041_NOC_RT","2007",56.893,"NA",1
"JAM","XA:1905","SDG_1041_NOC_RT","2006",56.329,"NA",1
"JAM","XA:1905","SDG_1041_NOC_RT","2005",55.477,"NA",1
"JAM","XA:1905","SDG_1041_NOC_RT","2004",56.371,"NA",1
"JOR","XA:1992","SDG_1041_NOC_RT","2026",45.854,"M",1
"JOR","XA:1992","SDG_1041_NOC_RT","2025",45.9,"M",1
"JOR","XA:1992","SDG_1041_NOC_RT","2024",45.977,"M",1
"JOR","XA:1992","SDG_1041_NOC_RT","2023",45.85,"M",1
"JOR","XA:1992","SDG_1041_NOC_RT","2022",45.606,"NA",1
"JOR","XA:1992","SDG_1041_NOC_RT","2021",45.308,"NA",1
"JOR","XA:1992","SDG_1041_NOC_RT","2020",45.961,"NA",1
"JOR","XA:1992","SDG_1041_NOC_RT","2019",44.792,"NA",1
"JOR","XA:1992","SDG_1041_NOC_RT","2018",44.184,"NA",1
"JOR","XA:1992","SDG_1041_NOC_RT","2017",45.277,"NA",1
"JOR","XA:1992","SDG_1041_NOC_RT","2016",43.955,"NA",1
"JOR","XA:1992","SDG_1041_NOC_RT","2015",42.959,"NA",1
"JOR","XA:1992","SDG_1041_NOC_RT","2014",42.221,"NA",1
"JOR","XA:1992","SDG_1041_NOC_RT","2013",42.67,"NA",1
"JOR","XA:1992","SDG_1041_NOC_RT","2012",43.126,"NA",1
"JOR","XA:1992","SDG_1041_NOC_RT","2011",42.737,"NA",1
"JOR","XA:1992","SDG_1041_NOC_RT","2010",42.075,"NA",1
"JOR","XA:1992","SDG_1041_NOC_RT","2009",44.482,"NA",1
"JOR","XA:1992","SDG_1041_NOC_RT","2008",42.242,"NA",1
"JOR","XA:1992","SDG_1041_NOC_RT","2007",44.092,"NA",1
"JOR","XA:1992","SDG_1041_NOC_RT","2006",42.92,"NA",1
"JOR","XA:1992","SDG_1041_NOC_RT","2005",43.315,"NA",1
"JOR","XA:1992","SDG_1041_NOC_RT","2004",43.751,"NA",1
"JPN","XA:1843","SDG_1041_NOC_RT","2026",54.529,"M",1
"JPN","XA:1843","SDG_1041_NOC_RT","2025",54.409,"M",1
"JPN","XA:1843","SDG_1041_NOC_RT","2024",54.809,"M",1
"JPN","XA:1843","SDG_1041_NOC_RT","2023",54.351,"NA",1
"JPN","XA:1843","SDG_1041_NOC_RT","2022",56.321,"NA",1
"JPN","XA:1843","SDG_1041_NOC_RT","2021",56.215,"NA",1
"JPN","XA:1843","SDG_1041_NOC_RT","2020",56.322,"NA",1
"JPN","XA:1843","SDG_1041_NOC_RT","2019",55.1,"NA",1
"JPN","XA:1843","SDG_1041_NOC_RT","2018",54.364,"NA",1
"JPN","XA:1843","SDG_1041_NOC_RT","2017",52.748,"NA",1
"JPN","XA:1843","SDG_1041_NOC_RT","2016",52.879,"NA",1
"JPN","XA:1843","SDG_1041_NOC_RT","2015",52.395,"NA",1
"JPN","XA:1843","SDG_1041_NOC_RT","2014",53.62,"NA",1
"JPN","XA:1843","SDG_1041_NOC_RT","2013",54.133,"NA",1
"JPN","XA:1843","SDG_1041_NOC_RT","2012",54.821,"NA",1
"JPN","XA:1843","SDG_1041_NOC_RT","2011",55.233,"NA",1
"JPN","XA:1843","SDG_1041_NOC_RT","2010",54.368,"NA",1
"JPN","XA:1843","SDG_1041_NOC_RT","2009",56.211,"NA",1
"JPN","XA:1843","SDG_1041_NOC_RT","2008",55.484,"NA",1
"JPN","XA:1843","SDG_1041_NOC_RT","2007",54.349,"NA",1
"JPN","XA:1843","SDG_1041_NOC_RT","2006",54.614,"NA",1
"JPN","XA:1843","SDG_1041_NOC_RT","2005",54.041,"NA",1
"JPN","XA:1843","SDG_1041_NOC_RT","2004",53.715,"NA",1
"KAZ","XA:1996","SDG_1041_NOC_RT","2026",41.505,"I",1
"KAZ","XA:1996","SDG_1041_NOC_RT","2025",41.333,"I",1
"KAZ","XA:1996","SDG_1041_NOC_RT","2024",41.578,"I",1
"KAZ","XA:1996","SDG_1041_NOC_RT","2023",41.336,"I",1
"KAZ","XA:1996","SDG_1041_NOC_RT","2022",41.24,"I",1
"KAZ","XA:1996","SDG_1041_NOC_RT","2021",41.769,"I",1
"KAZ","XA:1996","SDG_1041_NOC_RT","2020",41.882,"I",1
"KAZ","XA:1996","SDG_1041_NOC_RT","2019",41.076,"I",1
"KAZ","XA:1996","SDG_1041_NOC_RT","2018",41.045,"I",1
"KAZ","XA:1996","SDG_1041_NOC_RT","2017",41.175,"I",1
"KAZ","XA:1996","SDG_1041_NOC_RT","2016",40.908,"I",1
"KAZ","XA:1996","SDG_1041_NOC_RT","2015",43.392,"I",1
"KAZ","XA:1996","SDG_1041_NOC_RT","2014",43.33,"I",1
"KAZ","XA:1996","SDG_1041_NOC_RT","2013",43.324,"I",1
"KAZ","XA:1996","SDG_1041_NOC_RT","2012",46.69,"I",1
"KAZ","XA:1996","SDG_1041_NOC_RT","2011",47.194,"I",1
"KAZ","XA:1996","SDG_1041_NOC_RT","2010",49.865,"I",1
"KAZ","XA:1996","SDG_1041_NOC_RT","2009",49.524,"I",1
"KAZ","XA:1996","SDG_1041_NOC_RT","2008",47.566,"I",1
"KAZ","XA:1996","SDG_1041_NOC_RT","2007",50.6,"I",1
"KAZ","XA:1996","SDG_1041_NOC_RT","2006",46.573,"I",1
"KAZ","XA:1996","SDG_1041_NOC_RT","2005",48.882,"I",1
"KAZ","XA:1996","SDG_1041_NOC_RT","2004",49.94,"I",1
"KEN","XA:1909","SDG_1041_NOC_RT","2026",33.266,"M",1
"KEN","XA:1909","SDG_1041_NOC_RT","2025",33.276,"M",1
"KEN","XA:1909","SDG_1041_NOC_RT","2024",33.319,"NA",1
"KEN","XA:1909","SDG_1041_NOC_RT","2023",33.907,"NA",1
"KEN","XA:1909","SDG_1041_NOC_RT","2022",34.981,"NA",1
"KEN","XA:1909","SDG_1041_NOC_RT","2021",35.913,"NA",1
"KEN","XA:1909","SDG_1041_NOC_RT","2020",36.723,"NA",1
"KEN","XA:1909","SDG_1041_NOC_RT","2019",37.24,"NA",1
"KEN","XA:1909","SDG_1041_NOC_RT","2018",37.813,"NA",1
"KEN","XA:1909","SDG_1041_NOC_RT","2017",38.15,"NA",1
"KEN","XA:1909","SDG_1041_NOC_RT","2016",38.445,"NA",1
"KEN","XA:1909","SDG_1041_NOC_RT","2015",40.945,"NA",1
"KEN","XA:1909","SDG_1041_NOC_RT","2014",43.221,"NA",1
"KEN","XA:1909","SDG_1041_NOC_RT","2013",43.325,"NA",1
"KEN","XA:1909","SDG_1041_NOC_RT","2012",43.179,"NA",1
"KEN","XA:1909","SDG_1041_NOC_RT","2011",43.518,"NA",1
"KEN","XA:1909","SDG_1041_NOC_RT","2010",46.024,"NA",1
"KEN","XA:1909","SDG_1041_NOC_RT","2009",44.526,"NA",1
"KEN","XA:1909","SDG_1041_NOC_RT","2008",44.561,"NA",1
"KEN","XA:1909","SDG_1041_NOC_RT","2007",49.629,"NA",1
"KEN","XA:1909","SDG_1041_NOC_RT","2006",51.792,"NA",1
"KEN","XA:1909","SDG_1041_NOC_RT","2005",51.868,"NA",1
"KEN","XA:1909","SDG_1041_NOC_RT","2004",52.797,"NA",1
"KGZ","XA:2000","SDG_1041_NOC_RT","2026",32.737,"I",1
"KGZ","XA:2000","SDG_1041_NOC_RT","2025",32.396,"I",1
"KGZ","XA:2000","SDG_1041_NOC_RT","2024",32.201,"I",1
"KGZ","XA:2000","SDG_1041_NOC_RT","2023",32.203,"I",1
"KGZ","XA:2000","SDG_1041_NOC_RT","2022",32.217,"I",1
"KGZ","XA:2000","SDG_1041_NOC_RT","2021",33.891,"I",1
"KGZ","XA:2000","SDG_1041_NOC_RT","2020",37.401,"I",1
"KGZ","XA:2000","SDG_1041_NOC_RT","2019",33.024,"I",1
"KGZ","XA:2000","SDG_1041_NOC_RT","2018",35.924,"I",1
"KGZ","XA:2000","SDG_1041_NOC_RT","2017",36.929,"I",1
"KGZ","XA:2000","SDG_1041_NOC_RT","2016",40.45,"I",1
"KGZ","XA:2000","SDG_1041_NOC_RT","2015",39.008,"I",1
"KGZ","XA:2000","SDG_1041_NOC_RT","2014",39.134,"I",1
"KGZ","XA:2000","SDG_1041_NOC_RT","2013",41.336,"I",1
"KGZ","XA:2000","SDG_1041_NOC_RT","2012",41.159,"I",1
"KGZ","XA:2000","SDG_1041_NOC_RT","2011",39.542,"I",1
"KGZ","XA:2000","SDG_1041_NOC_RT","2010",40.047,"I",1
"KGZ","XA:2000","SDG_1041_NOC_RT","2009",38.466,"I",1
"KGZ","XA:2000","SDG_1041_NOC_RT","2008",35.41,"I",1
"KGZ","XA:2000","SDG_1041_NOC_RT","2007",35.928,"I",1
"KGZ","XA:2000","SDG_1041_NOC_RT","2006",36.575,"I",1
"KGZ","XA:2000","SDG_1041_NOC_RT","2005",32.666,"I",1
"KGZ","XA:2000","SDG_1041_NOC_RT","2004",32.741,"I",1
"KHM","XA:1866","SDG_1041_NOC_RT","2026",46.357,"I",1
"KHM","XA:1866","SDG_1041_NOC_RT","2025",46.225,"I",1
"KHM","XA:1866","SDG_1041_NOC_RT","2024",45.989,"I",1
"KHM","XA:1866","SDG_1041_NOC_RT","2023",46.179,"I",1
"KHM","XA:1866","SDG_1041_NOC_RT","2022",45.623,"I",1
"KHM","XA:1866","SDG_1041_NOC_RT","2021",44.945,"I",1
"KHM","XA:1866","SDG_1041_NOC_RT","2020",46.037,"I",1
"KHM","XA:1866","SDG_1041_NOC_RT","2019",46.277,"I",1
"KHM","XA:1866","SDG_1041_NOC_RT","2018",46.215,"I",1
"KHM","XA:1866","SDG_1041_NOC_RT","2017",46.402,"I",1
"KHM","XA:1866","SDG_1041_NOC_RT","2016",46.503,"I",1
"KHM","XA:1866","SDG_1041_NOC_RT","2015",46.311,"I",1
"KHM","XA:1866","SDG_1041_NOC_RT","2014",45.877,"I",1
"KHM","XA:1866","SDG_1041_NOC_RT","2013",47.415,"I",1
"KHM","XA:1866","SDG_1041_NOC_RT","2012",47.003,"I",1
"KHM","XA:1866","SDG_1041_NOC_RT","2011",46.499,"I",1
"KHM","XA:1866","SDG_1041_NOC_RT","2010",47.434,"I",1
"KHM","XA:1866","SDG_1041_NOC_RT","2009",46.997,"I",1
"KHM","XA:1866","SDG_1041_NOC_RT","2008",45.541,"I",1
"KHM","XA:1866","SDG_1041_NOC_RT","2007",44.384,"I",1
"KHM","XA:1866","SDG_1041_NOC_RT","2006",43.906,"I",1
"KHM","XA:1866","SDG_1041_NOC_RT","2005",43.136,"I",1
"KHM","XA:1866","SDG_1041_NOC_RT","2004",43.372,"I",1
"KOR","XA:2004","SDG_1041_NOC_RT","2026",58.371,"I",1
"KOR","XA:2004","SDG_1041_NOC_RT","2025",58.681,"I",1
"KOR","XA:2004","SDG_1041_NOC_RT","2024",58.128,"I",1
"KOR","XA:2004","SDG_1041_NOC_RT","2023",58.77,"I",1
"KOR","XA:2004","SDG_1041_NOC_RT","2022",58.278,"I",1
"KOR","XA:2004","SDG_1041_NOC_RT","2021",57.469,"I",1
"KOR","XA:2004","SDG_1041_NOC_RT","2020",59.226,"I",1
"KOR","XA:2004","SDG_1041_NOC_RT","2019",58.687,"I",1
"KOR","XA:2004","SDG_1041_NOC_RT","2018",57.099,"I",1
"KOR","XA:2004","SDG_1041_NOC_RT","2017",56.223,"I",1
"KOR","XA:2004","SDG_1041_NOC_RT","2016",56.593,"I",1
"KOR","XA:2004","SDG_1041_NOC_RT","2015",57.013,"I",1
"KOR","XA:2004","SDG_1041_NOC_RT","2014",56.824,"I",1
"KOR","XA:2004","SDG_1041_NOC_RT","2013",56.106,"I",1
"KOR","XA:2004","SDG_1041_NOC_RT","2012",55.914,"I",1
"KOR","XA:2004","SDG_1041_NOC_RT","2011",55.401,"I",1
"KOR","XA:2004","SDG_1041_NOC_RT","2010",54.679,"I",1
"KOR","XA:2004","SDG_1041_NOC_RT","2009",56.532,"I",1
"KOR","XA:2004","SDG_1041_NOC_RT","2008",57.304,"I",1
"KOR","XA:2004","SDG_1041_NOC_RT","2007",57.556,"I",1
"KOR","XA:2004","SDG_1041_NOC_RT","2006",58.366,"I",1
"KOR","XA:2004","SDG_1041_NOC_RT","2005",57.939,"I",1
"KOR","XA:2004","SDG_1041_NOC_RT","2004",57.039,"I",1
"KWT","XA:1913","SDG_1041_NOC_RT","2026",37.535,"I",1
"KWT","XA:1913","SDG_1041_NOC_RT","2025",37.739,"I",1
"KWT","XA:1913","SDG_1041_NOC_RT","2024",38.98,"I",1
"KWT","XA:1913","SDG_1041_NOC_RT","2023",38.765,"I",1
"KWT","XA:1913","SDG_1041_NOC_RT","2022",32.747,"I",1
"KWT","XA:1913","SDG_1041_NOC_RT","2021",38.873,"I",1
"KWT","XA:1913","SDG_1041_NOC_RT","2020",46.401,"I",1
"KWT","XA:1913","SDG_1041_NOC_RT","2019",38.209,"I",1
"KWT","XA:1913","SDG_1041_NOC_RT","2018",37.171,"I",1
"KWT","XA:1913","SDG_1041_NOC_RT","2017",40.125,"I",1
"KWT","XA:1913","SDG_1041_NOC_RT","2016",42.388,"I",1
"KWT","XA:1913","SDG_1041_NOC_RT","2015",40.257,"I",1
"KWT","XA:1913","SDG_1041_NOC_RT","2014",29.078,"I",1
"KWT","XA:1913","SDG_1041_NOC_RT","2013",26.005,"I",1
"KWT","XA:1913","SDG_1041_NOC_RT","2012",24.484,"I",1
"KWT","XA:1913","SDG_1041_NOC_RT","2011",24.337,"I",1
"KWT","XA:1913","SDG_1041_NOC_RT","2010",27.657,"I",1
"KWT","XA:1913","SDG_1041_NOC_RT","2009",28.834,"I",1
"KWT","XA:1913","SDG_1041_NOC_RT","2008",21.231,"I",1
"KWT","XA:1913","SDG_1041_NOC_RT","2007",22.482,"I",1
"KWT","XA:1913","SDG_1041_NOC_RT","2006",21.014,"I",1
"KWT","XA:1913","SDG_1041_NOC_RT","2005",23.16,"I",1
"KWT","XA:1913","SDG_1041_NOC_RT","2004",28.143,"I",1
"LAO","XA:2008","SDG_1041_NOC_RT","2026",48.921,"M",1
"LAO","XA:2008","SDG_1041_NOC_RT","2025",48.703,"M",1
"LAO","XA:2008","SDG_1041_NOC_RT","2024",48.519,"M",1
"LAO","XA:2008","SDG_1041_NOC_RT","2023",48.696,"M",1
"LAO","XA:2008","SDG_1041_NOC_RT","2022",49.061,"M",1
"LAO","XA:2008","SDG_1041_NOC_RT","2021",48.328,"M",1
"LAO","XA:2008","SDG_1041_NOC_RT","2020",48.463,"M",1
"LAO","XA:2008","SDG_1041_NOC_RT","2019",48.659,"M",1
"LAO","XA:2008","SDG_1041_NOC_RT","2018",48.511,"M",1
"LAO","XA:2008","SDG_1041_NOC_RT","2017",48.395,"M",1
"LAO","XA:2008","SDG_1041_NOC_RT","2016",48.394,"M",1
"LAO","XA:2008","SDG_1041_NOC_RT","2015",48.363,"M",1
"LAO","XA:2008","SDG_1041_NOC_RT","2014",48.311,"M",1
"LAO","XA:2008","SDG_1041_NOC_RT","2013",48.242,"M",1
"LAO","XA:2008","SDG_1041_NOC_RT","2012",48.262,"M",1
"LAO","XA:2008","SDG_1041_NOC_RT","2011",48.284,"M",1
"LAO","XA:2008","SDG_1041_NOC_RT","2010",48.207,"M",1
"LAO","XA:2008","SDG_1041_NOC_RT","2009",48.455,"M",1
"LAO","XA:2008","SDG_1041_NOC_RT","2008",48.412,"M",1
"LAO","XA:2008","SDG_1041_NOC_RT","2007",48.486,"M",1
"LAO","XA:2008","SDG_1041_NOC_RT","2006",48.293,"M",1
"LAO","XA:2008","SDG_1041_NOC_RT","2005",48.653,"NA",1
"LAO","XA:2008","SDG_1041_NOC_RT","2004",48.853,"NA",1
"LBN","XA:2009","SDG_1041_NOC_RT","2023",43.973,"I",1
"LBN","XA:2009","SDG_1041_NOC_RT","2022",43.834,"I",1
"LBN","XA:2009","SDG_1041_NOC_RT","2021",43.5,"I",1
"LBN","XA:2009","SDG_1041_NOC_RT","2020",45.916,"I",1
"LBN","XA:2009","SDG_1041_NOC_RT","2019",44.252,"I",1
"LBN","XA:2009","SDG_1041_NOC_RT","2018",43.9,"I",1
"LBN","XA:2009","SDG_1041_NOC_RT","2017",43.709,"I",1
"LBN","XA:2009","SDG_1041_NOC_RT","2016",43.672,"I",1
"LBN","XA:2009","SDG_1041_NOC_RT","2015",43.761,"I",1
"LBN","XA:2009","SDG_1041_NOC_RT","2014",43.615,"I",1
"LBN","XA:2009","SDG_1041_NOC_RT","2013",43.518,"I",1
"LBN","XA:2009","SDG_1041_NOC_RT","2012",43.613,"I",1
"LBN","XA:2009","SDG_1041_NOC_RT","2011",43.74,"I",1
"LBN","XA:2009","SDG_1041_NOC_RT","2010",43.21,"I",1
"LBN","XA:2009","SDG_1041_NOC_RT","2009",43.041,"I",1
"LBN","XA:2009","SDG_1041_NOC_RT","2008",43.124,"I",1
"LBN","XA:2009","SDG_1041_NOC_RT","2007",43.099,"I",1
"LBN","XA:2009","SDG_1041_NOC_RT","2006",43.659,"I",1
"LBN","XA:2009","SDG_1041_NOC_RT","2005",43.56,"I",1
"LBN","XA:2009","SDG_1041_NOC_RT","2004",43.254,"I",1
"LBR","XA:1916","SDG_1041_NOC_RT","2026",35.571,"I",1
"LBR","XA:1916","SDG_1041_NOC_RT","2025",35.706,"I",1
"LBR","XA:1916","SDG_1041_NOC_RT","2024",35.822,"I",1
"LBR","XA:1916","SDG_1041_NOC_RT","2023",35.742,"I",1
"LBR","XA:1916","SDG_1041_NOC_RT","2022",35.724,"I",1
"LBR","XA:1916","SDG_1041_NOC_RT","2021",36.324,"I",1
"LBR","XA:1916","SDG_1041_NOC_RT","2020",37.329,"I",1
"LBR","XA:1916","SDG_1041_NOC_RT","2019",36.891,"I",1
"LBR","XA:1916","SDG_1041_NOC_RT","2018",36.358,"I",1
"LBR","XA:1916","SDG_1041_NOC_RT","2017",36.178,"I",1
"LBR","XA:1916","SDG_1041_NOC_RT","2016",36.802,"I",1
"LBR","XA:1916","SDG_1041_NOC_RT","2015",36.604,"I",1
"LBR","XA:1916","SDG_1041_NOC_RT","2014",36.523,"I",1
"LBR","XA:1916","SDG_1041_NOC_RT","2013",35.365,"I",1
"LBR","XA:1916","SDG_1041_NOC_RT","2012",35.507,"I",1
"LBR","XA:1916","SDG_1041_NOC_RT","2011",35.514,"I",1
"LBR","XA:1916","SDG_1041_NOC_RT","2010",35.863,"I",1
"LBR","XA:1916","SDG_1041_NOC_RT","2009",35.999,"I",1
"LBR","XA:1916","SDG_1041_NOC_RT","2008",35.735,"I",1
"LBR","XA:1916","SDG_1041_NOC_RT","2007",35.389,"I",1
"LBR","XA:1916","SDG_1041_NOC_RT","2006",35.618,"I",1
"LBR","XA:1916","SDG_1041_NOC_RT","2005",36.036,"I",1
"LBR","XA:1916","SDG_1041_NOC_RT","2004",36.434,"I",1
"LBY","XA:1869","SDG_1041_NOC_RT","2026",44.53,"I",1
"LBY","XA:1869","SDG_1041_NOC_RT","2025",44.28,"I",1
"LBY","XA:1869","SDG_1041_NOC_RT","2024",44.858,"I",1
"LBY","XA:1869","SDG_1041_NOC_RT","2023",44.511,"I",1
"LBY","XA:1869","SDG_1041_NOC_RT","2022",45.286,"I",1
"LBY","XA:1869","SDG_1041_NOC_RT","2021",45.372,"I",1
"LBY","XA:1869","SDG_1041_NOC_RT","2020",47.267,"I",1
"LBY","XA:1869","SDG_1041_NOC_RT","2019",45.461,"I",1
"LBY","XA:1869","SDG_1041_NOC_RT","2018",46.187,"I",1
"LBY","XA:1869","SDG_1041_NOC_RT","2017",51.214,"I",1
"LBY","XA:1869","SDG_1041_NOC_RT","2016",63.697,"I",1
"LBY","XA:1869","SDG_1041_NOC_RT","2015",61.673,"I",1
"LBY","XA:1869","SDG_1041_NOC_RT","2014",54.349,"I",1
"LBY","XA:1869","SDG_1041_NOC_RT","2013",36.057,"I",1
"LBY","XA:1869","SDG_1041_NOC_RT","2012",27.007,"I",1
"LBY","XA:1869","SDG_1041_NOC_RT","2011",48.588,"I",1
"LBY","XA:1869","SDG_1041_NOC_RT","2010",20.692,"I",1
"LBY","XA:1869","SDG_1041_NOC_RT","2009",21.258,"I",1
"LBY","XA:1869","SDG_1041_NOC_RT","2008",13.876,"I",1
"LBY","XA:1869","SDG_1041_NOC_RT","2007",16.075,"I",1
"LBY","XA:1869","SDG_1041_NOC_RT","2006",13.286,"I",1
"LBY","XA:1869","SDG_1041_NOC_RT","2005",13.221,"I",1
"LBY","XA:1869","SDG_1041_NOC_RT","2004",13.318,"I",1
"LCA","XA:2015","SDG_1041_NOC_RT","2026",47.429,"I",1
"LCA","XA:2015","SDG_1041_NOC_RT","2025",47.412,"I",1
"LCA","XA:2015","SDG_1041_NOC_RT","2024",47.207,"I",1
"LCA","XA:2015","SDG_1041_NOC_RT","2023",47.39,"I",1
"LCA","XA:2015","SDG_1041_NOC_RT","2022",45.929,"I",1
"LCA","XA:2015","SDG_1041_NOC_RT","2021",45.321,"I",1
"LCA","XA:2015","SDG_1041_NOC_RT","2020",49.703,"I",1
"LCA","XA:2015","SDG_1041_NOC_RT","2019",47.474,"I",1
"LCA","XA:2015","SDG_1041_NOC_RT","2018",47.185,"I",1
"LCA","XA:2015","SDG_1041_NOC_RT","2017",47.157,"I",1
"LCA","XA:2015","SDG_1041_NOC_RT","2016",47.153,"I",1
"LCA","XA:2015","SDG_1041_NOC_RT","2015",47.392,"I",1
"LCA","XA:2015","SDG_1041_NOC_RT","2014",47.303,"I",1
"LCA","XA:2015","SDG_1041_NOC_RT","2013",47.53,"I",1
"LCA","XA:2015","SDG_1041_NOC_RT","2012",47.406,"I",1
"LCA","XA:2015","SDG_1041_NOC_RT","2011",47.086,"I",1
"LCA","XA:2015","SDG_1041_NOC_RT","2010",47.37,"I",1
"LCA","XA:2015","SDG_1041_NOC_RT","2009",47.592,"I",1
"LCA","XA:2015","SDG_1041_NOC_RT","2008",47.029,"I",1
"LCA","XA:2015","SDG_1041_NOC_RT","2007",47.256,"I",1
"LCA","XA:2015","SDG_1041_NOC_RT","2006",46.924,"I",1
"LCA","XA:2015","SDG_1041_NOC_RT","2005",47.393,"I",1
"LCA","XA:2015","SDG_1041_NOC_RT","2004",46.836,"I",1
"LKA","XA:2017","SDG_1041_NOC_RT","2026",28.205,"M",1
"LKA","XA:2017","SDG_1041_NOC_RT","2025",28.146,"M",1
"LKA","XA:2017","SDG_1041_NOC_RT","2024",28.16,"M",1
"LKA","XA:2017","SDG_1041_NOC_RT","2023",29.337,"NA",1
"LKA","XA:2017","SDG_1041_NOC_RT","2022",33.984,"NA",1
"LKA","XA:2017","SDG_1041_NOC_RT","2021",36.045,"NA",1
"LKA","XA:2017","SDG_1041_NOC_RT","2020",38.365,"NA",1
"LKA","XA:2017","SDG_1041_NOC_RT","2019",36.069,"NA",1
"LKA","XA:2017","SDG_1041_NOC_RT","2018",37.086,"NA",1
"LKA","XA:2017","SDG_1041_NOC_RT","2017",33.701,"NA",1
"LKA","XA:2017","SDG_1041_NOC_RT","2016",36.059,"NA",1
"LKA","XA:2017","SDG_1041_NOC_RT","2015",36.22,"NA",1
"LKA","XA:2017","SDG_1041_NOC_RT","2014",36.056,"NA",1
"LKA","XA:2017","SDG_1041_NOC_RT","2013",36.031,"NA",1
"LKA","XA:2017","SDG_1041_NOC_RT","2012",35.187,"NA",1
"LKA","XA:2017","SDG_1041_NOC_RT","2011",35.54,"NA",1
"LKA","XA:2017","SDG_1041_NOC_RT","2010",35.78,"NA",1
"LKA","XA:2017","SDG_1041_NOC_RT","2009",35.974,"NA",1
"LKA","XA:2017","SDG_1041_NOC_RT","2008",36.124,"NA",1
"LKA","XA:2017","SDG_1041_NOC_RT","2007",35.658,"NA",1
"LKA","XA:2017","SDG_1041_NOC_RT","2006",35.635,"NA",1
"LKA","XA:2017","SDG_1041_NOC_RT","2005",34.676,"NA",1
"LKA","XA:2017","SDG_1041_NOC_RT","2004",34.581,"NA",1
"LSO","XA:1920","SDG_1041_NOC_RT","2026",54.643,"M",1
"LSO","XA:1920","SDG_1041_NOC_RT","2025",54.583,"M",1
"LSO","XA:1920","SDG_1041_NOC_RT","2024",54.348,"M",1
"LSO","XA:1920","SDG_1041_NOC_RT","2023",54.384,"NA",1
"LSO","XA:1920","SDG_1041_NOC_RT","2022",54.415,"NA",1
"LSO","XA:1920","SDG_1041_NOC_RT","2021",54.61,"NA",1
"LSO","XA:1920","SDG_1041_NOC_RT","2020",56.53,"NA",1
"LSO","XA:1920","SDG_1041_NOC_RT","2019",55.504,"NA",1
"LSO","XA:1920","SDG_1041_NOC_RT","2018",55.518,"NA",1
"LSO","XA:1920","SDG_1041_NOC_RT","2017",56.049,"NA",1
"LSO","XA:1920","SDG_1041_NOC_RT","2016",53.886,"NA",1
"LSO","XA:1920","SDG_1041_NOC_RT","2015",54.054,"NA",1
"LSO","XA:1920","SDG_1041_NOC_RT","2014",54.518,"NA",1
"LSO","XA:1920","SDG_1041_NOC_RT","2013",54.505,"NA",1
"LSO","XA:1920","SDG_1041_NOC_RT","2012",51.816,"NA",1
"LSO","XA:1920","SDG_1041_NOC_RT","2011",49.887,"NA",1
"LSO","XA:1920","SDG_1041_NOC_RT","2010",50.969,"NA",1
"LSO","XA:1920","SDG_1041_NOC_RT","2009",50.891,"NA",1
"LSO","XA:1920","SDG_1041_NOC_RT","2008",46.703,"NA",1
"LSO","XA:1920","SDG_1041_NOC_RT","2007",46.765,"NA",1
"LSO","XA:1920","SDG_1041_NOC_RT","2006",48.714,"NA",1
"LSO","XA:1920","SDG_1041_NOC_RT","2005",51.346,"NA",1
"LSO","XA:1920","SDG_1041_NOC_RT","2004",53.313,"NA",1
"LTU","XA:1871","SDG_1041_NOC_RT","2026",56.736,"M",1
"LTU","XA:1871","SDG_1041_NOC_RT","2025",56.765,"M",1
"LTU","XA:1871","SDG_1041_NOC_RT","2024",55.197,"M",1
"LTU","XA:1871","SDG_1041_NOC_RT","2023",53.495,"NA",1
"LTU","XA:1871","SDG_1041_NOC_RT","2022",51.252,"NA",1
"LTU","XA:1871","SDG_1041_NOC_RT","2021",51.55,"NA",1
"LTU","XA:1871","SDG_1041_NOC_RT","2020",52.433,"NA",1
"LTU","XA:1871","SDG_1041_NOC_RT","2019",50.679,"NA",1
"LTU","XA:1871","SDG_1041_NOC_RT","2018",48.992,"NA",1
"LTU","XA:1871","SDG_1041_NOC_RT","2017",48.715,"NA",1
"LTU","XA:1871","SDG_1041_NOC_RT","2016",47.001,"NA",1
"LTU","XA:1871","SDG_1041_NOC_RT","2015",46.579,"NA",1
"LTU","XA:1871","SDG_1041_NOC_RT","2014",43.376,"NA",1
"LTU","XA:1871","SDG_1041_NOC_RT","2013",43.374,"NA",1
"LTU","XA:1871","SDG_1041_NOC_RT","2012",41.888,"NA",1
"LTU","XA:1871","SDG_1041_NOC_RT","2011",42.783,"NA",1
"LTU","XA:1871","SDG_1041_NOC_RT","2010",45.062,"NA",1
"LTU","XA:1871","SDG_1041_NOC_RT","2009",48.938,"NA",1
"LTU","XA:1871","SDG_1041_NOC_RT","2008",48.441,"NA",1
"LTU","XA:1871","SDG_1041_NOC_RT","2007",46.443,"NA",1
"LTU","XA:1871","SDG_1041_NOC_RT","2006",47.198,"NA",1
"LTU","XA:1871","SDG_1041_NOC_RT","2005",44.609,"NA",1
"LTU","XA:1871","SDG_1041_NOC_RT","2004",44.351,"NA",1
"LUX","XA:1922","SDG_1041_NOC_RT","2026",52.887,"M",1
"LUX","XA:1922","SDG_1041_NOC_RT","2025",53.08,"M",1
"LUX","XA:1922","SDG_1041_NOC_RT","2024",53.344,"M",1
"LUX","XA:1922","SDG_1041_NOC_RT","2023",53.5,"NA",1
"LUX","XA:1922","SDG_1041_NOC_RT","2022",54.939,"NA",1
"LUX","XA:1922","SDG_1041_NOC_RT","2021",54.773,"NA",1
"LUX","XA:1922","SDG_1041_NOC_RT","2020",56.437,"NA",1
"LUX","XA:1922","SDG_1041_NOC_RT","2019",57.45,"NA",1
"LUX","XA:1922","SDG_1041_NOC_RT","2018",55.72,"NA",1
"LUX","XA:1922","SDG_1041_NOC_RT","2017",54.004,"NA",1
"LUX","XA:1922","SDG_1041_NOC_RT","2016",52.756,"NA",1
"LUX","XA:1922","SDG_1041_NOC_RT","2015",53.535,"NA",1
"LUX","XA:1922","SDG_1041_NOC_RT","2014",51.333,"NA",1
"LUX","XA:1922","SDG_1041_NOC_RT","2013",52.341,"NA",1
"LUX","XA:1922","SDG_1041_NOC_RT","2012",52.781,"NA",1
"LUX","XA:1922","SDG_1041_NOC_RT","2011",52.913,"NA",1
"LUX","XA:1922","SDG_1041_NOC_RT","2010",51.621,"NA",1
"LUX","XA:1922","SDG_1041_NOC_RT","2009",55.099,"NA",1
"LUX","XA:1922","SDG_1041_NOC_RT","2008",52.025,"NA",1
"LUX","XA:1922","SDG_1041_NOC_RT","2007",51.261,"NA",1
"LUX","XA:1922","SDG_1041_NOC_RT","2006",53.023,"NA",1
"LUX","XA:1922","SDG_1041_NOC_RT","2005",54.64,"NA",1
"LUX","XA:1922","SDG_1041_NOC_RT","2004",55.606,"NA",1
"LVA","XA:1835","SDG_1041_NOC_RT","2026",66.372,"M",1
"LVA","XA:1835","SDG_1041_NOC_RT","2025",66.504,"M",1
"LVA","XA:1835","SDG_1041_NOC_RT","2024",66.227,"M",1
"LVA","XA:1835","SDG_1041_NOC_RT","2023",64.383,"NA",1
"LVA","XA:1835","SDG_1041_NOC_RT","2022",59.494,"NA",1
"LVA","XA:1835","SDG_1041_NOC_RT","2021",58.042,"NA",1
"LVA","XA:1835","SDG_1041_NOC_RT","2020",61.08,"NA",1
"LVA","XA:1835","SDG_1041_NOC_RT","2019",59.25,"NA",1
"LVA","XA:1835","SDG_1041_NOC_RT","2018",57.687,"NA",1
"LVA","XA:1835","SDG_1041_NOC_RT","2017",56.168,"NA",1
"LVA","XA:1835","SDG_1041_NOC_RT","2016",55.282,"NA",1
"LVA","XA:1835","SDG_1041_NOC_RT","2015",54.083,"NA",1
"LVA","XA:1835","SDG_1041_NOC_RT","2014",52.246,"NA",1
"LVA","XA:1835","SDG_1041_NOC_RT","2013",50.699,"NA",1
"LVA","XA:1835","SDG_1041_NOC_RT","2012",48.331,"NA",1
"LVA","XA:1835","SDG_1041_NOC_RT","2011",48.914,"NA",1
"LVA","XA:1835","SDG_1041_NOC_RT","2010",50.685,"NA",1
"LVA","XA:1835","SDG_1041_NOC_RT","2009",55.765,"NA",1
"LVA","XA:1835","SDG_1041_NOC_RT","2008",58.533,"NA",1
"LVA","XA:1835","SDG_1041_NOC_RT","2007",53.536,"NA",1
"LVA","XA:1835","SDG_1041_NOC_RT","2006",50.203,"NA",1
"LVA","XA:1835","SDG_1041_NOC_RT","2005",48.391,"NA",1
"LVA","XA:1835","SDG_1041_NOC_RT","2004",46.348,"NA",1
"MAC","XA:1924","SDG_1041_NOC_RT","2026",30.064,"I",1
"MAC","XA:1924","SDG_1041_NOC_RT","2025",30.068,"I",1
"MAC","XA:1924","SDG_1041_NOC_RT","2024",29.831,"I",1
"MAC","XA:1924","SDG_1041_NOC_RT","2023",27.353,"I",1
"MAC","XA:1924","SDG_1041_NOC_RT","2022",30.89,"I",1
"MAC","XA:1924","SDG_1041_NOC_RT","2021",29.447,"I",1
"MAC","XA:1924","SDG_1041_NOC_RT","2020",31.875,"I",1
"MAC","XA:1924","SDG_1041_NOC_RT","2019",30.275,"I",1
"MAC","XA:1924","SDG_1041_NOC_RT","2018",28.856,"I",1
"MAC","XA:1924","SDG_1041_NOC_RT","2017",30.19,"I",1
"MAC","XA:1924","SDG_1041_NOC_RT","2016",32.552,"I",1
"MAC","XA:1924","SDG_1041_NOC_RT","2015",31.585,"I",1
"MAC","XA:1924","SDG_1041_NOC_RT","2014",23.341,"I",1
"MAC","XA:1924","SDG_1041_NOC_RT","2013",20.9,"I",1
"MAC","XA:1924","SDG_1041_NOC_RT","2012",21.826,"I",1
"MAC","XA:1924","SDG_1041_NOC_RT","2011",21.756,"I",1
"MAC","XA:1924","SDG_1041_NOC_RT","2010",24.328,"I",1
"MAC","XA:1924","SDG_1041_NOC_RT","2009",30.222,"I",1
"MAC","XA:1924","SDG_1041_NOC_RT","2008",31.782,"I",1
"MAC","XA:1924","SDG_1041_NOC_RT","2007",32.317,"I",1
"MAC","XA:1924","SDG_1041_NOC_RT","2006",30.778,"I",1
"MAC","XA:1924","SDG_1041_NOC_RT","2005",29.468,"I",1
"MAC","XA:1924","SDG_1041_NOC_RT","2004",27.506,"I",1
"MAR","XA:2029","SDG_1041_NOC_RT","2026",40.989,"I",1
"MAR","XA:2029","SDG_1041_NOC_RT","2025",40.955,"I",1
"MAR","XA:2029","SDG_1041_NOC_RT","2024",41.118,"I",1
"MAR","XA:2029","SDG_1041_NOC_RT","2023",41.643,"I",1
"MAR","XA:2029","SDG_1041_NOC_RT","2022",43.993,"I",1
"MAR","XA:2029","SDG_1041_NOC_RT","2021",43.826,"I",1
"MAR","XA:2029","SDG_1041_NOC_RT","2020",45.589,"I",1
"MAR","XA:2029","SDG_1041_NOC_RT","2019",45.342,"I",1
"MAR","XA:2029","SDG_1041_NOC_RT","2018",45.099,"I",1
"MAR","XA:2029","SDG_1041_NOC_RT","2017",45.653,"I",1
"MAR","XA:2029","SDG_1041_NOC_RT","2016",46.493,"I",1
"MAR","XA:2029","SDG_1041_NOC_RT","2015",45.971,"I",1
"MAR","XA:2029","SDG_1041_NOC_RT","2014",48.38,"I",1
"MAR","XA:2029","SDG_1041_NOC_RT","2013",46.836,"I",1
"MAR","XA:2029","SDG_1041_NOC_RT","2012",47.622,"I",1
"MAR","XA:2029","SDG_1041_NOC_RT","2011",46.37,"I",1
"MAR","XA:2029","SDG_1041_NOC_RT","2010",44.512,"I",1
"MAR","XA:2029","SDG_1041_NOC_RT","2009",44.646,"I",1
"MAR","XA:2029","SDG_1041_NOC_RT","2008",43.713,"I",1
"MAR","XA:2029","SDG_1041_NOC_RT","2007",44.966,"I",1
"MAR","XA:2029","SDG_1041_NOC_RT","2006",44.645,"I",1
"MAR","XA:2029","SDG_1041_NOC_RT","2005",46.265,"I",1
"MAR","XA:2029","SDG_1041_NOC_RT","2004",44.971,"I",1
"MDA","XA:2031","SDG_1041_NOC_RT","2026",59.981,"M",1
"MDA","XA:2031","SDG_1041_NOC_RT","2025",60.038,"M",1
"MDA","XA:2031","SDG_1041_NOC_RT","2024",60.341,"M",1
"MDA","XA:2031","SDG_1041_NOC_RT","2023",59.972,"M",1
"MDA","XA:2031","SDG_1041_NOC_RT","2022",61.95,"M",1
"MDA","XA:2031","SDG_1041_NOC_RT","2021",57.479,"M",1
"MDA","XA:2031","SDG_1041_NOC_RT","2020",59.956,"M",1
"MDA","XA:2031","SDG_1041_NOC_RT","2019",58.945,"NA",1
"MDA","XA:2031","SDG_1041_NOC_RT","2018",61.146,"NA",1
"MDA","XA:2031","SDG_1041_NOC_RT","2017",56.739,"NA",1
"MDA","XA:2031","SDG_1041_NOC_RT","2016",65.022,"NA",1
"MDA","XA:2031","SDG_1041_NOC_RT","2015",61.19,"NA",1
"MDA","XA:2031","SDG_1041_NOC_RT","2014",55.037,"NA",1
"MDA","XA:2031","SDG_1041_NOC_RT","2013",52.288,"NA",1
"MDA","XA:2031","SDG_1041_NOC_RT","2012",52.258,"NA",1
"MDA","XA:2031","SDG_1041_NOC_RT","2011",49.825,"NA",1
"MDA","XA:2031","SDG_1041_NOC_RT","2010",52.677,"NA",1
"MDA","XA:2031","SDG_1041_NOC_RT","2009",56.522,"NA",1
"MDA","XA:2031","SDG_1041_NOC_RT","2008",52.474,"NA",1
"MDA","XA:2031","SDG_1041_NOC_RT","2007",50.394,"NA",1
"MDA","XA:2031","SDG_1041_NOC_RT","2006",50.863,"NA",1
"MDA","XA:2031","SDG_1041_NOC_RT","2005",49.355,"NA",1
"MDA","XA:2031","SDG_1041_NOC_RT","2004",49.105,"NA",1
"MDG","XA:1848","SDG_1041_NOC_RT","2026",37.748,"I",1
"MDG","XA:1848","SDG_1041_NOC_RT","2025",37.835,"I",1
"MDG","XA:1848","SDG_1041_NOC_RT","2024",37.793,"I",1
"MDG","XA:1848","SDG_1041_NOC_RT","2023",37.82,"I",1
"MDG","XA:1848","SDG_1041_NOC_RT","2022",37.853,"I",1
"MDG","XA:1848","SDG_1041_NOC_RT","2021",37.053,"I",1
"MDG","XA:1848","SDG_1041_NOC_RT","2020",37.372,"I",1
"MDG","XA:1848","SDG_1041_NOC_RT","2019",37.806,"I",1
"MDG","XA:1848","SDG_1041_NOC_RT","2018",38.051,"I",1
"MDG","XA:1848","SDG_1041_NOC_RT","2017",37.95,"I",1
"MDG","XA:1848","SDG_1041_NOC_RT","2016",37.966,"I",1
"MDG","XA:1848","SDG_1041_NOC_RT","2015",38.139,"I",1
"MDG","XA:1848","SDG_1041_NOC_RT","2014",38.083,"I",1
"MDG","XA:1848","SDG_1041_NOC_RT","2013",38.244,"I",1
"MDG","XA:1848","SDG_1041_NOC_RT","2012",38.095,"I",1
"MDG","XA:1848","SDG_1041_NOC_RT","2011",38.356,"I",1
"MDG","XA:1848","SDG_1041_NOC_RT","2010",38.531,"I",1
"MDG","XA:1848","SDG_1041_NOC_RT","2009",39.196,"I",1
"MDG","XA:1848","SDG_1041_NOC_RT","2008",37.199,"I",1
"MDG","XA:1848","SDG_1041_NOC_RT","2007",37.275,"I",1
"MDG","XA:1848","SDG_1041_NOC_RT","2006",37.226,"I",1
"MDG","XA:1848","SDG_1041_NOC_RT","2005",37.237,"I",1
"MDG","XA:1848","SDG_1041_NOC_RT","2004",37.049,"I",1
"MDV","XA:1928","SDG_1041_NOC_RT","2026",42.696,"I",1
"MDV","XA:1928","SDG_1041_NOC_RT","2025",42.682,"I",1
"MDV","XA:1928","SDG_1041_NOC_RT","2024",42.749,"I",1
"MDV","XA:1928","SDG_1041_NOC_RT","2023",42.662,"I",1
"MDV","XA:1928","SDG_1041_NOC_RT","2022",42.209,"I",1
"MDV","XA:1928","SDG_1041_NOC_RT","2021",42.287,"I",1
"MDV","XA:1928","SDG_1041_NOC_RT","2020",44.511,"I",1
"MDV","XA:1928","SDG_1041_NOC_RT","2019",42.334,"I",1
"MDV","XA:1928","SDG_1041_NOC_RT","2018",42.495,"I",1
"MDV","XA:1928","SDG_1041_NOC_RT","2017",42.792,"I",1
"MDV","XA:1928","SDG_1041_NOC_RT","2016",43.056,"I",1
"MDV","XA:1928","SDG_1041_NOC_RT","2015",43.164,"I",1
"MDV","XA:1928","SDG_1041_NOC_RT","2014",42.993,"I",1
"MDV","XA:1928","SDG_1041_NOC_RT","2013",43.072,"I",1
"MDV","XA:1928","SDG_1041_NOC_RT","2012",43.31,"I",1
"MDV","XA:1928","SDG_1041_NOC_RT","2011",43.074,"I",1
"MDV","XA:1928","SDG_1041_NOC_RT","2010",43.203,"I",1
"MDV","XA:1928","SDG_1041_NOC_RT","2009",43.892,"I",1
"MDV","XA:1928","SDG_1041_NOC_RT","2008",43.149,"I",1
"MDV","XA:1928","SDG_1041_NOC_RT","2007",43.23,"I",1
"MDV","XA:1928","SDG_1041_NOC_RT","2006",42.52,"I",1
"MDV","XA:1928","SDG_1041_NOC_RT","2005",44.012,"I",1
"MDV","XA:1928","SDG_1041_NOC_RT","2004",43.268,"I",1
"MEX","XA:1875","SDG_1041_NOC_RT","2026",37.875,"M",1
"MEX","XA:1875","SDG_1041_NOC_RT","2025",37.985,"M",1
"MEX","XA:1875","SDG_1041_NOC_RT","2024",37.778,"M",1
"MEX","XA:1875","SDG_1041_NOC_RT","2023",36.412,"NA",1
"MEX","XA:1875","SDG_1041_NOC_RT","2022",35.459,"NA",1
"MEX","XA:1875","SDG_1041_NOC_RT","2021",34.484,"NA",1
"MEX","XA:1875","SDG_1041_NOC_RT","2020",33.828,"NA",1
"MEX","XA:1875","SDG_1041_NOC_RT","2019",32.184,"NA",1
"MEX","XA:1875","SDG_1041_NOC_RT","2018",31.335,"NA",1
"MEX","XA:1875","SDG_1041_NOC_RT","2017",31.094,"NA",1
"MEX","XA:1875","SDG_1041_NOC_RT","2016",31.624,"NA",1
"MEX","XA:1875","SDG_1041_NOC_RT","2015",32.388,"NA",1
"MEX","XA:1875","SDG_1041_NOC_RT","2014",32.513,"NA",1
"MEX","XA:1875","SDG_1041_NOC_RT","2013",33.129,"NA",1
"MEX","XA:1875","SDG_1041_NOC_RT","2012",32.168,"NA",1
"MEX","XA:1875","SDG_1041_NOC_RT","2011",32.583,"NA",1
"MEX","XA:1875","SDG_1041_NOC_RT","2010",33.009,"NA",1
"MEX","XA:1875","SDG_1041_NOC_RT","2009",34.583,"NA",1
"MEX","XA:1875","SDG_1041_NOC_RT","2008",33.082,"NA",1
"MEX","XA:1875","SDG_1041_NOC_RT","2007",33.136,"NA",1
"MEX","XA:1875","SDG_1041_NOC_RT","2006",33.462,"NA",1
"MEX","XA:1875","SDG_1041_NOC_RT","2005",34.577,"NA",1
"MEX","XA:1875","SDG_1041_NOC_RT","2004",34.918,"NA",1
"MKD","XA:2039","SDG_1041_NOC_RT","2026",45.176,"I",1
"MKD","XA:2039","SDG_1041_NOC_RT","2025",45.127,"I",1
"MKD","XA:2039","SDG_1041_NOC_RT","2024",45.353,"I",1
"MKD","XA:2039","SDG_1041_NOC_RT","2023",45.56,"I",1
"MKD","XA:2039","SDG_1041_NOC_RT","2022",45.306,"I",1
"MKD","XA:2039","SDG_1041_NOC_RT","2021",45.713,"I",1
"MKD","XA:2039","SDG_1041_NOC_RT","2020",46.69,"I",1
"MKD","XA:2039","SDG_1041_NOC_RT","2019",43.723,"I",1
"MKD","XA:2039","SDG_1041_NOC_RT","2018",43.725,"I",1
"MKD","XA:2039","SDG_1041_NOC_RT","2017",44.427,"I",1
"MKD","XA:2039","SDG_1041_NOC_RT","2016",43.328,"I",1
"MKD","XA:2039","SDG_1041_NOC_RT","2015",42.951,"I",1
"MKD","XA:2039","SDG_1041_NOC_RT","2014",43.213,"I",1
"MKD","XA:2039","SDG_1041_NOC_RT","2013",42.141,"I",1
"MKD","XA:2039","SDG_1041_NOC_RT","2012",45.717,"I",1
"MKD","XA:2039","SDG_1041_NOC_RT","2011",46.12,"I",1
"MKD","XA:2039","SDG_1041_NOC_RT","2010",47.271,"I",1
"MKD","XA:2039","SDG_1041_NOC_RT","2009",47.013,"I",1
"MKD","XA:2039","SDG_1041_NOC_RT","2008",44.11,"I",1
"MKD","XA:2039","SDG_1041_NOC_RT","2007",41.741,"I",1
"MKD","XA:2039","SDG_1041_NOC_RT","2006",46.202,"I",1
"MKD","XA:2039","SDG_1041_NOC_RT","2005",45.11,"I",1
"MKD","XA:2039","SDG_1041_NOC_RT","2004",48.943,"I",1
"MLI","XA:1830","SDG_1041_NOC_RT","2026",37.606,"M",1
"MLI","XA:1830","SDG_1041_NOC_RT","2025",37.705,"M",1
"MLI","XA:1830","SDG_1041_NOC_RT","2024",37.875,"M",1
"MLI","XA:1830","SDG_1041_NOC_RT","2023",37.796,"M",1
"MLI","XA:1830","SDG_1041_NOC_RT","2022",38.509,"M",1
"MLI","XA:1830","SDG_1041_NOC_RT","2021",37.824,"M",1
"MLI","XA:1830","SDG_1041_NOC_RT","2020",37.275,"M",1
"MLI","XA:1830","SDG_1041_NOC_RT","2019",38.553,"M",1
"MLI","XA:1830","SDG_1041_NOC_RT","2018",37.949,"M",1
"MLI","XA:1830","SDG_1041_NOC_RT","2017",36.864,"NA",1
"MLI","XA:1830","SDG_1041_NOC_RT","2016",40.439,"NA",1
"MLI","XA:1830","SDG_1041_NOC_RT","2015",41.521,"NA",1
"MLI","XA:1830","SDG_1041_NOC_RT","2014",42.022,"NA",1
"MLI","XA:1830","SDG_1041_NOC_RT","2013",37.036,"NA",1
"MLI","XA:1830","SDG_1041_NOC_RT","2012",38.126,"NA",1
"MLI","XA:1830","SDG_1041_NOC_RT","2011",34.869,"NA",1
"MLI","XA:1830","SDG_1041_NOC_RT","2010",33.739,"NA",1
"MLI","XA:1830","SDG_1041_NOC_RT","2009",36.407,"NA",1
"MLI","XA:1830","SDG_1041_NOC_RT","2008",39.524,"NA",1
"MLI","XA:1830","SDG_1041_NOC_RT","2007",40.308,"NA",1
"MLI","XA:1830","SDG_1041_NOC_RT","2006",32.373,"NA",1
"MLI","XA:1830","SDG_1041_NOC_RT","2005",31.967,"NA",1
"MLI","XA:1830","SDG_1041_NOC_RT","2004",30.454,"NA",1
"MLT","XA:1932","SDG_1041_NOC_RT","2026",48.505,"I",1
"MLT","XA:1932","SDG_1041_NOC_RT","2025",48.506,"I",1
"MLT","XA:1932","SDG_1041_NOC_RT","2024",47.933,"I",1
"MLT","XA:1932","SDG_1041_NOC_RT","2023",45.423,"I",1
"MLT","XA:1932","SDG_1041_NOC_RT","2022",47.55,"I",1
"MLT","XA:1932","SDG_1041_NOC_RT","2021",47.589,"I",1
"MLT","XA:1932","SDG_1041_NOC_RT","2020",51.691,"I",1
"MLT","XA:1932","SDG_1041_NOC_RT","2019",49.312,"I",1
"MLT","XA:1932","SDG_1041_NOC_RT","2018",47.771,"I",1
"MLT","XA:1932","SDG_1041_NOC_RT","2017",45.405,"I",1
"MLT","XA:1932","SDG_1041_NOC_RT","2016",48.687,"I",1
"MLT","XA:1932","SDG_1041_NOC_RT","2015",46.931,"I",1
"MLT","XA:1932","SDG_1041_NOC_RT","2014",48.673,"I",1
"MLT","XA:1932","SDG_1041_NOC_RT","2013",50.149,"I",1
"MLT","XA:1932","SDG_1041_NOC_RT","2012",50.905,"I",1
"MLT","XA:1932","SDG_1041_NOC_RT","2011",50.932,"I",1
"MLT","XA:1932","SDG_1041_NOC_RT","2010",48.624,"I",1
"MLT","XA:1932","SDG_1041_NOC_RT","2009",50.918,"I",1
"MLT","XA:1932","SDG_1041_NOC_RT","2008",51.081,"I",1
"MLT","XA:1932","SDG_1041_NOC_RT","2007",52.438,"I",1
"MLT","XA:1932","SDG_1041_NOC_RT","2006",53.171,"I",1
"MLT","XA:1932","SDG_1041_NOC_RT","2005",52.259,"I",1
"MLT","XA:1932","SDG_1041_NOC_RT","2004",53.372,"I",1
"MMR","XA:1877","SDG_1041_NOC_RT","2026",48.213,"I",1
"MMR","XA:1877","SDG_1041_NOC_RT","2025",48.667,"I",1
"MMR","XA:1877","SDG_1041_NOC_RT","2024",48.523,"I",1
"MMR","XA:1877","SDG_1041_NOC_RT","2023",48.322,"I",1
"MMR","XA:1877","SDG_1041_NOC_RT","2022",48.037,"I",1
"MMR","XA:1877","SDG_1041_NOC_RT","2021",49.715,"I",1
"MMR","XA:1877","SDG_1041_NOC_RT","2020",51.097,"I",1
"MMR","XA:1877","SDG_1041_NOC_RT","2019",51.341,"I",1
"MMR","XA:1877","SDG_1041_NOC_RT","2018",50.284,"I",1
"MMR","XA:1877","SDG_1041_NOC_RT","2017",50.928,"I",1
"MMR","XA:1877","SDG_1041_NOC_RT","2016",50.949,"I",1
"MMR","XA:1877","SDG_1041_NOC_RT","2015",50.853,"I",1
"MMR","XA:1877","SDG_1041_NOC_RT","2014",50.753,"I",1
"MMR","XA:1877","SDG_1041_NOC_RT","2013",50.725,"I",1
"MMR","XA:1877","SDG_1041_NOC_RT","2012",50.803,"I",1
"MMR","XA:1877","SDG_1041_NOC_RT","2011",50.93,"I",1
"MMR","XA:1877","SDG_1041_NOC_RT","2010",50.593,"I",1
"MMR","XA:1877","SDG_1041_NOC_RT","2009",50.507,"I",1
"MMR","XA:1877","SDG_1041_NOC_RT","2008",50.519,"I",1
"MMR","XA:1877","SDG_1041_NOC_RT","2007",50.367,"I",1
"MMR","XA:1877","SDG_1041_NOC_RT","2006",50.268,"I",1
"MMR","XA:1877","SDG_1041_NOC_RT","2005",50.217,"I",1
"MMR","XA:1877","SDG_1041_NOC_RT","2004",50.207,"I",1
"MNE","XA:2234","SDG_1041_NOC_RT","2026",51.375,"I",1
"MNE","XA:2234","SDG_1041_NOC_RT","2025",51.373,"I",1
"MNE","XA:2234","SDG_1041_NOC_RT","2024",51.374,"I",1
"MNE","XA:2234","SDG_1041_NOC_RT","2023",50.825,"I",1
"MNE","XA:2234","SDG_1041_NOC_RT","2022",49.418,"I",1
"MNE","XA:2234","SDG_1041_NOC_RT","2021",50.018,"I",1
"MNE","XA:2234","SDG_1041_NOC_RT","2020",56.845,"I",1
"MNE","XA:2234","SDG_1041_NOC_RT","2019",49.797,"I",1
"MNE","XA:2234","SDG_1041_NOC_RT","2018",50.759,"I",1
"MNE","XA:2234","SDG_1041_NOC_RT","2017",50.169,"I",1
"MNE","XA:2234","SDG_1041_NOC_RT","2016",49.482,"I",1
"MNE","XA:2234","SDG_1041_NOC_RT","2015",47.821,"I",1
"MNE","XA:2234","SDG_1041_NOC_RT","2014",46.962,"I",1
"MNE","XA:2234","SDG_1041_NOC_RT","2013",48.209,"I",1
"MNE","XA:2234","SDG_1041_NOC_RT","2012",50.855,"I",1
"MNE","XA:2234","SDG_1041_NOC_RT","2011",50.223,"I",1
"MNE","XA:2234","SDG_1041_NOC_RT","2010",50.07,"I",1
"MNE","XA:2234","SDG_1041_NOC_RT","2009",48.973,"I",1
"MNE","XA:2234","SDG_1041_NOC_RT","2008",45.009,"I",1
"MNE","XA:2234","SDG_1041_NOC_RT","2007",41.985,"I",1
"MNE","XA:2234","SDG_1041_NOC_RT","2006",45.878,"I",1
"MNE","XA:2234","SDG_1041_NOC_RT","2005",46.532,"I",1
"MNE","XA:2234","SDG_1041_NOC_RT","2004",46.492,"I",1
"MNG","XA:1934","SDG_1041_NOC_RT","2026",32.883,"M",1
"MNG","XA:1934","SDG_1041_NOC_RT","2025",32.883,"M",1
"MNG","XA:1934","SDG_1041_NOC_RT","2024",32.969,"M",1
"MNG","XA:1934","SDG_1041_NOC_RT","2023",34.115,"NA",1
"MNG","XA:1934","SDG_1041_NOC_RT","2022",33.858,"NA",1
"MNG","XA:1934","SDG_1041_NOC_RT","2021",31.889,"NA",1
"MNG","XA:1934","SDG_1041_NOC_RT","2020",34.758,"NA",1
"MNG","XA:1934","SDG_1041_NOC_RT","2019",31.459,"NA",1
"MNG","XA:1934","SDG_1041_NOC_RT","2018",31.303,"NA",1
"MNG","XA:1934","SDG_1041_NOC_RT","2017",31.793,"NA",1
"MNG","XA:1934","SDG_1041_NOC_RT","2016",34.039,"NA",1
"MNG","XA:1934","SDG_1041_NOC_RT","2015",32.852,"NA",1
"MNG","XA:1934","SDG_1041_NOC_RT","2014",32.019,"NA",1
"MNG","XA:1934","SDG_1041_NOC_RT","2013",31.613,"NA",1
"MNG","XA:1934","SDG_1041_NOC_RT","2012",32.148,"NA",1
"MNG","XA:1934","SDG_1041_NOC_RT","2011",29.677,"NA",1
"MNG","XA:1934","SDG_1041_NOC_RT","2010",28.14,"NA",1
"MNG","XA:1934","SDG_1041_NOC_RT","2009",35.688,"NA",1
"MNG","XA:1934","SDG_1041_NOC_RT","2008",32.117,"NA",1
"MNG","XA:1934","SDG_1041_NOC_RT","2007",28.307,"NA",1
"MNG","XA:1934","SDG_1041_NOC_RT","2006",26.973,"NA",1
"MNG","XA:1934","SDG_1041_NOC_RT","2005",29.468,"NA",1
"MNG","XA:1934","SDG_1041_NOC_RT","2004",29.287,"NA",1
"MOZ","XA:1850","SDG_1041_NOC_RT","2026",61.588,"I",1
"MOZ","XA:1850","SDG_1041_NOC_RT","2025",61.837,"I",1
"MOZ","XA:1850","SDG_1041_NOC_RT","2024",61.984,"I",1
"MOZ","XA:1850","SDG_1041_NOC_RT","2023",60.768,"I",1
"MOZ","XA:1850","SDG_1041_NOC_RT","2022",58.512,"I",1
"MOZ","XA:1850","SDG_1041_NOC_RT","2021",57.799,"I",1
"MOZ","XA:1850","SDG_1041_NOC_RT","2020",54.589,"I",1
"MOZ","XA:1850","SDG_1041_NOC_RT","2019",52.26,"I",1
"MOZ","XA:1850","SDG_1041_NOC_RT","2018",51.137,"I",1
"MOZ","XA:1850","SDG_1041_NOC_RT","2017",50.211,"I",1
"MOZ","XA:1850","SDG_1041_NOC_RT","2016",54.505,"I",1
"MOZ","XA:1850","SDG_1041_NOC_RT","2015",54.824,"I",1
"MOZ","XA:1850","SDG_1041_NOC_RT","2014",55.274,"I",1
"MOZ","XA:1850","SDG_1041_NOC_RT","2013",52.603,"I",1
"MOZ","XA:1850","SDG_1041_NOC_RT","2012",49.102,"I",1
"MOZ","XA:1850","SDG_1041_NOC_RT","2011",51.996,"I",1
"MOZ","XA:1850","SDG_1041_NOC_RT","2010",51.973,"I",1
"MOZ","XA:1850","SDG_1041_NOC_RT","2009",50.748,"I",1
"MOZ","XA:1850","SDG_1041_NOC_RT","2008",47.8,"I",1
"MOZ","XA:1850","SDG_1041_NOC_RT","2007",54.44,"I",1
"MOZ","XA:1850","SDG_1041_NOC_RT","2006",50.805,"I",1
"MOZ","XA:1850","SDG_1041_NOC_RT","2005",51.168,"I",1
"MOZ","XA:1850","SDG_1041_NOC_RT","2004",53.539,"I",1
"MRT","XA:1936","SDG_1041_NOC_RT","2026",35.602,"M",1
"MRT","XA:1936","SDG_1041_NOC_RT","2025",35.646,"M",1
"MRT","XA:1936","SDG_1041_NOC_RT","2024",35.184,"M",1
"MRT","XA:1936","SDG_1041_NOC_RT","2023",35.099,"M",1
"MRT","XA:1936","SDG_1041_NOC_RT","2022",35.117,"M",1
"MRT","XA:1936","SDG_1041_NOC_RT","2021",35.01,"M",1
"MRT","XA:1936","SDG_1041_NOC_RT","2020",36.633,"M",1
"MRT","XA:1936","SDG_1041_NOC_RT","2019",35.88,"M",1
"MRT","XA:1936","SDG_1041_NOC_RT","2018",35.572,"M",1
"MRT","XA:1936","SDG_1041_NOC_RT","2017",35.295,"M",1
"MRT","XA:1936","SDG_1041_NOC_RT","2016",36.294,"M",1
"MRT","XA:1936","SDG_1041_NOC_RT","2015",35.426,"M",1
"MRT","XA:1936","SDG_1041_NOC_RT","2014",35.624,"M",1
"MRT","XA:1936","SDG_1041_NOC_RT","2013",35.618,"M",1
"MRT","XA:1936","SDG_1041_NOC_RT","2012",35.527,"M",1
"MRT","XA:1936","SDG_1041_NOC_RT","2011",35.597,"M",1
"MRT","XA:1936","SDG_1041_NOC_RT","2010",35.929,"M",1
"MRT","XA:1936","SDG_1041_NOC_RT","2009",36.459,"M",1
"MRT","XA:1936","SDG_1041_NOC_RT","2008",36.557,"M",1
"MRT","XA:1936","SDG_1041_NOC_RT","2007",36.918,"M",1
"MRT","XA:1936","SDG_1041_NOC_RT","2006",32.792,"NA",1
"MRT","XA:1936","SDG_1041_NOC_RT","2005",35.618,"NA",1
"MRT","XA:1936","SDG_1041_NOC_RT","2004",36.451,"M",1
"MUS","XA:1938","SDG_1041_NOC_RT","2026",41.695,"M",1
"MUS","XA:1938","SDG_1041_NOC_RT","2025",41.723,"M",1
"MUS","XA:1938","SDG_1041_NOC_RT","2024",41.374,"NA",1
"MUS","XA:1938","SDG_1041_NOC_RT","2023",41.289,"NA",1
"MUS","XA:1938","SDG_1041_NOC_RT","2022",42.318,"NA",1
"MUS","XA:1938","SDG_1041_NOC_RT","2021",44.215,"NA",1
"MUS","XA:1938","SDG_1041_NOC_RT","2020",42.647,"NA",1
"MUS","XA:1938","SDG_1041_NOC_RT","2019",40.096,"NA",1
"MUS","XA:1938","SDG_1041_NOC_RT","2018",40.095,"NA",1
"MUS","XA:1938","SDG_1041_NOC_RT","2017",40.023,"NA",1
"MUS","XA:1938","SDG_1041_NOC_RT","2016",40.23,"NA",1
"MUS","XA:1938","SDG_1041_NOC_RT","2015",39.887,"NA",1
"MUS","XA:1938","SDG_1041_NOC_RT","2014",39.912,"NA",1
"MUS","XA:1938","SDG_1041_NOC_RT","2013",41.577,"NA",1
"MUS","XA:1938","SDG_1041_NOC_RT","2012",40.992,"NA",1
"MUS","XA:1938","SDG_1041_NOC_RT","2011",40.484,"NA",1
"MUS","XA:1938","SDG_1041_NOC_RT","2010",40.814,"NA",1
"MUS","XA:1938","SDG_1041_NOC_RT","2009",40.124,"NA",1
"MUS","XA:1938","SDG_1041_NOC_RT","2008",40.035,"NA",1
"MUS","XA:1938","SDG_1041_NOC_RT","2007",39.946,"NA",1
"MUS","XA:1938","SDG_1041_NOC_RT","2006",39.617,"NA",1
"MUS","XA:1938","SDG_1041_NOC_RT","2005",40.48,"NA",1
"MUS","XA:1938","SDG_1041_NOC_RT","2004",41.352,"NA",1
"MWI","XA:1837","SDG_1041_NOC_RT","2026",36.99,"I",1
"MWI","XA:1837","SDG_1041_NOC_RT","2025",37.071,"I",1
"MWI","XA:1837","SDG_1041_NOC_RT","2024",37.232,"I",1
"MWI","XA:1837","SDG_1041_NOC_RT","2023",37.209,"I",1
"MWI","XA:1837","SDG_1041_NOC_RT","2022",37.469,"I",1
"MWI","XA:1837","SDG_1041_NOC_RT","2021",36.157,"I",1
"MWI","XA:1837","SDG_1041_NOC_RT","2020",37.154,"I",1
"MWI","XA:1837","SDG_1041_NOC_RT","2019",36.69,"I",1
"MWI","XA:1837","SDG_1041_NOC_RT","2018",37.003,"I",1
"MWI","XA:1837","SDG_1041_NOC_RT","2017",37.083,"I",1
"MWI","XA:1837","SDG_1041_NOC_RT","2016",37.422,"I",1
"MWI","XA:1837","SDG_1041_NOC_RT","2015",37.35,"I",1
"MWI","XA:1837","SDG_1041_NOC_RT","2014",36.701,"I",1
"MWI","XA:1837","SDG_1041_NOC_RT","2013",36.746,"I",1
"MWI","XA:1837","SDG_1041_NOC_RT","2012",37.543,"I",1
"MWI","XA:1837","SDG_1041_NOC_RT","2011",36.843,"I",1
"MWI","XA:1837","SDG_1041_NOC_RT","2010",36.396,"I",1
"MWI","XA:1837","SDG_1041_NOC_RT","2009",36.059,"I",1
"MWI","XA:1837","SDG_1041_NOC_RT","2008",36.21,"I",1
"MWI","XA:1837","SDG_1041_NOC_RT","2007",35.756,"I",1
"MWI","XA:1837","SDG_1041_NOC_RT","2006",36.869,"I",1
"MWI","XA:1837","SDG_1041_NOC_RT","2005",37.188,"I",1
"MWI","XA:1837","SDG_1041_NOC_RT","2004",36.687,"I",1
"MYS","XA:1940","SDG_1041_NOC_RT","2026",40.809,"I",1
"MYS","XA:1940","SDG_1041_NOC_RT","2025",40.712,"I",1
"MYS","XA:1940","SDG_1041_NOC_RT","2024",40.528,"I",1
"MYS","XA:1940","SDG_1041_NOC_RT","2023",40.971,"I",1
"MYS","XA:1940","SDG_1041_NOC_RT","2022",39.947,"I",1
"MYS","XA:1940","SDG_1041_NOC_RT","2021",43.452,"I",1
"MYS","XA:1940","SDG_1041_NOC_RT","2020",46.294,"I",1
"MYS","XA:1940","SDG_1041_NOC_RT","2019",44.501,"I",1
"MYS","XA:1940","SDG_1041_NOC_RT","2018",44.418,"I",1
"MYS","XA:1940","SDG_1041_NOC_RT","2017",44.162,"I",1
"MYS","XA:1940","SDG_1041_NOC_RT","2016",44.228,"I",1
"MYS","XA:1940","SDG_1041_NOC_RT","2015",43.585,"I",1
"MYS","XA:1940","SDG_1041_NOC_RT","2014",42.646,"I",1
"MYS","XA:1940","SDG_1041_NOC_RT","2013",42.297,"I",1
"MYS","XA:1940","SDG_1041_NOC_RT","2012",41.409,"I",1
"MYS","XA:1940","SDG_1041_NOC_RT","2011",39.959,"I",1
"MYS","XA:1940","SDG_1041_NOC_RT","2010",39.306,"I",1
"MYS","XA:1940","SDG_1041_NOC_RT","2009",39.574,"I",1
"MYS","XA:1940","SDG_1041_NOC_RT","2008",37.603,"I",1
"MYS","XA:1940","SDG_1041_NOC_RT","2007",34.652,"I",1
"MYS","XA:1940","SDG_1041_NOC_RT","2006",32.714,"I",1
"MYS","XA:1940","SDG_1041_NOC_RT","2005",32.777,"I",1
"MYS","XA:1940","SDG_1041_NOC_RT","2004",32.442,"I",1
"NAM","XA:1881","SDG_1041_NOC_RT","2026",47.067,"M",1
"NAM","XA:1881","SDG_1041_NOC_RT","2025",47.101,"M",1
"NAM","XA:1881","SDG_1041_NOC_RT","2024",47.086,"NA",1
"NAM","XA:1881","SDG_1041_NOC_RT","2023",47.276,"NA",1
"NAM","XA:1881","SDG_1041_NOC_RT","2022",48.78,"NA",1
"NAM","XA:1881","SDG_1041_NOC_RT","2021",51.272,"NA",1
"NAM","XA:1881","SDG_1041_NOC_RT","2020",53.633,"NA",1
"NAM","XA:1881","SDG_1041_NOC_RT","2019",52.341,"NA",1
"NAM","XA:1881","SDG_1041_NOC_RT","2018",51.642,"NA",1
"NAM","XA:1881","SDG_1041_NOC_RT","2017",50.837,"NA",1
"NAM","XA:1881","SDG_1041_NOC_RT","2016",50.676,"NA",1
"NAM","XA:1881","SDG_1041_NOC_RT","2015",49.015,"NA",1
"NAM","XA:1881","SDG_1041_NOC_RT","2014",48.94,"NA",1
"NAM","XA:1881","SDG_1041_NOC_RT","2013",51.062,"NA",1
"NAM","XA:1881","SDG_1041_NOC_RT","2012",51.529,"NA",1
"NAM","XA:1881","SDG_1041_NOC_RT","2011",51.71,"NA",1
"NAM","XA:1881","SDG_1041_NOC_RT","2010",50.972,"NA",1
"NAM","XA:1881","SDG_1041_NOC_RT","2009",50.613,"NA",1
"NAM","XA:1881","SDG_1041_NOC_RT","2008",48.981,"NA",1
"NAM","XA:1881","SDG_1041_NOC_RT","2007",48.23,"NA",1
"NAM","XA:1881","SDG_1041_NOC_RT","2006",48.481,"NA",1
"NAM","XA:1881","SDG_1041_NOC_RT","2005",51.809,"NA",1
"NAM","XA:1881","SDG_1041_NOC_RT","2004",53.693,"NA",1
"NCL","XA:1942","SDG_1041_NOC_RT","2026",51.983,"I",1
"NCL","XA:1942","SDG_1041_NOC_RT","2025",52.942,"I",1
"NCL","XA:1942","SDG_1041_NOC_RT","2024",53.675,"I",1
"NCL","XA:1942","SDG_1041_NOC_RT","2023",52.302,"I",1
"NCL","XA:1942","SDG_1041_NOC_RT","2022",51.527,"I",1
"NCL","XA:1942","SDG_1041_NOC_RT","2021",51.248,"I",1
"NCL","XA:1942","SDG_1041_NOC_RT","2020",54.523,"I",1
"NCL","XA:1942","SDG_1041_NOC_RT","2019",52.428,"I",1
"NCL","XA:1942","SDG_1041_NOC_RT","2018",51.491,"I",1
"NCL","XA:1942","SDG_1041_NOC_RT","2017",51.939,"I",1
"NCL","XA:1942","SDG_1041_NOC_RT","2016",52.221,"I",1
"NCL","XA:1942","SDG_1041_NOC_RT","2015",52.062,"I",1
"NCL","XA:1942","SDG_1041_NOC_RT","2014",51.903,"I",1
"NCL","XA:1942","SDG_1041_NOC_RT","2013",51.885,"I",1
"NCL","XA:1942","SDG_1041_NOC_RT","2012",51.897,"I",1
"NCL","XA:1942","SDG_1041_NOC_RT","2011",51.48,"I",1
"NCL","XA:1942","SDG_1041_NOC_RT","2010",51.083,"I",1
"NCL","XA:1942","SDG_1041_NOC_RT","2009",51.8,"I",1
"NCL","XA:1942","SDG_1041_NOC_RT","2008",52.066,"I",1
"NCL","XA:1942","SDG_1041_NOC_RT","2007",51.486,"I",1
"NCL","XA:1942","SDG_1041_NOC_RT","2006",51.253,"I",1
"NCL","XA:1942","SDG_1041_NOC_RT","2005",51.578,"I",1
"NCL","XA:1942","SDG_1041_NOC_RT","2004",51.526,"I",1
"NER","XA:1852","SDG_1041_NOC_RT","2026",27.743,"M",1
"NER","XA:1852","SDG_1041_NOC_RT","2025",27.758,"M",1
"NER","XA:1852","SDG_1041_NOC_RT","2024",26.798,"M",1
"NER","XA:1852","SDG_1041_NOC_RT","2023",28.177,"M",1
"NER","XA:1852","SDG_1041_NOC_RT","2022",26.43,"M",1
"NER","XA:1852","SDG_1041_NOC_RT","2021",26.512,"M",1
"NER","XA:1852","SDG_1041_NOC_RT","2020",26.82,"M",1
"NER","XA:1852","SDG_1041_NOC_RT","2019",27.298,"NA",1
"NER","XA:1852","SDG_1041_NOC_RT","2018",27.688,"NA",1
"NER","XA:1852","SDG_1041_NOC_RT","2017",27.512,"NA",1
"NER","XA:1852","SDG_1041_NOC_RT","2016",28.445,"NA",1
"NER","XA:1852","SDG_1041_NOC_RT","2015",29.28,"NA",1
"NER","XA:1852","SDG_1041_NOC_RT","2014",29,"NA",1
"NER","XA:1852","SDG_1041_NOC_RT","2013",27.828,"NA",1
"NER","XA:1852","SDG_1041_NOC_RT","2012",25.723,"NA",1
"NER","XA:1852","SDG_1041_NOC_RT","2011",26.635,"NA",1
"NER","XA:1852","SDG_1041_NOC_RT","2010",25.377,"NA",1
"NER","XA:1852","SDG_1041_NOC_RT","2009",28.393,"NA",1
"NER","XA:1852","SDG_1041_NOC_RT","2008",26.859,"NA",1
"NER","XA:1852","SDG_1041_NOC_RT","2007",29.087,"NA",1
"NER","XA:1852","SDG_1041_NOC_RT","2006",29.829,"NA",1
"NER","XA:1852","SDG_1041_NOC_RT","2005",28.632,"NA",1
"NER","XA:1852","SDG_1041_NOC_RT","2004",28.23,"NA",1
"NGA","XA:1944","SDG_1041_NOC_RT","2026",75.07,"M",1
"NGA","XA:1944","SDG_1041_NOC_RT","2025",75.126,"M",1
"NGA","XA:1944","SDG_1041_NOC_RT","2024",75.138,"NA",1
"NGA","XA:1944","SDG_1041_NOC_RT","2023",75.279,"NA",1
"NGA","XA:1944","SDG_1041_NOC_RT","2022",73.602,"NA",1
"NGA","XA:1944","SDG_1041_NOC_RT","2021",74.881,"NA",1
"NGA","XA:1944","SDG_1041_NOC_RT","2020",73.975,"NA",1
"NGA","XA:1944","SDG_1041_NOC_RT","2019",74.782,"NA",1
"NGA","XA:1944","SDG_1041_NOC_RT","2018",72.212,"NA",1
"NGA","XA:1944","SDG_1041_NOC_RT","2017",70.928,"NA",1
"NGA","XA:1944","SDG_1041_NOC_RT","2016",65.829,"NA",1
"NGA","XA:1944","SDG_1041_NOC_RT","2015",66.968,"NA",1
"NGA","XA:1944","SDG_1041_NOC_RT","2014",69.353,"NA",1
"NGA","XA:1944","SDG_1041_NOC_RT","2013",68.904,"NA",1
"NGA","XA:1944","SDG_1041_NOC_RT","2012",67.721,"NA",1
"NGA","XA:1944","SDG_1041_NOC_RT","2011",65.449,"NA",1
"NGA","XA:1944","SDG_1041_NOC_RT","2010",64.513,"NA",1
"NGA","XA:1944","SDG_1041_NOC_RT","2009",64.67,"M",1
"NGA","XA:1944","SDG_1041_NOC_RT","2008",65.115,"M",1
"NGA","XA:1944","SDG_1041_NOC_RT","2007",65.321,"M",1
"NGA","XA:1944","SDG_1041_NOC_RT","2006",65.62,"M",1
"NGA","XA:1944","SDG_1041_NOC_RT","2005",65.719,"M",1
"NGA","XA:1944","SDG_1041_NOC_RT","2004",65.273,"M",1
"NIC","XA:1883","SDG_1041_NOC_RT","2026",47.171,"M",1
"NIC","XA:1883","SDG_1041_NOC_RT","2025",47.154,"M",1
"NIC","XA:1883","SDG_1041_NOC_RT","2024",47.03,"M",1
"NIC","XA:1883","SDG_1041_NOC_RT","2023",46.848,"NA",1
"NIC","XA:1883","SDG_1041_NOC_RT","2022",47.856,"NA",1
"NIC","XA:1883","SDG_1041_NOC_RT","2021",48.103,"NA",1
"NIC","XA:1883","SDG_1041_NOC_RT","2020",49.438,"NA",1
"NIC","XA:1883","SDG_1041_NOC_RT","2019",48.958,"NA",1
"NIC","XA:1883","SDG_1041_NOC_RT","2018",49.776,"NA",1
"NIC","XA:1883","SDG_1041_NOC_RT","2017",49.369,"NA",1
"NIC","XA:1883","SDG_1041_NOC_RT","2016",50.119,"NA",1
"NIC","XA:1883","SDG_1041_NOC_RT","2015",50.947,"NA",1
"NIC","XA:1883","SDG_1041_NOC_RT","2014",52.435,"NA",1
"NIC","XA:1883","SDG_1041_NOC_RT","2013",52.908,"NA",1
"NIC","XA:1883","SDG_1041_NOC_RT","2012",52.422,"NA",1
"NIC","XA:1883","SDG_1041_NOC_RT","2011",52.944,"NA",1
"NIC","XA:1883","SDG_1041_NOC_RT","2010",52.717,"NA",1
"NIC","XA:1883","SDG_1041_NOC_RT","2009",53.125,"NA",1
"NIC","XA:1883","SDG_1041_NOC_RT","2008",52.98,"NA",1
"NIC","XA:1883","SDG_1041_NOC_RT","2007",52.93,"NA",1
"NIC","XA:1883","SDG_1041_NOC_RT","2006",52.445,"NA",1
"NIC","XA:1883","SDG_1041_NOC_RT","2005",52.647,"M",1
"NIC","XA:1883","SDG_1041_NOC_RT","2004",52.461,"M",1
"NLD","XA:1946","SDG_1041_NOC_RT","2026",60.551,"M",1
"NLD","XA:1946","SDG_1041_NOC_RT","2025",60.499,"M",1
"NLD","XA:1946","SDG_1041_NOC_RT","2024",60.632,"NA",1
"NLD","XA:1946","SDG_1041_NOC_RT","2023",58.479,"NA",1
"NLD","XA:1946","SDG_1041_NOC_RT","2022",59.057,"NA",1
"NLD","XA:1946","SDG_1041_NOC_RT","2021",59.348,"NA",1
"NLD","XA:1946","SDG_1041_NOC_RT","2020",61.362,"NA",1
"NLD","XA:1946","SDG_1041_NOC_RT","2019",58.066,"NA",1
"NLD","XA:1946","SDG_1041_NOC_RT","2018",58.257,"NA",1
"NLD","XA:1946","SDG_1041_NOC_RT","2017",58.773,"NA",1
"NLD","XA:1946","SDG_1041_NOC_RT","2016",60.055,"NA",1
"NLD","XA:1946","SDG_1041_NOC_RT","2015",59.501,"NA",1
"NLD","XA:1946","SDG_1041_NOC_RT","2014",61.806,"NA",1
"NLD","XA:1946","SDG_1041_NOC_RT","2013",61.557,"NA",1
"NLD","XA:1946","SDG_1041_NOC_RT","2012",61.306,"NA",1
"NLD","XA:1946","SDG_1041_NOC_RT","2011",61.286,"NA",1
"NLD","XA:1946","SDG_1041_NOC_RT","2010",61.298,"NA",1
"NLD","XA:1946","SDG_1041_NOC_RT","2009",63.545,"NA",1
"NLD","XA:1946","SDG_1041_NOC_RT","2008",60.508,"NA",1
"NLD","XA:1946","SDG_1041_NOC_RT","2007",60.411,"NA",1
"NLD","XA:1946","SDG_1041_NOC_RT","2006",58.239,"NA",1
"NLD","XA:1946","SDG_1041_NOC_RT","2005",59.51,"NA",1
"NLD","XA:1946","SDG_1041_NOC_RT","2004",59.325,"NA",1
"NOR","XA:2206","SDG_1041_NOC_RT","2026",45.766,"I",1
"NOR","XA:2206","SDG_1041_NOC_RT","2025",45.928,"I",1
"NOR","XA:2206","SDG_1041_NOC_RT","2024",45.376,"I",1
"NOR","XA:2206","SDG_1041_NOC_RT","2023",44.121,"I",1
"NOR","XA:2206","SDG_1041_NOC_RT","2022",37.625,"I",1
"NOR","XA:2206","SDG_1041_NOC_RT","2021",45.433,"I",1
"NOR","XA:2206","SDG_1041_NOC_RT","2020",52.787,"I",1
"NOR","XA:2206","SDG_1041_NOC_RT","2019",51.38,"I",1
"NOR","XA:2206","SDG_1041_NOC_RT","2018",48.686,"I",1
"NOR","XA:2206","SDG_1041_NOC_RT","2017",50.12,"I",1
"NOR","XA:2206","SDG_1041_NOC_RT","2016",52.107,"I",1
"NOR","XA:2206","SDG_1041_NOC_RT","2015",50.578,"I",1
"NOR","XA:2206","SDG_1041_NOC_RT","2014",49.025,"I",1
"NOR","XA:2206","SDG_1041_NOC_RT","2013",47.28,"I",1
"NOR","XA:2206","SDG_1041_NOC_RT","2012",45.814,"I",1
"NOR","XA:2206","SDG_1041_NOC_RT","2011",46.095,"I",1
"NOR","XA:2206","SDG_1041_NOC_RT","2010",47.662,"I",1
"NOR","XA:2206","SDG_1041_NOC_RT","2009",50.534,"I",1
"NOR","XA:2206","SDG_1041_NOC_RT","2008",45.312,"I",1
"NOR","XA:2206","SDG_1041_NOC_RT","2007",45.461,"I",1
"NOR","XA:2206","SDG_1041_NOC_RT","2006",43.515,"I",1
"NOR","XA:2206","SDG_1041_NOC_RT","2005",44.351,"I",1
"NOR","XA:2206","SDG_1041_NOC_RT","2004",46.344,"I",1
"NPL","XA:1947","SDG_1041_NOC_RT","2026",48.742,"M",1
"NPL","XA:1947","SDG_1041_NOC_RT","2025",48.943,"M",1
"NPL","XA:1947","SDG_1041_NOC_RT","2024",49.119,"M",1
"NPL","XA:1947","SDG_1041_NOC_RT","2023",49.574,"NA",1
"NPL","XA:1947","SDG_1041_NOC_RT","2022",48.586,"NA",1
"NPL","XA:1947","SDG_1041_NOC_RT","2021",48.331,"NA",1
"NPL","XA:1947","SDG_1041_NOC_RT","2020",49.473,"NA",1
"NPL","XA:1947","SDG_1041_NOC_RT","2019",48.565,"NA",1
"NPL","XA:1947","SDG_1041_NOC_RT","2018",48.353,"NA",1
"NPL","XA:1947","SDG_1041_NOC_RT","2017",48.049,"NA",1
"NPL","XA:1947","SDG_1041_NOC_RT","2016",50.391,"NA",1
"NPL","XA:1947","SDG_1041_NOC_RT","2015",49.907,"NA",1
"NPL","XA:1947","SDG_1041_NOC_RT","2014",49.786,"NA",1
"NPL","XA:1947","SDG_1041_NOC_RT","2013",50.721,"NA",1
"NPL","XA:1947","SDG_1041_NOC_RT","2012",50.808,"NA",1
"NPL","XA:1947","SDG_1041_NOC_RT","2011",51.455,"NA",1
"NPL","XA:1947","SDG_1041_NOC_RT","2010",51.483,"M",1
"NPL","XA:1947","SDG_1041_NOC_RT","2009",51.906,"M",1
"NPL","XA:1947","SDG_1041_NOC_RT","2008",51.892,"M",1
"NPL","XA:1947","SDG_1041_NOC_RT","2007",52.535,"M",1
"NPL","XA:1947","SDG_1041_NOC_RT","2006",52.557,"M",1
"NPL","XA:1947","SDG_1041_NOC_RT","2005",52.542,"M",1
"NPL","XA:1947","SDG_1041_NOC_RT","2004",52.273,"M",1
"NZL","XA:1884","SDG_1041_NOC_RT","2026",53.61,"I",1
"NZL","XA:1884","SDG_1041_NOC_RT","2025",54.068,"I",1
"NZL","XA:1884","SDG_1041_NOC_RT","2024",54.752,"I",1
"NZL","XA:1884","SDG_1041_NOC_RT","2023",53.585,"I",1
"NZL","XA:1884","SDG_1041_NOC_RT","2022",52.528,"I",1
"NZL","XA:1884","SDG_1041_NOC_RT","2021",53.244,"I",1
"NZL","XA:1884","SDG_1041_NOC_RT","2020",53.056,"I",1
"NZL","XA:1884","SDG_1041_NOC_RT","2019",51.978,"I",1
"NZL","XA:1884","SDG_1041_NOC_RT","2018",51.476,"I",1
"NZL","XA:1884","SDG_1041_NOC_RT","2017",51.08,"I",1
"NZL","XA:1884","SDG_1041_NOC_RT","2016",51.639,"I",1
"NZL","XA:1884","SDG_1041_NOC_RT","2015",52.233,"I",1
"NZL","XA:1884","SDG_1041_NOC_RT","2014",52.229,"I",1
"NZL","XA:1884","SDG_1041_NOC_RT","2013",51.565,"I",1
"NZL","XA:1884","SDG_1041_NOC_RT","2012",53.091,"I",1
"NZL","XA:1884","SDG_1041_NOC_RT","2011",52.69,"I",1
"NZL","XA:1884","SDG_1041_NOC_RT","2010",53.051,"I",1
"NZL","XA:1884","SDG_1041_NOC_RT","2009",53.656,"I",1
"NZL","XA:1884","SDG_1041_NOC_RT","2008",54.616,"I",1
"NZL","XA:1884","SDG_1041_NOC_RT","2007",52.783,"I",1
"NZL","XA:1884","SDG_1041_NOC_RT","2006",52.943,"I",1
"NZL","XA:1884","SDG_1041_NOC_RT","2005",52.463,"I",1
"NZL","XA:1884","SDG_1041_NOC_RT","2004",51.201,"I",1
"OMN","XA:1949","SDG_1041_NOC_RT","2026",30.652,"I",1
"OMN","XA:1949","SDG_1041_NOC_RT","2025",30.86,"I",1
"OMN","XA:1949","SDG_1041_NOC_RT","2024",31.202,"I",1
"OMN","XA:1949","SDG_1041_NOC_RT","2023",31.34,"I",1
"OMN","XA:1949","SDG_1041_NOC_RT","2022",29.347,"I",1
"OMN","XA:1949","SDG_1041_NOC_RT","2021",34.693,"I",1
"OMN","XA:1949","SDG_1041_NOC_RT","2020",40.757,"I",1
"OMN","XA:1949","SDG_1041_NOC_RT","2019",36.366,"I",1
"OMN","XA:1949","SDG_1041_NOC_RT","2018",34.361,"I",1
"OMN","XA:1949","SDG_1041_NOC_RT","2017",41.579,"I",1
"OMN","XA:1949","SDG_1041_NOC_RT","2016",44.249,"I",1
"OMN","XA:1949","SDG_1041_NOC_RT","2015",40.854,"I",1
"OMN","XA:1949","SDG_1041_NOC_RT","2014",33.027,"I",1
"OMN","XA:1949","SDG_1041_NOC_RT","2013",29.64,"I",1
"OMN","XA:1949","SDG_1041_NOC_RT","2012",27.387,"I",1
"OMN","XA:1949","SDG_1041_NOC_RT","2011",26.15,"I",1
"OMN","XA:1949","SDG_1041_NOC_RT","2010",27.792,"I",1
"OMN","XA:1949","SDG_1041_NOC_RT","2009",30.432,"I",1
"OMN","XA:1949","SDG_1041_NOC_RT","2008",22.5,"I",1
"OMN","XA:1949","SDG_1041_NOC_RT","2007",27.372,"I",1
"OMN","XA:1949","SDG_1041_NOC_RT","2006",26.322,"I",1
"OMN","XA:1949","SDG_1041_NOC_RT","2005",28.445,"I",1
"OMN","XA:1949","SDG_1041_NOC_RT","2004",31.253,"I",1
"PAK","XA:2080","SDG_1041_NOC_RT","2026",49.603,"I",1
"PAK","XA:2080","SDG_1041_NOC_RT","2025",49.828,"I",1
"PAK","XA:2080","SDG_1041_NOC_RT","2024",49.874,"I",1
"PAK","XA:2080","SDG_1041_NOC_RT","2023",50.629,"I",1
"PAK","XA:2080","SDG_1041_NOC_RT","2022",48.848,"I",1
"PAK","XA:2080","SDG_1041_NOC_RT","2021",52.025,"I",1
"PAK","XA:2080","SDG_1041_NOC_RT","2020",52.885,"I",1
"PAK","XA:2080","SDG_1041_NOC_RT","2019",52.053,"I",1
"PAK","XA:2080","SDG_1041_NOC_RT","2018",50.933,"I",1
"PAK","XA:2080","SDG_1041_NOC_RT","2017",51.457,"I",1
"PAK","XA:2080","SDG_1041_NOC_RT","2016",51.055,"I",1
"PAK","XA:2080","SDG_1041_NOC_RT","2015",51.731,"I",1
"PAK","XA:2080","SDG_1041_NOC_RT","2014",52.896,"I",1
"PAK","XA:2080","SDG_1041_NOC_RT","2013",51.054,"I",1
"PAK","XA:2080","SDG_1041_NOC_RT","2012",49.571,"I",1
"PAK","XA:2080","SDG_1041_NOC_RT","2011",48.308,"I",1
"PAK","XA:2080","SDG_1041_NOC_RT","2010",49.921,"I",1
"PAK","XA:2080","SDG_1041_NOC_RT","2009",49.411,"I",1
"PAK","XA:2080","SDG_1041_NOC_RT","2008",50.007,"I",1
"PAK","XA:2080","SDG_1041_NOC_RT","2007",49.654,"I",1
"PAK","XA:2080","SDG_1041_NOC_RT","2006",49.285,"I",1
"PAK","XA:2080","SDG_1041_NOC_RT","2005",48.994,"I",1
"PAK","XA:2080","SDG_1041_NOC_RT","2004",49.026,"I",1
"PAN","XA:2082","SDG_1041_NOC_RT","2026",35.591,"M",1
"PAN","XA:2082","SDG_1041_NOC_RT","2025",35.592,"M",1
"PAN","XA:2082","SDG_1041_NOC_RT","2024",35.757,"M",1
"PAN","XA:2082","SDG_1041_NOC_RT","2023",34.533,"M",1
"PAN","XA:2082","SDG_1041_NOC_RT","2022",35.022,"NA",1
"PAN","XA:2082","SDG_1041_NOC_RT","2021",37.136,"NA",1
"PAN","XA:2082","SDG_1041_NOC_RT","2020",34.433,"NA",1
"PAN","XA:2082","SDG_1041_NOC_RT","2019",39.24,"NA",1
"PAN","XA:2082","SDG_1041_NOC_RT","2018",36.91,"NA",1
"PAN","XA:2082","SDG_1041_NOC_RT","2017",32.099,"NA",1
"PAN","XA:2082","SDG_1041_NOC_RT","2016",32.361,"NA",1
"PAN","XA:2082","SDG_1041_NOC_RT","2015",31.747,"NA",1
"PAN","XA:2082","SDG_1041_NOC_RT","2014",31.116,"NA",1
"PAN","XA:2082","SDG_1041_NOC_RT","2013",31.399,"NA",1
"PAN","XA:2082","SDG_1041_NOC_RT","2012",33.895,"NA",1
"PAN","XA:2082","SDG_1041_NOC_RT","2011",35.717,"NA",1
"PAN","XA:2082","SDG_1041_NOC_RT","2010",37.359,"NA",1
"PAN","XA:2082","SDG_1041_NOC_RT","2009",36.597,"NA",1
"PAN","XA:2082","SDG_1041_NOC_RT","2008",36.918,"NA",1
"PAN","XA:2082","SDG_1041_NOC_RT","2007",40.555,"NA",1
"PAN","XA:2082","SDG_1041_NOC_RT","2006",42.402,"NA",1
"PAN","XA:2082","SDG_1041_NOC_RT","2005",42.212,"NA",1
"PAN","XA:2082","SDG_1041_NOC_RT","2004",43.993,"NA",1
"PER","XA:2084","SDG_1041_NOC_RT","2026",43.647,"M",1
"PER","XA:2084","SDG_1041_NOC_RT","2025",43.619,"M",1
"PER","XA:2084","SDG_1041_NOC_RT","2024",42.681,"M",1
"PER","XA:2084","SDG_1041_NOC_RT","2023",43.076,"NA",1
"PER","XA:2084","SDG_1041_NOC_RT","2022",41.823,"NA",1
"PER","XA:2084","SDG_1041_NOC_RT","2021",40.695,"NA",1
"PER","XA:2084","SDG_1041_NOC_RT","2020",45.15,"NA",1
"PER","XA:2084","SDG_1041_NOC_RT","2019",47.342,"NA",1
"PER","XA:2084","SDG_1041_NOC_RT","2018",45.731,"NA",1
"PER","XA:2084","SDG_1041_NOC_RT","2017",45.584,"NA",1
"PER","XA:2084","SDG_1041_NOC_RT","2016",45.562,"NA",1
"PER","XA:2084","SDG_1041_NOC_RT","2015",46.578,"NA",1
"PER","XA:2084","SDG_1041_NOC_RT","2014",46.158,"NA",1
"PER","XA:2084","SDG_1041_NOC_RT","2013",44.619,"NA",1
"PER","XA:2084","SDG_1041_NOC_RT","2012",44.52,"NA",1
"PER","XA:2084","SDG_1041_NOC_RT","2011",42.965,"NA",1
"PER","XA:2084","SDG_1041_NOC_RT","2010",45.063,"NA",1
"PER","XA:2084","SDG_1041_NOC_RT","2009",46.209,"NA",1
"PER","XA:2084","SDG_1041_NOC_RT","2008",46.413,"NA",1
"PER","XA:2084","SDG_1041_NOC_RT","2007",44.865,"NA",1
"PER","XA:2084","SDG_1041_NOC_RT","2006",45.211,"NA",1
"PER","XA:2084","SDG_1041_NOC_RT","2005",46.006,"NA",1
"PER","XA:2084","SDG_1041_NOC_RT","2004",46.095,"NA",1
"PHL","XA:2086","SDG_1041_NOC_RT","2026",45.596,"M",1
"PHL","XA:2086","SDG_1041_NOC_RT","2025",45.646,"M",1
"PHL","XA:2086","SDG_1041_NOC_RT","2024",45.598,"M",1
"PHL","XA:2086","SDG_1041_NOC_RT","2023",44.655,"NA",1
"PHL","XA:2086","SDG_1041_NOC_RT","2022",45.968,"NA",1
"PHL","XA:2086","SDG_1041_NOC_RT","2021",45.898,"NA",1
"PHL","XA:2086","SDG_1041_NOC_RT","2020",43.608,"NA",1
"PHL","XA:2086","SDG_1041_NOC_RT","2019",42.762,"NA",1
"PHL","XA:2086","SDG_1041_NOC_RT","2018",42.959,"NA",1
"PHL","XA:2086","SDG_1041_NOC_RT","2017",42.571,"NA",1
"PHL","XA:2086","SDG_1041_NOC_RT","2016",42.63,"NA",1
"PHL","XA:2086","SDG_1041_NOC_RT","2015",41.33,"NA",1
"PHL","XA:2086","SDG_1041_NOC_RT","2014",42.143,"NA",1
"PHL","XA:2086","SDG_1041_NOC_RT","2013",42.392,"NA",1
"PHL","XA:2086","SDG_1041_NOC_RT","2012",44.028,"NA",1
"PHL","XA:2086","SDG_1041_NOC_RT","2011",44.684,"NA",1
"PHL","XA:2086","SDG_1041_NOC_RT","2010",44.099,"NA",1
"PHL","XA:2086","SDG_1041_NOC_RT","2009",44.396,"NA",1
"PHL","XA:2086","SDG_1041_NOC_RT","2008",42.197,"NA",1
"PHL","XA:2086","SDG_1041_NOC_RT","2007",43.334,"NA",1
"PHL","XA:2086","SDG_1041_NOC_RT","2006",45.694,"NA",1
"PHL","XA:2086","SDG_1041_NOC_RT","2005",45.027,"NA",1
"PHL","XA:2086","SDG_1041_NOC_RT","2004",44.491,"NA",1
"PNG","XA:2088","SDG_1041_NOC_RT","2026",32.758,"I",1
"PNG","XA:2088","SDG_1041_NOC_RT","2025",32.566,"I",1
"PNG","XA:2088","SDG_1041_NOC_RT","2024",32.785,"I",1
"PNG","XA:2088","SDG_1041_NOC_RT","2023",32.787,"I",1
"PNG","XA:2088","SDG_1041_NOC_RT","2022",32.388,"I",1
"PNG","XA:2088","SDG_1041_NOC_RT","2021",31.891,"I",1
"PNG","XA:2088","SDG_1041_NOC_RT","2020",32.616,"I",1
"PNG","XA:2088","SDG_1041_NOC_RT","2019",32.507,"I",1
"PNG","XA:2088","SDG_1041_NOC_RT","2018",33.546,"I",1
"PNG","XA:2088","SDG_1041_NOC_RT","2017",32.75,"I",1
"PNG","XA:2088","SDG_1041_NOC_RT","2016",32.364,"I",1
"PNG","XA:2088","SDG_1041_NOC_RT","2015",32.164,"I",1
"PNG","XA:2088","SDG_1041_NOC_RT","2014",30.71,"I",1
"PNG","XA:2088","SDG_1041_NOC_RT","2013",32.834,"I",1
"PNG","XA:2088","SDG_1041_NOC_RT","2012",32.67,"I",1
"PNG","XA:2088","SDG_1041_NOC_RT","2011",33.443,"I",1
"PNG","XA:2088","SDG_1041_NOC_RT","2010",31.532,"I",1
"PNG","XA:2088","SDG_1041_NOC_RT","2009",32.283,"I",1
"PNG","XA:2088","SDG_1041_NOC_RT","2008",33.814,"I",1
"PNG","XA:2088","SDG_1041_NOC_RT","2007",32.096,"I",1
"PNG","XA:2088","SDG_1041_NOC_RT","2006",32.636,"I",1
"PNG","XA:2088","SDG_1041_NOC_RT","2005",35.718,"I",1
"PNG","XA:2088","SDG_1041_NOC_RT","2004",39.452,"I",1
"POL","XA:2090","SDG_1041_NOC_RT","2026",49.62,"M",1
"POL","XA:2090","SDG_1041_NOC_RT","2025",49.592,"M",1
"POL","XA:2090","SDG_1041_NOC_RT","2024",47.825,"M",1
"POL","XA:2090","SDG_1041_NOC_RT","2023",47.471,"NA",1
"POL","XA:2090","SDG_1041_NOC_RT","2022",46.982,"NA",1
"POL","XA:2090","SDG_1041_NOC_RT","2021",48.743,"NA",1
"POL","XA:2090","SDG_1041_NOC_RT","2020",51.933,"NA",1
"POL","XA:2090","SDG_1041_NOC_RT","2019",51.972,"NA",1
"POL","XA:2090","SDG_1041_NOC_RT","2018",51.372,"NA",1
"POL","XA:2090","SDG_1041_NOC_RT","2017",50.46,"NA",1
"POL","XA:2090","SDG_1041_NOC_RT","2016",52.283,"NA",1
"POL","XA:2090","SDG_1041_NOC_RT","2015",49.549,"NA",1
"POL","XA:2090","SDG_1041_NOC_RT","2014",50.025,"NA",1
"POL","XA:2090","SDG_1041_NOC_RT","2013",49.604,"NA",1
"POL","XA:2090","SDG_1041_NOC_RT","2012",49.701,"NA",1
"POL","XA:2090","SDG_1041_NOC_RT","2011",49.067,"NA",1
"POL","XA:2090","SDG_1041_NOC_RT","2010",51.019,"NA",1
"POL","XA:2090","SDG_1041_NOC_RT","2009",50.991,"NA",1
"POL","XA:2090","SDG_1041_NOC_RT","2008",53.26,"NA",1
"POL","XA:2090","SDG_1041_NOC_RT","2007",51.629,"NA",1
"POL","XA:2090","SDG_1041_NOC_RT","2006",51.029,"NA",1
"POL","XA:2090","SDG_1041_NOC_RT","2005",50.811,"NA",1
"POL","XA:2090","SDG_1041_NOC_RT","2004",51.444,"NA",1
"PRI","XA:2092","SDG_1041_NOC_RT","2026",58.852,"I",1
"PRI","XA:2092","SDG_1041_NOC_RT","2025",58.997,"I",1
"PRI","XA:2092","SDG_1041_NOC_RT","2024",58.063,"I",1
"PRI","XA:2092","SDG_1041_NOC_RT","2023",58.688,"I",1
"PRI","XA:2092","SDG_1041_NOC_RT","2022",58.117,"I",1
"PRI","XA:2092","SDG_1041_NOC_RT","2021",58.501,"I",1
"PRI","XA:2092","SDG_1041_NOC_RT","2020",60.018,"I",1
"PRI","XA:2092","SDG_1041_NOC_RT","2019",58.815,"I",1
"PRI","XA:2092","SDG_1041_NOC_RT","2018",59.808,"I",1
"PRI","XA:2092","SDG_1041_NOC_RT","2017",59.494,"I",1
"PRI","XA:2092","SDG_1041_NOC_RT","2016",59.141,"I",1
"PRI","XA:2092","SDG_1041_NOC_RT","2015",59.069,"I",1
"PRI","XA:2092","SDG_1041_NOC_RT","2014",59.121,"I",1
"PRI","XA:2092","SDG_1041_NOC_RT","2013",58.97,"I",1
"PRI","XA:2092","SDG_1041_NOC_RT","2012",58.928,"I",1
"PRI","XA:2092","SDG_1041_NOC_RT","2011",59,"I",1
"PRI","XA:2092","SDG_1041_NOC_RT","2010",59,"I",1
"PRI","XA:2092","SDG_1041_NOC_RT","2009",59.307,"I",1
"PRI","XA:2092","SDG_1041_NOC_RT","2008",59.286,"I",1
"PRI","XA:2092","SDG_1041_NOC_RT","2007",59.162,"I",1
"PRI","XA:2092","SDG_1041_NOC_RT","2006",59.204,"I",1
"PRI","XA:2092","SDG_1041_NOC_RT","2005",59.302,"I",1
"PRI","XA:2092","SDG_1041_NOC_RT","2004",58.403,"I",1
"PRK","XA:1957","SDG_1041_NOC_RT","2026",38.53,"I",1
"PRK","XA:1957","SDG_1041_NOC_RT","2025",38.554,"I",1
"PRK","XA:1957","SDG_1041_NOC_RT","2024",38.61,"I",1
"PRK","XA:1957","SDG_1041_NOC_RT","2023",37.906,"I",1
"PRK","XA:1957","SDG_1041_NOC_RT","2022",38.797,"I",1
"PRK","XA:1957","SDG_1041_NOC_RT","2021",38.427,"I",1
"PRK","XA:1957","SDG_1041_NOC_RT","2020",39.152,"I",1
"PRK","XA:1957","SDG_1041_NOC_RT","2019",39.176,"I",1
"PRK","XA:1957","SDG_1041_NOC_RT","2018",40.252,"I",1
"PRK","XA:1957","SDG_1041_NOC_RT","2017",40.097,"I",1
"PRK","XA:1957","SDG_1041_NOC_RT","2016",38.352,"I",1
"PRK","XA:1957","SDG_1041_NOC_RT","2015",39.552,"I",1
"PRK","XA:1957","SDG_1041_NOC_RT","2014",39.035,"I",1
"PRK","XA:1957","SDG_1041_NOC_RT","2013",39.031,"I",1
"PRK","XA:1957","SDG_1041_NOC_RT","2012",38.977,"I",1
"PRK","XA:1957","SDG_1041_NOC_RT","2011",39.1,"I",1
"PRK","XA:1957","SDG_1041_NOC_RT","2010",39.401,"I",1
"PRK","XA:1957","SDG_1041_NOC_RT","2009",39.505,"I",1
"PRK","XA:1957","SDG_1041_NOC_RT","2008",38.55,"I",1
"PRK","XA:1957","SDG_1041_NOC_RT","2007",39.57,"I",1
"PRK","XA:1957","SDG_1041_NOC_RT","2006",39.53,"I",1
"PRK","XA:1957","SDG_1041_NOC_RT","2005",38.39,"I",1
"PRK","XA:1957","SDG_1041_NOC_RT","2004",38.792,"I",1
"PRT","XA:2096","SDG_1041_NOC_RT","2026",57.542,"M",1
"PRT","XA:2096","SDG_1041_NOC_RT","2025",57.587,"M",1
"PRT","XA:2096","SDG_1041_NOC_RT","2024",56.902,"NA",1
"PRT","XA:2096","SDG_1041_NOC_RT","2023",55.101,"NA",1
"PRT","XA:2096","SDG_1041_NOC_RT","2022",55.388,"NA",1
"PRT","XA:2096","SDG_1041_NOC_RT","2021",57.383,"NA",1
"PRT","XA:2096","SDG_1041_NOC_RT","2020",57.967,"NA",1
"PRT","XA:2096","SDG_1041_NOC_RT","2019",54.437,"NA",1
"PRT","XA:2096","SDG_1041_NOC_RT","2018",53.744,"NA",1
"PRT","XA:2096","SDG_1041_NOC_RT","2017",54.045,"NA",1
"PRT","XA:2096","SDG_1041_NOC_RT","2016",53.087,"NA",1
"PRT","XA:2096","SDG_1041_NOC_RT","2015",53.842,"NA",1
"PRT","XA:2096","SDG_1041_NOC_RT","2014",55.827,"NA",1
"PRT","XA:2096","SDG_1041_NOC_RT","2013",57.16,"NA",1
"PRT","XA:2096","SDG_1041_NOC_RT","2012",58.447,"NA",1
"PRT","XA:2096","SDG_1041_NOC_RT","2011",59.378,"NA",1
"PRT","XA:2096","SDG_1041_NOC_RT","2010",61.744,"NA",1
"PRT","XA:2096","SDG_1041_NOC_RT","2009",63.079,"NA",1
"PRT","XA:2096","SDG_1041_NOC_RT","2008",62.149,"NA",1
"PRT","XA:2096","SDG_1041_NOC_RT","2007",61.764,"NA",1
"PRT","XA:2096","SDG_1041_NOC_RT","2006",62.472,"NA",1
"PRT","XA:2096","SDG_1041_NOC_RT","2005",64.61,"NA",1
"PRT","XA:2096","SDG_1041_NOC_RT","2004",64.546,"NA",1
"PRY","XA:2098","SDG_1041_NOC_RT","2026",45.37,"M",1
"PRY","XA:2098","SDG_1041_NOC_RT","2025",45.237,"M",1
"PRY","XA:2098","SDG_1041_NOC_RT","2024",45.579,"M",1
"PRY","XA:2098","SDG_1041_NOC_RT","2023",45.184,"NA",1
"PRY","XA:2098","SDG_1041_NOC_RT","2022",43.835,"NA",1
"PRY","XA:2098","SDG_1041_NOC_RT","2021",43.978,"NA",1
"PRY","XA:2098","SDG_1041_NOC_RT","2020",45.674,"NA",1
"PRY","XA:2098","SDG_1041_NOC_RT","2019",46.145,"NA",1
"PRY","XA:2098","SDG_1041_NOC_RT","2018",45.906,"NA",1
"PRY","XA:2098","SDG_1041_NOC_RT","2017",45.548,"NA",1
"PRY","XA:2098","SDG_1041_NOC_RT","2016",45.254,"NA",1
"PRY","XA:2098","SDG_1041_NOC_RT","2015",47.513,"NA",1
"PRY","XA:2098","SDG_1041_NOC_RT","2014",47.281,"NA",1
"PRY","XA:2098","SDG_1041_NOC_RT","2013",46.474,"NA",1
"PRY","XA:2098","SDG_1041_NOC_RT","2012",47.16,"NA",1
"PRY","XA:2098","SDG_1041_NOC_RT","2011",43.822,"NA",1
"PRY","XA:2098","SDG_1041_NOC_RT","2010",45.151,"NA",1
"PRY","XA:2098","SDG_1041_NOC_RT","2009",47.071,"NA",1
"PRY","XA:2098","SDG_1041_NOC_RT","2008",42.791,"NA",1
"PRY","XA:2098","SDG_1041_NOC_RT","2007",49.291,"NA",1
"PRY","XA:2098","SDG_1041_NOC_RT","2006",49.611,"NA",1
"PRY","XA:2098","SDG_1041_NOC_RT","2005",49.775,"NA",1
"PRY","XA:2098","SDG_1041_NOC_RT","2004",53.029,"NA",1
"PSE","XA:2100","SDG_1041_NOC_RT","2022",42.667,"I",1
"PSE","XA:2100","SDG_1041_NOC_RT","2021",44.311,"I",1
"PSE","XA:2100","SDG_1041_NOC_RT","2020",46.659,"I",1
"PSE","XA:2100","SDG_1041_NOC_RT","2019",44.896,"I",1
"PSE","XA:2100","SDG_1041_NOC_RT","2018",45.443,"I",1
"PSE","XA:2100","SDG_1041_NOC_RT","2017",44.497,"I",1
"PSE","XA:2100","SDG_1041_NOC_RT","2016",42.467,"I",1
"PSE","XA:2100","SDG_1041_NOC_RT","2015",43.61,"I",1
"PSE","XA:2100","SDG_1041_NOC_RT","2014",43.862,"I",1
"PSE","XA:2100","SDG_1041_NOC_RT","2013",43.56,"I",1
"PSE","XA:2100","SDG_1041_NOC_RT","2012",43.502,"I",1
"PSE","XA:2100","SDG_1041_NOC_RT","2011",43.291,"I",1
"PSE","XA:2100","SDG_1041_NOC_RT","2010",43.47,"I",1
"PSE","XA:2100","SDG_1041_NOC_RT","2009",43.319,"I",1
"PSE","XA:2100","SDG_1041_NOC_RT","2008",43.424,"I",1
"PSE","XA:2100","SDG_1041_NOC_RT","2007",43.778,"I",1
"PSE","XA:2100","SDG_1041_NOC_RT","2006",44.064,"I",1
"PSE","XA:2100","SDG_1041_NOC_RT","2005",43.32,"I",1
"PSE","XA:2100","SDG_1041_NOC_RT","2004",42.724,"I",1
"PYF","XA:2102","SDG_1041_NOC_RT","2026",51.372,"I",1
"PYF","XA:2102","SDG_1041_NOC_RT","2025",51.48,"I",1
"PYF","XA:2102","SDG_1041_NOC_RT","2024",51.548,"I",1
"PYF","XA:2102","SDG_1041_NOC_RT","2023",51.344,"I",1
"PYF","XA:2102","SDG_1041_NOC_RT","2022",51.004,"I",1
"PYF","XA:2102","SDG_1041_NOC_RT","2021",51.288,"I",1
"PYF","XA:2102","SDG_1041_NOC_RT","2020",54.052,"I",1
"PYF","XA:2102","SDG_1041_NOC_RT","2019",51.45,"I",1
"PYF","XA:2102","SDG_1041_NOC_RT","2018",51.608,"I",1
"PYF","XA:2102","SDG_1041_NOC_RT","2017",51.132,"I",1
"PYF","XA:2102","SDG_1041_NOC_RT","2016",51.519,"I",1
"PYF","XA:2102","SDG_1041_NOC_RT","2015",51.614,"I",1
"PYF","XA:2102","SDG_1041_NOC_RT","2014",51.85,"I",1
"PYF","XA:2102","SDG_1041_NOC_RT","2013",51.888,"I",1
"PYF","XA:2102","SDG_1041_NOC_RT","2012",52.149,"I",1
"PYF","XA:2102","SDG_1041_NOC_RT","2011",52.55,"I",1
"PYF","XA:2102","SDG_1041_NOC_RT","2010",52.457,"I",1
"PYF","XA:2102","SDG_1041_NOC_RT","2009",52.808,"I",1
"PYF","XA:2102","SDG_1041_NOC_RT","2008",51.986,"I",1
"PYF","XA:2102","SDG_1041_NOC_RT","2007",51.662,"I",1
"PYF","XA:2102","SDG_1041_NOC_RT","2006",51.842,"I",1
"PYF","XA:2102","SDG_1041_NOC_RT","2005",51.975,"I",1
"PYF","XA:2102","SDG_1041_NOC_RT","2004",51.865,"I",1
"QAT","XA:2104","SDG_1041_NOC_RT","2026",27.455,"I",1
"QAT","XA:2104","SDG_1041_NOC_RT","2025",27.757,"I",1
"QAT","XA:2104","SDG_1041_NOC_RT","2024",27.829,"I",1
"QAT","XA:2104","SDG_1041_NOC_RT","2023",27.948,"I",1
"QAT","XA:2104","SDG_1041_NOC_RT","2022",27.573,"I",1
"QAT","XA:2104","SDG_1041_NOC_RT","2021",27.713,"I",1
"QAT","XA:2104","SDG_1041_NOC_RT","2020",29.425,"I",1
"QAT","XA:2104","SDG_1041_NOC_RT","2019",28.09,"I",1
"QAT","XA:2104","SDG_1041_NOC_RT","2018",25.752,"I",1
"QAT","XA:2104","SDG_1041_NOC_RT","2017",28.424,"I",1
"QAT","XA:2104","SDG_1041_NOC_RT","2016",30.012,"I",1
"QAT","XA:2104","SDG_1041_NOC_RT","2015",27.219,"I",1
"QAT","XA:2104","SDG_1041_NOC_RT","2014",18.439,"I",1
"QAT","XA:2104","SDG_1041_NOC_RT","2013",17.581,"I",1
"QAT","XA:2104","SDG_1041_NOC_RT","2012",16.033,"I",1
"QAT","XA:2104","SDG_1041_NOC_RT","2011",14.949,"I",1
"QAT","XA:2104","SDG_1041_NOC_RT","2010",19.242,"I",1
"QAT","XA:2104","SDG_1041_NOC_RT","2009",22.561,"I",1
"QAT","XA:2104","SDG_1041_NOC_RT","2008",15.551,"I",1
"QAT","XA:2104","SDG_1041_NOC_RT","2007",17.877,"I",1
"QAT","XA:2104","SDG_1041_NOC_RT","2006",18.304,"I",1
"QAT","XA:2104","SDG_1041_NOC_RT","2005",17.155,"I",1
"QAT","XA:2104","SDG_1041_NOC_RT","2004",19.922,"I",1
"ROU","XA:2108","SDG_1041_NOC_RT","2026",44.488,"M",1
"ROU","XA:2108","SDG_1041_NOC_RT","2025",44.549,"M",1
"ROU","XA:2108","SDG_1041_NOC_RT","2024",44.592,"NA",1
"ROU","XA:2108","SDG_1041_NOC_RT","2023",41.151,"NA",1
"ROU","XA:2108","SDG_1041_NOC_RT","2022",40.509,"NA",1
"ROU","XA:2108","SDG_1041_NOC_RT","2021",40.8,"NA",1
"ROU","XA:2108","SDG_1041_NOC_RT","2020",44.234,"NA",1
"ROU","XA:2108","SDG_1041_NOC_RT","2019",42.358,"NA",1
"ROU","XA:2108","SDG_1041_NOC_RT","2018",42.103,"NA",1
"ROU","XA:2108","SDG_1041_NOC_RT","2017",42.257,"NA",1
"ROU","XA:2108","SDG_1041_NOC_RT","2016",41.863,"NA",1
"ROU","XA:2108","SDG_1041_NOC_RT","2015",37.805,"NA",1
"ROU","XA:2108","SDG_1041_NOC_RT","2014",38.095,"NA",1
"ROU","XA:2108","SDG_1041_NOC_RT","2013",37.529,"NA",1
"ROU","XA:2108","SDG_1041_NOC_RT","2012",36.515,"NA",1
"ROU","XA:2108","SDG_1041_NOC_RT","2011",36.801,"NA",1
"ROU","XA:2108","SDG_1041_NOC_RT","2010",39.517,"NA",1
"ROU","XA:2108","SDG_1041_NOC_RT","2009",39.305,"NA",1
"ROU","XA:2108","SDG_1041_NOC_RT","2008",41.272,"NA",1
"ROU","XA:2108","SDG_1041_NOC_RT","2007",39.001,"NA",1
"ROU","XA:2108","SDG_1041_NOC_RT","2006",44.377,"NA",1
"ROU","XA:2108","SDG_1041_NOC_RT","2005",45.634,"NA",1
"ROU","XA:2108","SDG_1041_NOC_RT","2004",42.794,"NA",1
"RUS","XA:2110","SDG_1041_NOC_RT","2026",48.258,"I",1
"RUS","XA:2110","SDG_1041_NOC_RT","2025",48.307,"I",1
"RUS","XA:2110","SDG_1041_NOC_RT","2024",47.524,"I",1
"RUS","XA:2110","SDG_1041_NOC_RT","2023",47.574,"I",1
"RUS","XA:2110","SDG_1041_NOC_RT","2022",48.711,"I",1
"RUS","XA:2110","SDG_1041_NOC_RT","2021",48.261,"I",1
"RUS","XA:2110","SDG_1041_NOC_RT","2020",51.146,"I",1
"RUS","XA:2110","SDG_1041_NOC_RT","2019",47.94,"I",1
"RUS","XA:2110","SDG_1041_NOC_RT","2018",48.641,"I",1
"RUS","XA:2110","SDG_1041_NOC_RT","2017",51.871,"I",1
"RUS","XA:2110","SDG_1041_NOC_RT","2016",52.058,"I",1
"RUS","XA:2110","SDG_1041_NOC_RT","2015",50.841,"I",1
"RUS","XA:2110","SDG_1041_NOC_RT","2014",51.177,"I",1
"RUS","XA:2110","SDG_1041_NOC_RT","2013",50.226,"I",1
"RUS","XA:2110","SDG_1041_NOC_RT","2012",47.824,"I",1
"RUS","XA:2110","SDG_1041_NOC_RT","2011",47.487,"I",1
"RUS","XA:2110","SDG_1041_NOC_RT","2010",53.595,"I",1
"RUS","XA:2110","SDG_1041_NOC_RT","2009",56.812,"I",1
"RUS","XA:2110","SDG_1041_NOC_RT","2008",51.148,"I",1
"RUS","XA:2110","SDG_1041_NOC_RT","2007",49.668,"I",1
"RUS","XA:2110","SDG_1041_NOC_RT","2006",48.122,"I",1
"RUS","XA:2110","SDG_1041_NOC_RT","2005",47.351,"I",1
"RUS","XA:2110","SDG_1041_NOC_RT","2004",49.751,"I",1
"RWA","XA:2112","SDG_1041_NOC_RT","2026",39.69,"I",1
"RWA","XA:2112","SDG_1041_NOC_RT","2025",39.766,"I",1
"RWA","XA:2112","SDG_1041_NOC_RT","2024",39.356,"I",1
"RWA","XA:2112","SDG_1041_NOC_RT","2023",39.17,"I",1
"RWA","XA:2112","SDG_1041_NOC_RT","2022",38.727,"I",1
"RWA","XA:2112","SDG_1041_NOC_RT","2021",37.708,"I",1
"RWA","XA:2112","SDG_1041_NOC_RT","2020",39.504,"I",1
"RWA","XA:2112","SDG_1041_NOC_RT","2019",38.397,"I",1
"RWA","XA:2112","SDG_1041_NOC_RT","2018",38.249,"I",1
"RWA","XA:2112","SDG_1041_NOC_RT","2017",38.76,"I",1
"RWA","XA:2112","SDG_1041_NOC_RT","2016",38.068,"I",1
"RWA","XA:2112","SDG_1041_NOC_RT","2015",37.211,"I",1
"RWA","XA:2112","SDG_1041_NOC_RT","2014",37.382,"I",1
"RWA","XA:2112","SDG_1041_NOC_RT","2013",37.433,"I",1
"RWA","XA:2112","SDG_1041_NOC_RT","2012",36.495,"I",1
"RWA","XA:2112","SDG_1041_NOC_RT","2011",36.408,"I",1
"RWA","XA:2112","SDG_1041_NOC_RT","2010",36.312,"I",1
"RWA","XA:2112","SDG_1041_NOC_RT","2009",36.3,"I",1
"RWA","XA:2112","SDG_1041_NOC_RT","2008",35.182,"I",1
"RWA","XA:2112","SDG_1041_NOC_RT","2007",35.833,"I",1
"RWA","XA:2112","SDG_1041_NOC_RT","2006",35.537,"I",1
"RWA","XA:2112","SDG_1041_NOC_RT","2005",35.509,"I",1
"RWA","XA:2112","SDG_1041_NOC_RT","2004",35.865,"I",1
"SAU","XA:2114","SDG_1041_NOC_RT","2026",30.234,"I",1
"SAU","XA:2114","SDG_1041_NOC_RT","2025",30.227,"I",1
"SAU","XA:2114","SDG_1041_NOC_RT","2024",30.778,"I",1
"SAU","XA:2114","SDG_1041_NOC_RT","2023",31.154,"I",1
"SAU","XA:2114","SDG_1041_NOC_RT","2022",28.024,"I",1
"SAU","XA:2114","SDG_1041_NOC_RT","2021",30.948,"I",1
"SAU","XA:2114","SDG_1041_NOC_RT","2020",32.247,"I",1
"SAU","XA:2114","SDG_1041_NOC_RT","2019",30.854,"I",1
"SAU","XA:2114","SDG_1041_NOC_RT","2018",30.287,"I",1
"SAU","XA:2114","SDG_1041_NOC_RT","2017",30.868,"I",1
"SAU","XA:2114","SDG_1041_NOC_RT","2016",30.094,"I",1
"SAU","XA:2114","SDG_1041_NOC_RT","2015",28.694,"I",1
"SAU","XA:2114","SDG_1041_NOC_RT","2014",21.371,"I",1
"SAU","XA:2114","SDG_1041_NOC_RT","2013",20.38,"I",1
"SAU","XA:2114","SDG_1041_NOC_RT","2012",20.317,"I",1
"SAU","XA:2114","SDG_1041_NOC_RT","2011",20.58,"I",1
"SAU","XA:2114","SDG_1041_NOC_RT","2010",24.205,"I",1
"SAU","XA:2114","SDG_1041_NOC_RT","2009",28.741,"I",1
"SAU","XA:2114","SDG_1041_NOC_RT","2008",20.548,"I",1
"SAU","XA:2114","SDG_1041_NOC_RT","2007",24.228,"I",1
"SAU","XA:2114","SDG_1041_NOC_RT","2006",25.427,"I",1
"SAU","XA:2114","SDG_1041_NOC_RT","2005",26.61,"I",1
"SAU","XA:2114","SDG_1041_NOC_RT","2004",30.321,"I",1
"SDN","XA:2116","SDG_1041_NOC_RT","2022",36.307,"I",1
"SDN","XA:2116","SDG_1041_NOC_RT","2021",36.676,"I",1
"SDN","XA:2116","SDG_1041_NOC_RT","2020",38.144,"I",1
"SDN","XA:2116","SDG_1041_NOC_RT","2019",36.998,"I",1
"SDN","XA:2116","SDG_1041_NOC_RT","2018",37.042,"I",1
"SDN","XA:2116","SDG_1041_NOC_RT","2017",36.836,"I",1
"SDN","XA:2116","SDG_1041_NOC_RT","2016",36.667,"I",1
"SDN","XA:2116","SDG_1041_NOC_RT","2015",36.772,"I",1
"SDN","XA:2116","SDG_1041_NOC_RT","2014",36.6,"I",1
"SDN","XA:2116","SDG_1041_NOC_RT","2013",36.779,"I",1
"SDN","XA:2116","SDG_1041_NOC_RT","2012",37.968,"I",1
"SDN","XA:2116","SDG_1041_NOC_RT","2011",37.096,"I",1
"SDN","XA:2116","SDG_1041_NOC_RT","2010",36.646,"I",1
"SDN","XA:2116","SDG_1041_NOC_RT","2009",37.058,"I",1
"SDN","XA:2116","SDG_1041_NOC_RT","2008",36.632,"I",1
"SDN","XA:2116","SDG_1041_NOC_RT","2007",36.514,"I",1
"SDN","XA:2116","SDG_1041_NOC_RT","2006",36.477,"I",1
"SDN","XA:2116","SDG_1041_NOC_RT","2005",36.533,"I",1
"SDN","XA:2116","SDG_1041_NOC_RT","2004",36.565,"I",1
"SEN","XA:2118","SDG_1041_NOC_RT","2026",43.509,"M",1
"SEN","XA:2118","SDG_1041_NOC_RT","2025",42.488,"M",1
"SEN","XA:2118","SDG_1041_NOC_RT","2024",42.279,"M",1
"SEN","XA:2118","SDG_1041_NOC_RT","2023",43.819,"NA",1
"SEN","XA:2118","SDG_1041_NOC_RT","2022",43.735,"NA",1
"SEN","XA:2118","SDG_1041_NOC_RT","2021",45.711,"NA",1
"SEN","XA:2118","SDG_1041_NOC_RT","2020",43.729,"NA",1
"SEN","XA:2118","SDG_1041_NOC_RT","2019",42.898,"NA",1
"SEN","XA:2118","SDG_1041_NOC_RT","2018",43.826,"NA",1
"SEN","XA:2118","SDG_1041_NOC_RT","2017",43.993,"NA",1
"SEN","XA:2118","SDG_1041_NOC_RT","2016",41.725,"NA",1
"SEN","XA:2118","SDG_1041_NOC_RT","2015",39.163,"NA",1
"SEN","XA:2118","SDG_1041_NOC_RT","2014",40.018,"NA",1
"SEN","XA:2118","SDG_1041_NOC_RT","2013",39.91,"NA",1
"SEN","XA:2118","SDG_1041_NOC_RT","2012",39.462,"NA",1
"SEN","XA:2118","SDG_1041_NOC_RT","2011",38.497,"NA",1
"SEN","XA:2118","SDG_1041_NOC_RT","2010",36.592,"NA",1
"SEN","XA:2118","SDG_1041_NOC_RT","2009",38.143,"NA",1
"SEN","XA:2118","SDG_1041_NOC_RT","2008",36.767,"NA",1
"SEN","XA:2118","SDG_1041_NOC_RT","2007",37.176,"NA",1
"SEN","XA:2118","SDG_1041_NOC_RT","2006",35.945,"NA",1
"SEN","XA:2118","SDG_1041_NOC_RT","2005",36.289,"NA",1
"SEN","XA:2118","SDG_1041_NOC_RT","2004",33.665,"NA",1
"SGP","XA:2120","SDG_1041_NOC_RT","2026",43.274,"I",1
"SGP","XA:2120","SDG_1041_NOC_RT","2025",43.218,"I",1
"SGP","XA:2120","SDG_1041_NOC_RT","2024",42.784,"I",1
"SGP","XA:2120","SDG_1041_NOC_RT","2023",43.511,"I",1
"SGP","XA:2120","SDG_1041_NOC_RT","2022",39.889,"I",1
"SGP","XA:2120","SDG_1041_NOC_RT","2021",43.269,"I",1
"SGP","XA:2120","SDG_1041_NOC_RT","2020",49.336,"I",1
"SGP","XA:2120","SDG_1041_NOC_RT","2019",46.235,"I",1
"SGP","XA:2120","SDG_1041_NOC_RT","2018",45.055,"I",1
"SGP","XA:2120","SDG_1041_NOC_RT","2017",46.467,"I",1
"SGP","XA:2120","SDG_1041_NOC_RT","2016",48.479,"I",1
"SGP","XA:2120","SDG_1041_NOC_RT","2015",48.803,"I",1
"SGP","XA:2120","SDG_1041_NOC_RT","2014",48.916,"I",1
"SGP","XA:2120","SDG_1041_NOC_RT","2013",47.591,"I",1
"SGP","XA:2120","SDG_1041_NOC_RT","2012",46.502,"I",1
"SGP","XA:2120","SDG_1041_NOC_RT","2011",45.271,"I",1
"SGP","XA:2120","SDG_1041_NOC_RT","2010",44.898,"I",1
"SGP","XA:2120","SDG_1041_NOC_RT","2009",47.567,"I",1
"SGP","XA:2120","SDG_1041_NOC_RT","2008",47.553,"I",1
"SGP","XA:2120","SDG_1041_NOC_RT","2007",45.246,"I",1
"SGP","XA:2120","SDG_1041_NOC_RT","2006",45.421,"I",1
"SGP","XA:2120","SDG_1041_NOC_RT","2005",45.648,"I",1
"SGP","XA:2120","SDG_1041_NOC_RT","2004",46.222,"I",1
"SLB","XA:2122","SDG_1041_NOC_RT","2026",46.912,"I",1
"SLB","XA:2122","SDG_1041_NOC_RT","2025",46.935,"I",1
"SLB","XA:2122","SDG_1041_NOC_RT","2024",46.985,"I",1
"SLB","XA:2122","SDG_1041_NOC_RT","2023",46.966,"I",1
"SLB","XA:2122","SDG_1041_NOC_RT","2022",47.033,"I",1
"SLB","XA:2122","SDG_1041_NOC_RT","2021",46.788,"I",1
"SLB","XA:2122","SDG_1041_NOC_RT","2020",47.721,"I",1
"SLB","XA:2122","SDG_1041_NOC_RT","2019",47.522,"I",1
"SLB","XA:2122","SDG_1041_NOC_RT","2018",47.337,"I",1
"SLB","XA:2122","SDG_1041_NOC_RT","2017",47.283,"I",1
"SLB","XA:2122","SDG_1041_NOC_RT","2016",46.807,"I",1
"SLB","XA:2122","SDG_1041_NOC_RT","2015",47.572,"I",1
"SLB","XA:2122","SDG_1041_NOC_RT","2014",47.67,"I",1
"SLB","XA:2122","SDG_1041_NOC_RT","2013",46.887,"I",1
"SLB","XA:2122","SDG_1041_NOC_RT","2012",47.435,"I",1
"SLB","XA:2122","SDG_1041_NOC_RT","2011",46.474,"I",1
"SLB","XA:2122","SDG_1041_NOC_RT","2010",46.044,"I",1
"SLB","XA:2122","SDG_1041_NOC_RT","2009",47.39,"I",1
"SLB","XA:2122","SDG_1041_NOC_RT","2008",46.742,"I",1
"SLB","XA:2122","SDG_1041_NOC_RT","2007",47.256,"I",1
"SLB","XA:2122","SDG_1041_NOC_RT","2006",47.166,"I",1
"SLB","XA:2122","SDG_1041_NOC_RT","2005",46.548,"I",1
"SLB","XA:2122","SDG_1041_NOC_RT","2004",46.491,"I",1
"SLE","XA:2124","SDG_1041_NOC_RT","2026",36.782,"M",1
"SLE","XA:2124","SDG_1041_NOC_RT","2025",36.842,"M",1
"SLE","XA:2124","SDG_1041_NOC_RT","2024",36.879,"M",1
"SLE","XA:2124","SDG_1041_NOC_RT","2023",36.753,"M",1
"SLE","XA:2124","SDG_1041_NOC_RT","2022",36.869,"NA",1
"SLE","XA:2124","SDG_1041_NOC_RT","2021",35.402,"NA",1
"SLE","XA:2124","SDG_1041_NOC_RT","2020",36.188,"NA",1
"SLE","XA:2124","SDG_1041_NOC_RT","2019",36.6,"NA",1
"SLE","XA:2124","SDG_1041_NOC_RT","2018",36.923,"NA",1
"SLE","XA:2124","SDG_1041_NOC_RT","2017",36.9,"NA",1
"SLE","XA:2124","SDG_1041_NOC_RT","2016",36.519,"NA",1
"SLE","XA:2124","SDG_1041_NOC_RT","2015",37.817,"NA",1
"SLE","XA:2124","SDG_1041_NOC_RT","2014",38.192,"NA",1
"SLE","XA:2124","SDG_1041_NOC_RT","2013",35.625,"NA",1
"SLE","XA:2124","SDG_1041_NOC_RT","2012",36.277,"NA",1
"SLE","XA:2124","SDG_1041_NOC_RT","2011",36.694,"NA",1
"SLE","XA:2124","SDG_1041_NOC_RT","2010",36.967,"NA",1
"SLE","XA:2124","SDG_1041_NOC_RT","2009",37.62,"NA",1
"SLE","XA:2124","SDG_1041_NOC_RT","2008",37.441,"NA",1
"SLE","XA:2124","SDG_1041_NOC_RT","2007",37.534,"NA",1
"SLE","XA:2124","SDG_1041_NOC_RT","2006",37.587,"NA",1
"SLE","XA:2124","SDG_1041_NOC_RT","2005",37.685,"NA",1
"SLE","XA:2124","SDG_1041_NOC_RT","2004",37.548,"NA",1
"SLV","XA:2126","SDG_1041_NOC_RT","2026",50.748,"M",1
"SLV","XA:2126","SDG_1041_NOC_RT","2025",50.748,"M",1
"SLV","XA:2126","SDG_1041_NOC_RT","2024",50.736,"NA",1
"SLV","XA:2126","SDG_1041_NOC_RT","2023",51.178,"NA",1
"SLV","XA:2126","SDG_1041_NOC_RT","2022",51.598,"NA",1
"SLV","XA:2126","SDG_1041_NOC_RT","2021",51.21,"NA",1
"SLV","XA:2126","SDG_1041_NOC_RT","2020",54.702,"NA",1
"SLV","XA:2126","SDG_1041_NOC_RT","2019",52.852,"NA",1
"SLV","XA:2126","SDG_1041_NOC_RT","2018",52.406,"NA",1
"SLV","XA:2126","SDG_1041_NOC_RT","2017",51.553,"NA",1
"SLV","XA:2126","SDG_1041_NOC_RT","2016",51.555,"NA",1
"SLV","XA:2126","SDG_1041_NOC_RT","2015",52.272,"NA",1
"SLV","XA:2126","SDG_1041_NOC_RT","2014",49.444,"NA",1
"SLV","XA:2126","SDG_1041_NOC_RT","2013",50.827,"NA",1
"SLV","XA:2126","SDG_1041_NOC_RT","2012",50,"NA",1
"SLV","XA:2126","SDG_1041_NOC_RT","2011",50.842,"NA",1
"SLV","XA:2126","SDG_1041_NOC_RT","2010",51.669,"NA",1
"SLV","XA:2126","SDG_1041_NOC_RT","2009",52.816,"M",1
"SLV","XA:2126","SDG_1041_NOC_RT","2008",51.663,"M",1
"SLV","XA:2126","SDG_1041_NOC_RT","2007",51.727,"M",1
"SLV","XA:2126","SDG_1041_NOC_RT","2006",51.033,"M",1
"SLV","XA:2126","SDG_1041_NOC_RT","2005",51.605,"M",1
"SLV","XA:2126","SDG_1041_NOC_RT","2004",51.972,"M",1
"SOM","XA:2128","SDG_1041_NOC_RT","2026",37.507,"I",1
"SOM","XA:2128","SDG_1041_NOC_RT","2025",37.553,"I",1
"SOM","XA:2128","SDG_1041_NOC_RT","2024",37.364,"I",1
"SOM","XA:2128","SDG_1041_NOC_RT","2023",37.346,"I",1
"SOM","XA:2128","SDG_1041_NOC_RT","2022",37.609,"I",1
"SOM","XA:2128","SDG_1041_NOC_RT","2021",36.898,"I",1
"SOM","XA:2128","SDG_1041_NOC_RT","2020",39.097,"I",1
"SOM","XA:2128","SDG_1041_NOC_RT","2019",37.905,"I",1
"SOM","XA:2128","SDG_1041_NOC_RT","2018",38.023,"I",1
"SOM","XA:2128","SDG_1041_NOC_RT","2017",36.111,"I",1
"SOM","XA:2128","SDG_1041_NOC_RT","2016",37.274,"I",1
"SOM","XA:2128","SDG_1041_NOC_RT","2015",36.753,"I",1
"SOM","XA:2128","SDG_1041_NOC_RT","2014",36.973,"I",1
"SOM","XA:2128","SDG_1041_NOC_RT","2013",36.667,"I",1
"SOM","XA:2128","SDG_1041_NOC_RT","2012",37.303,"I",1
"SOM","XA:2128","SDG_1041_NOC_RT","2011",37.294,"I",1
"SOM","XA:2128","SDG_1041_NOC_RT","2010",37.291,"I",1
"SOM","XA:2128","SDG_1041_NOC_RT","2009",37.287,"I",1
"SOM","XA:2128","SDG_1041_NOC_RT","2008",37.284,"I",1
"SOM","XA:2128","SDG_1041_NOC_RT","2007",37.282,"I",1
"SOM","XA:2128","SDG_1041_NOC_RT","2006",37.288,"I",1
"SOM","XA:2128","SDG_1041_NOC_RT","2005",37.19,"I",1
"SOM","XA:2128","SDG_1041_NOC_RT","2004",37.187,"I",1
"SRB","XA:2130","SDG_1041_NOC_RT","2026",53.39,"M",1
"SRB","XA:2130","SDG_1041_NOC_RT","2025",53.642,"M",1
"SRB","XA:2130","SDG_1041_NOC_RT","2024",53.208,"M",1
"SRB","XA:2130","SDG_1041_NOC_RT","2023",53.224,"NA",1
"SRB","XA:2130","SDG_1041_NOC_RT","2022",54.437,"NA",1
"SRB","XA:2130","SDG_1041_NOC_RT","2021",51.189,"NA",1
"SRB","XA:2130","SDG_1041_NOC_RT","2020",54.877,"NA",1
"SRB","XA:2130","SDG_1041_NOC_RT","2019",50.06,"NA",1
"SRB","XA:2130","SDG_1041_NOC_RT","2018",44.98,"NA",1
"SRB","XA:2130","SDG_1041_NOC_RT","2017",45.913,"NA",1
"SRB","XA:2130","SDG_1041_NOC_RT","2016",46.768,"NA",1
"SRB","XA:2130","SDG_1041_NOC_RT","2015",45.93,"NA",1
"SRB","XA:2130","SDG_1041_NOC_RT","2014",45.272,"NA",1
"SRB","XA:2130","SDG_1041_NOC_RT","2013",45.364,"NA",1
"SRB","XA:2130","SDG_1041_NOC_RT","2012",47.517,"NA",1
"SRB","XA:2130","SDG_1041_NOC_RT","2011",45.679,"NA",1
"SRB","XA:2130","SDG_1041_NOC_RT","2010",47.558,"NA",1
"SRB","XA:2130","SDG_1041_NOC_RT","2009",53.078,"NA",1
"SRB","XA:2130","SDG_1041_NOC_RT","2008",54.983,"NA",1
"SRB","XA:2130","SDG_1041_NOC_RT","2007",56.19,"NA",1
"SRB","XA:2130","SDG_1041_NOC_RT","2006",56.318,"NA",1
"SRB","XA:2130","SDG_1041_NOC_RT","2005",57.83,"NA",1
"SRB","XA:2130","SDG_1041_NOC_RT","2004",60.008,"NA",1
"SSD","XA:8371","SDG_1041_NOC_RT","2023",37.567,"I",1
"SSD","XA:8371","SDG_1041_NOC_RT","2022",38.066,"I",1
"SSD","XA:8371","SDG_1041_NOC_RT","2021",36.978,"I",1
"SSD","XA:8371","SDG_1041_NOC_RT","2020",38.3,"I",1
"SSD","XA:8371","SDG_1041_NOC_RT","2019",38.023,"I",1
"SSD","XA:8371","SDG_1041_NOC_RT","2018",38.243,"I",1
"SSD","XA:8371","SDG_1041_NOC_RT","2017",38.49,"I",1
"SSD","XA:8371","SDG_1041_NOC_RT","2016",38.896,"I",1
"SSD","XA:8371","SDG_1041_NOC_RT","2015",38.795,"I",1
"SSD","XA:8371","SDG_1041_NOC_RT","2014",38.161,"I",1
"SSD","XA:8371","SDG_1041_NOC_RT","2013",37.741,"I",1
"SSD","XA:8371","SDG_1041_NOC_RT","2012",39.139,"I",1
"SSD","XA:8371","SDG_1041_NOC_RT","2011",38.392,"I",1
"SSD","XA:8371","SDG_1041_NOC_RT","2010",38.051,"I",1
"SSD","XA:8371","SDG_1041_NOC_RT","2009",38.371,"I",1
"SSD","XA:8371","SDG_1041_NOC_RT","2008",38.055,"I",1
"SSD","XA:8371","SDG_1041_NOC_RT","2007",37.985,"I",1
"SSD","XA:8371","SDG_1041_NOC_RT","2006",37.964,"I",1
"SSD","XA:8371","SDG_1041_NOC_RT","2005",38.015,"I",1
"SSD","XA:8371","SDG_1041_NOC_RT","2004",38.041,"I",1
"STP","XA:2132","SDG_1041_NOC_RT","2026",43.26,"I",1
"STP","XA:2132","SDG_1041_NOC_RT","2025",43.733,"I",1
"STP","XA:2132","SDG_1041_NOC_RT","2024",44.258,"I",1
"STP","XA:2132","SDG_1041_NOC_RT","2023",44.475,"I",1
"STP","XA:2132","SDG_1041_NOC_RT","2022",44.536,"I",1
"STP","XA:2132","SDG_1041_NOC_RT","2021",43.772,"I",1
"STP","XA:2132","SDG_1041_NOC_RT","2020",46.092,"I",1
"STP","XA:2132","SDG_1041_NOC_RT","2019",44.471,"I",1
"STP","XA:2132","SDG_1041_NOC_RT","2018",43.876,"I",1
"STP","XA:2132","SDG_1041_NOC_RT","2017",43.945,"I",1
"STP","XA:2132","SDG_1041_NOC_RT","2016",43.676,"I",1
"STP","XA:2132","SDG_1041_NOC_RT","2015",44.597,"I",1
"STP","XA:2132","SDG_1041_NOC_RT","2014",43.744,"I",1
"STP","XA:2132","SDG_1041_NOC_RT","2013",43.689,"I",1
"STP","XA:2132","SDG_1041_NOC_RT","2012",44.238,"I",1
"STP","XA:2132","SDG_1041_NOC_RT","2011",44.472,"I",1
"STP","XA:2132","SDG_1041_NOC_RT","2010",44.61,"I",1
"STP","XA:2132","SDG_1041_NOC_RT","2009",44.139,"I",1
"STP","XA:2132","SDG_1041_NOC_RT","2008",43.403,"I",1
"STP","XA:2132","SDG_1041_NOC_RT","2007",44.054,"I",1
"STP","XA:2132","SDG_1041_NOC_RT","2006",42.733,"I",1
"STP","XA:2132","SDG_1041_NOC_RT","2005",43.304,"I",1
"STP","XA:2132","SDG_1041_NOC_RT","2004",44.081,"I",1
"SUR","XA:2134","SDG_1041_NOC_RT","2026",49.8,"I",1
"SUR","XA:2134","SDG_1041_NOC_RT","2025",49.918,"I",1
"SUR","XA:2134","SDG_1041_NOC_RT","2024",49.86,"I",1
"SUR","XA:2134","SDG_1041_NOC_RT","2023",49.925,"I",1
"SUR","XA:2134","SDG_1041_NOC_RT","2022",49.939,"I",1
"SUR","XA:2134","SDG_1041_NOC_RT","2021",49.16,"I",1
"SUR","XA:2134","SDG_1041_NOC_RT","2020",51.209,"I",1
"SUR","XA:2134","SDG_1041_NOC_RT","2019",50.192,"I",1
"SUR","XA:2134","SDG_1041_NOC_RT","2018",49.176,"I",1
"SUR","XA:2134","SDG_1041_NOC_RT","2017",48.136,"I",1
"SUR","XA:2134","SDG_1041_NOC_RT","2016",54.867,"I",1
"SUR","XA:2134","SDG_1041_NOC_RT","2015",60.13,"I",1
"SUR","XA:2134","SDG_1041_NOC_RT","2014",55.291,"I",1
"SUR","XA:2134","SDG_1041_NOC_RT","2013",50.75,"I",1
"SUR","XA:2134","SDG_1041_NOC_RT","2012",46.779,"I",1
"SUR","XA:2134","SDG_1041_NOC_RT","2011",42.281,"I",1
"SUR","XA:2134","SDG_1041_NOC_RT","2010",38.41,"I",1
"SUR","XA:2134","SDG_1041_NOC_RT","2009",37.765,"I",1
"SUR","XA:2134","SDG_1041_NOC_RT","2008",35.696,"I",1
"SUR","XA:2134","SDG_1041_NOC_RT","2007",38.579,"I",1
"SUR","XA:2134","SDG_1041_NOC_RT","2006",38.469,"I",1
"SUR","XA:2134","SDG_1041_NOC_RT","2005",38.634,"I",1
"SUR","XA:2134","SDG_1041_NOC_RT","2004",38.058,"I",1
"SVK","XA:2136","SDG_1041_NOC_RT","2026",53.654,"M",1
"SVK","XA:2136","SDG_1041_NOC_RT","2025",53.788,"M",1
"SVK","XA:2136","SDG_1041_NOC_RT","2024",53.494,"NA",1
"SVK","XA:2136","SDG_1041_NOC_RT","2023",53.319,"NA",1
"SVK","XA:2136","SDG_1041_NOC_RT","2022",53.751,"NA",1
"SVK","XA:2136","SDG_1041_NOC_RT","2021",52.55,"NA",1
"SVK","XA:2136","SDG_1041_NOC_RT","2020",53.352,"NA",1
"SVK","XA:2136","SDG_1041_NOC_RT","2019",52.314,"NA",1
"SVK","XA:2136","SDG_1041_NOC_RT","2018",51.361,"NA",1
"SVK","XA:2136","SDG_1041_NOC_RT","2017",51.166,"NA",1
"SVK","XA:2136","SDG_1041_NOC_RT","2016",49.794,"NA",1
"SVK","XA:2136","SDG_1041_NOC_RT","2015",48.181,"NA",1
"SVK","XA:2136","SDG_1041_NOC_RT","2014",47.961,"NA",1
"SVK","XA:2136","SDG_1041_NOC_RT","2013",47.895,"NA",1
"SVK","XA:2136","SDG_1041_NOC_RT","2012",45.311,"NA",1
"SVK","XA:2136","SDG_1041_NOC_RT","2011",46.781,"NA",1
"SVK","XA:2136","SDG_1041_NOC_RT","2010",46.05,"NA",1
"SVK","XA:2136","SDG_1041_NOC_RT","2009",48.128,"NA",1
"SVK","XA:2136","SDG_1041_NOC_RT","2008",46.679,"NA",1
"SVK","XA:2136","SDG_1041_NOC_RT","2007",45.067,"NA",1
"SVK","XA:2136","SDG_1041_NOC_RT","2006",45.67,"NA",1
"SVK","XA:2136","SDG_1041_NOC_RT","2005",46.492,"NA",1
"SVK","XA:2136","SDG_1041_NOC_RT","2004",45.973,"NA",1
"SVN","XA:2138","SDG_1041_NOC_RT","2026",61.729,"M",1
"SVN","XA:2138","SDG_1041_NOC_RT","2025",61.927,"M",1
"SVN","XA:2138","SDG_1041_NOC_RT","2024",60.578,"M",1
"SVN","XA:2138","SDG_1041_NOC_RT","2023",58.919,"NA",1
"SVN","XA:2138","SDG_1041_NOC_RT","2022",59.556,"NA",1
"SVN","XA:2138","SDG_1041_NOC_RT","2021",60.812,"NA",1
"SVN","XA:2138","SDG_1041_NOC_RT","2020",63.304,"NA",1
"SVN","XA:2138","SDG_1041_NOC_RT","2019",59.581,"NA",1
"SVN","XA:2138","SDG_1041_NOC_RT","2018",57.45,"NA",1
"SVN","XA:2138","SDG_1041_NOC_RT","2017",58.029,"NA",1
"SVN","XA:2138","SDG_1041_NOC_RT","2016",59.766,"NA",1
"SVN","XA:2138","SDG_1041_NOC_RT","2015",58.991,"NA",1
"SVN","XA:2138","SDG_1041_NOC_RT","2014",60.637,"NA",1
"SVN","XA:2138","SDG_1041_NOC_RT","2013",59.674,"NA",1
"SVN","XA:2138","SDG_1041_NOC_RT","2012",60.231,"NA",1
"SVN","XA:2138","SDG_1041_NOC_RT","2011",58.39,"NA",1
"SVN","XA:2138","SDG_1041_NOC_RT","2010",61.342,"NA",1
"SVN","XA:2138","SDG_1041_NOC_RT","2009",61.539,"NA",1
"SVN","XA:2138","SDG_1041_NOC_RT","2008",57.776,"NA",1
"SVN","XA:2138","SDG_1041_NOC_RT","2007",57.468,"NA",1
"SVN","XA:2138","SDG_1041_NOC_RT","2006",58.97,"NA",1
"SVN","XA:2138","SDG_1041_NOC_RT","2005",59.595,"NA",1
"SVN","XA:2138","SDG_1041_NOC_RT","2004",59.535,"NA",1
"SWE","XA:2140","SDG_1041_NOC_RT","2026",53.418,"M",1
"SWE","XA:2140","SDG_1041_NOC_RT","2025",53.686,"M",1
"SWE","XA:2140","SDG_1041_NOC_RT","2024",54.33,"NA",1
"SWE","XA:2140","SDG_1041_NOC_RT","2023",54.07,"NA",1
"SWE","XA:2140","SDG_1041_NOC_RT","2022",53.668,"NA",1
"SWE","XA:2140","SDG_1041_NOC_RT","2021",54.573,"NA",1
"SWE","XA:2140","SDG_1041_NOC_RT","2020",56.276,"NA",1
"SWE","XA:2140","SDG_1041_NOC_RT","2019",54.75,"NA",1
"SWE","XA:2140","SDG_1041_NOC_RT","2018",56.089,"NA",1
"SWE","XA:2140","SDG_1041_NOC_RT","2017",55.737,"NA",1
"SWE","XA:2140","SDG_1041_NOC_RT","2016",56.101,"NA",1
"SWE","XA:2140","SDG_1041_NOC_RT","2015",56.579,"NA",1
"SWE","XA:2140","SDG_1041_NOC_RT","2014",58.063,"NA",1
"SWE","XA:2140","SDG_1041_NOC_RT","2013",59.09,"NA",1
"SWE","XA:2140","SDG_1041_NOC_RT","2012",58.568,"NA",1
"SWE","XA:2140","SDG_1041_NOC_RT","2011",54.697,"NA",1
"SWE","XA:2140","SDG_1041_NOC_RT","2010",55.091,"NA",1
"SWE","XA:2140","SDG_1041_NOC_RT","2009",56.012,"NA",1
"SWE","XA:2140","SDG_1041_NOC_RT","2008",57.316,"NA",1
"SWE","XA:2140","SDG_1041_NOC_RT","2007",56.403,"NA",1
"SWE","XA:2140","SDG_1041_NOC_RT","2006",55.986,"NA",1
"SWE","XA:2140","SDG_1041_NOC_RT","2005",56.596,"NA",1
"SWE","XA:2140","SDG_1041_NOC_RT","2004",56.464,"NA",1
"SWZ","XA:2142","SDG_1041_NOC_RT","2026",41.093,"I",1
"SWZ","XA:2142","SDG_1041_NOC_RT","2025",41.159,"I",1
"SWZ","XA:2142","SDG_1041_NOC_RT","2024",41.607,"I",1
"SWZ","XA:2142","SDG_1041_NOC_RT","2023",41.419,"I",1
"SWZ","XA:2142","SDG_1041_NOC_RT","2022",42.224,"I",1
"SWZ","XA:2142","SDG_1041_NOC_RT","2021",42.043,"I",1
"SWZ","XA:2142","SDG_1041_NOC_RT","2020",42.916,"I",1
"SWZ","XA:2142","SDG_1041_NOC_RT","2019",42.499,"I",1
"SWZ","XA:2142","SDG_1041_NOC_RT","2018",44.362,"I",1
"SWZ","XA:2142","SDG_1041_NOC_RT","2017",44.478,"I",1
"SWZ","XA:2142","SDG_1041_NOC_RT","2016",44.093,"I",1
"SWZ","XA:2142","SDG_1041_NOC_RT","2015",44.739,"I",1
"SWZ","XA:2142","SDG_1041_NOC_RT","2014",44.883,"I",1
"SWZ","XA:2142","SDG_1041_NOC_RT","2013",44.274,"I",1
"SWZ","XA:2142","SDG_1041_NOC_RT","2012",43.886,"I",1
"SWZ","XA:2142","SDG_1041_NOC_RT","2011",44.658,"I",1
"SWZ","XA:2142","SDG_1041_NOC_RT","2010",44.263,"I",1
"SWZ","XA:2142","SDG_1041_NOC_RT","2009",44.807,"I",1
"SWZ","XA:2142","SDG_1041_NOC_RT","2008",44.98,"I",1
"SWZ","XA:2142","SDG_1041_NOC_RT","2007",44.072,"I",1
"SWZ","XA:2142","SDG_1041_NOC_RT","2006",43.677,"I",1
"SWZ","XA:2142","SDG_1041_NOC_RT","2005",43.664,"I",1
"SWZ","XA:2142","SDG_1041_NOC_RT","2004",44.243,"I",1
"SYR","XA:2144","SDG_1041_NOC_RT","2026",34.251,"I",1
"SYR","XA:2144","SDG_1041_NOC_RT","2025",34.241,"I",1
"SYR","XA:2144","SDG_1041_NOC_RT","2024",34.214,"I",1
"SYR","XA:2144","SDG_1041_NOC_RT","2023",34.258,"I",1
"SYR","XA:2144","SDG_1041_NOC_RT","2022",34.153,"I",1
"SYR","XA:2144","SDG_1041_NOC_RT","2021",33.908,"I",1
"SYR","XA:2144","SDG_1041_NOC_RT","2020",35.116,"I",1
"SYR","XA:2144","SDG_1041_NOC_RT","2019",33.67,"I",1
"SYR","XA:2144","SDG_1041_NOC_RT","2018",33.685,"I",1
"SYR","XA:2144","SDG_1041_NOC_RT","2017",33.836,"I",1
"SYR","XA:2144","SDG_1041_NOC_RT","2016",34.2,"I",1
"SYR","XA:2144","SDG_1041_NOC_RT","2015",34.082,"I",1
"SYR","XA:2144","SDG_1041_NOC_RT","2014",34.47,"I",1
"SYR","XA:2144","SDG_1041_NOC_RT","2013",35.43,"I",1
"SYR","XA:2144","SDG_1041_NOC_RT","2012",35.421,"I",1
"SYR","XA:2144","SDG_1041_NOC_RT","2011",33.678,"I",1
"SYR","XA:2144","SDG_1041_NOC_RT","2010",33.55,"I",1
"SYR","XA:2144","SDG_1041_NOC_RT","2009",33.558,"I",1
"SYR","XA:2144","SDG_1041_NOC_RT","2008",33.66,"I",1
"SYR","XA:2144","SDG_1041_NOC_RT","2007",33.79,"I",1
"SYR","XA:2144","SDG_1041_NOC_RT","2006",33.787,"I",1
"SYR","XA:2144","SDG_1041_NOC_RT","2005",33.752,"I",1
"SYR","XA:2144","SDG_1041_NOC_RT","2004",33.746,"I",1
"TCD","XA:2146","SDG_1041_NOC_RT","2026",39.089,"I",1
"TCD","XA:2146","SDG_1041_NOC_RT","2025",39.106,"I",1
"TCD","XA:2146","SDG_1041_NOC_RT","2024",39.076,"I",1
"TCD","XA:2146","SDG_1041_NOC_RT","2023",38.902,"I",1
"TCD","XA:2146","SDG_1041_NOC_RT","2022",38.906,"I",1
"TCD","XA:2146","SDG_1041_NOC_RT","2021",38.411,"I",1
"TCD","XA:2146","SDG_1041_NOC_RT","2020",38.52,"I",1
"TCD","XA:2146","SDG_1041_NOC_RT","2019",38.804,"I",1
"TCD","XA:2146","SDG_1041_NOC_RT","2018",38.725,"I",1
"TCD","XA:2146","SDG_1041_NOC_RT","2017",39.565,"I",1
"TCD","XA:2146","SDG_1041_NOC_RT","2016",39.746,"I",1
"TCD","XA:2146","SDG_1041_NOC_RT","2015",38.89,"I",1
"TCD","XA:2146","SDG_1041_NOC_RT","2014",39.062,"I",1
"TCD","XA:2146","SDG_1041_NOC_RT","2013",39.037,"I",1
"TCD","XA:2146","SDG_1041_NOC_RT","2012",38.374,"I",1
"TCD","XA:2146","SDG_1041_NOC_RT","2011",38.908,"I",1
"TCD","XA:2146","SDG_1041_NOC_RT","2010",37.963,"I",1
"TCD","XA:2146","SDG_1041_NOC_RT","2009",43.048,"I",1
"TCD","XA:2146","SDG_1041_NOC_RT","2008",38.182,"I",1
"TCD","XA:2146","SDG_1041_NOC_RT","2007",40.119,"I",1
"TCD","XA:2146","SDG_1041_NOC_RT","2006",38.401,"I",1
"TCD","XA:2146","SDG_1041_NOC_RT","2005",39.327,"I",1
"TCD","XA:2146","SDG_1041_NOC_RT","2004",37.902,"I",1
"TGO","XA:2148","SDG_1041_NOC_RT","2026",42.09,"M",1
"TGO","XA:2148","SDG_1041_NOC_RT","2025",42.149,"M",1
"TGO","XA:2148","SDG_1041_NOC_RT","2024",42.153,"M",1
"TGO","XA:2148","SDG_1041_NOC_RT","2023",42.087,"M",1
"TGO","XA:2148","SDG_1041_NOC_RT","2022",42.046,"M",1
"TGO","XA:2148","SDG_1041_NOC_RT","2021",41.958,"M",1
"TGO","XA:2148","SDG_1041_NOC_RT","2020",41.458,"M",1
"TGO","XA:2148","SDG_1041_NOC_RT","2019",42.229,"NA",1
"TGO","XA:2148","SDG_1041_NOC_RT","2018",41.243,"NA",1
"TGO","XA:2148","SDG_1041_NOC_RT","2017",41.663,"NA",1
"TGO","XA:2148","SDG_1041_NOC_RT","2016",42.797,"NA",1
"TGO","XA:2148","SDG_1041_NOC_RT","2015",42.548,"M",1
"TGO","XA:2148","SDG_1041_NOC_RT","2014",42.529,"M",1
"TGO","XA:2148","SDG_1041_NOC_RT","2013",42.509,"M",1
"TGO","XA:2148","SDG_1041_NOC_RT","2012",42.426,"M",1
"TGO","XA:2148","SDG_1041_NOC_RT","2011",42.543,"M",1
"TGO","XA:2148","SDG_1041_NOC_RT","2010",42.55,"M",1
"TGO","XA:2148","SDG_1041_NOC_RT","2009",42.646,"M",1
"TGO","XA:2148","SDG_1041_NOC_RT","2008",42.957,"M",1
"TGO","XA:2148","SDG_1041_NOC_RT","2007",44.089,"M",1
"TGO","XA:2148","SDG_1041_NOC_RT","2006",43.255,"M",1
"TGO","XA:2148","SDG_1041_NOC_RT","2005",44.852,"M",1
"TGO","XA:2148","SDG_1041_NOC_RT","2004",44.048,"M",1
"THA","XA:2150","SDG_1041_NOC_RT","2026",47.099,"M",1
"THA","XA:2150","SDG_1041_NOC_RT","2025",47.019,"M",1
"THA","XA:2150","SDG_1041_NOC_RT","2024",46.867,"M",1
"THA","XA:2150","SDG_1041_NOC_RT","2023",46.979,"NA",1
"THA","XA:2150","SDG_1041_NOC_RT","2022",46.489,"NA",1
"THA","XA:2150","SDG_1041_NOC_RT","2021",47.616,"NA",1
"THA","XA:2150","SDG_1041_NOC_RT","2020",47.409,"NA",1
"THA","XA:2150","SDG_1041_NOC_RT","2019",45.803,"NA",1
"THA","XA:2150","SDG_1041_NOC_RT","2018",47.676,"NA",1
"THA","XA:2150","SDG_1041_NOC_RT","2017",46.778,"NA",1
"THA","XA:2150","SDG_1041_NOC_RT","2016",47.448,"NA",1
"THA","XA:2150","SDG_1041_NOC_RT","2015",49.17,"NA",1
"THA","XA:2150","SDG_1041_NOC_RT","2014",49.249,"NA",1
"THA","XA:2150","SDG_1041_NOC_RT","2013",47.143,"NA",1
"THA","XA:2150","SDG_1041_NOC_RT","2012",45.856,"NA",1
"THA","XA:2150","SDG_1041_NOC_RT","2011",44.956,"NA",1
"THA","XA:2150","SDG_1041_NOC_RT","2010",43.855,"NA",1
"THA","XA:2150","SDG_1041_NOC_RT","2009",46.407,"NA",1
"THA","XA:2150","SDG_1041_NOC_RT","2008",45.415,"NA",1
"THA","XA:2150","SDG_1041_NOC_RT","2007",48.153,"NA",1
"THA","XA:2150","SDG_1041_NOC_RT","2006",45.64,"NA",1
"THA","XA:2150","SDG_1041_NOC_RT","2005",46.797,"NA",1
"THA","XA:2150","SDG_1041_NOC_RT","2004",46.579,"NA",1
"TJK","XA:2152","SDG_1041_NOC_RT","2026",19.805,"M",1
"TJK","XA:2152","SDG_1041_NOC_RT","2025",18.995,"M",1
"TJK","XA:2152","SDG_1041_NOC_RT","2024",18.49,"M",1
"TJK","XA:2152","SDG_1041_NOC_RT","2023",18.569,"NA",1
"TJK","XA:2152","SDG_1041_NOC_RT","2022",18.153,"NA",1
"TJK","XA:2152","SDG_1041_NOC_RT","2021",18.751,"NA",1
"TJK","XA:2152","SDG_1041_NOC_RT","2020",19.854,"NA",1
"TJK","XA:2152","SDG_1041_NOC_RT","2019",20.581,"NA",1
"TJK","XA:2152","SDG_1041_NOC_RT","2018",21.255,"NA",1
"TJK","XA:2152","SDG_1041_NOC_RT","2017",20.865,"NA",1
"TJK","XA:2152","SDG_1041_NOC_RT","2016",22.174,"NA",1
"TJK","XA:2152","SDG_1041_NOC_RT","2015",22.898,"NA",1
"TJK","XA:2152","SDG_1041_NOC_RT","2014",22.337,"NA",1
"TJK","XA:2152","SDG_1041_NOC_RT","2013",21.234,"NA",1
"TJK","XA:2152","SDG_1041_NOC_RT","2012",19.35,"NA",1
"TJK","XA:2152","SDG_1041_NOC_RT","2011",18.698,"NA",1
"TJK","XA:2152","SDG_1041_NOC_RT","2010",19.172,"NA",1
"TJK","XA:2152","SDG_1041_NOC_RT","2009",18.7,"NA",1
"TJK","XA:2152","SDG_1041_NOC_RT","2008",16.311,"NA",1
"TJK","XA:2152","SDG_1041_NOC_RT","2007",18.337,"NA",1
"TJK","XA:2152","SDG_1041_NOC_RT","2006",18.22,"NA",1
"TJK","XA:2152","SDG_1041_NOC_RT","2005",18.963,"NA",1
"TJK","XA:2152","SDG_1041_NOC_RT","2004",18.24,"NA",1
"TKM","XA:1987","SDG_1041_NOC_RT","2026",46.234,"I",1
"TKM","XA:1987","SDG_1041_NOC_RT","2025",46.234,"I",1
"TKM","XA:1987","SDG_1041_NOC_RT","2024",46.131,"I",1
"TKM","XA:1987","SDG_1041_NOC_RT","2023",45.949,"I",1
"TKM","XA:1987","SDG_1041_NOC_RT","2022",46.082,"I",1
"TKM","XA:1987","SDG_1041_NOC_RT","2021",44.416,"I",1
"TKM","XA:1987","SDG_1041_NOC_RT","2020",45.337,"I",1
"TKM","XA:1987","SDG_1041_NOC_RT","2019",45.171,"I",1
"TKM","XA:1987","SDG_1041_NOC_RT","2018",45.17,"I",1
"TKM","XA:1987","SDG_1041_NOC_RT","2017",45.115,"I",1
"TKM","XA:1987","SDG_1041_NOC_RT","2016",45.134,"I",1
"TKM","XA:1987","SDG_1041_NOC_RT","2015",45.075,"I",1
"TKM","XA:1987","SDG_1041_NOC_RT","2014",44.572,"I",1
"TKM","XA:1987","SDG_1041_NOC_RT","2013",44.561,"I",1
"TKM","XA:1987","SDG_1041_NOC_RT","2012",44.422,"I",1
"TKM","XA:1987","SDG_1041_NOC_RT","2011",43.939,"I",1
"TKM","XA:1987","SDG_1041_NOC_RT","2010",44.609,"I",1
"TKM","XA:1987","SDG_1041_NOC_RT","2009",44.974,"I",1
"TKM","XA:1987","SDG_1041_NOC_RT","2008",43.858,"I",1
"TKM","XA:1987","SDG_1041_NOC_RT","2007",44.293,"I",1
"TKM","XA:1987","SDG_1041_NOC_RT","2006",44.281,"I",1
"TKM","XA:1987","SDG_1041_NOC_RT","2005",43.998,"I",1
"TKM","XA:1987","SDG_1041_NOC_RT","2004",44.996,"I",1
"TLS","XA:2156","SDG_1041_NOC_RT","2026",31.131,"M",1
"TLS","XA:2156","SDG_1041_NOC_RT","2025",31.095,"M",1
"TLS","XA:2156","SDG_1041_NOC_RT","2024",31.09,"M",1
"TLS","XA:2156","SDG_1041_NOC_RT","2023",31.261,"NA",1
"TLS","XA:2156","SDG_1041_NOC_RT","2022",31.078,"NA",1
"TLS","XA:2156","SDG_1041_NOC_RT","2021",25.89,"NA",1
"TLS","XA:2156","SDG_1041_NOC_RT","2020",38.387,"NA",1
"TLS","XA:2156","SDG_1041_NOC_RT","2019",38.783,"NA",1
"TLS","XA:2156","SDG_1041_NOC_RT","2018",52.511,"NA",1
"TLS","XA:2156","SDG_1041_NOC_RT","2017",52.917,"NA",1
"TLS","XA:2156","SDG_1041_NOC_RT","2016",47.011,"NA",1
"TLS","XA:2156","SDG_1041_NOC_RT","2015",47.404,"NA",1
"TLS","XA:2156","SDG_1041_NOC_RT","2014",52.102,"NA",1
"TLS","XA:2156","SDG_1041_NOC_RT","2013",47.074,"NA",1
"TLS","XA:2156","SDG_1041_NOC_RT","2012",52.864,"NA",1
"TLS","XA:2156","SDG_1041_NOC_RT","2011",57.547,"NA",1
"TLS","XA:2156","SDG_1041_NOC_RT","2010",52.337,"NA",1
"TLS","XA:2156","SDG_1041_NOC_RT","2009",56.931,"NA",1
"TLS","XA:2156","SDG_1041_NOC_RT","2008",44.956,"NA",1
"TLS","XA:2156","SDG_1041_NOC_RT","2007",40.866,"NA",1
"TLS","XA:2156","SDG_1041_NOC_RT","2006",39.746,"NA",1
"TLS","XA:2156","SDG_1041_NOC_RT","2005",37.73,"NA",1
"TLS","XA:2156","SDG_1041_NOC_RT","2004",37.498,"NA",1
"TON","XA:2158","SDG_1041_NOC_RT","2026",43.758,"I",1
"TON","XA:2158","SDG_1041_NOC_RT","2025",43.681,"I",1
"TON","XA:2158","SDG_1041_NOC_RT","2024",43.827,"I",1
"TON","XA:2158","SDG_1041_NOC_RT","2023",43.821,"I",1
"TON","XA:2158","SDG_1041_NOC_RT","2022",44.846,"I",1
"TON","XA:2158","SDG_1041_NOC_RT","2021",42.849,"I",1
"TON","XA:2158","SDG_1041_NOC_RT","2020",45.378,"I",1
"TON","XA:2158","SDG_1041_NOC_RT","2019",44.042,"I",1
"TON","XA:2158","SDG_1041_NOC_RT","2018",43.983,"I",1
"TON","XA:2158","SDG_1041_NOC_RT","2017",43.514,"I",1
"TON","XA:2158","SDG_1041_NOC_RT","2016",42.878,"I",1
"TON","XA:2158","SDG_1041_NOC_RT","2015",43.923,"I",1
"TON","XA:2158","SDG_1041_NOC_RT","2014",43.757,"I",1
"TON","XA:2158","SDG_1041_NOC_RT","2013",44.056,"I",1
"TON","XA:2158","SDG_1041_NOC_RT","2012",43.954,"I",1
"TON","XA:2158","SDG_1041_NOC_RT","2011",42.858,"I",1
"TON","XA:2158","SDG_1041_NOC_RT","2010",43.973,"I",1
"TON","XA:2158","SDG_1041_NOC_RT","2009",45.099,"I",1
"TON","XA:2158","SDG_1041_NOC_RT","2008",43.204,"I",1
"TON","XA:2158","SDG_1041_NOC_RT","2007",44.593,"I",1
"TON","XA:2158","SDG_1041_NOC_RT","2006",44.537,"I",1
"TON","XA:2158","SDG_1041_NOC_RT","2005",44.248,"I",1
"TON","XA:2158","SDG_1041_NOC_RT","2004",44.497,"I",1
"TTO","XA:2160","SDG_1041_NOC_RT","2026",45.182,"M",1
"TTO","XA:2160","SDG_1041_NOC_RT","2025",45.202,"M",1
"TTO","XA:2160","SDG_1041_NOC_RT","2024",44.946,"M",1
"TTO","XA:2160","SDG_1041_NOC_RT","2023",45.122,"M",1
"TTO","XA:2160","SDG_1041_NOC_RT","2022",45.231,"M",1
"TTO","XA:2160","SDG_1041_NOC_RT","2021",43.907,"M",1
"TTO","XA:2160","SDG_1041_NOC_RT","2020",46.505,"M",1
"TTO","XA:2160","SDG_1041_NOC_RT","2019",45.059,"M",1
"TTO","XA:2160","SDG_1041_NOC_RT","2018",45.296,"M",1
"TTO","XA:2160","SDG_1041_NOC_RT","2017",45.944,"M",1
"TTO","XA:2160","SDG_1041_NOC_RT","2016",46.375,"M",1
"TTO","XA:2160","SDG_1041_NOC_RT","2015",44.678,"M",1
"TTO","XA:2160","SDG_1041_NOC_RT","2014",44.588,"M",1
"TTO","XA:2160","SDG_1041_NOC_RT","2013",44.422,"M",1
"TTO","XA:2160","SDG_1041_NOC_RT","2012",43.739,"M",1
"TTO","XA:2160","SDG_1041_NOC_RT","2011",44.954,"M",1
"TTO","XA:2160","SDG_1041_NOC_RT","2010",43.04,"M",1
"TTO","XA:2160","SDG_1041_NOC_RT","2009",44.38,"NA",1
"TTO","XA:2160","SDG_1041_NOC_RT","2008",43.024,"NA",1
"TTO","XA:2160","SDG_1041_NOC_RT","2007",42.786,"NA",1
"TTO","XA:2160","SDG_1041_NOC_RT","2006",41.321,"NA",1
"TTO","XA:2160","SDG_1041_NOC_RT","2005",42.536,"NA",1
"TTO","XA:2160","SDG_1041_NOC_RT","2004",42.259,"NA",1
"TUN","XA:2162","SDG_1041_NOC_RT","2026",49.234,"M",1
"TUN","XA:2162","SDG_1041_NOC_RT","2025",49.161,"M",1
"TUN","XA:2162","SDG_1041_NOC_RT","2024",49.408,"M",1
"TUN","XA:2162","SDG_1041_NOC_RT","2023",49.835,"NA",1
"TUN","XA:2162","SDG_1041_NOC_RT","2022",50.194,"NA",1
"TUN","XA:2162","SDG_1041_NOC_RT","2021",49.567,"NA",1
"TUN","XA:2162","SDG_1041_NOC_RT","2020",50.67,"NA",1
"TUN","XA:2162","SDG_1041_NOC_RT","2019",45.676,"NA",1
"TUN","XA:2162","SDG_1041_NOC_RT","2018",46.513,"NA",1
"TUN","XA:2162","SDG_1041_NOC_RT","2017",47.595,"NA",1
"TUN","XA:2162","SDG_1041_NOC_RT","2016",46.798,"NA",1
"TUN","XA:2162","SDG_1041_NOC_RT","2015",46.528,"NA",1
"TUN","XA:2162","SDG_1041_NOC_RT","2014",46.169,"NA",1
"TUN","XA:2162","SDG_1041_NOC_RT","2013",46.068,"NA",1
"TUN","XA:2162","SDG_1041_NOC_RT","2012",45.666,"NA",1
"TUN","XA:2162","SDG_1041_NOC_RT","2011",45.116,"NA",1
"TUN","XA:2162","SDG_1041_NOC_RT","2010",43.422,"NA",1
"TUN","XA:2162","SDG_1041_NOC_RT","2009",42.991,"NA",1
"TUN","XA:2162","SDG_1041_NOC_RT","2008",42.442,"NA",1
"TUN","XA:2162","SDG_1041_NOC_RT","2007",42.179,"NA",1
"TUN","XA:2162","SDG_1041_NOC_RT","2006",41.785,"NA",1
"TUN","XA:2162","SDG_1041_NOC_RT","2005",41.957,"NA",1
"TUN","XA:2162","SDG_1041_NOC_RT","2004",42.218,"NA",1
"TUR","XA:2164","SDG_1041_NOC_RT","2026",41.096,"M",1
"TUR","XA:2164","SDG_1041_NOC_RT","2025",41.126,"M",1
"TUR","XA:2164","SDG_1041_NOC_RT","2024",41.188,"M",1
"TUR","XA:2164","SDG_1041_NOC_RT","2023",35.106,"NA",1
"TUR","XA:2164","SDG_1041_NOC_RT","2022",28.615,"NA",1
"TUR","XA:2164","SDG_1041_NOC_RT","2021",32.147,"NA",1
"TUR","XA:2164","SDG_1041_NOC_RT","2020",35.582,"NA",1
"TUR","XA:2164","SDG_1041_NOC_RT","2019",39.237,"NA",1
"TUR","XA:2164","SDG_1041_NOC_RT","2018",37.942,"NA",1
"TUR","XA:2164","SDG_1041_NOC_RT","2017",38.108,"NA",1
"TUR","XA:2164","SDG_1041_NOC_RT","2016",40.214,"NA",1
"TUR","XA:2164","SDG_1041_NOC_RT","2015",36.547,"NA",1
"TUR","XA:2164","SDG_1041_NOC_RT","2014",36.242,"NA",1
"TUR","XA:2164","SDG_1041_NOC_RT","2013",34.387,"NA",1
"TUR","XA:2164","SDG_1041_NOC_RT","2012",34.862,"NA",1
"TUR","XA:2164","SDG_1041_NOC_RT","2011",33.962,"NA",1
"TUR","XA:2164","SDG_1041_NOC_RT","2010",34.557,"NA",1
"TUR","XA:2164","SDG_1041_NOC_RT","2009",34.457,"NA",1
"TUR","XA:2164","SDG_1041_NOC_RT","2008",32.996,"NA",1
"TUR","XA:2164","SDG_1041_NOC_RT","2007",32.979,"NA",1
"TUR","XA:2164","SDG_1041_NOC_RT","2006",32.279,"NA",1
"TUR","XA:2164","SDG_1041_NOC_RT","2005",32.694,"NA",1
"TUR","XA:2164","SDG_1041_NOC_RT","2004",33,"NA",1
"TWN","XA:8368","SDG_1041_NOC_RT","2026",52.55,"I",1
"TWN","XA:8368","SDG_1041_NOC_RT","2025",52.201,"I",1
"TWN","XA:8368","SDG_1041_NOC_RT","2024",51.902,"I",1
"TWN","XA:8368","SDG_1041_NOC_RT","2023",52.805,"I",1
"TWN","XA:8368","SDG_1041_NOC_RT","2022",52.406,"I",1
"TWN","XA:8368","SDG_1041_NOC_RT","2021",51.078,"I",1
"TWN","XA:8368","SDG_1041_NOC_RT","2020",52.363,"I",1
"TWN","XA:8368","SDG_1041_NOC_RT","2019",52.245,"I",1
"TWN","XA:8368","SDG_1041_NOC_RT","2018",52.262,"I",1
"TWN","XA:8368","SDG_1041_NOC_RT","2017",52.087,"I",1
"TWN","XA:8368","SDG_1041_NOC_RT","2016",52.391,"I",1
"TWN","XA:8368","SDG_1041_NOC_RT","2015",52.525,"I",1
"TWN","XA:8368","SDG_1041_NOC_RT","2014",51.825,"I",1
"TWN","XA:8368","SDG_1041_NOC_RT","2013",52.289,"I",1
"TWN","XA:8368","SDG_1041_NOC_RT","2012",52.335,"I",1
"TWN","XA:8368","SDG_1041_NOC_RT","2011",52.019,"I",1
"TWN","XA:8368","SDG_1041_NOC_RT","2010",50.618,"I",1
"TWN","XA:8368","SDG_1041_NOC_RT","2009",53.126,"I",1
"TWN","XA:8368","SDG_1041_NOC_RT","2008",52.611,"I",1
"TWN","XA:8368","SDG_1041_NOC_RT","2007",51.324,"I",1
"TWN","XA:8368","SDG_1041_NOC_RT","2006",51.544,"I",1
"TWN","XA:8368","SDG_1041_NOC_RT","2005",51.622,"I",1
"TWN","XA:8368","SDG_1041_NOC_RT","2004",51.286,"I",1
"TZA","XA:2166","SDG_1041_NOC_RT","2026",53.929,"M",1
"TZA","XA:2166","SDG_1041_NOC_RT","2025",54.186,"M",1
"TZA","XA:2166","SDG_1041_NOC_RT","2024",54.873,"NA",1
"TZA","XA:2166","SDG_1041_NOC_RT","2023",55.769,"NA",1
"TZA","XA:2166","SDG_1041_NOC_RT","2022",57.032,"NA",1
"TZA","XA:2166","SDG_1041_NOC_RT","2021",58.583,"NA",1
"TZA","XA:2166","SDG_1041_NOC_RT","2020",56.295,"NA",1
"TZA","XA:2166","SDG_1041_NOC_RT","2019",53.986,"NA",1
"TZA","XA:2166","SDG_1041_NOC_RT","2018",53.79,"NA",1
"TZA","XA:2166","SDG_1041_NOC_RT","2017",51.074,"NA",1
"TZA","XA:2166","SDG_1041_NOC_RT","2016",48.374,"NA",1
"TZA","XA:2166","SDG_1041_NOC_RT","2015",46.307,"NA",1
"TZA","XA:2166","SDG_1041_NOC_RT","2014",41.589,"NA",1
"TZA","XA:2166","SDG_1041_NOC_RT","2013",37.151,"NA",1
"TZA","XA:2166","SDG_1041_NOC_RT","2012",33.596,"NA",1
"TZA","XA:2166","SDG_1041_NOC_RT","2011",31.341,"NA",1
"TZA","XA:2166","SDG_1041_NOC_RT","2010",28.317,"NA",1
"TZA","XA:2166","SDG_1041_NOC_RT","2009",28.907,"NA",1
"TZA","XA:2166","SDG_1041_NOC_RT","2008",30.174,"NA",1
"TZA","XA:2166","SDG_1041_NOC_RT","2007",33.031,"NA",1
"TZA","XA:2166","SDG_1041_NOC_RT","2006",37.688,"NA",1
"TZA","XA:2166","SDG_1041_NOC_RT","2005",36.549,"NA",1
"TZA","XA:2166","SDG_1041_NOC_RT","2004",41.246,"NA",1
"UGA","XA:2168","SDG_1041_NOC_RT","2026",37.293,"I",1
"UGA","XA:2168","SDG_1041_NOC_RT","2025",37.571,"I",1
"UGA","XA:2168","SDG_1041_NOC_RT","2024",37.609,"I",1
"UGA","XA:2168","SDG_1041_NOC_RT","2023",37.987,"I",1
"UGA","XA:2168","SDG_1041_NOC_RT","2022",37.667,"I",1
"UGA","XA:2168","SDG_1041_NOC_RT","2021",38.747,"I",1
"UGA","XA:2168","SDG_1041_NOC_RT","2020",38.576,"I",1
"UGA","XA:2168","SDG_1041_NOC_RT","2019",38.985,"I",1
"UGA","XA:2168","SDG_1041_NOC_RT","2018",38.453,"I",1
"UGA","XA:2168","SDG_1041_NOC_RT","2017",38.603,"I",1
"UGA","XA:2168","SDG_1041_NOC_RT","2016",38.122,"I",1
"UGA","XA:2168","SDG_1041_NOC_RT","2015",37.923,"I",1
"UGA","XA:2168","SDG_1041_NOC_RT","2014",37.845,"I",1
"UGA","XA:2168","SDG_1041_NOC_RT","2013",38.069,"I",1
"UGA","XA:2168","SDG_1041_NOC_RT","2012",37.939,"I",1
"UGA","XA:2168","SDG_1041_NOC_RT","2011",36.706,"I",1
"UGA","XA:2168","SDG_1041_NOC_RT","2010",37.565,"I",1
"UGA","XA:2168","SDG_1041_NOC_RT","2009",37.323,"I",1
"UGA","XA:2168","SDG_1041_NOC_RT","2008",36.909,"I",1
"UGA","XA:2168","SDG_1041_NOC_RT","2007",36.996,"I",1
"UGA","XA:2168","SDG_1041_NOC_RT","2006",36.484,"I",1
"UGA","XA:2168","SDG_1041_NOC_RT","2005",37.498,"I",1
"UGA","XA:2168","SDG_1041_NOC_RT","2004",37.405,"I",1
"UKR","XA:2170","SDG_1041_NOC_RT","2021",50.208,"I",1
"UKR","XA:2170","SDG_1041_NOC_RT","2020",53.587,"I",1
"UKR","XA:2170","SDG_1041_NOC_RT","2019",53.599,"I",1
"UKR","XA:2170","SDG_1041_NOC_RT","2018",50.562,"I",1
"UKR","XA:2170","SDG_1041_NOC_RT","2017",48.024,"I",1
"UKR","XA:2170","SDG_1041_NOC_RT","2016",44.778,"I",1
"UKR","XA:2170","SDG_1041_NOC_RT","2015",47.768,"I",1
"UKR","XA:2170","SDG_1041_NOC_RT","2014",56.584,"I",1
"UKR","XA:2170","SDG_1041_NOC_RT","2013",61.258,"I",1
"UKR","XA:2170","SDG_1041_NOC_RT","2012",61.738,"I",1
"UKR","XA:2170","SDG_1041_NOC_RT","2011",59.796,"I",1
"UKR","XA:2170","SDG_1041_NOC_RT","2010",61.121,"I",1
"UKR","XA:2170","SDG_1041_NOC_RT","2009",60.478,"I",1
"UKR","XA:2170","SDG_1041_NOC_RT","2008",60.782,"I",1
"UKR","XA:2170","SDG_1041_NOC_RT","2007",59.898,"I",1
"UKR","XA:2170","SDG_1041_NOC_RT","2006",60.607,"I",1
"UKR","XA:2170","SDG_1041_NOC_RT","2005",60.27,"I",1
"UKR","XA:2170","SDG_1041_NOC_RT","2004",56.065,"I",1
"URY","XA:2172","SDG_1041_NOC_RT","2026",56.283,"M",1
"URY","XA:2172","SDG_1041_NOC_RT","2025",56.263,"M",1
"URY","XA:2172","SDG_1041_NOC_RT","2024",56.075,"M",1
"URY","XA:2172","SDG_1041_NOC_RT","2023",56.583,"M",1
"URY","XA:2172","SDG_1041_NOC_RT","2022",55.126,"M",1
"URY","XA:2172","SDG_1041_NOC_RT","2021",54.294,"M",1
"URY","XA:2172","SDG_1041_NOC_RT","2020",57.628,"M",1
"URY","XA:2172","SDG_1041_NOC_RT","2019",55.638,"M",1
"URY","XA:2172","SDG_1041_NOC_RT","2018",56.592,"M",1
"URY","XA:2172","SDG_1041_NOC_RT","2017",55.738,"NA",1
"URY","XA:2172","SDG_1041_NOC_RT","2016",55.02,"NA",1
"URY","XA:2172","SDG_1041_NOC_RT","2015",54.631,"M",1
"URY","XA:2172","SDG_1041_NOC_RT","2014",53.234,"M",1
"URY","XA:2172","SDG_1041_NOC_RT","2013",51.769,"M",1
"URY","XA:2172","SDG_1041_NOC_RT","2012",51.236,"M",1
"URY","XA:2172","SDG_1041_NOC_RT","2011",51.143,"M",1
"URY","XA:2172","SDG_1041_NOC_RT","2010",50.305,"M",1
"URY","XA:2172","SDG_1041_NOC_RT","2009",50.125,"M",1
"URY","XA:2172","SDG_1041_NOC_RT","2008",47.727,"M",1
"URY","XA:2172","SDG_1041_NOC_RT","2007",48.584,"M",1
"URY","XA:2172","SDG_1041_NOC_RT","2006",46.742,"M",1
"URY","XA:2172","SDG_1041_NOC_RT","2005",46.391,"NA",1
"URY","XA:2172","SDG_1041_NOC_RT","2004",46.012,"NA",1
"USA","XA:2174","SDG_1041_NOC_RT","2026",55.783,"I",1
"USA","XA:2174","SDG_1041_NOC_RT","2025",55.807,"I",1
"USA","XA:2174","SDG_1041_NOC_RT","2024",55.452,"I",1
"USA","XA:2174","SDG_1041_NOC_RT","2023",55.385,"I",1
"USA","XA:2174","SDG_1041_NOC_RT","2022",56.163,"I",1
"USA","XA:2174","SDG_1041_NOC_RT","2021",57.926,"I",1
"USA","XA:2174","SDG_1041_NOC_RT","2020",59.091,"I",1
"USA","XA:2174","SDG_1041_NOC_RT","2019",58.2,"I",1
"USA","XA:2174","SDG_1041_NOC_RT","2018",58.397,"I",1
"USA","XA:2174","SDG_1041_NOC_RT","2017",58.398,"I",1
"USA","XA:2174","SDG_1041_NOC_RT","2016",58.399,"I",1
"USA","XA:2174","SDG_1041_NOC_RT","2015",58.582,"I",1
"USA","XA:2174","SDG_1041_NOC_RT","2014",58.089,"I",1
"USA","XA:2174","SDG_1041_NOC_RT","2013",57.917,"I",1
"USA","XA:2174","SDG_1041_NOC_RT","2012",58.537,"I",1
"USA","XA:2174","SDG_1041_NOC_RT","2011",58.675,"I",1
"USA","XA:2174","SDG_1041_NOC_RT","2010",58.758,"I",1
"USA","XA:2174","SDG_1041_NOC_RT","2009",59.791,"I",1
"USA","XA:2174","SDG_1041_NOC_RT","2008",60.854,"I",1
"USA","XA:2174","SDG_1041_NOC_RT","2007",60.906,"I",1
"USA","XA:2174","SDG_1041_NOC_RT","2006",60.895,"I",1
"USA","XA:2174","SDG_1041_NOC_RT","2005",61.055,"I",1
"USA","XA:2174","SDG_1041_NOC_RT","2004",62.01,"I",1
"UZB","XA:2176","SDG_1041_NOC_RT","2026",44.654,"I",1
"UZB","XA:2176","SDG_1041_NOC_RT","2025",44.384,"I",1
"UZB","XA:2176","SDG_1041_NOC_RT","2024",44.506,"I",1
"UZB","XA:2176","SDG_1041_NOC_RT","2023",44.62,"I",1
"UZB","XA:2176","SDG_1041_NOC_RT","2022",43.089,"I",1
"UZB","XA:2176","SDG_1041_NOC_RT","2021",41.864,"I",1
"UZB","XA:2176","SDG_1041_NOC_RT","2020",41.121,"I",1
"UZB","XA:2176","SDG_1041_NOC_RT","2019",40.639,"I",1
"UZB","XA:2176","SDG_1041_NOC_RT","2018",37.02,"I",1
"UZB","XA:2176","SDG_1041_NOC_RT","2017",36.714,"I",1
"UZB","XA:2176","SDG_1041_NOC_RT","2016",46.44,"I",1
"UZB","XA:2176","SDG_1041_NOC_RT","2015",46.331,"I",1
"UZB","XA:2176","SDG_1041_NOC_RT","2014",47.287,"I",1
"UZB","XA:2176","SDG_1041_NOC_RT","2013",50.068,"I",1
"UZB","XA:2176","SDG_1041_NOC_RT","2012",49.194,"I",1
"UZB","XA:2176","SDG_1041_NOC_RT","2011",45.579,"I",1
"UZB","XA:2176","SDG_1041_NOC_RT","2010",45.523,"I",1
"UZB","XA:2176","SDG_1041_NOC_RT","2009",45.283,"I",1
"UZB","XA:2176","SDG_1041_NOC_RT","2008",44.761,"I",1
"UZB","XA:2176","SDG_1041_NOC_RT","2007",44.527,"I",1
"UZB","XA:2176","SDG_1041_NOC_RT","2006",45.624,"I",1
"UZB","XA:2176","SDG_1041_NOC_RT","2005",45.902,"I",1
"UZB","XA:2176","SDG_1041_NOC_RT","2004",45.642,"I",1
"VCT","XA:2178","SDG_1041_NOC_RT","2026",47.125,"I",1
"VCT","XA:2178","SDG_1041_NOC_RT","2025",46.793,"I",1
"VCT","XA:2178","SDG_1041_NOC_RT","2024",46.613,"I",1
"VCT","XA:2178","SDG_1041_NOC_RT","2023",46.524,"I",1
"VCT","XA:2178","SDG_1041_NOC_RT","2022",46.608,"I",1
"VCT","XA:2178","SDG_1041_NOC_RT","2021",45.409,"I",1
"VCT","XA:2178","SDG_1041_NOC_RT","2020",49.506,"I",1
"VCT","XA:2178","SDG_1041_NOC_RT","2019",47.311,"I",1
"VCT","XA:2178","SDG_1041_NOC_RT","2018",46.835,"I",1
"VCT","XA:2178","SDG_1041_NOC_RT","2017",47.142,"I",1
"VCT","XA:2178","SDG_1041_NOC_RT","2016",46.635,"I",1
"VCT","XA:2178","SDG_1041_NOC_RT","2015",46.876,"I",1
"VCT","XA:2178","SDG_1041_NOC_RT","2014",47.147,"I",1
"VCT","XA:2178","SDG_1041_NOC_RT","2013",46.913,"I",1
"VCT","XA:2178","SDG_1041_NOC_RT","2012",47.142,"I",1
"VCT","XA:2178","SDG_1041_NOC_RT","2011",47.459,"I",1
"VCT","XA:2178","SDG_1041_NOC_RT","2010",48.16,"I",1
"VCT","XA:2178","SDG_1041_NOC_RT","2009",47.579,"I",1
"VCT","XA:2178","SDG_1041_NOC_RT","2008",47.239,"I",1
"VCT","XA:2178","SDG_1041_NOC_RT","2007",46.689,"I",1
"VCT","XA:2178","SDG_1041_NOC_RT","2006",46.003,"I",1
"VCT","XA:2178","SDG_1041_NOC_RT","2005",46.82,"I",1
"VCT","XA:2178","SDG_1041_NOC_RT","2004",46.505,"I",1
"VEN","XA:2180","SDG_1041_NOC_RT","2026",9.695,"M",1
"VEN","XA:2180","SDG_1041_NOC_RT","2025",9.691,"M",1
"VEN","XA:2180","SDG_1041_NOC_RT","2024",9.611,"M",1
"VEN","XA:2180","SDG_1041_NOC_RT","2023",9.63,"M",1
"VEN","XA:2180","SDG_1041_NOC_RT","2022",9.558,"M",1
"VEN","XA:2180","SDG_1041_NOC_RT","2021",10.112,"M",1
"VEN","XA:2180","SDG_1041_NOC_RT","2020",10.42,"M",1
"VEN","XA:2180","SDG_1041_NOC_RT","2019",10.128,"NA",1
"VEN","XA:2180","SDG_1041_NOC_RT","2018",17.767,"NA",1
"VEN","XA:2180","SDG_1041_NOC_RT","2017",25.388,"NA",1
"VEN","XA:2180","SDG_1041_NOC_RT","2016",30.538,"NA",1
"VEN","XA:2180","SDG_1041_NOC_RT","2015",31.262,"NA",1
"VEN","XA:2180","SDG_1041_NOC_RT","2014",48.196,"NA",1
"VEN","XA:2180","SDG_1041_NOC_RT","2013",42.384,"NA",1
"VEN","XA:2180","SDG_1041_NOC_RT","2012",42.591,"NA",1
"VEN","XA:2180","SDG_1041_NOC_RT","2011",39.699,"NA",1
"VEN","XA:2180","SDG_1041_NOC_RT","2010",39.802,"NA",1
"VEN","XA:2180","SDG_1041_NOC_RT","2009",45.991,"NA",1
"VEN","XA:2180","SDG_1041_NOC_RT","2008",39.465,"NA",1
"VEN","XA:2180","SDG_1041_NOC_RT","2007",41.86,"NA",1
"VEN","XA:2180","SDG_1041_NOC_RT","2006",40.335,"NA",1
"VEN","XA:2180","SDG_1041_NOC_RT","2005",38.047,"NA",1
"VEN","XA:2180","SDG_1041_NOC_RT","2004",38.984,"NA",1
"VIR","XA:2182","SDG_1041_NOC_RT","2026",55.954,"I",1
"VIR","XA:2182","SDG_1041_NOC_RT","2025",55.981,"I",1
"VIR","XA:2182","SDG_1041_NOC_RT","2024",55.978,"I",1
"VIR","XA:2182","SDG_1041_NOC_RT","2023",57.819,"I",1
"VIR","XA:2182","SDG_1041_NOC_RT","2022",55.977,"I",1
"VIR","XA:2182","SDG_1041_NOC_RT","2021",54.829,"I",1
"VIR","XA:2182","SDG_1041_NOC_RT","2020",57.921,"I",1
"VIR","XA:2182","SDG_1041_NOC_RT","2019",55.77,"I",1
"VIR","XA:2182","SDG_1041_NOC_RT","2018",55.866,"I",1
"VIR","XA:2182","SDG_1041_NOC_RT","2017",56.11,"I",1
"VIR","XA:2182","SDG_1041_NOC_RT","2016",55.898,"I",1
"VIR","XA:2182","SDG_1041_NOC_RT","2015",56.092,"I",1
"VIR","XA:2182","SDG_1041_NOC_RT","2014",56.227,"I",1
"VIR","XA:2182","SDG_1041_NOC_RT","2013",56.655,"I",1
"VIR","XA:2182","SDG_1041_NOC_RT","2012",57.456,"I",1
"VIR","XA:2182","SDG_1041_NOC_RT","2011",56.859,"I",1
"VIR","XA:2182","SDG_1041_NOC_RT","2010",56.061,"I",1
"VIR","XA:2182","SDG_1041_NOC_RT","2009",56.74,"I",1
"VIR","XA:2182","SDG_1041_NOC_RT","2008",56.028,"I",1
"VIR","XA:2182","SDG_1041_NOC_RT","2007",55.777,"I",1
"VIR","XA:2182","SDG_1041_NOC_RT","2006",55.828,"I",1
"VIR","XA:2182","SDG_1041_NOC_RT","2005",55.83,"I",1
"VIR","XA:2182","SDG_1041_NOC_RT","2004",55.846,"I",1
"VNM","XA:2184","SDG_1041_NOC_RT","2026",47.657,"I",1
"VNM","XA:2184","SDG_1041_NOC_RT","2025",47.32,"I",1
"VNM","XA:2184","SDG_1041_NOC_RT","2024",47.033,"I",1
"VNM","XA:2184","SDG_1041_NOC_RT","2023",48.076,"I",1
"VNM","XA:2184","SDG_1041_NOC_RT","2022",46.323,"I",1
"VNM","XA:2184","SDG_1041_NOC_RT","2021",44.994,"I",1
"VNM","XA:2184","SDG_1041_NOC_RT","2020",46.136,"I",1
"VNM","XA:2184","SDG_1041_NOC_RT","2019",46.764,"I",1
"VNM","XA:2184","SDG_1041_NOC_RT","2018",48.433,"I",1
"VNM","XA:2184","SDG_1041_NOC_RT","2017",48.19,"I",1
"VNM","XA:2184","SDG_1041_NOC_RT","2016",47.052,"I",1
"VNM","XA:2184","SDG_1041_NOC_RT","2015",46.927,"I",1
"VNM","XA:2184","SDG_1041_NOC_RT","2014",48,"I",1
"VNM","XA:2184","SDG_1041_NOC_RT","2013",48.542,"I",1
"VNM","XA:2184","SDG_1041_NOC_RT","2012",48.672,"I",1
"VNM","XA:2184","SDG_1041_NOC_RT","2011",48.537,"I",1
"VNM","XA:2184","SDG_1041_NOC_RT","2010",48.545,"I",1
"VNM","XA:2184","SDG_1041_NOC_RT","2009",48.919,"I",1
"VNM","XA:2184","SDG_1041_NOC_RT","2008",48.835,"I",1
"VNM","XA:2184","SDG_1041_NOC_RT","2007",48.295,"I",1
"VNM","XA:2184","SDG_1041_NOC_RT","2006",48.349,"I",1
"VNM","XA:2184","SDG_1041_NOC_RT","2005",48.13,"I",1
"VNM","XA:2184","SDG_1041_NOC_RT","2004",48.131,"I",1
"VUT","XA:2186","SDG_1041_NOC_RT","2026",60.602,"M",1
"VUT","XA:2186","SDG_1041_NOC_RT","2025",60.842,"M",1
"VUT","XA:2186","SDG_1041_NOC_RT","2024",61.076,"M",1
"VUT","XA:2186","SDG_1041_NOC_RT","2023",60.711,"M",1
"VUT","XA:2186","SDG_1041_NOC_RT","2022",59.729,"M",1
"VUT","XA:2186","SDG_1041_NOC_RT","2021",59.379,"M",1
"VUT","XA:2186","SDG_1041_NOC_RT","2020",62.048,"M",1
"VUT","XA:2186","SDG_1041_NOC_RT","2019",60.483,"M",1
"VUT","XA:2186","SDG_1041_NOC_RT","2018",60.651,"M",1
"VUT","XA:2186","SDG_1041_NOC_RT","2017",60.31,"M",1
"VUT","XA:2186","SDG_1041_NOC_RT","2016",60.64,"M",1
"VUT","XA:2186","SDG_1041_NOC_RT","2015",60.574,"M",1
"VUT","XA:2186","SDG_1041_NOC_RT","2014",61.02,"NA",1
"VUT","XA:2186","SDG_1041_NOC_RT","2013",62.599,"NA",1
"VUT","XA:2186","SDG_1041_NOC_RT","2012",64.511,"NA",1
"VUT","XA:2186","SDG_1041_NOC_RT","2011",65.475,"NA",1
"VUT","XA:2186","SDG_1041_NOC_RT","2010",66.424,"NA",1
"VUT","XA:2186","SDG_1041_NOC_RT","2009",67.235,"NA",1
"VUT","XA:2186","SDG_1041_NOC_RT","2008",68.911,"NA",1
"VUT","XA:2186","SDG_1041_NOC_RT","2007",69.509,"NA",1
"VUT","XA:2186","SDG_1041_NOC_RT","2006",67.871,"NA",1
"VUT","XA:2186","SDG_1041_NOC_RT","2005",68.894,"NA",1
"VUT","XA:2186","SDG_1041_NOC_RT","2004",69.31,"NA",1
"WSM","XA:2188","SDG_1041_NOC_RT","2026",42.042,"I",1
"WSM","XA:2188","SDG_1041_NOC_RT","2025",42.11,"I",1
"WSM","XA:2188","SDG_1041_NOC_RT","2024",41.838,"I",1
"WSM","XA:2188","SDG_1041_NOC_RT","2023",40.27,"I",1
"WSM","XA:2188","SDG_1041_NOC_RT","2022",42.164,"I",1
"WSM","XA:2188","SDG_1041_NOC_RT","2021",42.297,"I",1
"WSM","XA:2188","SDG_1041_NOC_RT","2020",43.699,"I",1
"WSM","XA:2188","SDG_1041_NOC_RT","2019",42.301,"I",1
"WSM","XA:2188","SDG_1041_NOC_RT","2018",43.289,"I",1
"WSM","XA:2188","SDG_1041_NOC_RT","2017",43.379,"I",1
"WSM","XA:2188","SDG_1041_NOC_RT","2016",42.548,"I",1
"WSM","XA:2188","SDG_1041_NOC_RT","2015",43.073,"I",1
"WSM","XA:2188","SDG_1041_NOC_RT","2014",43.473,"I",1
"WSM","XA:2188","SDG_1041_NOC_RT","2013",43.537,"I",1
"WSM","XA:2188","SDG_1041_NOC_RT","2012",44.017,"I",1
"WSM","XA:2188","SDG_1041_NOC_RT","2011",43.053,"I",1
"WSM","XA:2188","SDG_1041_NOC_RT","2010",42.763,"I",1
"WSM","XA:2188","SDG_1041_NOC_RT","2009",43.601,"I",1
"WSM","XA:2188","SDG_1041_NOC_RT","2008",43.074,"I",1
"WSM","XA:2188","SDG_1041_NOC_RT","2007",43.455,"I",1
"WSM","XA:2188","SDG_1041_NOC_RT","2006",43.241,"I",1
"WSM","XA:2188","SDG_1041_NOC_RT","2005",42.663,"I",1
"WSM","XA:2188","SDG_1041_NOC_RT","2004",43.105,"I",1
"X01","XA:8405","SDG_1041_NOC_RT","2026",52.7,"NA",1
"X01","XA:8405","SDG_1041_NOC_RT","2025",52.7,"NA",1
"X01","XA:8405","SDG_1041_NOC_RT","2024",52.5,"NA",1
"X01","XA:8405","SDG_1041_NOC_RT","2023",52.2,"NA",1
"X01","XA:8405","SDG_1041_NOC_RT","2022",52.1,"NA",1
"X01","XA:8405","SDG_1041_NOC_RT","2021",52.7,"NA",1
"X01","XA:8405","SDG_1041_NOC_RT","2020",53.9,"NA",1
"X01","XA:8405","SDG_1041_NOC_RT","2019",53.1,"NA",1
"X01","XA:8405","SDG_1041_NOC_RT","2018",52.9,"NA",1
"X01","XA:8405","SDG_1041_NOC_RT","2017",53,"NA",1
"X01","XA:8405","SDG_1041_NOC_RT","2016",53.2,"NA",1
"X01","XA:8405","SDG_1041_NOC_RT","2015",53.1,"NA",1
"X01","XA:8405","SDG_1041_NOC_RT","2014",53.1,"NA",1
"X01","XA:8405","SDG_1041_NOC_RT","2013",52.8,"NA",1
"X01","XA:8405","SDG_1041_NOC_RT","2012",52.8,"NA",1
"X01","XA:8405","SDG_1041_NOC_RT","2011",52.6,"NA",1
"X01","XA:8405","SDG_1041_NOC_RT","2010",53.2,"NA",1
"X01","XA:8405","SDG_1041_NOC_RT","2009",54.4,"NA",1
"X01","XA:8405","SDG_1041_NOC_RT","2008",53.3,"NA",1
"X01","XA:8405","SDG_1041_NOC_RT","2007",52.8,"NA",1
"X01","XA:8405","SDG_1041_NOC_RT","2006",53,"NA",1
"X01","XA:8405","SDG_1041_NOC_RT","2005",53.4,"NA",1
"X01","XA:8405","SDG_1041_NOC_RT","2004",54,"NA",1
"X02","XA:8402","SDG_1041_NOC_RT","2026",38.2,"NA",1
"X02","XA:8402","SDG_1041_NOC_RT","2025",38.2,"NA",1
"X02","XA:8402","SDG_1041_NOC_RT","2024",38.2,"NA",1
"X02","XA:8402","SDG_1041_NOC_RT","2023",38.2,"NA",1
"X02","XA:8402","SDG_1041_NOC_RT","2022",38,"NA",1
"X02","XA:8402","SDG_1041_NOC_RT","2021",37.5,"NA",1
"X02","XA:8402","SDG_1041_NOC_RT","2020",38.1,"NA",1
"X02","XA:8402","SDG_1041_NOC_RT","2019",38,"NA",1
"X02","XA:8402","SDG_1041_NOC_RT","2018",37.8,"NA",1
"X02","XA:8402","SDG_1041_NOC_RT","2017",37.6,"NA",1
"X02","XA:8402","SDG_1041_NOC_RT","2016",37.8,"NA",1
"X02","XA:8402","SDG_1041_NOC_RT","2015",37.9,"NA",1
"X02","XA:8402","SDG_1041_NOC_RT","2014",37.3,"NA",1
"X02","XA:8402","SDG_1041_NOC_RT","2013",36.9,"NA",1
"X02","XA:8402","SDG_1041_NOC_RT","2012",36.9,"NA",1
"X02","XA:8402","SDG_1041_NOC_RT","2011",36.5,"NA",1
"X02","XA:8402","SDG_1041_NOC_RT","2010",35.9,"NA",1
"X02","XA:8402","SDG_1041_NOC_RT","2009",36.5,"NA",1
"X02","XA:8402","SDG_1041_NOC_RT","2008",36.1,"NA",1
"X02","XA:8402","SDG_1041_NOC_RT","2007",36.5,"NA",1
"X02","XA:8402","SDG_1041_NOC_RT","2006",36.1,"NA",1
"X02","XA:8402","SDG_1041_NOC_RT","2005",36.1,"NA",1
"X02","XA:8402","SDG_1041_NOC_RT","2004",36,"NA",1
"X03","XA:8403","SDG_1041_NOC_RT","2026",55,"NA",1
"X03","XA:8403","SDG_1041_NOC_RT","2025",54.9,"NA",1
"X03","XA:8403","SDG_1041_NOC_RT","2024",54.9,"NA",1
"X03","XA:8403","SDG_1041_NOC_RT","2023",54.5,"NA",1
"X03","XA:8403","SDG_1041_NOC_RT","2022",54.6,"NA",1
"X03","XA:8403","SDG_1041_NOC_RT","2021",55,"NA",1
"X03","XA:8403","SDG_1041_NOC_RT","2020",55.2,"NA",1
"X03","XA:8403","SDG_1041_NOC_RT","2019",54.1,"NA",1
"X03","XA:8403","SDG_1041_NOC_RT","2018",53.8,"NA",1
"X03","XA:8403","SDG_1041_NOC_RT","2017",53.3,"NA",1
"X03","XA:8403","SDG_1041_NOC_RT","2016",52.8,"NA",1
"X03","XA:8403","SDG_1041_NOC_RT","2015",52.4,"NA",1
"X03","XA:8403","SDG_1041_NOC_RT","2014",53.1,"NA",1
"X03","XA:8403","SDG_1041_NOC_RT","2013",52.2,"NA",1
"X03","XA:8403","SDG_1041_NOC_RT","2012",51.7,"NA",1
"X03","XA:8403","SDG_1041_NOC_RT","2011",52,"NA",1
"X03","XA:8403","SDG_1041_NOC_RT","2010",52.3,"NA",1
"X03","XA:8403","SDG_1041_NOC_RT","2009",53.4,"NA",1
"X03","XA:8403","SDG_1041_NOC_RT","2008",52.1,"NA",1
"X03","XA:8403","SDG_1041_NOC_RT","2007",50,"NA",1
"X03","XA:8403","SDG_1041_NOC_RT","2006",50.2,"NA",1
"X03","XA:8403","SDG_1041_NOC_RT","2005",51.3,"NA",1
"X03","XA:8403","SDG_1041_NOC_RT","2004",52.4,"NA",1
"X04","XA:8401","SDG_1041_NOC_RT","2026",49.7,"NA",1
"X04","XA:8401","SDG_1041_NOC_RT","2025",49.6,"NA",1
"X04","XA:8401","SDG_1041_NOC_RT","2024",49.5,"NA",1
"X04","XA:8401","SDG_1041_NOC_RT","2023",49.1,"NA",1
"X04","XA:8401","SDG_1041_NOC_RT","2022",48.7,"NA",1
"X04","XA:8401","SDG_1041_NOC_RT","2021",48.6,"NA",1
"X04","XA:8401","SDG_1041_NOC_RT","2020",49.9,"NA",1
"X04","XA:8401","SDG_1041_NOC_RT","2019",49.5,"NA",1
"X04","XA:8401","SDG_1041_NOC_RT","2018",49.2,"NA",1
"X04","XA:8401","SDG_1041_NOC_RT","2017",49.5,"NA",1
"X04","XA:8401","SDG_1041_NOC_RT","2016",49.9,"NA",1
"X04","XA:8401","SDG_1041_NOC_RT","2015",50,"NA",1
"X04","XA:8401","SDG_1041_NOC_RT","2014",50.1,"NA",1
"X04","XA:8401","SDG_1041_NOC_RT","2013",49.7,"NA",1
"X04","XA:8401","SDG_1041_NOC_RT","2012",49.3,"NA",1
"X04","XA:8401","SDG_1041_NOC_RT","2011",48.7,"NA",1
"X04","XA:8401","SDG_1041_NOC_RT","2010",48.5,"NA",1
"X04","XA:8401","SDG_1041_NOC_RT","2009",49.3,"NA",1
"X04","XA:8401","SDG_1041_NOC_RT","2008",47.8,"NA",1
"X04","XA:8401","SDG_1041_NOC_RT","2007",46.9,"NA",1
"X04","XA:8401","SDG_1041_NOC_RT","2006",47,"NA",1
"X04","XA:8401","SDG_1041_NOC_RT","2005",47,"NA",1
"X04","XA:8401","SDG_1041_NOC_RT","2004",47,"NA",1
"X05","XA:8404","SDG_1041_NOC_RT","2026",54.5,"NA",1
"X05","XA:8404","SDG_1041_NOC_RT","2025",54.6,"NA",1
"X05","XA:8404","SDG_1041_NOC_RT","2024",54.3,"NA",1
"X05","XA:8404","SDG_1041_NOC_RT","2023",54,"NA",1
"X05","XA:8404","SDG_1041_NOC_RT","2022",54,"NA",1
"X05","XA:8404","SDG_1041_NOC_RT","2021",55.1,"NA",1
"X05","XA:8404","SDG_1041_NOC_RT","2020",56.8,"NA",1
"X05","XA:8404","SDG_1041_NOC_RT","2019",55.6,"NA",1
"X05","XA:8404","SDG_1041_NOC_RT","2018",55.5,"NA",1
"X05","XA:8404","SDG_1041_NOC_RT","2017",55.6,"NA",1
"X05","XA:8404","SDG_1041_NOC_RT","2016",55.8,"NA",1
"X05","XA:8404","SDG_1041_NOC_RT","2015",55.6,"NA",1
"X05","XA:8404","SDG_1041_NOC_RT","2014",55.3,"NA",1
"X05","XA:8404","SDG_1041_NOC_RT","2013",55.1,"NA",1
"X05","XA:8404","SDG_1041_NOC_RT","2012",55.3,"NA",1
"X05","XA:8404","SDG_1041_NOC_RT","2011",55.4,"NA",1
"X05","XA:8404","SDG_1041_NOC_RT","2010",56.3,"NA",1
"X05","XA:8404","SDG_1041_NOC_RT","2009",57.6,"NA",1
"X05","XA:8404","SDG_1041_NOC_RT","2008",56.6,"NA",1
"X05","XA:8404","SDG_1041_NOC_RT","2007",56.5,"NA",1
"X05","XA:8404","SDG_1041_NOC_RT","2006",56.5,"NA",1
"X05","XA:8404","SDG_1041_NOC_RT","2005",56.8,"NA",1
"X05","XA:8404","SDG_1041_NOC_RT","2004",57.4,"NA",1
"X06","XA:8372","SDG_1041_NOC_RT","2026",45.2,"NA",1
"X06","XA:8372","SDG_1041_NOC_RT","2025",45.2,"NA",1
"X06","XA:8372","SDG_1041_NOC_RT","2024",45.6,"NA",1
"X06","XA:8372","SDG_1041_NOC_RT","2023",45.5,"NA",1
"X06","XA:8372","SDG_1041_NOC_RT","2022",45.2,"NA",1
"X06","XA:8372","SDG_1041_NOC_RT","2021",46.4,"NA",1
"X06","XA:8372","SDG_1041_NOC_RT","2020",47.4,"NA",1
"X06","XA:8372","SDG_1041_NOC_RT","2019",47.3,"NA",1
"X06","XA:8372","SDG_1041_NOC_RT","2018",46.9,"NA",1
"X06","XA:8372","SDG_1041_NOC_RT","2017",47,"NA",1
"X06","XA:8372","SDG_1041_NOC_RT","2016",46.6,"NA",1
"X06","XA:8372","SDG_1041_NOC_RT","2015",47,"NA",1
"X06","XA:8372","SDG_1041_NOC_RT","2014",46.9,"NA",1
"X06","XA:8372","SDG_1041_NOC_RT","2013",46.1,"NA",1
"X06","XA:8372","SDG_1041_NOC_RT","2012",44.8,"NA",1
"X06","XA:8372","SDG_1041_NOC_RT","2011",44.8,"NA",1
"X06","XA:8372","SDG_1041_NOC_RT","2010",43.1,"NA",1
"X06","XA:8372","SDG_1041_NOC_RT","2009",43.6,"NA",1
"X06","XA:8372","SDG_1041_NOC_RT","2008",42,"NA",1
"X06","XA:8372","SDG_1041_NOC_RT","2007",42.4,"NA",1
"X06","XA:8372","SDG_1041_NOC_RT","2006",42.4,"NA",1
"X06","XA:8372","SDG_1041_NOC_RT","2005",42.7,"NA",1
"X06","XA:8372","SDG_1041_NOC_RT","2004",43.6,"NA",1
"X07","XA:8406","SDG_1041_NOC_RT","2026",38.6,"NA",1
"X07","XA:8406","SDG_1041_NOC_RT","2025",38.7,"NA",1
"X07","XA:8406","SDG_1041_NOC_RT","2024",38.8,"NA",1
"X07","XA:8406","SDG_1041_NOC_RT","2023",38.8,"NA",1
"X07","XA:8406","SDG_1041_NOC_RT","2022",38.6,"NA",1
"X07","XA:8406","SDG_1041_NOC_RT","2021",38.2,"NA",1
"X07","XA:8406","SDG_1041_NOC_RT","2020",38.7,"NA",1
"X07","XA:8406","SDG_1041_NOC_RT","2019",38.7,"NA",1
"X07","XA:8406","SDG_1041_NOC_RT","2018",38.4,"NA",1
"X07","XA:8406","SDG_1041_NOC_RT","2017",38.1,"NA",1
"X07","XA:8406","SDG_1041_NOC_RT","2016",38.4,"NA",1
"X07","XA:8406","SDG_1041_NOC_RT","2015",38.4,"NA",1
"X07","XA:8406","SDG_1041_NOC_RT","2014",38.2,"NA",1
"X07","XA:8406","SDG_1041_NOC_RT","2013",37.7,"NA",1
"X07","XA:8406","SDG_1041_NOC_RT","2012",37.8,"NA",1
"X07","XA:8406","SDG_1041_NOC_RT","2011",37.4,"NA",1
"X07","XA:8406","SDG_1041_NOC_RT","2010",37.1,"NA",1
"X07","XA:8406","SDG_1041_NOC_RT","2009",37.9,"NA",1
"X07","XA:8406","SDG_1041_NOC_RT","2008",37.3,"NA",1
"X07","XA:8406","SDG_1041_NOC_RT","2007",37.9,"NA",1
"X07","XA:8406","SDG_1041_NOC_RT","2006",37.2,"NA",1
"X07","XA:8406","SDG_1041_NOC_RT","2005",37.4,"NA",1
"X07","XA:8406","SDG_1041_NOC_RT","2004",37.2,"NA",1
"X08","XA:8407","SDG_1041_NOC_RT","2026",47.7,"NA",1
"X08","XA:8407","SDG_1041_NOC_RT","2025",47.8,"NA",1
"X08","XA:8407","SDG_1041_NOC_RT","2024",48.3,"NA",1
"X08","XA:8407","SDG_1041_NOC_RT","2023",48.3,"NA",1
"X08","XA:8407","SDG_1041_NOC_RT","2022",48,"NA",1
"X08","XA:8407","SDG_1041_NOC_RT","2021",49.3,"NA",1
"X08","XA:8407","SDG_1041_NOC_RT","2020",49.7,"NA",1
"X08","XA:8407","SDG_1041_NOC_RT","2019",49.9,"NA",1
"X08","XA:8407","SDG_1041_NOC_RT","2018",49.4,"NA",1
"X08","XA:8407","SDG_1041_NOC_RT","2017",49.4,"NA",1
"X08","XA:8407","SDG_1041_NOC_RT","2016",48.1,"NA",1
"X08","XA:8407","SDG_1041_NOC_RT","2015",48.9,"NA",1
"X08","XA:8407","SDG_1041_NOC_RT","2014",49.4,"NA",1
"X08","XA:8407","SDG_1041_NOC_RT","2013",48.6,"NA",1
"X08","XA:8407","SDG_1041_NOC_RT","2012",47,"NA",1
"X08","XA:8407","SDG_1041_NOC_RT","2011",46.7,"NA",1
"X08","XA:8407","SDG_1041_NOC_RT","2010",45.4,"NA",1
"X08","XA:8407","SDG_1041_NOC_RT","2009",46.1,"NA",1
"X08","XA:8407","SDG_1041_NOC_RT","2008",44.8,"NA",1
"X08","XA:8407","SDG_1041_NOC_RT","2007",45.8,"NA",1
"X08","XA:8407","SDG_1041_NOC_RT","2006",45.9,"NA",1
"X08","XA:8407","SDG_1041_NOC_RT","2005",46.3,"NA",1
"X08","XA:8407","SDG_1041_NOC_RT","2004",47.2,"NA",1
"X09","XA:8408","SDG_1041_NOC_RT","2026",42.1,"NA",1
"X09","XA:8408","SDG_1041_NOC_RT","2025",42.1,"NA",1
"X09","XA:8408","SDG_1041_NOC_RT","2024",42.3,"NA",1
"X09","XA:8408","SDG_1041_NOC_RT","2023",42.2,"NA",1
"X09","XA:8408","SDG_1041_NOC_RT","2022",41.7,"NA",1
"X09","XA:8408","SDG_1041_NOC_RT","2021",43.9,"NA",1
"X09","XA:8408","SDG_1041_NOC_RT","2020",46.9,"NA",1
"X09","XA:8408","SDG_1041_NOC_RT","2019",45.8,"NA",1
"X09","XA:8408","SDG_1041_NOC_RT","2018",45.3,"NA",1
"X09","XA:8408","SDG_1041_NOC_RT","2017",46.5,"NA",1
"X09","XA:8408","SDG_1041_NOC_RT","2016",47.5,"NA",1
"X09","XA:8408","SDG_1041_NOC_RT","2015",47.4,"NA",1
"X09","XA:8408","SDG_1041_NOC_RT","2014",45.5,"NA",1
"X09","XA:8408","SDG_1041_NOC_RT","2013",44.7,"NA",1
"X09","XA:8408","SDG_1041_NOC_RT","2012",43.5,"NA",1
"X09","XA:8408","SDG_1041_NOC_RT","2011",44.6,"NA",1
"X09","XA:8408","SDG_1041_NOC_RT","2010",41.1,"NA",1
"X09","XA:8408","SDG_1041_NOC_RT","2009",40.8,"NA",1
"X09","XA:8408","SDG_1041_NOC_RT","2008",38.3,"NA",1
"X09","XA:8408","SDG_1041_NOC_RT","2007",37.6,"NA",1
"X09","XA:8408","SDG_1041_NOC_RT","2006",37.8,"NA",1
"X09","XA:8408","SDG_1041_NOC_RT","2005",37.8,"NA",1
"X09","XA:8408","SDG_1041_NOC_RT","2004",39.3,"NA",1
"X10","XA:8373","SDG_1041_NOC_RT","2026",37.5,"NA",1
"X10","XA:8373","SDG_1041_NOC_RT","2025",37.5,"NA",1
"X10","XA:8373","SDG_1041_NOC_RT","2024",38.2,"NA",1
"X10","XA:8373","SDG_1041_NOC_RT","2023",37.8,"NA",1
"X10","XA:8373","SDG_1041_NOC_RT","2022",37.4,"NA",1
"X10","XA:8373","SDG_1041_NOC_RT","2021",39.6,"NA",1
"X10","XA:8373","SDG_1041_NOC_RT","2020",41.3,"NA",1
"X10","XA:8373","SDG_1041_NOC_RT","2019",39.8,"NA",1
"X10","XA:8373","SDG_1041_NOC_RT","2018",39.6,"NA",1
"X10","XA:8373","SDG_1041_NOC_RT","2017",40.5,"NA",1
"X10","XA:8373","SDG_1041_NOC_RT","2016",40.9,"NA",1
"X10","XA:8373","SDG_1041_NOC_RT","2015",40.7,"NA",1
"X10","XA:8373","SDG_1041_NOC_RT","2014",40.2,"NA",1
"X10","XA:8373","SDG_1041_NOC_RT","2013",38.6,"NA",1
"X10","XA:8373","SDG_1041_NOC_RT","2012",36.2,"NA",1
"X10","XA:8373","SDG_1041_NOC_RT","2011",37.6,"NA",1
"X10","XA:8373","SDG_1041_NOC_RT","2010",34.2,"NA",1
"X10","XA:8373","SDG_1041_NOC_RT","2009",34.2,"NA",1
"X10","XA:8373","SDG_1041_NOC_RT","2008",32.6,"NA",1
"X10","XA:8373","SDG_1041_NOC_RT","2007",33.3,"NA",1
"X10","XA:8373","SDG_1041_NOC_RT","2006",32.8,"NA",1
"X10","XA:8373","SDG_1041_NOC_RT","2005",33.4,"NA",1
"X10","XA:8373","SDG_1041_NOC_RT","2004",34.9,"NA",1
"X11","XA:8409","SDG_1041_NOC_RT","2026",39.3,"NA",1
"X11","XA:8409","SDG_1041_NOC_RT","2025",39.3,"NA",1
"X11","XA:8409","SDG_1041_NOC_RT","2024",40.3,"NA",1
"X11","XA:8409","SDG_1041_NOC_RT","2023",39.8,"NA",1
"X11","XA:8409","SDG_1041_NOC_RT","2022",39.8,"NA",1
"X11","XA:8409","SDG_1041_NOC_RT","2021",41.7,"NA",1
"X11","XA:8409","SDG_1041_NOC_RT","2020",42.9,"NA",1
"X11","XA:8409","SDG_1041_NOC_RT","2019",41.7,"NA",1
"X11","XA:8409","SDG_1041_NOC_RT","2018",41.7,"NA",1
"X11","XA:8409","SDG_1041_NOC_RT","2017",42.2,"NA",1
"X11","XA:8409","SDG_1041_NOC_RT","2016",42,"NA",1
"X11","XA:8409","SDG_1041_NOC_RT","2015",41.7,"NA",1
"X11","XA:8409","SDG_1041_NOC_RT","2014",42.3,"NA",1
"X11","XA:8409","SDG_1041_NOC_RT","2013",40.7,"NA",1
"X11","XA:8409","SDG_1041_NOC_RT","2012",37.8,"NA",1
"X11","XA:8409","SDG_1041_NOC_RT","2011",38.6,"NA",1
"X11","XA:8409","SDG_1041_NOC_RT","2010",36.3,"NA",1
"X11","XA:8409","SDG_1041_NOC_RT","2009",36.1,"NA",1
"X11","XA:8409","SDG_1041_NOC_RT","2008",36,"NA",1
"X11","XA:8409","SDG_1041_NOC_RT","2007",37.3,"NA",1
"X11","XA:8409","SDG_1041_NOC_RT","2006",37.2,"NA",1
"X11","XA:8409","SDG_1041_NOC_RT","2005",37.9,"NA",1
"X11","XA:8409","SDG_1041_NOC_RT","2004",39.1,"NA",1
"X12","XA:8410","SDG_1041_NOC_RT","2026",32.4,"NA",1
"X12","XA:8410","SDG_1041_NOC_RT","2025",32.2,"NA",1
"X12","XA:8410","SDG_1041_NOC_RT","2024",32,"NA",1
"X12","XA:8410","SDG_1041_NOC_RT","2023",31.9,"NA",1
"X12","XA:8410","SDG_1041_NOC_RT","2022",30.1,"NA",1
"X12","XA:8410","SDG_1041_NOC_RT","2021",33.9,"NA",1
"X12","XA:8410","SDG_1041_NOC_RT","2020",37.1,"NA",1
"X12","XA:8410","SDG_1041_NOC_RT","2019",35.1,"NA",1
"X12","XA:8410","SDG_1041_NOC_RT","2018",34.6,"NA",1
"X12","XA:8410","SDG_1041_NOC_RT","2017",36.8,"NA",1
"X12","XA:8410","SDG_1041_NOC_RT","2016",39.1,"NA",1
"X12","XA:8410","SDG_1041_NOC_RT","2015",39.1,"NA",1
"X12","XA:8410","SDG_1041_NOC_RT","2014",35.5,"NA",1
"X12","XA:8410","SDG_1041_NOC_RT","2013",34,"NA",1
"X12","XA:8410","SDG_1041_NOC_RT","2012",32.1,"NA",1
"X12","XA:8410","SDG_1041_NOC_RT","2011",35.1,"NA",1
"X12","XA:8410","SDG_1041_NOC_RT","2010",28.6,"NA",1
"X12","XA:8410","SDG_1041_NOC_RT","2009",29,"NA",1
"X12","XA:8410","SDG_1041_NOC_RT","2008",23.7,"NA",1
"X12","XA:8410","SDG_1041_NOC_RT","2007",23.7,"NA",1
"X12","XA:8410","SDG_1041_NOC_RT","2006",22.6,"NA",1
"X12","XA:8410","SDG_1041_NOC_RT","2005",23.3,"NA",1
"X12","XA:8410","SDG_1041_NOC_RT","2004",25.7,"NA",1
"X13","XA:8374","SDG_1041_NOC_RT","2026",49.9,"NA",1
"X13","XA:8374","SDG_1041_NOC_RT","2025",50,"NA",1
"X13","XA:8374","SDG_1041_NOC_RT","2024",50.1,"NA",1
"X13","XA:8374","SDG_1041_NOC_RT","2023",50.4,"NA",1
"X13","XA:8374","SDG_1041_NOC_RT","2022",50.2,"NA",1
"X13","XA:8374","SDG_1041_NOC_RT","2021",50.7,"NA",1
"X13","XA:8374","SDG_1041_NOC_RT","2020",51.3,"NA",1
"X13","XA:8374","SDG_1041_NOC_RT","2019",52,"NA",1
"X13","XA:8374","SDG_1041_NOC_RT","2018",51.4,"NA",1
"X13","XA:8374","SDG_1041_NOC_RT","2017",51.1,"NA",1
"X13","XA:8374","SDG_1041_NOC_RT","2016",50.1,"NA",1
"X13","XA:8374","SDG_1041_NOC_RT","2015",50.9,"NA",1
"X13","XA:8374","SDG_1041_NOC_RT","2014",50.9,"NA",1
"X13","XA:8374","SDG_1041_NOC_RT","2013",50.7,"NA",1
"X13","XA:8374","SDG_1041_NOC_RT","2012",50.3,"NA",1
"X13","XA:8374","SDG_1041_NOC_RT","2011",49.5,"NA",1
"X13","XA:8374","SDG_1041_NOC_RT","2010",49.3,"NA",1
"X13","XA:8374","SDG_1041_NOC_RT","2009",50.1,"NA",1
"X13","XA:8374","SDG_1041_NOC_RT","2008",48.6,"NA",1
"X13","XA:8374","SDG_1041_NOC_RT","2007",48.8,"NA",1
"X13","XA:8374","SDG_1041_NOC_RT","2006",49.3,"NA",1
"X13","XA:8374","SDG_1041_NOC_RT","2005",49.3,"NA",1
"X13","XA:8374","SDG_1041_NOC_RT","2004",49.8,"NA",1
"X14","XA:8411","SDG_1041_NOC_RT","2026",38.8,"NA",1
"X14","XA:8411","SDG_1041_NOC_RT","2025",38.9,"NA",1
"X14","XA:8411","SDG_1041_NOC_RT","2024",38.9,"NA",1
"X14","XA:8411","SDG_1041_NOC_RT","2023",38.9,"NA",1
"X14","XA:8411","SDG_1041_NOC_RT","2022",38.9,"NA",1
"X14","XA:8411","SDG_1041_NOC_RT","2021",38.4,"NA",1
"X14","XA:8411","SDG_1041_NOC_RT","2020",38.7,"NA",1
"X14","XA:8411","SDG_1041_NOC_RT","2019",38.9,"NA",1
"X14","XA:8411","SDG_1041_NOC_RT","2018",38.7,"NA",1
"X14","XA:8411","SDG_1041_NOC_RT","2017",38.3,"NA",1
"X14","XA:8411","SDG_1041_NOC_RT","2016",38.8,"NA",1
"X14","XA:8411","SDG_1041_NOC_RT","2015",38.8,"NA",1
"X14","XA:8411","SDG_1041_NOC_RT","2014",38.5,"NA",1
"X14","XA:8411","SDG_1041_NOC_RT","2013",37.9,"NA",1
"X14","XA:8411","SDG_1041_NOC_RT","2012",37.8,"NA",1
"X14","XA:8411","SDG_1041_NOC_RT","2011",37.4,"NA",1
"X14","XA:8411","SDG_1041_NOC_RT","2010",37.3,"NA",1
"X14","XA:8411","SDG_1041_NOC_RT","2009",38.2,"NA",1
"X14","XA:8411","SDG_1041_NOC_RT","2008",37.6,"NA",1
"X14","XA:8411","SDG_1041_NOC_RT","2007",38.3,"NA",1
"X14","XA:8411","SDG_1041_NOC_RT","2006",37.5,"NA",1
"X14","XA:8411","SDG_1041_NOC_RT","2005",37.7,"NA",1
"X14","XA:8411","SDG_1041_NOC_RT","2004",37.5,"NA",1
"X15","XA:8412","SDG_1041_NOC_RT","2026",54.3,"NA",1
"X15","XA:8412","SDG_1041_NOC_RT","2025",54.4,"NA",1
"X15","XA:8412","SDG_1041_NOC_RT","2024",54.5,"NA",1
"X15","XA:8412","SDG_1041_NOC_RT","2023",55,"NA",1
"X15","XA:8412","SDG_1041_NOC_RT","2022",54.6,"NA",1
"X15","XA:8412","SDG_1041_NOC_RT","2021",55.2,"NA",1
"X15","XA:8412","SDG_1041_NOC_RT","2020",55.1,"NA",1
"X15","XA:8412","SDG_1041_NOC_RT","2019",56,"NA",1
"X15","XA:8412","SDG_1041_NOC_RT","2018",55.1,"NA",1
"X15","XA:8412","SDG_1041_NOC_RT","2017",54.5,"NA",1
"X15","XA:8412","SDG_1041_NOC_RT","2016",52.6,"NA",1
"X15","XA:8412","SDG_1041_NOC_RT","2015",53.9,"NA",1
"X15","XA:8412","SDG_1041_NOC_RT","2014",54.3,"NA",1
"X15","XA:8412","SDG_1041_NOC_RT","2013",54.2,"NA",1
"X15","XA:8412","SDG_1041_NOC_RT","2012",53.7,"NA",1
"X15","XA:8412","SDG_1041_NOC_RT","2011",52.8,"NA",1
"X15","XA:8412","SDG_1041_NOC_RT","2010",52.5,"NA",1
"X15","XA:8412","SDG_1041_NOC_RT","2009",54,"NA",1
"X15","XA:8412","SDG_1041_NOC_RT","2008",51.9,"NA",1
"X15","XA:8412","SDG_1041_NOC_RT","2007",52.5,"NA",1
"X15","XA:8412","SDG_1041_NOC_RT","2006",52.9,"NA",1
"X15","XA:8412","SDG_1041_NOC_RT","2005",53,"NA",1
"X15","XA:8412","SDG_1041_NOC_RT","2004",53.8,"NA",1
"X16","XA:8413","SDG_1041_NOC_RT","2026",50.2,"NA",1
"X16","XA:8413","SDG_1041_NOC_RT","2025",50.2,"NA",1
"X16","XA:8413","SDG_1041_NOC_RT","2024",50.4,"NA",1
"X16","XA:8413","SDG_1041_NOC_RT","2023",50.1,"NA",1
"X16","XA:8413","SDG_1041_NOC_RT","2022",50.3,"NA",1
"X16","XA:8413","SDG_1041_NOC_RT","2021",51.4,"NA",1
"X16","XA:8413","SDG_1041_NOC_RT","2020",54,"NA",1
"X16","XA:8413","SDG_1041_NOC_RT","2019",53.8,"NA",1
"X16","XA:8413","SDG_1041_NOC_RT","2018",53.5,"NA",1
"X16","XA:8413","SDG_1041_NOC_RT","2017",53.8,"NA",1
"X16","XA:8413","SDG_1041_NOC_RT","2016",53.5,"NA",1
"X16","XA:8413","SDG_1041_NOC_RT","2015",53.3,"NA",1
"X16","XA:8413","SDG_1041_NOC_RT","2014",52.5,"NA",1
"X16","XA:8413","SDG_1041_NOC_RT","2013",52.3,"NA",1
"X16","XA:8413","SDG_1041_NOC_RT","2012",51.8,"NA",1
"X16","XA:8413","SDG_1041_NOC_RT","2011",50.9,"NA",1
"X16","XA:8413","SDG_1041_NOC_RT","2010",50.5,"NA",1
"X16","XA:8413","SDG_1041_NOC_RT","2009",49.6,"NA",1
"X16","XA:8413","SDG_1041_NOC_RT","2008",49.1,"NA",1
"X16","XA:8413","SDG_1041_NOC_RT","2007",48.1,"NA",1
"X16","XA:8413","SDG_1041_NOC_RT","2006",49.4,"NA",1
"X16","XA:8413","SDG_1041_NOC_RT","2005",49.1,"NA",1
"X16","XA:8413","SDG_1041_NOC_RT","2004",49.6,"NA",1
"X17","XA:8392","SDG_1041_NOC_RT","2026",41.2,"NA",1
"X17","XA:8392","SDG_1041_NOC_RT","2025",41.3,"NA",1
"X17","XA:8392","SDG_1041_NOC_RT","2024",41.1,"NA",1
"X17","XA:8392","SDG_1041_NOC_RT","2023",41.3,"NA",1
"X17","XA:8392","SDG_1041_NOC_RT","2022",41.1,"NA",1
"X17","XA:8392","SDG_1041_NOC_RT","2021",41.1,"NA",1
"X17","XA:8392","SDG_1041_NOC_RT","2020",41.5,"NA",1
"X17","XA:8392","SDG_1041_NOC_RT","2019",41.5,"NA",1
"X17","XA:8392","SDG_1041_NOC_RT","2018",41.6,"NA",1
"X17","XA:8392","SDG_1041_NOC_RT","2017",41.8,"NA",1
"X17","XA:8392","SDG_1041_NOC_RT","2016",41.8,"NA",1
"X17","XA:8392","SDG_1041_NOC_RT","2015",42.9,"NA",1
"X17","XA:8392","SDG_1041_NOC_RT","2014",39.9,"NA",1
"X17","XA:8392","SDG_1041_NOC_RT","2013",41.4,"NA",1
"X17","XA:8392","SDG_1041_NOC_RT","2012",42.2,"NA",1
"X17","XA:8392","SDG_1041_NOC_RT","2011",43.4,"NA",1
"X17","XA:8392","SDG_1041_NOC_RT","2010",43.5,"NA",1
"X17","XA:8392","SDG_1041_NOC_RT","2009",49.6,"NA",1
"X17","XA:8392","SDG_1041_NOC_RT","2008",41.7,"NA",1
"X17","XA:8392","SDG_1041_NOC_RT","2007",41,"NA",1
"X17","XA:8392","SDG_1041_NOC_RT","2006",40.6,"NA",1
"X17","XA:8392","SDG_1041_NOC_RT","2005",40.4,"NA",1
"X17","XA:8392","SDG_1041_NOC_RT","2004",43,"NA",1
"X18","XA:8375","SDG_1041_NOC_RT","2026",40.7,"NA",1
"X18","XA:8375","SDG_1041_NOC_RT","2025",40.8,"NA",1
"X18","XA:8375","SDG_1041_NOC_RT","2024",41,"NA",1
"X18","XA:8375","SDG_1041_NOC_RT","2023",41.6,"NA",1
"X18","XA:8375","SDG_1041_NOC_RT","2022",41.9,"NA",1
"X18","XA:8375","SDG_1041_NOC_RT","2021",41.6,"NA",1
"X18","XA:8375","SDG_1041_NOC_RT","2020",41.6,"NA",1
"X18","XA:8375","SDG_1041_NOC_RT","2019",41.8,"NA",1
"X18","XA:8375","SDG_1041_NOC_RT","2018",41.8,"NA",1
"X18","XA:8375","SDG_1041_NOC_RT","2017",41.1,"NA",1
"X18","XA:8375","SDG_1041_NOC_RT","2016",41.2,"NA",1
"X18","XA:8375","SDG_1041_NOC_RT","2015",41.5,"NA",1
"X18","XA:8375","SDG_1041_NOC_RT","2014",41.4,"NA",1
"X18","XA:8375","SDG_1041_NOC_RT","2013",40.8,"NA",1
"X18","XA:8375","SDG_1041_NOC_RT","2012",40.6,"NA",1
"X18","XA:8375","SDG_1041_NOC_RT","2011",39.7,"NA",1
"X18","XA:8375","SDG_1041_NOC_RT","2010",39.8,"NA",1
"X18","XA:8375","SDG_1041_NOC_RT","2009",39.7,"NA",1
"X18","XA:8375","SDG_1041_NOC_RT","2008",39.6,"NA",1
"X18","XA:8375","SDG_1041_NOC_RT","2007",41.7,"NA",1
"X18","XA:8375","SDG_1041_NOC_RT","2006",42.8,"NA",1
"X18","XA:8375","SDG_1041_NOC_RT","2005",42.9,"NA",1
"X18","XA:8375","SDG_1041_NOC_RT","2004",43.9,"NA",1
"X19","XA:8376","SDG_1041_NOC_RT","2026",51.7,"NA",1
"X19","XA:8376","SDG_1041_NOC_RT","2025",51.7,"NA",1
"X19","XA:8376","SDG_1041_NOC_RT","2024",51.9,"NA",1
"X19","XA:8376","SDG_1041_NOC_RT","2023",51.6,"NA",1
"X19","XA:8376","SDG_1041_NOC_RT","2022",51.8,"NA",1
"X19","XA:8376","SDG_1041_NOC_RT","2021",53,"NA",1
"X19","XA:8376","SDG_1041_NOC_RT","2020",55.9,"NA",1
"X19","XA:8376","SDG_1041_NOC_RT","2019",55.8,"NA",1
"X19","XA:8376","SDG_1041_NOC_RT","2018",55.4,"NA",1
"X19","XA:8376","SDG_1041_NOC_RT","2017",55.7,"NA",1
"X19","XA:8376","SDG_1041_NOC_RT","2016",55.4,"NA",1
"X19","XA:8376","SDG_1041_NOC_RT","2015",55.2,"NA",1
"X19","XA:8376","SDG_1041_NOC_RT","2014",54.4,"NA",1
"X19","XA:8376","SDG_1041_NOC_RT","2013",54.2,"NA",1
"X19","XA:8376","SDG_1041_NOC_RT","2012",53.7,"NA",1
"X19","XA:8376","SDG_1041_NOC_RT","2011",52.7,"NA",1
"X19","XA:8376","SDG_1041_NOC_RT","2010",52.2,"NA",1
"X19","XA:8376","SDG_1041_NOC_RT","2009",51.2,"NA",1
"X19","XA:8376","SDG_1041_NOC_RT","2008",50.5,"NA",1
"X19","XA:8376","SDG_1041_NOC_RT","2007",49.5,"NA",1
"X19","XA:8376","SDG_1041_NOC_RT","2006",50.8,"NA",1
"X19","XA:8376","SDG_1041_NOC_RT","2005",50.6,"NA",1
"X19","XA:8376","SDG_1041_NOC_RT","2004",51.1,"NA",1
"X20","XA:8387","SDG_1041_NOC_RT","2026",58.7,"NA",1
"X20","XA:8387","SDG_1041_NOC_RT","2025",58.8,"NA",1
"X20","XA:8387","SDG_1041_NOC_RT","2024",58.9,"NA",1
"X20","XA:8387","SDG_1041_NOC_RT","2023",59.3,"NA",1
"X20","XA:8387","SDG_1041_NOC_RT","2022",58.5,"NA",1
"X20","XA:8387","SDG_1041_NOC_RT","2021",59.3,"NA",1
"X20","XA:8387","SDG_1041_NOC_RT","2020",59.1,"NA",1
"X20","XA:8387","SDG_1041_NOC_RT","2019",60.4,"NA",1
"X20","XA:8387","SDG_1041_NOC_RT","2018",59.1,"NA",1
"X20","XA:8387","SDG_1041_NOC_RT","2017",58.4,"NA",1
"X20","XA:8387","SDG_1041_NOC_RT","2016",55.8,"NA",1
"X20","XA:8387","SDG_1041_NOC_RT","2015",57.2,"NA",1
"X20","XA:8387","SDG_1041_NOC_RT","2014",58.8,"NA",1
"X20","XA:8387","SDG_1041_NOC_RT","2013",58.1,"NA",1
"X20","XA:8387","SDG_1041_NOC_RT","2012",57.3,"NA",1
"X20","XA:8387","SDG_1041_NOC_RT","2011",55.8,"NA",1
"X20","XA:8387","SDG_1041_NOC_RT","2010",55.2,"NA",1
"X20","XA:8387","SDG_1041_NOC_RT","2009",55.5,"NA",1
"X20","XA:8387","SDG_1041_NOC_RT","2008",55.3,"NA",1
"X20","XA:8387","SDG_1041_NOC_RT","2007",55.8,"NA",1
"X20","XA:8387","SDG_1041_NOC_RT","2006",55.4,"NA",1
"X20","XA:8387","SDG_1041_NOC_RT","2005",55.5,"NA",1
"X20","XA:8387","SDG_1041_NOC_RT","2004",54.9,"NA",1
"X21","XA:8377","SDG_1041_NOC_RT","2026",53.9,"NA",1
"X21","XA:8377","SDG_1041_NOC_RT","2025",53.9,"NA",1
"X21","XA:8377","SDG_1041_NOC_RT","2024",53.6,"NA",1
"X21","XA:8377","SDG_1041_NOC_RT","2023",53.5,"NA",1
"X21","XA:8377","SDG_1041_NOC_RT","2022",53.7,"NA",1
"X21","XA:8377","SDG_1041_NOC_RT","2021",54.8,"NA",1
"X21","XA:8377","SDG_1041_NOC_RT","2020",56,"NA",1
"X21","XA:8377","SDG_1041_NOC_RT","2019",55.2,"NA",1
"X21","XA:8377","SDG_1041_NOC_RT","2018",55.2,"NA",1
"X21","XA:8377","SDG_1041_NOC_RT","2017",55.2,"NA",1
"X21","XA:8377","SDG_1041_NOC_RT","2016",55.4,"NA",1
"X21","XA:8377","SDG_1041_NOC_RT","2015",55.5,"NA",1
"X21","XA:8377","SDG_1041_NOC_RT","2014",55.4,"NA",1
"X21","XA:8377","SDG_1041_NOC_RT","2013",55.1,"NA",1
"X21","XA:8377","SDG_1041_NOC_RT","2012",55.1,"NA",1
"X21","XA:8377","SDG_1041_NOC_RT","2011",54.9,"NA",1
"X21","XA:8377","SDG_1041_NOC_RT","2010",55,"NA",1
"X21","XA:8377","SDG_1041_NOC_RT","2009",56.4,"NA",1
"X21","XA:8377","SDG_1041_NOC_RT","2008",55.9,"NA",1
"X21","XA:8377","SDG_1041_NOC_RT","2007",55.9,"NA",1
"X21","XA:8377","SDG_1041_NOC_RT","2006",56,"NA",1
"X21","XA:8377","SDG_1041_NOC_RT","2005",56.2,"NA",1
"X21","XA:8377","SDG_1041_NOC_RT","2004",56.8,"NA",1
"X23","XA:8415","SDG_1041_NOC_RT","2026",53.9,"NA",1
"X23","XA:8415","SDG_1041_NOC_RT","2025",53.9,"NA",1
"X23","XA:8415","SDG_1041_NOC_RT","2024",53.9,"NA",1
"X23","XA:8415","SDG_1041_NOC_RT","2023",53.6,"NA",1
"X23","XA:8415","SDG_1041_NOC_RT","2022",53.5,"NA",1
"X23","XA:8415","SDG_1041_NOC_RT","2021",54.1,"NA",1
"X23","XA:8415","SDG_1041_NOC_RT","2020",55.2,"NA",1
"X23","XA:8415","SDG_1041_NOC_RT","2019",54.5,"NA",1
"X23","XA:8415","SDG_1041_NOC_RT","2018",54.4,"NA",1
"X23","XA:8415","SDG_1041_NOC_RT","2017",54.1,"NA",1
"X23","XA:8415","SDG_1041_NOC_RT","2016",53.9,"NA",1
"X23","XA:8415","SDG_1041_NOC_RT","2015",53.7,"NA",1
"X23","XA:8415","SDG_1041_NOC_RT","2014",53.4,"NA",1
"X23","XA:8415","SDG_1041_NOC_RT","2013",52.2,"NA",1
"X23","XA:8415","SDG_1041_NOC_RT","2012",51.9,"NA",1
"X23","XA:8415","SDG_1041_NOC_RT","2011",52.6,"NA",1
"X23","XA:8415","SDG_1041_NOC_RT","2010",54,"NA",1
"X23","XA:8415","SDG_1041_NOC_RT","2009",53.9,"NA",1
"X23","XA:8415","SDG_1041_NOC_RT","2008",52.1,"NA",1
"X23","XA:8415","SDG_1041_NOC_RT","2007",53.2,"NA",1
"X23","XA:8415","SDG_1041_NOC_RT","2006",53.4,"NA",1
"X23","XA:8415","SDG_1041_NOC_RT","2005",56.6,"NA",1
"X23","XA:8415","SDG_1041_NOC_RT","2004",57.6,"NA",1
"X24","XA:8416","SDG_1041_NOC_RT","2026",49,"NA",1
"X24","XA:8416","SDG_1041_NOC_RT","2025",48.9,"NA",1
"X24","XA:8416","SDG_1041_NOC_RT","2024",48.7,"NA",1
"X24","XA:8416","SDG_1041_NOC_RT","2023",48.4,"NA",1
"X24","XA:8416","SDG_1041_NOC_RT","2022",47.7,"NA",1
"X24","XA:8416","SDG_1041_NOC_RT","2021",47.4,"NA",1
"X24","XA:8416","SDG_1041_NOC_RT","2020",48.4,"NA",1
"X24","XA:8416","SDG_1041_NOC_RT","2019",48,"NA",1
"X24","XA:8416","SDG_1041_NOC_RT","2018",47.9,"NA",1
"X24","XA:8416","SDG_1041_NOC_RT","2017",48.4,"NA",1
"X24","XA:8416","SDG_1041_NOC_RT","2016",48.8,"NA",1
"X24","XA:8416","SDG_1041_NOC_RT","2015",49,"NA",1
"X24","XA:8416","SDG_1041_NOC_RT","2014",50.1,"NA",1
"X24","XA:8416","SDG_1041_NOC_RT","2013",49.5,"NA",1
"X24","XA:8416","SDG_1041_NOC_RT","2012",48.4,"NA",1
"X24","XA:8416","SDG_1041_NOC_RT","2011",47.5,"NA",1
"X24","XA:8416","SDG_1041_NOC_RT","2010",47.3,"NA",1
"X24","XA:8416","SDG_1041_NOC_RT","2009",48.9,"NA",1
"X24","XA:8416","SDG_1041_NOC_RT","2008",46.1,"NA",1
"X24","XA:8416","SDG_1041_NOC_RT","2007",45.3,"NA",1
"X24","XA:8416","SDG_1041_NOC_RT","2006",45.6,"NA",1
"X24","XA:8416","SDG_1041_NOC_RT","2005",45.2,"NA",1
"X24","XA:8416","SDG_1041_NOC_RT","2004",44.8,"NA",1
"X25","XA:8417","SDG_1041_NOC_RT","2026",55.8,"NA",1
"X25","XA:8417","SDG_1041_NOC_RT","2025",55.8,"NA",1
"X25","XA:8417","SDG_1041_NOC_RT","2024",55.5,"NA",1
"X25","XA:8417","SDG_1041_NOC_RT","2023",55.5,"NA",1
"X25","XA:8417","SDG_1041_NOC_RT","2022",56,"NA",1
"X25","XA:8417","SDG_1041_NOC_RT","2021",57.7,"NA",1
"X25","XA:8417","SDG_1041_NOC_RT","2020",59,"NA",1
"X25","XA:8417","SDG_1041_NOC_RT","2019",58.2,"NA",1
"X25","XA:8417","SDG_1041_NOC_RT","2018",58.3,"NA",1
"X25","XA:8417","SDG_1041_NOC_RT","2017",58.2,"NA",1
"X25","XA:8417","SDG_1041_NOC_RT","2016",58.3,"NA",1
"X25","XA:8417","SDG_1041_NOC_RT","2015",58.5,"NA",1
"X25","XA:8417","SDG_1041_NOC_RT","2014",57.9,"NA",1
"X25","XA:8417","SDG_1041_NOC_RT","2013",57.8,"NA",1
"X25","XA:8417","SDG_1041_NOC_RT","2012",58.4,"NA",1
"X25","XA:8417","SDG_1041_NOC_RT","2011",58.4,"NA",1
"X25","XA:8417","SDG_1041_NOC_RT","2010",58.6,"NA",1
"X25","XA:8417","SDG_1041_NOC_RT","2009",59.7,"NA",1
"X25","XA:8417","SDG_1041_NOC_RT","2008",60.4,"NA",1
"X25","XA:8417","SDG_1041_NOC_RT","2007",60.4,"NA",1
"X25","XA:8417","SDG_1041_NOC_RT","2006",60.4,"NA",1
"X25","XA:8417","SDG_1041_NOC_RT","2005",60.6,"NA",1
"X25","XA:8417","SDG_1041_NOC_RT","2004",61.5,"NA",1
"X26","XA:8378","SDG_1041_NOC_RT","2026",49.3,"NA",1
"X26","XA:8378","SDG_1041_NOC_RT","2025",49.2,"NA",1
"X26","XA:8378","SDG_1041_NOC_RT","2024",49,"NA",1
"X26","XA:8378","SDG_1041_NOC_RT","2023",48.9,"NA",1
"X26","XA:8378","SDG_1041_NOC_RT","2022",48.2,"NA",1
"X26","XA:8378","SDG_1041_NOC_RT","2021",47.8,"NA",1
"X26","XA:8378","SDG_1041_NOC_RT","2020",48.9,"NA",1
"X26","XA:8378","SDG_1041_NOC_RT","2019",48.6,"NA",1
"X26","XA:8378","SDG_1041_NOC_RT","2018",48.4,"NA",1
"X26","XA:8378","SDG_1041_NOC_RT","2017",48.7,"NA",1
"X26","XA:8378","SDG_1041_NOC_RT","2016",49.1,"NA",1
"X26","XA:8378","SDG_1041_NOC_RT","2015",49.2,"NA",1
"X26","XA:8378","SDG_1041_NOC_RT","2014",50.2,"NA",1
"X26","XA:8378","SDG_1041_NOC_RT","2013",49.5,"NA",1
"X26","XA:8378","SDG_1041_NOC_RT","2012",48.6,"NA",1
"X26","XA:8378","SDG_1041_NOC_RT","2011",47.8,"NA",1
"X26","XA:8378","SDG_1041_NOC_RT","2010",47.6,"NA",1
"X26","XA:8378","SDG_1041_NOC_RT","2009",49.2,"NA",1
"X26","XA:8378","SDG_1041_NOC_RT","2008",46.5,"NA",1
"X26","XA:8378","SDG_1041_NOC_RT","2007",45.8,"NA",1
"X26","XA:8378","SDG_1041_NOC_RT","2006",46,"NA",1
"X26","XA:8378","SDG_1041_NOC_RT","2005",46,"NA",1
"X26","XA:8378","SDG_1041_NOC_RT","2004",45.8,"NA",1
"X28","XA:8419","SDG_1041_NOC_RT","2026",53.9,"NA",1
"X28","XA:8419","SDG_1041_NOC_RT","2025",53.9,"NA",1
"X28","XA:8419","SDG_1041_NOC_RT","2024",53.9,"NA",1
"X28","XA:8419","SDG_1041_NOC_RT","2023",53.6,"NA",1
"X28","XA:8419","SDG_1041_NOC_RT","2022",53.5,"NA",1
"X28","XA:8419","SDG_1041_NOC_RT","2021",54.1,"NA",1
"X28","XA:8419","SDG_1041_NOC_RT","2020",55.2,"NA",1
"X28","XA:8419","SDG_1041_NOC_RT","2019",54.5,"NA",1
"X28","XA:8419","SDG_1041_NOC_RT","2018",54.4,"NA",1
"X28","XA:8419","SDG_1041_NOC_RT","2017",54.1,"NA",1
"X28","XA:8419","SDG_1041_NOC_RT","2016",53.9,"NA",1
"X28","XA:8419","SDG_1041_NOC_RT","2015",53.7,"NA",1
"X28","XA:8419","SDG_1041_NOC_RT","2014",53.4,"NA",1
"X28","XA:8419","SDG_1041_NOC_RT","2013",52.2,"NA",1
"X28","XA:8419","SDG_1041_NOC_RT","2012",51.9,"NA",1
"X28","XA:8419","SDG_1041_NOC_RT","2011",52.6,"NA",1
"X28","XA:8419","SDG_1041_NOC_RT","2010",54,"NA",1
"X28","XA:8419","SDG_1041_NOC_RT","2009",53.9,"NA",1
"X28","XA:8419","SDG_1041_NOC_RT","2008",52.1,"NA",1
"X28","XA:8419","SDG_1041_NOC_RT","2007",53.2,"NA",1
"X28","XA:8419","SDG_1041_NOC_RT","2006",53.4,"NA",1
"X28","XA:8419","SDG_1041_NOC_RT","2005",56.6,"NA",1
"X28","XA:8419","SDG_1041_NOC_RT","2004",57.6,"NA",1
"X29","XA:8420","SDG_1041_NOC_RT","2026",49,"NA",1
"X29","XA:8420","SDG_1041_NOC_RT","2025",48.9,"NA",1
"X29","XA:8420","SDG_1041_NOC_RT","2024",48.7,"NA",1
"X29","XA:8420","SDG_1041_NOC_RT","2023",48.4,"NA",1
"X29","XA:8420","SDG_1041_NOC_RT","2022",47.7,"NA",1
"X29","XA:8420","SDG_1041_NOC_RT","2021",47.4,"NA",1
"X29","XA:8420","SDG_1041_NOC_RT","2020",48.4,"NA",1
"X29","XA:8420","SDG_1041_NOC_RT","2019",48,"NA",1
"X29","XA:8420","SDG_1041_NOC_RT","2018",47.9,"NA",1
"X29","XA:8420","SDG_1041_NOC_RT","2017",48.4,"NA",1
"X29","XA:8420","SDG_1041_NOC_RT","2016",48.8,"NA",1
"X29","XA:8420","SDG_1041_NOC_RT","2015",49,"NA",1
"X29","XA:8420","SDG_1041_NOC_RT","2014",50.1,"NA",1
"X29","XA:8420","SDG_1041_NOC_RT","2013",49.5,"NA",1
"X29","XA:8420","SDG_1041_NOC_RT","2012",48.4,"NA",1
"X29","XA:8420","SDG_1041_NOC_RT","2011",47.5,"NA",1
"X29","XA:8420","SDG_1041_NOC_RT","2010",47.3,"NA",1
"X29","XA:8420","SDG_1041_NOC_RT","2009",48.9,"NA",1
"X29","XA:8420","SDG_1041_NOC_RT","2008",46.1,"NA",1
"X29","XA:8420","SDG_1041_NOC_RT","2007",45.3,"NA",1
"X29","XA:8420","SDG_1041_NOC_RT","2006",45.6,"NA",1
"X29","XA:8420","SDG_1041_NOC_RT","2005",45.2,"NA",1
"X29","XA:8420","SDG_1041_NOC_RT","2004",44.8,"NA",1
"X30","XA:8421","SDG_1041_NOC_RT","2026",51.1,"NA",1
"X30","XA:8421","SDG_1041_NOC_RT","2025",51.1,"NA",1
"X30","XA:8421","SDG_1041_NOC_RT","2024",50.9,"NA",1
"X30","XA:8421","SDG_1041_NOC_RT","2023",51.8,"NA",1
"X30","XA:8421","SDG_1041_NOC_RT","2022",50.8,"NA",1
"X30","XA:8421","SDG_1041_NOC_RT","2021",50,"NA",1
"X30","XA:8421","SDG_1041_NOC_RT","2020",51.7,"NA",1
"X30","XA:8421","SDG_1041_NOC_RT","2019",53,"NA",1
"X30","XA:8421","SDG_1041_NOC_RT","2018",52.5,"NA",1
"X30","XA:8421","SDG_1041_NOC_RT","2017",50.8,"NA",1
"X30","XA:8421","SDG_1041_NOC_RT","2016",50.8,"NA",1
"X30","XA:8421","SDG_1041_NOC_RT","2015",50.4,"NA",1
"X30","XA:8421","SDG_1041_NOC_RT","2014",50.2,"NA",1
"X30","XA:8421","SDG_1041_NOC_RT","2013",49.9,"NA",1
"X30","XA:8421","SDG_1041_NOC_RT","2012",49.9,"NA",1
"X30","XA:8421","SDG_1041_NOC_RT","2011",49.8,"NA",1
"X30","XA:8421","SDG_1041_NOC_RT","2010",49.5,"NA",1
"X30","XA:8421","SDG_1041_NOC_RT","2009",51.2,"NA",1
"X30","XA:8421","SDG_1041_NOC_RT","2008",50.5,"NA",1
"X30","XA:8421","SDG_1041_NOC_RT","2007",48.8,"NA",1
"X30","XA:8421","SDG_1041_NOC_RT","2006",49.2,"NA",1
"X30","XA:8421","SDG_1041_NOC_RT","2005",51.9,"NA",1
"X30","XA:8421","SDG_1041_NOC_RT","2004",53.4,"NA",1
"X31","XA:8379","SDG_1041_NOC_RT","2026",48.1,"NA",1
"X31","XA:8379","SDG_1041_NOC_RT","2025",48.2,"NA",1
"X31","XA:8379","SDG_1041_NOC_RT","2024",48,"NA",1
"X31","XA:8379","SDG_1041_NOC_RT","2023",48.3,"NA",1
"X31","XA:8379","SDG_1041_NOC_RT","2022",47.7,"NA",1
"X31","XA:8379","SDG_1041_NOC_RT","2021",47.5,"NA",1
"X31","XA:8379","SDG_1041_NOC_RT","2020",49.6,"NA",1
"X31","XA:8379","SDG_1041_NOC_RT","2019",48,"NA",1
"X31","XA:8379","SDG_1041_NOC_RT","2018",47.9,"NA",1
"X31","XA:8379","SDG_1041_NOC_RT","2017",48.2,"NA",1
"X31","XA:8379","SDG_1041_NOC_RT","2016",48.2,"NA",1
"X31","XA:8379","SDG_1041_NOC_RT","2015",48.2,"NA",1
"X31","XA:8379","SDG_1041_NOC_RT","2014",49,"NA",1
"X31","XA:8379","SDG_1041_NOC_RT","2013",49.2,"NA",1
"X31","XA:8379","SDG_1041_NOC_RT","2012",49,"NA",1
"X31","XA:8379","SDG_1041_NOC_RT","2011",50,"NA",1
"X31","XA:8379","SDG_1041_NOC_RT","2010",50.2,"NA",1
"X31","XA:8379","SDG_1041_NOC_RT","2009",50.5,"NA",1
"X31","XA:8379","SDG_1041_NOC_RT","2008",49.4,"NA",1
"X31","XA:8379","SDG_1041_NOC_RT","2007",48.6,"NA",1
"X31","XA:8379","SDG_1041_NOC_RT","2006",48.8,"NA",1
"X31","XA:8379","SDG_1041_NOC_RT","2005",49.5,"NA",1
"X31","XA:8379","SDG_1041_NOC_RT","2004",48.1,"NA",1
"X32","XA:8380","SDG_1041_NOC_RT","2026",39.7,"NA",1
"X32","XA:8380","SDG_1041_NOC_RT","2025",39.7,"NA",1
"X32","XA:8380","SDG_1041_NOC_RT","2024",39.5,"NA",1
"X32","XA:8380","SDG_1041_NOC_RT","2023",38.3,"NA",1
"X32","XA:8380","SDG_1041_NOC_RT","2022",37.7,"NA",1
"X32","XA:8380","SDG_1041_NOC_RT","2021",37.1,"NA",1
"X32","XA:8380","SDG_1041_NOC_RT","2020",36.7,"NA",1
"X32","XA:8380","SDG_1041_NOC_RT","2019",35.3,"NA",1
"X32","XA:8380","SDG_1041_NOC_RT","2018",34.5,"NA",1
"X32","XA:8380","SDG_1041_NOC_RT","2017",34.1,"NA",1
"X32","XA:8380","SDG_1041_NOC_RT","2016",34.4,"NA",1
"X32","XA:8380","SDG_1041_NOC_RT","2015",35.2,"NA",1
"X32","XA:8380","SDG_1041_NOC_RT","2014",35.2,"NA",1
"X32","XA:8380","SDG_1041_NOC_RT","2013",36,"NA",1
"X32","XA:8380","SDG_1041_NOC_RT","2012",34.5,"NA",1
"X32","XA:8380","SDG_1041_NOC_RT","2011",34.9,"NA",1
"X32","XA:8380","SDG_1041_NOC_RT","2010",35.5,"NA",1
"X32","XA:8380","SDG_1041_NOC_RT","2009",36.8,"NA",1
"X32","XA:8380","SDG_1041_NOC_RT","2008",35.3,"NA",1
"X32","XA:8380","SDG_1041_NOC_RT","2007",35.4,"NA",1
"X32","XA:8380","SDG_1041_NOC_RT","2006",35.6,"NA",1
"X32","XA:8380","SDG_1041_NOC_RT","2005",36.7,"NA",1
"X32","XA:8380","SDG_1041_NOC_RT","2004",37.1,"NA",1
"X33","XA:8381","SDG_1041_NOC_RT","2026",53.4,"NA",1
"X33","XA:8381","SDG_1041_NOC_RT","2025",53.3,"NA",1
"X33","XA:8381","SDG_1041_NOC_RT","2024",53.1,"NA",1
"X33","XA:8381","SDG_1041_NOC_RT","2023",53.5,"NA",1
"X33","XA:8381","SDG_1041_NOC_RT","2022",52.7,"NA",1
"X33","XA:8381","SDG_1041_NOC_RT","2021",52.3,"NA",1
"X33","XA:8381","SDG_1041_NOC_RT","2020",54,"NA",1
"X33","XA:8381","SDG_1041_NOC_RT","2019",54.4,"NA",1
"X33","XA:8381","SDG_1041_NOC_RT","2018",54.4,"NA",1
"X33","XA:8381","SDG_1041_NOC_RT","2017",54.8,"NA",1
"X33","XA:8381","SDG_1041_NOC_RT","2016",55.1,"NA",1
"X33","XA:8381","SDG_1041_NOC_RT","2015",54.7,"NA",1
"X33","XA:8381","SDG_1041_NOC_RT","2014",55.8,"NA",1
"X33","XA:8381","SDG_1041_NOC_RT","2013",54.5,"NA",1
"X33","XA:8381","SDG_1041_NOC_RT","2012",53.7,"NA",1
"X33","XA:8381","SDG_1041_NOC_RT","2011",52.3,"NA",1
"X33","XA:8381","SDG_1041_NOC_RT","2010",51.8,"NA",1
"X33","XA:8381","SDG_1041_NOC_RT","2009",53.6,"NA",1
"X33","XA:8381","SDG_1041_NOC_RT","2008",50.7,"NA",1
"X33","XA:8381","SDG_1041_NOC_RT","2007",49.7,"NA",1
"X33","XA:8381","SDG_1041_NOC_RT","2006",50.1,"NA",1
"X33","XA:8381","SDG_1041_NOC_RT","2005",49.5,"NA",1
"X33","XA:8381","SDG_1041_NOC_RT","2004",49.3,"NA",1
"X34","XA:8382","SDG_1041_NOC_RT","2026",56,"NA",1
"X34","XA:8382","SDG_1041_NOC_RT","2025",56,"NA",1
"X34","XA:8382","SDG_1041_NOC_RT","2024",55.7,"NA",1
"X34","XA:8382","SDG_1041_NOC_RT","2023",55.6,"NA",1
"X34","XA:8382","SDG_1041_NOC_RT","2022",56.2,"NA",1
"X34","XA:8382","SDG_1041_NOC_RT","2021",58,"NA",1
"X34","XA:8382","SDG_1041_NOC_RT","2020",59.3,"NA",1
"X34","XA:8382","SDG_1041_NOC_RT","2019",58.4,"NA",1
"X34","XA:8382","SDG_1041_NOC_RT","2018",58.6,"NA",1
"X34","XA:8382","SDG_1041_NOC_RT","2017",58.5,"NA",1
"X34","XA:8382","SDG_1041_NOC_RT","2016",58.6,"NA",1
"X34","XA:8382","SDG_1041_NOC_RT","2015",58.9,"NA",1
"X34","XA:8382","SDG_1041_NOC_RT","2014",58.3,"NA",1
"X34","XA:8382","SDG_1041_NOC_RT","2013",58.2,"NA",1
"X34","XA:8382","SDG_1041_NOC_RT","2012",58.8,"NA",1
"X34","XA:8382","SDG_1041_NOC_RT","2011",58.8,"NA",1
"X34","XA:8382","SDG_1041_NOC_RT","2010",59,"NA",1
"X34","XA:8382","SDG_1041_NOC_RT","2009",60.1,"NA",1
"X34","XA:8382","SDG_1041_NOC_RT","2008",60.8,"NA",1
"X34","XA:8382","SDG_1041_NOC_RT","2007",60.9,"NA",1
"X34","XA:8382","SDG_1041_NOC_RT","2006",60.8,"NA",1
"X34","XA:8382","SDG_1041_NOC_RT","2005",60.9,"NA",1
"X34","XA:8382","SDG_1041_NOC_RT","2004",61.8,"NA",1
"X35","XA:8422","SDG_1041_NOC_RT","2026",56,"NA",1
"X35","XA:8422","SDG_1041_NOC_RT","2025",56,"NA",1
"X35","XA:8422","SDG_1041_NOC_RT","2024",55.7,"NA",1
"X35","XA:8422","SDG_1041_NOC_RT","2023",55.6,"NA",1
"X35","XA:8422","SDG_1041_NOC_RT","2022",56.2,"NA",1
"X35","XA:8422","SDG_1041_NOC_RT","2021",58,"NA",1
"X35","XA:8422","SDG_1041_NOC_RT","2020",59.3,"NA",1
"X35","XA:8422","SDG_1041_NOC_RT","2019",58.4,"NA",1
"X35","XA:8422","SDG_1041_NOC_RT","2018",58.6,"NA",1
"X35","XA:8422","SDG_1041_NOC_RT","2017",58.5,"NA",1
"X35","XA:8422","SDG_1041_NOC_RT","2016",58.6,"NA",1
"X35","XA:8422","SDG_1041_NOC_RT","2015",58.9,"NA",1
"X35","XA:8422","SDG_1041_NOC_RT","2014",58.3,"NA",1
"X35","XA:8422","SDG_1041_NOC_RT","2013",58.2,"NA",1
"X35","XA:8422","SDG_1041_NOC_RT","2012",58.8,"NA",1
"X35","XA:8422","SDG_1041_NOC_RT","2011",58.8,"NA",1
"X35","XA:8422","SDG_1041_NOC_RT","2010",59,"NA",1
"X35","XA:8422","SDG_1041_NOC_RT","2009",60.1,"NA",1
"X35","XA:8422","SDG_1041_NOC_RT","2008",60.8,"NA",1
"X35","XA:8422","SDG_1041_NOC_RT","2007",60.9,"NA",1
"X35","XA:8422","SDG_1041_NOC_RT","2006",60.8,"NA",1
"X35","XA:8422","SDG_1041_NOC_RT","2005",60.9,"NA",1
"X35","XA:8422","SDG_1041_NOC_RT","2004",61.8,"NA",1
"X36","XA:8384","SDG_1041_NOC_RT","2026",33.4,"NA",1
"X36","XA:8384","SDG_1041_NOC_RT","2025",33.5,"NA",1
"X36","XA:8384","SDG_1041_NOC_RT","2024",33.9,"NA",1
"X36","XA:8384","SDG_1041_NOC_RT","2023",34.1,"NA",1
"X36","XA:8384","SDG_1041_NOC_RT","2022",30.5,"NA",1
"X36","XA:8384","SDG_1041_NOC_RT","2021",33.8,"NA",1
"X36","XA:8384","SDG_1041_NOC_RT","2020",37.4,"NA",1
"X36","XA:8384","SDG_1041_NOC_RT","2019",33.9,"NA",1
"X36","XA:8384","SDG_1041_NOC_RT","2018",32.5,"NA",1
"X36","XA:8384","SDG_1041_NOC_RT","2017",34.3,"NA",1
"X36","XA:8384","SDG_1041_NOC_RT","2016",35,"NA",1
"X36","XA:8384","SDG_1041_NOC_RT","2015",33.6,"NA",1
"X36","XA:8384","SDG_1041_NOC_RT","2014",27.3,"NA",1
"X36","XA:8384","SDG_1041_NOC_RT","2013",26.1,"NA",1
"X36","XA:8384","SDG_1041_NOC_RT","2012",25.4,"NA",1
"X36","XA:8384","SDG_1041_NOC_RT","2011",25.1,"NA",1
"X36","XA:8384","SDG_1041_NOC_RT","2010",28.4,"NA",1
"X36","XA:8384","SDG_1041_NOC_RT","2009",31.1,"NA",1
"X36","XA:8384","SDG_1041_NOC_RT","2008",25.1,"NA",1
"X36","XA:8384","SDG_1041_NOC_RT","2007",26.4,"NA",1
"X36","XA:8384","SDG_1041_NOC_RT","2006",26.1,"NA",1
"X36","XA:8384","SDG_1041_NOC_RT","2005",27.1,"NA",1
"X36","XA:8384","SDG_1041_NOC_RT","2004",29.6,"NA",1
"X37","XA:8423","SDG_1041_NOC_RT","2026",44.9,"NA",1
"X37","XA:8423","SDG_1041_NOC_RT","2025",45,"NA",1
"X37","XA:8423","SDG_1041_NOC_RT","2024",45.6,"NA",1
"X37","XA:8423","SDG_1041_NOC_RT","2023",45,"NA",1
"X37","XA:8423","SDG_1041_NOC_RT","2022",44.6,"NA",1
"X37","XA:8423","SDG_1041_NOC_RT","2021",44.5,"NA",1
"X37","XA:8423","SDG_1041_NOC_RT","2020",46,"NA",1
"X37","XA:8423","SDG_1041_NOC_RT","2019",44.6,"NA",1
"X37","XA:8423","SDG_1041_NOC_RT","2018",44.2,"NA",1
"X37","XA:8423","SDG_1041_NOC_RT","2017",44.5,"NA",1
"X37","XA:8423","SDG_1041_NOC_RT","2016",43.6,"NA",1
"X37","XA:8423","SDG_1041_NOC_RT","2015",43.4,"NA",1
"X37","XA:8423","SDG_1041_NOC_RT","2014",43.1,"NA",1
"X37","XA:8423","SDG_1041_NOC_RT","2013",43.2,"NA",1
"X37","XA:8423","SDG_1041_NOC_RT","2012",43.4,"NA",1
"X37","XA:8423","SDG_1041_NOC_RT","2011",43.3,"NA",1
"X37","XA:8423","SDG_1041_NOC_RT","2010",42.8,"NA",1
"X37","XA:8423","SDG_1041_NOC_RT","2009",43.7,"NA",1
"X37","XA:8423","SDG_1041_NOC_RT","2008",42.8,"NA",1
"X37","XA:8423","SDG_1041_NOC_RT","2007",43.6,"NA",1
"X37","XA:8423","SDG_1041_NOC_RT","2006",43.4,"NA",1
"X37","XA:8423","SDG_1041_NOC_RT","2005",43.4,"NA",1
"X37","XA:8423","SDG_1041_NOC_RT","2004",43.4,"NA",1
"X39","XA:8425","SDG_1041_NOC_RT","2026",31.7,"NA",1
"X39","XA:8425","SDG_1041_NOC_RT","2025",31.7,"NA",1
"X39","XA:8425","SDG_1041_NOC_RT","2024",32.2,"NA",1
"X39","XA:8425","SDG_1041_NOC_RT","2023",32.3,"NA",1
"X39","XA:8425","SDG_1041_NOC_RT","2022",29.5,"NA",1
"X39","XA:8425","SDG_1041_NOC_RT","2021",32.4,"NA",1
"X39","XA:8425","SDG_1041_NOC_RT","2020",35.1,"NA",1
"X39","XA:8425","SDG_1041_NOC_RT","2019",32.3,"NA",1
"X39","XA:8425","SDG_1041_NOC_RT","2018",31,"NA",1
"X39","XA:8425","SDG_1041_NOC_RT","2017",32.5,"NA",1
"X39","XA:8425","SDG_1041_NOC_RT","2016",32.5,"NA",1
"X39","XA:8425","SDG_1041_NOC_RT","2015",30.7,"NA",1
"X39","XA:8425","SDG_1041_NOC_RT","2014",23.4,"NA",1
"X39","XA:8425","SDG_1041_NOC_RT","2013",22.2,"NA",1
"X39","XA:8425","SDG_1041_NOC_RT","2012",21.5,"NA",1
"X39","XA:8425","SDG_1041_NOC_RT","2011",21.4,"NA",1
"X39","XA:8425","SDG_1041_NOC_RT","2010",24.8,"NA",1
"X39","XA:8425","SDG_1041_NOC_RT","2009",28.3,"NA",1
"X39","XA:8425","SDG_1041_NOC_RT","2008",21.1,"NA",1
"X39","XA:8425","SDG_1041_NOC_RT","2007",23.6,"NA",1
"X39","XA:8425","SDG_1041_NOC_RT","2006",23.6,"NA",1
"X39","XA:8425","SDG_1041_NOC_RT","2005",25,"NA",1
"X39","XA:8425","SDG_1041_NOC_RT","2004",28.3,"NA",1
"X40","XA:8385","SDG_1041_NOC_RT","2026",53.3,"NA",1
"X40","XA:8385","SDG_1041_NOC_RT","2025",53.2,"NA",1
"X40","XA:8385","SDG_1041_NOC_RT","2024",53.2,"NA",1
"X40","XA:8385","SDG_1041_NOC_RT","2023",52.9,"NA",1
"X40","XA:8385","SDG_1041_NOC_RT","2022",53.2,"NA",1
"X40","XA:8385","SDG_1041_NOC_RT","2021",53.1,"NA",1
"X40","XA:8385","SDG_1041_NOC_RT","2020",53.9,"NA",1
"X40","XA:8385","SDG_1041_NOC_RT","2019",53.2,"NA",1
"X40","XA:8385","SDG_1041_NOC_RT","2018",52.9,"NA",1
"X40","XA:8385","SDG_1041_NOC_RT","2017",52.7,"NA",1
"X40","XA:8385","SDG_1041_NOC_RT","2016",52.8,"NA",1
"X40","XA:8385","SDG_1041_NOC_RT","2015",52.7,"NA",1
"X40","XA:8385","SDG_1041_NOC_RT","2014",52.9,"NA",1
"X40","XA:8385","SDG_1041_NOC_RT","2013",52.6,"NA",1
"X40","XA:8385","SDG_1041_NOC_RT","2012",52.6,"NA",1
"X40","XA:8385","SDG_1041_NOC_RT","2011",52.5,"NA",1
"X40","XA:8385","SDG_1041_NOC_RT","2010",52.4,"NA",1
"X40","XA:8385","SDG_1041_NOC_RT","2009",53.6,"NA",1
"X40","XA:8385","SDG_1041_NOC_RT","2008",52.9,"NA",1
"X40","XA:8385","SDG_1041_NOC_RT","2007",51.5,"NA",1
"X40","XA:8385","SDG_1041_NOC_RT","2006",52,"NA",1
"X40","XA:8385","SDG_1041_NOC_RT","2005",52.4,"NA",1
"X40","XA:8385","SDG_1041_NOC_RT","2004",52.7,"NA",1
"X41","XA:8426","SDG_1041_NOC_RT","2026",40,"NA",1
"X41","XA:8426","SDG_1041_NOC_RT","2025",40,"NA",1
"X41","XA:8426","SDG_1041_NOC_RT","2024",40,"NA",1
"X41","XA:8426","SDG_1041_NOC_RT","2023",39.7,"NA",1
"X41","XA:8426","SDG_1041_NOC_RT","2022",40.5,"NA",1
"X41","XA:8426","SDG_1041_NOC_RT","2021",39.6,"NA",1
"X41","XA:8426","SDG_1041_NOC_RT","2020",39.9,"NA",1
"X41","XA:8426","SDG_1041_NOC_RT","2019",40.3,"NA",1
"X41","XA:8426","SDG_1041_NOC_RT","2018",40.8,"NA",1
"X41","XA:8426","SDG_1041_NOC_RT","2017",40.7,"NA",1
"X41","XA:8426","SDG_1041_NOC_RT","2016",40.1,"NA",1
"X41","XA:8426","SDG_1041_NOC_RT","2015",40.7,"NA",1
"X41","XA:8426","SDG_1041_NOC_RT","2014",40.5,"NA",1
"X41","XA:8426","SDG_1041_NOC_RT","2013",40.4,"NA",1
"X41","XA:8426","SDG_1041_NOC_RT","2012",40.1,"NA",1
"X41","XA:8426","SDG_1041_NOC_RT","2011",40.7,"NA",1
"X41","XA:8426","SDG_1041_NOC_RT","2010",40.3,"NA",1
"X41","XA:8426","SDG_1041_NOC_RT","2009",40.2,"NA",1
"X41","XA:8426","SDG_1041_NOC_RT","2008",40.4,"NA",1
"X41","XA:8426","SDG_1041_NOC_RT","2007",40.6,"NA",1
"X41","XA:8426","SDG_1041_NOC_RT","2006",40.8,"NA",1
"X41","XA:8426","SDG_1041_NOC_RT","2005",40,"NA",1
"X41","XA:8426","SDG_1041_NOC_RT","2004",40.5,"NA",1
"X42","XA:8427","SDG_1041_NOC_RT","2026",57.3,"NA",1
"X42","XA:8427","SDG_1041_NOC_RT","2025",57.2,"NA",1
"X42","XA:8427","SDG_1041_NOC_RT","2024",57.2,"NA",1
"X42","XA:8427","SDG_1041_NOC_RT","2023",56.6,"NA",1
"X42","XA:8427","SDG_1041_NOC_RT","2022",56.9,"NA",1
"X42","XA:8427","SDG_1041_NOC_RT","2021",57.3,"NA",1
"X42","XA:8427","SDG_1041_NOC_RT","2020",57.3,"NA",1
"X42","XA:8427","SDG_1041_NOC_RT","2019",55.8,"NA",1
"X42","XA:8427","SDG_1041_NOC_RT","2018",55.6,"NA",1
"X42","XA:8427","SDG_1041_NOC_RT","2017",55,"NA",1
"X42","XA:8427","SDG_1041_NOC_RT","2016",54.6,"NA",1
"X42","XA:8427","SDG_1041_NOC_RT","2015",53.9,"NA",1
"X42","XA:8427","SDG_1041_NOC_RT","2014",54.7,"NA",1
"X42","XA:8427","SDG_1041_NOC_RT","2013",53.8,"NA",1
"X42","XA:8427","SDG_1041_NOC_RT","2012",53.7,"NA",1
"X42","XA:8427","SDG_1041_NOC_RT","2011",54.2,"NA",1
"X42","XA:8427","SDG_1041_NOC_RT","2010",55.2,"NA",1
"X42","XA:8427","SDG_1041_NOC_RT","2009",56.6,"NA",1
"X42","XA:8427","SDG_1041_NOC_RT","2008",55.3,"NA",1
"X42","XA:8427","SDG_1041_NOC_RT","2007",51.8,"NA",1
"X42","XA:8427","SDG_1041_NOC_RT","2006",52.1,"NA",1
"X42","XA:8427","SDG_1041_NOC_RT","2005",53.5,"NA",1
"X42","XA:8427","SDG_1041_NOC_RT","2004",54.7,"NA",1
"X43","XA:8428","SDG_1041_NOC_RT","2026",51,"NA",1
"X43","XA:8428","SDG_1041_NOC_RT","2025",50.9,"NA",1
"X43","XA:8428","SDG_1041_NOC_RT","2024",50.7,"NA",1
"X43","XA:8428","SDG_1041_NOC_RT","2023",50.6,"NA",1
"X43","XA:8428","SDG_1041_NOC_RT","2022",51,"NA",1
"X43","XA:8428","SDG_1041_NOC_RT","2021",50.7,"NA",1
"X43","XA:8428","SDG_1041_NOC_RT","2020",51.5,"NA",1
"X43","XA:8428","SDG_1041_NOC_RT","2019",51.2,"NA",1
"X43","XA:8428","SDG_1041_NOC_RT","2018",51.1,"NA",1
"X43","XA:8428","SDG_1041_NOC_RT","2017",51.3,"NA",1
"X43","XA:8428","SDG_1041_NOC_RT","2016",51.6,"NA",1
"X43","XA:8428","SDG_1041_NOC_RT","2015",51.8,"NA",1
"X43","XA:8428","SDG_1041_NOC_RT","2014",51.6,"NA",1
"X43","XA:8428","SDG_1041_NOC_RT","2013",51.5,"NA",1
"X43","XA:8428","SDG_1041_NOC_RT","2012",51.3,"NA",1
"X43","XA:8428","SDG_1041_NOC_RT","2011",50.8,"NA",1
"X43","XA:8428","SDG_1041_NOC_RT","2010",50.4,"NA",1
"X43","XA:8428","SDG_1041_NOC_RT","2009",51,"NA",1
"X43","XA:8428","SDG_1041_NOC_RT","2008",50.5,"NA",1
"X43","XA:8428","SDG_1041_NOC_RT","2007",49.5,"NA",1
"X43","XA:8428","SDG_1041_NOC_RT","2006",49.9,"NA",1
"X43","XA:8428","SDG_1041_NOC_RT","2005",50.1,"NA",1
"X43","XA:8428","SDG_1041_NOC_RT","2004",50.3,"NA",1
"X44","XA:8429","SDG_1041_NOC_RT","2026",54.5,"NA",1
"X44","XA:8429","SDG_1041_NOC_RT","2025",54.5,"NA",1
"X44","XA:8429","SDG_1041_NOC_RT","2024",54.6,"NA",1
"X44","XA:8429","SDG_1041_NOC_RT","2023",54.5,"NA",1
"X44","XA:8429","SDG_1041_NOC_RT","2022",54.9,"NA",1
"X44","XA:8429","SDG_1041_NOC_RT","2021",54.8,"NA",1
"X44","XA:8429","SDG_1041_NOC_RT","2020",56,"NA",1
"X44","XA:8429","SDG_1041_NOC_RT","2019",55.1,"NA",1
"X44","XA:8429","SDG_1041_NOC_RT","2018",54.1,"NA",1
"X44","XA:8429","SDG_1041_NOC_RT","2017",53.4,"NA",1
"X44","XA:8429","SDG_1041_NOC_RT","2016",53.8,"NA",1
"X44","XA:8429","SDG_1041_NOC_RT","2015",53.7,"NA",1
"X44","XA:8429","SDG_1041_NOC_RT","2014",54.1,"NA",1
"X44","XA:8429","SDG_1041_NOC_RT","2013",54,"NA",1
"X44","XA:8429","SDG_1041_NOC_RT","2012",54.4,"NA",1
"X44","XA:8429","SDG_1041_NOC_RT","2011",54.5,"NA",1
"X44","XA:8429","SDG_1041_NOC_RT","2010",53.7,"NA",1
"X44","XA:8429","SDG_1041_NOC_RT","2009",55.4,"NA",1
"X44","XA:8429","SDG_1041_NOC_RT","2008",55,"NA",1
"X44","XA:8429","SDG_1041_NOC_RT","2007",54.5,"NA",1
"X44","XA:8429","SDG_1041_NOC_RT","2006",54.9,"NA",1
"X44","XA:8429","SDG_1041_NOC_RT","2005",54.6,"NA",1
"X44","XA:8429","SDG_1041_NOC_RT","2004",54.4,"NA",1
"X45","XA:8386","SDG_1041_NOC_RT","2026",52.1,"NA",1
"X45","XA:8386","SDG_1041_NOC_RT","2025",52,"NA",1
"X45","XA:8386","SDG_1041_NOC_RT","2024",52,"NA",1
"X45","XA:8386","SDG_1041_NOC_RT","2023",52,"NA",1
"X45","XA:8386","SDG_1041_NOC_RT","2022",52.7,"NA",1
"X45","XA:8386","SDG_1041_NOC_RT","2021",52.1,"NA",1
"X45","XA:8386","SDG_1041_NOC_RT","2020",52.9,"NA",1
"X45","XA:8386","SDG_1041_NOC_RT","2019",52.4,"NA",1
"X45","XA:8386","SDG_1041_NOC_RT","2018",52.1,"NA",1
"X45","XA:8386","SDG_1041_NOC_RT","2017",51.9,"NA",1
"X45","XA:8386","SDG_1041_NOC_RT","2016",52.1,"NA",1
"X45","XA:8386","SDG_1041_NOC_RT","2015",52.1,"NA",1
"X45","XA:8386","SDG_1041_NOC_RT","2014",52.3,"NA",1
"X45","XA:8386","SDG_1041_NOC_RT","2013",52.4,"NA",1
"X45","XA:8386","SDG_1041_NOC_RT","2012",52.6,"NA",1
"X45","XA:8386","SDG_1041_NOC_RT","2011",52.4,"NA",1
"X45","XA:8386","SDG_1041_NOC_RT","2010",52.1,"NA",1
"X45","XA:8386","SDG_1041_NOC_RT","2009",53,"NA",1
"X45","XA:8386","SDG_1041_NOC_RT","2008",53,"NA",1
"X45","XA:8386","SDG_1041_NOC_RT","2007",52.1,"NA",1
"X45","XA:8386","SDG_1041_NOC_RT","2006",52.6,"NA",1
"X45","XA:8386","SDG_1041_NOC_RT","2005",52.6,"NA",1
"X45","XA:8386","SDG_1041_NOC_RT","2004",52.7,"NA",1
"X47","XA:8431","SDG_1041_NOC_RT","2026",51.3,"NA",1
"X47","XA:8431","SDG_1041_NOC_RT","2025",51.2,"NA",1
"X47","XA:8431","SDG_1041_NOC_RT","2024",51.1,"NA",1
"X47","XA:8431","SDG_1041_NOC_RT","2023",51,"NA",1
"X47","XA:8431","SDG_1041_NOC_RT","2022",51.6,"NA",1
"X47","XA:8431","SDG_1041_NOC_RT","2021",50.9,"NA",1
"X47","XA:8431","SDG_1041_NOC_RT","2020",51.7,"NA",1
"X47","XA:8431","SDG_1041_NOC_RT","2019",51.4,"NA",1
"X47","XA:8431","SDG_1041_NOC_RT","2018",51.2,"NA",1
"X47","XA:8431","SDG_1041_NOC_RT","2017",51.3,"NA",1
"X47","XA:8431","SDG_1041_NOC_RT","2016",51.5,"NA",1
"X47","XA:8431","SDG_1041_NOC_RT","2015",51.6,"NA",1
"X47","XA:8431","SDG_1041_NOC_RT","2014",51.6,"NA",1
"X47","XA:8431","SDG_1041_NOC_RT","2013",51.7,"NA",1
"X47","XA:8431","SDG_1041_NOC_RT","2012",51.7,"NA",1
"X47","XA:8431","SDG_1041_NOC_RT","2011",51.3,"NA",1
"X47","XA:8431","SDG_1041_NOC_RT","2010",51.1,"NA",1
"X47","XA:8431","SDG_1041_NOC_RT","2009",51.4,"NA",1
"X47","XA:8431","SDG_1041_NOC_RT","2008",51.4,"NA",1
"X47","XA:8431","SDG_1041_NOC_RT","2007",50.3,"NA",1
"X47","XA:8431","SDG_1041_NOC_RT","2006",50.7,"NA",1
"X47","XA:8431","SDG_1041_NOC_RT","2005",51.1,"NA",1
"X47","XA:8431","SDG_1041_NOC_RT","2004",51.4,"NA",1
"X48","XA:8432","SDG_1041_NOC_RT","2026",55,"NA",1
"X48","XA:8432","SDG_1041_NOC_RT","2025",54.9,"NA",1
"X48","XA:8432","SDG_1041_NOC_RT","2024",55,"NA",1
"X48","XA:8432","SDG_1041_NOC_RT","2023",55,"NA",1
"X48","XA:8432","SDG_1041_NOC_RT","2022",56.1,"NA",1
"X48","XA:8432","SDG_1041_NOC_RT","2021",55.5,"NA",1
"X48","XA:8432","SDG_1041_NOC_RT","2020",56.3,"NA",1
"X48","XA:8432","SDG_1041_NOC_RT","2019",55.3,"NA",1
"X48","XA:8432","SDG_1041_NOC_RT","2018",54.4,"NA",1
"X48","XA:8432","SDG_1041_NOC_RT","2017",53.3,"NA",1
"X48","XA:8432","SDG_1041_NOC_RT","2016",53.6,"NA",1
"X48","XA:8432","SDG_1041_NOC_RT","2015",53.4,"NA",1
"X48","XA:8432","SDG_1041_NOC_RT","2014",53.8,"NA",1
"X48","XA:8432","SDG_1041_NOC_RT","2013",54,"NA",1
"X48","XA:8432","SDG_1041_NOC_RT","2012",54.5,"NA",1
"X48","XA:8432","SDG_1041_NOC_RT","2011",54.5,"NA",1
"X48","XA:8432","SDG_1041_NOC_RT","2010",53.8,"NA",1
"X48","XA:8432","SDG_1041_NOC_RT","2009",55.7,"NA",1
"X48","XA:8432","SDG_1041_NOC_RT","2008",55.2,"NA",1
"X48","XA:8432","SDG_1041_NOC_RT","2007",54.4,"NA",1
"X48","XA:8432","SDG_1041_NOC_RT","2006",54.8,"NA",1
"X48","XA:8432","SDG_1041_NOC_RT","2005",54.4,"NA",1
"X48","XA:8432","SDG_1041_NOC_RT","2004",54,"NA",1
"X49","XA:8388","SDG_1041_NOC_RT","2026",51.2,"NA",1
"X49","XA:8388","SDG_1041_NOC_RT","2025",51.2,"NA",1
"X49","XA:8388","SDG_1041_NOC_RT","2024",51.1,"NA",1
"X49","XA:8388","SDG_1041_NOC_RT","2023",51.1,"NA",1
"X49","XA:8388","SDG_1041_NOC_RT","2022",50.3,"NA",1
"X49","XA:8388","SDG_1041_NOC_RT","2021",50.9,"NA",1
"X49","XA:8388","SDG_1041_NOC_RT","2020",52.1,"NA",1
"X49","XA:8388","SDG_1041_NOC_RT","2019",51.4,"NA",1
"X49","XA:8388","SDG_1041_NOC_RT","2018",51.8,"NA",1
"X49","XA:8388","SDG_1041_NOC_RT","2017",52.1,"NA",1
"X49","XA:8388","SDG_1041_NOC_RT","2016",52.6,"NA",1
"X49","XA:8388","SDG_1041_NOC_RT","2015",52.9,"NA",1
"X49","XA:8388","SDG_1041_NOC_RT","2014",53,"NA",1
"X49","XA:8388","SDG_1041_NOC_RT","2013",52.4,"NA",1
"X49","XA:8388","SDG_1041_NOC_RT","2012",52.2,"NA",1
"X49","XA:8388","SDG_1041_NOC_RT","2011",52.1,"NA",1
"X49","XA:8388","SDG_1041_NOC_RT","2010",51.6,"NA",1
"X49","XA:8388","SDG_1041_NOC_RT","2009",52.8,"NA",1
"X49","XA:8388","SDG_1041_NOC_RT","2008",51.9,"NA",1
"X49","XA:8388","SDG_1041_NOC_RT","2007",51.9,"NA",1
"X49","XA:8388","SDG_1041_NOC_RT","2006",51.9,"NA",1
"X49","XA:8388","SDG_1041_NOC_RT","2005",52,"NA",1
"X49","XA:8388","SDG_1041_NOC_RT","2004",52.3,"NA",1
"X51","XA:8434","SDG_1041_NOC_RT","2026",46.7,"NA",1
"X51","XA:8434","SDG_1041_NOC_RT","2025",46.5,"NA",1
"X51","XA:8434","SDG_1041_NOC_RT","2024",46.4,"NA",1
"X51","XA:8434","SDG_1041_NOC_RT","2023",46.5,"NA",1
"X51","XA:8434","SDG_1041_NOC_RT","2022",46.2,"NA",1
"X51","XA:8434","SDG_1041_NOC_RT","2021",45.7,"NA",1
"X51","XA:8434","SDG_1041_NOC_RT","2020",45.6,"NA",1
"X51","XA:8434","SDG_1041_NOC_RT","2019",45.6,"NA",1
"X51","XA:8434","SDG_1041_NOC_RT","2018",46.3,"NA",1
"X51","XA:8434","SDG_1041_NOC_RT","2017",46.1,"NA",1
"X51","XA:8434","SDG_1041_NOC_RT","2016",45.6,"NA",1
"X51","XA:8434","SDG_1041_NOC_RT","2015",45,"NA",1
"X51","XA:8434","SDG_1041_NOC_RT","2014",45.7,"NA",1
"X51","XA:8434","SDG_1041_NOC_RT","2013",46.1,"NA",1
"X51","XA:8434","SDG_1041_NOC_RT","2012",46.8,"NA",1
"X51","XA:8434","SDG_1041_NOC_RT","2011",47.1,"NA",1
"X51","XA:8434","SDG_1041_NOC_RT","2010",46.7,"NA",1
"X51","XA:8434","SDG_1041_NOC_RT","2009",47,"NA",1
"X51","XA:8434","SDG_1041_NOC_RT","2008",46,"NA",1
"X51","XA:8434","SDG_1041_NOC_RT","2007",46.1,"NA",1
"X51","XA:8434","SDG_1041_NOC_RT","2006",47,"NA",1
"X51","XA:8434","SDG_1041_NOC_RT","2005",46.6,"NA",1
"X51","XA:8434","SDG_1041_NOC_RT","2004",46.5,"NA",1
"X52","XA:8435","SDG_1041_NOC_RT","2026",52.7,"NA",1
"X52","XA:8435","SDG_1041_NOC_RT","2025",52.6,"NA",1
"X52","XA:8435","SDG_1041_NOC_RT","2024",52.5,"NA",1
"X52","XA:8435","SDG_1041_NOC_RT","2023",52.5,"NA",1
"X52","XA:8435","SDG_1041_NOC_RT","2022",52.1,"NA",1
"X52","XA:8435","SDG_1041_NOC_RT","2021",52.8,"NA",1
"X52","XA:8435","SDG_1041_NOC_RT","2020",53.9,"NA",1
"X52","XA:8435","SDG_1041_NOC_RT","2019",52.9,"NA",1
"X52","XA:8435","SDG_1041_NOC_RT","2018",53.9,"NA",1
"X52","XA:8435","SDG_1041_NOC_RT","2017",54,"NA",1
"X52","XA:8435","SDG_1041_NOC_RT","2016",54.7,"NA",1
"X52","XA:8435","SDG_1041_NOC_RT","2015",55,"NA",1
"X52","XA:8435","SDG_1041_NOC_RT","2014",54.9,"NA",1
"X52","XA:8435","SDG_1041_NOC_RT","2013",54.1,"NA",1
"X52","XA:8435","SDG_1041_NOC_RT","2012",53.4,"NA",1
"X52","XA:8435","SDG_1041_NOC_RT","2011",53,"NA",1
"X52","XA:8435","SDG_1041_NOC_RT","2010",52.6,"NA",1
"X52","XA:8435","SDG_1041_NOC_RT","2009",54.2,"NA",1
"X52","XA:8435","SDG_1041_NOC_RT","2008",53,"NA",1
"X52","XA:8435","SDG_1041_NOC_RT","2007",52.5,"NA",1
"X52","XA:8435","SDG_1041_NOC_RT","2006",51.9,"NA",1
"X52","XA:8435","SDG_1041_NOC_RT","2005",52,"NA",1
"X52","XA:8435","SDG_1041_NOC_RT","2004",52.1,"NA",1
"X53","XA:8436","SDG_1041_NOC_RT","2026",53,"NA",1
"X53","XA:8436","SDG_1041_NOC_RT","2025",53.1,"NA",1
"X53","XA:8436","SDG_1041_NOC_RT","2024",53.3,"NA",1
"X53","XA:8436","SDG_1041_NOC_RT","2023",52.8,"NA",1
"X53","XA:8436","SDG_1041_NOC_RT","2022",50.5,"NA",1
"X53","XA:8436","SDG_1041_NOC_RT","2021",51.8,"NA",1
"X53","XA:8436","SDG_1041_NOC_RT","2020",54.8,"NA",1
"X53","XA:8436","SDG_1041_NOC_RT","2019",54.4,"NA",1
"X53","XA:8436","SDG_1041_NOC_RT","2018",52.7,"NA",1
"X53","XA:8436","SDG_1041_NOC_RT","2017",53.7,"NA",1
"X53","XA:8436","SDG_1041_NOC_RT","2016",54.4,"NA",1
"X53","XA:8436","SDG_1041_NOC_RT","2015",55.3,"NA",1
"X53","XA:8436","SDG_1041_NOC_RT","2014",55.2,"NA",1
"X53","XA:8436","SDG_1041_NOC_RT","2013",54.1,"NA",1
"X53","XA:8436","SDG_1041_NOC_RT","2012",54.1,"NA",1
"X53","XA:8436","SDG_1041_NOC_RT","2011",54.2,"NA",1
"X53","XA:8436","SDG_1041_NOC_RT","2010",53.5,"NA",1
"X53","XA:8436","SDG_1041_NOC_RT","2009",54.4,"NA",1
"X53","XA:8436","SDG_1041_NOC_RT","2008",54.2,"NA",1
"X53","XA:8436","SDG_1041_NOC_RT","2007",54.9,"NA",1
"X53","XA:8436","SDG_1041_NOC_RT","2006",55.6,"NA",1
"X53","XA:8436","SDG_1041_NOC_RT","2005",56,"NA",1
"X53","XA:8436","SDG_1041_NOC_RT","2004",56.6,"NA",1
"X54","XA:8389","SDG_1041_NOC_RT","2026",50.2,"NA",1
"X54","XA:8389","SDG_1041_NOC_RT","2025",50.2,"NA",1
"X54","XA:8389","SDG_1041_NOC_RT","2024",50,"NA",1
"X54","XA:8389","SDG_1041_NOC_RT","2023",50.1,"NA",1
"X54","XA:8389","SDG_1041_NOC_RT","2022",49.5,"NA",1
"X54","XA:8389","SDG_1041_NOC_RT","2021",50,"NA",1
"X54","XA:8389","SDG_1041_NOC_RT","2020",51.2,"NA",1
"X54","XA:8389","SDG_1041_NOC_RT","2019",50.3,"NA",1
"X54","XA:8389","SDG_1041_NOC_RT","2018",51.1,"NA",1
"X54","XA:8389","SDG_1041_NOC_RT","2017",51.2,"NA",1
"X54","XA:8389","SDG_1041_NOC_RT","2016",51.8,"NA",1
"X54","XA:8389","SDG_1041_NOC_RT","2015",51.9,"NA",1
"X54","XA:8389","SDG_1041_NOC_RT","2014",52,"NA",1
"X54","XA:8389","SDG_1041_NOC_RT","2013",51.4,"NA",1
"X54","XA:8389","SDG_1041_NOC_RT","2012",51.1,"NA",1
"X54","XA:8389","SDG_1041_NOC_RT","2011",50.8,"NA",1
"X54","XA:8389","SDG_1041_NOC_RT","2010",50.4,"NA",1
"X54","XA:8389","SDG_1041_NOC_RT","2009",51.8,"NA",1
"X54","XA:8389","SDG_1041_NOC_RT","2008",50.7,"NA",1
"X54","XA:8389","SDG_1041_NOC_RT","2007",50.3,"NA",1
"X54","XA:8389","SDG_1041_NOC_RT","2006",50.1,"NA",1
"X54","XA:8389","SDG_1041_NOC_RT","2005",50.1,"NA",1
"X54","XA:8389","SDG_1041_NOC_RT","2004",50.2,"NA",1
"X55","XA:8390","SDG_1041_NOC_RT","2026",56.7,"NA",1
"X55","XA:8390","SDG_1041_NOC_RT","2025",56.9,"NA",1
"X55","XA:8390","SDG_1041_NOC_RT","2024",57.4,"NA",1
"X55","XA:8390","SDG_1041_NOC_RT","2023",56.2,"NA",1
"X55","XA:8390","SDG_1041_NOC_RT","2022",54.7,"NA",1
"X55","XA:8390","SDG_1041_NOC_RT","2021",55,"NA",1
"X55","XA:8390","SDG_1041_NOC_RT","2020",56.7,"NA",1
"X55","XA:8390","SDG_1041_NOC_RT","2019",57.4,"NA",1
"X55","XA:8390","SDG_1041_NOC_RT","2018",55.6,"NA",1
"X55","XA:8390","SDG_1041_NOC_RT","2017",56.3,"NA",1
"X55","XA:8390","SDG_1041_NOC_RT","2016",56.4,"NA",1
"X55","XA:8390","SDG_1041_NOC_RT","2015",57.7,"NA",1
"X55","XA:8390","SDG_1041_NOC_RT","2014",57.5,"NA",1
"X55","XA:8390","SDG_1041_NOC_RT","2013",56.7,"NA",1
"X55","XA:8390","SDG_1041_NOC_RT","2012",57.1,"NA",1
"X55","XA:8390","SDG_1041_NOC_RT","2011",57.7,"NA",1
"X55","XA:8390","SDG_1041_NOC_RT","2010",56.7,"NA",1
"X55","XA:8390","SDG_1041_NOC_RT","2009",56.7,"NA",1
"X55","XA:8390","SDG_1041_NOC_RT","2008",56.4,"NA",1
"X55","XA:8390","SDG_1041_NOC_RT","2007",58.2,"NA",1
"X55","XA:8390","SDG_1041_NOC_RT","2006",59,"NA",1
"X55","XA:8390","SDG_1041_NOC_RT","2005",59.3,"NA",1
"X55","XA:8390","SDG_1041_NOC_RT","2004",59.9,"NA",1
"X56","XA:8391","SDG_1041_NOC_RT","2026",57.4,"NA",1
"X56","XA:8391","SDG_1041_NOC_RT","2025",57.3,"NA",1
"X56","XA:8391","SDG_1041_NOC_RT","2024",57.1,"NA",1
"X56","XA:8391","SDG_1041_NOC_RT","2023",56.4,"NA",1
"X56","XA:8391","SDG_1041_NOC_RT","2022",56.7,"NA",1
"X56","XA:8391","SDG_1041_NOC_RT","2021",57.3,"NA",1
"X56","XA:8391","SDG_1041_NOC_RT","2020",57.5,"NA",1
"X56","XA:8391","SDG_1041_NOC_RT","2019",56.2,"NA",1
"X56","XA:8391","SDG_1041_NOC_RT","2018",55.6,"NA",1
"X56","XA:8391","SDG_1041_NOC_RT","2017",55.1,"NA",1
"X56","XA:8391","SDG_1041_NOC_RT","2016",54.6,"NA",1
"X56","XA:8391","SDG_1041_NOC_RT","2015",54.2,"NA",1
"X56","XA:8391","SDG_1041_NOC_RT","2014",54.4,"NA",1
"X56","XA:8391","SDG_1041_NOC_RT","2013",53.3,"NA",1
"X56","XA:8391","SDG_1041_NOC_RT","2012",53.1,"NA",1
"X56","XA:8391","SDG_1041_NOC_RT","2011",53.2,"NA",1
"X56","XA:8391","SDG_1041_NOC_RT","2010",53.9,"NA",1
"X56","XA:8391","SDG_1041_NOC_RT","2009",55.4,"NA",1
"X56","XA:8391","SDG_1041_NOC_RT","2008",53.8,"NA",1
"X56","XA:8391","SDG_1041_NOC_RT","2007",49.9,"NA",1
"X56","XA:8391","SDG_1041_NOC_RT","2006",50.6,"NA",1
"X56","XA:8391","SDG_1041_NOC_RT","2005",52,"NA",1
"X56","XA:8391","SDG_1041_NOC_RT","2004",53.3,"NA",1
"X58","XA:8438","SDG_1041_NOC_RT","2026",59.2,"NA",1
"X58","XA:8438","SDG_1041_NOC_RT","2025",59.2,"NA",1
"X58","XA:8438","SDG_1041_NOC_RT","2024",59.2,"NA",1
"X58","XA:8438","SDG_1041_NOC_RT","2023",58.5,"NA",1
"X58","XA:8438","SDG_1041_NOC_RT","2022",58.9,"NA",1
"X58","XA:8438","SDG_1041_NOC_RT","2021",59.4,"NA",1
"X58","XA:8438","SDG_1041_NOC_RT","2020",59.7,"NA",1
"X58","XA:8438","SDG_1041_NOC_RT","2019",57.8,"NA",1
"X58","XA:8438","SDG_1041_NOC_RT","2018",57.4,"NA",1
"X58","XA:8438","SDG_1041_NOC_RT","2017",56.7,"NA",1
"X58","XA:8438","SDG_1041_NOC_RT","2016",56.3,"NA",1
"X58","XA:8438","SDG_1041_NOC_RT","2015",55.6,"NA",1
"X58","XA:8438","SDG_1041_NOC_RT","2014",56.5,"NA",1
"X58","XA:8438","SDG_1041_NOC_RT","2013",55.4,"NA",1
"X58","XA:8438","SDG_1041_NOC_RT","2012",55.1,"NA",1
"X58","XA:8438","SDG_1041_NOC_RT","2011",55.6,"NA",1
"X58","XA:8438","SDG_1041_NOC_RT","2010",56.8,"NA",1
"X58","XA:8438","SDG_1041_NOC_RT","2009",58.4,"NA",1
"X58","XA:8438","SDG_1041_NOC_RT","2008",57.1,"NA",1
"X58","XA:8438","SDG_1041_NOC_RT","2007",52.9,"NA",1
"X58","XA:8438","SDG_1041_NOC_RT","2006",53,"NA",1
"X58","XA:8438","SDG_1041_NOC_RT","2005",54.8,"NA",1
"X58","XA:8438","SDG_1041_NOC_RT","2004",56.3,"NA",1
"X59","XA:8439","SDG_1041_NOC_RT","2026",34.9,"NA",1
"X59","XA:8439","SDG_1041_NOC_RT","2025",35,"NA",1
"X59","XA:8439","SDG_1041_NOC_RT","2024",34.3,"NA",1
"X59","XA:8439","SDG_1041_NOC_RT","2023",33.9,"NA",1
"X59","XA:8439","SDG_1041_NOC_RT","2022",32.5,"NA",1
"X59","XA:8439","SDG_1041_NOC_RT","2021",35.1,"NA",1
"X59","XA:8439","SDG_1041_NOC_RT","2020",36.6,"NA",1
"X59","XA:8439","SDG_1041_NOC_RT","2019",38.6,"NA",1
"X59","XA:8439","SDG_1041_NOC_RT","2018",37.7,"NA",1
"X59","XA:8439","SDG_1041_NOC_RT","2017",40.5,"NA",1
"X59","XA:8439","SDG_1041_NOC_RT","2016",40.3,"NA",1
"X59","XA:8439","SDG_1041_NOC_RT","2015",42,"NA",1
"X59","XA:8439","SDG_1041_NOC_RT","2014",37.7,"NA",1
"X59","XA:8439","SDG_1041_NOC_RT","2013",36.8,"NA",1
"X59","XA:8439","SDG_1041_NOC_RT","2012",38,"NA",1
"X59","XA:8439","SDG_1041_NOC_RT","2011",36.5,"NA",1
"X59","XA:8439","SDG_1041_NOC_RT","2010",34.7,"NA",1
"X59","XA:8439","SDG_1041_NOC_RT","2009",35.5,"NA",1
"X59","XA:8439","SDG_1041_NOC_RT","2008",32.7,"NA",1
"X59","XA:8439","SDG_1041_NOC_RT","2007",31.5,"NA",1
"X59","XA:8439","SDG_1041_NOC_RT","2006",35.3,"NA",1
"X59","XA:8439","SDG_1041_NOC_RT","2005",35.5,"NA",1
"X59","XA:8439","SDG_1041_NOC_RT","2004",35.6,"NA",1
"X60","XA:8393","SDG_1041_NOC_RT","2026",54.3,"NA",1
"X60","XA:8393","SDG_1041_NOC_RT","2025",54.4,"NA",1
"X60","XA:8393","SDG_1041_NOC_RT","2024",54,"NA",1
"X60","XA:8393","SDG_1041_NOC_RT","2023",53,"NA",1
"X60","XA:8393","SDG_1041_NOC_RT","2022",52.4,"NA",1
"X60","XA:8393","SDG_1041_NOC_RT","2021",53.2,"NA",1
"X60","XA:8393","SDG_1041_NOC_RT","2020",55.3,"NA",1
"X60","XA:8393","SDG_1041_NOC_RT","2019",54.5,"NA",1
"X60","XA:8393","SDG_1041_NOC_RT","2018",54.3,"NA",1
"X60","XA:8393","SDG_1041_NOC_RT","2017",54.7,"NA",1
"X60","XA:8393","SDG_1041_NOC_RT","2016",55.2,"NA",1
"X60","XA:8393","SDG_1041_NOC_RT","2015",54.7,"NA",1
"X60","XA:8393","SDG_1041_NOC_RT","2014",55.2,"NA",1
"X60","XA:8393","SDG_1041_NOC_RT","2013",55.1,"NA",1
"X60","XA:8393","SDG_1041_NOC_RT","2012",55.1,"NA",1
"X60","XA:8393","SDG_1041_NOC_RT","2011",54.9,"NA",1
"X60","XA:8393","SDG_1041_NOC_RT","2010",56.6,"NA",1
"X60","XA:8393","SDG_1041_NOC_RT","2009",57.7,"NA",1
"X60","XA:8393","SDG_1041_NOC_RT","2008",55.8,"NA",1
"X60","XA:8393","SDG_1041_NOC_RT","2007",55.4,"NA",1
"X60","XA:8393","SDG_1041_NOC_RT","2006",55.3,"NA",1
"X60","XA:8393","SDG_1041_NOC_RT","2005",55.7,"NA",1
"X60","XA:8393","SDG_1041_NOC_RT","2004",56.2,"NA",1
"X61","XA:8440","SDG_1041_NOC_RT","2026",40.8,"NA",1
"X61","XA:8440","SDG_1041_NOC_RT","2025",40.4,"NA",1
"X61","XA:8440","SDG_1041_NOC_RT","2024",40.5,"NA",1
"X61","XA:8440","SDG_1041_NOC_RT","2023",40.6,"NA",1
"X61","XA:8440","SDG_1041_NOC_RT","2022",39.4,"NA",1
"X61","XA:8440","SDG_1041_NOC_RT","2021",38.8,"NA",1
"X61","XA:8440","SDG_1041_NOC_RT","2020",38.6,"NA",1
"X61","XA:8440","SDG_1041_NOC_RT","2019",37.9,"NA",1
"X61","XA:8440","SDG_1041_NOC_RT","2018",35.4,"NA",1
"X61","XA:8440","SDG_1041_NOC_RT","2017",35.3,"NA",1
"X61","XA:8440","SDG_1041_NOC_RT","2016",43.5,"NA",1
"X61","XA:8440","SDG_1041_NOC_RT","2015",43.4,"NA",1
"X61","XA:8440","SDG_1041_NOC_RT","2014",44.1,"NA",1
"X61","XA:8440","SDG_1041_NOC_RT","2013",46.4,"NA",1
"X61","XA:8440","SDG_1041_NOC_RT","2012",45.5,"NA",1
"X61","XA:8440","SDG_1041_NOC_RT","2011",42.4,"NA",1
"X61","XA:8440","SDG_1041_NOC_RT","2010",42.5,"NA",1
"X61","XA:8440","SDG_1041_NOC_RT","2009",42,"NA",1
"X61","XA:8440","SDG_1041_NOC_RT","2008",40.8,"NA",1
"X61","XA:8440","SDG_1041_NOC_RT","2007",40.9,"NA",1
"X61","XA:8440","SDG_1041_NOC_RT","2006",41.7,"NA",1
"X61","XA:8440","SDG_1041_NOC_RT","2005",41.4,"NA",1
"X61","XA:8440","SDG_1041_NOC_RT","2004",41.1,"NA",1
"X62","XA:8441","SDG_1041_NOC_RT","2026",45.2,"NA",1
"X62","XA:8441","SDG_1041_NOC_RT","2025",45.2,"NA",1
"X62","XA:8441","SDG_1041_NOC_RT","2024",45.2,"NA",1
"X62","XA:8441","SDG_1041_NOC_RT","2023",41.9,"NA",1
"X62","XA:8441","SDG_1041_NOC_RT","2022",38.7,"NA",1
"X62","XA:8441","SDG_1041_NOC_RT","2021",39.3,"NA",1
"X62","XA:8441","SDG_1041_NOC_RT","2020",42.2,"NA",1
"X62","XA:8441","SDG_1041_NOC_RT","2019",43.8,"NA",1
"X62","XA:8441","SDG_1041_NOC_RT","2018",42.4,"NA",1
"X62","XA:8441","SDG_1041_NOC_RT","2017",42,"NA",1
"X62","XA:8441","SDG_1041_NOC_RT","2016",42.8,"NA",1
"X62","XA:8441","SDG_1041_NOC_RT","2015",41.9,"NA",1
"X62","XA:8441","SDG_1041_NOC_RT","2014",43.3,"NA",1
"X62","XA:8441","SDG_1041_NOC_RT","2013",43.8,"NA",1
"X62","XA:8441","SDG_1041_NOC_RT","2012",44.4,"NA",1
"X62","XA:8441","SDG_1041_NOC_RT","2011",43.4,"NA",1
"X62","XA:8441","SDG_1041_NOC_RT","2010",45.3,"NA",1
"X62","XA:8441","SDG_1041_NOC_RT","2009",45.6,"NA",1
"X62","XA:8441","SDG_1041_NOC_RT","2008",44.6,"NA",1
"X62","XA:8441","SDG_1041_NOC_RT","2007",44.7,"NA",1
"X62","XA:8441","SDG_1041_NOC_RT","2006",44.3,"NA",1
"X62","XA:8441","SDG_1041_NOC_RT","2005",45,"NA",1
"X62","XA:8441","SDG_1041_NOC_RT","2004",44.5,"NA",1
"X63","XA:8442","SDG_1041_NOC_RT","2026",56,"NA",1
"X63","XA:8442","SDG_1041_NOC_RT","2025",56,"NA",1
"X63","XA:8442","SDG_1041_NOC_RT","2024",55.5,"NA",1
"X63","XA:8442","SDG_1041_NOC_RT","2023",54.8,"NA",1
"X63","XA:8442","SDG_1041_NOC_RT","2022",54.6,"NA",1
"X63","XA:8442","SDG_1041_NOC_RT","2021",55.5,"NA",1
"X63","XA:8442","SDG_1041_NOC_RT","2020",57.4,"NA",1
"X63","XA:8442","SDG_1041_NOC_RT","2019",56.1,"NA",1
"X63","XA:8442","SDG_1041_NOC_RT","2018",56.2,"NA",1
"X63","XA:8442","SDG_1041_NOC_RT","2017",56.6,"NA",1
"X63","XA:8442","SDG_1041_NOC_RT","2016",57,"NA",1
"X63","XA:8442","SDG_1041_NOC_RT","2015",56.5,"NA",1
"X63","XA:8442","SDG_1041_NOC_RT","2014",56.9,"NA",1
"X63","XA:8442","SDG_1041_NOC_RT","2013",56.7,"NA",1
"X63","XA:8442","SDG_1041_NOC_RT","2012",56.6,"NA",1
"X63","XA:8442","SDG_1041_NOC_RT","2011",56.5,"NA",1
"X63","XA:8442","SDG_1041_NOC_RT","2010",58.1,"NA",1
"X63","XA:8442","SDG_1041_NOC_RT","2009",59.2,"NA",1
"X63","XA:8442","SDG_1041_NOC_RT","2008",57.2,"NA",1
"X63","XA:8442","SDG_1041_NOC_RT","2007",56.7,"NA",1
"X63","XA:8442","SDG_1041_NOC_RT","2006",56.6,"NA",1
"X63","XA:8442","SDG_1041_NOC_RT","2005",57,"NA",1
"X63","XA:8442","SDG_1041_NOC_RT","2004",57.4,"NA",1
"X64","XA:8394","SDG_1041_NOC_RT","2026",58.8,"NA",1
"X64","XA:8394","SDG_1041_NOC_RT","2025",58.9,"NA",1
"X64","XA:8394","SDG_1041_NOC_RT","2024",58.4,"NA",1
"X64","XA:8394","SDG_1041_NOC_RT","2023",57.6,"NA",1
"X64","XA:8394","SDG_1041_NOC_RT","2022",57,"NA",1
"X64","XA:8394","SDG_1041_NOC_RT","2021",58.2,"NA",1
"X64","XA:8394","SDG_1041_NOC_RT","2020",59.8,"NA",1
"X64","XA:8394","SDG_1041_NOC_RT","2019",58.8,"NA",1
"X64","XA:8394","SDG_1041_NOC_RT","2018",58.7,"NA",1
"X64","XA:8394","SDG_1041_NOC_RT","2017",58.6,"NA",1
"X64","XA:8394","SDG_1041_NOC_RT","2016",59,"NA",1
"X64","XA:8394","SDG_1041_NOC_RT","2015",58.9,"NA",1
"X64","XA:8394","SDG_1041_NOC_RT","2014",59.4,"NA",1
"X64","XA:8394","SDG_1041_NOC_RT","2013",59.3,"NA",1
"X64","XA:8394","SDG_1041_NOC_RT","2012",59.7,"NA",1
"X64","XA:8394","SDG_1041_NOC_RT","2011",59.6,"NA",1
"X64","XA:8394","SDG_1041_NOC_RT","2010",60.2,"NA",1
"X64","XA:8394","SDG_1041_NOC_RT","2009",61,"NA",1
"X64","XA:8394","SDG_1041_NOC_RT","2008",59.5,"NA",1
"X64","XA:8394","SDG_1041_NOC_RT","2007",59.1,"NA",1
"X64","XA:8394","SDG_1041_NOC_RT","2006",59.1,"NA",1
"X64","XA:8394","SDG_1041_NOC_RT","2005",59.6,"NA",1
"X64","XA:8394","SDG_1041_NOC_RT","2004",59.7,"NA",1
"X65","XA:8443","SDG_1041_NOC_RT","2026",51.5,"NA",1
"X65","XA:8443","SDG_1041_NOC_RT","2025",51.6,"NA",1
"X65","XA:8443","SDG_1041_NOC_RT","2024",50.9,"NA",1
"X65","XA:8443","SDG_1041_NOC_RT","2023",51.1,"NA",1
"X65","XA:8443","SDG_1041_NOC_RT","2022",51.6,"NA",1
"X65","XA:8443","SDG_1041_NOC_RT","2021",49.6,"NA",1
"X65","XA:8443","SDG_1041_NOC_RT","2020",52.4,"NA",1
"X65","XA:8443","SDG_1041_NOC_RT","2019",48.7,"NA",1
"X65","XA:8443","SDG_1041_NOC_RT","2018",46,"NA",1
"X65","XA:8443","SDG_1041_NOC_RT","2017",46.7,"NA",1
"X65","XA:8443","SDG_1041_NOC_RT","2016",47,"NA",1
"X65","XA:8443","SDG_1041_NOC_RT","2015",46.8,"NA",1
"X65","XA:8443","SDG_1041_NOC_RT","2014",46.6,"NA",1
"X65","XA:8443","SDG_1041_NOC_RT","2013",46.7,"NA",1
"X65","XA:8443","SDG_1041_NOC_RT","2012",48.6,"NA",1
"X65","XA:8443","SDG_1041_NOC_RT","2011",47.5,"NA",1
"X65","XA:8443","SDG_1041_NOC_RT","2010",48.6,"NA",1
"X65","XA:8443","SDG_1041_NOC_RT","2009",51.5,"NA",1
"X65","XA:8443","SDG_1041_NOC_RT","2008",51.5,"NA",1
"X65","XA:8443","SDG_1041_NOC_RT","2007",51.2,"NA",1
"X65","XA:8443","SDG_1041_NOC_RT","2006",51.8,"NA",1
"X65","XA:8443","SDG_1041_NOC_RT","2005",52.7,"NA",1
"X65","XA:8443","SDG_1041_NOC_RT","2004",54.2,"NA",1
"X66","XA:8444","SDG_1041_NOC_RT","2026",58.9,"NA",1
"X66","XA:8444","SDG_1041_NOC_RT","2025",59,"NA",1
"X66","XA:8444","SDG_1041_NOC_RT","2024",58.5,"NA",1
"X66","XA:8444","SDG_1041_NOC_RT","2023",57.7,"NA",1
"X66","XA:8444","SDG_1041_NOC_RT","2022",57.1,"NA",1
"X66","XA:8444","SDG_1041_NOC_RT","2021",58.3,"NA",1
"X66","XA:8444","SDG_1041_NOC_RT","2020",59.9,"NA",1
"X66","XA:8444","SDG_1041_NOC_RT","2019",58.9,"NA",1
"X66","XA:8444","SDG_1041_NOC_RT","2018",58.9,"NA",1
"X66","XA:8444","SDG_1041_NOC_RT","2017",58.7,"NA",1
"X66","XA:8444","SDG_1041_NOC_RT","2016",59.2,"NA",1
"X66","XA:8444","SDG_1041_NOC_RT","2015",59.1,"NA",1
"X66","XA:8444","SDG_1041_NOC_RT","2014",59.6,"NA",1
"X66","XA:8444","SDG_1041_NOC_RT","2013",59.4,"NA",1
"X66","XA:8444","SDG_1041_NOC_RT","2012",59.8,"NA",1
"X66","XA:8444","SDG_1041_NOC_RT","2011",59.8,"NA",1
"X66","XA:8444","SDG_1041_NOC_RT","2010",60.3,"NA",1
"X66","XA:8444","SDG_1041_NOC_RT","2009",61.1,"NA",1
"X66","XA:8444","SDG_1041_NOC_RT","2008",59.6,"NA",1
"X66","XA:8444","SDG_1041_NOC_RT","2007",59.2,"NA",1
"X66","XA:8444","SDG_1041_NOC_RT","2006",59.1,"NA",1
"X66","XA:8444","SDG_1041_NOC_RT","2005",59.6,"NA",1
"X66","XA:8444","SDG_1041_NOC_RT","2004",59.7,"NA",1
"X67","XA:8395","SDG_1041_NOC_RT","2026",53.2,"NA",1
"X67","XA:8395","SDG_1041_NOC_RT","2025",53.2,"NA",1
"X67","XA:8395","SDG_1041_NOC_RT","2024",52.9,"NA",1
"X67","XA:8395","SDG_1041_NOC_RT","2023",52.7,"NA",1
"X67","XA:8395","SDG_1041_NOC_RT","2022",51.2,"NA",1
"X67","XA:8395","SDG_1041_NOC_RT","2021",53.3,"NA",1
"X67","XA:8395","SDG_1041_NOC_RT","2020",55.8,"NA",1
"X67","XA:8395","SDG_1041_NOC_RT","2019",53.9,"NA",1
"X67","XA:8395","SDG_1041_NOC_RT","2018",53.7,"NA",1
"X67","XA:8395","SDG_1041_NOC_RT","2017",53.8,"NA",1
"X67","XA:8395","SDG_1041_NOC_RT","2016",54.5,"NA",1
"X67","XA:8395","SDG_1041_NOC_RT","2015",54.4,"NA",1
"X67","XA:8395","SDG_1041_NOC_RT","2014",55.5,"NA",1
"X67","XA:8395","SDG_1041_NOC_RT","2013",55.9,"NA",1
"X67","XA:8395","SDG_1041_NOC_RT","2012",56,"NA",1
"X67","XA:8395","SDG_1041_NOC_RT","2011",55.9,"NA",1
"X67","XA:8395","SDG_1041_NOC_RT","2010",57,"NA",1
"X67","XA:8395","SDG_1041_NOC_RT","2009",58.2,"NA",1
"X67","XA:8395","SDG_1041_NOC_RT","2008",57.3,"NA",1
"X67","XA:8395","SDG_1041_NOC_RT","2007",57.3,"NA",1
"X67","XA:8395","SDG_1041_NOC_RT","2006",56.5,"NA",1
"X67","XA:8395","SDG_1041_NOC_RT","2005",56.4,"NA",1
"X67","XA:8395","SDG_1041_NOC_RT","2004",56.6,"NA",1
"X68","XA:8396","SDG_1041_NOC_RT","2026",58.2,"NA",1
"X68","XA:8396","SDG_1041_NOC_RT","2025",58.2,"NA",1
"X68","XA:8396","SDG_1041_NOC_RT","2024",57.5,"NA",1
"X68","XA:8396","SDG_1041_NOC_RT","2023",56.6,"NA",1
"X68","XA:8396","SDG_1041_NOC_RT","2022",55.6,"NA",1
"X68","XA:8396","SDG_1041_NOC_RT","2021",57.6,"NA",1
"X68","XA:8396","SDG_1041_NOC_RT","2020",58.9,"NA",1
"X68","XA:8396","SDG_1041_NOC_RT","2019",58.4,"NA",1
"X68","XA:8396","SDG_1041_NOC_RT","2018",58.6,"NA",1
"X68","XA:8396","SDG_1041_NOC_RT","2017",58.3,"NA",1
"X68","XA:8396","SDG_1041_NOC_RT","2016",58,"NA",1
"X68","XA:8396","SDG_1041_NOC_RT","2015",57.5,"NA",1
"X68","XA:8396","SDG_1041_NOC_RT","2014",57.1,"NA",1
"X68","XA:8396","SDG_1041_NOC_RT","2013",57.3,"NA",1
"X68","XA:8396","SDG_1041_NOC_RT","2012",58.7,"NA",1
"X68","XA:8396","SDG_1041_NOC_RT","2011",59.1,"NA",1
"X68","XA:8396","SDG_1041_NOC_RT","2010",60.1,"NA",1
"X68","XA:8396","SDG_1041_NOC_RT","2009",60.5,"NA",1
"X68","XA:8396","SDG_1041_NOC_RT","2008",59.6,"NA",1
"X68","XA:8396","SDG_1041_NOC_RT","2007",58.4,"NA",1
"X68","XA:8396","SDG_1041_NOC_RT","2006",58.6,"NA",1
"X68","XA:8396","SDG_1041_NOC_RT","2005",58.9,"NA",1
"X68","XA:8396","SDG_1041_NOC_RT","2004",59.1,"NA",1
"X69","XA:8383","SDG_1041_NOC_RT","2026",62.2,"NA",1
"X69","XA:8383","SDG_1041_NOC_RT","2025",62.3,"NA",1
"X69","XA:8383","SDG_1041_NOC_RT","2024",61.9,"NA",1
"X69","XA:8383","SDG_1041_NOC_RT","2023",60.7,"NA",1
"X69","XA:8383","SDG_1041_NOC_RT","2022",60.8,"NA",1
"X69","XA:8383","SDG_1041_NOC_RT","2021",61,"NA",1
"X69","XA:8383","SDG_1041_NOC_RT","2020",62.3,"NA",1
"X69","XA:8383","SDG_1041_NOC_RT","2019",61.4,"NA",1
"X69","XA:8383","SDG_1041_NOC_RT","2018",61.3,"NA",1
"X69","XA:8383","SDG_1041_NOC_RT","2017",61.2,"NA",1
"X69","XA:8383","SDG_1041_NOC_RT","2016",61.8,"NA",1
"X69","XA:8383","SDG_1041_NOC_RT","2015",62,"NA",1
"X69","XA:8383","SDG_1041_NOC_RT","2014",62.5,"NA",1
"X69","XA:8383","SDG_1041_NOC_RT","2013",62,"NA",1
"X69","XA:8383","SDG_1041_NOC_RT","2012",62,"NA",1
"X69","XA:8383","SDG_1041_NOC_RT","2011",61.7,"NA",1
"X69","XA:8383","SDG_1041_NOC_RT","2010",61.8,"NA",1
"X69","XA:8383","SDG_1041_NOC_RT","2009",62.7,"NA",1
"X69","XA:8383","SDG_1041_NOC_RT","2008",60.4,"NA",1
"X69","XA:8383","SDG_1041_NOC_RT","2007",60.5,"NA",1
"X69","XA:8383","SDG_1041_NOC_RT","2006",60.6,"NA",1
"X69","XA:8383","SDG_1041_NOC_RT","2005",61.5,"NA",1
"X69","XA:8383","SDG_1041_NOC_RT","2004",61.5,"NA",1
"X70","XA:8397","SDG_1041_NOC_RT","2026",49.6,"NA",1
"X70","XA:8397","SDG_1041_NOC_RT","2025",49.6,"NA",1
"X70","XA:8397","SDG_1041_NOC_RT","2024",48.8,"NA",1
"X70","XA:8397","SDG_1041_NOC_RT","2023",48.5,"NA",1
"X70","XA:8397","SDG_1041_NOC_RT","2022",49.1,"NA",1
"X70","XA:8397","SDG_1041_NOC_RT","2021",48.5,"NA",1
"X70","XA:8397","SDG_1041_NOC_RT","2020",51.3,"NA",1
"X70","XA:8397","SDG_1041_NOC_RT","2019",49.4,"NA",1
"X70","XA:8397","SDG_1041_NOC_RT","2018",49.3,"NA",1
"X70","XA:8397","SDG_1041_NOC_RT","2017",50.7,"NA",1
"X70","XA:8397","SDG_1041_NOC_RT","2016",50.7,"NA",1
"X70","XA:8397","SDG_1041_NOC_RT","2015",49.5,"NA",1
"X70","XA:8397","SDG_1041_NOC_RT","2014",50.7,"NA",1
"X70","XA:8397","SDG_1041_NOC_RT","2013",50.6,"NA",1
"X70","XA:8397","SDG_1041_NOC_RT","2012",49,"NA",1
"X70","XA:8397","SDG_1041_NOC_RT","2011",48.4,"NA",1
"X70","XA:8397","SDG_1041_NOC_RT","2010",52.7,"NA",1
"X70","XA:8397","SDG_1041_NOC_RT","2009",54.3,"NA",1
"X70","XA:8397","SDG_1041_NOC_RT","2008",51.5,"NA",1
"X70","XA:8397","SDG_1041_NOC_RT","2007",50.3,"NA",1
"X70","XA:8397","SDG_1041_NOC_RT","2006",49.9,"NA",1
"X70","XA:8397","SDG_1041_NOC_RT","2005",49.5,"NA",1
"X70","XA:8397","SDG_1041_NOC_RT","2004",50.3,"NA",1
"X72","XA:8446","SDG_1041_NOC_RT","2026",58.4,"NA",1
"X72","XA:8446","SDG_1041_NOC_RT","2025",58.4,"NA",1
"X72","XA:8446","SDG_1041_NOC_RT","2024",58.2,"NA",1
"X72","XA:8446","SDG_1041_NOC_RT","2023",58.2,"NA",1
"X72","XA:8446","SDG_1041_NOC_RT","2022",60.9,"NA",1
"X72","XA:8446","SDG_1041_NOC_RT","2021",50.3,"NA",1
"X72","XA:8446","SDG_1041_NOC_RT","2020",53.3,"NA",1
"X72","XA:8446","SDG_1041_NOC_RT","2019",53.3,"NA",1
"X72","XA:8446","SDG_1041_NOC_RT","2018",50.9,"NA",1
"X72","XA:8446","SDG_1041_NOC_RT","2017",48.8,"NA",1
"X72","XA:8446","SDG_1041_NOC_RT","2016",46.8,"NA",1
"X72","XA:8446","SDG_1041_NOC_RT","2015",48.9,"NA",1
"X72","XA:8446","SDG_1041_NOC_RT","2014",55.5,"NA",1
"X72","XA:8446","SDG_1041_NOC_RT","2013",59.3,"NA",1
"X72","XA:8446","SDG_1041_NOC_RT","2012",58,"NA",1
"X72","XA:8446","SDG_1041_NOC_RT","2011",55.9,"NA",1
"X72","XA:8446","SDG_1041_NOC_RT","2010",58.6,"NA",1
"X72","XA:8446","SDG_1041_NOC_RT","2009",58,"NA",1
"X72","XA:8446","SDG_1041_NOC_RT","2008",58,"NA",1
"X72","XA:8446","SDG_1041_NOC_RT","2007",57.6,"NA",1
"X72","XA:8446","SDG_1041_NOC_RT","2006",58.5,"NA",1
"X72","XA:8446","SDG_1041_NOC_RT","2005",57.9,"NA",1
"X72","XA:8446","SDG_1041_NOC_RT","2004",54.3,"NA",1
"X73","XA:8447","SDG_1041_NOC_RT","2026",48.8,"NA",1
"X73","XA:8447","SDG_1041_NOC_RT","2025",48.8,"NA",1
"X73","XA:8447","SDG_1041_NOC_RT","2024",47.9,"NA",1
"X73","XA:8447","SDG_1041_NOC_RT","2023",47.6,"NA",1
"X73","XA:8447","SDG_1041_NOC_RT","2022",48.1,"NA",1
"X73","XA:8447","SDG_1041_NOC_RT","2021",48.3,"NA",1
"X73","XA:8447","SDG_1041_NOC_RT","2020",51.1,"NA",1
"X73","XA:8447","SDG_1041_NOC_RT","2019",48.9,"NA",1
"X73","XA:8447","SDG_1041_NOC_RT","2018",49.1,"NA",1
"X73","XA:8447","SDG_1041_NOC_RT","2017",50.9,"NA",1
"X73","XA:8447","SDG_1041_NOC_RT","2016",51.2,"NA",1
"X73","XA:8447","SDG_1041_NOC_RT","2015",49.6,"NA",1
"X73","XA:8447","SDG_1041_NOC_RT","2014",50.1,"NA",1
"X73","XA:8447","SDG_1041_NOC_RT","2013",49.4,"NA",1
"X73","XA:8447","SDG_1041_NOC_RT","2012",47.7,"NA",1
"X73","XA:8447","SDG_1041_NOC_RT","2011",47.3,"NA",1
"X73","XA:8447","SDG_1041_NOC_RT","2010",51.8,"NA",1
"X73","XA:8447","SDG_1041_NOC_RT","2009",53.8,"NA",1
"X73","XA:8447","SDG_1041_NOC_RT","2008",50.5,"NA",1
"X73","XA:8447","SDG_1041_NOC_RT","2007",49.2,"NA",1
"X73","XA:8447","SDG_1041_NOC_RT","2006",48.6,"NA",1
"X73","XA:8447","SDG_1041_NOC_RT","2005",48.2,"NA",1
"X73","XA:8447","SDG_1041_NOC_RT","2004",49.7,"NA",1
"X74","XA:8398","SDG_1041_NOC_RT","2026",41.7,"NA",1
"X74","XA:8398","SDG_1041_NOC_RT","2025",41.4,"NA",1
"X74","XA:8398","SDG_1041_NOC_RT","2024",41.6,"NA",1
"X74","XA:8398","SDG_1041_NOC_RT","2023",41.5,"NA",1
"X74","XA:8398","SDG_1041_NOC_RT","2022",41.1,"NA",1
"X74","XA:8398","SDG_1041_NOC_RT","2021",41,"NA",1
"X74","XA:8398","SDG_1041_NOC_RT","2020",41.1,"NA",1
"X74","XA:8398","SDG_1041_NOC_RT","2019",40.4,"NA",1
"X74","XA:8398","SDG_1041_NOC_RT","2018",39.6,"NA",1
"X74","XA:8398","SDG_1041_NOC_RT","2017",39.6,"NA",1
"X74","XA:8398","SDG_1041_NOC_RT","2016",42.1,"NA",1
"X74","XA:8398","SDG_1041_NOC_RT","2015",43.5,"NA",1
"X74","XA:8398","SDG_1041_NOC_RT","2014",43.7,"NA",1
"X74","XA:8398","SDG_1041_NOC_RT","2013",44.3,"NA",1
"X74","XA:8398","SDG_1041_NOC_RT","2012",46.2,"NA",1
"X74","XA:8398","SDG_1041_NOC_RT","2011",45.5,"NA",1
"X74","XA:8398","SDG_1041_NOC_RT","2010",47.3,"NA",1
"X74","XA:8398","SDG_1041_NOC_RT","2009",46.9,"NA",1
"X74","XA:8398","SDG_1041_NOC_RT","2008",45.4,"NA",1
"X74","XA:8398","SDG_1041_NOC_RT","2007",47.5,"NA",1
"X74","XA:8398","SDG_1041_NOC_RT","2006",45.1,"NA",1
"X74","XA:8398","SDG_1041_NOC_RT","2005",46.4,"NA",1
"X74","XA:8398","SDG_1041_NOC_RT","2004",47,"NA",1
"X75","XA:8448","SDG_1041_NOC_RT","2026",40.8,"NA",1
"X75","XA:8448","SDG_1041_NOC_RT","2025",40.4,"NA",1
"X75","XA:8448","SDG_1041_NOC_RT","2024",40.5,"NA",1
"X75","XA:8448","SDG_1041_NOC_RT","2023",40.6,"NA",1
"X75","XA:8448","SDG_1041_NOC_RT","2022",39.4,"NA",1
"X75","XA:8448","SDG_1041_NOC_RT","2021",38.8,"NA",1
"X75","XA:8448","SDG_1041_NOC_RT","2020",38.6,"NA",1
"X75","XA:8448","SDG_1041_NOC_RT","2019",37.9,"NA",1
"X75","XA:8448","SDG_1041_NOC_RT","2018",35.4,"NA",1
"X75","XA:8448","SDG_1041_NOC_RT","2017",35.3,"NA",1
"X75","XA:8448","SDG_1041_NOC_RT","2016",43.5,"NA",1
"X75","XA:8448","SDG_1041_NOC_RT","2015",43.4,"NA",1
"X75","XA:8448","SDG_1041_NOC_RT","2014",44.1,"NA",1
"X75","XA:8448","SDG_1041_NOC_RT","2013",46.4,"NA",1
"X75","XA:8448","SDG_1041_NOC_RT","2012",45.5,"NA",1
"X75","XA:8448","SDG_1041_NOC_RT","2011",42.4,"NA",1
"X75","XA:8448","SDG_1041_NOC_RT","2010",42.5,"NA",1
"X75","XA:8448","SDG_1041_NOC_RT","2009",42,"NA",1
"X75","XA:8448","SDG_1041_NOC_RT","2008",40.8,"NA",1
"X75","XA:8448","SDG_1041_NOC_RT","2007",40.9,"NA",1
"X75","XA:8448","SDG_1041_NOC_RT","2006",41.7,"NA",1
"X75","XA:8448","SDG_1041_NOC_RT","2005",41.4,"NA",1
"X75","XA:8448","SDG_1041_NOC_RT","2004",41.1,"NA",1
"X76","XA:8449","SDG_1041_NOC_RT","2026",42,"NA",1
"X76","XA:8449","SDG_1041_NOC_RT","2025",42,"NA",1
"X76","XA:8449","SDG_1041_NOC_RT","2024",42,"NA",1
"X76","XA:8449","SDG_1041_NOC_RT","2023",37.7,"NA",1
"X76","XA:8449","SDG_1041_NOC_RT","2022",33,"NA",1
"X76","XA:8449","SDG_1041_NOC_RT","2021",35.3,"NA",1
"X76","XA:8449","SDG_1041_NOC_RT","2020",38.1,"NA",1
"X76","XA:8449","SDG_1041_NOC_RT","2019",40.4,"NA",1
"X76","XA:8449","SDG_1041_NOC_RT","2018",39.5,"NA",1
"X76","XA:8449","SDG_1041_NOC_RT","2017",39.5,"NA",1
"X76","XA:8449","SDG_1041_NOC_RT","2016",41.2,"NA",1
"X76","XA:8449","SDG_1041_NOC_RT","2015",39.2,"NA",1
"X76","XA:8449","SDG_1041_NOC_RT","2014",38.5,"NA",1
"X76","XA:8449","SDG_1041_NOC_RT","2013",37.2,"NA",1
"X76","XA:8449","SDG_1041_NOC_RT","2012",38,"NA",1
"X76","XA:8449","SDG_1041_NOC_RT","2011",37.3,"NA",1
"X76","XA:8449","SDG_1041_NOC_RT","2010",38.5,"NA",1
"X76","XA:8449","SDG_1041_NOC_RT","2009",38.8,"NA",1
"X76","XA:8449","SDG_1041_NOC_RT","2008",36.5,"NA",1
"X76","XA:8449","SDG_1041_NOC_RT","2007",37.1,"NA",1
"X76","XA:8449","SDG_1041_NOC_RT","2006",35.9,"NA",1
"X76","XA:8449","SDG_1041_NOC_RT","2005",37.1,"NA",1
"X76","XA:8449","SDG_1041_NOC_RT","2004",37.6,"NA",1
"X77","XA:8450","SDG_1041_NOC_RT","2026",49.1,"NA",1
"X77","XA:8450","SDG_1041_NOC_RT","2025",49.4,"NA",1
"X77","XA:8450","SDG_1041_NOC_RT","2024",49.8,"NA",1
"X77","XA:8450","SDG_1041_NOC_RT","2023",49.9,"NA",1
"X77","XA:8450","SDG_1041_NOC_RT","2022",49.7,"NA",1
"X77","XA:8450","SDG_1041_NOC_RT","2021",49.7,"NA",1
"X77","XA:8450","SDG_1041_NOC_RT","2020",51.8,"NA",1
"X77","XA:8450","SDG_1041_NOC_RT","2019",51.6,"NA",1
"X77","XA:8450","SDG_1041_NOC_RT","2018",52.1,"NA",1
"X77","XA:8450","SDG_1041_NOC_RT","2017",51.9,"NA",1
"X77","XA:8450","SDG_1041_NOC_RT","2016",51.2,"NA",1
"X77","XA:8450","SDG_1041_NOC_RT","2015",50.6,"NA",1
"X77","XA:8450","SDG_1041_NOC_RT","2014",50.4,"NA",1
"X77","XA:8450","SDG_1041_NOC_RT","2013",50.5,"NA",1
"X77","XA:8450","SDG_1041_NOC_RT","2012",51,"NA",1
"X77","XA:8450","SDG_1041_NOC_RT","2011",51.4,"NA",1
"X77","XA:8450","SDG_1041_NOC_RT","2010",51.3,"NA",1
"X77","XA:8450","SDG_1041_NOC_RT","2009",51.4,"NA",1
"X77","XA:8450","SDG_1041_NOC_RT","2008",53.1,"NA",1
"X77","XA:8450","SDG_1041_NOC_RT","2007",52.1,"NA",1
"X77","XA:8450","SDG_1041_NOC_RT","2006",52,"NA",1
"X77","XA:8450","SDG_1041_NOC_RT","2005",51.7,"NA",1
"X77","XA:8450","SDG_1041_NOC_RT","2004",51.5,"NA",1
"X78","XA:8399","SDG_1041_NOC_RT","2026",42.6,"NA",1
"X78","XA:8399","SDG_1041_NOC_RT","2025",42.5,"NA",1
"X78","XA:8399","SDG_1041_NOC_RT","2024",42.7,"NA",1
"X78","XA:8399","SDG_1041_NOC_RT","2023",39.2,"NA",1
"X78","XA:8399","SDG_1041_NOC_RT","2022",35.3,"NA",1
"X78","XA:8399","SDG_1041_NOC_RT","2021",37.1,"NA",1
"X78","XA:8399","SDG_1041_NOC_RT","2020",39.5,"NA",1
"X78","XA:8399","SDG_1041_NOC_RT","2019",41.4,"NA",1
"X78","XA:8399","SDG_1041_NOC_RT","2018",40.4,"NA",1
"X78","XA:8399","SDG_1041_NOC_RT","2017",40.5,"NA",1
"X78","XA:8399","SDG_1041_NOC_RT","2016",42.5,"NA",1
"X78","XA:8399","SDG_1041_NOC_RT","2015",40.7,"NA",1
"X78","XA:8399","SDG_1041_NOC_RT","2014",40.2,"NA",1
"X78","XA:8399","SDG_1041_NOC_RT","2013",39.3,"NA",1
"X78","XA:8399","SDG_1041_NOC_RT","2012",40,"NA",1
"X78","XA:8399","SDG_1041_NOC_RT","2011",39.3,"NA",1
"X78","XA:8399","SDG_1041_NOC_RT","2010",40.3,"NA",1
"X78","XA:8399","SDG_1041_NOC_RT","2009",40.6,"NA",1
"X78","XA:8399","SDG_1041_NOC_RT","2008",38.8,"NA",1
"X78","XA:8399","SDG_1041_NOC_RT","2007",39.1,"NA",1
"X78","XA:8399","SDG_1041_NOC_RT","2006",38.2,"NA",1
"X78","XA:8399","SDG_1041_NOC_RT","2005",39.2,"NA",1
"X78","XA:8399","SDG_1041_NOC_RT","2004",39.7,"NA",1
"X79","XA:8400","SDG_1041_NOC_RT","2026",42.9,"NA",1
"X79","XA:8400","SDG_1041_NOC_RT","2025",42.9,"NA",1
"X79","XA:8400","SDG_1041_NOC_RT","2024",43,"NA",1
"X79","XA:8400","SDG_1041_NOC_RT","2023",38.5,"NA",1
"X79","XA:8400","SDG_1041_NOC_RT","2022",33.4,"NA",1
"X79","XA:8400","SDG_1041_NOC_RT","2021",35.8,"NA",1
"X79","XA:8400","SDG_1041_NOC_RT","2020",39,"NA",1
"X79","XA:8400","SDG_1041_NOC_RT","2019",41.7,"NA",1
"X79","XA:8400","SDG_1041_NOC_RT","2018",40.7,"NA",1
"X79","XA:8400","SDG_1041_NOC_RT","2017",40.8,"NA",1
"X79","XA:8400","SDG_1041_NOC_RT","2016",42.6,"NA",1
"X79","XA:8400","SDG_1041_NOC_RT","2015",39.7,"NA",1
"X79","XA:8400","SDG_1041_NOC_RT","2014",39,"NA",1
"X79","XA:8400","SDG_1041_NOC_RT","2013",37.6,"NA",1
"X79","XA:8400","SDG_1041_NOC_RT","2012",37.9,"NA",1
"X79","XA:8400","SDG_1041_NOC_RT","2011",37.1,"NA",1
"X79","XA:8400","SDG_1041_NOC_RT","2010",37.9,"NA",1
"X79","XA:8400","SDG_1041_NOC_RT","2009",38.4,"NA",1
"X79","XA:8400","SDG_1041_NOC_RT","2008",36.6,"NA",1
"X79","XA:8400","SDG_1041_NOC_RT","2007",36.4,"NA",1
"X79","XA:8400","SDG_1041_NOC_RT","2006",36.1,"NA",1
"X79","XA:8400","SDG_1041_NOC_RT","2005",37,"NA",1
"X79","XA:8400","SDG_1041_NOC_RT","2004",37.4,"NA",1
"X82","XA:12988","SDG_1041_NOC_RT","2026",57.6,"NA",1
"X82","XA:12988","SDG_1041_NOC_RT","2025",57.6,"NA",1
"X82","XA:12988","SDG_1041_NOC_RT","2024",57.1,"NA",1
"X82","XA:12988","SDG_1041_NOC_RT","2023",56.2,"NA",1
"X82","XA:12988","SDG_1041_NOC_RT","2022",55.8,"NA",1
"X82","XA:12988","SDG_1041_NOC_RT","2021",56.9,"NA",1
"X82","XA:12988","SDG_1041_NOC_RT","2020",58.6,"NA",1
"X82","XA:12988","SDG_1041_NOC_RT","2019",57.7,"NA",1
"X82","XA:12988","SDG_1041_NOC_RT","2018",57.7,"NA",1
"X82","XA:12988","SDG_1041_NOC_RT","2017",57.5,"NA",1
"X82","XA:12988","SDG_1041_NOC_RT","2016",57.9,"NA",1
"X82","XA:12988","SDG_1041_NOC_RT","2015",57.6,"NA",1
"X82","XA:12988","SDG_1041_NOC_RT","2014",58.1,"NA",1
"X82","XA:12988","SDG_1041_NOC_RT","2013",58.1,"NA",1
"X82","XA:12988","SDG_1041_NOC_RT","2012",58.5,"NA",1
"X82","XA:12988","SDG_1041_NOC_RT","2011",58.4,"NA",1
"X82","XA:12988","SDG_1041_NOC_RT","2010",59.1,"NA",1
"X82","XA:12988","SDG_1041_NOC_RT","2009",59.7,"NA",1
"X82","XA:12988","SDG_1041_NOC_RT","2008",58.5,"NA",1
"X82","XA:12988","SDG_1041_NOC_RT","2007",58.1,"NA",1
"X82","XA:12988","SDG_1041_NOC_RT","2006",58.2,"NA",1
"X82","XA:12988","SDG_1041_NOC_RT","2005",58.7,"NA",1
"X82","XA:12988","SDG_1041_NOC_RT","2004",58.8,"NA",1
"X83","XA:12989","SDG_1041_NOC_RT","2026",53.9,"NA",1
"X83","XA:12989","SDG_1041_NOC_RT","2025",53.9,"NA",1
"X83","XA:12989","SDG_1041_NOC_RT","2024",53.7,"NA",1
"X83","XA:12989","SDG_1041_NOC_RT","2023",53.3,"NA",1
"X83","XA:12989","SDG_1041_NOC_RT","2022",53.3,"NA",1
"X83","XA:12989","SDG_1041_NOC_RT","2021",53.9,"NA",1
"X83","XA:12989","SDG_1041_NOC_RT","2020",55.1,"NA",1
"X83","XA:12989","SDG_1041_NOC_RT","2019",54.4,"NA",1
"X83","XA:12989","SDG_1041_NOC_RT","2018",54.3,"NA",1
"X83","XA:12989","SDG_1041_NOC_RT","2017",54.3,"NA",1
"X83","XA:12989","SDG_1041_NOC_RT","2016",54.5,"NA",1
"X83","XA:12989","SDG_1041_NOC_RT","2015",54.3,"NA",1
"X83","XA:12989","SDG_1041_NOC_RT","2014",54.4,"NA",1
"X83","XA:12989","SDG_1041_NOC_RT","2013",54.1,"NA",1
"X83","XA:12989","SDG_1041_NOC_RT","2012",54.1,"NA",1
"X83","XA:12989","SDG_1041_NOC_RT","2011",54.1,"NA",1
"X83","XA:12989","SDG_1041_NOC_RT","2010",54.6,"NA",1
"X83","XA:12989","SDG_1041_NOC_RT","2009",55.8,"NA",1
"X83","XA:12989","SDG_1041_NOC_RT","2008",54.9,"NA",1
"X83","XA:12989","SDG_1041_NOC_RT","2007",54.3,"NA",1
"X83","XA:12989","SDG_1041_NOC_RT","2006",54.5,"NA",1
"X83","XA:12989","SDG_1041_NOC_RT","2005",54.9,"NA",1
"X83","XA:12989","SDG_1041_NOC_RT","2004",55.5,"NA",1
"X84","XA:12987","SDG_1041_NOC_RT","2026",50.3,"NA",1
"X84","XA:12987","SDG_1041_NOC_RT","2025",50.2,"NA",1
"X84","XA:12987","SDG_1041_NOC_RT","2024",50,"NA",1
"X84","XA:12987","SDG_1041_NOC_RT","2023",50.1,"NA",1
"X84","XA:12987","SDG_1041_NOC_RT","2022",49.5,"NA",1
"X84","XA:12987","SDG_1041_NOC_RT","2021",50.1,"NA",1
"X84","XA:12987","SDG_1041_NOC_RT","2020",51.2,"NA",1
"X84","XA:12987","SDG_1041_NOC_RT","2019",50.3,"NA",1
"X84","XA:12987","SDG_1041_NOC_RT","2018",51.1,"NA",1
"X84","XA:12987","SDG_1041_NOC_RT","2017",51.2,"NA",1
"X84","XA:12987","SDG_1041_NOC_RT","2016",51.8,"NA",1
"X84","XA:12987","SDG_1041_NOC_RT","2015",51.9,"NA",1
"X84","XA:12987","SDG_1041_NOC_RT","2014",52,"NA",1
"X84","XA:12987","SDG_1041_NOC_RT","2013",51.5,"NA",1
"X84","XA:12987","SDG_1041_NOC_RT","2012",51.1,"NA",1
"X84","XA:12987","SDG_1041_NOC_RT","2011",50.8,"NA",1
"X84","XA:12987","SDG_1041_NOC_RT","2010",50.4,"NA",1
"X84","XA:12987","SDG_1041_NOC_RT","2009",51.8,"NA",1
"X84","XA:12987","SDG_1041_NOC_RT","2008",50.7,"NA",1
"X84","XA:12987","SDG_1041_NOC_RT","2007",50.3,"NA",1
"X84","XA:12987","SDG_1041_NOC_RT","2006",50.1,"NA",1
"X84","XA:12987","SDG_1041_NOC_RT","2005",50.1,"NA",1
"X84","XA:12987","SDG_1041_NOC_RT","2004",50.2,"NA",1
"X85","XA:12990","SDG_1041_NOC_RT","2026",52.6,"NA",1
"X85","XA:12990","SDG_1041_NOC_RT","2025",52.5,"NA",1
"X85","XA:12990","SDG_1041_NOC_RT","2024",52.4,"NA",1
"X85","XA:12990","SDG_1041_NOC_RT","2023",52.1,"NA",1
"X85","XA:12990","SDG_1041_NOC_RT","2022",52.4,"NA",1
"X85","XA:12990","SDG_1041_NOC_RT","2021",52.2,"NA",1
"X85","XA:12990","SDG_1041_NOC_RT","2020",53.2,"NA",1
"X85","XA:12990","SDG_1041_NOC_RT","2019",52.4,"NA",1
"X85","XA:12990","SDG_1041_NOC_RT","2018",52.3,"NA",1
"X85","XA:12990","SDG_1041_NOC_RT","2017",52.6,"NA",1
"X85","XA:12990","SDG_1041_NOC_RT","2016",52.6,"NA",1
"X85","XA:12990","SDG_1041_NOC_RT","2015",52.3,"NA",1
"X85","XA:12990","SDG_1041_NOC_RT","2014",52,"NA",1
"X85","XA:12990","SDG_1041_NOC_RT","2013",51.5,"NA",1
"X85","XA:12990","SDG_1041_NOC_RT","2012",50.8,"NA",1
"X85","XA:12990","SDG_1041_NOC_RT","2011",50.7,"NA",1
"X85","XA:12990","SDG_1041_NOC_RT","2010",51.7,"NA",1
"X85","XA:12990","SDG_1041_NOC_RT","2009",53,"NA",1
"X85","XA:12990","SDG_1041_NOC_RT","2008",51.1,"NA",1
"X85","XA:12990","SDG_1041_NOC_RT","2007",49.5,"NA",1
"X85","XA:12990","SDG_1041_NOC_RT","2006",49.8,"NA",1
"X85","XA:12990","SDG_1041_NOC_RT","2005",50.1,"NA",1
"X85","XA:12990","SDG_1041_NOC_RT","2004",51.1,"NA",1
"X87","XA:13329","SDG_1041_NOC_RT","2026",52.8,"NA",1
"X87","XA:13329","SDG_1041_NOC_RT","2025",52.8,"NA",1
"X87","XA:13329","SDG_1041_NOC_RT","2024",52.7,"NA",1
"X87","XA:13329","SDG_1041_NOC_RT","2023",52.2,"NA",1
"X87","XA:13329","SDG_1041_NOC_RT","2022",51.9,"NA",1
"X87","XA:13329","SDG_1041_NOC_RT","2021",53,"NA",1
"X87","XA:13329","SDG_1041_NOC_RT","2020",54.4,"NA",1
"X87","XA:13329","SDG_1041_NOC_RT","2019",53.6,"NA",1
"X87","XA:13329","SDG_1041_NOC_RT","2018",53.3,"NA",1
"X87","XA:13329","SDG_1041_NOC_RT","2017",53.2,"NA",1
"X87","XA:13329","SDG_1041_NOC_RT","2016",53.6,"NA",1
"X87","XA:13329","SDG_1041_NOC_RT","2015",53.5,"NA",1
"X87","XA:13329","SDG_1041_NOC_RT","2014",53.7,"NA",1
"X87","XA:13329","SDG_1041_NOC_RT","2013",53.5,"NA",1
"X87","XA:13329","SDG_1041_NOC_RT","2012",53.7,"NA",1
"X87","XA:13329","SDG_1041_NOC_RT","2011",53.6,"NA",1
"X87","XA:13329","SDG_1041_NOC_RT","2010",53.8,"NA",1
"X87","XA:13329","SDG_1041_NOC_RT","2009",55,"NA",1
"X87","XA:13329","SDG_1041_NOC_RT","2008",54.3,"NA",1
"X87","XA:13329","SDG_1041_NOC_RT","2007",54.2,"NA",1
"X87","XA:13329","SDG_1041_NOC_RT","2006",54.2,"NA",1
"X87","XA:13329","SDG_1041_NOC_RT","2005",54.6,"NA",1
"X87","XA:13329","SDG_1041_NOC_RT","2004",54.9,"NA",1
"X88","XA:14065","SDG_1041_NOC_RT","2026",57.1,"NA",1
"X88","XA:14065","SDG_1041_NOC_RT","2025",57.2,"NA",1
"X88","XA:14065","SDG_1041_NOC_RT","2024",56.8,"NA",1
"X88","XA:14065","SDG_1041_NOC_RT","2023",56.4,"NA",1
"X88","XA:14065","SDG_1041_NOC_RT","2022",56.8,"NA",1
"X88","XA:14065","SDG_1041_NOC_RT","2021",58.2,"NA",1
"X88","XA:14065","SDG_1041_NOC_RT","2020",59.3,"NA",1
"X88","XA:14065","SDG_1041_NOC_RT","2019",58.5,"NA",1
"X88","XA:14065","SDG_1041_NOC_RT","2018",58.6,"NA",1
"X88","XA:14065","SDG_1041_NOC_RT","2017",58.3,"NA",1
"X88","XA:14065","SDG_1041_NOC_RT","2016",58.4,"NA",1
"X88","XA:14065","SDG_1041_NOC_RT","2015",58.4,"NA",1
"X88","XA:14065","SDG_1041_NOC_RT","2014",58.3,"NA",1
"X88","XA:14065","SDG_1041_NOC_RT","2013",58.2,"NA",1
"X88","XA:14065","SDG_1041_NOC_RT","2012",58.7,"NA",1
"X88","XA:14065","SDG_1041_NOC_RT","2011",58.7,"NA",1
"X88","XA:14065","SDG_1041_NOC_RT","2010",58.8,"NA",1
"X88","XA:14065","SDG_1041_NOC_RT","2009",59.8,"NA",1
"X88","XA:14065","SDG_1041_NOC_RT","2008",59.5,"NA",1
"X88","XA:14065","SDG_1041_NOC_RT","2007",59.4,"NA",1
"X88","XA:14065","SDG_1041_NOC_RT","2006",59.4,"NA",1
"X88","XA:14065","SDG_1041_NOC_RT","2005",59.5,"NA",1
"X88","XA:14065","SDG_1041_NOC_RT","2004",60,"NA",1
"X89","XA:14066","SDG_1041_NOC_RT","2026",35.1,"NA",1
"X89","XA:14066","SDG_1041_NOC_RT","2025",35.1,"NA",1
"X89","XA:14066","SDG_1041_NOC_RT","2024",35.5,"NA",1
"X89","XA:14066","SDG_1041_NOC_RT","2023",35.3,"NA",1
"X89","XA:14066","SDG_1041_NOC_RT","2022",33.2,"NA",1
"X89","XA:14066","SDG_1041_NOC_RT","2021",36,"NA",1
"X89","XA:14066","SDG_1041_NOC_RT","2020",38.6,"NA",1
"X89","XA:14066","SDG_1041_NOC_RT","2019",36.6,"NA",1
"X89","XA:14066","SDG_1041_NOC_RT","2018",35.7,"NA",1
"X89","XA:14066","SDG_1041_NOC_RT","2017",37.4,"NA",1
"X89","XA:14066","SDG_1041_NOC_RT","2016",37.7,"NA",1
"X89","XA:14066","SDG_1041_NOC_RT","2015",37.2,"NA",1
"X89","XA:14066","SDG_1041_NOC_RT","2014",33.2,"NA",1
"X89","XA:14066","SDG_1041_NOC_RT","2013",31.8,"NA",1
"X89","XA:14066","SDG_1041_NOC_RT","2012",31,"NA",1
"X89","XA:14066","SDG_1041_NOC_RT","2011",31.1,"NA",1
"X89","XA:14066","SDG_1041_NOC_RT","2010",31.4,"NA",1
"X89","XA:14066","SDG_1041_NOC_RT","2009",32.9,"NA",1
"X89","XA:14066","SDG_1041_NOC_RT","2008",28.9,"NA",1
"X89","XA:14066","SDG_1041_NOC_RT","2007",29.6,"NA",1
"X89","XA:14066","SDG_1041_NOC_RT","2006",29.9,"NA",1
"X89","XA:14066","SDG_1041_NOC_RT","2005",30.6,"NA",1
"X89","XA:14066","SDG_1041_NOC_RT","2004",32.4,"NA",1
"X90","XA:15672","SDG_1041_NOC_RT","2026",35.1,"NA",1
"X90","XA:15672","SDG_1041_NOC_RT","2025",35.2,"NA",1
"X90","XA:15672","SDG_1041_NOC_RT","2024",35.7,"NA",1
"X90","XA:15672","SDG_1041_NOC_RT","2023",35.6,"NA",1
"X90","XA:15672","SDG_1041_NOC_RT","2022",33.3,"NA",1
"X90","XA:15672","SDG_1041_NOC_RT","2021",36.2,"NA",1
"X90","XA:15672","SDG_1041_NOC_RT","2020",39,"NA",1
"X90","XA:15672","SDG_1041_NOC_RT","2019",36.3,"NA",1
"X90","XA:15672","SDG_1041_NOC_RT","2018",35.4,"NA",1
"X90","XA:15672","SDG_1041_NOC_RT","2017",36.8,"NA",1
"X90","XA:15672","SDG_1041_NOC_RT","2016",37.3,"NA",1
"X90","XA:15672","SDG_1041_NOC_RT","2015",36.4,"NA",1
"X90","XA:15672","SDG_1041_NOC_RT","2014",32.4,"NA",1
"X90","XA:15672","SDG_1041_NOC_RT","2013",31,"NA",1
"X90","XA:15672","SDG_1041_NOC_RT","2012",29.7,"NA",1
"X90","XA:15672","SDG_1041_NOC_RT","2011",30.1,"NA",1
"X90","XA:15672","SDG_1041_NOC_RT","2010",30.8,"NA",1
"X90","XA:15672","SDG_1041_NOC_RT","2009",32.4,"NA",1
"X90","XA:15672","SDG_1041_NOC_RT","2008",28.2,"NA",1
"X90","XA:15672","SDG_1041_NOC_RT","2007",29.3,"NA",1
"X90","XA:15672","SDG_1041_NOC_RT","2006",28.9,"NA",1
"X90","XA:15672","SDG_1041_NOC_RT","2005",29.7,"NA",1
"X90","XA:15672","SDG_1041_NOC_RT","2004",31.8,"NA",1
"X91","XA:15716","SDG_1041_NOC_RT","2026",50.7,"NA",1
"X91","XA:15716","SDG_1041_NOC_RT","2025",50.6,"NA",1
"X91","XA:15716","SDG_1041_NOC_RT","2024",50.1,"NA",1
"X91","XA:15716","SDG_1041_NOC_RT","2023",49.7,"NA",1
"X91","XA:15716","SDG_1041_NOC_RT","2022",49,"NA",1
"X91","XA:15716","SDG_1041_NOC_RT","2021",48.5,"NA",1
"X91","XA:15716","SDG_1041_NOC_RT","2020",50.6,"NA",1
"X91","XA:15716","SDG_1041_NOC_RT","2019",49,"NA",1
"X91","XA:15716","SDG_1041_NOC_RT","2018",48.8,"NA",1
"X91","XA:15716","SDG_1041_NOC_RT","2017",48.9,"NA",1
"X91","XA:15716","SDG_1041_NOC_RT","2016",49.6,"NA",1
"X91","XA:15716","SDG_1041_NOC_RT","2015",49.4,"NA",1
"X91","XA:15716","SDG_1041_NOC_RT","2014",49.2,"NA",1
"X91","XA:15716","SDG_1041_NOC_RT","2013",49,"NA",1
"X91","XA:15716","SDG_1041_NOC_RT","2012",49,"NA",1
"X91","XA:15716","SDG_1041_NOC_RT","2011",48.5,"NA",1
"X91","XA:15716","SDG_1041_NOC_RT","2010",48.3,"NA",1
"X91","XA:15716","SDG_1041_NOC_RT","2009",48.5,"NA",1
"X91","XA:15716","SDG_1041_NOC_RT","2008",47.9,"NA",1
"X91","XA:15716","SDG_1041_NOC_RT","2007",47.8,"NA",1
"X91","XA:15716","SDG_1041_NOC_RT","2006",47.4,"NA",1
"X91","XA:15716","SDG_1041_NOC_RT","2005",47.6,"NA",1
"X91","XA:15716","SDG_1041_NOC_RT","2004",48,"NA",1
"X92","XA:15724","SDG_1041_NOC_RT","2026",57.5,"NA",1
"X92","XA:15724","SDG_1041_NOC_RT","2025",57.6,"NA",1
"X92","XA:15724","SDG_1041_NOC_RT","2024",57.2,"NA",1
"X92","XA:15724","SDG_1041_NOC_RT","2023",56.3,"NA",1
"X92","XA:15724","SDG_1041_NOC_RT","2022",55.8,"NA",1
"X92","XA:15724","SDG_1041_NOC_RT","2021",56.9,"NA",1
"X92","XA:15724","SDG_1041_NOC_RT","2020",58.5,"NA",1
"X92","XA:15724","SDG_1041_NOC_RT","2019",57.9,"NA",1
"X92","XA:15724","SDG_1041_NOC_RT","2018",57.9,"NA",1
"X92","XA:15724","SDG_1041_NOC_RT","2017",57.7,"NA",1
"X92","XA:15724","SDG_1041_NOC_RT","2016",58.2,"NA",1
"X92","XA:15724","SDG_1041_NOC_RT","2015",57.8,"NA",1
"X92","XA:15724","SDG_1041_NOC_RT","2014",58.3,"NA",1
"X92","XA:15724","SDG_1041_NOC_RT","2013",58.2,"NA",1
"X92","XA:15724","SDG_1041_NOC_RT","2012",58.6,"NA",1
"X92","XA:15724","SDG_1041_NOC_RT","2011",58.5,"NA",1
"X92","XA:15724","SDG_1041_NOC_RT","2010",59.1,"NA",1
"X92","XA:15724","SDG_1041_NOC_RT","2009",59.8,"NA",1
"X92","XA:15724","SDG_1041_NOC_RT","2008",58.4,"NA",1
"X92","XA:15724","SDG_1041_NOC_RT","2007",57.9,"NA",1
"X92","XA:15724","SDG_1041_NOC_RT","2006",58.1,"NA",1
"X92","XA:15724","SDG_1041_NOC_RT","2005",58.7,"NA",1
"X92","XA:15724","SDG_1041_NOC_RT","2004",58.8,"NA",1
"X94","XA:15736","SDG_1041_NOC_RT","2026",33.3,"NA",1
"X94","XA:15736","SDG_1041_NOC_RT","2025",33.3,"NA",1
"X94","XA:15736","SDG_1041_NOC_RT","2024",33.2,"NA",1
"X94","XA:15736","SDG_1041_NOC_RT","2023",33.3,"NA",1
"X94","XA:15736","SDG_1041_NOC_RT","2022",33.1,"NA",1
"X94","XA:15736","SDG_1041_NOC_RT","2021",32.5,"NA",1
"X94","XA:15736","SDG_1041_NOC_RT","2020",33.5,"NA",1
"X94","XA:15736","SDG_1041_NOC_RT","2019",32.5,"NA",1
"X94","XA:15736","SDG_1041_NOC_RT","2018",32.6,"NA",1
"X94","XA:15736","SDG_1041_NOC_RT","2017",32.9,"NA",1
"X94","XA:15736","SDG_1041_NOC_RT","2016",33.2,"NA",1
"X94","XA:15736","SDG_1041_NOC_RT","2015",33.9,"NA",1
"X94","XA:15736","SDG_1041_NOC_RT","2014",32.8,"NA",1
"X94","XA:15736","SDG_1041_NOC_RT","2013",33,"NA",1
"X94","XA:15736","SDG_1041_NOC_RT","2012",33.4,"NA",1
"X94","XA:15736","SDG_1041_NOC_RT","2011",33.2,"NA",1
"X94","XA:15736","SDG_1041_NOC_RT","2010",32.3,"NA",1
"X94","XA:15736","SDG_1041_NOC_RT","2009",32.5,"NA",1
"X94","XA:15736","SDG_1041_NOC_RT","2008",32.5,"NA",1
"X94","XA:15736","SDG_1041_NOC_RT","2007",32.6,"NA",1
"X94","XA:15736","SDG_1041_NOC_RT","2006",32.6,"NA",1
"X94","XA:15736","SDG_1041_NOC_RT","2005",32.5,"NA",1
"X94","XA:15736","SDG_1041_NOC_RT","2004",32.5,"NA",1
"X97","XA:16111","SDG_1041_NOC_RT","2026",52.5,"NA",1
"X97","XA:16111","SDG_1041_NOC_RT","2025",52.5,"NA",1
"X97","XA:16111","SDG_1041_NOC_RT","2024",52.3,"NA",1
"X97","XA:16111","SDG_1041_NOC_RT","2023",52.2,"NA",1
"X97","XA:16111","SDG_1041_NOC_RT","2022",52.6,"NA",1
"X97","XA:16111","SDG_1041_NOC_RT","2021",52.9,"NA",1
"X97","XA:16111","SDG_1041_NOC_RT","2020",54,"NA",1
"X97","XA:16111","SDG_1041_NOC_RT","2019",53.2,"NA",1
"X97","XA:16111","SDG_1041_NOC_RT","2018",53.1,"NA",1
"X97","XA:16111","SDG_1041_NOC_RT","2017",53.3,"NA",1
"X97","XA:16111","SDG_1041_NOC_RT","2016",53.5,"NA",1
"X97","XA:16111","SDG_1041_NOC_RT","2015",53.6,"NA",1
"X97","XA:16111","SDG_1041_NOC_RT","2014",53.6,"NA",1
"X97","XA:16111","SDG_1041_NOC_RT","2013",53.5,"NA",1
"X97","XA:16111","SDG_1041_NOC_RT","2012",53.5,"NA",1
"X97","XA:16111","SDG_1041_NOC_RT","2011",53.4,"NA",1
"X97","XA:16111","SDG_1041_NOC_RT","2010",53.8,"NA",1
"X97","XA:16111","SDG_1041_NOC_RT","2009",55.1,"NA",1
"X97","XA:16111","SDG_1041_NOC_RT","2008",54.7,"NA",1
"X97","XA:16111","SDG_1041_NOC_RT","2007",54.4,"NA",1
"X97","XA:16111","SDG_1041_NOC_RT","2006",54.5,"NA",1
"X97","XA:16111","SDG_1041_NOC_RT","2005",54.7,"NA",1
"X97","XA:16111","SDG_1041_NOC_RT","2004",55.4,"NA",1
"X98","XA:16212","SDG_1041_NOC_RT","2026",52,"NA",1
"X98","XA:16212","SDG_1041_NOC_RT","2025",52,"NA",1
"X98","XA:16212","SDG_1041_NOC_RT","2024",51.9,"NA",1
"X98","XA:16212","SDG_1041_NOC_RT","2023",51.5,"NA",1
"X98","XA:16212","SDG_1041_NOC_RT","2022",51.2,"NA",1
"X98","XA:16212","SDG_1041_NOC_RT","2021",52.1,"NA",1
"X98","XA:16212","SDG_1041_NOC_RT","2020",53.7,"NA",1
"X98","XA:16212","SDG_1041_NOC_RT","2019",52.8,"NA",1
"X98","XA:16212","SDG_1041_NOC_RT","2018",52.7,"NA",1
"X98","XA:16212","SDG_1041_NOC_RT","2017",52.8,"NA",1
"X98","XA:16212","SDG_1041_NOC_RT","2016",53.1,"NA",1
"X98","XA:16212","SDG_1041_NOC_RT","2015",53,"NA",1
"X98","XA:16212","SDG_1041_NOC_RT","2014",52.9,"NA",1
"X98","XA:16212","SDG_1041_NOC_RT","2013",52.7,"NA",1
"X98","XA:16212","SDG_1041_NOC_RT","2012",52.6,"NA",1
"X98","XA:16212","SDG_1041_NOC_RT","2011",52.5,"NA",1
"X98","XA:16212","SDG_1041_NOC_RT","2010",53,"NA",1
"X98","XA:16212","SDG_1041_NOC_RT","2009",54.3,"NA",1
"X98","XA:16212","SDG_1041_NOC_RT","2008",53.2,"NA",1
"X98","XA:16212","SDG_1041_NOC_RT","2007",53,"NA",1
"X98","XA:16212","SDG_1041_NOC_RT","2006",53.1,"NA",1
"X98","XA:16212","SDG_1041_NOC_RT","2005",53.4,"NA",1
"X98","XA:16212","SDG_1041_NOC_RT","2004",53.9,"NA",1
"X99","XA:16213","SDG_1041_NOC_RT","2026",47.1,"NA",1
"X99","XA:16213","SDG_1041_NOC_RT","2025",47.2,"NA",1
"X99","XA:16213","SDG_1041_NOC_RT","2024",47.4,"NA",1
"X99","XA:16213","SDG_1041_NOC_RT","2023",47.4,"NA",1
"X99","XA:16213","SDG_1041_NOC_RT","2022",47.1,"NA",1
"X99","XA:16213","SDG_1041_NOC_RT","2021",47.9,"NA",1
"X99","XA:16213","SDG_1041_NOC_RT","2020",48.2,"NA",1
"X99","XA:16213","SDG_1041_NOC_RT","2019",48,"NA",1
"X99","XA:16213","SDG_1041_NOC_RT","2018",47.8,"NA",1
"X99","XA:16213","SDG_1041_NOC_RT","2017",47.7,"NA",1
"X99","XA:16213","SDG_1041_NOC_RT","2016",47.4,"NA",1
"X99","XA:16213","SDG_1041_NOC_RT","2015",47.7,"NA",1
"X99","XA:16213","SDG_1041_NOC_RT","2014",48.2,"NA",1
"X99","XA:16213","SDG_1041_NOC_RT","2013",47.8,"NA",1
"X99","XA:16213","SDG_1041_NOC_RT","2012",47,"NA",1
"X99","XA:16213","SDG_1041_NOC_RT","2011",46.7,"NA",1
"X99","XA:16213","SDG_1041_NOC_RT","2010",46.3,"NA",1
"X99","XA:16213","SDG_1041_NOC_RT","2009",46.7,"NA",1
"X99","XA:16213","SDG_1041_NOC_RT","2008",45.8,"NA",1
"X99","XA:16213","SDG_1041_NOC_RT","2007",46.3,"NA",1
"X99","XA:16213","SDG_1041_NOC_RT","2006",46.5,"NA",1
"X99","XA:16213","SDG_1041_NOC_RT","2005",46.7,"NA",1
"X99","XA:16213","SDG_1041_NOC_RT","2004",47.1,"NA",1
"XA1","XA:16214","SDG_1041_NOC_RT","2026",47.7,"NA",1
"XA1","XA:16214","SDG_1041_NOC_RT","2025",47.7,"NA",1
"XA1","XA:16214","SDG_1041_NOC_RT","2024",47.5,"NA",1
"XA1","XA:16214","SDG_1041_NOC_RT","2023",46.7,"NA",1
"XA1","XA:16214","SDG_1041_NOC_RT","2022",45.4,"NA",1
"XA1","XA:16214","SDG_1041_NOC_RT","2021",45.9,"NA",1
"XA1","XA:16214","SDG_1041_NOC_RT","2020",47.8,"NA",1
"XA1","XA:16214","SDG_1041_NOC_RT","2019",47.5,"NA",1
"XA1","XA:16214","SDG_1041_NOC_RT","2018",47.2,"NA",1
"XA1","XA:16214","SDG_1041_NOC_RT","2017",47.7,"NA",1
"XA1","XA:16214","SDG_1041_NOC_RT","2016",48.4,"NA",1
"XA1","XA:16214","SDG_1041_NOC_RT","2015",48.5,"NA",1
"XA1","XA:16214","SDG_1041_NOC_RT","2014",48.7,"NA",1
"XA1","XA:16214","SDG_1041_NOC_RT","2013",48.1,"NA",1
"XA1","XA:16214","SDG_1041_NOC_RT","2012",47.5,"NA",1
"XA1","XA:16214","SDG_1041_NOC_RT","2011",46.8,"NA",1
"XA1","XA:16214","SDG_1041_NOC_RT","2010",46.6,"NA",1
"XA1","XA:16214","SDG_1041_NOC_RT","2009",47.8,"NA",1
"XA1","XA:16214","SDG_1041_NOC_RT","2008",45.6,"NA",1
"XA1","XA:16214","SDG_1041_NOC_RT","2007",44.9,"NA",1
"XA1","XA:16214","SDG_1041_NOC_RT","2006",45,"NA",1
"XA1","XA:16214","SDG_1041_NOC_RT","2005",45,"NA",1
"XA1","XA:16214","SDG_1041_NOC_RT","2004",44.9,"NA",1
"YEM","XA:2190","SDG_1041_NOC_RT","2026",32.429,"I",1
"YEM","XA:2190","SDG_1041_NOC_RT","2025",32.383,"I",1
"YEM","XA:2190","SDG_1041_NOC_RT","2024",32.392,"I",1
"YEM","XA:2190","SDG_1041_NOC_RT","2023",32.446,"I",1
"YEM","XA:2190","SDG_1041_NOC_RT","2022",32.18,"I",1
"YEM","XA:2190","SDG_1041_NOC_RT","2021",31.213,"I",1
"YEM","XA:2190","SDG_1041_NOC_RT","2020",32.08,"I",1
"YEM","XA:2190","SDG_1041_NOC_RT","2019",31.613,"I",1
"YEM","XA:2190","SDG_1041_NOC_RT","2018",31.736,"I",1
"YEM","XA:2190","SDG_1041_NOC_RT","2017",32.17,"I",1
"YEM","XA:2190","SDG_1041_NOC_RT","2016",32.496,"I",1
"YEM","XA:2190","SDG_1041_NOC_RT","2015",33.822,"I",1
"YEM","XA:2190","SDG_1041_NOC_RT","2014",31.901,"I",1
"YEM","XA:2190","SDG_1041_NOC_RT","2013",31.47,"I",1
"YEM","XA:2190","SDG_1041_NOC_RT","2012",31.558,"I",1
"YEM","XA:2190","SDG_1041_NOC_RT","2011",32.525,"I",1
"YEM","XA:2190","SDG_1041_NOC_RT","2010",31.013,"I",1
"YEM","XA:2190","SDG_1041_NOC_RT","2009",31.298,"I",1
"YEM","XA:2190","SDG_1041_NOC_RT","2008",31.322,"I",1
"YEM","XA:2190","SDG_1041_NOC_RT","2007",31.351,"I",1
"YEM","XA:2190","SDG_1041_NOC_RT","2006",31.367,"I",1
"YEM","XA:2190","SDG_1041_NOC_RT","2005",31.2,"I",1
"YEM","XA:2190","SDG_1041_NOC_RT","2004",31.316,"I",1
"ZAF","XA:2192","SDG_1041_NOC_RT","2026",52.636,"I",1
"ZAF","XA:2192","SDG_1041_NOC_RT","2025",52.636,"I",1
"ZAF","XA:2192","SDG_1041_NOC_RT","2024",52.836,"I",1
"ZAF","XA:2192","SDG_1041_NOC_RT","2023",52.495,"I",1
"ZAF","XA:2192","SDG_1041_NOC_RT","2022",52.824,"I",1
"ZAF","XA:2192","SDG_1041_NOC_RT","2021",53.825,"I",1
"ZAF","XA:2192","SDG_1041_NOC_RT","2020",56.624,"I",1
"ZAF","XA:2192","SDG_1041_NOC_RT","2019",56.767,"I",1
"ZAF","XA:2192","SDG_1041_NOC_RT","2018",56.43,"I",1
"ZAF","XA:2192","SDG_1041_NOC_RT","2017",56.865,"I",1
"ZAF","XA:2192","SDG_1041_NOC_RT","2016",56.613,"I",1
"ZAF","XA:2192","SDG_1041_NOC_RT","2015",56.227,"I",1
"ZAF","XA:2192","SDG_1041_NOC_RT","2014",55.46,"I",1
"ZAF","XA:2192","SDG_1041_NOC_RT","2013",55.035,"I",1
"ZAF","XA:2192","SDG_1041_NOC_RT","2012",54.395,"I",1
"ZAF","XA:2192","SDG_1041_NOC_RT","2011",53.563,"I",1
"ZAF","XA:2192","SDG_1041_NOC_RT","2010",52.924,"I",1
"ZAF","XA:2192","SDG_1041_NOC_RT","2009",52.039,"I",1
"ZAF","XA:2192","SDG_1041_NOC_RT","2008",51.639,"I",1
"ZAF","XA:2192","SDG_1041_NOC_RT","2007",50.551,"I",1
"ZAF","XA:2192","SDG_1041_NOC_RT","2006",51.918,"I",1
"ZAF","XA:2192","SDG_1041_NOC_RT","2005",51.539,"I",1
"ZAF","XA:2192","SDG_1041_NOC_RT","2004",51.81,"I",1
"ZMB","XA:2007","SDG_1041_NOC_RT","2026",25.863,"M",1
"ZMB","XA:2007","SDG_1041_NOC_RT","2025",25.929,"M",1
"ZMB","XA:2007","SDG_1041_NOC_RT","2024",26.336,"M",1
"ZMB","XA:2007","SDG_1041_NOC_RT","2023",26.485,"M",1
"ZMB","XA:2007","SDG_1041_NOC_RT","2022",26.399,"NA",1
"ZMB","XA:2007","SDG_1041_NOC_RT","2021",28.623,"NA",1
"ZMB","XA:2007","SDG_1041_NOC_RT","2020",26.672,"NA",1
"ZMB","XA:2007","SDG_1041_NOC_RT","2019",39.514,"NA",1
"ZMB","XA:2007","SDG_1041_NOC_RT","2018",36.375,"NA",1
"ZMB","XA:2007","SDG_1041_NOC_RT","2017",30.954,"NA",1
"ZMB","XA:2007","SDG_1041_NOC_RT","2016",36.923,"NA",1
"ZMB","XA:2007","SDG_1041_NOC_RT","2015",38.959,"NA",1
"ZMB","XA:2007","SDG_1041_NOC_RT","2014",42.208,"NA",1
"ZMB","XA:2007","SDG_1041_NOC_RT","2013",41.888,"NA",1
"ZMB","XA:2007","SDG_1041_NOC_RT","2012",46.231,"NA",1
"ZMB","XA:2007","SDG_1041_NOC_RT","2011",40.741,"NA",1
"ZMB","XA:2007","SDG_1041_NOC_RT","2010",44.905,"NA",1
"ZMB","XA:2007","SDG_1041_NOC_RT","2009",45.616,"M",1
"ZMB","XA:2007","SDG_1041_NOC_RT","2008",46.485,"M",1
"ZMB","XA:2007","SDG_1041_NOC_RT","2007",46.359,"M",1
"ZMB","XA:2007","SDG_1041_NOC_RT","2006",46.596,"M",1
"ZMB","XA:2007","SDG_1041_NOC_RT","2005",46.914,"M",1
"ZMB","XA:2007","SDG_1041_NOC_RT","2004",46.914,"M",1
"ZWE","XA:1914","SDG_1041_NOC_RT","2026",60.436,"M",1
"ZWE","XA:1914","SDG_1041_NOC_RT","2025",60.333,"M",1
"ZWE","XA:1914","SDG_1041_NOC_RT","2024",60.789,"NA",1
"ZWE","XA:1914","SDG_1041_NOC_RT","2023",67.516,"NA",1
"ZWE","XA:1914","SDG_1041_NOC_RT","2022",63.961,"NA",1
"ZWE","XA:1914","SDG_1041_NOC_RT","2021",54.955,"NA",1
"ZWE","XA:1914","SDG_1041_NOC_RT","2020",53.46,"NA",1
"ZWE","XA:1914","SDG_1041_NOC_RT","2019",53.803,"NA",1
"ZWE","XA:1914","SDG_1041_NOC_RT","2018",52.758,"NA",1
"ZWE","XA:1914","SDG_1041_NOC_RT","2017",57.621,"NA",1
"ZWE","XA:1914","SDG_1041_NOC_RT","2016",57.387,"NA",1
"ZWE","XA:1914","SDG_1041_NOC_RT","2015",56.469,"NA",1
"ZWE","XA:1914","SDG_1041_NOC_RT","2014",56.177,"NA",1
"ZWE","XA:1914","SDG_1041_NOC_RT","2013",57.692,"NA",1
"ZWE","XA:1914","SDG_1041_NOC_RT","2012",57.924,"NA",1
"ZWE","XA:1914","SDG_1041_NOC_RT","2011",57.537,"NA",1
"ZWE","XA:1914","SDG_1041_NOC_RT","2010",54.126,"NA",1
"ZWE","XA:1914","SDG_1041_NOC_RT","2009",54.026,"NA",1
"ZWE","XA:1914","SDG_1041_NOC_RT","2008",56.961,"M",1
"ZWE","XA:1914","SDG_1041_NOC_RT","2007",55.541,"M",1
"ZWE","XA:1914","SDG_1041_NOC_RT","2006",55.472,"M",1
"ZWE","XA:1914","SDG_1041_NOC_RT","2005",55.669,"M",1
"ZWE","XA:1914","SDG_1041_NOC_RT","2004",55.637,"M",1
