horizon_quarter,instrument,treatment,variable,response
1,Infrastructure,"Spending increase (AE, benchmark)",Output (Y<sup>d</sup><sub>t</sub>),0.14
2,Infrastructure,"Spending increase (AE, benchmark)",Output (Y<sup>d</sup><sub>t</sub>),0.009
3,Infrastructure,"Spending increase (AE, benchmark)",Output (Y<sup>d</sup><sub>t</sub>),0.028
4,Infrastructure,"Spending increase (AE, benchmark)",Output (Y<sup>d</sup><sub>t</sub>),0.044
5,Infrastructure,"Spending increase (AE, benchmark)",Output (Y<sup>d</sup><sub>t</sub>),0.059
6,Infrastructure,"Spending increase (AE, benchmark)",Output (Y<sup>d</sup><sub>t</sub>),0.073
7,Infrastructure,"Spending increase (AE, benchmark)",Output (Y<sup>d</sup><sub>t</sub>),0.087
8,Infrastructure,"Spending increase (AE, benchmark)",Output (Y<sup>d</sup><sub>t</sub>),0.101
9,Infrastructure,"Spending increase (AE, benchmark)",Output (Y<sup>d</sup><sub>t</sub>),0.114
10,Infrastructure,"Spending increase (AE, benchmark)",Output (Y<sup>d</sup><sub>t</sub>),0.127
11,Infrastructure,"Spending increase (AE, benchmark)",Output (Y<sup>d</sup><sub>t</sub>),0.14
12,Infrastructure,"Spending increase (AE, benchmark)",Output (Y<sup>d</sup><sub>t</sub>),0.153
13,Infrastructure,"Spending increase (AE, benchmark)",Output (Y<sup>d</sup><sub>t</sub>),0.165
14,Infrastructure,"Spending increase (AE, benchmark)",Output (Y<sup>d</sup><sub>t</sub>),0.177
15,Infrastructure,"Spending increase (AE, benchmark)",Output (Y<sup>d</sup><sub>t</sub>),0.189
16,Infrastructure,"Spending increase (AE, benchmark)",Output (Y<sup>d</sup><sub>t</sub>),0.201
17,Infrastructure,"Spending increase (AE, benchmark)",Output (Y<sup>d</sup><sub>t</sub>),0.213
18,Infrastructure,"Spending increase (AE, benchmark)",Output (Y<sup>d</sup><sub>t</sub>),0.225
19,Infrastructure,"Spending increase (AE, benchmark)",Output (Y<sup>d</sup><sub>t</sub>),0.236
20,Infrastructure,"Spending increase (AE, benchmark)",Output (Y<sup>d</sup><sub>t</sub>),0.247
21,Infrastructure,"Spending increase (AE, benchmark)",Output (Y<sup>d</sup><sub>t</sub>),0.258
22,Infrastructure,"Spending increase (AE, benchmark)",Output (Y<sup>d</sup><sub>t</sub>),0.269
23,Infrastructure,"Spending increase (AE, benchmark)",Output (Y<sup>d</sup><sub>t</sub>),0.28
24,Infrastructure,"Spending increase (AE, benchmark)",Output (Y<sup>d</sup><sub>t</sub>),0.291
25,Infrastructure,"Spending increase (AE, benchmark)",Output (Y<sup>d</sup><sub>t</sub>),0.301
26,Infrastructure,"Spending increase (AE, benchmark)",Output (Y<sup>d</sup><sub>t</sub>),0.312
27,Infrastructure,"Spending increase (AE, benchmark)",Output (Y<sup>d</sup><sub>t</sub>),0.322
28,Infrastructure,"Spending increase (AE, benchmark)",Output (Y<sup>d</sup><sub>t</sub>),0.332
29,Infrastructure,"Spending increase (AE, benchmark)",Output (Y<sup>d</sup><sub>t</sub>),0.342
30,Infrastructure,"Spending increase (AE, benchmark)",Output (Y<sup>d</sup><sub>t</sub>),0.352
31,Infrastructure,"Spending increase (AE, benchmark)",Output (Y<sup>d</sup><sub>t</sub>),0.361
32,Infrastructure,"Spending increase (AE, benchmark)",Output (Y<sup>d</sup><sub>t</sub>),0.371
33,Infrastructure,"Spending increase (AE, benchmark)",Output (Y<sup>d</sup><sub>t</sub>),0.38
34,Infrastructure,"Spending increase (AE, benchmark)",Output (Y<sup>d</sup><sub>t</sub>),0.389
35,Infrastructure,"Spending increase (AE, benchmark)",Output (Y<sup>d</sup><sub>t</sub>),0.399
36,Infrastructure,"Spending increase (AE, benchmark)",Output (Y<sup>d</sup><sub>t</sub>),0.408
37,Infrastructure,"Spending increase (AE, benchmark)",Output (Y<sup>d</sup><sub>t</sub>),0.417
38,Infrastructure,"Spending increase (AE, benchmark)",Output (Y<sup>d</sup><sub>t</sub>),0.426
39,Infrastructure,"Spending increase (AE, benchmark)",Output (Y<sup>d</sup><sub>t</sub>),0.434
40,Infrastructure,"Spending increase (AE, benchmark)",Output (Y<sup>d</sup><sub>t</sub>),0.443
41,Infrastructure,"Spending increase (AE, benchmark)",Output (Y<sup>d</sup><sub>t</sub>),0.451
42,Infrastructure,"Spending increase (AE, benchmark)",Output (Y<sup>d</sup><sub>t</sub>),0.46
43,Infrastructure,"Spending increase (AE, benchmark)",Output (Y<sup>d</sup><sub>t</sub>),0.468
44,Infrastructure,"Spending increase (AE, benchmark)",Output (Y<sup>d</sup><sub>t</sub>),0.476
45,Infrastructure,"Spending increase (AE, benchmark)",Output (Y<sup>d</sup><sub>t</sub>),0.484
46,Infrastructure,"Spending increase (AE, benchmark)",Output (Y<sup>d</sup><sub>t</sub>),0.492
47,Infrastructure,"Spending increase (AE, benchmark)",Output (Y<sup>d</sup><sub>t</sub>),0.5
48,Infrastructure,"Spending increase (AE, benchmark)",Output (Y<sup>d</sup><sub>t</sub>),0.508
49,Infrastructure,"Spending increase (AE, benchmark)",Output (Y<sup>d</sup><sub>t</sub>),0.516
50,Infrastructure,"Spending increase (AE, benchmark)",Output (Y<sup>d</sup><sub>t</sub>),0.523
51,Infrastructure,"Spending increase (AE, benchmark)",Output (Y<sup>d</sup><sub>t</sub>),0.531
52,Infrastructure,"Spending increase (AE, benchmark)",Output (Y<sup>d</sup><sub>t</sub>),0.538
53,Infrastructure,"Spending increase (AE, benchmark)",Output (Y<sup>d</sup><sub>t</sub>),0.545
54,Infrastructure,"Spending increase (AE, benchmark)",Output (Y<sup>d</sup><sub>t</sub>),0.552
55,Infrastructure,"Spending increase (AE, benchmark)",Output (Y<sup>d</sup><sub>t</sub>),0.56
56,Infrastructure,"Spending increase (AE, benchmark)",Output (Y<sup>d</sup><sub>t</sub>),0.567
57,Infrastructure,"Spending increase (AE, benchmark)",Output (Y<sup>d</sup><sub>t</sub>),0.574
58,Infrastructure,"Spending increase (AE, benchmark)",Output (Y<sup>d</sup><sub>t</sub>),0.58
59,Infrastructure,"Spending increase (AE, benchmark)",Output (Y<sup>d</sup><sub>t</sub>),0.587
60,Infrastructure,"Spending increase (AE, benchmark)",Output (Y<sup>d</sup><sub>t</sub>),0.594
61,Infrastructure,"Spending increase (AE, benchmark)",Output (Y<sup>d</sup><sub>t</sub>),0.6
62,Infrastructure,"Spending increase (AE, benchmark)",Output (Y<sup>d</sup><sub>t</sub>),0.607
63,Infrastructure,"Spending increase (AE, benchmark)",Output (Y<sup>d</sup><sub>t</sub>),0.613
64,Infrastructure,"Spending increase (AE, benchmark)",Output (Y<sup>d</sup><sub>t</sub>),0.62
65,Infrastructure,"Spending increase (AE, benchmark)",Output (Y<sup>d</sup><sub>t</sub>),0.626
66,Infrastructure,"Spending increase (AE, benchmark)",Output (Y<sup>d</sup><sub>t</sub>),0.632
67,Infrastructure,"Spending increase (AE, benchmark)",Output (Y<sup>d</sup><sub>t</sub>),0.638
68,Infrastructure,"Spending increase (AE, benchmark)",Output (Y<sup>d</sup><sub>t</sub>),0.644
69,Infrastructure,"Spending increase (AE, benchmark)",Output (Y<sup>d</sup><sub>t</sub>),0.65
70,Infrastructure,"Spending increase (AE, benchmark)",Output (Y<sup>d</sup><sub>t</sub>),0.656
71,Infrastructure,"Spending increase (AE, benchmark)",Output (Y<sup>d</sup><sub>t</sub>),0.662
72,Infrastructure,"Spending increase (AE, benchmark)",Output (Y<sup>d</sup><sub>t</sub>),0.668
73,Infrastructure,"Spending increase (AE, benchmark)",Output (Y<sup>d</sup><sub>t</sub>),0.673
74,Infrastructure,"Spending increase (AE, benchmark)",Output (Y<sup>d</sup><sub>t</sub>),0.679
75,Infrastructure,"Spending increase (AE, benchmark)",Output (Y<sup>d</sup><sub>t</sub>),0.684
76,Infrastructure,"Spending increase (AE, benchmark)",Output (Y<sup>d</sup><sub>t</sub>),0.69
77,Infrastructure,"Spending increase (AE, benchmark)",Output (Y<sup>d</sup><sub>t</sub>),0.695
78,Infrastructure,"Spending increase (AE, benchmark)",Output (Y<sup>d</sup><sub>t</sub>),0.701
79,Infrastructure,"Spending increase (AE, benchmark)",Output (Y<sup>d</sup><sub>t</sub>),0.706
80,Infrastructure,"Spending increase (AE, benchmark)",Output (Y<sup>d</sup><sub>t</sub>),0.711
81,Infrastructure,"Spending increase (AE, benchmark)",Output (Y<sup>d</sup><sub>t</sub>),0.716
82,Infrastructure,"Spending increase (AE, benchmark)",Output (Y<sup>d</sup><sub>t</sub>),0.721
83,Infrastructure,"Spending increase (AE, benchmark)",Output (Y<sup>d</sup><sub>t</sub>),0.726
84,Infrastructure,"Spending increase (AE, benchmark)",Output (Y<sup>d</sup><sub>t</sub>),0.731
85,Infrastructure,"Spending increase (AE, benchmark)",Output (Y<sup>d</sup><sub>t</sub>),0.736
86,Infrastructure,"Spending increase (AE, benchmark)",Output (Y<sup>d</sup><sub>t</sub>),0.741
87,Infrastructure,"Spending increase (AE, benchmark)",Output (Y<sup>d</sup><sub>t</sub>),0.745
88,Infrastructure,"Spending increase (AE, benchmark)",Output (Y<sup>d</sup><sub>t</sub>),0.75
89,Infrastructure,"Spending increase (AE, benchmark)",Output (Y<sup>d</sup><sub>t</sub>),0.755
90,Infrastructure,"Spending increase (AE, benchmark)",Output (Y<sup>d</sup><sub>t</sub>),0.759
91,Infrastructure,"Spending increase (AE, benchmark)",Output (Y<sup>d</sup><sub>t</sub>),0.764
92,Infrastructure,"Spending increase (AE, benchmark)",Output (Y<sup>d</sup><sub>t</sub>),0.768
93,Infrastructure,"Spending increase (AE, benchmark)",Output (Y<sup>d</sup><sub>t</sub>),0.772
94,Infrastructure,"Spending increase (AE, benchmark)",Output (Y<sup>d</sup><sub>t</sub>),0.777
95,Infrastructure,"Spending increase (AE, benchmark)",Output (Y<sup>d</sup><sub>t</sub>),0.781
96,Infrastructure,"Spending increase (AE, benchmark)",Output (Y<sup>d</sup><sub>t</sub>),0.785
97,Infrastructure,"Spending increase (AE, benchmark)",Output (Y<sup>d</sup><sub>t</sub>),0.789
98,Infrastructure,"Spending increase (AE, benchmark)",Output (Y<sup>d</sup><sub>t</sub>),0.794
99,Infrastructure,"Spending increase (AE, benchmark)",Output (Y<sup>d</sup><sub>t</sub>),0.798
100,Infrastructure,"Spending increase (AE, benchmark)",Output (Y<sup>d</sup><sub>t</sub>),0.802
1,Infrastructure,Efficiency improvement (AE),Output (Y<sup>d</sup><sub>t</sub>),0.04
2,Infrastructure,Efficiency improvement (AE),Output (Y<sup>d</sup><sub>t</sub>),-0.044
3,Infrastructure,Efficiency improvement (AE),Output (Y<sup>d</sup><sub>t</sub>),-0.028
4,Infrastructure,Efficiency improvement (AE),Output (Y<sup>d</sup><sub>t</sub>),-0.014
5,Infrastructure,Efficiency improvement (AE),Output (Y<sup>d</sup><sub>t</sub>),-0.001
6,Infrastructure,Efficiency improvement (AE),Output (Y<sup>d</sup><sub>t</sub>),0.012
7,Infrastructure,Efficiency improvement (AE),Output (Y<sup>d</sup><sub>t</sub>),0.024
8,Infrastructure,Efficiency improvement (AE),Output (Y<sup>d</sup><sub>t</sub>),0.036
9,Infrastructure,Efficiency improvement (AE),Output (Y<sup>d</sup><sub>t</sub>),0.048
10,Infrastructure,Efficiency improvement (AE),Output (Y<sup>d</sup><sub>t</sub>),0.06
11,Infrastructure,Efficiency improvement (AE),Output (Y<sup>d</sup><sub>t</sub>),0.072
12,Infrastructure,Efficiency improvement (AE),Output (Y<sup>d</sup><sub>t</sub>),0.083
13,Infrastructure,Efficiency improvement (AE),Output (Y<sup>d</sup><sub>t</sub>),0.094
14,Infrastructure,Efficiency improvement (AE),Output (Y<sup>d</sup><sub>t</sub>),0.105
15,Infrastructure,Efficiency improvement (AE),Output (Y<sup>d</sup><sub>t</sub>),0.116
16,Infrastructure,Efficiency improvement (AE),Output (Y<sup>d</sup><sub>t</sub>),0.127
17,Infrastructure,Efficiency improvement (AE),Output (Y<sup>d</sup><sub>t</sub>),0.137
18,Infrastructure,Efficiency improvement (AE),Output (Y<sup>d</sup><sub>t</sub>),0.148
19,Infrastructure,Efficiency improvement (AE),Output (Y<sup>d</sup><sub>t</sub>),0.158
20,Infrastructure,Efficiency improvement (AE),Output (Y<sup>d</sup><sub>t</sub>),0.168
21,Infrastructure,Efficiency improvement (AE),Output (Y<sup>d</sup><sub>t</sub>),0.178
22,Infrastructure,Efficiency improvement (AE),Output (Y<sup>d</sup><sub>t</sub>),0.188
23,Infrastructure,Efficiency improvement (AE),Output (Y<sup>d</sup><sub>t</sub>),0.197
24,Infrastructure,Efficiency improvement (AE),Output (Y<sup>d</sup><sub>t</sub>),0.207
25,Infrastructure,Efficiency improvement (AE),Output (Y<sup>d</sup><sub>t</sub>),0.216
26,Infrastructure,Efficiency improvement (AE),Output (Y<sup>d</sup><sub>t</sub>),0.225
27,Infrastructure,Efficiency improvement (AE),Output (Y<sup>d</sup><sub>t</sub>),0.234
28,Infrastructure,Efficiency improvement (AE),Output (Y<sup>d</sup><sub>t</sub>),0.243
29,Infrastructure,Efficiency improvement (AE),Output (Y<sup>d</sup><sub>t</sub>),0.252
30,Infrastructure,Efficiency improvement (AE),Output (Y<sup>d</sup><sub>t</sub>),0.261
31,Infrastructure,Efficiency improvement (AE),Output (Y<sup>d</sup><sub>t</sub>),0.27
32,Infrastructure,Efficiency improvement (AE),Output (Y<sup>d</sup><sub>t</sub>),0.278
33,Infrastructure,Efficiency improvement (AE),Output (Y<sup>d</sup><sub>t</sub>),0.286
34,Infrastructure,Efficiency improvement (AE),Output (Y<sup>d</sup><sub>t</sub>),0.295
35,Infrastructure,Efficiency improvement (AE),Output (Y<sup>d</sup><sub>t</sub>),0.303
36,Infrastructure,Efficiency improvement (AE),Output (Y<sup>d</sup><sub>t</sub>),0.311
37,Infrastructure,Efficiency improvement (AE),Output (Y<sup>d</sup><sub>t</sub>),0.319
38,Infrastructure,Efficiency improvement (AE),Output (Y<sup>d</sup><sub>t</sub>),0.327
39,Infrastructure,Efficiency improvement (AE),Output (Y<sup>d</sup><sub>t</sub>),0.334
40,Infrastructure,Efficiency improvement (AE),Output (Y<sup>d</sup><sub>t</sub>),0.342
41,Infrastructure,Efficiency improvement (AE),Output (Y<sup>d</sup><sub>t</sub>),0.35
42,Infrastructure,Efficiency improvement (AE),Output (Y<sup>d</sup><sub>t</sub>),0.357
43,Infrastructure,Efficiency improvement (AE),Output (Y<sup>d</sup><sub>t</sub>),0.364
44,Infrastructure,Efficiency improvement (AE),Output (Y<sup>d</sup><sub>t</sub>),0.372
45,Infrastructure,Efficiency improvement (AE),Output (Y<sup>d</sup><sub>t</sub>),0.379
46,Infrastructure,Efficiency improvement (AE),Output (Y<sup>d</sup><sub>t</sub>),0.386
47,Infrastructure,Efficiency improvement (AE),Output (Y<sup>d</sup><sub>t</sub>),0.393
48,Infrastructure,Efficiency improvement (AE),Output (Y<sup>d</sup><sub>t</sub>),0.4
49,Infrastructure,Efficiency improvement (AE),Output (Y<sup>d</sup><sub>t</sub>),0.406
50,Infrastructure,Efficiency improvement (AE),Output (Y<sup>d</sup><sub>t</sub>),0.413
51,Infrastructure,Efficiency improvement (AE),Output (Y<sup>d</sup><sub>t</sub>),0.42
52,Infrastructure,Efficiency improvement (AE),Output (Y<sup>d</sup><sub>t</sub>),0.426
53,Infrastructure,Efficiency improvement (AE),Output (Y<sup>d</sup><sub>t</sub>),0.433
54,Infrastructure,Efficiency improvement (AE),Output (Y<sup>d</sup><sub>t</sub>),0.439
55,Infrastructure,Efficiency improvement (AE),Output (Y<sup>d</sup><sub>t</sub>),0.445
56,Infrastructure,Efficiency improvement (AE),Output (Y<sup>d</sup><sub>t</sub>),0.452
57,Infrastructure,Efficiency improvement (AE),Output (Y<sup>d</sup><sub>t</sub>),0.458
58,Infrastructure,Efficiency improvement (AE),Output (Y<sup>d</sup><sub>t</sub>),0.464
59,Infrastructure,Efficiency improvement (AE),Output (Y<sup>d</sup><sub>t</sub>),0.47
60,Infrastructure,Efficiency improvement (AE),Output (Y<sup>d</sup><sub>t</sub>),0.476
61,Infrastructure,Efficiency improvement (AE),Output (Y<sup>d</sup><sub>t</sub>),0.482
62,Infrastructure,Efficiency improvement (AE),Output (Y<sup>d</sup><sub>t</sub>),0.487
63,Infrastructure,Efficiency improvement (AE),Output (Y<sup>d</sup><sub>t</sub>),0.493
64,Infrastructure,Efficiency improvement (AE),Output (Y<sup>d</sup><sub>t</sub>),0.499
65,Infrastructure,Efficiency improvement (AE),Output (Y<sup>d</sup><sub>t</sub>),0.504
66,Infrastructure,Efficiency improvement (AE),Output (Y<sup>d</sup><sub>t</sub>),0.51
67,Infrastructure,Efficiency improvement (AE),Output (Y<sup>d</sup><sub>t</sub>),0.515
68,Infrastructure,Efficiency improvement (AE),Output (Y<sup>d</sup><sub>t</sub>),0.52
69,Infrastructure,Efficiency improvement (AE),Output (Y<sup>d</sup><sub>t</sub>),0.526
70,Infrastructure,Efficiency improvement (AE),Output (Y<sup>d</sup><sub>t</sub>),0.531
71,Infrastructure,Efficiency improvement (AE),Output (Y<sup>d</sup><sub>t</sub>),0.536
72,Infrastructure,Efficiency improvement (AE),Output (Y<sup>d</sup><sub>t</sub>),0.541
73,Infrastructure,Efficiency improvement (AE),Output (Y<sup>d</sup><sub>t</sub>),0.546
74,Infrastructure,Efficiency improvement (AE),Output (Y<sup>d</sup><sub>t</sub>),0.551
75,Infrastructure,Efficiency improvement (AE),Output (Y<sup>d</sup><sub>t</sub>),0.556
76,Infrastructure,Efficiency improvement (AE),Output (Y<sup>d</sup><sub>t</sub>),0.561
77,Infrastructure,Efficiency improvement (AE),Output (Y<sup>d</sup><sub>t</sub>),0.565
78,Infrastructure,Efficiency improvement (AE),Output (Y<sup>d</sup><sub>t</sub>),0.57
79,Infrastructure,Efficiency improvement (AE),Output (Y<sup>d</sup><sub>t</sub>),0.575
80,Infrastructure,Efficiency improvement (AE),Output (Y<sup>d</sup><sub>t</sub>),0.579
81,Infrastructure,Efficiency improvement (AE),Output (Y<sup>d</sup><sub>t</sub>),0.584
82,Infrastructure,Efficiency improvement (AE),Output (Y<sup>d</sup><sub>t</sub>),0.588
83,Infrastructure,Efficiency improvement (AE),Output (Y<sup>d</sup><sub>t</sub>),0.592
84,Infrastructure,Efficiency improvement (AE),Output (Y<sup>d</sup><sub>t</sub>),0.597
85,Infrastructure,Efficiency improvement (AE),Output (Y<sup>d</sup><sub>t</sub>),0.601
86,Infrastructure,Efficiency improvement (AE),Output (Y<sup>d</sup><sub>t</sub>),0.605
87,Infrastructure,Efficiency improvement (AE),Output (Y<sup>d</sup><sub>t</sub>),0.609
88,Infrastructure,Efficiency improvement (AE),Output (Y<sup>d</sup><sub>t</sub>),0.614
89,Infrastructure,Efficiency improvement (AE),Output (Y<sup>d</sup><sub>t</sub>),0.618
90,Infrastructure,Efficiency improvement (AE),Output (Y<sup>d</sup><sub>t</sub>),0.622
91,Infrastructure,Efficiency improvement (AE),Output (Y<sup>d</sup><sub>t</sub>),0.626
92,Infrastructure,Efficiency improvement (AE),Output (Y<sup>d</sup><sub>t</sub>),0.63
93,Infrastructure,Efficiency improvement (AE),Output (Y<sup>d</sup><sub>t</sub>),0.633
94,Infrastructure,Efficiency improvement (AE),Output (Y<sup>d</sup><sub>t</sub>),0.637
95,Infrastructure,Efficiency improvement (AE),Output (Y<sup>d</sup><sub>t</sub>),0.641
96,Infrastructure,Efficiency improvement (AE),Output (Y<sup>d</sup><sub>t</sub>),0.645
97,Infrastructure,Efficiency improvement (AE),Output (Y<sup>d</sup><sub>t</sub>),0.648
98,Infrastructure,Efficiency improvement (AE),Output (Y<sup>d</sup><sub>t</sub>),0.652
99,Infrastructure,Efficiency improvement (AE),Output (Y<sup>d</sup><sub>t</sub>),0.656
100,Infrastructure,Efficiency improvement (AE),Output (Y<sup>d</sup><sub>t</sub>),0.659
1,Infrastructure,Efficiency improvement (EMDE),Output (Y<sup>d</sup><sub>t</sub>),0.105
2,Infrastructure,Efficiency improvement (EMDE),Output (Y<sup>d</sup><sub>t</sub>),-0.06
3,Infrastructure,Efficiency improvement (EMDE),Output (Y<sup>d</sup><sub>t</sub>),-0.03
4,Infrastructure,Efficiency improvement (EMDE),Output (Y<sup>d</sup><sub>t</sub>),-0.003
5,Infrastructure,Efficiency improvement (EMDE),Output (Y<sup>d</sup><sub>t</sub>),0.022
6,Infrastructure,Efficiency improvement (EMDE),Output (Y<sup>d</sup><sub>t</sub>),0.047
7,Infrastructure,Efficiency improvement (EMDE),Output (Y<sup>d</sup><sub>t</sub>),0.071
8,Infrastructure,Efficiency improvement (EMDE),Output (Y<sup>d</sup><sub>t</sub>),0.095
9,Infrastructure,Efficiency improvement (EMDE),Output (Y<sup>d</sup><sub>t</sub>),0.119
10,Infrastructure,Efficiency improvement (EMDE),Output (Y<sup>d</sup><sub>t</sub>),0.142
11,Infrastructure,Efficiency improvement (EMDE),Output (Y<sup>d</sup><sub>t</sub>),0.164
12,Infrastructure,Efficiency improvement (EMDE),Output (Y<sup>d</sup><sub>t</sub>),0.186
13,Infrastructure,Efficiency improvement (EMDE),Output (Y<sup>d</sup><sub>t</sub>),0.208
14,Infrastructure,Efficiency improvement (EMDE),Output (Y<sup>d</sup><sub>t</sub>),0.229
15,Infrastructure,Efficiency improvement (EMDE),Output (Y<sup>d</sup><sub>t</sub>),0.249
16,Infrastructure,Efficiency improvement (EMDE),Output (Y<sup>d</sup><sub>t</sub>),0.269
17,Infrastructure,Efficiency improvement (EMDE),Output (Y<sup>d</sup><sub>t</sub>),0.289
18,Infrastructure,Efficiency improvement (EMDE),Output (Y<sup>d</sup><sub>t</sub>),0.308
19,Infrastructure,Efficiency improvement (EMDE),Output (Y<sup>d</sup><sub>t</sub>),0.327
20,Infrastructure,Efficiency improvement (EMDE),Output (Y<sup>d</sup><sub>t</sub>),0.345
21,Infrastructure,Efficiency improvement (EMDE),Output (Y<sup>d</sup><sub>t</sub>),0.363
22,Infrastructure,Efficiency improvement (EMDE),Output (Y<sup>d</sup><sub>t</sub>),0.38
23,Infrastructure,Efficiency improvement (EMDE),Output (Y<sup>d</sup><sub>t</sub>),0.397
24,Infrastructure,Efficiency improvement (EMDE),Output (Y<sup>d</sup><sub>t</sub>),0.414
25,Infrastructure,Efficiency improvement (EMDE),Output (Y<sup>d</sup><sub>t</sub>),0.43
26,Infrastructure,Efficiency improvement (EMDE),Output (Y<sup>d</sup><sub>t</sub>),0.445
27,Infrastructure,Efficiency improvement (EMDE),Output (Y<sup>d</sup><sub>t</sub>),0.461
28,Infrastructure,Efficiency improvement (EMDE),Output (Y<sup>d</sup><sub>t</sub>),0.475
29,Infrastructure,Efficiency improvement (EMDE),Output (Y<sup>d</sup><sub>t</sub>),0.49
30,Infrastructure,Efficiency improvement (EMDE),Output (Y<sup>d</sup><sub>t</sub>),0.504
31,Infrastructure,Efficiency improvement (EMDE),Output (Y<sup>d</sup><sub>t</sub>),0.517
32,Infrastructure,Efficiency improvement (EMDE),Output (Y<sup>d</sup><sub>t</sub>),0.531
33,Infrastructure,Efficiency improvement (EMDE),Output (Y<sup>d</sup><sub>t</sub>),0.544
34,Infrastructure,Efficiency improvement (EMDE),Output (Y<sup>d</sup><sub>t</sub>),0.556
35,Infrastructure,Efficiency improvement (EMDE),Output (Y<sup>d</sup><sub>t</sub>),0.568
36,Infrastructure,Efficiency improvement (EMDE),Output (Y<sup>d</sup><sub>t</sub>),0.58
37,Infrastructure,Efficiency improvement (EMDE),Output (Y<sup>d</sup><sub>t</sub>),0.592
38,Infrastructure,Efficiency improvement (EMDE),Output (Y<sup>d</sup><sub>t</sub>),0.603
39,Infrastructure,Efficiency improvement (EMDE),Output (Y<sup>d</sup><sub>t</sub>),0.614
40,Infrastructure,Efficiency improvement (EMDE),Output (Y<sup>d</sup><sub>t</sub>),0.624
41,Infrastructure,Efficiency improvement (EMDE),Output (Y<sup>d</sup><sub>t</sub>),0.635
42,Infrastructure,Efficiency improvement (EMDE),Output (Y<sup>d</sup><sub>t</sub>),0.645
43,Infrastructure,Efficiency improvement (EMDE),Output (Y<sup>d</sup><sub>t</sub>),0.654
44,Infrastructure,Efficiency improvement (EMDE),Output (Y<sup>d</sup><sub>t</sub>),0.664
45,Infrastructure,Efficiency improvement (EMDE),Output (Y<sup>d</sup><sub>t</sub>),0.673
46,Infrastructure,Efficiency improvement (EMDE),Output (Y<sup>d</sup><sub>t</sub>),0.682
47,Infrastructure,Efficiency improvement (EMDE),Output (Y<sup>d</sup><sub>t</sub>),0.69
48,Infrastructure,Efficiency improvement (EMDE),Output (Y<sup>d</sup><sub>t</sub>),0.699
49,Infrastructure,Efficiency improvement (EMDE),Output (Y<sup>d</sup><sub>t</sub>),0.707
50,Infrastructure,Efficiency improvement (EMDE),Output (Y<sup>d</sup><sub>t</sub>),0.714
51,Infrastructure,Efficiency improvement (EMDE),Output (Y<sup>d</sup><sub>t</sub>),0.722
52,Infrastructure,Efficiency improvement (EMDE),Output (Y<sup>d</sup><sub>t</sub>),0.729
53,Infrastructure,Efficiency improvement (EMDE),Output (Y<sup>d</sup><sub>t</sub>),0.737
54,Infrastructure,Efficiency improvement (EMDE),Output (Y<sup>d</sup><sub>t</sub>),0.744
55,Infrastructure,Efficiency improvement (EMDE),Output (Y<sup>d</sup><sub>t</sub>),0.75
56,Infrastructure,Efficiency improvement (EMDE),Output (Y<sup>d</sup><sub>t</sub>),0.757
57,Infrastructure,Efficiency improvement (EMDE),Output (Y<sup>d</sup><sub>t</sub>),0.763
58,Infrastructure,Efficiency improvement (EMDE),Output (Y<sup>d</sup><sub>t</sub>),0.769
59,Infrastructure,Efficiency improvement (EMDE),Output (Y<sup>d</sup><sub>t</sub>),0.775
60,Infrastructure,Efficiency improvement (EMDE),Output (Y<sup>d</sup><sub>t</sub>),0.781
61,Infrastructure,Efficiency improvement (EMDE),Output (Y<sup>d</sup><sub>t</sub>),0.787
62,Infrastructure,Efficiency improvement (EMDE),Output (Y<sup>d</sup><sub>t</sub>),0.792
63,Infrastructure,Efficiency improvement (EMDE),Output (Y<sup>d</sup><sub>t</sub>),0.797
64,Infrastructure,Efficiency improvement (EMDE),Output (Y<sup>d</sup><sub>t</sub>),0.802
65,Infrastructure,Efficiency improvement (EMDE),Output (Y<sup>d</sup><sub>t</sub>),0.807
66,Infrastructure,Efficiency improvement (EMDE),Output (Y<sup>d</sup><sub>t</sub>),0.812
67,Infrastructure,Efficiency improvement (EMDE),Output (Y<sup>d</sup><sub>t</sub>),0.817
68,Infrastructure,Efficiency improvement (EMDE),Output (Y<sup>d</sup><sub>t</sub>),0.821
69,Infrastructure,Efficiency improvement (EMDE),Output (Y<sup>d</sup><sub>t</sub>),0.826
70,Infrastructure,Efficiency improvement (EMDE),Output (Y<sup>d</sup><sub>t</sub>),0.83
71,Infrastructure,Efficiency improvement (EMDE),Output (Y<sup>d</sup><sub>t</sub>),0.834
72,Infrastructure,Efficiency improvement (EMDE),Output (Y<sup>d</sup><sub>t</sub>),0.838
73,Infrastructure,Efficiency improvement (EMDE),Output (Y<sup>d</sup><sub>t</sub>),0.842
74,Infrastructure,Efficiency improvement (EMDE),Output (Y<sup>d</sup><sub>t</sub>),0.845
75,Infrastructure,Efficiency improvement (EMDE),Output (Y<sup>d</sup><sub>t</sub>),0.849
76,Infrastructure,Efficiency improvement (EMDE),Output (Y<sup>d</sup><sub>t</sub>),0.852
77,Infrastructure,Efficiency improvement (EMDE),Output (Y<sup>d</sup><sub>t</sub>),0.856
78,Infrastructure,Efficiency improvement (EMDE),Output (Y<sup>d</sup><sub>t</sub>),0.859
79,Infrastructure,Efficiency improvement (EMDE),Output (Y<sup>d</sup><sub>t</sub>),0.862
80,Infrastructure,Efficiency improvement (EMDE),Output (Y<sup>d</sup><sub>t</sub>),0.865
81,Infrastructure,Efficiency improvement (EMDE),Output (Y<sup>d</sup><sub>t</sub>),0.868
82,Infrastructure,Efficiency improvement (EMDE),Output (Y<sup>d</sup><sub>t</sub>),0.871
83,Infrastructure,Efficiency improvement (EMDE),Output (Y<sup>d</sup><sub>t</sub>),0.874
84,Infrastructure,Efficiency improvement (EMDE),Output (Y<sup>d</sup><sub>t</sub>),0.877
85,Infrastructure,Efficiency improvement (EMDE),Output (Y<sup>d</sup><sub>t</sub>),0.879
86,Infrastructure,Efficiency improvement (EMDE),Output (Y<sup>d</sup><sub>t</sub>),0.882
87,Infrastructure,Efficiency improvement (EMDE),Output (Y<sup>d</sup><sub>t</sub>),0.884
88,Infrastructure,Efficiency improvement (EMDE),Output (Y<sup>d</sup><sub>t</sub>),0.887
89,Infrastructure,Efficiency improvement (EMDE),Output (Y<sup>d</sup><sub>t</sub>),0.889
90,Infrastructure,Efficiency improvement (EMDE),Output (Y<sup>d</sup><sub>t</sub>),0.891
91,Infrastructure,Efficiency improvement (EMDE),Output (Y<sup>d</sup><sub>t</sub>),0.894
92,Infrastructure,Efficiency improvement (EMDE),Output (Y<sup>d</sup><sub>t</sub>),0.896
93,Infrastructure,Efficiency improvement (EMDE),Output (Y<sup>d</sup><sub>t</sub>),0.898
94,Infrastructure,Efficiency improvement (EMDE),Output (Y<sup>d</sup><sub>t</sub>),0.9
95,Infrastructure,Efficiency improvement (EMDE),Output (Y<sup>d</sup><sub>t</sub>),0.902
96,Infrastructure,Efficiency improvement (EMDE),Output (Y<sup>d</sup><sub>t</sub>),0.903
97,Infrastructure,Efficiency improvement (EMDE),Output (Y<sup>d</sup><sub>t</sub>),0.905
98,Infrastructure,Efficiency improvement (EMDE),Output (Y<sup>d</sup><sub>t</sub>),0.907
99,Infrastructure,Efficiency improvement (EMDE),Output (Y<sup>d</sup><sub>t</sub>),0.909
100,Infrastructure,Efficiency improvement (EMDE),Output (Y<sup>d</sup><sub>t</sub>),0.91
1,Human capital,"Spending increase (AE, benchmark)",Output (Y<sup>d</sup><sub>t</sub>),0.417
2,Human capital,"Spending increase (AE, benchmark)",Output (Y<sup>d</sup><sub>t</sub>),0.227
3,Human capital,"Spending increase (AE, benchmark)",Output (Y<sup>d</sup><sub>t</sub>),0.213
4,Human capital,"Spending increase (AE, benchmark)",Output (Y<sup>d</sup><sub>t</sub>),0.193
5,Human capital,"Spending increase (AE, benchmark)",Output (Y<sup>d</sup><sub>t</sub>),0.174
6,Human capital,"Spending increase (AE, benchmark)",Output (Y<sup>d</sup><sub>t</sub>),0.156
7,Human capital,"Spending increase (AE, benchmark)",Output (Y<sup>d</sup><sub>t</sub>),0.139
8,Human capital,"Spending increase (AE, benchmark)",Output (Y<sup>d</sup><sub>t</sub>),0.125
9,Human capital,"Spending increase (AE, benchmark)",Output (Y<sup>d</sup><sub>t</sub>),0.112
10,Human capital,"Spending increase (AE, benchmark)",Output (Y<sup>d</sup><sub>t</sub>),0.1
11,Human capital,"Spending increase (AE, benchmark)",Output (Y<sup>d</sup><sub>t</sub>),0.09
12,Human capital,"Spending increase (AE, benchmark)",Output (Y<sup>d</sup><sub>t</sub>),0.082
13,Human capital,"Spending increase (AE, benchmark)",Output (Y<sup>d</sup><sub>t</sub>),0.075
14,Human capital,"Spending increase (AE, benchmark)",Output (Y<sup>d</sup><sub>t</sub>),0.069
15,Human capital,"Spending increase (AE, benchmark)",Output (Y<sup>d</sup><sub>t</sub>),0.064
16,Human capital,"Spending increase (AE, benchmark)",Output (Y<sup>d</sup><sub>t</sub>),0.061
17,Human capital,"Spending increase (AE, benchmark)",Output (Y<sup>d</sup><sub>t</sub>),0.059
18,Human capital,"Spending increase (AE, benchmark)",Output (Y<sup>d</sup><sub>t</sub>),0.058
19,Human capital,"Spending increase (AE, benchmark)",Output (Y<sup>d</sup><sub>t</sub>),0.058
20,Human capital,"Spending increase (AE, benchmark)",Output (Y<sup>d</sup><sub>t</sub>),0.059
21,Human capital,"Spending increase (AE, benchmark)",Output (Y<sup>d</sup><sub>t</sub>),0.061
22,Human capital,"Spending increase (AE, benchmark)",Output (Y<sup>d</sup><sub>t</sub>),0.064
23,Human capital,"Spending increase (AE, benchmark)",Output (Y<sup>d</sup><sub>t</sub>),0.068
24,Human capital,"Spending increase (AE, benchmark)",Output (Y<sup>d</sup><sub>t</sub>),0.073
25,Human capital,"Spending increase (AE, benchmark)",Output (Y<sup>d</sup><sub>t</sub>),0.079
26,Human capital,"Spending increase (AE, benchmark)",Output (Y<sup>d</sup><sub>t</sub>),0.085
27,Human capital,"Spending increase (AE, benchmark)",Output (Y<sup>d</sup><sub>t</sub>),0.093
28,Human capital,"Spending increase (AE, benchmark)",Output (Y<sup>d</sup><sub>t</sub>),0.101
29,Human capital,"Spending increase (AE, benchmark)",Output (Y<sup>d</sup><sub>t</sub>),0.109
30,Human capital,"Spending increase (AE, benchmark)",Output (Y<sup>d</sup><sub>t</sub>),0.119
31,Human capital,"Spending increase (AE, benchmark)",Output (Y<sup>d</sup><sub>t</sub>),0.129
32,Human capital,"Spending increase (AE, benchmark)",Output (Y<sup>d</sup><sub>t</sub>),0.139
33,Human capital,"Spending increase (AE, benchmark)",Output (Y<sup>d</sup><sub>t</sub>),0.151
34,Human capital,"Spending increase (AE, benchmark)",Output (Y<sup>d</sup><sub>t</sub>),0.162
35,Human capital,"Spending increase (AE, benchmark)",Output (Y<sup>d</sup><sub>t</sub>),0.175
36,Human capital,"Spending increase (AE, benchmark)",Output (Y<sup>d</sup><sub>t</sub>),0.187
37,Human capital,"Spending increase (AE, benchmark)",Output (Y<sup>d</sup><sub>t</sub>),0.201
38,Human capital,"Spending increase (AE, benchmark)",Output (Y<sup>d</sup><sub>t</sub>),0.214
39,Human capital,"Spending increase (AE, benchmark)",Output (Y<sup>d</sup><sub>t</sub>),0.229
40,Human capital,"Spending increase (AE, benchmark)",Output (Y<sup>d</sup><sub>t</sub>),0.243
41,Human capital,"Spending increase (AE, benchmark)",Output (Y<sup>d</sup><sub>t</sub>),0.258
42,Human capital,"Spending increase (AE, benchmark)",Output (Y<sup>d</sup><sub>t</sub>),0.273
43,Human capital,"Spending increase (AE, benchmark)",Output (Y<sup>d</sup><sub>t</sub>),0.289
44,Human capital,"Spending increase (AE, benchmark)",Output (Y<sup>d</sup><sub>t</sub>),0.305
45,Human capital,"Spending increase (AE, benchmark)",Output (Y<sup>d</sup><sub>t</sub>),0.322
46,Human capital,"Spending increase (AE, benchmark)",Output (Y<sup>d</sup><sub>t</sub>),0.338
47,Human capital,"Spending increase (AE, benchmark)",Output (Y<sup>d</sup><sub>t</sub>),0.355
48,Human capital,"Spending increase (AE, benchmark)",Output (Y<sup>d</sup><sub>t</sub>),0.372
49,Human capital,"Spending increase (AE, benchmark)",Output (Y<sup>d</sup><sub>t</sub>),0.39
50,Human capital,"Spending increase (AE, benchmark)",Output (Y<sup>d</sup><sub>t</sub>),0.408
51,Human capital,"Spending increase (AE, benchmark)",Output (Y<sup>d</sup><sub>t</sub>),0.426
52,Human capital,"Spending increase (AE, benchmark)",Output (Y<sup>d</sup><sub>t</sub>),0.444
53,Human capital,"Spending increase (AE, benchmark)",Output (Y<sup>d</sup><sub>t</sub>),0.462
54,Human capital,"Spending increase (AE, benchmark)",Output (Y<sup>d</sup><sub>t</sub>),0.481
55,Human capital,"Spending increase (AE, benchmark)",Output (Y<sup>d</sup><sub>t</sub>),0.499
56,Human capital,"Spending increase (AE, benchmark)",Output (Y<sup>d</sup><sub>t</sub>),0.518
57,Human capital,"Spending increase (AE, benchmark)",Output (Y<sup>d</sup><sub>t</sub>),0.537
58,Human capital,"Spending increase (AE, benchmark)",Output (Y<sup>d</sup><sub>t</sub>),0.556
59,Human capital,"Spending increase (AE, benchmark)",Output (Y<sup>d</sup><sub>t</sub>),0.576
60,Human capital,"Spending increase (AE, benchmark)",Output (Y<sup>d</sup><sub>t</sub>),0.595
61,Human capital,"Spending increase (AE, benchmark)",Output (Y<sup>d</sup><sub>t</sub>),0.614
62,Human capital,"Spending increase (AE, benchmark)",Output (Y<sup>d</sup><sub>t</sub>),0.634
63,Human capital,"Spending increase (AE, benchmark)",Output (Y<sup>d</sup><sub>t</sub>),0.654
64,Human capital,"Spending increase (AE, benchmark)",Output (Y<sup>d</sup><sub>t</sub>),0.673
65,Human capital,"Spending increase (AE, benchmark)",Output (Y<sup>d</sup><sub>t</sub>),0.693
66,Human capital,"Spending increase (AE, benchmark)",Output (Y<sup>d</sup><sub>t</sub>),0.713
67,Human capital,"Spending increase (AE, benchmark)",Output (Y<sup>d</sup><sub>t</sub>),0.733
68,Human capital,"Spending increase (AE, benchmark)",Output (Y<sup>d</sup><sub>t</sub>),0.753
69,Human capital,"Spending increase (AE, benchmark)",Output (Y<sup>d</sup><sub>t</sub>),0.772
70,Human capital,"Spending increase (AE, benchmark)",Output (Y<sup>d</sup><sub>t</sub>),0.792
71,Human capital,"Spending increase (AE, benchmark)",Output (Y<sup>d</sup><sub>t</sub>),0.812
72,Human capital,"Spending increase (AE, benchmark)",Output (Y<sup>d</sup><sub>t</sub>),0.832
73,Human capital,"Spending increase (AE, benchmark)",Output (Y<sup>d</sup><sub>t</sub>),0.852
74,Human capital,"Spending increase (AE, benchmark)",Output (Y<sup>d</sup><sub>t</sub>),0.872
75,Human capital,"Spending increase (AE, benchmark)",Output (Y<sup>d</sup><sub>t</sub>),0.892
76,Human capital,"Spending increase (AE, benchmark)",Output (Y<sup>d</sup><sub>t</sub>),0.912
77,Human capital,"Spending increase (AE, benchmark)",Output (Y<sup>d</sup><sub>t</sub>),0.932
78,Human capital,"Spending increase (AE, benchmark)",Output (Y<sup>d</sup><sub>t</sub>),0.952
79,Human capital,"Spending increase (AE, benchmark)",Output (Y<sup>d</sup><sub>t</sub>),0.972
80,Human capital,"Spending increase (AE, benchmark)",Output (Y<sup>d</sup><sub>t</sub>),0.991
81,Human capital,"Spending increase (AE, benchmark)",Output (Y<sup>d</sup><sub>t</sub>),1.011
82,Human capital,"Spending increase (AE, benchmark)",Output (Y<sup>d</sup><sub>t</sub>),1.031
83,Human capital,"Spending increase (AE, benchmark)",Output (Y<sup>d</sup><sub>t</sub>),1.05
84,Human capital,"Spending increase (AE, benchmark)",Output (Y<sup>d</sup><sub>t</sub>),1.07
85,Human capital,"Spending increase (AE, benchmark)",Output (Y<sup>d</sup><sub>t</sub>),1.09
86,Human capital,"Spending increase (AE, benchmark)",Output (Y<sup>d</sup><sub>t</sub>),1.109
87,Human capital,"Spending increase (AE, benchmark)",Output (Y<sup>d</sup><sub>t</sub>),1.128
88,Human capital,"Spending increase (AE, benchmark)",Output (Y<sup>d</sup><sub>t</sub>),1.148
89,Human capital,"Spending increase (AE, benchmark)",Output (Y<sup>d</sup><sub>t</sub>),1.167
90,Human capital,"Spending increase (AE, benchmark)",Output (Y<sup>d</sup><sub>t</sub>),1.186
91,Human capital,"Spending increase (AE, benchmark)",Output (Y<sup>d</sup><sub>t</sub>),1.205
92,Human capital,"Spending increase (AE, benchmark)",Output (Y<sup>d</sup><sub>t</sub>),1.224
93,Human capital,"Spending increase (AE, benchmark)",Output (Y<sup>d</sup><sub>t</sub>),1.243
94,Human capital,"Spending increase (AE, benchmark)",Output (Y<sup>d</sup><sub>t</sub>),1.261
95,Human capital,"Spending increase (AE, benchmark)",Output (Y<sup>d</sup><sub>t</sub>),1.28
96,Human capital,"Spending increase (AE, benchmark)",Output (Y<sup>d</sup><sub>t</sub>),1.299
97,Human capital,"Spending increase (AE, benchmark)",Output (Y<sup>d</sup><sub>t</sub>),1.317
98,Human capital,"Spending increase (AE, benchmark)",Output (Y<sup>d</sup><sub>t</sub>),1.335
99,Human capital,"Spending increase (AE, benchmark)",Output (Y<sup>d</sup><sub>t</sub>),1.354
100,Human capital,"Spending increase (AE, benchmark)",Output (Y<sup>d</sup><sub>t</sub>),1.372
1,Human capital,Efficiency improvement (AE),Output (Y<sup>d</sup><sub>t</sub>),0.318
2,Human capital,Efficiency improvement (AE),Output (Y<sup>d</sup><sub>t</sub>),0.175
3,Human capital,Efficiency improvement (AE),Output (Y<sup>d</sup><sub>t</sub>),0.156
4,Human capital,Efficiency improvement (AE),Output (Y<sup>d</sup><sub>t</sub>),0.135
5,Human capital,Efficiency improvement (AE),Output (Y<sup>d</sup><sub>t</sub>),0.114
6,Human capital,Efficiency improvement (AE),Output (Y<sup>d</sup><sub>t</sub>),0.094
7,Human capital,Efficiency improvement (AE),Output (Y<sup>d</sup><sub>t</sub>),0.076
8,Human capital,Efficiency improvement (AE),Output (Y<sup>d</sup><sub>t</sub>),0.06
9,Human capital,Efficiency improvement (AE),Output (Y<sup>d</sup><sub>t</sub>),0.046
10,Human capital,Efficiency improvement (AE),Output (Y<sup>d</sup><sub>t</sub>),0.033
11,Human capital,Efficiency improvement (AE),Output (Y<sup>d</sup><sub>t</sub>),0.022
12,Human capital,Efficiency improvement (AE),Output (Y<sup>d</sup><sub>t</sub>),0.012
13,Human capital,Efficiency improvement (AE),Output (Y<sup>d</sup><sub>t</sub>),0.004
14,Human capital,Efficiency improvement (AE),Output (Y<sup>d</sup><sub>t</sub>),-0.003
15,Human capital,Efficiency improvement (AE),Output (Y<sup>d</sup><sub>t</sub>),-0.009
16,Human capital,Efficiency improvement (AE),Output (Y<sup>d</sup><sub>t</sub>),-0.014
17,Human capital,Efficiency improvement (AE),Output (Y<sup>d</sup><sub>t</sub>),-0.017
18,Human capital,Efficiency improvement (AE),Output (Y<sup>d</sup><sub>t</sub>),-0.019
19,Human capital,Efficiency improvement (AE),Output (Y<sup>d</sup><sub>t</sub>),-0.02
20,Human capital,Efficiency improvement (AE),Output (Y<sup>d</sup><sub>t</sub>),-0.02
21,Human capital,Efficiency improvement (AE),Output (Y<sup>d</sup><sub>t</sub>),-0.019
22,Human capital,Efficiency improvement (AE),Output (Y<sup>d</sup><sub>t</sub>),-0.018
23,Human capital,Efficiency improvement (AE),Output (Y<sup>d</sup><sub>t</sub>),-0.015
24,Human capital,Efficiency improvement (AE),Output (Y<sup>d</sup><sub>t</sub>),-0.011
25,Human capital,Efficiency improvement (AE),Output (Y<sup>d</sup><sub>t</sub>),-0.006
26,Human capital,Efficiency improvement (AE),Output (Y<sup>d</sup><sub>t</sub>),-0.001
27,Human capital,Efficiency improvement (AE),Output (Y<sup>d</sup><sub>t</sub>),0.005
28,Human capital,Efficiency improvement (AE),Output (Y<sup>d</sup><sub>t</sub>),0.012
29,Human capital,Efficiency improvement (AE),Output (Y<sup>d</sup><sub>t</sub>),0.02
30,Human capital,Efficiency improvement (AE),Output (Y<sup>d</sup><sub>t</sub>),0.028
31,Human capital,Efficiency improvement (AE),Output (Y<sup>d</sup><sub>t</sub>),0.037
32,Human capital,Efficiency improvement (AE),Output (Y<sup>d</sup><sub>t</sub>),0.046
33,Human capital,Efficiency improvement (AE),Output (Y<sup>d</sup><sub>t</sub>),0.056
34,Human capital,Efficiency improvement (AE),Output (Y<sup>d</sup><sub>t</sub>),0.067
35,Human capital,Efficiency improvement (AE),Output (Y<sup>d</sup><sub>t</sub>),0.078
36,Human capital,Efficiency improvement (AE),Output (Y<sup>d</sup><sub>t</sub>),0.09
37,Human capital,Efficiency improvement (AE),Output (Y<sup>d</sup><sub>t</sub>),0.102
38,Human capital,Efficiency improvement (AE),Output (Y<sup>d</sup><sub>t</sub>),0.115
39,Human capital,Efficiency improvement (AE),Output (Y<sup>d</sup><sub>t</sub>),0.128
40,Human capital,Efficiency improvement (AE),Output (Y<sup>d</sup><sub>t</sub>),0.142
41,Human capital,Efficiency improvement (AE),Output (Y<sup>d</sup><sub>t</sub>),0.156
42,Human capital,Efficiency improvement (AE),Output (Y<sup>d</sup><sub>t</sub>),0.171
43,Human capital,Efficiency improvement (AE),Output (Y<sup>d</sup><sub>t</sub>),0.185
44,Human capital,Efficiency improvement (AE),Output (Y<sup>d</sup><sub>t</sub>),0.2
45,Human capital,Efficiency improvement (AE),Output (Y<sup>d</sup><sub>t</sub>),0.216
46,Human capital,Efficiency improvement (AE),Output (Y<sup>d</sup><sub>t</sub>),0.232
47,Human capital,Efficiency improvement (AE),Output (Y<sup>d</sup><sub>t</sub>),0.248
48,Human capital,Efficiency improvement (AE),Output (Y<sup>d</sup><sub>t</sub>),0.264
49,Human capital,Efficiency improvement (AE),Output (Y<sup>d</sup><sub>t</sub>),0.281
50,Human capital,Efficiency improvement (AE),Output (Y<sup>d</sup><sub>t</sub>),0.298
51,Human capital,Efficiency improvement (AE),Output (Y<sup>d</sup><sub>t</sub>),0.315
52,Human capital,Efficiency improvement (AE),Output (Y<sup>d</sup><sub>t</sub>),0.332
53,Human capital,Efficiency improvement (AE),Output (Y<sup>d</sup><sub>t</sub>),0.349
54,Human capital,Efficiency improvement (AE),Output (Y<sup>d</sup><sub>t</sub>),0.367
55,Human capital,Efficiency improvement (AE),Output (Y<sup>d</sup><sub>t</sub>),0.385
56,Human capital,Efficiency improvement (AE),Output (Y<sup>d</sup><sub>t</sub>),0.403
57,Human capital,Efficiency improvement (AE),Output (Y<sup>d</sup><sub>t</sub>),0.421
58,Human capital,Efficiency improvement (AE),Output (Y<sup>d</sup><sub>t</sub>),0.44
59,Human capital,Efficiency improvement (AE),Output (Y<sup>d</sup><sub>t</sub>),0.458
60,Human capital,Efficiency improvement (AE),Output (Y<sup>d</sup><sub>t</sub>),0.477
61,Human capital,Efficiency improvement (AE),Output (Y<sup>d</sup><sub>t</sub>),0.495
62,Human capital,Efficiency improvement (AE),Output (Y<sup>d</sup><sub>t</sub>),0.514
63,Human capital,Efficiency improvement (AE),Output (Y<sup>d</sup><sub>t</sub>),0.533
64,Human capital,Efficiency improvement (AE),Output (Y<sup>d</sup><sub>t</sub>),0.552
65,Human capital,Efficiency improvement (AE),Output (Y<sup>d</sup><sub>t</sub>),0.571
66,Human capital,Efficiency improvement (AE),Output (Y<sup>d</sup><sub>t</sub>),0.59
67,Human capital,Efficiency improvement (AE),Output (Y<sup>d</sup><sub>t</sub>),0.609
68,Human capital,Efficiency improvement (AE),Output (Y<sup>d</sup><sub>t</sub>),0.629
69,Human capital,Efficiency improvement (AE),Output (Y<sup>d</sup><sub>t</sub>),0.648
70,Human capital,Efficiency improvement (AE),Output (Y<sup>d</sup><sub>t</sub>),0.667
71,Human capital,Efficiency improvement (AE),Output (Y<sup>d</sup><sub>t</sub>),0.686
72,Human capital,Efficiency improvement (AE),Output (Y<sup>d</sup><sub>t</sub>),0.706
73,Human capital,Efficiency improvement (AE),Output (Y<sup>d</sup><sub>t</sub>),0.725
74,Human capital,Efficiency improvement (AE),Output (Y<sup>d</sup><sub>t</sub>),0.744
75,Human capital,Efficiency improvement (AE),Output (Y<sup>d</sup><sub>t</sub>),0.763
76,Human capital,Efficiency improvement (AE),Output (Y<sup>d</sup><sub>t</sub>),0.783
77,Human capital,Efficiency improvement (AE),Output (Y<sup>d</sup><sub>t</sub>),0.802
78,Human capital,Efficiency improvement (AE),Output (Y<sup>d</sup><sub>t</sub>),0.821
79,Human capital,Efficiency improvement (AE),Output (Y<sup>d</sup><sub>t</sub>),0.84
80,Human capital,Efficiency improvement (AE),Output (Y<sup>d</sup><sub>t</sub>),0.86
81,Human capital,Efficiency improvement (AE),Output (Y<sup>d</sup><sub>t</sub>),0.879
82,Human capital,Efficiency improvement (AE),Output (Y<sup>d</sup><sub>t</sub>),0.898
83,Human capital,Efficiency improvement (AE),Output (Y<sup>d</sup><sub>t</sub>),0.917
84,Human capital,Efficiency improvement (AE),Output (Y<sup>d</sup><sub>t</sub>),0.936
85,Human capital,Efficiency improvement (AE),Output (Y<sup>d</sup><sub>t</sub>),0.955
86,Human capital,Efficiency improvement (AE),Output (Y<sup>d</sup><sub>t</sub>),0.974
87,Human capital,Efficiency improvement (AE),Output (Y<sup>d</sup><sub>t</sub>),0.992
88,Human capital,Efficiency improvement (AE),Output (Y<sup>d</sup><sub>t</sub>),1.011
89,Human capital,Efficiency improvement (AE),Output (Y<sup>d</sup><sub>t</sub>),1.03
90,Human capital,Efficiency improvement (AE),Output (Y<sup>d</sup><sub>t</sub>),1.048
91,Human capital,Efficiency improvement (AE),Output (Y<sup>d</sup><sub>t</sub>),1.067
92,Human capital,Efficiency improvement (AE),Output (Y<sup>d</sup><sub>t</sub>),1.085
93,Human capital,Efficiency improvement (AE),Output (Y<sup>d</sup><sub>t</sub>),1.104
94,Human capital,Efficiency improvement (AE),Output (Y<sup>d</sup><sub>t</sub>),1.122
95,Human capital,Efficiency improvement (AE),Output (Y<sup>d</sup><sub>t</sub>),1.14
96,Human capital,Efficiency improvement (AE),Output (Y<sup>d</sup><sub>t</sub>),1.158
97,Human capital,Efficiency improvement (AE),Output (Y<sup>d</sup><sub>t</sub>),1.176
98,Human capital,Efficiency improvement (AE),Output (Y<sup>d</sup><sub>t</sub>),1.194
99,Human capital,Efficiency improvement (AE),Output (Y<sup>d</sup><sub>t</sub>),1.212
100,Human capital,Efficiency improvement (AE),Output (Y<sup>d</sup><sub>t</sub>),1.229
1,Human capital,Efficiency improvement (EMDE),Output (Y<sup>d</sup><sub>t</sub>),0.437
2,Human capital,Efficiency improvement (EMDE),Output (Y<sup>d</sup><sub>t</sub>),0.234
3,Human capital,Efficiency improvement (EMDE),Output (Y<sup>d</sup><sub>t</sub>),0.208
4,Human capital,Efficiency improvement (EMDE),Output (Y<sup>d</sup><sub>t</sub>),0.178
5,Human capital,Efficiency improvement (EMDE),Output (Y<sup>d</sup><sub>t</sub>),0.149
6,Human capital,Efficiency improvement (EMDE),Output (Y<sup>d</sup><sub>t</sub>),0.123
7,Human capital,Efficiency improvement (EMDE),Output (Y<sup>d</sup><sub>t</sub>),0.1
8,Human capital,Efficiency improvement (EMDE),Output (Y<sup>d</sup><sub>t</sub>),0.08
9,Human capital,Efficiency improvement (EMDE),Output (Y<sup>d</sup><sub>t</sub>),0.062
10,Human capital,Efficiency improvement (EMDE),Output (Y<sup>d</sup><sub>t</sub>),0.048
11,Human capital,Efficiency improvement (EMDE),Output (Y<sup>d</sup><sub>t</sub>),0.036
12,Human capital,Efficiency improvement (EMDE),Output (Y<sup>d</sup><sub>t</sub>),0.026
13,Human capital,Efficiency improvement (EMDE),Output (Y<sup>d</sup><sub>t</sub>),0.019
14,Human capital,Efficiency improvement (EMDE),Output (Y<sup>d</sup><sub>t</sub>),0.015
15,Human capital,Efficiency improvement (EMDE),Output (Y<sup>d</sup><sub>t</sub>),0.012
16,Human capital,Efficiency improvement (EMDE),Output (Y<sup>d</sup><sub>t</sub>),0.012
17,Human capital,Efficiency improvement (EMDE),Output (Y<sup>d</sup><sub>t</sub>),0.013
18,Human capital,Efficiency improvement (EMDE),Output (Y<sup>d</sup><sub>t</sub>),0.016
19,Human capital,Efficiency improvement (EMDE),Output (Y<sup>d</sup><sub>t</sub>),0.021
20,Human capital,Efficiency improvement (EMDE),Output (Y<sup>d</sup><sub>t</sub>),0.028
21,Human capital,Efficiency improvement (EMDE),Output (Y<sup>d</sup><sub>t</sub>),0.036
22,Human capital,Efficiency improvement (EMDE),Output (Y<sup>d</sup><sub>t</sub>),0.046
23,Human capital,Efficiency improvement (EMDE),Output (Y<sup>d</sup><sub>t</sub>),0.057
24,Human capital,Efficiency improvement (EMDE),Output (Y<sup>d</sup><sub>t</sub>),0.069
25,Human capital,Efficiency improvement (EMDE),Output (Y<sup>d</sup><sub>t</sub>),0.083
26,Human capital,Efficiency improvement (EMDE),Output (Y<sup>d</sup><sub>t</sub>),0.097
27,Human capital,Efficiency improvement (EMDE),Output (Y<sup>d</sup><sub>t</sub>),0.113
28,Human capital,Efficiency improvement (EMDE),Output (Y<sup>d</sup><sub>t</sub>),0.13
29,Human capital,Efficiency improvement (EMDE),Output (Y<sup>d</sup><sub>t</sub>),0.147
30,Human capital,Efficiency improvement (EMDE),Output (Y<sup>d</sup><sub>t</sub>),0.165
31,Human capital,Efficiency improvement (EMDE),Output (Y<sup>d</sup><sub>t</sub>),0.185
32,Human capital,Efficiency improvement (EMDE),Output (Y<sup>d</sup><sub>t</sub>),0.204
33,Human capital,Efficiency improvement (EMDE),Output (Y<sup>d</sup><sub>t</sub>),0.225
34,Human capital,Efficiency improvement (EMDE),Output (Y<sup>d</sup><sub>t</sub>),0.246
35,Human capital,Efficiency improvement (EMDE),Output (Y<sup>d</sup><sub>t</sub>),0.268
36,Human capital,Efficiency improvement (EMDE),Output (Y<sup>d</sup><sub>t</sub>),0.29
37,Human capital,Efficiency improvement (EMDE),Output (Y<sup>d</sup><sub>t</sub>),0.312
38,Human capital,Efficiency improvement (EMDE),Output (Y<sup>d</sup><sub>t</sub>),0.335
39,Human capital,Efficiency improvement (EMDE),Output (Y<sup>d</sup><sub>t</sub>),0.359
40,Human capital,Efficiency improvement (EMDE),Output (Y<sup>d</sup><sub>t</sub>),0.382
41,Human capital,Efficiency improvement (EMDE),Output (Y<sup>d</sup><sub>t</sub>),0.406
42,Human capital,Efficiency improvement (EMDE),Output (Y<sup>d</sup><sub>t</sub>),0.43
43,Human capital,Efficiency improvement (EMDE),Output (Y<sup>d</sup><sub>t</sub>),0.455
44,Human capital,Efficiency improvement (EMDE),Output (Y<sup>d</sup><sub>t</sub>),0.479
45,Human capital,Efficiency improvement (EMDE),Output (Y<sup>d</sup><sub>t</sub>),0.504
46,Human capital,Efficiency improvement (EMDE),Output (Y<sup>d</sup><sub>t</sub>),0.529
47,Human capital,Efficiency improvement (EMDE),Output (Y<sup>d</sup><sub>t</sub>),0.553
48,Human capital,Efficiency improvement (EMDE),Output (Y<sup>d</sup><sub>t</sub>),0.578
49,Human capital,Efficiency improvement (EMDE),Output (Y<sup>d</sup><sub>t</sub>),0.603
50,Human capital,Efficiency improvement (EMDE),Output (Y<sup>d</sup><sub>t</sub>),0.628
51,Human capital,Efficiency improvement (EMDE),Output (Y<sup>d</sup><sub>t</sub>),0.653
52,Human capital,Efficiency improvement (EMDE),Output (Y<sup>d</sup><sub>t</sub>),0.678
53,Human capital,Efficiency improvement (EMDE),Output (Y<sup>d</sup><sub>t</sub>),0.703
54,Human capital,Efficiency improvement (EMDE),Output (Y<sup>d</sup><sub>t</sub>),0.727
55,Human capital,Efficiency improvement (EMDE),Output (Y<sup>d</sup><sub>t</sub>),0.752
56,Human capital,Efficiency improvement (EMDE),Output (Y<sup>d</sup><sub>t</sub>),0.777
57,Human capital,Efficiency improvement (EMDE),Output (Y<sup>d</sup><sub>t</sub>),0.801
58,Human capital,Efficiency improvement (EMDE),Output (Y<sup>d</sup><sub>t</sub>),0.825
59,Human capital,Efficiency improvement (EMDE),Output (Y<sup>d</sup><sub>t</sub>),0.849
60,Human capital,Efficiency improvement (EMDE),Output (Y<sup>d</sup><sub>t</sub>),0.873
61,Human capital,Efficiency improvement (EMDE),Output (Y<sup>d</sup><sub>t</sub>),0.897
62,Human capital,Efficiency improvement (EMDE),Output (Y<sup>d</sup><sub>t</sub>),0.92
63,Human capital,Efficiency improvement (EMDE),Output (Y<sup>d</sup><sub>t</sub>),0.943
64,Human capital,Efficiency improvement (EMDE),Output (Y<sup>d</sup><sub>t</sub>),0.966
65,Human capital,Efficiency improvement (EMDE),Output (Y<sup>d</sup><sub>t</sub>),0.989
66,Human capital,Efficiency improvement (EMDE),Output (Y<sup>d</sup><sub>t</sub>),1.012
67,Human capital,Efficiency improvement (EMDE),Output (Y<sup>d</sup><sub>t</sub>),1.034
68,Human capital,Efficiency improvement (EMDE),Output (Y<sup>d</sup><sub>t</sub>),1.056
69,Human capital,Efficiency improvement (EMDE),Output (Y<sup>d</sup><sub>t</sub>),1.078
70,Human capital,Efficiency improvement (EMDE),Output (Y<sup>d</sup><sub>t</sub>),1.1
71,Human capital,Efficiency improvement (EMDE),Output (Y<sup>d</sup><sub>t</sub>),1.121
72,Human capital,Efficiency improvement (EMDE),Output (Y<sup>d</sup><sub>t</sub>),1.142
73,Human capital,Efficiency improvement (EMDE),Output (Y<sup>d</sup><sub>t</sub>),1.163
74,Human capital,Efficiency improvement (EMDE),Output (Y<sup>d</sup><sub>t</sub>),1.183
75,Human capital,Efficiency improvement (EMDE),Output (Y<sup>d</sup><sub>t</sub>),1.203
76,Human capital,Efficiency improvement (EMDE),Output (Y<sup>d</sup><sub>t</sub>),1.223
77,Human capital,Efficiency improvement (EMDE),Output (Y<sup>d</sup><sub>t</sub>),1.243
78,Human capital,Efficiency improvement (EMDE),Output (Y<sup>d</sup><sub>t</sub>),1.262
79,Human capital,Efficiency improvement (EMDE),Output (Y<sup>d</sup><sub>t</sub>),1.281
80,Human capital,Efficiency improvement (EMDE),Output (Y<sup>d</sup><sub>t</sub>),1.3
81,Human capital,Efficiency improvement (EMDE),Output (Y<sup>d</sup><sub>t</sub>),1.318
82,Human capital,Efficiency improvement (EMDE),Output (Y<sup>d</sup><sub>t</sub>),1.337
83,Human capital,Efficiency improvement (EMDE),Output (Y<sup>d</sup><sub>t</sub>),1.354
84,Human capital,Efficiency improvement (EMDE),Output (Y<sup>d</sup><sub>t</sub>),1.372
85,Human capital,Efficiency improvement (EMDE),Output (Y<sup>d</sup><sub>t</sub>),1.389
86,Human capital,Efficiency improvement (EMDE),Output (Y<sup>d</sup><sub>t</sub>),1.406
87,Human capital,Efficiency improvement (EMDE),Output (Y<sup>d</sup><sub>t</sub>),1.423
88,Human capital,Efficiency improvement (EMDE),Output (Y<sup>d</sup><sub>t</sub>),1.439
89,Human capital,Efficiency improvement (EMDE),Output (Y<sup>d</sup><sub>t</sub>),1.456
90,Human capital,Efficiency improvement (EMDE),Output (Y<sup>d</sup><sub>t</sub>),1.472
91,Human capital,Efficiency improvement (EMDE),Output (Y<sup>d</sup><sub>t</sub>),1.487
92,Human capital,Efficiency improvement (EMDE),Output (Y<sup>d</sup><sub>t</sub>),1.502
93,Human capital,Efficiency improvement (EMDE),Output (Y<sup>d</sup><sub>t</sub>),1.517
94,Human capital,Efficiency improvement (EMDE),Output (Y<sup>d</sup><sub>t</sub>),1.532
95,Human capital,Efficiency improvement (EMDE),Output (Y<sup>d</sup><sub>t</sub>),1.547
96,Human capital,Efficiency improvement (EMDE),Output (Y<sup>d</sup><sub>t</sub>),1.561
97,Human capital,Efficiency improvement (EMDE),Output (Y<sup>d</sup><sub>t</sub>),1.575
98,Human capital,Efficiency improvement (EMDE),Output (Y<sup>d</sup><sub>t</sub>),1.589
99,Human capital,Efficiency improvement (EMDE),Output (Y<sup>d</sup><sub>t</sub>),1.602
100,Human capital,Efficiency improvement (EMDE),Output (Y<sup>d</sup><sub>t</sub>),1.615
1,R&D,"Spending increase (AE, benchmark)",Output (Y<sup>d</sup><sub>t</sub>),0.163
2,R&D,"Spending increase (AE, benchmark)",Output (Y<sup>d</sup><sub>t</sub>),-0.011
3,R&D,"Spending increase (AE, benchmark)",Output (Y<sup>d</sup><sub>t</sub>),-0.031
4,R&D,"Spending increase (AE, benchmark)",Output (Y<sup>d</sup><sub>t</sub>),-0.044
5,R&D,"Spending increase (AE, benchmark)",Output (Y<sup>d</sup><sub>t</sub>),-0.049
6,R&D,"Spending increase (AE, benchmark)",Output (Y<sup>d</sup><sub>t</sub>),-0.046
7,R&D,"Spending increase (AE, benchmark)",Output (Y<sup>d</sup><sub>t</sub>),-0.038
8,R&D,"Spending increase (AE, benchmark)",Output (Y<sup>d</sup><sub>t</sub>),-0.025
9,R&D,"Spending increase (AE, benchmark)",Output (Y<sup>d</sup><sub>t</sub>),-0.009
10,R&D,"Spending increase (AE, benchmark)",Output (Y<sup>d</sup><sub>t</sub>),0.01
11,R&D,"Spending increase (AE, benchmark)",Output (Y<sup>d</sup><sub>t</sub>),0.031
12,R&D,"Spending increase (AE, benchmark)",Output (Y<sup>d</sup><sub>t</sub>),0.053
13,R&D,"Spending increase (AE, benchmark)",Output (Y<sup>d</sup><sub>t</sub>),0.076
14,R&D,"Spending increase (AE, benchmark)",Output (Y<sup>d</sup><sub>t</sub>),0.1
15,R&D,"Spending increase (AE, benchmark)",Output (Y<sup>d</sup><sub>t</sub>),0.125
16,R&D,"Spending increase (AE, benchmark)",Output (Y<sup>d</sup><sub>t</sub>),0.149
17,R&D,"Spending increase (AE, benchmark)",Output (Y<sup>d</sup><sub>t</sub>),0.174
18,R&D,"Spending increase (AE, benchmark)",Output (Y<sup>d</sup><sub>t</sub>),0.198
19,R&D,"Spending increase (AE, benchmark)",Output (Y<sup>d</sup><sub>t</sub>),0.223
20,R&D,"Spending increase (AE, benchmark)",Output (Y<sup>d</sup><sub>t</sub>),0.247
21,R&D,"Spending increase (AE, benchmark)",Output (Y<sup>d</sup><sub>t</sub>),0.271
22,R&D,"Spending increase (AE, benchmark)",Output (Y<sup>d</sup><sub>t</sub>),0.295
23,R&D,"Spending increase (AE, benchmark)",Output (Y<sup>d</sup><sub>t</sub>),0.319
24,R&D,"Spending increase (AE, benchmark)",Output (Y<sup>d</sup><sub>t</sub>),0.342
25,R&D,"Spending increase (AE, benchmark)",Output (Y<sup>d</sup><sub>t</sub>),0.365
26,R&D,"Spending increase (AE, benchmark)",Output (Y<sup>d</sup><sub>t</sub>),0.388
27,R&D,"Spending increase (AE, benchmark)",Output (Y<sup>d</sup><sub>t</sub>),0.41
28,R&D,"Spending increase (AE, benchmark)",Output (Y<sup>d</sup><sub>t</sub>),0.432
29,R&D,"Spending increase (AE, benchmark)",Output (Y<sup>d</sup><sub>t</sub>),0.454
30,R&D,"Spending increase (AE, benchmark)",Output (Y<sup>d</sup><sub>t</sub>),0.475
31,R&D,"Spending increase (AE, benchmark)",Output (Y<sup>d</sup><sub>t</sub>),0.496
32,R&D,"Spending increase (AE, benchmark)",Output (Y<sup>d</sup><sub>t</sub>),0.517
33,R&D,"Spending increase (AE, benchmark)",Output (Y<sup>d</sup><sub>t</sub>),0.537
34,R&D,"Spending increase (AE, benchmark)",Output (Y<sup>d</sup><sub>t</sub>),0.557
35,R&D,"Spending increase (AE, benchmark)",Output (Y<sup>d</sup><sub>t</sub>),0.577
36,R&D,"Spending increase (AE, benchmark)",Output (Y<sup>d</sup><sub>t</sub>),0.597
37,R&D,"Spending increase (AE, benchmark)",Output (Y<sup>d</sup><sub>t</sub>),0.616
38,R&D,"Spending increase (AE, benchmark)",Output (Y<sup>d</sup><sub>t</sub>),0.635
39,R&D,"Spending increase (AE, benchmark)",Output (Y<sup>d</sup><sub>t</sub>),0.653
40,R&D,"Spending increase (AE, benchmark)",Output (Y<sup>d</sup><sub>t</sub>),0.671
41,R&D,"Spending increase (AE, benchmark)",Output (Y<sup>d</sup><sub>t</sub>),0.689
42,R&D,"Spending increase (AE, benchmark)",Output (Y<sup>d</sup><sub>t</sub>),0.707
43,R&D,"Spending increase (AE, benchmark)",Output (Y<sup>d</sup><sub>t</sub>),0.725
44,R&D,"Spending increase (AE, benchmark)",Output (Y<sup>d</sup><sub>t</sub>),0.742
45,R&D,"Spending increase (AE, benchmark)",Output (Y<sup>d</sup><sub>t</sub>),0.759
46,R&D,"Spending increase (AE, benchmark)",Output (Y<sup>d</sup><sub>t</sub>),0.775
47,R&D,"Spending increase (AE, benchmark)",Output (Y<sup>d</sup><sub>t</sub>),0.792
48,R&D,"Spending increase (AE, benchmark)",Output (Y<sup>d</sup><sub>t</sub>),0.808
49,R&D,"Spending increase (AE, benchmark)",Output (Y<sup>d</sup><sub>t</sub>),0.824
50,R&D,"Spending increase (AE, benchmark)",Output (Y<sup>d</sup><sub>t</sub>),0.84
51,R&D,"Spending increase (AE, benchmark)",Output (Y<sup>d</sup><sub>t</sub>),0.855
52,R&D,"Spending increase (AE, benchmark)",Output (Y<sup>d</sup><sub>t</sub>),0.87
53,R&D,"Spending increase (AE, benchmark)",Output (Y<sup>d</sup><sub>t</sub>),0.885
54,R&D,"Spending increase (AE, benchmark)",Output (Y<sup>d</sup><sub>t</sub>),0.9
55,R&D,"Spending increase (AE, benchmark)",Output (Y<sup>d</sup><sub>t</sub>),0.915
56,R&D,"Spending increase (AE, benchmark)",Output (Y<sup>d</sup><sub>t</sub>),0.929
57,R&D,"Spending increase (AE, benchmark)",Output (Y<sup>d</sup><sub>t</sub>),0.943
58,R&D,"Spending increase (AE, benchmark)",Output (Y<sup>d</sup><sub>t</sub>),0.957
59,R&D,"Spending increase (AE, benchmark)",Output (Y<sup>d</sup><sub>t</sub>),0.971
60,R&D,"Spending increase (AE, benchmark)",Output (Y<sup>d</sup><sub>t</sub>),0.985
61,R&D,"Spending increase (AE, benchmark)",Output (Y<sup>d</sup><sub>t</sub>),0.998
62,R&D,"Spending increase (AE, benchmark)",Output (Y<sup>d</sup><sub>t</sub>),1.011
63,R&D,"Spending increase (AE, benchmark)",Output (Y<sup>d</sup><sub>t</sub>),1.024
64,R&D,"Spending increase (AE, benchmark)",Output (Y<sup>d</sup><sub>t</sub>),1.037
65,R&D,"Spending increase (AE, benchmark)",Output (Y<sup>d</sup><sub>t</sub>),1.05
66,R&D,"Spending increase (AE, benchmark)",Output (Y<sup>d</sup><sub>t</sub>),1.062
67,R&D,"Spending increase (AE, benchmark)",Output (Y<sup>d</sup><sub>t</sub>),1.075
68,R&D,"Spending increase (AE, benchmark)",Output (Y<sup>d</sup><sub>t</sub>),1.087
69,R&D,"Spending increase (AE, benchmark)",Output (Y<sup>d</sup><sub>t</sub>),1.099
70,R&D,"Spending increase (AE, benchmark)",Output (Y<sup>d</sup><sub>t</sub>),1.111
71,R&D,"Spending increase (AE, benchmark)",Output (Y<sup>d</sup><sub>t</sub>),1.122
72,R&D,"Spending increase (AE, benchmark)",Output (Y<sup>d</sup><sub>t</sub>),1.134
73,R&D,"Spending increase (AE, benchmark)",Output (Y<sup>d</sup><sub>t</sub>),1.145
74,R&D,"Spending increase (AE, benchmark)",Output (Y<sup>d</sup><sub>t</sub>),1.156
75,R&D,"Spending increase (AE, benchmark)",Output (Y<sup>d</sup><sub>t</sub>),1.167
76,R&D,"Spending increase (AE, benchmark)",Output (Y<sup>d</sup><sub>t</sub>),1.178
77,R&D,"Spending increase (AE, benchmark)",Output (Y<sup>d</sup><sub>t</sub>),1.189
78,R&D,"Spending increase (AE, benchmark)",Output (Y<sup>d</sup><sub>t</sub>),1.199
79,R&D,"Spending increase (AE, benchmark)",Output (Y<sup>d</sup><sub>t</sub>),1.209
80,R&D,"Spending increase (AE, benchmark)",Output (Y<sup>d</sup><sub>t</sub>),1.22
81,R&D,"Spending increase (AE, benchmark)",Output (Y<sup>d</sup><sub>t</sub>),1.23
82,R&D,"Spending increase (AE, benchmark)",Output (Y<sup>d</sup><sub>t</sub>),1.24
83,R&D,"Spending increase (AE, benchmark)",Output (Y<sup>d</sup><sub>t</sub>),1.25
84,R&D,"Spending increase (AE, benchmark)",Output (Y<sup>d</sup><sub>t</sub>),1.259
85,R&D,"Spending increase (AE, benchmark)",Output (Y<sup>d</sup><sub>t</sub>),1.269
86,R&D,"Spending increase (AE, benchmark)",Output (Y<sup>d</sup><sub>t</sub>),1.278
87,R&D,"Spending increase (AE, benchmark)",Output (Y<sup>d</sup><sub>t</sub>),1.287
88,R&D,"Spending increase (AE, benchmark)",Output (Y<sup>d</sup><sub>t</sub>),1.297
89,R&D,"Spending increase (AE, benchmark)",Output (Y<sup>d</sup><sub>t</sub>),1.306
90,R&D,"Spending increase (AE, benchmark)",Output (Y<sup>d</sup><sub>t</sub>),1.315
91,R&D,"Spending increase (AE, benchmark)",Output (Y<sup>d</sup><sub>t</sub>),1.323
92,R&D,"Spending increase (AE, benchmark)",Output (Y<sup>d</sup><sub>t</sub>),1.332
93,R&D,"Spending increase (AE, benchmark)",Output (Y<sup>d</sup><sub>t</sub>),1.341
94,R&D,"Spending increase (AE, benchmark)",Output (Y<sup>d</sup><sub>t</sub>),1.349
95,R&D,"Spending increase (AE, benchmark)",Output (Y<sup>d</sup><sub>t</sub>),1.357
96,R&D,"Spending increase (AE, benchmark)",Output (Y<sup>d</sup><sub>t</sub>),1.365
97,R&D,"Spending increase (AE, benchmark)",Output (Y<sup>d</sup><sub>t</sub>),1.374
98,R&D,"Spending increase (AE, benchmark)",Output (Y<sup>d</sup><sub>t</sub>),1.382
99,R&D,"Spending increase (AE, benchmark)",Output (Y<sup>d</sup><sub>t</sub>),1.389
100,R&D,"Spending increase (AE, benchmark)",Output (Y<sup>d</sup><sub>t</sub>),1.397
1,R&D,Efficiency improvement (AE),Output (Y<sup>d</sup><sub>t</sub>),0.072
2,R&D,Efficiency improvement (AE),Output (Y<sup>d</sup><sub>t</sub>),-0.072
3,R&D,Efficiency improvement (AE),Output (Y<sup>d</sup><sub>t</sub>),-0.1
4,R&D,Efficiency improvement (AE),Output (Y<sup>d</sup><sub>t</sub>),-0.117
5,R&D,Efficiency improvement (AE),Output (Y<sup>d</sup><sub>t</sub>),-0.124
6,R&D,Efficiency improvement (AE),Output (Y<sup>d</sup><sub>t</sub>),-0.123
7,R&D,Efficiency improvement (AE),Output (Y<sup>d</sup><sub>t</sub>),-0.115
8,R&D,Efficiency improvement (AE),Output (Y<sup>d</sup><sub>t</sub>),-0.102
9,R&D,Efficiency improvement (AE),Output (Y<sup>d</sup><sub>t</sub>),-0.085
10,R&D,Efficiency improvement (AE),Output (Y<sup>d</sup><sub>t</sub>),-0.065
11,R&D,Efficiency improvement (AE),Output (Y<sup>d</sup><sub>t</sub>),-0.043
12,R&D,Efficiency improvement (AE),Output (Y<sup>d</sup><sub>t</sub>),-0.019
13,R&D,Efficiency improvement (AE),Output (Y<sup>d</sup><sub>t</sub>),0.006
14,R&D,Efficiency improvement (AE),Output (Y<sup>d</sup><sub>t</sub>),0.032
15,R&D,Efficiency improvement (AE),Output (Y<sup>d</sup><sub>t</sub>),0.058
16,R&D,Efficiency improvement (AE),Output (Y<sup>d</sup><sub>t</sub>),0.084
17,R&D,Efficiency improvement (AE),Output (Y<sup>d</sup><sub>t</sub>),0.111
18,R&D,Efficiency improvement (AE),Output (Y<sup>d</sup><sub>t</sub>),0.138
19,R&D,Efficiency improvement (AE),Output (Y<sup>d</sup><sub>t</sub>),0.164
20,R&D,Efficiency improvement (AE),Output (Y<sup>d</sup><sub>t</sub>),0.191
21,R&D,Efficiency improvement (AE),Output (Y<sup>d</sup><sub>t</sub>),0.217
22,R&D,Efficiency improvement (AE),Output (Y<sup>d</sup><sub>t</sub>),0.243
23,R&D,Efficiency improvement (AE),Output (Y<sup>d</sup><sub>t</sub>),0.268
24,R&D,Efficiency improvement (AE),Output (Y<sup>d</sup><sub>t</sub>),0.294
25,R&D,Efficiency improvement (AE),Output (Y<sup>d</sup><sub>t</sub>),0.318
26,R&D,Efficiency improvement (AE),Output (Y<sup>d</sup><sub>t</sub>),0.343
27,R&D,Efficiency improvement (AE),Output (Y<sup>d</sup><sub>t</sub>),0.367
28,R&D,Efficiency improvement (AE),Output (Y<sup>d</sup><sub>t</sub>),0.391
29,R&D,Efficiency improvement (AE),Output (Y<sup>d</sup><sub>t</sub>),0.414
30,R&D,Efficiency improvement (AE),Output (Y<sup>d</sup><sub>t</sub>),0.438
31,R&D,Efficiency improvement (AE),Output (Y<sup>d</sup><sub>t</sub>),0.46
32,R&D,Efficiency improvement (AE),Output (Y<sup>d</sup><sub>t</sub>),0.483
33,R&D,Efficiency improvement (AE),Output (Y<sup>d</sup><sub>t</sub>),0.505
34,R&D,Efficiency improvement (AE),Output (Y<sup>d</sup><sub>t</sub>),0.526
35,R&D,Efficiency improvement (AE),Output (Y<sup>d</sup><sub>t</sub>),0.548
36,R&D,Efficiency improvement (AE),Output (Y<sup>d</sup><sub>t</sub>),0.569
37,R&D,Efficiency improvement (AE),Output (Y<sup>d</sup><sub>t</sub>),0.59
38,R&D,Efficiency improvement (AE),Output (Y<sup>d</sup><sub>t</sub>),0.61
39,R&D,Efficiency improvement (AE),Output (Y<sup>d</sup><sub>t</sub>),0.63
40,R&D,Efficiency improvement (AE),Output (Y<sup>d</sup><sub>t</sub>),0.65
41,R&D,Efficiency improvement (AE),Output (Y<sup>d</sup><sub>t</sub>),0.669
42,R&D,Efficiency improvement (AE),Output (Y<sup>d</sup><sub>t</sub>),0.688
43,R&D,Efficiency improvement (AE),Output (Y<sup>d</sup><sub>t</sub>),0.707
44,R&D,Efficiency improvement (AE),Output (Y<sup>d</sup><sub>t</sub>),0.726
45,R&D,Efficiency improvement (AE),Output (Y<sup>d</sup><sub>t</sub>),0.744
46,R&D,Efficiency improvement (AE),Output (Y<sup>d</sup><sub>t</sub>),0.762
47,R&D,Efficiency improvement (AE),Output (Y<sup>d</sup><sub>t</sub>),0.78
48,R&D,Efficiency improvement (AE),Output (Y<sup>d</sup><sub>t</sub>),0.797
49,R&D,Efficiency improvement (AE),Output (Y<sup>d</sup><sub>t</sub>),0.815
50,R&D,Efficiency improvement (AE),Output (Y<sup>d</sup><sub>t</sub>),0.832
51,R&D,Efficiency improvement (AE),Output (Y<sup>d</sup><sub>t</sub>),0.848
52,R&D,Efficiency improvement (AE),Output (Y<sup>d</sup><sub>t</sub>),0.865
53,R&D,Efficiency improvement (AE),Output (Y<sup>d</sup><sub>t</sub>),0.881
54,R&D,Efficiency improvement (AE),Output (Y<sup>d</sup><sub>t</sub>),0.897
55,R&D,Efficiency improvement (AE),Output (Y<sup>d</sup><sub>t</sub>),0.913
56,R&D,Efficiency improvement (AE),Output (Y<sup>d</sup><sub>t</sub>),0.928
57,R&D,Efficiency improvement (AE),Output (Y<sup>d</sup><sub>t</sub>),0.944
58,R&D,Efficiency improvement (AE),Output (Y<sup>d</sup><sub>t</sub>),0.959
59,R&D,Efficiency improvement (AE),Output (Y<sup>d</sup><sub>t</sub>),0.974
60,R&D,Efficiency improvement (AE),Output (Y<sup>d</sup><sub>t</sub>),0.988
61,R&D,Efficiency improvement (AE),Output (Y<sup>d</sup><sub>t</sub>),1.003
62,R&D,Efficiency improvement (AE),Output (Y<sup>d</sup><sub>t</sub>),1.017
63,R&D,Efficiency improvement (AE),Output (Y<sup>d</sup><sub>t</sub>),1.031
64,R&D,Efficiency improvement (AE),Output (Y<sup>d</sup><sub>t</sub>),1.045
65,R&D,Efficiency improvement (AE),Output (Y<sup>d</sup><sub>t</sub>),1.058
66,R&D,Efficiency improvement (AE),Output (Y<sup>d</sup><sub>t</sub>),1.072
67,R&D,Efficiency improvement (AE),Output (Y<sup>d</sup><sub>t</sub>),1.085
68,R&D,Efficiency improvement (AE),Output (Y<sup>d</sup><sub>t</sub>),1.098
69,R&D,Efficiency improvement (AE),Output (Y<sup>d</sup><sub>t</sub>),1.111
70,R&D,Efficiency improvement (AE),Output (Y<sup>d</sup><sub>t</sub>),1.124
71,R&D,Efficiency improvement (AE),Output (Y<sup>d</sup><sub>t</sub>),1.136
72,R&D,Efficiency improvement (AE),Output (Y<sup>d</sup><sub>t</sub>),1.149
73,R&D,Efficiency improvement (AE),Output (Y<sup>d</sup><sub>t</sub>),1.161
74,R&D,Efficiency improvement (AE),Output (Y<sup>d</sup><sub>t</sub>),1.173
75,R&D,Efficiency improvement (AE),Output (Y<sup>d</sup><sub>t</sub>),1.185
76,R&D,Efficiency improvement (AE),Output (Y<sup>d</sup><sub>t</sub>),1.196
77,R&D,Efficiency improvement (AE),Output (Y<sup>d</sup><sub>t</sub>),1.208
78,R&D,Efficiency improvement (AE),Output (Y<sup>d</sup><sub>t</sub>),1.219
79,R&D,Efficiency improvement (AE),Output (Y<sup>d</sup><sub>t</sub>),1.23
80,R&D,Efficiency improvement (AE),Output (Y<sup>d</sup><sub>t</sub>),1.241
81,R&D,Efficiency improvement (AE),Output (Y<sup>d</sup><sub>t</sub>),1.252
82,R&D,Efficiency improvement (AE),Output (Y<sup>d</sup><sub>t</sub>),1.263
83,R&D,Efficiency improvement (AE),Output (Y<sup>d</sup><sub>t</sub>),1.273
84,R&D,Efficiency improvement (AE),Output (Y<sup>d</sup><sub>t</sub>),1.284
85,R&D,Efficiency improvement (AE),Output (Y<sup>d</sup><sub>t</sub>),1.294
86,R&D,Efficiency improvement (AE),Output (Y<sup>d</sup><sub>t</sub>),1.304
87,R&D,Efficiency improvement (AE),Output (Y<sup>d</sup><sub>t</sub>),1.314
88,R&D,Efficiency improvement (AE),Output (Y<sup>d</sup><sub>t</sub>),1.324
89,R&D,Efficiency improvement (AE),Output (Y<sup>d</sup><sub>t</sub>),1.334
90,R&D,Efficiency improvement (AE),Output (Y<sup>d</sup><sub>t</sub>),1.343
91,R&D,Efficiency improvement (AE),Output (Y<sup>d</sup><sub>t</sub>),1.353
92,R&D,Efficiency improvement (AE),Output (Y<sup>d</sup><sub>t</sub>),1.362
93,R&D,Efficiency improvement (AE),Output (Y<sup>d</sup><sub>t</sub>),1.371
94,R&D,Efficiency improvement (AE),Output (Y<sup>d</sup><sub>t</sub>),1.38
95,R&D,Efficiency improvement (AE),Output (Y<sup>d</sup><sub>t</sub>),1.389
96,R&D,Efficiency improvement (AE),Output (Y<sup>d</sup><sub>t</sub>),1.398
97,R&D,Efficiency improvement (AE),Output (Y<sup>d</sup><sub>t</sub>),1.407
98,R&D,Efficiency improvement (AE),Output (Y<sup>d</sup><sub>t</sub>),1.415
99,R&D,Efficiency improvement (AE),Output (Y<sup>d</sup><sub>t</sub>),1.424
100,R&D,Efficiency improvement (AE),Output (Y<sup>d</sup><sub>t</sub>),1.432
1,Infrastructure,"Spending increase (AE, benchmark)",Consumption (C<sub>t</sub>),-0.181
2,Infrastructure,"Spending increase (AE, benchmark)",Consumption (C<sub>t</sub>),-0.182
3,Infrastructure,"Spending increase (AE, benchmark)",Consumption (C<sub>t</sub>),-0.18
4,Infrastructure,"Spending increase (AE, benchmark)",Consumption (C<sub>t</sub>),-0.178
5,Infrastructure,"Spending increase (AE, benchmark)",Consumption (C<sub>t</sub>),-0.174
6,Infrastructure,"Spending increase (AE, benchmark)",Consumption (C<sub>t</sub>),-0.17
7,Infrastructure,"Spending increase (AE, benchmark)",Consumption (C<sub>t</sub>),-0.165
8,Infrastructure,"Spending increase (AE, benchmark)",Consumption (C<sub>t</sub>),-0.159
9,Infrastructure,"Spending increase (AE, benchmark)",Consumption (C<sub>t</sub>),-0.153
10,Infrastructure,"Spending increase (AE, benchmark)",Consumption (C<sub>t</sub>),-0.146
11,Infrastructure,"Spending increase (AE, benchmark)",Consumption (C<sub>t</sub>),-0.139
12,Infrastructure,"Spending increase (AE, benchmark)",Consumption (C<sub>t</sub>),-0.131
13,Infrastructure,"Spending increase (AE, benchmark)",Consumption (C<sub>t</sub>),-0.122
14,Infrastructure,"Spending increase (AE, benchmark)",Consumption (C<sub>t</sub>),-0.114
15,Infrastructure,"Spending increase (AE, benchmark)",Consumption (C<sub>t</sub>),-0.105
16,Infrastructure,"Spending increase (AE, benchmark)",Consumption (C<sub>t</sub>),-0.095
17,Infrastructure,"Spending increase (AE, benchmark)",Consumption (C<sub>t</sub>),-0.085
18,Infrastructure,"Spending increase (AE, benchmark)",Consumption (C<sub>t</sub>),-0.075
19,Infrastructure,"Spending increase (AE, benchmark)",Consumption (C<sub>t</sub>),-0.065
20,Infrastructure,"Spending increase (AE, benchmark)",Consumption (C<sub>t</sub>),-0.055
21,Infrastructure,"Spending increase (AE, benchmark)",Consumption (C<sub>t</sub>),-0.044
22,Infrastructure,"Spending increase (AE, benchmark)",Consumption (C<sub>t</sub>),-0.033
23,Infrastructure,"Spending increase (AE, benchmark)",Consumption (C<sub>t</sub>),-0.022
24,Infrastructure,"Spending increase (AE, benchmark)",Consumption (C<sub>t</sub>),-0.011
25,Infrastructure,"Spending increase (AE, benchmark)",Consumption (C<sub>t</sub>),0.0
26,Infrastructure,"Spending increase (AE, benchmark)",Consumption (C<sub>t</sub>),0.011
27,Infrastructure,"Spending increase (AE, benchmark)",Consumption (C<sub>t</sub>),0.023
28,Infrastructure,"Spending increase (AE, benchmark)",Consumption (C<sub>t</sub>),0.034
29,Infrastructure,"Spending increase (AE, benchmark)",Consumption (C<sub>t</sub>),0.045
30,Infrastructure,"Spending increase (AE, benchmark)",Consumption (C<sub>t</sub>),0.057
31,Infrastructure,"Spending increase (AE, benchmark)",Consumption (C<sub>t</sub>),0.068
32,Infrastructure,"Spending increase (AE, benchmark)",Consumption (C<sub>t</sub>),0.08
33,Infrastructure,"Spending increase (AE, benchmark)",Consumption (C<sub>t</sub>),0.091
34,Infrastructure,"Spending increase (AE, benchmark)",Consumption (C<sub>t</sub>),0.103
35,Infrastructure,"Spending increase (AE, benchmark)",Consumption (C<sub>t</sub>),0.114
36,Infrastructure,"Spending increase (AE, benchmark)",Consumption (C<sub>t</sub>),0.126
37,Infrastructure,"Spending increase (AE, benchmark)",Consumption (C<sub>t</sub>),0.137
38,Infrastructure,"Spending increase (AE, benchmark)",Consumption (C<sub>t</sub>),0.149
39,Infrastructure,"Spending increase (AE, benchmark)",Consumption (C<sub>t</sub>),0.16
40,Infrastructure,"Spending increase (AE, benchmark)",Consumption (C<sub>t</sub>),0.172
41,Infrastructure,"Spending increase (AE, benchmark)",Consumption (C<sub>t</sub>),0.183
42,Infrastructure,"Spending increase (AE, benchmark)",Consumption (C<sub>t</sub>),0.194
43,Infrastructure,"Spending increase (AE, benchmark)",Consumption (C<sub>t</sub>),0.205
44,Infrastructure,"Spending increase (AE, benchmark)",Consumption (C<sub>t</sub>),0.216
45,Infrastructure,"Spending increase (AE, benchmark)",Consumption (C<sub>t</sub>),0.227
46,Infrastructure,"Spending increase (AE, benchmark)",Consumption (C<sub>t</sub>),0.238
47,Infrastructure,"Spending increase (AE, benchmark)",Consumption (C<sub>t</sub>),0.249
48,Infrastructure,"Spending increase (AE, benchmark)",Consumption (C<sub>t</sub>),0.26
49,Infrastructure,"Spending increase (AE, benchmark)",Consumption (C<sub>t</sub>),0.271
50,Infrastructure,"Spending increase (AE, benchmark)",Consumption (C<sub>t</sub>),0.281
51,Infrastructure,"Spending increase (AE, benchmark)",Consumption (C<sub>t</sub>),0.292
52,Infrastructure,"Spending increase (AE, benchmark)",Consumption (C<sub>t</sub>),0.302
53,Infrastructure,"Spending increase (AE, benchmark)",Consumption (C<sub>t</sub>),0.313
54,Infrastructure,"Spending increase (AE, benchmark)",Consumption (C<sub>t</sub>),0.323
55,Infrastructure,"Spending increase (AE, benchmark)",Consumption (C<sub>t</sub>),0.333
56,Infrastructure,"Spending increase (AE, benchmark)",Consumption (C<sub>t</sub>),0.343
57,Infrastructure,"Spending increase (AE, benchmark)",Consumption (C<sub>t</sub>),0.354
58,Infrastructure,"Spending increase (AE, benchmark)",Consumption (C<sub>t</sub>),0.363
59,Infrastructure,"Spending increase (AE, benchmark)",Consumption (C<sub>t</sub>),0.373
60,Infrastructure,"Spending increase (AE, benchmark)",Consumption (C<sub>t</sub>),0.383
61,Infrastructure,"Spending increase (AE, benchmark)",Consumption (C<sub>t</sub>),0.393
62,Infrastructure,"Spending increase (AE, benchmark)",Consumption (C<sub>t</sub>),0.402
63,Infrastructure,"Spending increase (AE, benchmark)",Consumption (C<sub>t</sub>),0.412
64,Infrastructure,"Spending increase (AE, benchmark)",Consumption (C<sub>t</sub>),0.421
65,Infrastructure,"Spending increase (AE, benchmark)",Consumption (C<sub>t</sub>),0.431
66,Infrastructure,"Spending increase (AE, benchmark)",Consumption (C<sub>t</sub>),0.44
67,Infrastructure,"Spending increase (AE, benchmark)",Consumption (C<sub>t</sub>),0.449
68,Infrastructure,"Spending increase (AE, benchmark)",Consumption (C<sub>t</sub>),0.458
69,Infrastructure,"Spending increase (AE, benchmark)",Consumption (C<sub>t</sub>),0.467
70,Infrastructure,"Spending increase (AE, benchmark)",Consumption (C<sub>t</sub>),0.476
71,Infrastructure,"Spending increase (AE, benchmark)",Consumption (C<sub>t</sub>),0.484
72,Infrastructure,"Spending increase (AE, benchmark)",Consumption (C<sub>t</sub>),0.493
73,Infrastructure,"Spending increase (AE, benchmark)",Consumption (C<sub>t</sub>),0.502
74,Infrastructure,"Spending increase (AE, benchmark)",Consumption (C<sub>t</sub>),0.51
75,Infrastructure,"Spending increase (AE, benchmark)",Consumption (C<sub>t</sub>),0.518
76,Infrastructure,"Spending increase (AE, benchmark)",Consumption (C<sub>t</sub>),0.527
77,Infrastructure,"Spending increase (AE, benchmark)",Consumption (C<sub>t</sub>),0.535
78,Infrastructure,"Spending increase (AE, benchmark)",Consumption (C<sub>t</sub>),0.543
79,Infrastructure,"Spending increase (AE, benchmark)",Consumption (C<sub>t</sub>),0.551
80,Infrastructure,"Spending increase (AE, benchmark)",Consumption (C<sub>t</sub>),0.559
81,Infrastructure,"Spending increase (AE, benchmark)",Consumption (C<sub>t</sub>),0.567
82,Infrastructure,"Spending increase (AE, benchmark)",Consumption (C<sub>t</sub>),0.574
83,Infrastructure,"Spending increase (AE, benchmark)",Consumption (C<sub>t</sub>),0.582
84,Infrastructure,"Spending increase (AE, benchmark)",Consumption (C<sub>t</sub>),0.59
85,Infrastructure,"Spending increase (AE, benchmark)",Consumption (C<sub>t</sub>),0.597
86,Infrastructure,"Spending increase (AE, benchmark)",Consumption (C<sub>t</sub>),0.604
87,Infrastructure,"Spending increase (AE, benchmark)",Consumption (C<sub>t</sub>),0.612
88,Infrastructure,"Spending increase (AE, benchmark)",Consumption (C<sub>t</sub>),0.619
89,Infrastructure,"Spending increase (AE, benchmark)",Consumption (C<sub>t</sub>),0.626
90,Infrastructure,"Spending increase (AE, benchmark)",Consumption (C<sub>t</sub>),0.633
91,Infrastructure,"Spending increase (AE, benchmark)",Consumption (C<sub>t</sub>),0.64
92,Infrastructure,"Spending increase (AE, benchmark)",Consumption (C<sub>t</sub>),0.647
93,Infrastructure,"Spending increase (AE, benchmark)",Consumption (C<sub>t</sub>),0.654
94,Infrastructure,"Spending increase (AE, benchmark)",Consumption (C<sub>t</sub>),0.661
95,Infrastructure,"Spending increase (AE, benchmark)",Consumption (C<sub>t</sub>),0.667
96,Infrastructure,"Spending increase (AE, benchmark)",Consumption (C<sub>t</sub>),0.674
97,Infrastructure,"Spending increase (AE, benchmark)",Consumption (C<sub>t</sub>),0.68
98,Infrastructure,"Spending increase (AE, benchmark)",Consumption (C<sub>t</sub>),0.687
99,Infrastructure,"Spending increase (AE, benchmark)",Consumption (C<sub>t</sub>),0.693
100,Infrastructure,"Spending increase (AE, benchmark)",Consumption (C<sub>t</sub>),0.699
1,Infrastructure,Efficiency improvement (AE),Consumption (C<sub>t</sub>),0.244
2,Infrastructure,Efficiency improvement (AE),Consumption (C<sub>t</sub>),0.242
3,Infrastructure,Efficiency improvement (AE),Consumption (C<sub>t</sub>),0.242
4,Infrastructure,Efficiency improvement (AE),Consumption (C<sub>t</sub>),0.243
5,Infrastructure,Efficiency improvement (AE),Consumption (C<sub>t</sub>),0.245
6,Infrastructure,Efficiency improvement (AE),Consumption (C<sub>t</sub>),0.248
7,Infrastructure,Efficiency improvement (AE),Consumption (C<sub>t</sub>),0.251
8,Infrastructure,Efficiency improvement (AE),Consumption (C<sub>t</sub>),0.255
9,Infrastructure,Efficiency improvement (AE),Consumption (C<sub>t</sub>),0.26
10,Infrastructure,Efficiency improvement (AE),Consumption (C<sub>t</sub>),0.265
11,Infrastructure,Efficiency improvement (AE),Consumption (C<sub>t</sub>),0.271
12,Infrastructure,Efficiency improvement (AE),Consumption (C<sub>t</sub>),0.277
13,Infrastructure,Efficiency improvement (AE),Consumption (C<sub>t</sub>),0.284
14,Infrastructure,Efficiency improvement (AE),Consumption (C<sub>t</sub>),0.291
15,Infrastructure,Efficiency improvement (AE),Consumption (C<sub>t</sub>),0.299
16,Infrastructure,Efficiency improvement (AE),Consumption (C<sub>t</sub>),0.307
17,Infrastructure,Efficiency improvement (AE),Consumption (C<sub>t</sub>),0.315
18,Infrastructure,Efficiency improvement (AE),Consumption (C<sub>t</sub>),0.323
19,Infrastructure,Efficiency improvement (AE),Consumption (C<sub>t</sub>),0.332
20,Infrastructure,Efficiency improvement (AE),Consumption (C<sub>t</sub>),0.341
21,Infrastructure,Efficiency improvement (AE),Consumption (C<sub>t</sub>),0.35
22,Infrastructure,Efficiency improvement (AE),Consumption (C<sub>t</sub>),0.359
23,Infrastructure,Efficiency improvement (AE),Consumption (C<sub>t</sub>),0.368
24,Infrastructure,Efficiency improvement (AE),Consumption (C<sub>t</sub>),0.378
25,Infrastructure,Efficiency improvement (AE),Consumption (C<sub>t</sub>),0.388
26,Infrastructure,Efficiency improvement (AE),Consumption (C<sub>t</sub>),0.397
27,Infrastructure,Efficiency improvement (AE),Consumption (C<sub>t</sub>),0.407
28,Infrastructure,Efficiency improvement (AE),Consumption (C<sub>t</sub>),0.417
29,Infrastructure,Efficiency improvement (AE),Consumption (C<sub>t</sub>),0.427
30,Infrastructure,Efficiency improvement (AE),Consumption (C<sub>t</sub>),0.437
31,Infrastructure,Efficiency improvement (AE),Consumption (C<sub>t</sub>),0.447
32,Infrastructure,Efficiency improvement (AE),Consumption (C<sub>t</sub>),0.457
33,Infrastructure,Efficiency improvement (AE),Consumption (C<sub>t</sub>),0.467
34,Infrastructure,Efficiency improvement (AE),Consumption (C<sub>t</sub>),0.477
35,Infrastructure,Efficiency improvement (AE),Consumption (C<sub>t</sub>),0.487
36,Infrastructure,Efficiency improvement (AE),Consumption (C<sub>t</sub>),0.497
37,Infrastructure,Efficiency improvement (AE),Consumption (C<sub>t</sub>),0.507
38,Infrastructure,Efficiency improvement (AE),Consumption (C<sub>t</sub>),0.517
39,Infrastructure,Efficiency improvement (AE),Consumption (C<sub>t</sub>),0.527
40,Infrastructure,Efficiency improvement (AE),Consumption (C<sub>t</sub>),0.537
41,Infrastructure,Efficiency improvement (AE),Consumption (C<sub>t</sub>),0.547
42,Infrastructure,Efficiency improvement (AE),Consumption (C<sub>t</sub>),0.557
43,Infrastructure,Efficiency improvement (AE),Consumption (C<sub>t</sub>),0.566
44,Infrastructure,Efficiency improvement (AE),Consumption (C<sub>t</sub>),0.576
45,Infrastructure,Efficiency improvement (AE),Consumption (C<sub>t</sub>),0.586
46,Infrastructure,Efficiency improvement (AE),Consumption (C<sub>t</sub>),0.596
47,Infrastructure,Efficiency improvement (AE),Consumption (C<sub>t</sub>),0.605
48,Infrastructure,Efficiency improvement (AE),Consumption (C<sub>t</sub>),0.615
49,Infrastructure,Efficiency improvement (AE),Consumption (C<sub>t</sub>),0.624
50,Infrastructure,Efficiency improvement (AE),Consumption (C<sub>t</sub>),0.633
51,Infrastructure,Efficiency improvement (AE),Consumption (C<sub>t</sub>),0.643
52,Infrastructure,Efficiency improvement (AE),Consumption (C<sub>t</sub>),0.652
53,Infrastructure,Efficiency improvement (AE),Consumption (C<sub>t</sub>),0.661
54,Infrastructure,Efficiency improvement (AE),Consumption (C<sub>t</sub>),0.67
55,Infrastructure,Efficiency improvement (AE),Consumption (C<sub>t</sub>),0.679
56,Infrastructure,Efficiency improvement (AE),Consumption (C<sub>t</sub>),0.688
57,Infrastructure,Efficiency improvement (AE),Consumption (C<sub>t</sub>),0.697
58,Infrastructure,Efficiency improvement (AE),Consumption (C<sub>t</sub>),0.706
59,Infrastructure,Efficiency improvement (AE),Consumption (C<sub>t</sub>),0.714
60,Infrastructure,Efficiency improvement (AE),Consumption (C<sub>t</sub>),0.723
61,Infrastructure,Efficiency improvement (AE),Consumption (C<sub>t</sub>),0.731
62,Infrastructure,Efficiency improvement (AE),Consumption (C<sub>t</sub>),0.74
63,Infrastructure,Efficiency improvement (AE),Consumption (C<sub>t</sub>),0.748
64,Infrastructure,Efficiency improvement (AE),Consumption (C<sub>t</sub>),0.756
65,Infrastructure,Efficiency improvement (AE),Consumption (C<sub>t</sub>),0.765
66,Infrastructure,Efficiency improvement (AE),Consumption (C<sub>t</sub>),0.773
67,Infrastructure,Efficiency improvement (AE),Consumption (C<sub>t</sub>),0.781
68,Infrastructure,Efficiency improvement (AE),Consumption (C<sub>t</sub>),0.789
69,Infrastructure,Efficiency improvement (AE),Consumption (C<sub>t</sub>),0.796
70,Infrastructure,Efficiency improvement (AE),Consumption (C<sub>t</sub>),0.804
71,Infrastructure,Efficiency improvement (AE),Consumption (C<sub>t</sub>),0.812
72,Infrastructure,Efficiency improvement (AE),Consumption (C<sub>t</sub>),0.82
73,Infrastructure,Efficiency improvement (AE),Consumption (C<sub>t</sub>),0.827
74,Infrastructure,Efficiency improvement (AE),Consumption (C<sub>t</sub>),0.835
75,Infrastructure,Efficiency improvement (AE),Consumption (C<sub>t</sub>),0.842
76,Infrastructure,Efficiency improvement (AE),Consumption (C<sub>t</sub>),0.849
77,Infrastructure,Efficiency improvement (AE),Consumption (C<sub>t</sub>),0.856
78,Infrastructure,Efficiency improvement (AE),Consumption (C<sub>t</sub>),0.864
79,Infrastructure,Efficiency improvement (AE),Consumption (C<sub>t</sub>),0.871
80,Infrastructure,Efficiency improvement (AE),Consumption (C<sub>t</sub>),0.878
81,Infrastructure,Efficiency improvement (AE),Consumption (C<sub>t</sub>),0.884
82,Infrastructure,Efficiency improvement (AE),Consumption (C<sub>t</sub>),0.891
83,Infrastructure,Efficiency improvement (AE),Consumption (C<sub>t</sub>),0.898
84,Infrastructure,Efficiency improvement (AE),Consumption (C<sub>t</sub>),0.905
85,Infrastructure,Efficiency improvement (AE),Consumption (C<sub>t</sub>),0.911
86,Infrastructure,Efficiency improvement (AE),Consumption (C<sub>t</sub>),0.918
87,Infrastructure,Efficiency improvement (AE),Consumption (C<sub>t</sub>),0.924
88,Infrastructure,Efficiency improvement (AE),Consumption (C<sub>t</sub>),0.93
89,Infrastructure,Efficiency improvement (AE),Consumption (C<sub>t</sub>),0.937
90,Infrastructure,Efficiency improvement (AE),Consumption (C<sub>t</sub>),0.943
91,Infrastructure,Efficiency improvement (AE),Consumption (C<sub>t</sub>),0.949
92,Infrastructure,Efficiency improvement (AE),Consumption (C<sub>t</sub>),0.955
93,Infrastructure,Efficiency improvement (AE),Consumption (C<sub>t</sub>),0.961
94,Infrastructure,Efficiency improvement (AE),Consumption (C<sub>t</sub>),0.967
95,Infrastructure,Efficiency improvement (AE),Consumption (C<sub>t</sub>),0.973
96,Infrastructure,Efficiency improvement (AE),Consumption (C<sub>t</sub>),0.979
97,Infrastructure,Efficiency improvement (AE),Consumption (C<sub>t</sub>),0.984
98,Infrastructure,Efficiency improvement (AE),Consumption (C<sub>t</sub>),0.99
99,Infrastructure,Efficiency improvement (AE),Consumption (C<sub>t</sub>),0.996
100,Infrastructure,Efficiency improvement (AE),Consumption (C<sub>t</sub>),1.001
1,Infrastructure,Efficiency improvement (EMDE),Consumption (C<sub>t</sub>),0.274
2,Infrastructure,Efficiency improvement (EMDE),Consumption (C<sub>t</sub>),0.271
3,Infrastructure,Efficiency improvement (EMDE),Consumption (C<sub>t</sub>),0.271
4,Infrastructure,Efficiency improvement (EMDE),Consumption (C<sub>t</sub>),0.274
5,Infrastructure,Efficiency improvement (EMDE),Consumption (C<sub>t</sub>),0.278
6,Infrastructure,Efficiency improvement (EMDE),Consumption (C<sub>t</sub>),0.285
7,Infrastructure,Efficiency improvement (EMDE),Consumption (C<sub>t</sub>),0.292
8,Infrastructure,Efficiency improvement (EMDE),Consumption (C<sub>t</sub>),0.302
9,Infrastructure,Efficiency improvement (EMDE),Consumption (C<sub>t</sub>),0.312
10,Infrastructure,Efficiency improvement (EMDE),Consumption (C<sub>t</sub>),0.324
11,Infrastructure,Efficiency improvement (EMDE),Consumption (C<sub>t</sub>),0.336
12,Infrastructure,Efficiency improvement (EMDE),Consumption (C<sub>t</sub>),0.35
13,Infrastructure,Efficiency improvement (EMDE),Consumption (C<sub>t</sub>),0.364
14,Infrastructure,Efficiency improvement (EMDE),Consumption (C<sub>t</sub>),0.379
15,Infrastructure,Efficiency improvement (EMDE),Consumption (C<sub>t</sub>),0.394
16,Infrastructure,Efficiency improvement (EMDE),Consumption (C<sub>t</sub>),0.41
17,Infrastructure,Efficiency improvement (EMDE),Consumption (C<sub>t</sub>),0.426
18,Infrastructure,Efficiency improvement (EMDE),Consumption (C<sub>t</sub>),0.442
19,Infrastructure,Efficiency improvement (EMDE),Consumption (C<sub>t</sub>),0.459
20,Infrastructure,Efficiency improvement (EMDE),Consumption (C<sub>t</sub>),0.476
21,Infrastructure,Efficiency improvement (EMDE),Consumption (C<sub>t</sub>),0.493
22,Infrastructure,Efficiency improvement (EMDE),Consumption (C<sub>t</sub>),0.51
23,Infrastructure,Efficiency improvement (EMDE),Consumption (C<sub>t</sub>),0.527
24,Infrastructure,Efficiency improvement (EMDE),Consumption (C<sub>t</sub>),0.544
25,Infrastructure,Efficiency improvement (EMDE),Consumption (C<sub>t</sub>),0.561
26,Infrastructure,Efficiency improvement (EMDE),Consumption (C<sub>t</sub>),0.578
27,Infrastructure,Efficiency improvement (EMDE),Consumption (C<sub>t</sub>),0.595
28,Infrastructure,Efficiency improvement (EMDE),Consumption (C<sub>t</sub>),0.611
29,Infrastructure,Efficiency improvement (EMDE),Consumption (C<sub>t</sub>),0.628
30,Infrastructure,Efficiency improvement (EMDE),Consumption (C<sub>t</sub>),0.644
31,Infrastructure,Efficiency improvement (EMDE),Consumption (C<sub>t</sub>),0.66
32,Infrastructure,Efficiency improvement (EMDE),Consumption (C<sub>t</sub>),0.676
33,Infrastructure,Efficiency improvement (EMDE),Consumption (C<sub>t</sub>),0.692
34,Infrastructure,Efficiency improvement (EMDE),Consumption (C<sub>t</sub>),0.708
35,Infrastructure,Efficiency improvement (EMDE),Consumption (C<sub>t</sub>),0.723
36,Infrastructure,Efficiency improvement (EMDE),Consumption (C<sub>t</sub>),0.738
37,Infrastructure,Efficiency improvement (EMDE),Consumption (C<sub>t</sub>),0.753
38,Infrastructure,Efficiency improvement (EMDE),Consumption (C<sub>t</sub>),0.767
39,Infrastructure,Efficiency improvement (EMDE),Consumption (C<sub>t</sub>),0.781
40,Infrastructure,Efficiency improvement (EMDE),Consumption (C<sub>t</sub>),0.795
41,Infrastructure,Efficiency improvement (EMDE),Consumption (C<sub>t</sub>),0.809
42,Infrastructure,Efficiency improvement (EMDE),Consumption (C<sub>t</sub>),0.822
43,Infrastructure,Efficiency improvement (EMDE),Consumption (C<sub>t</sub>),0.835
44,Infrastructure,Efficiency improvement (EMDE),Consumption (C<sub>t</sub>),0.848
45,Infrastructure,Efficiency improvement (EMDE),Consumption (C<sub>t</sub>),0.86
46,Infrastructure,Efficiency improvement (EMDE),Consumption (C<sub>t</sub>),0.872
47,Infrastructure,Efficiency improvement (EMDE),Consumption (C<sub>t</sub>),0.884
48,Infrastructure,Efficiency improvement (EMDE),Consumption (C<sub>t</sub>),0.896
49,Infrastructure,Efficiency improvement (EMDE),Consumption (C<sub>t</sub>),0.907
50,Infrastructure,Efficiency improvement (EMDE),Consumption (C<sub>t</sub>),0.918
51,Infrastructure,Efficiency improvement (EMDE),Consumption (C<sub>t</sub>),0.929
52,Infrastructure,Efficiency improvement (EMDE),Consumption (C<sub>t</sub>),0.94
53,Infrastructure,Efficiency improvement (EMDE),Consumption (C<sub>t</sub>),0.95
54,Infrastructure,Efficiency improvement (EMDE),Consumption (C<sub>t</sub>),0.96
55,Infrastructure,Efficiency improvement (EMDE),Consumption (C<sub>t</sub>),0.969
56,Infrastructure,Efficiency improvement (EMDE),Consumption (C<sub>t</sub>),0.979
57,Infrastructure,Efficiency improvement (EMDE),Consumption (C<sub>t</sub>),0.988
58,Infrastructure,Efficiency improvement (EMDE),Consumption (C<sub>t</sub>),0.997
59,Infrastructure,Efficiency improvement (EMDE),Consumption (C<sub>t</sub>),1.006
60,Infrastructure,Efficiency improvement (EMDE),Consumption (C<sub>t</sub>),1.014
61,Infrastructure,Efficiency improvement (EMDE),Consumption (C<sub>t</sub>),1.023
62,Infrastructure,Efficiency improvement (EMDE),Consumption (C<sub>t</sub>),1.031
63,Infrastructure,Efficiency improvement (EMDE),Consumption (C<sub>t</sub>),1.038
64,Infrastructure,Efficiency improvement (EMDE),Consumption (C<sub>t</sub>),1.046
65,Infrastructure,Efficiency improvement (EMDE),Consumption (C<sub>t</sub>),1.053
66,Infrastructure,Efficiency improvement (EMDE),Consumption (C<sub>t</sub>),1.061
67,Infrastructure,Efficiency improvement (EMDE),Consumption (C<sub>t</sub>),1.068
68,Infrastructure,Efficiency improvement (EMDE),Consumption (C<sub>t</sub>),1.074
69,Infrastructure,Efficiency improvement (EMDE),Consumption (C<sub>t</sub>),1.081
70,Infrastructure,Efficiency improvement (EMDE),Consumption (C<sub>t</sub>),1.087
71,Infrastructure,Efficiency improvement (EMDE),Consumption (C<sub>t</sub>),1.094
72,Infrastructure,Efficiency improvement (EMDE),Consumption (C<sub>t</sub>),1.1
73,Infrastructure,Efficiency improvement (EMDE),Consumption (C<sub>t</sub>),1.105
74,Infrastructure,Efficiency improvement (EMDE),Consumption (C<sub>t</sub>),1.111
75,Infrastructure,Efficiency improvement (EMDE),Consumption (C<sub>t</sub>),1.117
76,Infrastructure,Efficiency improvement (EMDE),Consumption (C<sub>t</sub>),1.122
77,Infrastructure,Efficiency improvement (EMDE),Consumption (C<sub>t</sub>),1.127
78,Infrastructure,Efficiency improvement (EMDE),Consumption (C<sub>t</sub>),1.132
79,Infrastructure,Efficiency improvement (EMDE),Consumption (C<sub>t</sub>),1.137
80,Infrastructure,Efficiency improvement (EMDE),Consumption (C<sub>t</sub>),1.142
81,Infrastructure,Efficiency improvement (EMDE),Consumption (C<sub>t</sub>),1.147
82,Infrastructure,Efficiency improvement (EMDE),Consumption (C<sub>t</sub>),1.151
83,Infrastructure,Efficiency improvement (EMDE),Consumption (C<sub>t</sub>),1.155
84,Infrastructure,Efficiency improvement (EMDE),Consumption (C<sub>t</sub>),1.16
85,Infrastructure,Efficiency improvement (EMDE),Consumption (C<sub>t</sub>),1.164
86,Infrastructure,Efficiency improvement (EMDE),Consumption (C<sub>t</sub>),1.168
87,Infrastructure,Efficiency improvement (EMDE),Consumption (C<sub>t</sub>),1.171
88,Infrastructure,Efficiency improvement (EMDE),Consumption (C<sub>t</sub>),1.175
89,Infrastructure,Efficiency improvement (EMDE),Consumption (C<sub>t</sub>),1.179
90,Infrastructure,Efficiency improvement (EMDE),Consumption (C<sub>t</sub>),1.182
91,Infrastructure,Efficiency improvement (EMDE),Consumption (C<sub>t</sub>),1.186
92,Infrastructure,Efficiency improvement (EMDE),Consumption (C<sub>t</sub>),1.189
93,Infrastructure,Efficiency improvement (EMDE),Consumption (C<sub>t</sub>),1.192
94,Infrastructure,Efficiency improvement (EMDE),Consumption (C<sub>t</sub>),1.195
95,Infrastructure,Efficiency improvement (EMDE),Consumption (C<sub>t</sub>),1.198
96,Infrastructure,Efficiency improvement (EMDE),Consumption (C<sub>t</sub>),1.201
97,Infrastructure,Efficiency improvement (EMDE),Consumption (C<sub>t</sub>),1.204
98,Infrastructure,Efficiency improvement (EMDE),Consumption (C<sub>t</sub>),1.207
99,Infrastructure,Efficiency improvement (EMDE),Consumption (C<sub>t</sub>),1.209
100,Infrastructure,Efficiency improvement (EMDE),Consumption (C<sub>t</sub>),1.212
1,Human capital,"Spending increase (AE, benchmark)",Consumption (C<sub>t</sub>),-0.161
2,Human capital,"Spending increase (AE, benchmark)",Consumption (C<sub>t</sub>),-0.156
3,Human capital,"Spending increase (AE, benchmark)",Consumption (C<sub>t</sub>),-0.151
4,Human capital,"Spending increase (AE, benchmark)",Consumption (C<sub>t</sub>),-0.147
5,Human capital,"Spending increase (AE, benchmark)",Consumption (C<sub>t</sub>),-0.143
6,Human capital,"Spending increase (AE, benchmark)",Consumption (C<sub>t</sub>),-0.139
7,Human capital,"Spending increase (AE, benchmark)",Consumption (C<sub>t</sub>),-0.136
8,Human capital,"Spending increase (AE, benchmark)",Consumption (C<sub>t</sub>),-0.134
9,Human capital,"Spending increase (AE, benchmark)",Consumption (C<sub>t</sub>),-0.131
10,Human capital,"Spending increase (AE, benchmark)",Consumption (C<sub>t</sub>),-0.129
11,Human capital,"Spending increase (AE, benchmark)",Consumption (C<sub>t</sub>),-0.126
12,Human capital,"Spending increase (AE, benchmark)",Consumption (C<sub>t</sub>),-0.123
13,Human capital,"Spending increase (AE, benchmark)",Consumption (C<sub>t</sub>),-0.121
14,Human capital,"Spending increase (AE, benchmark)",Consumption (C<sub>t</sub>),-0.118
15,Human capital,"Spending increase (AE, benchmark)",Consumption (C<sub>t</sub>),-0.114
16,Human capital,"Spending increase (AE, benchmark)",Consumption (C<sub>t</sub>),-0.11
17,Human capital,"Spending increase (AE, benchmark)",Consumption (C<sub>t</sub>),-0.106
18,Human capital,"Spending increase (AE, benchmark)",Consumption (C<sub>t</sub>),-0.102
19,Human capital,"Spending increase (AE, benchmark)",Consumption (C<sub>t</sub>),-0.097
20,Human capital,"Spending increase (AE, benchmark)",Consumption (C<sub>t</sub>),-0.091
21,Human capital,"Spending increase (AE, benchmark)",Consumption (C<sub>t</sub>),-0.085
22,Human capital,"Spending increase (AE, benchmark)",Consumption (C<sub>t</sub>),-0.079
23,Human capital,"Spending increase (AE, benchmark)",Consumption (C<sub>t</sub>),-0.072
24,Human capital,"Spending increase (AE, benchmark)",Consumption (C<sub>t</sub>),-0.064
25,Human capital,"Spending increase (AE, benchmark)",Consumption (C<sub>t</sub>),-0.056
26,Human capital,"Spending increase (AE, benchmark)",Consumption (C<sub>t</sub>),-0.047
27,Human capital,"Spending increase (AE, benchmark)",Consumption (C<sub>t</sub>),-0.038
28,Human capital,"Spending increase (AE, benchmark)",Consumption (C<sub>t</sub>),-0.028
29,Human capital,"Spending increase (AE, benchmark)",Consumption (C<sub>t</sub>),-0.017
30,Human capital,"Spending increase (AE, benchmark)",Consumption (C<sub>t</sub>),-0.006
31,Human capital,"Spending increase (AE, benchmark)",Consumption (C<sub>t</sub>),0.005
32,Human capital,"Spending increase (AE, benchmark)",Consumption (C<sub>t</sub>),0.018
33,Human capital,"Spending increase (AE, benchmark)",Consumption (C<sub>t</sub>),0.031
34,Human capital,"Spending increase (AE, benchmark)",Consumption (C<sub>t</sub>),0.044
35,Human capital,"Spending increase (AE, benchmark)",Consumption (C<sub>t</sub>),0.058
36,Human capital,"Spending increase (AE, benchmark)",Consumption (C<sub>t</sub>),0.073
37,Human capital,"Spending increase (AE, benchmark)",Consumption (C<sub>t</sub>),0.088
38,Human capital,"Spending increase (AE, benchmark)",Consumption (C<sub>t</sub>),0.103
39,Human capital,"Spending increase (AE, benchmark)",Consumption (C<sub>t</sub>),0.119
40,Human capital,"Spending increase (AE, benchmark)",Consumption (C<sub>t</sub>),0.136
41,Human capital,"Spending increase (AE, benchmark)",Consumption (C<sub>t</sub>),0.153
42,Human capital,"Spending increase (AE, benchmark)",Consumption (C<sub>t</sub>),0.171
43,Human capital,"Spending increase (AE, benchmark)",Consumption (C<sub>t</sub>),0.189
44,Human capital,"Spending increase (AE, benchmark)",Consumption (C<sub>t</sub>),0.208
45,Human capital,"Spending increase (AE, benchmark)",Consumption (C<sub>t</sub>),0.227
46,Human capital,"Spending increase (AE, benchmark)",Consumption (C<sub>t</sub>),0.246
47,Human capital,"Spending increase (AE, benchmark)",Consumption (C<sub>t</sub>),0.266
48,Human capital,"Spending increase (AE, benchmark)",Consumption (C<sub>t</sub>),0.286
49,Human capital,"Spending increase (AE, benchmark)",Consumption (C<sub>t</sub>),0.307
50,Human capital,"Spending increase (AE, benchmark)",Consumption (C<sub>t</sub>),0.328
51,Human capital,"Spending increase (AE, benchmark)",Consumption (C<sub>t</sub>),0.35
52,Human capital,"Spending increase (AE, benchmark)",Consumption (C<sub>t</sub>),0.372
53,Human capital,"Spending increase (AE, benchmark)",Consumption (C<sub>t</sub>),0.394
54,Human capital,"Spending increase (AE, benchmark)",Consumption (C<sub>t</sub>),0.416
55,Human capital,"Spending increase (AE, benchmark)",Consumption (C<sub>t</sub>),0.439
56,Human capital,"Spending increase (AE, benchmark)",Consumption (C<sub>t</sub>),0.462
57,Human capital,"Spending increase (AE, benchmark)",Consumption (C<sub>t</sub>),0.486
58,Human capital,"Spending increase (AE, benchmark)",Consumption (C<sub>t</sub>),0.509
59,Human capital,"Spending increase (AE, benchmark)",Consumption (C<sub>t</sub>),0.533
60,Human capital,"Spending increase (AE, benchmark)",Consumption (C<sub>t</sub>),0.557
61,Human capital,"Spending increase (AE, benchmark)",Consumption (C<sub>t</sub>),0.582
62,Human capital,"Spending increase (AE, benchmark)",Consumption (C<sub>t</sub>),0.606
63,Human capital,"Spending increase (AE, benchmark)",Consumption (C<sub>t</sub>),0.631
64,Human capital,"Spending increase (AE, benchmark)",Consumption (C<sub>t</sub>),0.656
65,Human capital,"Spending increase (AE, benchmark)",Consumption (C<sub>t</sub>),0.681
66,Human capital,"Spending increase (AE, benchmark)",Consumption (C<sub>t</sub>),0.707
67,Human capital,"Spending increase (AE, benchmark)",Consumption (C<sub>t</sub>),0.732
68,Human capital,"Spending increase (AE, benchmark)",Consumption (C<sub>t</sub>),0.758
69,Human capital,"Spending increase (AE, benchmark)",Consumption (C<sub>t</sub>),0.784
70,Human capital,"Spending increase (AE, benchmark)",Consumption (C<sub>t</sub>),0.81
71,Human capital,"Spending increase (AE, benchmark)",Consumption (C<sub>t</sub>),0.836
72,Human capital,"Spending increase (AE, benchmark)",Consumption (C<sub>t</sub>),0.862
73,Human capital,"Spending increase (AE, benchmark)",Consumption (C<sub>t</sub>),0.888
74,Human capital,"Spending increase (AE, benchmark)",Consumption (C<sub>t</sub>),0.915
75,Human capital,"Spending increase (AE, benchmark)",Consumption (C<sub>t</sub>),0.941
76,Human capital,"Spending increase (AE, benchmark)",Consumption (C<sub>t</sub>),0.968
77,Human capital,"Spending increase (AE, benchmark)",Consumption (C<sub>t</sub>),0.994
78,Human capital,"Spending increase (AE, benchmark)",Consumption (C<sub>t</sub>),1.021
79,Human capital,"Spending increase (AE, benchmark)",Consumption (C<sub>t</sub>),1.047
80,Human capital,"Spending increase (AE, benchmark)",Consumption (C<sub>t</sub>),1.074
81,Human capital,"Spending increase (AE, benchmark)",Consumption (C<sub>t</sub>),1.101
82,Human capital,"Spending increase (AE, benchmark)",Consumption (C<sub>t</sub>),1.127
83,Human capital,"Spending increase (AE, benchmark)",Consumption (C<sub>t</sub>),1.154
84,Human capital,"Spending increase (AE, benchmark)",Consumption (C<sub>t</sub>),1.181
85,Human capital,"Spending increase (AE, benchmark)",Consumption (C<sub>t</sub>),1.208
86,Human capital,"Spending increase (AE, benchmark)",Consumption (C<sub>t</sub>),1.234
87,Human capital,"Spending increase (AE, benchmark)",Consumption (C<sub>t</sub>),1.261
88,Human capital,"Spending increase (AE, benchmark)",Consumption (C<sub>t</sub>),1.288
89,Human capital,"Spending increase (AE, benchmark)",Consumption (C<sub>t</sub>),1.314
90,Human capital,"Spending increase (AE, benchmark)",Consumption (C<sub>t</sub>),1.341
91,Human capital,"Spending increase (AE, benchmark)",Consumption (C<sub>t</sub>),1.367
92,Human capital,"Spending increase (AE, benchmark)",Consumption (C<sub>t</sub>),1.394
93,Human capital,"Spending increase (AE, benchmark)",Consumption (C<sub>t</sub>),1.42
94,Human capital,"Spending increase (AE, benchmark)",Consumption (C<sub>t</sub>),1.446
95,Human capital,"Spending increase (AE, benchmark)",Consumption (C<sub>t</sub>),1.472
96,Human capital,"Spending increase (AE, benchmark)",Consumption (C<sub>t</sub>),1.499
97,Human capital,"Spending increase (AE, benchmark)",Consumption (C<sub>t</sub>),1.525
98,Human capital,"Spending increase (AE, benchmark)",Consumption (C<sub>t</sub>),1.551
99,Human capital,"Spending increase (AE, benchmark)",Consumption (C<sub>t</sub>),1.576
100,Human capital,"Spending increase (AE, benchmark)",Consumption (C<sub>t</sub>),1.602
1,Human capital,Efficiency improvement (AE),Consumption (C<sub>t</sub>),0.263
2,Human capital,Efficiency improvement (AE),Consumption (C<sub>t</sub>),0.267
3,Human capital,Efficiency improvement (AE),Consumption (C<sub>t</sub>),0.271
4,Human capital,Efficiency improvement (AE),Consumption (C<sub>t</sub>),0.274
5,Human capital,Efficiency improvement (AE),Consumption (C<sub>t</sub>),0.276
6,Human capital,Efficiency improvement (AE),Consumption (C<sub>t</sub>),0.278
7,Human capital,Efficiency improvement (AE),Consumption (C<sub>t</sub>),0.279
8,Human capital,Efficiency improvement (AE),Consumption (C<sub>t</sub>),0.28
9,Human capital,Efficiency improvement (AE),Consumption (C<sub>t</sub>),0.281
10,Human capital,Efficiency improvement (AE),Consumption (C<sub>t</sub>),0.282
11,Human capital,Efficiency improvement (AE),Consumption (C<sub>t</sub>),0.283
12,Human capital,Efficiency improvement (AE),Consumption (C<sub>t</sub>),0.284
13,Human capital,Efficiency improvement (AE),Consumption (C<sub>t</sub>),0.285
14,Human capital,Efficiency improvement (AE),Consumption (C<sub>t</sub>),0.287
15,Human capital,Efficiency improvement (AE),Consumption (C<sub>t</sub>),0.288
16,Human capital,Efficiency improvement (AE),Consumption (C<sub>t</sub>),0.291
17,Human capital,Efficiency improvement (AE),Consumption (C<sub>t</sub>),0.293
18,Human capital,Efficiency improvement (AE),Consumption (C<sub>t</sub>),0.296
19,Human capital,Efficiency improvement (AE),Consumption (C<sub>t</sub>),0.299
20,Human capital,Efficiency improvement (AE),Consumption (C<sub>t</sub>),0.303
21,Human capital,Efficiency improvement (AE),Consumption (C<sub>t</sub>),0.308
22,Human capital,Efficiency improvement (AE),Consumption (C<sub>t</sub>),0.312
23,Human capital,Efficiency improvement (AE),Consumption (C<sub>t</sub>),0.318
24,Human capital,Efficiency improvement (AE),Consumption (C<sub>t</sub>),0.324
25,Human capital,Efficiency improvement (AE),Consumption (C<sub>t</sub>),0.331
26,Human capital,Efficiency improvement (AE),Consumption (C<sub>t</sub>),0.338
27,Human capital,Efficiency improvement (AE),Consumption (C<sub>t</sub>),0.346
28,Human capital,Efficiency improvement (AE),Consumption (C<sub>t</sub>),0.354
29,Human capital,Efficiency improvement (AE),Consumption (C<sub>t</sub>),0.363
30,Human capital,Efficiency improvement (AE),Consumption (C<sub>t</sub>),0.373
31,Human capital,Efficiency improvement (AE),Consumption (C<sub>t</sub>),0.383
32,Human capital,Efficiency improvement (AE),Consumption (C<sub>t</sub>),0.393
33,Human capital,Efficiency improvement (AE),Consumption (C<sub>t</sub>),0.405
34,Human capital,Efficiency improvement (AE),Consumption (C<sub>t</sub>),0.417
35,Human capital,Efficiency improvement (AE),Consumption (C<sub>t</sub>),0.429
36,Human capital,Efficiency improvement (AE),Consumption (C<sub>t</sub>),0.442
37,Human capital,Efficiency improvement (AE),Consumption (C<sub>t</sub>),0.456
38,Human capital,Efficiency improvement (AE),Consumption (C<sub>t</sub>),0.47
39,Human capital,Efficiency improvement (AE),Consumption (C<sub>t</sub>),0.485
40,Human capital,Efficiency improvement (AE),Consumption (C<sub>t</sub>),0.5
41,Human capital,Efficiency improvement (AE),Consumption (C<sub>t</sub>),0.516
42,Human capital,Efficiency improvement (AE),Consumption (C<sub>t</sub>),0.532
43,Human capital,Efficiency improvement (AE),Consumption (C<sub>t</sub>),0.549
44,Human capital,Efficiency improvement (AE),Consumption (C<sub>t</sub>),0.566
45,Human capital,Efficiency improvement (AE),Consumption (C<sub>t</sub>),0.584
46,Human capital,Efficiency improvement (AE),Consumption (C<sub>t</sub>),0.602
47,Human capital,Efficiency improvement (AE),Consumption (C<sub>t</sub>),0.621
48,Human capital,Efficiency improvement (AE),Consumption (C<sub>t</sub>),0.64
49,Human capital,Efficiency improvement (AE),Consumption (C<sub>t</sub>),0.659
50,Human capital,Efficiency improvement (AE),Consumption (C<sub>t</sub>),0.679
51,Human capital,Efficiency improvement (AE),Consumption (C<sub>t</sub>),0.699
52,Human capital,Efficiency improvement (AE),Consumption (C<sub>t</sub>),0.72
53,Human capital,Efficiency improvement (AE),Consumption (C<sub>t</sub>),0.741
54,Human capital,Efficiency improvement (AE),Consumption (C<sub>t</sub>),0.762
55,Human capital,Efficiency improvement (AE),Consumption (C<sub>t</sub>),0.783
56,Human capital,Efficiency improvement (AE),Consumption (C<sub>t</sub>),0.805
57,Human capital,Efficiency improvement (AE),Consumption (C<sub>t</sub>),0.827
58,Human capital,Efficiency improvement (AE),Consumption (C<sub>t</sub>),0.85
59,Human capital,Efficiency improvement (AE),Consumption (C<sub>t</sub>),0.873
60,Human capital,Efficiency improvement (AE),Consumption (C<sub>t</sub>),0.896
61,Human capital,Efficiency improvement (AE),Consumption (C<sub>t</sub>),0.919
62,Human capital,Efficiency improvement (AE),Consumption (C<sub>t</sub>),0.942
63,Human capital,Efficiency improvement (AE),Consumption (C<sub>t</sub>),0.966
64,Human capital,Efficiency improvement (AE),Consumption (C<sub>t</sub>),0.99
65,Human capital,Efficiency improvement (AE),Consumption (C<sub>t</sub>),1.014
66,Human capital,Efficiency improvement (AE),Consumption (C<sub>t</sub>),1.038
67,Human capital,Efficiency improvement (AE),Consumption (C<sub>t</sub>),1.063
68,Human capital,Efficiency improvement (AE),Consumption (C<sub>t</sub>),1.087
69,Human capital,Efficiency improvement (AE),Consumption (C<sub>t</sub>),1.112
70,Human capital,Efficiency improvement (AE),Consumption (C<sub>t</sub>),1.137
71,Human capital,Efficiency improvement (AE),Consumption (C<sub>t</sub>),1.162
72,Human capital,Efficiency improvement (AE),Consumption (C<sub>t</sub>),1.187
73,Human capital,Efficiency improvement (AE),Consumption (C<sub>t</sub>),1.213
74,Human capital,Efficiency improvement (AE),Consumption (C<sub>t</sub>),1.238
75,Human capital,Efficiency improvement (AE),Consumption (C<sub>t</sub>),1.263
76,Human capital,Efficiency improvement (AE),Consumption (C<sub>t</sub>),1.289
77,Human capital,Efficiency improvement (AE),Consumption (C<sub>t</sub>),1.315
78,Human capital,Efficiency improvement (AE),Consumption (C<sub>t</sub>),1.34
79,Human capital,Efficiency improvement (AE),Consumption (C<sub>t</sub>),1.366
80,Human capital,Efficiency improvement (AE),Consumption (C<sub>t</sub>),1.392
81,Human capital,Efficiency improvement (AE),Consumption (C<sub>t</sub>),1.417
82,Human capital,Efficiency improvement (AE),Consumption (C<sub>t</sub>),1.443
83,Human capital,Efficiency improvement (AE),Consumption (C<sub>t</sub>),1.469
84,Human capital,Efficiency improvement (AE),Consumption (C<sub>t</sub>),1.495
85,Human capital,Efficiency improvement (AE),Consumption (C<sub>t</sub>),1.521
86,Human capital,Efficiency improvement (AE),Consumption (C<sub>t</sub>),1.546
87,Human capital,Efficiency improvement (AE),Consumption (C<sub>t</sub>),1.572
88,Human capital,Efficiency improvement (AE),Consumption (C<sub>t</sub>),1.598
89,Human capital,Efficiency improvement (AE),Consumption (C<sub>t</sub>),1.624
90,Human capital,Efficiency improvement (AE),Consumption (C<sub>t</sub>),1.649
91,Human capital,Efficiency improvement (AE),Consumption (C<sub>t</sub>),1.675
92,Human capital,Efficiency improvement (AE),Consumption (C<sub>t</sub>),1.701
93,Human capital,Efficiency improvement (AE),Consumption (C<sub>t</sub>),1.726
94,Human capital,Efficiency improvement (AE),Consumption (C<sub>t</sub>),1.752
95,Human capital,Efficiency improvement (AE),Consumption (C<sub>t</sub>),1.777
96,Human capital,Efficiency improvement (AE),Consumption (C<sub>t</sub>),1.802
97,Human capital,Efficiency improvement (AE),Consumption (C<sub>t</sub>),1.828
98,Human capital,Efficiency improvement (AE),Consumption (C<sub>t</sub>),1.853
99,Human capital,Efficiency improvement (AE),Consumption (C<sub>t</sub>),1.878
100,Human capital,Efficiency improvement (AE),Consumption (C<sub>t</sub>),1.903
1,Human capital,Efficiency improvement (EMDE),Consumption (C<sub>t</sub>),0.239
2,Human capital,Efficiency improvement (EMDE),Consumption (C<sub>t</sub>),0.245
3,Human capital,Efficiency improvement (EMDE),Consumption (C<sub>t</sub>),0.25
4,Human capital,Efficiency improvement (EMDE),Consumption (C<sub>t</sub>),0.253
5,Human capital,Efficiency improvement (EMDE),Consumption (C<sub>t</sub>),0.255
6,Human capital,Efficiency improvement (EMDE),Consumption (C<sub>t</sub>),0.257
7,Human capital,Efficiency improvement (EMDE),Consumption (C<sub>t</sub>),0.258
8,Human capital,Efficiency improvement (EMDE),Consumption (C<sub>t</sub>),0.258
9,Human capital,Efficiency improvement (EMDE),Consumption (C<sub>t</sub>),0.258
10,Human capital,Efficiency improvement (EMDE),Consumption (C<sub>t</sub>),0.259
11,Human capital,Efficiency improvement (EMDE),Consumption (C<sub>t</sub>),0.259
12,Human capital,Efficiency improvement (EMDE),Consumption (C<sub>t</sub>),0.26
13,Human capital,Efficiency improvement (EMDE),Consumption (C<sub>t</sub>),0.262
14,Human capital,Efficiency improvement (EMDE),Consumption (C<sub>t</sub>),0.264
15,Human capital,Efficiency improvement (EMDE),Consumption (C<sub>t</sub>),0.266
16,Human capital,Efficiency improvement (EMDE),Consumption (C<sub>t</sub>),0.27
17,Human capital,Efficiency improvement (EMDE),Consumption (C<sub>t</sub>),0.274
18,Human capital,Efficiency improvement (EMDE),Consumption (C<sub>t</sub>),0.28
19,Human capital,Efficiency improvement (EMDE),Consumption (C<sub>t</sub>),0.286
20,Human capital,Efficiency improvement (EMDE),Consumption (C<sub>t</sub>),0.294
21,Human capital,Efficiency improvement (EMDE),Consumption (C<sub>t</sub>),0.302
22,Human capital,Efficiency improvement (EMDE),Consumption (C<sub>t</sub>),0.311
23,Human capital,Efficiency improvement (EMDE),Consumption (C<sub>t</sub>),0.322
24,Human capital,Efficiency improvement (EMDE),Consumption (C<sub>t</sub>),0.333
25,Human capital,Efficiency improvement (EMDE),Consumption (C<sub>t</sub>),0.346
26,Human capital,Efficiency improvement (EMDE),Consumption (C<sub>t</sub>),0.359
27,Human capital,Efficiency improvement (EMDE),Consumption (C<sub>t</sub>),0.373
28,Human capital,Efficiency improvement (EMDE),Consumption (C<sub>t</sub>),0.389
29,Human capital,Efficiency improvement (EMDE),Consumption (C<sub>t</sub>),0.405
30,Human capital,Efficiency improvement (EMDE),Consumption (C<sub>t</sub>),0.422
31,Human capital,Efficiency improvement (EMDE),Consumption (C<sub>t</sub>),0.44
32,Human capital,Efficiency improvement (EMDE),Consumption (C<sub>t</sub>),0.459
33,Human capital,Efficiency improvement (EMDE),Consumption (C<sub>t</sub>),0.479
34,Human capital,Efficiency improvement (EMDE),Consumption (C<sub>t</sub>),0.499
35,Human capital,Efficiency improvement (EMDE),Consumption (C<sub>t</sub>),0.521
36,Human capital,Efficiency improvement (EMDE),Consumption (C<sub>t</sub>),0.543
37,Human capital,Efficiency improvement (EMDE),Consumption (C<sub>t</sub>),0.565
38,Human capital,Efficiency improvement (EMDE),Consumption (C<sub>t</sub>),0.588
39,Human capital,Efficiency improvement (EMDE),Consumption (C<sub>t</sub>),0.612
40,Human capital,Efficiency improvement (EMDE),Consumption (C<sub>t</sub>),0.636
41,Human capital,Efficiency improvement (EMDE),Consumption (C<sub>t</sub>),0.661
42,Human capital,Efficiency improvement (EMDE),Consumption (C<sub>t</sub>),0.687
43,Human capital,Efficiency improvement (EMDE),Consumption (C<sub>t</sub>),0.712
44,Human capital,Efficiency improvement (EMDE),Consumption (C<sub>t</sub>),0.738
45,Human capital,Efficiency improvement (EMDE),Consumption (C<sub>t</sub>),0.765
46,Human capital,Efficiency improvement (EMDE),Consumption (C<sub>t</sub>),0.792
47,Human capital,Efficiency improvement (EMDE),Consumption (C<sub>t</sub>),0.819
48,Human capital,Efficiency improvement (EMDE),Consumption (C<sub>t</sub>),0.846
49,Human capital,Efficiency improvement (EMDE),Consumption (C<sub>t</sub>),0.874
50,Human capital,Efficiency improvement (EMDE),Consumption (C<sub>t</sub>),0.902
51,Human capital,Efficiency improvement (EMDE),Consumption (C<sub>t</sub>),0.93
52,Human capital,Efficiency improvement (EMDE),Consumption (C<sub>t</sub>),0.958
53,Human capital,Efficiency improvement (EMDE),Consumption (C<sub>t</sub>),0.986
54,Human capital,Efficiency improvement (EMDE),Consumption (C<sub>t</sub>),1.014
55,Human capital,Efficiency improvement (EMDE),Consumption (C<sub>t</sub>),1.042
56,Human capital,Efficiency improvement (EMDE),Consumption (C<sub>t</sub>),1.071
57,Human capital,Efficiency improvement (EMDE),Consumption (C<sub>t</sub>),1.099
58,Human capital,Efficiency improvement (EMDE),Consumption (C<sub>t</sub>),1.128
59,Human capital,Efficiency improvement (EMDE),Consumption (C<sub>t</sub>),1.156
60,Human capital,Efficiency improvement (EMDE),Consumption (C<sub>t</sub>),1.184
61,Human capital,Efficiency improvement (EMDE),Consumption (C<sub>t</sub>),1.212
62,Human capital,Efficiency improvement (EMDE),Consumption (C<sub>t</sub>),1.241
63,Human capital,Efficiency improvement (EMDE),Consumption (C<sub>t</sub>),1.269
64,Human capital,Efficiency improvement (EMDE),Consumption (C<sub>t</sub>),1.296
65,Human capital,Efficiency improvement (EMDE),Consumption (C<sub>t</sub>),1.324
66,Human capital,Efficiency improvement (EMDE),Consumption (C<sub>t</sub>),1.352
67,Human capital,Efficiency improvement (EMDE),Consumption (C<sub>t</sub>),1.379
68,Human capital,Efficiency improvement (EMDE),Consumption (C<sub>t</sub>),1.406
69,Human capital,Efficiency improvement (EMDE),Consumption (C<sub>t</sub>),1.433
70,Human capital,Efficiency improvement (EMDE),Consumption (C<sub>t</sub>),1.46
71,Human capital,Efficiency improvement (EMDE),Consumption (C<sub>t</sub>),1.486
72,Human capital,Efficiency improvement (EMDE),Consumption (C<sub>t</sub>),1.513
73,Human capital,Efficiency improvement (EMDE),Consumption (C<sub>t</sub>),1.539
74,Human capital,Efficiency improvement (EMDE),Consumption (C<sub>t</sub>),1.565
75,Human capital,Efficiency improvement (EMDE),Consumption (C<sub>t</sub>),1.59
76,Human capital,Efficiency improvement (EMDE),Consumption (C<sub>t</sub>),1.615
77,Human capital,Efficiency improvement (EMDE),Consumption (C<sub>t</sub>),1.64
78,Human capital,Efficiency improvement (EMDE),Consumption (C<sub>t</sub>),1.665
79,Human capital,Efficiency improvement (EMDE),Consumption (C<sub>t</sub>),1.69
80,Human capital,Efficiency improvement (EMDE),Consumption (C<sub>t</sub>),1.714
81,Human capital,Efficiency improvement (EMDE),Consumption (C<sub>t</sub>),1.737
82,Human capital,Efficiency improvement (EMDE),Consumption (C<sub>t</sub>),1.761
83,Human capital,Efficiency improvement (EMDE),Consumption (C<sub>t</sub>),1.784
84,Human capital,Efficiency improvement (EMDE),Consumption (C<sub>t</sub>),1.807
85,Human capital,Efficiency improvement (EMDE),Consumption (C<sub>t</sub>),1.83
86,Human capital,Efficiency improvement (EMDE),Consumption (C<sub>t</sub>),1.852
87,Human capital,Efficiency improvement (EMDE),Consumption (C<sub>t</sub>),1.874
88,Human capital,Efficiency improvement (EMDE),Consumption (C<sub>t</sub>),1.896
89,Human capital,Efficiency improvement (EMDE),Consumption (C<sub>t</sub>),1.917
90,Human capital,Efficiency improvement (EMDE),Consumption (C<sub>t</sub>),1.938
91,Human capital,Efficiency improvement (EMDE),Consumption (C<sub>t</sub>),1.959
92,Human capital,Efficiency improvement (EMDE),Consumption (C<sub>t</sub>),1.979
93,Human capital,Efficiency improvement (EMDE),Consumption (C<sub>t</sub>),1.999
94,Human capital,Efficiency improvement (EMDE),Consumption (C<sub>t</sub>),2.019
95,Human capital,Efficiency improvement (EMDE),Consumption (C<sub>t</sub>),2.038
96,Human capital,Efficiency improvement (EMDE),Consumption (C<sub>t</sub>),2.057
97,Human capital,Efficiency improvement (EMDE),Consumption (C<sub>t</sub>),2.076
98,Human capital,Efficiency improvement (EMDE),Consumption (C<sub>t</sub>),2.094
99,Human capital,Efficiency improvement (EMDE),Consumption (C<sub>t</sub>),2.113
100,Human capital,Efficiency improvement (EMDE),Consumption (C<sub>t</sub>),2.13
1,R&D,"Spending increase (AE, benchmark)",Consumption (C<sub>t</sub>),-0.18
2,R&D,"Spending increase (AE, benchmark)",Consumption (C<sub>t</sub>),-0.183
3,R&D,"Spending increase (AE, benchmark)",Consumption (C<sub>t</sub>),-0.185
4,R&D,"Spending increase (AE, benchmark)",Consumption (C<sub>t</sub>),-0.188
5,R&D,"Spending increase (AE, benchmark)",Consumption (C<sub>t</sub>),-0.19
6,R&D,"Spending increase (AE, benchmark)",Consumption (C<sub>t</sub>),-0.191
7,R&D,"Spending increase (AE, benchmark)",Consumption (C<sub>t</sub>),-0.19
8,R&D,"Spending increase (AE, benchmark)",Consumption (C<sub>t</sub>),-0.188
9,R&D,"Spending increase (AE, benchmark)",Consumption (C<sub>t</sub>),-0.185
10,R&D,"Spending increase (AE, benchmark)",Consumption (C<sub>t</sub>),-0.179
11,R&D,"Spending increase (AE, benchmark)",Consumption (C<sub>t</sub>),-0.173
12,R&D,"Spending increase (AE, benchmark)",Consumption (C<sub>t</sub>),-0.164
13,R&D,"Spending increase (AE, benchmark)",Consumption (C<sub>t</sub>),-0.154
14,R&D,"Spending increase (AE, benchmark)",Consumption (C<sub>t</sub>),-0.142
15,R&D,"Spending increase (AE, benchmark)",Consumption (C<sub>t</sub>),-0.129
16,R&D,"Spending increase (AE, benchmark)",Consumption (C<sub>t</sub>),-0.114
17,R&D,"Spending increase (AE, benchmark)",Consumption (C<sub>t</sub>),-0.098
18,R&D,"Spending increase (AE, benchmark)",Consumption (C<sub>t</sub>),-0.081
19,R&D,"Spending increase (AE, benchmark)",Consumption (C<sub>t</sub>),-0.063
20,R&D,"Spending increase (AE, benchmark)",Consumption (C<sub>t</sub>),-0.044
21,R&D,"Spending increase (AE, benchmark)",Consumption (C<sub>t</sub>),-0.024
22,R&D,"Spending increase (AE, benchmark)",Consumption (C<sub>t</sub>),-0.003
23,R&D,"Spending increase (AE, benchmark)",Consumption (C<sub>t</sub>),0.018
24,R&D,"Spending increase (AE, benchmark)",Consumption (C<sub>t</sub>),0.04
25,R&D,"Spending increase (AE, benchmark)",Consumption (C<sub>t</sub>),0.063
26,R&D,"Spending increase (AE, benchmark)",Consumption (C<sub>t</sub>),0.086
27,R&D,"Spending increase (AE, benchmark)",Consumption (C<sub>t</sub>),0.11
28,R&D,"Spending increase (AE, benchmark)",Consumption (C<sub>t</sub>),0.134
29,R&D,"Spending increase (AE, benchmark)",Consumption (C<sub>t</sub>),0.159
30,R&D,"Spending increase (AE, benchmark)",Consumption (C<sub>t</sub>),0.183
31,R&D,"Spending increase (AE, benchmark)",Consumption (C<sub>t</sub>),0.208
32,R&D,"Spending increase (AE, benchmark)",Consumption (C<sub>t</sub>),0.233
33,R&D,"Spending increase (AE, benchmark)",Consumption (C<sub>t</sub>),0.259
34,R&D,"Spending increase (AE, benchmark)",Consumption (C<sub>t</sub>),0.284
35,R&D,"Spending increase (AE, benchmark)",Consumption (C<sub>t</sub>),0.309
36,R&D,"Spending increase (AE, benchmark)",Consumption (C<sub>t</sub>),0.335
37,R&D,"Spending increase (AE, benchmark)",Consumption (C<sub>t</sub>),0.36
38,R&D,"Spending increase (AE, benchmark)",Consumption (C<sub>t</sub>),0.386
39,R&D,"Spending increase (AE, benchmark)",Consumption (C<sub>t</sub>),0.411
40,R&D,"Spending increase (AE, benchmark)",Consumption (C<sub>t</sub>),0.437
41,R&D,"Spending increase (AE, benchmark)",Consumption (C<sub>t</sub>),0.462
42,R&D,"Spending increase (AE, benchmark)",Consumption (C<sub>t</sub>),0.487
43,R&D,"Spending increase (AE, benchmark)",Consumption (C<sub>t</sub>),0.512
44,R&D,"Spending increase (AE, benchmark)",Consumption (C<sub>t</sub>),0.537
45,R&D,"Spending increase (AE, benchmark)",Consumption (C<sub>t</sub>),0.562
46,R&D,"Spending increase (AE, benchmark)",Consumption (C<sub>t</sub>),0.587
47,R&D,"Spending increase (AE, benchmark)",Consumption (C<sub>t</sub>),0.611
48,R&D,"Spending increase (AE, benchmark)",Consumption (C<sub>t</sub>),0.635
49,R&D,"Spending increase (AE, benchmark)",Consumption (C<sub>t</sub>),0.659
50,R&D,"Spending increase (AE, benchmark)",Consumption (C<sub>t</sub>),0.683
51,R&D,"Spending increase (AE, benchmark)",Consumption (C<sub>t</sub>),0.707
52,R&D,"Spending increase (AE, benchmark)",Consumption (C<sub>t</sub>),0.73
53,R&D,"Spending increase (AE, benchmark)",Consumption (C<sub>t</sub>),0.753
54,R&D,"Spending increase (AE, benchmark)",Consumption (C<sub>t</sub>),0.776
55,R&D,"Spending increase (AE, benchmark)",Consumption (C<sub>t</sub>),0.799
56,R&D,"Spending increase (AE, benchmark)",Consumption (C<sub>t</sub>),0.822
57,R&D,"Spending increase (AE, benchmark)",Consumption (C<sub>t</sub>),0.844
58,R&D,"Spending increase (AE, benchmark)",Consumption (C<sub>t</sub>),0.866
59,R&D,"Spending increase (AE, benchmark)",Consumption (C<sub>t</sub>),0.888
60,R&D,"Spending increase (AE, benchmark)",Consumption (C<sub>t</sub>),0.909
61,R&D,"Spending increase (AE, benchmark)",Consumption (C<sub>t</sub>),0.931
62,R&D,"Spending increase (AE, benchmark)",Consumption (C<sub>t</sub>),0.952
63,R&D,"Spending increase (AE, benchmark)",Consumption (C<sub>t</sub>),0.973
64,R&D,"Spending increase (AE, benchmark)",Consumption (C<sub>t</sub>),0.993
65,R&D,"Spending increase (AE, benchmark)",Consumption (C<sub>t</sub>),1.014
66,R&D,"Spending increase (AE, benchmark)",Consumption (C<sub>t</sub>),1.034
67,R&D,"Spending increase (AE, benchmark)",Consumption (C<sub>t</sub>),1.054
68,R&D,"Spending increase (AE, benchmark)",Consumption (C<sub>t</sub>),1.073
69,R&D,"Spending increase (AE, benchmark)",Consumption (C<sub>t</sub>),1.093
70,R&D,"Spending increase (AE, benchmark)",Consumption (C<sub>t</sub>),1.112
71,R&D,"Spending increase (AE, benchmark)",Consumption (C<sub>t</sub>),1.131
72,R&D,"Spending increase (AE, benchmark)",Consumption (C<sub>t</sub>),1.149
73,R&D,"Spending increase (AE, benchmark)",Consumption (C<sub>t</sub>),1.168
74,R&D,"Spending increase (AE, benchmark)",Consumption (C<sub>t</sub>),1.186
75,R&D,"Spending increase (AE, benchmark)",Consumption (C<sub>t</sub>),1.204
76,R&D,"Spending increase (AE, benchmark)",Consumption (C<sub>t</sub>),1.221
77,R&D,"Spending increase (AE, benchmark)",Consumption (C<sub>t</sub>),1.239
78,R&D,"Spending increase (AE, benchmark)",Consumption (C<sub>t</sub>),1.256
79,R&D,"Spending increase (AE, benchmark)",Consumption (C<sub>t</sub>),1.273
80,R&D,"Spending increase (AE, benchmark)",Consumption (C<sub>t</sub>),1.29
81,R&D,"Spending increase (AE, benchmark)",Consumption (C<sub>t</sub>),1.306
82,R&D,"Spending increase (AE, benchmark)",Consumption (C<sub>t</sub>),1.323
83,R&D,"Spending increase (AE, benchmark)",Consumption (C<sub>t</sub>),1.339
84,R&D,"Spending increase (AE, benchmark)",Consumption (C<sub>t</sub>),1.355
85,R&D,"Spending increase (AE, benchmark)",Consumption (C<sub>t</sub>),1.37
86,R&D,"Spending increase (AE, benchmark)",Consumption (C<sub>t</sub>),1.386
87,R&D,"Spending increase (AE, benchmark)",Consumption (C<sub>t</sub>),1.401
88,R&D,"Spending increase (AE, benchmark)",Consumption (C<sub>t</sub>),1.416
89,R&D,"Spending increase (AE, benchmark)",Consumption (C<sub>t</sub>),1.431
90,R&D,"Spending increase (AE, benchmark)",Consumption (C<sub>t</sub>),1.446
91,R&D,"Spending increase (AE, benchmark)",Consumption (C<sub>t</sub>),1.46
92,R&D,"Spending increase (AE, benchmark)",Consumption (C<sub>t</sub>),1.474
93,R&D,"Spending increase (AE, benchmark)",Consumption (C<sub>t</sub>),1.489
94,R&D,"Spending increase (AE, benchmark)",Consumption (C<sub>t</sub>),1.502
95,R&D,"Spending increase (AE, benchmark)",Consumption (C<sub>t</sub>),1.516
96,R&D,"Spending increase (AE, benchmark)",Consumption (C<sub>t</sub>),1.53
97,R&D,"Spending increase (AE, benchmark)",Consumption (C<sub>t</sub>),1.543
98,R&D,"Spending increase (AE, benchmark)",Consumption (C<sub>t</sub>),1.556
99,R&D,"Spending increase (AE, benchmark)",Consumption (C<sub>t</sub>),1.569
100,R&D,"Spending increase (AE, benchmark)",Consumption (C<sub>t</sub>),1.582
1,R&D,Efficiency improvement (AE),Consumption (C<sub>t</sub>),0.278
2,R&D,Efficiency improvement (AE),Consumption (C<sub>t</sub>),0.274
3,R&D,Efficiency improvement (AE),Consumption (C<sub>t</sub>),0.269
4,R&D,Efficiency improvement (AE),Consumption (C<sub>t</sub>),0.264
5,R&D,Efficiency improvement (AE),Consumption (C<sub>t</sub>),0.26
6,R&D,Efficiency improvement (AE),Consumption (C<sub>t</sub>),0.257
7,R&D,Efficiency improvement (AE),Consumption (C<sub>t</sub>),0.256
8,R&D,Efficiency improvement (AE),Consumption (C<sub>t</sub>),0.256
9,R&D,Efficiency improvement (AE),Consumption (C<sub>t</sub>),0.259
10,R&D,Efficiency improvement (AE),Consumption (C<sub>t</sub>),0.263
11,R&D,Efficiency improvement (AE),Consumption (C<sub>t</sub>),0.269
12,R&D,Efficiency improvement (AE),Consumption (C<sub>t</sub>),0.277
13,R&D,Efficiency improvement (AE),Consumption (C<sub>t</sub>),0.287
14,R&D,Efficiency improvement (AE),Consumption (C<sub>t</sub>),0.298
15,R&D,Efficiency improvement (AE),Consumption (C<sub>t</sub>),0.311
16,R&D,Efficiency improvement (AE),Consumption (C<sub>t</sub>),0.326
17,R&D,Efficiency improvement (AE),Consumption (C<sub>t</sub>),0.342
18,R&D,Efficiency improvement (AE),Consumption (C<sub>t</sub>),0.36
19,R&D,Efficiency improvement (AE),Consumption (C<sub>t</sub>),0.379
20,R&D,Efficiency improvement (AE),Consumption (C<sub>t</sub>),0.399
21,R&D,Efficiency improvement (AE),Consumption (C<sub>t</sub>),0.42
22,R&D,Efficiency improvement (AE),Consumption (C<sub>t</sub>),0.442
23,R&D,Efficiency improvement (AE),Consumption (C<sub>t</sub>),0.464
24,R&D,Efficiency improvement (AE),Consumption (C<sub>t</sub>),0.488
25,R&D,Efficiency improvement (AE),Consumption (C<sub>t</sub>),0.512
26,R&D,Efficiency improvement (AE),Consumption (C<sub>t</sub>),0.537
27,R&D,Efficiency improvement (AE),Consumption (C<sub>t</sub>),0.562
28,R&D,Efficiency improvement (AE),Consumption (C<sub>t</sub>),0.588
29,R&D,Efficiency improvement (AE),Consumption (C<sub>t</sub>),0.614
30,R&D,Efficiency improvement (AE),Consumption (C<sub>t</sub>),0.64
31,R&D,Efficiency improvement (AE),Consumption (C<sub>t</sub>),0.667
32,R&D,Efficiency improvement (AE),Consumption (C<sub>t</sub>),0.694
33,R&D,Efficiency improvement (AE),Consumption (C<sub>t</sub>),0.721
34,R&D,Efficiency improvement (AE),Consumption (C<sub>t</sub>),0.748
35,R&D,Efficiency improvement (AE),Consumption (C<sub>t</sub>),0.776
36,R&D,Efficiency improvement (AE),Consumption (C<sub>t</sub>),0.803
37,R&D,Efficiency improvement (AE),Consumption (C<sub>t</sub>),0.831
38,R&D,Efficiency improvement (AE),Consumption (C<sub>t</sub>),0.858
39,R&D,Efficiency improvement (AE),Consumption (C<sub>t</sub>),0.886
40,R&D,Efficiency improvement (AE),Consumption (C<sub>t</sub>),0.913
41,R&D,Efficiency improvement (AE),Consumption (C<sub>t</sub>),0.94
42,R&D,Efficiency improvement (AE),Consumption (C<sub>t</sub>),0.967
43,R&D,Efficiency improvement (AE),Consumption (C<sub>t</sub>),0.994
44,R&D,Efficiency improvement (AE),Consumption (C<sub>t</sub>),1.021
45,R&D,Efficiency improvement (AE),Consumption (C<sub>t</sub>),1.048
46,R&D,Efficiency improvement (AE),Consumption (C<sub>t</sub>),1.075
47,R&D,Efficiency improvement (AE),Consumption (C<sub>t</sub>),1.101
48,R&D,Efficiency improvement (AE),Consumption (C<sub>t</sub>),1.127
49,R&D,Efficiency improvement (AE),Consumption (C<sub>t</sub>),1.153
50,R&D,Efficiency improvement (AE),Consumption (C<sub>t</sub>),1.179
51,R&D,Efficiency improvement (AE),Consumption (C<sub>t</sub>),1.205
52,R&D,Efficiency improvement (AE),Consumption (C<sub>t</sub>),1.23
53,R&D,Efficiency improvement (AE),Consumption (C<sub>t</sub>),1.255
54,R&D,Efficiency improvement (AE),Consumption (C<sub>t</sub>),1.28
55,R&D,Efficiency improvement (AE),Consumption (C<sub>t</sub>),1.305
56,R&D,Efficiency improvement (AE),Consumption (C<sub>t</sub>),1.329
57,R&D,Efficiency improvement (AE),Consumption (C<sub>t</sub>),1.353
58,R&D,Efficiency improvement (AE),Consumption (C<sub>t</sub>),1.377
59,R&D,Efficiency improvement (AE),Consumption (C<sub>t</sub>),1.4
60,R&D,Efficiency improvement (AE),Consumption (C<sub>t</sub>),1.424
61,R&D,Efficiency improvement (AE),Consumption (C<sub>t</sub>),1.447
62,R&D,Efficiency improvement (AE),Consumption (C<sub>t</sub>),1.47
63,R&D,Efficiency improvement (AE),Consumption (C<sub>t</sub>),1.492
64,R&D,Efficiency improvement (AE),Consumption (C<sub>t</sub>),1.514
65,R&D,Efficiency improvement (AE),Consumption (C<sub>t</sub>),1.536
66,R&D,Efficiency improvement (AE),Consumption (C<sub>t</sub>),1.558
67,R&D,Efficiency improvement (AE),Consumption (C<sub>t</sub>),1.579
68,R&D,Efficiency improvement (AE),Consumption (C<sub>t</sub>),1.601
69,R&D,Efficiency improvement (AE),Consumption (C<sub>t</sub>),1.622
70,R&D,Efficiency improvement (AE),Consumption (C<sub>t</sub>),1.642
71,R&D,Efficiency improvement (AE),Consumption (C<sub>t</sub>),1.663
72,R&D,Efficiency improvement (AE),Consumption (C<sub>t</sub>),1.683
73,R&D,Efficiency improvement (AE),Consumption (C<sub>t</sub>),1.703
74,R&D,Efficiency improvement (AE),Consumption (C<sub>t</sub>),1.722
75,R&D,Efficiency improvement (AE),Consumption (C<sub>t</sub>),1.742
76,R&D,Efficiency improvement (AE),Consumption (C<sub>t</sub>),1.761
77,R&D,Efficiency improvement (AE),Consumption (C<sub>t</sub>),1.779
78,R&D,Efficiency improvement (AE),Consumption (C<sub>t</sub>),1.798
79,R&D,Efficiency improvement (AE),Consumption (C<sub>t</sub>),1.816
80,R&D,Efficiency improvement (AE),Consumption (C<sub>t</sub>),1.835
81,R&D,Efficiency improvement (AE),Consumption (C<sub>t</sub>),1.852
82,R&D,Efficiency improvement (AE),Consumption (C<sub>t</sub>),1.87
83,R&D,Efficiency improvement (AE),Consumption (C<sub>t</sub>),1.887
84,R&D,Efficiency improvement (AE),Consumption (C<sub>t</sub>),1.905
85,R&D,Efficiency improvement (AE),Consumption (C<sub>t</sub>),1.922
86,R&D,Efficiency improvement (AE),Consumption (C<sub>t</sub>),1.938
87,R&D,Efficiency improvement (AE),Consumption (C<sub>t</sub>),1.955
88,R&D,Efficiency improvement (AE),Consumption (C<sub>t</sub>),1.971
89,R&D,Efficiency improvement (AE),Consumption (C<sub>t</sub>),1.987
90,R&D,Efficiency improvement (AE),Consumption (C<sub>t</sub>),2.003
91,R&D,Efficiency improvement (AE),Consumption (C<sub>t</sub>),2.018
92,R&D,Efficiency improvement (AE),Consumption (C<sub>t</sub>),2.034
93,R&D,Efficiency improvement (AE),Consumption (C<sub>t</sub>),2.049
94,R&D,Efficiency improvement (AE),Consumption (C<sub>t</sub>),2.064
95,R&D,Efficiency improvement (AE),Consumption (C<sub>t</sub>),2.079
96,R&D,Efficiency improvement (AE),Consumption (C<sub>t</sub>),2.093
97,R&D,Efficiency improvement (AE),Consumption (C<sub>t</sub>),2.107
98,R&D,Efficiency improvement (AE),Consumption (C<sub>t</sub>),2.122
99,R&D,Efficiency improvement (AE),Consumption (C<sub>t</sub>),2.136
100,R&D,Efficiency improvement (AE),Consumption (C<sub>t</sub>),2.149
1,Infrastructure,"Spending increase (AE, benchmark)",Prim. deficit-to-GDP,0.203
2,Infrastructure,"Spending increase (AE, benchmark)",Prim. deficit-to-GDP,0.265
3,Infrastructure,"Spending increase (AE, benchmark)",Prim. deficit-to-GDP,0.26
4,Infrastructure,"Spending increase (AE, benchmark)",Prim. deficit-to-GDP,0.257
5,Infrastructure,"Spending increase (AE, benchmark)",Prim. deficit-to-GDP,0.254
6,Infrastructure,"Spending increase (AE, benchmark)",Prim. deficit-to-GDP,0.251
7,Infrastructure,"Spending increase (AE, benchmark)",Prim. deficit-to-GDP,0.248
8,Infrastructure,"Spending increase (AE, benchmark)",Prim. deficit-to-GDP,0.245
9,Infrastructure,"Spending increase (AE, benchmark)",Prim. deficit-to-GDP,0.243
10,Infrastructure,"Spending increase (AE, benchmark)",Prim. deficit-to-GDP,0.24
11,Infrastructure,"Spending increase (AE, benchmark)",Prim. deficit-to-GDP,0.237
12,Infrastructure,"Spending increase (AE, benchmark)",Prim. deficit-to-GDP,0.235
13,Infrastructure,"Spending increase (AE, benchmark)",Prim. deficit-to-GDP,0.232
14,Infrastructure,"Spending increase (AE, benchmark)",Prim. deficit-to-GDP,0.229
15,Infrastructure,"Spending increase (AE, benchmark)",Prim. deficit-to-GDP,0.226
16,Infrastructure,"Spending increase (AE, benchmark)",Prim. deficit-to-GDP,0.224
17,Infrastructure,"Spending increase (AE, benchmark)",Prim. deficit-to-GDP,0.221
18,Infrastructure,"Spending increase (AE, benchmark)",Prim. deficit-to-GDP,0.218
19,Infrastructure,"Spending increase (AE, benchmark)",Prim. deficit-to-GDP,0.216
20,Infrastructure,"Spending increase (AE, benchmark)",Prim. deficit-to-GDP,0.213
21,Infrastructure,"Spending increase (AE, benchmark)",Prim. deficit-to-GDP,0.211
22,Infrastructure,"Spending increase (AE, benchmark)",Prim. deficit-to-GDP,0.208
23,Infrastructure,"Spending increase (AE, benchmark)",Prim. deficit-to-GDP,0.205
24,Infrastructure,"Spending increase (AE, benchmark)",Prim. deficit-to-GDP,0.203
25,Infrastructure,"Spending increase (AE, benchmark)",Prim. deficit-to-GDP,0.2
26,Infrastructure,"Spending increase (AE, benchmark)",Prim. deficit-to-GDP,0.198
27,Infrastructure,"Spending increase (AE, benchmark)",Prim. deficit-to-GDP,0.195
28,Infrastructure,"Spending increase (AE, benchmark)",Prim. deficit-to-GDP,0.193
29,Infrastructure,"Spending increase (AE, benchmark)",Prim. deficit-to-GDP,0.19
30,Infrastructure,"Spending increase (AE, benchmark)",Prim. deficit-to-GDP,0.188
31,Infrastructure,"Spending increase (AE, benchmark)",Prim. deficit-to-GDP,0.185
32,Infrastructure,"Spending increase (AE, benchmark)",Prim. deficit-to-GDP,0.183
33,Infrastructure,"Spending increase (AE, benchmark)",Prim. deficit-to-GDP,0.18
34,Infrastructure,"Spending increase (AE, benchmark)",Prim. deficit-to-GDP,0.178
35,Infrastructure,"Spending increase (AE, benchmark)",Prim. deficit-to-GDP,0.176
36,Infrastructure,"Spending increase (AE, benchmark)",Prim. deficit-to-GDP,0.173
37,Infrastructure,"Spending increase (AE, benchmark)",Prim. deficit-to-GDP,0.171
38,Infrastructure,"Spending increase (AE, benchmark)",Prim. deficit-to-GDP,0.169
39,Infrastructure,"Spending increase (AE, benchmark)",Prim. deficit-to-GDP,0.167
40,Infrastructure,"Spending increase (AE, benchmark)",Prim. deficit-to-GDP,0.164
41,Infrastructure,"Spending increase (AE, benchmark)",Prim. deficit-to-GDP,0.162
42,Infrastructure,"Spending increase (AE, benchmark)",Prim. deficit-to-GDP,0.16
43,Infrastructure,"Spending increase (AE, benchmark)",Prim. deficit-to-GDP,0.158
44,Infrastructure,"Spending increase (AE, benchmark)",Prim. deficit-to-GDP,0.156
45,Infrastructure,"Spending increase (AE, benchmark)",Prim. deficit-to-GDP,0.153
46,Infrastructure,"Spending increase (AE, benchmark)",Prim. deficit-to-GDP,0.151
47,Infrastructure,"Spending increase (AE, benchmark)",Prim. deficit-to-GDP,0.149
48,Infrastructure,"Spending increase (AE, benchmark)",Prim. deficit-to-GDP,0.147
49,Infrastructure,"Spending increase (AE, benchmark)",Prim. deficit-to-GDP,0.145
50,Infrastructure,"Spending increase (AE, benchmark)",Prim. deficit-to-GDP,0.143
51,Infrastructure,"Spending increase (AE, benchmark)",Prim. deficit-to-GDP,0.141
52,Infrastructure,"Spending increase (AE, benchmark)",Prim. deficit-to-GDP,0.139
53,Infrastructure,"Spending increase (AE, benchmark)",Prim. deficit-to-GDP,0.137
54,Infrastructure,"Spending increase (AE, benchmark)",Prim. deficit-to-GDP,0.135
55,Infrastructure,"Spending increase (AE, benchmark)",Prim. deficit-to-GDP,0.133
56,Infrastructure,"Spending increase (AE, benchmark)",Prim. deficit-to-GDP,0.131
57,Infrastructure,"Spending increase (AE, benchmark)",Prim. deficit-to-GDP,0.13
58,Infrastructure,"Spending increase (AE, benchmark)",Prim. deficit-to-GDP,0.128
59,Infrastructure,"Spending increase (AE, benchmark)",Prim. deficit-to-GDP,0.126
60,Infrastructure,"Spending increase (AE, benchmark)",Prim. deficit-to-GDP,0.124
61,Infrastructure,"Spending increase (AE, benchmark)",Prim. deficit-to-GDP,0.122
62,Infrastructure,"Spending increase (AE, benchmark)",Prim. deficit-to-GDP,0.12
63,Infrastructure,"Spending increase (AE, benchmark)",Prim. deficit-to-GDP,0.119
64,Infrastructure,"Spending increase (AE, benchmark)",Prim. deficit-to-GDP,0.117
65,Infrastructure,"Spending increase (AE, benchmark)",Prim. deficit-to-GDP,0.115
66,Infrastructure,"Spending increase (AE, benchmark)",Prim. deficit-to-GDP,0.114
67,Infrastructure,"Spending increase (AE, benchmark)",Prim. deficit-to-GDP,0.112
68,Infrastructure,"Spending increase (AE, benchmark)",Prim. deficit-to-GDP,0.11
69,Infrastructure,"Spending increase (AE, benchmark)",Prim. deficit-to-GDP,0.109
70,Infrastructure,"Spending increase (AE, benchmark)",Prim. deficit-to-GDP,0.107
71,Infrastructure,"Spending increase (AE, benchmark)",Prim. deficit-to-GDP,0.106
72,Infrastructure,"Spending increase (AE, benchmark)",Prim. deficit-to-GDP,0.104
73,Infrastructure,"Spending increase (AE, benchmark)",Prim. deficit-to-GDP,0.102
74,Infrastructure,"Spending increase (AE, benchmark)",Prim. deficit-to-GDP,0.101
75,Infrastructure,"Spending increase (AE, benchmark)",Prim. deficit-to-GDP,0.099
76,Infrastructure,"Spending increase (AE, benchmark)",Prim. deficit-to-GDP,0.098
77,Infrastructure,"Spending increase (AE, benchmark)",Prim. deficit-to-GDP,0.096
78,Infrastructure,"Spending increase (AE, benchmark)",Prim. deficit-to-GDP,0.095
79,Infrastructure,"Spending increase (AE, benchmark)",Prim. deficit-to-GDP,0.093
80,Infrastructure,"Spending increase (AE, benchmark)",Prim. deficit-to-GDP,0.092
81,Infrastructure,"Spending increase (AE, benchmark)",Prim. deficit-to-GDP,0.091
82,Infrastructure,"Spending increase (AE, benchmark)",Prim. deficit-to-GDP,0.089
83,Infrastructure,"Spending increase (AE, benchmark)",Prim. deficit-to-GDP,0.088
84,Infrastructure,"Spending increase (AE, benchmark)",Prim. deficit-to-GDP,0.087
85,Infrastructure,"Spending increase (AE, benchmark)",Prim. deficit-to-GDP,0.085
86,Infrastructure,"Spending increase (AE, benchmark)",Prim. deficit-to-GDP,0.084
87,Infrastructure,"Spending increase (AE, benchmark)",Prim. deficit-to-GDP,0.083
88,Infrastructure,"Spending increase (AE, benchmark)",Prim. deficit-to-GDP,0.081
89,Infrastructure,"Spending increase (AE, benchmark)",Prim. deficit-to-GDP,0.08
90,Infrastructure,"Spending increase (AE, benchmark)",Prim. deficit-to-GDP,0.079
91,Infrastructure,"Spending increase (AE, benchmark)",Prim. deficit-to-GDP,0.077
92,Infrastructure,"Spending increase (AE, benchmark)",Prim. deficit-to-GDP,0.076
93,Infrastructure,"Spending increase (AE, benchmark)",Prim. deficit-to-GDP,0.075
94,Infrastructure,"Spending increase (AE, benchmark)",Prim. deficit-to-GDP,0.074
95,Infrastructure,"Spending increase (AE, benchmark)",Prim. deficit-to-GDP,0.073
96,Infrastructure,"Spending increase (AE, benchmark)",Prim. deficit-to-GDP,0.071
97,Infrastructure,"Spending increase (AE, benchmark)",Prim. deficit-to-GDP,0.07
98,Infrastructure,"Spending increase (AE, benchmark)",Prim. deficit-to-GDP,0.069
99,Infrastructure,"Spending increase (AE, benchmark)",Prim. deficit-to-GDP,0.068
100,Infrastructure,"Spending increase (AE, benchmark)",Prim. deficit-to-GDP,0.067
1,Infrastructure,Efficiency improvement (AE),Prim. deficit-to-GDP,-0.049
2,Infrastructure,Efficiency improvement (AE),Prim. deficit-to-GDP,-0.006
3,Infrastructure,Efficiency improvement (AE),Prim. deficit-to-GDP,-0.012
4,Infrastructure,Efficiency improvement (AE),Prim. deficit-to-GDP,-0.014
5,Infrastructure,Efficiency improvement (AE),Prim. deficit-to-GDP,-0.016
6,Infrastructure,Efficiency improvement (AE),Prim. deficit-to-GDP,-0.018
7,Infrastructure,Efficiency improvement (AE),Prim. deficit-to-GDP,-0.02
8,Infrastructure,Efficiency improvement (AE),Prim. deficit-to-GDP,-0.022
9,Infrastructure,Efficiency improvement (AE),Prim. deficit-to-GDP,-0.024
10,Infrastructure,Efficiency improvement (AE),Prim. deficit-to-GDP,-0.026
11,Infrastructure,Efficiency improvement (AE),Prim. deficit-to-GDP,-0.027
12,Infrastructure,Efficiency improvement (AE),Prim. deficit-to-GDP,-0.029
13,Infrastructure,Efficiency improvement (AE),Prim. deficit-to-GDP,-0.031
14,Infrastructure,Efficiency improvement (AE),Prim. deficit-to-GDP,-0.033
15,Infrastructure,Efficiency improvement (AE),Prim. deficit-to-GDP,-0.035
16,Infrastructure,Efficiency improvement (AE),Prim. deficit-to-GDP,-0.037
17,Infrastructure,Efficiency improvement (AE),Prim. deficit-to-GDP,-0.039
18,Infrastructure,Efficiency improvement (AE),Prim. deficit-to-GDP,-0.041
19,Infrastructure,Efficiency improvement (AE),Prim. deficit-to-GDP,-0.043
20,Infrastructure,Efficiency improvement (AE),Prim. deficit-to-GDP,-0.045
21,Infrastructure,Efficiency improvement (AE),Prim. deficit-to-GDP,-0.046
22,Infrastructure,Efficiency improvement (AE),Prim. deficit-to-GDP,-0.048
23,Infrastructure,Efficiency improvement (AE),Prim. deficit-to-GDP,-0.05
24,Infrastructure,Efficiency improvement (AE),Prim. deficit-to-GDP,-0.052
25,Infrastructure,Efficiency improvement (AE),Prim. deficit-to-GDP,-0.053
26,Infrastructure,Efficiency improvement (AE),Prim. deficit-to-GDP,-0.055
27,Infrastructure,Efficiency improvement (AE),Prim. deficit-to-GDP,-0.057
28,Infrastructure,Efficiency improvement (AE),Prim. deficit-to-GDP,-0.059
29,Infrastructure,Efficiency improvement (AE),Prim. deficit-to-GDP,-0.06
30,Infrastructure,Efficiency improvement (AE),Prim. deficit-to-GDP,-0.062
31,Infrastructure,Efficiency improvement (AE),Prim. deficit-to-GDP,-0.063
32,Infrastructure,Efficiency improvement (AE),Prim. deficit-to-GDP,-0.065
33,Infrastructure,Efficiency improvement (AE),Prim. deficit-to-GDP,-0.066
34,Infrastructure,Efficiency improvement (AE),Prim. deficit-to-GDP,-0.068
35,Infrastructure,Efficiency improvement (AE),Prim. deficit-to-GDP,-0.069
36,Infrastructure,Efficiency improvement (AE),Prim. deficit-to-GDP,-0.071
37,Infrastructure,Efficiency improvement (AE),Prim. deficit-to-GDP,-0.072
38,Infrastructure,Efficiency improvement (AE),Prim. deficit-to-GDP,-0.073
39,Infrastructure,Efficiency improvement (AE),Prim. deficit-to-GDP,-0.075
40,Infrastructure,Efficiency improvement (AE),Prim. deficit-to-GDP,-0.076
41,Infrastructure,Efficiency improvement (AE),Prim. deficit-to-GDP,-0.077
42,Infrastructure,Efficiency improvement (AE),Prim. deficit-to-GDP,-0.079
43,Infrastructure,Efficiency improvement (AE),Prim. deficit-to-GDP,-0.08
44,Infrastructure,Efficiency improvement (AE),Prim. deficit-to-GDP,-0.081
45,Infrastructure,Efficiency improvement (AE),Prim. deficit-to-GDP,-0.082
46,Infrastructure,Efficiency improvement (AE),Prim. deficit-to-GDP,-0.083
47,Infrastructure,Efficiency improvement (AE),Prim. deficit-to-GDP,-0.084
48,Infrastructure,Efficiency improvement (AE),Prim. deficit-to-GDP,-0.085
49,Infrastructure,Efficiency improvement (AE),Prim. deficit-to-GDP,-0.086
50,Infrastructure,Efficiency improvement (AE),Prim. deficit-to-GDP,-0.087
51,Infrastructure,Efficiency improvement (AE),Prim. deficit-to-GDP,-0.088
52,Infrastructure,Efficiency improvement (AE),Prim. deficit-to-GDP,-0.089
53,Infrastructure,Efficiency improvement (AE),Prim. deficit-to-GDP,-0.09
54,Infrastructure,Efficiency improvement (AE),Prim. deficit-to-GDP,-0.091
55,Infrastructure,Efficiency improvement (AE),Prim. deficit-to-GDP,-0.092
56,Infrastructure,Efficiency improvement (AE),Prim. deficit-to-GDP,-0.093
57,Infrastructure,Efficiency improvement (AE),Prim. deficit-to-GDP,-0.093
58,Infrastructure,Efficiency improvement (AE),Prim. deficit-to-GDP,-0.094
59,Infrastructure,Efficiency improvement (AE),Prim. deficit-to-GDP,-0.095
60,Infrastructure,Efficiency improvement (AE),Prim. deficit-to-GDP,-0.096
61,Infrastructure,Efficiency improvement (AE),Prim. deficit-to-GDP,-0.096
62,Infrastructure,Efficiency improvement (AE),Prim. deficit-to-GDP,-0.097
63,Infrastructure,Efficiency improvement (AE),Prim. deficit-to-GDP,-0.098
64,Infrastructure,Efficiency improvement (AE),Prim. deficit-to-GDP,-0.098
65,Infrastructure,Efficiency improvement (AE),Prim. deficit-to-GDP,-0.099
66,Infrastructure,Efficiency improvement (AE),Prim. deficit-to-GDP,-0.099
67,Infrastructure,Efficiency improvement (AE),Prim. deficit-to-GDP,-0.1
68,Infrastructure,Efficiency improvement (AE),Prim. deficit-to-GDP,-0.1
69,Infrastructure,Efficiency improvement (AE),Prim. deficit-to-GDP,-0.101
70,Infrastructure,Efficiency improvement (AE),Prim. deficit-to-GDP,-0.101
71,Infrastructure,Efficiency improvement (AE),Prim. deficit-to-GDP,-0.102
72,Infrastructure,Efficiency improvement (AE),Prim. deficit-to-GDP,-0.102
73,Infrastructure,Efficiency improvement (AE),Prim. deficit-to-GDP,-0.102
74,Infrastructure,Efficiency improvement (AE),Prim. deficit-to-GDP,-0.103
75,Infrastructure,Efficiency improvement (AE),Prim. deficit-to-GDP,-0.103
76,Infrastructure,Efficiency improvement (AE),Prim. deficit-to-GDP,-0.103
77,Infrastructure,Efficiency improvement (AE),Prim. deficit-to-GDP,-0.104
78,Infrastructure,Efficiency improvement (AE),Prim. deficit-to-GDP,-0.104
79,Infrastructure,Efficiency improvement (AE),Prim. deficit-to-GDP,-0.104
80,Infrastructure,Efficiency improvement (AE),Prim. deficit-to-GDP,-0.105
81,Infrastructure,Efficiency improvement (AE),Prim. deficit-to-GDP,-0.105
82,Infrastructure,Efficiency improvement (AE),Prim. deficit-to-GDP,-0.105
83,Infrastructure,Efficiency improvement (AE),Prim. deficit-to-GDP,-0.105
84,Infrastructure,Efficiency improvement (AE),Prim. deficit-to-GDP,-0.105
85,Infrastructure,Efficiency improvement (AE),Prim. deficit-to-GDP,-0.105
86,Infrastructure,Efficiency improvement (AE),Prim. deficit-to-GDP,-0.106
87,Infrastructure,Efficiency improvement (AE),Prim. deficit-to-GDP,-0.106
88,Infrastructure,Efficiency improvement (AE),Prim. deficit-to-GDP,-0.106
89,Infrastructure,Efficiency improvement (AE),Prim. deficit-to-GDP,-0.106
90,Infrastructure,Efficiency improvement (AE),Prim. deficit-to-GDP,-0.106
91,Infrastructure,Efficiency improvement (AE),Prim. deficit-to-GDP,-0.106
92,Infrastructure,Efficiency improvement (AE),Prim. deficit-to-GDP,-0.106
93,Infrastructure,Efficiency improvement (AE),Prim. deficit-to-GDP,-0.106
94,Infrastructure,Efficiency improvement (AE),Prim. deficit-to-GDP,-0.106
95,Infrastructure,Efficiency improvement (AE),Prim. deficit-to-GDP,-0.106
96,Infrastructure,Efficiency improvement (AE),Prim. deficit-to-GDP,-0.106
97,Infrastructure,Efficiency improvement (AE),Prim. deficit-to-GDP,-0.106
98,Infrastructure,Efficiency improvement (AE),Prim. deficit-to-GDP,-0.106
99,Infrastructure,Efficiency improvement (AE),Prim. deficit-to-GDP,-0.106
100,Infrastructure,Efficiency improvement (AE),Prim. deficit-to-GDP,-0.106
1,Infrastructure,Efficiency improvement (EMDE),Prim. deficit-to-GDP,-0.048
2,Infrastructure,Efficiency improvement (EMDE),Prim. deficit-to-GDP,-0.009
3,Infrastructure,Efficiency improvement (EMDE),Prim. deficit-to-GDP,-0.015
4,Infrastructure,Efficiency improvement (EMDE),Prim. deficit-to-GDP,-0.017
5,Infrastructure,Efficiency improvement (EMDE),Prim. deficit-to-GDP,-0.018
6,Infrastructure,Efficiency improvement (EMDE),Prim. deficit-to-GDP,-0.02
7,Infrastructure,Efficiency improvement (EMDE),Prim. deficit-to-GDP,-0.022
8,Infrastructure,Efficiency improvement (EMDE),Prim. deficit-to-GDP,-0.024
9,Infrastructure,Efficiency improvement (EMDE),Prim. deficit-to-GDP,-0.026
10,Infrastructure,Efficiency improvement (EMDE),Prim. deficit-to-GDP,-0.028
11,Infrastructure,Efficiency improvement (EMDE),Prim. deficit-to-GDP,-0.03
12,Infrastructure,Efficiency improvement (EMDE),Prim. deficit-to-GDP,-0.032
13,Infrastructure,Efficiency improvement (EMDE),Prim. deficit-to-GDP,-0.034
14,Infrastructure,Efficiency improvement (EMDE),Prim. deficit-to-GDP,-0.036
15,Infrastructure,Efficiency improvement (EMDE),Prim. deficit-to-GDP,-0.039
16,Infrastructure,Efficiency improvement (EMDE),Prim. deficit-to-GDP,-0.041
17,Infrastructure,Efficiency improvement (EMDE),Prim. deficit-to-GDP,-0.043
18,Infrastructure,Efficiency improvement (EMDE),Prim. deficit-to-GDP,-0.045
19,Infrastructure,Efficiency improvement (EMDE),Prim. deficit-to-GDP,-0.047
20,Infrastructure,Efficiency improvement (EMDE),Prim. deficit-to-GDP,-0.049
21,Infrastructure,Efficiency improvement (EMDE),Prim. deficit-to-GDP,-0.051
22,Infrastructure,Efficiency improvement (EMDE),Prim. deficit-to-GDP,-0.053
23,Infrastructure,Efficiency improvement (EMDE),Prim. deficit-to-GDP,-0.055
24,Infrastructure,Efficiency improvement (EMDE),Prim. deficit-to-GDP,-0.056
25,Infrastructure,Efficiency improvement (EMDE),Prim. deficit-to-GDP,-0.058
26,Infrastructure,Efficiency improvement (EMDE),Prim. deficit-to-GDP,-0.06
27,Infrastructure,Efficiency improvement (EMDE),Prim. deficit-to-GDP,-0.062
28,Infrastructure,Efficiency improvement (EMDE),Prim. deficit-to-GDP,-0.063
29,Infrastructure,Efficiency improvement (EMDE),Prim. deficit-to-GDP,-0.065
30,Infrastructure,Efficiency improvement (EMDE),Prim. deficit-to-GDP,-0.066
31,Infrastructure,Efficiency improvement (EMDE),Prim. deficit-to-GDP,-0.068
32,Infrastructure,Efficiency improvement (EMDE),Prim. deficit-to-GDP,-0.069
33,Infrastructure,Efficiency improvement (EMDE),Prim. deficit-to-GDP,-0.071
34,Infrastructure,Efficiency improvement (EMDE),Prim. deficit-to-GDP,-0.072
35,Infrastructure,Efficiency improvement (EMDE),Prim. deficit-to-GDP,-0.073
36,Infrastructure,Efficiency improvement (EMDE),Prim. deficit-to-GDP,-0.074
37,Infrastructure,Efficiency improvement (EMDE),Prim. deficit-to-GDP,-0.075
38,Infrastructure,Efficiency improvement (EMDE),Prim. deficit-to-GDP,-0.077
39,Infrastructure,Efficiency improvement (EMDE),Prim. deficit-to-GDP,-0.078
40,Infrastructure,Efficiency improvement (EMDE),Prim. deficit-to-GDP,-0.079
41,Infrastructure,Efficiency improvement (EMDE),Prim. deficit-to-GDP,-0.08
42,Infrastructure,Efficiency improvement (EMDE),Prim. deficit-to-GDP,-0.08
43,Infrastructure,Efficiency improvement (EMDE),Prim. deficit-to-GDP,-0.081
44,Infrastructure,Efficiency improvement (EMDE),Prim. deficit-to-GDP,-0.082
45,Infrastructure,Efficiency improvement (EMDE),Prim. deficit-to-GDP,-0.083
46,Infrastructure,Efficiency improvement (EMDE),Prim. deficit-to-GDP,-0.083
47,Infrastructure,Efficiency improvement (EMDE),Prim. deficit-to-GDP,-0.084
48,Infrastructure,Efficiency improvement (EMDE),Prim. deficit-to-GDP,-0.085
49,Infrastructure,Efficiency improvement (EMDE),Prim. deficit-to-GDP,-0.085
50,Infrastructure,Efficiency improvement (EMDE),Prim. deficit-to-GDP,-0.086
51,Infrastructure,Efficiency improvement (EMDE),Prim. deficit-to-GDP,-0.086
52,Infrastructure,Efficiency improvement (EMDE),Prim. deficit-to-GDP,-0.087
53,Infrastructure,Efficiency improvement (EMDE),Prim. deficit-to-GDP,-0.087
54,Infrastructure,Efficiency improvement (EMDE),Prim. deficit-to-GDP,-0.087
55,Infrastructure,Efficiency improvement (EMDE),Prim. deficit-to-GDP,-0.088
56,Infrastructure,Efficiency improvement (EMDE),Prim. deficit-to-GDP,-0.088
57,Infrastructure,Efficiency improvement (EMDE),Prim. deficit-to-GDP,-0.088
58,Infrastructure,Efficiency improvement (EMDE),Prim. deficit-to-GDP,-0.088
59,Infrastructure,Efficiency improvement (EMDE),Prim. deficit-to-GDP,-0.088
60,Infrastructure,Efficiency improvement (EMDE),Prim. deficit-to-GDP,-0.089
61,Infrastructure,Efficiency improvement (EMDE),Prim. deficit-to-GDP,-0.089
62,Infrastructure,Efficiency improvement (EMDE),Prim. deficit-to-GDP,-0.089
63,Infrastructure,Efficiency improvement (EMDE),Prim. deficit-to-GDP,-0.089
64,Infrastructure,Efficiency improvement (EMDE),Prim. deficit-to-GDP,-0.089
65,Infrastructure,Efficiency improvement (EMDE),Prim. deficit-to-GDP,-0.089
66,Infrastructure,Efficiency improvement (EMDE),Prim. deficit-to-GDP,-0.089
67,Infrastructure,Efficiency improvement (EMDE),Prim. deficit-to-GDP,-0.089
68,Infrastructure,Efficiency improvement (EMDE),Prim. deficit-to-GDP,-0.089
69,Infrastructure,Efficiency improvement (EMDE),Prim. deficit-to-GDP,-0.088
70,Infrastructure,Efficiency improvement (EMDE),Prim. deficit-to-GDP,-0.088
71,Infrastructure,Efficiency improvement (EMDE),Prim. deficit-to-GDP,-0.088
72,Infrastructure,Efficiency improvement (EMDE),Prim. deficit-to-GDP,-0.088
73,Infrastructure,Efficiency improvement (EMDE),Prim. deficit-to-GDP,-0.088
74,Infrastructure,Efficiency improvement (EMDE),Prim. deficit-to-GDP,-0.087
75,Infrastructure,Efficiency improvement (EMDE),Prim. deficit-to-GDP,-0.087
76,Infrastructure,Efficiency improvement (EMDE),Prim. deficit-to-GDP,-0.087
77,Infrastructure,Efficiency improvement (EMDE),Prim. deficit-to-GDP,-0.087
78,Infrastructure,Efficiency improvement (EMDE),Prim. deficit-to-GDP,-0.086
79,Infrastructure,Efficiency improvement (EMDE),Prim. deficit-to-GDP,-0.086
80,Infrastructure,Efficiency improvement (EMDE),Prim. deficit-to-GDP,-0.086
81,Infrastructure,Efficiency improvement (EMDE),Prim. deficit-to-GDP,-0.085
82,Infrastructure,Efficiency improvement (EMDE),Prim. deficit-to-GDP,-0.085
83,Infrastructure,Efficiency improvement (EMDE),Prim. deficit-to-GDP,-0.085
84,Infrastructure,Efficiency improvement (EMDE),Prim. deficit-to-GDP,-0.084
85,Infrastructure,Efficiency improvement (EMDE),Prim. deficit-to-GDP,-0.084
86,Infrastructure,Efficiency improvement (EMDE),Prim. deficit-to-GDP,-0.083
87,Infrastructure,Efficiency improvement (EMDE),Prim. deficit-to-GDP,-0.083
88,Infrastructure,Efficiency improvement (EMDE),Prim. deficit-to-GDP,-0.083
89,Infrastructure,Efficiency improvement (EMDE),Prim. deficit-to-GDP,-0.082
90,Infrastructure,Efficiency improvement (EMDE),Prim. deficit-to-GDP,-0.082
91,Infrastructure,Efficiency improvement (EMDE),Prim. deficit-to-GDP,-0.081
92,Infrastructure,Efficiency improvement (EMDE),Prim. deficit-to-GDP,-0.081
93,Infrastructure,Efficiency improvement (EMDE),Prim. deficit-to-GDP,-0.08
94,Infrastructure,Efficiency improvement (EMDE),Prim. deficit-to-GDP,-0.08
95,Infrastructure,Efficiency improvement (EMDE),Prim. deficit-to-GDP,-0.079
96,Infrastructure,Efficiency improvement (EMDE),Prim. deficit-to-GDP,-0.079
97,Infrastructure,Efficiency improvement (EMDE),Prim. deficit-to-GDP,-0.078
98,Infrastructure,Efficiency improvement (EMDE),Prim. deficit-to-GDP,-0.078
99,Infrastructure,Efficiency improvement (EMDE),Prim. deficit-to-GDP,-0.077
100,Infrastructure,Efficiency improvement (EMDE),Prim. deficit-to-GDP,-0.077
1,Human capital,"Spending increase (AE, benchmark)",Prim. deficit-to-GDP,0.153
2,Human capital,"Spending increase (AE, benchmark)",Prim. deficit-to-GDP,0.228
3,Human capital,"Spending increase (AE, benchmark)",Prim. deficit-to-GDP,0.228
4,Human capital,"Spending increase (AE, benchmark)",Prim. deficit-to-GDP,0.23
5,Human capital,"Spending increase (AE, benchmark)",Prim. deficit-to-GDP,0.233
6,Human capital,"Spending increase (AE, benchmark)",Prim. deficit-to-GDP,0.236
7,Human capital,"Spending increase (AE, benchmark)",Prim. deficit-to-GDP,0.238
8,Human capital,"Spending increase (AE, benchmark)",Prim. deficit-to-GDP,0.24
9,Human capital,"Spending increase (AE, benchmark)",Prim. deficit-to-GDP,0.242
10,Human capital,"Spending increase (AE, benchmark)",Prim. deficit-to-GDP,0.244
11,Human capital,"Spending increase (AE, benchmark)",Prim. deficit-to-GDP,0.246
12,Human capital,"Spending increase (AE, benchmark)",Prim. deficit-to-GDP,0.247
13,Human capital,"Spending increase (AE, benchmark)",Prim. deficit-to-GDP,0.248
14,Human capital,"Spending increase (AE, benchmark)",Prim. deficit-to-GDP,0.249
15,Human capital,"Spending increase (AE, benchmark)",Prim. deficit-to-GDP,0.249
16,Human capital,"Spending increase (AE, benchmark)",Prim. deficit-to-GDP,0.249
17,Human capital,"Spending increase (AE, benchmark)",Prim. deficit-to-GDP,0.249
18,Human capital,"Spending increase (AE, benchmark)",Prim. deficit-to-GDP,0.249
19,Human capital,"Spending increase (AE, benchmark)",Prim. deficit-to-GDP,0.249
20,Human capital,"Spending increase (AE, benchmark)",Prim. deficit-to-GDP,0.248
21,Human capital,"Spending increase (AE, benchmark)",Prim. deficit-to-GDP,0.247
22,Human capital,"Spending increase (AE, benchmark)",Prim. deficit-to-GDP,0.246
23,Human capital,"Spending increase (AE, benchmark)",Prim. deficit-to-GDP,0.245
24,Human capital,"Spending increase (AE, benchmark)",Prim. deficit-to-GDP,0.244
25,Human capital,"Spending increase (AE, benchmark)",Prim. deficit-to-GDP,0.242
26,Human capital,"Spending increase (AE, benchmark)",Prim. deficit-to-GDP,0.241
27,Human capital,"Spending increase (AE, benchmark)",Prim. deficit-to-GDP,0.239
28,Human capital,"Spending increase (AE, benchmark)",Prim. deficit-to-GDP,0.237
29,Human capital,"Spending increase (AE, benchmark)",Prim. deficit-to-GDP,0.234
30,Human capital,"Spending increase (AE, benchmark)",Prim. deficit-to-GDP,0.232
31,Human capital,"Spending increase (AE, benchmark)",Prim. deficit-to-GDP,0.229
32,Human capital,"Spending increase (AE, benchmark)",Prim. deficit-to-GDP,0.227
33,Human capital,"Spending increase (AE, benchmark)",Prim. deficit-to-GDP,0.224
34,Human capital,"Spending increase (AE, benchmark)",Prim. deficit-to-GDP,0.221
35,Human capital,"Spending increase (AE, benchmark)",Prim. deficit-to-GDP,0.218
36,Human capital,"Spending increase (AE, benchmark)",Prim. deficit-to-GDP,0.215
37,Human capital,"Spending increase (AE, benchmark)",Prim. deficit-to-GDP,0.211
38,Human capital,"Spending increase (AE, benchmark)",Prim. deficit-to-GDP,0.208
39,Human capital,"Spending increase (AE, benchmark)",Prim. deficit-to-GDP,0.204
40,Human capital,"Spending increase (AE, benchmark)",Prim. deficit-to-GDP,0.201
41,Human capital,"Spending increase (AE, benchmark)",Prim. deficit-to-GDP,0.197
42,Human capital,"Spending increase (AE, benchmark)",Prim. deficit-to-GDP,0.193
43,Human capital,"Spending increase (AE, benchmark)",Prim. deficit-to-GDP,0.189
44,Human capital,"Spending increase (AE, benchmark)",Prim. deficit-to-GDP,0.185
45,Human capital,"Spending increase (AE, benchmark)",Prim. deficit-to-GDP,0.181
46,Human capital,"Spending increase (AE, benchmark)",Prim. deficit-to-GDP,0.177
47,Human capital,"Spending increase (AE, benchmark)",Prim. deficit-to-GDP,0.173
48,Human capital,"Spending increase (AE, benchmark)",Prim. deficit-to-GDP,0.168
49,Human capital,"Spending increase (AE, benchmark)",Prim. deficit-to-GDP,0.164
50,Human capital,"Spending increase (AE, benchmark)",Prim. deficit-to-GDP,0.159
51,Human capital,"Spending increase (AE, benchmark)",Prim. deficit-to-GDP,0.155
52,Human capital,"Spending increase (AE, benchmark)",Prim. deficit-to-GDP,0.15
53,Human capital,"Spending increase (AE, benchmark)",Prim. deficit-to-GDP,0.146
54,Human capital,"Spending increase (AE, benchmark)",Prim. deficit-to-GDP,0.141
55,Human capital,"Spending increase (AE, benchmark)",Prim. deficit-to-GDP,0.136
56,Human capital,"Spending increase (AE, benchmark)",Prim. deficit-to-GDP,0.131
57,Human capital,"Spending increase (AE, benchmark)",Prim. deficit-to-GDP,0.126
58,Human capital,"Spending increase (AE, benchmark)",Prim. deficit-to-GDP,0.122
59,Human capital,"Spending increase (AE, benchmark)",Prim. deficit-to-GDP,0.117
60,Human capital,"Spending increase (AE, benchmark)",Prim. deficit-to-GDP,0.112
61,Human capital,"Spending increase (AE, benchmark)",Prim. deficit-to-GDP,0.107
62,Human capital,"Spending increase (AE, benchmark)",Prim. deficit-to-GDP,0.102
63,Human capital,"Spending increase (AE, benchmark)",Prim. deficit-to-GDP,0.097
64,Human capital,"Spending increase (AE, benchmark)",Prim. deficit-to-GDP,0.091
65,Human capital,"Spending increase (AE, benchmark)",Prim. deficit-to-GDP,0.086
66,Human capital,"Spending increase (AE, benchmark)",Prim. deficit-to-GDP,0.081
67,Human capital,"Spending increase (AE, benchmark)",Prim. deficit-to-GDP,0.076
68,Human capital,"Spending increase (AE, benchmark)",Prim. deficit-to-GDP,0.071
69,Human capital,"Spending increase (AE, benchmark)",Prim. deficit-to-GDP,0.066
70,Human capital,"Spending increase (AE, benchmark)",Prim. deficit-to-GDP,0.061
71,Human capital,"Spending increase (AE, benchmark)",Prim. deficit-to-GDP,0.055
72,Human capital,"Spending increase (AE, benchmark)",Prim. deficit-to-GDP,0.05
73,Human capital,"Spending increase (AE, benchmark)",Prim. deficit-to-GDP,0.045
74,Human capital,"Spending increase (AE, benchmark)",Prim. deficit-to-GDP,0.04
75,Human capital,"Spending increase (AE, benchmark)",Prim. deficit-to-GDP,0.034
76,Human capital,"Spending increase (AE, benchmark)",Prim. deficit-to-GDP,0.029
77,Human capital,"Spending increase (AE, benchmark)",Prim. deficit-to-GDP,0.024
78,Human capital,"Spending increase (AE, benchmark)",Prim. deficit-to-GDP,0.019
79,Human capital,"Spending increase (AE, benchmark)",Prim. deficit-to-GDP,0.014
80,Human capital,"Spending increase (AE, benchmark)",Prim. deficit-to-GDP,0.008
81,Human capital,"Spending increase (AE, benchmark)",Prim. deficit-to-GDP,0.003
82,Human capital,"Spending increase (AE, benchmark)",Prim. deficit-to-GDP,-0.002
83,Human capital,"Spending increase (AE, benchmark)",Prim. deficit-to-GDP,-0.007
84,Human capital,"Spending increase (AE, benchmark)",Prim. deficit-to-GDP,-0.012
85,Human capital,"Spending increase (AE, benchmark)",Prim. deficit-to-GDP,-0.018
86,Human capital,"Spending increase (AE, benchmark)",Prim. deficit-to-GDP,-0.023
87,Human capital,"Spending increase (AE, benchmark)",Prim. deficit-to-GDP,-0.028
88,Human capital,"Spending increase (AE, benchmark)",Prim. deficit-to-GDP,-0.033
89,Human capital,"Spending increase (AE, benchmark)",Prim. deficit-to-GDP,-0.038
90,Human capital,"Spending increase (AE, benchmark)",Prim. deficit-to-GDP,-0.043
91,Human capital,"Spending increase (AE, benchmark)",Prim. deficit-to-GDP,-0.048
92,Human capital,"Spending increase (AE, benchmark)",Prim. deficit-to-GDP,-0.053
93,Human capital,"Spending increase (AE, benchmark)",Prim. deficit-to-GDP,-0.058
94,Human capital,"Spending increase (AE, benchmark)",Prim. deficit-to-GDP,-0.063
95,Human capital,"Spending increase (AE, benchmark)",Prim. deficit-to-GDP,-0.068
96,Human capital,"Spending increase (AE, benchmark)",Prim. deficit-to-GDP,-0.073
97,Human capital,"Spending increase (AE, benchmark)",Prim. deficit-to-GDP,-0.078
98,Human capital,"Spending increase (AE, benchmark)",Prim. deficit-to-GDP,-0.083
99,Human capital,"Spending increase (AE, benchmark)",Prim. deficit-to-GDP,-0.088
100,Human capital,"Spending increase (AE, benchmark)",Prim. deficit-to-GDP,-0.093
1,Human capital,Efficiency improvement (AE),Prim. deficit-to-GDP,-0.099
2,Human capital,Efficiency improvement (AE),Prim. deficit-to-GDP,-0.033
3,Human capital,Efficiency improvement (AE),Prim. deficit-to-GDP,-0.037
4,Human capital,Efficiency improvement (AE),Prim. deficit-to-GDP,-0.034
5,Human capital,Efficiency improvement (AE),Prim. deficit-to-GDP,-0.031
6,Human capital,Efficiency improvement (AE),Prim. deficit-to-GDP,-0.029
7,Human capital,Efficiency improvement (AE),Prim. deficit-to-GDP,-0.026
8,Human capital,Efficiency improvement (AE),Prim. deficit-to-GDP,-0.024
9,Human capital,Efficiency improvement (AE),Prim. deficit-to-GDP,-0.022
10,Human capital,Efficiency improvement (AE),Prim. deficit-to-GDP,-0.02
11,Human capital,Efficiency improvement (AE),Prim. deficit-to-GDP,-0.018
12,Human capital,Efficiency improvement (AE),Prim. deficit-to-GDP,-0.017
13,Human capital,Efficiency improvement (AE),Prim. deficit-to-GDP,-0.016
14,Human capital,Efficiency improvement (AE),Prim. deficit-to-GDP,-0.015
15,Human capital,Efficiency improvement (AE),Prim. deficit-to-GDP,-0.014
16,Human capital,Efficiency improvement (AE),Prim. deficit-to-GDP,-0.014
17,Human capital,Efficiency improvement (AE),Prim. deficit-to-GDP,-0.013
18,Human capital,Efficiency improvement (AE),Prim. deficit-to-GDP,-0.013
19,Human capital,Efficiency improvement (AE),Prim. deficit-to-GDP,-0.013
20,Human capital,Efficiency improvement (AE),Prim. deficit-to-GDP,-0.014
21,Human capital,Efficiency improvement (AE),Prim. deficit-to-GDP,-0.014
22,Human capital,Efficiency improvement (AE),Prim. deficit-to-GDP,-0.015
23,Human capital,Efficiency improvement (AE),Prim. deficit-to-GDP,-0.016
24,Human capital,Efficiency improvement (AE),Prim. deficit-to-GDP,-0.017
25,Human capital,Efficiency improvement (AE),Prim. deficit-to-GDP,-0.018
26,Human capital,Efficiency improvement (AE),Prim. deficit-to-GDP,-0.019
27,Human capital,Efficiency improvement (AE),Prim. deficit-to-GDP,-0.021
28,Human capital,Efficiency improvement (AE),Prim. deficit-to-GDP,-0.022
29,Human capital,Efficiency improvement (AE),Prim. deficit-to-GDP,-0.024
30,Human capital,Efficiency improvement (AE),Prim. deficit-to-GDP,-0.026
31,Human capital,Efficiency improvement (AE),Prim. deficit-to-GDP,-0.028
32,Human capital,Efficiency improvement (AE),Prim. deficit-to-GDP,-0.03
33,Human capital,Efficiency improvement (AE),Prim. deficit-to-GDP,-0.032
34,Human capital,Efficiency improvement (AE),Prim. deficit-to-GDP,-0.035
35,Human capital,Efficiency improvement (AE),Prim. deficit-to-GDP,-0.037
36,Human capital,Efficiency improvement (AE),Prim. deficit-to-GDP,-0.04
37,Human capital,Efficiency improvement (AE),Prim. deficit-to-GDP,-0.042
38,Human capital,Efficiency improvement (AE),Prim. deficit-to-GDP,-0.045
39,Human capital,Efficiency improvement (AE),Prim. deficit-to-GDP,-0.048
40,Human capital,Efficiency improvement (AE),Prim. deficit-to-GDP,-0.051
41,Human capital,Efficiency improvement (AE),Prim. deficit-to-GDP,-0.054
42,Human capital,Efficiency improvement (AE),Prim. deficit-to-GDP,-0.057
43,Human capital,Efficiency improvement (AE),Prim. deficit-to-GDP,-0.06
44,Human capital,Efficiency improvement (AE),Prim. deficit-to-GDP,-0.064
45,Human capital,Efficiency improvement (AE),Prim. deficit-to-GDP,-0.067
46,Human capital,Efficiency improvement (AE),Prim. deficit-to-GDP,-0.07
47,Human capital,Efficiency improvement (AE),Prim. deficit-to-GDP,-0.074
48,Human capital,Efficiency improvement (AE),Prim. deficit-to-GDP,-0.077
49,Human capital,Efficiency improvement (AE),Prim. deficit-to-GDP,-0.08
50,Human capital,Efficiency improvement (AE),Prim. deficit-to-GDP,-0.084
51,Human capital,Efficiency improvement (AE),Prim. deficit-to-GDP,-0.088
52,Human capital,Efficiency improvement (AE),Prim. deficit-to-GDP,-0.091
53,Human capital,Efficiency improvement (AE),Prim. deficit-to-GDP,-0.095
54,Human capital,Efficiency improvement (AE),Prim. deficit-to-GDP,-0.098
55,Human capital,Efficiency improvement (AE),Prim. deficit-to-GDP,-0.102
56,Human capital,Efficiency improvement (AE),Prim. deficit-to-GDP,-0.106
57,Human capital,Efficiency improvement (AE),Prim. deficit-to-GDP,-0.109
58,Human capital,Efficiency improvement (AE),Prim. deficit-to-GDP,-0.113
59,Human capital,Efficiency improvement (AE),Prim. deficit-to-GDP,-0.117
60,Human capital,Efficiency improvement (AE),Prim. deficit-to-GDP,-0.121
61,Human capital,Efficiency improvement (AE),Prim. deficit-to-GDP,-0.124
62,Human capital,Efficiency improvement (AE),Prim. deficit-to-GDP,-0.128
63,Human capital,Efficiency improvement (AE),Prim. deficit-to-GDP,-0.132
64,Human capital,Efficiency improvement (AE),Prim. deficit-to-GDP,-0.135
65,Human capital,Efficiency improvement (AE),Prim. deficit-to-GDP,-0.139
66,Human capital,Efficiency improvement (AE),Prim. deficit-to-GDP,-0.143
67,Human capital,Efficiency improvement (AE),Prim. deficit-to-GDP,-0.147
68,Human capital,Efficiency improvement (AE),Prim. deficit-to-GDP,-0.15
69,Human capital,Efficiency improvement (AE),Prim. deficit-to-GDP,-0.154
70,Human capital,Efficiency improvement (AE),Prim. deficit-to-GDP,-0.157
71,Human capital,Efficiency improvement (AE),Prim. deficit-to-GDP,-0.161
72,Human capital,Efficiency improvement (AE),Prim. deficit-to-GDP,-0.165
73,Human capital,Efficiency improvement (AE),Prim. deficit-to-GDP,-0.168
74,Human capital,Efficiency improvement (AE),Prim. deficit-to-GDP,-0.172
75,Human capital,Efficiency improvement (AE),Prim. deficit-to-GDP,-0.175
76,Human capital,Efficiency improvement (AE),Prim. deficit-to-GDP,-0.179
77,Human capital,Efficiency improvement (AE),Prim. deficit-to-GDP,-0.182
78,Human capital,Efficiency improvement (AE),Prim. deficit-to-GDP,-0.185
79,Human capital,Efficiency improvement (AE),Prim. deficit-to-GDP,-0.189
80,Human capital,Efficiency improvement (AE),Prim. deficit-to-GDP,-0.192
81,Human capital,Efficiency improvement (AE),Prim. deficit-to-GDP,-0.195
82,Human capital,Efficiency improvement (AE),Prim. deficit-to-GDP,-0.199
83,Human capital,Efficiency improvement (AE),Prim. deficit-to-GDP,-0.202
84,Human capital,Efficiency improvement (AE),Prim. deficit-to-GDP,-0.205
85,Human capital,Efficiency improvement (AE),Prim. deficit-to-GDP,-0.208
86,Human capital,Efficiency improvement (AE),Prim. deficit-to-GDP,-0.211
87,Human capital,Efficiency improvement (AE),Prim. deficit-to-GDP,-0.214
88,Human capital,Efficiency improvement (AE),Prim. deficit-to-GDP,-0.217
89,Human capital,Efficiency improvement (AE),Prim. deficit-to-GDP,-0.22
90,Human capital,Efficiency improvement (AE),Prim. deficit-to-GDP,-0.223
91,Human capital,Efficiency improvement (AE),Prim. deficit-to-GDP,-0.226
92,Human capital,Efficiency improvement (AE),Prim. deficit-to-GDP,-0.229
93,Human capital,Efficiency improvement (AE),Prim. deficit-to-GDP,-0.232
94,Human capital,Efficiency improvement (AE),Prim. deficit-to-GDP,-0.234
95,Human capital,Efficiency improvement (AE),Prim. deficit-to-GDP,-0.237
96,Human capital,Efficiency improvement (AE),Prim. deficit-to-GDP,-0.24
97,Human capital,Efficiency improvement (AE),Prim. deficit-to-GDP,-0.242
98,Human capital,Efficiency improvement (AE),Prim. deficit-to-GDP,-0.245
99,Human capital,Efficiency improvement (AE),Prim. deficit-to-GDP,-0.247
100,Human capital,Efficiency improvement (AE),Prim. deficit-to-GDP,-0.25
1,Human capital,Efficiency improvement (EMDE),Prim. deficit-to-GDP,-0.066
2,Human capital,Efficiency improvement (EMDE),Prim. deficit-to-GDP,-0.022
3,Human capital,Efficiency improvement (EMDE),Prim. deficit-to-GDP,-0.025
4,Human capital,Efficiency improvement (EMDE),Prim. deficit-to-GDP,-0.024
5,Human capital,Efficiency improvement (EMDE),Prim. deficit-to-GDP,-0.023
6,Human capital,Efficiency improvement (EMDE),Prim. deficit-to-GDP,-0.021
7,Human capital,Efficiency improvement (EMDE),Prim. deficit-to-GDP,-0.02
8,Human capital,Efficiency improvement (EMDE),Prim. deficit-to-GDP,-0.018
9,Human capital,Efficiency improvement (EMDE),Prim. deficit-to-GDP,-0.017
10,Human capital,Efficiency improvement (EMDE),Prim. deficit-to-GDP,-0.016
11,Human capital,Efficiency improvement (EMDE),Prim. deficit-to-GDP,-0.016
12,Human capital,Efficiency improvement (EMDE),Prim. deficit-to-GDP,-0.015
13,Human capital,Efficiency improvement (EMDE),Prim. deficit-to-GDP,-0.015
14,Human capital,Efficiency improvement (EMDE),Prim. deficit-to-GDP,-0.014
15,Human capital,Efficiency improvement (EMDE),Prim. deficit-to-GDP,-0.014
16,Human capital,Efficiency improvement (EMDE),Prim. deficit-to-GDP,-0.015
17,Human capital,Efficiency improvement (EMDE),Prim. deficit-to-GDP,-0.015
18,Human capital,Efficiency improvement (EMDE),Prim. deficit-to-GDP,-0.015
19,Human capital,Efficiency improvement (EMDE),Prim. deficit-to-GDP,-0.016
20,Human capital,Efficiency improvement (EMDE),Prim. deficit-to-GDP,-0.017
21,Human capital,Efficiency improvement (EMDE),Prim. deficit-to-GDP,-0.018
22,Human capital,Efficiency improvement (EMDE),Prim. deficit-to-GDP,-0.019
23,Human capital,Efficiency improvement (EMDE),Prim. deficit-to-GDP,-0.021
24,Human capital,Efficiency improvement (EMDE),Prim. deficit-to-GDP,-0.022
25,Human capital,Efficiency improvement (EMDE),Prim. deficit-to-GDP,-0.024
26,Human capital,Efficiency improvement (EMDE),Prim. deficit-to-GDP,-0.026
27,Human capital,Efficiency improvement (EMDE),Prim. deficit-to-GDP,-0.027
28,Human capital,Efficiency improvement (EMDE),Prim. deficit-to-GDP,-0.029
29,Human capital,Efficiency improvement (EMDE),Prim. deficit-to-GDP,-0.032
30,Human capital,Efficiency improvement (EMDE),Prim. deficit-to-GDP,-0.034
31,Human capital,Efficiency improvement (EMDE),Prim. deficit-to-GDP,-0.036
32,Human capital,Efficiency improvement (EMDE),Prim. deficit-to-GDP,-0.038
33,Human capital,Efficiency improvement (EMDE),Prim. deficit-to-GDP,-0.041
34,Human capital,Efficiency improvement (EMDE),Prim. deficit-to-GDP,-0.044
35,Human capital,Efficiency improvement (EMDE),Prim. deficit-to-GDP,-0.046
36,Human capital,Efficiency improvement (EMDE),Prim. deficit-to-GDP,-0.049
37,Human capital,Efficiency improvement (EMDE),Prim. deficit-to-GDP,-0.052
38,Human capital,Efficiency improvement (EMDE),Prim. deficit-to-GDP,-0.054
39,Human capital,Efficiency improvement (EMDE),Prim. deficit-to-GDP,-0.057
40,Human capital,Efficiency improvement (EMDE),Prim. deficit-to-GDP,-0.06
41,Human capital,Efficiency improvement (EMDE),Prim. deficit-to-GDP,-0.063
42,Human capital,Efficiency improvement (EMDE),Prim. deficit-to-GDP,-0.066
43,Human capital,Efficiency improvement (EMDE),Prim. deficit-to-GDP,-0.069
44,Human capital,Efficiency improvement (EMDE),Prim. deficit-to-GDP,-0.072
45,Human capital,Efficiency improvement (EMDE),Prim. deficit-to-GDP,-0.075
46,Human capital,Efficiency improvement (EMDE),Prim. deficit-to-GDP,-0.077
47,Human capital,Efficiency improvement (EMDE),Prim. deficit-to-GDP,-0.08
48,Human capital,Efficiency improvement (EMDE),Prim. deficit-to-GDP,-0.083
49,Human capital,Efficiency improvement (EMDE),Prim. deficit-to-GDP,-0.086
50,Human capital,Efficiency improvement (EMDE),Prim. deficit-to-GDP,-0.089
51,Human capital,Efficiency improvement (EMDE),Prim. deficit-to-GDP,-0.092
52,Human capital,Efficiency improvement (EMDE),Prim. deficit-to-GDP,-0.095
53,Human capital,Efficiency improvement (EMDE),Prim. deficit-to-GDP,-0.098
54,Human capital,Efficiency improvement (EMDE),Prim. deficit-to-GDP,-0.101
55,Human capital,Efficiency improvement (EMDE),Prim. deficit-to-GDP,-0.103
56,Human capital,Efficiency improvement (EMDE),Prim. deficit-to-GDP,-0.106
57,Human capital,Efficiency improvement (EMDE),Prim. deficit-to-GDP,-0.109
58,Human capital,Efficiency improvement (EMDE),Prim. deficit-to-GDP,-0.112
59,Human capital,Efficiency improvement (EMDE),Prim. deficit-to-GDP,-0.114
60,Human capital,Efficiency improvement (EMDE),Prim. deficit-to-GDP,-0.117
61,Human capital,Efficiency improvement (EMDE),Prim. deficit-to-GDP,-0.119
62,Human capital,Efficiency improvement (EMDE),Prim. deficit-to-GDP,-0.122
63,Human capital,Efficiency improvement (EMDE),Prim. deficit-to-GDP,-0.124
64,Human capital,Efficiency improvement (EMDE),Prim. deficit-to-GDP,-0.127
65,Human capital,Efficiency improvement (EMDE),Prim. deficit-to-GDP,-0.129
66,Human capital,Efficiency improvement (EMDE),Prim. deficit-to-GDP,-0.131
67,Human capital,Efficiency improvement (EMDE),Prim. deficit-to-GDP,-0.134
68,Human capital,Efficiency improvement (EMDE),Prim. deficit-to-GDP,-0.136
69,Human capital,Efficiency improvement (EMDE),Prim. deficit-to-GDP,-0.138
70,Human capital,Efficiency improvement (EMDE),Prim. deficit-to-GDP,-0.14
71,Human capital,Efficiency improvement (EMDE),Prim. deficit-to-GDP,-0.142
72,Human capital,Efficiency improvement (EMDE),Prim. deficit-to-GDP,-0.144
73,Human capital,Efficiency improvement (EMDE),Prim. deficit-to-GDP,-0.146
74,Human capital,Efficiency improvement (EMDE),Prim. deficit-to-GDP,-0.148
75,Human capital,Efficiency improvement (EMDE),Prim. deficit-to-GDP,-0.15
76,Human capital,Efficiency improvement (EMDE),Prim. deficit-to-GDP,-0.152
77,Human capital,Efficiency improvement (EMDE),Prim. deficit-to-GDP,-0.153
78,Human capital,Efficiency improvement (EMDE),Prim. deficit-to-GDP,-0.155
79,Human capital,Efficiency improvement (EMDE),Prim. deficit-to-GDP,-0.156
80,Human capital,Efficiency improvement (EMDE),Prim. deficit-to-GDP,-0.158
81,Human capital,Efficiency improvement (EMDE),Prim. deficit-to-GDP,-0.159
82,Human capital,Efficiency improvement (EMDE),Prim. deficit-to-GDP,-0.161
83,Human capital,Efficiency improvement (EMDE),Prim. deficit-to-GDP,-0.162
84,Human capital,Efficiency improvement (EMDE),Prim. deficit-to-GDP,-0.163
85,Human capital,Efficiency improvement (EMDE),Prim. deficit-to-GDP,-0.165
86,Human capital,Efficiency improvement (EMDE),Prim. deficit-to-GDP,-0.166
87,Human capital,Efficiency improvement (EMDE),Prim. deficit-to-GDP,-0.167
88,Human capital,Efficiency improvement (EMDE),Prim. deficit-to-GDP,-0.168
89,Human capital,Efficiency improvement (EMDE),Prim. deficit-to-GDP,-0.169
90,Human capital,Efficiency improvement (EMDE),Prim. deficit-to-GDP,-0.17
91,Human capital,Efficiency improvement (EMDE),Prim. deficit-to-GDP,-0.171
92,Human capital,Efficiency improvement (EMDE),Prim. deficit-to-GDP,-0.172
93,Human capital,Efficiency improvement (EMDE),Prim. deficit-to-GDP,-0.172
94,Human capital,Efficiency improvement (EMDE),Prim. deficit-to-GDP,-0.173
95,Human capital,Efficiency improvement (EMDE),Prim. deficit-to-GDP,-0.174
96,Human capital,Efficiency improvement (EMDE),Prim. deficit-to-GDP,-0.174
97,Human capital,Efficiency improvement (EMDE),Prim. deficit-to-GDP,-0.175
98,Human capital,Efficiency improvement (EMDE),Prim. deficit-to-GDP,-0.176
99,Human capital,Efficiency improvement (EMDE),Prim. deficit-to-GDP,-0.176
100,Human capital,Efficiency improvement (EMDE),Prim. deficit-to-GDP,-0.176
1,R&D,"Spending increase (AE, benchmark)",Prim. deficit-to-GDP,0.203
2,R&D,"Spending increase (AE, benchmark)",Prim. deficit-to-GDP,0.272
3,R&D,"Spending increase (AE, benchmark)",Prim. deficit-to-GDP,0.273
4,R&D,"Spending increase (AE, benchmark)",Prim. deficit-to-GDP,0.275
5,R&D,"Spending increase (AE, benchmark)",Prim. deficit-to-GDP,0.275
6,R&D,"Spending increase (AE, benchmark)",Prim. deficit-to-GDP,0.274
7,R&D,"Spending increase (AE, benchmark)",Prim. deficit-to-GDP,0.273
8,R&D,"Spending increase (AE, benchmark)",Prim. deficit-to-GDP,0.27
9,R&D,"Spending increase (AE, benchmark)",Prim. deficit-to-GDP,0.267
10,R&D,"Spending increase (AE, benchmark)",Prim. deficit-to-GDP,0.263
11,R&D,"Spending increase (AE, benchmark)",Prim. deficit-to-GDP,0.259
12,R&D,"Spending increase (AE, benchmark)",Prim. deficit-to-GDP,0.255
13,R&D,"Spending increase (AE, benchmark)",Prim. deficit-to-GDP,0.25
14,R&D,"Spending increase (AE, benchmark)",Prim. deficit-to-GDP,0.245
15,R&D,"Spending increase (AE, benchmark)",Prim. deficit-to-GDP,0.24
16,R&D,"Spending increase (AE, benchmark)",Prim. deficit-to-GDP,0.235
17,R&D,"Spending increase (AE, benchmark)",Prim. deficit-to-GDP,0.229
18,R&D,"Spending increase (AE, benchmark)",Prim. deficit-to-GDP,0.224
19,R&D,"Spending increase (AE, benchmark)",Prim. deficit-to-GDP,0.218
20,R&D,"Spending increase (AE, benchmark)",Prim. deficit-to-GDP,0.213
21,R&D,"Spending increase (AE, benchmark)",Prim. deficit-to-GDP,0.207
22,R&D,"Spending increase (AE, benchmark)",Prim. deficit-to-GDP,0.202
23,R&D,"Spending increase (AE, benchmark)",Prim. deficit-to-GDP,0.196
24,R&D,"Spending increase (AE, benchmark)",Prim. deficit-to-GDP,0.191
25,R&D,"Spending increase (AE, benchmark)",Prim. deficit-to-GDP,0.185
26,R&D,"Spending increase (AE, benchmark)",Prim. deficit-to-GDP,0.18
27,R&D,"Spending increase (AE, benchmark)",Prim. deficit-to-GDP,0.174
28,R&D,"Spending increase (AE, benchmark)",Prim. deficit-to-GDP,0.169
29,R&D,"Spending increase (AE, benchmark)",Prim. deficit-to-GDP,0.163
30,R&D,"Spending increase (AE, benchmark)",Prim. deficit-to-GDP,0.158
31,R&D,"Spending increase (AE, benchmark)",Prim. deficit-to-GDP,0.153
32,R&D,"Spending increase (AE, benchmark)",Prim. deficit-to-GDP,0.147
33,R&D,"Spending increase (AE, benchmark)",Prim. deficit-to-GDP,0.142
34,R&D,"Spending increase (AE, benchmark)",Prim. deficit-to-GDP,0.137
35,R&D,"Spending increase (AE, benchmark)",Prim. deficit-to-GDP,0.132
36,R&D,"Spending increase (AE, benchmark)",Prim. deficit-to-GDP,0.127
37,R&D,"Spending increase (AE, benchmark)",Prim. deficit-to-GDP,0.122
38,R&D,"Spending increase (AE, benchmark)",Prim. deficit-to-GDP,0.117
39,R&D,"Spending increase (AE, benchmark)",Prim. deficit-to-GDP,0.112
40,R&D,"Spending increase (AE, benchmark)",Prim. deficit-to-GDP,0.107
41,R&D,"Spending increase (AE, benchmark)",Prim. deficit-to-GDP,0.102
42,R&D,"Spending increase (AE, benchmark)",Prim. deficit-to-GDP,0.097
43,R&D,"Spending increase (AE, benchmark)",Prim. deficit-to-GDP,0.093
44,R&D,"Spending increase (AE, benchmark)",Prim. deficit-to-GDP,0.088
45,R&D,"Spending increase (AE, benchmark)",Prim. deficit-to-GDP,0.083
46,R&D,"Spending increase (AE, benchmark)",Prim. deficit-to-GDP,0.079
47,R&D,"Spending increase (AE, benchmark)",Prim. deficit-to-GDP,0.074
48,R&D,"Spending increase (AE, benchmark)",Prim. deficit-to-GDP,0.07
49,R&D,"Spending increase (AE, benchmark)",Prim. deficit-to-GDP,0.066
50,R&D,"Spending increase (AE, benchmark)",Prim. deficit-to-GDP,0.061
51,R&D,"Spending increase (AE, benchmark)",Prim. deficit-to-GDP,0.057
52,R&D,"Spending increase (AE, benchmark)",Prim. deficit-to-GDP,0.053
53,R&D,"Spending increase (AE, benchmark)",Prim. deficit-to-GDP,0.049
54,R&D,"Spending increase (AE, benchmark)",Prim. deficit-to-GDP,0.045
55,R&D,"Spending increase (AE, benchmark)",Prim. deficit-to-GDP,0.04
56,R&D,"Spending increase (AE, benchmark)",Prim. deficit-to-GDP,0.036
57,R&D,"Spending increase (AE, benchmark)",Prim. deficit-to-GDP,0.033
58,R&D,"Spending increase (AE, benchmark)",Prim. deficit-to-GDP,0.029
59,R&D,"Spending increase (AE, benchmark)",Prim. deficit-to-GDP,0.025
60,R&D,"Spending increase (AE, benchmark)",Prim. deficit-to-GDP,0.021
61,R&D,"Spending increase (AE, benchmark)",Prim. deficit-to-GDP,0.017
62,R&D,"Spending increase (AE, benchmark)",Prim. deficit-to-GDP,0.014
63,R&D,"Spending increase (AE, benchmark)",Prim. deficit-to-GDP,0.01
64,R&D,"Spending increase (AE, benchmark)",Prim. deficit-to-GDP,0.006
65,R&D,"Spending increase (AE, benchmark)",Prim. deficit-to-GDP,0.003
66,R&D,"Spending increase (AE, benchmark)",Prim. deficit-to-GDP,-0.001
67,R&D,"Spending increase (AE, benchmark)",Prim. deficit-to-GDP,-0.004
68,R&D,"Spending increase (AE, benchmark)",Prim. deficit-to-GDP,-0.008
69,R&D,"Spending increase (AE, benchmark)",Prim. deficit-to-GDP,-0.011
70,R&D,"Spending increase (AE, benchmark)",Prim. deficit-to-GDP,-0.014
71,R&D,"Spending increase (AE, benchmark)",Prim. deficit-to-GDP,-0.018
72,R&D,"Spending increase (AE, benchmark)",Prim. deficit-to-GDP,-0.021
73,R&D,"Spending increase (AE, benchmark)",Prim. deficit-to-GDP,-0.024
74,R&D,"Spending increase (AE, benchmark)",Prim. deficit-to-GDP,-0.027
75,R&D,"Spending increase (AE, benchmark)",Prim. deficit-to-GDP,-0.03
76,R&D,"Spending increase (AE, benchmark)",Prim. deficit-to-GDP,-0.033
77,R&D,"Spending increase (AE, benchmark)",Prim. deficit-to-GDP,-0.036
78,R&D,"Spending increase (AE, benchmark)",Prim. deficit-to-GDP,-0.039
79,R&D,"Spending increase (AE, benchmark)",Prim. deficit-to-GDP,-0.042
80,R&D,"Spending increase (AE, benchmark)",Prim. deficit-to-GDP,-0.045
81,R&D,"Spending increase (AE, benchmark)",Prim. deficit-to-GDP,-0.048
82,R&D,"Spending increase (AE, benchmark)",Prim. deficit-to-GDP,-0.051
83,R&D,"Spending increase (AE, benchmark)",Prim. deficit-to-GDP,-0.054
84,R&D,"Spending increase (AE, benchmark)",Prim. deficit-to-GDP,-0.056
85,R&D,"Spending increase (AE, benchmark)",Prim. deficit-to-GDP,-0.059
86,R&D,"Spending increase (AE, benchmark)",Prim. deficit-to-GDP,-0.062
87,R&D,"Spending increase (AE, benchmark)",Prim. deficit-to-GDP,-0.064
88,R&D,"Spending increase (AE, benchmark)",Prim. deficit-to-GDP,-0.067
89,R&D,"Spending increase (AE, benchmark)",Prim. deficit-to-GDP,-0.07
90,R&D,"Spending increase (AE, benchmark)",Prim. deficit-to-GDP,-0.072
91,R&D,"Spending increase (AE, benchmark)",Prim. deficit-to-GDP,-0.075
92,R&D,"Spending increase (AE, benchmark)",Prim. deficit-to-GDP,-0.077
93,R&D,"Spending increase (AE, benchmark)",Prim. deficit-to-GDP,-0.079
94,R&D,"Spending increase (AE, benchmark)",Prim. deficit-to-GDP,-0.082
95,R&D,"Spending increase (AE, benchmark)",Prim. deficit-to-GDP,-0.084
96,R&D,"Spending increase (AE, benchmark)",Prim. deficit-to-GDP,-0.086
97,R&D,"Spending increase (AE, benchmark)",Prim. deficit-to-GDP,-0.089
98,R&D,"Spending increase (AE, benchmark)",Prim. deficit-to-GDP,-0.091
99,R&D,"Spending increase (AE, benchmark)",Prim. deficit-to-GDP,-0.093
100,R&D,"Spending increase (AE, benchmark)",Prim. deficit-to-GDP,-0.095
1,R&D,Efficiency improvement (AE),Prim. deficit-to-GDP,-0.056
2,R&D,Efficiency improvement (AE),Prim. deficit-to-GDP,0.002
3,R&D,Efficiency improvement (AE),Prim. deficit-to-GDP,0.001
4,R&D,Efficiency improvement (AE),Prim. deficit-to-GDP,0.002
5,R&D,Efficiency improvement (AE),Prim. deficit-to-GDP,0.003
6,R&D,Efficiency improvement (AE),Prim. deficit-to-GDP,0.003
7,R&D,Efficiency improvement (AE),Prim. deficit-to-GDP,0.001
8,R&D,Efficiency improvement (AE),Prim. deficit-to-GDP,-0.001
9,R&D,Efficiency improvement (AE),Prim. deficit-to-GDP,-0.004
10,R&D,Efficiency improvement (AE),Prim. deficit-to-GDP,-0.007
11,R&D,Efficiency improvement (AE),Prim. deficit-to-GDP,-0.011
12,R&D,Efficiency improvement (AE),Prim. deficit-to-GDP,-0.015
13,R&D,Efficiency improvement (AE),Prim. deficit-to-GDP,-0.019
14,R&D,Efficiency improvement (AE),Prim. deficit-to-GDP,-0.024
15,R&D,Efficiency improvement (AE),Prim. deficit-to-GDP,-0.029
16,R&D,Efficiency improvement (AE),Prim. deficit-to-GDP,-0.034
17,R&D,Efficiency improvement (AE),Prim. deficit-to-GDP,-0.039
18,R&D,Efficiency improvement (AE),Prim. deficit-to-GDP,-0.044
19,R&D,Efficiency improvement (AE),Prim. deficit-to-GDP,-0.049
20,R&D,Efficiency improvement (AE),Prim. deficit-to-GDP,-0.054
21,R&D,Efficiency improvement (AE),Prim. deficit-to-GDP,-0.059
22,R&D,Efficiency improvement (AE),Prim. deficit-to-GDP,-0.065
23,R&D,Efficiency improvement (AE),Prim. deficit-to-GDP,-0.07
24,R&D,Efficiency improvement (AE),Prim. deficit-to-GDP,-0.075
25,R&D,Efficiency improvement (AE),Prim. deficit-to-GDP,-0.08
26,R&D,Efficiency improvement (AE),Prim. deficit-to-GDP,-0.085
27,R&D,Efficiency improvement (AE),Prim. deficit-to-GDP,-0.09
28,R&D,Efficiency improvement (AE),Prim. deficit-to-GDP,-0.095
29,R&D,Efficiency improvement (AE),Prim. deficit-to-GDP,-0.1
30,R&D,Efficiency improvement (AE),Prim. deficit-to-GDP,-0.105
31,R&D,Efficiency improvement (AE),Prim. deficit-to-GDP,-0.11
32,R&D,Efficiency improvement (AE),Prim. deficit-to-GDP,-0.115
33,R&D,Efficiency improvement (AE),Prim. deficit-to-GDP,-0.119
34,R&D,Efficiency improvement (AE),Prim. deficit-to-GDP,-0.124
35,R&D,Efficiency improvement (AE),Prim. deficit-to-GDP,-0.128
36,R&D,Efficiency improvement (AE),Prim. deficit-to-GDP,-0.133
37,R&D,Efficiency improvement (AE),Prim. deficit-to-GDP,-0.137
38,R&D,Efficiency improvement (AE),Prim. deficit-to-GDP,-0.141
39,R&D,Efficiency improvement (AE),Prim. deficit-to-GDP,-0.145
40,R&D,Efficiency improvement (AE),Prim. deficit-to-GDP,-0.149
41,R&D,Efficiency improvement (AE),Prim. deficit-to-GDP,-0.153
42,R&D,Efficiency improvement (AE),Prim. deficit-to-GDP,-0.157
43,R&D,Efficiency improvement (AE),Prim. deficit-to-GDP,-0.161
44,R&D,Efficiency improvement (AE),Prim. deficit-to-GDP,-0.165
45,R&D,Efficiency improvement (AE),Prim. deficit-to-GDP,-0.168
46,R&D,Efficiency improvement (AE),Prim. deficit-to-GDP,-0.172
47,R&D,Efficiency improvement (AE),Prim. deficit-to-GDP,-0.175
48,R&D,Efficiency improvement (AE),Prim. deficit-to-GDP,-0.178
49,R&D,Efficiency improvement (AE),Prim. deficit-to-GDP,-0.182
50,R&D,Efficiency improvement (AE),Prim. deficit-to-GDP,-0.185
51,R&D,Efficiency improvement (AE),Prim. deficit-to-GDP,-0.188
52,R&D,Efficiency improvement (AE),Prim. deficit-to-GDP,-0.191
53,R&D,Efficiency improvement (AE),Prim. deficit-to-GDP,-0.193
54,R&D,Efficiency improvement (AE),Prim. deficit-to-GDP,-0.196
55,R&D,Efficiency improvement (AE),Prim. deficit-to-GDP,-0.199
56,R&D,Efficiency improvement (AE),Prim. deficit-to-GDP,-0.202
57,R&D,Efficiency improvement (AE),Prim. deficit-to-GDP,-0.204
58,R&D,Efficiency improvement (AE),Prim. deficit-to-GDP,-0.206
59,R&D,Efficiency improvement (AE),Prim. deficit-to-GDP,-0.209
60,R&D,Efficiency improvement (AE),Prim. deficit-to-GDP,-0.211
61,R&D,Efficiency improvement (AE),Prim. deficit-to-GDP,-0.213
62,R&D,Efficiency improvement (AE),Prim. deficit-to-GDP,-0.215
63,R&D,Efficiency improvement (AE),Prim. deficit-to-GDP,-0.217
64,R&D,Efficiency improvement (AE),Prim. deficit-to-GDP,-0.219
65,R&D,Efficiency improvement (AE),Prim. deficit-to-GDP,-0.221
66,R&D,Efficiency improvement (AE),Prim. deficit-to-GDP,-0.223
67,R&D,Efficiency improvement (AE),Prim. deficit-to-GDP,-0.225
68,R&D,Efficiency improvement (AE),Prim. deficit-to-GDP,-0.226
69,R&D,Efficiency improvement (AE),Prim. deficit-to-GDP,-0.228
70,R&D,Efficiency improvement (AE),Prim. deficit-to-GDP,-0.229
71,R&D,Efficiency improvement (AE),Prim. deficit-to-GDP,-0.231
72,R&D,Efficiency improvement (AE),Prim. deficit-to-GDP,-0.232
73,R&D,Efficiency improvement (AE),Prim. deficit-to-GDP,-0.234
74,R&D,Efficiency improvement (AE),Prim. deficit-to-GDP,-0.235
75,R&D,Efficiency improvement (AE),Prim. deficit-to-GDP,-0.236
76,R&D,Efficiency improvement (AE),Prim. deficit-to-GDP,-0.237
77,R&D,Efficiency improvement (AE),Prim. deficit-to-GDP,-0.238
78,R&D,Efficiency improvement (AE),Prim. deficit-to-GDP,-0.239
79,R&D,Efficiency improvement (AE),Prim. deficit-to-GDP,-0.24
80,R&D,Efficiency improvement (AE),Prim. deficit-to-GDP,-0.241
81,R&D,Efficiency improvement (AE),Prim. deficit-to-GDP,-0.242
82,R&D,Efficiency improvement (AE),Prim. deficit-to-GDP,-0.243
83,R&D,Efficiency improvement (AE),Prim. deficit-to-GDP,-0.243
84,R&D,Efficiency improvement (AE),Prim. deficit-to-GDP,-0.244
85,R&D,Efficiency improvement (AE),Prim. deficit-to-GDP,-0.245
86,R&D,Efficiency improvement (AE),Prim. deficit-to-GDP,-0.245
87,R&D,Efficiency improvement (AE),Prim. deficit-to-GDP,-0.246
88,R&D,Efficiency improvement (AE),Prim. deficit-to-GDP,-0.246
89,R&D,Efficiency improvement (AE),Prim. deficit-to-GDP,-0.246
90,R&D,Efficiency improvement (AE),Prim. deficit-to-GDP,-0.247
91,R&D,Efficiency improvement (AE),Prim. deficit-to-GDP,-0.247
92,R&D,Efficiency improvement (AE),Prim. deficit-to-GDP,-0.247
93,R&D,Efficiency improvement (AE),Prim. deficit-to-GDP,-0.248
94,R&D,Efficiency improvement (AE),Prim. deficit-to-GDP,-0.248
95,R&D,Efficiency improvement (AE),Prim. deficit-to-GDP,-0.248
96,R&D,Efficiency improvement (AE),Prim. deficit-to-GDP,-0.248
97,R&D,Efficiency improvement (AE),Prim. deficit-to-GDP,-0.248
98,R&D,Efficiency improvement (AE),Prim. deficit-to-GDP,-0.248
99,R&D,Efficiency improvement (AE),Prim. deficit-to-GDP,-0.248
100,R&D,Efficiency improvement (AE),Prim. deficit-to-GDP,-0.248
1,Infrastructure,"Spending increase (AE, benchmark)",Debt-to-GDP ratio (b<sub>t</sub>),-0.073
2,Infrastructure,"Spending increase (AE, benchmark)",Debt-to-GDP ratio (b<sub>t</sub>),0.096
3,Infrastructure,"Spending increase (AE, benchmark)",Debt-to-GDP ratio (b<sub>t</sub>),0.148
4,Infrastructure,"Spending increase (AE, benchmark)",Debt-to-GDP ratio (b<sub>t</sub>),0.201
5,Infrastructure,"Spending increase (AE, benchmark)",Debt-to-GDP ratio (b<sub>t</sub>),0.255
6,Infrastructure,"Spending increase (AE, benchmark)",Debt-to-GDP ratio (b<sub>t</sub>),0.311
7,Infrastructure,"Spending increase (AE, benchmark)",Debt-to-GDP ratio (b<sub>t</sub>),0.367
8,Infrastructure,"Spending increase (AE, benchmark)",Debt-to-GDP ratio (b<sub>t</sub>),0.422
9,Infrastructure,"Spending increase (AE, benchmark)",Debt-to-GDP ratio (b<sub>t</sub>),0.479
10,Infrastructure,"Spending increase (AE, benchmark)",Debt-to-GDP ratio (b<sub>t</sub>),0.534
11,Infrastructure,"Spending increase (AE, benchmark)",Debt-to-GDP ratio (b<sub>t</sub>),0.59
12,Infrastructure,"Spending increase (AE, benchmark)",Debt-to-GDP ratio (b<sub>t</sub>),0.645
13,Infrastructure,"Spending increase (AE, benchmark)",Debt-to-GDP ratio (b<sub>t</sub>),0.702
14,Infrastructure,"Spending increase (AE, benchmark)",Debt-to-GDP ratio (b<sub>t</sub>),0.757
15,Infrastructure,"Spending increase (AE, benchmark)",Debt-to-GDP ratio (b<sub>t</sub>),0.814
16,Infrastructure,"Spending increase (AE, benchmark)",Debt-to-GDP ratio (b<sub>t</sub>),0.869
17,Infrastructure,"Spending increase (AE, benchmark)",Debt-to-GDP ratio (b<sub>t</sub>),0.923
18,Infrastructure,"Spending increase (AE, benchmark)",Debt-to-GDP ratio (b<sub>t</sub>),0.978
19,Infrastructure,"Spending increase (AE, benchmark)",Debt-to-GDP ratio (b<sub>t</sub>),1.033
20,Infrastructure,"Spending increase (AE, benchmark)",Debt-to-GDP ratio (b<sub>t</sub>),1.088
21,Infrastructure,"Spending increase (AE, benchmark)",Debt-to-GDP ratio (b<sub>t</sub>),1.142
22,Infrastructure,"Spending increase (AE, benchmark)",Debt-to-GDP ratio (b<sub>t</sub>),1.196
23,Infrastructure,"Spending increase (AE, benchmark)",Debt-to-GDP ratio (b<sub>t</sub>),1.249
24,Infrastructure,"Spending increase (AE, benchmark)",Debt-to-GDP ratio (b<sub>t</sub>),1.302
25,Infrastructure,"Spending increase (AE, benchmark)",Debt-to-GDP ratio (b<sub>t</sub>),1.355
26,Infrastructure,"Spending increase (AE, benchmark)",Debt-to-GDP ratio (b<sub>t</sub>),1.407
27,Infrastructure,"Spending increase (AE, benchmark)",Debt-to-GDP ratio (b<sub>t</sub>),1.459
28,Infrastructure,"Spending increase (AE, benchmark)",Debt-to-GDP ratio (b<sub>t</sub>),1.51
29,Infrastructure,"Spending increase (AE, benchmark)",Debt-to-GDP ratio (b<sub>t</sub>),1.562
30,Infrastructure,"Spending increase (AE, benchmark)",Debt-to-GDP ratio (b<sub>t</sub>),1.613
31,Infrastructure,"Spending increase (AE, benchmark)",Debt-to-GDP ratio (b<sub>t</sub>),1.664
32,Infrastructure,"Spending increase (AE, benchmark)",Debt-to-GDP ratio (b<sub>t</sub>),1.713
33,Infrastructure,"Spending increase (AE, benchmark)",Debt-to-GDP ratio (b<sub>t</sub>),1.764
34,Infrastructure,"Spending increase (AE, benchmark)",Debt-to-GDP ratio (b<sub>t</sub>),1.813
35,Infrastructure,"Spending increase (AE, benchmark)",Debt-to-GDP ratio (b<sub>t</sub>),1.861
36,Infrastructure,"Spending increase (AE, benchmark)",Debt-to-GDP ratio (b<sub>t</sub>),1.91
37,Infrastructure,"Spending increase (AE, benchmark)",Debt-to-GDP ratio (b<sub>t</sub>),1.957
38,Infrastructure,"Spending increase (AE, benchmark)",Debt-to-GDP ratio (b<sub>t</sub>),2.005
39,Infrastructure,"Spending increase (AE, benchmark)",Debt-to-GDP ratio (b<sub>t</sub>),2.053
40,Infrastructure,"Spending increase (AE, benchmark)",Debt-to-GDP ratio (b<sub>t</sub>),2.099
41,Infrastructure,"Spending increase (AE, benchmark)",Debt-to-GDP ratio (b<sub>t</sub>),2.146
42,Infrastructure,"Spending increase (AE, benchmark)",Debt-to-GDP ratio (b<sub>t</sub>),2.191
43,Infrastructure,"Spending increase (AE, benchmark)",Debt-to-GDP ratio (b<sub>t</sub>),2.237
44,Infrastructure,"Spending increase (AE, benchmark)",Debt-to-GDP ratio (b<sub>t</sub>),2.282
45,Infrastructure,"Spending increase (AE, benchmark)",Debt-to-GDP ratio (b<sub>t</sub>),2.326
46,Infrastructure,"Spending increase (AE, benchmark)",Debt-to-GDP ratio (b<sub>t</sub>),2.371
47,Infrastructure,"Spending increase (AE, benchmark)",Debt-to-GDP ratio (b<sub>t</sub>),2.414
48,Infrastructure,"Spending increase (AE, benchmark)",Debt-to-GDP ratio (b<sub>t</sub>),2.457
49,Infrastructure,"Spending increase (AE, benchmark)",Debt-to-GDP ratio (b<sub>t</sub>),2.5
50,Infrastructure,"Spending increase (AE, benchmark)",Debt-to-GDP ratio (b<sub>t</sub>),2.543
51,Infrastructure,"Spending increase (AE, benchmark)",Debt-to-GDP ratio (b<sub>t</sub>),2.585
52,Infrastructure,"Spending increase (AE, benchmark)",Debt-to-GDP ratio (b<sub>t</sub>),2.627
53,Infrastructure,"Spending increase (AE, benchmark)",Debt-to-GDP ratio (b<sub>t</sub>),2.668
54,Infrastructure,"Spending increase (AE, benchmark)",Debt-to-GDP ratio (b<sub>t</sub>),2.709
55,Infrastructure,"Spending increase (AE, benchmark)",Debt-to-GDP ratio (b<sub>t</sub>),2.748
56,Infrastructure,"Spending increase (AE, benchmark)",Debt-to-GDP ratio (b<sub>t</sub>),2.788
57,Infrastructure,"Spending increase (AE, benchmark)",Debt-to-GDP ratio (b<sub>t</sub>),2.828
58,Infrastructure,"Spending increase (AE, benchmark)",Debt-to-GDP ratio (b<sub>t</sub>),2.868
59,Infrastructure,"Spending increase (AE, benchmark)",Debt-to-GDP ratio (b<sub>t</sub>),2.906
60,Infrastructure,"Spending increase (AE, benchmark)",Debt-to-GDP ratio (b<sub>t</sub>),2.945
61,Infrastructure,"Spending increase (AE, benchmark)",Debt-to-GDP ratio (b<sub>t</sub>),2.983
62,Infrastructure,"Spending increase (AE, benchmark)",Debt-to-GDP ratio (b<sub>t</sub>),3.02
63,Infrastructure,"Spending increase (AE, benchmark)",Debt-to-GDP ratio (b<sub>t</sub>),3.058
64,Infrastructure,"Spending increase (AE, benchmark)",Debt-to-GDP ratio (b<sub>t</sub>),3.094
65,Infrastructure,"Spending increase (AE, benchmark)",Debt-to-GDP ratio (b<sub>t</sub>),3.131
66,Infrastructure,"Spending increase (AE, benchmark)",Debt-to-GDP ratio (b<sub>t</sub>),3.168
67,Infrastructure,"Spending increase (AE, benchmark)",Debt-to-GDP ratio (b<sub>t</sub>),3.204
68,Infrastructure,"Spending increase (AE, benchmark)",Debt-to-GDP ratio (b<sub>t</sub>),3.239
69,Infrastructure,"Spending increase (AE, benchmark)",Debt-to-GDP ratio (b<sub>t</sub>),3.275
70,Infrastructure,"Spending increase (AE, benchmark)",Debt-to-GDP ratio (b<sub>t</sub>),3.308
71,Infrastructure,"Spending increase (AE, benchmark)",Debt-to-GDP ratio (b<sub>t</sub>),3.343
72,Infrastructure,"Spending increase (AE, benchmark)",Debt-to-GDP ratio (b<sub>t</sub>),3.377
73,Infrastructure,"Spending increase (AE, benchmark)",Debt-to-GDP ratio (b<sub>t</sub>),3.411
74,Infrastructure,"Spending increase (AE, benchmark)",Debt-to-GDP ratio (b<sub>t</sub>),3.444
75,Infrastructure,"Spending increase (AE, benchmark)",Debt-to-GDP ratio (b<sub>t</sub>),3.477
76,Infrastructure,"Spending increase (AE, benchmark)",Debt-to-GDP ratio (b<sub>t</sub>),3.509
77,Infrastructure,"Spending increase (AE, benchmark)",Debt-to-GDP ratio (b<sub>t</sub>),3.542
78,Infrastructure,"Spending increase (AE, benchmark)",Debt-to-GDP ratio (b<sub>t</sub>),3.574
79,Infrastructure,"Spending increase (AE, benchmark)",Debt-to-GDP ratio (b<sub>t</sub>),3.605
80,Infrastructure,"Spending increase (AE, benchmark)",Debt-to-GDP ratio (b<sub>t</sub>),3.637
81,Infrastructure,"Spending increase (AE, benchmark)",Debt-to-GDP ratio (b<sub>t</sub>),3.668
82,Infrastructure,"Spending increase (AE, benchmark)",Debt-to-GDP ratio (b<sub>t</sub>),3.699
83,Infrastructure,"Spending increase (AE, benchmark)",Debt-to-GDP ratio (b<sub>t</sub>),3.729
84,Infrastructure,"Spending increase (AE, benchmark)",Debt-to-GDP ratio (b<sub>t</sub>),3.759
85,Infrastructure,"Spending increase (AE, benchmark)",Debt-to-GDP ratio (b<sub>t</sub>),3.789
86,Infrastructure,"Spending increase (AE, benchmark)",Debt-to-GDP ratio (b<sub>t</sub>),3.818
87,Infrastructure,"Spending increase (AE, benchmark)",Debt-to-GDP ratio (b<sub>t</sub>),3.848
88,Infrastructure,"Spending increase (AE, benchmark)",Debt-to-GDP ratio (b<sub>t</sub>),3.877
89,Infrastructure,"Spending increase (AE, benchmark)",Debt-to-GDP ratio (b<sub>t</sub>),3.905
90,Infrastructure,"Spending increase (AE, benchmark)",Debt-to-GDP ratio (b<sub>t</sub>),3.934
91,Infrastructure,"Spending increase (AE, benchmark)",Debt-to-GDP ratio (b<sub>t</sub>),3.962
92,Infrastructure,"Spending increase (AE, benchmark)",Debt-to-GDP ratio (b<sub>t</sub>),3.989
93,Infrastructure,"Spending increase (AE, benchmark)",Debt-to-GDP ratio (b<sub>t</sub>),4.018
94,Infrastructure,"Spending increase (AE, benchmark)",Debt-to-GDP ratio (b<sub>t</sub>),4.044
95,Infrastructure,"Spending increase (AE, benchmark)",Debt-to-GDP ratio (b<sub>t</sub>),4.072
96,Infrastructure,"Spending increase (AE, benchmark)",Debt-to-GDP ratio (b<sub>t</sub>),4.098
97,Infrastructure,"Spending increase (AE, benchmark)",Debt-to-GDP ratio (b<sub>t</sub>),4.125
98,Infrastructure,"Spending increase (AE, benchmark)",Debt-to-GDP ratio (b<sub>t</sub>),4.15
99,Infrastructure,"Spending increase (AE, benchmark)",Debt-to-GDP ratio (b<sub>t</sub>),4.176
100,Infrastructure,"Spending increase (AE, benchmark)",Debt-to-GDP ratio (b<sub>t</sub>),4.202
1,Infrastructure,Efficiency improvement (AE),Debt-to-GDP ratio (b<sub>t</sub>),-0.053
2,Infrastructure,Efficiency improvement (AE),Debt-to-GDP ratio (b<sub>t</sub>),0.01
3,Infrastructure,Efficiency improvement (AE),Debt-to-GDP ratio (b<sub>t</sub>),-0.006
4,Infrastructure,Efficiency improvement (AE),Debt-to-GDP ratio (b<sub>t</sub>),-0.02
5,Infrastructure,Efficiency improvement (AE),Debt-to-GDP ratio (b<sub>t</sub>),-0.032
6,Infrastructure,Efficiency improvement (AE),Debt-to-GDP ratio (b<sub>t</sub>),-0.045
7,Infrastructure,Efficiency improvement (AE),Debt-to-GDP ratio (b<sub>t</sub>),-0.057
8,Infrastructure,Efficiency improvement (AE),Debt-to-GDP ratio (b<sub>t</sub>),-0.068
9,Infrastructure,Efficiency improvement (AE),Debt-to-GDP ratio (b<sub>t</sub>),-0.081
10,Infrastructure,Efficiency improvement (AE),Debt-to-GDP ratio (b<sub>t</sub>),-0.092
11,Infrastructure,Efficiency improvement (AE),Debt-to-GDP ratio (b<sub>t</sub>),-0.104
12,Infrastructure,Efficiency improvement (AE),Debt-to-GDP ratio (b<sub>t</sub>),-0.115
13,Infrastructure,Efficiency improvement (AE),Debt-to-GDP ratio (b<sub>t</sub>),-0.126
14,Infrastructure,Efficiency improvement (AE),Debt-to-GDP ratio (b<sub>t</sub>),-0.138
15,Infrastructure,Efficiency improvement (AE),Debt-to-GDP ratio (b<sub>t</sub>),-0.149
16,Infrastructure,Efficiency improvement (AE),Debt-to-GDP ratio (b<sub>t</sub>),-0.161
17,Infrastructure,Efficiency improvement (AE),Debt-to-GDP ratio (b<sub>t</sub>),-0.173
18,Infrastructure,Efficiency improvement (AE),Debt-to-GDP ratio (b<sub>t</sub>),-0.184
19,Infrastructure,Efficiency improvement (AE),Debt-to-GDP ratio (b<sub>t</sub>),-0.196
20,Infrastructure,Efficiency improvement (AE),Debt-to-GDP ratio (b<sub>t</sub>),-0.209
21,Infrastructure,Efficiency improvement (AE),Debt-to-GDP ratio (b<sub>t</sub>),-0.221
22,Infrastructure,Efficiency improvement (AE),Debt-to-GDP ratio (b<sub>t</sub>),-0.234
23,Infrastructure,Efficiency improvement (AE),Debt-to-GDP ratio (b<sub>t</sub>),-0.246
24,Infrastructure,Efficiency improvement (AE),Debt-to-GDP ratio (b<sub>t</sub>),-0.26
25,Infrastructure,Efficiency improvement (AE),Debt-to-GDP ratio (b<sub>t</sub>),-0.273
26,Infrastructure,Efficiency improvement (AE),Debt-to-GDP ratio (b<sub>t</sub>),-0.286
27,Infrastructure,Efficiency improvement (AE),Debt-to-GDP ratio (b<sub>t</sub>),-0.3
28,Infrastructure,Efficiency improvement (AE),Debt-to-GDP ratio (b<sub>t</sub>),-0.314
29,Infrastructure,Efficiency improvement (AE),Debt-to-GDP ratio (b<sub>t</sub>),-0.328
30,Infrastructure,Efficiency improvement (AE),Debt-to-GDP ratio (b<sub>t</sub>),-0.343
31,Infrastructure,Efficiency improvement (AE),Debt-to-GDP ratio (b<sub>t</sub>),-0.358
32,Infrastructure,Efficiency improvement (AE),Debt-to-GDP ratio (b<sub>t</sub>),-0.373
33,Infrastructure,Efficiency improvement (AE),Debt-to-GDP ratio (b<sub>t</sub>),-0.388
34,Infrastructure,Efficiency improvement (AE),Debt-to-GDP ratio (b<sub>t</sub>),-0.404
35,Infrastructure,Efficiency improvement (AE),Debt-to-GDP ratio (b<sub>t</sub>),-0.42
36,Infrastructure,Efficiency improvement (AE),Debt-to-GDP ratio (b<sub>t</sub>),-0.437
37,Infrastructure,Efficiency improvement (AE),Debt-to-GDP ratio (b<sub>t</sub>),-0.454
38,Infrastructure,Efficiency improvement (AE),Debt-to-GDP ratio (b<sub>t</sub>),-0.47
39,Infrastructure,Efficiency improvement (AE),Debt-to-GDP ratio (b<sub>t</sub>),-0.488
40,Infrastructure,Efficiency improvement (AE),Debt-to-GDP ratio (b<sub>t</sub>),-0.505
41,Infrastructure,Efficiency improvement (AE),Debt-to-GDP ratio (b<sub>t</sub>),-0.523
42,Infrastructure,Efficiency improvement (AE),Debt-to-GDP ratio (b<sub>t</sub>),-0.54
43,Infrastructure,Efficiency improvement (AE),Debt-to-GDP ratio (b<sub>t</sub>),-0.559
44,Infrastructure,Efficiency improvement (AE),Debt-to-GDP ratio (b<sub>t</sub>),-0.578
45,Infrastructure,Efficiency improvement (AE),Debt-to-GDP ratio (b<sub>t</sub>),-0.597
46,Infrastructure,Efficiency improvement (AE),Debt-to-GDP ratio (b<sub>t</sub>),-0.616
47,Infrastructure,Efficiency improvement (AE),Debt-to-GDP ratio (b<sub>t</sub>),-0.635
48,Infrastructure,Efficiency improvement (AE),Debt-to-GDP ratio (b<sub>t</sub>),-0.656
49,Infrastructure,Efficiency improvement (AE),Debt-to-GDP ratio (b<sub>t</sub>),-0.674
50,Infrastructure,Efficiency improvement (AE),Debt-to-GDP ratio (b<sub>t</sub>),-0.696
51,Infrastructure,Efficiency improvement (AE),Debt-to-GDP ratio (b<sub>t</sub>),-0.716
52,Infrastructure,Efficiency improvement (AE),Debt-to-GDP ratio (b<sub>t</sub>),-0.737
53,Infrastructure,Efficiency improvement (AE),Debt-to-GDP ratio (b<sub>t</sub>),-0.758
54,Infrastructure,Efficiency improvement (AE),Debt-to-GDP ratio (b<sub>t</sub>),-0.779
55,Infrastructure,Efficiency improvement (AE),Debt-to-GDP ratio (b<sub>t</sub>),-0.799
56,Infrastructure,Efficiency improvement (AE),Debt-to-GDP ratio (b<sub>t</sub>),-0.821
57,Infrastructure,Efficiency improvement (AE),Debt-to-GDP ratio (b<sub>t</sub>),-0.844
58,Infrastructure,Efficiency improvement (AE),Debt-to-GDP ratio (b<sub>t</sub>),-0.866
59,Infrastructure,Efficiency improvement (AE),Debt-to-GDP ratio (b<sub>t</sub>),-0.888
60,Infrastructure,Efficiency improvement (AE),Debt-to-GDP ratio (b<sub>t</sub>),-0.911
61,Infrastructure,Efficiency improvement (AE),Debt-to-GDP ratio (b<sub>t</sub>),-0.933
62,Infrastructure,Efficiency improvement (AE),Debt-to-GDP ratio (b<sub>t</sub>),-0.955
63,Infrastructure,Efficiency improvement (AE),Debt-to-GDP ratio (b<sub>t</sub>),-0.979
64,Infrastructure,Efficiency improvement (AE),Debt-to-GDP ratio (b<sub>t</sub>),-1.002
65,Infrastructure,Efficiency improvement (AE),Debt-to-GDP ratio (b<sub>t</sub>),-1.025
66,Infrastructure,Efficiency improvement (AE),Debt-to-GDP ratio (b<sub>t</sub>),-1.05
67,Infrastructure,Efficiency improvement (AE),Debt-to-GDP ratio (b<sub>t</sub>),-1.073
68,Infrastructure,Efficiency improvement (AE),Debt-to-GDP ratio (b<sub>t</sub>),-1.097
69,Infrastructure,Efficiency improvement (AE),Debt-to-GDP ratio (b<sub>t</sub>),-1.122
70,Infrastructure,Efficiency improvement (AE),Debt-to-GDP ratio (b<sub>t</sub>),-1.145
71,Infrastructure,Efficiency improvement (AE),Debt-to-GDP ratio (b<sub>t</sub>),-1.17
72,Infrastructure,Efficiency improvement (AE),Debt-to-GDP ratio (b<sub>t</sub>),-1.194
73,Infrastructure,Efficiency improvement (AE),Debt-to-GDP ratio (b<sub>t</sub>),-1.219
74,Infrastructure,Efficiency improvement (AE),Debt-to-GDP ratio (b<sub>t</sub>),-1.243
75,Infrastructure,Efficiency improvement (AE),Debt-to-GDP ratio (b<sub>t</sub>),-1.269
76,Infrastructure,Efficiency improvement (AE),Debt-to-GDP ratio (b<sub>t</sub>),-1.294
77,Infrastructure,Efficiency improvement (AE),Debt-to-GDP ratio (b<sub>t</sub>),-1.319
78,Infrastructure,Efficiency improvement (AE),Debt-to-GDP ratio (b<sub>t</sub>),-1.344
79,Infrastructure,Efficiency improvement (AE),Debt-to-GDP ratio (b<sub>t</sub>),-1.37
80,Infrastructure,Efficiency improvement (AE),Debt-to-GDP ratio (b<sub>t</sub>),-1.395
81,Infrastructure,Efficiency improvement (AE),Debt-to-GDP ratio (b<sub>t</sub>),-1.421
82,Infrastructure,Efficiency improvement (AE),Debt-to-GDP ratio (b<sub>t</sub>),-1.447
83,Infrastructure,Efficiency improvement (AE),Debt-to-GDP ratio (b<sub>t</sub>),-1.472
84,Infrastructure,Efficiency improvement (AE),Debt-to-GDP ratio (b<sub>t</sub>),-1.498
85,Infrastructure,Efficiency improvement (AE),Debt-to-GDP ratio (b<sub>t</sub>),-1.524
86,Infrastructure,Efficiency improvement (AE),Debt-to-GDP ratio (b<sub>t</sub>),-1.55
87,Infrastructure,Efficiency improvement (AE),Debt-to-GDP ratio (b<sub>t</sub>),-1.576
88,Infrastructure,Efficiency improvement (AE),Debt-to-GDP ratio (b<sub>t</sub>),-1.603
89,Infrastructure,Efficiency improvement (AE),Debt-to-GDP ratio (b<sub>t</sub>),-1.629
90,Infrastructure,Efficiency improvement (AE),Debt-to-GDP ratio (b<sub>t</sub>),-1.656
91,Infrastructure,Efficiency improvement (AE),Debt-to-GDP ratio (b<sub>t</sub>),-1.682
92,Infrastructure,Efficiency improvement (AE),Debt-to-GDP ratio (b<sub>t</sub>),-1.709
93,Infrastructure,Efficiency improvement (AE),Debt-to-GDP ratio (b<sub>t</sub>),-1.735
94,Infrastructure,Efficiency improvement (AE),Debt-to-GDP ratio (b<sub>t</sub>),-1.761
95,Infrastructure,Efficiency improvement (AE),Debt-to-GDP ratio (b<sub>t</sub>),-1.788
96,Infrastructure,Efficiency improvement (AE),Debt-to-GDP ratio (b<sub>t</sub>),-1.815
97,Infrastructure,Efficiency improvement (AE),Debt-to-GDP ratio (b<sub>t</sub>),-1.841
98,Infrastructure,Efficiency improvement (AE),Debt-to-GDP ratio (b<sub>t</sub>),-1.869
99,Infrastructure,Efficiency improvement (AE),Debt-to-GDP ratio (b<sub>t</sub>),-1.895
100,Infrastructure,Efficiency improvement (AE),Debt-to-GDP ratio (b<sub>t</sub>),-1.922
1,Infrastructure,Efficiency improvement (EMDE),Debt-to-GDP ratio (b<sub>t</sub>),-0.073
2,Infrastructure,Efficiency improvement (EMDE),Debt-to-GDP ratio (b<sub>t</sub>),0.001
3,Infrastructure,Efficiency improvement (EMDE),Debt-to-GDP ratio (b<sub>t</sub>),-0.017
4,Infrastructure,Efficiency improvement (EMDE),Debt-to-GDP ratio (b<sub>t</sub>),-0.033
5,Infrastructure,Efficiency improvement (EMDE),Debt-to-GDP ratio (b<sub>t</sub>),-0.047
6,Infrastructure,Efficiency improvement (EMDE),Debt-to-GDP ratio (b<sub>t</sub>),-0.061
7,Infrastructure,Efficiency improvement (EMDE),Debt-to-GDP ratio (b<sub>t</sub>),-0.074
8,Infrastructure,Efficiency improvement (EMDE),Debt-to-GDP ratio (b<sub>t</sub>),-0.087
9,Infrastructure,Efficiency improvement (EMDE),Debt-to-GDP ratio (b<sub>t</sub>),-0.099
10,Infrastructure,Efficiency improvement (EMDE),Debt-to-GDP ratio (b<sub>t</sub>),-0.112
11,Infrastructure,Efficiency improvement (EMDE),Debt-to-GDP ratio (b<sub>t</sub>),-0.124
12,Infrastructure,Efficiency improvement (EMDE),Debt-to-GDP ratio (b<sub>t</sub>),-0.136
13,Infrastructure,Efficiency improvement (EMDE),Debt-to-GDP ratio (b<sub>t</sub>),-0.148
14,Infrastructure,Efficiency improvement (EMDE),Debt-to-GDP ratio (b<sub>t</sub>),-0.16
15,Infrastructure,Efficiency improvement (EMDE),Debt-to-GDP ratio (b<sub>t</sub>),-0.172
16,Infrastructure,Efficiency improvement (EMDE),Debt-to-GDP ratio (b<sub>t</sub>),-0.184
17,Infrastructure,Efficiency improvement (EMDE),Debt-to-GDP ratio (b<sub>t</sub>),-0.197
18,Infrastructure,Efficiency improvement (EMDE),Debt-to-GDP ratio (b<sub>t</sub>),-0.209
19,Infrastructure,Efficiency improvement (EMDE),Debt-to-GDP ratio (b<sub>t</sub>),-0.222
20,Infrastructure,Efficiency improvement (EMDE),Debt-to-GDP ratio (b<sub>t</sub>),-0.235
21,Infrastructure,Efficiency improvement (EMDE),Debt-to-GDP ratio (b<sub>t</sub>),-0.249
22,Infrastructure,Efficiency improvement (EMDE),Debt-to-GDP ratio (b<sub>t</sub>),-0.261
23,Infrastructure,Efficiency improvement (EMDE),Debt-to-GDP ratio (b<sub>t</sub>),-0.275
24,Infrastructure,Efficiency improvement (EMDE),Debt-to-GDP ratio (b<sub>t</sub>),-0.289
25,Infrastructure,Efficiency improvement (EMDE),Debt-to-GDP ratio (b<sub>t</sub>),-0.303
26,Infrastructure,Efficiency improvement (EMDE),Debt-to-GDP ratio (b<sub>t</sub>),-0.317
27,Infrastructure,Efficiency improvement (EMDE),Debt-to-GDP ratio (b<sub>t</sub>),-0.332
28,Infrastructure,Efficiency improvement (EMDE),Debt-to-GDP ratio (b<sub>t</sub>),-0.348
29,Infrastructure,Efficiency improvement (EMDE),Debt-to-GDP ratio (b<sub>t</sub>),-0.363
30,Infrastructure,Efficiency improvement (EMDE),Debt-to-GDP ratio (b<sub>t</sub>),-0.379
31,Infrastructure,Efficiency improvement (EMDE),Debt-to-GDP ratio (b<sub>t</sub>),-0.394
32,Infrastructure,Efficiency improvement (EMDE),Debt-to-GDP ratio (b<sub>t</sub>),-0.411
33,Infrastructure,Efficiency improvement (EMDE),Debt-to-GDP ratio (b<sub>t</sub>),-0.427
34,Infrastructure,Efficiency improvement (EMDE),Debt-to-GDP ratio (b<sub>t</sub>),-0.444
35,Infrastructure,Efficiency improvement (EMDE),Debt-to-GDP ratio (b<sub>t</sub>),-0.461
36,Infrastructure,Efficiency improvement (EMDE),Debt-to-GDP ratio (b<sub>t</sub>),-0.478
37,Infrastructure,Efficiency improvement (EMDE),Debt-to-GDP ratio (b<sub>t</sub>),-0.496
38,Infrastructure,Efficiency improvement (EMDE),Debt-to-GDP ratio (b<sub>t</sub>),-0.514
39,Infrastructure,Efficiency improvement (EMDE),Debt-to-GDP ratio (b<sub>t</sub>),-0.532
40,Infrastructure,Efficiency improvement (EMDE),Debt-to-GDP ratio (b<sub>t</sub>),-0.55
41,Infrastructure,Efficiency improvement (EMDE),Debt-to-GDP ratio (b<sub>t</sub>),-0.569
42,Infrastructure,Efficiency improvement (EMDE),Debt-to-GDP ratio (b<sub>t</sub>),-0.587
43,Infrastructure,Efficiency improvement (EMDE),Debt-to-GDP ratio (b<sub>t</sub>),-0.606
44,Infrastructure,Efficiency improvement (EMDE),Debt-to-GDP ratio (b<sub>t</sub>),-0.626
45,Infrastructure,Efficiency improvement (EMDE),Debt-to-GDP ratio (b<sub>t</sub>),-0.646
46,Infrastructure,Efficiency improvement (EMDE),Debt-to-GDP ratio (b<sub>t</sub>),-0.666
47,Infrastructure,Efficiency improvement (EMDE),Debt-to-GDP ratio (b<sub>t</sub>),-0.685
48,Infrastructure,Efficiency improvement (EMDE),Debt-to-GDP ratio (b<sub>t</sub>),-0.705
49,Infrastructure,Efficiency improvement (EMDE),Debt-to-GDP ratio (b<sub>t</sub>),-0.726
50,Infrastructure,Efficiency improvement (EMDE),Debt-to-GDP ratio (b<sub>t</sub>),-0.746
51,Infrastructure,Efficiency improvement (EMDE),Debt-to-GDP ratio (b<sub>t</sub>),-0.766
52,Infrastructure,Efficiency improvement (EMDE),Debt-to-GDP ratio (b<sub>t</sub>),-0.788
53,Infrastructure,Efficiency improvement (EMDE),Debt-to-GDP ratio (b<sub>t</sub>),-0.808
54,Infrastructure,Efficiency improvement (EMDE),Debt-to-GDP ratio (b<sub>t</sub>),-0.829
55,Infrastructure,Efficiency improvement (EMDE),Debt-to-GDP ratio (b<sub>t</sub>),-0.85
56,Infrastructure,Efficiency improvement (EMDE),Debt-to-GDP ratio (b<sub>t</sub>),-0.872
57,Infrastructure,Efficiency improvement (EMDE),Debt-to-GDP ratio (b<sub>t</sub>),-0.893
58,Infrastructure,Efficiency improvement (EMDE),Debt-to-GDP ratio (b<sub>t</sub>),-0.914
59,Infrastructure,Efficiency improvement (EMDE),Debt-to-GDP ratio (b<sub>t</sub>),-0.935
60,Infrastructure,Efficiency improvement (EMDE),Debt-to-GDP ratio (b<sub>t</sub>),-0.957
61,Infrastructure,Efficiency improvement (EMDE),Debt-to-GDP ratio (b<sub>t</sub>),-0.979
62,Infrastructure,Efficiency improvement (EMDE),Debt-to-GDP ratio (b<sub>t</sub>),-1.001
63,Infrastructure,Efficiency improvement (EMDE),Debt-to-GDP ratio (b<sub>t</sub>),-1.023
64,Infrastructure,Efficiency improvement (EMDE),Debt-to-GDP ratio (b<sub>t</sub>),-1.045
65,Infrastructure,Efficiency improvement (EMDE),Debt-to-GDP ratio (b<sub>t</sub>),-1.067
66,Infrastructure,Efficiency improvement (EMDE),Debt-to-GDP ratio (b<sub>t</sub>),-1.089
67,Infrastructure,Efficiency improvement (EMDE),Debt-to-GDP ratio (b<sub>t</sub>),-1.111
68,Infrastructure,Efficiency improvement (EMDE),Debt-to-GDP ratio (b<sub>t</sub>),-1.133
69,Infrastructure,Efficiency improvement (EMDE),Debt-to-GDP ratio (b<sub>t</sub>),-1.155
70,Infrastructure,Efficiency improvement (EMDE),Debt-to-GDP ratio (b<sub>t</sub>),-1.176
71,Infrastructure,Efficiency improvement (EMDE),Debt-to-GDP ratio (b<sub>t</sub>),-1.199
72,Infrastructure,Efficiency improvement (EMDE),Debt-to-GDP ratio (b<sub>t</sub>),-1.221
73,Infrastructure,Efficiency improvement (EMDE),Debt-to-GDP ratio (b<sub>t</sub>),-1.243
74,Infrastructure,Efficiency improvement (EMDE),Debt-to-GDP ratio (b<sub>t</sub>),-1.264
75,Infrastructure,Efficiency improvement (EMDE),Debt-to-GDP ratio (b<sub>t</sub>),-1.287
76,Infrastructure,Efficiency improvement (EMDE),Debt-to-GDP ratio (b<sub>t</sub>),-1.309
77,Infrastructure,Efficiency improvement (EMDE),Debt-to-GDP ratio (b<sub>t</sub>),-1.332
78,Infrastructure,Efficiency improvement (EMDE),Debt-to-GDP ratio (b<sub>t</sub>),-1.353
79,Infrastructure,Efficiency improvement (EMDE),Debt-to-GDP ratio (b<sub>t</sub>),-1.375
80,Infrastructure,Efficiency improvement (EMDE),Debt-to-GDP ratio (b<sub>t</sub>),-1.397
81,Infrastructure,Efficiency improvement (EMDE),Debt-to-GDP ratio (b<sub>t</sub>),-1.419
82,Infrastructure,Efficiency improvement (EMDE),Debt-to-GDP ratio (b<sub>t</sub>),-1.441
83,Infrastructure,Efficiency improvement (EMDE),Debt-to-GDP ratio (b<sub>t</sub>),-1.463
84,Infrastructure,Efficiency improvement (EMDE),Debt-to-GDP ratio (b<sub>t</sub>),-1.485
85,Infrastructure,Efficiency improvement (EMDE),Debt-to-GDP ratio (b<sub>t</sub>),-1.507
86,Infrastructure,Efficiency improvement (EMDE),Debt-to-GDP ratio (b<sub>t</sub>),-1.528
87,Infrastructure,Efficiency improvement (EMDE),Debt-to-GDP ratio (b<sub>t</sub>),-1.549
88,Infrastructure,Efficiency improvement (EMDE),Debt-to-GDP ratio (b<sub>t</sub>),-1.572
89,Infrastructure,Efficiency improvement (EMDE),Debt-to-GDP ratio (b<sub>t</sub>),-1.593
90,Infrastructure,Efficiency improvement (EMDE),Debt-to-GDP ratio (b<sub>t</sub>),-1.614
91,Infrastructure,Efficiency improvement (EMDE),Debt-to-GDP ratio (b<sub>t</sub>),-1.636
92,Infrastructure,Efficiency improvement (EMDE),Debt-to-GDP ratio (b<sub>t</sub>),-1.657
93,Infrastructure,Efficiency improvement (EMDE),Debt-to-GDP ratio (b<sub>t</sub>),-1.679
94,Infrastructure,Efficiency improvement (EMDE),Debt-to-GDP ratio (b<sub>t</sub>),-1.699
95,Infrastructure,Efficiency improvement (EMDE),Debt-to-GDP ratio (b<sub>t</sub>),-1.721
96,Infrastructure,Efficiency improvement (EMDE),Debt-to-GDP ratio (b<sub>t</sub>),-1.741
97,Infrastructure,Efficiency improvement (EMDE),Debt-to-GDP ratio (b<sub>t</sub>),-1.762
98,Infrastructure,Efficiency improvement (EMDE),Debt-to-GDP ratio (b<sub>t</sub>),-1.784
99,Infrastructure,Efficiency improvement (EMDE),Debt-to-GDP ratio (b<sub>t</sub>),-1.804
100,Infrastructure,Efficiency improvement (EMDE),Debt-to-GDP ratio (b<sub>t</sub>),-1.825
1,Human capital,"Spending increase (AE, benchmark)",Debt-to-GDP ratio (b<sub>t</sub>),-0.3
2,Human capital,"Spending increase (AE, benchmark)",Debt-to-GDP ratio (b<sub>t</sub>),-0.091
3,Human capital,"Spending increase (AE, benchmark)",Debt-to-GDP ratio (b<sub>t</sub>),-0.019
4,Human capital,"Spending increase (AE, benchmark)",Debt-to-GDP ratio (b<sub>t</sub>),0.059
5,Human capital,"Spending increase (AE, benchmark)",Debt-to-GDP ratio (b<sub>t</sub>),0.135
6,Human capital,"Spending increase (AE, benchmark)",Debt-to-GDP ratio (b<sub>t</sub>),0.211
7,Human capital,"Spending increase (AE, benchmark)",Debt-to-GDP ratio (b<sub>t</sub>),0.287
8,Human capital,"Spending increase (AE, benchmark)",Debt-to-GDP ratio (b<sub>t</sub>),0.36
9,Human capital,"Spending increase (AE, benchmark)",Debt-to-GDP ratio (b<sub>t</sub>),0.434
10,Human capital,"Spending increase (AE, benchmark)",Debt-to-GDP ratio (b<sub>t</sub>),0.508
11,Human capital,"Spending increase (AE, benchmark)",Debt-to-GDP ratio (b<sub>t</sub>),0.58
12,Human capital,"Spending increase (AE, benchmark)",Debt-to-GDP ratio (b<sub>t</sub>),0.651
13,Human capital,"Spending increase (AE, benchmark)",Debt-to-GDP ratio (b<sub>t</sub>),0.721
14,Human capital,"Spending increase (AE, benchmark)",Debt-to-GDP ratio (b<sub>t</sub>),0.792
15,Human capital,"Spending increase (AE, benchmark)",Debt-to-GDP ratio (b<sub>t</sub>),0.862
16,Human capital,"Spending increase (AE, benchmark)",Debt-to-GDP ratio (b<sub>t</sub>),0.931
17,Human capital,"Spending increase (AE, benchmark)",Debt-to-GDP ratio (b<sub>t</sub>),1.0
18,Human capital,"Spending increase (AE, benchmark)",Debt-to-GDP ratio (b<sub>t</sub>),1.068
19,Human capital,"Spending increase (AE, benchmark)",Debt-to-GDP ratio (b<sub>t</sub>),1.136
20,Human capital,"Spending increase (AE, benchmark)",Debt-to-GDP ratio (b<sub>t</sub>),1.203
21,Human capital,"Spending increase (AE, benchmark)",Debt-to-GDP ratio (b<sub>t</sub>),1.27
22,Human capital,"Spending increase (AE, benchmark)",Debt-to-GDP ratio (b<sub>t</sub>),1.337
23,Human capital,"Spending increase (AE, benchmark)",Debt-to-GDP ratio (b<sub>t</sub>),1.402
24,Human capital,"Spending increase (AE, benchmark)",Debt-to-GDP ratio (b<sub>t</sub>),1.467
25,Human capital,"Spending increase (AE, benchmark)",Debt-to-GDP ratio (b<sub>t</sub>),1.533
26,Human capital,"Spending increase (AE, benchmark)",Debt-to-GDP ratio (b<sub>t</sub>),1.597
27,Human capital,"Spending increase (AE, benchmark)",Debt-to-GDP ratio (b<sub>t</sub>),1.66
28,Human capital,"Spending increase (AE, benchmark)",Debt-to-GDP ratio (b<sub>t</sub>),1.724
29,Human capital,"Spending increase (AE, benchmark)",Debt-to-GDP ratio (b<sub>t</sub>),1.787
30,Human capital,"Spending increase (AE, benchmark)",Debt-to-GDP ratio (b<sub>t</sub>),1.848
31,Human capital,"Spending increase (AE, benchmark)",Debt-to-GDP ratio (b<sub>t</sub>),1.91
32,Human capital,"Spending increase (AE, benchmark)",Debt-to-GDP ratio (b<sub>t</sub>),1.972
33,Human capital,"Spending increase (AE, benchmark)",Debt-to-GDP ratio (b<sub>t</sub>),2.031
34,Human capital,"Spending increase (AE, benchmark)",Debt-to-GDP ratio (b<sub>t</sub>),2.092
35,Human capital,"Spending increase (AE, benchmark)",Debt-to-GDP ratio (b<sub>t</sub>),2.15
36,Human capital,"Spending increase (AE, benchmark)",Debt-to-GDP ratio (b<sub>t</sub>),2.21
37,Human capital,"Spending increase (AE, benchmark)",Debt-to-GDP ratio (b<sub>t</sub>),2.266
38,Human capital,"Spending increase (AE, benchmark)",Debt-to-GDP ratio (b<sub>t</sub>),2.324
39,Human capital,"Spending increase (AE, benchmark)",Debt-to-GDP ratio (b<sub>t</sub>),2.38
40,Human capital,"Spending increase (AE, benchmark)",Debt-to-GDP ratio (b<sub>t</sub>),2.436
41,Human capital,"Spending increase (AE, benchmark)",Debt-to-GDP ratio (b<sub>t</sub>),2.491
42,Human capital,"Spending increase (AE, benchmark)",Debt-to-GDP ratio (b<sub>t</sub>),2.545
43,Human capital,"Spending increase (AE, benchmark)",Debt-to-GDP ratio (b<sub>t</sub>),2.599
44,Human capital,"Spending increase (AE, benchmark)",Debt-to-GDP ratio (b<sub>t</sub>),2.651
45,Human capital,"Spending increase (AE, benchmark)",Debt-to-GDP ratio (b<sub>t</sub>),2.703
46,Human capital,"Spending increase (AE, benchmark)",Debt-to-GDP ratio (b<sub>t</sub>),2.753
47,Human capital,"Spending increase (AE, benchmark)",Debt-to-GDP ratio (b<sub>t</sub>),2.803
48,Human capital,"Spending increase (AE, benchmark)",Debt-to-GDP ratio (b<sub>t</sub>),2.852
49,Human capital,"Spending increase (AE, benchmark)",Debt-to-GDP ratio (b<sub>t</sub>),2.9
50,Human capital,"Spending increase (AE, benchmark)",Debt-to-GDP ratio (b<sub>t</sub>),2.947
51,Human capital,"Spending increase (AE, benchmark)",Debt-to-GDP ratio (b<sub>t</sub>),2.994
52,Human capital,"Spending increase (AE, benchmark)",Debt-to-GDP ratio (b<sub>t</sub>),3.04
53,Human capital,"Spending increase (AE, benchmark)",Debt-to-GDP ratio (b<sub>t</sub>),3.084
54,Human capital,"Spending increase (AE, benchmark)",Debt-to-GDP ratio (b<sub>t</sub>),3.127
55,Human capital,"Spending increase (AE, benchmark)",Debt-to-GDP ratio (b<sub>t</sub>),3.17
56,Human capital,"Spending increase (AE, benchmark)",Debt-to-GDP ratio (b<sub>t</sub>),3.212
57,Human capital,"Spending increase (AE, benchmark)",Debt-to-GDP ratio (b<sub>t</sub>),3.252
58,Human capital,"Spending increase (AE, benchmark)",Debt-to-GDP ratio (b<sub>t</sub>),3.292
59,Human capital,"Spending increase (AE, benchmark)",Debt-to-GDP ratio (b<sub>t</sub>),3.33
60,Human capital,"Spending increase (AE, benchmark)",Debt-to-GDP ratio (b<sub>t</sub>),3.367
61,Human capital,"Spending increase (AE, benchmark)",Debt-to-GDP ratio (b<sub>t</sub>),3.404
62,Human capital,"Spending increase (AE, benchmark)",Debt-to-GDP ratio (b<sub>t</sub>),3.439
63,Human capital,"Spending increase (AE, benchmark)",Debt-to-GDP ratio (b<sub>t</sub>),3.473
64,Human capital,"Spending increase (AE, benchmark)",Debt-to-GDP ratio (b<sub>t</sub>),3.506
65,Human capital,"Spending increase (AE, benchmark)",Debt-to-GDP ratio (b<sub>t</sub>),3.538
66,Human capital,"Spending increase (AE, benchmark)",Debt-to-GDP ratio (b<sub>t</sub>),3.569
67,Human capital,"Spending increase (AE, benchmark)",Debt-to-GDP ratio (b<sub>t</sub>),3.598
68,Human capital,"Spending increase (AE, benchmark)",Debt-to-GDP ratio (b<sub>t</sub>),3.627
69,Human capital,"Spending increase (AE, benchmark)",Debt-to-GDP ratio (b<sub>t</sub>),3.655
70,Human capital,"Spending increase (AE, benchmark)",Debt-to-GDP ratio (b<sub>t</sub>),3.682
71,Human capital,"Spending increase (AE, benchmark)",Debt-to-GDP ratio (b<sub>t</sub>),3.707
72,Human capital,"Spending increase (AE, benchmark)",Debt-to-GDP ratio (b<sub>t</sub>),3.73
73,Human capital,"Spending increase (AE, benchmark)",Debt-to-GDP ratio (b<sub>t</sub>),3.754
74,Human capital,"Spending increase (AE, benchmark)",Debt-to-GDP ratio (b<sub>t</sub>),3.775
75,Human capital,"Spending increase (AE, benchmark)",Debt-to-GDP ratio (b<sub>t</sub>),3.796
76,Human capital,"Spending increase (AE, benchmark)",Debt-to-GDP ratio (b<sub>t</sub>),3.816
77,Human capital,"Spending increase (AE, benchmark)",Debt-to-GDP ratio (b<sub>t</sub>),3.833
78,Human capital,"Spending increase (AE, benchmark)",Debt-to-GDP ratio (b<sub>t</sub>),3.85
79,Human capital,"Spending increase (AE, benchmark)",Debt-to-GDP ratio (b<sub>t</sub>),3.865
80,Human capital,"Spending increase (AE, benchmark)",Debt-to-GDP ratio (b<sub>t</sub>),3.882
81,Human capital,"Spending increase (AE, benchmark)",Debt-to-GDP ratio (b<sub>t</sub>),3.894
82,Human capital,"Spending increase (AE, benchmark)",Debt-to-GDP ratio (b<sub>t</sub>),3.906
83,Human capital,"Spending increase (AE, benchmark)",Debt-to-GDP ratio (b<sub>t</sub>),3.918
84,Human capital,"Spending increase (AE, benchmark)",Debt-to-GDP ratio (b<sub>t</sub>),3.928
85,Human capital,"Spending increase (AE, benchmark)",Debt-to-GDP ratio (b<sub>t</sub>),3.936
86,Human capital,"Spending increase (AE, benchmark)",Debt-to-GDP ratio (b<sub>t</sub>),3.943
87,Human capital,"Spending increase (AE, benchmark)",Debt-to-GDP ratio (b<sub>t</sub>),3.951
88,Human capital,"Spending increase (AE, benchmark)",Debt-to-GDP ratio (b<sub>t</sub>),3.955
89,Human capital,"Spending increase (AE, benchmark)",Debt-to-GDP ratio (b<sub>t</sub>),3.959
90,Human capital,"Spending increase (AE, benchmark)",Debt-to-GDP ratio (b<sub>t</sub>),3.961
91,Human capital,"Spending increase (AE, benchmark)",Debt-to-GDP ratio (b<sub>t</sub>),3.963
92,Human capital,"Spending increase (AE, benchmark)",Debt-to-GDP ratio (b<sub>t</sub>),3.963
93,Human capital,"Spending increase (AE, benchmark)",Debt-to-GDP ratio (b<sub>t</sub>),3.962
94,Human capital,"Spending increase (AE, benchmark)",Debt-to-GDP ratio (b<sub>t</sub>),3.961
95,Human capital,"Spending increase (AE, benchmark)",Debt-to-GDP ratio (b<sub>t</sub>),3.958
96,Human capital,"Spending increase (AE, benchmark)",Debt-to-GDP ratio (b<sub>t</sub>),3.953
97,Human capital,"Spending increase (AE, benchmark)",Debt-to-GDP ratio (b<sub>t</sub>),3.947
98,Human capital,"Spending increase (AE, benchmark)",Debt-to-GDP ratio (b<sub>t</sub>),3.94
99,Human capital,"Spending increase (AE, benchmark)",Debt-to-GDP ratio (b<sub>t</sub>),3.932
100,Human capital,"Spending increase (AE, benchmark)",Debt-to-GDP ratio (b<sub>t</sub>),3.923
1,Human capital,Efficiency improvement (AE),Debt-to-GDP ratio (b<sub>t</sub>),-0.282
2,Human capital,Efficiency improvement (AE),Debt-to-GDP ratio (b<sub>t</sub>),-0.175
3,Human capital,Efficiency improvement (AE),Debt-to-GDP ratio (b<sub>t</sub>),-0.167
4,Human capital,Efficiency improvement (AE),Debt-to-GDP ratio (b<sub>t</sub>),-0.156
5,Human capital,Efficiency improvement (AE),Debt-to-GDP ratio (b<sub>t</sub>),-0.146
6,Human capital,Efficiency improvement (AE),Debt-to-GDP ratio (b<sub>t</sub>),-0.136
7,Human capital,Efficiency improvement (AE),Debt-to-GDP ratio (b<sub>t</sub>),-0.128
8,Human capital,Efficiency improvement (AE),Debt-to-GDP ratio (b<sub>t</sub>),-0.12
9,Human capital,Efficiency improvement (AE),Debt-to-GDP ratio (b<sub>t</sub>),-0.114
10,Human capital,Efficiency improvement (AE),Debt-to-GDP ratio (b<sub>t</sub>),-0.108
11,Human capital,Efficiency improvement (AE),Debt-to-GDP ratio (b<sub>t</sub>),-0.103
12,Human capital,Efficiency improvement (AE),Debt-to-GDP ratio (b<sub>t</sub>),-0.099
13,Human capital,Efficiency improvement (AE),Debt-to-GDP ratio (b<sub>t</sub>),-0.096
14,Human capital,Efficiency improvement (AE),Debt-to-GDP ratio (b<sub>t</sub>),-0.094
15,Human capital,Efficiency improvement (AE),Debt-to-GDP ratio (b<sub>t</sub>),-0.091
16,Human capital,Efficiency improvement (AE),Debt-to-GDP ratio (b<sub>t</sub>),-0.089
17,Human capital,Efficiency improvement (AE),Debt-to-GDP ratio (b<sub>t</sub>),-0.089
18,Human capital,Efficiency improvement (AE),Debt-to-GDP ratio (b<sub>t</sub>),-0.088
19,Human capital,Efficiency improvement (AE),Debt-to-GDP ratio (b<sub>t</sub>),-0.088
20,Human capital,Efficiency improvement (AE),Debt-to-GDP ratio (b<sub>t</sub>),-0.088
21,Human capital,Efficiency improvement (AE),Debt-to-GDP ratio (b<sub>t</sub>),-0.089
22,Human capital,Efficiency improvement (AE),Debt-to-GDP ratio (b<sub>t</sub>),-0.09
23,Human capital,Efficiency improvement (AE),Debt-to-GDP ratio (b<sub>t</sub>),-0.092
24,Human capital,Efficiency improvement (AE),Debt-to-GDP ratio (b<sub>t</sub>),-0.095
25,Human capital,Efficiency improvement (AE),Debt-to-GDP ratio (b<sub>t</sub>),-0.098
26,Human capital,Efficiency improvement (AE),Debt-to-GDP ratio (b<sub>t</sub>),-0.101
27,Human capital,Efficiency improvement (AE),Debt-to-GDP ratio (b<sub>t</sub>),-0.106
28,Human capital,Efficiency improvement (AE),Debt-to-GDP ratio (b<sub>t</sub>),-0.11
29,Human capital,Efficiency improvement (AE),Debt-to-GDP ratio (b<sub>t</sub>),-0.116
30,Human capital,Efficiency improvement (AE),Debt-to-GDP ratio (b<sub>t</sub>),-0.121
31,Human capital,Efficiency improvement (AE),Debt-to-GDP ratio (b<sub>t</sub>),-0.127
32,Human capital,Efficiency improvement (AE),Debt-to-GDP ratio (b<sub>t</sub>),-0.133
33,Human capital,Efficiency improvement (AE),Debt-to-GDP ratio (b<sub>t</sub>),-0.141
34,Human capital,Efficiency improvement (AE),Debt-to-GDP ratio (b<sub>t</sub>),-0.149
35,Human capital,Efficiency improvement (AE),Debt-to-GDP ratio (b<sub>t</sub>),-0.157
36,Human capital,Efficiency improvement (AE),Debt-to-GDP ratio (b<sub>t</sub>),-0.166
37,Human capital,Efficiency improvement (AE),Debt-to-GDP ratio (b<sub>t</sub>),-0.175
38,Human capital,Efficiency improvement (AE),Debt-to-GDP ratio (b<sub>t</sub>),-0.186
39,Human capital,Efficiency improvement (AE),Debt-to-GDP ratio (b<sub>t</sub>),-0.197
40,Human capital,Efficiency improvement (AE),Debt-to-GDP ratio (b<sub>t</sub>),-0.209
41,Human capital,Efficiency improvement (AE),Debt-to-GDP ratio (b<sub>t</sub>),-0.222
42,Human capital,Efficiency improvement (AE),Debt-to-GDP ratio (b<sub>t</sub>),-0.234
43,Human capital,Efficiency improvement (AE),Debt-to-GDP ratio (b<sub>t</sub>),-0.247
44,Human capital,Efficiency improvement (AE),Debt-to-GDP ratio (b<sub>t</sub>),-0.262
45,Human capital,Efficiency improvement (AE),Debt-to-GDP ratio (b<sub>t</sub>),-0.278
46,Human capital,Efficiency improvement (AE),Debt-to-GDP ratio (b<sub>t</sub>),-0.293
47,Human capital,Efficiency improvement (AE),Debt-to-GDP ratio (b<sub>t</sub>),-0.31
48,Human capital,Efficiency improvement (AE),Debt-to-GDP ratio (b<sub>t</sub>),-0.327
49,Human capital,Efficiency improvement (AE),Debt-to-GDP ratio (b<sub>t</sub>),-0.345
50,Human capital,Efficiency improvement (AE),Debt-to-GDP ratio (b<sub>t</sub>),-0.365
51,Human capital,Efficiency improvement (AE),Debt-to-GDP ratio (b<sub>t</sub>),-0.384
52,Human capital,Efficiency improvement (AE),Debt-to-GDP ratio (b<sub>t</sub>),-0.404
53,Human capital,Efficiency improvement (AE),Debt-to-GDP ratio (b<sub>t</sub>),-0.426
54,Human capital,Efficiency improvement (AE),Debt-to-GDP ratio (b<sub>t</sub>),-0.448
55,Human capital,Efficiency improvement (AE),Debt-to-GDP ratio (b<sub>t</sub>),-0.471
56,Human capital,Efficiency improvement (AE),Debt-to-GDP ratio (b<sub>t</sub>),-0.494
57,Human capital,Efficiency improvement (AE),Debt-to-GDP ratio (b<sub>t</sub>),-0.519
58,Human capital,Efficiency improvement (AE),Debt-to-GDP ratio (b<sub>t</sub>),-0.544
59,Human capital,Efficiency improvement (AE),Debt-to-GDP ratio (b<sub>t</sub>),-0.569
60,Human capital,Efficiency improvement (AE),Debt-to-GDP ratio (b<sub>t</sub>),-0.597
61,Human capital,Efficiency improvement (AE),Debt-to-GDP ratio (b<sub>t</sub>),-0.624
62,Human capital,Efficiency improvement (AE),Debt-to-GDP ratio (b<sub>t</sub>),-0.653
63,Human capital,Efficiency improvement (AE),Debt-to-GDP ratio (b<sub>t</sub>),-0.682
64,Human capital,Efficiency improvement (AE),Debt-to-GDP ratio (b<sub>t</sub>),-0.713
65,Human capital,Efficiency improvement (AE),Debt-to-GDP ratio (b<sub>t</sub>),-0.744
66,Human capital,Efficiency improvement (AE),Debt-to-GDP ratio (b<sub>t</sub>),-0.775
67,Human capital,Efficiency improvement (AE),Debt-to-GDP ratio (b<sub>t</sub>),-0.809
68,Human capital,Efficiency improvement (AE),Debt-to-GDP ratio (b<sub>t</sub>),-0.842
69,Human capital,Efficiency improvement (AE),Debt-to-GDP ratio (b<sub>t</sub>),-0.877
70,Human capital,Efficiency improvement (AE),Debt-to-GDP ratio (b<sub>t</sub>),-0.913
71,Human capital,Efficiency improvement (AE),Debt-to-GDP ratio (b<sub>t</sub>),-0.948
72,Human capital,Efficiency improvement (AE),Debt-to-GDP ratio (b<sub>t</sub>),-0.985
73,Human capital,Efficiency improvement (AE),Debt-to-GDP ratio (b<sub>t</sub>),-1.024
74,Human capital,Efficiency improvement (AE),Debt-to-GDP ratio (b<sub>t</sub>),-1.062
75,Human capital,Efficiency improvement (AE),Debt-to-GDP ratio (b<sub>t</sub>),-1.101
76,Human capital,Efficiency improvement (AE),Debt-to-GDP ratio (b<sub>t</sub>),-1.142
77,Human capital,Efficiency improvement (AE),Debt-to-GDP ratio (b<sub>t</sub>),-1.183
78,Human capital,Efficiency improvement (AE),Debt-to-GDP ratio (b<sub>t</sub>),-1.225
79,Human capital,Efficiency improvement (AE),Debt-to-GDP ratio (b<sub>t</sub>),-1.267
80,Human capital,Efficiency improvement (AE),Debt-to-GDP ratio (b<sub>t</sub>),-1.311
81,Human capital,Efficiency improvement (AE),Debt-to-GDP ratio (b<sub>t</sub>),-1.356
82,Human capital,Efficiency improvement (AE),Debt-to-GDP ratio (b<sub>t</sub>),-1.401
83,Human capital,Efficiency improvement (AE),Debt-to-GDP ratio (b<sub>t</sub>),-1.447
84,Human capital,Efficiency improvement (AE),Debt-to-GDP ratio (b<sub>t</sub>),-1.494
85,Human capital,Efficiency improvement (AE),Debt-to-GDP ratio (b<sub>t</sub>),-1.542
86,Human capital,Efficiency improvement (AE),Debt-to-GDP ratio (b<sub>t</sub>),-1.59
87,Human capital,Efficiency improvement (AE),Debt-to-GDP ratio (b<sub>t</sub>),-1.638
88,Human capital,Efficiency improvement (AE),Debt-to-GDP ratio (b<sub>t</sub>),-1.689
89,Human capital,Efficiency improvement (AE),Debt-to-GDP ratio (b<sub>t</sub>),-1.74
90,Human capital,Efficiency improvement (AE),Debt-to-GDP ratio (b<sub>t</sub>),-1.79
91,Human capital,Efficiency improvement (AE),Debt-to-GDP ratio (b<sub>t</sub>),-1.842
92,Human capital,Efficiency improvement (AE),Debt-to-GDP ratio (b<sub>t</sub>),-1.895
93,Human capital,Efficiency improvement (AE),Debt-to-GDP ratio (b<sub>t</sub>),-1.949
94,Human capital,Efficiency improvement (AE),Debt-to-GDP ratio (b<sub>t</sub>),-2.003
95,Human capital,Efficiency improvement (AE),Debt-to-GDP ratio (b<sub>t</sub>),-2.058
96,Human capital,Efficiency improvement (AE),Debt-to-GDP ratio (b<sub>t</sub>),-2.113
97,Human capital,Efficiency improvement (AE),Debt-to-GDP ratio (b<sub>t</sub>),-2.169
98,Human capital,Efficiency improvement (AE),Debt-to-GDP ratio (b<sub>t</sub>),-2.226
99,Human capital,Efficiency improvement (AE),Debt-to-GDP ratio (b<sub>t</sub>),-2.284
100,Human capital,Efficiency improvement (AE),Debt-to-GDP ratio (b<sub>t</sub>),-2.342
1,Human capital,Efficiency improvement (EMDE),Debt-to-GDP ratio (b<sub>t</sub>),-0.225
2,Human capital,Efficiency improvement (EMDE),Debt-to-GDP ratio (b<sub>t</sub>),-0.134
3,Human capital,Efficiency improvement (EMDE),Debt-to-GDP ratio (b<sub>t</sub>),-0.126
4,Human capital,Efficiency improvement (EMDE),Debt-to-GDP ratio (b<sub>t</sub>),-0.116
5,Human capital,Efficiency improvement (EMDE),Debt-to-GDP ratio (b<sub>t</sub>),-0.108
6,Human capital,Efficiency improvement (EMDE),Debt-to-GDP ratio (b<sub>t</sub>),-0.101
7,Human capital,Efficiency improvement (EMDE),Debt-to-GDP ratio (b<sub>t</sub>),-0.094
8,Human capital,Efficiency improvement (EMDE),Debt-to-GDP ratio (b<sub>t</sub>),-0.09
9,Human capital,Efficiency improvement (EMDE),Debt-to-GDP ratio (b<sub>t</sub>),-0.086
10,Human capital,Efficiency improvement (EMDE),Debt-to-GDP ratio (b<sub>t</sub>),-0.083
11,Human capital,Efficiency improvement (EMDE),Debt-to-GDP ratio (b<sub>t</sub>),-0.082
12,Human capital,Efficiency improvement (EMDE),Debt-to-GDP ratio (b<sub>t</sub>),-0.08
13,Human capital,Efficiency improvement (EMDE),Debt-to-GDP ratio (b<sub>t</sub>),-0.08
14,Human capital,Efficiency improvement (EMDE),Debt-to-GDP ratio (b<sub>t</sub>),-0.081
15,Human capital,Efficiency improvement (EMDE),Debt-to-GDP ratio (b<sub>t</sub>),-0.082
16,Human capital,Efficiency improvement (EMDE),Debt-to-GDP ratio (b<sub>t</sub>),-0.084
17,Human capital,Efficiency improvement (EMDE),Debt-to-GDP ratio (b<sub>t</sub>),-0.086
18,Human capital,Efficiency improvement (EMDE),Debt-to-GDP ratio (b<sub>t</sub>),-0.089
19,Human capital,Efficiency improvement (EMDE),Debt-to-GDP ratio (b<sub>t</sub>),-0.093
20,Human capital,Efficiency improvement (EMDE),Debt-to-GDP ratio (b<sub>t</sub>),-0.097
21,Human capital,Efficiency improvement (EMDE),Debt-to-GDP ratio (b<sub>t</sub>),-0.102
22,Human capital,Efficiency improvement (EMDE),Debt-to-GDP ratio (b<sub>t</sub>),-0.106
23,Human capital,Efficiency improvement (EMDE),Debt-to-GDP ratio (b<sub>t</sub>),-0.112
24,Human capital,Efficiency improvement (EMDE),Debt-to-GDP ratio (b<sub>t</sub>),-0.118
25,Human capital,Efficiency improvement (EMDE),Debt-to-GDP ratio (b<sub>t</sub>),-0.124
26,Human capital,Efficiency improvement (EMDE),Debt-to-GDP ratio (b<sub>t</sub>),-0.132
27,Human capital,Efficiency improvement (EMDE),Debt-to-GDP ratio (b<sub>t</sub>),-0.139
28,Human capital,Efficiency improvement (EMDE),Debt-to-GDP ratio (b<sub>t</sub>),-0.147
29,Human capital,Efficiency improvement (EMDE),Debt-to-GDP ratio (b<sub>t</sub>),-0.156
30,Human capital,Efficiency improvement (EMDE),Debt-to-GDP ratio (b<sub>t</sub>),-0.165
31,Human capital,Efficiency improvement (EMDE),Debt-to-GDP ratio (b<sub>t</sub>),-0.175
32,Human capital,Efficiency improvement (EMDE),Debt-to-GDP ratio (b<sub>t</sub>),-0.184
33,Human capital,Efficiency improvement (EMDE),Debt-to-GDP ratio (b<sub>t</sub>),-0.196
34,Human capital,Efficiency improvement (EMDE),Debt-to-GDP ratio (b<sub>t</sub>),-0.207
35,Human capital,Efficiency improvement (EMDE),Debt-to-GDP ratio (b<sub>t</sub>),-0.219
36,Human capital,Efficiency improvement (EMDE),Debt-to-GDP ratio (b<sub>t</sub>),-0.231
37,Human capital,Efficiency improvement (EMDE),Debt-to-GDP ratio (b<sub>t</sub>),-0.244
38,Human capital,Efficiency improvement (EMDE),Debt-to-GDP ratio (b<sub>t</sub>),-0.258
39,Human capital,Efficiency improvement (EMDE),Debt-to-GDP ratio (b<sub>t</sub>),-0.272
40,Human capital,Efficiency improvement (EMDE),Debt-to-GDP ratio (b<sub>t</sub>),-0.286
41,Human capital,Efficiency improvement (EMDE),Debt-to-GDP ratio (b<sub>t</sub>),-0.302
42,Human capital,Efficiency improvement (EMDE),Debt-to-GDP ratio (b<sub>t</sub>),-0.318
43,Human capital,Efficiency improvement (EMDE),Debt-to-GDP ratio (b<sub>t</sub>),-0.335
44,Human capital,Efficiency improvement (EMDE),Debt-to-GDP ratio (b<sub>t</sub>),-0.352
45,Human capital,Efficiency improvement (EMDE),Debt-to-GDP ratio (b<sub>t</sub>),-0.37
46,Human capital,Efficiency improvement (EMDE),Debt-to-GDP ratio (b<sub>t</sub>),-0.388
47,Human capital,Efficiency improvement (EMDE),Debt-to-GDP ratio (b<sub>t</sub>),-0.407
48,Human capital,Efficiency improvement (EMDE),Debt-to-GDP ratio (b<sub>t</sub>),-0.428
49,Human capital,Efficiency improvement (EMDE),Debt-to-GDP ratio (b<sub>t</sub>),-0.448
50,Human capital,Efficiency improvement (EMDE),Debt-to-GDP ratio (b<sub>t</sub>),-0.468
51,Human capital,Efficiency improvement (EMDE),Debt-to-GDP ratio (b<sub>t</sub>),-0.491
52,Human capital,Efficiency improvement (EMDE),Debt-to-GDP ratio (b<sub>t</sub>),-0.513
53,Human capital,Efficiency improvement (EMDE),Debt-to-GDP ratio (b<sub>t</sub>),-0.536
54,Human capital,Efficiency improvement (EMDE),Debt-to-GDP ratio (b<sub>t</sub>),-0.559
55,Human capital,Efficiency improvement (EMDE),Debt-to-GDP ratio (b<sub>t</sub>),-0.585
56,Human capital,Efficiency improvement (EMDE),Debt-to-GDP ratio (b<sub>t</sub>),-0.609
57,Human capital,Efficiency improvement (EMDE),Debt-to-GDP ratio (b<sub>t</sub>),-0.635
58,Human capital,Efficiency improvement (EMDE),Debt-to-GDP ratio (b<sub>t</sub>),-0.66
59,Human capital,Efficiency improvement (EMDE),Debt-to-GDP ratio (b<sub>t</sub>),-0.687
60,Human capital,Efficiency improvement (EMDE),Debt-to-GDP ratio (b<sub>t</sub>),-0.715
61,Human capital,Efficiency improvement (EMDE),Debt-to-GDP ratio (b<sub>t</sub>),-0.744
62,Human capital,Efficiency improvement (EMDE),Debt-to-GDP ratio (b<sub>t</sub>),-0.772
63,Human capital,Efficiency improvement (EMDE),Debt-to-GDP ratio (b<sub>t</sub>),-0.801
64,Human capital,Efficiency improvement (EMDE),Debt-to-GDP ratio (b<sub>t</sub>),-0.83
65,Human capital,Efficiency improvement (EMDE),Debt-to-GDP ratio (b<sub>t</sub>),-0.86
66,Human capital,Efficiency improvement (EMDE),Debt-to-GDP ratio (b<sub>t</sub>),-0.892
67,Human capital,Efficiency improvement (EMDE),Debt-to-GDP ratio (b<sub>t</sub>),-0.923
68,Human capital,Efficiency improvement (EMDE),Debt-to-GDP ratio (b<sub>t</sub>),-0.955
69,Human capital,Efficiency improvement (EMDE),Debt-to-GDP ratio (b<sub>t</sub>),-0.988
70,Human capital,Efficiency improvement (EMDE),Debt-to-GDP ratio (b<sub>t</sub>),-1.021
71,Human capital,Efficiency improvement (EMDE),Debt-to-GDP ratio (b<sub>t</sub>),-1.054
72,Human capital,Efficiency improvement (EMDE),Debt-to-GDP ratio (b<sub>t</sub>),-1.088
73,Human capital,Efficiency improvement (EMDE),Debt-to-GDP ratio (b<sub>t</sub>),-1.124
74,Human capital,Efficiency improvement (EMDE),Debt-to-GDP ratio (b<sub>t</sub>),-1.158
75,Human capital,Efficiency improvement (EMDE),Debt-to-GDP ratio (b<sub>t</sub>),-1.194
76,Human capital,Efficiency improvement (EMDE),Debt-to-GDP ratio (b<sub>t</sub>),-1.229
77,Human capital,Efficiency improvement (EMDE),Debt-to-GDP ratio (b<sub>t</sub>),-1.266
78,Human capital,Efficiency improvement (EMDE),Debt-to-GDP ratio (b<sub>t</sub>),-1.303
79,Human capital,Efficiency improvement (EMDE),Debt-to-GDP ratio (b<sub>t</sub>),-1.34
80,Human capital,Efficiency improvement (EMDE),Debt-to-GDP ratio (b<sub>t</sub>),-1.378
81,Human capital,Efficiency improvement (EMDE),Debt-to-GDP ratio (b<sub>t</sub>),-1.416
82,Human capital,Efficiency improvement (EMDE),Debt-to-GDP ratio (b<sub>t</sub>),-1.455
83,Human capital,Efficiency improvement (EMDE),Debt-to-GDP ratio (b<sub>t</sub>),-1.494
84,Human capital,Efficiency improvement (EMDE),Debt-to-GDP ratio (b<sub>t</sub>),-1.533
85,Human capital,Efficiency improvement (EMDE),Debt-to-GDP ratio (b<sub>t</sub>),-1.573
86,Human capital,Efficiency improvement (EMDE),Debt-to-GDP ratio (b<sub>t</sub>),-1.613
87,Human capital,Efficiency improvement (EMDE),Debt-to-GDP ratio (b<sub>t</sub>),-1.653
88,Human capital,Efficiency improvement (EMDE),Debt-to-GDP ratio (b<sub>t</sub>),-1.693
89,Human capital,Efficiency improvement (EMDE),Debt-to-GDP ratio (b<sub>t</sub>),-1.734
90,Human capital,Efficiency improvement (EMDE),Debt-to-GDP ratio (b<sub>t</sub>),-1.776
91,Human capital,Efficiency improvement (EMDE),Debt-to-GDP ratio (b<sub>t</sub>),-1.817
92,Human capital,Efficiency improvement (EMDE),Debt-to-GDP ratio (b<sub>t</sub>),-1.859
93,Human capital,Efficiency improvement (EMDE),Debt-to-GDP ratio (b<sub>t</sub>),-1.901
94,Human capital,Efficiency improvement (EMDE),Debt-to-GDP ratio (b<sub>t</sub>),-1.943
95,Human capital,Efficiency improvement (EMDE),Debt-to-GDP ratio (b<sub>t</sub>),-1.986
96,Human capital,Efficiency improvement (EMDE),Debt-to-GDP ratio (b<sub>t</sub>),-2.029
97,Human capital,Efficiency improvement (EMDE),Debt-to-GDP ratio (b<sub>t</sub>),-2.071
98,Human capital,Efficiency improvement (EMDE),Debt-to-GDP ratio (b<sub>t</sub>),-2.115
99,Human capital,Efficiency improvement (EMDE),Debt-to-GDP ratio (b<sub>t</sub>),-2.158
100,Human capital,Efficiency improvement (EMDE),Debt-to-GDP ratio (b<sub>t</sub>),-2.202
1,R&D,"Spending increase (AE, benchmark)",Debt-to-GDP ratio (b<sub>t</sub>),-0.091
2,R&D,"Spending increase (AE, benchmark)",Debt-to-GDP ratio (b<sub>t</sub>),0.112
3,R&D,"Spending increase (AE, benchmark)",Debt-to-GDP ratio (b<sub>t</sub>),0.193
4,R&D,"Spending increase (AE, benchmark)",Debt-to-GDP ratio (b<sub>t</sub>),0.271
5,R&D,"Spending increase (AE, benchmark)",Debt-to-GDP ratio (b<sub>t</sub>),0.343
6,R&D,"Spending increase (AE, benchmark)",Debt-to-GDP ratio (b<sub>t</sub>),0.408
7,R&D,"Spending increase (AE, benchmark)",Debt-to-GDP ratio (b<sub>t</sub>),0.471
8,R&D,"Spending increase (AE, benchmark)",Debt-to-GDP ratio (b<sub>t</sub>),0.531
9,R&D,"Spending increase (AE, benchmark)",Debt-to-GDP ratio (b<sub>t</sub>),0.588
10,R&D,"Spending increase (AE, benchmark)",Debt-to-GDP ratio (b<sub>t</sub>),0.644
11,R&D,"Spending increase (AE, benchmark)",Debt-to-GDP ratio (b<sub>t</sub>),0.699
12,R&D,"Spending increase (AE, benchmark)",Debt-to-GDP ratio (b<sub>t</sub>),0.753
13,R&D,"Spending increase (AE, benchmark)",Debt-to-GDP ratio (b<sub>t</sub>),0.806
14,R&D,"Spending increase (AE, benchmark)",Debt-to-GDP ratio (b<sub>t</sub>),0.859
15,R&D,"Spending increase (AE, benchmark)",Debt-to-GDP ratio (b<sub>t</sub>),0.911
16,R&D,"Spending increase (AE, benchmark)",Debt-to-GDP ratio (b<sub>t</sub>),0.964
17,R&D,"Spending increase (AE, benchmark)",Debt-to-GDP ratio (b<sub>t</sub>),1.015
18,R&D,"Spending increase (AE, benchmark)",Debt-to-GDP ratio (b<sub>t</sub>),1.068
19,R&D,"Spending increase (AE, benchmark)",Debt-to-GDP ratio (b<sub>t</sub>),1.119
20,R&D,"Spending increase (AE, benchmark)",Debt-to-GDP ratio (b<sub>t</sub>),1.169
21,R&D,"Spending increase (AE, benchmark)",Debt-to-GDP ratio (b<sub>t</sub>),1.22
22,R&D,"Spending increase (AE, benchmark)",Debt-to-GDP ratio (b<sub>t</sub>),1.27
23,R&D,"Spending increase (AE, benchmark)",Debt-to-GDP ratio (b<sub>t</sub>),1.319
24,R&D,"Spending increase (AE, benchmark)",Debt-to-GDP ratio (b<sub>t</sub>),1.369
25,R&D,"Spending increase (AE, benchmark)",Debt-to-GDP ratio (b<sub>t</sub>),1.417
26,R&D,"Spending increase (AE, benchmark)",Debt-to-GDP ratio (b<sub>t</sub>),1.465
27,R&D,"Spending increase (AE, benchmark)",Debt-to-GDP ratio (b<sub>t</sub>),1.512
28,R&D,"Spending increase (AE, benchmark)",Debt-to-GDP ratio (b<sub>t</sub>),1.559
29,R&D,"Spending increase (AE, benchmark)",Debt-to-GDP ratio (b<sub>t</sub>),1.604
30,R&D,"Spending increase (AE, benchmark)",Debt-to-GDP ratio (b<sub>t</sub>),1.649
31,R&D,"Spending increase (AE, benchmark)",Debt-to-GDP ratio (b<sub>t</sub>),1.694
32,R&D,"Spending increase (AE, benchmark)",Debt-to-GDP ratio (b<sub>t</sub>),1.737
33,R&D,"Spending increase (AE, benchmark)",Debt-to-GDP ratio (b<sub>t</sub>),1.779
34,R&D,"Spending increase (AE, benchmark)",Debt-to-GDP ratio (b<sub>t</sub>),1.821
35,R&D,"Spending increase (AE, benchmark)",Debt-to-GDP ratio (b<sub>t</sub>),1.862
36,R&D,"Spending increase (AE, benchmark)",Debt-to-GDP ratio (b<sub>t</sub>),1.901
37,R&D,"Spending increase (AE, benchmark)",Debt-to-GDP ratio (b<sub>t</sub>),1.941
38,R&D,"Spending increase (AE, benchmark)",Debt-to-GDP ratio (b<sub>t</sub>),1.978
39,R&D,"Spending increase (AE, benchmark)",Debt-to-GDP ratio (b<sub>t</sub>),2.016
40,R&D,"Spending increase (AE, benchmark)",Debt-to-GDP ratio (b<sub>t</sub>),2.052
41,R&D,"Spending increase (AE, benchmark)",Debt-to-GDP ratio (b<sub>t</sub>),2.088
42,R&D,"Spending increase (AE, benchmark)",Debt-to-GDP ratio (b<sub>t</sub>),2.121
43,R&D,"Spending increase (AE, benchmark)",Debt-to-GDP ratio (b<sub>t</sub>),2.154
44,R&D,"Spending increase (AE, benchmark)",Debt-to-GDP ratio (b<sub>t</sub>),2.186
45,R&D,"Spending increase (AE, benchmark)",Debt-to-GDP ratio (b<sub>t</sub>),2.218
46,R&D,"Spending increase (AE, benchmark)",Debt-to-GDP ratio (b<sub>t</sub>),2.249
47,R&D,"Spending increase (AE, benchmark)",Debt-to-GDP ratio (b<sub>t</sub>),2.277
48,R&D,"Spending increase (AE, benchmark)",Debt-to-GDP ratio (b<sub>t</sub>),2.306
49,R&D,"Spending increase (AE, benchmark)",Debt-to-GDP ratio (b<sub>t</sub>),2.332
50,R&D,"Spending increase (AE, benchmark)",Debt-to-GDP ratio (b<sub>t</sub>),2.359
51,R&D,"Spending increase (AE, benchmark)",Debt-to-GDP ratio (b<sub>t</sub>),2.385
52,R&D,"Spending increase (AE, benchmark)",Debt-to-GDP ratio (b<sub>t</sub>),2.409
53,R&D,"Spending increase (AE, benchmark)",Debt-to-GDP ratio (b<sub>t</sub>),2.432
54,R&D,"Spending increase (AE, benchmark)",Debt-to-GDP ratio (b<sub>t</sub>),2.455
55,R&D,"Spending increase (AE, benchmark)",Debt-to-GDP ratio (b<sub>t</sub>),2.475
56,R&D,"Spending increase (AE, benchmark)",Debt-to-GDP ratio (b<sub>t</sub>),2.497
57,R&D,"Spending increase (AE, benchmark)",Debt-to-GDP ratio (b<sub>t</sub>),2.516
58,R&D,"Spending increase (AE, benchmark)",Debt-to-GDP ratio (b<sub>t</sub>),2.535
59,R&D,"Spending increase (AE, benchmark)",Debt-to-GDP ratio (b<sub>t</sub>),2.552
60,R&D,"Spending increase (AE, benchmark)",Debt-to-GDP ratio (b<sub>t</sub>),2.569
61,R&D,"Spending increase (AE, benchmark)",Debt-to-GDP ratio (b<sub>t</sub>),2.585
62,R&D,"Spending increase (AE, benchmark)",Debt-to-GDP ratio (b<sub>t</sub>),2.599
63,R&D,"Spending increase (AE, benchmark)",Debt-to-GDP ratio (b<sub>t</sub>),2.613
64,R&D,"Spending increase (AE, benchmark)",Debt-to-GDP ratio (b<sub>t</sub>),2.626
65,R&D,"Spending increase (AE, benchmark)",Debt-to-GDP ratio (b<sub>t</sub>),2.638
66,R&D,"Spending increase (AE, benchmark)",Debt-to-GDP ratio (b<sub>t</sub>),2.649
67,R&D,"Spending increase (AE, benchmark)",Debt-to-GDP ratio (b<sub>t</sub>),2.659
68,R&D,"Spending increase (AE, benchmark)",Debt-to-GDP ratio (b<sub>t</sub>),2.668
69,R&D,"Spending increase (AE, benchmark)",Debt-to-GDP ratio (b<sub>t</sub>),2.677
70,R&D,"Spending increase (AE, benchmark)",Debt-to-GDP ratio (b<sub>t</sub>),2.685
71,R&D,"Spending increase (AE, benchmark)",Debt-to-GDP ratio (b<sub>t</sub>),2.692
72,R&D,"Spending increase (AE, benchmark)",Debt-to-GDP ratio (b<sub>t</sub>),2.698
73,R&D,"Spending increase (AE, benchmark)",Debt-to-GDP ratio (b<sub>t</sub>),2.703
74,R&D,"Spending increase (AE, benchmark)",Debt-to-GDP ratio (b<sub>t</sub>),2.707
75,R&D,"Spending increase (AE, benchmark)",Debt-to-GDP ratio (b<sub>t</sub>),2.711
76,R&D,"Spending increase (AE, benchmark)",Debt-to-GDP ratio (b<sub>t</sub>),2.714
77,R&D,"Spending increase (AE, benchmark)",Debt-to-GDP ratio (b<sub>t</sub>),2.715
78,R&D,"Spending increase (AE, benchmark)",Debt-to-GDP ratio (b<sub>t</sub>),2.717
79,R&D,"Spending increase (AE, benchmark)",Debt-to-GDP ratio (b<sub>t</sub>),2.717
80,R&D,"Spending increase (AE, benchmark)",Debt-to-GDP ratio (b<sub>t</sub>),2.716
81,R&D,"Spending increase (AE, benchmark)",Debt-to-GDP ratio (b<sub>t</sub>),2.715
82,R&D,"Spending increase (AE, benchmark)",Debt-to-GDP ratio (b<sub>t</sub>),2.713
83,R&D,"Spending increase (AE, benchmark)",Debt-to-GDP ratio (b<sub>t</sub>),2.71
84,R&D,"Spending increase (AE, benchmark)",Debt-to-GDP ratio (b<sub>t</sub>),2.708
85,R&D,"Spending increase (AE, benchmark)",Debt-to-GDP ratio (b<sub>t</sub>),2.703
86,R&D,"Spending increase (AE, benchmark)",Debt-to-GDP ratio (b<sub>t</sub>),2.698
87,R&D,"Spending increase (AE, benchmark)",Debt-to-GDP ratio (b<sub>t</sub>),2.693
88,R&D,"Spending increase (AE, benchmark)",Debt-to-GDP ratio (b<sub>t</sub>),2.686
89,R&D,"Spending increase (AE, benchmark)",Debt-to-GDP ratio (b<sub>t</sub>),2.68
90,R&D,"Spending increase (AE, benchmark)",Debt-to-GDP ratio (b<sub>t</sub>),2.672
91,R&D,"Spending increase (AE, benchmark)",Debt-to-GDP ratio (b<sub>t</sub>),2.664
92,R&D,"Spending increase (AE, benchmark)",Debt-to-GDP ratio (b<sub>t</sub>),2.655
93,R&D,"Spending increase (AE, benchmark)",Debt-to-GDP ratio (b<sub>t</sub>),2.645
94,R&D,"Spending increase (AE, benchmark)",Debt-to-GDP ratio (b<sub>t</sub>),2.635
95,R&D,"Spending increase (AE, benchmark)",Debt-to-GDP ratio (b<sub>t</sub>),2.624
96,R&D,"Spending increase (AE, benchmark)",Debt-to-GDP ratio (b<sub>t</sub>),2.613
97,R&D,"Spending increase (AE, benchmark)",Debt-to-GDP ratio (b<sub>t</sub>),2.601
98,R&D,"Spending increase (AE, benchmark)",Debt-to-GDP ratio (b<sub>t</sub>),2.587
99,R&D,"Spending increase (AE, benchmark)",Debt-to-GDP ratio (b<sub>t</sub>),2.575
100,R&D,"Spending increase (AE, benchmark)",Debt-to-GDP ratio (b<sub>t</sub>),2.56
1,R&D,Efficiency improvement (AE),Debt-to-GDP ratio (b<sub>t</sub>),-0.082
2,R&D,Efficiency improvement (AE),Debt-to-GDP ratio (b<sub>t</sub>),0.029
3,R&D,Efficiency improvement (AE),Debt-to-GDP ratio (b<sub>t</sub>),0.047
4,R&D,Efficiency improvement (AE),Debt-to-GDP ratio (b<sub>t</sub>),0.057
5,R&D,Efficiency improvement (AE),Debt-to-GDP ratio (b<sub>t</sub>),0.061
6,R&D,Efficiency improvement (AE),Debt-to-GDP ratio (b<sub>t</sub>),0.058
7,R&D,Efficiency improvement (AE),Debt-to-GDP ratio (b<sub>t</sub>),0.051
8,R&D,Efficiency improvement (AE),Debt-to-GDP ratio (b<sub>t</sub>),0.04
9,R&D,Efficiency improvement (AE),Debt-to-GDP ratio (b<sub>t</sub>),0.028
10,R&D,Efficiency improvement (AE),Debt-to-GDP ratio (b<sub>t</sub>),0.013
11,R&D,Efficiency improvement (AE),Debt-to-GDP ratio (b<sub>t</sub>),-0.002
12,R&D,Efficiency improvement (AE),Debt-to-GDP ratio (b<sub>t</sub>),-0.018
13,R&D,Efficiency improvement (AE),Debt-to-GDP ratio (b<sub>t</sub>),-0.036
14,R&D,Efficiency improvement (AE),Debt-to-GDP ratio (b<sub>t</sub>),-0.053
15,R&D,Efficiency improvement (AE),Debt-to-GDP ratio (b<sub>t</sub>),-0.07
16,R&D,Efficiency improvement (AE),Debt-to-GDP ratio (b<sub>t</sub>),-0.087
17,R&D,Efficiency improvement (AE),Debt-to-GDP ratio (b<sub>t</sub>),-0.105
18,R&D,Efficiency improvement (AE),Debt-to-GDP ratio (b<sub>t</sub>),-0.125
19,R&D,Efficiency improvement (AE),Debt-to-GDP ratio (b<sub>t</sub>),-0.142
20,R&D,Efficiency improvement (AE),Debt-to-GDP ratio (b<sub>t</sub>),-0.161
21,R&D,Efficiency improvement (AE),Debt-to-GDP ratio (b<sub>t</sub>),-0.18
22,R&D,Efficiency improvement (AE),Debt-to-GDP ratio (b<sub>t</sub>),-0.199
23,R&D,Efficiency improvement (AE),Debt-to-GDP ratio (b<sub>t</sub>),-0.219
24,R&D,Efficiency improvement (AE),Debt-to-GDP ratio (b<sub>t</sub>),-0.239
25,R&D,Efficiency improvement (AE),Debt-to-GDP ratio (b<sub>t</sub>),-0.259
26,R&D,Efficiency improvement (AE),Debt-to-GDP ratio (b<sub>t</sub>),-0.28
27,R&D,Efficiency improvement (AE),Debt-to-GDP ratio (b<sub>t</sub>),-0.302
28,R&D,Efficiency improvement (AE),Debt-to-GDP ratio (b<sub>t</sub>),-0.325
29,R&D,Efficiency improvement (AE),Debt-to-GDP ratio (b<sub>t</sub>),-0.347
30,R&D,Efficiency improvement (AE),Debt-to-GDP ratio (b<sub>t</sub>),-0.372
31,R&D,Efficiency improvement (AE),Debt-to-GDP ratio (b<sub>t</sub>),-0.395
32,R&D,Efficiency improvement (AE),Debt-to-GDP ratio (b<sub>t</sub>),-0.421
33,R&D,Efficiency improvement (AE),Debt-to-GDP ratio (b<sub>t</sub>),-0.447
34,R&D,Efficiency improvement (AE),Debt-to-GDP ratio (b<sub>t</sub>),-0.472
35,R&D,Efficiency improvement (AE),Debt-to-GDP ratio (b<sub>t</sub>),-0.5
36,R&D,Efficiency improvement (AE),Debt-to-GDP ratio (b<sub>t</sub>),-0.528
37,R&D,Efficiency improvement (AE),Debt-to-GDP ratio (b<sub>t</sub>),-0.558
38,R&D,Efficiency improvement (AE),Debt-to-GDP ratio (b<sub>t</sub>),-0.587
39,R&D,Efficiency improvement (AE),Debt-to-GDP ratio (b<sub>t</sub>),-0.618
40,R&D,Efficiency improvement (AE),Debt-to-GDP ratio (b<sub>t</sub>),-0.649
41,R&D,Efficiency improvement (AE),Debt-to-GDP ratio (b<sub>t</sub>),-0.681
42,R&D,Efficiency improvement (AE),Debt-to-GDP ratio (b<sub>t</sub>),-0.714
43,R&D,Efficiency improvement (AE),Debt-to-GDP ratio (b<sub>t</sub>),-0.748
44,R&D,Efficiency improvement (AE),Debt-to-GDP ratio (b<sub>t</sub>),-0.783
45,R&D,Efficiency improvement (AE),Debt-to-GDP ratio (b<sub>t</sub>),-0.818
46,R&D,Efficiency improvement (AE),Debt-to-GDP ratio (b<sub>t</sub>),-0.855
47,R&D,Efficiency improvement (AE),Debt-to-GDP ratio (b<sub>t</sub>),-0.892
48,R&D,Efficiency improvement (AE),Debt-to-GDP ratio (b<sub>t</sub>),-0.93
49,R&D,Efficiency improvement (AE),Debt-to-GDP ratio (b<sub>t</sub>),-0.969
50,R&D,Efficiency improvement (AE),Debt-to-GDP ratio (b<sub>t</sub>),-1.008
51,R&D,Efficiency improvement (AE),Debt-to-GDP ratio (b<sub>t</sub>),-1.048
52,R&D,Efficiency improvement (AE),Debt-to-GDP ratio (b<sub>t</sub>),-1.089
53,R&D,Efficiency improvement (AE),Debt-to-GDP ratio (b<sub>t</sub>),-1.131
54,R&D,Efficiency improvement (AE),Debt-to-GDP ratio (b<sub>t</sub>),-1.173
55,R&D,Efficiency improvement (AE),Debt-to-GDP ratio (b<sub>t</sub>),-1.217
56,R&D,Efficiency improvement (AE),Debt-to-GDP ratio (b<sub>t</sub>),-1.261
57,R&D,Efficiency improvement (AE),Debt-to-GDP ratio (b<sub>t</sub>),-1.306
58,R&D,Efficiency improvement (AE),Debt-to-GDP ratio (b<sub>t</sub>),-1.351
59,R&D,Efficiency improvement (AE),Debt-to-GDP ratio (b<sub>t</sub>),-1.397
60,R&D,Efficiency improvement (AE),Debt-to-GDP ratio (b<sub>t</sub>),-1.443
61,R&D,Efficiency improvement (AE),Debt-to-GDP ratio (b<sub>t</sub>),-1.491
62,R&D,Efficiency improvement (AE),Debt-to-GDP ratio (b<sub>t</sub>),-1.539
63,R&D,Efficiency improvement (AE),Debt-to-GDP ratio (b<sub>t</sub>),-1.587
64,R&D,Efficiency improvement (AE),Debt-to-GDP ratio (b<sub>t</sub>),-1.636
65,R&D,Efficiency improvement (AE),Debt-to-GDP ratio (b<sub>t</sub>),-1.686
66,R&D,Efficiency improvement (AE),Debt-to-GDP ratio (b<sub>t</sub>),-1.736
67,R&D,Efficiency improvement (AE),Debt-to-GDP ratio (b<sub>t</sub>),-1.787
68,R&D,Efficiency improvement (AE),Debt-to-GDP ratio (b<sub>t</sub>),-1.838
69,R&D,Efficiency improvement (AE),Debt-to-GDP ratio (b<sub>t</sub>),-1.889
70,R&D,Efficiency improvement (AE),Debt-to-GDP ratio (b<sub>t</sub>),-1.942
71,R&D,Efficiency improvement (AE),Debt-to-GDP ratio (b<sub>t</sub>),-1.995
72,R&D,Efficiency improvement (AE),Debt-to-GDP ratio (b<sub>t</sub>),-2.049
73,R&D,Efficiency improvement (AE),Debt-to-GDP ratio (b<sub>t</sub>),-2.102
74,R&D,Efficiency improvement (AE),Debt-to-GDP ratio (b<sub>t</sub>),-2.156
75,R&D,Efficiency improvement (AE),Debt-to-GDP ratio (b<sub>t</sub>),-2.211
76,R&D,Efficiency improvement (AE),Debt-to-GDP ratio (b<sub>t</sub>),-2.265
77,R&D,Efficiency improvement (AE),Debt-to-GDP ratio (b<sub>t</sub>),-2.321
78,R&D,Efficiency improvement (AE),Debt-to-GDP ratio (b<sub>t</sub>),-2.377
79,R&D,Efficiency improvement (AE),Debt-to-GDP ratio (b<sub>t</sub>),-2.432
80,R&D,Efficiency improvement (AE),Debt-to-GDP ratio (b<sub>t</sub>),-2.489
81,R&D,Efficiency improvement (AE),Debt-to-GDP ratio (b<sub>t</sub>),-2.546
82,R&D,Efficiency improvement (AE),Debt-to-GDP ratio (b<sub>t</sub>),-2.603
83,R&D,Efficiency improvement (AE),Debt-to-GDP ratio (b<sub>t</sub>),-2.66
84,R&D,Efficiency improvement (AE),Debt-to-GDP ratio (b<sub>t</sub>),-2.718
85,R&D,Efficiency improvement (AE),Debt-to-GDP ratio (b<sub>t</sub>),-2.776
86,R&D,Efficiency improvement (AE),Debt-to-GDP ratio (b<sub>t</sub>),-2.835
87,R&D,Efficiency improvement (AE),Debt-to-GDP ratio (b<sub>t</sub>),-2.892
88,R&D,Efficiency improvement (AE),Debt-to-GDP ratio (b<sub>t</sub>),-2.951
89,R&D,Efficiency improvement (AE),Debt-to-GDP ratio (b<sub>t</sub>),-3.011
90,R&D,Efficiency improvement (AE),Debt-to-GDP ratio (b<sub>t</sub>),-3.07
91,R&D,Efficiency improvement (AE),Debt-to-GDP ratio (b<sub>t</sub>),-3.13
92,R&D,Efficiency improvement (AE),Debt-to-GDP ratio (b<sub>t</sub>),-3.189
93,R&D,Efficiency improvement (AE),Debt-to-GDP ratio (b<sub>t</sub>),-3.249
94,R&D,Efficiency improvement (AE),Debt-to-GDP ratio (b<sub>t</sub>),-3.309
95,R&D,Efficiency improvement (AE),Debt-to-GDP ratio (b<sub>t</sub>),-3.369
96,R&D,Efficiency improvement (AE),Debt-to-GDP ratio (b<sub>t</sub>),-3.43
97,R&D,Efficiency improvement (AE),Debt-to-GDP ratio (b<sub>t</sub>),-3.491
98,R&D,Efficiency improvement (AE),Debt-to-GDP ratio (b<sub>t</sub>),-3.551
99,R&D,Efficiency improvement (AE),Debt-to-GDP ratio (b<sub>t</sub>),-3.612
100,R&D,Efficiency improvement (AE),Debt-to-GDP ratio (b<sub>t</sub>),-3.673
