horizon_quarter,scenario,variable,pct_dev
1,Infrastructure efficiency,Output (Y<sup>d</sup><sub>t</sub>),1.491
2,Infrastructure efficiency,Output (Y<sup>d</sup><sub>t</sub>),-0.813
3,Infrastructure efficiency,Output (Y<sup>d</sup><sub>t</sub>),-0.361
4,Infrastructure efficiency,Output (Y<sup>d</sup><sub>t</sub>),0.057
5,Infrastructure efficiency,Output (Y<sup>d</sup><sub>t</sub>),0.455
6,Infrastructure efficiency,Output (Y<sup>d</sup><sub>t</sub>),0.837
7,Infrastructure efficiency,Output (Y<sup>d</sup><sub>t</sub>),1.205
8,Infrastructure efficiency,Output (Y<sup>d</sup><sub>t</sub>),1.56
9,Infrastructure efficiency,Output (Y<sup>d</sup><sub>t</sub>),1.904
10,Infrastructure efficiency,Output (Y<sup>d</sup><sub>t</sub>),2.236
11,Infrastructure efficiency,Output (Y<sup>d</sup><sub>t</sub>),2.559
12,Infrastructure efficiency,Output (Y<sup>d</sup><sub>t</sub>),2.871
13,Infrastructure efficiency,Output (Y<sup>d</sup><sub>t</sub>),3.173
14,Infrastructure efficiency,Output (Y<sup>d</sup><sub>t</sub>),3.467
15,Infrastructure efficiency,Output (Y<sup>d</sup><sub>t</sub>),3.752
16,Infrastructure efficiency,Output (Y<sup>d</sup><sub>t</sub>),4.028
17,Infrastructure efficiency,Output (Y<sup>d</sup><sub>t</sub>),4.296
18,Infrastructure efficiency,Output (Y<sup>d</sup><sub>t</sub>),4.556
19,Infrastructure efficiency,Output (Y<sup>d</sup><sub>t</sub>),4.809
20,Infrastructure efficiency,Output (Y<sup>d</sup><sub>t</sub>),5.054
21,Infrastructure efficiency,Output (Y<sup>d</sup><sub>t</sub>),5.292
22,Infrastructure efficiency,Output (Y<sup>d</sup><sub>t</sub>),5.523
23,Infrastructure efficiency,Output (Y<sup>d</sup><sub>t</sub>),5.747
24,Infrastructure efficiency,Output (Y<sup>d</sup><sub>t</sub>),5.964
25,Infrastructure efficiency,Output (Y<sup>d</sup><sub>t</sub>),6.175
26,Infrastructure efficiency,Output (Y<sup>d</sup><sub>t</sub>),6.38
27,Infrastructure efficiency,Output (Y<sup>d</sup><sub>t</sub>),6.579
28,Infrastructure efficiency,Output (Y<sup>d</sup><sub>t</sub>),6.771
29,Infrastructure efficiency,Output (Y<sup>d</sup><sub>t</sub>),6.958
30,Infrastructure efficiency,Output (Y<sup>d</sup><sub>t</sub>),7.14
31,Infrastructure efficiency,Output (Y<sup>d</sup><sub>t</sub>),7.315
32,Infrastructure efficiency,Output (Y<sup>d</sup><sub>t</sub>),7.486
33,Infrastructure efficiency,Output (Y<sup>d</sup><sub>t</sub>),7.651
34,Infrastructure efficiency,Output (Y<sup>d</sup><sub>t</sub>),7.812
35,Infrastructure efficiency,Output (Y<sup>d</sup><sub>t</sub>),7.967
36,Infrastructure efficiency,Output (Y<sup>d</sup><sub>t</sub>),8.118
37,Infrastructure efficiency,Output (Y<sup>d</sup><sub>t</sub>),8.264
38,Infrastructure efficiency,Output (Y<sup>d</sup><sub>t</sub>),8.405
39,Infrastructure efficiency,Output (Y<sup>d</sup><sub>t</sub>),8.542
40,Infrastructure efficiency,Output (Y<sup>d</sup><sub>t</sub>),8.675
41,Infrastructure efficiency,Output (Y<sup>d</sup><sub>t</sub>),8.804
42,Infrastructure efficiency,Output (Y<sup>d</sup><sub>t</sub>),8.929
43,Infrastructure efficiency,Output (Y<sup>d</sup><sub>t</sub>),9.05
44,Infrastructure efficiency,Output (Y<sup>d</sup><sub>t</sub>),9.167
45,Infrastructure efficiency,Output (Y<sup>d</sup><sub>t</sub>),9.28
46,Infrastructure efficiency,Output (Y<sup>d</sup><sub>t</sub>),9.39
47,Infrastructure efficiency,Output (Y<sup>d</sup><sub>t</sub>),9.497
48,Infrastructure efficiency,Output (Y<sup>d</sup><sub>t</sub>),9.6
49,Infrastructure efficiency,Output (Y<sup>d</sup><sub>t</sub>),9.7
50,Infrastructure efficiency,Output (Y<sup>d</sup><sub>t</sub>),9.797
51,Infrastructure efficiency,Output (Y<sup>d</sup><sub>t</sub>),9.89
52,Infrastructure efficiency,Output (Y<sup>d</sup><sub>t</sub>),9.981
53,Infrastructure efficiency,Output (Y<sup>d</sup><sub>t</sub>),10.069
54,Infrastructure efficiency,Output (Y<sup>d</sup><sub>t</sub>),10.154
55,Infrastructure efficiency,Output (Y<sup>d</sup><sub>t</sub>),10.237
56,Infrastructure efficiency,Output (Y<sup>d</sup><sub>t</sub>),10.317
57,Infrastructure efficiency,Output (Y<sup>d</sup><sub>t</sub>),10.394
58,Infrastructure efficiency,Output (Y<sup>d</sup><sub>t</sub>),10.469
59,Infrastructure efficiency,Output (Y<sup>d</sup><sub>t</sub>),10.541
60,Infrastructure efficiency,Output (Y<sup>d</sup><sub>t</sub>),10.611
61,Infrastructure efficiency,Output (Y<sup>d</sup><sub>t</sub>),10.679
62,Infrastructure efficiency,Output (Y<sup>d</sup><sub>t</sub>),10.745
63,Infrastructure efficiency,Output (Y<sup>d</sup><sub>t</sub>),10.809
64,Infrastructure efficiency,Output (Y<sup>d</sup><sub>t</sub>),10.87
65,Infrastructure efficiency,Output (Y<sup>d</sup><sub>t</sub>),10.93
66,Infrastructure efficiency,Output (Y<sup>d</sup><sub>t</sub>),10.988
67,Infrastructure efficiency,Output (Y<sup>d</sup><sub>t</sub>),11.044
68,Infrastructure efficiency,Output (Y<sup>d</sup><sub>t</sub>),11.098
69,Infrastructure efficiency,Output (Y<sup>d</sup><sub>t</sub>),11.15
70,Infrastructure efficiency,Output (Y<sup>d</sup><sub>t</sub>),11.201
71,Infrastructure efficiency,Output (Y<sup>d</sup><sub>t</sub>),11.25
72,Infrastructure efficiency,Output (Y<sup>d</sup><sub>t</sub>),11.298
73,Infrastructure efficiency,Output (Y<sup>d</sup><sub>t</sub>),11.344
74,Infrastructure efficiency,Output (Y<sup>d</sup><sub>t</sub>),11.388
75,Infrastructure efficiency,Output (Y<sup>d</sup><sub>t</sub>),11.431
76,Infrastructure efficiency,Output (Y<sup>d</sup><sub>t</sub>),11.473
77,Infrastructure efficiency,Output (Y<sup>d</sup><sub>t</sub>),11.514
78,Infrastructure efficiency,Output (Y<sup>d</sup><sub>t</sub>),11.553
79,Infrastructure efficiency,Output (Y<sup>d</sup><sub>t</sub>),11.591
80,Infrastructure efficiency,Output (Y<sup>d</sup><sub>t</sub>),11.627
81,Infrastructure efficiency,Output (Y<sup>d</sup><sub>t</sub>),11.663
82,Infrastructure efficiency,Output (Y<sup>d</sup><sub>t</sub>),11.697
83,Infrastructure efficiency,Output (Y<sup>d</sup><sub>t</sub>),11.731
84,Infrastructure efficiency,Output (Y<sup>d</sup><sub>t</sub>),11.763
85,Infrastructure efficiency,Output (Y<sup>d</sup><sub>t</sub>),11.794
86,Infrastructure efficiency,Output (Y<sup>d</sup><sub>t</sub>),11.824
87,Infrastructure efficiency,Output (Y<sup>d</sup><sub>t</sub>),11.854
88,Infrastructure efficiency,Output (Y<sup>d</sup><sub>t</sub>),11.882
89,Infrastructure efficiency,Output (Y<sup>d</sup><sub>t</sub>),11.909
90,Infrastructure efficiency,Output (Y<sup>d</sup><sub>t</sub>),11.936
91,Infrastructure efficiency,Output (Y<sup>d</sup><sub>t</sub>),11.961
92,Infrastructure efficiency,Output (Y<sup>d</sup><sub>t</sub>),11.986
93,Infrastructure efficiency,Output (Y<sup>d</sup><sub>t</sub>),12.01
94,Infrastructure efficiency,Output (Y<sup>d</sup><sub>t</sub>),12.034
95,Infrastructure efficiency,Output (Y<sup>d</sup><sub>t</sub>),12.056
96,Infrastructure efficiency,Output (Y<sup>d</sup><sub>t</sub>),12.078
97,Infrastructure efficiency,Output (Y<sup>d</sup><sub>t</sub>),12.099
98,Infrastructure efficiency,Output (Y<sup>d</sup><sub>t</sub>),12.12
99,Infrastructure efficiency,Output (Y<sup>d</sup><sub>t</sub>),12.14
100,Infrastructure efficiency,Output (Y<sup>d</sup><sub>t</sub>),12.159
1,Human-capital efficiency,Output (Y<sup>d</sup><sub>t</sub>),1.92
2,Human-capital efficiency,Output (Y<sup>d</sup><sub>t</sub>),1.012
3,Human-capital efficiency,Output (Y<sup>d</sup><sub>t</sub>),0.882
4,Human-capital efficiency,Output (Y<sup>d</sup><sub>t</sub>),0.739
5,Human-capital efficiency,Output (Y<sup>d</sup><sub>t</sub>),0.604
6,Human-capital efficiency,Output (Y<sup>d</sup><sub>t</sub>),0.483
7,Human-capital efficiency,Output (Y<sup>d</sup><sub>t</sub>),0.377
8,Human-capital efficiency,Output (Y<sup>d</sup><sub>t</sub>),0.287
9,Human-capital efficiency,Output (Y<sup>d</sup><sub>t</sub>),0.21
10,Human-capital efficiency,Output (Y<sup>d</sup><sub>t</sub>),0.148
11,Human-capital efficiency,Output (Y<sup>d</sup><sub>t</sub>),0.098
12,Human-capital efficiency,Output (Y<sup>d</sup><sub>t</sub>),0.061
13,Human-capital efficiency,Output (Y<sup>d</sup><sub>t</sub>),0.035
14,Human-capital efficiency,Output (Y<sup>d</sup><sub>t</sub>),0.02
15,Human-capital efficiency,Output (Y<sup>d</sup><sub>t</sub>),0.015
16,Human-capital efficiency,Output (Y<sup>d</sup><sub>t</sub>),0.02
17,Human-capital efficiency,Output (Y<sup>d</sup><sub>t</sub>),0.034
18,Human-capital efficiency,Output (Y<sup>d</sup><sub>t</sub>),0.057
19,Human-capital efficiency,Output (Y<sup>d</sup><sub>t</sub>),0.087
20,Human-capital efficiency,Output (Y<sup>d</sup><sub>t</sub>),0.125
21,Human-capital efficiency,Output (Y<sup>d</sup><sub>t</sub>),0.17
22,Human-capital efficiency,Output (Y<sup>d</sup><sub>t</sub>),0.222
23,Human-capital efficiency,Output (Y<sup>d</sup><sub>t</sub>),0.279
24,Human-capital efficiency,Output (Y<sup>d</sup><sub>t</sub>),0.342
25,Human-capital efficiency,Output (Y<sup>d</sup><sub>t</sub>),0.411
26,Human-capital efficiency,Output (Y<sup>d</sup><sub>t</sub>),0.484
27,Human-capital efficiency,Output (Y<sup>d</sup><sub>t</sub>),0.562
28,Human-capital efficiency,Output (Y<sup>d</sup><sub>t</sub>),0.644
29,Human-capital efficiency,Output (Y<sup>d</sup><sub>t</sub>),0.73
30,Human-capital efficiency,Output (Y<sup>d</sup><sub>t</sub>),0.819
31,Human-capital efficiency,Output (Y<sup>d</sup><sub>t</sub>),0.912
32,Human-capital efficiency,Output (Y<sup>d</sup><sub>t</sub>),1.007
33,Human-capital efficiency,Output (Y<sup>d</sup><sub>t</sub>),1.106
34,Human-capital efficiency,Output (Y<sup>d</sup><sub>t</sub>),1.206
35,Human-capital efficiency,Output (Y<sup>d</sup><sub>t</sub>),1.309
36,Human-capital efficiency,Output (Y<sup>d</sup><sub>t</sub>),1.414
37,Human-capital efficiency,Output (Y<sup>d</sup><sub>t</sub>),1.521
38,Human-capital efficiency,Output (Y<sup>d</sup><sub>t</sub>),1.629
39,Human-capital efficiency,Output (Y<sup>d</sup><sub>t</sub>),1.739
40,Human-capital efficiency,Output (Y<sup>d</sup><sub>t</sub>),1.85
41,Human-capital efficiency,Output (Y<sup>d</sup><sub>t</sub>),1.962
42,Human-capital efficiency,Output (Y<sup>d</sup><sub>t</sub>),2.074
43,Human-capital efficiency,Output (Y<sup>d</sup><sub>t</sub>),2.188
44,Human-capital efficiency,Output (Y<sup>d</sup><sub>t</sub>),2.302
45,Human-capital efficiency,Output (Y<sup>d</sup><sub>t</sub>),2.416
46,Human-capital efficiency,Output (Y<sup>d</sup><sub>t</sub>),2.531
47,Human-capital efficiency,Output (Y<sup>d</sup><sub>t</sub>),2.645
48,Human-capital efficiency,Output (Y<sup>d</sup><sub>t</sub>),2.76
49,Human-capital efficiency,Output (Y<sup>d</sup><sub>t</sub>),2.875
50,Human-capital efficiency,Output (Y<sup>d</sup><sub>t</sub>),2.989
51,Human-capital efficiency,Output (Y<sup>d</sup><sub>t</sub>),3.104
52,Human-capital efficiency,Output (Y<sup>d</sup><sub>t</sub>),3.218
53,Human-capital efficiency,Output (Y<sup>d</sup><sub>t</sub>),3.331
54,Human-capital efficiency,Output (Y<sup>d</sup><sub>t</sub>),3.444
55,Human-capital efficiency,Output (Y<sup>d</sup><sub>t</sub>),3.556
56,Human-capital efficiency,Output (Y<sup>d</sup><sub>t</sub>),3.668
57,Human-capital efficiency,Output (Y<sup>d</sup><sub>t</sub>),3.779
58,Human-capital efficiency,Output (Y<sup>d</sup><sub>t</sub>),3.889
59,Human-capital efficiency,Output (Y<sup>d</sup><sub>t</sub>),3.998
60,Human-capital efficiency,Output (Y<sup>d</sup><sub>t</sub>),4.106
61,Human-capital efficiency,Output (Y<sup>d</sup><sub>t</sub>),4.213
62,Human-capital efficiency,Output (Y<sup>d</sup><sub>t</sub>),4.319
63,Human-capital efficiency,Output (Y<sup>d</sup><sub>t</sub>),4.425
64,Human-capital efficiency,Output (Y<sup>d</sup><sub>t</sub>),4.529
65,Human-capital efficiency,Output (Y<sup>d</sup><sub>t</sub>),4.632
66,Human-capital efficiency,Output (Y<sup>d</sup><sub>t</sub>),4.734
67,Human-capital efficiency,Output (Y<sup>d</sup><sub>t</sub>),4.834
68,Human-capital efficiency,Output (Y<sup>d</sup><sub>t</sub>),4.934
69,Human-capital efficiency,Output (Y<sup>d</sup><sub>t</sub>),5.032
70,Human-capital efficiency,Output (Y<sup>d</sup><sub>t</sub>),5.129
71,Human-capital efficiency,Output (Y<sup>d</sup><sub>t</sub>),5.224
72,Human-capital efficiency,Output (Y<sup>d</sup><sub>t</sub>),5.319
73,Human-capital efficiency,Output (Y<sup>d</sup><sub>t</sub>),5.412
74,Human-capital efficiency,Output (Y<sup>d</sup><sub>t</sub>),5.504
75,Human-capital efficiency,Output (Y<sup>d</sup><sub>t</sub>),5.594
76,Human-capital efficiency,Output (Y<sup>d</sup><sub>t</sub>),5.683
77,Human-capital efficiency,Output (Y<sup>d</sup><sub>t</sub>),5.771
78,Human-capital efficiency,Output (Y<sup>d</sup><sub>t</sub>),5.857
79,Human-capital efficiency,Output (Y<sup>d</sup><sub>t</sub>),5.942
80,Human-capital efficiency,Output (Y<sup>d</sup><sub>t</sub>),6.026
81,Human-capital efficiency,Output (Y<sup>d</sup><sub>t</sub>),6.109
82,Human-capital efficiency,Output (Y<sup>d</sup><sub>t</sub>),6.19
83,Human-capital efficiency,Output (Y<sup>d</sup><sub>t</sub>),6.269
84,Human-capital efficiency,Output (Y<sup>d</sup><sub>t</sub>),6.348
85,Human-capital efficiency,Output (Y<sup>d</sup><sub>t</sub>),6.425
86,Human-capital efficiency,Output (Y<sup>d</sup><sub>t</sub>),6.501
87,Human-capital efficiency,Output (Y<sup>d</sup><sub>t</sub>),6.575
88,Human-capital efficiency,Output (Y<sup>d</sup><sub>t</sub>),6.648
89,Human-capital efficiency,Output (Y<sup>d</sup><sub>t</sub>),6.72
90,Human-capital efficiency,Output (Y<sup>d</sup><sub>t</sub>),6.791
91,Human-capital efficiency,Output (Y<sup>d</sup><sub>t</sub>),6.86
92,Human-capital efficiency,Output (Y<sup>d</sup><sub>t</sub>),6.928
93,Human-capital efficiency,Output (Y<sup>d</sup><sub>t</sub>),6.995
94,Human-capital efficiency,Output (Y<sup>d</sup><sub>t</sub>),7.06
95,Human-capital efficiency,Output (Y<sup>d</sup><sub>t</sub>),7.124
96,Human-capital efficiency,Output (Y<sup>d</sup><sub>t</sub>),7.187
97,Human-capital efficiency,Output (Y<sup>d</sup><sub>t</sub>),7.249
98,Human-capital efficiency,Output (Y<sup>d</sup><sub>t</sub>),7.31
99,Human-capital efficiency,Output (Y<sup>d</sup><sub>t</sub>),7.369
100,Human-capital efficiency,Output (Y<sup>d</sup><sub>t</sub>),7.428
1,Infrastructure efficiency,Consumption (C<sub>t</sub>),3.696
2,Infrastructure efficiency,Consumption (C<sub>t</sub>),3.66
3,Infrastructure efficiency,Consumption (C<sub>t</sub>),3.664
4,Infrastructure efficiency,Consumption (C<sub>t</sub>),3.703
5,Infrastructure efficiency,Consumption (C<sub>t</sub>),3.771
6,Infrastructure efficiency,Consumption (C<sub>t</sub>),3.866
7,Infrastructure efficiency,Consumption (C<sub>t</sub>),3.985
8,Infrastructure efficiency,Consumption (C<sub>t</sub>),4.123
9,Infrastructure efficiency,Consumption (C<sub>t</sub>),4.28
10,Infrastructure efficiency,Consumption (C<sub>t</sub>),4.452
11,Infrastructure efficiency,Consumption (C<sub>t</sub>),4.637
12,Infrastructure efficiency,Consumption (C<sub>t</sub>),4.834
13,Infrastructure efficiency,Consumption (C<sub>t</sub>),5.041
14,Infrastructure efficiency,Consumption (C<sub>t</sub>),5.256
15,Infrastructure efficiency,Consumption (C<sub>t</sub>),5.477
16,Infrastructure efficiency,Consumption (C<sub>t</sub>),5.704
17,Infrastructure efficiency,Consumption (C<sub>t</sub>),5.935
18,Infrastructure efficiency,Consumption (C<sub>t</sub>),6.169
19,Infrastructure efficiency,Consumption (C<sub>t</sub>),6.405
20,Infrastructure efficiency,Consumption (C<sub>t</sub>),6.643
21,Infrastructure efficiency,Consumption (C<sub>t</sub>),6.882
22,Infrastructure efficiency,Consumption (C<sub>t</sub>),7.12
23,Infrastructure efficiency,Consumption (C<sub>t</sub>),7.358
24,Infrastructure efficiency,Consumption (C<sub>t</sub>),7.594
25,Infrastructure efficiency,Consumption (C<sub>t</sub>),7.829
26,Infrastructure efficiency,Consumption (C<sub>t</sub>),8.062
27,Infrastructure efficiency,Consumption (C<sub>t</sub>),8.293
28,Infrastructure efficiency,Consumption (C<sub>t</sub>),8.52
29,Infrastructure efficiency,Consumption (C<sub>t</sub>),8.745
30,Infrastructure efficiency,Consumption (C<sub>t</sub>),8.966
31,Infrastructure efficiency,Consumption (C<sub>t</sub>),9.184
32,Infrastructure efficiency,Consumption (C<sub>t</sub>),9.399
33,Infrastructure efficiency,Consumption (C<sub>t</sub>),9.609
34,Infrastructure efficiency,Consumption (C<sub>t</sub>),9.816
35,Infrastructure efficiency,Consumption (C<sub>t</sub>),10.018
36,Infrastructure efficiency,Consumption (C<sub>t</sub>),10.217
37,Infrastructure efficiency,Consumption (C<sub>t</sub>),10.411
38,Infrastructure efficiency,Consumption (C<sub>t</sub>),10.601
39,Infrastructure efficiency,Consumption (C<sub>t</sub>),10.787
40,Infrastructure efficiency,Consumption (C<sub>t</sub>),10.969
41,Infrastructure efficiency,Consumption (C<sub>t</sub>),11.146
42,Infrastructure efficiency,Consumption (C<sub>t</sub>),11.32
43,Infrastructure efficiency,Consumption (C<sub>t</sub>),11.489
44,Infrastructure efficiency,Consumption (C<sub>t</sub>),11.654
45,Infrastructure efficiency,Consumption (C<sub>t</sub>),11.814
46,Infrastructure efficiency,Consumption (C<sub>t</sub>),11.971
47,Infrastructure efficiency,Consumption (C<sub>t</sub>),12.124
48,Infrastructure efficiency,Consumption (C<sub>t</sub>),12.272
49,Infrastructure efficiency,Consumption (C<sub>t</sub>),12.417
50,Infrastructure efficiency,Consumption (C<sub>t</sub>),12.558
51,Infrastructure efficiency,Consumption (C<sub>t</sub>),12.695
52,Infrastructure efficiency,Consumption (C<sub>t</sub>),12.828
53,Infrastructure efficiency,Consumption (C<sub>t</sub>),12.958
54,Infrastructure efficiency,Consumption (C<sub>t</sub>),13.084
55,Infrastructure efficiency,Consumption (C<sub>t</sub>),13.206
56,Infrastructure efficiency,Consumption (C<sub>t</sub>),13.326
57,Infrastructure efficiency,Consumption (C<sub>t</sub>),13.441
58,Infrastructure efficiency,Consumption (C<sub>t</sub>),13.554
59,Infrastructure efficiency,Consumption (C<sub>t</sub>),13.663
60,Infrastructure efficiency,Consumption (C<sub>t</sub>),13.769
61,Infrastructure efficiency,Consumption (C<sub>t</sub>),13.872
62,Infrastructure efficiency,Consumption (C<sub>t</sub>),13.972
63,Infrastructure efficiency,Consumption (C<sub>t</sub>),14.068
64,Infrastructure efficiency,Consumption (C<sub>t</sub>),14.163
65,Infrastructure efficiency,Consumption (C<sub>t</sub>),14.254
66,Infrastructure efficiency,Consumption (C<sub>t</sub>),14.342
67,Infrastructure efficiency,Consumption (C<sub>t</sub>),14.428
68,Infrastructure efficiency,Consumption (C<sub>t</sub>),14.512
69,Infrastructure efficiency,Consumption (C<sub>t</sub>),14.593
70,Infrastructure efficiency,Consumption (C<sub>t</sub>),14.671
71,Infrastructure efficiency,Consumption (C<sub>t</sub>),14.747
72,Infrastructure efficiency,Consumption (C<sub>t</sub>),14.821
73,Infrastructure efficiency,Consumption (C<sub>t</sub>),14.892
74,Infrastructure efficiency,Consumption (C<sub>t</sub>),14.962
75,Infrastructure efficiency,Consumption (C<sub>t</sub>),15.029
76,Infrastructure efficiency,Consumption (C<sub>t</sub>),15.094
77,Infrastructure efficiency,Consumption (C<sub>t</sub>),15.157
78,Infrastructure efficiency,Consumption (C<sub>t</sub>),15.219
79,Infrastructure efficiency,Consumption (C<sub>t</sub>),15.278
80,Infrastructure efficiency,Consumption (C<sub>t</sub>),15.335
81,Infrastructure efficiency,Consumption (C<sub>t</sub>),15.391
82,Infrastructure efficiency,Consumption (C<sub>t</sub>),15.445
83,Infrastructure efficiency,Consumption (C<sub>t</sub>),15.497
84,Infrastructure efficiency,Consumption (C<sub>t</sub>),15.548
85,Infrastructure efficiency,Consumption (C<sub>t</sub>),15.597
86,Infrastructure efficiency,Consumption (C<sub>t</sub>),15.645
87,Infrastructure efficiency,Consumption (C<sub>t</sub>),15.691
88,Infrastructure efficiency,Consumption (C<sub>t</sub>),15.736
89,Infrastructure efficiency,Consumption (C<sub>t</sub>),15.779
90,Infrastructure efficiency,Consumption (C<sub>t</sub>),15.821
91,Infrastructure efficiency,Consumption (C<sub>t</sub>),15.861
92,Infrastructure efficiency,Consumption (C<sub>t</sub>),15.901
93,Infrastructure efficiency,Consumption (C<sub>t</sub>),15.939
94,Infrastructure efficiency,Consumption (C<sub>t</sub>),15.976
95,Infrastructure efficiency,Consumption (C<sub>t</sub>),16.011
96,Infrastructure efficiency,Consumption (C<sub>t</sub>),16.046
97,Infrastructure efficiency,Consumption (C<sub>t</sub>),16.08
98,Infrastructure efficiency,Consumption (C<sub>t</sub>),16.112
99,Infrastructure efficiency,Consumption (C<sub>t</sub>),16.144
100,Infrastructure efficiency,Consumption (C<sub>t</sub>),16.174
1,Human-capital efficiency,Consumption (C<sub>t</sub>),1.057
2,Human-capital efficiency,Consumption (C<sub>t</sub>),1.081
3,Human-capital efficiency,Consumption (C<sub>t</sub>),1.101
4,Human-capital efficiency,Consumption (C<sub>t</sub>),1.115
5,Human-capital efficiency,Consumption (C<sub>t</sub>),1.124
6,Human-capital efficiency,Consumption (C<sub>t</sub>),1.129
7,Human-capital efficiency,Consumption (C<sub>t</sub>),1.131
8,Human-capital efficiency,Consumption (C<sub>t</sub>),1.132
9,Human-capital efficiency,Consumption (C<sub>t</sub>),1.132
10,Human-capital efficiency,Consumption (C<sub>t</sub>),1.133
11,Human-capital efficiency,Consumption (C<sub>t</sub>),1.136
12,Human-capital efficiency,Consumption (C<sub>t</sub>),1.14
13,Human-capital efficiency,Consumption (C<sub>t</sub>),1.147
14,Human-capital efficiency,Consumption (C<sub>t</sub>),1.158
15,Human-capital efficiency,Consumption (C<sub>t</sub>),1.172
16,Human-capital efficiency,Consumption (C<sub>t</sub>),1.191
17,Human-capital efficiency,Consumption (C<sub>t</sub>),1.213
18,Human-capital efficiency,Consumption (C<sub>t</sub>),1.24
19,Human-capital efficiency,Consumption (C<sub>t</sub>),1.272
20,Human-capital efficiency,Consumption (C<sub>t</sub>),1.309
21,Human-capital efficiency,Consumption (C<sub>t</sub>),1.35
22,Human-capital efficiency,Consumption (C<sub>t</sub>),1.396
23,Human-capital efficiency,Consumption (C<sub>t</sub>),1.448
24,Human-capital efficiency,Consumption (C<sub>t</sub>),1.503
25,Human-capital efficiency,Consumption (C<sub>t</sub>),1.564
26,Human-capital efficiency,Consumption (C<sub>t</sub>),1.63
27,Human-capital efficiency,Consumption (C<sub>t</sub>),1.699
28,Human-capital efficiency,Consumption (C<sub>t</sub>),1.774
29,Human-capital efficiency,Consumption (C<sub>t</sub>),1.852
30,Human-capital efficiency,Consumption (C<sub>t</sub>),1.935
31,Human-capital efficiency,Consumption (C<sub>t</sub>),2.022
32,Human-capital efficiency,Consumption (C<sub>t</sub>),2.113
33,Human-capital efficiency,Consumption (C<sub>t</sub>),2.207
34,Human-capital efficiency,Consumption (C<sub>t</sub>),2.305
35,Human-capital efficiency,Consumption (C<sub>t</sub>),2.406
36,Human-capital efficiency,Consumption (C<sub>t</sub>),2.51
37,Human-capital efficiency,Consumption (C<sub>t</sub>),2.617
38,Human-capital efficiency,Consumption (C<sub>t</sub>),2.727
39,Human-capital efficiency,Consumption (C<sub>t</sub>),2.839
40,Human-capital efficiency,Consumption (C<sub>t</sub>),2.954
41,Human-capital efficiency,Consumption (C<sub>t</sub>),3.07
42,Human-capital efficiency,Consumption (C<sub>t</sub>),3.189
43,Human-capital efficiency,Consumption (C<sub>t</sub>),3.31
44,Human-capital efficiency,Consumption (C<sub>t</sub>),3.433
45,Human-capital efficiency,Consumption (C<sub>t</sub>),3.557
46,Human-capital efficiency,Consumption (C<sub>t</sub>),3.682
47,Human-capital efficiency,Consumption (C<sub>t</sub>),3.808
48,Human-capital efficiency,Consumption (C<sub>t</sub>),3.936
49,Human-capital efficiency,Consumption (C<sub>t</sub>),4.064
50,Human-capital efficiency,Consumption (C<sub>t</sub>),4.193
51,Human-capital efficiency,Consumption (C<sub>t</sub>),4.323
52,Human-capital efficiency,Consumption (C<sub>t</sub>),4.453
53,Human-capital efficiency,Consumption (C<sub>t</sub>),4.584
54,Human-capital efficiency,Consumption (C<sub>t</sub>),4.714
55,Human-capital efficiency,Consumption (C<sub>t</sub>),4.845
56,Human-capital efficiency,Consumption (C<sub>t</sub>),4.976
57,Human-capital efficiency,Consumption (C<sub>t</sub>),5.107
58,Human-capital efficiency,Consumption (C<sub>t</sub>),5.237
59,Human-capital efficiency,Consumption (C<sub>t</sub>),5.368
60,Human-capital efficiency,Consumption (C<sub>t</sub>),5.498
61,Human-capital efficiency,Consumption (C<sub>t</sub>),5.627
62,Human-capital efficiency,Consumption (C<sub>t</sub>),5.756
63,Human-capital efficiency,Consumption (C<sub>t</sub>),5.884
64,Human-capital efficiency,Consumption (C<sub>t</sub>),6.011
65,Human-capital efficiency,Consumption (C<sub>t</sub>),6.138
66,Human-capital efficiency,Consumption (C<sub>t</sub>),6.263
67,Human-capital efficiency,Consumption (C<sub>t</sub>),6.388
68,Human-capital efficiency,Consumption (C<sub>t</sub>),6.512
69,Human-capital efficiency,Consumption (C<sub>t</sub>),6.635
70,Human-capital efficiency,Consumption (C<sub>t</sub>),6.756
71,Human-capital efficiency,Consumption (C<sub>t</sub>),6.877
72,Human-capital efficiency,Consumption (C<sub>t</sub>),6.996
73,Human-capital efficiency,Consumption (C<sub>t</sub>),7.114
74,Human-capital efficiency,Consumption (C<sub>t</sub>),7.231
75,Human-capital efficiency,Consumption (C<sub>t</sub>),7.347
76,Human-capital efficiency,Consumption (C<sub>t</sub>),7.461
77,Human-capital efficiency,Consumption (C<sub>t</sub>),7.574
78,Human-capital efficiency,Consumption (C<sub>t</sub>),7.685
79,Human-capital efficiency,Consumption (C<sub>t</sub>),7.796
80,Human-capital efficiency,Consumption (C<sub>t</sub>),7.904
81,Human-capital efficiency,Consumption (C<sub>t</sub>),8.012
82,Human-capital efficiency,Consumption (C<sub>t</sub>),8.118
83,Human-capital efficiency,Consumption (C<sub>t</sub>),8.222
84,Human-capital efficiency,Consumption (C<sub>t</sub>),8.325
85,Human-capital efficiency,Consumption (C<sub>t</sub>),8.427
86,Human-capital efficiency,Consumption (C<sub>t</sub>),8.527
87,Human-capital efficiency,Consumption (C<sub>t</sub>),8.625
88,Human-capital efficiency,Consumption (C<sub>t</sub>),8.722
89,Human-capital efficiency,Consumption (C<sub>t</sub>),8.818
90,Human-capital efficiency,Consumption (C<sub>t</sub>),8.912
91,Human-capital efficiency,Consumption (C<sub>t</sub>),9.004
92,Human-capital efficiency,Consumption (C<sub>t</sub>),9.095
93,Human-capital efficiency,Consumption (C<sub>t</sub>),9.185
94,Human-capital efficiency,Consumption (C<sub>t</sub>),9.273
95,Human-capital efficiency,Consumption (C<sub>t</sub>),9.36
96,Human-capital efficiency,Consumption (C<sub>t</sub>),9.445
97,Human-capital efficiency,Consumption (C<sub>t</sub>),9.528
98,Human-capital efficiency,Consumption (C<sub>t</sub>),9.611
99,Human-capital efficiency,Consumption (C<sub>t</sub>),9.691
100,Human-capital efficiency,Consumption (C<sub>t</sub>),9.771
1,Infrastructure efficiency,Private investment (I<sub>t</sub>),-2.932
2,Infrastructure efficiency,Private investment (I<sub>t</sub>),-13.324
3,Infrastructure efficiency,Private investment (I<sub>t</sub>),-11.285
4,Infrastructure efficiency,Private investment (I<sub>t</sub>),-9.487
5,Infrastructure efficiency,Private investment (I<sub>t</sub>),-7.863
6,Infrastructure efficiency,Private investment (I<sub>t</sub>),-6.381
7,Infrastructure efficiency,Private investment (I<sub>t</sub>),-5.024
8,Infrastructure efficiency,Private investment (I<sub>t</sub>),-3.778
9,Infrastructure efficiency,Private investment (I<sub>t</sub>),-2.632
10,Infrastructure efficiency,Private investment (I<sub>t</sub>),-1.577
11,Infrastructure efficiency,Private investment (I<sub>t</sub>),-0.605
12,Infrastructure efficiency,Private investment (I<sub>t</sub>),0.292
13,Infrastructure efficiency,Private investment (I<sub>t</sub>),1.12
14,Infrastructure efficiency,Private investment (I<sub>t</sub>),1.886
15,Infrastructure efficiency,Private investment (I<sub>t</sub>),2.594
16,Infrastructure efficiency,Private investment (I<sub>t</sub>),3.249
17,Infrastructure efficiency,Private investment (I<sub>t</sub>),3.857
18,Infrastructure efficiency,Private investment (I<sub>t</sub>),4.42
19,Infrastructure efficiency,Private investment (I<sub>t</sub>),4.942
20,Infrastructure efficiency,Private investment (I<sub>t</sub>),5.428
21,Infrastructure efficiency,Private investment (I<sub>t</sub>),5.878
22,Infrastructure efficiency,Private investment (I<sub>t</sub>),6.298
23,Infrastructure efficiency,Private investment (I<sub>t</sub>),6.687
24,Infrastructure efficiency,Private investment (I<sub>t</sub>),7.05
25,Infrastructure efficiency,Private investment (I<sub>t</sub>),7.388
26,Infrastructure efficiency,Private investment (I<sub>t</sub>),7.703
27,Infrastructure efficiency,Private investment (I<sub>t</sub>),7.997
28,Infrastructure efficiency,Private investment (I<sub>t</sub>),8.271
29,Infrastructure efficiency,Private investment (I<sub>t</sub>),8.527
30,Infrastructure efficiency,Private investment (I<sub>t</sub>),8.766
31,Infrastructure efficiency,Private investment (I<sub>t</sub>),8.99
32,Infrastructure efficiency,Private investment (I<sub>t</sub>),9.198
33,Infrastructure efficiency,Private investment (I<sub>t</sub>),9.394
34,Infrastructure efficiency,Private investment (I<sub>t</sub>),9.576
35,Infrastructure efficiency,Private investment (I<sub>t</sub>),9.748
36,Infrastructure efficiency,Private investment (I<sub>t</sub>),9.908
37,Infrastructure efficiency,Private investment (I<sub>t</sub>),10.058
38,Infrastructure efficiency,Private investment (I<sub>t</sub>),10.199
39,Infrastructure efficiency,Private investment (I<sub>t</sub>),10.332
40,Infrastructure efficiency,Private investment (I<sub>t</sub>),10.456
41,Infrastructure efficiency,Private investment (I<sub>t</sub>),10.572
42,Infrastructure efficiency,Private investment (I<sub>t</sub>),10.682
43,Infrastructure efficiency,Private investment (I<sub>t</sub>),10.785
44,Infrastructure efficiency,Private investment (I<sub>t</sub>),10.882
45,Infrastructure efficiency,Private investment (I<sub>t</sub>),10.973
46,Infrastructure efficiency,Private investment (I<sub>t</sub>),11.059
47,Infrastructure efficiency,Private investment (I<sub>t</sub>),11.14
48,Infrastructure efficiency,Private investment (I<sub>t</sub>),11.216
49,Infrastructure efficiency,Private investment (I<sub>t</sub>),11.288
50,Infrastructure efficiency,Private investment (I<sub>t</sub>),11.356
51,Infrastructure efficiency,Private investment (I<sub>t</sub>),11.42
52,Infrastructure efficiency,Private investment (I<sub>t</sub>),11.481
53,Infrastructure efficiency,Private investment (I<sub>t</sub>),11.538
54,Infrastructure efficiency,Private investment (I<sub>t</sub>),11.592
55,Infrastructure efficiency,Private investment (I<sub>t</sub>),11.643
56,Infrastructure efficiency,Private investment (I<sub>t</sub>),11.692
57,Infrastructure efficiency,Private investment (I<sub>t</sub>),11.737
58,Infrastructure efficiency,Private investment (I<sub>t</sub>),11.781
59,Infrastructure efficiency,Private investment (I<sub>t</sub>),11.822
60,Infrastructure efficiency,Private investment (I<sub>t</sub>),11.861
61,Infrastructure efficiency,Private investment (I<sub>t</sub>),11.898
62,Infrastructure efficiency,Private investment (I<sub>t</sub>),11.933
63,Infrastructure efficiency,Private investment (I<sub>t</sub>),11.967
64,Infrastructure efficiency,Private investment (I<sub>t</sub>),11.998
65,Infrastructure efficiency,Private investment (I<sub>t</sub>),12.029
66,Infrastructure efficiency,Private investment (I<sub>t</sub>),12.057
67,Infrastructure efficiency,Private investment (I<sub>t</sub>),12.085
68,Infrastructure efficiency,Private investment (I<sub>t</sub>),12.111
69,Infrastructure efficiency,Private investment (I<sub>t</sub>),12.135
70,Infrastructure efficiency,Private investment (I<sub>t</sub>),12.159
71,Infrastructure efficiency,Private investment (I<sub>t</sub>),12.182
72,Infrastructure efficiency,Private investment (I<sub>t</sub>),12.203
73,Infrastructure efficiency,Private investment (I<sub>t</sub>),12.224
74,Infrastructure efficiency,Private investment (I<sub>t</sub>),12.243
75,Infrastructure efficiency,Private investment (I<sub>t</sub>),12.262
76,Infrastructure efficiency,Private investment (I<sub>t</sub>),12.28
77,Infrastructure efficiency,Private investment (I<sub>t</sub>),12.297
78,Infrastructure efficiency,Private investment (I<sub>t</sub>),12.313
79,Infrastructure efficiency,Private investment (I<sub>t</sub>),12.329
80,Infrastructure efficiency,Private investment (I<sub>t</sub>),12.344
81,Infrastructure efficiency,Private investment (I<sub>t</sub>),12.358
82,Infrastructure efficiency,Private investment (I<sub>t</sub>),12.372
83,Infrastructure efficiency,Private investment (I<sub>t</sub>),12.385
84,Infrastructure efficiency,Private investment (I<sub>t</sub>),12.398
85,Infrastructure efficiency,Private investment (I<sub>t</sub>),12.41
86,Infrastructure efficiency,Private investment (I<sub>t</sub>),12.422
87,Infrastructure efficiency,Private investment (I<sub>t</sub>),12.433
88,Infrastructure efficiency,Private investment (I<sub>t</sub>),12.444
89,Infrastructure efficiency,Private investment (I<sub>t</sub>),12.454
90,Infrastructure efficiency,Private investment (I<sub>t</sub>),12.464
91,Infrastructure efficiency,Private investment (I<sub>t</sub>),12.473
92,Infrastructure efficiency,Private investment (I<sub>t</sub>),12.482
93,Infrastructure efficiency,Private investment (I<sub>t</sub>),12.491
94,Infrastructure efficiency,Private investment (I<sub>t</sub>),12.5
95,Infrastructure efficiency,Private investment (I<sub>t</sub>),12.508
96,Infrastructure efficiency,Private investment (I<sub>t</sub>),12.516
97,Infrastructure efficiency,Private investment (I<sub>t</sub>),12.523
98,Infrastructure efficiency,Private investment (I<sub>t</sub>),12.531
99,Infrastructure efficiency,Private investment (I<sub>t</sub>),12.538
100,Infrastructure efficiency,Private investment (I<sub>t</sub>),12.545
1,Human-capital efficiency,Private investment (I<sub>t</sub>),5.956
2,Human-capital efficiency,Private investment (I<sub>t</sub>),1.762
3,Human-capital efficiency,Private investment (I<sub>t</sub>),1.12
4,Human-capital efficiency,Private investment (I<sub>t</sub>),0.434
5,Human-capital efficiency,Private investment (I<sub>t</sub>),-0.201
6,Human-capital efficiency,Private investment (I<sub>t</sub>),-0.763
7,Human-capital efficiency,Private investment (I<sub>t</sub>),-1.248
8,Human-capital efficiency,Private investment (I<sub>t</sub>),-1.662
9,Human-capital efficiency,Private investment (I<sub>t</sub>),-2.009
10,Human-capital efficiency,Private investment (I<sub>t</sub>),-2.296
11,Human-capital efficiency,Private investment (I<sub>t</sub>),-2.527
12,Human-capital efficiency,Private investment (I<sub>t</sub>),-2.709
13,Human-capital efficiency,Private investment (I<sub>t</sub>),-2.846
14,Human-capital efficiency,Private investment (I<sub>t</sub>),-2.942
15,Human-capital efficiency,Private investment (I<sub>t</sub>),-3.001
16,Human-capital efficiency,Private investment (I<sub>t</sub>),-3.027
17,Human-capital efficiency,Private investment (I<sub>t</sub>),-3.023
18,Human-capital efficiency,Private investment (I<sub>t</sub>),-2.993
19,Human-capital efficiency,Private investment (I<sub>t</sub>),-2.939
20,Human-capital efficiency,Private investment (I<sub>t</sub>),-2.863
21,Human-capital efficiency,Private investment (I<sub>t</sub>),-2.769
22,Human-capital efficiency,Private investment (I<sub>t</sub>),-2.658
23,Human-capital efficiency,Private investment (I<sub>t</sub>),-2.532
24,Human-capital efficiency,Private investment (I<sub>t</sub>),-2.393
25,Human-capital efficiency,Private investment (I<sub>t</sub>),-2.243
26,Human-capital efficiency,Private investment (I<sub>t</sub>),-2.083
27,Human-capital efficiency,Private investment (I<sub>t</sub>),-1.915
28,Human-capital efficiency,Private investment (I<sub>t</sub>),-1.739
29,Human-capital efficiency,Private investment (I<sub>t</sub>),-1.557
30,Human-capital efficiency,Private investment (I<sub>t</sub>),-1.37
31,Human-capital efficiency,Private investment (I<sub>t</sub>),-1.179
32,Human-capital efficiency,Private investment (I<sub>t</sub>),-0.984
33,Human-capital efficiency,Private investment (I<sub>t</sub>),-0.786
34,Human-capital efficiency,Private investment (I<sub>t</sub>),-0.587
35,Human-capital efficiency,Private investment (I<sub>t</sub>),-0.386
36,Human-capital efficiency,Private investment (I<sub>t</sub>),-0.185
37,Human-capital efficiency,Private investment (I<sub>t</sub>),0.017
38,Human-capital efficiency,Private investment (I<sub>t</sub>),0.219
39,Human-capital efficiency,Private investment (I<sub>t</sub>),0.42
40,Human-capital efficiency,Private investment (I<sub>t</sub>),0.62
41,Human-capital efficiency,Private investment (I<sub>t</sub>),0.82
42,Human-capital efficiency,Private investment (I<sub>t</sub>),1.017
43,Human-capital efficiency,Private investment (I<sub>t</sub>),1.213
44,Human-capital efficiency,Private investment (I<sub>t</sub>),1.407
45,Human-capital efficiency,Private investment (I<sub>t</sub>),1.599
46,Human-capital efficiency,Private investment (I<sub>t</sub>),1.789
47,Human-capital efficiency,Private investment (I<sub>t</sub>),1.976
48,Human-capital efficiency,Private investment (I<sub>t</sub>),2.161
49,Human-capital efficiency,Private investment (I<sub>t</sub>),2.342
50,Human-capital efficiency,Private investment (I<sub>t</sub>),2.522
51,Human-capital efficiency,Private investment (I<sub>t</sub>),2.698
52,Human-capital efficiency,Private investment (I<sub>t</sub>),2.871
53,Human-capital efficiency,Private investment (I<sub>t</sub>),3.041
54,Human-capital efficiency,Private investment (I<sub>t</sub>),3.209
55,Human-capital efficiency,Private investment (I<sub>t</sub>),3.373
56,Human-capital efficiency,Private investment (I<sub>t</sub>),3.534
57,Human-capital efficiency,Private investment (I<sub>t</sub>),3.692
58,Human-capital efficiency,Private investment (I<sub>t</sub>),3.847
59,Human-capital efficiency,Private investment (I<sub>t</sub>),3.999
60,Human-capital efficiency,Private investment (I<sub>t</sub>),4.148
61,Human-capital efficiency,Private investment (I<sub>t</sub>),4.294
62,Human-capital efficiency,Private investment (I<sub>t</sub>),4.436
63,Human-capital efficiency,Private investment (I<sub>t</sub>),4.576
64,Human-capital efficiency,Private investment (I<sub>t</sub>),4.712
65,Human-capital efficiency,Private investment (I<sub>t</sub>),4.846
66,Human-capital efficiency,Private investment (I<sub>t</sub>),4.976
67,Human-capital efficiency,Private investment (I<sub>t</sub>),5.104
68,Human-capital efficiency,Private investment (I<sub>t</sub>),5.229
69,Human-capital efficiency,Private investment (I<sub>t</sub>),5.351
70,Human-capital efficiency,Private investment (I<sub>t</sub>),5.47
71,Human-capital efficiency,Private investment (I<sub>t</sub>),5.586
72,Human-capital efficiency,Private investment (I<sub>t</sub>),5.7
73,Human-capital efficiency,Private investment (I<sub>t</sub>),5.811
74,Human-capital efficiency,Private investment (I<sub>t</sub>),5.919
75,Human-capital efficiency,Private investment (I<sub>t</sub>),6.024
76,Human-capital efficiency,Private investment (I<sub>t</sub>),6.127
77,Human-capital efficiency,Private investment (I<sub>t</sub>),6.228
78,Human-capital efficiency,Private investment (I<sub>t</sub>),6.326
79,Human-capital efficiency,Private investment (I<sub>t</sub>),6.422
80,Human-capital efficiency,Private investment (I<sub>t</sub>),6.515
81,Human-capital efficiency,Private investment (I<sub>t</sub>),6.606
82,Human-capital efficiency,Private investment (I<sub>t</sub>),6.695
83,Human-capital efficiency,Private investment (I<sub>t</sub>),6.781
84,Human-capital efficiency,Private investment (I<sub>t</sub>),6.866
85,Human-capital efficiency,Private investment (I<sub>t</sub>),6.948
86,Human-capital efficiency,Private investment (I<sub>t</sub>),7.028
87,Human-capital efficiency,Private investment (I<sub>t</sub>),7.106
88,Human-capital efficiency,Private investment (I<sub>t</sub>),7.182
89,Human-capital efficiency,Private investment (I<sub>t</sub>),7.256
90,Human-capital efficiency,Private investment (I<sub>t</sub>),7.328
91,Human-capital efficiency,Private investment (I<sub>t</sub>),7.398
92,Human-capital efficiency,Private investment (I<sub>t</sub>),7.467
93,Human-capital efficiency,Private investment (I<sub>t</sub>),7.534
94,Human-capital efficiency,Private investment (I<sub>t</sub>),7.598
95,Human-capital efficiency,Private investment (I<sub>t</sub>),7.662
96,Human-capital efficiency,Private investment (I<sub>t</sub>),7.723
97,Human-capital efficiency,Private investment (I<sub>t</sub>),7.783
98,Human-capital efficiency,Private investment (I<sub>t</sub>),7.842
99,Human-capital efficiency,Private investment (I<sub>t</sub>),7.898
100,Human-capital efficiency,Private investment (I<sub>t</sub>),7.954
1,Infrastructure efficiency,Government spending (G<sub>t</sub>),0.0
2,Infrastructure efficiency,Government spending (G<sub>t</sub>),0.0
3,Infrastructure efficiency,Government spending (G<sub>t</sub>),0.0
4,Infrastructure efficiency,Government spending (G<sub>t</sub>),0.0
5,Infrastructure efficiency,Government spending (G<sub>t</sub>),0.0
6,Infrastructure efficiency,Government spending (G<sub>t</sub>),0.0
7,Infrastructure efficiency,Government spending (G<sub>t</sub>),0.0
8,Infrastructure efficiency,Government spending (G<sub>t</sub>),0.0
9,Infrastructure efficiency,Government spending (G<sub>t</sub>),0.0
10,Infrastructure efficiency,Government spending (G<sub>t</sub>),0.0
11,Infrastructure efficiency,Government spending (G<sub>t</sub>),0.0
12,Infrastructure efficiency,Government spending (G<sub>t</sub>),0.0
13,Infrastructure efficiency,Government spending (G<sub>t</sub>),0.0
14,Infrastructure efficiency,Government spending (G<sub>t</sub>),0.0
15,Infrastructure efficiency,Government spending (G<sub>t</sub>),0.0
16,Infrastructure efficiency,Government spending (G<sub>t</sub>),0.0
17,Infrastructure efficiency,Government spending (G<sub>t</sub>),0.0
18,Infrastructure efficiency,Government spending (G<sub>t</sub>),0.0
19,Infrastructure efficiency,Government spending (G<sub>t</sub>),0.0
20,Infrastructure efficiency,Government spending (G<sub>t</sub>),0.0
21,Infrastructure efficiency,Government spending (G<sub>t</sub>),0.0
22,Infrastructure efficiency,Government spending (G<sub>t</sub>),0.0
23,Infrastructure efficiency,Government spending (G<sub>t</sub>),0.0
24,Infrastructure efficiency,Government spending (G<sub>t</sub>),0.0
25,Infrastructure efficiency,Government spending (G<sub>t</sub>),0.0
26,Infrastructure efficiency,Government spending (G<sub>t</sub>),0.0
27,Infrastructure efficiency,Government spending (G<sub>t</sub>),0.0
28,Infrastructure efficiency,Government spending (G<sub>t</sub>),0.0
29,Infrastructure efficiency,Government spending (G<sub>t</sub>),0.0
30,Infrastructure efficiency,Government spending (G<sub>t</sub>),0.0
31,Infrastructure efficiency,Government spending (G<sub>t</sub>),0.0
32,Infrastructure efficiency,Government spending (G<sub>t</sub>),0.0
33,Infrastructure efficiency,Government spending (G<sub>t</sub>),0.0
34,Infrastructure efficiency,Government spending (G<sub>t</sub>),0.0
35,Infrastructure efficiency,Government spending (G<sub>t</sub>),0.0
36,Infrastructure efficiency,Government spending (G<sub>t</sub>),0.0
37,Infrastructure efficiency,Government spending (G<sub>t</sub>),0.0
38,Infrastructure efficiency,Government spending (G<sub>t</sub>),0.0
39,Infrastructure efficiency,Government spending (G<sub>t</sub>),0.0
40,Infrastructure efficiency,Government spending (G<sub>t</sub>),0.0
41,Infrastructure efficiency,Government spending (G<sub>t</sub>),0.0
42,Infrastructure efficiency,Government spending (G<sub>t</sub>),0.0
43,Infrastructure efficiency,Government spending (G<sub>t</sub>),0.0
44,Infrastructure efficiency,Government spending (G<sub>t</sub>),0.0
45,Infrastructure efficiency,Government spending (G<sub>t</sub>),0.0
46,Infrastructure efficiency,Government spending (G<sub>t</sub>),0.0
47,Infrastructure efficiency,Government spending (G<sub>t</sub>),0.0
48,Infrastructure efficiency,Government spending (G<sub>t</sub>),0.0
49,Infrastructure efficiency,Government spending (G<sub>t</sub>),0.0
50,Infrastructure efficiency,Government spending (G<sub>t</sub>),0.0
51,Infrastructure efficiency,Government spending (G<sub>t</sub>),0.0
52,Infrastructure efficiency,Government spending (G<sub>t</sub>),0.0
53,Infrastructure efficiency,Government spending (G<sub>t</sub>),0.0
54,Infrastructure efficiency,Government spending (G<sub>t</sub>),0.0
55,Infrastructure efficiency,Government spending (G<sub>t</sub>),0.0
56,Infrastructure efficiency,Government spending (G<sub>t</sub>),0.0
57,Infrastructure efficiency,Government spending (G<sub>t</sub>),0.0
58,Infrastructure efficiency,Government spending (G<sub>t</sub>),0.0
59,Infrastructure efficiency,Government spending (G<sub>t</sub>),0.0
60,Infrastructure efficiency,Government spending (G<sub>t</sub>),0.0
61,Infrastructure efficiency,Government spending (G<sub>t</sub>),0.0
62,Infrastructure efficiency,Government spending (G<sub>t</sub>),0.0
63,Infrastructure efficiency,Government spending (G<sub>t</sub>),0.0
64,Infrastructure efficiency,Government spending (G<sub>t</sub>),0.0
65,Infrastructure efficiency,Government spending (G<sub>t</sub>),0.0
66,Infrastructure efficiency,Government spending (G<sub>t</sub>),0.0
67,Infrastructure efficiency,Government spending (G<sub>t</sub>),0.0
68,Infrastructure efficiency,Government spending (G<sub>t</sub>),0.0
69,Infrastructure efficiency,Government spending (G<sub>t</sub>),0.0
70,Infrastructure efficiency,Government spending (G<sub>t</sub>),0.0
71,Infrastructure efficiency,Government spending (G<sub>t</sub>),0.0
72,Infrastructure efficiency,Government spending (G<sub>t</sub>),0.0
73,Infrastructure efficiency,Government spending (G<sub>t</sub>),0.0
74,Infrastructure efficiency,Government spending (G<sub>t</sub>),0.0
75,Infrastructure efficiency,Government spending (G<sub>t</sub>),0.0
76,Infrastructure efficiency,Government spending (G<sub>t</sub>),0.0
77,Infrastructure efficiency,Government spending (G<sub>t</sub>),0.0
78,Infrastructure efficiency,Government spending (G<sub>t</sub>),0.0
79,Infrastructure efficiency,Government spending (G<sub>t</sub>),0.0
80,Infrastructure efficiency,Government spending (G<sub>t</sub>),0.0
81,Infrastructure efficiency,Government spending (G<sub>t</sub>),0.0
82,Infrastructure efficiency,Government spending (G<sub>t</sub>),0.0
83,Infrastructure efficiency,Government spending (G<sub>t</sub>),0.0
84,Infrastructure efficiency,Government spending (G<sub>t</sub>),0.0
85,Infrastructure efficiency,Government spending (G<sub>t</sub>),0.0
86,Infrastructure efficiency,Government spending (G<sub>t</sub>),0.0
87,Infrastructure efficiency,Government spending (G<sub>t</sub>),0.0
88,Infrastructure efficiency,Government spending (G<sub>t</sub>),0.0
89,Infrastructure efficiency,Government spending (G<sub>t</sub>),0.0
90,Infrastructure efficiency,Government spending (G<sub>t</sub>),0.0
91,Infrastructure efficiency,Government spending (G<sub>t</sub>),0.0
92,Infrastructure efficiency,Government spending (G<sub>t</sub>),0.0
93,Infrastructure efficiency,Government spending (G<sub>t</sub>),0.0
94,Infrastructure efficiency,Government spending (G<sub>t</sub>),0.0
95,Infrastructure efficiency,Government spending (G<sub>t</sub>),0.0
96,Infrastructure efficiency,Government spending (G<sub>t</sub>),0.0
97,Infrastructure efficiency,Government spending (G<sub>t</sub>),0.0
98,Infrastructure efficiency,Government spending (G<sub>t</sub>),0.0
99,Infrastructure efficiency,Government spending (G<sub>t</sub>),0.0
100,Infrastructure efficiency,Government spending (G<sub>t</sub>),0.0
1,Human-capital efficiency,Government spending (G<sub>t</sub>),0.0
2,Human-capital efficiency,Government spending (G<sub>t</sub>),0.0
3,Human-capital efficiency,Government spending (G<sub>t</sub>),0.0
4,Human-capital efficiency,Government spending (G<sub>t</sub>),0.0
5,Human-capital efficiency,Government spending (G<sub>t</sub>),0.0
6,Human-capital efficiency,Government spending (G<sub>t</sub>),0.0
7,Human-capital efficiency,Government spending (G<sub>t</sub>),0.0
8,Human-capital efficiency,Government spending (G<sub>t</sub>),0.0
9,Human-capital efficiency,Government spending (G<sub>t</sub>),0.0
10,Human-capital efficiency,Government spending (G<sub>t</sub>),0.0
11,Human-capital efficiency,Government spending (G<sub>t</sub>),0.0
12,Human-capital efficiency,Government spending (G<sub>t</sub>),0.0
13,Human-capital efficiency,Government spending (G<sub>t</sub>),0.0
14,Human-capital efficiency,Government spending (G<sub>t</sub>),0.0
15,Human-capital efficiency,Government spending (G<sub>t</sub>),0.0
16,Human-capital efficiency,Government spending (G<sub>t</sub>),0.0
17,Human-capital efficiency,Government spending (G<sub>t</sub>),0.0
18,Human-capital efficiency,Government spending (G<sub>t</sub>),0.0
19,Human-capital efficiency,Government spending (G<sub>t</sub>),0.0
20,Human-capital efficiency,Government spending (G<sub>t</sub>),0.0
21,Human-capital efficiency,Government spending (G<sub>t</sub>),0.0
22,Human-capital efficiency,Government spending (G<sub>t</sub>),0.0
23,Human-capital efficiency,Government spending (G<sub>t</sub>),0.0
24,Human-capital efficiency,Government spending (G<sub>t</sub>),0.0
25,Human-capital efficiency,Government spending (G<sub>t</sub>),0.0
26,Human-capital efficiency,Government spending (G<sub>t</sub>),0.0
27,Human-capital efficiency,Government spending (G<sub>t</sub>),0.0
28,Human-capital efficiency,Government spending (G<sub>t</sub>),0.0
29,Human-capital efficiency,Government spending (G<sub>t</sub>),0.0
30,Human-capital efficiency,Government spending (G<sub>t</sub>),0.0
31,Human-capital efficiency,Government spending (G<sub>t</sub>),0.0
32,Human-capital efficiency,Government spending (G<sub>t</sub>),0.0
33,Human-capital efficiency,Government spending (G<sub>t</sub>),0.0
34,Human-capital efficiency,Government spending (G<sub>t</sub>),0.0
35,Human-capital efficiency,Government spending (G<sub>t</sub>),0.0
36,Human-capital efficiency,Government spending (G<sub>t</sub>),0.0
37,Human-capital efficiency,Government spending (G<sub>t</sub>),0.0
38,Human-capital efficiency,Government spending (G<sub>t</sub>),0.0
39,Human-capital efficiency,Government spending (G<sub>t</sub>),0.0
40,Human-capital efficiency,Government spending (G<sub>t</sub>),0.0
41,Human-capital efficiency,Government spending (G<sub>t</sub>),0.0
42,Human-capital efficiency,Government spending (G<sub>t</sub>),0.0
43,Human-capital efficiency,Government spending (G<sub>t</sub>),0.0
44,Human-capital efficiency,Government spending (G<sub>t</sub>),0.0
45,Human-capital efficiency,Government spending (G<sub>t</sub>),0.0
46,Human-capital efficiency,Government spending (G<sub>t</sub>),0.0
47,Human-capital efficiency,Government spending (G<sub>t</sub>),0.0
48,Human-capital efficiency,Government spending (G<sub>t</sub>),0.0
49,Human-capital efficiency,Government spending (G<sub>t</sub>),0.0
50,Human-capital efficiency,Government spending (G<sub>t</sub>),0.0
51,Human-capital efficiency,Government spending (G<sub>t</sub>),0.0
52,Human-capital efficiency,Government spending (G<sub>t</sub>),0.0
53,Human-capital efficiency,Government spending (G<sub>t</sub>),0.0
54,Human-capital efficiency,Government spending (G<sub>t</sub>),0.0
55,Human-capital efficiency,Government spending (G<sub>t</sub>),0.0
56,Human-capital efficiency,Government spending (G<sub>t</sub>),0.0
57,Human-capital efficiency,Government spending (G<sub>t</sub>),0.0
58,Human-capital efficiency,Government spending (G<sub>t</sub>),0.0
59,Human-capital efficiency,Government spending (G<sub>t</sub>),0.0
60,Human-capital efficiency,Government spending (G<sub>t</sub>),0.0
61,Human-capital efficiency,Government spending (G<sub>t</sub>),0.0
62,Human-capital efficiency,Government spending (G<sub>t</sub>),0.0
63,Human-capital efficiency,Government spending (G<sub>t</sub>),0.0
64,Human-capital efficiency,Government spending (G<sub>t</sub>),0.0
65,Human-capital efficiency,Government spending (G<sub>t</sub>),0.0
66,Human-capital efficiency,Government spending (G<sub>t</sub>),0.0
67,Human-capital efficiency,Government spending (G<sub>t</sub>),0.0
68,Human-capital efficiency,Government spending (G<sub>t</sub>),0.0
69,Human-capital efficiency,Government spending (G<sub>t</sub>),0.0
70,Human-capital efficiency,Government spending (G<sub>t</sub>),0.0
71,Human-capital efficiency,Government spending (G<sub>t</sub>),0.0
72,Human-capital efficiency,Government spending (G<sub>t</sub>),0.0
73,Human-capital efficiency,Government spending (G<sub>t</sub>),0.0
74,Human-capital efficiency,Government spending (G<sub>t</sub>),0.0
75,Human-capital efficiency,Government spending (G<sub>t</sub>),0.0
76,Human-capital efficiency,Government spending (G<sub>t</sub>),0.0
77,Human-capital efficiency,Government spending (G<sub>t</sub>),0.0
78,Human-capital efficiency,Government spending (G<sub>t</sub>),0.0
79,Human-capital efficiency,Government spending (G<sub>t</sub>),0.0
80,Human-capital efficiency,Government spending (G<sub>t</sub>),0.0
81,Human-capital efficiency,Government spending (G<sub>t</sub>),0.0
82,Human-capital efficiency,Government spending (G<sub>t</sub>),0.0
83,Human-capital efficiency,Government spending (G<sub>t</sub>),0.0
84,Human-capital efficiency,Government spending (G<sub>t</sub>),0.0
85,Human-capital efficiency,Government spending (G<sub>t</sub>),0.0
86,Human-capital efficiency,Government spending (G<sub>t</sub>),0.0
87,Human-capital efficiency,Government spending (G<sub>t</sub>),0.0
88,Human-capital efficiency,Government spending (G<sub>t</sub>),0.0
89,Human-capital efficiency,Government spending (G<sub>t</sub>),0.0
90,Human-capital efficiency,Government spending (G<sub>t</sub>),0.0
91,Human-capital efficiency,Government spending (G<sub>t</sub>),0.0
92,Human-capital efficiency,Government spending (G<sub>t</sub>),0.0
93,Human-capital efficiency,Government spending (G<sub>t</sub>),0.0
94,Human-capital efficiency,Government spending (G<sub>t</sub>),0.0
95,Human-capital efficiency,Government spending (G<sub>t</sub>),0.0
96,Human-capital efficiency,Government spending (G<sub>t</sub>),0.0
97,Human-capital efficiency,Government spending (G<sub>t</sub>),0.0
98,Human-capital efficiency,Government spending (G<sub>t</sub>),0.0
99,Human-capital efficiency,Government spending (G<sub>t</sub>),0.0
100,Human-capital efficiency,Government spending (G<sub>t</sub>),0.0
1,Infrastructure efficiency,Adopted technology (A<sub>t</sub>),0.004
2,Infrastructure efficiency,Adopted technology (A<sub>t</sub>),0.008
3,Infrastructure efficiency,Adopted technology (A<sub>t</sub>),0.013
4,Infrastructure efficiency,Adopted technology (A<sub>t</sub>),0.018
5,Infrastructure efficiency,Adopted technology (A<sub>t</sub>),0.023
6,Infrastructure efficiency,Adopted technology (A<sub>t</sub>),0.029
7,Infrastructure efficiency,Adopted technology (A<sub>t</sub>),0.035
8,Infrastructure efficiency,Adopted technology (A<sub>t</sub>),0.041
9,Infrastructure efficiency,Adopted technology (A<sub>t</sub>),0.048
10,Infrastructure efficiency,Adopted technology (A<sub>t</sub>),0.055
11,Infrastructure efficiency,Adopted technology (A<sub>t</sub>),0.062
12,Infrastructure efficiency,Adopted technology (A<sub>t</sub>),0.07
13,Infrastructure efficiency,Adopted technology (A<sub>t</sub>),0.078
14,Infrastructure efficiency,Adopted technology (A<sub>t</sub>),0.086
15,Infrastructure efficiency,Adopted technology (A<sub>t</sub>),0.095
16,Infrastructure efficiency,Adopted technology (A<sub>t</sub>),0.103
17,Infrastructure efficiency,Adopted technology (A<sub>t</sub>),0.112
18,Infrastructure efficiency,Adopted technology (A<sub>t</sub>),0.121
19,Infrastructure efficiency,Adopted technology (A<sub>t</sub>),0.13
20,Infrastructure efficiency,Adopted technology (A<sub>t</sub>),0.139
21,Infrastructure efficiency,Adopted technology (A<sub>t</sub>),0.148
22,Infrastructure efficiency,Adopted technology (A<sub>t</sub>),0.158
23,Infrastructure efficiency,Adopted technology (A<sub>t</sub>),0.167
24,Infrastructure efficiency,Adopted technology (A<sub>t</sub>),0.176
25,Infrastructure efficiency,Adopted technology (A<sub>t</sub>),0.186
26,Infrastructure efficiency,Adopted technology (A<sub>t</sub>),0.195
27,Infrastructure efficiency,Adopted technology (A<sub>t</sub>),0.204
28,Infrastructure efficiency,Adopted technology (A<sub>t</sub>),0.214
29,Infrastructure efficiency,Adopted technology (A<sub>t</sub>),0.223
30,Infrastructure efficiency,Adopted technology (A<sub>t</sub>),0.232
31,Infrastructure efficiency,Adopted technology (A<sub>t</sub>),0.241
32,Infrastructure efficiency,Adopted technology (A<sub>t</sub>),0.25
33,Infrastructure efficiency,Adopted technology (A<sub>t</sub>),0.259
34,Infrastructure efficiency,Adopted technology (A<sub>t</sub>),0.268
35,Infrastructure efficiency,Adopted technology (A<sub>t</sub>),0.276
36,Infrastructure efficiency,Adopted technology (A<sub>t</sub>),0.285
37,Infrastructure efficiency,Adopted technology (A<sub>t</sub>),0.293
38,Infrastructure efficiency,Adopted technology (A<sub>t</sub>),0.302
39,Infrastructure efficiency,Adopted technology (A<sub>t</sub>),0.31
40,Infrastructure efficiency,Adopted technology (A<sub>t</sub>),0.318
41,Infrastructure efficiency,Adopted technology (A<sub>t</sub>),0.326
42,Infrastructure efficiency,Adopted technology (A<sub>t</sub>),0.333
43,Infrastructure efficiency,Adopted technology (A<sub>t</sub>),0.341
44,Infrastructure efficiency,Adopted technology (A<sub>t</sub>),0.348
45,Infrastructure efficiency,Adopted technology (A<sub>t</sub>),0.355
46,Infrastructure efficiency,Adopted technology (A<sub>t</sub>),0.363
47,Infrastructure efficiency,Adopted technology (A<sub>t</sub>),0.369
48,Infrastructure efficiency,Adopted technology (A<sub>t</sub>),0.376
49,Infrastructure efficiency,Adopted technology (A<sub>t</sub>),0.383
50,Infrastructure efficiency,Adopted technology (A<sub>t</sub>),0.389
51,Infrastructure efficiency,Adopted technology (A<sub>t</sub>),0.396
52,Infrastructure efficiency,Adopted technology (A<sub>t</sub>),0.402
53,Infrastructure efficiency,Adopted technology (A<sub>t</sub>),0.408
54,Infrastructure efficiency,Adopted technology (A<sub>t</sub>),0.414
55,Infrastructure efficiency,Adopted technology (A<sub>t</sub>),0.419
56,Infrastructure efficiency,Adopted technology (A<sub>t</sub>),0.425
57,Infrastructure efficiency,Adopted technology (A<sub>t</sub>),0.43
58,Infrastructure efficiency,Adopted technology (A<sub>t</sub>),0.436
59,Infrastructure efficiency,Adopted technology (A<sub>t</sub>),0.441
60,Infrastructure efficiency,Adopted technology (A<sub>t</sub>),0.446
61,Infrastructure efficiency,Adopted technology (A<sub>t</sub>),0.451
62,Infrastructure efficiency,Adopted technology (A<sub>t</sub>),0.455
63,Infrastructure efficiency,Adopted technology (A<sub>t</sub>),0.46
64,Infrastructure efficiency,Adopted technology (A<sub>t</sub>),0.464
65,Infrastructure efficiency,Adopted technology (A<sub>t</sub>),0.469
66,Infrastructure efficiency,Adopted technology (A<sub>t</sub>),0.473
67,Infrastructure efficiency,Adopted technology (A<sub>t</sub>),0.477
68,Infrastructure efficiency,Adopted technology (A<sub>t</sub>),0.481
69,Infrastructure efficiency,Adopted technology (A<sub>t</sub>),0.485
70,Infrastructure efficiency,Adopted technology (A<sub>t</sub>),0.489
71,Infrastructure efficiency,Adopted technology (A<sub>t</sub>),0.492
72,Infrastructure efficiency,Adopted technology (A<sub>t</sub>),0.496
73,Infrastructure efficiency,Adopted technology (A<sub>t</sub>),0.499
74,Infrastructure efficiency,Adopted technology (A<sub>t</sub>),0.502
75,Infrastructure efficiency,Adopted technology (A<sub>t</sub>),0.506
76,Infrastructure efficiency,Adopted technology (A<sub>t</sub>),0.509
77,Infrastructure efficiency,Adopted technology (A<sub>t</sub>),0.512
78,Infrastructure efficiency,Adopted technology (A<sub>t</sub>),0.515
79,Infrastructure efficiency,Adopted technology (A<sub>t</sub>),0.518
80,Infrastructure efficiency,Adopted technology (A<sub>t</sub>),0.52
81,Infrastructure efficiency,Adopted technology (A<sub>t</sub>),0.523
82,Infrastructure efficiency,Adopted technology (A<sub>t</sub>),0.526
83,Infrastructure efficiency,Adopted technology (A<sub>t</sub>),0.528
84,Infrastructure efficiency,Adopted technology (A<sub>t</sub>),0.531
85,Infrastructure efficiency,Adopted technology (A<sub>t</sub>),0.533
86,Infrastructure efficiency,Adopted technology (A<sub>t</sub>),0.535
87,Infrastructure efficiency,Adopted technology (A<sub>t</sub>),0.538
88,Infrastructure efficiency,Adopted technology (A<sub>t</sub>),0.54
89,Infrastructure efficiency,Adopted technology (A<sub>t</sub>),0.542
90,Infrastructure efficiency,Adopted technology (A<sub>t</sub>),0.544
91,Infrastructure efficiency,Adopted technology (A<sub>t</sub>),0.546
92,Infrastructure efficiency,Adopted technology (A<sub>t</sub>),0.548
93,Infrastructure efficiency,Adopted technology (A<sub>t</sub>),0.55
94,Infrastructure efficiency,Adopted technology (A<sub>t</sub>),0.551
95,Infrastructure efficiency,Adopted technology (A<sub>t</sub>),0.553
96,Infrastructure efficiency,Adopted technology (A<sub>t</sub>),0.555
97,Infrastructure efficiency,Adopted technology (A<sub>t</sub>),0.557
98,Infrastructure efficiency,Adopted technology (A<sub>t</sub>),0.558
99,Infrastructure efficiency,Adopted technology (A<sub>t</sub>),0.56
100,Infrastructure efficiency,Adopted technology (A<sub>t</sub>),0.561
1,Human-capital efficiency,Adopted technology (A<sub>t</sub>),0.001
2,Human-capital efficiency,Adopted technology (A<sub>t</sub>),0.002
3,Human-capital efficiency,Adopted technology (A<sub>t</sub>),0.002
4,Human-capital efficiency,Adopted technology (A<sub>t</sub>),0.002
5,Human-capital efficiency,Adopted technology (A<sub>t</sub>),0.002
6,Human-capital efficiency,Adopted technology (A<sub>t</sub>),0.002
7,Human-capital efficiency,Adopted technology (A<sub>t</sub>),0.002
8,Human-capital efficiency,Adopted technology (A<sub>t</sub>),0.001
9,Human-capital efficiency,Adopted technology (A<sub>t</sub>),0.001
10,Human-capital efficiency,Adopted technology (A<sub>t</sub>),0.0
11,Human-capital efficiency,Adopted technology (A<sub>t</sub>),-0.0
12,Human-capital efficiency,Adopted technology (A<sub>t</sub>),-0.0
13,Human-capital efficiency,Adopted technology (A<sub>t</sub>),-0.001
14,Human-capital efficiency,Adopted technology (A<sub>t</sub>),-0.001
15,Human-capital efficiency,Adopted technology (A<sub>t</sub>),-0.001
16,Human-capital efficiency,Adopted technology (A<sub>t</sub>),-0.002
17,Human-capital efficiency,Adopted technology (A<sub>t</sub>),-0.002
18,Human-capital efficiency,Adopted technology (A<sub>t</sub>),-0.001
19,Human-capital efficiency,Adopted technology (A<sub>t</sub>),-0.001
20,Human-capital efficiency,Adopted technology (A<sub>t</sub>),-0.001
21,Human-capital efficiency,Adopted technology (A<sub>t</sub>),-0.0
22,Human-capital efficiency,Adopted technology (A<sub>t</sub>),0.001
23,Human-capital efficiency,Adopted technology (A<sub>t</sub>),0.002
24,Human-capital efficiency,Adopted technology (A<sub>t</sub>),0.003
25,Human-capital efficiency,Adopted technology (A<sub>t</sub>),0.004
26,Human-capital efficiency,Adopted technology (A<sub>t</sub>),0.005
27,Human-capital efficiency,Adopted technology (A<sub>t</sub>),0.007
28,Human-capital efficiency,Adopted technology (A<sub>t</sub>),0.009
29,Human-capital efficiency,Adopted technology (A<sub>t</sub>),0.011
30,Human-capital efficiency,Adopted technology (A<sub>t</sub>),0.013
31,Human-capital efficiency,Adopted technology (A<sub>t</sub>),0.016
32,Human-capital efficiency,Adopted technology (A<sub>t</sub>),0.018
33,Human-capital efficiency,Adopted technology (A<sub>t</sub>),0.021
34,Human-capital efficiency,Adopted technology (A<sub>t</sub>),0.024
35,Human-capital efficiency,Adopted technology (A<sub>t</sub>),0.027
36,Human-capital efficiency,Adopted technology (A<sub>t</sub>),0.03
37,Human-capital efficiency,Adopted technology (A<sub>t</sub>),0.033
38,Human-capital efficiency,Adopted technology (A<sub>t</sub>),0.037
39,Human-capital efficiency,Adopted technology (A<sub>t</sub>),0.04
40,Human-capital efficiency,Adopted technology (A<sub>t</sub>),0.044
41,Human-capital efficiency,Adopted technology (A<sub>t</sub>),0.048
42,Human-capital efficiency,Adopted technology (A<sub>t</sub>),0.052
43,Human-capital efficiency,Adopted technology (A<sub>t</sub>),0.056
44,Human-capital efficiency,Adopted technology (A<sub>t</sub>),0.06
45,Human-capital efficiency,Adopted technology (A<sub>t</sub>),0.065
46,Human-capital efficiency,Adopted technology (A<sub>t</sub>),0.069
47,Human-capital efficiency,Adopted technology (A<sub>t</sub>),0.074
48,Human-capital efficiency,Adopted technology (A<sub>t</sub>),0.078
49,Human-capital efficiency,Adopted technology (A<sub>t</sub>),0.083
50,Human-capital efficiency,Adopted technology (A<sub>t</sub>),0.088
51,Human-capital efficiency,Adopted technology (A<sub>t</sub>),0.092
52,Human-capital efficiency,Adopted technology (A<sub>t</sub>),0.097
53,Human-capital efficiency,Adopted technology (A<sub>t</sub>),0.102
54,Human-capital efficiency,Adopted technology (A<sub>t</sub>),0.107
55,Human-capital efficiency,Adopted technology (A<sub>t</sub>),0.112
56,Human-capital efficiency,Adopted technology (A<sub>t</sub>),0.117
57,Human-capital efficiency,Adopted technology (A<sub>t</sub>),0.122
58,Human-capital efficiency,Adopted technology (A<sub>t</sub>),0.127
59,Human-capital efficiency,Adopted technology (A<sub>t</sub>),0.132
60,Human-capital efficiency,Adopted technology (A<sub>t</sub>),0.137
61,Human-capital efficiency,Adopted technology (A<sub>t</sub>),0.142
62,Human-capital efficiency,Adopted technology (A<sub>t</sub>),0.148
63,Human-capital efficiency,Adopted technology (A<sub>t</sub>),0.153
64,Human-capital efficiency,Adopted technology (A<sub>t</sub>),0.158
65,Human-capital efficiency,Adopted technology (A<sub>t</sub>),0.163
66,Human-capital efficiency,Adopted technology (A<sub>t</sub>),0.168
67,Human-capital efficiency,Adopted technology (A<sub>t</sub>),0.173
68,Human-capital efficiency,Adopted technology (A<sub>t</sub>),0.178
69,Human-capital efficiency,Adopted technology (A<sub>t</sub>),0.183
70,Human-capital efficiency,Adopted technology (A<sub>t</sub>),0.188
71,Human-capital efficiency,Adopted technology (A<sub>t</sub>),0.193
72,Human-capital efficiency,Adopted technology (A<sub>t</sub>),0.198
73,Human-capital efficiency,Adopted technology (A<sub>t</sub>),0.203
74,Human-capital efficiency,Adopted technology (A<sub>t</sub>),0.208
75,Human-capital efficiency,Adopted technology (A<sub>t</sub>),0.213
76,Human-capital efficiency,Adopted technology (A<sub>t</sub>),0.217
77,Human-capital efficiency,Adopted technology (A<sub>t</sub>),0.222
78,Human-capital efficiency,Adopted technology (A<sub>t</sub>),0.227
79,Human-capital efficiency,Adopted technology (A<sub>t</sub>),0.231
80,Human-capital efficiency,Adopted technology (A<sub>t</sub>),0.236
81,Human-capital efficiency,Adopted technology (A<sub>t</sub>),0.241
82,Human-capital efficiency,Adopted technology (A<sub>t</sub>),0.245
83,Human-capital efficiency,Adopted technology (A<sub>t</sub>),0.25
84,Human-capital efficiency,Adopted technology (A<sub>t</sub>),0.254
85,Human-capital efficiency,Adopted technology (A<sub>t</sub>),0.258
86,Human-capital efficiency,Adopted technology (A<sub>t</sub>),0.263
87,Human-capital efficiency,Adopted technology (A<sub>t</sub>),0.267
88,Human-capital efficiency,Adopted technology (A<sub>t</sub>),0.271
89,Human-capital efficiency,Adopted technology (A<sub>t</sub>),0.275
90,Human-capital efficiency,Adopted technology (A<sub>t</sub>),0.279
91,Human-capital efficiency,Adopted technology (A<sub>t</sub>),0.283
92,Human-capital efficiency,Adopted technology (A<sub>t</sub>),0.287
93,Human-capital efficiency,Adopted technology (A<sub>t</sub>),0.291
94,Human-capital efficiency,Adopted technology (A<sub>t</sub>),0.295
95,Human-capital efficiency,Adopted technology (A<sub>t</sub>),0.299
96,Human-capital efficiency,Adopted technology (A<sub>t</sub>),0.303
97,Human-capital efficiency,Adopted technology (A<sub>t</sub>),0.306
98,Human-capital efficiency,Adopted technology (A<sub>t</sub>),0.31
99,Human-capital efficiency,Adopted technology (A<sub>t</sub>),0.314
100,Human-capital efficiency,Adopted technology (A<sub>t</sub>),0.317
1,Infrastructure efficiency,Public infrastructure (K<sup>GI</sup><sub>t</sub>),2.533
2,Infrastructure efficiency,Public infrastructure (K<sup>GI</sup><sub>t</sub>),4.972
3,Infrastructure efficiency,Public infrastructure (K<sup>GI</sup><sub>t</sub>),7.32
4,Infrastructure efficiency,Public infrastructure (K<sup>GI</sup><sub>t</sub>),9.582
5,Infrastructure efficiency,Public infrastructure (K<sup>GI</sup><sub>t</sub>),11.759
6,Infrastructure efficiency,Public infrastructure (K<sup>GI</sup><sub>t</sub>),13.856
7,Infrastructure efficiency,Public infrastructure (K<sup>GI</sup><sub>t</sub>),15.876
8,Infrastructure efficiency,Public infrastructure (K<sup>GI</sup><sub>t</sub>),17.82
9,Infrastructure efficiency,Public infrastructure (K<sup>GI</sup><sub>t</sub>),19.693
10,Infrastructure efficiency,Public infrastructure (K<sup>GI</sup><sub>t</sub>),21.496
11,Infrastructure efficiency,Public infrastructure (K<sup>GI</sup><sub>t</sub>),23.232
12,Infrastructure efficiency,Public infrastructure (K<sup>GI</sup><sub>t</sub>),24.904
13,Infrastructure efficiency,Public infrastructure (K<sup>GI</sup><sub>t</sub>),26.514
14,Infrastructure efficiency,Public infrastructure (K<sup>GI</sup><sub>t</sub>),28.064
15,Infrastructure efficiency,Public infrastructure (K<sup>GI</sup><sub>t</sub>),29.557
16,Infrastructure efficiency,Public infrastructure (K<sup>GI</sup><sub>t</sub>),30.994
17,Infrastructure efficiency,Public infrastructure (K<sup>GI</sup><sub>t</sub>),32.379
18,Infrastructure efficiency,Public infrastructure (K<sup>GI</sup><sub>t</sub>),33.712
19,Infrastructure efficiency,Public infrastructure (K<sup>GI</sup><sub>t</sub>),34.995
20,Infrastructure efficiency,Public infrastructure (K<sup>GI</sup><sub>t</sub>),36.231
21,Infrastructure efficiency,Public infrastructure (K<sup>GI</sup><sub>t</sub>),37.421
22,Infrastructure efficiency,Public infrastructure (K<sup>GI</sup><sub>t</sub>),38.567
23,Infrastructure efficiency,Public infrastructure (K<sup>GI</sup><sub>t</sub>),39.671
24,Infrastructure efficiency,Public infrastructure (K<sup>GI</sup><sub>t</sub>),40.734
25,Infrastructure efficiency,Public infrastructure (K<sup>GI</sup><sub>t</sub>),41.757
26,Infrastructure efficiency,Public infrastructure (K<sup>GI</sup><sub>t</sub>),42.742
27,Infrastructure efficiency,Public infrastructure (K<sup>GI</sup><sub>t</sub>),43.691
28,Infrastructure efficiency,Public infrastructure (K<sup>GI</sup><sub>t</sub>),44.605
29,Infrastructure efficiency,Public infrastructure (K<sup>GI</sup><sub>t</sub>),45.485
30,Infrastructure efficiency,Public infrastructure (K<sup>GI</sup><sub>t</sub>),46.332
31,Infrastructure efficiency,Public infrastructure (K<sup>GI</sup><sub>t</sub>),47.148
32,Infrastructure efficiency,Public infrastructure (K<sup>GI</sup><sub>t</sub>),47.934
33,Infrastructure efficiency,Public infrastructure (K<sup>GI</sup><sub>t</sub>),48.69
34,Infrastructure efficiency,Public infrastructure (K<sup>GI</sup><sub>t</sub>),49.419
35,Infrastructure efficiency,Public infrastructure (K<sup>GI</sup><sub>t</sub>),50.12
36,Infrastructure efficiency,Public infrastructure (K<sup>GI</sup><sub>t</sub>),50.796
37,Infrastructure efficiency,Public infrastructure (K<sup>GI</sup><sub>t</sub>),51.446
38,Infrastructure efficiency,Public infrastructure (K<sup>GI</sup><sub>t</sub>),52.073
39,Infrastructure efficiency,Public infrastructure (K<sup>GI</sup><sub>t</sub>),52.676
40,Infrastructure efficiency,Public infrastructure (K<sup>GI</sup><sub>t</sub>),53.257
41,Infrastructure efficiency,Public infrastructure (K<sup>GI</sup><sub>t</sub>),53.816
42,Infrastructure efficiency,Public infrastructure (K<sup>GI</sup><sub>t</sub>),54.355
43,Infrastructure efficiency,Public infrastructure (K<sup>GI</sup><sub>t</sub>),54.873
44,Infrastructure efficiency,Public infrastructure (K<sup>GI</sup><sub>t</sub>),55.373
45,Infrastructure efficiency,Public infrastructure (K<sup>GI</sup><sub>t</sub>),55.854
46,Infrastructure efficiency,Public infrastructure (K<sup>GI</sup><sub>t</sub>),56.317
47,Infrastructure efficiency,Public infrastructure (K<sup>GI</sup><sub>t</sub>),56.763
48,Infrastructure efficiency,Public infrastructure (K<sup>GI</sup><sub>t</sub>),57.192
49,Infrastructure efficiency,Public infrastructure (K<sup>GI</sup><sub>t</sub>),57.605
50,Infrastructure efficiency,Public infrastructure (K<sup>GI</sup><sub>t</sub>),58.004
51,Infrastructure efficiency,Public infrastructure (K<sup>GI</sup><sub>t</sub>),58.387
52,Infrastructure efficiency,Public infrastructure (K<sup>GI</sup><sub>t</sub>),58.756
53,Infrastructure efficiency,Public infrastructure (K<sup>GI</sup><sub>t</sub>),59.112
54,Infrastructure efficiency,Public infrastructure (K<sup>GI</sup><sub>t</sub>),59.454
55,Infrastructure efficiency,Public infrastructure (K<sup>GI</sup><sub>t</sub>),59.784
56,Infrastructure efficiency,Public infrastructure (K<sup>GI</sup><sub>t</sub>),60.101
57,Infrastructure efficiency,Public infrastructure (K<sup>GI</sup><sub>t</sub>),60.407
58,Infrastructure efficiency,Public infrastructure (K<sup>GI</sup><sub>t</sub>),60.701
59,Infrastructure efficiency,Public infrastructure (K<sup>GI</sup><sub>t</sub>),60.985
60,Infrastructure efficiency,Public infrastructure (K<sup>GI</sup><sub>t</sub>),61.257
61,Infrastructure efficiency,Public infrastructure (K<sup>GI</sup><sub>t</sub>),61.52
62,Infrastructure efficiency,Public infrastructure (K<sup>GI</sup><sub>t</sub>),61.773
63,Infrastructure efficiency,Public infrastructure (K<sup>GI</sup><sub>t</sub>),62.017
64,Infrastructure efficiency,Public infrastructure (K<sup>GI</sup><sub>t</sub>),62.252
65,Infrastructure efficiency,Public infrastructure (K<sup>GI</sup><sub>t</sub>),62.478
66,Infrastructure efficiency,Public infrastructure (K<sup>GI</sup><sub>t</sub>),62.695
67,Infrastructure efficiency,Public infrastructure (K<sup>GI</sup><sub>t</sub>),62.905
68,Infrastructure efficiency,Public infrastructure (K<sup>GI</sup><sub>t</sub>),63.107
69,Infrastructure efficiency,Public infrastructure (K<sup>GI</sup><sub>t</sub>),63.301
70,Infrastructure efficiency,Public infrastructure (K<sup>GI</sup><sub>t</sub>),63.488
71,Infrastructure efficiency,Public infrastructure (K<sup>GI</sup><sub>t</sub>),63.668
72,Infrastructure efficiency,Public infrastructure (K<sup>GI</sup><sub>t</sub>),63.842
73,Infrastructure efficiency,Public infrastructure (K<sup>GI</sup><sub>t</sub>),64.009
74,Infrastructure efficiency,Public infrastructure (K<sup>GI</sup><sub>t</sub>),64.17
75,Infrastructure efficiency,Public infrastructure (K<sup>GI</sup><sub>t</sub>),64.325
76,Infrastructure efficiency,Public infrastructure (K<sup>GI</sup><sub>t</sub>),64.474
77,Infrastructure efficiency,Public infrastructure (K<sup>GI</sup><sub>t</sub>),64.617
78,Infrastructure efficiency,Public infrastructure (K<sup>GI</sup><sub>t</sub>),64.756
79,Infrastructure efficiency,Public infrastructure (K<sup>GI</sup><sub>t</sub>),64.889
80,Infrastructure efficiency,Public infrastructure (K<sup>GI</sup><sub>t</sub>),65.017
81,Infrastructure efficiency,Public infrastructure (K<sup>GI</sup><sub>t</sub>),65.141
82,Infrastructure efficiency,Public infrastructure (K<sup>GI</sup><sub>t</sub>),65.26
83,Infrastructure efficiency,Public infrastructure (K<sup>GI</sup><sub>t</sub>),65.374
84,Infrastructure efficiency,Public infrastructure (K<sup>GI</sup><sub>t</sub>),65.484
85,Infrastructure efficiency,Public infrastructure (K<sup>GI</sup><sub>t</sub>),65.591
86,Infrastructure efficiency,Public infrastructure (K<sup>GI</sup><sub>t</sub>),65.693
87,Infrastructure efficiency,Public infrastructure (K<sup>GI</sup><sub>t</sub>),65.791
88,Infrastructure efficiency,Public infrastructure (K<sup>GI</sup><sub>t</sub>),65.886
89,Infrastructure efficiency,Public infrastructure (K<sup>GI</sup><sub>t</sub>),65.977
90,Infrastructure efficiency,Public infrastructure (K<sup>GI</sup><sub>t</sub>),66.065
91,Infrastructure efficiency,Public infrastructure (K<sup>GI</sup><sub>t</sub>),66.15
92,Infrastructure efficiency,Public infrastructure (K<sup>GI</sup><sub>t</sub>),66.232
93,Infrastructure efficiency,Public infrastructure (K<sup>GI</sup><sub>t</sub>),66.31
94,Infrastructure efficiency,Public infrastructure (K<sup>GI</sup><sub>t</sub>),66.386
95,Infrastructure efficiency,Public infrastructure (K<sup>GI</sup><sub>t</sub>),66.458
96,Infrastructure efficiency,Public infrastructure (K<sup>GI</sup><sub>t</sub>),66.529
97,Infrastructure efficiency,Public infrastructure (K<sup>GI</sup><sub>t</sub>),66.596
98,Infrastructure efficiency,Public infrastructure (K<sup>GI</sup><sub>t</sub>),66.661
99,Infrastructure efficiency,Public infrastructure (K<sup>GI</sup><sub>t</sub>),66.724
100,Infrastructure efficiency,Public infrastructure (K<sup>GI</sup><sub>t</sub>),66.784
1,Human-capital efficiency,Public infrastructure (K<sup>GI</sup><sub>t</sub>),0.0
2,Human-capital efficiency,Public infrastructure (K<sup>GI</sup><sub>t</sub>),0.0
3,Human-capital efficiency,Public infrastructure (K<sup>GI</sup><sub>t</sub>),0.0
4,Human-capital efficiency,Public infrastructure (K<sup>GI</sup><sub>t</sub>),0.0
5,Human-capital efficiency,Public infrastructure (K<sup>GI</sup><sub>t</sub>),0.0
6,Human-capital efficiency,Public infrastructure (K<sup>GI</sup><sub>t</sub>),0.0
7,Human-capital efficiency,Public infrastructure (K<sup>GI</sup><sub>t</sub>),0.0
8,Human-capital efficiency,Public infrastructure (K<sup>GI</sup><sub>t</sub>),0.0
9,Human-capital efficiency,Public infrastructure (K<sup>GI</sup><sub>t</sub>),0.0
10,Human-capital efficiency,Public infrastructure (K<sup>GI</sup><sub>t</sub>),0.0
11,Human-capital efficiency,Public infrastructure (K<sup>GI</sup><sub>t</sub>),0.0
12,Human-capital efficiency,Public infrastructure (K<sup>GI</sup><sub>t</sub>),0.0
13,Human-capital efficiency,Public infrastructure (K<sup>GI</sup><sub>t</sub>),0.0
14,Human-capital efficiency,Public infrastructure (K<sup>GI</sup><sub>t</sub>),0.0
15,Human-capital efficiency,Public infrastructure (K<sup>GI</sup><sub>t</sub>),0.0
16,Human-capital efficiency,Public infrastructure (K<sup>GI</sup><sub>t</sub>),0.0
17,Human-capital efficiency,Public infrastructure (K<sup>GI</sup><sub>t</sub>),0.0
18,Human-capital efficiency,Public infrastructure (K<sup>GI</sup><sub>t</sub>),0.0
19,Human-capital efficiency,Public infrastructure (K<sup>GI</sup><sub>t</sub>),0.0
20,Human-capital efficiency,Public infrastructure (K<sup>GI</sup><sub>t</sub>),0.0
21,Human-capital efficiency,Public infrastructure (K<sup>GI</sup><sub>t</sub>),0.0
22,Human-capital efficiency,Public infrastructure (K<sup>GI</sup><sub>t</sub>),0.0
23,Human-capital efficiency,Public infrastructure (K<sup>GI</sup><sub>t</sub>),0.0
24,Human-capital efficiency,Public infrastructure (K<sup>GI</sup><sub>t</sub>),0.0
25,Human-capital efficiency,Public infrastructure (K<sup>GI</sup><sub>t</sub>),0.0
26,Human-capital efficiency,Public infrastructure (K<sup>GI</sup><sub>t</sub>),0.0
27,Human-capital efficiency,Public infrastructure (K<sup>GI</sup><sub>t</sub>),0.0
28,Human-capital efficiency,Public infrastructure (K<sup>GI</sup><sub>t</sub>),0.0
29,Human-capital efficiency,Public infrastructure (K<sup>GI</sup><sub>t</sub>),0.0
30,Human-capital efficiency,Public infrastructure (K<sup>GI</sup><sub>t</sub>),0.0
31,Human-capital efficiency,Public infrastructure (K<sup>GI</sup><sub>t</sub>),0.0
32,Human-capital efficiency,Public infrastructure (K<sup>GI</sup><sub>t</sub>),0.0
33,Human-capital efficiency,Public infrastructure (K<sup>GI</sup><sub>t</sub>),0.0
34,Human-capital efficiency,Public infrastructure (K<sup>GI</sup><sub>t</sub>),0.0
35,Human-capital efficiency,Public infrastructure (K<sup>GI</sup><sub>t</sub>),0.0
36,Human-capital efficiency,Public infrastructure (K<sup>GI</sup><sub>t</sub>),0.0
37,Human-capital efficiency,Public infrastructure (K<sup>GI</sup><sub>t</sub>),0.0
38,Human-capital efficiency,Public infrastructure (K<sup>GI</sup><sub>t</sub>),0.0
39,Human-capital efficiency,Public infrastructure (K<sup>GI</sup><sub>t</sub>),0.0
40,Human-capital efficiency,Public infrastructure (K<sup>GI</sup><sub>t</sub>),0.0
41,Human-capital efficiency,Public infrastructure (K<sup>GI</sup><sub>t</sub>),0.0
42,Human-capital efficiency,Public infrastructure (K<sup>GI</sup><sub>t</sub>),0.0
43,Human-capital efficiency,Public infrastructure (K<sup>GI</sup><sub>t</sub>),0.0
44,Human-capital efficiency,Public infrastructure (K<sup>GI</sup><sub>t</sub>),0.0
45,Human-capital efficiency,Public infrastructure (K<sup>GI</sup><sub>t</sub>),0.0
46,Human-capital efficiency,Public infrastructure (K<sup>GI</sup><sub>t</sub>),0.0
47,Human-capital efficiency,Public infrastructure (K<sup>GI</sup><sub>t</sub>),0.0
48,Human-capital efficiency,Public infrastructure (K<sup>GI</sup><sub>t</sub>),0.0
49,Human-capital efficiency,Public infrastructure (K<sup>GI</sup><sub>t</sub>),0.0
50,Human-capital efficiency,Public infrastructure (K<sup>GI</sup><sub>t</sub>),0.0
51,Human-capital efficiency,Public infrastructure (K<sup>GI</sup><sub>t</sub>),0.0
52,Human-capital efficiency,Public infrastructure (K<sup>GI</sup><sub>t</sub>),0.0
53,Human-capital efficiency,Public infrastructure (K<sup>GI</sup><sub>t</sub>),0.0
54,Human-capital efficiency,Public infrastructure (K<sup>GI</sup><sub>t</sub>),0.0
55,Human-capital efficiency,Public infrastructure (K<sup>GI</sup><sub>t</sub>),0.0
56,Human-capital efficiency,Public infrastructure (K<sup>GI</sup><sub>t</sub>),0.0
57,Human-capital efficiency,Public infrastructure (K<sup>GI</sup><sub>t</sub>),0.0
58,Human-capital efficiency,Public infrastructure (K<sup>GI</sup><sub>t</sub>),0.0
59,Human-capital efficiency,Public infrastructure (K<sup>GI</sup><sub>t</sub>),0.0
60,Human-capital efficiency,Public infrastructure (K<sup>GI</sup><sub>t</sub>),0.0
61,Human-capital efficiency,Public infrastructure (K<sup>GI</sup><sub>t</sub>),0.0
62,Human-capital efficiency,Public infrastructure (K<sup>GI</sup><sub>t</sub>),0.0
63,Human-capital efficiency,Public infrastructure (K<sup>GI</sup><sub>t</sub>),0.0
64,Human-capital efficiency,Public infrastructure (K<sup>GI</sup><sub>t</sub>),0.0
65,Human-capital efficiency,Public infrastructure (K<sup>GI</sup><sub>t</sub>),0.0
66,Human-capital efficiency,Public infrastructure (K<sup>GI</sup><sub>t</sub>),0.0
67,Human-capital efficiency,Public infrastructure (K<sup>GI</sup><sub>t</sub>),0.0
68,Human-capital efficiency,Public infrastructure (K<sup>GI</sup><sub>t</sub>),0.0
69,Human-capital efficiency,Public infrastructure (K<sup>GI</sup><sub>t</sub>),0.0
70,Human-capital efficiency,Public infrastructure (K<sup>GI</sup><sub>t</sub>),0.0
71,Human-capital efficiency,Public infrastructure (K<sup>GI</sup><sub>t</sub>),0.0
72,Human-capital efficiency,Public infrastructure (K<sup>GI</sup><sub>t</sub>),0.0
73,Human-capital efficiency,Public infrastructure (K<sup>GI</sup><sub>t</sub>),0.0
74,Human-capital efficiency,Public infrastructure (K<sup>GI</sup><sub>t</sub>),0.0
75,Human-capital efficiency,Public infrastructure (K<sup>GI</sup><sub>t</sub>),0.0
76,Human-capital efficiency,Public infrastructure (K<sup>GI</sup><sub>t</sub>),0.0
77,Human-capital efficiency,Public infrastructure (K<sup>GI</sup><sub>t</sub>),0.0
78,Human-capital efficiency,Public infrastructure (K<sup>GI</sup><sub>t</sub>),0.0
79,Human-capital efficiency,Public infrastructure (K<sup>GI</sup><sub>t</sub>),0.0
80,Human-capital efficiency,Public infrastructure (K<sup>GI</sup><sub>t</sub>),0.0
81,Human-capital efficiency,Public infrastructure (K<sup>GI</sup><sub>t</sub>),0.0
82,Human-capital efficiency,Public infrastructure (K<sup>GI</sup><sub>t</sub>),0.0
83,Human-capital efficiency,Public infrastructure (K<sup>GI</sup><sub>t</sub>),0.0
84,Human-capital efficiency,Public infrastructure (K<sup>GI</sup><sub>t</sub>),0.0
85,Human-capital efficiency,Public infrastructure (K<sup>GI</sup><sub>t</sub>),0.0
86,Human-capital efficiency,Public infrastructure (K<sup>GI</sup><sub>t</sub>),0.0
87,Human-capital efficiency,Public infrastructure (K<sup>GI</sup><sub>t</sub>),0.0
88,Human-capital efficiency,Public infrastructure (K<sup>GI</sup><sub>t</sub>),0.0
89,Human-capital efficiency,Public infrastructure (K<sup>GI</sup><sub>t</sub>),0.0
90,Human-capital efficiency,Public infrastructure (K<sup>GI</sup><sub>t</sub>),0.0
91,Human-capital efficiency,Public infrastructure (K<sup>GI</sup><sub>t</sub>),0.0
92,Human-capital efficiency,Public infrastructure (K<sup>GI</sup><sub>t</sub>),0.0
93,Human-capital efficiency,Public infrastructure (K<sup>GI</sup><sub>t</sub>),0.0
94,Human-capital efficiency,Public infrastructure (K<sup>GI</sup><sub>t</sub>),0.0
95,Human-capital efficiency,Public infrastructure (K<sup>GI</sup><sub>t</sub>),0.0
96,Human-capital efficiency,Public infrastructure (K<sup>GI</sup><sub>t</sub>),0.0
97,Human-capital efficiency,Public infrastructure (K<sup>GI</sup><sub>t</sub>),0.0
98,Human-capital efficiency,Public infrastructure (K<sup>GI</sup><sub>t</sub>),0.0
99,Human-capital efficiency,Public infrastructure (K<sup>GI</sup><sub>t</sub>),0.0
100,Human-capital efficiency,Public infrastructure (K<sup>GI</sup><sub>t</sub>),0.0
1,Infrastructure efficiency,Educ./hlt capital (K<sup>GE</sup><sub>t</sub>),0.0
2,Infrastructure efficiency,Educ./hlt capital (K<sup>GE</sup><sub>t</sub>),0.0
3,Infrastructure efficiency,Educ./hlt capital (K<sup>GE</sup><sub>t</sub>),0.0
4,Infrastructure efficiency,Educ./hlt capital (K<sup>GE</sup><sub>t</sub>),0.0
5,Infrastructure efficiency,Educ./hlt capital (K<sup>GE</sup><sub>t</sub>),0.0
6,Infrastructure efficiency,Educ./hlt capital (K<sup>GE</sup><sub>t</sub>),0.0
7,Infrastructure efficiency,Educ./hlt capital (K<sup>GE</sup><sub>t</sub>),0.0
8,Infrastructure efficiency,Educ./hlt capital (K<sup>GE</sup><sub>t</sub>),0.0
9,Infrastructure efficiency,Educ./hlt capital (K<sup>GE</sup><sub>t</sub>),0.0
10,Infrastructure efficiency,Educ./hlt capital (K<sup>GE</sup><sub>t</sub>),0.0
11,Infrastructure efficiency,Educ./hlt capital (K<sup>GE</sup><sub>t</sub>),0.0
12,Infrastructure efficiency,Educ./hlt capital (K<sup>GE</sup><sub>t</sub>),0.0
13,Infrastructure efficiency,Educ./hlt capital (K<sup>GE</sup><sub>t</sub>),0.0
14,Infrastructure efficiency,Educ./hlt capital (K<sup>GE</sup><sub>t</sub>),0.0
15,Infrastructure efficiency,Educ./hlt capital (K<sup>GE</sup><sub>t</sub>),0.0
16,Infrastructure efficiency,Educ./hlt capital (K<sup>GE</sup><sub>t</sub>),0.0
17,Infrastructure efficiency,Educ./hlt capital (K<sup>GE</sup><sub>t</sub>),0.0
18,Infrastructure efficiency,Educ./hlt capital (K<sup>GE</sup><sub>t</sub>),0.0
19,Infrastructure efficiency,Educ./hlt capital (K<sup>GE</sup><sub>t</sub>),0.0
20,Infrastructure efficiency,Educ./hlt capital (K<sup>GE</sup><sub>t</sub>),0.0
21,Infrastructure efficiency,Educ./hlt capital (K<sup>GE</sup><sub>t</sub>),0.0
22,Infrastructure efficiency,Educ./hlt capital (K<sup>GE</sup><sub>t</sub>),0.0
23,Infrastructure efficiency,Educ./hlt capital (K<sup>GE</sup><sub>t</sub>),0.0
24,Infrastructure efficiency,Educ./hlt capital (K<sup>GE</sup><sub>t</sub>),0.0
25,Infrastructure efficiency,Educ./hlt capital (K<sup>GE</sup><sub>t</sub>),0.0
26,Infrastructure efficiency,Educ./hlt capital (K<sup>GE</sup><sub>t</sub>),0.0
27,Infrastructure efficiency,Educ./hlt capital (K<sup>GE</sup><sub>t</sub>),0.0
28,Infrastructure efficiency,Educ./hlt capital (K<sup>GE</sup><sub>t</sub>),0.0
29,Infrastructure efficiency,Educ./hlt capital (K<sup>GE</sup><sub>t</sub>),0.0
30,Infrastructure efficiency,Educ./hlt capital (K<sup>GE</sup><sub>t</sub>),0.0
31,Infrastructure efficiency,Educ./hlt capital (K<sup>GE</sup><sub>t</sub>),0.0
32,Infrastructure efficiency,Educ./hlt capital (K<sup>GE</sup><sub>t</sub>),0.0
33,Infrastructure efficiency,Educ./hlt capital (K<sup>GE</sup><sub>t</sub>),0.0
34,Infrastructure efficiency,Educ./hlt capital (K<sup>GE</sup><sub>t</sub>),0.0
35,Infrastructure efficiency,Educ./hlt capital (K<sup>GE</sup><sub>t</sub>),0.0
36,Infrastructure efficiency,Educ./hlt capital (K<sup>GE</sup><sub>t</sub>),0.0
37,Infrastructure efficiency,Educ./hlt capital (K<sup>GE</sup><sub>t</sub>),0.0
38,Infrastructure efficiency,Educ./hlt capital (K<sup>GE</sup><sub>t</sub>),0.0
39,Infrastructure efficiency,Educ./hlt capital (K<sup>GE</sup><sub>t</sub>),0.0
40,Infrastructure efficiency,Educ./hlt capital (K<sup>GE</sup><sub>t</sub>),0.0
41,Infrastructure efficiency,Educ./hlt capital (K<sup>GE</sup><sub>t</sub>),0.0
42,Infrastructure efficiency,Educ./hlt capital (K<sup>GE</sup><sub>t</sub>),0.0
43,Infrastructure efficiency,Educ./hlt capital (K<sup>GE</sup><sub>t</sub>),0.0
44,Infrastructure efficiency,Educ./hlt capital (K<sup>GE</sup><sub>t</sub>),0.0
45,Infrastructure efficiency,Educ./hlt capital (K<sup>GE</sup><sub>t</sub>),0.0
46,Infrastructure efficiency,Educ./hlt capital (K<sup>GE</sup><sub>t</sub>),0.0
47,Infrastructure efficiency,Educ./hlt capital (K<sup>GE</sup><sub>t</sub>),0.0
48,Infrastructure efficiency,Educ./hlt capital (K<sup>GE</sup><sub>t</sub>),0.0
49,Infrastructure efficiency,Educ./hlt capital (K<sup>GE</sup><sub>t</sub>),0.0
50,Infrastructure efficiency,Educ./hlt capital (K<sup>GE</sup><sub>t</sub>),0.0
51,Infrastructure efficiency,Educ./hlt capital (K<sup>GE</sup><sub>t</sub>),0.0
52,Infrastructure efficiency,Educ./hlt capital (K<sup>GE</sup><sub>t</sub>),0.0
53,Infrastructure efficiency,Educ./hlt capital (K<sup>GE</sup><sub>t</sub>),0.0
54,Infrastructure efficiency,Educ./hlt capital (K<sup>GE</sup><sub>t</sub>),0.0
55,Infrastructure efficiency,Educ./hlt capital (K<sup>GE</sup><sub>t</sub>),0.0
56,Infrastructure efficiency,Educ./hlt capital (K<sup>GE</sup><sub>t</sub>),0.0
57,Infrastructure efficiency,Educ./hlt capital (K<sup>GE</sup><sub>t</sub>),0.0
58,Infrastructure efficiency,Educ./hlt capital (K<sup>GE</sup><sub>t</sub>),0.0
59,Infrastructure efficiency,Educ./hlt capital (K<sup>GE</sup><sub>t</sub>),0.0
60,Infrastructure efficiency,Educ./hlt capital (K<sup>GE</sup><sub>t</sub>),0.0
61,Infrastructure efficiency,Educ./hlt capital (K<sup>GE</sup><sub>t</sub>),0.0
62,Infrastructure efficiency,Educ./hlt capital (K<sup>GE</sup><sub>t</sub>),0.0
63,Infrastructure efficiency,Educ./hlt capital (K<sup>GE</sup><sub>t</sub>),0.0
64,Infrastructure efficiency,Educ./hlt capital (K<sup>GE</sup><sub>t</sub>),0.0
65,Infrastructure efficiency,Educ./hlt capital (K<sup>GE</sup><sub>t</sub>),0.0
66,Infrastructure efficiency,Educ./hlt capital (K<sup>GE</sup><sub>t</sub>),0.0
67,Infrastructure efficiency,Educ./hlt capital (K<sup>GE</sup><sub>t</sub>),0.0
68,Infrastructure efficiency,Educ./hlt capital (K<sup>GE</sup><sub>t</sub>),0.0
69,Infrastructure efficiency,Educ./hlt capital (K<sup>GE</sup><sub>t</sub>),0.0
70,Infrastructure efficiency,Educ./hlt capital (K<sup>GE</sup><sub>t</sub>),0.0
71,Infrastructure efficiency,Educ./hlt capital (K<sup>GE</sup><sub>t</sub>),0.0
72,Infrastructure efficiency,Educ./hlt capital (K<sup>GE</sup><sub>t</sub>),0.0
73,Infrastructure efficiency,Educ./hlt capital (K<sup>GE</sup><sub>t</sub>),0.0
74,Infrastructure efficiency,Educ./hlt capital (K<sup>GE</sup><sub>t</sub>),0.0
75,Infrastructure efficiency,Educ./hlt capital (K<sup>GE</sup><sub>t</sub>),0.0
76,Infrastructure efficiency,Educ./hlt capital (K<sup>GE</sup><sub>t</sub>),0.0
77,Infrastructure efficiency,Educ./hlt capital (K<sup>GE</sup><sub>t</sub>),0.0
78,Infrastructure efficiency,Educ./hlt capital (K<sup>GE</sup><sub>t</sub>),0.0
79,Infrastructure efficiency,Educ./hlt capital (K<sup>GE</sup><sub>t</sub>),0.0
80,Infrastructure efficiency,Educ./hlt capital (K<sup>GE</sup><sub>t</sub>),0.0
81,Infrastructure efficiency,Educ./hlt capital (K<sup>GE</sup><sub>t</sub>),0.0
82,Infrastructure efficiency,Educ./hlt capital (K<sup>GE</sup><sub>t</sub>),0.0
83,Infrastructure efficiency,Educ./hlt capital (K<sup>GE</sup><sub>t</sub>),0.0
84,Infrastructure efficiency,Educ./hlt capital (K<sup>GE</sup><sub>t</sub>),0.0
85,Infrastructure efficiency,Educ./hlt capital (K<sup>GE</sup><sub>t</sub>),0.0
86,Infrastructure efficiency,Educ./hlt capital (K<sup>GE</sup><sub>t</sub>),0.0
87,Infrastructure efficiency,Educ./hlt capital (K<sup>GE</sup><sub>t</sub>),0.0
88,Infrastructure efficiency,Educ./hlt capital (K<sup>GE</sup><sub>t</sub>),0.0
89,Infrastructure efficiency,Educ./hlt capital (K<sup>GE</sup><sub>t</sub>),0.0
90,Infrastructure efficiency,Educ./hlt capital (K<sup>GE</sup><sub>t</sub>),0.0
91,Infrastructure efficiency,Educ./hlt capital (K<sup>GE</sup><sub>t</sub>),0.0
92,Infrastructure efficiency,Educ./hlt capital (K<sup>GE</sup><sub>t</sub>),0.0
93,Infrastructure efficiency,Educ./hlt capital (K<sup>GE</sup><sub>t</sub>),0.0
94,Infrastructure efficiency,Educ./hlt capital (K<sup>GE</sup><sub>t</sub>),0.0
95,Infrastructure efficiency,Educ./hlt capital (K<sup>GE</sup><sub>t</sub>),0.0
96,Infrastructure efficiency,Educ./hlt capital (K<sup>GE</sup><sub>t</sub>),0.0
97,Infrastructure efficiency,Educ./hlt capital (K<sup>GE</sup><sub>t</sub>),0.0
98,Infrastructure efficiency,Educ./hlt capital (K<sup>GE</sup><sub>t</sub>),0.0
99,Infrastructure efficiency,Educ./hlt capital (K<sup>GE</sup><sub>t</sub>),0.0
100,Infrastructure efficiency,Educ./hlt capital (K<sup>GE</sup><sub>t</sub>),0.0
1,Human-capital efficiency,Educ./hlt capital (K<sup>GE</sup><sub>t</sub>),1.817
2,Human-capital efficiency,Educ./hlt capital (K<sup>GE</sup><sub>t</sub>),3.566
3,Human-capital efficiency,Educ./hlt capital (K<sup>GE</sup><sub>t</sub>),5.251
4,Human-capital efficiency,Educ./hlt capital (K<sup>GE</sup><sub>t</sub>),6.873
5,Human-capital efficiency,Educ./hlt capital (K<sup>GE</sup><sub>t</sub>),8.436
6,Human-capital efficiency,Educ./hlt capital (K<sup>GE</sup><sub>t</sub>),9.94
7,Human-capital efficiency,Educ./hlt capital (K<sup>GE</sup><sub>t</sub>),11.389
8,Human-capital efficiency,Educ./hlt capital (K<sup>GE</sup><sub>t</sub>),12.783
9,Human-capital efficiency,Educ./hlt capital (K<sup>GE</sup><sub>t</sub>),14.127
10,Human-capital efficiency,Educ./hlt capital (K<sup>GE</sup><sub>t</sub>),15.42
11,Human-capital efficiency,Educ./hlt capital (K<sup>GE</sup><sub>t</sub>),16.665
12,Human-capital efficiency,Educ./hlt capital (K<sup>GE</sup><sub>t</sub>),17.865
13,Human-capital efficiency,Educ./hlt capital (K<sup>GE</sup><sub>t</sub>),19.02
14,Human-capital efficiency,Educ./hlt capital (K<sup>GE</sup><sub>t</sub>),20.132
15,Human-capital efficiency,Educ./hlt capital (K<sup>GE</sup><sub>t</sub>),21.203
16,Human-capital efficiency,Educ./hlt capital (K<sup>GE</sup><sub>t</sub>),22.234
17,Human-capital efficiency,Educ./hlt capital (K<sup>GE</sup><sub>t</sub>),23.227
18,Human-capital efficiency,Educ./hlt capital (K<sup>GE</sup><sub>t</sub>),24.183
19,Human-capital efficiency,Educ./hlt capital (K<sup>GE</sup><sub>t</sub>),25.104
20,Human-capital efficiency,Educ./hlt capital (K<sup>GE</sup><sub>t</sub>),25.991
21,Human-capital efficiency,Educ./hlt capital (K<sup>GE</sup><sub>t</sub>),26.844
22,Human-capital efficiency,Educ./hlt capital (K<sup>GE</sup><sub>t</sub>),27.666
23,Human-capital efficiency,Educ./hlt capital (K<sup>GE</sup><sub>t</sub>),28.458
24,Human-capital efficiency,Educ./hlt capital (K<sup>GE</sup><sub>t</sub>),29.22
25,Human-capital efficiency,Educ./hlt capital (K<sup>GE</sup><sub>t</sub>),29.955
26,Human-capital efficiency,Educ./hlt capital (K<sup>GE</sup><sub>t</sub>),30.662
27,Human-capital efficiency,Educ./hlt capital (K<sup>GE</sup><sub>t</sub>),31.342
28,Human-capital efficiency,Educ./hlt capital (K<sup>GE</sup><sub>t</sub>),31.998
29,Human-capital efficiency,Educ./hlt capital (K<sup>GE</sup><sub>t</sub>),32.629
30,Human-capital efficiency,Educ./hlt capital (K<sup>GE</sup><sub>t</sub>),33.237
31,Human-capital efficiency,Educ./hlt capital (K<sup>GE</sup><sub>t</sub>),33.822
32,Human-capital efficiency,Educ./hlt capital (K<sup>GE</sup><sub>t</sub>),34.386
33,Human-capital efficiency,Educ./hlt capital (K<sup>GE</sup><sub>t</sub>),34.928
34,Human-capital efficiency,Educ./hlt capital (K<sup>GE</sup><sub>t</sub>),35.451
35,Human-capital efficiency,Educ./hlt capital (K<sup>GE</sup><sub>t</sub>),35.954
36,Human-capital efficiency,Educ./hlt capital (K<sup>GE</sup><sub>t</sub>),36.439
37,Human-capital efficiency,Educ./hlt capital (K<sup>GE</sup><sub>t</sub>),36.905
38,Human-capital efficiency,Educ./hlt capital (K<sup>GE</sup><sub>t</sub>),37.355
39,Human-capital efficiency,Educ./hlt capital (K<sup>GE</sup><sub>t</sub>),37.787
40,Human-capital efficiency,Educ./hlt capital (K<sup>GE</sup><sub>t</sub>),38.204
41,Human-capital efficiency,Educ./hlt capital (K<sup>GE</sup><sub>t</sub>),38.605
42,Human-capital efficiency,Educ./hlt capital (K<sup>GE</sup><sub>t</sub>),38.992
43,Human-capital efficiency,Educ./hlt capital (K<sup>GE</sup><sub>t</sub>),39.364
44,Human-capital efficiency,Educ./hlt capital (K<sup>GE</sup><sub>t</sub>),39.722
45,Human-capital efficiency,Educ./hlt capital (K<sup>GE</sup><sub>t</sub>),40.067
46,Human-capital efficiency,Educ./hlt capital (K<sup>GE</sup><sub>t</sub>),40.399
47,Human-capital efficiency,Educ./hlt capital (K<sup>GE</sup><sub>t</sub>),40.719
48,Human-capital efficiency,Educ./hlt capital (K<sup>GE</sup><sub>t</sub>),41.027
49,Human-capital efficiency,Educ./hlt capital (K<sup>GE</sup><sub>t</sub>),41.323
50,Human-capital efficiency,Educ./hlt capital (K<sup>GE</sup><sub>t</sub>),41.609
51,Human-capital efficiency,Educ./hlt capital (K<sup>GE</sup><sub>t</sub>),41.884
52,Human-capital efficiency,Educ./hlt capital (K<sup>GE</sup><sub>t</sub>),42.149
53,Human-capital efficiency,Educ./hlt capital (K<sup>GE</sup><sub>t</sub>),42.404
54,Human-capital efficiency,Educ./hlt capital (K<sup>GE</sup><sub>t</sub>),42.65
55,Human-capital efficiency,Educ./hlt capital (K<sup>GE</sup><sub>t</sub>),42.886
56,Human-capital efficiency,Educ./hlt capital (K<sup>GE</sup><sub>t</sub>),43.114
57,Human-capital efficiency,Educ./hlt capital (K<sup>GE</sup><sub>t</sub>),43.333
58,Human-capital efficiency,Educ./hlt capital (K<sup>GE</sup><sub>t</sub>),43.544
59,Human-capital efficiency,Educ./hlt capital (K<sup>GE</sup><sub>t</sub>),43.748
60,Human-capital efficiency,Educ./hlt capital (K<sup>GE</sup><sub>t</sub>),43.943
61,Human-capital efficiency,Educ./hlt capital (K<sup>GE</sup><sub>t</sub>),44.132
62,Human-capital efficiency,Educ./hlt capital (K<sup>GE</sup><sub>t</sub>),44.313
63,Human-capital efficiency,Educ./hlt capital (K<sup>GE</sup><sub>t</sub>),44.488
64,Human-capital efficiency,Educ./hlt capital (K<sup>GE</sup><sub>t</sub>),44.657
65,Human-capital efficiency,Educ./hlt capital (K<sup>GE</sup><sub>t</sub>),44.819
66,Human-capital efficiency,Educ./hlt capital (K<sup>GE</sup><sub>t</sub>),44.975
67,Human-capital efficiency,Educ./hlt capital (K<sup>GE</sup><sub>t</sub>),45.125
68,Human-capital efficiency,Educ./hlt capital (K<sup>GE</sup><sub>t</sub>),45.27
69,Human-capital efficiency,Educ./hlt capital (K<sup>GE</sup><sub>t</sub>),45.409
70,Human-capital efficiency,Educ./hlt capital (K<sup>GE</sup><sub>t</sub>),45.543
71,Human-capital efficiency,Educ./hlt capital (K<sup>GE</sup><sub>t</sub>),45.673
72,Human-capital efficiency,Educ./hlt capital (K<sup>GE</sup><sub>t</sub>),45.797
73,Human-capital efficiency,Educ./hlt capital (K<sup>GE</sup><sub>t</sub>),45.917
74,Human-capital efficiency,Educ./hlt capital (K<sup>GE</sup><sub>t</sub>),46.032
75,Human-capital efficiency,Educ./hlt capital (K<sup>GE</sup><sub>t</sub>),46.144
76,Human-capital efficiency,Educ./hlt capital (K<sup>GE</sup><sub>t</sub>),46.251
77,Human-capital efficiency,Educ./hlt capital (K<sup>GE</sup><sub>t</sub>),46.354
78,Human-capital efficiency,Educ./hlt capital (K<sup>GE</sup><sub>t</sub>),46.453
79,Human-capital efficiency,Educ./hlt capital (K<sup>GE</sup><sub>t</sub>),46.548
80,Human-capital efficiency,Educ./hlt capital (K<sup>GE</sup><sub>t</sub>),46.64
81,Human-capital efficiency,Educ./hlt capital (K<sup>GE</sup><sub>t</sub>),46.729
82,Human-capital efficiency,Educ./hlt capital (K<sup>GE</sup><sub>t</sub>),46.814
83,Human-capital efficiency,Educ./hlt capital (K<sup>GE</sup><sub>t</sub>),46.896
84,Human-capital efficiency,Educ./hlt capital (K<sup>GE</sup><sub>t</sub>),46.976
85,Human-capital efficiency,Educ./hlt capital (K<sup>GE</sup><sub>t</sub>),47.052
86,Human-capital efficiency,Educ./hlt capital (K<sup>GE</sup><sub>t</sub>),47.125
87,Human-capital efficiency,Educ./hlt capital (K<sup>GE</sup><sub>t</sub>),47.196
88,Human-capital efficiency,Educ./hlt capital (K<sup>GE</sup><sub>t</sub>),47.264
89,Human-capital efficiency,Educ./hlt capital (K<sup>GE</sup><sub>t</sub>),47.329
90,Human-capital efficiency,Educ./hlt capital (K<sup>GE</sup><sub>t</sub>),47.392
91,Human-capital efficiency,Educ./hlt capital (K<sup>GE</sup><sub>t</sub>),47.453
92,Human-capital efficiency,Educ./hlt capital (K<sup>GE</sup><sub>t</sub>),47.512
93,Human-capital efficiency,Educ./hlt capital (K<sup>GE</sup><sub>t</sub>),47.568
94,Human-capital efficiency,Educ./hlt capital (K<sup>GE</sup><sub>t</sub>),47.622
95,Human-capital efficiency,Educ./hlt capital (K<sup>GE</sup><sub>t</sub>),47.674
96,Human-capital efficiency,Educ./hlt capital (K<sup>GE</sup><sub>t</sub>),47.725
97,Human-capital efficiency,Educ./hlt capital (K<sup>GE</sup><sub>t</sub>),47.773
98,Human-capital efficiency,Educ./hlt capital (K<sup>GE</sup><sub>t</sub>),47.82
99,Human-capital efficiency,Educ./hlt capital (K<sup>GE</sup><sub>t</sub>),47.865
100,Human-capital efficiency,Educ./hlt capital (K<sup>GE</sup><sub>t</sub>),47.908
1,Infrastructure efficiency,Private capital (K<sub>t</sub>),-0.109
2,Infrastructure efficiency,Private capital (K<sub>t</sub>),-0.598
3,Infrastructure efficiency,Private capital (K<sub>t</sub>),-0.994
4,Infrastructure efficiency,Private capital (K<sub>t</sub>),-1.309
5,Infrastructure efficiency,Private capital (K<sub>t</sub>),-1.552
6,Infrastructure efficiency,Private capital (K<sub>t</sub>),-1.731
7,Infrastructure efficiency,Private capital (K<sub>t</sub>),-1.853
8,Infrastructure efficiency,Private capital (K<sub>t</sub>),-1.924
9,Infrastructure efficiency,Private capital (K<sub>t</sub>),-1.95
10,Infrastructure efficiency,Private capital (K<sub>t</sub>),-1.937
11,Infrastructure efficiency,Private capital (K<sub>t</sub>),-1.887
12,Infrastructure efficiency,Private capital (K<sub>t</sub>),-1.807
13,Infrastructure efficiency,Private capital (K<sub>t</sub>),-1.698
14,Infrastructure efficiency,Private capital (K<sub>t</sub>),-1.565
15,Infrastructure efficiency,Private capital (K<sub>t</sub>),-1.411
16,Infrastructure efficiency,Private capital (K<sub>t</sub>),-1.238
17,Infrastructure efficiency,Private capital (K<sub>t</sub>),-1.05
18,Infrastructure efficiency,Private capital (K<sub>t</sub>),-0.847
19,Infrastructure efficiency,Private capital (K<sub>t</sub>),-0.632
20,Infrastructure efficiency,Private capital (K<sub>t</sub>),-0.408
21,Infrastructure efficiency,Private capital (K<sub>t</sub>),-0.175
22,Infrastructure efficiency,Private capital (K<sub>t</sub>),0.065
23,Infrastructure efficiency,Private capital (K<sub>t</sub>),0.31
24,Infrastructure efficiency,Private capital (K<sub>t</sub>),0.56
25,Infrastructure efficiency,Private capital (K<sub>t</sub>),0.813
26,Infrastructure efficiency,Private capital (K<sub>t</sub>),1.068
27,Infrastructure efficiency,Private capital (K<sub>t</sub>),1.325
28,Infrastructure efficiency,Private capital (K<sub>t</sub>),1.583
29,Infrastructure efficiency,Private capital (K<sub>t</sub>),1.84
30,Infrastructure efficiency,Private capital (K<sub>t</sub>),2.097
31,Infrastructure efficiency,Private capital (K<sub>t</sub>),2.352
32,Infrastructure efficiency,Private capital (K<sub>t</sub>),2.606
33,Infrastructure efficiency,Private capital (K<sub>t</sub>),2.857
34,Infrastructure efficiency,Private capital (K<sub>t</sub>),3.106
35,Infrastructure efficiency,Private capital (K<sub>t</sub>),3.352
36,Infrastructure efficiency,Private capital (K<sub>t</sub>),3.595
37,Infrastructure efficiency,Private capital (K<sub>t</sub>),3.835
38,Infrastructure efficiency,Private capital (K<sub>t</sub>),4.071
39,Infrastructure efficiency,Private capital (K<sub>t</sub>),4.303
40,Infrastructure efficiency,Private capital (K<sub>t</sub>),4.531
41,Infrastructure efficiency,Private capital (K<sub>t</sub>),4.754
42,Infrastructure efficiency,Private capital (K<sub>t</sub>),4.974
43,Infrastructure efficiency,Private capital (K<sub>t</sub>),5.189
44,Infrastructure efficiency,Private capital (K<sub>t</sub>),5.4
45,Infrastructure efficiency,Private capital (K<sub>t</sub>),5.607
46,Infrastructure efficiency,Private capital (K<sub>t</sub>),5.809
47,Infrastructure efficiency,Private capital (K<sub>t</sub>),6.006
48,Infrastructure efficiency,Private capital (K<sub>t</sub>),6.2
49,Infrastructure efficiency,Private capital (K<sub>t</sub>),6.388
50,Infrastructure efficiency,Private capital (K<sub>t</sub>),6.572
51,Infrastructure efficiency,Private capital (K<sub>t</sub>),6.752
52,Infrastructure efficiency,Private capital (K<sub>t</sub>),6.927
53,Infrastructure efficiency,Private capital (K<sub>t</sub>),7.098
54,Infrastructure efficiency,Private capital (K<sub>t</sub>),7.264
55,Infrastructure efficiency,Private capital (K<sub>t</sub>),7.427
56,Infrastructure efficiency,Private capital (K<sub>t</sub>),7.585
57,Infrastructure efficiency,Private capital (K<sub>t</sub>),7.739
58,Infrastructure efficiency,Private capital (K<sub>t</sub>),7.888
59,Infrastructure efficiency,Private capital (K<sub>t</sub>),8.034
60,Infrastructure efficiency,Private capital (K<sub>t</sub>),8.176
61,Infrastructure efficiency,Private capital (K<sub>t</sub>),8.314
62,Infrastructure efficiency,Private capital (K<sub>t</sub>),8.448
63,Infrastructure efficiency,Private capital (K<sub>t</sub>),8.578
64,Infrastructure efficiency,Private capital (K<sub>t</sub>),8.705
65,Infrastructure efficiency,Private capital (K<sub>t</sub>),8.828
66,Infrastructure efficiency,Private capital (K<sub>t</sub>),8.948
67,Infrastructure efficiency,Private capital (K<sub>t</sub>),9.064
68,Infrastructure efficiency,Private capital (K<sub>t</sub>),9.177
69,Infrastructure efficiency,Private capital (K<sub>t</sub>),9.287
70,Infrastructure efficiency,Private capital (K<sub>t</sub>),9.393
71,Infrastructure efficiency,Private capital (K<sub>t</sub>),9.496
72,Infrastructure efficiency,Private capital (K<sub>t</sub>),9.597
73,Infrastructure efficiency,Private capital (K<sub>t</sub>),9.694
74,Infrastructure efficiency,Private capital (K<sub>t</sub>),9.789
75,Infrastructure efficiency,Private capital (K<sub>t</sub>),9.88
76,Infrastructure efficiency,Private capital (K<sub>t</sub>),9.969
77,Infrastructure efficiency,Private capital (K<sub>t</sub>),10.055
78,Infrastructure efficiency,Private capital (K<sub>t</sub>),10.139
79,Infrastructure efficiency,Private capital (K<sub>t</sub>),10.22
80,Infrastructure efficiency,Private capital (K<sub>t</sub>),10.299
81,Infrastructure efficiency,Private capital (K<sub>t</sub>),10.375
82,Infrastructure efficiency,Private capital (K<sub>t</sub>),10.449
83,Infrastructure efficiency,Private capital (K<sub>t</sub>),10.521
84,Infrastructure efficiency,Private capital (K<sub>t</sub>),10.59
85,Infrastructure efficiency,Private capital (K<sub>t</sub>),10.658
86,Infrastructure efficiency,Private capital (K<sub>t</sub>),10.723
87,Infrastructure efficiency,Private capital (K<sub>t</sub>),10.787
88,Infrastructure efficiency,Private capital (K<sub>t</sub>),10.848
89,Infrastructure efficiency,Private capital (K<sub>t</sub>),10.907
90,Infrastructure efficiency,Private capital (K<sub>t</sub>),10.965
91,Infrastructure efficiency,Private capital (K<sub>t</sub>),11.021
92,Infrastructure efficiency,Private capital (K<sub>t</sub>),11.075
93,Infrastructure efficiency,Private capital (K<sub>t</sub>),11.128
94,Infrastructure efficiency,Private capital (K<sub>t</sub>),11.179
95,Infrastructure efficiency,Private capital (K<sub>t</sub>),11.228
96,Infrastructure efficiency,Private capital (K<sub>t</sub>),11.276
97,Infrastructure efficiency,Private capital (K<sub>t</sub>),11.322
98,Infrastructure efficiency,Private capital (K<sub>t</sub>),11.367
99,Infrastructure efficiency,Private capital (K<sub>t</sub>),11.41
100,Infrastructure efficiency,Private capital (K<sub>t</sub>),11.452
1,Human-capital efficiency,Private capital (K<sub>t</sub>),0.221
2,Human-capital efficiency,Private capital (K<sub>t</sub>),0.278
3,Human-capital efficiency,Private capital (K<sub>t</sub>),0.309
4,Human-capital efficiency,Private capital (K<sub>t</sub>),0.314
5,Human-capital efficiency,Private capital (K<sub>t</sub>),0.295
6,Human-capital efficiency,Private capital (K<sub>t</sub>),0.255
7,Human-capital efficiency,Private capital (K<sub>t</sub>),0.2
8,Human-capital efficiency,Private capital (K<sub>t</sub>),0.131
9,Human-capital efficiency,Private capital (K<sub>t</sub>),0.051
10,Human-capital efficiency,Private capital (K<sub>t</sub>),-0.036
11,Human-capital efficiency,Private capital (K<sub>t</sub>),-0.128
12,Human-capital efficiency,Private capital (K<sub>t</sub>),-0.224
13,Human-capital efficiency,Private capital (K<sub>t</sub>),-0.321
14,Human-capital efficiency,Private capital (K<sub>t</sub>),-0.418
15,Human-capital efficiency,Private capital (K<sub>t</sub>),-0.514
16,Human-capital efficiency,Private capital (K<sub>t</sub>),-0.607
17,Human-capital efficiency,Private capital (K<sub>t</sub>),-0.696
18,Human-capital efficiency,Private capital (K<sub>t</sub>),-0.781
19,Human-capital efficiency,Private capital (K<sub>t</sub>),-0.861
20,Human-capital efficiency,Private capital (K<sub>t</sub>),-0.935
21,Human-capital efficiency,Private capital (K<sub>t</sub>),-1.003
22,Human-capital efficiency,Private capital (K<sub>t</sub>),-1.065
23,Human-capital efficiency,Private capital (K<sub>t</sub>),-1.119
24,Human-capital efficiency,Private capital (K<sub>t</sub>),-1.166
25,Human-capital efficiency,Private capital (K<sub>t</sub>),-1.206
26,Human-capital efficiency,Private capital (K<sub>t</sub>),-1.239
27,Human-capital efficiency,Private capital (K<sub>t</sub>),-1.264
28,Human-capital efficiency,Private capital (K<sub>t</sub>),-1.281
29,Human-capital efficiency,Private capital (K<sub>t</sub>),-1.292
30,Human-capital efficiency,Private capital (K<sub>t</sub>),-1.294
31,Human-capital efficiency,Private capital (K<sub>t</sub>),-1.29
32,Human-capital efficiency,Private capital (K<sub>t</sub>),-1.279
33,Human-capital efficiency,Private capital (K<sub>t</sub>),-1.261
34,Human-capital efficiency,Private capital (K<sub>t</sub>),-1.236
35,Human-capital efficiency,Private capital (K<sub>t</sub>),-1.204
36,Human-capital efficiency,Private capital (K<sub>t</sub>),-1.166
37,Human-capital efficiency,Private capital (K<sub>t</sub>),-1.122
38,Human-capital efficiency,Private capital (K<sub>t</sub>),-1.073
39,Human-capital efficiency,Private capital (K<sub>t</sub>),-1.017
40,Human-capital efficiency,Private capital (K<sub>t</sub>),-0.957
41,Human-capital efficiency,Private capital (K<sub>t</sub>),-0.891
42,Human-capital efficiency,Private capital (K<sub>t</sub>),-0.82
43,Human-capital efficiency,Private capital (K<sub>t</sub>),-0.745
44,Human-capital efficiency,Private capital (K<sub>t</sub>),-0.665
45,Human-capital efficiency,Private capital (K<sub>t</sub>),-0.581
46,Human-capital efficiency,Private capital (K<sub>t</sub>),-0.493
47,Human-capital efficiency,Private capital (K<sub>t</sub>),-0.402
48,Human-capital efficiency,Private capital (K<sub>t</sub>),-0.307
49,Human-capital efficiency,Private capital (K<sub>t</sub>),-0.209
50,Human-capital efficiency,Private capital (K<sub>t</sub>),-0.108
51,Human-capital efficiency,Private capital (K<sub>t</sub>),-0.004
52,Human-capital efficiency,Private capital (K<sub>t</sub>),0.103
53,Human-capital efficiency,Private capital (K<sub>t</sub>),0.212
54,Human-capital efficiency,Private capital (K<sub>t</sub>),0.323
55,Human-capital efficiency,Private capital (K<sub>t</sub>),0.436
56,Human-capital efficiency,Private capital (K<sub>t</sub>),0.551
57,Human-capital efficiency,Private capital (K<sub>t</sub>),0.667
58,Human-capital efficiency,Private capital (K<sub>t</sub>),0.785
59,Human-capital efficiency,Private capital (K<sub>t</sub>),0.904
60,Human-capital efficiency,Private capital (K<sub>t</sub>),1.024
61,Human-capital efficiency,Private capital (K<sub>t</sub>),1.145
62,Human-capital efficiency,Private capital (K<sub>t</sub>),1.267
63,Human-capital efficiency,Private capital (K<sub>t</sub>),1.39
64,Human-capital efficiency,Private capital (K<sub>t</sub>),1.513
65,Human-capital efficiency,Private capital (K<sub>t</sub>),1.637
66,Human-capital efficiency,Private capital (K<sub>t</sub>),1.76
67,Human-capital efficiency,Private capital (K<sub>t</sub>),1.884
68,Human-capital efficiency,Private capital (K<sub>t</sub>),2.008
69,Human-capital efficiency,Private capital (K<sub>t</sub>),2.132
70,Human-capital efficiency,Private capital (K<sub>t</sub>),2.256
71,Human-capital efficiency,Private capital (K<sub>t</sub>),2.379
72,Human-capital efficiency,Private capital (K<sub>t</sub>),2.502
73,Human-capital efficiency,Private capital (K<sub>t</sub>),2.625
74,Human-capital efficiency,Private capital (K<sub>t</sub>),2.747
75,Human-capital efficiency,Private capital (K<sub>t</sub>),2.868
76,Human-capital efficiency,Private capital (K<sub>t</sub>),2.989
77,Human-capital efficiency,Private capital (K<sub>t</sub>),3.109
78,Human-capital efficiency,Private capital (K<sub>t</sub>),3.228
79,Human-capital efficiency,Private capital (K<sub>t</sub>),3.347
80,Human-capital efficiency,Private capital (K<sub>t</sub>),3.464
81,Human-capital efficiency,Private capital (K<sub>t</sub>),3.58
82,Human-capital efficiency,Private capital (K<sub>t</sub>),3.696
83,Human-capital efficiency,Private capital (K<sub>t</sub>),3.81
84,Human-capital efficiency,Private capital (K<sub>t</sub>),3.923
85,Human-capital efficiency,Private capital (K<sub>t</sub>),4.035
86,Human-capital efficiency,Private capital (K<sub>t</sub>),4.146
87,Human-capital efficiency,Private capital (K<sub>t</sub>),4.256
88,Human-capital efficiency,Private capital (K<sub>t</sub>),4.364
89,Human-capital efficiency,Private capital (K<sub>t</sub>),4.472
90,Human-capital efficiency,Private capital (K<sub>t</sub>),4.577
91,Human-capital efficiency,Private capital (K<sub>t</sub>),4.682
92,Human-capital efficiency,Private capital (K<sub>t</sub>),4.785
93,Human-capital efficiency,Private capital (K<sub>t</sub>),4.887
94,Human-capital efficiency,Private capital (K<sub>t</sub>),4.987
95,Human-capital efficiency,Private capital (K<sub>t</sub>),5.087
96,Human-capital efficiency,Private capital (K<sub>t</sub>),5.184
97,Human-capital efficiency,Private capital (K<sub>t</sub>),5.281
98,Human-capital efficiency,Private capital (K<sub>t</sub>),5.375
99,Human-capital efficiency,Private capital (K<sub>t</sub>),5.469
100,Human-capital efficiency,Private capital (K<sub>t</sub>),5.561
1,Infrastructure efficiency,Labor supply (L<sub>t</sub>),2.172
2,Infrastructure efficiency,Labor supply (L<sub>t</sub>),-1.624
3,Infrastructure efficiency,Labor supply (L<sub>t</sub>),-1.362
4,Infrastructure efficiency,Labor supply (L<sub>t</sub>),-1.149
5,Infrastructure efficiency,Labor supply (L<sub>t</sub>),-0.966
6,Infrastructure efficiency,Labor supply (L<sub>t</sub>),-0.807
7,Infrastructure efficiency,Labor supply (L<sub>t</sub>),-0.667
8,Infrastructure efficiency,Labor supply (L<sub>t</sub>),-0.544
9,Infrastructure efficiency,Labor supply (L<sub>t</sub>),-0.437
10,Infrastructure efficiency,Labor supply (L<sub>t</sub>),-0.343
11,Infrastructure efficiency,Labor supply (L<sub>t</sub>),-0.261
12,Infrastructure efficiency,Labor supply (L<sub>t</sub>),-0.19
13,Infrastructure efficiency,Labor supply (L<sub>t</sub>),-0.129
14,Infrastructure efficiency,Labor supply (L<sub>t</sub>),-0.077
15,Infrastructure efficiency,Labor supply (L<sub>t</sub>),-0.032
16,Infrastructure efficiency,Labor supply (L<sub>t</sub>),0.005
17,Infrastructure efficiency,Labor supply (L<sub>t</sub>),0.036
18,Infrastructure efficiency,Labor supply (L<sub>t</sub>),0.061
19,Infrastructure efficiency,Labor supply (L<sub>t</sub>),0.081
20,Infrastructure efficiency,Labor supply (L<sub>t</sub>),0.097
21,Infrastructure efficiency,Labor supply (L<sub>t</sub>),0.108
22,Infrastructure efficiency,Labor supply (L<sub>t</sub>),0.116
23,Infrastructure efficiency,Labor supply (L<sub>t</sub>),0.121
24,Infrastructure efficiency,Labor supply (L<sub>t</sub>),0.123
25,Infrastructure efficiency,Labor supply (L<sub>t</sub>),0.123
26,Infrastructure efficiency,Labor supply (L<sub>t</sub>),0.12
27,Infrastructure efficiency,Labor supply (L<sub>t</sub>),0.116
28,Infrastructure efficiency,Labor supply (L<sub>t</sub>),0.11
29,Infrastructure efficiency,Labor supply (L<sub>t</sub>),0.102
30,Infrastructure efficiency,Labor supply (L<sub>t</sub>),0.093
31,Infrastructure efficiency,Labor supply (L<sub>t</sub>),0.083
32,Infrastructure efficiency,Labor supply (L<sub>t</sub>),0.073
33,Infrastructure efficiency,Labor supply (L<sub>t</sub>),0.061
34,Infrastructure efficiency,Labor supply (L<sub>t</sub>),0.049
35,Infrastructure efficiency,Labor supply (L<sub>t</sub>),0.036
36,Infrastructure efficiency,Labor supply (L<sub>t</sub>),0.022
37,Infrastructure efficiency,Labor supply (L<sub>t</sub>),0.009
38,Infrastructure efficiency,Labor supply (L<sub>t</sub>),-0.005
39,Infrastructure efficiency,Labor supply (L<sub>t</sub>),-0.019
40,Infrastructure efficiency,Labor supply (L<sub>t</sub>),-0.033
41,Infrastructure efficiency,Labor supply (L<sub>t</sub>),-0.048
42,Infrastructure efficiency,Labor supply (L<sub>t</sub>),-0.062
43,Infrastructure efficiency,Labor supply (L<sub>t</sub>),-0.076
44,Infrastructure efficiency,Labor supply (L<sub>t</sub>),-0.091
45,Infrastructure efficiency,Labor supply (L<sub>t</sub>),-0.105
46,Infrastructure efficiency,Labor supply (L<sub>t</sub>),-0.119
47,Infrastructure efficiency,Labor supply (L<sub>t</sub>),-0.133
48,Infrastructure efficiency,Labor supply (L<sub>t</sub>),-0.147
49,Infrastructure efficiency,Labor supply (L<sub>t</sub>),-0.16
50,Infrastructure efficiency,Labor supply (L<sub>t</sub>),-0.174
51,Infrastructure efficiency,Labor supply (L<sub>t</sub>),-0.187
52,Infrastructure efficiency,Labor supply (L<sub>t</sub>),-0.2
53,Infrastructure efficiency,Labor supply (L<sub>t</sub>),-0.212
54,Infrastructure efficiency,Labor supply (L<sub>t</sub>),-0.225
55,Infrastructure efficiency,Labor supply (L<sub>t</sub>),-0.237
56,Infrastructure efficiency,Labor supply (L<sub>t</sub>),-0.249
57,Infrastructure efficiency,Labor supply (L<sub>t</sub>),-0.26
58,Infrastructure efficiency,Labor supply (L<sub>t</sub>),-0.272
59,Infrastructure efficiency,Labor supply (L<sub>t</sub>),-0.283
60,Infrastructure efficiency,Labor supply (L<sub>t</sub>),-0.293
61,Infrastructure efficiency,Labor supply (L<sub>t</sub>),-0.304
62,Infrastructure efficiency,Labor supply (L<sub>t</sub>),-0.314
63,Infrastructure efficiency,Labor supply (L<sub>t</sub>),-0.324
64,Infrastructure efficiency,Labor supply (L<sub>t</sub>),-0.334
65,Infrastructure efficiency,Labor supply (L<sub>t</sub>),-0.343
66,Infrastructure efficiency,Labor supply (L<sub>t</sub>),-0.353
67,Infrastructure efficiency,Labor supply (L<sub>t</sub>),-0.362
68,Infrastructure efficiency,Labor supply (L<sub>t</sub>),-0.37
69,Infrastructure efficiency,Labor supply (L<sub>t</sub>),-0.379
70,Infrastructure efficiency,Labor supply (L<sub>t</sub>),-0.387
71,Infrastructure efficiency,Labor supply (L<sub>t</sub>),-0.395
72,Infrastructure efficiency,Labor supply (L<sub>t</sub>),-0.403
73,Infrastructure efficiency,Labor supply (L<sub>t</sub>),-0.41
74,Infrastructure efficiency,Labor supply (L<sub>t</sub>),-0.417
75,Infrastructure efficiency,Labor supply (L<sub>t</sub>),-0.424
76,Infrastructure efficiency,Labor supply (L<sub>t</sub>),-0.431
77,Infrastructure efficiency,Labor supply (L<sub>t</sub>),-0.438
78,Infrastructure efficiency,Labor supply (L<sub>t</sub>),-0.444
79,Infrastructure efficiency,Labor supply (L<sub>t</sub>),-0.45
80,Infrastructure efficiency,Labor supply (L<sub>t</sub>),-0.456
81,Infrastructure efficiency,Labor supply (L<sub>t</sub>),-0.462
82,Infrastructure efficiency,Labor supply (L<sub>t</sub>),-0.468
83,Infrastructure efficiency,Labor supply (L<sub>t</sub>),-0.473
84,Infrastructure efficiency,Labor supply (L<sub>t</sub>),-0.479
85,Infrastructure efficiency,Labor supply (L<sub>t</sub>),-0.484
86,Infrastructure efficiency,Labor supply (L<sub>t</sub>),-0.489
87,Infrastructure efficiency,Labor supply (L<sub>t</sub>),-0.494
88,Infrastructure efficiency,Labor supply (L<sub>t</sub>),-0.498
89,Infrastructure efficiency,Labor supply (L<sub>t</sub>),-0.503
90,Infrastructure efficiency,Labor supply (L<sub>t</sub>),-0.507
91,Infrastructure efficiency,Labor supply (L<sub>t</sub>),-0.511
92,Infrastructure efficiency,Labor supply (L<sub>t</sub>),-0.515
93,Infrastructure efficiency,Labor supply (L<sub>t</sub>),-0.519
94,Infrastructure efficiency,Labor supply (L<sub>t</sub>),-0.523
95,Infrastructure efficiency,Labor supply (L<sub>t</sub>),-0.527
96,Infrastructure efficiency,Labor supply (L<sub>t</sub>),-0.53
97,Infrastructure efficiency,Labor supply (L<sub>t</sub>),-0.534
98,Infrastructure efficiency,Labor supply (L<sub>t</sub>),-0.537
99,Infrastructure efficiency,Labor supply (L<sub>t</sub>),-0.54
100,Infrastructure efficiency,Labor supply (L<sub>t</sub>),-0.543
1,Human-capital efficiency,Labor supply (L<sub>t</sub>),2.755
2,Human-capital efficiency,Labor supply (L<sub>t</sub>),1.435
3,Human-capital efficiency,Labor supply (L<sub>t</sub>),1.262
4,Human-capital efficiency,Labor supply (L<sub>t</sub>),1.065
5,Human-capital efficiency,Labor supply (L<sub>t</sub>),0.875
6,Human-capital efficiency,Labor supply (L<sub>t</sub>),0.7
7,Human-capital efficiency,Labor supply (L<sub>t</sub>),0.541
8,Human-capital efficiency,Labor supply (L<sub>t</sub>),0.398
9,Human-capital efficiency,Labor supply (L<sub>t</sub>),0.27
10,Human-capital efficiency,Labor supply (L<sub>t</sub>),0.155
11,Human-capital efficiency,Labor supply (L<sub>t</sub>),0.053
12,Human-capital efficiency,Labor supply (L<sub>t</sub>),-0.038
13,Human-capital efficiency,Labor supply (L<sub>t</sub>),-0.119
14,Human-capital efficiency,Labor supply (L<sub>t</sub>),-0.19
15,Human-capital efficiency,Labor supply (L<sub>t</sub>),-0.253
16,Human-capital efficiency,Labor supply (L<sub>t</sub>),-0.308
17,Human-capital efficiency,Labor supply (L<sub>t</sub>),-0.357
18,Human-capital efficiency,Labor supply (L<sub>t</sub>),-0.399
19,Human-capital efficiency,Labor supply (L<sub>t</sub>),-0.436
20,Human-capital efficiency,Labor supply (L<sub>t</sub>),-0.468
21,Human-capital efficiency,Labor supply (L<sub>t</sub>),-0.495
22,Human-capital efficiency,Labor supply (L<sub>t</sub>),-0.518
23,Human-capital efficiency,Labor supply (L<sub>t</sub>),-0.537
24,Human-capital efficiency,Labor supply (L<sub>t</sub>),-0.553
25,Human-capital efficiency,Labor supply (L<sub>t</sub>),-0.567
26,Human-capital efficiency,Labor supply (L<sub>t</sub>),-0.577
27,Human-capital efficiency,Labor supply (L<sub>t</sub>),-0.585
28,Human-capital efficiency,Labor supply (L<sub>t</sub>),-0.592
29,Human-capital efficiency,Labor supply (L<sub>t</sub>),-0.596
30,Human-capital efficiency,Labor supply (L<sub>t</sub>),-0.599
31,Human-capital efficiency,Labor supply (L<sub>t</sub>),-0.601
32,Human-capital efficiency,Labor supply (L<sub>t</sub>),-0.601
33,Human-capital efficiency,Labor supply (L<sub>t</sub>),-0.6
34,Human-capital efficiency,Labor supply (L<sub>t</sub>),-0.599
35,Human-capital efficiency,Labor supply (L<sub>t</sub>),-0.596
36,Human-capital efficiency,Labor supply (L<sub>t</sub>),-0.593
37,Human-capital efficiency,Labor supply (L<sub>t</sub>),-0.59
38,Human-capital efficiency,Labor supply (L<sub>t</sub>),-0.586
39,Human-capital efficiency,Labor supply (L<sub>t</sub>),-0.581
40,Human-capital efficiency,Labor supply (L<sub>t</sub>),-0.577
41,Human-capital efficiency,Labor supply (L<sub>t</sub>),-0.572
42,Human-capital efficiency,Labor supply (L<sub>t</sub>),-0.566
43,Human-capital efficiency,Labor supply (L<sub>t</sub>),-0.561
44,Human-capital efficiency,Labor supply (L<sub>t</sub>),-0.556
45,Human-capital efficiency,Labor supply (L<sub>t</sub>),-0.551
46,Human-capital efficiency,Labor supply (L<sub>t</sub>),-0.545
47,Human-capital efficiency,Labor supply (L<sub>t</sub>),-0.54
48,Human-capital efficiency,Labor supply (L<sub>t</sub>),-0.535
49,Human-capital efficiency,Labor supply (L<sub>t</sub>),-0.529
50,Human-capital efficiency,Labor supply (L<sub>t</sub>),-0.524
51,Human-capital efficiency,Labor supply (L<sub>t</sub>),-0.519
52,Human-capital efficiency,Labor supply (L<sub>t</sub>),-0.515
53,Human-capital efficiency,Labor supply (L<sub>t</sub>),-0.51
54,Human-capital efficiency,Labor supply (L<sub>t</sub>),-0.505
55,Human-capital efficiency,Labor supply (L<sub>t</sub>),-0.501
56,Human-capital efficiency,Labor supply (L<sub>t</sub>),-0.497
57,Human-capital efficiency,Labor supply (L<sub>t</sub>),-0.493
58,Human-capital efficiency,Labor supply (L<sub>t</sub>),-0.489
59,Human-capital efficiency,Labor supply (L<sub>t</sub>),-0.485
60,Human-capital efficiency,Labor supply (L<sub>t</sub>),-0.481
61,Human-capital efficiency,Labor supply (L<sub>t</sub>),-0.478
62,Human-capital efficiency,Labor supply (L<sub>t</sub>),-0.475
63,Human-capital efficiency,Labor supply (L<sub>t</sub>),-0.472
64,Human-capital efficiency,Labor supply (L<sub>t</sub>),-0.469
65,Human-capital efficiency,Labor supply (L<sub>t</sub>),-0.466
66,Human-capital efficiency,Labor supply (L<sub>t</sub>),-0.464
67,Human-capital efficiency,Labor supply (L<sub>t</sub>),-0.461
68,Human-capital efficiency,Labor supply (L<sub>t</sub>),-0.459
69,Human-capital efficiency,Labor supply (L<sub>t</sub>),-0.457
70,Human-capital efficiency,Labor supply (L<sub>t</sub>),-0.455
71,Human-capital efficiency,Labor supply (L<sub>t</sub>),-0.453
72,Human-capital efficiency,Labor supply (L<sub>t</sub>),-0.452
73,Human-capital efficiency,Labor supply (L<sub>t</sub>),-0.45
74,Human-capital efficiency,Labor supply (L<sub>t</sub>),-0.449
75,Human-capital efficiency,Labor supply (L<sub>t</sub>),-0.447
76,Human-capital efficiency,Labor supply (L<sub>t</sub>),-0.446
77,Human-capital efficiency,Labor supply (L<sub>t</sub>),-0.445
78,Human-capital efficiency,Labor supply (L<sub>t</sub>),-0.444
79,Human-capital efficiency,Labor supply (L<sub>t</sub>),-0.443
80,Human-capital efficiency,Labor supply (L<sub>t</sub>),-0.443
81,Human-capital efficiency,Labor supply (L<sub>t</sub>),-0.442
82,Human-capital efficiency,Labor supply (L<sub>t</sub>),-0.441
83,Human-capital efficiency,Labor supply (L<sub>t</sub>),-0.441
84,Human-capital efficiency,Labor supply (L<sub>t</sub>),-0.44
85,Human-capital efficiency,Labor supply (L<sub>t</sub>),-0.44
86,Human-capital efficiency,Labor supply (L<sub>t</sub>),-0.44
87,Human-capital efficiency,Labor supply (L<sub>t</sub>),-0.44
88,Human-capital efficiency,Labor supply (L<sub>t</sub>),-0.44
89,Human-capital efficiency,Labor supply (L<sub>t</sub>),-0.44
90,Human-capital efficiency,Labor supply (L<sub>t</sub>),-0.44
91,Human-capital efficiency,Labor supply (L<sub>t</sub>),-0.44
92,Human-capital efficiency,Labor supply (L<sub>t</sub>),-0.44
93,Human-capital efficiency,Labor supply (L<sub>t</sub>),-0.44
94,Human-capital efficiency,Labor supply (L<sub>t</sub>),-0.44
95,Human-capital efficiency,Labor supply (L<sub>t</sub>),-0.441
96,Human-capital efficiency,Labor supply (L<sub>t</sub>),-0.441
97,Human-capital efficiency,Labor supply (L<sub>t</sub>),-0.441
98,Human-capital efficiency,Labor supply (L<sub>t</sub>),-0.442
99,Human-capital efficiency,Labor supply (L<sub>t</sub>),-0.442
100,Human-capital efficiency,Labor supply (L<sub>t</sub>),-0.443
1,Infrastructure efficiency,Human capital stock (H<sub>t</sub>),-0.058
2,Infrastructure efficiency,Human capital stock (H<sub>t</sub>),-0.036
3,Infrastructure efficiency,Human capital stock (H<sub>t</sub>),-0.02
4,Infrastructure efficiency,Human capital stock (H<sub>t</sub>),-0.009
5,Infrastructure efficiency,Human capital stock (H<sub>t</sub>),-0.001
6,Infrastructure efficiency,Human capital stock (H<sub>t</sub>),0.003
7,Infrastructure efficiency,Human capital stock (H<sub>t</sub>),0.004
8,Infrastructure efficiency,Human capital stock (H<sub>t</sub>),0.003
9,Infrastructure efficiency,Human capital stock (H<sub>t</sub>),0.0
10,Infrastructure efficiency,Human capital stock (H<sub>t</sub>),-0.004
11,Infrastructure efficiency,Human capital stock (H<sub>t</sub>),-0.011
12,Infrastructure efficiency,Human capital stock (H<sub>t</sub>),-0.018
13,Infrastructure efficiency,Human capital stock (H<sub>t</sub>),-0.027
14,Infrastructure efficiency,Human capital stock (H<sub>t</sub>),-0.037
15,Infrastructure efficiency,Human capital stock (H<sub>t</sub>),-0.047
16,Infrastructure efficiency,Human capital stock (H<sub>t</sub>),-0.058
17,Infrastructure efficiency,Human capital stock (H<sub>t</sub>),-0.07
18,Infrastructure efficiency,Human capital stock (H<sub>t</sub>),-0.081
19,Infrastructure efficiency,Human capital stock (H<sub>t</sub>),-0.093
20,Infrastructure efficiency,Human capital stock (H<sub>t</sub>),-0.105
21,Infrastructure efficiency,Human capital stock (H<sub>t</sub>),-0.118
22,Infrastructure efficiency,Human capital stock (H<sub>t</sub>),-0.13
23,Infrastructure efficiency,Human capital stock (H<sub>t</sub>),-0.142
24,Infrastructure efficiency,Human capital stock (H<sub>t</sub>),-0.154
25,Infrastructure efficiency,Human capital stock (H<sub>t</sub>),-0.166
26,Infrastructure efficiency,Human capital stock (H<sub>t</sub>),-0.177
27,Infrastructure efficiency,Human capital stock (H<sub>t</sub>),-0.189
28,Infrastructure efficiency,Human capital stock (H<sub>t</sub>),-0.2
29,Infrastructure efficiency,Human capital stock (H<sub>t</sub>),-0.211
30,Infrastructure efficiency,Human capital stock (H<sub>t</sub>),-0.221
31,Infrastructure efficiency,Human capital stock (H<sub>t</sub>),-0.231
32,Infrastructure efficiency,Human capital stock (H<sub>t</sub>),-0.241
33,Infrastructure efficiency,Human capital stock (H<sub>t</sub>),-0.251
34,Infrastructure efficiency,Human capital stock (H<sub>t</sub>),-0.26
35,Infrastructure efficiency,Human capital stock (H<sub>t</sub>),-0.269
36,Infrastructure efficiency,Human capital stock (H<sub>t</sub>),-0.277
37,Infrastructure efficiency,Human capital stock (H<sub>t</sub>),-0.285
38,Infrastructure efficiency,Human capital stock (H<sub>t</sub>),-0.293
39,Infrastructure efficiency,Human capital stock (H<sub>t</sub>),-0.301
40,Infrastructure efficiency,Human capital stock (H<sub>t</sub>),-0.308
41,Infrastructure efficiency,Human capital stock (H<sub>t</sub>),-0.315
42,Infrastructure efficiency,Human capital stock (H<sub>t</sub>),-0.321
43,Infrastructure efficiency,Human capital stock (H<sub>t</sub>),-0.327
44,Infrastructure efficiency,Human capital stock (H<sub>t</sub>),-0.333
45,Infrastructure efficiency,Human capital stock (H<sub>t</sub>),-0.339
46,Infrastructure efficiency,Human capital stock (H<sub>t</sub>),-0.344
47,Infrastructure efficiency,Human capital stock (H<sub>t</sub>),-0.349
48,Infrastructure efficiency,Human capital stock (H<sub>t</sub>),-0.353
49,Infrastructure efficiency,Human capital stock (H<sub>t</sub>),-0.358
50,Infrastructure efficiency,Human capital stock (H<sub>t</sub>),-0.362
51,Infrastructure efficiency,Human capital stock (H<sub>t</sub>),-0.366
52,Infrastructure efficiency,Human capital stock (H<sub>t</sub>),-0.369
53,Infrastructure efficiency,Human capital stock (H<sub>t</sub>),-0.373
54,Infrastructure efficiency,Human capital stock (H<sub>t</sub>),-0.376
55,Infrastructure efficiency,Human capital stock (H<sub>t</sub>),-0.379
56,Infrastructure efficiency,Human capital stock (H<sub>t</sub>),-0.381
57,Infrastructure efficiency,Human capital stock (H<sub>t</sub>),-0.384
58,Infrastructure efficiency,Human capital stock (H<sub>t</sub>),-0.386
59,Infrastructure efficiency,Human capital stock (H<sub>t</sub>),-0.388
60,Infrastructure efficiency,Human capital stock (H<sub>t</sub>),-0.39
61,Infrastructure efficiency,Human capital stock (H<sub>t</sub>),-0.392
62,Infrastructure efficiency,Human capital stock (H<sub>t</sub>),-0.393
63,Infrastructure efficiency,Human capital stock (H<sub>t</sub>),-0.395
64,Infrastructure efficiency,Human capital stock (H<sub>t</sub>),-0.396
65,Infrastructure efficiency,Human capital stock (H<sub>t</sub>),-0.397
66,Infrastructure efficiency,Human capital stock (H<sub>t</sub>),-0.398
67,Infrastructure efficiency,Human capital stock (H<sub>t</sub>),-0.399
68,Infrastructure efficiency,Human capital stock (H<sub>t</sub>),-0.399
69,Infrastructure efficiency,Human capital stock (H<sub>t</sub>),-0.4
70,Infrastructure efficiency,Human capital stock (H<sub>t</sub>),-0.4
71,Infrastructure efficiency,Human capital stock (H<sub>t</sub>),-0.401
72,Infrastructure efficiency,Human capital stock (H<sub>t</sub>),-0.401
73,Infrastructure efficiency,Human capital stock (H<sub>t</sub>),-0.401
74,Infrastructure efficiency,Human capital stock (H<sub>t</sub>),-0.401
75,Infrastructure efficiency,Human capital stock (H<sub>t</sub>),-0.401
76,Infrastructure efficiency,Human capital stock (H<sub>t</sub>),-0.401
77,Infrastructure efficiency,Human capital stock (H<sub>t</sub>),-0.401
78,Infrastructure efficiency,Human capital stock (H<sub>t</sub>),-0.401
79,Infrastructure efficiency,Human capital stock (H<sub>t</sub>),-0.4
80,Infrastructure efficiency,Human capital stock (H<sub>t</sub>),-0.4
81,Infrastructure efficiency,Human capital stock (H<sub>t</sub>),-0.4
82,Infrastructure efficiency,Human capital stock (H<sub>t</sub>),-0.399
83,Infrastructure efficiency,Human capital stock (H<sub>t</sub>),-0.399
84,Infrastructure efficiency,Human capital stock (H<sub>t</sub>),-0.398
85,Infrastructure efficiency,Human capital stock (H<sub>t</sub>),-0.397
86,Infrastructure efficiency,Human capital stock (H<sub>t</sub>),-0.397
87,Infrastructure efficiency,Human capital stock (H<sub>t</sub>),-0.396
88,Infrastructure efficiency,Human capital stock (H<sub>t</sub>),-0.395
89,Infrastructure efficiency,Human capital stock (H<sub>t</sub>),-0.394
90,Infrastructure efficiency,Human capital stock (H<sub>t</sub>),-0.394
91,Infrastructure efficiency,Human capital stock (H<sub>t</sub>),-0.393
92,Infrastructure efficiency,Human capital stock (H<sub>t</sub>),-0.392
93,Infrastructure efficiency,Human capital stock (H<sub>t</sub>),-0.391
94,Infrastructure efficiency,Human capital stock (H<sub>t</sub>),-0.39
95,Infrastructure efficiency,Human capital stock (H<sub>t</sub>),-0.389
96,Infrastructure efficiency,Human capital stock (H<sub>t</sub>),-0.388
97,Infrastructure efficiency,Human capital stock (H<sub>t</sub>),-0.387
98,Infrastructure efficiency,Human capital stock (H<sub>t</sub>),-0.386
99,Infrastructure efficiency,Human capital stock (H<sub>t</sub>),-0.385
100,Infrastructure efficiency,Human capital stock (H<sub>t</sub>),-0.385
1,Human-capital efficiency,Human capital stock (H<sub>t</sub>),-0.081
2,Human-capital efficiency,Human capital stock (H<sub>t</sub>),-0.119
3,Human-capital efficiency,Human capital stock (H<sub>t</sub>),-0.14
4,Human-capital efficiency,Human capital stock (H<sub>t</sub>),-0.145
5,Human-capital efficiency,Human capital stock (H<sub>t</sub>),-0.135
6,Human-capital efficiency,Human capital stock (H<sub>t</sub>),-0.111
7,Human-capital efficiency,Human capital stock (H<sub>t</sub>),-0.074
8,Human-capital efficiency,Human capital stock (H<sub>t</sub>),-0.025
9,Human-capital efficiency,Human capital stock (H<sub>t</sub>),0.034
10,Human-capital efficiency,Human capital stock (H<sub>t</sub>),0.103
11,Human-capital efficiency,Human capital stock (H<sub>t</sub>),0.181
12,Human-capital efficiency,Human capital stock (H<sub>t</sub>),0.267
13,Human-capital efficiency,Human capital stock (H<sub>t</sub>),0.36
14,Human-capital efficiency,Human capital stock (H<sub>t</sub>),0.459
15,Human-capital efficiency,Human capital stock (H<sub>t</sub>),0.564
16,Human-capital efficiency,Human capital stock (H<sub>t</sub>),0.674
17,Human-capital efficiency,Human capital stock (H<sub>t</sub>),0.789
18,Human-capital efficiency,Human capital stock (H<sub>t</sub>),0.907
19,Human-capital efficiency,Human capital stock (H<sub>t</sub>),1.029
20,Human-capital efficiency,Human capital stock (H<sub>t</sub>),1.154
21,Human-capital efficiency,Human capital stock (H<sub>t</sub>),1.282
22,Human-capital efficiency,Human capital stock (H<sub>t</sub>),1.412
23,Human-capital efficiency,Human capital stock (H<sub>t</sub>),1.544
24,Human-capital efficiency,Human capital stock (H<sub>t</sub>),1.677
25,Human-capital efficiency,Human capital stock (H<sub>t</sub>),1.811
26,Human-capital efficiency,Human capital stock (H<sub>t</sub>),1.947
27,Human-capital efficiency,Human capital stock (H<sub>t</sub>),2.083
28,Human-capital efficiency,Human capital stock (H<sub>t</sub>),2.219
29,Human-capital efficiency,Human capital stock (H<sub>t</sub>),2.356
30,Human-capital efficiency,Human capital stock (H<sub>t</sub>),2.492
31,Human-capital efficiency,Human capital stock (H<sub>t</sub>),2.629
32,Human-capital efficiency,Human capital stock (H<sub>t</sub>),2.765
33,Human-capital efficiency,Human capital stock (H<sub>t</sub>),2.9
34,Human-capital efficiency,Human capital stock (H<sub>t</sub>),3.035
35,Human-capital efficiency,Human capital stock (H<sub>t</sub>),3.169
36,Human-capital efficiency,Human capital stock (H<sub>t</sub>),3.302
37,Human-capital efficiency,Human capital stock (H<sub>t</sub>),3.434
38,Human-capital efficiency,Human capital stock (H<sub>t</sub>),3.565
39,Human-capital efficiency,Human capital stock (H<sub>t</sub>),3.695
40,Human-capital efficiency,Human capital stock (H<sub>t</sub>),3.824
41,Human-capital efficiency,Human capital stock (H<sub>t</sub>),3.951
42,Human-capital efficiency,Human capital stock (H<sub>t</sub>),4.076
43,Human-capital efficiency,Human capital stock (H<sub>t</sub>),4.201
44,Human-capital efficiency,Human capital stock (H<sub>t</sub>),4.324
45,Human-capital efficiency,Human capital stock (H<sub>t</sub>),4.445
46,Human-capital efficiency,Human capital stock (H<sub>t</sub>),4.564
47,Human-capital efficiency,Human capital stock (H<sub>t</sub>),4.682
48,Human-capital efficiency,Human capital stock (H<sub>t</sub>),4.798
49,Human-capital efficiency,Human capital stock (H<sub>t</sub>),4.913
50,Human-capital efficiency,Human capital stock (H<sub>t</sub>),5.026
51,Human-capital efficiency,Human capital stock (H<sub>t</sub>),5.137
52,Human-capital efficiency,Human capital stock (H<sub>t</sub>),5.246
53,Human-capital efficiency,Human capital stock (H<sub>t</sub>),5.354
54,Human-capital efficiency,Human capital stock (H<sub>t</sub>),5.46
55,Human-capital efficiency,Human capital stock (H<sub>t</sub>),5.564
56,Human-capital efficiency,Human capital stock (H<sub>t</sub>),5.666
57,Human-capital efficiency,Human capital stock (H<sub>t</sub>),5.767
58,Human-capital efficiency,Human capital stock (H<sub>t</sub>),5.866
59,Human-capital efficiency,Human capital stock (H<sub>t</sub>),5.963
60,Human-capital efficiency,Human capital stock (H<sub>t</sub>),6.058
61,Human-capital efficiency,Human capital stock (H<sub>t</sub>),6.152
62,Human-capital efficiency,Human capital stock (H<sub>t</sub>),6.243
63,Human-capital efficiency,Human capital stock (H<sub>t</sub>),6.334
64,Human-capital efficiency,Human capital stock (H<sub>t</sub>),6.422
65,Human-capital efficiency,Human capital stock (H<sub>t</sub>),6.509
66,Human-capital efficiency,Human capital stock (H<sub>t</sub>),6.594
67,Human-capital efficiency,Human capital stock (H<sub>t</sub>),6.677
68,Human-capital efficiency,Human capital stock (H<sub>t</sub>),6.759
69,Human-capital efficiency,Human capital stock (H<sub>t</sub>),6.839
70,Human-capital efficiency,Human capital stock (H<sub>t</sub>),6.918
71,Human-capital efficiency,Human capital stock (H<sub>t</sub>),6.995
72,Human-capital efficiency,Human capital stock (H<sub>t</sub>),7.07
73,Human-capital efficiency,Human capital stock (H<sub>t</sub>),7.144
74,Human-capital efficiency,Human capital stock (H<sub>t</sub>),7.216
75,Human-capital efficiency,Human capital stock (H<sub>t</sub>),7.287
76,Human-capital efficiency,Human capital stock (H<sub>t</sub>),7.356
77,Human-capital efficiency,Human capital stock (H<sub>t</sub>),7.424
78,Human-capital efficiency,Human capital stock (H<sub>t</sub>),7.491
79,Human-capital efficiency,Human capital stock (H<sub>t</sub>),7.556
80,Human-capital efficiency,Human capital stock (H<sub>t</sub>),7.619
81,Human-capital efficiency,Human capital stock (H<sub>t</sub>),7.682
82,Human-capital efficiency,Human capital stock (H<sub>t</sub>),7.743
83,Human-capital efficiency,Human capital stock (H<sub>t</sub>),7.802
84,Human-capital efficiency,Human capital stock (H<sub>t</sub>),7.861
85,Human-capital efficiency,Human capital stock (H<sub>t</sub>),7.918
86,Human-capital efficiency,Human capital stock (H<sub>t</sub>),7.973
87,Human-capital efficiency,Human capital stock (H<sub>t</sub>),8.028
88,Human-capital efficiency,Human capital stock (H<sub>t</sub>),8.081
89,Human-capital efficiency,Human capital stock (H<sub>t</sub>),8.133
90,Human-capital efficiency,Human capital stock (H<sub>t</sub>),8.184
91,Human-capital efficiency,Human capital stock (H<sub>t</sub>),8.234
92,Human-capital efficiency,Human capital stock (H<sub>t</sub>),8.283
93,Human-capital efficiency,Human capital stock (H<sub>t</sub>),8.33
94,Human-capital efficiency,Human capital stock (H<sub>t</sub>),8.377
95,Human-capital efficiency,Human capital stock (H<sub>t</sub>),8.422
96,Human-capital efficiency,Human capital stock (H<sub>t</sub>),8.466
97,Human-capital efficiency,Human capital stock (H<sub>t</sub>),8.51
98,Human-capital efficiency,Human capital stock (H<sub>t</sub>),8.552
99,Human-capital efficiency,Human capital stock (H<sub>t</sub>),8.593
100,Human-capital efficiency,Human capital stock (H<sub>t</sub>),8.634
1,Infrastructure efficiency,Effective labor (N<sub>t</sub>),2.172
2,Infrastructure efficiency,Effective labor (N<sub>t</sub>),-1.681
3,Infrastructure efficiency,Effective labor (N<sub>t</sub>),-1.398
4,Infrastructure efficiency,Effective labor (N<sub>t</sub>),-1.169
5,Infrastructure efficiency,Effective labor (N<sub>t</sub>),-0.975
6,Infrastructure efficiency,Effective labor (N<sub>t</sub>),-0.808
7,Infrastructure efficiency,Effective labor (N<sub>t</sub>),-0.664
8,Infrastructure efficiency,Effective labor (N<sub>t</sub>),-0.54
9,Infrastructure efficiency,Effective labor (N<sub>t</sub>),-0.433
10,Infrastructure efficiency,Effective labor (N<sub>t</sub>),-0.342
11,Infrastructure efficiency,Effective labor (N<sub>t</sub>),-0.265
12,Infrastructure efficiency,Effective labor (N<sub>t</sub>),-0.201
13,Infrastructure efficiency,Effective labor (N<sub>t</sub>),-0.147
14,Infrastructure efficiency,Effective labor (N<sub>t</sub>),-0.104
15,Infrastructure efficiency,Effective labor (N<sub>t</sub>),-0.069
16,Infrastructure efficiency,Effective labor (N<sub>t</sub>),-0.043
17,Infrastructure efficiency,Effective labor (N<sub>t</sub>),-0.023
18,Infrastructure efficiency,Effective labor (N<sub>t</sub>),-0.009
19,Infrastructure efficiency,Effective labor (N<sub>t</sub>),-0.0
20,Infrastructure efficiency,Effective labor (N<sub>t</sub>),0.003
21,Infrastructure efficiency,Effective labor (N<sub>t</sub>),0.003
22,Infrastructure efficiency,Effective labor (N<sub>t</sub>),-0.001
23,Infrastructure efficiency,Effective labor (N<sub>t</sub>),-0.009
24,Infrastructure efficiency,Effective labor (N<sub>t</sub>),-0.019
25,Infrastructure efficiency,Effective labor (N<sub>t</sub>),-0.031
26,Infrastructure efficiency,Effective labor (N<sub>t</sub>),-0.046
27,Infrastructure efficiency,Effective labor (N<sub>t</sub>),-0.062
28,Infrastructure efficiency,Effective labor (N<sub>t</sub>),-0.079
29,Infrastructure efficiency,Effective labor (N<sub>t</sub>),-0.098
30,Infrastructure efficiency,Effective labor (N<sub>t</sub>),-0.117
31,Infrastructure efficiency,Effective labor (N<sub>t</sub>),-0.138
32,Infrastructure efficiency,Effective labor (N<sub>t</sub>),-0.159
33,Infrastructure efficiency,Effective labor (N<sub>t</sub>),-0.18
34,Infrastructure efficiency,Effective labor (N<sub>t</sub>),-0.202
35,Infrastructure efficiency,Effective labor (N<sub>t</sub>),-0.224
36,Infrastructure efficiency,Effective labor (N<sub>t</sub>),-0.246
37,Infrastructure efficiency,Effective labor (N<sub>t</sub>),-0.269
38,Infrastructure efficiency,Effective labor (N<sub>t</sub>),-0.291
39,Infrastructure efficiency,Effective labor (N<sub>t</sub>),-0.312
40,Infrastructure efficiency,Effective labor (N<sub>t</sub>),-0.334
41,Infrastructure efficiency,Effective labor (N<sub>t</sub>),-0.356
42,Infrastructure efficiency,Effective labor (N<sub>t</sub>),-0.377
43,Infrastructure efficiency,Effective labor (N<sub>t</sub>),-0.397
44,Infrastructure efficiency,Effective labor (N<sub>t</sub>),-0.418
45,Infrastructure efficiency,Effective labor (N<sub>t</sub>),-0.438
46,Infrastructure efficiency,Effective labor (N<sub>t</sub>),-0.457
47,Infrastructure efficiency,Effective labor (N<sub>t</sub>),-0.476
48,Infrastructure efficiency,Effective labor (N<sub>t</sub>),-0.495
49,Infrastructure efficiency,Effective labor (N<sub>t</sub>),-0.513
50,Infrastructure efficiency,Effective labor (N<sub>t</sub>),-0.531
51,Infrastructure efficiency,Effective labor (N<sub>t</sub>),-0.548
52,Infrastructure efficiency,Effective labor (N<sub>t</sub>),-0.564
53,Infrastructure efficiency,Effective labor (N<sub>t</sub>),-0.581
54,Infrastructure efficiency,Effective labor (N<sub>t</sub>),-0.596
55,Infrastructure efficiency,Effective labor (N<sub>t</sub>),-0.612
56,Infrastructure efficiency,Effective labor (N<sub>t</sub>),-0.626
57,Infrastructure efficiency,Effective labor (N<sub>t</sub>),-0.64
58,Infrastructure efficiency,Effective labor (N<sub>t</sub>),-0.654
59,Infrastructure efficiency,Effective labor (N<sub>t</sub>),-0.667
60,Infrastructure efficiency,Effective labor (N<sub>t</sub>),-0.68
61,Infrastructure efficiency,Effective labor (N<sub>t</sub>),-0.693
62,Infrastructure efficiency,Effective labor (N<sub>t</sub>),-0.705
63,Infrastructure efficiency,Effective labor (N<sub>t</sub>),-0.716
64,Infrastructure efficiency,Effective labor (N<sub>t</sub>),-0.727
65,Infrastructure efficiency,Effective labor (N<sub>t</sub>),-0.738
66,Infrastructure efficiency,Effective labor (N<sub>t</sub>),-0.748
67,Infrastructure efficiency,Effective labor (N<sub>t</sub>),-0.758
68,Infrastructure efficiency,Effective labor (N<sub>t</sub>),-0.767
69,Infrastructure efficiency,Effective labor (N<sub>t</sub>),-0.776
70,Infrastructure efficiency,Effective labor (N<sub>t</sub>),-0.785
71,Infrastructure efficiency,Effective labor (N<sub>t</sub>),-0.794
72,Infrastructure efficiency,Effective labor (N<sub>t</sub>),-0.802
73,Infrastructure efficiency,Effective labor (N<sub>t</sub>),-0.809
74,Infrastructure efficiency,Effective labor (N<sub>t</sub>),-0.817
75,Infrastructure efficiency,Effective labor (N<sub>t</sub>),-0.824
76,Infrastructure efficiency,Effective labor (N<sub>t</sub>),-0.831
77,Infrastructure efficiency,Effective labor (N<sub>t</sub>),-0.837
78,Infrastructure efficiency,Effective labor (N<sub>t</sub>),-0.843
79,Infrastructure efficiency,Effective labor (N<sub>t</sub>),-0.849
80,Infrastructure efficiency,Effective labor (N<sub>t</sub>),-0.855
81,Infrastructure efficiency,Effective labor (N<sub>t</sub>),-0.86
82,Infrastructure efficiency,Effective labor (N<sub>t</sub>),-0.866
83,Infrastructure efficiency,Effective labor (N<sub>t</sub>),-0.871
84,Infrastructure efficiency,Effective labor (N<sub>t</sub>),-0.875
85,Infrastructure efficiency,Effective labor (N<sub>t</sub>),-0.88
86,Infrastructure efficiency,Effective labor (N<sub>t</sub>),-0.884
87,Infrastructure efficiency,Effective labor (N<sub>t</sub>),-0.888
88,Infrastructure efficiency,Effective labor (N<sub>t</sub>),-0.892
89,Infrastructure efficiency,Effective labor (N<sub>t</sub>),-0.896
90,Infrastructure efficiency,Effective labor (N<sub>t</sub>),-0.899
91,Infrastructure efficiency,Effective labor (N<sub>t</sub>),-0.903
92,Infrastructure efficiency,Effective labor (N<sub>t</sub>),-0.906
93,Infrastructure efficiency,Effective labor (N<sub>t</sub>),-0.909
94,Infrastructure efficiency,Effective labor (N<sub>t</sub>),-0.912
95,Infrastructure efficiency,Effective labor (N<sub>t</sub>),-0.915
96,Infrastructure efficiency,Effective labor (N<sub>t</sub>),-0.917
97,Infrastructure efficiency,Effective labor (N<sub>t</sub>),-0.92
98,Infrastructure efficiency,Effective labor (N<sub>t</sub>),-0.922
99,Infrastructure efficiency,Effective labor (N<sub>t</sub>),-0.925
100,Infrastructure efficiency,Effective labor (N<sub>t</sub>),-0.927
1,Human-capital efficiency,Effective labor (N<sub>t</sub>),2.755
2,Human-capital efficiency,Effective labor (N<sub>t</sub>),1.353
3,Human-capital efficiency,Effective labor (N<sub>t</sub>),1.142
4,Human-capital efficiency,Effective labor (N<sub>t</sub>),0.924
5,Human-capital efficiency,Effective labor (N<sub>t</sub>),0.728
6,Human-capital efficiency,Effective labor (N<sub>t</sub>),0.564
7,Human-capital efficiency,Effective labor (N<sub>t</sub>),0.429
8,Human-capital efficiency,Effective labor (N<sub>t</sub>),0.324
9,Human-capital efficiency,Effective labor (N<sub>t</sub>),0.245
10,Human-capital efficiency,Effective labor (N<sub>t</sub>),0.19
11,Human-capital efficiency,Effective labor (N<sub>t</sub>),0.157
12,Human-capital efficiency,Effective labor (N<sub>t</sub>),0.143
13,Human-capital efficiency,Effective labor (N<sub>t</sub>),0.148
14,Human-capital efficiency,Effective labor (N<sub>t</sub>),0.169
15,Human-capital efficiency,Effective labor (N<sub>t</sub>),0.205
16,Human-capital efficiency,Effective labor (N<sub>t</sub>),0.254
17,Human-capital efficiency,Effective labor (N<sub>t</sub>),0.315
18,Human-capital efficiency,Effective labor (N<sub>t</sub>),0.386
19,Human-capital efficiency,Effective labor (N<sub>t</sub>),0.467
20,Human-capital efficiency,Effective labor (N<sub>t</sub>),0.557
21,Human-capital efficiency,Effective labor (N<sub>t</sub>),0.654
22,Human-capital efficiency,Effective labor (N<sub>t</sub>),0.758
23,Human-capital efficiency,Effective labor (N<sub>t</sub>),0.867
24,Human-capital efficiency,Effective labor (N<sub>t</sub>),0.982
25,Human-capital efficiency,Effective labor (N<sub>t</sub>),1.101
26,Human-capital efficiency,Effective labor (N<sub>t</sub>),1.224
27,Human-capital efficiency,Effective labor (N<sub>t</sub>),1.35
28,Human-capital efficiency,Effective labor (N<sub>t</sub>),1.479
29,Human-capital efficiency,Effective labor (N<sub>t</sub>),1.61
30,Human-capital efficiency,Effective labor (N<sub>t</sub>),1.742
31,Human-capital efficiency,Effective labor (N<sub>t</sub>),1.877
32,Human-capital efficiency,Effective labor (N<sub>t</sub>),2.012
33,Human-capital efficiency,Effective labor (N<sub>t</sub>),2.148
34,Human-capital efficiency,Effective labor (N<sub>t</sub>),2.284
35,Human-capital efficiency,Effective labor (N<sub>t</sub>),2.421
36,Human-capital efficiency,Effective labor (N<sub>t</sub>),2.557
37,Human-capital efficiency,Effective labor (N<sub>t</sub>),2.693
38,Human-capital efficiency,Effective labor (N<sub>t</sub>),2.829
39,Human-capital efficiency,Effective labor (N<sub>t</sub>),2.963
40,Human-capital efficiency,Effective labor (N<sub>t</sub>),3.097
41,Human-capital efficiency,Effective labor (N<sub>t</sub>),3.23
42,Human-capital efficiency,Effective labor (N<sub>t</sub>),3.362
43,Human-capital efficiency,Effective labor (N<sub>t</sub>),3.492
44,Human-capital efficiency,Effective labor (N<sub>t</sub>),3.621
45,Human-capital efficiency,Effective labor (N<sub>t</sub>),3.749
46,Human-capital efficiency,Effective labor (N<sub>t</sub>),3.875
47,Human-capital efficiency,Effective labor (N<sub>t</sub>),4.0
48,Human-capital efficiency,Effective labor (N<sub>t</sub>),4.122
49,Human-capital efficiency,Effective labor (N<sub>t</sub>),4.244
50,Human-capital efficiency,Effective labor (N<sub>t</sub>),4.363
51,Human-capital efficiency,Effective labor (N<sub>t</sub>),4.48
52,Human-capital efficiency,Effective labor (N<sub>t</sub>),4.596
53,Human-capital efficiency,Effective labor (N<sub>t</sub>),4.71
54,Human-capital efficiency,Effective labor (N<sub>t</sub>),4.822
55,Human-capital efficiency,Effective labor (N<sub>t</sub>),4.932
56,Human-capital efficiency,Effective labor (N<sub>t</sub>),5.04
57,Human-capital efficiency,Effective labor (N<sub>t</sub>),5.146
58,Human-capital efficiency,Effective labor (N<sub>t</sub>),5.25
59,Human-capital efficiency,Effective labor (N<sub>t</sub>),5.352
60,Human-capital efficiency,Effective labor (N<sub>t</sub>),5.453
61,Human-capital efficiency,Effective labor (N<sub>t</sub>),5.551
62,Human-capital efficiency,Effective labor (N<sub>t</sub>),5.648
63,Human-capital efficiency,Effective labor (N<sub>t</sub>),5.742
64,Human-capital efficiency,Effective labor (N<sub>t</sub>),5.835
65,Human-capital efficiency,Effective labor (N<sub>t</sub>),5.926
66,Human-capital efficiency,Effective labor (N<sub>t</sub>),6.015
67,Human-capital efficiency,Effective labor (N<sub>t</sub>),6.102
68,Human-capital efficiency,Effective labor (N<sub>t</sub>),6.188
69,Human-capital efficiency,Effective labor (N<sub>t</sub>),6.271
70,Human-capital efficiency,Effective labor (N<sub>t</sub>),6.353
71,Human-capital efficiency,Effective labor (N<sub>t</sub>),6.433
72,Human-capital efficiency,Effective labor (N<sub>t</sub>),6.512
73,Human-capital efficiency,Effective labor (N<sub>t</sub>),6.588
74,Human-capital efficiency,Effective labor (N<sub>t</sub>),6.663
75,Human-capital efficiency,Effective labor (N<sub>t</sub>),6.737
76,Human-capital efficiency,Effective labor (N<sub>t</sub>),6.808
77,Human-capital efficiency,Effective labor (N<sub>t</sub>),6.879
78,Human-capital efficiency,Effective labor (N<sub>t</sub>),6.947
79,Human-capital efficiency,Effective labor (N<sub>t</sub>),7.014
80,Human-capital efficiency,Effective labor (N<sub>t</sub>),7.08
81,Human-capital efficiency,Effective labor (N<sub>t</sub>),7.144
82,Human-capital efficiency,Effective labor (N<sub>t</sub>),7.206
83,Human-capital efficiency,Effective labor (N<sub>t</sub>),7.268
84,Human-capital efficiency,Effective labor (N<sub>t</sub>),7.327
85,Human-capital efficiency,Effective labor (N<sub>t</sub>),7.386
86,Human-capital efficiency,Effective labor (N<sub>t</sub>),7.443
87,Human-capital efficiency,Effective labor (N<sub>t</sub>),7.498
88,Human-capital efficiency,Effective labor (N<sub>t</sub>),7.553
89,Human-capital efficiency,Effective labor (N<sub>t</sub>),7.606
90,Human-capital efficiency,Effective labor (N<sub>t</sub>),7.658
91,Human-capital efficiency,Effective labor (N<sub>t</sub>),7.708
92,Human-capital efficiency,Effective labor (N<sub>t</sub>),7.758
93,Human-capital efficiency,Effective labor (N<sub>t</sub>),7.806
94,Human-capital efficiency,Effective labor (N<sub>t</sub>),7.853
95,Human-capital efficiency,Effective labor (N<sub>t</sub>),7.899
96,Human-capital efficiency,Effective labor (N<sub>t</sub>),7.944
97,Human-capital efficiency,Effective labor (N<sub>t</sub>),7.988
98,Human-capital efficiency,Effective labor (N<sub>t</sub>),8.03
99,Human-capital efficiency,Effective labor (N<sub>t</sub>),8.072
100,Human-capital efficiency,Effective labor (N<sub>t</sub>),8.113
1,Infrastructure efficiency,Education time (E<sub>t</sub>),-4.549
2,Infrastructure efficiency,Education time (E<sub>t</sub>),1.598
3,Infrastructure efficiency,Education time (E<sub>t</sub>),1.195
4,Infrastructure efficiency,Education time (E<sub>t</sub>),0.869
5,Infrastructure efficiency,Education time (E<sub>t</sub>),0.589
6,Infrastructure efficiency,Education time (E<sub>t</sub>),0.344
7,Infrastructure efficiency,Education time (E<sub>t</sub>),0.126
8,Infrastructure efficiency,Education time (E<sub>t</sub>),-0.066
9,Infrastructure efficiency,Education time (E<sub>t</sub>),-0.236
10,Infrastructure efficiency,Education time (E<sub>t</sub>),-0.386
11,Infrastructure efficiency,Education time (E<sub>t</sub>),-0.518
12,Infrastructure efficiency,Education time (E<sub>t</sub>),-0.634
13,Infrastructure efficiency,Education time (E<sub>t</sub>),-0.736
14,Infrastructure efficiency,Education time (E<sub>t</sub>),-0.825
15,Infrastructure efficiency,Education time (E<sub>t</sub>),-0.902
16,Infrastructure efficiency,Education time (E<sub>t</sub>),-0.969
17,Infrastructure efficiency,Education time (E<sub>t</sub>),-1.026
18,Infrastructure efficiency,Education time (E<sub>t</sub>),-1.076
19,Infrastructure efficiency,Education time (E<sub>t</sub>),-1.117
20,Infrastructure efficiency,Education time (E<sub>t</sub>),-1.152
21,Infrastructure efficiency,Education time (E<sub>t</sub>),-1.181
22,Infrastructure efficiency,Education time (E<sub>t</sub>),-1.204
23,Infrastructure efficiency,Education time (E<sub>t</sub>),-1.223
24,Infrastructure efficiency,Education time (E<sub>t</sub>),-1.238
25,Infrastructure efficiency,Education time (E<sub>t</sub>),-1.249
26,Infrastructure efficiency,Education time (E<sub>t</sub>),-1.256
27,Infrastructure efficiency,Education time (E<sub>t</sub>),-1.26
28,Infrastructure efficiency,Education time (E<sub>t</sub>),-1.262
29,Infrastructure efficiency,Education time (E<sub>t</sub>),-1.262
30,Infrastructure efficiency,Education time (E<sub>t</sub>),-1.259
31,Infrastructure efficiency,Education time (E<sub>t</sub>),-1.255
32,Infrastructure efficiency,Education time (E<sub>t</sub>),-1.249
33,Infrastructure efficiency,Education time (E<sub>t</sub>),-1.242
34,Infrastructure efficiency,Education time (E<sub>t</sub>),-1.234
35,Infrastructure efficiency,Education time (E<sub>t</sub>),-1.225
36,Infrastructure efficiency,Education time (E<sub>t</sub>),-1.215
37,Infrastructure efficiency,Education time (E<sub>t</sub>),-1.204
38,Infrastructure efficiency,Education time (E<sub>t</sub>),-1.193
39,Infrastructure efficiency,Education time (E<sub>t</sub>),-1.181
40,Infrastructure efficiency,Education time (E<sub>t</sub>),-1.168
41,Infrastructure efficiency,Education time (E<sub>t</sub>),-1.156
42,Infrastructure efficiency,Education time (E<sub>t</sub>),-1.143
43,Infrastructure efficiency,Education time (E<sub>t</sub>),-1.13
44,Infrastructure efficiency,Education time (E<sub>t</sub>),-1.117
45,Infrastructure efficiency,Education time (E<sub>t</sub>),-1.104
46,Infrastructure efficiency,Education time (E<sub>t</sub>),-1.091
47,Infrastructure efficiency,Education time (E<sub>t</sub>),-1.078
48,Infrastructure efficiency,Education time (E<sub>t</sub>),-1.065
49,Infrastructure efficiency,Education time (E<sub>t</sub>),-1.052
50,Infrastructure efficiency,Education time (E<sub>t</sub>),-1.04
51,Infrastructure efficiency,Education time (E<sub>t</sub>),-1.027
52,Infrastructure efficiency,Education time (E<sub>t</sub>),-1.015
53,Infrastructure efficiency,Education time (E<sub>t</sub>),-1.003
54,Infrastructure efficiency,Education time (E<sub>t</sub>),-0.991
55,Infrastructure efficiency,Education time (E<sub>t</sub>),-0.979
56,Infrastructure efficiency,Education time (E<sub>t</sub>),-0.968
57,Infrastructure efficiency,Education time (E<sub>t</sub>),-0.957
58,Infrastructure efficiency,Education time (E<sub>t</sub>),-0.946
59,Infrastructure efficiency,Education time (E<sub>t</sub>),-0.935
60,Infrastructure efficiency,Education time (E<sub>t</sub>),-0.925
61,Infrastructure efficiency,Education time (E<sub>t</sub>),-0.915
62,Infrastructure efficiency,Education time (E<sub>t</sub>),-0.905
63,Infrastructure efficiency,Education time (E<sub>t</sub>),-0.895
64,Infrastructure efficiency,Education time (E<sub>t</sub>),-0.886
65,Infrastructure efficiency,Education time (E<sub>t</sub>),-0.877
66,Infrastructure efficiency,Education time (E<sub>t</sub>),-0.868
67,Infrastructure efficiency,Education time (E<sub>t</sub>),-0.859
68,Infrastructure efficiency,Education time (E<sub>t</sub>),-0.851
69,Infrastructure efficiency,Education time (E<sub>t</sub>),-0.843
70,Infrastructure efficiency,Education time (E<sub>t</sub>),-0.835
71,Infrastructure efficiency,Education time (E<sub>t</sub>),-0.827
72,Infrastructure efficiency,Education time (E<sub>t</sub>),-0.82
73,Infrastructure efficiency,Education time (E<sub>t</sub>),-0.813
74,Infrastructure efficiency,Education time (E<sub>t</sub>),-0.806
75,Infrastructure efficiency,Education time (E<sub>t</sub>),-0.8
76,Infrastructure efficiency,Education time (E<sub>t</sub>),-0.793
77,Infrastructure efficiency,Education time (E<sub>t</sub>),-0.787
78,Infrastructure efficiency,Education time (E<sub>t</sub>),-0.781
79,Infrastructure efficiency,Education time (E<sub>t</sub>),-0.775
80,Infrastructure efficiency,Education time (E<sub>t</sub>),-0.77
81,Infrastructure efficiency,Education time (E<sub>t</sub>),-0.764
82,Infrastructure efficiency,Education time (E<sub>t</sub>),-0.759
83,Infrastructure efficiency,Education time (E<sub>t</sub>),-0.754
84,Infrastructure efficiency,Education time (E<sub>t</sub>),-0.749
85,Infrastructure efficiency,Education time (E<sub>t</sub>),-0.744
86,Infrastructure efficiency,Education time (E<sub>t</sub>),-0.74
87,Infrastructure efficiency,Education time (E<sub>t</sub>),-0.736
88,Infrastructure efficiency,Education time (E<sub>t</sub>),-0.731
89,Infrastructure efficiency,Education time (E<sub>t</sub>),-0.727
90,Infrastructure efficiency,Education time (E<sub>t</sub>),-0.723
91,Infrastructure efficiency,Education time (E<sub>t</sub>),-0.72
92,Infrastructure efficiency,Education time (E<sub>t</sub>),-0.716
93,Infrastructure efficiency,Education time (E<sub>t</sub>),-0.713
94,Infrastructure efficiency,Education time (E<sub>t</sub>),-0.709
95,Infrastructure efficiency,Education time (E<sub>t</sub>),-0.706
96,Infrastructure efficiency,Education time (E<sub>t</sub>),-0.703
97,Infrastructure efficiency,Education time (E<sub>t</sub>),-0.7
98,Infrastructure efficiency,Education time (E<sub>t</sub>),-0.697
99,Infrastructure efficiency,Education time (E<sub>t</sub>),-0.694
100,Infrastructure efficiency,Education time (E<sub>t</sub>),-0.692
1,Human-capital efficiency,Education time (E<sub>t</sub>),-6.339
2,Human-capital efficiency,Education time (E<sub>t</sub>),-4.072
3,Human-capital efficiency,Education time (E<sub>t</sub>),-3.647
4,Human-capital efficiency,Education time (E<sub>t</sub>),-3.193
5,Human-capital efficiency,Education time (E<sub>t</sub>),-2.759
6,Human-capital efficiency,Education time (E<sub>t</sub>),-2.358
7,Human-capital efficiency,Education time (E<sub>t</sub>),-1.991
8,Human-capital efficiency,Education time (E<sub>t</sub>),-1.658
9,Human-capital efficiency,Education time (E<sub>t</sub>),-1.355
10,Human-capital efficiency,Education time (E<sub>t</sub>),-1.081
11,Human-capital efficiency,Education time (E<sub>t</sub>),-0.833
12,Human-capital efficiency,Education time (E<sub>t</sub>),-0.61
13,Human-capital efficiency,Education time (E<sub>t</sub>),-0.408
14,Human-capital efficiency,Education time (E<sub>t</sub>),-0.227
15,Human-capital efficiency,Education time (E<sub>t</sub>),-0.065
16,Human-capital efficiency,Education time (E<sub>t</sub>),0.08
17,Human-capital efficiency,Education time (E<sub>t</sub>),0.21
18,Human-capital efficiency,Education time (E<sub>t</sub>),0.325
19,Human-capital efficiency,Education time (E<sub>t</sub>),0.426
20,Human-capital efficiency,Education time (E<sub>t</sub>),0.516
21,Human-capital efficiency,Education time (E<sub>t</sub>),0.595
22,Human-capital efficiency,Education time (E<sub>t</sub>),0.663
23,Human-capital efficiency,Education time (E<sub>t</sub>),0.723
24,Human-capital efficiency,Education time (E<sub>t</sub>),0.774
25,Human-capital efficiency,Education time (E<sub>t</sub>),0.817
26,Human-capital efficiency,Education time (E<sub>t</sub>),0.854
27,Human-capital efficiency,Education time (E<sub>t</sub>),0.884
28,Human-capital efficiency,Education time (E<sub>t</sub>),0.908
29,Human-capital efficiency,Education time (E<sub>t</sub>),0.928
30,Human-capital efficiency,Education time (E<sub>t</sub>),0.942
31,Human-capital efficiency,Education time (E<sub>t</sub>),0.952
32,Human-capital efficiency,Education time (E<sub>t</sub>),0.959
33,Human-capital efficiency,Education time (E<sub>t</sub>),0.962
34,Human-capital efficiency,Education time (E<sub>t</sub>),0.962
35,Human-capital efficiency,Education time (E<sub>t</sub>),0.959
36,Human-capital efficiency,Education time (E<sub>t</sub>),0.953
37,Human-capital efficiency,Education time (E<sub>t</sub>),0.945
38,Human-capital efficiency,Education time (E<sub>t</sub>),0.936
39,Human-capital efficiency,Education time (E<sub>t</sub>),0.924
40,Human-capital efficiency,Education time (E<sub>t</sub>),0.911
41,Human-capital efficiency,Education time (E<sub>t</sub>),0.896
42,Human-capital efficiency,Education time (E<sub>t</sub>),0.881
43,Human-capital efficiency,Education time (E<sub>t</sub>),0.864
44,Human-capital efficiency,Education time (E<sub>t</sub>),0.846
45,Human-capital efficiency,Education time (E<sub>t</sub>),0.827
46,Human-capital efficiency,Education time (E<sub>t</sub>),0.808
47,Human-capital efficiency,Education time (E<sub>t</sub>),0.788
48,Human-capital efficiency,Education time (E<sub>t</sub>),0.768
49,Human-capital efficiency,Education time (E<sub>t</sub>),0.747
50,Human-capital efficiency,Education time (E<sub>t</sub>),0.726
51,Human-capital efficiency,Education time (E<sub>t</sub>),0.704
52,Human-capital efficiency,Education time (E<sub>t</sub>),0.683
53,Human-capital efficiency,Education time (E<sub>t</sub>),0.661
54,Human-capital efficiency,Education time (E<sub>t</sub>),0.64
55,Human-capital efficiency,Education time (E<sub>t</sub>),0.618
56,Human-capital efficiency,Education time (E<sub>t</sub>),0.596
57,Human-capital efficiency,Education time (E<sub>t</sub>),0.574
58,Human-capital efficiency,Education time (E<sub>t</sub>),0.553
59,Human-capital efficiency,Education time (E<sub>t</sub>),0.531
60,Human-capital efficiency,Education time (E<sub>t</sub>),0.51
61,Human-capital efficiency,Education time (E<sub>t</sub>),0.489
62,Human-capital efficiency,Education time (E<sub>t</sub>),0.468
63,Human-capital efficiency,Education time (E<sub>t</sub>),0.447
64,Human-capital efficiency,Education time (E<sub>t</sub>),0.426
65,Human-capital efficiency,Education time (E<sub>t</sub>),0.406
66,Human-capital efficiency,Education time (E<sub>t</sub>),0.386
67,Human-capital efficiency,Education time (E<sub>t</sub>),0.366
68,Human-capital efficiency,Education time (E<sub>t</sub>),0.347
69,Human-capital efficiency,Education time (E<sub>t</sub>),0.328
70,Human-capital efficiency,Education time (E<sub>t</sub>),0.309
71,Human-capital efficiency,Education time (E<sub>t</sub>),0.29
72,Human-capital efficiency,Education time (E<sub>t</sub>),0.272
73,Human-capital efficiency,Education time (E<sub>t</sub>),0.254
74,Human-capital efficiency,Education time (E<sub>t</sub>),0.237
75,Human-capital efficiency,Education time (E<sub>t</sub>),0.219
76,Human-capital efficiency,Education time (E<sub>t</sub>),0.202
77,Human-capital efficiency,Education time (E<sub>t</sub>),0.185
78,Human-capital efficiency,Education time (E<sub>t</sub>),0.169
79,Human-capital efficiency,Education time (E<sub>t</sub>),0.153
80,Human-capital efficiency,Education time (E<sub>t</sub>),0.137
81,Human-capital efficiency,Education time (E<sub>t</sub>),0.122
82,Human-capital efficiency,Education time (E<sub>t</sub>),0.107
83,Human-capital efficiency,Education time (E<sub>t</sub>),0.092
84,Human-capital efficiency,Education time (E<sub>t</sub>),0.077
85,Human-capital efficiency,Education time (E<sub>t</sub>),0.063
86,Human-capital efficiency,Education time (E<sub>t</sub>),0.049
87,Human-capital efficiency,Education time (E<sub>t</sub>),0.036
88,Human-capital efficiency,Education time (E<sub>t</sub>),0.022
89,Human-capital efficiency,Education time (E<sub>t</sub>),0.009
90,Human-capital efficiency,Education time (E<sub>t</sub>),-0.003
91,Human-capital efficiency,Education time (E<sub>t</sub>),-0.016
92,Human-capital efficiency,Education time (E<sub>t</sub>),-0.028
93,Human-capital efficiency,Education time (E<sub>t</sub>),-0.04
94,Human-capital efficiency,Education time (E<sub>t</sub>),-0.052
95,Human-capital efficiency,Education time (E<sub>t</sub>),-0.063
96,Human-capital efficiency,Education time (E<sub>t</sub>),-0.074
97,Human-capital efficiency,Education time (E<sub>t</sub>),-0.085
98,Human-capital efficiency,Education time (E<sub>t</sub>),-0.096
99,Human-capital efficiency,Education time (E<sub>t</sub>),-0.106
100,Human-capital efficiency,Education time (E<sub>t</sub>),-0.116
1,Infrastructure efficiency,Real marginal cost (mc<sub>t</sub>),4.461
2,Infrastructure efficiency,Real marginal cost (mc<sub>t</sub>),-0.218
3,Infrastructure efficiency,Real marginal cost (mc<sub>t</sub>),-0.154
4,Infrastructure efficiency,Real marginal cost (mc<sub>t</sub>),-0.118
5,Infrastructure efficiency,Real marginal cost (mc<sub>t</sub>),-0.094
6,Infrastructure efficiency,Real marginal cost (mc<sub>t</sub>),-0.074
7,Infrastructure efficiency,Real marginal cost (mc<sub>t</sub>),-0.056
8,Infrastructure efficiency,Real marginal cost (mc<sub>t</sub>),-0.041
9,Infrastructure efficiency,Real marginal cost (mc<sub>t</sub>),-0.027
10,Infrastructure efficiency,Real marginal cost (mc<sub>t</sub>),-0.015
11,Infrastructure efficiency,Real marginal cost (mc<sub>t</sub>),-0.004
12,Infrastructure efficiency,Real marginal cost (mc<sub>t</sub>),0.005
13,Infrastructure efficiency,Real marginal cost (mc<sub>t</sub>),0.014
14,Infrastructure efficiency,Real marginal cost (mc<sub>t</sub>),0.021
15,Infrastructure efficiency,Real marginal cost (mc<sub>t</sub>),0.028
16,Infrastructure efficiency,Real marginal cost (mc<sub>t</sub>),0.034
17,Infrastructure efficiency,Real marginal cost (mc<sub>t</sub>),0.039
18,Infrastructure efficiency,Real marginal cost (mc<sub>t</sub>),0.043
19,Infrastructure efficiency,Real marginal cost (mc<sub>t</sub>),0.047
20,Infrastructure efficiency,Real marginal cost (mc<sub>t</sub>),0.05
21,Infrastructure efficiency,Real marginal cost (mc<sub>t</sub>),0.052
22,Infrastructure efficiency,Real marginal cost (mc<sub>t</sub>),0.055
23,Infrastructure efficiency,Real marginal cost (mc<sub>t</sub>),0.056
24,Infrastructure efficiency,Real marginal cost (mc<sub>t</sub>),0.058
25,Infrastructure efficiency,Real marginal cost (mc<sub>t</sub>),0.059
26,Infrastructure efficiency,Real marginal cost (mc<sub>t</sub>),0.059
27,Infrastructure efficiency,Real marginal cost (mc<sub>t</sub>),0.06
28,Infrastructure efficiency,Real marginal cost (mc<sub>t</sub>),0.06
29,Infrastructure efficiency,Real marginal cost (mc<sub>t</sub>),0.06
30,Infrastructure efficiency,Real marginal cost (mc<sub>t</sub>),0.06
31,Infrastructure efficiency,Real marginal cost (mc<sub>t</sub>),0.06
32,Infrastructure efficiency,Real marginal cost (mc<sub>t</sub>),0.06
33,Infrastructure efficiency,Real marginal cost (mc<sub>t</sub>),0.059
34,Infrastructure efficiency,Real marginal cost (mc<sub>t</sub>),0.058
35,Infrastructure efficiency,Real marginal cost (mc<sub>t</sub>),0.058
36,Infrastructure efficiency,Real marginal cost (mc<sub>t</sub>),0.057
37,Infrastructure efficiency,Real marginal cost (mc<sub>t</sub>),0.056
38,Infrastructure efficiency,Real marginal cost (mc<sub>t</sub>),0.055
39,Infrastructure efficiency,Real marginal cost (mc<sub>t</sub>),0.054
40,Infrastructure efficiency,Real marginal cost (mc<sub>t</sub>),0.053
41,Infrastructure efficiency,Real marginal cost (mc<sub>t</sub>),0.052
42,Infrastructure efficiency,Real marginal cost (mc<sub>t</sub>),0.051
43,Infrastructure efficiency,Real marginal cost (mc<sub>t</sub>),0.05
44,Infrastructure efficiency,Real marginal cost (mc<sub>t</sub>),0.049
45,Infrastructure efficiency,Real marginal cost (mc<sub>t</sub>),0.048
46,Infrastructure efficiency,Real marginal cost (mc<sub>t</sub>),0.047
47,Infrastructure efficiency,Real marginal cost (mc<sub>t</sub>),0.046
48,Infrastructure efficiency,Real marginal cost (mc<sub>t</sub>),0.045
49,Infrastructure efficiency,Real marginal cost (mc<sub>t</sub>),0.043
50,Infrastructure efficiency,Real marginal cost (mc<sub>t</sub>),0.042
51,Infrastructure efficiency,Real marginal cost (mc<sub>t</sub>),0.041
52,Infrastructure efficiency,Real marginal cost (mc<sub>t</sub>),0.04
53,Infrastructure efficiency,Real marginal cost (mc<sub>t</sub>),0.039
54,Infrastructure efficiency,Real marginal cost (mc<sub>t</sub>),0.038
55,Infrastructure efficiency,Real marginal cost (mc<sub>t</sub>),0.037
56,Infrastructure efficiency,Real marginal cost (mc<sub>t</sub>),0.036
57,Infrastructure efficiency,Real marginal cost (mc<sub>t</sub>),0.035
58,Infrastructure efficiency,Real marginal cost (mc<sub>t</sub>),0.034
59,Infrastructure efficiency,Real marginal cost (mc<sub>t</sub>),0.033
60,Infrastructure efficiency,Real marginal cost (mc<sub>t</sub>),0.032
61,Infrastructure efficiency,Real marginal cost (mc<sub>t</sub>),0.031
62,Infrastructure efficiency,Real marginal cost (mc<sub>t</sub>),0.03
63,Infrastructure efficiency,Real marginal cost (mc<sub>t</sub>),0.029
64,Infrastructure efficiency,Real marginal cost (mc<sub>t</sub>),0.029
65,Infrastructure efficiency,Real marginal cost (mc<sub>t</sub>),0.028
66,Infrastructure efficiency,Real marginal cost (mc<sub>t</sub>),0.027
67,Infrastructure efficiency,Real marginal cost (mc<sub>t</sub>),0.026
68,Infrastructure efficiency,Real marginal cost (mc<sub>t</sub>),0.025
69,Infrastructure efficiency,Real marginal cost (mc<sub>t</sub>),0.025
70,Infrastructure efficiency,Real marginal cost (mc<sub>t</sub>),0.024
71,Infrastructure efficiency,Real marginal cost (mc<sub>t</sub>),0.023
72,Infrastructure efficiency,Real marginal cost (mc<sub>t</sub>),0.022
73,Infrastructure efficiency,Real marginal cost (mc<sub>t</sub>),0.022
74,Infrastructure efficiency,Real marginal cost (mc<sub>t</sub>),0.021
75,Infrastructure efficiency,Real marginal cost (mc<sub>t</sub>),0.02
76,Infrastructure efficiency,Real marginal cost (mc<sub>t</sub>),0.02
77,Infrastructure efficiency,Real marginal cost (mc<sub>t</sub>),0.019
78,Infrastructure efficiency,Real marginal cost (mc<sub>t</sub>),0.019
79,Infrastructure efficiency,Real marginal cost (mc<sub>t</sub>),0.018
80,Infrastructure efficiency,Real marginal cost (mc<sub>t</sub>),0.017
81,Infrastructure efficiency,Real marginal cost (mc<sub>t</sub>),0.017
82,Infrastructure efficiency,Real marginal cost (mc<sub>t</sub>),0.016
83,Infrastructure efficiency,Real marginal cost (mc<sub>t</sub>),0.016
84,Infrastructure efficiency,Real marginal cost (mc<sub>t</sub>),0.015
85,Infrastructure efficiency,Real marginal cost (mc<sub>t</sub>),0.015
86,Infrastructure efficiency,Real marginal cost (mc<sub>t</sub>),0.014
87,Infrastructure efficiency,Real marginal cost (mc<sub>t</sub>),0.014
88,Infrastructure efficiency,Real marginal cost (mc<sub>t</sub>),0.014
89,Infrastructure efficiency,Real marginal cost (mc<sub>t</sub>),0.013
90,Infrastructure efficiency,Real marginal cost (mc<sub>t</sub>),0.013
91,Infrastructure efficiency,Real marginal cost (mc<sub>t</sub>),0.012
92,Infrastructure efficiency,Real marginal cost (mc<sub>t</sub>),0.012
93,Infrastructure efficiency,Real marginal cost (mc<sub>t</sub>),0.012
94,Infrastructure efficiency,Real marginal cost (mc<sub>t</sub>),0.011
95,Infrastructure efficiency,Real marginal cost (mc<sub>t</sub>),0.011
96,Infrastructure efficiency,Real marginal cost (mc<sub>t</sub>),0.01
97,Infrastructure efficiency,Real marginal cost (mc<sub>t</sub>),0.01
98,Infrastructure efficiency,Real marginal cost (mc<sub>t</sub>),0.01
99,Infrastructure efficiency,Real marginal cost (mc<sub>t</sub>),0.01
100,Infrastructure efficiency,Real marginal cost (mc<sub>t</sub>),0.009
1,Human-capital efficiency,Real marginal cost (mc<sub>t</sub>),1.075
2,Human-capital efficiency,Real marginal cost (mc<sub>t</sub>),-0.159
3,Human-capital efficiency,Real marginal cost (mc<sub>t</sub>),-0.086
4,Human-capital efficiency,Real marginal cost (mc<sub>t</sub>),-0.068
5,Human-capital efficiency,Real marginal cost (mc<sub>t</sub>),-0.065
6,Human-capital efficiency,Real marginal cost (mc<sub>t</sub>),-0.066
7,Human-capital efficiency,Real marginal cost (mc<sub>t</sub>),-0.068
8,Human-capital efficiency,Real marginal cost (mc<sub>t</sub>),-0.07
9,Human-capital efficiency,Real marginal cost (mc<sub>t</sub>),-0.071
10,Human-capital efficiency,Real marginal cost (mc<sub>t</sub>),-0.072
11,Human-capital efficiency,Real marginal cost (mc<sub>t</sub>),-0.073
12,Human-capital efficiency,Real marginal cost (mc<sub>t</sub>),-0.073
13,Human-capital efficiency,Real marginal cost (mc<sub>t</sub>),-0.072
14,Human-capital efficiency,Real marginal cost (mc<sub>t</sub>),-0.071
15,Human-capital efficiency,Real marginal cost (mc<sub>t</sub>),-0.07
16,Human-capital efficiency,Real marginal cost (mc<sub>t</sub>),-0.068
17,Human-capital efficiency,Real marginal cost (mc<sub>t</sub>),-0.067
18,Human-capital efficiency,Real marginal cost (mc<sub>t</sub>),-0.065
19,Human-capital efficiency,Real marginal cost (mc<sub>t</sub>),-0.063
20,Human-capital efficiency,Real marginal cost (mc<sub>t</sub>),-0.06
21,Human-capital efficiency,Real marginal cost (mc<sub>t</sub>),-0.058
22,Human-capital efficiency,Real marginal cost (mc<sub>t</sub>),-0.055
23,Human-capital efficiency,Real marginal cost (mc<sub>t</sub>),-0.053
24,Human-capital efficiency,Real marginal cost (mc<sub>t</sub>),-0.05
25,Human-capital efficiency,Real marginal cost (mc<sub>t</sub>),-0.047
26,Human-capital efficiency,Real marginal cost (mc<sub>t</sub>),-0.044
27,Human-capital efficiency,Real marginal cost (mc<sub>t</sub>),-0.042
28,Human-capital efficiency,Real marginal cost (mc<sub>t</sub>),-0.039
29,Human-capital efficiency,Real marginal cost (mc<sub>t</sub>),-0.036
30,Human-capital efficiency,Real marginal cost (mc<sub>t</sub>),-0.034
31,Human-capital efficiency,Real marginal cost (mc<sub>t</sub>),-0.031
32,Human-capital efficiency,Real marginal cost (mc<sub>t</sub>),-0.028
33,Human-capital efficiency,Real marginal cost (mc<sub>t</sub>),-0.026
34,Human-capital efficiency,Real marginal cost (mc<sub>t</sub>),-0.023
35,Human-capital efficiency,Real marginal cost (mc<sub>t</sub>),-0.021
36,Human-capital efficiency,Real marginal cost (mc<sub>t</sub>),-0.018
37,Human-capital efficiency,Real marginal cost (mc<sub>t</sub>),-0.016
38,Human-capital efficiency,Real marginal cost (mc<sub>t</sub>),-0.014
39,Human-capital efficiency,Real marginal cost (mc<sub>t</sub>),-0.011
40,Human-capital efficiency,Real marginal cost (mc<sub>t</sub>),-0.009
41,Human-capital efficiency,Real marginal cost (mc<sub>t</sub>),-0.007
42,Human-capital efficiency,Real marginal cost (mc<sub>t</sub>),-0.005
43,Human-capital efficiency,Real marginal cost (mc<sub>t</sub>),-0.003
44,Human-capital efficiency,Real marginal cost (mc<sub>t</sub>),-0.002
45,Human-capital efficiency,Real marginal cost (mc<sub>t</sub>),0.0
46,Human-capital efficiency,Real marginal cost (mc<sub>t</sub>),0.002
47,Human-capital efficiency,Real marginal cost (mc<sub>t</sub>),0.003
48,Human-capital efficiency,Real marginal cost (mc<sub>t</sub>),0.005
49,Human-capital efficiency,Real marginal cost (mc<sub>t</sub>),0.006
50,Human-capital efficiency,Real marginal cost (mc<sub>t</sub>),0.008
51,Human-capital efficiency,Real marginal cost (mc<sub>t</sub>),0.009
52,Human-capital efficiency,Real marginal cost (mc<sub>t</sub>),0.01
53,Human-capital efficiency,Real marginal cost (mc<sub>t</sub>),0.011
54,Human-capital efficiency,Real marginal cost (mc<sub>t</sub>),0.012
55,Human-capital efficiency,Real marginal cost (mc<sub>t</sub>),0.013
56,Human-capital efficiency,Real marginal cost (mc<sub>t</sub>),0.014
57,Human-capital efficiency,Real marginal cost (mc<sub>t</sub>),0.015
58,Human-capital efficiency,Real marginal cost (mc<sub>t</sub>),0.016
59,Human-capital efficiency,Real marginal cost (mc<sub>t</sub>),0.016
60,Human-capital efficiency,Real marginal cost (mc<sub>t</sub>),0.017
61,Human-capital efficiency,Real marginal cost (mc<sub>t</sub>),0.018
62,Human-capital efficiency,Real marginal cost (mc<sub>t</sub>),0.018
63,Human-capital efficiency,Real marginal cost (mc<sub>t</sub>),0.019
64,Human-capital efficiency,Real marginal cost (mc<sub>t</sub>),0.019
65,Human-capital efficiency,Real marginal cost (mc<sub>t</sub>),0.02
66,Human-capital efficiency,Real marginal cost (mc<sub>t</sub>),0.02
67,Human-capital efficiency,Real marginal cost (mc<sub>t</sub>),0.021
68,Human-capital efficiency,Real marginal cost (mc<sub>t</sub>),0.021
69,Human-capital efficiency,Real marginal cost (mc<sub>t</sub>),0.021
70,Human-capital efficiency,Real marginal cost (mc<sub>t</sub>),0.021
71,Human-capital efficiency,Real marginal cost (mc<sub>t</sub>),0.022
72,Human-capital efficiency,Real marginal cost (mc<sub>t</sub>),0.022
73,Human-capital efficiency,Real marginal cost (mc<sub>t</sub>),0.022
74,Human-capital efficiency,Real marginal cost (mc<sub>t</sub>),0.022
75,Human-capital efficiency,Real marginal cost (mc<sub>t</sub>),0.022
76,Human-capital efficiency,Real marginal cost (mc<sub>t</sub>),0.022
77,Human-capital efficiency,Real marginal cost (mc<sub>t</sub>),0.022
78,Human-capital efficiency,Real marginal cost (mc<sub>t</sub>),0.022
79,Human-capital efficiency,Real marginal cost (mc<sub>t</sub>),0.022
80,Human-capital efficiency,Real marginal cost (mc<sub>t</sub>),0.022
81,Human-capital efficiency,Real marginal cost (mc<sub>t</sub>),0.022
82,Human-capital efficiency,Real marginal cost (mc<sub>t</sub>),0.022
83,Human-capital efficiency,Real marginal cost (mc<sub>t</sub>),0.022
84,Human-capital efficiency,Real marginal cost (mc<sub>t</sub>),0.022
85,Human-capital efficiency,Real marginal cost (mc<sub>t</sub>),0.022
86,Human-capital efficiency,Real marginal cost (mc<sub>t</sub>),0.022
87,Human-capital efficiency,Real marginal cost (mc<sub>t</sub>),0.021
88,Human-capital efficiency,Real marginal cost (mc<sub>t</sub>),0.021
89,Human-capital efficiency,Real marginal cost (mc<sub>t</sub>),0.021
90,Human-capital efficiency,Real marginal cost (mc<sub>t</sub>),0.021
91,Human-capital efficiency,Real marginal cost (mc<sub>t</sub>),0.021
92,Human-capital efficiency,Real marginal cost (mc<sub>t</sub>),0.02
93,Human-capital efficiency,Real marginal cost (mc<sub>t</sub>),0.02
94,Human-capital efficiency,Real marginal cost (mc<sub>t</sub>),0.02
95,Human-capital efficiency,Real marginal cost (mc<sub>t</sub>),0.02
96,Human-capital efficiency,Real marginal cost (mc<sub>t</sub>),0.02
97,Human-capital efficiency,Real marginal cost (mc<sub>t</sub>),0.019
98,Human-capital efficiency,Real marginal cost (mc<sub>t</sub>),0.019
99,Human-capital efficiency,Real marginal cost (mc<sub>t</sub>),0.019
100,Human-capital efficiency,Real marginal cost (mc<sub>t</sub>),0.019
1,Infrastructure efficiency,Inflation (Π<sub>t</sub>),1.349
2,Infrastructure efficiency,Inflation (Π<sub>t</sub>),1.401
3,Infrastructure efficiency,Inflation (Π<sub>t</sub>),1.465
4,Infrastructure efficiency,Inflation (Π<sub>t</sub>),1.524
5,Infrastructure efficiency,Inflation (Π<sub>t</sub>),1.575
6,Infrastructure efficiency,Inflation (Π<sub>t</sub>),1.616
7,Infrastructure efficiency,Inflation (Π<sub>t</sub>),1.647
8,Infrastructure efficiency,Inflation (Π<sub>t</sub>),1.671
9,Infrastructure efficiency,Inflation (Π<sub>t</sub>),1.688
10,Infrastructure efficiency,Inflation (Π<sub>t</sub>),1.697
11,Infrastructure efficiency,Inflation (Π<sub>t</sub>),1.701
12,Infrastructure efficiency,Inflation (Π<sub>t</sub>),1.7
13,Infrastructure efficiency,Inflation (Π<sub>t</sub>),1.694
14,Infrastructure efficiency,Inflation (Π<sub>t</sub>),1.684
15,Infrastructure efficiency,Inflation (Π<sub>t</sub>),1.671
16,Infrastructure efficiency,Inflation (Π<sub>t</sub>),1.654
17,Infrastructure efficiency,Inflation (Π<sub>t</sub>),1.635
18,Infrastructure efficiency,Inflation (Π<sub>t</sub>),1.613
19,Infrastructure efficiency,Inflation (Π<sub>t</sub>),1.59
20,Infrastructure efficiency,Inflation (Π<sub>t</sub>),1.565
21,Infrastructure efficiency,Inflation (Π<sub>t</sub>),1.538
22,Infrastructure efficiency,Inflation (Π<sub>t</sub>),1.51
23,Infrastructure efficiency,Inflation (Π<sub>t</sub>),1.481
24,Infrastructure efficiency,Inflation (Π<sub>t</sub>),1.452
25,Infrastructure efficiency,Inflation (Π<sub>t</sub>),1.421
26,Infrastructure efficiency,Inflation (Π<sub>t</sub>),1.391
27,Infrastructure efficiency,Inflation (Π<sub>t</sub>),1.36
28,Infrastructure efficiency,Inflation (Π<sub>t</sub>),1.329
29,Infrastructure efficiency,Inflation (Π<sub>t</sub>),1.297
30,Infrastructure efficiency,Inflation (Π<sub>t</sub>),1.266
31,Infrastructure efficiency,Inflation (Π<sub>t</sub>),1.235
32,Infrastructure efficiency,Inflation (Π<sub>t</sub>),1.204
33,Infrastructure efficiency,Inflation (Π<sub>t</sub>),1.173
34,Infrastructure efficiency,Inflation (Π<sub>t</sub>),1.143
35,Infrastructure efficiency,Inflation (Π<sub>t</sub>),1.113
36,Infrastructure efficiency,Inflation (Π<sub>t</sub>),1.083
37,Infrastructure efficiency,Inflation (Π<sub>t</sub>),1.054
38,Infrastructure efficiency,Inflation (Π<sub>t</sub>),1.025
39,Infrastructure efficiency,Inflation (Π<sub>t</sub>),0.997
40,Infrastructure efficiency,Inflation (Π<sub>t</sub>),0.969
41,Infrastructure efficiency,Inflation (Π<sub>t</sub>),0.942
42,Infrastructure efficiency,Inflation (Π<sub>t</sub>),0.915
43,Infrastructure efficiency,Inflation (Π<sub>t</sub>),0.889
44,Infrastructure efficiency,Inflation (Π<sub>t</sub>),0.864
45,Infrastructure efficiency,Inflation (Π<sub>t</sub>),0.839
46,Infrastructure efficiency,Inflation (Π<sub>t</sub>),0.814
47,Infrastructure efficiency,Inflation (Π<sub>t</sub>),0.79
48,Infrastructure efficiency,Inflation (Π<sub>t</sub>),0.767
49,Infrastructure efficiency,Inflation (Π<sub>t</sub>),0.744
50,Infrastructure efficiency,Inflation (Π<sub>t</sub>),0.722
51,Infrastructure efficiency,Inflation (Π<sub>t</sub>),0.701
52,Infrastructure efficiency,Inflation (Π<sub>t</sub>),0.679
53,Infrastructure efficiency,Inflation (Π<sub>t</sub>),0.659
54,Infrastructure efficiency,Inflation (Π<sub>t</sub>),0.639
55,Infrastructure efficiency,Inflation (Π<sub>t</sub>),0.62
56,Infrastructure efficiency,Inflation (Π<sub>t</sub>),0.601
57,Infrastructure efficiency,Inflation (Π<sub>t</sub>),0.582
58,Infrastructure efficiency,Inflation (Π<sub>t</sub>),0.565
59,Infrastructure efficiency,Inflation (Π<sub>t</sub>),0.547
60,Infrastructure efficiency,Inflation (Π<sub>t</sub>),0.53
61,Infrastructure efficiency,Inflation (Π<sub>t</sub>),0.514
62,Infrastructure efficiency,Inflation (Π<sub>t</sub>),0.498
63,Infrastructure efficiency,Inflation (Π<sub>t</sub>),0.483
64,Infrastructure efficiency,Inflation (Π<sub>t</sub>),0.468
65,Infrastructure efficiency,Inflation (Π<sub>t</sub>),0.453
66,Infrastructure efficiency,Inflation (Π<sub>t</sub>),0.439
67,Infrastructure efficiency,Inflation (Π<sub>t</sub>),0.425
68,Infrastructure efficiency,Inflation (Π<sub>t</sub>),0.412
69,Infrastructure efficiency,Inflation (Π<sub>t</sub>),0.399
70,Infrastructure efficiency,Inflation (Π<sub>t</sub>),0.387
71,Infrastructure efficiency,Inflation (Π<sub>t</sub>),0.374
72,Infrastructure efficiency,Inflation (Π<sub>t</sub>),0.363
73,Infrastructure efficiency,Inflation (Π<sub>t</sub>),0.351
74,Infrastructure efficiency,Inflation (Π<sub>t</sub>),0.34
75,Infrastructure efficiency,Inflation (Π<sub>t</sub>),0.33
76,Infrastructure efficiency,Inflation (Π<sub>t</sub>),0.319
77,Infrastructure efficiency,Inflation (Π<sub>t</sub>),0.309
78,Infrastructure efficiency,Inflation (Π<sub>t</sub>),0.299
79,Infrastructure efficiency,Inflation (Π<sub>t</sub>),0.29
80,Infrastructure efficiency,Inflation (Π<sub>t</sub>),0.281
81,Infrastructure efficiency,Inflation (Π<sub>t</sub>),0.272
82,Infrastructure efficiency,Inflation (Π<sub>t</sub>),0.263
83,Infrastructure efficiency,Inflation (Π<sub>t</sub>),0.255
84,Infrastructure efficiency,Inflation (Π<sub>t</sub>),0.247
85,Infrastructure efficiency,Inflation (Π<sub>t</sub>),0.239
86,Infrastructure efficiency,Inflation (Π<sub>t</sub>),0.231
87,Infrastructure efficiency,Inflation (Π<sub>t</sub>),0.224
88,Infrastructure efficiency,Inflation (Π<sub>t</sub>),0.217
89,Infrastructure efficiency,Inflation (Π<sub>t</sub>),0.21
90,Infrastructure efficiency,Inflation (Π<sub>t</sub>),0.203
91,Infrastructure efficiency,Inflation (Π<sub>t</sub>),0.197
92,Infrastructure efficiency,Inflation (Π<sub>t</sub>),0.191
93,Infrastructure efficiency,Inflation (Π<sub>t</sub>),0.185
94,Infrastructure efficiency,Inflation (Π<sub>t</sub>),0.179
95,Infrastructure efficiency,Inflation (Π<sub>t</sub>),0.173
96,Infrastructure efficiency,Inflation (Π<sub>t</sub>),0.168
97,Infrastructure efficiency,Inflation (Π<sub>t</sub>),0.162
98,Infrastructure efficiency,Inflation (Π<sub>t</sub>),0.157
99,Infrastructure efficiency,Inflation (Π<sub>t</sub>),0.152
100,Infrastructure efficiency,Inflation (Π<sub>t</sub>),0.147
1,Human-capital efficiency,Inflation (Π<sub>t</sub>),0.241
2,Human-capital efficiency,Inflation (Π<sub>t</sub>),0.172
3,Human-capital efficiency,Inflation (Π<sub>t</sub>),0.162
4,Human-capital efficiency,Inflation (Π<sub>t</sub>),0.173
5,Human-capital efficiency,Inflation (Π<sub>t</sub>),0.194
6,Human-capital efficiency,Inflation (Π<sub>t</sub>),0.218
7,Human-capital efficiency,Inflation (Π<sub>t</sub>),0.246
8,Human-capital efficiency,Inflation (Π<sub>t</sub>),0.276
9,Human-capital efficiency,Inflation (Π<sub>t</sub>),0.307
10,Human-capital efficiency,Inflation (Π<sub>t</sub>),0.34
11,Human-capital efficiency,Inflation (Π<sub>t</sub>),0.373
12,Human-capital efficiency,Inflation (Π<sub>t</sub>),0.407
13,Human-capital efficiency,Inflation (Π<sub>t</sub>),0.441
14,Human-capital efficiency,Inflation (Π<sub>t</sub>),0.474
15,Human-capital efficiency,Inflation (Π<sub>t</sub>),0.508
16,Human-capital efficiency,Inflation (Π<sub>t</sub>),0.54
17,Human-capital efficiency,Inflation (Π<sub>t</sub>),0.572
18,Human-capital efficiency,Inflation (Π<sub>t</sub>),0.604
19,Human-capital efficiency,Inflation (Π<sub>t</sub>),0.634
20,Human-capital efficiency,Inflation (Π<sub>t</sub>),0.663
21,Human-capital efficiency,Inflation (Π<sub>t</sub>),0.691
22,Human-capital efficiency,Inflation (Π<sub>t</sub>),0.718
23,Human-capital efficiency,Inflation (Π<sub>t</sub>),0.744
24,Human-capital efficiency,Inflation (Π<sub>t</sub>),0.768
25,Human-capital efficiency,Inflation (Π<sub>t</sub>),0.791
26,Human-capital efficiency,Inflation (Π<sub>t</sub>),0.812
27,Human-capital efficiency,Inflation (Π<sub>t</sub>),0.832
28,Human-capital efficiency,Inflation (Π<sub>t</sub>),0.851
29,Human-capital efficiency,Inflation (Π<sub>t</sub>),0.868
30,Human-capital efficiency,Inflation (Π<sub>t</sub>),0.884
31,Human-capital efficiency,Inflation (Π<sub>t</sub>),0.899
32,Human-capital efficiency,Inflation (Π<sub>t</sub>),0.912
33,Human-capital efficiency,Inflation (Π<sub>t</sub>),0.924
34,Human-capital efficiency,Inflation (Π<sub>t</sub>),0.935
35,Human-capital efficiency,Inflation (Π<sub>t</sub>),0.944
36,Human-capital efficiency,Inflation (Π<sub>t</sub>),0.952
37,Human-capital efficiency,Inflation (Π<sub>t</sub>),0.96
38,Human-capital efficiency,Inflation (Π<sub>t</sub>),0.965
39,Human-capital efficiency,Inflation (Π<sub>t</sub>),0.97
40,Human-capital efficiency,Inflation (Π<sub>t</sub>),0.974
41,Human-capital efficiency,Inflation (Π<sub>t</sub>),0.977
42,Human-capital efficiency,Inflation (Π<sub>t</sub>),0.979
43,Human-capital efficiency,Inflation (Π<sub>t</sub>),0.979
44,Human-capital efficiency,Inflation (Π<sub>t</sub>),0.979
45,Human-capital efficiency,Inflation (Π<sub>t</sub>),0.979
46,Human-capital efficiency,Inflation (Π<sub>t</sub>),0.977
47,Human-capital efficiency,Inflation (Π<sub>t</sub>),0.974
48,Human-capital efficiency,Inflation (Π<sub>t</sub>),0.971
49,Human-capital efficiency,Inflation (Π<sub>t</sub>),0.967
50,Human-capital efficiency,Inflation (Π<sub>t</sub>),0.963
51,Human-capital efficiency,Inflation (Π<sub>t</sub>),0.958
52,Human-capital efficiency,Inflation (Π<sub>t</sub>),0.952
53,Human-capital efficiency,Inflation (Π<sub>t</sub>),0.946
54,Human-capital efficiency,Inflation (Π<sub>t</sub>),0.939
55,Human-capital efficiency,Inflation (Π<sub>t</sub>),0.932
56,Human-capital efficiency,Inflation (Π<sub>t</sub>),0.924
57,Human-capital efficiency,Inflation (Π<sub>t</sub>),0.916
58,Human-capital efficiency,Inflation (Π<sub>t</sub>),0.907
59,Human-capital efficiency,Inflation (Π<sub>t</sub>),0.899
60,Human-capital efficiency,Inflation (Π<sub>t</sub>),0.889
61,Human-capital efficiency,Inflation (Π<sub>t</sub>),0.88
62,Human-capital efficiency,Inflation (Π<sub>t</sub>),0.87
63,Human-capital efficiency,Inflation (Π<sub>t</sub>),0.86
64,Human-capital efficiency,Inflation (Π<sub>t</sub>),0.85
65,Human-capital efficiency,Inflation (Π<sub>t</sub>),0.84
66,Human-capital efficiency,Inflation (Π<sub>t</sub>),0.829
67,Human-capital efficiency,Inflation (Π<sub>t</sub>),0.818
68,Human-capital efficiency,Inflation (Π<sub>t</sub>),0.808
69,Human-capital efficiency,Inflation (Π<sub>t</sub>),0.797
70,Human-capital efficiency,Inflation (Π<sub>t</sub>),0.785
71,Human-capital efficiency,Inflation (Π<sub>t</sub>),0.774
72,Human-capital efficiency,Inflation (Π<sub>t</sub>),0.763
73,Human-capital efficiency,Inflation (Π<sub>t</sub>),0.752
74,Human-capital efficiency,Inflation (Π<sub>t</sub>),0.74
75,Human-capital efficiency,Inflation (Π<sub>t</sub>),0.729
76,Human-capital efficiency,Inflation (Π<sub>t</sub>),0.718
77,Human-capital efficiency,Inflation (Π<sub>t</sub>),0.706
78,Human-capital efficiency,Inflation (Π<sub>t</sub>),0.695
79,Human-capital efficiency,Inflation (Π<sub>t</sub>),0.683
80,Human-capital efficiency,Inflation (Π<sub>t</sub>),0.672
81,Human-capital efficiency,Inflation (Π<sub>t</sub>),0.661
82,Human-capital efficiency,Inflation (Π<sub>t</sub>),0.65
83,Human-capital efficiency,Inflation (Π<sub>t</sub>),0.638
84,Human-capital efficiency,Inflation (Π<sub>t</sub>),0.627
85,Human-capital efficiency,Inflation (Π<sub>t</sub>),0.616
86,Human-capital efficiency,Inflation (Π<sub>t</sub>),0.605
87,Human-capital efficiency,Inflation (Π<sub>t</sub>),0.594
88,Human-capital efficiency,Inflation (Π<sub>t</sub>),0.583
89,Human-capital efficiency,Inflation (Π<sub>t</sub>),0.573
90,Human-capital efficiency,Inflation (Π<sub>t</sub>),0.562
91,Human-capital efficiency,Inflation (Π<sub>t</sub>),0.551
92,Human-capital efficiency,Inflation (Π<sub>t</sub>),0.541
93,Human-capital efficiency,Inflation (Π<sub>t</sub>),0.531
94,Human-capital efficiency,Inflation (Π<sub>t</sub>),0.521
95,Human-capital efficiency,Inflation (Π<sub>t</sub>),0.51
96,Human-capital efficiency,Inflation (Π<sub>t</sub>),0.5
97,Human-capital efficiency,Inflation (Π<sub>t</sub>),0.491
98,Human-capital efficiency,Inflation (Π<sub>t</sub>),0.481
99,Human-capital efficiency,Inflation (Π<sub>t</sub>),0.471
100,Human-capital efficiency,Inflation (Π<sub>t</sub>),0.462
1,Infrastructure efficiency,Nominal interest rate (R<sub>t</sub>),1.28
2,Infrastructure efficiency,Nominal interest rate (R<sub>t</sub>),1.503
3,Infrastructure efficiency,Nominal interest rate (R<sub>t</sub>),1.697
4,Infrastructure efficiency,Nominal interest rate (R<sub>t</sub>),1.866
5,Infrastructure efficiency,Nominal interest rate (R<sub>t</sub>),2.011
6,Infrastructure efficiency,Nominal interest rate (R<sub>t</sub>),2.134
7,Infrastructure efficiency,Nominal interest rate (R<sub>t</sub>),2.238
8,Infrastructure efficiency,Nominal interest rate (R<sub>t</sub>),2.324
9,Infrastructure efficiency,Nominal interest rate (R<sub>t</sub>),2.393
10,Infrastructure efficiency,Nominal interest rate (R<sub>t</sub>),2.448
11,Infrastructure efficiency,Nominal interest rate (R<sub>t</sub>),2.49
12,Infrastructure efficiency,Nominal interest rate (R<sub>t</sub>),2.521
13,Infrastructure efficiency,Nominal interest rate (R<sub>t</sub>),2.54
14,Infrastructure efficiency,Nominal interest rate (R<sub>t</sub>),2.551
15,Infrastructure efficiency,Nominal interest rate (R<sub>t</sub>),2.553
16,Infrastructure efficiency,Nominal interest rate (R<sub>t</sub>),2.548
17,Infrastructure efficiency,Nominal interest rate (R<sub>t</sub>),2.536
18,Infrastructure efficiency,Nominal interest rate (R<sub>t</sub>),2.519
19,Infrastructure efficiency,Nominal interest rate (R<sub>t</sub>),2.497
20,Infrastructure efficiency,Nominal interest rate (R<sub>t</sub>),2.47
21,Infrastructure efficiency,Nominal interest rate (R<sub>t</sub>),2.439
22,Infrastructure efficiency,Nominal interest rate (R<sub>t</sub>),2.406
23,Infrastructure efficiency,Nominal interest rate (R<sub>t</sub>),2.369
24,Infrastructure efficiency,Nominal interest rate (R<sub>t</sub>),2.33
25,Infrastructure efficiency,Nominal interest rate (R<sub>t</sub>),2.289
26,Infrastructure efficiency,Nominal interest rate (R<sub>t</sub>),2.247
27,Infrastructure efficiency,Nominal interest rate (R<sub>t</sub>),2.203
28,Infrastructure efficiency,Nominal interest rate (R<sub>t</sub>),2.158
29,Infrastructure efficiency,Nominal interest rate (R<sub>t</sub>),2.112
30,Infrastructure efficiency,Nominal interest rate (R<sub>t</sub>),2.066
31,Infrastructure efficiency,Nominal interest rate (R<sub>t</sub>),2.02
32,Infrastructure efficiency,Nominal interest rate (R<sub>t</sub>),1.973
33,Infrastructure efficiency,Nominal interest rate (R<sub>t</sub>),1.926
34,Infrastructure efficiency,Nominal interest rate (R<sub>t</sub>),1.879
35,Infrastructure efficiency,Nominal interest rate (R<sub>t</sub>),1.832
36,Infrastructure efficiency,Nominal interest rate (R<sub>t</sub>),1.786
37,Infrastructure efficiency,Nominal interest rate (R<sub>t</sub>),1.74
38,Infrastructure efficiency,Nominal interest rate (R<sub>t</sub>),1.695
39,Infrastructure efficiency,Nominal interest rate (R<sub>t</sub>),1.65
40,Infrastructure efficiency,Nominal interest rate (R<sub>t</sub>),1.606
41,Infrastructure efficiency,Nominal interest rate (R<sub>t</sub>),1.562
42,Infrastructure efficiency,Nominal interest rate (R<sub>t</sub>),1.519
43,Infrastructure efficiency,Nominal interest rate (R<sub>t</sub>),1.477
44,Infrastructure efficiency,Nominal interest rate (R<sub>t</sub>),1.436
45,Infrastructure efficiency,Nominal interest rate (R<sub>t</sub>),1.395
46,Infrastructure efficiency,Nominal interest rate (R<sub>t</sub>),1.355
47,Infrastructure efficiency,Nominal interest rate (R<sub>t</sub>),1.317
48,Infrastructure efficiency,Nominal interest rate (R<sub>t</sub>),1.279
49,Infrastructure efficiency,Nominal interest rate (R<sub>t</sub>),1.241
50,Infrastructure efficiency,Nominal interest rate (R<sub>t</sub>),1.205
51,Infrastructure efficiency,Nominal interest rate (R<sub>t</sub>),1.17
52,Infrastructure efficiency,Nominal interest rate (R<sub>t</sub>),1.135
53,Infrastructure efficiency,Nominal interest rate (R<sub>t</sub>),1.101
54,Infrastructure efficiency,Nominal interest rate (R<sub>t</sub>),1.068
55,Infrastructure efficiency,Nominal interest rate (R<sub>t</sub>),1.036
56,Infrastructure efficiency,Nominal interest rate (R<sub>t</sub>),1.005
57,Infrastructure efficiency,Nominal interest rate (R<sub>t</sub>),0.975
58,Infrastructure efficiency,Nominal interest rate (R<sub>t</sub>),0.945
59,Infrastructure efficiency,Nominal interest rate (R<sub>t</sub>),0.917
60,Infrastructure efficiency,Nominal interest rate (R<sub>t</sub>),0.889
61,Infrastructure efficiency,Nominal interest rate (R<sub>t</sub>),0.861
62,Infrastructure efficiency,Nominal interest rate (R<sub>t</sub>),0.835
63,Infrastructure efficiency,Nominal interest rate (R<sub>t</sub>),0.809
64,Infrastructure efficiency,Nominal interest rate (R<sub>t</sub>),0.784
65,Infrastructure efficiency,Nominal interest rate (R<sub>t</sub>),0.76
66,Infrastructure efficiency,Nominal interest rate (R<sub>t</sub>),0.736
67,Infrastructure efficiency,Nominal interest rate (R<sub>t</sub>),0.714
68,Infrastructure efficiency,Nominal interest rate (R<sub>t</sub>),0.691
69,Infrastructure efficiency,Nominal interest rate (R<sub>t</sub>),0.67
70,Infrastructure efficiency,Nominal interest rate (R<sub>t</sub>),0.649
71,Infrastructure efficiency,Nominal interest rate (R<sub>t</sub>),0.629
72,Infrastructure efficiency,Nominal interest rate (R<sub>t</sub>),0.609
73,Infrastructure efficiency,Nominal interest rate (R<sub>t</sub>),0.59
74,Infrastructure efficiency,Nominal interest rate (R<sub>t</sub>),0.572
75,Infrastructure efficiency,Nominal interest rate (R<sub>t</sub>),0.554
76,Infrastructure efficiency,Nominal interest rate (R<sub>t</sub>),0.536
77,Infrastructure efficiency,Nominal interest rate (R<sub>t</sub>),0.519
78,Infrastructure efficiency,Nominal interest rate (R<sub>t</sub>),0.503
79,Infrastructure efficiency,Nominal interest rate (R<sub>t</sub>),0.487
80,Infrastructure efficiency,Nominal interest rate (R<sub>t</sub>),0.472
81,Infrastructure efficiency,Nominal interest rate (R<sub>t</sub>),0.457
82,Infrastructure efficiency,Nominal interest rate (R<sub>t</sub>),0.442
83,Infrastructure efficiency,Nominal interest rate (R<sub>t</sub>),0.428
84,Infrastructure efficiency,Nominal interest rate (R<sub>t</sub>),0.415
85,Infrastructure efficiency,Nominal interest rate (R<sub>t</sub>),0.402
86,Infrastructure efficiency,Nominal interest rate (R<sub>t</sub>),0.389
87,Infrastructure efficiency,Nominal interest rate (R<sub>t</sub>),0.377
88,Infrastructure efficiency,Nominal interest rate (R<sub>t</sub>),0.365
89,Infrastructure efficiency,Nominal interest rate (R<sub>t</sub>),0.353
90,Infrastructure efficiency,Nominal interest rate (R<sub>t</sub>),0.342
91,Infrastructure efficiency,Nominal interest rate (R<sub>t</sub>),0.331
92,Infrastructure efficiency,Nominal interest rate (R<sub>t</sub>),0.321
93,Infrastructure efficiency,Nominal interest rate (R<sub>t</sub>),0.311
94,Infrastructure efficiency,Nominal interest rate (R<sub>t</sub>),0.301
95,Infrastructure efficiency,Nominal interest rate (R<sub>t</sub>),0.291
96,Infrastructure efficiency,Nominal interest rate (R<sub>t</sub>),0.282
97,Infrastructure efficiency,Nominal interest rate (R<sub>t</sub>),0.273
98,Infrastructure efficiency,Nominal interest rate (R<sub>t</sub>),0.264
99,Infrastructure efficiency,Nominal interest rate (R<sub>t</sub>),0.256
100,Infrastructure efficiency,Nominal interest rate (R<sub>t</sub>),0.248
1,Human-capital efficiency,Nominal interest rate (R<sub>t</sub>),0.273
2,Human-capital efficiency,Nominal interest rate (R<sub>t</sub>),0.245
3,Human-capital efficiency,Nominal interest rate (R<sub>t</sub>),0.232
4,Human-capital efficiency,Nominal interest rate (R<sub>t</sub>),0.231
5,Human-capital efficiency,Nominal interest rate (R<sub>t</sub>),0.241
6,Human-capital efficiency,Nominal interest rate (R<sub>t</sub>),0.258
7,Human-capital efficiency,Nominal interest rate (R<sub>t</sub>),0.282
8,Human-capital efficiency,Nominal interest rate (R<sub>t</sub>),0.313
9,Human-capital efficiency,Nominal interest rate (R<sub>t</sub>),0.349
10,Human-capital efficiency,Nominal interest rate (R<sub>t</sub>),0.388
11,Human-capital efficiency,Nominal interest rate (R<sub>t</sub>),0.431
12,Human-capital efficiency,Nominal interest rate (R<sub>t</sub>),0.476
13,Human-capital efficiency,Nominal interest rate (R<sub>t</sub>),0.524
14,Human-capital efficiency,Nominal interest rate (R<sub>t</sub>),0.572
15,Human-capital efficiency,Nominal interest rate (R<sub>t</sub>),0.622
16,Human-capital efficiency,Nominal interest rate (R<sub>t</sub>),0.671
17,Human-capital efficiency,Nominal interest rate (R<sub>t</sub>),0.721
18,Human-capital efficiency,Nominal interest rate (R<sub>t</sub>),0.77
19,Human-capital efficiency,Nominal interest rate (R<sub>t</sub>),0.819
20,Human-capital efficiency,Nominal interest rate (R<sub>t</sub>),0.867
21,Human-capital efficiency,Nominal interest rate (R<sub>t</sub>),0.914
22,Human-capital efficiency,Nominal interest rate (R<sub>t</sub>),0.959
23,Human-capital efficiency,Nominal interest rate (R<sub>t</sub>),1.003
24,Human-capital efficiency,Nominal interest rate (R<sub>t</sub>),1.045
25,Human-capital efficiency,Nominal interest rate (R<sub>t</sub>),1.085
26,Human-capital efficiency,Nominal interest rate (R<sub>t</sub>),1.124
27,Human-capital efficiency,Nominal interest rate (R<sub>t</sub>),1.16
28,Human-capital efficiency,Nominal interest rate (R<sub>t</sub>),1.195
29,Human-capital efficiency,Nominal interest rate (R<sub>t</sub>),1.227
30,Human-capital efficiency,Nominal interest rate (R<sub>t</sub>),1.258
31,Human-capital efficiency,Nominal interest rate (R<sub>t</sub>),1.286
32,Human-capital efficiency,Nominal interest rate (R<sub>t</sub>),1.312
33,Human-capital efficiency,Nominal interest rate (R<sub>t</sub>),1.337
34,Human-capital efficiency,Nominal interest rate (R<sub>t</sub>),1.359
35,Human-capital efficiency,Nominal interest rate (R<sub>t</sub>),1.379
36,Human-capital efficiency,Nominal interest rate (R<sub>t</sub>),1.398
37,Human-capital efficiency,Nominal interest rate (R<sub>t</sub>),1.414
38,Human-capital efficiency,Nominal interest rate (R<sub>t</sub>),1.429
39,Human-capital efficiency,Nominal interest rate (R<sub>t</sub>),1.441
40,Human-capital efficiency,Nominal interest rate (R<sub>t</sub>),1.452
41,Human-capital efficiency,Nominal interest rate (R<sub>t</sub>),1.461
42,Human-capital efficiency,Nominal interest rate (R<sub>t</sub>),1.469
43,Human-capital efficiency,Nominal interest rate (R<sub>t</sub>),1.475
44,Human-capital efficiency,Nominal interest rate (R<sub>t</sub>),1.48
45,Human-capital efficiency,Nominal interest rate (R<sub>t</sub>),1.482
46,Human-capital efficiency,Nominal interest rate (R<sub>t</sub>),1.484
47,Human-capital efficiency,Nominal interest rate (R<sub>t</sub>),1.484
48,Human-capital efficiency,Nominal interest rate (R<sub>t</sub>),1.483
49,Human-capital efficiency,Nominal interest rate (R<sub>t</sub>),1.481
50,Human-capital efficiency,Nominal interest rate (R<sub>t</sub>),1.477
51,Human-capital efficiency,Nominal interest rate (R<sub>t</sub>),1.473
52,Human-capital efficiency,Nominal interest rate (R<sub>t</sub>),1.467
53,Human-capital efficiency,Nominal interest rate (R<sub>t</sub>),1.46
54,Human-capital efficiency,Nominal interest rate (R<sub>t</sub>),1.453
55,Human-capital efficiency,Nominal interest rate (R<sub>t</sub>),1.444
56,Human-capital efficiency,Nominal interest rate (R<sub>t</sub>),1.435
57,Human-capital efficiency,Nominal interest rate (R<sub>t</sub>),1.425
58,Human-capital efficiency,Nominal interest rate (R<sub>t</sub>),1.414
59,Human-capital efficiency,Nominal interest rate (R<sub>t</sub>),1.403
60,Human-capital efficiency,Nominal interest rate (R<sub>t</sub>),1.391
61,Human-capital efficiency,Nominal interest rate (R<sub>t</sub>),1.378
62,Human-capital efficiency,Nominal interest rate (R<sub>t</sub>),1.365
63,Human-capital efficiency,Nominal interest rate (R<sub>t</sub>),1.351
64,Human-capital efficiency,Nominal interest rate (R<sub>t</sub>),1.337
65,Human-capital efficiency,Nominal interest rate (R<sub>t</sub>),1.322
66,Human-capital efficiency,Nominal interest rate (R<sub>t</sub>),1.307
67,Human-capital efficiency,Nominal interest rate (R<sub>t</sub>),1.292
68,Human-capital efficiency,Nominal interest rate (R<sub>t</sub>),1.276
69,Human-capital efficiency,Nominal interest rate (R<sub>t</sub>),1.26
70,Human-capital efficiency,Nominal interest rate (R<sub>t</sub>),1.244
71,Human-capital efficiency,Nominal interest rate (R<sub>t</sub>),1.228
72,Human-capital efficiency,Nominal interest rate (R<sub>t</sub>),1.211
73,Human-capital efficiency,Nominal interest rate (R<sub>t</sub>),1.194
74,Human-capital efficiency,Nominal interest rate (R<sub>t</sub>),1.177
75,Human-capital efficiency,Nominal interest rate (R<sub>t</sub>),1.16
76,Human-capital efficiency,Nominal interest rate (R<sub>t</sub>),1.143
77,Human-capital efficiency,Nominal interest rate (R<sub>t</sub>),1.126
78,Human-capital efficiency,Nominal interest rate (R<sub>t</sub>),1.109
79,Human-capital efficiency,Nominal interest rate (R<sub>t</sub>),1.091
80,Human-capital efficiency,Nominal interest rate (R<sub>t</sub>),1.074
81,Human-capital efficiency,Nominal interest rate (R<sub>t</sub>),1.057
82,Human-capital efficiency,Nominal interest rate (R<sub>t</sub>),1.04
83,Human-capital efficiency,Nominal interest rate (R<sub>t</sub>),1.023
84,Human-capital efficiency,Nominal interest rate (R<sub>t</sub>),1.005
85,Human-capital efficiency,Nominal interest rate (R<sub>t</sub>),0.988
86,Human-capital efficiency,Nominal interest rate (R<sub>t</sub>),0.971
87,Human-capital efficiency,Nominal interest rate (R<sub>t</sub>),0.954
88,Human-capital efficiency,Nominal interest rate (R<sub>t</sub>),0.938
89,Human-capital efficiency,Nominal interest rate (R<sub>t</sub>),0.921
90,Human-capital efficiency,Nominal interest rate (R<sub>t</sub>),0.904
91,Human-capital efficiency,Nominal interest rate (R<sub>t</sub>),0.888
92,Human-capital efficiency,Nominal interest rate (R<sub>t</sub>),0.872
93,Human-capital efficiency,Nominal interest rate (R<sub>t</sub>),0.856
94,Human-capital efficiency,Nominal interest rate (R<sub>t</sub>),0.84
95,Human-capital efficiency,Nominal interest rate (R<sub>t</sub>),0.824
96,Human-capital efficiency,Nominal interest rate (R<sub>t</sub>),0.808
97,Human-capital efficiency,Nominal interest rate (R<sub>t</sub>),0.793
98,Human-capital efficiency,Nominal interest rate (R<sub>t</sub>),0.777
99,Human-capital efficiency,Nominal interest rate (R<sub>t</sub>),0.762
100,Human-capital efficiency,Nominal interest rate (R<sub>t</sub>),0.747
1,Infrastructure efficiency,Real interest rate (R<sub>t</sub>/Π<sub>t</sub>),-0.087
2,Infrastructure efficiency,Real interest rate (R<sub>t</sub>/Π<sub>t</sub>),0.081
3,Infrastructure efficiency,Real interest rate (R<sub>t</sub>/Π<sub>t</sub>),0.211
4,Infrastructure efficiency,Real interest rate (R<sub>t</sub>/Π<sub>t</sub>),0.319
5,Infrastructure efficiency,Real interest rate (R<sub>t</sub>/Π<sub>t</sub>),0.413
6,Infrastructure efficiency,Real interest rate (R<sub>t</sub>/Π<sub>t</sub>),0.494
7,Infrastructure efficiency,Real interest rate (R<sub>t</sub>/Π<sub>t</sub>),0.565
8,Infrastructure efficiency,Real interest rate (R<sub>t</sub>/Π<sub>t</sub>),0.626
9,Infrastructure efficiency,Real interest rate (R<sub>t</sub>/Π<sub>t</sub>),0.679
10,Infrastructure efficiency,Real interest rate (R<sub>t</sub>/Π<sub>t</sub>),0.724
11,Infrastructure efficiency,Real interest rate (R<sub>t</sub>/Π<sub>t</sub>),0.762
12,Infrastructure efficiency,Real interest rate (R<sub>t</sub>/Π<sub>t</sub>),0.793
13,Infrastructure efficiency,Real interest rate (R<sub>t</sub>/Π<sub>t</sub>),0.819
14,Infrastructure efficiency,Real interest rate (R<sub>t</sub>/Π<sub>t</sub>),0.84
15,Infrastructure efficiency,Real interest rate (R<sub>t</sub>/Π<sub>t</sub>),0.855
16,Infrastructure efficiency,Real interest rate (R<sub>t</sub>/Π<sub>t</sub>),0.867
17,Infrastructure efficiency,Real interest rate (R<sub>t</sub>/Π<sub>t</sub>),0.875
18,Infrastructure efficiency,Real interest rate (R<sub>t</sub>/Π<sub>t</sub>),0.879
19,Infrastructure efficiency,Real interest rate (R<sub>t</sub>/Π<sub>t</sub>),0.881
20,Infrastructure efficiency,Real interest rate (R<sub>t</sub>/Π<sub>t</sub>),0.88
21,Infrastructure efficiency,Real interest rate (R<sub>t</sub>/Π<sub>t</sub>),0.877
22,Infrastructure efficiency,Real interest rate (R<sub>t</sub>/Π<sub>t</sub>),0.871
23,Infrastructure efficiency,Real interest rate (R<sub>t</sub>/Π<sub>t</sub>),0.864
24,Infrastructure efficiency,Real interest rate (R<sub>t</sub>/Π<sub>t</sub>),0.855
25,Infrastructure efficiency,Real interest rate (R<sub>t</sub>/Π<sub>t</sub>),0.845
26,Infrastructure efficiency,Real interest rate (R<sub>t</sub>/Π<sub>t</sub>),0.834
27,Infrastructure efficiency,Real interest rate (R<sub>t</sub>/Π<sub>t</sub>),0.821
28,Infrastructure efficiency,Real interest rate (R<sub>t</sub>/Π<sub>t</sub>),0.808
29,Infrastructure efficiency,Real interest rate (R<sub>t</sub>/Π<sub>t</sub>),0.794
30,Infrastructure efficiency,Real interest rate (R<sub>t</sub>/Π<sub>t</sub>),0.78
31,Infrastructure efficiency,Real interest rate (R<sub>t</sub>/Π<sub>t</sub>),0.765
32,Infrastructure efficiency,Real interest rate (R<sub>t</sub>/Π<sub>t</sub>),0.749
33,Infrastructure efficiency,Real interest rate (R<sub>t</sub>/Π<sub>t</sub>),0.734
34,Infrastructure efficiency,Real interest rate (R<sub>t</sub>/Π<sub>t</sub>),0.718
35,Infrastructure efficiency,Real interest rate (R<sub>t</sub>/Π<sub>t</sub>),0.702
36,Infrastructure efficiency,Real interest rate (R<sub>t</sub>/Π<sub>t</sub>),0.686
37,Infrastructure efficiency,Real interest rate (R<sub>t</sub>/Π<sub>t</sub>),0.669
38,Infrastructure efficiency,Real interest rate (R<sub>t</sub>/Π<sub>t</sub>),0.653
39,Infrastructure efficiency,Real interest rate (R<sub>t</sub>/Π<sub>t</sub>),0.637
40,Infrastructure efficiency,Real interest rate (R<sub>t</sub>/Π<sub>t</sub>),0.621
41,Infrastructure efficiency,Real interest rate (R<sub>t</sub>/Π<sub>t</sub>),0.605
42,Infrastructure efficiency,Real interest rate (R<sub>t</sub>/Π<sub>t</sub>),0.59
43,Infrastructure efficiency,Real interest rate (R<sub>t</sub>/Π<sub>t</sub>),0.574
44,Infrastructure efficiency,Real interest rate (R<sub>t</sub>/Π<sub>t</sub>),0.559
45,Infrastructure efficiency,Real interest rate (R<sub>t</sub>/Π<sub>t</sub>),0.544
46,Infrastructure efficiency,Real interest rate (R<sub>t</sub>/Π<sub>t</sub>),0.529
47,Infrastructure efficiency,Real interest rate (R<sub>t</sub>/Π<sub>t</sub>),0.514
48,Infrastructure efficiency,Real interest rate (R<sub>t</sub>/Π<sub>t</sub>),0.5
49,Infrastructure efficiency,Real interest rate (R<sub>t</sub>/Π<sub>t</sub>),0.486
50,Infrastructure efficiency,Real interest rate (R<sub>t</sub>/Π<sub>t</sub>),0.472
51,Infrastructure efficiency,Real interest rate (R<sub>t</sub>/Π<sub>t</sub>),0.458
52,Infrastructure efficiency,Real interest rate (R<sub>t</sub>/Π<sub>t</sub>),0.445
53,Infrastructure efficiency,Real interest rate (R<sub>t</sub>/Π<sub>t</sub>),0.432
54,Infrastructure efficiency,Real interest rate (R<sub>t</sub>/Π<sub>t</sub>),0.42
55,Infrastructure efficiency,Real interest rate (R<sub>t</sub>/Π<sub>t</sub>),0.407
56,Infrastructure efficiency,Real interest rate (R<sub>t</sub>/Π<sub>t</sub>),0.395
57,Infrastructure efficiency,Real interest rate (R<sub>t</sub>/Π<sub>t</sub>),0.384
58,Infrastructure efficiency,Real interest rate (R<sub>t</sub>/Π<sub>t</sub>),0.372
59,Infrastructure efficiency,Real interest rate (R<sub>t</sub>/Π<sub>t</sub>),0.361
60,Infrastructure efficiency,Real interest rate (R<sub>t</sub>/Π<sub>t</sub>),0.35
61,Infrastructure efficiency,Real interest rate (R<sub>t</sub>/Π<sub>t</sub>),0.34
62,Infrastructure efficiency,Real interest rate (R<sub>t</sub>/Π<sub>t</sub>),0.329
63,Infrastructure efficiency,Real interest rate (R<sub>t</sub>/Π<sub>t</sub>),0.319
64,Infrastructure efficiency,Real interest rate (R<sub>t</sub>/Π<sub>t</sub>),0.31
65,Infrastructure efficiency,Real interest rate (R<sub>t</sub>/Π<sub>t</sub>),0.3
66,Infrastructure efficiency,Real interest rate (R<sub>t</sub>/Π<sub>t</sub>),0.291
67,Infrastructure efficiency,Real interest rate (R<sub>t</sub>/Π<sub>t</sub>),0.282
68,Infrastructure efficiency,Real interest rate (R<sub>t</sub>/Π<sub>t</sub>),0.273
69,Infrastructure efficiency,Real interest rate (R<sub>t</sub>/Π<sub>t</sub>),0.265
70,Infrastructure efficiency,Real interest rate (R<sub>t</sub>/Π<sub>t</sub>),0.257
71,Infrastructure efficiency,Real interest rate (R<sub>t</sub>/Π<sub>t</sub>),0.249
72,Infrastructure efficiency,Real interest rate (R<sub>t</sub>/Π<sub>t</sub>),0.241
73,Infrastructure efficiency,Real interest rate (R<sub>t</sub>/Π<sub>t</sub>),0.234
74,Infrastructure efficiency,Real interest rate (R<sub>t</sub>/Π<sub>t</sub>),0.226
75,Infrastructure efficiency,Real interest rate (R<sub>t</sub>/Π<sub>t</sub>),0.219
76,Infrastructure efficiency,Real interest rate (R<sub>t</sub>/Π<sub>t</sub>),0.212
77,Infrastructure efficiency,Real interest rate (R<sub>t</sub>/Π<sub>t</sub>),0.206
78,Infrastructure efficiency,Real interest rate (R<sub>t</sub>/Π<sub>t</sub>),0.199
79,Infrastructure efficiency,Real interest rate (R<sub>t</sub>/Π<sub>t</sub>),0.193
80,Infrastructure efficiency,Real interest rate (R<sub>t</sub>/Π<sub>t</sub>),0.187
81,Infrastructure efficiency,Real interest rate (R<sub>t</sub>/Π<sub>t</sub>),0.181
82,Infrastructure efficiency,Real interest rate (R<sub>t</sub>/Π<sub>t</sub>),0.175
83,Infrastructure efficiency,Real interest rate (R<sub>t</sub>/Π<sub>t</sub>),0.17
84,Infrastructure efficiency,Real interest rate (R<sub>t</sub>/Π<sub>t</sub>),0.165
85,Infrastructure efficiency,Real interest rate (R<sub>t</sub>/Π<sub>t</sub>),0.159
86,Infrastructure efficiency,Real interest rate (R<sub>t</sub>/Π<sub>t</sub>),0.154
87,Infrastructure efficiency,Real interest rate (R<sub>t</sub>/Π<sub>t</sub>),0.149
88,Infrastructure efficiency,Real interest rate (R<sub>t</sub>/Π<sub>t</sub>),0.145
89,Infrastructure efficiency,Real interest rate (R<sub>t</sub>/Π<sub>t</sub>),0.14
90,Infrastructure efficiency,Real interest rate (R<sub>t</sub>/Π<sub>t</sub>),0.136
91,Infrastructure efficiency,Real interest rate (R<sub>t</sub>/Π<sub>t</sub>),0.131
92,Infrastructure efficiency,Real interest rate (R<sub>t</sub>/Π<sub>t</sub>),0.127
93,Infrastructure efficiency,Real interest rate (R<sub>t</sub>/Π<sub>t</sub>),0.123
94,Infrastructure efficiency,Real interest rate (R<sub>t</sub>/Π<sub>t</sub>),0.119
95,Infrastructure efficiency,Real interest rate (R<sub>t</sub>/Π<sub>t</sub>),0.116
96,Infrastructure efficiency,Real interest rate (R<sub>t</sub>/Π<sub>t</sub>),0.112
97,Infrastructure efficiency,Real interest rate (R<sub>t</sub>/Π<sub>t</sub>),0.108
98,Infrastructure efficiency,Real interest rate (R<sub>t</sub>/Π<sub>t</sub>),0.105
99,Infrastructure efficiency,Real interest rate (R<sub>t</sub>/Π<sub>t</sub>),0.102
100,Infrastructure efficiency,Real interest rate (R<sub>t</sub>/Π<sub>t</sub>),0.098
1,Human-capital efficiency,Real interest rate (R<sub>t</sub>/Π<sub>t</sub>),0.029
2,Human-capital efficiency,Real interest rate (R<sub>t</sub>/Π<sub>t</sub>),0.071
3,Human-capital efficiency,Real interest rate (R<sub>t</sub>/Π<sub>t</sub>),0.068
4,Human-capital efficiency,Real interest rate (R<sub>t</sub>/Π<sub>t</sub>),0.056
5,Human-capital efficiency,Real interest rate (R<sub>t</sub>/Π<sub>t</sub>),0.044
6,Human-capital efficiency,Real interest rate (R<sub>t</sub>/Π<sub>t</sub>),0.037
7,Human-capital efficiency,Real interest rate (R<sub>t</sub>/Π<sub>t</sub>),0.033
8,Human-capital efficiency,Real interest rate (R<sub>t</sub>/Π<sub>t</sub>),0.033
9,Human-capital efficiency,Real interest rate (R<sub>t</sub>/Π<sub>t</sub>),0.037
10,Human-capital efficiency,Real interest rate (R<sub>t</sub>/Π<sub>t</sub>),0.043
11,Human-capital efficiency,Real interest rate (R<sub>t</sub>/Π<sub>t</sub>),0.052
12,Human-capital efficiency,Real interest rate (R<sub>t</sub>/Π<sub>t</sub>),0.064
13,Human-capital efficiency,Real interest rate (R<sub>t</sub>/Π<sub>t</sub>),0.077
14,Human-capital efficiency,Real interest rate (R<sub>t</sub>/Π<sub>t</sub>),0.091
15,Human-capital efficiency,Real interest rate (R<sub>t</sub>/Π<sub>t</sub>),0.107
16,Human-capital efficiency,Real interest rate (R<sub>t</sub>/Π<sub>t</sub>),0.123
17,Human-capital efficiency,Real interest rate (R<sub>t</sub>/Π<sub>t</sub>),0.14
18,Human-capital efficiency,Real interest rate (R<sub>t</sub>/Π<sub>t</sub>),0.158
19,Human-capital efficiency,Real interest rate (R<sub>t</sub>/Π<sub>t</sub>),0.176
20,Human-capital efficiency,Real interest rate (R<sub>t</sub>/Π<sub>t</sub>),0.194
21,Human-capital efficiency,Real interest rate (R<sub>t</sub>/Π<sub>t</sub>),0.212
22,Human-capital efficiency,Real interest rate (R<sub>t</sub>/Π<sub>t</sub>),0.23
23,Human-capital efficiency,Real interest rate (R<sub>t</sub>/Π<sub>t</sub>),0.248
24,Human-capital efficiency,Real interest rate (R<sub>t</sub>/Π<sub>t</sub>),0.266
25,Human-capital efficiency,Real interest rate (R<sub>t</sub>/Π<sub>t</sub>),0.283
26,Human-capital efficiency,Real interest rate (R<sub>t</sub>/Π<sub>t</sub>),0.299
27,Human-capital efficiency,Real interest rate (R<sub>t</sub>/Π<sub>t</sub>),0.315
28,Human-capital efficiency,Real interest rate (R<sub>t</sub>/Π<sub>t</sub>),0.331
29,Human-capital efficiency,Real interest rate (R<sub>t</sub>/Π<sub>t</sub>),0.346
30,Human-capital efficiency,Real interest rate (R<sub>t</sub>/Π<sub>t</sub>),0.36
31,Human-capital efficiency,Real interest rate (R<sub>t</sub>/Π<sub>t</sub>),0.374
32,Human-capital efficiency,Real interest rate (R<sub>t</sub>/Π<sub>t</sub>),0.387
33,Human-capital efficiency,Real interest rate (R<sub>t</sub>/Π<sub>t</sub>),0.399
34,Human-capital efficiency,Real interest rate (R<sub>t</sub>/Π<sub>t</sub>),0.41
35,Human-capital efficiency,Real interest rate (R<sub>t</sub>/Π<sub>t</sub>),0.421
36,Human-capital efficiency,Real interest rate (R<sub>t</sub>/Π<sub>t</sub>),0.431
37,Human-capital efficiency,Real interest rate (R<sub>t</sub>/Π<sub>t</sub>),0.44
38,Human-capital efficiency,Real interest rate (R<sub>t</sub>/Π<sub>t</sub>),0.448
39,Human-capital efficiency,Real interest rate (R<sub>t</sub>/Π<sub>t</sub>),0.456
40,Human-capital efficiency,Real interest rate (R<sub>t</sub>/Π<sub>t</sub>),0.463
41,Human-capital efficiency,Real interest rate (R<sub>t</sub>/Π<sub>t</sub>),0.47
42,Human-capital efficiency,Real interest rate (R<sub>t</sub>/Π<sub>t</sub>),0.476
43,Human-capital efficiency,Real interest rate (R<sub>t</sub>/Π<sub>t</sub>),0.481
44,Human-capital efficiency,Real interest rate (R<sub>t</sub>/Π<sub>t</sub>),0.485
45,Human-capital efficiency,Real interest rate (R<sub>t</sub>/Π<sub>t</sub>),0.489
46,Human-capital efficiency,Real interest rate (R<sub>t</sub>/Π<sub>t</sub>),0.492
47,Human-capital efficiency,Real interest rate (R<sub>t</sub>/Π<sub>t</sub>),0.495
48,Human-capital efficiency,Real interest rate (R<sub>t</sub>/Π<sub>t</sub>),0.497
49,Human-capital efficiency,Real interest rate (R<sub>t</sub>/Π<sub>t</sub>),0.499
50,Human-capital efficiency,Real interest rate (R<sub>t</sub>/Π<sub>t</sub>),0.5
51,Human-capital efficiency,Real interest rate (R<sub>t</sub>/Π<sub>t</sub>),0.5
52,Human-capital efficiency,Real interest rate (R<sub>t</sub>/Π<sub>t</sub>),0.501
53,Human-capital efficiency,Real interest rate (R<sub>t</sub>/Π<sub>t</sub>),0.5
54,Human-capital efficiency,Real interest rate (R<sub>t</sub>/Π<sub>t</sub>),0.5
55,Human-capital efficiency,Real interest rate (R<sub>t</sub>/Π<sub>t</sub>),0.498
56,Human-capital efficiency,Real interest rate (R<sub>t</sub>/Π<sub>t</sub>),0.497
57,Human-capital efficiency,Real interest rate (R<sub>t</sub>/Π<sub>t</sub>),0.495
58,Human-capital efficiency,Real interest rate (R<sub>t</sub>/Π<sub>t</sub>),0.493
59,Human-capital efficiency,Real interest rate (R<sub>t</sub>/Π<sub>t</sub>),0.49
60,Human-capital efficiency,Real interest rate (R<sub>t</sub>/Π<sub>t</sub>),0.488
61,Human-capital efficiency,Real interest rate (R<sub>t</sub>/Π<sub>t</sub>),0.485
62,Human-capital efficiency,Real interest rate (R<sub>t</sub>/Π<sub>t</sub>),0.481
63,Human-capital efficiency,Real interest rate (R<sub>t</sub>/Π<sub>t</sub>),0.478
64,Human-capital efficiency,Real interest rate (R<sub>t</sub>/Π<sub>t</sub>),0.474
65,Human-capital efficiency,Real interest rate (R<sub>t</sub>/Π<sub>t</sub>),0.47
66,Human-capital efficiency,Real interest rate (R<sub>t</sub>/Π<sub>t</sub>),0.465
67,Human-capital efficiency,Real interest rate (R<sub>t</sub>/Π<sub>t</sub>),0.461
68,Human-capital efficiency,Real interest rate (R<sub>t</sub>/Π<sub>t</sub>),0.456
69,Human-capital efficiency,Real interest rate (R<sub>t</sub>/Π<sub>t</sub>),0.452
70,Human-capital efficiency,Real interest rate (R<sub>t</sub>/Π<sub>t</sub>),0.447
71,Human-capital efficiency,Real interest rate (R<sub>t</sub>/Π<sub>t</sub>),0.442
72,Human-capital efficiency,Real interest rate (R<sub>t</sub>/Π<sub>t</sub>),0.436
73,Human-capital efficiency,Real interest rate (R<sub>t</sub>/Π<sub>t</sub>),0.431
74,Human-capital efficiency,Real interest rate (R<sub>t</sub>/Π<sub>t</sub>),0.426
75,Human-capital efficiency,Real interest rate (R<sub>t</sub>/Π<sub>t</sub>),0.42
76,Human-capital efficiency,Real interest rate (R<sub>t</sub>/Π<sub>t</sub>),0.415
77,Human-capital efficiency,Real interest rate (R<sub>t</sub>/Π<sub>t</sub>),0.409
78,Human-capital efficiency,Real interest rate (R<sub>t</sub>/Π<sub>t</sub>),0.403
79,Human-capital efficiency,Real interest rate (R<sub>t</sub>/Π<sub>t</sub>),0.398
80,Human-capital efficiency,Real interest rate (R<sub>t</sub>/Π<sub>t</sub>),0.392
81,Human-capital efficiency,Real interest rate (R<sub>t</sub>/Π<sub>t</sub>),0.386
82,Human-capital efficiency,Real interest rate (R<sub>t</sub>/Π<sub>t</sub>),0.38
83,Human-capital efficiency,Real interest rate (R<sub>t</sub>/Π<sub>t</sub>),0.375
84,Human-capital efficiency,Real interest rate (R<sub>t</sub>/Π<sub>t</sub>),0.369
85,Human-capital efficiency,Real interest rate (R<sub>t</sub>/Π<sub>t</sub>),0.363
86,Human-capital efficiency,Real interest rate (R<sub>t</sub>/Π<sub>t</sub>),0.357
87,Human-capital efficiency,Real interest rate (R<sub>t</sub>/Π<sub>t</sub>),0.351
88,Human-capital efficiency,Real interest rate (R<sub>t</sub>/Π<sub>t</sub>),0.346
89,Human-capital efficiency,Real interest rate (R<sub>t</sub>/Π<sub>t</sub>),0.34
90,Human-capital efficiency,Real interest rate (R<sub>t</sub>/Π<sub>t</sub>),0.334
91,Human-capital efficiency,Real interest rate (R<sub>t</sub>/Π<sub>t</sub>),0.328
92,Human-capital efficiency,Real interest rate (R<sub>t</sub>/Π<sub>t</sub>),0.323
93,Human-capital efficiency,Real interest rate (R<sub>t</sub>/Π<sub>t</sub>),0.317
94,Human-capital efficiency,Real interest rate (R<sub>t</sub>/Π<sub>t</sub>),0.311
95,Human-capital efficiency,Real interest rate (R<sub>t</sub>/Π<sub>t</sub>),0.306
96,Human-capital efficiency,Real interest rate (R<sub>t</sub>/Π<sub>t</sub>),0.3
97,Human-capital efficiency,Real interest rate (R<sub>t</sub>/Π<sub>t</sub>),0.295
98,Human-capital efficiency,Real interest rate (R<sub>t</sub>/Π<sub>t</sub>),0.289
99,Human-capital efficiency,Real interest rate (R<sub>t</sub>/Π<sub>t</sub>),0.284
100,Human-capital efficiency,Real interest rate (R<sub>t</sub>/Π<sub>t</sub>),0.278
1,Infrastructure efficiency,Primary deficit,-0.697
2,Infrastructure efficiency,Primary deficit,-0.129
3,Infrastructure efficiency,Primary deficit,-0.208
4,Infrastructure efficiency,Primary deficit,-0.234
5,Infrastructure efficiency,Primary deficit,-0.26
6,Infrastructure efficiency,Primary deficit,-0.288
7,Infrastructure efficiency,Primary deficit,-0.316
8,Infrastructure efficiency,Primary deficit,-0.346
9,Infrastructure efficiency,Primary deficit,-0.375
10,Infrastructure efficiency,Primary deficit,-0.406
11,Infrastructure efficiency,Primary deficit,-0.436
12,Infrastructure efficiency,Primary deficit,-0.466
13,Infrastructure efficiency,Primary deficit,-0.497
14,Infrastructure efficiency,Primary deficit,-0.527
15,Infrastructure efficiency,Primary deficit,-0.557
16,Infrastructure efficiency,Primary deficit,-0.587
17,Infrastructure efficiency,Primary deficit,-0.616
18,Infrastructure efficiency,Primary deficit,-0.644
19,Infrastructure efficiency,Primary deficit,-0.673
20,Infrastructure efficiency,Primary deficit,-0.7
21,Infrastructure efficiency,Primary deficit,-0.727
22,Infrastructure efficiency,Primary deficit,-0.753
23,Infrastructure efficiency,Primary deficit,-0.779
24,Infrastructure efficiency,Primary deficit,-0.804
25,Infrastructure efficiency,Primary deficit,-0.828
26,Infrastructure efficiency,Primary deficit,-0.851
27,Infrastructure efficiency,Primary deficit,-0.873
28,Infrastructure efficiency,Primary deficit,-0.895
29,Infrastructure efficiency,Primary deficit,-0.916
30,Infrastructure efficiency,Primary deficit,-0.936
31,Infrastructure efficiency,Primary deficit,-0.955
32,Infrastructure efficiency,Primary deficit,-0.974
33,Infrastructure efficiency,Primary deficit,-0.992
34,Infrastructure efficiency,Primary deficit,-1.009
35,Infrastructure efficiency,Primary deficit,-1.025
36,Infrastructure efficiency,Primary deficit,-1.04
37,Infrastructure efficiency,Primary deficit,-1.055
38,Infrastructure efficiency,Primary deficit,-1.069
39,Infrastructure efficiency,Primary deficit,-1.082
40,Infrastructure efficiency,Primary deficit,-1.094
41,Infrastructure efficiency,Primary deficit,-1.106
42,Infrastructure efficiency,Primary deficit,-1.117
43,Infrastructure efficiency,Primary deficit,-1.127
44,Infrastructure efficiency,Primary deficit,-1.137
45,Infrastructure efficiency,Primary deficit,-1.146
46,Infrastructure efficiency,Primary deficit,-1.154
47,Infrastructure efficiency,Primary deficit,-1.162
48,Infrastructure efficiency,Primary deficit,-1.169
49,Infrastructure efficiency,Primary deficit,-1.176
50,Infrastructure efficiency,Primary deficit,-1.182
51,Infrastructure efficiency,Primary deficit,-1.187
52,Infrastructure efficiency,Primary deficit,-1.192
53,Infrastructure efficiency,Primary deficit,-1.197
54,Infrastructure efficiency,Primary deficit,-1.2
55,Infrastructure efficiency,Primary deficit,-1.204
56,Infrastructure efficiency,Primary deficit,-1.207
57,Infrastructure efficiency,Primary deficit,-1.209
58,Infrastructure efficiency,Primary deficit,-1.211
59,Infrastructure efficiency,Primary deficit,-1.213
60,Infrastructure efficiency,Primary deficit,-1.214
61,Infrastructure efficiency,Primary deficit,-1.215
62,Infrastructure efficiency,Primary deficit,-1.215
63,Infrastructure efficiency,Primary deficit,-1.215
64,Infrastructure efficiency,Primary deficit,-1.215
65,Infrastructure efficiency,Primary deficit,-1.214
66,Infrastructure efficiency,Primary deficit,-1.213
67,Infrastructure efficiency,Primary deficit,-1.212
68,Infrastructure efficiency,Primary deficit,-1.21
69,Infrastructure efficiency,Primary deficit,-1.208
70,Infrastructure efficiency,Primary deficit,-1.206
71,Infrastructure efficiency,Primary deficit,-1.204
72,Infrastructure efficiency,Primary deficit,-1.201
73,Infrastructure efficiency,Primary deficit,-1.198
74,Infrastructure efficiency,Primary deficit,-1.194
75,Infrastructure efficiency,Primary deficit,-1.191
76,Infrastructure efficiency,Primary deficit,-1.187
77,Infrastructure efficiency,Primary deficit,-1.183
78,Infrastructure efficiency,Primary deficit,-1.179
79,Infrastructure efficiency,Primary deficit,-1.175
80,Infrastructure efficiency,Primary deficit,-1.17
81,Infrastructure efficiency,Primary deficit,-1.165
82,Infrastructure efficiency,Primary deficit,-1.16
83,Infrastructure efficiency,Primary deficit,-1.155
84,Infrastructure efficiency,Primary deficit,-1.15
85,Infrastructure efficiency,Primary deficit,-1.145
86,Infrastructure efficiency,Primary deficit,-1.139
87,Infrastructure efficiency,Primary deficit,-1.133
88,Infrastructure efficiency,Primary deficit,-1.127
89,Infrastructure efficiency,Primary deficit,-1.121
90,Infrastructure efficiency,Primary deficit,-1.115
91,Infrastructure efficiency,Primary deficit,-1.109
92,Infrastructure efficiency,Primary deficit,-1.103
93,Infrastructure efficiency,Primary deficit,-1.096
94,Infrastructure efficiency,Primary deficit,-1.09
95,Infrastructure efficiency,Primary deficit,-1.083
96,Infrastructure efficiency,Primary deficit,-1.077
97,Infrastructure efficiency,Primary deficit,-1.07
98,Infrastructure efficiency,Primary deficit,-1.063
99,Infrastructure efficiency,Primary deficit,-1.056
100,Infrastructure efficiency,Primary deficit,-1.049
1,Human-capital efficiency,Primary deficit,-0.295
2,Human-capital efficiency,Primary deficit,-0.097
3,Human-capital efficiency,Primary deficit,-0.11
4,Human-capital efficiency,Primary deficit,-0.103
5,Human-capital efficiency,Primary deficit,-0.096
6,Human-capital efficiency,Primary deficit,-0.088
7,Human-capital efficiency,Primary deficit,-0.082
8,Human-capital efficiency,Primary deficit,-0.076
9,Human-capital efficiency,Primary deficit,-0.071
10,Human-capital efficiency,Primary deficit,-0.067
11,Human-capital efficiency,Primary deficit,-0.064
12,Human-capital efficiency,Primary deficit,-0.062
13,Human-capital efficiency,Primary deficit,-0.061
14,Human-capital efficiency,Primary deficit,-0.061
15,Human-capital efficiency,Primary deficit,-0.061
16,Human-capital efficiency,Primary deficit,-0.063
17,Human-capital efficiency,Primary deficit,-0.065
18,Human-capital efficiency,Primary deficit,-0.068
19,Human-capital efficiency,Primary deficit,-0.072
20,Human-capital efficiency,Primary deficit,-0.077
21,Human-capital efficiency,Primary deficit,-0.082
22,Human-capital efficiency,Primary deficit,-0.088
23,Human-capital efficiency,Primary deficit,-0.095
24,Human-capital efficiency,Primary deficit,-0.103
25,Human-capital efficiency,Primary deficit,-0.111
26,Human-capital efficiency,Primary deficit,-0.12
27,Human-capital efficiency,Primary deficit,-0.129
28,Human-capital efficiency,Primary deficit,-0.139
29,Human-capital efficiency,Primary deficit,-0.149
30,Human-capital efficiency,Primary deficit,-0.16
31,Human-capital efficiency,Primary deficit,-0.171
32,Human-capital efficiency,Primary deficit,-0.183
33,Human-capital efficiency,Primary deficit,-0.195
34,Human-capital efficiency,Primary deficit,-0.207
35,Human-capital efficiency,Primary deficit,-0.219
36,Human-capital efficiency,Primary deficit,-0.232
37,Human-capital efficiency,Primary deficit,-0.245
38,Human-capital efficiency,Primary deficit,-0.258
39,Human-capital efficiency,Primary deficit,-0.271
40,Human-capital efficiency,Primary deficit,-0.285
41,Human-capital efficiency,Primary deficit,-0.298
42,Human-capital efficiency,Primary deficit,-0.312
43,Human-capital efficiency,Primary deficit,-0.326
44,Human-capital efficiency,Primary deficit,-0.339
45,Human-capital efficiency,Primary deficit,-0.353
46,Human-capital efficiency,Primary deficit,-0.367
47,Human-capital efficiency,Primary deficit,-0.38
48,Human-capital efficiency,Primary deficit,-0.394
49,Human-capital efficiency,Primary deficit,-0.408
50,Human-capital efficiency,Primary deficit,-0.421
51,Human-capital efficiency,Primary deficit,-0.434
52,Human-capital efficiency,Primary deficit,-0.448
53,Human-capital efficiency,Primary deficit,-0.461
54,Human-capital efficiency,Primary deficit,-0.474
55,Human-capital efficiency,Primary deficit,-0.487
56,Human-capital efficiency,Primary deficit,-0.499
57,Human-capital efficiency,Primary deficit,-0.512
58,Human-capital efficiency,Primary deficit,-0.524
59,Human-capital efficiency,Primary deficit,-0.536
60,Human-capital efficiency,Primary deficit,-0.548
61,Human-capital efficiency,Primary deficit,-0.56
62,Human-capital efficiency,Primary deficit,-0.571
63,Human-capital efficiency,Primary deficit,-0.582
64,Human-capital efficiency,Primary deficit,-0.593
65,Human-capital efficiency,Primary deficit,-0.604
66,Human-capital efficiency,Primary deficit,-0.614
67,Human-capital efficiency,Primary deficit,-0.625
68,Human-capital efficiency,Primary deficit,-0.635
69,Human-capital efficiency,Primary deficit,-0.644
70,Human-capital efficiency,Primary deficit,-0.654
71,Human-capital efficiency,Primary deficit,-0.663
72,Human-capital efficiency,Primary deficit,-0.672
73,Human-capital efficiency,Primary deficit,-0.681
74,Human-capital efficiency,Primary deficit,-0.689
75,Human-capital efficiency,Primary deficit,-0.697
76,Human-capital efficiency,Primary deficit,-0.705
77,Human-capital efficiency,Primary deficit,-0.713
78,Human-capital efficiency,Primary deficit,-0.72
79,Human-capital efficiency,Primary deficit,-0.727
80,Human-capital efficiency,Primary deficit,-0.734
81,Human-capital efficiency,Primary deficit,-0.74
82,Human-capital efficiency,Primary deficit,-0.746
83,Human-capital efficiency,Primary deficit,-0.752
84,Human-capital efficiency,Primary deficit,-0.758
85,Human-capital efficiency,Primary deficit,-0.764
86,Human-capital efficiency,Primary deficit,-0.769
87,Human-capital efficiency,Primary deficit,-0.774
88,Human-capital efficiency,Primary deficit,-0.778
89,Human-capital efficiency,Primary deficit,-0.783
90,Human-capital efficiency,Primary deficit,-0.787
91,Human-capital efficiency,Primary deficit,-0.791
92,Human-capital efficiency,Primary deficit,-0.795
93,Human-capital efficiency,Primary deficit,-0.798
94,Human-capital efficiency,Primary deficit,-0.802
95,Human-capital efficiency,Primary deficit,-0.805
96,Human-capital efficiency,Primary deficit,-0.807
97,Human-capital efficiency,Primary deficit,-0.81
98,Human-capital efficiency,Primary deficit,-0.812
99,Human-capital efficiency,Primary deficit,-0.814
100,Human-capital efficiency,Primary deficit,-0.816
1,Infrastructure efficiency,Transfers (T<sub>t</sub>),0.0
2,Infrastructure efficiency,Transfers (T<sub>t</sub>),0.041
3,Infrastructure efficiency,Transfers (T<sub>t</sub>),0.001
4,Infrastructure efficiency,Transfers (T<sub>t</sub>),0.011
5,Infrastructure efficiency,Transfers (T<sub>t</sub>),0.02
6,Infrastructure efficiency,Transfers (T<sub>t</sub>),0.029
7,Infrastructure efficiency,Transfers (T<sub>t</sub>),0.037
8,Infrastructure efficiency,Transfers (T<sub>t</sub>),0.045
9,Infrastructure efficiency,Transfers (T<sub>t</sub>),0.052
10,Infrastructure efficiency,Transfers (T<sub>t</sub>),0.059
11,Infrastructure efficiency,Transfers (T<sub>t</sub>),0.066
12,Infrastructure efficiency,Transfers (T<sub>t</sub>),0.073
13,Infrastructure efficiency,Transfers (T<sub>t</sub>),0.08
14,Infrastructure efficiency,Transfers (T<sub>t</sub>),0.086
15,Infrastructure efficiency,Transfers (T<sub>t</sub>),0.093
16,Infrastructure efficiency,Transfers (T<sub>t</sub>),0.099
17,Infrastructure efficiency,Transfers (T<sub>t</sub>),0.106
18,Infrastructure efficiency,Transfers (T<sub>t</sub>),0.113
19,Infrastructure efficiency,Transfers (T<sub>t</sub>),0.119
20,Infrastructure efficiency,Transfers (T<sub>t</sub>),0.126
21,Infrastructure efficiency,Transfers (T<sub>t</sub>),0.133
22,Infrastructure efficiency,Transfers (T<sub>t</sub>),0.14
23,Infrastructure efficiency,Transfers (T<sub>t</sub>),0.147
24,Infrastructure efficiency,Transfers (T<sub>t</sub>),0.154
25,Infrastructure efficiency,Transfers (T<sub>t</sub>),0.162
26,Infrastructure efficiency,Transfers (T<sub>t</sub>),0.169
27,Infrastructure efficiency,Transfers (T<sub>t</sub>),0.177
28,Infrastructure efficiency,Transfers (T<sub>t</sub>),0.185
29,Infrastructure efficiency,Transfers (T<sub>t</sub>),0.193
30,Infrastructure efficiency,Transfers (T<sub>t</sub>),0.201
31,Infrastructure efficiency,Transfers (T<sub>t</sub>),0.209
32,Infrastructure efficiency,Transfers (T<sub>t</sub>),0.218
33,Infrastructure efficiency,Transfers (T<sub>t</sub>),0.226
34,Infrastructure efficiency,Transfers (T<sub>t</sub>),0.235
35,Infrastructure efficiency,Transfers (T<sub>t</sub>),0.244
36,Infrastructure efficiency,Transfers (T<sub>t</sub>),0.253
37,Infrastructure efficiency,Transfers (T<sub>t</sub>),0.262
38,Infrastructure efficiency,Transfers (T<sub>t</sub>),0.271
39,Infrastructure efficiency,Transfers (T<sub>t</sub>),0.28
40,Infrastructure efficiency,Transfers (T<sub>t</sub>),0.29
41,Infrastructure efficiency,Transfers (T<sub>t</sub>),0.3
42,Infrastructure efficiency,Transfers (T<sub>t</sub>),0.309
43,Infrastructure efficiency,Transfers (T<sub>t</sub>),0.319
44,Infrastructure efficiency,Transfers (T<sub>t</sub>),0.329
45,Infrastructure efficiency,Transfers (T<sub>t</sub>),0.339
46,Infrastructure efficiency,Transfers (T<sub>t</sub>),0.349
47,Infrastructure efficiency,Transfers (T<sub>t</sub>),0.359
48,Infrastructure efficiency,Transfers (T<sub>t</sub>),0.37
49,Infrastructure efficiency,Transfers (T<sub>t</sub>),0.38
50,Infrastructure efficiency,Transfers (T<sub>t</sub>),0.391
51,Infrastructure efficiency,Transfers (T<sub>t</sub>),0.401
52,Infrastructure efficiency,Transfers (T<sub>t</sub>),0.412
53,Infrastructure efficiency,Transfers (T<sub>t</sub>),0.422
54,Infrastructure efficiency,Transfers (T<sub>t</sub>),0.433
55,Infrastructure efficiency,Transfers (T<sub>t</sub>),0.444
56,Infrastructure efficiency,Transfers (T<sub>t</sub>),0.455
57,Infrastructure efficiency,Transfers (T<sub>t</sub>),0.466
58,Infrastructure efficiency,Transfers (T<sub>t</sub>),0.477
59,Infrastructure efficiency,Transfers (T<sub>t</sub>),0.488
60,Infrastructure efficiency,Transfers (T<sub>t</sub>),0.499
61,Infrastructure efficiency,Transfers (T<sub>t</sub>),0.51
62,Infrastructure efficiency,Transfers (T<sub>t</sub>),0.521
63,Infrastructure efficiency,Transfers (T<sub>t</sub>),0.532
64,Infrastructure efficiency,Transfers (T<sub>t</sub>),0.543
65,Infrastructure efficiency,Transfers (T<sub>t</sub>),0.554
66,Infrastructure efficiency,Transfers (T<sub>t</sub>),0.565
67,Infrastructure efficiency,Transfers (T<sub>t</sub>),0.577
68,Infrastructure efficiency,Transfers (T<sub>t</sub>),0.588
69,Infrastructure efficiency,Transfers (T<sub>t</sub>),0.599
70,Infrastructure efficiency,Transfers (T<sub>t</sub>),0.61
71,Infrastructure efficiency,Transfers (T<sub>t</sub>),0.621
72,Infrastructure efficiency,Transfers (T<sub>t</sub>),0.633
73,Infrastructure efficiency,Transfers (T<sub>t</sub>),0.644
74,Infrastructure efficiency,Transfers (T<sub>t</sub>),0.655
75,Infrastructure efficiency,Transfers (T<sub>t</sub>),0.666
76,Infrastructure efficiency,Transfers (T<sub>t</sub>),0.677
77,Infrastructure efficiency,Transfers (T<sub>t</sub>),0.688
78,Infrastructure efficiency,Transfers (T<sub>t</sub>),0.7
79,Infrastructure efficiency,Transfers (T<sub>t</sub>),0.711
80,Infrastructure efficiency,Transfers (T<sub>t</sub>),0.722
81,Infrastructure efficiency,Transfers (T<sub>t</sub>),0.733
82,Infrastructure efficiency,Transfers (T<sub>t</sub>),0.744
83,Infrastructure efficiency,Transfers (T<sub>t</sub>),0.755
84,Infrastructure efficiency,Transfers (T<sub>t</sub>),0.766
85,Infrastructure efficiency,Transfers (T<sub>t</sub>),0.777
86,Infrastructure efficiency,Transfers (T<sub>t</sub>),0.788
87,Infrastructure efficiency,Transfers (T<sub>t</sub>),0.799
88,Infrastructure efficiency,Transfers (T<sub>t</sub>),0.81
89,Infrastructure efficiency,Transfers (T<sub>t</sub>),0.821
90,Infrastructure efficiency,Transfers (T<sub>t</sub>),0.831
91,Infrastructure efficiency,Transfers (T<sub>t</sub>),0.842
92,Infrastructure efficiency,Transfers (T<sub>t</sub>),0.853
93,Infrastructure efficiency,Transfers (T<sub>t</sub>),0.864
94,Infrastructure efficiency,Transfers (T<sub>t</sub>),0.874
95,Infrastructure efficiency,Transfers (T<sub>t</sub>),0.885
96,Infrastructure efficiency,Transfers (T<sub>t</sub>),0.896
97,Infrastructure efficiency,Transfers (T<sub>t</sub>),0.906
98,Infrastructure efficiency,Transfers (T<sub>t</sub>),0.917
99,Infrastructure efficiency,Transfers (T<sub>t</sub>),0.927
100,Infrastructure efficiency,Transfers (T<sub>t</sub>),0.937
1,Human-capital efficiency,Transfers (T<sub>t</sub>),0.0
2,Human-capital efficiency,Transfers (T<sub>t</sub>),0.039
3,Human-capital efficiency,Transfers (T<sub>t</sub>),0.023
4,Human-capital efficiency,Transfers (T<sub>t</sub>),0.022
5,Human-capital efficiency,Transfers (T<sub>t</sub>),0.02
6,Human-capital efficiency,Transfers (T<sub>t</sub>),0.018
7,Human-capital efficiency,Transfers (T<sub>t</sub>),0.017
8,Human-capital efficiency,Transfers (T<sub>t</sub>),0.015
9,Human-capital efficiency,Transfers (T<sub>t</sub>),0.015
10,Human-capital efficiency,Transfers (T<sub>t</sub>),0.014
11,Human-capital efficiency,Transfers (T<sub>t</sub>),0.013
12,Human-capital efficiency,Transfers (T<sub>t</sub>),0.013
13,Human-capital efficiency,Transfers (T<sub>t</sub>),0.013
14,Human-capital efficiency,Transfers (T<sub>t</sub>),0.013
15,Human-capital efficiency,Transfers (T<sub>t</sub>),0.013
16,Human-capital efficiency,Transfers (T<sub>t</sub>),0.013
17,Human-capital efficiency,Transfers (T<sub>t</sub>),0.014
18,Human-capital efficiency,Transfers (T<sub>t</sub>),0.014
19,Human-capital efficiency,Transfers (T<sub>t</sub>),0.015
20,Human-capital efficiency,Transfers (T<sub>t</sub>),0.016
21,Human-capital efficiency,Transfers (T<sub>t</sub>),0.017
22,Human-capital efficiency,Transfers (T<sub>t</sub>),0.017
23,Human-capital efficiency,Transfers (T<sub>t</sub>),0.019
24,Human-capital efficiency,Transfers (T<sub>t</sub>),0.02
25,Human-capital efficiency,Transfers (T<sub>t</sub>),0.021
26,Human-capital efficiency,Transfers (T<sub>t</sub>),0.022
27,Human-capital efficiency,Transfers (T<sub>t</sub>),0.023
28,Human-capital efficiency,Transfers (T<sub>t</sub>),0.025
29,Human-capital efficiency,Transfers (T<sub>t</sub>),0.027
30,Human-capital efficiency,Transfers (T<sub>t</sub>),0.028
31,Human-capital efficiency,Transfers (T<sub>t</sub>),0.03
32,Human-capital efficiency,Transfers (T<sub>t</sub>),0.032
33,Human-capital efficiency,Transfers (T<sub>t</sub>),0.034
34,Human-capital efficiency,Transfers (T<sub>t</sub>),0.036
35,Human-capital efficiency,Transfers (T<sub>t</sub>),0.038
36,Human-capital efficiency,Transfers (T<sub>t</sub>),0.04
37,Human-capital efficiency,Transfers (T<sub>t</sub>),0.042
38,Human-capital efficiency,Transfers (T<sub>t</sub>),0.045
39,Human-capital efficiency,Transfers (T<sub>t</sub>),0.047
40,Human-capital efficiency,Transfers (T<sub>t</sub>),0.05
41,Human-capital efficiency,Transfers (T<sub>t</sub>),0.053
42,Human-capital efficiency,Transfers (T<sub>t</sub>),0.056
43,Human-capital efficiency,Transfers (T<sub>t</sub>),0.059
44,Human-capital efficiency,Transfers (T<sub>t</sub>),0.062
45,Human-capital efficiency,Transfers (T<sub>t</sub>),0.065
46,Human-capital efficiency,Transfers (T<sub>t</sub>),0.068
47,Human-capital efficiency,Transfers (T<sub>t</sub>),0.072
48,Human-capital efficiency,Transfers (T<sub>t</sub>),0.075
49,Human-capital efficiency,Transfers (T<sub>t</sub>),0.079
50,Human-capital efficiency,Transfers (T<sub>t</sub>),0.083
51,Human-capital efficiency,Transfers (T<sub>t</sub>),0.087
52,Human-capital efficiency,Transfers (T<sub>t</sub>),0.091
53,Human-capital efficiency,Transfers (T<sub>t</sub>),0.095
54,Human-capital efficiency,Transfers (T<sub>t</sub>),0.099
55,Human-capital efficiency,Transfers (T<sub>t</sub>),0.104
56,Human-capital efficiency,Transfers (T<sub>t</sub>),0.108
57,Human-capital efficiency,Transfers (T<sub>t</sub>),0.113
58,Human-capital efficiency,Transfers (T<sub>t</sub>),0.117
59,Human-capital efficiency,Transfers (T<sub>t</sub>),0.122
60,Human-capital efficiency,Transfers (T<sub>t</sub>),0.127
61,Human-capital efficiency,Transfers (T<sub>t</sub>),0.132
62,Human-capital efficiency,Transfers (T<sub>t</sub>),0.137
63,Human-capital efficiency,Transfers (T<sub>t</sub>),0.142
64,Human-capital efficiency,Transfers (T<sub>t</sub>),0.148
65,Human-capital efficiency,Transfers (T<sub>t</sub>),0.153
66,Human-capital efficiency,Transfers (T<sub>t</sub>),0.159
67,Human-capital efficiency,Transfers (T<sub>t</sub>),0.164
68,Human-capital efficiency,Transfers (T<sub>t</sub>),0.17
69,Human-capital efficiency,Transfers (T<sub>t</sub>),0.176
70,Human-capital efficiency,Transfers (T<sub>t</sub>),0.182
71,Human-capital efficiency,Transfers (T<sub>t</sub>),0.188
72,Human-capital efficiency,Transfers (T<sub>t</sub>),0.194
73,Human-capital efficiency,Transfers (T<sub>t</sub>),0.2
74,Human-capital efficiency,Transfers (T<sub>t</sub>),0.206
75,Human-capital efficiency,Transfers (T<sub>t</sub>),0.212
76,Human-capital efficiency,Transfers (T<sub>t</sub>),0.219
77,Human-capital efficiency,Transfers (T<sub>t</sub>),0.225
78,Human-capital efficiency,Transfers (T<sub>t</sub>),0.232
79,Human-capital efficiency,Transfers (T<sub>t</sub>),0.239
80,Human-capital efficiency,Transfers (T<sub>t</sub>),0.245
81,Human-capital efficiency,Transfers (T<sub>t</sub>),0.252
82,Human-capital efficiency,Transfers (T<sub>t</sub>),0.259
83,Human-capital efficiency,Transfers (T<sub>t</sub>),0.266
84,Human-capital efficiency,Transfers (T<sub>t</sub>),0.273
85,Human-capital efficiency,Transfers (T<sub>t</sub>),0.28
86,Human-capital efficiency,Transfers (T<sub>t</sub>),0.287
87,Human-capital efficiency,Transfers (T<sub>t</sub>),0.294
88,Human-capital efficiency,Transfers (T<sub>t</sub>),0.301
89,Human-capital efficiency,Transfers (T<sub>t</sub>),0.308
90,Human-capital efficiency,Transfers (T<sub>t</sub>),0.316
91,Human-capital efficiency,Transfers (T<sub>t</sub>),0.323
92,Human-capital efficiency,Transfers (T<sub>t</sub>),0.331
93,Human-capital efficiency,Transfers (T<sub>t</sub>),0.338
94,Human-capital efficiency,Transfers (T<sub>t</sub>),0.345
95,Human-capital efficiency,Transfers (T<sub>t</sub>),0.353
96,Human-capital efficiency,Transfers (T<sub>t</sub>),0.361
97,Human-capital efficiency,Transfers (T<sub>t</sub>),0.368
98,Human-capital efficiency,Transfers (T<sub>t</sub>),0.376
99,Human-capital efficiency,Transfers (T<sub>t</sub>),0.383
100,Human-capital efficiency,Transfers (T<sub>t</sub>),0.391
1,Infrastructure efficiency,Debt-to-GDP ratio (b<sub>t</sub>),-1.322
2,Infrastructure efficiency,Debt-to-GDP ratio (b<sub>t</sub>),-1.517
3,Infrastructure efficiency,Debt-to-GDP ratio (b<sub>t</sub>),-1.719
4,Infrastructure efficiency,Debt-to-GDP ratio (b<sub>t</sub>),-1.886
5,Infrastructure efficiency,Debt-to-GDP ratio (b<sub>t</sub>),-2.028
6,Infrastructure efficiency,Debt-to-GDP ratio (b<sub>t</sub>),-2.15
7,Infrastructure efficiency,Debt-to-GDP ratio (b<sub>t</sub>),-2.26
8,Infrastructure efficiency,Debt-to-GDP ratio (b<sub>t</sub>),-2.364
9,Infrastructure efficiency,Debt-to-GDP ratio (b<sub>t</sub>),-2.467
10,Infrastructure efficiency,Debt-to-GDP ratio (b<sub>t</sub>),-2.573
11,Infrastructure efficiency,Debt-to-GDP ratio (b<sub>t</sub>),-2.687
12,Infrastructure efficiency,Debt-to-GDP ratio (b<sub>t</sub>),-2.813
13,Infrastructure efficiency,Debt-to-GDP ratio (b<sub>t</sub>),-2.953
14,Infrastructure efficiency,Debt-to-GDP ratio (b<sub>t</sub>),-3.11
15,Infrastructure efficiency,Debt-to-GDP ratio (b<sub>t</sub>),-3.286
16,Infrastructure efficiency,Debt-to-GDP ratio (b<sub>t</sub>),-3.485
17,Infrastructure efficiency,Debt-to-GDP ratio (b<sub>t</sub>),-3.707
18,Infrastructure efficiency,Debt-to-GDP ratio (b<sub>t</sub>),-3.954
19,Infrastructure efficiency,Debt-to-GDP ratio (b<sub>t</sub>),-4.227
20,Infrastructure efficiency,Debt-to-GDP ratio (b<sub>t</sub>),-4.527
21,Infrastructure efficiency,Debt-to-GDP ratio (b<sub>t</sub>),-4.855
22,Infrastructure efficiency,Debt-to-GDP ratio (b<sub>t</sub>),-5.211
23,Infrastructure efficiency,Debt-to-GDP ratio (b<sub>t</sub>),-5.597
24,Infrastructure efficiency,Debt-to-GDP ratio (b<sub>t</sub>),-6.011
25,Infrastructure efficiency,Debt-to-GDP ratio (b<sub>t</sub>),-6.455
26,Infrastructure efficiency,Debt-to-GDP ratio (b<sub>t</sub>),-6.928
27,Infrastructure efficiency,Debt-to-GDP ratio (b<sub>t</sub>),-7.429
28,Infrastructure efficiency,Debt-to-GDP ratio (b<sub>t</sub>),-7.96
29,Infrastructure efficiency,Debt-to-GDP ratio (b<sub>t</sub>),-8.52
30,Infrastructure efficiency,Debt-to-GDP ratio (b<sub>t</sub>),-9.107
31,Infrastructure efficiency,Debt-to-GDP ratio (b<sub>t</sub>),-9.722
32,Infrastructure efficiency,Debt-to-GDP ratio (b<sub>t</sub>),-10.365
33,Infrastructure efficiency,Debt-to-GDP ratio (b<sub>t</sub>),-11.034
34,Infrastructure efficiency,Debt-to-GDP ratio (b<sub>t</sub>),-11.73
35,Infrastructure efficiency,Debt-to-GDP ratio (b<sub>t</sub>),-12.45
36,Infrastructure efficiency,Debt-to-GDP ratio (b<sub>t</sub>),-13.196
37,Infrastructure efficiency,Debt-to-GDP ratio (b<sub>t</sub>),-13.966
38,Infrastructure efficiency,Debt-to-GDP ratio (b<sub>t</sub>),-14.759
39,Infrastructure efficiency,Debt-to-GDP ratio (b<sub>t</sub>),-15.575
40,Infrastructure efficiency,Debt-to-GDP ratio (b<sub>t</sub>),-16.413
41,Infrastructure efficiency,Debt-to-GDP ratio (b<sub>t</sub>),-17.272
42,Infrastructure efficiency,Debt-to-GDP ratio (b<sub>t</sub>),-18.152
43,Infrastructure efficiency,Debt-to-GDP ratio (b<sub>t</sub>),-19.051
44,Infrastructure efficiency,Debt-to-GDP ratio (b<sub>t</sub>),-19.97
45,Infrastructure efficiency,Debt-to-GDP ratio (b<sub>t</sub>),-20.906
46,Infrastructure efficiency,Debt-to-GDP ratio (b<sub>t</sub>),-21.861
47,Infrastructure efficiency,Debt-to-GDP ratio (b<sub>t</sub>),-22.832
48,Infrastructure efficiency,Debt-to-GDP ratio (b<sub>t</sub>),-23.819
49,Infrastructure efficiency,Debt-to-GDP ratio (b<sub>t</sub>),-24.821
50,Infrastructure efficiency,Debt-to-GDP ratio (b<sub>t</sub>),-25.838
51,Infrastructure efficiency,Debt-to-GDP ratio (b<sub>t</sub>),-26.869
52,Infrastructure efficiency,Debt-to-GDP ratio (b<sub>t</sub>),-27.914
53,Infrastructure efficiency,Debt-to-GDP ratio (b<sub>t</sub>),-28.971
54,Infrastructure efficiency,Debt-to-GDP ratio (b<sub>t</sub>),-30.039
55,Infrastructure efficiency,Debt-to-GDP ratio (b<sub>t</sub>),-31.119
56,Infrastructure efficiency,Debt-to-GDP ratio (b<sub>t</sub>),-32.21
57,Infrastructure efficiency,Debt-to-GDP ratio (b<sub>t</sub>),-33.311
58,Infrastructure efficiency,Debt-to-GDP ratio (b<sub>t</sub>),-34.421
59,Infrastructure efficiency,Debt-to-GDP ratio (b<sub>t</sub>),-35.54
60,Infrastructure efficiency,Debt-to-GDP ratio (b<sub>t</sub>),-36.667
61,Infrastructure efficiency,Debt-to-GDP ratio (b<sub>t</sub>),-37.802
62,Infrastructure efficiency,Debt-to-GDP ratio (b<sub>t</sub>),-38.944
63,Infrastructure efficiency,Debt-to-GDP ratio (b<sub>t</sub>),-40.093
64,Infrastructure efficiency,Debt-to-GDP ratio (b<sub>t</sub>),-41.248
65,Infrastructure efficiency,Debt-to-GDP ratio (b<sub>t</sub>),-42.409
66,Infrastructure efficiency,Debt-to-GDP ratio (b<sub>t</sub>),-43.574
67,Infrastructure efficiency,Debt-to-GDP ratio (b<sub>t</sub>),-44.745
68,Infrastructure efficiency,Debt-to-GDP ratio (b<sub>t</sub>),-45.919
69,Infrastructure efficiency,Debt-to-GDP ratio (b<sub>t</sub>),-47.098
70,Infrastructure efficiency,Debt-to-GDP ratio (b<sub>t</sub>),-48.28
71,Infrastructure efficiency,Debt-to-GDP ratio (b<sub>t</sub>),-49.464
72,Infrastructure efficiency,Debt-to-GDP ratio (b<sub>t</sub>),-50.652
73,Infrastructure efficiency,Debt-to-GDP ratio (b<sub>t</sub>),-51.841
74,Infrastructure efficiency,Debt-to-GDP ratio (b<sub>t</sub>),-53.033
75,Infrastructure efficiency,Debt-to-GDP ratio (b<sub>t</sub>),-54.226
76,Infrastructure efficiency,Debt-to-GDP ratio (b<sub>t</sub>),-55.42
77,Infrastructure efficiency,Debt-to-GDP ratio (b<sub>t</sub>),-56.615
78,Infrastructure efficiency,Debt-to-GDP ratio (b<sub>t</sub>),-57.81
79,Infrastructure efficiency,Debt-to-GDP ratio (b<sub>t</sub>),-59.005
80,Infrastructure efficiency,Debt-to-GDP ratio (b<sub>t</sub>),-60.201
81,Infrastructure efficiency,Debt-to-GDP ratio (b<sub>t</sub>),-61.396
82,Infrastructure efficiency,Debt-to-GDP ratio (b<sub>t</sub>),-62.59
83,Infrastructure efficiency,Debt-to-GDP ratio (b<sub>t</sub>),-63.783
84,Infrastructure efficiency,Debt-to-GDP ratio (b<sub>t</sub>),-64.975
85,Infrastructure efficiency,Debt-to-GDP ratio (b<sub>t</sub>),-66.166
86,Infrastructure efficiency,Debt-to-GDP ratio (b<sub>t</sub>),-67.355
87,Infrastructure efficiency,Debt-to-GDP ratio (b<sub>t</sub>),-68.542
88,Infrastructure efficiency,Debt-to-GDP ratio (b<sub>t</sub>),-69.727
89,Infrastructure efficiency,Debt-to-GDP ratio (b<sub>t</sub>),-70.91
90,Infrastructure efficiency,Debt-to-GDP ratio (b<sub>t</sub>),-72.09
91,Infrastructure efficiency,Debt-to-GDP ratio (b<sub>t</sub>),-73.268
92,Infrastructure efficiency,Debt-to-GDP ratio (b<sub>t</sub>),-74.443
93,Infrastructure efficiency,Debt-to-GDP ratio (b<sub>t</sub>),-75.614
94,Infrastructure efficiency,Debt-to-GDP ratio (b<sub>t</sub>),-76.783
95,Infrastructure efficiency,Debt-to-GDP ratio (b<sub>t</sub>),-77.948
96,Infrastructure efficiency,Debt-to-GDP ratio (b<sub>t</sub>),-79.109
97,Infrastructure efficiency,Debt-to-GDP ratio (b<sub>t</sub>),-80.267
98,Infrastructure efficiency,Debt-to-GDP ratio (b<sub>t</sub>),-81.421
99,Infrastructure efficiency,Debt-to-GDP ratio (b<sub>t</sub>),-82.572
100,Infrastructure efficiency,Debt-to-GDP ratio (b<sub>t</sub>),-83.718
1,Human-capital efficiency,Debt-to-GDP ratio (b<sub>t</sub>),-0.407
2,Human-capital efficiency,Debt-to-GDP ratio (b<sub>t</sub>),-0.459
3,Human-capital efficiency,Debt-to-GDP ratio (b<sub>t</sub>),-0.533
4,Human-capital efficiency,Debt-to-GDP ratio (b<sub>t</sub>),-0.611
5,Human-capital efficiency,Debt-to-GDP ratio (b<sub>t</sub>),-0.691
6,Human-capital efficiency,Debt-to-GDP ratio (b<sub>t</sub>),-0.772
7,Human-capital efficiency,Debt-to-GDP ratio (b<sub>t</sub>),-0.851
8,Human-capital efficiency,Debt-to-GDP ratio (b<sub>t</sub>),-0.928
9,Human-capital efficiency,Debt-to-GDP ratio (b<sub>t</sub>),-1.0
10,Human-capital efficiency,Debt-to-GDP ratio (b<sub>t</sub>),-1.067
11,Human-capital efficiency,Debt-to-GDP ratio (b<sub>t</sub>),-1.129
12,Human-capital efficiency,Debt-to-GDP ratio (b<sub>t</sub>),-1.184
13,Human-capital efficiency,Debt-to-GDP ratio (b<sub>t</sub>),-1.233
14,Human-capital efficiency,Debt-to-GDP ratio (b<sub>t</sub>),-1.277
15,Human-capital efficiency,Debt-to-GDP ratio (b<sub>t</sub>),-1.314
16,Human-capital efficiency,Debt-to-GDP ratio (b<sub>t</sub>),-1.345
17,Human-capital efficiency,Debt-to-GDP ratio (b<sub>t</sub>),-1.37
18,Human-capital efficiency,Debt-to-GDP ratio (b<sub>t</sub>),-1.391
19,Human-capital efficiency,Debt-to-GDP ratio (b<sub>t</sub>),-1.407
20,Human-capital efficiency,Debt-to-GDP ratio (b<sub>t</sub>),-1.419
21,Human-capital efficiency,Debt-to-GDP ratio (b<sub>t</sub>),-1.428
22,Human-capital efficiency,Debt-to-GDP ratio (b<sub>t</sub>),-1.434
23,Human-capital efficiency,Debt-to-GDP ratio (b<sub>t</sub>),-1.439
24,Human-capital efficiency,Debt-to-GDP ratio (b<sub>t</sub>),-1.442
25,Human-capital efficiency,Debt-to-GDP ratio (b<sub>t</sub>),-1.445
26,Human-capital efficiency,Debt-to-GDP ratio (b<sub>t</sub>),-1.448
27,Human-capital efficiency,Debt-to-GDP ratio (b<sub>t</sub>),-1.453
28,Human-capital efficiency,Debt-to-GDP ratio (b<sub>t</sub>),-1.459
29,Human-capital efficiency,Debt-to-GDP ratio (b<sub>t</sub>),-1.468
30,Human-capital efficiency,Debt-to-GDP ratio (b<sub>t</sub>),-1.48
31,Human-capital efficiency,Debt-to-GDP ratio (b<sub>t</sub>),-1.496
32,Human-capital efficiency,Debt-to-GDP ratio (b<sub>t</sub>),-1.518
33,Human-capital efficiency,Debt-to-GDP ratio (b<sub>t</sub>),-1.544
34,Human-capital efficiency,Debt-to-GDP ratio (b<sub>t</sub>),-1.577
35,Human-capital efficiency,Debt-to-GDP ratio (b<sub>t</sub>),-1.617
36,Human-capital efficiency,Debt-to-GDP ratio (b<sub>t</sub>),-1.664
37,Human-capital efficiency,Debt-to-GDP ratio (b<sub>t</sub>),-1.719
38,Human-capital efficiency,Debt-to-GDP ratio (b<sub>t</sub>),-1.782
39,Human-capital efficiency,Debt-to-GDP ratio (b<sub>t</sub>),-1.855
40,Human-capital efficiency,Debt-to-GDP ratio (b<sub>t</sub>),-1.937
41,Human-capital efficiency,Debt-to-GDP ratio (b<sub>t</sub>),-2.029
42,Human-capital efficiency,Debt-to-GDP ratio (b<sub>t</sub>),-2.132
43,Human-capital efficiency,Debt-to-GDP ratio (b<sub>t</sub>),-2.246
44,Human-capital efficiency,Debt-to-GDP ratio (b<sub>t</sub>),-2.371
45,Human-capital efficiency,Debt-to-GDP ratio (b<sub>t</sub>),-2.507
46,Human-capital efficiency,Debt-to-GDP ratio (b<sub>t</sub>),-2.656
47,Human-capital efficiency,Debt-to-GDP ratio (b<sub>t</sub>),-2.817
48,Human-capital efficiency,Debt-to-GDP ratio (b<sub>t</sub>),-2.99
49,Human-capital efficiency,Debt-to-GDP ratio (b<sub>t</sub>),-3.176
50,Human-capital efficiency,Debt-to-GDP ratio (b<sub>t</sub>),-3.375
51,Human-capital efficiency,Debt-to-GDP ratio (b<sub>t</sub>),-3.587
52,Human-capital efficiency,Debt-to-GDP ratio (b<sub>t</sub>),-3.812
53,Human-capital efficiency,Debt-to-GDP ratio (b<sub>t</sub>),-4.051
54,Human-capital efficiency,Debt-to-GDP ratio (b<sub>t</sub>),-4.303
55,Human-capital efficiency,Debt-to-GDP ratio (b<sub>t</sub>),-4.569
56,Human-capital efficiency,Debt-to-GDP ratio (b<sub>t</sub>),-4.849
57,Human-capital efficiency,Debt-to-GDP ratio (b<sub>t</sub>),-5.142
58,Human-capital efficiency,Debt-to-GDP ratio (b<sub>t</sub>),-5.449
59,Human-capital efficiency,Debt-to-GDP ratio (b<sub>t</sub>),-5.77
60,Human-capital efficiency,Debt-to-GDP ratio (b<sub>t</sub>),-6.104
61,Human-capital efficiency,Debt-to-GDP ratio (b<sub>t</sub>),-6.453
62,Human-capital efficiency,Debt-to-GDP ratio (b<sub>t</sub>),-6.814
63,Human-capital efficiency,Debt-to-GDP ratio (b<sub>t</sub>),-7.19
64,Human-capital efficiency,Debt-to-GDP ratio (b<sub>t</sub>),-7.579
65,Human-capital efficiency,Debt-to-GDP ratio (b<sub>t</sub>),-7.981
66,Human-capital efficiency,Debt-to-GDP ratio (b<sub>t</sub>),-8.397
67,Human-capital efficiency,Debt-to-GDP ratio (b<sub>t</sub>),-8.825
68,Human-capital efficiency,Debt-to-GDP ratio (b<sub>t</sub>),-9.267
69,Human-capital efficiency,Debt-to-GDP ratio (b<sub>t</sub>),-9.721
70,Human-capital efficiency,Debt-to-GDP ratio (b<sub>t</sub>),-10.189
71,Human-capital efficiency,Debt-to-GDP ratio (b<sub>t</sub>),-10.668
72,Human-capital efficiency,Debt-to-GDP ratio (b<sub>t</sub>),-11.16
73,Human-capital efficiency,Debt-to-GDP ratio (b<sub>t</sub>),-11.665
74,Human-capital efficiency,Debt-to-GDP ratio (b<sub>t</sub>),-12.181
75,Human-capital efficiency,Debt-to-GDP ratio (b<sub>t</sub>),-12.709
76,Human-capital efficiency,Debt-to-GDP ratio (b<sub>t</sub>),-13.248
77,Human-capital efficiency,Debt-to-GDP ratio (b<sub>t</sub>),-13.799
78,Human-capital efficiency,Debt-to-GDP ratio (b<sub>t</sub>),-14.361
79,Human-capital efficiency,Debt-to-GDP ratio (b<sub>t</sub>),-14.934
80,Human-capital efficiency,Debt-to-GDP ratio (b<sub>t</sub>),-15.517
81,Human-capital efficiency,Debt-to-GDP ratio (b<sub>t</sub>),-16.111
82,Human-capital efficiency,Debt-to-GDP ratio (b<sub>t</sub>),-16.715
83,Human-capital efficiency,Debt-to-GDP ratio (b<sub>t</sub>),-17.329
84,Human-capital efficiency,Debt-to-GDP ratio (b<sub>t</sub>),-17.953
85,Human-capital efficiency,Debt-to-GDP ratio (b<sub>t</sub>),-18.586
86,Human-capital efficiency,Debt-to-GDP ratio (b<sub>t</sub>),-19.228
87,Human-capital efficiency,Debt-to-GDP ratio (b<sub>t</sub>),-19.879
88,Human-capital efficiency,Debt-to-GDP ratio (b<sub>t</sub>),-20.539
89,Human-capital efficiency,Debt-to-GDP ratio (b<sub>t</sub>),-21.208
90,Human-capital efficiency,Debt-to-GDP ratio (b<sub>t</sub>),-21.884
91,Human-capital efficiency,Debt-to-GDP ratio (b<sub>t</sub>),-22.569
92,Human-capital efficiency,Debt-to-GDP ratio (b<sub>t</sub>),-23.261
93,Human-capital efficiency,Debt-to-GDP ratio (b<sub>t</sub>),-23.961
94,Human-capital efficiency,Debt-to-GDP ratio (b<sub>t</sub>),-24.668
95,Human-capital efficiency,Debt-to-GDP ratio (b<sub>t</sub>),-25.381
96,Human-capital efficiency,Debt-to-GDP ratio (b<sub>t</sub>),-26.102
97,Human-capital efficiency,Debt-to-GDP ratio (b<sub>t</sub>),-26.829
98,Human-capital efficiency,Debt-to-GDP ratio (b<sub>t</sub>),-27.562
99,Human-capital efficiency,Debt-to-GDP ratio (b<sub>t</sub>),-28.301
100,Human-capital efficiency,Debt-to-GDP ratio (b<sub>t</sub>),-29.046
