horizon_quarter,experiment,variable,pct_dev
1,AE: Infrastructure investment,Output (Y<sup>d</sup><sub>t</sub>),0.283
2,AE: Infrastructure investment,Output (Y<sup>d</sup><sub>t</sub>),-0.16
3,AE: Infrastructure investment,Output (Y<sup>d</sup><sub>t</sub>),-0.101
4,AE: Infrastructure investment,Output (Y<sup>d</sup><sub>t</sub>),-0.051
5,AE: Infrastructure investment,Output (Y<sup>d</sup><sub>t</sub>),-0.004
6,AE: Infrastructure investment,Output (Y<sup>d</sup><sub>t</sub>),0.041
7,AE: Infrastructure investment,Output (Y<sup>d</sup><sub>t</sub>),0.087
8,AE: Infrastructure investment,Output (Y<sup>d</sup><sub>t</sub>),0.132
9,AE: Infrastructure investment,Output (Y<sup>d</sup><sub>t</sub>),0.176
10,AE: Infrastructure investment,Output (Y<sup>d</sup><sub>t</sub>),0.221
11,AE: Infrastructure investment,Output (Y<sup>d</sup><sub>t</sub>),0.265
12,AE: Infrastructure investment,Output (Y<sup>d</sup><sub>t</sub>),0.309
13,AE: Infrastructure investment,Output (Y<sup>d</sup><sub>t</sub>),0.353
14,AE: Infrastructure investment,Output (Y<sup>d</sup><sub>t</sub>),0.397
15,AE: Infrastructure investment,Output (Y<sup>d</sup><sub>t</sub>),0.44
16,AE: Infrastructure investment,Output (Y<sup>d</sup><sub>t</sub>),0.484
17,AE: Infrastructure investment,Output (Y<sup>d</sup><sub>t</sub>),0.528
18,AE: Infrastructure investment,Output (Y<sup>d</sup><sub>t</sub>),0.571
19,AE: Infrastructure investment,Output (Y<sup>d</sup><sub>t</sub>),0.615
20,AE: Infrastructure investment,Output (Y<sup>d</sup><sub>t</sub>),0.658
21,AE: Infrastructure investment,Output (Y<sup>d</sup><sub>t</sub>),0.702
22,AE: Infrastructure investment,Output (Y<sup>d</sup><sub>t</sub>),0.745
23,AE: Infrastructure investment,Output (Y<sup>d</sup><sub>t</sub>),0.788
24,AE: Infrastructure investment,Output (Y<sup>d</sup><sub>t</sub>),0.832
25,AE: Infrastructure investment,Output (Y<sup>d</sup><sub>t</sub>),0.875
26,AE: Infrastructure investment,Output (Y<sup>d</sup><sub>t</sub>),0.919
27,AE: Infrastructure investment,Output (Y<sup>d</sup><sub>t</sub>),0.962
28,AE: Infrastructure investment,Output (Y<sup>d</sup><sub>t</sub>),1.006
29,AE: Infrastructure investment,Output (Y<sup>d</sup><sub>t</sub>),1.049
30,AE: Infrastructure investment,Output (Y<sup>d</sup><sub>t</sub>),1.093
31,AE: Infrastructure investment,Output (Y<sup>d</sup><sub>t</sub>),1.136
32,AE: Infrastructure investment,Output (Y<sup>d</sup><sub>t</sub>),1.18
33,AE: Infrastructure investment,Output (Y<sup>d</sup><sub>t</sub>),1.224
34,AE: Infrastructure investment,Output (Y<sup>d</sup><sub>t</sub>),1.267
35,AE: Infrastructure investment,Output (Y<sup>d</sup><sub>t</sub>),1.311
36,AE: Infrastructure investment,Output (Y<sup>d</sup><sub>t</sub>),1.355
37,AE: Infrastructure investment,Output (Y<sup>d</sup><sub>t</sub>),1.399
38,AE: Infrastructure investment,Output (Y<sup>d</sup><sub>t</sub>),1.442
39,AE: Infrastructure investment,Output (Y<sup>d</sup><sub>t</sub>),1.486
40,AE: Infrastructure investment,Output (Y<sup>d</sup><sub>t</sub>),1.53
41,AE: Infrastructure investment,Output (Y<sup>d</sup><sub>t</sub>),1.574
42,AE: Infrastructure investment,Output (Y<sup>d</sup><sub>t</sub>),1.618
43,AE: Infrastructure investment,Output (Y<sup>d</sup><sub>t</sub>),1.662
44,AE: Infrastructure investment,Output (Y<sup>d</sup><sub>t</sub>),1.706
45,AE: Infrastructure investment,Output (Y<sup>d</sup><sub>t</sub>),1.75
46,AE: Infrastructure investment,Output (Y<sup>d</sup><sub>t</sub>),1.795
47,AE: Infrastructure investment,Output (Y<sup>d</sup><sub>t</sub>),1.839
48,AE: Infrastructure investment,Output (Y<sup>d</sup><sub>t</sub>),1.883
49,AE: Infrastructure investment,Output (Y<sup>d</sup><sub>t</sub>),1.927
50,AE: Infrastructure investment,Output (Y<sup>d</sup><sub>t</sub>),1.972
51,AE: Infrastructure investment,Output (Y<sup>d</sup><sub>t</sub>),2.016
52,AE: Infrastructure investment,Output (Y<sup>d</sup><sub>t</sub>),2.061
53,AE: Infrastructure investment,Output (Y<sup>d</sup><sub>t</sub>),2.105
54,AE: Infrastructure investment,Output (Y<sup>d</sup><sub>t</sub>),2.15
55,AE: Infrastructure investment,Output (Y<sup>d</sup><sub>t</sub>),2.194
56,AE: Infrastructure investment,Output (Y<sup>d</sup><sub>t</sub>),2.239
57,AE: Infrastructure investment,Output (Y<sup>d</sup><sub>t</sub>),2.283
58,AE: Infrastructure investment,Output (Y<sup>d</sup><sub>t</sub>),2.328
59,AE: Infrastructure investment,Output (Y<sup>d</sup><sub>t</sub>),2.373
60,AE: Infrastructure investment,Output (Y<sup>d</sup><sub>t</sub>),2.418
61,AE: Infrastructure investment,Output (Y<sup>d</sup><sub>t</sub>),2.462
62,AE: Infrastructure investment,Output (Y<sup>d</sup><sub>t</sub>),2.507
63,AE: Infrastructure investment,Output (Y<sup>d</sup><sub>t</sub>),2.552
64,AE: Infrastructure investment,Output (Y<sup>d</sup><sub>t</sub>),2.597
65,AE: Infrastructure investment,Output (Y<sup>d</sup><sub>t</sub>),2.642
66,AE: Infrastructure investment,Output (Y<sup>d</sup><sub>t</sub>),2.687
67,AE: Infrastructure investment,Output (Y<sup>d</sup><sub>t</sub>),2.732
68,AE: Infrastructure investment,Output (Y<sup>d</sup><sub>t</sub>),2.777
69,AE: Infrastructure investment,Output (Y<sup>d</sup><sub>t</sub>),2.822
70,AE: Infrastructure investment,Output (Y<sup>d</sup><sub>t</sub>),2.868
71,AE: Infrastructure investment,Output (Y<sup>d</sup><sub>t</sub>),2.913
72,AE: Infrastructure investment,Output (Y<sup>d</sup><sub>t</sub>),2.958
73,AE: Infrastructure investment,Output (Y<sup>d</sup><sub>t</sub>),3.003
74,AE: Infrastructure investment,Output (Y<sup>d</sup><sub>t</sub>),3.049
75,AE: Infrastructure investment,Output (Y<sup>d</sup><sub>t</sub>),3.094
76,AE: Infrastructure investment,Output (Y<sup>d</sup><sub>t</sub>),3.14
77,AE: Infrastructure investment,Output (Y<sup>d</sup><sub>t</sub>),3.186
78,AE: Infrastructure investment,Output (Y<sup>d</sup><sub>t</sub>),3.231
79,AE: Infrastructure investment,Output (Y<sup>d</sup><sub>t</sub>),3.277
80,AE: Infrastructure investment,Output (Y<sup>d</sup><sub>t</sub>),3.323
81,AE: Infrastructure investment,Output (Y<sup>d</sup><sub>t</sub>),3.369
82,AE: Infrastructure investment,Output (Y<sup>d</sup><sub>t</sub>),3.415
83,AE: Infrastructure investment,Output (Y<sup>d</sup><sub>t</sub>),3.461
84,AE: Infrastructure investment,Output (Y<sup>d</sup><sub>t</sub>),3.507
85,AE: Infrastructure investment,Output (Y<sup>d</sup><sub>t</sub>),3.554
86,AE: Infrastructure investment,Output (Y<sup>d</sup><sub>t</sub>),3.6
87,AE: Infrastructure investment,Output (Y<sup>d</sup><sub>t</sub>),3.647
88,AE: Infrastructure investment,Output (Y<sup>d</sup><sub>t</sub>),3.693
89,AE: Infrastructure investment,Output (Y<sup>d</sup><sub>t</sub>),3.74
90,AE: Infrastructure investment,Output (Y<sup>d</sup><sub>t</sub>),3.788
91,AE: Infrastructure investment,Output (Y<sup>d</sup><sub>t</sub>),3.835
92,AE: Infrastructure investment,Output (Y<sup>d</sup><sub>t</sub>),3.882
93,AE: Infrastructure investment,Output (Y<sup>d</sup><sub>t</sub>),3.93
94,AE: Infrastructure investment,Output (Y<sup>d</sup><sub>t</sub>),3.978
95,AE: Infrastructure investment,Output (Y<sup>d</sup><sub>t</sub>),4.026
96,AE: Infrastructure investment,Output (Y<sup>d</sup><sub>t</sub>),4.075
97,AE: Infrastructure investment,Output (Y<sup>d</sup><sub>t</sub>),4.124
98,AE: Infrastructure investment,Output (Y<sup>d</sup><sub>t</sub>),4.173
99,AE: Infrastructure investment,Output (Y<sup>d</sup><sub>t</sub>),4.222
100,AE: Infrastructure investment,Output (Y<sup>d</sup><sub>t</sub>),4.272
1,AE: Human capital investment,Output (Y<sup>d</sup><sub>t</sub>),1.308
2,AE: Human capital investment,Output (Y<sup>d</sup><sub>t</sub>),0.717
3,AE: Human capital investment,Output (Y<sup>d</sup><sub>t</sub>),0.646
4,AE: Human capital investment,Output (Y<sup>d</sup><sub>t</sub>),0.562
5,AE: Human capital investment,Output (Y<sup>d</sup><sub>t</sub>),0.48
6,AE: Human capital investment,Output (Y<sup>d</sup><sub>t</sub>),0.405
7,AE: Human capital investment,Output (Y<sup>d</sup><sub>t</sub>),0.336
8,AE: Human capital investment,Output (Y<sup>d</sup><sub>t</sub>),0.274
9,AE: Human capital investment,Output (Y<sup>d</sup><sub>t</sub>),0.219
10,AE: Human capital investment,Output (Y<sup>d</sup><sub>t</sub>),0.17
11,AE: Human capital investment,Output (Y<sup>d</sup><sub>t</sub>),0.128
12,AE: Human capital investment,Output (Y<sup>d</sup><sub>t</sub>),0.091
13,AE: Human capital investment,Output (Y<sup>d</sup><sub>t</sub>),0.059
14,AE: Human capital investment,Output (Y<sup>d</sup><sub>t</sub>),0.033
15,AE: Human capital investment,Output (Y<sup>d</sup><sub>t</sub>),0.011
16,AE: Human capital investment,Output (Y<sup>d</sup><sub>t</sub>),-0.006
17,AE: Human capital investment,Output (Y<sup>d</sup><sub>t</sub>),-0.018
18,AE: Human capital investment,Output (Y<sup>d</sup><sub>t</sub>),-0.026
19,AE: Human capital investment,Output (Y<sup>d</sup><sub>t</sub>),-0.03
20,AE: Human capital investment,Output (Y<sup>d</sup><sub>t</sub>),-0.03
21,AE: Human capital investment,Output (Y<sup>d</sup><sub>t</sub>),-0.026
22,AE: Human capital investment,Output (Y<sup>d</sup><sub>t</sub>),-0.019
23,AE: Human capital investment,Output (Y<sup>d</sup><sub>t</sub>),-0.008
24,AE: Human capital investment,Output (Y<sup>d</sup><sub>t</sub>),0.006
25,AE: Human capital investment,Output (Y<sup>d</sup><sub>t</sub>),0.023
26,AE: Human capital investment,Output (Y<sup>d</sup><sub>t</sub>),0.043
27,AE: Human capital investment,Output (Y<sup>d</sup><sub>t</sub>),0.066
28,AE: Human capital investment,Output (Y<sup>d</sup><sub>t</sub>),0.092
29,AE: Human capital investment,Output (Y<sup>d</sup><sub>t</sub>),0.12
30,AE: Human capital investment,Output (Y<sup>d</sup><sub>t</sub>),0.151
31,AE: Human capital investment,Output (Y<sup>d</sup><sub>t</sub>),0.185
32,AE: Human capital investment,Output (Y<sup>d</sup><sub>t</sub>),0.221
33,AE: Human capital investment,Output (Y<sup>d</sup><sub>t</sub>),0.259
34,AE: Human capital investment,Output (Y<sup>d</sup><sub>t</sub>),0.299
35,AE: Human capital investment,Output (Y<sup>d</sup><sub>t</sub>),0.341
36,AE: Human capital investment,Output (Y<sup>d</sup><sub>t</sub>),0.386
37,AE: Human capital investment,Output (Y<sup>d</sup><sub>t</sub>),0.432
38,AE: Human capital investment,Output (Y<sup>d</sup><sub>t</sub>),0.48
39,AE: Human capital investment,Output (Y<sup>d</sup><sub>t</sub>),0.53
40,AE: Human capital investment,Output (Y<sup>d</sup><sub>t</sub>),0.582
41,AE: Human capital investment,Output (Y<sup>d</sup><sub>t</sub>),0.635
42,AE: Human capital investment,Output (Y<sup>d</sup><sub>t</sub>),0.69
43,AE: Human capital investment,Output (Y<sup>d</sup><sub>t</sub>),0.747
44,AE: Human capital investment,Output (Y<sup>d</sup><sub>t</sub>),0.805
45,AE: Human capital investment,Output (Y<sup>d</sup><sub>t</sub>),0.864
46,AE: Human capital investment,Output (Y<sup>d</sup><sub>t</sub>),0.924
47,AE: Human capital investment,Output (Y<sup>d</sup><sub>t</sub>),0.986
48,AE: Human capital investment,Output (Y<sup>d</sup><sub>t</sub>),1.05
49,AE: Human capital investment,Output (Y<sup>d</sup><sub>t</sub>),1.114
50,AE: Human capital investment,Output (Y<sup>d</sup><sub>t</sub>),1.18
51,AE: Human capital investment,Output (Y<sup>d</sup><sub>t</sub>),1.246
52,AE: Human capital investment,Output (Y<sup>d</sup><sub>t</sub>),1.314
53,AE: Human capital investment,Output (Y<sup>d</sup><sub>t</sub>),1.383
54,AE: Human capital investment,Output (Y<sup>d</sup><sub>t</sub>),1.452
55,AE: Human capital investment,Output (Y<sup>d</sup><sub>t</sub>),1.523
56,AE: Human capital investment,Output (Y<sup>d</sup><sub>t</sub>),1.595
57,AE: Human capital investment,Output (Y<sup>d</sup><sub>t</sub>),1.667
58,AE: Human capital investment,Output (Y<sup>d</sup><sub>t</sub>),1.74
59,AE: Human capital investment,Output (Y<sup>d</sup><sub>t</sub>),1.814
60,AE: Human capital investment,Output (Y<sup>d</sup><sub>t</sub>),1.889
61,AE: Human capital investment,Output (Y<sup>d</sup><sub>t</sub>),1.965
62,AE: Human capital investment,Output (Y<sup>d</sup><sub>t</sub>),2.041
63,AE: Human capital investment,Output (Y<sup>d</sup><sub>t</sub>),2.118
64,AE: Human capital investment,Output (Y<sup>d</sup><sub>t</sub>),2.196
65,AE: Human capital investment,Output (Y<sup>d</sup><sub>t</sub>),2.274
66,AE: Human capital investment,Output (Y<sup>d</sup><sub>t</sub>),2.353
67,AE: Human capital investment,Output (Y<sup>d</sup><sub>t</sub>),2.432
68,AE: Human capital investment,Output (Y<sup>d</sup><sub>t</sub>),2.512
69,AE: Human capital investment,Output (Y<sup>d</sup><sub>t</sub>),2.593
70,AE: Human capital investment,Output (Y<sup>d</sup><sub>t</sub>),2.674
71,AE: Human capital investment,Output (Y<sup>d</sup><sub>t</sub>),2.755
72,AE: Human capital investment,Output (Y<sup>d</sup><sub>t</sub>),2.837
73,AE: Human capital investment,Output (Y<sup>d</sup><sub>t</sub>),2.919
74,AE: Human capital investment,Output (Y<sup>d</sup><sub>t</sub>),3.002
75,AE: Human capital investment,Output (Y<sup>d</sup><sub>t</sub>),3.085
76,AE: Human capital investment,Output (Y<sup>d</sup><sub>t</sub>),3.169
77,AE: Human capital investment,Output (Y<sup>d</sup><sub>t</sub>),3.253
78,AE: Human capital investment,Output (Y<sup>d</sup><sub>t</sub>),3.337
79,AE: Human capital investment,Output (Y<sup>d</sup><sub>t</sub>),3.421
80,AE: Human capital investment,Output (Y<sup>d</sup><sub>t</sub>),3.506
81,AE: Human capital investment,Output (Y<sup>d</sup><sub>t</sub>),3.591
82,AE: Human capital investment,Output (Y<sup>d</sup><sub>t</sub>),3.676
83,AE: Human capital investment,Output (Y<sup>d</sup><sub>t</sub>),3.761
84,AE: Human capital investment,Output (Y<sup>d</sup><sub>t</sub>),3.847
85,AE: Human capital investment,Output (Y<sup>d</sup><sub>t</sub>),3.933
86,AE: Human capital investment,Output (Y<sup>d</sup><sub>t</sub>),4.019
87,AE: Human capital investment,Output (Y<sup>d</sup><sub>t</sub>),4.105
88,AE: Human capital investment,Output (Y<sup>d</sup><sub>t</sub>),4.192
89,AE: Human capital investment,Output (Y<sup>d</sup><sub>t</sub>),4.278
90,AE: Human capital investment,Output (Y<sup>d</sup><sub>t</sub>),4.365
91,AE: Human capital investment,Output (Y<sup>d</sup><sub>t</sub>),4.452
92,AE: Human capital investment,Output (Y<sup>d</sup><sub>t</sub>),4.538
93,AE: Human capital investment,Output (Y<sup>d</sup><sub>t</sub>),4.625
94,AE: Human capital investment,Output (Y<sup>d</sup><sub>t</sub>),4.712
95,AE: Human capital investment,Output (Y<sup>d</sup><sub>t</sub>),4.799
96,AE: Human capital investment,Output (Y<sup>d</sup><sub>t</sub>),4.887
97,AE: Human capital investment,Output (Y<sup>d</sup><sub>t</sub>),4.974
98,AE: Human capital investment,Output (Y<sup>d</sup><sub>t</sub>),5.061
99,AE: Human capital investment,Output (Y<sup>d</sup><sub>t</sub>),5.148
100,AE: Human capital investment,Output (Y<sup>d</sup><sub>t</sub>),5.235
1,AE: R&D spending,Output (Y<sup>d</sup><sub>t</sub>),0.232
2,AE: R&D spending,Output (Y<sup>d</sup><sub>t</sub>),-0.159
3,AE: R&D spending,Output (Y<sup>d</sup><sub>t</sub>),-0.235
4,AE: R&D spending,Output (Y<sup>d</sup><sub>t</sub>),-0.285
5,AE: R&D spending,Output (Y<sup>d</sup><sub>t</sub>),-0.31
6,AE: R&D spending,Output (Y<sup>d</sup><sub>t</sub>),-0.314
7,AE: R&D spending,Output (Y<sup>d</sup><sub>t</sub>),-0.301
8,AE: R&D spending,Output (Y<sup>d</sup><sub>t</sub>),-0.276
9,AE: R&D spending,Output (Y<sup>d</sup><sub>t</sub>),-0.24
10,AE: R&D spending,Output (Y<sup>d</sup><sub>t</sub>),-0.197
11,AE: R&D spending,Output (Y<sup>d</sup><sub>t</sub>),-0.148
12,AE: R&D spending,Output (Y<sup>d</sup><sub>t</sub>),-0.094
13,AE: R&D spending,Output (Y<sup>d</sup><sub>t</sub>),-0.037
14,AE: R&D spending,Output (Y<sup>d</sup><sub>t</sub>),0.023
15,AE: R&D spending,Output (Y<sup>d</sup><sub>t</sub>),0.085
16,AE: R&D spending,Output (Y<sup>d</sup><sub>t</sub>),0.149
17,AE: R&D spending,Output (Y<sup>d</sup><sub>t</sub>),0.213
18,AE: R&D spending,Output (Y<sup>d</sup><sub>t</sub>),0.278
19,AE: R&D spending,Output (Y<sup>d</sup><sub>t</sub>),0.343
20,AE: R&D spending,Output (Y<sup>d</sup><sub>t</sub>),0.409
21,AE: R&D spending,Output (Y<sup>d</sup><sub>t</sub>),0.475
22,AE: R&D spending,Output (Y<sup>d</sup><sub>t</sub>),0.541
23,AE: R&D spending,Output (Y<sup>d</sup><sub>t</sub>),0.606
24,AE: R&D spending,Output (Y<sup>d</sup><sub>t</sub>),0.672
25,AE: R&D spending,Output (Y<sup>d</sup><sub>t</sub>),0.737
26,AE: R&D spending,Output (Y<sup>d</sup><sub>t</sub>),0.802
27,AE: R&D spending,Output (Y<sup>d</sup><sub>t</sub>),0.866
28,AE: R&D spending,Output (Y<sup>d</sup><sub>t</sub>),0.931
29,AE: R&D spending,Output (Y<sup>d</sup><sub>t</sub>),0.995
30,AE: R&D spending,Output (Y<sup>d</sup><sub>t</sub>),1.058
31,AE: R&D spending,Output (Y<sup>d</sup><sub>t</sub>),1.122
32,AE: R&D spending,Output (Y<sup>d</sup><sub>t</sub>),1.185
33,AE: R&D spending,Output (Y<sup>d</sup><sub>t</sub>),1.247
34,AE: R&D spending,Output (Y<sup>d</sup><sub>t</sub>),1.31
35,AE: R&D spending,Output (Y<sup>d</sup><sub>t</sub>),1.372
36,AE: R&D spending,Output (Y<sup>d</sup><sub>t</sub>),1.433
37,AE: R&D spending,Output (Y<sup>d</sup><sub>t</sub>),1.495
38,AE: R&D spending,Output (Y<sup>d</sup><sub>t</sub>),1.555
39,AE: R&D spending,Output (Y<sup>d</sup><sub>t</sub>),1.616
40,AE: R&D spending,Output (Y<sup>d</sup><sub>t</sub>),1.676
41,AE: R&D spending,Output (Y<sup>d</sup><sub>t</sub>),1.736
42,AE: R&D spending,Output (Y<sup>d</sup><sub>t</sub>),1.796
43,AE: R&D spending,Output (Y<sup>d</sup><sub>t</sub>),1.855
44,AE: R&D spending,Output (Y<sup>d</sup><sub>t</sub>),1.914
45,AE: R&D spending,Output (Y<sup>d</sup><sub>t</sub>),1.973
46,AE: R&D spending,Output (Y<sup>d</sup><sub>t</sub>),2.031
47,AE: R&D spending,Output (Y<sup>d</sup><sub>t</sub>),2.089
48,AE: R&D spending,Output (Y<sup>d</sup><sub>t</sub>),2.147
49,AE: R&D spending,Output (Y<sup>d</sup><sub>t</sub>),2.205
50,AE: R&D spending,Output (Y<sup>d</sup><sub>t</sub>),2.262
51,AE: R&D spending,Output (Y<sup>d</sup><sub>t</sub>),2.319
52,AE: R&D spending,Output (Y<sup>d</sup><sub>t</sub>),2.375
53,AE: R&D spending,Output (Y<sup>d</sup><sub>t</sub>),2.431
54,AE: R&D spending,Output (Y<sup>d</sup><sub>t</sub>),2.487
55,AE: R&D spending,Output (Y<sup>d</sup><sub>t</sub>),2.543
56,AE: R&D spending,Output (Y<sup>d</sup><sub>t</sub>),2.599
57,AE: R&D spending,Output (Y<sup>d</sup><sub>t</sub>),2.654
58,AE: R&D spending,Output (Y<sup>d</sup><sub>t</sub>),2.709
59,AE: R&D spending,Output (Y<sup>d</sup><sub>t</sub>),2.763
60,AE: R&D spending,Output (Y<sup>d</sup><sub>t</sub>),2.818
61,AE: R&D spending,Output (Y<sup>d</sup><sub>t</sub>),2.872
62,AE: R&D spending,Output (Y<sup>d</sup><sub>t</sub>),2.925
63,AE: R&D spending,Output (Y<sup>d</sup><sub>t</sub>),2.979
64,AE: R&D spending,Output (Y<sup>d</sup><sub>t</sub>),3.032
65,AE: R&D spending,Output (Y<sup>d</sup><sub>t</sub>),3.085
66,AE: R&D spending,Output (Y<sup>d</sup><sub>t</sub>),3.138
67,AE: R&D spending,Output (Y<sup>d</sup><sub>t</sub>),3.19
68,AE: R&D spending,Output (Y<sup>d</sup><sub>t</sub>),3.243
69,AE: R&D spending,Output (Y<sup>d</sup><sub>t</sub>),3.295
70,AE: R&D spending,Output (Y<sup>d</sup><sub>t</sub>),3.346
71,AE: R&D spending,Output (Y<sup>d</sup><sub>t</sub>),3.398
72,AE: R&D spending,Output (Y<sup>d</sup><sub>t</sub>),3.449
73,AE: R&D spending,Output (Y<sup>d</sup><sub>t</sub>),3.5
74,AE: R&D spending,Output (Y<sup>d</sup><sub>t</sub>),3.551
75,AE: R&D spending,Output (Y<sup>d</sup><sub>t</sub>),3.601
76,AE: R&D spending,Output (Y<sup>d</sup><sub>t</sub>),3.652
77,AE: R&D spending,Output (Y<sup>d</sup><sub>t</sub>),3.702
78,AE: R&D spending,Output (Y<sup>d</sup><sub>t</sub>),3.751
79,AE: R&D spending,Output (Y<sup>d</sup><sub>t</sub>),3.801
80,AE: R&D spending,Output (Y<sup>d</sup><sub>t</sub>),3.85
81,AE: R&D spending,Output (Y<sup>d</sup><sub>t</sub>),3.9
82,AE: R&D spending,Output (Y<sup>d</sup><sub>t</sub>),3.949
83,AE: R&D spending,Output (Y<sup>d</sup><sub>t</sub>),3.997
84,AE: R&D spending,Output (Y<sup>d</sup><sub>t</sub>),4.046
85,AE: R&D spending,Output (Y<sup>d</sup><sub>t</sub>),4.094
86,AE: R&D spending,Output (Y<sup>d</sup><sub>t</sub>),4.142
87,AE: R&D spending,Output (Y<sup>d</sup><sub>t</sub>),4.19
88,AE: R&D spending,Output (Y<sup>d</sup><sub>t</sub>),4.238
89,AE: R&D spending,Output (Y<sup>d</sup><sub>t</sub>),4.286
90,AE: R&D spending,Output (Y<sup>d</sup><sub>t</sub>),4.333
91,AE: R&D spending,Output (Y<sup>d</sup><sub>t</sub>),4.38
92,AE: R&D spending,Output (Y<sup>d</sup><sub>t</sub>),4.428
93,AE: R&D spending,Output (Y<sup>d</sup><sub>t</sub>),4.475
94,AE: R&D spending,Output (Y<sup>d</sup><sub>t</sub>),4.522
95,AE: R&D spending,Output (Y<sup>d</sup><sub>t</sub>),4.569
96,AE: R&D spending,Output (Y<sup>d</sup><sub>t</sub>),4.616
97,AE: R&D spending,Output (Y<sup>d</sup><sub>t</sub>),4.662
98,AE: R&D spending,Output (Y<sup>d</sup><sub>t</sub>),4.709
99,AE: R&D spending,Output (Y<sup>d</sup><sub>t</sub>),4.756
100,AE: R&D spending,Output (Y<sup>d</sup><sub>t</sub>),4.803
1,AE: Infrastructure investment,Consumption (C<sub>t</sub>),1.235
2,AE: Infrastructure investment,Consumption (C<sub>t</sub>),1.229
3,AE: Infrastructure investment,Consumption (C<sub>t</sub>),1.229
4,AE: Infrastructure investment,Consumption (C<sub>t</sub>),1.233
5,AE: Infrastructure investment,Consumption (C<sub>t</sub>),1.242
6,AE: Infrastructure investment,Consumption (C<sub>t</sub>),1.254
7,AE: Infrastructure investment,Consumption (C<sub>t</sub>),1.269
8,AE: Infrastructure investment,Consumption (C<sub>t</sub>),1.288
9,AE: Infrastructure investment,Consumption (C<sub>t</sub>),1.309
10,AE: Infrastructure investment,Consumption (C<sub>t</sub>),1.334
11,AE: Infrastructure investment,Consumption (C<sub>t</sub>),1.361
12,AE: Infrastructure investment,Consumption (C<sub>t</sub>),1.39
13,AE: Infrastructure investment,Consumption (C<sub>t</sub>),1.421
14,AE: Infrastructure investment,Consumption (C<sub>t</sub>),1.455
15,AE: Infrastructure investment,Consumption (C<sub>t</sub>),1.491
16,AE: Infrastructure investment,Consumption (C<sub>t</sub>),1.528
17,AE: Infrastructure investment,Consumption (C<sub>t</sub>),1.567
18,AE: Infrastructure investment,Consumption (C<sub>t</sub>),1.608
19,AE: Infrastructure investment,Consumption (C<sub>t</sub>),1.651
20,AE: Infrastructure investment,Consumption (C<sub>t</sub>),1.694
21,AE: Infrastructure investment,Consumption (C<sub>t</sub>),1.739
22,AE: Infrastructure investment,Consumption (C<sub>t</sub>),1.786
23,AE: Infrastructure investment,Consumption (C<sub>t</sub>),1.833
24,AE: Infrastructure investment,Consumption (C<sub>t</sub>),1.882
25,AE: Infrastructure investment,Consumption (C<sub>t</sub>),1.932
26,AE: Infrastructure investment,Consumption (C<sub>t</sub>),1.982
27,AE: Infrastructure investment,Consumption (C<sub>t</sub>),2.034
28,AE: Infrastructure investment,Consumption (C<sub>t</sub>),2.086
29,AE: Infrastructure investment,Consumption (C<sub>t</sub>),2.139
30,AE: Infrastructure investment,Consumption (C<sub>t</sub>),2.193
31,AE: Infrastructure investment,Consumption (C<sub>t</sub>),2.248
32,AE: Infrastructure investment,Consumption (C<sub>t</sub>),2.303
33,AE: Infrastructure investment,Consumption (C<sub>t</sub>),2.359
34,AE: Infrastructure investment,Consumption (C<sub>t</sub>),2.416
35,AE: Infrastructure investment,Consumption (C<sub>t</sub>),2.473
36,AE: Infrastructure investment,Consumption (C<sub>t</sub>),2.53
37,AE: Infrastructure investment,Consumption (C<sub>t</sub>),2.588
38,AE: Infrastructure investment,Consumption (C<sub>t</sub>),2.647
39,AE: Infrastructure investment,Consumption (C<sub>t</sub>),2.706
40,AE: Infrastructure investment,Consumption (C<sub>t</sub>),2.766
41,AE: Infrastructure investment,Consumption (C<sub>t</sub>),2.825
42,AE: Infrastructure investment,Consumption (C<sub>t</sub>),2.886
43,AE: Infrastructure investment,Consumption (C<sub>t</sub>),2.946
44,AE: Infrastructure investment,Consumption (C<sub>t</sub>),3.007
45,AE: Infrastructure investment,Consumption (C<sub>t</sub>),3.069
46,AE: Infrastructure investment,Consumption (C<sub>t</sub>),3.13
47,AE: Infrastructure investment,Consumption (C<sub>t</sub>),3.192
48,AE: Infrastructure investment,Consumption (C<sub>t</sub>),3.254
49,AE: Infrastructure investment,Consumption (C<sub>t</sub>),3.316
50,AE: Infrastructure investment,Consumption (C<sub>t</sub>),3.379
51,AE: Infrastructure investment,Consumption (C<sub>t</sub>),3.442
52,AE: Infrastructure investment,Consumption (C<sub>t</sub>),3.505
53,AE: Infrastructure investment,Consumption (C<sub>t</sub>),3.568
54,AE: Infrastructure investment,Consumption (C<sub>t</sub>),3.631
55,AE: Infrastructure investment,Consumption (C<sub>t</sub>),3.695
56,AE: Infrastructure investment,Consumption (C<sub>t</sub>),3.759
57,AE: Infrastructure investment,Consumption (C<sub>t</sub>),3.823
58,AE: Infrastructure investment,Consumption (C<sub>t</sub>),3.887
59,AE: Infrastructure investment,Consumption (C<sub>t</sub>),3.951
60,AE: Infrastructure investment,Consumption (C<sub>t</sub>),4.015
61,AE: Infrastructure investment,Consumption (C<sub>t</sub>),4.08
62,AE: Infrastructure investment,Consumption (C<sub>t</sub>),4.144
63,AE: Infrastructure investment,Consumption (C<sub>t</sub>),4.209
64,AE: Infrastructure investment,Consumption (C<sub>t</sub>),4.274
65,AE: Infrastructure investment,Consumption (C<sub>t</sub>),4.338
66,AE: Infrastructure investment,Consumption (C<sub>t</sub>),4.403
67,AE: Infrastructure investment,Consumption (C<sub>t</sub>),4.468
68,AE: Infrastructure investment,Consumption (C<sub>t</sub>),4.533
69,AE: Infrastructure investment,Consumption (C<sub>t</sub>),4.598
70,AE: Infrastructure investment,Consumption (C<sub>t</sub>),4.664
71,AE: Infrastructure investment,Consumption (C<sub>t</sub>),4.729
72,AE: Infrastructure investment,Consumption (C<sub>t</sub>),4.794
73,AE: Infrastructure investment,Consumption (C<sub>t</sub>),4.859
74,AE: Infrastructure investment,Consumption (C<sub>t</sub>),4.925
75,AE: Infrastructure investment,Consumption (C<sub>t</sub>),4.99
76,AE: Infrastructure investment,Consumption (C<sub>t</sub>),5.055
77,AE: Infrastructure investment,Consumption (C<sub>t</sub>),5.121
78,AE: Infrastructure investment,Consumption (C<sub>t</sub>),5.186
79,AE: Infrastructure investment,Consumption (C<sub>t</sub>),5.251
80,AE: Infrastructure investment,Consumption (C<sub>t</sub>),5.317
81,AE: Infrastructure investment,Consumption (C<sub>t</sub>),5.382
82,AE: Infrastructure investment,Consumption (C<sub>t</sub>),5.448
83,AE: Infrastructure investment,Consumption (C<sub>t</sub>),5.513
84,AE: Infrastructure investment,Consumption (C<sub>t</sub>),5.578
85,AE: Infrastructure investment,Consumption (C<sub>t</sub>),5.644
86,AE: Infrastructure investment,Consumption (C<sub>t</sub>),5.709
87,AE: Infrastructure investment,Consumption (C<sub>t</sub>),5.774
88,AE: Infrastructure investment,Consumption (C<sub>t</sub>),5.839
89,AE: Infrastructure investment,Consumption (C<sub>t</sub>),5.904
90,AE: Infrastructure investment,Consumption (C<sub>t</sub>),5.97
91,AE: Infrastructure investment,Consumption (C<sub>t</sub>),6.035
92,AE: Infrastructure investment,Consumption (C<sub>t</sub>),6.1
93,AE: Infrastructure investment,Consumption (C<sub>t</sub>),6.165
94,AE: Infrastructure investment,Consumption (C<sub>t</sub>),6.229
95,AE: Infrastructure investment,Consumption (C<sub>t</sub>),6.294
96,AE: Infrastructure investment,Consumption (C<sub>t</sub>),6.359
97,AE: Infrastructure investment,Consumption (C<sub>t</sub>),6.424
98,AE: Infrastructure investment,Consumption (C<sub>t</sub>),6.488
99,AE: Infrastructure investment,Consumption (C<sub>t</sub>),6.552
100,AE: Infrastructure investment,Consumption (C<sub>t</sub>),6.617
1,AE: Human capital investment,Consumption (C<sub>t</sub>),1.101
2,AE: Human capital investment,Consumption (C<sub>t</sub>),1.117
3,AE: Human capital investment,Consumption (C<sub>t</sub>),1.132
4,AE: Human capital investment,Consumption (C<sub>t</sub>),1.144
5,AE: Human capital investment,Consumption (C<sub>t</sub>),1.154
6,AE: Human capital investment,Consumption (C<sub>t</sub>),1.163
7,AE: Human capital investment,Consumption (C<sub>t</sub>),1.169
8,AE: Human capital investment,Consumption (C<sub>t</sub>),1.175
9,AE: Human capital investment,Consumption (C<sub>t</sub>),1.18
10,AE: Human capital investment,Consumption (C<sub>t</sub>),1.184
11,AE: Human capital investment,Consumption (C<sub>t</sub>),1.189
12,AE: Human capital investment,Consumption (C<sub>t</sub>),1.194
13,AE: Human capital investment,Consumption (C<sub>t</sub>),1.2
14,AE: Human capital investment,Consumption (C<sub>t</sub>),1.207
15,AE: Human capital investment,Consumption (C<sub>t</sub>),1.216
16,AE: Human capital investment,Consumption (C<sub>t</sub>),1.225
17,AE: Human capital investment,Consumption (C<sub>t</sub>),1.236
18,AE: Human capital investment,Consumption (C<sub>t</sub>),1.249
19,AE: Human capital investment,Consumption (C<sub>t</sub>),1.264
20,AE: Human capital investment,Consumption (C<sub>t</sub>),1.28
21,AE: Human capital investment,Consumption (C<sub>t</sub>),1.299
22,AE: Human capital investment,Consumption (C<sub>t</sub>),1.32
23,AE: Human capital investment,Consumption (C<sub>t</sub>),1.343
24,AE: Human capital investment,Consumption (C<sub>t</sub>),1.368
25,AE: Human capital investment,Consumption (C<sub>t</sub>),1.395
26,AE: Human capital investment,Consumption (C<sub>t</sub>),1.425
27,AE: Human capital investment,Consumption (C<sub>t</sub>),1.457
28,AE: Human capital investment,Consumption (C<sub>t</sub>),1.492
29,AE: Human capital investment,Consumption (C<sub>t</sub>),1.529
30,AE: Human capital investment,Consumption (C<sub>t</sub>),1.568
31,AE: Human capital investment,Consumption (C<sub>t</sub>),1.61
32,AE: Human capital investment,Consumption (C<sub>t</sub>),1.654
33,AE: Human capital investment,Consumption (C<sub>t</sub>),1.7
34,AE: Human capital investment,Consumption (C<sub>t</sub>),1.749
35,AE: Human capital investment,Consumption (C<sub>t</sub>),1.8
36,AE: Human capital investment,Consumption (C<sub>t</sub>),1.854
37,AE: Human capital investment,Consumption (C<sub>t</sub>),1.91
38,AE: Human capital investment,Consumption (C<sub>t</sub>),1.968
39,AE: Human capital investment,Consumption (C<sub>t</sub>),2.028
40,AE: Human capital investment,Consumption (C<sub>t</sub>),2.09
41,AE: Human capital investment,Consumption (C<sub>t</sub>),2.155
42,AE: Human capital investment,Consumption (C<sub>t</sub>),2.222
43,AE: Human capital investment,Consumption (C<sub>t</sub>),2.29
44,AE: Human capital investment,Consumption (C<sub>t</sub>),2.361
45,AE: Human capital investment,Consumption (C<sub>t</sub>),2.434
46,AE: Human capital investment,Consumption (C<sub>t</sub>),2.509
47,AE: Human capital investment,Consumption (C<sub>t</sub>),2.586
48,AE: Human capital investment,Consumption (C<sub>t</sub>),2.665
49,AE: Human capital investment,Consumption (C<sub>t</sub>),2.745
50,AE: Human capital investment,Consumption (C<sub>t</sub>),2.827
51,AE: Human capital investment,Consumption (C<sub>t</sub>),2.912
52,AE: Human capital investment,Consumption (C<sub>t</sub>),2.997
53,AE: Human capital investment,Consumption (C<sub>t</sub>),3.085
54,AE: Human capital investment,Consumption (C<sub>t</sub>),3.174
55,AE: Human capital investment,Consumption (C<sub>t</sub>),3.265
56,AE: Human capital investment,Consumption (C<sub>t</sub>),3.357
57,AE: Human capital investment,Consumption (C<sub>t</sub>),3.451
58,AE: Human capital investment,Consumption (C<sub>t</sub>),3.546
59,AE: Human capital investment,Consumption (C<sub>t</sub>),3.642
60,AE: Human capital investment,Consumption (C<sub>t</sub>),3.74
61,AE: Human capital investment,Consumption (C<sub>t</sub>),3.84
62,AE: Human capital investment,Consumption (C<sub>t</sub>),3.94
63,AE: Human capital investment,Consumption (C<sub>t</sub>),4.042
64,AE: Human capital investment,Consumption (C<sub>t</sub>),4.145
65,AE: Human capital investment,Consumption (C<sub>t</sub>),4.25
66,AE: Human capital investment,Consumption (C<sub>t</sub>),4.355
67,AE: Human capital investment,Consumption (C<sub>t</sub>),4.462
68,AE: Human capital investment,Consumption (C<sub>t</sub>),4.569
69,AE: Human capital investment,Consumption (C<sub>t</sub>),4.678
70,AE: Human capital investment,Consumption (C<sub>t</sub>),4.788
71,AE: Human capital investment,Consumption (C<sub>t</sub>),4.898
72,AE: Human capital investment,Consumption (C<sub>t</sub>),5.01
73,AE: Human capital investment,Consumption (C<sub>t</sub>),5.122
74,AE: Human capital investment,Consumption (C<sub>t</sub>),5.236
75,AE: Human capital investment,Consumption (C<sub>t</sub>),5.35
76,AE: Human capital investment,Consumption (C<sub>t</sub>),5.465
77,AE: Human capital investment,Consumption (C<sub>t</sub>),5.581
78,AE: Human capital investment,Consumption (C<sub>t</sub>),5.697
79,AE: Human capital investment,Consumption (C<sub>t</sub>),5.814
80,AE: Human capital investment,Consumption (C<sub>t</sub>),5.932
81,AE: Human capital investment,Consumption (C<sub>t</sub>),6.051
82,AE: Human capital investment,Consumption (C<sub>t</sub>),6.17
83,AE: Human capital investment,Consumption (C<sub>t</sub>),6.289
84,AE: Human capital investment,Consumption (C<sub>t</sub>),6.41
85,AE: Human capital investment,Consumption (C<sub>t</sub>),6.53
86,AE: Human capital investment,Consumption (C<sub>t</sub>),6.652
87,AE: Human capital investment,Consumption (C<sub>t</sub>),6.773
88,AE: Human capital investment,Consumption (C<sub>t</sub>),6.896
89,AE: Human capital investment,Consumption (C<sub>t</sub>),7.018
90,AE: Human capital investment,Consumption (C<sub>t</sub>),7.141
91,AE: Human capital investment,Consumption (C<sub>t</sub>),7.265
92,AE: Human capital investment,Consumption (C<sub>t</sub>),7.389
93,AE: Human capital investment,Consumption (C<sub>t</sub>),7.513
94,AE: Human capital investment,Consumption (C<sub>t</sub>),7.637
95,AE: Human capital investment,Consumption (C<sub>t</sub>),7.762
96,AE: Human capital investment,Consumption (C<sub>t</sub>),7.887
97,AE: Human capital investment,Consumption (C<sub>t</sub>),8.013
98,AE: Human capital investment,Consumption (C<sub>t</sub>),8.138
99,AE: Human capital investment,Consumption (C<sub>t</sub>),8.264
100,AE: Human capital investment,Consumption (C<sub>t</sub>),8.39
1,AE: R&D spending,Consumption (C<sub>t</sub>),0.803
2,AE: R&D spending,Consumption (C<sub>t</sub>),0.793
3,AE: R&D spending,Consumption (C<sub>t</sub>),0.781
4,AE: R&D spending,Consumption (C<sub>t</sub>),0.77
5,AE: R&D spending,Consumption (C<sub>t</sub>),0.76
6,AE: R&D spending,Consumption (C<sub>t</sub>),0.752
7,AE: R&D spending,Consumption (C<sub>t</sub>),0.748
8,AE: R&D spending,Consumption (C<sub>t</sub>),0.748
9,AE: R&D spending,Consumption (C<sub>t</sub>),0.753
10,AE: R&D spending,Consumption (C<sub>t</sub>),0.763
11,AE: R&D spending,Consumption (C<sub>t</sub>),0.777
12,AE: R&D spending,Consumption (C<sub>t</sub>),0.797
13,AE: R&D spending,Consumption (C<sub>t</sub>),0.82
14,AE: R&D spending,Consumption (C<sub>t</sub>),0.849
15,AE: R&D spending,Consumption (C<sub>t</sub>),0.882
16,AE: R&D spending,Consumption (C<sub>t</sub>),0.919
17,AE: R&D spending,Consumption (C<sub>t</sub>),0.96
18,AE: R&D spending,Consumption (C<sub>t</sub>),1.005
19,AE: R&D spending,Consumption (C<sub>t</sub>),1.053
20,AE: R&D spending,Consumption (C<sub>t</sub>),1.104
21,AE: R&D spending,Consumption (C<sub>t</sub>),1.159
22,AE: R&D spending,Consumption (C<sub>t</sub>),1.216
23,AE: R&D spending,Consumption (C<sub>t</sub>),1.276
24,AE: R&D spending,Consumption (C<sub>t</sub>),1.339
25,AE: R&D spending,Consumption (C<sub>t</sub>),1.404
26,AE: R&D spending,Consumption (C<sub>t</sub>),1.47
27,AE: R&D spending,Consumption (C<sub>t</sub>),1.539
28,AE: R&D spending,Consumption (C<sub>t</sub>),1.609
29,AE: R&D spending,Consumption (C<sub>t</sub>),1.681
30,AE: R&D spending,Consumption (C<sub>t</sub>),1.755
31,AE: R&D spending,Consumption (C<sub>t</sub>),1.829
32,AE: R&D spending,Consumption (C<sub>t</sub>),1.905
33,AE: R&D spending,Consumption (C<sub>t</sub>),1.982
34,AE: R&D spending,Consumption (C<sub>t</sub>),2.06
35,AE: R&D spending,Consumption (C<sub>t</sub>),2.139
36,AE: R&D spending,Consumption (C<sub>t</sub>),2.218
37,AE: R&D spending,Consumption (C<sub>t</sub>),2.298
38,AE: R&D spending,Consumption (C<sub>t</sub>),2.379
39,AE: R&D spending,Consumption (C<sub>t</sub>),2.461
40,AE: R&D spending,Consumption (C<sub>t</sub>),2.542
41,AE: R&D spending,Consumption (C<sub>t</sub>),2.625
42,AE: R&D spending,Consumption (C<sub>t</sub>),2.707
43,AE: R&D spending,Consumption (C<sub>t</sub>),2.79
44,AE: R&D spending,Consumption (C<sub>t</sub>),2.873
45,AE: R&D spending,Consumption (C<sub>t</sub>),2.956
46,AE: R&D spending,Consumption (C<sub>t</sub>),3.04
47,AE: R&D spending,Consumption (C<sub>t</sub>),3.123
48,AE: R&D spending,Consumption (C<sub>t</sub>),3.206
49,AE: R&D spending,Consumption (C<sub>t</sub>),3.29
50,AE: R&D spending,Consumption (C<sub>t</sub>),3.374
51,AE: R&D spending,Consumption (C<sub>t</sub>),3.457
52,AE: R&D spending,Consumption (C<sub>t</sub>),3.54
53,AE: R&D spending,Consumption (C<sub>t</sub>),3.624
54,AE: R&D spending,Consumption (C<sub>t</sub>),3.707
55,AE: R&D spending,Consumption (C<sub>t</sub>),3.79
56,AE: R&D spending,Consumption (C<sub>t</sub>),3.873
57,AE: R&D spending,Consumption (C<sub>t</sub>),3.956
58,AE: R&D spending,Consumption (C<sub>t</sub>),4.038
59,AE: R&D spending,Consumption (C<sub>t</sub>),4.12
60,AE: R&D spending,Consumption (C<sub>t</sub>),4.203
61,AE: R&D spending,Consumption (C<sub>t</sub>),4.284
62,AE: R&D spending,Consumption (C<sub>t</sub>),4.366
63,AE: R&D spending,Consumption (C<sub>t</sub>),4.447
64,AE: R&D spending,Consumption (C<sub>t</sub>),4.528
65,AE: R&D spending,Consumption (C<sub>t</sub>),4.609
66,AE: R&D spending,Consumption (C<sub>t</sub>),4.69
67,AE: R&D spending,Consumption (C<sub>t</sub>),4.77
68,AE: R&D spending,Consumption (C<sub>t</sub>),4.85
69,AE: R&D spending,Consumption (C<sub>t</sub>),4.929
70,AE: R&D spending,Consumption (C<sub>t</sub>),5.009
71,AE: R&D spending,Consumption (C<sub>t</sub>),5.088
72,AE: R&D spending,Consumption (C<sub>t</sub>),5.166
73,AE: R&D spending,Consumption (C<sub>t</sub>),5.244
74,AE: R&D spending,Consumption (C<sub>t</sub>),5.322
75,AE: R&D spending,Consumption (C<sub>t</sub>),5.4
76,AE: R&D spending,Consumption (C<sub>t</sub>),5.477
77,AE: R&D spending,Consumption (C<sub>t</sub>),5.554
78,AE: R&D spending,Consumption (C<sub>t</sub>),5.631
79,AE: R&D spending,Consumption (C<sub>t</sub>),5.707
80,AE: R&D spending,Consumption (C<sub>t</sub>),5.783
81,AE: R&D spending,Consumption (C<sub>t</sub>),5.858
82,AE: R&D spending,Consumption (C<sub>t</sub>),5.933
83,AE: R&D spending,Consumption (C<sub>t</sub>),6.008
84,AE: R&D spending,Consumption (C<sub>t</sub>),6.083
85,AE: R&D spending,Consumption (C<sub>t</sub>),6.157
86,AE: R&D spending,Consumption (C<sub>t</sub>),6.23
87,AE: R&D spending,Consumption (C<sub>t</sub>),6.304
88,AE: R&D spending,Consumption (C<sub>t</sub>),6.377
89,AE: R&D spending,Consumption (C<sub>t</sub>),6.449
90,AE: R&D spending,Consumption (C<sub>t</sub>),6.522
91,AE: R&D spending,Consumption (C<sub>t</sub>),6.594
92,AE: R&D spending,Consumption (C<sub>t</sub>),6.665
93,AE: R&D spending,Consumption (C<sub>t</sub>),6.736
94,AE: R&D spending,Consumption (C<sub>t</sub>),6.807
95,AE: R&D spending,Consumption (C<sub>t</sub>),6.878
96,AE: R&D spending,Consumption (C<sub>t</sub>),6.948
97,AE: R&D spending,Consumption (C<sub>t</sub>),7.018
98,AE: R&D spending,Consumption (C<sub>t</sub>),7.087
99,AE: R&D spending,Consumption (C<sub>t</sub>),7.157
100,AE: R&D spending,Consumption (C<sub>t</sub>),7.226
1,AE: Infrastructure investment,Private investment (I<sub>t</sub>),-1.31
2,AE: Infrastructure investment,Private investment (I<sub>t</sub>),-3.322
3,AE: Infrastructure investment,Private investment (I<sub>t</sub>),-3.04
4,AE: Infrastructure investment,Private investment (I<sub>t</sub>),-2.813
5,AE: Infrastructure investment,Private investment (I<sub>t</sub>),-2.61
6,AE: Infrastructure investment,Private investment (I<sub>t</sub>),-2.423
7,AE: Infrastructure investment,Private investment (I<sub>t</sub>),-2.247
8,AE: Infrastructure investment,Private investment (I<sub>t</sub>),-2.082
9,AE: Infrastructure investment,Private investment (I<sub>t</sub>),-1.925
10,AE: Infrastructure investment,Private investment (I<sub>t</sub>),-1.777
11,AE: Infrastructure investment,Private investment (I<sub>t</sub>),-1.637
12,AE: Infrastructure investment,Private investment (I<sub>t</sub>),-1.504
13,AE: Infrastructure investment,Private investment (I<sub>t</sub>),-1.377
14,AE: Infrastructure investment,Private investment (I<sub>t</sub>),-1.257
15,AE: Infrastructure investment,Private investment (I<sub>t</sub>),-1.142
16,AE: Infrastructure investment,Private investment (I<sub>t</sub>),-1.032
17,AE: Infrastructure investment,Private investment (I<sub>t</sub>),-0.927
18,AE: Infrastructure investment,Private investment (I<sub>t</sub>),-0.826
19,AE: Infrastructure investment,Private investment (I<sub>t</sub>),-0.73
20,AE: Infrastructure investment,Private investment (I<sub>t</sub>),-0.637
21,AE: Infrastructure investment,Private investment (I<sub>t</sub>),-0.547
22,AE: Infrastructure investment,Private investment (I<sub>t</sub>),-0.461
23,AE: Infrastructure investment,Private investment (I<sub>t</sub>),-0.378
24,AE: Infrastructure investment,Private investment (I<sub>t</sub>),-0.297
25,AE: Infrastructure investment,Private investment (I<sub>t</sub>),-0.219
26,AE: Infrastructure investment,Private investment (I<sub>t</sub>),-0.143
27,AE: Infrastructure investment,Private investment (I<sub>t</sub>),-0.069
28,AE: Infrastructure investment,Private investment (I<sub>t</sub>),0.003
29,AE: Infrastructure investment,Private investment (I<sub>t</sub>),0.073
30,AE: Infrastructure investment,Private investment (I<sub>t</sub>),0.141
31,AE: Infrastructure investment,Private investment (I<sub>t</sub>),0.208
32,AE: Infrastructure investment,Private investment (I<sub>t</sub>),0.273
33,AE: Infrastructure investment,Private investment (I<sub>t</sub>),0.337
34,AE: Infrastructure investment,Private investment (I<sub>t</sub>),0.4
35,AE: Infrastructure investment,Private investment (I<sub>t</sub>),0.462
36,AE: Infrastructure investment,Private investment (I<sub>t</sub>),0.523
37,AE: Infrastructure investment,Private investment (I<sub>t</sub>),0.582
38,AE: Infrastructure investment,Private investment (I<sub>t</sub>),0.641
39,AE: Infrastructure investment,Private investment (I<sub>t</sub>),0.7
40,AE: Infrastructure investment,Private investment (I<sub>t</sub>),0.757
41,AE: Infrastructure investment,Private investment (I<sub>t</sub>),0.814
42,AE: Infrastructure investment,Private investment (I<sub>t</sub>),0.87
43,AE: Infrastructure investment,Private investment (I<sub>t</sub>),0.926
44,AE: Infrastructure investment,Private investment (I<sub>t</sub>),0.981
45,AE: Infrastructure investment,Private investment (I<sub>t</sub>),1.036
46,AE: Infrastructure investment,Private investment (I<sub>t</sub>),1.09
47,AE: Infrastructure investment,Private investment (I<sub>t</sub>),1.144
48,AE: Infrastructure investment,Private investment (I<sub>t</sub>),1.197
49,AE: Infrastructure investment,Private investment (I<sub>t</sub>),1.251
50,AE: Infrastructure investment,Private investment (I<sub>t</sub>),1.304
51,AE: Infrastructure investment,Private investment (I<sub>t</sub>),1.356
52,AE: Infrastructure investment,Private investment (I<sub>t</sub>),1.409
53,AE: Infrastructure investment,Private investment (I<sub>t</sub>),1.461
54,AE: Infrastructure investment,Private investment (I<sub>t</sub>),1.513
55,AE: Infrastructure investment,Private investment (I<sub>t</sub>),1.565
56,AE: Infrastructure investment,Private investment (I<sub>t</sub>),1.617
57,AE: Infrastructure investment,Private investment (I<sub>t</sub>),1.669
58,AE: Infrastructure investment,Private investment (I<sub>t</sub>),1.721
59,AE: Infrastructure investment,Private investment (I<sub>t</sub>),1.772
60,AE: Infrastructure investment,Private investment (I<sub>t</sub>),1.824
61,AE: Infrastructure investment,Private investment (I<sub>t</sub>),1.875
62,AE: Infrastructure investment,Private investment (I<sub>t</sub>),1.927
63,AE: Infrastructure investment,Private investment (I<sub>t</sub>),1.979
64,AE: Infrastructure investment,Private investment (I<sub>t</sub>),2.03
65,AE: Infrastructure investment,Private investment (I<sub>t</sub>),2.082
66,AE: Infrastructure investment,Private investment (I<sub>t</sub>),2.133
67,AE: Infrastructure investment,Private investment (I<sub>t</sub>),2.185
68,AE: Infrastructure investment,Private investment (I<sub>t</sub>),2.237
69,AE: Infrastructure investment,Private investment (I<sub>t</sub>),2.289
70,AE: Infrastructure investment,Private investment (I<sub>t</sub>),2.341
71,AE: Infrastructure investment,Private investment (I<sub>t</sub>),2.393
72,AE: Infrastructure investment,Private investment (I<sub>t</sub>),2.446
73,AE: Infrastructure investment,Private investment (I<sub>t</sub>),2.498
74,AE: Infrastructure investment,Private investment (I<sub>t</sub>),2.551
75,AE: Infrastructure investment,Private investment (I<sub>t</sub>),2.604
76,AE: Infrastructure investment,Private investment (I<sub>t</sub>),2.658
77,AE: Infrastructure investment,Private investment (I<sub>t</sub>),2.711
78,AE: Infrastructure investment,Private investment (I<sub>t</sub>),2.765
79,AE: Infrastructure investment,Private investment (I<sub>t</sub>),2.82
80,AE: Infrastructure investment,Private investment (I<sub>t</sub>),2.874
81,AE: Infrastructure investment,Private investment (I<sub>t</sub>),2.929
82,AE: Infrastructure investment,Private investment (I<sub>t</sub>),2.985
83,AE: Infrastructure investment,Private investment (I<sub>t</sub>),3.041
84,AE: Infrastructure investment,Private investment (I<sub>t</sub>),3.098
85,AE: Infrastructure investment,Private investment (I<sub>t</sub>),3.155
86,AE: Infrastructure investment,Private investment (I<sub>t</sub>),3.213
87,AE: Infrastructure investment,Private investment (I<sub>t</sub>),3.271
88,AE: Infrastructure investment,Private investment (I<sub>t</sub>),3.33
89,AE: Infrastructure investment,Private investment (I<sub>t</sub>),3.391
90,AE: Infrastructure investment,Private investment (I<sub>t</sub>),3.451
91,AE: Infrastructure investment,Private investment (I<sub>t</sub>),3.513
92,AE: Infrastructure investment,Private investment (I<sub>t</sub>),3.576
93,AE: Infrastructure investment,Private investment (I<sub>t</sub>),3.64
94,AE: Infrastructure investment,Private investment (I<sub>t</sub>),3.706
95,AE: Infrastructure investment,Private investment (I<sub>t</sub>),3.772
96,AE: Infrastructure investment,Private investment (I<sub>t</sub>),3.84
97,AE: Infrastructure investment,Private investment (I<sub>t</sub>),3.909
98,AE: Infrastructure investment,Private investment (I<sub>t</sub>),3.981
99,AE: Infrastructure investment,Private investment (I<sub>t</sub>),4.053
100,AE: Infrastructure investment,Private investment (I<sub>t</sub>),4.128
1,AE: Human capital investment,Private investment (I<sub>t</sub>),3.542
2,AE: Human capital investment,Private investment (I<sub>t</sub>),0.807
3,AE: Human capital investment,Private investment (I<sub>t</sub>),0.467
4,AE: Human capital investment,Private investment (I<sub>t</sub>),0.078
5,AE: Human capital investment,Private investment (I<sub>t</sub>),-0.293
6,AE: Human capital investment,Private investment (I<sub>t</sub>),-0.63
7,AE: Human capital investment,Private investment (I<sub>t</sub>),-0.932
8,AE: Human capital investment,Private investment (I<sub>t</sub>),-1.2
9,AE: Human capital investment,Private investment (I<sub>t</sub>),-1.437
10,AE: Human capital investment,Private investment (I<sub>t</sub>),-1.646
11,AE: Human capital investment,Private investment (I<sub>t</sub>),-1.829
12,AE: Human capital investment,Private investment (I<sub>t</sub>),-1.989
13,AE: Human capital investment,Private investment (I<sub>t</sub>),-2.128
14,AE: Human capital investment,Private investment (I<sub>t</sub>),-2.247
15,AE: Human capital investment,Private investment (I<sub>t</sub>),-2.349
16,AE: Human capital investment,Private investment (I<sub>t</sub>),-2.433
17,AE: Human capital investment,Private investment (I<sub>t</sub>),-2.503
18,AE: Human capital investment,Private investment (I<sub>t</sub>),-2.559
19,AE: Human capital investment,Private investment (I<sub>t</sub>),-2.602
20,AE: Human capital investment,Private investment (I<sub>t</sub>),-2.633
21,AE: Human capital investment,Private investment (I<sub>t</sub>),-2.654
22,AE: Human capital investment,Private investment (I<sub>t</sub>),-2.665
23,AE: Human capital investment,Private investment (I<sub>t</sub>),-2.666
24,AE: Human capital investment,Private investment (I<sub>t</sub>),-2.659
25,AE: Human capital investment,Private investment (I<sub>t</sub>),-2.644
26,AE: Human capital investment,Private investment (I<sub>t</sub>),-2.621
27,AE: Human capital investment,Private investment (I<sub>t</sub>),-2.593
28,AE: Human capital investment,Private investment (I<sub>t</sub>),-2.557
29,AE: Human capital investment,Private investment (I<sub>t</sub>),-2.517
30,AE: Human capital investment,Private investment (I<sub>t</sub>),-2.471
31,AE: Human capital investment,Private investment (I<sub>t</sub>),-2.42
32,AE: Human capital investment,Private investment (I<sub>t</sub>),-2.364
33,AE: Human capital investment,Private investment (I<sub>t</sub>),-2.305
34,AE: Human capital investment,Private investment (I<sub>t</sub>),-2.242
35,AE: Human capital investment,Private investment (I<sub>t</sub>),-2.175
36,AE: Human capital investment,Private investment (I<sub>t</sub>),-2.105
37,AE: Human capital investment,Private investment (I<sub>t</sub>),-2.032
38,AE: Human capital investment,Private investment (I<sub>t</sub>),-1.956
39,AE: Human capital investment,Private investment (I<sub>t</sub>),-1.878
40,AE: Human capital investment,Private investment (I<sub>t</sub>),-1.797
41,AE: Human capital investment,Private investment (I<sub>t</sub>),-1.714
42,AE: Human capital investment,Private investment (I<sub>t</sub>),-1.629
43,AE: Human capital investment,Private investment (I<sub>t</sub>),-1.542
44,AE: Human capital investment,Private investment (I<sub>t</sub>),-1.454
45,AE: Human capital investment,Private investment (I<sub>t</sub>),-1.364
46,AE: Human capital investment,Private investment (I<sub>t</sub>),-1.273
47,AE: Human capital investment,Private investment (I<sub>t</sub>),-1.18
48,AE: Human capital investment,Private investment (I<sub>t</sub>),-1.086
49,AE: Human capital investment,Private investment (I<sub>t</sub>),-0.991
50,AE: Human capital investment,Private investment (I<sub>t</sub>),-0.895
51,AE: Human capital investment,Private investment (I<sub>t</sub>),-0.798
52,AE: Human capital investment,Private investment (I<sub>t</sub>),-0.7
53,AE: Human capital investment,Private investment (I<sub>t</sub>),-0.602
54,AE: Human capital investment,Private investment (I<sub>t</sub>),-0.502
55,AE: Human capital investment,Private investment (I<sub>t</sub>),-0.402
56,AE: Human capital investment,Private investment (I<sub>t</sub>),-0.302
57,AE: Human capital investment,Private investment (I<sub>t</sub>),-0.201
58,AE: Human capital investment,Private investment (I<sub>t</sub>),-0.099
59,AE: Human capital investment,Private investment (I<sub>t</sub>),0.003
60,AE: Human capital investment,Private investment (I<sub>t</sub>),0.105
61,AE: Human capital investment,Private investment (I<sub>t</sub>),0.208
62,AE: Human capital investment,Private investment (I<sub>t</sub>),0.311
63,AE: Human capital investment,Private investment (I<sub>t</sub>),0.414
64,AE: Human capital investment,Private investment (I<sub>t</sub>),0.518
65,AE: Human capital investment,Private investment (I<sub>t</sub>),0.622
66,AE: Human capital investment,Private investment (I<sub>t</sub>),0.726
67,AE: Human capital investment,Private investment (I<sub>t</sub>),0.83
68,AE: Human capital investment,Private investment (I<sub>t</sub>),0.935
69,AE: Human capital investment,Private investment (I<sub>t</sub>),1.039
70,AE: Human capital investment,Private investment (I<sub>t</sub>),1.144
71,AE: Human capital investment,Private investment (I<sub>t</sub>),1.249
72,AE: Human capital investment,Private investment (I<sub>t</sub>),1.354
73,AE: Human capital investment,Private investment (I<sub>t</sub>),1.458
74,AE: Human capital investment,Private investment (I<sub>t</sub>),1.563
75,AE: Human capital investment,Private investment (I<sub>t</sub>),1.668
76,AE: Human capital investment,Private investment (I<sub>t</sub>),1.773
77,AE: Human capital investment,Private investment (I<sub>t</sub>),1.878
78,AE: Human capital investment,Private investment (I<sub>t</sub>),1.983
79,AE: Human capital investment,Private investment (I<sub>t</sub>),2.088
80,AE: Human capital investment,Private investment (I<sub>t</sub>),2.192
81,AE: Human capital investment,Private investment (I<sub>t</sub>),2.297
82,AE: Human capital investment,Private investment (I<sub>t</sub>),2.402
83,AE: Human capital investment,Private investment (I<sub>t</sub>),2.506
84,AE: Human capital investment,Private investment (I<sub>t</sub>),2.611
85,AE: Human capital investment,Private investment (I<sub>t</sub>),2.715
86,AE: Human capital investment,Private investment (I<sub>t</sub>),2.819
87,AE: Human capital investment,Private investment (I<sub>t</sub>),2.923
88,AE: Human capital investment,Private investment (I<sub>t</sub>),3.027
89,AE: Human capital investment,Private investment (I<sub>t</sub>),3.13
90,AE: Human capital investment,Private investment (I<sub>t</sub>),3.234
91,AE: Human capital investment,Private investment (I<sub>t</sub>),3.337
92,AE: Human capital investment,Private investment (I<sub>t</sub>),3.44
93,AE: Human capital investment,Private investment (I<sub>t</sub>),3.543
94,AE: Human capital investment,Private investment (I<sub>t</sub>),3.645
95,AE: Human capital investment,Private investment (I<sub>t</sub>),3.748
96,AE: Human capital investment,Private investment (I<sub>t</sub>),3.85
97,AE: Human capital investment,Private investment (I<sub>t</sub>),3.951
98,AE: Human capital investment,Private investment (I<sub>t</sub>),4.053
99,AE: Human capital investment,Private investment (I<sub>t</sub>),4.154
100,AE: Human capital investment,Private investment (I<sub>t</sub>),4.255
1,AE: R&D spending,Private investment (I<sub>t</sub>),1.725
2,AE: R&D spending,Private investment (I<sub>t</sub>),0.283
3,AE: R&D spending,Private investment (I<sub>t</sub>),-1.167
4,AE: R&D spending,Private investment (I<sub>t</sub>),-2.23
5,AE: R&D spending,Private investment (I<sub>t</sub>),-2.975
6,AE: R&D spending,Private investment (I<sub>t</sub>),-3.473
7,AE: R&D spending,Private investment (I<sub>t</sub>),-3.779
8,AE: R&D spending,Private investment (I<sub>t</sub>),-3.941
9,AE: R&D spending,Private investment (I<sub>t</sub>),-3.994
10,AE: R&D spending,Private investment (I<sub>t</sub>),-3.965
11,AE: R&D spending,Private investment (I<sub>t</sub>),-3.876
12,AE: R&D spending,Private investment (I<sub>t</sub>),-3.744
13,AE: R&D spending,Private investment (I<sub>t</sub>),-3.58
14,AE: R&D spending,Private investment (I<sub>t</sub>),-3.395
15,AE: R&D spending,Private investment (I<sub>t</sub>),-3.196
16,AE: R&D spending,Private investment (I<sub>t</sub>),-2.989
17,AE: R&D spending,Private investment (I<sub>t</sub>),-2.779
18,AE: R&D spending,Private investment (I<sub>t</sub>),-2.568
19,AE: R&D spending,Private investment (I<sub>t</sub>),-2.359
20,AE: R&D spending,Private investment (I<sub>t</sub>),-2.153
21,AE: R&D spending,Private investment (I<sub>t</sub>),-1.952
22,AE: R&D spending,Private investment (I<sub>t</sub>),-1.756
23,AE: R&D spending,Private investment (I<sub>t</sub>),-1.567
24,AE: R&D spending,Private investment (I<sub>t</sub>),-1.384
25,AE: R&D spending,Private investment (I<sub>t</sub>),-1.207
26,AE: R&D spending,Private investment (I<sub>t</sub>),-1.037
27,AE: R&D spending,Private investment (I<sub>t</sub>),-0.873
28,AE: R&D spending,Private investment (I<sub>t</sub>),-0.715
29,AE: R&D spending,Private investment (I<sub>t</sub>),-0.564
30,AE: R&D spending,Private investment (I<sub>t</sub>),-0.418
31,AE: R&D spending,Private investment (I<sub>t</sub>),-0.277
32,AE: R&D spending,Private investment (I<sub>t</sub>),-0.142
33,AE: R&D spending,Private investment (I<sub>t</sub>),-0.012
34,AE: R&D spending,Private investment (I<sub>t</sub>),0.113
35,AE: R&D spending,Private investment (I<sub>t</sub>),0.234
36,AE: R&D spending,Private investment (I<sub>t</sub>),0.351
37,AE: R&D spending,Private investment (I<sub>t</sub>),0.463
38,AE: R&D spending,Private investment (I<sub>t</sub>),0.572
39,AE: R&D spending,Private investment (I<sub>t</sub>),0.678
40,AE: R&D spending,Private investment (I<sub>t</sub>),0.78
41,AE: R&D spending,Private investment (I<sub>t</sub>),0.879
42,AE: R&D spending,Private investment (I<sub>t</sub>),0.976
43,AE: R&D spending,Private investment (I<sub>t</sub>),1.069
44,AE: R&D spending,Private investment (I<sub>t</sub>),1.16
45,AE: R&D spending,Private investment (I<sub>t</sub>),1.249
46,AE: R&D spending,Private investment (I<sub>t</sub>),1.335
47,AE: R&D spending,Private investment (I<sub>t</sub>),1.42
48,AE: R&D spending,Private investment (I<sub>t</sub>),1.502
49,AE: R&D spending,Private investment (I<sub>t</sub>),1.583
50,AE: R&D spending,Private investment (I<sub>t</sub>),1.661
51,AE: R&D spending,Private investment (I<sub>t</sub>),1.738
52,AE: R&D spending,Private investment (I<sub>t</sub>),1.814
53,AE: R&D spending,Private investment (I<sub>t</sub>),1.888
54,AE: R&D spending,Private investment (I<sub>t</sub>),1.961
55,AE: R&D spending,Private investment (I<sub>t</sub>),2.032
56,AE: R&D spending,Private investment (I<sub>t</sub>),2.103
57,AE: R&D spending,Private investment (I<sub>t</sub>),2.172
58,AE: R&D spending,Private investment (I<sub>t</sub>),2.24
59,AE: R&D spending,Private investment (I<sub>t</sub>),2.307
60,AE: R&D spending,Private investment (I<sub>t</sub>),2.373
61,AE: R&D spending,Private investment (I<sub>t</sub>),2.438
62,AE: R&D spending,Private investment (I<sub>t</sub>),2.502
63,AE: R&D spending,Private investment (I<sub>t</sub>),2.566
64,AE: R&D spending,Private investment (I<sub>t</sub>),2.629
65,AE: R&D spending,Private investment (I<sub>t</sub>),2.691
66,AE: R&D spending,Private investment (I<sub>t</sub>),2.752
67,AE: R&D spending,Private investment (I<sub>t</sub>),2.813
68,AE: R&D spending,Private investment (I<sub>t</sub>),2.873
69,AE: R&D spending,Private investment (I<sub>t</sub>),2.932
70,AE: R&D spending,Private investment (I<sub>t</sub>),2.991
71,AE: R&D spending,Private investment (I<sub>t</sub>),3.05
72,AE: R&D spending,Private investment (I<sub>t</sub>),3.107
73,AE: R&D spending,Private investment (I<sub>t</sub>),3.165
74,AE: R&D spending,Private investment (I<sub>t</sub>),3.222
75,AE: R&D spending,Private investment (I<sub>t</sub>),3.278
76,AE: R&D spending,Private investment (I<sub>t</sub>),3.334
77,AE: R&D spending,Private investment (I<sub>t</sub>),3.39
78,AE: R&D spending,Private investment (I<sub>t</sub>),3.445
79,AE: R&D spending,Private investment (I<sub>t</sub>),3.5
80,AE: R&D spending,Private investment (I<sub>t</sub>),3.555
81,AE: R&D spending,Private investment (I<sub>t</sub>),3.609
82,AE: R&D spending,Private investment (I<sub>t</sub>),3.663
83,AE: R&D spending,Private investment (I<sub>t</sub>),3.717
84,AE: R&D spending,Private investment (I<sub>t</sub>),3.77
85,AE: R&D spending,Private investment (I<sub>t</sub>),3.823
86,AE: R&D spending,Private investment (I<sub>t</sub>),3.876
87,AE: R&D spending,Private investment (I<sub>t</sub>),3.929
88,AE: R&D spending,Private investment (I<sub>t</sub>),3.981
89,AE: R&D spending,Private investment (I<sub>t</sub>),4.034
90,AE: R&D spending,Private investment (I<sub>t</sub>),4.086
91,AE: R&D spending,Private investment (I<sub>t</sub>),4.137
92,AE: R&D spending,Private investment (I<sub>t</sub>),4.189
93,AE: R&D spending,Private investment (I<sub>t</sub>),4.241
94,AE: R&D spending,Private investment (I<sub>t</sub>),4.292
95,AE: R&D spending,Private investment (I<sub>t</sub>),4.343
96,AE: R&D spending,Private investment (I<sub>t</sub>),4.394
97,AE: R&D spending,Private investment (I<sub>t</sub>),4.444
98,AE: R&D spending,Private investment (I<sub>t</sub>),4.495
99,AE: R&D spending,Private investment (I<sub>t</sub>),4.545
100,AE: R&D spending,Private investment (I<sub>t</sub>),4.595
1,AE: Infrastructure investment,Government spending (G<sub>t</sub>),0.0
2,AE: Infrastructure investment,Government spending (G<sub>t</sub>),0.0
3,AE: Infrastructure investment,Government spending (G<sub>t</sub>),0.0
4,AE: Infrastructure investment,Government spending (G<sub>t</sub>),0.0
5,AE: Infrastructure investment,Government spending (G<sub>t</sub>),0.0
6,AE: Infrastructure investment,Government spending (G<sub>t</sub>),0.0
7,AE: Infrastructure investment,Government spending (G<sub>t</sub>),0.0
8,AE: Infrastructure investment,Government spending (G<sub>t</sub>),0.0
9,AE: Infrastructure investment,Government spending (G<sub>t</sub>),0.0
10,AE: Infrastructure investment,Government spending (G<sub>t</sub>),0.0
11,AE: Infrastructure investment,Government spending (G<sub>t</sub>),0.0
12,AE: Infrastructure investment,Government spending (G<sub>t</sub>),0.0
13,AE: Infrastructure investment,Government spending (G<sub>t</sub>),0.0
14,AE: Infrastructure investment,Government spending (G<sub>t</sub>),0.0
15,AE: Infrastructure investment,Government spending (G<sub>t</sub>),0.0
16,AE: Infrastructure investment,Government spending (G<sub>t</sub>),0.0
17,AE: Infrastructure investment,Government spending (G<sub>t</sub>),0.0
18,AE: Infrastructure investment,Government spending (G<sub>t</sub>),0.0
19,AE: Infrastructure investment,Government spending (G<sub>t</sub>),0.0
20,AE: Infrastructure investment,Government spending (G<sub>t</sub>),0.0
21,AE: Infrastructure investment,Government spending (G<sub>t</sub>),0.0
22,AE: Infrastructure investment,Government spending (G<sub>t</sub>),0.0
23,AE: Infrastructure investment,Government spending (G<sub>t</sub>),0.0
24,AE: Infrastructure investment,Government spending (G<sub>t</sub>),0.0
25,AE: Infrastructure investment,Government spending (G<sub>t</sub>),0.0
26,AE: Infrastructure investment,Government spending (G<sub>t</sub>),0.0
27,AE: Infrastructure investment,Government spending (G<sub>t</sub>),0.0
28,AE: Infrastructure investment,Government spending (G<sub>t</sub>),0.0
29,AE: Infrastructure investment,Government spending (G<sub>t</sub>),0.0
30,AE: Infrastructure investment,Government spending (G<sub>t</sub>),0.0
31,AE: Infrastructure investment,Government spending (G<sub>t</sub>),0.0
32,AE: Infrastructure investment,Government spending (G<sub>t</sub>),0.0
33,AE: Infrastructure investment,Government spending (G<sub>t</sub>),0.0
34,AE: Infrastructure investment,Government spending (G<sub>t</sub>),0.0
35,AE: Infrastructure investment,Government spending (G<sub>t</sub>),0.0
36,AE: Infrastructure investment,Government spending (G<sub>t</sub>),0.0
37,AE: Infrastructure investment,Government spending (G<sub>t</sub>),0.0
38,AE: Infrastructure investment,Government spending (G<sub>t</sub>),0.0
39,AE: Infrastructure investment,Government spending (G<sub>t</sub>),0.0
40,AE: Infrastructure investment,Government spending (G<sub>t</sub>),0.0
41,AE: Infrastructure investment,Government spending (G<sub>t</sub>),0.0
42,AE: Infrastructure investment,Government spending (G<sub>t</sub>),0.0
43,AE: Infrastructure investment,Government spending (G<sub>t</sub>),0.0
44,AE: Infrastructure investment,Government spending (G<sub>t</sub>),0.0
45,AE: Infrastructure investment,Government spending (G<sub>t</sub>),0.0
46,AE: Infrastructure investment,Government spending (G<sub>t</sub>),0.0
47,AE: Infrastructure investment,Government spending (G<sub>t</sub>),0.0
48,AE: Infrastructure investment,Government spending (G<sub>t</sub>),0.0
49,AE: Infrastructure investment,Government spending (G<sub>t</sub>),0.0
50,AE: Infrastructure investment,Government spending (G<sub>t</sub>),0.0
51,AE: Infrastructure investment,Government spending (G<sub>t</sub>),0.0
52,AE: Infrastructure investment,Government spending (G<sub>t</sub>),0.0
53,AE: Infrastructure investment,Government spending (G<sub>t</sub>),0.0
54,AE: Infrastructure investment,Government spending (G<sub>t</sub>),0.0
55,AE: Infrastructure investment,Government spending (G<sub>t</sub>),0.0
56,AE: Infrastructure investment,Government spending (G<sub>t</sub>),0.0
57,AE: Infrastructure investment,Government spending (G<sub>t</sub>),0.0
58,AE: Infrastructure investment,Government spending (G<sub>t</sub>),0.0
59,AE: Infrastructure investment,Government spending (G<sub>t</sub>),0.0
60,AE: Infrastructure investment,Government spending (G<sub>t</sub>),0.0
61,AE: Infrastructure investment,Government spending (G<sub>t</sub>),0.0
62,AE: Infrastructure investment,Government spending (G<sub>t</sub>),0.0
63,AE: Infrastructure investment,Government spending (G<sub>t</sub>),0.0
64,AE: Infrastructure investment,Government spending (G<sub>t</sub>),0.0
65,AE: Infrastructure investment,Government spending (G<sub>t</sub>),0.0
66,AE: Infrastructure investment,Government spending (G<sub>t</sub>),0.0
67,AE: Infrastructure investment,Government spending (G<sub>t</sub>),0.0
68,AE: Infrastructure investment,Government spending (G<sub>t</sub>),0.0
69,AE: Infrastructure investment,Government spending (G<sub>t</sub>),0.0
70,AE: Infrastructure investment,Government spending (G<sub>t</sub>),0.0
71,AE: Infrastructure investment,Government spending (G<sub>t</sub>),0.0
72,AE: Infrastructure investment,Government spending (G<sub>t</sub>),0.0
73,AE: Infrastructure investment,Government spending (G<sub>t</sub>),0.0
74,AE: Infrastructure investment,Government spending (G<sub>t</sub>),0.0
75,AE: Infrastructure investment,Government spending (G<sub>t</sub>),0.0
76,AE: Infrastructure investment,Government spending (G<sub>t</sub>),0.0
77,AE: Infrastructure investment,Government spending (G<sub>t</sub>),0.0
78,AE: Infrastructure investment,Government spending (G<sub>t</sub>),0.0
79,AE: Infrastructure investment,Government spending (G<sub>t</sub>),0.0
80,AE: Infrastructure investment,Government spending (G<sub>t</sub>),0.0
81,AE: Infrastructure investment,Government spending (G<sub>t</sub>),0.0
82,AE: Infrastructure investment,Government spending (G<sub>t</sub>),0.0
83,AE: Infrastructure investment,Government spending (G<sub>t</sub>),0.0
84,AE: Infrastructure investment,Government spending (G<sub>t</sub>),0.0
85,AE: Infrastructure investment,Government spending (G<sub>t</sub>),0.0
86,AE: Infrastructure investment,Government spending (G<sub>t</sub>),0.0
87,AE: Infrastructure investment,Government spending (G<sub>t</sub>),0.0
88,AE: Infrastructure investment,Government spending (G<sub>t</sub>),0.0
89,AE: Infrastructure investment,Government spending (G<sub>t</sub>),0.0
90,AE: Infrastructure investment,Government spending (G<sub>t</sub>),0.0
91,AE: Infrastructure investment,Government spending (G<sub>t</sub>),0.0
92,AE: Infrastructure investment,Government spending (G<sub>t</sub>),0.0
93,AE: Infrastructure investment,Government spending (G<sub>t</sub>),0.0
94,AE: Infrastructure investment,Government spending (G<sub>t</sub>),0.0
95,AE: Infrastructure investment,Government spending (G<sub>t</sub>),0.0
96,AE: Infrastructure investment,Government spending (G<sub>t</sub>),0.0
97,AE: Infrastructure investment,Government spending (G<sub>t</sub>),0.0
98,AE: Infrastructure investment,Government spending (G<sub>t</sub>),0.0
99,AE: Infrastructure investment,Government spending (G<sub>t</sub>),0.0
100,AE: Infrastructure investment,Government spending (G<sub>t</sub>),0.0
1,AE: Human capital investment,Government spending (G<sub>t</sub>),0.0
2,AE: Human capital investment,Government spending (G<sub>t</sub>),0.0
3,AE: Human capital investment,Government spending (G<sub>t</sub>),0.0
4,AE: Human capital investment,Government spending (G<sub>t</sub>),0.0
5,AE: Human capital investment,Government spending (G<sub>t</sub>),0.0
6,AE: Human capital investment,Government spending (G<sub>t</sub>),0.0
7,AE: Human capital investment,Government spending (G<sub>t</sub>),0.0
8,AE: Human capital investment,Government spending (G<sub>t</sub>),0.0
9,AE: Human capital investment,Government spending (G<sub>t</sub>),0.0
10,AE: Human capital investment,Government spending (G<sub>t</sub>),0.0
11,AE: Human capital investment,Government spending (G<sub>t</sub>),0.0
12,AE: Human capital investment,Government spending (G<sub>t</sub>),0.0
13,AE: Human capital investment,Government spending (G<sub>t</sub>),0.0
14,AE: Human capital investment,Government spending (G<sub>t</sub>),0.0
15,AE: Human capital investment,Government spending (G<sub>t</sub>),0.0
16,AE: Human capital investment,Government spending (G<sub>t</sub>),0.0
17,AE: Human capital investment,Government spending (G<sub>t</sub>),0.0
18,AE: Human capital investment,Government spending (G<sub>t</sub>),0.0
19,AE: Human capital investment,Government spending (G<sub>t</sub>),0.0
20,AE: Human capital investment,Government spending (G<sub>t</sub>),0.0
21,AE: Human capital investment,Government spending (G<sub>t</sub>),0.0
22,AE: Human capital investment,Government spending (G<sub>t</sub>),0.0
23,AE: Human capital investment,Government spending (G<sub>t</sub>),0.0
24,AE: Human capital investment,Government spending (G<sub>t</sub>),0.0
25,AE: Human capital investment,Government spending (G<sub>t</sub>),0.0
26,AE: Human capital investment,Government spending (G<sub>t</sub>),0.0
27,AE: Human capital investment,Government spending (G<sub>t</sub>),0.0
28,AE: Human capital investment,Government spending (G<sub>t</sub>),0.0
29,AE: Human capital investment,Government spending (G<sub>t</sub>),0.0
30,AE: Human capital investment,Government spending (G<sub>t</sub>),0.0
31,AE: Human capital investment,Government spending (G<sub>t</sub>),0.0
32,AE: Human capital investment,Government spending (G<sub>t</sub>),0.0
33,AE: Human capital investment,Government spending (G<sub>t</sub>),0.0
34,AE: Human capital investment,Government spending (G<sub>t</sub>),0.0
35,AE: Human capital investment,Government spending (G<sub>t</sub>),0.0
36,AE: Human capital investment,Government spending (G<sub>t</sub>),0.0
37,AE: Human capital investment,Government spending (G<sub>t</sub>),0.0
38,AE: Human capital investment,Government spending (G<sub>t</sub>),0.0
39,AE: Human capital investment,Government spending (G<sub>t</sub>),0.0
40,AE: Human capital investment,Government spending (G<sub>t</sub>),0.0
41,AE: Human capital investment,Government spending (G<sub>t</sub>),0.0
42,AE: Human capital investment,Government spending (G<sub>t</sub>),0.0
43,AE: Human capital investment,Government spending (G<sub>t</sub>),0.0
44,AE: Human capital investment,Government spending (G<sub>t</sub>),0.0
45,AE: Human capital investment,Government spending (G<sub>t</sub>),0.0
46,AE: Human capital investment,Government spending (G<sub>t</sub>),0.0
47,AE: Human capital investment,Government spending (G<sub>t</sub>),0.0
48,AE: Human capital investment,Government spending (G<sub>t</sub>),0.0
49,AE: Human capital investment,Government spending (G<sub>t</sub>),0.0
50,AE: Human capital investment,Government spending (G<sub>t</sub>),0.0
51,AE: Human capital investment,Government spending (G<sub>t</sub>),0.0
52,AE: Human capital investment,Government spending (G<sub>t</sub>),0.0
53,AE: Human capital investment,Government spending (G<sub>t</sub>),0.0
54,AE: Human capital investment,Government spending (G<sub>t</sub>),0.0
55,AE: Human capital investment,Government spending (G<sub>t</sub>),0.0
56,AE: Human capital investment,Government spending (G<sub>t</sub>),0.0
57,AE: Human capital investment,Government spending (G<sub>t</sub>),0.0
58,AE: Human capital investment,Government spending (G<sub>t</sub>),0.0
59,AE: Human capital investment,Government spending (G<sub>t</sub>),0.0
60,AE: Human capital investment,Government spending (G<sub>t</sub>),0.0
61,AE: Human capital investment,Government spending (G<sub>t</sub>),0.0
62,AE: Human capital investment,Government spending (G<sub>t</sub>),0.0
63,AE: Human capital investment,Government spending (G<sub>t</sub>),0.0
64,AE: Human capital investment,Government spending (G<sub>t</sub>),0.0
65,AE: Human capital investment,Government spending (G<sub>t</sub>),0.0
66,AE: Human capital investment,Government spending (G<sub>t</sub>),0.0
67,AE: Human capital investment,Government spending (G<sub>t</sub>),0.0
68,AE: Human capital investment,Government spending (G<sub>t</sub>),0.0
69,AE: Human capital investment,Government spending (G<sub>t</sub>),0.0
70,AE: Human capital investment,Government spending (G<sub>t</sub>),0.0
71,AE: Human capital investment,Government spending (G<sub>t</sub>),0.0
72,AE: Human capital investment,Government spending (G<sub>t</sub>),0.0
73,AE: Human capital investment,Government spending (G<sub>t</sub>),0.0
74,AE: Human capital investment,Government spending (G<sub>t</sub>),0.0
75,AE: Human capital investment,Government spending (G<sub>t</sub>),0.0
76,AE: Human capital investment,Government spending (G<sub>t</sub>),0.0
77,AE: Human capital investment,Government spending (G<sub>t</sub>),0.0
78,AE: Human capital investment,Government spending (G<sub>t</sub>),0.0
79,AE: Human capital investment,Government spending (G<sub>t</sub>),0.0
80,AE: Human capital investment,Government spending (G<sub>t</sub>),0.0
81,AE: Human capital investment,Government spending (G<sub>t</sub>),0.0
82,AE: Human capital investment,Government spending (G<sub>t</sub>),0.0
83,AE: Human capital investment,Government spending (G<sub>t</sub>),0.0
84,AE: Human capital investment,Government spending (G<sub>t</sub>),0.0
85,AE: Human capital investment,Government spending (G<sub>t</sub>),0.0
86,AE: Human capital investment,Government spending (G<sub>t</sub>),0.0
87,AE: Human capital investment,Government spending (G<sub>t</sub>),0.0
88,AE: Human capital investment,Government spending (G<sub>t</sub>),0.0
89,AE: Human capital investment,Government spending (G<sub>t</sub>),0.0
90,AE: Human capital investment,Government spending (G<sub>t</sub>),0.0
91,AE: Human capital investment,Government spending (G<sub>t</sub>),0.0
92,AE: Human capital investment,Government spending (G<sub>t</sub>),0.0
93,AE: Human capital investment,Government spending (G<sub>t</sub>),0.0
94,AE: Human capital investment,Government spending (G<sub>t</sub>),0.0
95,AE: Human capital investment,Government spending (G<sub>t</sub>),0.0
96,AE: Human capital investment,Government spending (G<sub>t</sub>),0.0
97,AE: Human capital investment,Government spending (G<sub>t</sub>),0.0
98,AE: Human capital investment,Government spending (G<sub>t</sub>),0.0
99,AE: Human capital investment,Government spending (G<sub>t</sub>),0.0
100,AE: Human capital investment,Government spending (G<sub>t</sub>),0.0
1,AE: R&D spending,Government spending (G<sub>t</sub>),0.0
2,AE: R&D spending,Government spending (G<sub>t</sub>),0.0
3,AE: R&D spending,Government spending (G<sub>t</sub>),0.0
4,AE: R&D spending,Government spending (G<sub>t</sub>),0.0
5,AE: R&D spending,Government spending (G<sub>t</sub>),0.0
6,AE: R&D spending,Government spending (G<sub>t</sub>),0.0
7,AE: R&D spending,Government spending (G<sub>t</sub>),0.0
8,AE: R&D spending,Government spending (G<sub>t</sub>),0.0
9,AE: R&D spending,Government spending (G<sub>t</sub>),0.0
10,AE: R&D spending,Government spending (G<sub>t</sub>),0.0
11,AE: R&D spending,Government spending (G<sub>t</sub>),0.0
12,AE: R&D spending,Government spending (G<sub>t</sub>),0.0
13,AE: R&D spending,Government spending (G<sub>t</sub>),0.0
14,AE: R&D spending,Government spending (G<sub>t</sub>),0.0
15,AE: R&D spending,Government spending (G<sub>t</sub>),0.0
16,AE: R&D spending,Government spending (G<sub>t</sub>),0.0
17,AE: R&D spending,Government spending (G<sub>t</sub>),0.0
18,AE: R&D spending,Government spending (G<sub>t</sub>),0.0
19,AE: R&D spending,Government spending (G<sub>t</sub>),0.0
20,AE: R&D spending,Government spending (G<sub>t</sub>),0.0
21,AE: R&D spending,Government spending (G<sub>t</sub>),0.0
22,AE: R&D spending,Government spending (G<sub>t</sub>),0.0
23,AE: R&D spending,Government spending (G<sub>t</sub>),0.0
24,AE: R&D spending,Government spending (G<sub>t</sub>),0.0
25,AE: R&D spending,Government spending (G<sub>t</sub>),0.0
26,AE: R&D spending,Government spending (G<sub>t</sub>),0.0
27,AE: R&D spending,Government spending (G<sub>t</sub>),0.0
28,AE: R&D spending,Government spending (G<sub>t</sub>),0.0
29,AE: R&D spending,Government spending (G<sub>t</sub>),0.0
30,AE: R&D spending,Government spending (G<sub>t</sub>),0.0
31,AE: R&D spending,Government spending (G<sub>t</sub>),0.0
32,AE: R&D spending,Government spending (G<sub>t</sub>),0.0
33,AE: R&D spending,Government spending (G<sub>t</sub>),0.0
34,AE: R&D spending,Government spending (G<sub>t</sub>),0.0
35,AE: R&D spending,Government spending (G<sub>t</sub>),0.0
36,AE: R&D spending,Government spending (G<sub>t</sub>),0.0
37,AE: R&D spending,Government spending (G<sub>t</sub>),0.0
38,AE: R&D spending,Government spending (G<sub>t</sub>),0.0
39,AE: R&D spending,Government spending (G<sub>t</sub>),0.0
40,AE: R&D spending,Government spending (G<sub>t</sub>),0.0
41,AE: R&D spending,Government spending (G<sub>t</sub>),0.0
42,AE: R&D spending,Government spending (G<sub>t</sub>),0.0
43,AE: R&D spending,Government spending (G<sub>t</sub>),0.0
44,AE: R&D spending,Government spending (G<sub>t</sub>),0.0
45,AE: R&D spending,Government spending (G<sub>t</sub>),0.0
46,AE: R&D spending,Government spending (G<sub>t</sub>),0.0
47,AE: R&D spending,Government spending (G<sub>t</sub>),0.0
48,AE: R&D spending,Government spending (G<sub>t</sub>),0.0
49,AE: R&D spending,Government spending (G<sub>t</sub>),0.0
50,AE: R&D spending,Government spending (G<sub>t</sub>),0.0
51,AE: R&D spending,Government spending (G<sub>t</sub>),0.0
52,AE: R&D spending,Government spending (G<sub>t</sub>),0.0
53,AE: R&D spending,Government spending (G<sub>t</sub>),0.0
54,AE: R&D spending,Government spending (G<sub>t</sub>),0.0
55,AE: R&D spending,Government spending (G<sub>t</sub>),0.0
56,AE: R&D spending,Government spending (G<sub>t</sub>),0.0
57,AE: R&D spending,Government spending (G<sub>t</sub>),0.0
58,AE: R&D spending,Government spending (G<sub>t</sub>),0.0
59,AE: R&D spending,Government spending (G<sub>t</sub>),0.0
60,AE: R&D spending,Government spending (G<sub>t</sub>),0.0
61,AE: R&D spending,Government spending (G<sub>t</sub>),0.0
62,AE: R&D spending,Government spending (G<sub>t</sub>),0.0
63,AE: R&D spending,Government spending (G<sub>t</sub>),0.0
64,AE: R&D spending,Government spending (G<sub>t</sub>),0.0
65,AE: R&D spending,Government spending (G<sub>t</sub>),0.0
66,AE: R&D spending,Government spending (G<sub>t</sub>),0.0
67,AE: R&D spending,Government spending (G<sub>t</sub>),0.0
68,AE: R&D spending,Government spending (G<sub>t</sub>),0.0
69,AE: R&D spending,Government spending (G<sub>t</sub>),0.0
70,AE: R&D spending,Government spending (G<sub>t</sub>),0.0
71,AE: R&D spending,Government spending (G<sub>t</sub>),0.0
72,AE: R&D spending,Government spending (G<sub>t</sub>),0.0
73,AE: R&D spending,Government spending (G<sub>t</sub>),0.0
74,AE: R&D spending,Government spending (G<sub>t</sub>),0.0
75,AE: R&D spending,Government spending (G<sub>t</sub>),0.0
76,AE: R&D spending,Government spending (G<sub>t</sub>),0.0
77,AE: R&D spending,Government spending (G<sub>t</sub>),0.0
78,AE: R&D spending,Government spending (G<sub>t</sub>),0.0
79,AE: R&D spending,Government spending (G<sub>t</sub>),0.0
80,AE: R&D spending,Government spending (G<sub>t</sub>),0.0
81,AE: R&D spending,Government spending (G<sub>t</sub>),0.0
82,AE: R&D spending,Government spending (G<sub>t</sub>),0.0
83,AE: R&D spending,Government spending (G<sub>t</sub>),0.0
84,AE: R&D spending,Government spending (G<sub>t</sub>),0.0
85,AE: R&D spending,Government spending (G<sub>t</sub>),0.0
86,AE: R&D spending,Government spending (G<sub>t</sub>),0.0
87,AE: R&D spending,Government spending (G<sub>t</sub>),0.0
88,AE: R&D spending,Government spending (G<sub>t</sub>),0.0
89,AE: R&D spending,Government spending (G<sub>t</sub>),0.0
90,AE: R&D spending,Government spending (G<sub>t</sub>),0.0
91,AE: R&D spending,Government spending (G<sub>t</sub>),0.0
92,AE: R&D spending,Government spending (G<sub>t</sub>),0.0
93,AE: R&D spending,Government spending (G<sub>t</sub>),0.0
94,AE: R&D spending,Government spending (G<sub>t</sub>),0.0
95,AE: R&D spending,Government spending (G<sub>t</sub>),0.0
96,AE: R&D spending,Government spending (G<sub>t</sub>),0.0
97,AE: R&D spending,Government spending (G<sub>t</sub>),0.0
98,AE: R&D spending,Government spending (G<sub>t</sub>),0.0
99,AE: R&D spending,Government spending (G<sub>t</sub>),0.0
100,AE: R&D spending,Government spending (G<sub>t</sub>),0.0
1,AE: Infrastructure investment,Adopted technology (A<sub>t</sub>),-0.007
2,AE: Infrastructure investment,Adopted technology (A<sub>t</sub>),-0.016
3,AE: Infrastructure investment,Adopted technology (A<sub>t</sub>),-0.024
4,AE: Infrastructure investment,Adopted technology (A<sub>t</sub>),-0.033
5,AE: Infrastructure investment,Adopted technology (A<sub>t</sub>),-0.042
6,AE: Infrastructure investment,Adopted technology (A<sub>t</sub>),-0.052
7,AE: Infrastructure investment,Adopted technology (A<sub>t</sub>),-0.061
8,AE: Infrastructure investment,Adopted technology (A<sub>t</sub>),-0.07
9,AE: Infrastructure investment,Adopted technology (A<sub>t</sub>),-0.08
10,AE: Infrastructure investment,Adopted technology (A<sub>t</sub>),-0.088
11,AE: Infrastructure investment,Adopted technology (A<sub>t</sub>),-0.097
12,AE: Infrastructure investment,Adopted technology (A<sub>t</sub>),-0.105
13,AE: Infrastructure investment,Adopted technology (A<sub>t</sub>),-0.113
14,AE: Infrastructure investment,Adopted technology (A<sub>t</sub>),-0.12
15,AE: Infrastructure investment,Adopted technology (A<sub>t</sub>),-0.126
16,AE: Infrastructure investment,Adopted technology (A<sub>t</sub>),-0.133
17,AE: Infrastructure investment,Adopted technology (A<sub>t</sub>),-0.138
18,AE: Infrastructure investment,Adopted technology (A<sub>t</sub>),-0.143
19,AE: Infrastructure investment,Adopted technology (A<sub>t</sub>),-0.147
20,AE: Infrastructure investment,Adopted technology (A<sub>t</sub>),-0.151
21,AE: Infrastructure investment,Adopted technology (A<sub>t</sub>),-0.154
22,AE: Infrastructure investment,Adopted technology (A<sub>t</sub>),-0.156
23,AE: Infrastructure investment,Adopted technology (A<sub>t</sub>),-0.157
24,AE: Infrastructure investment,Adopted technology (A<sub>t</sub>),-0.158
25,AE: Infrastructure investment,Adopted technology (A<sub>t</sub>),-0.158
26,AE: Infrastructure investment,Adopted technology (A<sub>t</sub>),-0.158
27,AE: Infrastructure investment,Adopted technology (A<sub>t</sub>),-0.156
28,AE: Infrastructure investment,Adopted technology (A<sub>t</sub>),-0.154
29,AE: Infrastructure investment,Adopted technology (A<sub>t</sub>),-0.152
30,AE: Infrastructure investment,Adopted technology (A<sub>t</sub>),-0.148
31,AE: Infrastructure investment,Adopted technology (A<sub>t</sub>),-0.144
32,AE: Infrastructure investment,Adopted technology (A<sub>t</sub>),-0.139
33,AE: Infrastructure investment,Adopted technology (A<sub>t</sub>),-0.134
34,AE: Infrastructure investment,Adopted technology (A<sub>t</sub>),-0.128
35,AE: Infrastructure investment,Adopted technology (A<sub>t</sub>),-0.121
36,AE: Infrastructure investment,Adopted technology (A<sub>t</sub>),-0.113
37,AE: Infrastructure investment,Adopted technology (A<sub>t</sub>),-0.105
38,AE: Infrastructure investment,Adopted technology (A<sub>t</sub>),-0.096
39,AE: Infrastructure investment,Adopted technology (A<sub>t</sub>),-0.087
40,AE: Infrastructure investment,Adopted technology (A<sub>t</sub>),-0.077
41,AE: Infrastructure investment,Adopted technology (A<sub>t</sub>),-0.066
42,AE: Infrastructure investment,Adopted technology (A<sub>t</sub>),-0.055
43,AE: Infrastructure investment,Adopted technology (A<sub>t</sub>),-0.043
44,AE: Infrastructure investment,Adopted technology (A<sub>t</sub>),-0.031
45,AE: Infrastructure investment,Adopted technology (A<sub>t</sub>),-0.018
46,AE: Infrastructure investment,Adopted technology (A<sub>t</sub>),-0.004
47,AE: Infrastructure investment,Adopted technology (A<sub>t</sub>),0.01
48,AE: Infrastructure investment,Adopted technology (A<sub>t</sub>),0.025
49,AE: Infrastructure investment,Adopted technology (A<sub>t</sub>),0.04
50,AE: Infrastructure investment,Adopted technology (A<sub>t</sub>),0.055
51,AE: Infrastructure investment,Adopted technology (A<sub>t</sub>),0.072
52,AE: Infrastructure investment,Adopted technology (A<sub>t</sub>),0.088
53,AE: Infrastructure investment,Adopted technology (A<sub>t</sub>),0.105
54,AE: Infrastructure investment,Adopted technology (A<sub>t</sub>),0.123
55,AE: Infrastructure investment,Adopted technology (A<sub>t</sub>),0.141
56,AE: Infrastructure investment,Adopted technology (A<sub>t</sub>),0.16
57,AE: Infrastructure investment,Adopted technology (A<sub>t</sub>),0.179
58,AE: Infrastructure investment,Adopted technology (A<sub>t</sub>),0.198
59,AE: Infrastructure investment,Adopted technology (A<sub>t</sub>),0.218
60,AE: Infrastructure investment,Adopted technology (A<sub>t</sub>),0.238
61,AE: Infrastructure investment,Adopted technology (A<sub>t</sub>),0.259
62,AE: Infrastructure investment,Adopted technology (A<sub>t</sub>),0.28
63,AE: Infrastructure investment,Adopted technology (A<sub>t</sub>),0.301
64,AE: Infrastructure investment,Adopted technology (A<sub>t</sub>),0.323
65,AE: Infrastructure investment,Adopted technology (A<sub>t</sub>),0.346
66,AE: Infrastructure investment,Adopted technology (A<sub>t</sub>),0.368
67,AE: Infrastructure investment,Adopted technology (A<sub>t</sub>),0.391
68,AE: Infrastructure investment,Adopted technology (A<sub>t</sub>),0.414
69,AE: Infrastructure investment,Adopted technology (A<sub>t</sub>),0.438
70,AE: Infrastructure investment,Adopted technology (A<sub>t</sub>),0.462
71,AE: Infrastructure investment,Adopted technology (A<sub>t</sub>),0.486
72,AE: Infrastructure investment,Adopted technology (A<sub>t</sub>),0.511
73,AE: Infrastructure investment,Adopted technology (A<sub>t</sub>),0.536
74,AE: Infrastructure investment,Adopted technology (A<sub>t</sub>),0.561
75,AE: Infrastructure investment,Adopted technology (A<sub>t</sub>),0.586
76,AE: Infrastructure investment,Adopted technology (A<sub>t</sub>),0.612
77,AE: Infrastructure investment,Adopted technology (A<sub>t</sub>),0.638
78,AE: Infrastructure investment,Adopted technology (A<sub>t</sub>),0.665
79,AE: Infrastructure investment,Adopted technology (A<sub>t</sub>),0.691
80,AE: Infrastructure investment,Adopted technology (A<sub>t</sub>),0.718
81,AE: Infrastructure investment,Adopted technology (A<sub>t</sub>),0.746
82,AE: Infrastructure investment,Adopted technology (A<sub>t</sub>),0.773
83,AE: Infrastructure investment,Adopted technology (A<sub>t</sub>),0.801
84,AE: Infrastructure investment,Adopted technology (A<sub>t</sub>),0.829
85,AE: Infrastructure investment,Adopted technology (A<sub>t</sub>),0.857
86,AE: Infrastructure investment,Adopted technology (A<sub>t</sub>),0.886
87,AE: Infrastructure investment,Adopted technology (A<sub>t</sub>),0.915
88,AE: Infrastructure investment,Adopted technology (A<sub>t</sub>),0.944
89,AE: Infrastructure investment,Adopted technology (A<sub>t</sub>),0.973
90,AE: Infrastructure investment,Adopted technology (A<sub>t</sub>),1.003
91,AE: Infrastructure investment,Adopted technology (A<sub>t</sub>),1.033
92,AE: Infrastructure investment,Adopted technology (A<sub>t</sub>),1.063
93,AE: Infrastructure investment,Adopted technology (A<sub>t</sub>),1.093
94,AE: Infrastructure investment,Adopted technology (A<sub>t</sub>),1.124
95,AE: Infrastructure investment,Adopted technology (A<sub>t</sub>),1.155
96,AE: Infrastructure investment,Adopted technology (A<sub>t</sub>),1.186
97,AE: Infrastructure investment,Adopted technology (A<sub>t</sub>),1.218
98,AE: Infrastructure investment,Adopted technology (A<sub>t</sub>),1.249
99,AE: Infrastructure investment,Adopted technology (A<sub>t</sub>),1.281
100,AE: Infrastructure investment,Adopted technology (A<sub>t</sub>),1.313
1,AE: Human capital investment,Adopted technology (A<sub>t</sub>),0.002
2,AE: Human capital investment,Adopted technology (A<sub>t</sub>),0.003
3,AE: Human capital investment,Adopted technology (A<sub>t</sub>),0.003
4,AE: Human capital investment,Adopted technology (A<sub>t</sub>),0.001
5,AE: Human capital investment,Adopted technology (A<sub>t</sub>),-0.003
6,AE: Human capital investment,Adopted technology (A<sub>t</sub>),-0.008
7,AE: Human capital investment,Adopted technology (A<sub>t</sub>),-0.015
8,AE: Human capital investment,Adopted technology (A<sub>t</sub>),-0.024
9,AE: Human capital investment,Adopted technology (A<sub>t</sub>),-0.035
10,AE: Human capital investment,Adopted technology (A<sub>t</sub>),-0.047
11,AE: Human capital investment,Adopted technology (A<sub>t</sub>),-0.06
12,AE: Human capital investment,Adopted technology (A<sub>t</sub>),-0.075
13,AE: Human capital investment,Adopted technology (A<sub>t</sub>),-0.09
14,AE: Human capital investment,Adopted technology (A<sub>t</sub>),-0.106
15,AE: Human capital investment,Adopted technology (A<sub>t</sub>),-0.123
16,AE: Human capital investment,Adopted technology (A<sub>t</sub>),-0.14
17,AE: Human capital investment,Adopted technology (A<sub>t</sub>),-0.157
18,AE: Human capital investment,Adopted technology (A<sub>t</sub>),-0.175
19,AE: Human capital investment,Adopted technology (A<sub>t</sub>),-0.192
20,AE: Human capital investment,Adopted technology (A<sub>t</sub>),-0.209
21,AE: Human capital investment,Adopted technology (A<sub>t</sub>),-0.226
22,AE: Human capital investment,Adopted technology (A<sub>t</sub>),-0.242
23,AE: Human capital investment,Adopted technology (A<sub>t</sub>),-0.258
24,AE: Human capital investment,Adopted technology (A<sub>t</sub>),-0.272
25,AE: Human capital investment,Adopted technology (A<sub>t</sub>),-0.286
26,AE: Human capital investment,Adopted technology (A<sub>t</sub>),-0.299
27,AE: Human capital investment,Adopted technology (A<sub>t</sub>),-0.312
28,AE: Human capital investment,Adopted technology (A<sub>t</sub>),-0.322
29,AE: Human capital investment,Adopted technology (A<sub>t</sub>),-0.332
30,AE: Human capital investment,Adopted technology (A<sub>t</sub>),-0.341
31,AE: Human capital investment,Adopted technology (A<sub>t</sub>),-0.348
32,AE: Human capital investment,Adopted technology (A<sub>t</sub>),-0.354
33,AE: Human capital investment,Adopted technology (A<sub>t</sub>),-0.358
34,AE: Human capital investment,Adopted technology (A<sub>t</sub>),-0.361
35,AE: Human capital investment,Adopted technology (A<sub>t</sub>),-0.362
36,AE: Human capital investment,Adopted technology (A<sub>t</sub>),-0.362
37,AE: Human capital investment,Adopted technology (A<sub>t</sub>),-0.36
38,AE: Human capital investment,Adopted technology (A<sub>t</sub>),-0.357
39,AE: Human capital investment,Adopted technology (A<sub>t</sub>),-0.352
40,AE: Human capital investment,Adopted technology (A<sub>t</sub>),-0.346
41,AE: Human capital investment,Adopted technology (A<sub>t</sub>),-0.337
42,AE: Human capital investment,Adopted technology (A<sub>t</sub>),-0.327
43,AE: Human capital investment,Adopted technology (A<sub>t</sub>),-0.316
44,AE: Human capital investment,Adopted technology (A<sub>t</sub>),-0.302
45,AE: Human capital investment,Adopted technology (A<sub>t</sub>),-0.287
46,AE: Human capital investment,Adopted technology (A<sub>t</sub>),-0.27
47,AE: Human capital investment,Adopted technology (A<sub>t</sub>),-0.252
48,AE: Human capital investment,Adopted technology (A<sub>t</sub>),-0.232
49,AE: Human capital investment,Adopted technology (A<sub>t</sub>),-0.21
50,AE: Human capital investment,Adopted technology (A<sub>t</sub>),-0.186
51,AE: Human capital investment,Adopted technology (A<sub>t</sub>),-0.161
52,AE: Human capital investment,Adopted technology (A<sub>t</sub>),-0.134
53,AE: Human capital investment,Adopted technology (A<sub>t</sub>),-0.105
54,AE: Human capital investment,Adopted technology (A<sub>t</sub>),-0.075
55,AE: Human capital investment,Adopted technology (A<sub>t</sub>),-0.043
56,AE: Human capital investment,Adopted technology (A<sub>t</sub>),-0.01
57,AE: Human capital investment,Adopted technology (A<sub>t</sub>),0.025
58,AE: Human capital investment,Adopted technology (A<sub>t</sub>),0.062
59,AE: Human capital investment,Adopted technology (A<sub>t</sub>),0.1
60,AE: Human capital investment,Adopted technology (A<sub>t</sub>),0.14
61,AE: Human capital investment,Adopted technology (A<sub>t</sub>),0.181
62,AE: Human capital investment,Adopted technology (A<sub>t</sub>),0.224
63,AE: Human capital investment,Adopted technology (A<sub>t</sub>),0.268
64,AE: Human capital investment,Adopted technology (A<sub>t</sub>),0.313
65,AE: Human capital investment,Adopted technology (A<sub>t</sub>),0.361
66,AE: Human capital investment,Adopted technology (A<sub>t</sub>),0.409
67,AE: Human capital investment,Adopted technology (A<sub>t</sub>),0.459
68,AE: Human capital investment,Adopted technology (A<sub>t</sub>),0.51
69,AE: Human capital investment,Adopted technology (A<sub>t</sub>),0.563
70,AE: Human capital investment,Adopted technology (A<sub>t</sub>),0.616
71,AE: Human capital investment,Adopted technology (A<sub>t</sub>),0.671
72,AE: Human capital investment,Adopted technology (A<sub>t</sub>),0.728
73,AE: Human capital investment,Adopted technology (A<sub>t</sub>),0.785
74,AE: Human capital investment,Adopted technology (A<sub>t</sub>),0.844
75,AE: Human capital investment,Adopted technology (A<sub>t</sub>),0.904
76,AE: Human capital investment,Adopted technology (A<sub>t</sub>),0.965
77,AE: Human capital investment,Adopted technology (A<sub>t</sub>),1.027
78,AE: Human capital investment,Adopted technology (A<sub>t</sub>),1.09
79,AE: Human capital investment,Adopted technology (A<sub>t</sub>),1.155
80,AE: Human capital investment,Adopted technology (A<sub>t</sub>),1.22
81,AE: Human capital investment,Adopted technology (A<sub>t</sub>),1.286
82,AE: Human capital investment,Adopted technology (A<sub>t</sub>),1.354
83,AE: Human capital investment,Adopted technology (A<sub>t</sub>),1.422
84,AE: Human capital investment,Adopted technology (A<sub>t</sub>),1.491
85,AE: Human capital investment,Adopted technology (A<sub>t</sub>),1.561
86,AE: Human capital investment,Adopted technology (A<sub>t</sub>),1.632
87,AE: Human capital investment,Adopted technology (A<sub>t</sub>),1.704
88,AE: Human capital investment,Adopted technology (A<sub>t</sub>),1.777
89,AE: Human capital investment,Adopted technology (A<sub>t</sub>),1.85
90,AE: Human capital investment,Adopted technology (A<sub>t</sub>),1.925
91,AE: Human capital investment,Adopted technology (A<sub>t</sub>),2.0
92,AE: Human capital investment,Adopted technology (A<sub>t</sub>),2.075
93,AE: Human capital investment,Adopted technology (A<sub>t</sub>),2.152
94,AE: Human capital investment,Adopted technology (A<sub>t</sub>),2.229
95,AE: Human capital investment,Adopted technology (A<sub>t</sub>),2.307
96,AE: Human capital investment,Adopted technology (A<sub>t</sub>),2.385
97,AE: Human capital investment,Adopted technology (A<sub>t</sub>),2.464
98,AE: Human capital investment,Adopted technology (A<sub>t</sub>),2.544
99,AE: Human capital investment,Adopted technology (A<sub>t</sub>),2.624
100,AE: Human capital investment,Adopted technology (A<sub>t</sub>),2.705
1,AE: R&D spending,Adopted technology (A<sub>t</sub>),-0.154
2,AE: R&D spending,Adopted technology (A<sub>t</sub>),-0.326
3,AE: R&D spending,Adopted technology (A<sub>t</sub>),-0.4
4,AE: R&D spending,Adopted technology (A<sub>t</sub>),-0.398
5,AE: R&D spending,Adopted technology (A<sub>t</sub>),-0.339
6,AE: R&D spending,Adopted technology (A<sub>t</sub>),-0.236
7,AE: R&D spending,Adopted technology (A<sub>t</sub>),-0.1
8,AE: R&D spending,Adopted technology (A<sub>t</sub>),0.059
9,AE: R&D spending,Adopted technology (A<sub>t</sub>),0.237
10,AE: R&D spending,Adopted technology (A<sub>t</sub>),0.427
11,AE: R&D spending,Adopted technology (A<sub>t</sub>),0.627
12,AE: R&D spending,Adopted technology (A<sub>t</sub>),0.832
13,AE: R&D spending,Adopted technology (A<sub>t</sub>),1.04
14,AE: R&D spending,Adopted technology (A<sub>t</sub>),1.251
15,AE: R&D spending,Adopted technology (A<sub>t</sub>),1.462
16,AE: R&D spending,Adopted technology (A<sub>t</sub>),1.672
17,AE: R&D spending,Adopted technology (A<sub>t</sub>),1.881
18,AE: R&D spending,Adopted technology (A<sub>t</sub>),2.089
19,AE: R&D spending,Adopted technology (A<sub>t</sub>),2.293
20,AE: R&D spending,Adopted technology (A<sub>t</sub>),2.496
21,AE: R&D spending,Adopted technology (A<sub>t</sub>),2.695
22,AE: R&D spending,Adopted technology (A<sub>t</sub>),2.892
23,AE: R&D spending,Adopted technology (A<sub>t</sub>),3.086
24,AE: R&D spending,Adopted technology (A<sub>t</sub>),3.277
25,AE: R&D spending,Adopted technology (A<sub>t</sub>),3.464
26,AE: R&D spending,Adopted technology (A<sub>t</sub>),3.649
27,AE: R&D spending,Adopted technology (A<sub>t</sub>),3.832
28,AE: R&D spending,Adopted technology (A<sub>t</sub>),4.011
29,AE: R&D spending,Adopted technology (A<sub>t</sub>),4.188
30,AE: R&D spending,Adopted technology (A<sub>t</sub>),4.362
31,AE: R&D spending,Adopted technology (A<sub>t</sub>),4.534
32,AE: R&D spending,Adopted technology (A<sub>t</sub>),4.703
33,AE: R&D spending,Adopted technology (A<sub>t</sub>),4.87
34,AE: R&D spending,Adopted technology (A<sub>t</sub>),5.035
35,AE: R&D spending,Adopted technology (A<sub>t</sub>),5.198
36,AE: R&D spending,Adopted technology (A<sub>t</sub>),5.358
37,AE: R&D spending,Adopted technology (A<sub>t</sub>),5.517
38,AE: R&D spending,Adopted technology (A<sub>t</sub>),5.673
39,AE: R&D spending,Adopted technology (A<sub>t</sub>),5.828
40,AE: R&D spending,Adopted technology (A<sub>t</sub>),5.981
41,AE: R&D spending,Adopted technology (A<sub>t</sub>),6.132
42,AE: R&D spending,Adopted technology (A<sub>t</sub>),6.281
43,AE: R&D spending,Adopted technology (A<sub>t</sub>),6.429
44,AE: R&D spending,Adopted technology (A<sub>t</sub>),6.575
45,AE: R&D spending,Adopted technology (A<sub>t</sub>),6.72
46,AE: R&D spending,Adopted technology (A<sub>t</sub>),6.863
47,AE: R&D spending,Adopted technology (A<sub>t</sub>),7.005
48,AE: R&D spending,Adopted technology (A<sub>t</sub>),7.146
49,AE: R&D spending,Adopted technology (A<sub>t</sub>),7.285
50,AE: R&D spending,Adopted technology (A<sub>t</sub>),7.423
51,AE: R&D spending,Adopted technology (A<sub>t</sub>),7.56
52,AE: R&D spending,Adopted technology (A<sub>t</sub>),7.695
53,AE: R&D spending,Adopted technology (A<sub>t</sub>),7.83
54,AE: R&D spending,Adopted technology (A<sub>t</sub>),7.963
55,AE: R&D spending,Adopted technology (A<sub>t</sub>),8.095
56,AE: R&D spending,Adopted technology (A<sub>t</sub>),8.226
57,AE: R&D spending,Adopted technology (A<sub>t</sub>),8.356
58,AE: R&D spending,Adopted technology (A<sub>t</sub>),8.485
59,AE: R&D spending,Adopted technology (A<sub>t</sub>),8.612
60,AE: R&D spending,Adopted technology (A<sub>t</sub>),8.739
61,AE: R&D spending,Adopted technology (A<sub>t</sub>),8.865
62,AE: R&D spending,Adopted technology (A<sub>t</sub>),8.99
63,AE: R&D spending,Adopted technology (A<sub>t</sub>),9.114
64,AE: R&D spending,Adopted technology (A<sub>t</sub>),9.238
65,AE: R&D spending,Adopted technology (A<sub>t</sub>),9.36
66,AE: R&D spending,Adopted technology (A<sub>t</sub>),9.481
67,AE: R&D spending,Adopted technology (A<sub>t</sub>),9.602
68,AE: R&D spending,Adopted technology (A<sub>t</sub>),9.722
69,AE: R&D spending,Adopted technology (A<sub>t</sub>),9.841
70,AE: R&D spending,Adopted technology (A<sub>t</sub>),9.959
71,AE: R&D spending,Adopted technology (A<sub>t</sub>),10.076
72,AE: R&D spending,Adopted technology (A<sub>t</sub>),10.193
73,AE: R&D spending,Adopted technology (A<sub>t</sub>),10.309
74,AE: R&D spending,Adopted technology (A<sub>t</sub>),10.424
75,AE: R&D spending,Adopted technology (A<sub>t</sub>),10.539
76,AE: R&D spending,Adopted technology (A<sub>t</sub>),10.653
77,AE: R&D spending,Adopted technology (A<sub>t</sub>),10.766
78,AE: R&D spending,Adopted technology (A<sub>t</sub>),10.878
79,AE: R&D spending,Adopted technology (A<sub>t</sub>),10.99
80,AE: R&D spending,Adopted technology (A<sub>t</sub>),11.101
81,AE: R&D spending,Adopted technology (A<sub>t</sub>),11.211
82,AE: R&D spending,Adopted technology (A<sub>t</sub>),11.321
83,AE: R&D spending,Adopted technology (A<sub>t</sub>),11.43
84,AE: R&D spending,Adopted technology (A<sub>t</sub>),11.539
85,AE: R&D spending,Adopted technology (A<sub>t</sub>),11.647
86,AE: R&D spending,Adopted technology (A<sub>t</sub>),11.755
87,AE: R&D spending,Adopted technology (A<sub>t</sub>),11.862
88,AE: R&D spending,Adopted technology (A<sub>t</sub>),11.968
89,AE: R&D spending,Adopted technology (A<sub>t</sub>),12.074
90,AE: R&D spending,Adopted technology (A<sub>t</sub>),12.18
91,AE: R&D spending,Adopted technology (A<sub>t</sub>),12.285
92,AE: R&D spending,Adopted technology (A<sub>t</sub>),12.389
93,AE: R&D spending,Adopted technology (A<sub>t</sub>),12.494
94,AE: R&D spending,Adopted technology (A<sub>t</sub>),12.598
95,AE: R&D spending,Adopted technology (A<sub>t</sub>),12.701
96,AE: R&D spending,Adopted technology (A<sub>t</sub>),12.805
97,AE: R&D spending,Adopted technology (A<sub>t</sub>),12.908
98,AE: R&D spending,Adopted technology (A<sub>t</sub>),13.011
99,AE: R&D spending,Adopted technology (A<sub>t</sub>),13.114
100,AE: R&D spending,Adopted technology (A<sub>t</sub>),13.217
1,AE: Infrastructure investment,Public infrastructure (K<sup>GI</sup><sub>t</sub>),1.165
2,AE: Infrastructure investment,Public infrastructure (K<sup>GI</sup><sub>t</sub>),2.319
3,AE: Infrastructure investment,Public infrastructure (K<sup>GI</sup><sub>t</sub>),3.462
4,AE: Infrastructure investment,Public infrastructure (K<sup>GI</sup><sub>t</sub>),4.594
5,AE: Infrastructure investment,Public infrastructure (K<sup>GI</sup><sub>t</sub>),5.715
6,AE: Infrastructure investment,Public infrastructure (K<sup>GI</sup><sub>t</sub>),6.826
7,AE: Infrastructure investment,Public infrastructure (K<sup>GI</sup><sub>t</sub>),7.928
8,AE: Infrastructure investment,Public infrastructure (K<sup>GI</sup><sub>t</sub>),9.02
9,AE: Infrastructure investment,Public infrastructure (K<sup>GI</sup><sub>t</sub>),10.103
10,AE: Infrastructure investment,Public infrastructure (K<sup>GI</sup><sub>t</sub>),11.176
11,AE: Infrastructure investment,Public infrastructure (K<sup>GI</sup><sub>t</sub>),12.241
12,AE: Infrastructure investment,Public infrastructure (K<sup>GI</sup><sub>t</sub>),13.298
13,AE: Infrastructure investment,Public infrastructure (K<sup>GI</sup><sub>t</sub>),14.346
14,AE: Infrastructure investment,Public infrastructure (K<sup>GI</sup><sub>t</sub>),15.386
15,AE: Infrastructure investment,Public infrastructure (K<sup>GI</sup><sub>t</sub>),16.419
16,AE: Infrastructure investment,Public infrastructure (K<sup>GI</sup><sub>t</sub>),17.444
17,AE: Infrastructure investment,Public infrastructure (K<sup>GI</sup><sub>t</sub>),18.462
18,AE: Infrastructure investment,Public infrastructure (K<sup>GI</sup><sub>t</sub>),19.472
19,AE: Infrastructure investment,Public infrastructure (K<sup>GI</sup><sub>t</sub>),20.476
20,AE: Infrastructure investment,Public infrastructure (K<sup>GI</sup><sub>t</sub>),21.473
21,AE: Infrastructure investment,Public infrastructure (K<sup>GI</sup><sub>t</sub>),22.464
22,AE: Infrastructure investment,Public infrastructure (K<sup>GI</sup><sub>t</sub>),23.448
23,AE: Infrastructure investment,Public infrastructure (K<sup>GI</sup><sub>t</sub>),24.427
24,AE: Infrastructure investment,Public infrastructure (K<sup>GI</sup><sub>t</sub>),25.399
25,AE: Infrastructure investment,Public infrastructure (K<sup>GI</sup><sub>t</sub>),26.366
26,AE: Infrastructure investment,Public infrastructure (K<sup>GI</sup><sub>t</sub>),27.327
27,AE: Infrastructure investment,Public infrastructure (K<sup>GI</sup><sub>t</sub>),28.283
28,AE: Infrastructure investment,Public infrastructure (K<sup>GI</sup><sub>t</sub>),29.233
29,AE: Infrastructure investment,Public infrastructure (K<sup>GI</sup><sub>t</sub>),30.179
30,AE: Infrastructure investment,Public infrastructure (K<sup>GI</sup><sub>t</sub>),31.119
31,AE: Infrastructure investment,Public infrastructure (K<sup>GI</sup><sub>t</sub>),32.055
32,AE: Infrastructure investment,Public infrastructure (K<sup>GI</sup><sub>t</sub>),32.986
33,AE: Infrastructure investment,Public infrastructure (K<sup>GI</sup><sub>t</sub>),33.912
34,AE: Infrastructure investment,Public infrastructure (K<sup>GI</sup><sub>t</sub>),34.834
35,AE: Infrastructure investment,Public infrastructure (K<sup>GI</sup><sub>t</sub>),35.752
36,AE: Infrastructure investment,Public infrastructure (K<sup>GI</sup><sub>t</sub>),36.666
37,AE: Infrastructure investment,Public infrastructure (K<sup>GI</sup><sub>t</sub>),37.575
38,AE: Infrastructure investment,Public infrastructure (K<sup>GI</sup><sub>t</sub>),38.481
39,AE: Infrastructure investment,Public infrastructure (K<sup>GI</sup><sub>t</sub>),39.383
40,AE: Infrastructure investment,Public infrastructure (K<sup>GI</sup><sub>t</sub>),40.282
41,AE: Infrastructure investment,Public infrastructure (K<sup>GI</sup><sub>t</sub>),41.176
42,AE: Infrastructure investment,Public infrastructure (K<sup>GI</sup><sub>t</sub>),42.068
43,AE: Infrastructure investment,Public infrastructure (K<sup>GI</sup><sub>t</sub>),42.956
44,AE: Infrastructure investment,Public infrastructure (K<sup>GI</sup><sub>t</sub>),43.841
45,AE: Infrastructure investment,Public infrastructure (K<sup>GI</sup><sub>t</sub>),44.722
46,AE: Infrastructure investment,Public infrastructure (K<sup>GI</sup><sub>t</sub>),45.601
47,AE: Infrastructure investment,Public infrastructure (K<sup>GI</sup><sub>t</sub>),46.477
48,AE: Infrastructure investment,Public infrastructure (K<sup>GI</sup><sub>t</sub>),47.349
49,AE: Infrastructure investment,Public infrastructure (K<sup>GI</sup><sub>t</sub>),48.219
50,AE: Infrastructure investment,Public infrastructure (K<sup>GI</sup><sub>t</sub>),49.086
51,AE: Infrastructure investment,Public infrastructure (K<sup>GI</sup><sub>t</sub>),49.951
52,AE: Infrastructure investment,Public infrastructure (K<sup>GI</sup><sub>t</sub>),50.813
53,AE: Infrastructure investment,Public infrastructure (K<sup>GI</sup><sub>t</sub>),51.673
54,AE: Infrastructure investment,Public infrastructure (K<sup>GI</sup><sub>t</sub>),52.53
55,AE: Infrastructure investment,Public infrastructure (K<sup>GI</sup><sub>t</sub>),53.385
56,AE: Infrastructure investment,Public infrastructure (K<sup>GI</sup><sub>t</sub>),54.237
57,AE: Infrastructure investment,Public infrastructure (K<sup>GI</sup><sub>t</sub>),55.088
58,AE: Infrastructure investment,Public infrastructure (K<sup>GI</sup><sub>t</sub>),55.936
59,AE: Infrastructure investment,Public infrastructure (K<sup>GI</sup><sub>t</sub>),56.782
60,AE: Infrastructure investment,Public infrastructure (K<sup>GI</sup><sub>t</sub>),57.626
61,AE: Infrastructure investment,Public infrastructure (K<sup>GI</sup><sub>t</sub>),58.468
62,AE: Infrastructure investment,Public infrastructure (K<sup>GI</sup><sub>t</sub>),59.308
63,AE: Infrastructure investment,Public infrastructure (K<sup>GI</sup><sub>t</sub>),60.147
64,AE: Infrastructure investment,Public infrastructure (K<sup>GI</sup><sub>t</sub>),60.984
65,AE: Infrastructure investment,Public infrastructure (K<sup>GI</sup><sub>t</sub>),61.819
66,AE: Infrastructure investment,Public infrastructure (K<sup>GI</sup><sub>t</sub>),62.652
67,AE: Infrastructure investment,Public infrastructure (K<sup>GI</sup><sub>t</sub>),63.483
68,AE: Infrastructure investment,Public infrastructure (K<sup>GI</sup><sub>t</sub>),64.313
69,AE: Infrastructure investment,Public infrastructure (K<sup>GI</sup><sub>t</sub>),65.142
70,AE: Infrastructure investment,Public infrastructure (K<sup>GI</sup><sub>t</sub>),65.969
71,AE: Infrastructure investment,Public infrastructure (K<sup>GI</sup><sub>t</sub>),66.795
72,AE: Infrastructure investment,Public infrastructure (K<sup>GI</sup><sub>t</sub>),67.619
73,AE: Infrastructure investment,Public infrastructure (K<sup>GI</sup><sub>t</sub>),68.442
74,AE: Infrastructure investment,Public infrastructure (K<sup>GI</sup><sub>t</sub>),69.263
75,AE: Infrastructure investment,Public infrastructure (K<sup>GI</sup><sub>t</sub>),70.083
76,AE: Infrastructure investment,Public infrastructure (K<sup>GI</sup><sub>t</sub>),70.902
77,AE: Infrastructure investment,Public infrastructure (K<sup>GI</sup><sub>t</sub>),71.72
78,AE: Infrastructure investment,Public infrastructure (K<sup>GI</sup><sub>t</sub>),72.537
79,AE: Infrastructure investment,Public infrastructure (K<sup>GI</sup><sub>t</sub>),73.352
80,AE: Infrastructure investment,Public infrastructure (K<sup>GI</sup><sub>t</sub>),74.166
81,AE: Infrastructure investment,Public infrastructure (K<sup>GI</sup><sub>t</sub>),74.98
82,AE: Infrastructure investment,Public infrastructure (K<sup>GI</sup><sub>t</sub>),75.792
83,AE: Infrastructure investment,Public infrastructure (K<sup>GI</sup><sub>t</sub>),76.603
84,AE: Infrastructure investment,Public infrastructure (K<sup>GI</sup><sub>t</sub>),77.413
85,AE: Infrastructure investment,Public infrastructure (K<sup>GI</sup><sub>t</sub>),78.223
86,AE: Infrastructure investment,Public infrastructure (K<sup>GI</sup><sub>t</sub>),79.031
87,AE: Infrastructure investment,Public infrastructure (K<sup>GI</sup><sub>t</sub>),79.838
88,AE: Infrastructure investment,Public infrastructure (K<sup>GI</sup><sub>t</sub>),80.645
89,AE: Infrastructure investment,Public infrastructure (K<sup>GI</sup><sub>t</sub>),81.451
90,AE: Infrastructure investment,Public infrastructure (K<sup>GI</sup><sub>t</sub>),82.256
91,AE: Infrastructure investment,Public infrastructure (K<sup>GI</sup><sub>t</sub>),83.06
92,AE: Infrastructure investment,Public infrastructure (K<sup>GI</sup><sub>t</sub>),83.863
93,AE: Infrastructure investment,Public infrastructure (K<sup>GI</sup><sub>t</sub>),84.666
94,AE: Infrastructure investment,Public infrastructure (K<sup>GI</sup><sub>t</sub>),85.468
95,AE: Infrastructure investment,Public infrastructure (K<sup>GI</sup><sub>t</sub>),86.269
96,AE: Infrastructure investment,Public infrastructure (K<sup>GI</sup><sub>t</sub>),87.069
97,AE: Infrastructure investment,Public infrastructure (K<sup>GI</sup><sub>t</sub>),87.869
98,AE: Infrastructure investment,Public infrastructure (K<sup>GI</sup><sub>t</sub>),88.669
99,AE: Infrastructure investment,Public infrastructure (K<sup>GI</sup><sub>t</sub>),89.467
100,AE: Infrastructure investment,Public infrastructure (K<sup>GI</sup><sub>t</sub>),90.265
1,AE: Human capital investment,Public infrastructure (K<sup>GI</sup><sub>t</sub>),0.0
2,AE: Human capital investment,Public infrastructure (K<sup>GI</sup><sub>t</sub>),0.0
3,AE: Human capital investment,Public infrastructure (K<sup>GI</sup><sub>t</sub>),0.0
4,AE: Human capital investment,Public infrastructure (K<sup>GI</sup><sub>t</sub>),0.0
5,AE: Human capital investment,Public infrastructure (K<sup>GI</sup><sub>t</sub>),0.0
6,AE: Human capital investment,Public infrastructure (K<sup>GI</sup><sub>t</sub>),0.0
7,AE: Human capital investment,Public infrastructure (K<sup>GI</sup><sub>t</sub>),0.0
8,AE: Human capital investment,Public infrastructure (K<sup>GI</sup><sub>t</sub>),0.0
9,AE: Human capital investment,Public infrastructure (K<sup>GI</sup><sub>t</sub>),0.0
10,AE: Human capital investment,Public infrastructure (K<sup>GI</sup><sub>t</sub>),0.0
11,AE: Human capital investment,Public infrastructure (K<sup>GI</sup><sub>t</sub>),0.0
12,AE: Human capital investment,Public infrastructure (K<sup>GI</sup><sub>t</sub>),0.0
13,AE: Human capital investment,Public infrastructure (K<sup>GI</sup><sub>t</sub>),0.0
14,AE: Human capital investment,Public infrastructure (K<sup>GI</sup><sub>t</sub>),0.0
15,AE: Human capital investment,Public infrastructure (K<sup>GI</sup><sub>t</sub>),0.0
16,AE: Human capital investment,Public infrastructure (K<sup>GI</sup><sub>t</sub>),0.0
17,AE: Human capital investment,Public infrastructure (K<sup>GI</sup><sub>t</sub>),0.0
18,AE: Human capital investment,Public infrastructure (K<sup>GI</sup><sub>t</sub>),0.0
19,AE: Human capital investment,Public infrastructure (K<sup>GI</sup><sub>t</sub>),0.0
20,AE: Human capital investment,Public infrastructure (K<sup>GI</sup><sub>t</sub>),0.0
21,AE: Human capital investment,Public infrastructure (K<sup>GI</sup><sub>t</sub>),0.0
22,AE: Human capital investment,Public infrastructure (K<sup>GI</sup><sub>t</sub>),0.0
23,AE: Human capital investment,Public infrastructure (K<sup>GI</sup><sub>t</sub>),0.0
24,AE: Human capital investment,Public infrastructure (K<sup>GI</sup><sub>t</sub>),0.0
25,AE: Human capital investment,Public infrastructure (K<sup>GI</sup><sub>t</sub>),0.0
26,AE: Human capital investment,Public infrastructure (K<sup>GI</sup><sub>t</sub>),0.0
27,AE: Human capital investment,Public infrastructure (K<sup>GI</sup><sub>t</sub>),0.0
28,AE: Human capital investment,Public infrastructure (K<sup>GI</sup><sub>t</sub>),0.0
29,AE: Human capital investment,Public infrastructure (K<sup>GI</sup><sub>t</sub>),0.0
30,AE: Human capital investment,Public infrastructure (K<sup>GI</sup><sub>t</sub>),0.0
31,AE: Human capital investment,Public infrastructure (K<sup>GI</sup><sub>t</sub>),0.0
32,AE: Human capital investment,Public infrastructure (K<sup>GI</sup><sub>t</sub>),0.0
33,AE: Human capital investment,Public infrastructure (K<sup>GI</sup><sub>t</sub>),0.0
34,AE: Human capital investment,Public infrastructure (K<sup>GI</sup><sub>t</sub>),0.0
35,AE: Human capital investment,Public infrastructure (K<sup>GI</sup><sub>t</sub>),0.0
36,AE: Human capital investment,Public infrastructure (K<sup>GI</sup><sub>t</sub>),0.0
37,AE: Human capital investment,Public infrastructure (K<sup>GI</sup><sub>t</sub>),0.0
38,AE: Human capital investment,Public infrastructure (K<sup>GI</sup><sub>t</sub>),0.0
39,AE: Human capital investment,Public infrastructure (K<sup>GI</sup><sub>t</sub>),0.0
40,AE: Human capital investment,Public infrastructure (K<sup>GI</sup><sub>t</sub>),0.0
41,AE: Human capital investment,Public infrastructure (K<sup>GI</sup><sub>t</sub>),0.0
42,AE: Human capital investment,Public infrastructure (K<sup>GI</sup><sub>t</sub>),0.0
43,AE: Human capital investment,Public infrastructure (K<sup>GI</sup><sub>t</sub>),0.0
44,AE: Human capital investment,Public infrastructure (K<sup>GI</sup><sub>t</sub>),0.0
45,AE: Human capital investment,Public infrastructure (K<sup>GI</sup><sub>t</sub>),0.0
46,AE: Human capital investment,Public infrastructure (K<sup>GI</sup><sub>t</sub>),0.0
47,AE: Human capital investment,Public infrastructure (K<sup>GI</sup><sub>t</sub>),0.0
48,AE: Human capital investment,Public infrastructure (K<sup>GI</sup><sub>t</sub>),0.0
49,AE: Human capital investment,Public infrastructure (K<sup>GI</sup><sub>t</sub>),0.0
50,AE: Human capital investment,Public infrastructure (K<sup>GI</sup><sub>t</sub>),0.0
51,AE: Human capital investment,Public infrastructure (K<sup>GI</sup><sub>t</sub>),0.0
52,AE: Human capital investment,Public infrastructure (K<sup>GI</sup><sub>t</sub>),0.0
53,AE: Human capital investment,Public infrastructure (K<sup>GI</sup><sub>t</sub>),0.0
54,AE: Human capital investment,Public infrastructure (K<sup>GI</sup><sub>t</sub>),0.0
55,AE: Human capital investment,Public infrastructure (K<sup>GI</sup><sub>t</sub>),0.0
56,AE: Human capital investment,Public infrastructure (K<sup>GI</sup><sub>t</sub>),0.0
57,AE: Human capital investment,Public infrastructure (K<sup>GI</sup><sub>t</sub>),0.0
58,AE: Human capital investment,Public infrastructure (K<sup>GI</sup><sub>t</sub>),0.0
59,AE: Human capital investment,Public infrastructure (K<sup>GI</sup><sub>t</sub>),0.0
60,AE: Human capital investment,Public infrastructure (K<sup>GI</sup><sub>t</sub>),0.0
61,AE: Human capital investment,Public infrastructure (K<sup>GI</sup><sub>t</sub>),0.0
62,AE: Human capital investment,Public infrastructure (K<sup>GI</sup><sub>t</sub>),0.0
63,AE: Human capital investment,Public infrastructure (K<sup>GI</sup><sub>t</sub>),0.0
64,AE: Human capital investment,Public infrastructure (K<sup>GI</sup><sub>t</sub>),0.0
65,AE: Human capital investment,Public infrastructure (K<sup>GI</sup><sub>t</sub>),0.0
66,AE: Human capital investment,Public infrastructure (K<sup>GI</sup><sub>t</sub>),0.0
67,AE: Human capital investment,Public infrastructure (K<sup>GI</sup><sub>t</sub>),0.0
68,AE: Human capital investment,Public infrastructure (K<sup>GI</sup><sub>t</sub>),0.0
69,AE: Human capital investment,Public infrastructure (K<sup>GI</sup><sub>t</sub>),0.0
70,AE: Human capital investment,Public infrastructure (K<sup>GI</sup><sub>t</sub>),0.0
71,AE: Human capital investment,Public infrastructure (K<sup>GI</sup><sub>t</sub>),0.0
72,AE: Human capital investment,Public infrastructure (K<sup>GI</sup><sub>t</sub>),0.0
73,AE: Human capital investment,Public infrastructure (K<sup>GI</sup><sub>t</sub>),0.0
74,AE: Human capital investment,Public infrastructure (K<sup>GI</sup><sub>t</sub>),0.0
75,AE: Human capital investment,Public infrastructure (K<sup>GI</sup><sub>t</sub>),0.0
76,AE: Human capital investment,Public infrastructure (K<sup>GI</sup><sub>t</sub>),0.0
77,AE: Human capital investment,Public infrastructure (K<sup>GI</sup><sub>t</sub>),0.0
78,AE: Human capital investment,Public infrastructure (K<sup>GI</sup><sub>t</sub>),0.0
79,AE: Human capital investment,Public infrastructure (K<sup>GI</sup><sub>t</sub>),0.0
80,AE: Human capital investment,Public infrastructure (K<sup>GI</sup><sub>t</sub>),0.0
81,AE: Human capital investment,Public infrastructure (K<sup>GI</sup><sub>t</sub>),0.0
82,AE: Human capital investment,Public infrastructure (K<sup>GI</sup><sub>t</sub>),0.0
83,AE: Human capital investment,Public infrastructure (K<sup>GI</sup><sub>t</sub>),0.0
84,AE: Human capital investment,Public infrastructure (K<sup>GI</sup><sub>t</sub>),0.0
85,AE: Human capital investment,Public infrastructure (K<sup>GI</sup><sub>t</sub>),0.0
86,AE: Human capital investment,Public infrastructure (K<sup>GI</sup><sub>t</sub>),0.0
87,AE: Human capital investment,Public infrastructure (K<sup>GI</sup><sub>t</sub>),0.0
88,AE: Human capital investment,Public infrastructure (K<sup>GI</sup><sub>t</sub>),0.0
89,AE: Human capital investment,Public infrastructure (K<sup>GI</sup><sub>t</sub>),0.0
90,AE: Human capital investment,Public infrastructure (K<sup>GI</sup><sub>t</sub>),0.0
91,AE: Human capital investment,Public infrastructure (K<sup>GI</sup><sub>t</sub>),0.0
92,AE: Human capital investment,Public infrastructure (K<sup>GI</sup><sub>t</sub>),0.0
93,AE: Human capital investment,Public infrastructure (K<sup>GI</sup><sub>t</sub>),0.0
94,AE: Human capital investment,Public infrastructure (K<sup>GI</sup><sub>t</sub>),0.0
95,AE: Human capital investment,Public infrastructure (K<sup>GI</sup><sub>t</sub>),0.0
96,AE: Human capital investment,Public infrastructure (K<sup>GI</sup><sub>t</sub>),0.0
97,AE: Human capital investment,Public infrastructure (K<sup>GI</sup><sub>t</sub>),0.0
98,AE: Human capital investment,Public infrastructure (K<sup>GI</sup><sub>t</sub>),0.0
99,AE: Human capital investment,Public infrastructure (K<sup>GI</sup><sub>t</sub>),0.0
100,AE: Human capital investment,Public infrastructure (K<sup>GI</sup><sub>t</sub>),0.0
1,AE: R&D spending,Public infrastructure (K<sup>GI</sup><sub>t</sub>),0.0
2,AE: R&D spending,Public infrastructure (K<sup>GI</sup><sub>t</sub>),0.0
3,AE: R&D spending,Public infrastructure (K<sup>GI</sup><sub>t</sub>),0.0
4,AE: R&D spending,Public infrastructure (K<sup>GI</sup><sub>t</sub>),0.0
5,AE: R&D spending,Public infrastructure (K<sup>GI</sup><sub>t</sub>),0.0
6,AE: R&D spending,Public infrastructure (K<sup>GI</sup><sub>t</sub>),0.0
7,AE: R&D spending,Public infrastructure (K<sup>GI</sup><sub>t</sub>),0.0
8,AE: R&D spending,Public infrastructure (K<sup>GI</sup><sub>t</sub>),0.0
9,AE: R&D spending,Public infrastructure (K<sup>GI</sup><sub>t</sub>),0.0
10,AE: R&D spending,Public infrastructure (K<sup>GI</sup><sub>t</sub>),0.0
11,AE: R&D spending,Public infrastructure (K<sup>GI</sup><sub>t</sub>),0.0
12,AE: R&D spending,Public infrastructure (K<sup>GI</sup><sub>t</sub>),0.0
13,AE: R&D spending,Public infrastructure (K<sup>GI</sup><sub>t</sub>),0.0
14,AE: R&D spending,Public infrastructure (K<sup>GI</sup><sub>t</sub>),0.0
15,AE: R&D spending,Public infrastructure (K<sup>GI</sup><sub>t</sub>),0.0
16,AE: R&D spending,Public infrastructure (K<sup>GI</sup><sub>t</sub>),0.0
17,AE: R&D spending,Public infrastructure (K<sup>GI</sup><sub>t</sub>),0.0
18,AE: R&D spending,Public infrastructure (K<sup>GI</sup><sub>t</sub>),0.0
19,AE: R&D spending,Public infrastructure (K<sup>GI</sup><sub>t</sub>),0.0
20,AE: R&D spending,Public infrastructure (K<sup>GI</sup><sub>t</sub>),0.0
21,AE: R&D spending,Public infrastructure (K<sup>GI</sup><sub>t</sub>),0.0
22,AE: R&D spending,Public infrastructure (K<sup>GI</sup><sub>t</sub>),0.0
23,AE: R&D spending,Public infrastructure (K<sup>GI</sup><sub>t</sub>),0.0
24,AE: R&D spending,Public infrastructure (K<sup>GI</sup><sub>t</sub>),0.0
25,AE: R&D spending,Public infrastructure (K<sup>GI</sup><sub>t</sub>),0.0
26,AE: R&D spending,Public infrastructure (K<sup>GI</sup><sub>t</sub>),0.0
27,AE: R&D spending,Public infrastructure (K<sup>GI</sup><sub>t</sub>),0.0
28,AE: R&D spending,Public infrastructure (K<sup>GI</sup><sub>t</sub>),0.0
29,AE: R&D spending,Public infrastructure (K<sup>GI</sup><sub>t</sub>),0.0
30,AE: R&D spending,Public infrastructure (K<sup>GI</sup><sub>t</sub>),0.0
31,AE: R&D spending,Public infrastructure (K<sup>GI</sup><sub>t</sub>),0.0
32,AE: R&D spending,Public infrastructure (K<sup>GI</sup><sub>t</sub>),0.0
33,AE: R&D spending,Public infrastructure (K<sup>GI</sup><sub>t</sub>),0.0
34,AE: R&D spending,Public infrastructure (K<sup>GI</sup><sub>t</sub>),0.0
35,AE: R&D spending,Public infrastructure (K<sup>GI</sup><sub>t</sub>),0.0
36,AE: R&D spending,Public infrastructure (K<sup>GI</sup><sub>t</sub>),0.0
37,AE: R&D spending,Public infrastructure (K<sup>GI</sup><sub>t</sub>),0.0
38,AE: R&D spending,Public infrastructure (K<sup>GI</sup><sub>t</sub>),0.0
39,AE: R&D spending,Public infrastructure (K<sup>GI</sup><sub>t</sub>),0.0
40,AE: R&D spending,Public infrastructure (K<sup>GI</sup><sub>t</sub>),0.0
41,AE: R&D spending,Public infrastructure (K<sup>GI</sup><sub>t</sub>),0.0
42,AE: R&D spending,Public infrastructure (K<sup>GI</sup><sub>t</sub>),0.0
43,AE: R&D spending,Public infrastructure (K<sup>GI</sup><sub>t</sub>),0.0
44,AE: R&D spending,Public infrastructure (K<sup>GI</sup><sub>t</sub>),0.0
45,AE: R&D spending,Public infrastructure (K<sup>GI</sup><sub>t</sub>),0.0
46,AE: R&D spending,Public infrastructure (K<sup>GI</sup><sub>t</sub>),0.0
47,AE: R&D spending,Public infrastructure (K<sup>GI</sup><sub>t</sub>),0.0
48,AE: R&D spending,Public infrastructure (K<sup>GI</sup><sub>t</sub>),0.0
49,AE: R&D spending,Public infrastructure (K<sup>GI</sup><sub>t</sub>),0.0
50,AE: R&D spending,Public infrastructure (K<sup>GI</sup><sub>t</sub>),0.0
51,AE: R&D spending,Public infrastructure (K<sup>GI</sup><sub>t</sub>),0.0
52,AE: R&D spending,Public infrastructure (K<sup>GI</sup><sub>t</sub>),0.0
53,AE: R&D spending,Public infrastructure (K<sup>GI</sup><sub>t</sub>),0.0
54,AE: R&D spending,Public infrastructure (K<sup>GI</sup><sub>t</sub>),0.0
55,AE: R&D spending,Public infrastructure (K<sup>GI</sup><sub>t</sub>),0.0
56,AE: R&D spending,Public infrastructure (K<sup>GI</sup><sub>t</sub>),0.0
57,AE: R&D spending,Public infrastructure (K<sup>GI</sup><sub>t</sub>),0.0
58,AE: R&D spending,Public infrastructure (K<sup>GI</sup><sub>t</sub>),0.0
59,AE: R&D spending,Public infrastructure (K<sup>GI</sup><sub>t</sub>),0.0
60,AE: R&D spending,Public infrastructure (K<sup>GI</sup><sub>t</sub>),0.0
61,AE: R&D spending,Public infrastructure (K<sup>GI</sup><sub>t</sub>),0.0
62,AE: R&D spending,Public infrastructure (K<sup>GI</sup><sub>t</sub>),0.0
63,AE: R&D spending,Public infrastructure (K<sup>GI</sup><sub>t</sub>),0.0
64,AE: R&D spending,Public infrastructure (K<sup>GI</sup><sub>t</sub>),0.0
65,AE: R&D spending,Public infrastructure (K<sup>GI</sup><sub>t</sub>),0.0
66,AE: R&D spending,Public infrastructure (K<sup>GI</sup><sub>t</sub>),0.0
67,AE: R&D spending,Public infrastructure (K<sup>GI</sup><sub>t</sub>),0.0
68,AE: R&D spending,Public infrastructure (K<sup>GI</sup><sub>t</sub>),0.0
69,AE: R&D spending,Public infrastructure (K<sup>GI</sup><sub>t</sub>),0.0
70,AE: R&D spending,Public infrastructure (K<sup>GI</sup><sub>t</sub>),0.0
71,AE: R&D spending,Public infrastructure (K<sup>GI</sup><sub>t</sub>),0.0
72,AE: R&D spending,Public infrastructure (K<sup>GI</sup><sub>t</sub>),0.0
73,AE: R&D spending,Public infrastructure (K<sup>GI</sup><sub>t</sub>),0.0
74,AE: R&D spending,Public infrastructure (K<sup>GI</sup><sub>t</sub>),0.0
75,AE: R&D spending,Public infrastructure (K<sup>GI</sup><sub>t</sub>),0.0
76,AE: R&D spending,Public infrastructure (K<sup>GI</sup><sub>t</sub>),0.0
77,AE: R&D spending,Public infrastructure (K<sup>GI</sup><sub>t</sub>),0.0
78,AE: R&D spending,Public infrastructure (K<sup>GI</sup><sub>t</sub>),0.0
79,AE: R&D spending,Public infrastructure (K<sup>GI</sup><sub>t</sub>),0.0
80,AE: R&D spending,Public infrastructure (K<sup>GI</sup><sub>t</sub>),0.0
81,AE: R&D spending,Public infrastructure (K<sup>GI</sup><sub>t</sub>),0.0
82,AE: R&D spending,Public infrastructure (K<sup>GI</sup><sub>t</sub>),0.0
83,AE: R&D spending,Public infrastructure (K<sup>GI</sup><sub>t</sub>),0.0
84,AE: R&D spending,Public infrastructure (K<sup>GI</sup><sub>t</sub>),0.0
85,AE: R&D spending,Public infrastructure (K<sup>GI</sup><sub>t</sub>),0.0
86,AE: R&D spending,Public infrastructure (K<sup>GI</sup><sub>t</sub>),0.0
87,AE: R&D spending,Public infrastructure (K<sup>GI</sup><sub>t</sub>),0.0
88,AE: R&D spending,Public infrastructure (K<sup>GI</sup><sub>t</sub>),0.0
89,AE: R&D spending,Public infrastructure (K<sup>GI</sup><sub>t</sub>),0.0
90,AE: R&D spending,Public infrastructure (K<sup>GI</sup><sub>t</sub>),0.0
91,AE: R&D spending,Public infrastructure (K<sup>GI</sup><sub>t</sub>),0.0
92,AE: R&D spending,Public infrastructure (K<sup>GI</sup><sub>t</sub>),0.0
93,AE: R&D spending,Public infrastructure (K<sup>GI</sup><sub>t</sub>),0.0
94,AE: R&D spending,Public infrastructure (K<sup>GI</sup><sub>t</sub>),0.0
95,AE: R&D spending,Public infrastructure (K<sup>GI</sup><sub>t</sub>),0.0
96,AE: R&D spending,Public infrastructure (K<sup>GI</sup><sub>t</sub>),0.0
97,AE: R&D spending,Public infrastructure (K<sup>GI</sup><sub>t</sub>),0.0
98,AE: R&D spending,Public infrastructure (K<sup>GI</sup><sub>t</sub>),0.0
99,AE: R&D spending,Public infrastructure (K<sup>GI</sup><sub>t</sub>),0.0
100,AE: R&D spending,Public infrastructure (K<sup>GI</sup><sub>t</sub>),0.0
1,AE: Infrastructure investment,Educ./hlt capital (K<sup>GE</sup><sub>t</sub>),0.0
2,AE: Infrastructure investment,Educ./hlt capital (K<sup>GE</sup><sub>t</sub>),0.0
3,AE: Infrastructure investment,Educ./hlt capital (K<sup>GE</sup><sub>t</sub>),0.0
4,AE: Infrastructure investment,Educ./hlt capital (K<sup>GE</sup><sub>t</sub>),0.0
5,AE: Infrastructure investment,Educ./hlt capital (K<sup>GE</sup><sub>t</sub>),0.0
6,AE: Infrastructure investment,Educ./hlt capital (K<sup>GE</sup><sub>t</sub>),0.0
7,AE: Infrastructure investment,Educ./hlt capital (K<sup>GE</sup><sub>t</sub>),0.0
8,AE: Infrastructure investment,Educ./hlt capital (K<sup>GE</sup><sub>t</sub>),0.0
9,AE: Infrastructure investment,Educ./hlt capital (K<sup>GE</sup><sub>t</sub>),0.0
10,AE: Infrastructure investment,Educ./hlt capital (K<sup>GE</sup><sub>t</sub>),0.0
11,AE: Infrastructure investment,Educ./hlt capital (K<sup>GE</sup><sub>t</sub>),0.0
12,AE: Infrastructure investment,Educ./hlt capital (K<sup>GE</sup><sub>t</sub>),0.0
13,AE: Infrastructure investment,Educ./hlt capital (K<sup>GE</sup><sub>t</sub>),0.0
14,AE: Infrastructure investment,Educ./hlt capital (K<sup>GE</sup><sub>t</sub>),0.0
15,AE: Infrastructure investment,Educ./hlt capital (K<sup>GE</sup><sub>t</sub>),0.0
16,AE: Infrastructure investment,Educ./hlt capital (K<sup>GE</sup><sub>t</sub>),0.0
17,AE: Infrastructure investment,Educ./hlt capital (K<sup>GE</sup><sub>t</sub>),0.0
18,AE: Infrastructure investment,Educ./hlt capital (K<sup>GE</sup><sub>t</sub>),0.0
19,AE: Infrastructure investment,Educ./hlt capital (K<sup>GE</sup><sub>t</sub>),0.0
20,AE: Infrastructure investment,Educ./hlt capital (K<sup>GE</sup><sub>t</sub>),0.0
21,AE: Infrastructure investment,Educ./hlt capital (K<sup>GE</sup><sub>t</sub>),0.0
22,AE: Infrastructure investment,Educ./hlt capital (K<sup>GE</sup><sub>t</sub>),0.0
23,AE: Infrastructure investment,Educ./hlt capital (K<sup>GE</sup><sub>t</sub>),0.0
24,AE: Infrastructure investment,Educ./hlt capital (K<sup>GE</sup><sub>t</sub>),0.0
25,AE: Infrastructure investment,Educ./hlt capital (K<sup>GE</sup><sub>t</sub>),0.0
26,AE: Infrastructure investment,Educ./hlt capital (K<sup>GE</sup><sub>t</sub>),0.0
27,AE: Infrastructure investment,Educ./hlt capital (K<sup>GE</sup><sub>t</sub>),0.0
28,AE: Infrastructure investment,Educ./hlt capital (K<sup>GE</sup><sub>t</sub>),0.0
29,AE: Infrastructure investment,Educ./hlt capital (K<sup>GE</sup><sub>t</sub>),0.0
30,AE: Infrastructure investment,Educ./hlt capital (K<sup>GE</sup><sub>t</sub>),0.0
31,AE: Infrastructure investment,Educ./hlt capital (K<sup>GE</sup><sub>t</sub>),0.0
32,AE: Infrastructure investment,Educ./hlt capital (K<sup>GE</sup><sub>t</sub>),0.0
33,AE: Infrastructure investment,Educ./hlt capital (K<sup>GE</sup><sub>t</sub>),0.0
34,AE: Infrastructure investment,Educ./hlt capital (K<sup>GE</sup><sub>t</sub>),0.0
35,AE: Infrastructure investment,Educ./hlt capital (K<sup>GE</sup><sub>t</sub>),0.0
36,AE: Infrastructure investment,Educ./hlt capital (K<sup>GE</sup><sub>t</sub>),0.0
37,AE: Infrastructure investment,Educ./hlt capital (K<sup>GE</sup><sub>t</sub>),0.0
38,AE: Infrastructure investment,Educ./hlt capital (K<sup>GE</sup><sub>t</sub>),0.0
39,AE: Infrastructure investment,Educ./hlt capital (K<sup>GE</sup><sub>t</sub>),0.0
40,AE: Infrastructure investment,Educ./hlt capital (K<sup>GE</sup><sub>t</sub>),0.0
41,AE: Infrastructure investment,Educ./hlt capital (K<sup>GE</sup><sub>t</sub>),0.0
42,AE: Infrastructure investment,Educ./hlt capital (K<sup>GE</sup><sub>t</sub>),0.0
43,AE: Infrastructure investment,Educ./hlt capital (K<sup>GE</sup><sub>t</sub>),0.0
44,AE: Infrastructure investment,Educ./hlt capital (K<sup>GE</sup><sub>t</sub>),0.0
45,AE: Infrastructure investment,Educ./hlt capital (K<sup>GE</sup><sub>t</sub>),0.0
46,AE: Infrastructure investment,Educ./hlt capital (K<sup>GE</sup><sub>t</sub>),0.0
47,AE: Infrastructure investment,Educ./hlt capital (K<sup>GE</sup><sub>t</sub>),0.0
48,AE: Infrastructure investment,Educ./hlt capital (K<sup>GE</sup><sub>t</sub>),0.0
49,AE: Infrastructure investment,Educ./hlt capital (K<sup>GE</sup><sub>t</sub>),0.0
50,AE: Infrastructure investment,Educ./hlt capital (K<sup>GE</sup><sub>t</sub>),0.0
51,AE: Infrastructure investment,Educ./hlt capital (K<sup>GE</sup><sub>t</sub>),0.0
52,AE: Infrastructure investment,Educ./hlt capital (K<sup>GE</sup><sub>t</sub>),0.0
53,AE: Infrastructure investment,Educ./hlt capital (K<sup>GE</sup><sub>t</sub>),0.0
54,AE: Infrastructure investment,Educ./hlt capital (K<sup>GE</sup><sub>t</sub>),0.0
55,AE: Infrastructure investment,Educ./hlt capital (K<sup>GE</sup><sub>t</sub>),0.0
56,AE: Infrastructure investment,Educ./hlt capital (K<sup>GE</sup><sub>t</sub>),0.0
57,AE: Infrastructure investment,Educ./hlt capital (K<sup>GE</sup><sub>t</sub>),0.0
58,AE: Infrastructure investment,Educ./hlt capital (K<sup>GE</sup><sub>t</sub>),0.0
59,AE: Infrastructure investment,Educ./hlt capital (K<sup>GE</sup><sub>t</sub>),0.0
60,AE: Infrastructure investment,Educ./hlt capital (K<sup>GE</sup><sub>t</sub>),0.0
61,AE: Infrastructure investment,Educ./hlt capital (K<sup>GE</sup><sub>t</sub>),0.0
62,AE: Infrastructure investment,Educ./hlt capital (K<sup>GE</sup><sub>t</sub>),0.0
63,AE: Infrastructure investment,Educ./hlt capital (K<sup>GE</sup><sub>t</sub>),0.0
64,AE: Infrastructure investment,Educ./hlt capital (K<sup>GE</sup><sub>t</sub>),0.0
65,AE: Infrastructure investment,Educ./hlt capital (K<sup>GE</sup><sub>t</sub>),0.0
66,AE: Infrastructure investment,Educ./hlt capital (K<sup>GE</sup><sub>t</sub>),0.0
67,AE: Infrastructure investment,Educ./hlt capital (K<sup>GE</sup><sub>t</sub>),0.0
68,AE: Infrastructure investment,Educ./hlt capital (K<sup>GE</sup><sub>t</sub>),0.0
69,AE: Infrastructure investment,Educ./hlt capital (K<sup>GE</sup><sub>t</sub>),0.0
70,AE: Infrastructure investment,Educ./hlt capital (K<sup>GE</sup><sub>t</sub>),0.0
71,AE: Infrastructure investment,Educ./hlt capital (K<sup>GE</sup><sub>t</sub>),0.0
72,AE: Infrastructure investment,Educ./hlt capital (K<sup>GE</sup><sub>t</sub>),0.0
73,AE: Infrastructure investment,Educ./hlt capital (K<sup>GE</sup><sub>t</sub>),0.0
74,AE: Infrastructure investment,Educ./hlt capital (K<sup>GE</sup><sub>t</sub>),0.0
75,AE: Infrastructure investment,Educ./hlt capital (K<sup>GE</sup><sub>t</sub>),0.0
76,AE: Infrastructure investment,Educ./hlt capital (K<sup>GE</sup><sub>t</sub>),0.0
77,AE: Infrastructure investment,Educ./hlt capital (K<sup>GE</sup><sub>t</sub>),0.0
78,AE: Infrastructure investment,Educ./hlt capital (K<sup>GE</sup><sub>t</sub>),0.0
79,AE: Infrastructure investment,Educ./hlt capital (K<sup>GE</sup><sub>t</sub>),0.0
80,AE: Infrastructure investment,Educ./hlt capital (K<sup>GE</sup><sub>t</sub>),0.0
81,AE: Infrastructure investment,Educ./hlt capital (K<sup>GE</sup><sub>t</sub>),0.0
82,AE: Infrastructure investment,Educ./hlt capital (K<sup>GE</sup><sub>t</sub>),0.0
83,AE: Infrastructure investment,Educ./hlt capital (K<sup>GE</sup><sub>t</sub>),0.0
84,AE: Infrastructure investment,Educ./hlt capital (K<sup>GE</sup><sub>t</sub>),0.0
85,AE: Infrastructure investment,Educ./hlt capital (K<sup>GE</sup><sub>t</sub>),0.0
86,AE: Infrastructure investment,Educ./hlt capital (K<sup>GE</sup><sub>t</sub>),0.0
87,AE: Infrastructure investment,Educ./hlt capital (K<sup>GE</sup><sub>t</sub>),0.0
88,AE: Infrastructure investment,Educ./hlt capital (K<sup>GE</sup><sub>t</sub>),0.0
89,AE: Infrastructure investment,Educ./hlt capital (K<sup>GE</sup><sub>t</sub>),0.0
90,AE: Infrastructure investment,Educ./hlt capital (K<sup>GE</sup><sub>t</sub>),0.0
91,AE: Infrastructure investment,Educ./hlt capital (K<sup>GE</sup><sub>t</sub>),0.0
92,AE: Infrastructure investment,Educ./hlt capital (K<sup>GE</sup><sub>t</sub>),0.0
93,AE: Infrastructure investment,Educ./hlt capital (K<sup>GE</sup><sub>t</sub>),0.0
94,AE: Infrastructure investment,Educ./hlt capital (K<sup>GE</sup><sub>t</sub>),0.0
95,AE: Infrastructure investment,Educ./hlt capital (K<sup>GE</sup><sub>t</sub>),0.0
96,AE: Infrastructure investment,Educ./hlt capital (K<sup>GE</sup><sub>t</sub>),0.0
97,AE: Infrastructure investment,Educ./hlt capital (K<sup>GE</sup><sub>t</sub>),0.0
98,AE: Infrastructure investment,Educ./hlt capital (K<sup>GE</sup><sub>t</sub>),0.0
99,AE: Infrastructure investment,Educ./hlt capital (K<sup>GE</sup><sub>t</sub>),0.0
100,AE: Infrastructure investment,Educ./hlt capital (K<sup>GE</sup><sub>t</sub>),0.0
1,AE: Human capital investment,Educ./hlt capital (K<sup>GE</sup><sub>t</sub>),2.331
2,AE: Human capital investment,Educ./hlt capital (K<sup>GE</sup><sub>t</sub>),4.616
3,AE: Human capital investment,Educ./hlt capital (K<sup>GE</sup><sub>t</sub>),6.858
4,AE: Human capital investment,Educ./hlt capital (K<sup>GE</sup><sub>t</sub>),9.056
5,AE: Human capital investment,Educ./hlt capital (K<sup>GE</sup><sub>t</sub>),11.212
6,AE: Human capital investment,Educ./hlt capital (K<sup>GE</sup><sub>t</sub>),13.328
7,AE: Human capital investment,Educ./hlt capital (K<sup>GE</sup><sub>t</sub>),15.405
8,AE: Human capital investment,Educ./hlt capital (K<sup>GE</sup><sub>t</sub>),17.444
9,AE: Human capital investment,Educ./hlt capital (K<sup>GE</sup><sub>t</sub>),19.446
10,AE: Human capital investment,Educ./hlt capital (K<sup>GE</sup><sub>t</sub>),21.411
11,AE: Human capital investment,Educ./hlt capital (K<sup>GE</sup><sub>t</sub>),23.342
12,AE: Human capital investment,Educ./hlt capital (K<sup>GE</sup><sub>t</sub>),25.24
13,AE: Human capital investment,Educ./hlt capital (K<sup>GE</sup><sub>t</sub>),27.104
14,AE: Human capital investment,Educ./hlt capital (K<sup>GE</sup><sub>t</sub>),28.936
15,AE: Human capital investment,Educ./hlt capital (K<sup>GE</sup><sub>t</sub>),30.738
16,AE: Human capital investment,Educ./hlt capital (K<sup>GE</sup><sub>t</sub>),32.51
17,AE: Human capital investment,Educ./hlt capital (K<sup>GE</sup><sub>t</sub>),34.252
18,AE: Human capital investment,Educ./hlt capital (K<sup>GE</sup><sub>t</sub>),35.967
19,AE: Human capital investment,Educ./hlt capital (K<sup>GE</sup><sub>t</sub>),37.654
20,AE: Human capital investment,Educ./hlt capital (K<sup>GE</sup><sub>t</sub>),39.314
21,AE: Human capital investment,Educ./hlt capital (K<sup>GE</sup><sub>t</sub>),40.948
22,AE: Human capital investment,Educ./hlt capital (K<sup>GE</sup><sub>t</sub>),42.558
23,AE: Human capital investment,Educ./hlt capital (K<sup>GE</sup><sub>t</sub>),44.143
24,AE: Human capital investment,Educ./hlt capital (K<sup>GE</sup><sub>t</sub>),45.705
25,AE: Human capital investment,Educ./hlt capital (K<sup>GE</sup><sub>t</sub>),47.243
26,AE: Human capital investment,Educ./hlt capital (K<sup>GE</sup><sub>t</sub>),48.76
27,AE: Human capital investment,Educ./hlt capital (K<sup>GE</sup><sub>t</sub>),50.254
28,AE: Human capital investment,Educ./hlt capital (K<sup>GE</sup><sub>t</sub>),51.728
29,AE: Human capital investment,Educ./hlt capital (K<sup>GE</sup><sub>t</sub>),53.182
30,AE: Human capital investment,Educ./hlt capital (K<sup>GE</sup><sub>t</sub>),54.616
31,AE: Human capital investment,Educ./hlt capital (K<sup>GE</sup><sub>t</sub>),56.031
32,AE: Human capital investment,Educ./hlt capital (K<sup>GE</sup><sub>t</sub>),57.427
33,AE: Human capital investment,Educ./hlt capital (K<sup>GE</sup><sub>t</sub>),58.805
34,AE: Human capital investment,Educ./hlt capital (K<sup>GE</sup><sub>t</sub>),60.166
35,AE: Human capital investment,Educ./hlt capital (K<sup>GE</sup><sub>t</sub>),61.509
36,AE: Human capital investment,Educ./hlt capital (K<sup>GE</sup><sub>t</sub>),62.837
37,AE: Human capital investment,Educ./hlt capital (K<sup>GE</sup><sub>t</sub>),64.148
38,AE: Human capital investment,Educ./hlt capital (K<sup>GE</sup><sub>t</sub>),65.444
39,AE: Human capital investment,Educ./hlt capital (K<sup>GE</sup><sub>t</sub>),66.724
40,AE: Human capital investment,Educ./hlt capital (K<sup>GE</sup><sub>t</sub>),67.99
41,AE: Human capital investment,Educ./hlt capital (K<sup>GE</sup><sub>t</sub>),69.242
42,AE: Human capital investment,Educ./hlt capital (K<sup>GE</sup><sub>t</sub>),70.481
43,AE: Human capital investment,Educ./hlt capital (K<sup>GE</sup><sub>t</sub>),71.705
44,AE: Human capital investment,Educ./hlt capital (K<sup>GE</sup><sub>t</sub>),72.917
45,AE: Human capital investment,Educ./hlt capital (K<sup>GE</sup><sub>t</sub>),74.116
46,AE: Human capital investment,Educ./hlt capital (K<sup>GE</sup><sub>t</sub>),75.304
47,AE: Human capital investment,Educ./hlt capital (K<sup>GE</sup><sub>t</sub>),76.479
48,AE: Human capital investment,Educ./hlt capital (K<sup>GE</sup><sub>t</sub>),77.642
49,AE: Human capital investment,Educ./hlt capital (K<sup>GE</sup><sub>t</sub>),78.795
50,AE: Human capital investment,Educ./hlt capital (K<sup>GE</sup><sub>t</sub>),79.937
51,AE: Human capital investment,Educ./hlt capital (K<sup>GE</sup><sub>t</sub>),81.068
52,AE: Human capital investment,Educ./hlt capital (K<sup>GE</sup><sub>t</sub>),82.189
53,AE: Human capital investment,Educ./hlt capital (K<sup>GE</sup><sub>t</sub>),83.3
54,AE: Human capital investment,Educ./hlt capital (K<sup>GE</sup><sub>t</sub>),84.402
55,AE: Human capital investment,Educ./hlt capital (K<sup>GE</sup><sub>t</sub>),85.494
56,AE: Human capital investment,Educ./hlt capital (K<sup>GE</sup><sub>t</sub>),86.577
57,AE: Human capital investment,Educ./hlt capital (K<sup>GE</sup><sub>t</sub>),87.651
58,AE: Human capital investment,Educ./hlt capital (K<sup>GE</sup><sub>t</sub>),88.717
59,AE: Human capital investment,Educ./hlt capital (K<sup>GE</sup><sub>t</sub>),89.775
60,AE: Human capital investment,Educ./hlt capital (K<sup>GE</sup><sub>t</sub>),90.824
61,AE: Human capital investment,Educ./hlt capital (K<sup>GE</sup><sub>t</sub>),91.866
62,AE: Human capital investment,Educ./hlt capital (K<sup>GE</sup><sub>t</sub>),92.9
63,AE: Human capital investment,Educ./hlt capital (K<sup>GE</sup><sub>t</sub>),93.927
64,AE: Human capital investment,Educ./hlt capital (K<sup>GE</sup><sub>t</sub>),94.947
65,AE: Human capital investment,Educ./hlt capital (K<sup>GE</sup><sub>t</sub>),95.96
66,AE: Human capital investment,Educ./hlt capital (K<sup>GE</sup><sub>t</sub>),96.966
67,AE: Human capital investment,Educ./hlt capital (K<sup>GE</sup><sub>t</sub>),97.966
68,AE: Human capital investment,Educ./hlt capital (K<sup>GE</sup><sub>t</sub>),98.959
69,AE: Human capital investment,Educ./hlt capital (K<sup>GE</sup><sub>t</sub>),99.946
70,AE: Human capital investment,Educ./hlt capital (K<sup>GE</sup><sub>t</sub>),100.927
71,AE: Human capital investment,Educ./hlt capital (K<sup>GE</sup><sub>t</sub>),101.903
72,AE: Human capital investment,Educ./hlt capital (K<sup>GE</sup><sub>t</sub>),102.873
73,AE: Human capital investment,Educ./hlt capital (K<sup>GE</sup><sub>t</sub>),103.837
74,AE: Human capital investment,Educ./hlt capital (K<sup>GE</sup><sub>t</sub>),104.796
75,AE: Human capital investment,Educ./hlt capital (K<sup>GE</sup><sub>t</sub>),105.75
76,AE: Human capital investment,Educ./hlt capital (K<sup>GE</sup><sub>t</sub>),106.7
77,AE: Human capital investment,Educ./hlt capital (K<sup>GE</sup><sub>t</sub>),107.644
78,AE: Human capital investment,Educ./hlt capital (K<sup>GE</sup><sub>t</sub>),108.583
79,AE: Human capital investment,Educ./hlt capital (K<sup>GE</sup><sub>t</sub>),109.518
80,AE: Human capital investment,Educ./hlt capital (K<sup>GE</sup><sub>t</sub>),110.449
81,AE: Human capital investment,Educ./hlt capital (K<sup>GE</sup><sub>t</sub>),111.375
82,AE: Human capital investment,Educ./hlt capital (K<sup>GE</sup><sub>t</sub>),112.298
83,AE: Human capital investment,Educ./hlt capital (K<sup>GE</sup><sub>t</sub>),113.216
84,AE: Human capital investment,Educ./hlt capital (K<sup>GE</sup><sub>t</sub>),114.13
85,AE: Human capital investment,Educ./hlt capital (K<sup>GE</sup><sub>t</sub>),115.041
86,AE: Human capital investment,Educ./hlt capital (K<sup>GE</sup><sub>t</sub>),115.947
87,AE: Human capital investment,Educ./hlt capital (K<sup>GE</sup><sub>t</sub>),116.851
88,AE: Human capital investment,Educ./hlt capital (K<sup>GE</sup><sub>t</sub>),117.75
89,AE: Human capital investment,Educ./hlt capital (K<sup>GE</sup><sub>t</sub>),118.647
90,AE: Human capital investment,Educ./hlt capital (K<sup>GE</sup><sub>t</sub>),119.54
91,AE: Human capital investment,Educ./hlt capital (K<sup>GE</sup><sub>t</sub>),120.43
92,AE: Human capital investment,Educ./hlt capital (K<sup>GE</sup><sub>t</sub>),121.317
93,AE: Human capital investment,Educ./hlt capital (K<sup>GE</sup><sub>t</sub>),122.2
94,AE: Human capital investment,Educ./hlt capital (K<sup>GE</sup><sub>t</sub>),123.081
95,AE: Human capital investment,Educ./hlt capital (K<sup>GE</sup><sub>t</sub>),123.96
96,AE: Human capital investment,Educ./hlt capital (K<sup>GE</sup><sub>t</sub>),124.835
97,AE: Human capital investment,Educ./hlt capital (K<sup>GE</sup><sub>t</sub>),125.708
98,AE: Human capital investment,Educ./hlt capital (K<sup>GE</sup><sub>t</sub>),126.578
99,AE: Human capital investment,Educ./hlt capital (K<sup>GE</sup><sub>t</sub>),127.446
100,AE: Human capital investment,Educ./hlt capital (K<sup>GE</sup><sub>t</sub>),128.311
1,AE: R&D spending,Educ./hlt capital (K<sup>GE</sup><sub>t</sub>),0.0
2,AE: R&D spending,Educ./hlt capital (K<sup>GE</sup><sub>t</sub>),0.0
3,AE: R&D spending,Educ./hlt capital (K<sup>GE</sup><sub>t</sub>),0.0
4,AE: R&D spending,Educ./hlt capital (K<sup>GE</sup><sub>t</sub>),0.0
5,AE: R&D spending,Educ./hlt capital (K<sup>GE</sup><sub>t</sub>),0.0
6,AE: R&D spending,Educ./hlt capital (K<sup>GE</sup><sub>t</sub>),0.0
7,AE: R&D spending,Educ./hlt capital (K<sup>GE</sup><sub>t</sub>),0.0
8,AE: R&D spending,Educ./hlt capital (K<sup>GE</sup><sub>t</sub>),0.0
9,AE: R&D spending,Educ./hlt capital (K<sup>GE</sup><sub>t</sub>),0.0
10,AE: R&D spending,Educ./hlt capital (K<sup>GE</sup><sub>t</sub>),0.0
11,AE: R&D spending,Educ./hlt capital (K<sup>GE</sup><sub>t</sub>),0.0
12,AE: R&D spending,Educ./hlt capital (K<sup>GE</sup><sub>t</sub>),0.0
13,AE: R&D spending,Educ./hlt capital (K<sup>GE</sup><sub>t</sub>),0.0
14,AE: R&D spending,Educ./hlt capital (K<sup>GE</sup><sub>t</sub>),0.0
15,AE: R&D spending,Educ./hlt capital (K<sup>GE</sup><sub>t</sub>),0.0
16,AE: R&D spending,Educ./hlt capital (K<sup>GE</sup><sub>t</sub>),0.0
17,AE: R&D spending,Educ./hlt capital (K<sup>GE</sup><sub>t</sub>),0.0
18,AE: R&D spending,Educ./hlt capital (K<sup>GE</sup><sub>t</sub>),0.0
19,AE: R&D spending,Educ./hlt capital (K<sup>GE</sup><sub>t</sub>),0.0
20,AE: R&D spending,Educ./hlt capital (K<sup>GE</sup><sub>t</sub>),0.0
21,AE: R&D spending,Educ./hlt capital (K<sup>GE</sup><sub>t</sub>),0.0
22,AE: R&D spending,Educ./hlt capital (K<sup>GE</sup><sub>t</sub>),0.0
23,AE: R&D spending,Educ./hlt capital (K<sup>GE</sup><sub>t</sub>),0.0
24,AE: R&D spending,Educ./hlt capital (K<sup>GE</sup><sub>t</sub>),0.0
25,AE: R&D spending,Educ./hlt capital (K<sup>GE</sup><sub>t</sub>),0.0
26,AE: R&D spending,Educ./hlt capital (K<sup>GE</sup><sub>t</sub>),0.0
27,AE: R&D spending,Educ./hlt capital (K<sup>GE</sup><sub>t</sub>),0.0
28,AE: R&D spending,Educ./hlt capital (K<sup>GE</sup><sub>t</sub>),0.0
29,AE: R&D spending,Educ./hlt capital (K<sup>GE</sup><sub>t</sub>),0.0
30,AE: R&D spending,Educ./hlt capital (K<sup>GE</sup><sub>t</sub>),0.0
31,AE: R&D spending,Educ./hlt capital (K<sup>GE</sup><sub>t</sub>),0.0
32,AE: R&D spending,Educ./hlt capital (K<sup>GE</sup><sub>t</sub>),0.0
33,AE: R&D spending,Educ./hlt capital (K<sup>GE</sup><sub>t</sub>),0.0
34,AE: R&D spending,Educ./hlt capital (K<sup>GE</sup><sub>t</sub>),0.0
35,AE: R&D spending,Educ./hlt capital (K<sup>GE</sup><sub>t</sub>),0.0
36,AE: R&D spending,Educ./hlt capital (K<sup>GE</sup><sub>t</sub>),0.0
37,AE: R&D spending,Educ./hlt capital (K<sup>GE</sup><sub>t</sub>),0.0
38,AE: R&D spending,Educ./hlt capital (K<sup>GE</sup><sub>t</sub>),0.0
39,AE: R&D spending,Educ./hlt capital (K<sup>GE</sup><sub>t</sub>),0.0
40,AE: R&D spending,Educ./hlt capital (K<sup>GE</sup><sub>t</sub>),0.0
41,AE: R&D spending,Educ./hlt capital (K<sup>GE</sup><sub>t</sub>),0.0
42,AE: R&D spending,Educ./hlt capital (K<sup>GE</sup><sub>t</sub>),0.0
43,AE: R&D spending,Educ./hlt capital (K<sup>GE</sup><sub>t</sub>),0.0
44,AE: R&D spending,Educ./hlt capital (K<sup>GE</sup><sub>t</sub>),0.0
45,AE: R&D spending,Educ./hlt capital (K<sup>GE</sup><sub>t</sub>),0.0
46,AE: R&D spending,Educ./hlt capital (K<sup>GE</sup><sub>t</sub>),0.0
47,AE: R&D spending,Educ./hlt capital (K<sup>GE</sup><sub>t</sub>),0.0
48,AE: R&D spending,Educ./hlt capital (K<sup>GE</sup><sub>t</sub>),0.0
49,AE: R&D spending,Educ./hlt capital (K<sup>GE</sup><sub>t</sub>),0.0
50,AE: R&D spending,Educ./hlt capital (K<sup>GE</sup><sub>t</sub>),0.0
51,AE: R&D spending,Educ./hlt capital (K<sup>GE</sup><sub>t</sub>),0.0
52,AE: R&D spending,Educ./hlt capital (K<sup>GE</sup><sub>t</sub>),0.0
53,AE: R&D spending,Educ./hlt capital (K<sup>GE</sup><sub>t</sub>),0.0
54,AE: R&D spending,Educ./hlt capital (K<sup>GE</sup><sub>t</sub>),0.0
55,AE: R&D spending,Educ./hlt capital (K<sup>GE</sup><sub>t</sub>),0.0
56,AE: R&D spending,Educ./hlt capital (K<sup>GE</sup><sub>t</sub>),0.0
57,AE: R&D spending,Educ./hlt capital (K<sup>GE</sup><sub>t</sub>),0.0
58,AE: R&D spending,Educ./hlt capital (K<sup>GE</sup><sub>t</sub>),0.0
59,AE: R&D spending,Educ./hlt capital (K<sup>GE</sup><sub>t</sub>),0.0
60,AE: R&D spending,Educ./hlt capital (K<sup>GE</sup><sub>t</sub>),0.0
61,AE: R&D spending,Educ./hlt capital (K<sup>GE</sup><sub>t</sub>),0.0
62,AE: R&D spending,Educ./hlt capital (K<sup>GE</sup><sub>t</sub>),0.0
63,AE: R&D spending,Educ./hlt capital (K<sup>GE</sup><sub>t</sub>),0.0
64,AE: R&D spending,Educ./hlt capital (K<sup>GE</sup><sub>t</sub>),0.0
65,AE: R&D spending,Educ./hlt capital (K<sup>GE</sup><sub>t</sub>),0.0
66,AE: R&D spending,Educ./hlt capital (K<sup>GE</sup><sub>t</sub>),0.0
67,AE: R&D spending,Educ./hlt capital (K<sup>GE</sup><sub>t</sub>),0.0
68,AE: R&D spending,Educ./hlt capital (K<sup>GE</sup><sub>t</sub>),0.0
69,AE: R&D spending,Educ./hlt capital (K<sup>GE</sup><sub>t</sub>),0.0
70,AE: R&D spending,Educ./hlt capital (K<sup>GE</sup><sub>t</sub>),0.0
71,AE: R&D spending,Educ./hlt capital (K<sup>GE</sup><sub>t</sub>),0.0
72,AE: R&D spending,Educ./hlt capital (K<sup>GE</sup><sub>t</sub>),0.0
73,AE: R&D spending,Educ./hlt capital (K<sup>GE</sup><sub>t</sub>),0.0
74,AE: R&D spending,Educ./hlt capital (K<sup>GE</sup><sub>t</sub>),0.0
75,AE: R&D spending,Educ./hlt capital (K<sup>GE</sup><sub>t</sub>),0.0
76,AE: R&D spending,Educ./hlt capital (K<sup>GE</sup><sub>t</sub>),0.0
77,AE: R&D spending,Educ./hlt capital (K<sup>GE</sup><sub>t</sub>),0.0
78,AE: R&D spending,Educ./hlt capital (K<sup>GE</sup><sub>t</sub>),0.0
79,AE: R&D spending,Educ./hlt capital (K<sup>GE</sup><sub>t</sub>),0.0
80,AE: R&D spending,Educ./hlt capital (K<sup>GE</sup><sub>t</sub>),0.0
81,AE: R&D spending,Educ./hlt capital (K<sup>GE</sup><sub>t</sub>),0.0
82,AE: R&D spending,Educ./hlt capital (K<sup>GE</sup><sub>t</sub>),0.0
83,AE: R&D spending,Educ./hlt capital (K<sup>GE</sup><sub>t</sub>),0.0
84,AE: R&D spending,Educ./hlt capital (K<sup>GE</sup><sub>t</sub>),0.0
85,AE: R&D spending,Educ./hlt capital (K<sup>GE</sup><sub>t</sub>),0.0
86,AE: R&D spending,Educ./hlt capital (K<sup>GE</sup><sub>t</sub>),0.0
87,AE: R&D spending,Educ./hlt capital (K<sup>GE</sup><sub>t</sub>),0.0
88,AE: R&D spending,Educ./hlt capital (K<sup>GE</sup><sub>t</sub>),0.0
89,AE: R&D spending,Educ./hlt capital (K<sup>GE</sup><sub>t</sub>),0.0
90,AE: R&D spending,Educ./hlt capital (K<sup>GE</sup><sub>t</sub>),0.0
91,AE: R&D spending,Educ./hlt capital (K<sup>GE</sup><sub>t</sub>),0.0
92,AE: R&D spending,Educ./hlt capital (K<sup>GE</sup><sub>t</sub>),0.0
93,AE: R&D spending,Educ./hlt capital (K<sup>GE</sup><sub>t</sub>),0.0
94,AE: R&D spending,Educ./hlt capital (K<sup>GE</sup><sub>t</sub>),0.0
95,AE: R&D spending,Educ./hlt capital (K<sup>GE</sup><sub>t</sub>),0.0
96,AE: R&D spending,Educ./hlt capital (K<sup>GE</sup><sub>t</sub>),0.0
97,AE: R&D spending,Educ./hlt capital (K<sup>GE</sup><sub>t</sub>),0.0
98,AE: R&D spending,Educ./hlt capital (K<sup>GE</sup><sub>t</sub>),0.0
99,AE: R&D spending,Educ./hlt capital (K<sup>GE</sup><sub>t</sub>),0.0
100,AE: R&D spending,Educ./hlt capital (K<sup>GE</sup><sub>t</sub>),0.0
1,AE: Infrastructure investment,Private capital (K<sub>t</sub>),-0.039
2,AE: Infrastructure investment,Private capital (K<sub>t</sub>),-0.136
3,AE: Infrastructure investment,Private capital (K<sub>t</sub>),-0.221
4,AE: Infrastructure investment,Private capital (K<sub>t</sub>),-0.298
5,AE: Infrastructure investment,Private capital (K<sub>t</sub>),-0.366
6,AE: Infrastructure investment,Private capital (K<sub>t</sub>),-0.427
7,AE: Infrastructure investment,Private capital (K<sub>t</sub>),-0.48
8,AE: Infrastructure investment,Private capital (K<sub>t</sub>),-0.528
9,AE: Infrastructure investment,Private capital (K<sub>t</sub>),-0.569
10,AE: Infrastructure investment,Private capital (K<sub>t</sub>),-0.605
11,AE: Infrastructure investment,Private capital (K<sub>t</sub>),-0.635
12,AE: Infrastructure investment,Private capital (K<sub>t</sub>),-0.661
13,AE: Infrastructure investment,Private capital (K<sub>t</sub>),-0.682
14,AE: Infrastructure investment,Private capital (K<sub>t</sub>),-0.699
15,AE: Infrastructure investment,Private capital (K<sub>t</sub>),-0.712
16,AE: Infrastructure investment,Private capital (K<sub>t</sub>),-0.721
17,AE: Infrastructure investment,Private capital (K<sub>t</sub>),-0.727
18,AE: Infrastructure investment,Private capital (K<sub>t</sub>),-0.73
19,AE: Infrastructure investment,Private capital (K<sub>t</sub>),-0.73
20,AE: Infrastructure investment,Private capital (K<sub>t</sub>),-0.728
21,AE: Infrastructure investment,Private capital (K<sub>t</sub>),-0.722
22,AE: Infrastructure investment,Private capital (K<sub>t</sub>),-0.715
23,AE: Infrastructure investment,Private capital (K<sub>t</sub>),-0.705
24,AE: Infrastructure investment,Private capital (K<sub>t</sub>),-0.693
25,AE: Infrastructure investment,Private capital (K<sub>t</sub>),-0.679
26,AE: Infrastructure investment,Private capital (K<sub>t</sub>),-0.663
27,AE: Infrastructure investment,Private capital (K<sub>t</sub>),-0.645
28,AE: Infrastructure investment,Private capital (K<sub>t</sub>),-0.626
29,AE: Infrastructure investment,Private capital (K<sub>t</sub>),-0.606
30,AE: Infrastructure investment,Private capital (K<sub>t</sub>),-0.584
31,AE: Infrastructure investment,Private capital (K<sub>t</sub>),-0.56
32,AE: Infrastructure investment,Private capital (K<sub>t</sub>),-0.536
33,AE: Infrastructure investment,Private capital (K<sub>t</sub>),-0.51
34,AE: Infrastructure investment,Private capital (K<sub>t</sub>),-0.483
35,AE: Infrastructure investment,Private capital (K<sub>t</sub>),-0.455
36,AE: Infrastructure investment,Private capital (K<sub>t</sub>),-0.426
37,AE: Infrastructure investment,Private capital (K<sub>t</sub>),-0.396
38,AE: Infrastructure investment,Private capital (K<sub>t</sub>),-0.366
39,AE: Infrastructure investment,Private capital (K<sub>t</sub>),-0.334
40,AE: Infrastructure investment,Private capital (K<sub>t</sub>),-0.302
41,AE: Infrastructure investment,Private capital (K<sub>t</sub>),-0.269
42,AE: Infrastructure investment,Private capital (K<sub>t</sub>),-0.236
43,AE: Infrastructure investment,Private capital (K<sub>t</sub>),-0.201
44,AE: Infrastructure investment,Private capital (K<sub>t</sub>),-0.166
45,AE: Infrastructure investment,Private capital (K<sub>t</sub>),-0.131
46,AE: Infrastructure investment,Private capital (K<sub>t</sub>),-0.095
47,AE: Infrastructure investment,Private capital (K<sub>t</sub>),-0.058
48,AE: Infrastructure investment,Private capital (K<sub>t</sub>),-0.021
49,AE: Infrastructure investment,Private capital (K<sub>t</sub>),0.016
50,AE: Infrastructure investment,Private capital (K<sub>t</sub>),0.054
51,AE: Infrastructure investment,Private capital (K<sub>t</sub>),0.093
52,AE: Infrastructure investment,Private capital (K<sub>t</sub>),0.132
53,AE: Infrastructure investment,Private capital (K<sub>t</sub>),0.171
54,AE: Infrastructure investment,Private capital (K<sub>t</sub>),0.21
55,AE: Infrastructure investment,Private capital (K<sub>t</sub>),0.25
56,AE: Infrastructure investment,Private capital (K<sub>t</sub>),0.291
57,AE: Infrastructure investment,Private capital (K<sub>t</sub>),0.331
58,AE: Infrastructure investment,Private capital (K<sub>t</sub>),0.372
59,AE: Infrastructure investment,Private capital (K<sub>t</sub>),0.414
60,AE: Infrastructure investment,Private capital (K<sub>t</sub>),0.455
61,AE: Infrastructure investment,Private capital (K<sub>t</sub>),0.497
62,AE: Infrastructure investment,Private capital (K<sub>t</sub>),0.539
63,AE: Infrastructure investment,Private capital (K<sub>t</sub>),0.582
64,AE: Infrastructure investment,Private capital (K<sub>t</sub>),0.625
65,AE: Infrastructure investment,Private capital (K<sub>t</sub>),0.668
66,AE: Infrastructure investment,Private capital (K<sub>t</sub>),0.711
67,AE: Infrastructure investment,Private capital (K<sub>t</sub>),0.754
68,AE: Infrastructure investment,Private capital (K<sub>t</sub>),0.798
69,AE: Infrastructure investment,Private capital (K<sub>t</sub>),0.842
70,AE: Infrastructure investment,Private capital (K<sub>t</sub>),0.886
71,AE: Infrastructure investment,Private capital (K<sub>t</sub>),0.931
72,AE: Infrastructure investment,Private capital (K<sub>t</sub>),0.976
73,AE: Infrastructure investment,Private capital (K<sub>t</sub>),1.021
74,AE: Infrastructure investment,Private capital (K<sub>t</sub>),1.066
75,AE: Infrastructure investment,Private capital (K<sub>t</sub>),1.111
76,AE: Infrastructure investment,Private capital (K<sub>t</sub>),1.157
77,AE: Infrastructure investment,Private capital (K<sub>t</sub>),1.203
78,AE: Infrastructure investment,Private capital (K<sub>t</sub>),1.249
79,AE: Infrastructure investment,Private capital (K<sub>t</sub>),1.295
80,AE: Infrastructure investment,Private capital (K<sub>t</sub>),1.342
81,AE: Infrastructure investment,Private capital (K<sub>t</sub>),1.389
82,AE: Infrastructure investment,Private capital (K<sub>t</sub>),1.436
83,AE: Infrastructure investment,Private capital (K<sub>t</sub>),1.483
84,AE: Infrastructure investment,Private capital (K<sub>t</sub>),1.531
85,AE: Infrastructure investment,Private capital (K<sub>t</sub>),1.579
86,AE: Infrastructure investment,Private capital (K<sub>t</sub>),1.627
87,AE: Infrastructure investment,Private capital (K<sub>t</sub>),1.675
88,AE: Infrastructure investment,Private capital (K<sub>t</sub>),1.724
89,AE: Infrastructure investment,Private capital (K<sub>t</sub>),1.773
90,AE: Infrastructure investment,Private capital (K<sub>t</sub>),1.823
91,AE: Infrastructure investment,Private capital (K<sub>t</sub>),1.873
92,AE: Infrastructure investment,Private capital (K<sub>t</sub>),1.923
93,AE: Infrastructure investment,Private capital (K<sub>t</sub>),1.974
94,AE: Infrastructure investment,Private capital (K<sub>t</sub>),2.025
95,AE: Infrastructure investment,Private capital (K<sub>t</sub>),2.077
96,AE: Infrastructure investment,Private capital (K<sub>t</sub>),2.129
97,AE: Infrastructure investment,Private capital (K<sub>t</sub>),2.181
98,AE: Infrastructure investment,Private capital (K<sub>t</sub>),2.234
99,AE: Infrastructure investment,Private capital (K<sub>t</sub>),2.288
100,AE: Infrastructure investment,Private capital (K<sub>t</sub>),2.342
1,AE: Human capital investment,Private capital (K<sub>t</sub>),0.105
2,AE: Human capital investment,Private capital (K<sub>t</sub>),0.125
3,AE: Human capital investment,Private capital (K<sub>t</sub>),0.135
4,AE: Human capital investment,Private capital (K<sub>t</sub>),0.134
5,AE: Human capital investment,Private capital (K<sub>t</sub>),0.121
6,AE: Human capital investment,Private capital (K<sub>t</sub>),0.099
7,AE: Human capital investment,Private capital (K<sub>t</sub>),0.068
8,AE: Human capital investment,Private capital (K<sub>t</sub>),0.031
9,AE: Human capital investment,Private capital (K<sub>t</sub>),-0.012
10,AE: Human capital investment,Private capital (K<sub>t</sub>),-0.06
11,AE: Human capital investment,Private capital (K<sub>t</sub>),-0.113
12,AE: Human capital investment,Private capital (K<sub>t</sub>),-0.168
13,AE: Human capital investment,Private capital (K<sub>t</sub>),-0.226
14,AE: Human capital investment,Private capital (K<sub>t</sub>),-0.286
15,AE: Human capital investment,Private capital (K<sub>t</sub>),-0.346
16,AE: Human capital investment,Private capital (K<sub>t</sub>),-0.408
17,AE: Human capital investment,Private capital (K<sub>t</sub>),-0.47
18,AE: Human capital investment,Private capital (K<sub>t</sub>),-0.532
19,AE: Human capital investment,Private capital (K<sub>t</sub>),-0.593
20,AE: Human capital investment,Private capital (K<sub>t</sub>),-0.653
21,AE: Human capital investment,Private capital (K<sub>t</sub>),-0.712
22,AE: Human capital investment,Private capital (K<sub>t</sub>),-0.77
23,AE: Human capital investment,Private capital (K<sub>t</sub>),-0.826
24,AE: Human capital investment,Private capital (K<sub>t</sub>),-0.88
25,AE: Human capital investment,Private capital (K<sub>t</sub>),-0.932
26,AE: Human capital investment,Private capital (K<sub>t</sub>),-0.982
27,AE: Human capital investment,Private capital (K<sub>t</sub>),-1.029
28,AE: Human capital investment,Private capital (K<sub>t</sub>),-1.074
29,AE: Human capital investment,Private capital (K<sub>t</sub>),-1.117
30,AE: Human capital investment,Private capital (K<sub>t</sub>),-1.157
31,AE: Human capital investment,Private capital (K<sub>t</sub>),-1.194
32,AE: Human capital investment,Private capital (K<sub>t</sub>),-1.229
33,AE: Human capital investment,Private capital (K<sub>t</sub>),-1.26
34,AE: Human capital investment,Private capital (K<sub>t</sub>),-1.289
35,AE: Human capital investment,Private capital (K<sub>t</sub>),-1.315
36,AE: Human capital investment,Private capital (K<sub>t</sub>),-1.339
37,AE: Human capital investment,Private capital (K<sub>t</sub>),-1.359
38,AE: Human capital investment,Private capital (K<sub>t</sub>),-1.377
39,AE: Human capital investment,Private capital (K<sub>t</sub>),-1.392
40,AE: Human capital investment,Private capital (K<sub>t</sub>),-1.404
41,AE: Human capital investment,Private capital (K<sub>t</sub>),-1.413
42,AE: Human capital investment,Private capital (K<sub>t</sub>),-1.419
43,AE: Human capital investment,Private capital (K<sub>t</sub>),-1.423
44,AE: Human capital investment,Private capital (K<sub>t</sub>),-1.424
45,AE: Human capital investment,Private capital (K<sub>t</sub>),-1.422
46,AE: Human capital investment,Private capital (K<sub>t</sub>),-1.418
47,AE: Human capital investment,Private capital (K<sub>t</sub>),-1.411
48,AE: Human capital investment,Private capital (K<sub>t</sub>),-1.401
49,AE: Human capital investment,Private capital (K<sub>t</sub>),-1.389
50,AE: Human capital investment,Private capital (K<sub>t</sub>),-1.374
51,AE: Human capital investment,Private capital (K<sub>t</sub>),-1.357
52,AE: Human capital investment,Private capital (K<sub>t</sub>),-1.338
53,AE: Human capital investment,Private capital (K<sub>t</sub>),-1.316
54,AE: Human capital investment,Private capital (K<sub>t</sub>),-1.292
55,AE: Human capital investment,Private capital (K<sub>t</sub>),-1.266
56,AE: Human capital investment,Private capital (K<sub>t</sub>),-1.237
57,AE: Human capital investment,Private capital (K<sub>t</sub>),-1.207
58,AE: Human capital investment,Private capital (K<sub>t</sub>),-1.174
59,AE: Human capital investment,Private capital (K<sub>t</sub>),-1.139
60,AE: Human capital investment,Private capital (K<sub>t</sub>),-1.103
61,AE: Human capital investment,Private capital (K<sub>t</sub>),-1.064
62,AE: Human capital investment,Private capital (K<sub>t</sub>),-1.023
63,AE: Human capital investment,Private capital (K<sub>t</sub>),-0.981
64,AE: Human capital investment,Private capital (K<sub>t</sub>),-0.937
65,AE: Human capital investment,Private capital (K<sub>t</sub>),-0.891
66,AE: Human capital investment,Private capital (K<sub>t</sub>),-0.843
67,AE: Human capital investment,Private capital (K<sub>t</sub>),-0.794
68,AE: Human capital investment,Private capital (K<sub>t</sub>),-0.743
69,AE: Human capital investment,Private capital (K<sub>t</sub>),-0.69
70,AE: Human capital investment,Private capital (K<sub>t</sub>),-0.636
71,AE: Human capital investment,Private capital (K<sub>t</sub>),-0.58
72,AE: Human capital investment,Private capital (K<sub>t</sub>),-0.523
73,AE: Human capital investment,Private capital (K<sub>t</sub>),-0.465
74,AE: Human capital investment,Private capital (K<sub>t</sub>),-0.405
75,AE: Human capital investment,Private capital (K<sub>t</sub>),-0.344
76,AE: Human capital investment,Private capital (K<sub>t</sub>),-0.281
77,AE: Human capital investment,Private capital (K<sub>t</sub>),-0.217
78,AE: Human capital investment,Private capital (K<sub>t</sub>),-0.153
79,AE: Human capital investment,Private capital (K<sub>t</sub>),-0.086
80,AE: Human capital investment,Private capital (K<sub>t</sub>),-0.019
81,AE: Human capital investment,Private capital (K<sub>t</sub>),0.049
82,AE: Human capital investment,Private capital (K<sub>t</sub>),0.119
83,AE: Human capital investment,Private capital (K<sub>t</sub>),0.189
84,AE: Human capital investment,Private capital (K<sub>t</sub>),0.261
85,AE: Human capital investment,Private capital (K<sub>t</sub>),0.333
86,AE: Human capital investment,Private capital (K<sub>t</sub>),0.406
87,AE: Human capital investment,Private capital (K<sub>t</sub>),0.481
88,AE: Human capital investment,Private capital (K<sub>t</sub>),0.556
89,AE: Human capital investment,Private capital (K<sub>t</sub>),0.632
90,AE: Human capital investment,Private capital (K<sub>t</sub>),0.709
91,AE: Human capital investment,Private capital (K<sub>t</sub>),0.786
92,AE: Human capital investment,Private capital (K<sub>t</sub>),0.864
93,AE: Human capital investment,Private capital (K<sub>t</sub>),0.944
94,AE: Human capital investment,Private capital (K<sub>t</sub>),1.023
95,AE: Human capital investment,Private capital (K<sub>t</sub>),1.104
96,AE: Human capital investment,Private capital (K<sub>t</sub>),1.185
97,AE: Human capital investment,Private capital (K<sub>t</sub>),1.266
98,AE: Human capital investment,Private capital (K<sub>t</sub>),1.349
99,AE: Human capital investment,Private capital (K<sub>t</sub>),1.431
100,AE: Human capital investment,Private capital (K<sub>t</sub>),1.515
1,AE: R&D spending,Private capital (K<sub>t</sub>),0.051
2,AE: R&D spending,Private capital (K<sub>t</sub>),0.058
3,AE: R&D spending,Private capital (K<sub>t</sub>),0.022
4,AE: R&D spending,Private capital (K<sub>t</sub>),-0.045
5,AE: R&D spending,Private capital (K<sub>t</sub>),-0.131
6,AE: R&D spending,Private capital (K<sub>t</sub>),-0.23
7,AE: R&D spending,Private capital (K<sub>t</sub>),-0.335
8,AE: R&D spending,Private capital (K<sub>t</sub>),-0.441
9,AE: R&D spending,Private capital (K<sub>t</sub>),-0.546
10,AE: R&D spending,Private capital (K<sub>t</sub>),-0.647
11,AE: R&D spending,Private capital (K<sub>t</sub>),-0.742
12,AE: R&D spending,Private capital (K<sub>t</sub>),-0.831
13,AE: R&D spending,Private capital (K<sub>t</sub>),-0.912
14,AE: R&D spending,Private capital (K<sub>t</sub>),-0.985
15,AE: R&D spending,Private capital (K<sub>t</sub>),-1.051
16,AE: R&D spending,Private capital (K<sub>t</sub>),-1.108
17,AE: R&D spending,Private capital (K<sub>t</sub>),-1.157
18,AE: R&D spending,Private capital (K<sub>t</sub>),-1.199
19,AE: R&D spending,Private capital (K<sub>t</sub>),-1.233
20,AE: R&D spending,Private capital (K<sub>t</sub>),-1.26
21,AE: R&D spending,Private capital (K<sub>t</sub>),-1.281
22,AE: R&D spending,Private capital (K<sub>t</sub>),-1.295
23,AE: R&D spending,Private capital (K<sub>t</sub>),-1.303
24,AE: R&D spending,Private capital (K<sub>t</sub>),-1.305
25,AE: R&D spending,Private capital (K<sub>t</sub>),-1.302
26,AE: R&D spending,Private capital (K<sub>t</sub>),-1.294
27,AE: R&D spending,Private capital (K<sub>t</sub>),-1.282
28,AE: R&D spending,Private capital (K<sub>t</sub>),-1.265
29,AE: R&D spending,Private capital (K<sub>t</sub>),-1.244
30,AE: R&D spending,Private capital (K<sub>t</sub>),-1.22
31,AE: R&D spending,Private capital (K<sub>t</sub>),-1.192
32,AE: R&D spending,Private capital (K<sub>t</sub>),-1.161
33,AE: R&D spending,Private capital (K<sub>t</sub>),-1.127
34,AE: R&D spending,Private capital (K<sub>t</sub>),-1.091
35,AE: R&D spending,Private capital (K<sub>t</sub>),-1.052
36,AE: R&D spending,Private capital (K<sub>t</sub>),-1.01
37,AE: R&D spending,Private capital (K<sub>t</sub>),-0.967
38,AE: R&D spending,Private capital (K<sub>t</sub>),-0.921
39,AE: R&D spending,Private capital (K<sub>t</sub>),-0.874
40,AE: R&D spending,Private capital (K<sub>t</sub>),-0.825
41,AE: R&D spending,Private capital (K<sub>t</sub>),-0.775
42,AE: R&D spending,Private capital (K<sub>t</sub>),-0.723
43,AE: R&D spending,Private capital (K<sub>t</sub>),-0.67
44,AE: R&D spending,Private capital (K<sub>t</sub>),-0.616
45,AE: R&D spending,Private capital (K<sub>t</sub>),-0.561
46,AE: R&D spending,Private capital (K<sub>t</sub>),-0.505
47,AE: R&D spending,Private capital (K<sub>t</sub>),-0.448
48,AE: R&D spending,Private capital (K<sub>t</sub>),-0.391
49,AE: R&D spending,Private capital (K<sub>t</sub>),-0.333
50,AE: R&D spending,Private capital (K<sub>t</sub>),-0.274
51,AE: R&D spending,Private capital (K<sub>t</sub>),-0.214
52,AE: R&D spending,Private capital (K<sub>t</sub>),-0.155
53,AE: R&D spending,Private capital (K<sub>t</sub>),-0.094
54,AE: R&D spending,Private capital (K<sub>t</sub>),-0.034
55,AE: R&D spending,Private capital (K<sub>t</sub>),0.027
56,AE: R&D spending,Private capital (K<sub>t</sub>),0.089
57,AE: R&D spending,Private capital (K<sub>t</sub>),0.15
58,AE: R&D spending,Private capital (K<sub>t</sub>),0.212
59,AE: R&D spending,Private capital (K<sub>t</sub>),0.274
60,AE: R&D spending,Private capital (K<sub>t</sub>),0.336
61,AE: R&D spending,Private capital (K<sub>t</sub>),0.398
62,AE: R&D spending,Private capital (K<sub>t</sub>),0.46
63,AE: R&D spending,Private capital (K<sub>t</sub>),0.522
64,AE: R&D spending,Private capital (K<sub>t</sub>),0.584
65,AE: R&D spending,Private capital (K<sub>t</sub>),0.646
66,AE: R&D spending,Private capital (K<sub>t</sub>),0.708
67,AE: R&D spending,Private capital (K<sub>t</sub>),0.771
68,AE: R&D spending,Private capital (K<sub>t</sub>),0.833
69,AE: R&D spending,Private capital (K<sub>t</sub>),0.895
70,AE: R&D spending,Private capital (K<sub>t</sub>),0.956
71,AE: R&D spending,Private capital (K<sub>t</sub>),1.018
72,AE: R&D spending,Private capital (K<sub>t</sub>),1.08
73,AE: R&D spending,Private capital (K<sub>t</sub>),1.141
74,AE: R&D spending,Private capital (K<sub>t</sub>),1.203
75,AE: R&D spending,Private capital (K<sub>t</sub>),1.264
76,AE: R&D spending,Private capital (K<sub>t</sub>),1.325
77,AE: R&D spending,Private capital (K<sub>t</sub>),1.386
78,AE: R&D spending,Private capital (K<sub>t</sub>),1.447
79,AE: R&D spending,Private capital (K<sub>t</sub>),1.507
80,AE: R&D spending,Private capital (K<sub>t</sub>),1.568
81,AE: R&D spending,Private capital (K<sub>t</sub>),1.628
82,AE: R&D spending,Private capital (K<sub>t</sub>),1.688
83,AE: R&D spending,Private capital (K<sub>t</sub>),1.748
84,AE: R&D spending,Private capital (K<sub>t</sub>),1.808
85,AE: R&D spending,Private capital (K<sub>t</sub>),1.867
86,AE: R&D spending,Private capital (K<sub>t</sub>),1.927
87,AE: R&D spending,Private capital (K<sub>t</sub>),1.986
88,AE: R&D spending,Private capital (K<sub>t</sub>),2.045
89,AE: R&D spending,Private capital (K<sub>t</sub>),2.103
90,AE: R&D spending,Private capital (K<sub>t</sub>),2.162
91,AE: R&D spending,Private capital (K<sub>t</sub>),2.22
92,AE: R&D spending,Private capital (K<sub>t</sub>),2.278
93,AE: R&D spending,Private capital (K<sub>t</sub>),2.336
94,AE: R&D spending,Private capital (K<sub>t</sub>),2.394
95,AE: R&D spending,Private capital (K<sub>t</sub>),2.451
96,AE: R&D spending,Private capital (K<sub>t</sub>),2.509
97,AE: R&D spending,Private capital (K<sub>t</sub>),2.566
98,AE: R&D spending,Private capital (K<sub>t</sub>),2.623
99,AE: R&D spending,Private capital (K<sub>t</sub>),2.679
100,AE: R&D spending,Private capital (K<sub>t</sub>),2.736
1,AE: Infrastructure investment,Labor supply (L<sub>t</sub>),0.406
2,AE: Infrastructure investment,Labor supply (L<sub>t</sub>),-0.281
3,AE: Infrastructure investment,Labor supply (L<sub>t</sub>),-0.238
4,AE: Infrastructure investment,Labor supply (L<sub>t</sub>),-0.209
5,AE: Infrastructure investment,Labor supply (L<sub>t</sub>),-0.186
6,AE: Infrastructure investment,Labor supply (L<sub>t</sub>),-0.166
7,AE: Infrastructure investment,Labor supply (L<sub>t</sub>),-0.148
8,AE: Infrastructure investment,Labor supply (L<sub>t</sub>),-0.131
9,AE: Infrastructure investment,Labor supply (L<sub>t</sub>),-0.116
10,AE: Infrastructure investment,Labor supply (L<sub>t</sub>),-0.103
11,AE: Infrastructure investment,Labor supply (L<sub>t</sub>),-0.09
12,AE: Infrastructure investment,Labor supply (L<sub>t</sub>),-0.079
13,AE: Infrastructure investment,Labor supply (L<sub>t</sub>),-0.069
14,AE: Infrastructure investment,Labor supply (L<sub>t</sub>),-0.06
15,AE: Infrastructure investment,Labor supply (L<sub>t</sub>),-0.052
16,AE: Infrastructure investment,Labor supply (L<sub>t</sub>),-0.045
17,AE: Infrastructure investment,Labor supply (L<sub>t</sub>),-0.038
18,AE: Infrastructure investment,Labor supply (L<sub>t</sub>),-0.032
19,AE: Infrastructure investment,Labor supply (L<sub>t</sub>),-0.027
20,AE: Infrastructure investment,Labor supply (L<sub>t</sub>),-0.023
21,AE: Infrastructure investment,Labor supply (L<sub>t</sub>),-0.019
22,AE: Infrastructure investment,Labor supply (L<sub>t</sub>),-0.016
23,AE: Infrastructure investment,Labor supply (L<sub>t</sub>),-0.013
24,AE: Infrastructure investment,Labor supply (L<sub>t</sub>),-0.011
25,AE: Infrastructure investment,Labor supply (L<sub>t</sub>),-0.009
26,AE: Infrastructure investment,Labor supply (L<sub>t</sub>),-0.007
27,AE: Infrastructure investment,Labor supply (L<sub>t</sub>),-0.006
28,AE: Infrastructure investment,Labor supply (L<sub>t</sub>),-0.006
29,AE: Infrastructure investment,Labor supply (L<sub>t</sub>),-0.005
30,AE: Infrastructure investment,Labor supply (L<sub>t</sub>),-0.005
31,AE: Infrastructure investment,Labor supply (L<sub>t</sub>),-0.006
32,AE: Infrastructure investment,Labor supply (L<sub>t</sub>),-0.006
33,AE: Infrastructure investment,Labor supply (L<sub>t</sub>),-0.007
34,AE: Infrastructure investment,Labor supply (L<sub>t</sub>),-0.008
35,AE: Infrastructure investment,Labor supply (L<sub>t</sub>),-0.009
36,AE: Infrastructure investment,Labor supply (L<sub>t</sub>),-0.011
37,AE: Infrastructure investment,Labor supply (L<sub>t</sub>),-0.012
38,AE: Infrastructure investment,Labor supply (L<sub>t</sub>),-0.014
39,AE: Infrastructure investment,Labor supply (L<sub>t</sub>),-0.016
40,AE: Infrastructure investment,Labor supply (L<sub>t</sub>),-0.018
41,AE: Infrastructure investment,Labor supply (L<sub>t</sub>),-0.021
42,AE: Infrastructure investment,Labor supply (L<sub>t</sub>),-0.023
43,AE: Infrastructure investment,Labor supply (L<sub>t</sub>),-0.026
44,AE: Infrastructure investment,Labor supply (L<sub>t</sub>),-0.028
45,AE: Infrastructure investment,Labor supply (L<sub>t</sub>),-0.031
46,AE: Infrastructure investment,Labor supply (L<sub>t</sub>),-0.034
47,AE: Infrastructure investment,Labor supply (L<sub>t</sub>),-0.037
48,AE: Infrastructure investment,Labor supply (L<sub>t</sub>),-0.04
49,AE: Infrastructure investment,Labor supply (L<sub>t</sub>),-0.044
50,AE: Infrastructure investment,Labor supply (L<sub>t</sub>),-0.047
51,AE: Infrastructure investment,Labor supply (L<sub>t</sub>),-0.05
52,AE: Infrastructure investment,Labor supply (L<sub>t</sub>),-0.054
53,AE: Infrastructure investment,Labor supply (L<sub>t</sub>),-0.057
54,AE: Infrastructure investment,Labor supply (L<sub>t</sub>),-0.061
55,AE: Infrastructure investment,Labor supply (L<sub>t</sub>),-0.065
56,AE: Infrastructure investment,Labor supply (L<sub>t</sub>),-0.068
57,AE: Infrastructure investment,Labor supply (L<sub>t</sub>),-0.072
58,AE: Infrastructure investment,Labor supply (L<sub>t</sub>),-0.076
59,AE: Infrastructure investment,Labor supply (L<sub>t</sub>),-0.08
60,AE: Infrastructure investment,Labor supply (L<sub>t</sub>),-0.084
61,AE: Infrastructure investment,Labor supply (L<sub>t</sub>),-0.088
62,AE: Infrastructure investment,Labor supply (L<sub>t</sub>),-0.092
63,AE: Infrastructure investment,Labor supply (L<sub>t</sub>),-0.096
64,AE: Infrastructure investment,Labor supply (L<sub>t</sub>),-0.1
65,AE: Infrastructure investment,Labor supply (L<sub>t</sub>),-0.104
66,AE: Infrastructure investment,Labor supply (L<sub>t</sub>),-0.108
67,AE: Infrastructure investment,Labor supply (L<sub>t</sub>),-0.112
68,AE: Infrastructure investment,Labor supply (L<sub>t</sub>),-0.116
69,AE: Infrastructure investment,Labor supply (L<sub>t</sub>),-0.121
70,AE: Infrastructure investment,Labor supply (L<sub>t</sub>),-0.125
71,AE: Infrastructure investment,Labor supply (L<sub>t</sub>),-0.129
72,AE: Infrastructure investment,Labor supply (L<sub>t</sub>),-0.133
73,AE: Infrastructure investment,Labor supply (L<sub>t</sub>),-0.138
74,AE: Infrastructure investment,Labor supply (L<sub>t</sub>),-0.142
75,AE: Infrastructure investment,Labor supply (L<sub>t</sub>),-0.146
76,AE: Infrastructure investment,Labor supply (L<sub>t</sub>),-0.15
77,AE: Infrastructure investment,Labor supply (L<sub>t</sub>),-0.154
78,AE: Infrastructure investment,Labor supply (L<sub>t</sub>),-0.159
79,AE: Infrastructure investment,Labor supply (L<sub>t</sub>),-0.163
80,AE: Infrastructure investment,Labor supply (L<sub>t</sub>),-0.167
81,AE: Infrastructure investment,Labor supply (L<sub>t</sub>),-0.171
82,AE: Infrastructure investment,Labor supply (L<sub>t</sub>),-0.175
83,AE: Infrastructure investment,Labor supply (L<sub>t</sub>),-0.179
84,AE: Infrastructure investment,Labor supply (L<sub>t</sub>),-0.183
85,AE: Infrastructure investment,Labor supply (L<sub>t</sub>),-0.187
86,AE: Infrastructure investment,Labor supply (L<sub>t</sub>),-0.191
87,AE: Infrastructure investment,Labor supply (L<sub>t</sub>),-0.195
88,AE: Infrastructure investment,Labor supply (L<sub>t</sub>),-0.198
89,AE: Infrastructure investment,Labor supply (L<sub>t</sub>),-0.202
90,AE: Infrastructure investment,Labor supply (L<sub>t</sub>),-0.205
91,AE: Infrastructure investment,Labor supply (L<sub>t</sub>),-0.208
92,AE: Infrastructure investment,Labor supply (L<sub>t</sub>),-0.212
93,AE: Infrastructure investment,Labor supply (L<sub>t</sub>),-0.214
94,AE: Infrastructure investment,Labor supply (L<sub>t</sub>),-0.217
95,AE: Infrastructure investment,Labor supply (L<sub>t</sub>),-0.22
96,AE: Infrastructure investment,Labor supply (L<sub>t</sub>),-0.222
97,AE: Infrastructure investment,Labor supply (L<sub>t</sub>),-0.225
98,AE: Infrastructure investment,Labor supply (L<sub>t</sub>),-0.226
99,AE: Infrastructure investment,Labor supply (L<sub>t</sub>),-0.228
100,AE: Infrastructure investment,Labor supply (L<sub>t</sub>),-0.23
1,AE: Human capital investment,Labor supply (L<sub>t</sub>),1.874
2,AE: Human capital investment,Labor supply (L<sub>t</sub>),1.039
3,AE: Human capital investment,Labor supply (L<sub>t</sub>),0.96
4,AE: Human capital investment,Labor supply (L<sub>t</sub>),0.859
5,AE: Human capital investment,Labor supply (L<sub>t</sub>),0.759
6,AE: Human capital investment,Labor supply (L<sub>t</sub>),0.665
7,AE: Human capital investment,Labor supply (L<sub>t</sub>),0.578
8,AE: Human capital investment,Labor supply (L<sub>t</sub>),0.499
9,AE: Human capital investment,Labor supply (L<sub>t</sub>),0.426
10,AE: Human capital investment,Labor supply (L<sub>t</sub>),0.359
11,AE: Human capital investment,Labor supply (L<sub>t</sub>),0.299
12,AE: Human capital investment,Labor supply (L<sub>t</sub>),0.243
13,AE: Human capital investment,Labor supply (L<sub>t</sub>),0.193
14,AE: Human capital investment,Labor supply (L<sub>t</sub>),0.147
15,AE: Human capital investment,Labor supply (L<sub>t</sub>),0.105
16,AE: Human capital investment,Labor supply (L<sub>t</sub>),0.067
17,AE: Human capital investment,Labor supply (L<sub>t</sub>),0.033
18,AE: Human capital investment,Labor supply (L<sub>t</sub>),0.002
19,AE: Human capital investment,Labor supply (L<sub>t</sub>),-0.027
20,AE: Human capital investment,Labor supply (L<sub>t</sub>),-0.052
21,AE: Human capital investment,Labor supply (L<sub>t</sub>),-0.075
22,AE: Human capital investment,Labor supply (L<sub>t</sub>),-0.096
23,AE: Human capital investment,Labor supply (L<sub>t</sub>),-0.114
24,AE: Human capital investment,Labor supply (L<sub>t</sub>),-0.131
25,AE: Human capital investment,Labor supply (L<sub>t</sub>),-0.146
26,AE: Human capital investment,Labor supply (L<sub>t</sub>),-0.159
27,AE: Human capital investment,Labor supply (L<sub>t</sub>),-0.171
28,AE: Human capital investment,Labor supply (L<sub>t</sub>),-0.181
29,AE: Human capital investment,Labor supply (L<sub>t</sub>),-0.19
30,AE: Human capital investment,Labor supply (L<sub>t</sub>),-0.199
31,AE: Human capital investment,Labor supply (L<sub>t</sub>),-0.206
32,AE: Human capital investment,Labor supply (L<sub>t</sub>),-0.212
33,AE: Human capital investment,Labor supply (L<sub>t</sub>),-0.217
34,AE: Human capital investment,Labor supply (L<sub>t</sub>),-0.222
35,AE: Human capital investment,Labor supply (L<sub>t</sub>),-0.226
36,AE: Human capital investment,Labor supply (L<sub>t</sub>),-0.229
37,AE: Human capital investment,Labor supply (L<sub>t</sub>),-0.232
38,AE: Human capital investment,Labor supply (L<sub>t</sub>),-0.234
39,AE: Human capital investment,Labor supply (L<sub>t</sub>),-0.236
40,AE: Human capital investment,Labor supply (L<sub>t</sub>),-0.238
41,AE: Human capital investment,Labor supply (L<sub>t</sub>),-0.239
42,AE: Human capital investment,Labor supply (L<sub>t</sub>),-0.24
43,AE: Human capital investment,Labor supply (L<sub>t</sub>),-0.241
44,AE: Human capital investment,Labor supply (L<sub>t</sub>),-0.241
45,AE: Human capital investment,Labor supply (L<sub>t</sub>),-0.242
46,AE: Human capital investment,Labor supply (L<sub>t</sub>),-0.242
47,AE: Human capital investment,Labor supply (L<sub>t</sub>),-0.242
48,AE: Human capital investment,Labor supply (L<sub>t</sub>),-0.243
49,AE: Human capital investment,Labor supply (L<sub>t</sub>),-0.243
50,AE: Human capital investment,Labor supply (L<sub>t</sub>),-0.243
51,AE: Human capital investment,Labor supply (L<sub>t</sub>),-0.243
52,AE: Human capital investment,Labor supply (L<sub>t</sub>),-0.243
53,AE: Human capital investment,Labor supply (L<sub>t</sub>),-0.243
54,AE: Human capital investment,Labor supply (L<sub>t</sub>),-0.243
55,AE: Human capital investment,Labor supply (L<sub>t</sub>),-0.243
56,AE: Human capital investment,Labor supply (L<sub>t</sub>),-0.243
57,AE: Human capital investment,Labor supply (L<sub>t</sub>),-0.244
58,AE: Human capital investment,Labor supply (L<sub>t</sub>),-0.244
59,AE: Human capital investment,Labor supply (L<sub>t</sub>),-0.245
60,AE: Human capital investment,Labor supply (L<sub>t</sub>),-0.245
61,AE: Human capital investment,Labor supply (L<sub>t</sub>),-0.246
62,AE: Human capital investment,Labor supply (L<sub>t</sub>),-0.247
63,AE: Human capital investment,Labor supply (L<sub>t</sub>),-0.248
64,AE: Human capital investment,Labor supply (L<sub>t</sub>),-0.249
65,AE: Human capital investment,Labor supply (L<sub>t</sub>),-0.251
66,AE: Human capital investment,Labor supply (L<sub>t</sub>),-0.252
67,AE: Human capital investment,Labor supply (L<sub>t</sub>),-0.254
68,AE: Human capital investment,Labor supply (L<sub>t</sub>),-0.256
69,AE: Human capital investment,Labor supply (L<sub>t</sub>),-0.258
70,AE: Human capital investment,Labor supply (L<sub>t</sub>),-0.26
71,AE: Human capital investment,Labor supply (L<sub>t</sub>),-0.262
72,AE: Human capital investment,Labor supply (L<sub>t</sub>),-0.264
73,AE: Human capital investment,Labor supply (L<sub>t</sub>),-0.267
74,AE: Human capital investment,Labor supply (L<sub>t</sub>),-0.27
75,AE: Human capital investment,Labor supply (L<sub>t</sub>),-0.273
76,AE: Human capital investment,Labor supply (L<sub>t</sub>),-0.276
77,AE: Human capital investment,Labor supply (L<sub>t</sub>),-0.28
78,AE: Human capital investment,Labor supply (L<sub>t</sub>),-0.283
79,AE: Human capital investment,Labor supply (L<sub>t</sub>),-0.287
80,AE: Human capital investment,Labor supply (L<sub>t</sub>),-0.291
81,AE: Human capital investment,Labor supply (L<sub>t</sub>),-0.295
82,AE: Human capital investment,Labor supply (L<sub>t</sub>),-0.299
83,AE: Human capital investment,Labor supply (L<sub>t</sub>),-0.304
84,AE: Human capital investment,Labor supply (L<sub>t</sub>),-0.308
85,AE: Human capital investment,Labor supply (L<sub>t</sub>),-0.313
86,AE: Human capital investment,Labor supply (L<sub>t</sub>),-0.318
87,AE: Human capital investment,Labor supply (L<sub>t</sub>),-0.323
88,AE: Human capital investment,Labor supply (L<sub>t</sub>),-0.329
89,AE: Human capital investment,Labor supply (L<sub>t</sub>),-0.335
90,AE: Human capital investment,Labor supply (L<sub>t</sub>),-0.34
91,AE: Human capital investment,Labor supply (L<sub>t</sub>),-0.346
92,AE: Human capital investment,Labor supply (L<sub>t</sub>),-0.353
93,AE: Human capital investment,Labor supply (L<sub>t</sub>),-0.359
94,AE: Human capital investment,Labor supply (L<sub>t</sub>),-0.366
95,AE: Human capital investment,Labor supply (L<sub>t</sub>),-0.373
96,AE: Human capital investment,Labor supply (L<sub>t</sub>),-0.38
97,AE: Human capital investment,Labor supply (L<sub>t</sub>),-0.387
98,AE: Human capital investment,Labor supply (L<sub>t</sub>),-0.394
99,AE: Human capital investment,Labor supply (L<sub>t</sub>),-0.402
100,AE: Human capital investment,Labor supply (L<sub>t</sub>),-0.41
1,AE: R&D spending,Labor supply (L<sub>t</sub>),0.332
2,AE: R&D spending,Labor supply (L<sub>t</sub>),-0.159
3,AE: R&D spending,Labor supply (L<sub>t</sub>),-0.181
4,AE: R&D spending,Labor supply (L<sub>t</sub>),-0.198
5,AE: R&D spending,Labor supply (L<sub>t</sub>),-0.205
6,AE: R&D spending,Labor supply (L<sub>t</sub>),-0.202
7,AE: R&D spending,Labor supply (L<sub>t</sub>),-0.192
8,AE: R&D spending,Labor supply (L<sub>t</sub>),-0.177
9,AE: R&D spending,Labor supply (L<sub>t</sub>),-0.158
10,AE: R&D spending,Labor supply (L<sub>t</sub>),-0.137
11,AE: R&D spending,Labor supply (L<sub>t</sub>),-0.115
12,AE: R&D spending,Labor supply (L<sub>t</sub>),-0.093
13,AE: R&D spending,Labor supply (L<sub>t</sub>),-0.071
14,AE: R&D spending,Labor supply (L<sub>t</sub>),-0.05
15,AE: R&D spending,Labor supply (L<sub>t</sub>),-0.03
16,AE: R&D spending,Labor supply (L<sub>t</sub>),-0.011
17,AE: R&D spending,Labor supply (L<sub>t</sub>),0.007
18,AE: R&D spending,Labor supply (L<sub>t</sub>),0.024
19,AE: R&D spending,Labor supply (L<sub>t</sub>),0.039
20,AE: R&D spending,Labor supply (L<sub>t</sub>),0.052
21,AE: R&D spending,Labor supply (L<sub>t</sub>),0.065
22,AE: R&D spending,Labor supply (L<sub>t</sub>),0.076
23,AE: R&D spending,Labor supply (L<sub>t</sub>),0.086
24,AE: R&D spending,Labor supply (L<sub>t</sub>),0.094
25,AE: R&D spending,Labor supply (L<sub>t</sub>),0.102
26,AE: R&D spending,Labor supply (L<sub>t</sub>),0.108
27,AE: R&D spending,Labor supply (L<sub>t</sub>),0.113
28,AE: R&D spending,Labor supply (L<sub>t</sub>),0.118
29,AE: R&D spending,Labor supply (L<sub>t</sub>),0.121
30,AE: R&D spending,Labor supply (L<sub>t</sub>),0.124
31,AE: R&D spending,Labor supply (L<sub>t</sub>),0.126
32,AE: R&D spending,Labor supply (L<sub>t</sub>),0.127
33,AE: R&D spending,Labor supply (L<sub>t</sub>),0.127
34,AE: R&D spending,Labor supply (L<sub>t</sub>),0.127
35,AE: R&D spending,Labor supply (L<sub>t</sub>),0.126
36,AE: R&D spending,Labor supply (L<sub>t</sub>),0.125
37,AE: R&D spending,Labor supply (L<sub>t</sub>),0.124
38,AE: R&D spending,Labor supply (L<sub>t</sub>),0.121
39,AE: R&D spending,Labor supply (L<sub>t</sub>),0.119
40,AE: R&D spending,Labor supply (L<sub>t</sub>),0.116
41,AE: R&D spending,Labor supply (L<sub>t</sub>),0.113
42,AE: R&D spending,Labor supply (L<sub>t</sub>),0.109
43,AE: R&D spending,Labor supply (L<sub>t</sub>),0.105
44,AE: R&D spending,Labor supply (L<sub>t</sub>),0.101
45,AE: R&D spending,Labor supply (L<sub>t</sub>),0.097
46,AE: R&D spending,Labor supply (L<sub>t</sub>),0.092
47,AE: R&D spending,Labor supply (L<sub>t</sub>),0.087
48,AE: R&D spending,Labor supply (L<sub>t</sub>),0.082
49,AE: R&D spending,Labor supply (L<sub>t</sub>),0.077
50,AE: R&D spending,Labor supply (L<sub>t</sub>),0.072
51,AE: R&D spending,Labor supply (L<sub>t</sub>),0.067
52,AE: R&D spending,Labor supply (L<sub>t</sub>),0.061
53,AE: R&D spending,Labor supply (L<sub>t</sub>),0.055
54,AE: R&D spending,Labor supply (L<sub>t</sub>),0.05
55,AE: R&D spending,Labor supply (L<sub>t</sub>),0.044
56,AE: R&D spending,Labor supply (L<sub>t</sub>),0.038
57,AE: R&D spending,Labor supply (L<sub>t</sub>),0.032
58,AE: R&D spending,Labor supply (L<sub>t</sub>),0.026
59,AE: R&D spending,Labor supply (L<sub>t</sub>),0.02
60,AE: R&D spending,Labor supply (L<sub>t</sub>),0.014
61,AE: R&D spending,Labor supply (L<sub>t</sub>),0.008
62,AE: R&D spending,Labor supply (L<sub>t</sub>),0.002
63,AE: R&D spending,Labor supply (L<sub>t</sub>),-0.004
64,AE: R&D spending,Labor supply (L<sub>t</sub>),-0.011
65,AE: R&D spending,Labor supply (L<sub>t</sub>),-0.017
66,AE: R&D spending,Labor supply (L<sub>t</sub>),-0.023
67,AE: R&D spending,Labor supply (L<sub>t</sub>),-0.029
68,AE: R&D spending,Labor supply (L<sub>t</sub>),-0.035
69,AE: R&D spending,Labor supply (L<sub>t</sub>),-0.042
70,AE: R&D spending,Labor supply (L<sub>t</sub>),-0.048
71,AE: R&D spending,Labor supply (L<sub>t</sub>),-0.054
72,AE: R&D spending,Labor supply (L<sub>t</sub>),-0.06
73,AE: R&D spending,Labor supply (L<sub>t</sub>),-0.066
74,AE: R&D spending,Labor supply (L<sub>t</sub>),-0.072
75,AE: R&D spending,Labor supply (L<sub>t</sub>),-0.079
76,AE: R&D spending,Labor supply (L<sub>t</sub>),-0.085
77,AE: R&D spending,Labor supply (L<sub>t</sub>),-0.091
78,AE: R&D spending,Labor supply (L<sub>t</sub>),-0.097
79,AE: R&D spending,Labor supply (L<sub>t</sub>),-0.103
80,AE: R&D spending,Labor supply (L<sub>t</sub>),-0.109
81,AE: R&D spending,Labor supply (L<sub>t</sub>),-0.115
82,AE: R&D spending,Labor supply (L<sub>t</sub>),-0.121
83,AE: R&D spending,Labor supply (L<sub>t</sub>),-0.127
84,AE: R&D spending,Labor supply (L<sub>t</sub>),-0.133
85,AE: R&D spending,Labor supply (L<sub>t</sub>),-0.138
86,AE: R&D spending,Labor supply (L<sub>t</sub>),-0.144
87,AE: R&D spending,Labor supply (L<sub>t</sub>),-0.15
88,AE: R&D spending,Labor supply (L<sub>t</sub>),-0.155
89,AE: R&D spending,Labor supply (L<sub>t</sub>),-0.161
90,AE: R&D spending,Labor supply (L<sub>t</sub>),-0.166
91,AE: R&D spending,Labor supply (L<sub>t</sub>),-0.172
92,AE: R&D spending,Labor supply (L<sub>t</sub>),-0.177
93,AE: R&D spending,Labor supply (L<sub>t</sub>),-0.183
94,AE: R&D spending,Labor supply (L<sub>t</sub>),-0.188
95,AE: R&D spending,Labor supply (L<sub>t</sub>),-0.193
96,AE: R&D spending,Labor supply (L<sub>t</sub>),-0.198
97,AE: R&D spending,Labor supply (L<sub>t</sub>),-0.202
98,AE: R&D spending,Labor supply (L<sub>t</sub>),-0.207
99,AE: R&D spending,Labor supply (L<sub>t</sub>),-0.211
100,AE: R&D spending,Labor supply (L<sub>t</sub>),-0.216
1,AE: Infrastructure investment,Human capital stock (H<sub>t</sub>),-0.016
2,AE: Infrastructure investment,Human capital stock (H<sub>t</sub>),-0.017
3,AE: Infrastructure investment,Human capital stock (H<sub>t</sub>),-0.019
4,AE: Infrastructure investment,Human capital stock (H<sub>t</sub>),-0.021
5,AE: Infrastructure investment,Human capital stock (H<sub>t</sub>),-0.024
6,AE: Infrastructure investment,Human capital stock (H<sub>t</sub>),-0.028
7,AE: Infrastructure investment,Human capital stock (H<sub>t</sub>),-0.031
8,AE: Infrastructure investment,Human capital stock (H<sub>t</sub>),-0.035
9,AE: Infrastructure investment,Human capital stock (H<sub>t</sub>),-0.039
10,AE: Infrastructure investment,Human capital stock (H<sub>t</sub>),-0.043
11,AE: Infrastructure investment,Human capital stock (H<sub>t</sub>),-0.048
12,AE: Infrastructure investment,Human capital stock (H<sub>t</sub>),-0.052
13,AE: Infrastructure investment,Human capital stock (H<sub>t</sub>),-0.057
14,AE: Infrastructure investment,Human capital stock (H<sub>t</sub>),-0.062
15,AE: Infrastructure investment,Human capital stock (H<sub>t</sub>),-0.067
16,AE: Infrastructure investment,Human capital stock (H<sub>t</sub>),-0.072
17,AE: Infrastructure investment,Human capital stock (H<sub>t</sub>),-0.077
18,AE: Infrastructure investment,Human capital stock (H<sub>t</sub>),-0.082
19,AE: Infrastructure investment,Human capital stock (H<sub>t</sub>),-0.087
20,AE: Infrastructure investment,Human capital stock (H<sub>t</sub>),-0.092
21,AE: Infrastructure investment,Human capital stock (H<sub>t</sub>),-0.097
22,AE: Infrastructure investment,Human capital stock (H<sub>t</sub>),-0.102
23,AE: Infrastructure investment,Human capital stock (H<sub>t</sub>),-0.107
24,AE: Infrastructure investment,Human capital stock (H<sub>t</sub>),-0.112
25,AE: Infrastructure investment,Human capital stock (H<sub>t</sub>),-0.117
26,AE: Infrastructure investment,Human capital stock (H<sub>t</sub>),-0.122
27,AE: Infrastructure investment,Human capital stock (H<sub>t</sub>),-0.127
28,AE: Infrastructure investment,Human capital stock (H<sub>t</sub>),-0.132
29,AE: Infrastructure investment,Human capital stock (H<sub>t</sub>),-0.137
30,AE: Infrastructure investment,Human capital stock (H<sub>t</sub>),-0.142
31,AE: Infrastructure investment,Human capital stock (H<sub>t</sub>),-0.147
32,AE: Infrastructure investment,Human capital stock (H<sub>t</sub>),-0.152
33,AE: Infrastructure investment,Human capital stock (H<sub>t</sub>),-0.156
34,AE: Infrastructure investment,Human capital stock (H<sub>t</sub>),-0.161
35,AE: Infrastructure investment,Human capital stock (H<sub>t</sub>),-0.166
36,AE: Infrastructure investment,Human capital stock (H<sub>t</sub>),-0.17
37,AE: Infrastructure investment,Human capital stock (H<sub>t</sub>),-0.175
38,AE: Infrastructure investment,Human capital stock (H<sub>t</sub>),-0.179
39,AE: Infrastructure investment,Human capital stock (H<sub>t</sub>),-0.183
40,AE: Infrastructure investment,Human capital stock (H<sub>t</sub>),-0.188
41,AE: Infrastructure investment,Human capital stock (H<sub>t</sub>),-0.192
42,AE: Infrastructure investment,Human capital stock (H<sub>t</sub>),-0.196
43,AE: Infrastructure investment,Human capital stock (H<sub>t</sub>),-0.2
44,AE: Infrastructure investment,Human capital stock (H<sub>t</sub>),-0.204
45,AE: Infrastructure investment,Human capital stock (H<sub>t</sub>),-0.208
46,AE: Infrastructure investment,Human capital stock (H<sub>t</sub>),-0.211
47,AE: Infrastructure investment,Human capital stock (H<sub>t</sub>),-0.215
48,AE: Infrastructure investment,Human capital stock (H<sub>t</sub>),-0.219
49,AE: Infrastructure investment,Human capital stock (H<sub>t</sub>),-0.222
50,AE: Infrastructure investment,Human capital stock (H<sub>t</sub>),-0.226
51,AE: Infrastructure investment,Human capital stock (H<sub>t</sub>),-0.229
52,AE: Infrastructure investment,Human capital stock (H<sub>t</sub>),-0.233
53,AE: Infrastructure investment,Human capital stock (H<sub>t</sub>),-0.236
54,AE: Infrastructure investment,Human capital stock (H<sub>t</sub>),-0.239
55,AE: Infrastructure investment,Human capital stock (H<sub>t</sub>),-0.242
56,AE: Infrastructure investment,Human capital stock (H<sub>t</sub>),-0.246
57,AE: Infrastructure investment,Human capital stock (H<sub>t</sub>),-0.249
58,AE: Infrastructure investment,Human capital stock (H<sub>t</sub>),-0.252
59,AE: Infrastructure investment,Human capital stock (H<sub>t</sub>),-0.254
60,AE: Infrastructure investment,Human capital stock (H<sub>t</sub>),-0.257
61,AE: Infrastructure investment,Human capital stock (H<sub>t</sub>),-0.26
62,AE: Infrastructure investment,Human capital stock (H<sub>t</sub>),-0.263
63,AE: Infrastructure investment,Human capital stock (H<sub>t</sub>),-0.265
64,AE: Infrastructure investment,Human capital stock (H<sub>t</sub>),-0.268
65,AE: Infrastructure investment,Human capital stock (H<sub>t</sub>),-0.27
66,AE: Infrastructure investment,Human capital stock (H<sub>t</sub>),-0.273
67,AE: Infrastructure investment,Human capital stock (H<sub>t</sub>),-0.275
68,AE: Infrastructure investment,Human capital stock (H<sub>t</sub>),-0.278
69,AE: Infrastructure investment,Human capital stock (H<sub>t</sub>),-0.28
70,AE: Infrastructure investment,Human capital stock (H<sub>t</sub>),-0.282
71,AE: Infrastructure investment,Human capital stock (H<sub>t</sub>),-0.284
72,AE: Infrastructure investment,Human capital stock (H<sub>t</sub>),-0.286
73,AE: Infrastructure investment,Human capital stock (H<sub>t</sub>),-0.288
74,AE: Infrastructure investment,Human capital stock (H<sub>t</sub>),-0.29
75,AE: Infrastructure investment,Human capital stock (H<sub>t</sub>),-0.292
76,AE: Infrastructure investment,Human capital stock (H<sub>t</sub>),-0.294
77,AE: Infrastructure investment,Human capital stock (H<sub>t</sub>),-0.296
78,AE: Infrastructure investment,Human capital stock (H<sub>t</sub>),-0.298
79,AE: Infrastructure investment,Human capital stock (H<sub>t</sub>),-0.299
80,AE: Infrastructure investment,Human capital stock (H<sub>t</sub>),-0.301
81,AE: Infrastructure investment,Human capital stock (H<sub>t</sub>),-0.303
82,AE: Infrastructure investment,Human capital stock (H<sub>t</sub>),-0.304
83,AE: Infrastructure investment,Human capital stock (H<sub>t</sub>),-0.306
84,AE: Infrastructure investment,Human capital stock (H<sub>t</sub>),-0.307
85,AE: Infrastructure investment,Human capital stock (H<sub>t</sub>),-0.309
86,AE: Infrastructure investment,Human capital stock (H<sub>t</sub>),-0.31
87,AE: Infrastructure investment,Human capital stock (H<sub>t</sub>),-0.311
88,AE: Infrastructure investment,Human capital stock (H<sub>t</sub>),-0.313
89,AE: Infrastructure investment,Human capital stock (H<sub>t</sub>),-0.314
90,AE: Infrastructure investment,Human capital stock (H<sub>t</sub>),-0.315
91,AE: Infrastructure investment,Human capital stock (H<sub>t</sub>),-0.317
92,AE: Infrastructure investment,Human capital stock (H<sub>t</sub>),-0.318
93,AE: Infrastructure investment,Human capital stock (H<sub>t</sub>),-0.319
94,AE: Infrastructure investment,Human capital stock (H<sub>t</sub>),-0.32
95,AE: Infrastructure investment,Human capital stock (H<sub>t</sub>),-0.321
96,AE: Infrastructure investment,Human capital stock (H<sub>t</sub>),-0.323
97,AE: Infrastructure investment,Human capital stock (H<sub>t</sub>),-0.324
98,AE: Infrastructure investment,Human capital stock (H<sub>t</sub>),-0.325
99,AE: Infrastructure investment,Human capital stock (H<sub>t</sub>),-0.326
100,AE: Infrastructure investment,Human capital stock (H<sub>t</sub>),-0.327
1,AE: Human capital investment,Human capital stock (H<sub>t</sub>),-0.058
2,AE: Human capital investment,Human capital stock (H<sub>t</sub>),-0.09
3,AE: Human capital investment,Human capital stock (H<sub>t</sub>),-0.114
4,AE: Human capital investment,Human capital stock (H<sub>t</sub>),-0.129
5,AE: Human capital investment,Human capital stock (H<sub>t</sub>),-0.136
6,AE: Human capital investment,Human capital stock (H<sub>t</sub>),-0.135
7,AE: Human capital investment,Human capital stock (H<sub>t</sub>),-0.127
8,AE: Human capital investment,Human capital stock (H<sub>t</sub>),-0.113
9,AE: Human capital investment,Human capital stock (H<sub>t</sub>),-0.092
10,AE: Human capital investment,Human capital stock (H<sub>t</sub>),-0.066
11,AE: Human capital investment,Human capital stock (H<sub>t</sub>),-0.034
12,AE: Human capital investment,Human capital stock (H<sub>t</sub>),0.002
13,AE: Human capital investment,Human capital stock (H<sub>t</sub>),0.043
14,AE: Human capital investment,Human capital stock (H<sub>t</sub>),0.087
15,AE: Human capital investment,Human capital stock (H<sub>t</sub>),0.136
16,AE: Human capital investment,Human capital stock (H<sub>t</sub>),0.188
17,AE: Human capital investment,Human capital stock (H<sub>t</sub>),0.243
18,AE: Human capital investment,Human capital stock (H<sub>t</sub>),0.301
19,AE: Human capital investment,Human capital stock (H<sub>t</sub>),0.362
20,AE: Human capital investment,Human capital stock (H<sub>t</sub>),0.425
21,AE: Human capital investment,Human capital stock (H<sub>t</sub>),0.491
22,AE: Human capital investment,Human capital stock (H<sub>t</sub>),0.558
23,AE: Human capital investment,Human capital stock (H<sub>t</sub>),0.627
24,AE: Human capital investment,Human capital stock (H<sub>t</sub>),0.698
25,AE: Human capital investment,Human capital stock (H<sub>t</sub>),0.77
26,AE: Human capital investment,Human capital stock (H<sub>t</sub>),0.844
27,AE: Human capital investment,Human capital stock (H<sub>t</sub>),0.919
28,AE: Human capital investment,Human capital stock (H<sub>t</sub>),0.995
29,AE: Human capital investment,Human capital stock (H<sub>t</sub>),1.071
30,AE: Human capital investment,Human capital stock (H<sub>t</sub>),1.149
31,AE: Human capital investment,Human capital stock (H<sub>t</sub>),1.227
32,AE: Human capital investment,Human capital stock (H<sub>t</sub>),1.306
33,AE: Human capital investment,Human capital stock (H<sub>t</sub>),1.385
34,AE: Human capital investment,Human capital stock (H<sub>t</sub>),1.465
35,AE: Human capital investment,Human capital stock (H<sub>t</sub>),1.545
36,AE: Human capital investment,Human capital stock (H<sub>t</sub>),1.625
37,AE: Human capital investment,Human capital stock (H<sub>t</sub>),1.706
38,AE: Human capital investment,Human capital stock (H<sub>t</sub>),1.786
39,AE: Human capital investment,Human capital stock (H<sub>t</sub>),1.867
40,AE: Human capital investment,Human capital stock (H<sub>t</sub>),1.948
41,AE: Human capital investment,Human capital stock (H<sub>t</sub>),2.028
42,AE: Human capital investment,Human capital stock (H<sub>t</sub>),2.109
43,AE: Human capital investment,Human capital stock (H<sub>t</sub>),2.189
44,AE: Human capital investment,Human capital stock (H<sub>t</sub>),2.269
45,AE: Human capital investment,Human capital stock (H<sub>t</sub>),2.349
46,AE: Human capital investment,Human capital stock (H<sub>t</sub>),2.429
47,AE: Human capital investment,Human capital stock (H<sub>t</sub>),2.508
48,AE: Human capital investment,Human capital stock (H<sub>t</sub>),2.587
49,AE: Human capital investment,Human capital stock (H<sub>t</sub>),2.666
50,AE: Human capital investment,Human capital stock (H<sub>t</sub>),2.744
51,AE: Human capital investment,Human capital stock (H<sub>t</sub>),2.822
52,AE: Human capital investment,Human capital stock (H<sub>t</sub>),2.899
53,AE: Human capital investment,Human capital stock (H<sub>t</sub>),2.976
54,AE: Human capital investment,Human capital stock (H<sub>t</sub>),3.053
55,AE: Human capital investment,Human capital stock (H<sub>t</sub>),3.129
56,AE: Human capital investment,Human capital stock (H<sub>t</sub>),3.205
57,AE: Human capital investment,Human capital stock (H<sub>t</sub>),3.28
58,AE: Human capital investment,Human capital stock (H<sub>t</sub>),3.354
59,AE: Human capital investment,Human capital stock (H<sub>t</sub>),3.428
60,AE: Human capital investment,Human capital stock (H<sub>t</sub>),3.502
61,AE: Human capital investment,Human capital stock (H<sub>t</sub>),3.575
62,AE: Human capital investment,Human capital stock (H<sub>t</sub>),3.648
63,AE: Human capital investment,Human capital stock (H<sub>t</sub>),3.72
64,AE: Human capital investment,Human capital stock (H<sub>t</sub>),3.791
65,AE: Human capital investment,Human capital stock (H<sub>t</sub>),3.862
66,AE: Human capital investment,Human capital stock (H<sub>t</sub>),3.933
67,AE: Human capital investment,Human capital stock (H<sub>t</sub>),4.003
68,AE: Human capital investment,Human capital stock (H<sub>t</sub>),4.072
69,AE: Human capital investment,Human capital stock (H<sub>t</sub>),4.141
70,AE: Human capital investment,Human capital stock (H<sub>t</sub>),4.209
71,AE: Human capital investment,Human capital stock (H<sub>t</sub>),4.277
72,AE: Human capital investment,Human capital stock (H<sub>t</sub>),4.344
73,AE: Human capital investment,Human capital stock (H<sub>t</sub>),4.411
74,AE: Human capital investment,Human capital stock (H<sub>t</sub>),4.477
75,AE: Human capital investment,Human capital stock (H<sub>t</sub>),4.543
76,AE: Human capital investment,Human capital stock (H<sub>t</sub>),4.608
77,AE: Human capital investment,Human capital stock (H<sub>t</sub>),4.673
78,AE: Human capital investment,Human capital stock (H<sub>t</sub>),4.737
79,AE: Human capital investment,Human capital stock (H<sub>t</sub>),4.801
80,AE: Human capital investment,Human capital stock (H<sub>t</sub>),4.864
81,AE: Human capital investment,Human capital stock (H<sub>t</sub>),4.927
82,AE: Human capital investment,Human capital stock (H<sub>t</sub>),4.989
83,AE: Human capital investment,Human capital stock (H<sub>t</sub>),5.051
84,AE: Human capital investment,Human capital stock (H<sub>t</sub>),5.112
85,AE: Human capital investment,Human capital stock (H<sub>t</sub>),5.173
86,AE: Human capital investment,Human capital stock (H<sub>t</sub>),5.233
87,AE: Human capital investment,Human capital stock (H<sub>t</sub>),5.293
88,AE: Human capital investment,Human capital stock (H<sub>t</sub>),5.353
89,AE: Human capital investment,Human capital stock (H<sub>t</sub>),5.412
90,AE: Human capital investment,Human capital stock (H<sub>t</sub>),5.471
91,AE: Human capital investment,Human capital stock (H<sub>t</sub>),5.529
92,AE: Human capital investment,Human capital stock (H<sub>t</sub>),5.587
93,AE: Human capital investment,Human capital stock (H<sub>t</sub>),5.644
94,AE: Human capital investment,Human capital stock (H<sub>t</sub>),5.701
95,AE: Human capital investment,Human capital stock (H<sub>t</sub>),5.758
96,AE: Human capital investment,Human capital stock (H<sub>t</sub>),5.814
97,AE: Human capital investment,Human capital stock (H<sub>t</sub>),5.87
98,AE: Human capital investment,Human capital stock (H<sub>t</sub>),5.926
99,AE: Human capital investment,Human capital stock (H<sub>t</sub>),5.981
100,AE: Human capital investment,Human capital stock (H<sub>t</sub>),6.036
1,AE: R&D spending,Human capital stock (H<sub>t</sub>),-0.013
2,AE: R&D spending,Human capital stock (H<sub>t</sub>),-0.015
3,AE: R&D spending,Human capital stock (H<sub>t</sub>),-0.017
4,AE: R&D spending,Human capital stock (H<sub>t</sub>),-0.019
5,AE: R&D spending,Human capital stock (H<sub>t</sub>),-0.02
6,AE: R&D spending,Human capital stock (H<sub>t</sub>),-0.021
7,AE: R&D spending,Human capital stock (H<sub>t</sub>),-0.023
8,AE: R&D spending,Human capital stock (H<sub>t</sub>),-0.024
9,AE: R&D spending,Human capital stock (H<sub>t</sub>),-0.026
10,AE: R&D spending,Human capital stock (H<sub>t</sub>),-0.029
11,AE: R&D spending,Human capital stock (H<sub>t</sub>),-0.032
12,AE: R&D spending,Human capital stock (H<sub>t</sub>),-0.035
13,AE: R&D spending,Human capital stock (H<sub>t</sub>),-0.038
14,AE: R&D spending,Human capital stock (H<sub>t</sub>),-0.042
15,AE: R&D spending,Human capital stock (H<sub>t</sub>),-0.047
16,AE: R&D spending,Human capital stock (H<sub>t</sub>),-0.051
17,AE: R&D spending,Human capital stock (H<sub>t</sub>),-0.056
18,AE: R&D spending,Human capital stock (H<sub>t</sub>),-0.062
19,AE: R&D spending,Human capital stock (H<sub>t</sub>),-0.067
20,AE: R&D spending,Human capital stock (H<sub>t</sub>),-0.073
21,AE: R&D spending,Human capital stock (H<sub>t</sub>),-0.078
22,AE: R&D spending,Human capital stock (H<sub>t</sub>),-0.084
23,AE: R&D spending,Human capital stock (H<sub>t</sub>),-0.09
24,AE: R&D spending,Human capital stock (H<sub>t</sub>),-0.097
25,AE: R&D spending,Human capital stock (H<sub>t</sub>),-0.103
26,AE: R&D spending,Human capital stock (H<sub>t</sub>),-0.109
27,AE: R&D spending,Human capital stock (H<sub>t</sub>),-0.116
28,AE: R&D spending,Human capital stock (H<sub>t</sub>),-0.122
29,AE: R&D spending,Human capital stock (H<sub>t</sub>),-0.129
30,AE: R&D spending,Human capital stock (H<sub>t</sub>),-0.135
31,AE: R&D spending,Human capital stock (H<sub>t</sub>),-0.141
32,AE: R&D spending,Human capital stock (H<sub>t</sub>),-0.148
33,AE: R&D spending,Human capital stock (H<sub>t</sub>),-0.154
34,AE: R&D spending,Human capital stock (H<sub>t</sub>),-0.16
35,AE: R&D spending,Human capital stock (H<sub>t</sub>),-0.166
36,AE: R&D spending,Human capital stock (H<sub>t</sub>),-0.173
37,AE: R&D spending,Human capital stock (H<sub>t</sub>),-0.179
38,AE: R&D spending,Human capital stock (H<sub>t</sub>),-0.185
39,AE: R&D spending,Human capital stock (H<sub>t</sub>),-0.191
40,AE: R&D spending,Human capital stock (H<sub>t</sub>),-0.196
41,AE: R&D spending,Human capital stock (H<sub>t</sub>),-0.202
42,AE: R&D spending,Human capital stock (H<sub>t</sub>),-0.208
43,AE: R&D spending,Human capital stock (H<sub>t</sub>),-0.213
44,AE: R&D spending,Human capital stock (H<sub>t</sub>),-0.219
45,AE: R&D spending,Human capital stock (H<sub>t</sub>),-0.224
46,AE: R&D spending,Human capital stock (H<sub>t</sub>),-0.229
47,AE: R&D spending,Human capital stock (H<sub>t</sub>),-0.234
48,AE: R&D spending,Human capital stock (H<sub>t</sub>),-0.239
49,AE: R&D spending,Human capital stock (H<sub>t</sub>),-0.244
50,AE: R&D spending,Human capital stock (H<sub>t</sub>),-0.249
51,AE: R&D spending,Human capital stock (H<sub>t</sub>),-0.253
52,AE: R&D spending,Human capital stock (H<sub>t</sub>),-0.258
53,AE: R&D spending,Human capital stock (H<sub>t</sub>),-0.262
54,AE: R&D spending,Human capital stock (H<sub>t</sub>),-0.267
55,AE: R&D spending,Human capital stock (H<sub>t</sub>),-0.271
56,AE: R&D spending,Human capital stock (H<sub>t</sub>),-0.275
57,AE: R&D spending,Human capital stock (H<sub>t</sub>),-0.279
58,AE: R&D spending,Human capital stock (H<sub>t</sub>),-0.283
59,AE: R&D spending,Human capital stock (H<sub>t</sub>),-0.287
60,AE: R&D spending,Human capital stock (H<sub>t</sub>),-0.29
61,AE: R&D spending,Human capital stock (H<sub>t</sub>),-0.294
62,AE: R&D spending,Human capital stock (H<sub>t</sub>),-0.298
63,AE: R&D spending,Human capital stock (H<sub>t</sub>),-0.301
64,AE: R&D spending,Human capital stock (H<sub>t</sub>),-0.304
65,AE: R&D spending,Human capital stock (H<sub>t</sub>),-0.307
66,AE: R&D spending,Human capital stock (H<sub>t</sub>),-0.311
67,AE: R&D spending,Human capital stock (H<sub>t</sub>),-0.314
68,AE: R&D spending,Human capital stock (H<sub>t</sub>),-0.316
69,AE: R&D spending,Human capital stock (H<sub>t</sub>),-0.319
70,AE: R&D spending,Human capital stock (H<sub>t</sub>),-0.322
71,AE: R&D spending,Human capital stock (H<sub>t</sub>),-0.325
72,AE: R&D spending,Human capital stock (H<sub>t</sub>),-0.327
73,AE: R&D spending,Human capital stock (H<sub>t</sub>),-0.33
74,AE: R&D spending,Human capital stock (H<sub>t</sub>),-0.332
75,AE: R&D spending,Human capital stock (H<sub>t</sub>),-0.335
76,AE: R&D spending,Human capital stock (H<sub>t</sub>),-0.337
77,AE: R&D spending,Human capital stock (H<sub>t</sub>),-0.339
78,AE: R&D spending,Human capital stock (H<sub>t</sub>),-0.341
79,AE: R&D spending,Human capital stock (H<sub>t</sub>),-0.343
80,AE: R&D spending,Human capital stock (H<sub>t</sub>),-0.345
81,AE: R&D spending,Human capital stock (H<sub>t</sub>),-0.347
82,AE: R&D spending,Human capital stock (H<sub>t</sub>),-0.349
83,AE: R&D spending,Human capital stock (H<sub>t</sub>),-0.351
84,AE: R&D spending,Human capital stock (H<sub>t</sub>),-0.353
85,AE: R&D spending,Human capital stock (H<sub>t</sub>),-0.354
86,AE: R&D spending,Human capital stock (H<sub>t</sub>),-0.356
87,AE: R&D spending,Human capital stock (H<sub>t</sub>),-0.358
88,AE: R&D spending,Human capital stock (H<sub>t</sub>),-0.359
89,AE: R&D spending,Human capital stock (H<sub>t</sub>),-0.36
90,AE: R&D spending,Human capital stock (H<sub>t</sub>),-0.362
91,AE: R&D spending,Human capital stock (H<sub>t</sub>),-0.363
92,AE: R&D spending,Human capital stock (H<sub>t</sub>),-0.365
93,AE: R&D spending,Human capital stock (H<sub>t</sub>),-0.366
94,AE: R&D spending,Human capital stock (H<sub>t</sub>),-0.367
95,AE: R&D spending,Human capital stock (H<sub>t</sub>),-0.368
96,AE: R&D spending,Human capital stock (H<sub>t</sub>),-0.369
97,AE: R&D spending,Human capital stock (H<sub>t</sub>),-0.37
98,AE: R&D spending,Human capital stock (H<sub>t</sub>),-0.371
99,AE: R&D spending,Human capital stock (H<sub>t</sub>),-0.373
100,AE: R&D spending,Human capital stock (H<sub>t</sub>),-0.374
1,AE: Infrastructure investment,Effective labor (N<sub>t</sub>),0.406
2,AE: Infrastructure investment,Effective labor (N<sub>t</sub>),-0.296
3,AE: Infrastructure investment,Effective labor (N<sub>t</sub>),-0.254
4,AE: Infrastructure investment,Effective labor (N<sub>t</sub>),-0.228
5,AE: Infrastructure investment,Effective labor (N<sub>t</sub>),-0.207
6,AE: Infrastructure investment,Effective labor (N<sub>t</sub>),-0.19
7,AE: Infrastructure investment,Effective labor (N<sub>t</sub>),-0.175
8,AE: Infrastructure investment,Effective labor (N<sub>t</sub>),-0.162
9,AE: Infrastructure investment,Effective labor (N<sub>t</sub>),-0.151
10,AE: Infrastructure investment,Effective labor (N<sub>t</sub>),-0.142
11,AE: Infrastructure investment,Effective labor (N<sub>t</sub>),-0.134
12,AE: Infrastructure investment,Effective labor (N<sub>t</sub>),-0.127
13,AE: Infrastructure investment,Effective labor (N<sub>t</sub>),-0.121
14,AE: Infrastructure investment,Effective labor (N<sub>t</sub>),-0.117
15,AE: Infrastructure investment,Effective labor (N<sub>t</sub>),-0.114
16,AE: Infrastructure investment,Effective labor (N<sub>t</sub>),-0.111
17,AE: Infrastructure investment,Effective labor (N<sub>t</sub>),-0.11
18,AE: Infrastructure investment,Effective labor (N<sub>t</sub>),-0.109
19,AE: Infrastructure investment,Effective labor (N<sub>t</sub>),-0.109
20,AE: Infrastructure investment,Effective labor (N<sub>t</sub>),-0.11
21,AE: Infrastructure investment,Effective labor (N<sub>t</sub>),-0.111
22,AE: Infrastructure investment,Effective labor (N<sub>t</sub>),-0.113
23,AE: Infrastructure investment,Effective labor (N<sub>t</sub>),-0.115
24,AE: Infrastructure investment,Effective labor (N<sub>t</sub>),-0.118
25,AE: Infrastructure investment,Effective labor (N<sub>t</sub>),-0.121
26,AE: Infrastructure investment,Effective labor (N<sub>t</sub>),-0.125
27,AE: Infrastructure investment,Effective labor (N<sub>t</sub>),-0.129
28,AE: Infrastructure investment,Effective labor (N<sub>t</sub>),-0.133
29,AE: Infrastructure investment,Effective labor (N<sub>t</sub>),-0.138
30,AE: Infrastructure investment,Effective labor (N<sub>t</sub>),-0.143
31,AE: Infrastructure investment,Effective labor (N<sub>t</sub>),-0.148
32,AE: Infrastructure investment,Effective labor (N<sub>t</sub>),-0.153
33,AE: Infrastructure investment,Effective labor (N<sub>t</sub>),-0.159
34,AE: Infrastructure investment,Effective labor (N<sub>t</sub>),-0.164
35,AE: Infrastructure investment,Effective labor (N<sub>t</sub>),-0.17
36,AE: Infrastructure investment,Effective labor (N<sub>t</sub>),-0.176
37,AE: Infrastructure investment,Effective labor (N<sub>t</sub>),-0.182
38,AE: Infrastructure investment,Effective labor (N<sub>t</sub>),-0.189
39,AE: Infrastructure investment,Effective labor (N<sub>t</sub>),-0.195
40,AE: Infrastructure investment,Effective labor (N<sub>t</sub>),-0.202
41,AE: Infrastructure investment,Effective labor (N<sub>t</sub>),-0.208
42,AE: Infrastructure investment,Effective labor (N<sub>t</sub>),-0.215
43,AE: Infrastructure investment,Effective labor (N<sub>t</sub>),-0.221
44,AE: Infrastructure investment,Effective labor (N<sub>t</sub>),-0.228
45,AE: Infrastructure investment,Effective labor (N<sub>t</sub>),-0.235
46,AE: Infrastructure investment,Effective labor (N<sub>t</sub>),-0.242
47,AE: Infrastructure investment,Effective labor (N<sub>t</sub>),-0.249
48,AE: Infrastructure investment,Effective labor (N<sub>t</sub>),-0.255
49,AE: Infrastructure investment,Effective labor (N<sub>t</sub>),-0.262
50,AE: Infrastructure investment,Effective labor (N<sub>t</sub>),-0.269
51,AE: Infrastructure investment,Effective labor (N<sub>t</sub>),-0.276
52,AE: Infrastructure investment,Effective labor (N<sub>t</sub>),-0.283
53,AE: Infrastructure investment,Effective labor (N<sub>t</sub>),-0.29
54,AE: Infrastructure investment,Effective labor (N<sub>t</sub>),-0.297
55,AE: Infrastructure investment,Effective labor (N<sub>t</sub>),-0.304
56,AE: Infrastructure investment,Effective labor (N<sub>t</sub>),-0.311
57,AE: Infrastructure investment,Effective labor (N<sub>t</sub>),-0.317
58,AE: Infrastructure investment,Effective labor (N<sub>t</sub>),-0.324
59,AE: Infrastructure investment,Effective labor (N<sub>t</sub>),-0.331
60,AE: Infrastructure investment,Effective labor (N<sub>t</sub>),-0.338
61,AE: Infrastructure investment,Effective labor (N<sub>t</sub>),-0.345
62,AE: Infrastructure investment,Effective labor (N<sub>t</sub>),-0.351
63,AE: Infrastructure investment,Effective labor (N<sub>t</sub>),-0.358
64,AE: Infrastructure investment,Effective labor (N<sub>t</sub>),-0.365
65,AE: Infrastructure investment,Effective labor (N<sub>t</sub>),-0.372
66,AE: Infrastructure investment,Effective labor (N<sub>t</sub>),-0.378
67,AE: Infrastructure investment,Effective labor (N<sub>t</sub>),-0.385
68,AE: Infrastructure investment,Effective labor (N<sub>t</sub>),-0.391
69,AE: Infrastructure investment,Effective labor (N<sub>t</sub>),-0.398
70,AE: Infrastructure investment,Effective labor (N<sub>t</sub>),-0.404
71,AE: Infrastructure investment,Effective labor (N<sub>t</sub>),-0.411
72,AE: Infrastructure investment,Effective labor (N<sub>t</sub>),-0.417
73,AE: Infrastructure investment,Effective labor (N<sub>t</sub>),-0.423
74,AE: Infrastructure investment,Effective labor (N<sub>t</sub>),-0.43
75,AE: Infrastructure investment,Effective labor (N<sub>t</sub>),-0.436
76,AE: Infrastructure investment,Effective labor (N<sub>t</sub>),-0.442
77,AE: Infrastructure investment,Effective labor (N<sub>t</sub>),-0.448
78,AE: Infrastructure investment,Effective labor (N<sub>t</sub>),-0.454
79,AE: Infrastructure investment,Effective labor (N<sub>t</sub>),-0.46
80,AE: Infrastructure investment,Effective labor (N<sub>t</sub>),-0.466
81,AE: Infrastructure investment,Effective labor (N<sub>t</sub>),-0.471
82,AE: Infrastructure investment,Effective labor (N<sub>t</sub>),-0.477
83,AE: Infrastructure investment,Effective labor (N<sub>t</sub>),-0.483
84,AE: Infrastructure investment,Effective labor (N<sub>t</sub>),-0.488
85,AE: Infrastructure investment,Effective labor (N<sub>t</sub>),-0.494
86,AE: Infrastructure investment,Effective labor (N<sub>t</sub>),-0.499
87,AE: Infrastructure investment,Effective labor (N<sub>t</sub>),-0.504
88,AE: Infrastructure investment,Effective labor (N<sub>t</sub>),-0.509
89,AE: Infrastructure investment,Effective labor (N<sub>t</sub>),-0.514
90,AE: Infrastructure investment,Effective labor (N<sub>t</sub>),-0.518
91,AE: Infrastructure investment,Effective labor (N<sub>t</sub>),-0.523
92,AE: Infrastructure investment,Effective labor (N<sub>t</sub>),-0.527
93,AE: Infrastructure investment,Effective labor (N<sub>t</sub>),-0.532
94,AE: Infrastructure investment,Effective labor (N<sub>t</sub>),-0.536
95,AE: Infrastructure investment,Effective labor (N<sub>t</sub>),-0.539
96,AE: Infrastructure investment,Effective labor (N<sub>t</sub>),-0.543
97,AE: Infrastructure investment,Effective labor (N<sub>t</sub>),-0.546
98,AE: Infrastructure investment,Effective labor (N<sub>t</sub>),-0.55
99,AE: Infrastructure investment,Effective labor (N<sub>t</sub>),-0.553
100,AE: Infrastructure investment,Effective labor (N<sub>t</sub>),-0.555
1,AE: Human capital investment,Effective labor (N<sub>t</sub>),1.874
2,AE: Human capital investment,Effective labor (N<sub>t</sub>),0.981
3,AE: Human capital investment,Effective labor (N<sub>t</sub>),0.869
4,AE: Human capital investment,Effective labor (N<sub>t</sub>),0.744
5,AE: Human capital investment,Effective labor (N<sub>t</sub>),0.629
6,AE: Human capital investment,Effective labor (N<sub>t</sub>),0.528
7,AE: Human capital investment,Effective labor (N<sub>t</sub>),0.442
8,AE: Human capital investment,Effective labor (N<sub>t</sub>),0.371
9,AE: Human capital investment,Effective labor (N<sub>t</sub>),0.313
10,AE: Human capital investment,Effective labor (N<sub>t</sub>),0.267
11,AE: Human capital investment,Effective labor (N<sub>t</sub>),0.233
12,AE: Human capital investment,Effective labor (N<sub>t</sub>),0.209
13,AE: Human capital investment,Effective labor (N<sub>t</sub>),0.195
14,AE: Human capital investment,Effective labor (N<sub>t</sub>),0.19
15,AE: Human capital investment,Effective labor (N<sub>t</sub>),0.193
16,AE: Human capital investment,Effective labor (N<sub>t</sub>),0.203
17,AE: Human capital investment,Effective labor (N<sub>t</sub>),0.221
18,AE: Human capital investment,Effective labor (N<sub>t</sub>),0.245
19,AE: Human capital investment,Effective labor (N<sub>t</sub>),0.275
20,AE: Human capital investment,Effective labor (N<sub>t</sub>),0.31
21,AE: Human capital investment,Effective labor (N<sub>t</sub>),0.35
22,AE: Human capital investment,Effective labor (N<sub>t</sub>),0.394
23,AE: Human capital investment,Effective labor (N<sub>t</sub>),0.443
24,AE: Human capital investment,Effective labor (N<sub>t</sub>),0.496
25,AE: Human capital investment,Effective labor (N<sub>t</sub>),0.551
26,AE: Human capital investment,Effective labor (N<sub>t</sub>),0.61
27,AE: Human capital investment,Effective labor (N<sub>t</sub>),0.672
28,AE: Human capital investment,Effective labor (N<sub>t</sub>),0.736
29,AE: Human capital investment,Effective labor (N<sub>t</sub>),0.802
30,AE: Human capital investment,Effective labor (N<sub>t</sub>),0.871
31,AE: Human capital investment,Effective labor (N<sub>t</sub>),0.941
32,AE: Human capital investment,Effective labor (N<sub>t</sub>),1.013
33,AE: Human capital investment,Effective labor (N<sub>t</sub>),1.086
34,AE: Human capital investment,Effective labor (N<sub>t</sub>),1.161
35,AE: Human capital investment,Effective labor (N<sub>t</sub>),1.236
36,AE: Human capital investment,Effective labor (N<sub>t</sub>),1.313
37,AE: Human capital investment,Effective labor (N<sub>t</sub>),1.39
38,AE: Human capital investment,Effective labor (N<sub>t</sub>),1.468
39,AE: Human capital investment,Effective labor (N<sub>t</sub>),1.546
40,AE: Human capital investment,Effective labor (N<sub>t</sub>),1.625
41,AE: Human capital investment,Effective labor (N<sub>t</sub>),1.704
42,AE: Human capital investment,Effective labor (N<sub>t</sub>),1.783
43,AE: Human capital investment,Effective labor (N<sub>t</sub>),1.863
44,AE: Human capital investment,Effective labor (N<sub>t</sub>),1.942
45,AE: Human capital investment,Effective labor (N<sub>t</sub>),2.022
46,AE: Human capital investment,Effective labor (N<sub>t</sub>),2.101
47,AE: Human capital investment,Effective labor (N<sub>t</sub>),2.18
48,AE: Human capital investment,Effective labor (N<sub>t</sub>),2.259
49,AE: Human capital investment,Effective labor (N<sub>t</sub>),2.338
50,AE: Human capital investment,Effective labor (N<sub>t</sub>),2.416
51,AE: Human capital investment,Effective labor (N<sub>t</sub>),2.495
52,AE: Human capital investment,Effective labor (N<sub>t</sub>),2.572
53,AE: Human capital investment,Effective labor (N<sub>t</sub>),2.649
54,AE: Human capital investment,Effective labor (N<sub>t</sub>),2.726
55,AE: Human capital investment,Effective labor (N<sub>t</sub>),2.802
56,AE: Human capital investment,Effective labor (N<sub>t</sub>),2.878
57,AE: Human capital investment,Effective labor (N<sub>t</sub>),2.953
58,AE: Human capital investment,Effective labor (N<sub>t</sub>),3.028
59,AE: Human capital investment,Effective labor (N<sub>t</sub>),3.101
60,AE: Human capital investment,Effective labor (N<sub>t</sub>),3.175
61,AE: Human capital investment,Effective labor (N<sub>t</sub>),3.247
62,AE: Human capital investment,Effective labor (N<sub>t</sub>),3.319
63,AE: Human capital investment,Effective labor (N<sub>t</sub>),3.391
64,AE: Human capital investment,Effective labor (N<sub>t</sub>),3.461
65,AE: Human capital investment,Effective labor (N<sub>t</sub>),3.531
66,AE: Human capital investment,Effective labor (N<sub>t</sub>),3.601
67,AE: Human capital investment,Effective labor (N<sub>t</sub>),3.669
68,AE: Human capital investment,Effective labor (N<sub>t</sub>),3.737
69,AE: Human capital investment,Effective labor (N<sub>t</sub>),3.804
70,AE: Human capital investment,Effective labor (N<sub>t</sub>),3.871
71,AE: Human capital investment,Effective labor (N<sub>t</sub>),3.936
72,AE: Human capital investment,Effective labor (N<sub>t</sub>),4.001
73,AE: Human capital investment,Effective labor (N<sub>t</sub>),4.066
74,AE: Human capital investment,Effective labor (N<sub>t</sub>),4.129
75,AE: Human capital investment,Effective labor (N<sub>t</sub>),4.192
76,AE: Human capital investment,Effective labor (N<sub>t</sub>),4.254
77,AE: Human capital investment,Effective labor (N<sub>t</sub>),4.316
78,AE: Human capital investment,Effective labor (N<sub>t</sub>),4.377
79,AE: Human capital investment,Effective labor (N<sub>t</sub>),4.437
80,AE: Human capital investment,Effective labor (N<sub>t</sub>),4.496
81,AE: Human capital investment,Effective labor (N<sub>t</sub>),4.555
82,AE: Human capital investment,Effective labor (N<sub>t</sub>),4.613
83,AE: Human capital investment,Effective labor (N<sub>t</sub>),4.67
84,AE: Human capital investment,Effective labor (N<sub>t</sub>),4.727
85,AE: Human capital investment,Effective labor (N<sub>t</sub>),4.783
86,AE: Human capital investment,Effective labor (N<sub>t</sub>),4.838
87,AE: Human capital investment,Effective labor (N<sub>t</sub>),4.893
88,AE: Human capital investment,Effective labor (N<sub>t</sub>),4.947
89,AE: Human capital investment,Effective labor (N<sub>t</sub>),5.0
90,AE: Human capital investment,Effective labor (N<sub>t</sub>),5.053
91,AE: Human capital investment,Effective labor (N<sub>t</sub>),5.105
92,AE: Human capital investment,Effective labor (N<sub>t</sub>),5.157
93,AE: Human capital investment,Effective labor (N<sub>t</sub>),5.208
94,AE: Human capital investment,Effective labor (N<sub>t</sub>),5.258
95,AE: Human capital investment,Effective labor (N<sub>t</sub>),5.307
96,AE: Human capital investment,Effective labor (N<sub>t</sub>),5.356
97,AE: Human capital investment,Effective labor (N<sub>t</sub>),5.405
98,AE: Human capital investment,Effective labor (N<sub>t</sub>),5.453
99,AE: Human capital investment,Effective labor (N<sub>t</sub>),5.5
100,AE: Human capital investment,Effective labor (N<sub>t</sub>),5.547
1,AE: R&D spending,Effective labor (N<sub>t</sub>),0.332
2,AE: R&D spending,Effective labor (N<sub>t</sub>),-0.172
3,AE: R&D spending,Effective labor (N<sub>t</sub>),-0.197
4,AE: R&D spending,Effective labor (N<sub>t</sub>),-0.215
5,AE: R&D spending,Effective labor (N<sub>t</sub>),-0.223
6,AE: R&D spending,Effective labor (N<sub>t</sub>),-0.222
7,AE: R&D spending,Effective labor (N<sub>t</sub>),-0.213
8,AE: R&D spending,Effective labor (N<sub>t</sub>),-0.199
9,AE: R&D spending,Effective labor (N<sub>t</sub>),-0.182
10,AE: R&D spending,Effective labor (N<sub>t</sub>),-0.164
11,AE: R&D spending,Effective labor (N<sub>t</sub>),-0.144
12,AE: R&D spending,Effective labor (N<sub>t</sub>),-0.125
13,AE: R&D spending,Effective labor (N<sub>t</sub>),-0.106
14,AE: R&D spending,Effective labor (N<sub>t</sub>),-0.089
15,AE: R&D spending,Effective labor (N<sub>t</sub>),-0.072
16,AE: R&D spending,Effective labor (N<sub>t</sub>),-0.058
17,AE: R&D spending,Effective labor (N<sub>t</sub>),-0.044
18,AE: R&D spending,Effective labor (N<sub>t</sub>),-0.033
19,AE: R&D spending,Effective labor (N<sub>t</sub>),-0.023
20,AE: R&D spending,Effective labor (N<sub>t</sub>),-0.015
21,AE: R&D spending,Effective labor (N<sub>t</sub>),-0.008
22,AE: R&D spending,Effective labor (N<sub>t</sub>),-0.003
23,AE: R&D spending,Effective labor (N<sub>t</sub>),0.001
24,AE: R&D spending,Effective labor (N<sub>t</sub>),0.004
25,AE: R&D spending,Effective labor (N<sub>t</sub>),0.005
26,AE: R&D spending,Effective labor (N<sub>t</sub>),0.005
27,AE: R&D spending,Effective labor (N<sub>t</sub>),0.004
28,AE: R&D spending,Effective labor (N<sub>t</sub>),0.002
29,AE: R&D spending,Effective labor (N<sub>t</sub>),-0.001
30,AE: R&D spending,Effective labor (N<sub>t</sub>),-0.005
31,AE: R&D spending,Effective labor (N<sub>t</sub>),-0.009
32,AE: R&D spending,Effective labor (N<sub>t</sub>),-0.015
33,AE: R&D spending,Effective labor (N<sub>t</sub>),-0.021
34,AE: R&D spending,Effective labor (N<sub>t</sub>),-0.027
35,AE: R&D spending,Effective labor (N<sub>t</sub>),-0.034
36,AE: R&D spending,Effective labor (N<sub>t</sub>),-0.041
37,AE: R&D spending,Effective labor (N<sub>t</sub>),-0.049
38,AE: R&D spending,Effective labor (N<sub>t</sub>),-0.058
39,AE: R&D spending,Effective labor (N<sub>t</sub>),-0.066
40,AE: R&D spending,Effective labor (N<sub>t</sub>),-0.075
41,AE: R&D spending,Effective labor (N<sub>t</sub>),-0.084
42,AE: R&D spending,Effective labor (N<sub>t</sub>),-0.093
43,AE: R&D spending,Effective labor (N<sub>t</sub>),-0.103
44,AE: R&D spending,Effective labor (N<sub>t</sub>),-0.112
45,AE: R&D spending,Effective labor (N<sub>t</sub>),-0.122
46,AE: R&D spending,Effective labor (N<sub>t</sub>),-0.132
47,AE: R&D spending,Effective labor (N<sub>t</sub>),-0.142
48,AE: R&D spending,Effective labor (N<sub>t</sub>),-0.152
49,AE: R&D spending,Effective labor (N<sub>t</sub>),-0.162
50,AE: R&D spending,Effective labor (N<sub>t</sub>),-0.172
51,AE: R&D spending,Effective labor (N<sub>t</sub>),-0.182
52,AE: R&D spending,Effective labor (N<sub>t</sub>),-0.193
53,AE: R&D spending,Effective labor (N<sub>t</sub>),-0.203
54,AE: R&D spending,Effective labor (N<sub>t</sub>),-0.213
55,AE: R&D spending,Effective labor (N<sub>t</sub>),-0.223
56,AE: R&D spending,Effective labor (N<sub>t</sub>),-0.233
57,AE: R&D spending,Effective labor (N<sub>t</sub>),-0.243
58,AE: R&D spending,Effective labor (N<sub>t</sub>),-0.253
59,AE: R&D spending,Effective labor (N<sub>t</sub>),-0.263
60,AE: R&D spending,Effective labor (N<sub>t</sub>),-0.273
61,AE: R&D spending,Effective labor (N<sub>t</sub>),-0.283
62,AE: R&D spending,Effective labor (N<sub>t</sub>),-0.292
63,AE: R&D spending,Effective labor (N<sub>t</sub>),-0.302
64,AE: R&D spending,Effective labor (N<sub>t</sub>),-0.311
65,AE: R&D spending,Effective labor (N<sub>t</sub>),-0.321
66,AE: R&D spending,Effective labor (N<sub>t</sub>),-0.33
67,AE: R&D spending,Effective labor (N<sub>t</sub>),-0.34
68,AE: R&D spending,Effective labor (N<sub>t</sub>),-0.349
69,AE: R&D spending,Effective labor (N<sub>t</sub>),-0.358
70,AE: R&D spending,Effective labor (N<sub>t</sub>),-0.367
71,AE: R&D spending,Effective labor (N<sub>t</sub>),-0.376
72,AE: R&D spending,Effective labor (N<sub>t</sub>),-0.385
73,AE: R&D spending,Effective labor (N<sub>t</sub>),-0.393
74,AE: R&D spending,Effective labor (N<sub>t</sub>),-0.402
75,AE: R&D spending,Effective labor (N<sub>t</sub>),-0.411
76,AE: R&D spending,Effective labor (N<sub>t</sub>),-0.419
77,AE: R&D spending,Effective labor (N<sub>t</sub>),-0.427
78,AE: R&D spending,Effective labor (N<sub>t</sub>),-0.436
79,AE: R&D spending,Effective labor (N<sub>t</sub>),-0.444
80,AE: R&D spending,Effective labor (N<sub>t</sub>),-0.452
81,AE: R&D spending,Effective labor (N<sub>t</sub>),-0.46
82,AE: R&D spending,Effective labor (N<sub>t</sub>),-0.468
83,AE: R&D spending,Effective labor (N<sub>t</sub>),-0.475
84,AE: R&D spending,Effective labor (N<sub>t</sub>),-0.483
85,AE: R&D spending,Effective labor (N<sub>t</sub>),-0.491
86,AE: R&D spending,Effective labor (N<sub>t</sub>),-0.498
87,AE: R&D spending,Effective labor (N<sub>t</sub>),-0.505
88,AE: R&D spending,Effective labor (N<sub>t</sub>),-0.512
89,AE: R&D spending,Effective labor (N<sub>t</sub>),-0.519
90,AE: R&D spending,Effective labor (N<sub>t</sub>),-0.526
91,AE: R&D spending,Effective labor (N<sub>t</sub>),-0.533
92,AE: R&D spending,Effective labor (N<sub>t</sub>),-0.54
93,AE: R&D spending,Effective labor (N<sub>t</sub>),-0.546
94,AE: R&D spending,Effective labor (N<sub>t</sub>),-0.553
95,AE: R&D spending,Effective labor (N<sub>t</sub>),-0.559
96,AE: R&D spending,Effective labor (N<sub>t</sub>),-0.565
97,AE: R&D spending,Effective labor (N<sub>t</sub>),-0.571
98,AE: R&D spending,Effective labor (N<sub>t</sub>),-0.577
99,AE: R&D spending,Effective labor (N<sub>t</sub>),-0.582
100,AE: R&D spending,Effective labor (N<sub>t</sub>),-0.587
1,AE: Infrastructure investment,Education time (E<sub>t</sub>),-1.238
2,AE: Infrastructure investment,Education time (E<sub>t</sub>),-0.128
3,AE: Infrastructure investment,Education time (E<sub>t</sub>),-0.196
4,AE: Infrastructure investment,Education time (E<sub>t</sub>),-0.242
5,AE: Infrastructure investment,Education time (E<sub>t</sub>),-0.279
6,AE: Infrastructure investment,Education time (E<sub>t</sub>),-0.311
7,AE: Infrastructure investment,Education time (E<sub>t</sub>),-0.341
8,AE: Infrastructure investment,Education time (E<sub>t</sub>),-0.369
9,AE: Infrastructure investment,Education time (E<sub>t</sub>),-0.394
10,AE: Infrastructure investment,Education time (E<sub>t</sub>),-0.418
11,AE: Infrastructure investment,Education time (E<sub>t</sub>),-0.44
12,AE: Infrastructure investment,Education time (E<sub>t</sub>),-0.461
13,AE: Infrastructure investment,Education time (E<sub>t</sub>),-0.48
14,AE: Infrastructure investment,Education time (E<sub>t</sub>),-0.498
15,AE: Infrastructure investment,Education time (E<sub>t</sub>),-0.514
16,AE: Infrastructure investment,Education time (E<sub>t</sub>),-0.53
17,AE: Infrastructure investment,Education time (E<sub>t</sub>),-0.544
18,AE: Infrastructure investment,Education time (E<sub>t</sub>),-0.557
19,AE: Infrastructure investment,Education time (E<sub>t</sub>),-0.57
20,AE: Infrastructure investment,Education time (E<sub>t</sub>),-0.581
21,AE: Infrastructure investment,Education time (E<sub>t</sub>),-0.592
22,AE: Infrastructure investment,Education time (E<sub>t</sub>),-0.602
23,AE: Infrastructure investment,Education time (E<sub>t</sub>),-0.612
24,AE: Infrastructure investment,Education time (E<sub>t</sub>),-0.621
25,AE: Infrastructure investment,Education time (E<sub>t</sub>),-0.629
26,AE: Infrastructure investment,Education time (E<sub>t</sub>),-0.637
27,AE: Infrastructure investment,Education time (E<sub>t</sub>),-0.644
28,AE: Infrastructure investment,Education time (E<sub>t</sub>),-0.651
29,AE: Infrastructure investment,Education time (E<sub>t</sub>),-0.657
30,AE: Infrastructure investment,Education time (E<sub>t</sub>),-0.663
31,AE: Infrastructure investment,Education time (E<sub>t</sub>),-0.668
32,AE: Infrastructure investment,Education time (E<sub>t</sub>),-0.673
33,AE: Infrastructure investment,Education time (E<sub>t</sub>),-0.678
34,AE: Infrastructure investment,Education time (E<sub>t</sub>),-0.683
35,AE: Infrastructure investment,Education time (E<sub>t</sub>),-0.687
36,AE: Infrastructure investment,Education time (E<sub>t</sub>),-0.691
37,AE: Infrastructure investment,Education time (E<sub>t</sub>),-0.695
38,AE: Infrastructure investment,Education time (E<sub>t</sub>),-0.698
39,AE: Infrastructure investment,Education time (E<sub>t</sub>),-0.701
40,AE: Infrastructure investment,Education time (E<sub>t</sub>),-0.704
41,AE: Infrastructure investment,Education time (E<sub>t</sub>),-0.707
42,AE: Infrastructure investment,Education time (E<sub>t</sub>),-0.71
43,AE: Infrastructure investment,Education time (E<sub>t</sub>),-0.712
44,AE: Infrastructure investment,Education time (E<sub>t</sub>),-0.714
45,AE: Infrastructure investment,Education time (E<sub>t</sub>),-0.717
46,AE: Infrastructure investment,Education time (E<sub>t</sub>),-0.719
47,AE: Infrastructure investment,Education time (E<sub>t</sub>),-0.72
48,AE: Infrastructure investment,Education time (E<sub>t</sub>),-0.722
49,AE: Infrastructure investment,Education time (E<sub>t</sub>),-0.724
50,AE: Infrastructure investment,Education time (E<sub>t</sub>),-0.725
51,AE: Infrastructure investment,Education time (E<sub>t</sub>),-0.726
52,AE: Infrastructure investment,Education time (E<sub>t</sub>),-0.728
53,AE: Infrastructure investment,Education time (E<sub>t</sub>),-0.729
54,AE: Infrastructure investment,Education time (E<sub>t</sub>),-0.73
55,AE: Infrastructure investment,Education time (E<sub>t</sub>),-0.731
56,AE: Infrastructure investment,Education time (E<sub>t</sub>),-0.731
57,AE: Infrastructure investment,Education time (E<sub>t</sub>),-0.732
58,AE: Infrastructure investment,Education time (E<sub>t</sub>),-0.733
59,AE: Infrastructure investment,Education time (E<sub>t</sub>),-0.733
60,AE: Infrastructure investment,Education time (E<sub>t</sub>),-0.734
61,AE: Infrastructure investment,Education time (E<sub>t</sub>),-0.734
62,AE: Infrastructure investment,Education time (E<sub>t</sub>),-0.734
63,AE: Infrastructure investment,Education time (E<sub>t</sub>),-0.734
64,AE: Infrastructure investment,Education time (E<sub>t</sub>),-0.735
65,AE: Infrastructure investment,Education time (E<sub>t</sub>),-0.735
66,AE: Infrastructure investment,Education time (E<sub>t</sub>),-0.735
67,AE: Infrastructure investment,Education time (E<sub>t</sub>),-0.735
68,AE: Infrastructure investment,Education time (E<sub>t</sub>),-0.734
69,AE: Infrastructure investment,Education time (E<sub>t</sub>),-0.734
70,AE: Infrastructure investment,Education time (E<sub>t</sub>),-0.734
71,AE: Infrastructure investment,Education time (E<sub>t</sub>),-0.734
72,AE: Infrastructure investment,Education time (E<sub>t</sub>),-0.733
73,AE: Infrastructure investment,Education time (E<sub>t</sub>),-0.733
74,AE: Infrastructure investment,Education time (E<sub>t</sub>),-0.733
75,AE: Infrastructure investment,Education time (E<sub>t</sub>),-0.732
76,AE: Infrastructure investment,Education time (E<sub>t</sub>),-0.732
77,AE: Infrastructure investment,Education time (E<sub>t</sub>),-0.731
78,AE: Infrastructure investment,Education time (E<sub>t</sub>),-0.731
79,AE: Infrastructure investment,Education time (E<sub>t</sub>),-0.731
80,AE: Infrastructure investment,Education time (E<sub>t</sub>),-0.73
81,AE: Infrastructure investment,Education time (E<sub>t</sub>),-0.73
82,AE: Infrastructure investment,Education time (E<sub>t</sub>),-0.729
83,AE: Infrastructure investment,Education time (E<sub>t</sub>),-0.729
84,AE: Infrastructure investment,Education time (E<sub>t</sub>),-0.729
85,AE: Infrastructure investment,Education time (E<sub>t</sub>),-0.729
86,AE: Infrastructure investment,Education time (E<sub>t</sub>),-0.729
87,AE: Infrastructure investment,Education time (E<sub>t</sub>),-0.729
88,AE: Infrastructure investment,Education time (E<sub>t</sub>),-0.729
89,AE: Infrastructure investment,Education time (E<sub>t</sub>),-0.729
90,AE: Infrastructure investment,Education time (E<sub>t</sub>),-0.73
91,AE: Infrastructure investment,Education time (E<sub>t</sub>),-0.73
92,AE: Infrastructure investment,Education time (E<sub>t</sub>),-0.731
93,AE: Infrastructure investment,Education time (E<sub>t</sub>),-0.732
94,AE: Infrastructure investment,Education time (E<sub>t</sub>),-0.734
95,AE: Infrastructure investment,Education time (E<sub>t</sub>),-0.735
96,AE: Infrastructure investment,Education time (E<sub>t</sub>),-0.737
97,AE: Infrastructure investment,Education time (E<sub>t</sub>),-0.74
98,AE: Infrastructure investment,Education time (E<sub>t</sub>),-0.742
99,AE: Infrastructure investment,Education time (E<sub>t</sub>),-0.745
100,AE: Infrastructure investment,Education time (E<sub>t</sub>),-0.749
1,AE: Human capital investment,Education time (E<sub>t</sub>),-4.557
2,AE: Human capital investment,Education time (E<sub>t</sub>),-3.148
3,AE: Human capital investment,Education time (E<sub>t</sub>),-2.955
4,AE: Human capital investment,Education time (E<sub>t</sub>),-2.732
5,AE: Human capital investment,Education time (E<sub>t</sub>),-2.513
6,AE: Human capital investment,Education time (E<sub>t</sub>),-2.308
7,AE: Human capital investment,Education time (E<sub>t</sub>),-2.118
8,AE: Human capital investment,Education time (E<sub>t</sub>),-1.943
9,AE: Human capital investment,Education time (E<sub>t</sub>),-1.781
10,AE: Human capital investment,Education time (E<sub>t</sub>),-1.633
11,AE: Human capital investment,Education time (E<sub>t</sub>),-1.497
12,AE: Human capital investment,Education time (E<sub>t</sub>),-1.372
13,AE: Human capital investment,Education time (E<sub>t</sub>),-1.258
14,AE: Human capital investment,Education time (E<sub>t</sub>),-1.153
15,AE: Human capital investment,Education time (E<sub>t</sub>),-1.057
16,AE: Human capital investment,Education time (E<sub>t</sub>),-0.97
17,AE: Human capital investment,Education time (E<sub>t</sub>),-0.89
18,AE: Human capital investment,Education time (E<sub>t</sub>),-0.817
19,AE: Human capital investment,Education time (E<sub>t</sub>),-0.751
20,AE: Human capital investment,Education time (E<sub>t</sub>),-0.692
21,AE: Human capital investment,Education time (E<sub>t</sub>),-0.638
22,AE: Human capital investment,Education time (E<sub>t</sub>),-0.589
23,AE: Human capital investment,Education time (E<sub>t</sub>),-0.545
24,AE: Human capital investment,Education time (E<sub>t</sub>),-0.506
25,AE: Human capital investment,Education time (E<sub>t</sub>),-0.471
26,AE: Human capital investment,Education time (E<sub>t</sub>),-0.44
27,AE: Human capital investment,Education time (E<sub>t</sub>),-0.413
28,AE: Human capital investment,Education time (E<sub>t</sub>),-0.389
29,AE: Human capital investment,Education time (E<sub>t</sub>),-0.369
30,AE: Human capital investment,Education time (E<sub>t</sub>),-0.351
31,AE: Human capital investment,Education time (E<sub>t</sub>),-0.336
32,AE: Human capital investment,Education time (E<sub>t</sub>),-0.323
33,AE: Human capital investment,Education time (E<sub>t</sub>),-0.313
34,AE: Human capital investment,Education time (E<sub>t</sub>),-0.304
35,AE: Human capital investment,Education time (E<sub>t</sub>),-0.298
36,AE: Human capital investment,Education time (E<sub>t</sub>),-0.293
37,AE: Human capital investment,Education time (E<sub>t</sub>),-0.29
38,AE: Human capital investment,Education time (E<sub>t</sub>),-0.289
39,AE: Human capital investment,Education time (E<sub>t</sub>),-0.289
40,AE: Human capital investment,Education time (E<sub>t</sub>),-0.29
41,AE: Human capital investment,Education time (E<sub>t</sub>),-0.293
42,AE: Human capital investment,Education time (E<sub>t</sub>),-0.296
43,AE: Human capital investment,Education time (E<sub>t</sub>),-0.301
44,AE: Human capital investment,Education time (E<sub>t</sub>),-0.306
45,AE: Human capital investment,Education time (E<sub>t</sub>),-0.312
46,AE: Human capital investment,Education time (E<sub>t</sub>),-0.319
47,AE: Human capital investment,Education time (E<sub>t</sub>),-0.326
48,AE: Human capital investment,Education time (E<sub>t</sub>),-0.334
49,AE: Human capital investment,Education time (E<sub>t</sub>),-0.343
50,AE: Human capital investment,Education time (E<sub>t</sub>),-0.352
51,AE: Human capital investment,Education time (E<sub>t</sub>),-0.361
52,AE: Human capital investment,Education time (E<sub>t</sub>),-0.371
53,AE: Human capital investment,Education time (E<sub>t</sub>),-0.38
54,AE: Human capital investment,Education time (E<sub>t</sub>),-0.391
55,AE: Human capital investment,Education time (E<sub>t</sub>),-0.401
56,AE: Human capital investment,Education time (E<sub>t</sub>),-0.412
57,AE: Human capital investment,Education time (E<sub>t</sub>),-0.422
58,AE: Human capital investment,Education time (E<sub>t</sub>),-0.433
59,AE: Human capital investment,Education time (E<sub>t</sub>),-0.444
60,AE: Human capital investment,Education time (E<sub>t</sub>),-0.455
61,AE: Human capital investment,Education time (E<sub>t</sub>),-0.466
62,AE: Human capital investment,Education time (E<sub>t</sub>),-0.476
63,AE: Human capital investment,Education time (E<sub>t</sub>),-0.487
64,AE: Human capital investment,Education time (E<sub>t</sub>),-0.498
65,AE: Human capital investment,Education time (E<sub>t</sub>),-0.509
66,AE: Human capital investment,Education time (E<sub>t</sub>),-0.519
67,AE: Human capital investment,Education time (E<sub>t</sub>),-0.529
68,AE: Human capital investment,Education time (E<sub>t</sub>),-0.54
69,AE: Human capital investment,Education time (E<sub>t</sub>),-0.55
70,AE: Human capital investment,Education time (E<sub>t</sub>),-0.56
71,AE: Human capital investment,Education time (E<sub>t</sub>),-0.569
72,AE: Human capital investment,Education time (E<sub>t</sub>),-0.579
73,AE: Human capital investment,Education time (E<sub>t</sub>),-0.588
74,AE: Human capital investment,Education time (E<sub>t</sub>),-0.597
75,AE: Human capital investment,Education time (E<sub>t</sub>),-0.606
76,AE: Human capital investment,Education time (E<sub>t</sub>),-0.614
77,AE: Human capital investment,Education time (E<sub>t</sub>),-0.622
78,AE: Human capital investment,Education time (E<sub>t</sub>),-0.63
79,AE: Human capital investment,Education time (E<sub>t</sub>),-0.638
80,AE: Human capital investment,Education time (E<sub>t</sub>),-0.645
81,AE: Human capital investment,Education time (E<sub>t</sub>),-0.652
82,AE: Human capital investment,Education time (E<sub>t</sub>),-0.659
83,AE: Human capital investment,Education time (E<sub>t</sub>),-0.665
84,AE: Human capital investment,Education time (E<sub>t</sub>),-0.671
85,AE: Human capital investment,Education time (E<sub>t</sub>),-0.676
86,AE: Human capital investment,Education time (E<sub>t</sub>),-0.682
87,AE: Human capital investment,Education time (E<sub>t</sub>),-0.686
88,AE: Human capital investment,Education time (E<sub>t</sub>),-0.691
89,AE: Human capital investment,Education time (E<sub>t</sub>),-0.695
90,AE: Human capital investment,Education time (E<sub>t</sub>),-0.698
91,AE: Human capital investment,Education time (E<sub>t</sub>),-0.702
92,AE: Human capital investment,Education time (E<sub>t</sub>),-0.704
93,AE: Human capital investment,Education time (E<sub>t</sub>),-0.707
94,AE: Human capital investment,Education time (E<sub>t</sub>),-0.709
95,AE: Human capital investment,Education time (E<sub>t</sub>),-0.71
96,AE: Human capital investment,Education time (E<sub>t</sub>),-0.711
97,AE: Human capital investment,Education time (E<sub>t</sub>),-0.711
98,AE: Human capital investment,Education time (E<sub>t</sub>),-0.711
99,AE: Human capital investment,Education time (E<sub>t</sub>),-0.711
100,AE: Human capital investment,Education time (E<sub>t</sub>),-0.71
1,AE: R&D spending,Education time (E<sub>t</sub>),-1.013
2,AE: R&D spending,Education time (E<sub>t</sub>),-0.219
3,AE: R&D spending,Education time (E<sub>t</sub>),-0.182
4,AE: R&D spending,Education time (E<sub>t</sub>),-0.154
5,AE: R&D spending,Education time (E<sub>t</sub>),-0.142
6,AE: R&D spending,Education time (E<sub>t</sub>),-0.145
7,AE: R&D spending,Education time (E<sub>t</sub>),-0.16
8,AE: R&D spending,Education time (E<sub>t</sub>),-0.184
9,AE: R&D spending,Education time (E<sub>t</sub>),-0.214
10,AE: R&D spending,Education time (E<sub>t</sub>),-0.247
11,AE: R&D spending,Education time (E<sub>t</sub>),-0.283
12,AE: R&D spending,Education time (E<sub>t</sub>),-0.32
13,AE: R&D spending,Education time (E<sub>t</sub>),-0.358
14,AE: R&D spending,Education time (E<sub>t</sub>),-0.394
15,AE: R&D spending,Education time (E<sub>t</sub>),-0.43
16,AE: R&D spending,Education time (E<sub>t</sub>),-0.464
17,AE: R&D spending,Education time (E<sub>t</sub>),-0.497
18,AE: R&D spending,Education time (E<sub>t</sub>),-0.528
19,AE: R&D spending,Education time (E<sub>t</sub>),-0.557
20,AE: R&D spending,Education time (E<sub>t</sub>),-0.584
21,AE: R&D spending,Education time (E<sub>t</sub>),-0.61
22,AE: R&D spending,Education time (E<sub>t</sub>),-0.633
23,AE: R&D spending,Education time (E<sub>t</sub>),-0.655
24,AE: R&D spending,Education time (E<sub>t</sub>),-0.676
25,AE: R&D spending,Education time (E<sub>t</sub>),-0.695
26,AE: R&D spending,Education time (E<sub>t</sub>),-0.712
27,AE: R&D spending,Education time (E<sub>t</sub>),-0.728
28,AE: R&D spending,Education time (E<sub>t</sub>),-0.743
29,AE: R&D spending,Education time (E<sub>t</sub>),-0.756
30,AE: R&D spending,Education time (E<sub>t</sub>),-0.769
31,AE: R&D spending,Education time (E<sub>t</sub>),-0.78
32,AE: R&D spending,Education time (E<sub>t</sub>),-0.79
33,AE: R&D spending,Education time (E<sub>t</sub>),-0.799
34,AE: R&D spending,Education time (E<sub>t</sub>),-0.808
35,AE: R&D spending,Education time (E<sub>t</sub>),-0.816
36,AE: R&D spending,Education time (E<sub>t</sub>),-0.822
37,AE: R&D spending,Education time (E<sub>t</sub>),-0.829
38,AE: R&D spending,Education time (E<sub>t</sub>),-0.834
39,AE: R&D spending,Education time (E<sub>t</sub>),-0.839
40,AE: R&D spending,Education time (E<sub>t</sub>),-0.844
41,AE: R&D spending,Education time (E<sub>t</sub>),-0.848
42,AE: R&D spending,Education time (E<sub>t</sub>),-0.851
43,AE: R&D spending,Education time (E<sub>t</sub>),-0.854
44,AE: R&D spending,Education time (E<sub>t</sub>),-0.857
45,AE: R&D spending,Education time (E<sub>t</sub>),-0.859
46,AE: R&D spending,Education time (E<sub>t</sub>),-0.861
47,AE: R&D spending,Education time (E<sub>t</sub>),-0.863
48,AE: R&D spending,Education time (E<sub>t</sub>),-0.865
49,AE: R&D spending,Education time (E<sub>t</sub>),-0.866
50,AE: R&D spending,Education time (E<sub>t</sub>),-0.867
51,AE: R&D spending,Education time (E<sub>t</sub>),-0.867
52,AE: R&D spending,Education time (E<sub>t</sub>),-0.868
53,AE: R&D spending,Education time (E<sub>t</sub>),-0.868
54,AE: R&D spending,Education time (E<sub>t</sub>),-0.869
55,AE: R&D spending,Education time (E<sub>t</sub>),-0.869
56,AE: R&D spending,Education time (E<sub>t</sub>),-0.869
57,AE: R&D spending,Education time (E<sub>t</sub>),-0.868
58,AE: R&D spending,Education time (E<sub>t</sub>),-0.868
59,AE: R&D spending,Education time (E<sub>t</sub>),-0.868
60,AE: R&D spending,Education time (E<sub>t</sub>),-0.867
61,AE: R&D spending,Education time (E<sub>t</sub>),-0.866
62,AE: R&D spending,Education time (E<sub>t</sub>),-0.866
63,AE: R&D spending,Education time (E<sub>t</sub>),-0.865
64,AE: R&D spending,Education time (E<sub>t</sub>),-0.864
65,AE: R&D spending,Education time (E<sub>t</sub>),-0.863
66,AE: R&D spending,Education time (E<sub>t</sub>),-0.862
67,AE: R&D spending,Education time (E<sub>t</sub>),-0.861
68,AE: R&D spending,Education time (E<sub>t</sub>),-0.86
69,AE: R&D spending,Education time (E<sub>t</sub>),-0.859
70,AE: R&D spending,Education time (E<sub>t</sub>),-0.858
71,AE: R&D spending,Education time (E<sub>t</sub>),-0.857
72,AE: R&D spending,Education time (E<sub>t</sub>),-0.855
73,AE: R&D spending,Education time (E<sub>t</sub>),-0.854
74,AE: R&D spending,Education time (E<sub>t</sub>),-0.853
75,AE: R&D spending,Education time (E<sub>t</sub>),-0.851
76,AE: R&D spending,Education time (E<sub>t</sub>),-0.85
77,AE: R&D spending,Education time (E<sub>t</sub>),-0.849
78,AE: R&D spending,Education time (E<sub>t</sub>),-0.847
79,AE: R&D spending,Education time (E<sub>t</sub>),-0.846
80,AE: R&D spending,Education time (E<sub>t</sub>),-0.844
81,AE: R&D spending,Education time (E<sub>t</sub>),-0.843
82,AE: R&D spending,Education time (E<sub>t</sub>),-0.842
83,AE: R&D spending,Education time (E<sub>t</sub>),-0.84
84,AE: R&D spending,Education time (E<sub>t</sub>),-0.839
85,AE: R&D spending,Education time (E<sub>t</sub>),-0.837
86,AE: R&D spending,Education time (E<sub>t</sub>),-0.836
87,AE: R&D spending,Education time (E<sub>t</sub>),-0.835
88,AE: R&D spending,Education time (E<sub>t</sub>),-0.833
89,AE: R&D spending,Education time (E<sub>t</sub>),-0.832
90,AE: R&D spending,Education time (E<sub>t</sub>),-0.831
91,AE: R&D spending,Education time (E<sub>t</sub>),-0.83
92,AE: R&D spending,Education time (E<sub>t</sub>),-0.829
93,AE: R&D spending,Education time (E<sub>t</sub>),-0.828
94,AE: R&D spending,Education time (E<sub>t</sub>),-0.827
95,AE: R&D spending,Education time (E<sub>t</sub>),-0.826
96,AE: R&D spending,Education time (E<sub>t</sub>),-0.826
97,AE: R&D spending,Education time (E<sub>t</sub>),-0.825
98,AE: R&D spending,Education time (E<sub>t</sub>),-0.825
99,AE: R&D spending,Education time (E<sub>t</sub>),-0.825
100,AE: R&D spending,Education time (E<sub>t</sub>),-0.825
1,AE: Infrastructure investment,Real marginal cost (mc<sub>t</sub>),0.745
2,AE: Infrastructure investment,Real marginal cost (mc<sub>t</sub>),-0.061
3,AE: Infrastructure investment,Real marginal cost (mc<sub>t</sub>),-0.039
4,AE: Infrastructure investment,Real marginal cost (mc<sub>t</sub>),-0.031
5,AE: Infrastructure investment,Real marginal cost (mc<sub>t</sub>),-0.027
6,AE: Infrastructure investment,Real marginal cost (mc<sub>t</sub>),-0.025
7,AE: Infrastructure investment,Real marginal cost (mc<sub>t</sub>),-0.023
8,AE: Infrastructure investment,Real marginal cost (mc<sub>t</sub>),-0.022
9,AE: Infrastructure investment,Real marginal cost (mc<sub>t</sub>),-0.021
10,AE: Infrastructure investment,Real marginal cost (mc<sub>t</sub>),-0.019
11,AE: Infrastructure investment,Real marginal cost (mc<sub>t</sub>),-0.018
12,AE: Infrastructure investment,Real marginal cost (mc<sub>t</sub>),-0.017
13,AE: Infrastructure investment,Real marginal cost (mc<sub>t</sub>),-0.016
14,AE: Infrastructure investment,Real marginal cost (mc<sub>t</sub>),-0.015
15,AE: Infrastructure investment,Real marginal cost (mc<sub>t</sub>),-0.014
16,AE: Infrastructure investment,Real marginal cost (mc<sub>t</sub>),-0.013
17,AE: Infrastructure investment,Real marginal cost (mc<sub>t</sub>),-0.013
18,AE: Infrastructure investment,Real marginal cost (mc<sub>t</sub>),-0.012
19,AE: Infrastructure investment,Real marginal cost (mc<sub>t</sub>),-0.011
20,AE: Infrastructure investment,Real marginal cost (mc<sub>t</sub>),-0.01
21,AE: Infrastructure investment,Real marginal cost (mc<sub>t</sub>),-0.01
22,AE: Infrastructure investment,Real marginal cost (mc<sub>t</sub>),-0.009
23,AE: Infrastructure investment,Real marginal cost (mc<sub>t</sub>),-0.009
24,AE: Infrastructure investment,Real marginal cost (mc<sub>t</sub>),-0.008
25,AE: Infrastructure investment,Real marginal cost (mc<sub>t</sub>),-0.008
26,AE: Infrastructure investment,Real marginal cost (mc<sub>t</sub>),-0.007
27,AE: Infrastructure investment,Real marginal cost (mc<sub>t</sub>),-0.007
28,AE: Infrastructure investment,Real marginal cost (mc<sub>t</sub>),-0.007
29,AE: Infrastructure investment,Real marginal cost (mc<sub>t</sub>),-0.006
30,AE: Infrastructure investment,Real marginal cost (mc<sub>t</sub>),-0.006
31,AE: Infrastructure investment,Real marginal cost (mc<sub>t</sub>),-0.006
32,AE: Infrastructure investment,Real marginal cost (mc<sub>t</sub>),-0.005
33,AE: Infrastructure investment,Real marginal cost (mc<sub>t</sub>),-0.005
34,AE: Infrastructure investment,Real marginal cost (mc<sub>t</sub>),-0.005
35,AE: Infrastructure investment,Real marginal cost (mc<sub>t</sub>),-0.004
36,AE: Infrastructure investment,Real marginal cost (mc<sub>t</sub>),-0.004
37,AE: Infrastructure investment,Real marginal cost (mc<sub>t</sub>),-0.004
38,AE: Infrastructure investment,Real marginal cost (mc<sub>t</sub>),-0.004
39,AE: Infrastructure investment,Real marginal cost (mc<sub>t</sub>),-0.003
40,AE: Infrastructure investment,Real marginal cost (mc<sub>t</sub>),-0.003
41,AE: Infrastructure investment,Real marginal cost (mc<sub>t</sub>),-0.003
42,AE: Infrastructure investment,Real marginal cost (mc<sub>t</sub>),-0.003
43,AE: Infrastructure investment,Real marginal cost (mc<sub>t</sub>),-0.003
44,AE: Infrastructure investment,Real marginal cost (mc<sub>t</sub>),-0.003
45,AE: Infrastructure investment,Real marginal cost (mc<sub>t</sub>),-0.002
46,AE: Infrastructure investment,Real marginal cost (mc<sub>t</sub>),-0.002
47,AE: Infrastructure investment,Real marginal cost (mc<sub>t</sub>),-0.002
48,AE: Infrastructure investment,Real marginal cost (mc<sub>t</sub>),-0.002
49,AE: Infrastructure investment,Real marginal cost (mc<sub>t</sub>),-0.002
50,AE: Infrastructure investment,Real marginal cost (mc<sub>t</sub>),-0.002
51,AE: Infrastructure investment,Real marginal cost (mc<sub>t</sub>),-0.002
52,AE: Infrastructure investment,Real marginal cost (mc<sub>t</sub>),-0.001
53,AE: Infrastructure investment,Real marginal cost (mc<sub>t</sub>),-0.001
54,AE: Infrastructure investment,Real marginal cost (mc<sub>t</sub>),-0.001
55,AE: Infrastructure investment,Real marginal cost (mc<sub>t</sub>),-0.001
56,AE: Infrastructure investment,Real marginal cost (mc<sub>t</sub>),-0.001
57,AE: Infrastructure investment,Real marginal cost (mc<sub>t</sub>),-0.001
58,AE: Infrastructure investment,Real marginal cost (mc<sub>t</sub>),-0.001
59,AE: Infrastructure investment,Real marginal cost (mc<sub>t</sub>),-0.001
60,AE: Infrastructure investment,Real marginal cost (mc<sub>t</sub>),-0.001
61,AE: Infrastructure investment,Real marginal cost (mc<sub>t</sub>),-0.0
62,AE: Infrastructure investment,Real marginal cost (mc<sub>t</sub>),-0.0
63,AE: Infrastructure investment,Real marginal cost (mc<sub>t</sub>),-0.0
64,AE: Infrastructure investment,Real marginal cost (mc<sub>t</sub>),-0.0
65,AE: Infrastructure investment,Real marginal cost (mc<sub>t</sub>),-0.0
66,AE: Infrastructure investment,Real marginal cost (mc<sub>t</sub>),0.0
67,AE: Infrastructure investment,Real marginal cost (mc<sub>t</sub>),0.0
68,AE: Infrastructure investment,Real marginal cost (mc<sub>t</sub>),0.0
69,AE: Infrastructure investment,Real marginal cost (mc<sub>t</sub>),0.0
70,AE: Infrastructure investment,Real marginal cost (mc<sub>t</sub>),0.0
71,AE: Infrastructure investment,Real marginal cost (mc<sub>t</sub>),0.001
72,AE: Infrastructure investment,Real marginal cost (mc<sub>t</sub>),0.001
73,AE: Infrastructure investment,Real marginal cost (mc<sub>t</sub>),0.001
74,AE: Infrastructure investment,Real marginal cost (mc<sub>t</sub>),0.001
75,AE: Infrastructure investment,Real marginal cost (mc<sub>t</sub>),0.001
76,AE: Infrastructure investment,Real marginal cost (mc<sub>t</sub>),0.001
77,AE: Infrastructure investment,Real marginal cost (mc<sub>t</sub>),0.001
78,AE: Infrastructure investment,Real marginal cost (mc<sub>t</sub>),0.001
79,AE: Infrastructure investment,Real marginal cost (mc<sub>t</sub>),0.002
80,AE: Infrastructure investment,Real marginal cost (mc<sub>t</sub>),0.002
81,AE: Infrastructure investment,Real marginal cost (mc<sub>t</sub>),0.002
82,AE: Infrastructure investment,Real marginal cost (mc<sub>t</sub>),0.002
83,AE: Infrastructure investment,Real marginal cost (mc<sub>t</sub>),0.002
84,AE: Infrastructure investment,Real marginal cost (mc<sub>t</sub>),0.002
85,AE: Infrastructure investment,Real marginal cost (mc<sub>t</sub>),0.002
86,AE: Infrastructure investment,Real marginal cost (mc<sub>t</sub>),0.003
87,AE: Infrastructure investment,Real marginal cost (mc<sub>t</sub>),0.003
88,AE: Infrastructure investment,Real marginal cost (mc<sub>t</sub>),0.003
89,AE: Infrastructure investment,Real marginal cost (mc<sub>t</sub>),0.003
90,AE: Infrastructure investment,Real marginal cost (mc<sub>t</sub>),0.004
91,AE: Infrastructure investment,Real marginal cost (mc<sub>t</sub>),0.004
92,AE: Infrastructure investment,Real marginal cost (mc<sub>t</sub>),0.004
93,AE: Infrastructure investment,Real marginal cost (mc<sub>t</sub>),0.004
94,AE: Infrastructure investment,Real marginal cost (mc<sub>t</sub>),0.005
95,AE: Infrastructure investment,Real marginal cost (mc<sub>t</sub>),0.005
96,AE: Infrastructure investment,Real marginal cost (mc<sub>t</sub>),0.006
97,AE: Infrastructure investment,Real marginal cost (mc<sub>t</sub>),0.006
98,AE: Infrastructure investment,Real marginal cost (mc<sub>t</sub>),0.006
99,AE: Infrastructure investment,Real marginal cost (mc<sub>t</sub>),0.007
100,AE: Infrastructure investment,Real marginal cost (mc<sub>t</sub>),0.007
1,AE: Human capital investment,Real marginal cost (mc<sub>t</sub>),0.717
2,AE: Human capital investment,Real marginal cost (mc<sub>t</sub>),-0.088
3,AE: Human capital investment,Real marginal cost (mc<sub>t</sub>),-0.04
4,AE: Human capital investment,Real marginal cost (mc<sub>t</sub>),-0.028
5,AE: Human capital investment,Real marginal cost (mc<sub>t</sub>),-0.026
6,AE: Human capital investment,Real marginal cost (mc<sub>t</sub>),-0.026
7,AE: Human capital investment,Real marginal cost (mc<sub>t</sub>),-0.028
8,AE: Human capital investment,Real marginal cost (mc<sub>t</sub>),-0.03
9,AE: Human capital investment,Real marginal cost (mc<sub>t</sub>),-0.031
10,AE: Human capital investment,Real marginal cost (mc<sub>t</sub>),-0.032
11,AE: Human capital investment,Real marginal cost (mc<sub>t</sub>),-0.034
12,AE: Human capital investment,Real marginal cost (mc<sub>t</sub>),-0.035
13,AE: Human capital investment,Real marginal cost (mc<sub>t</sub>),-0.035
14,AE: Human capital investment,Real marginal cost (mc<sub>t</sub>),-0.036
15,AE: Human capital investment,Real marginal cost (mc<sub>t</sub>),-0.036
16,AE: Human capital investment,Real marginal cost (mc<sub>t</sub>),-0.037
17,AE: Human capital investment,Real marginal cost (mc<sub>t</sub>),-0.037
18,AE: Human capital investment,Real marginal cost (mc<sub>t</sub>),-0.037
19,AE: Human capital investment,Real marginal cost (mc<sub>t</sub>),-0.037
20,AE: Human capital investment,Real marginal cost (mc<sub>t</sub>),-0.037
21,AE: Human capital investment,Real marginal cost (mc<sub>t</sub>),-0.037
22,AE: Human capital investment,Real marginal cost (mc<sub>t</sub>),-0.037
23,AE: Human capital investment,Real marginal cost (mc<sub>t</sub>),-0.037
24,AE: Human capital investment,Real marginal cost (mc<sub>t</sub>),-0.037
25,AE: Human capital investment,Real marginal cost (mc<sub>t</sub>),-0.036
26,AE: Human capital investment,Real marginal cost (mc<sub>t</sub>),-0.036
27,AE: Human capital investment,Real marginal cost (mc<sub>t</sub>),-0.036
28,AE: Human capital investment,Real marginal cost (mc<sub>t</sub>),-0.035
29,AE: Human capital investment,Real marginal cost (mc<sub>t</sub>),-0.035
30,AE: Human capital investment,Real marginal cost (mc<sub>t</sub>),-0.034
31,AE: Human capital investment,Real marginal cost (mc<sub>t</sub>),-0.034
32,AE: Human capital investment,Real marginal cost (mc<sub>t</sub>),-0.033
33,AE: Human capital investment,Real marginal cost (mc<sub>t</sub>),-0.033
34,AE: Human capital investment,Real marginal cost (mc<sub>t</sub>),-0.032
35,AE: Human capital investment,Real marginal cost (mc<sub>t</sub>),-0.032
36,AE: Human capital investment,Real marginal cost (mc<sub>t</sub>),-0.031
37,AE: Human capital investment,Real marginal cost (mc<sub>t</sub>),-0.03
38,AE: Human capital investment,Real marginal cost (mc<sub>t</sub>),-0.03
39,AE: Human capital investment,Real marginal cost (mc<sub>t</sub>),-0.029
40,AE: Human capital investment,Real marginal cost (mc<sub>t</sub>),-0.029
41,AE: Human capital investment,Real marginal cost (mc<sub>t</sub>),-0.028
42,AE: Human capital investment,Real marginal cost (mc<sub>t</sub>),-0.027
43,AE: Human capital investment,Real marginal cost (mc<sub>t</sub>),-0.027
44,AE: Human capital investment,Real marginal cost (mc<sub>t</sub>),-0.026
45,AE: Human capital investment,Real marginal cost (mc<sub>t</sub>),-0.026
46,AE: Human capital investment,Real marginal cost (mc<sub>t</sub>),-0.025
47,AE: Human capital investment,Real marginal cost (mc<sub>t</sub>),-0.024
48,AE: Human capital investment,Real marginal cost (mc<sub>t</sub>),-0.024
49,AE: Human capital investment,Real marginal cost (mc<sub>t</sub>),-0.023
50,AE: Human capital investment,Real marginal cost (mc<sub>t</sub>),-0.023
51,AE: Human capital investment,Real marginal cost (mc<sub>t</sub>),-0.022
52,AE: Human capital investment,Real marginal cost (mc<sub>t</sub>),-0.022
53,AE: Human capital investment,Real marginal cost (mc<sub>t</sub>),-0.021
54,AE: Human capital investment,Real marginal cost (mc<sub>t</sub>),-0.02
55,AE: Human capital investment,Real marginal cost (mc<sub>t</sub>),-0.02
56,AE: Human capital investment,Real marginal cost (mc<sub>t</sub>),-0.019
57,AE: Human capital investment,Real marginal cost (mc<sub>t</sub>),-0.019
58,AE: Human capital investment,Real marginal cost (mc<sub>t</sub>),-0.018
59,AE: Human capital investment,Real marginal cost (mc<sub>t</sub>),-0.018
60,AE: Human capital investment,Real marginal cost (mc<sub>t</sub>),-0.017
61,AE: Human capital investment,Real marginal cost (mc<sub>t</sub>),-0.017
62,AE: Human capital investment,Real marginal cost (mc<sub>t</sub>),-0.016
63,AE: Human capital investment,Real marginal cost (mc<sub>t</sub>),-0.016
64,AE: Human capital investment,Real marginal cost (mc<sub>t</sub>),-0.015
65,AE: Human capital investment,Real marginal cost (mc<sub>t</sub>),-0.015
66,AE: Human capital investment,Real marginal cost (mc<sub>t</sub>),-0.014
67,AE: Human capital investment,Real marginal cost (mc<sub>t</sub>),-0.014
68,AE: Human capital investment,Real marginal cost (mc<sub>t</sub>),-0.013
69,AE: Human capital investment,Real marginal cost (mc<sub>t</sub>),-0.013
70,AE: Human capital investment,Real marginal cost (mc<sub>t</sub>),-0.012
71,AE: Human capital investment,Real marginal cost (mc<sub>t</sub>),-0.012
72,AE: Human capital investment,Real marginal cost (mc<sub>t</sub>),-0.012
73,AE: Human capital investment,Real marginal cost (mc<sub>t</sub>),-0.011
74,AE: Human capital investment,Real marginal cost (mc<sub>t</sub>),-0.011
75,AE: Human capital investment,Real marginal cost (mc<sub>t</sub>),-0.01
76,AE: Human capital investment,Real marginal cost (mc<sub>t</sub>),-0.01
77,AE: Human capital investment,Real marginal cost (mc<sub>t</sub>),-0.01
78,AE: Human capital investment,Real marginal cost (mc<sub>t</sub>),-0.009
79,AE: Human capital investment,Real marginal cost (mc<sub>t</sub>),-0.009
80,AE: Human capital investment,Real marginal cost (mc<sub>t</sub>),-0.008
81,AE: Human capital investment,Real marginal cost (mc<sub>t</sub>),-0.008
82,AE: Human capital investment,Real marginal cost (mc<sub>t</sub>),-0.008
83,AE: Human capital investment,Real marginal cost (mc<sub>t</sub>),-0.007
84,AE: Human capital investment,Real marginal cost (mc<sub>t</sub>),-0.007
85,AE: Human capital investment,Real marginal cost (mc<sub>t</sub>),-0.007
86,AE: Human capital investment,Real marginal cost (mc<sub>t</sub>),-0.006
87,AE: Human capital investment,Real marginal cost (mc<sub>t</sub>),-0.006
88,AE: Human capital investment,Real marginal cost (mc<sub>t</sub>),-0.006
89,AE: Human capital investment,Real marginal cost (mc<sub>t</sub>),-0.006
90,AE: Human capital investment,Real marginal cost (mc<sub>t</sub>),-0.005
91,AE: Human capital investment,Real marginal cost (mc<sub>t</sub>),-0.005
92,AE: Human capital investment,Real marginal cost (mc<sub>t</sub>),-0.005
93,AE: Human capital investment,Real marginal cost (mc<sub>t</sub>),-0.004
94,AE: Human capital investment,Real marginal cost (mc<sub>t</sub>),-0.004
95,AE: Human capital investment,Real marginal cost (mc<sub>t</sub>),-0.004
96,AE: Human capital investment,Real marginal cost (mc<sub>t</sub>),-0.004
97,AE: Human capital investment,Real marginal cost (mc<sub>t</sub>),-0.004
98,AE: Human capital investment,Real marginal cost (mc<sub>t</sub>),-0.003
99,AE: Human capital investment,Real marginal cost (mc<sub>t</sub>),-0.003
100,AE: Human capital investment,Real marginal cost (mc<sub>t</sub>),-0.003
1,AE: R&D spending,Real marginal cost (mc<sub>t</sub>),0.405
2,AE: R&D spending,Real marginal cost (mc<sub>t</sub>),-0.103
3,AE: R&D spending,Real marginal cost (mc<sub>t</sub>),-0.078
4,AE: R&D spending,Real marginal cost (mc<sub>t</sub>),-0.068
5,AE: R&D spending,Real marginal cost (mc<sub>t</sub>),-0.063
6,AE: R&D spending,Real marginal cost (mc<sub>t</sub>),-0.059
7,AE: R&D spending,Real marginal cost (mc<sub>t</sub>),-0.055
8,AE: R&D spending,Real marginal cost (mc<sub>t</sub>),-0.051
9,AE: R&D spending,Real marginal cost (mc<sub>t</sub>),-0.048
10,AE: R&D spending,Real marginal cost (mc<sub>t</sub>),-0.045
11,AE: R&D spending,Real marginal cost (mc<sub>t</sub>),-0.042
12,AE: R&D spending,Real marginal cost (mc<sub>t</sub>),-0.039
13,AE: R&D spending,Real marginal cost (mc<sub>t</sub>),-0.036
14,AE: R&D spending,Real marginal cost (mc<sub>t</sub>),-0.033
15,AE: R&D spending,Real marginal cost (mc<sub>t</sub>),-0.03
16,AE: R&D spending,Real marginal cost (mc<sub>t</sub>),-0.028
17,AE: R&D spending,Real marginal cost (mc<sub>t</sub>),-0.025
18,AE: R&D spending,Real marginal cost (mc<sub>t</sub>),-0.023
19,AE: R&D spending,Real marginal cost (mc<sub>t</sub>),-0.021
20,AE: R&D spending,Real marginal cost (mc<sub>t</sub>),-0.019
21,AE: R&D spending,Real marginal cost (mc<sub>t</sub>),-0.017
22,AE: R&D spending,Real marginal cost (mc<sub>t</sub>),-0.016
23,AE: R&D spending,Real marginal cost (mc<sub>t</sub>),-0.014
24,AE: R&D spending,Real marginal cost (mc<sub>t</sub>),-0.013
25,AE: R&D spending,Real marginal cost (mc<sub>t</sub>),-0.011
26,AE: R&D spending,Real marginal cost (mc<sub>t</sub>),-0.01
27,AE: R&D spending,Real marginal cost (mc<sub>t</sub>),-0.009
28,AE: R&D spending,Real marginal cost (mc<sub>t</sub>),-0.008
29,AE: R&D spending,Real marginal cost (mc<sub>t</sub>),-0.007
30,AE: R&D spending,Real marginal cost (mc<sub>t</sub>),-0.006
31,AE: R&D spending,Real marginal cost (mc<sub>t</sub>),-0.005
32,AE: R&D spending,Real marginal cost (mc<sub>t</sub>),-0.004
33,AE: R&D spending,Real marginal cost (mc<sub>t</sub>),-0.003
34,AE: R&D spending,Real marginal cost (mc<sub>t</sub>),-0.003
35,AE: R&D spending,Real marginal cost (mc<sub>t</sub>),-0.002
36,AE: R&D spending,Real marginal cost (mc<sub>t</sub>),-0.001
37,AE: R&D spending,Real marginal cost (mc<sub>t</sub>),-0.001
38,AE: R&D spending,Real marginal cost (mc<sub>t</sub>),-0.0
39,AE: R&D spending,Real marginal cost (mc<sub>t</sub>),0.0
40,AE: R&D spending,Real marginal cost (mc<sub>t</sub>),0.001
41,AE: R&D spending,Real marginal cost (mc<sub>t</sub>),0.001
42,AE: R&D spending,Real marginal cost (mc<sub>t</sub>),0.001
43,AE: R&D spending,Real marginal cost (mc<sub>t</sub>),0.002
44,AE: R&D spending,Real marginal cost (mc<sub>t</sub>),0.002
45,AE: R&D spending,Real marginal cost (mc<sub>t</sub>),0.002
46,AE: R&D spending,Real marginal cost (mc<sub>t</sub>),0.003
47,AE: R&D spending,Real marginal cost (mc<sub>t</sub>),0.003
48,AE: R&D spending,Real marginal cost (mc<sub>t</sub>),0.003
49,AE: R&D spending,Real marginal cost (mc<sub>t</sub>),0.003
50,AE: R&D spending,Real marginal cost (mc<sub>t</sub>),0.004
51,AE: R&D spending,Real marginal cost (mc<sub>t</sub>),0.004
52,AE: R&D spending,Real marginal cost (mc<sub>t</sub>),0.004
53,AE: R&D spending,Real marginal cost (mc<sub>t</sub>),0.004
54,AE: R&D spending,Real marginal cost (mc<sub>t</sub>),0.004
55,AE: R&D spending,Real marginal cost (mc<sub>t</sub>),0.004
56,AE: R&D spending,Real marginal cost (mc<sub>t</sub>),0.004
57,AE: R&D spending,Real marginal cost (mc<sub>t</sub>),0.005
58,AE: R&D spending,Real marginal cost (mc<sub>t</sub>),0.005
59,AE: R&D spending,Real marginal cost (mc<sub>t</sub>),0.005
60,AE: R&D spending,Real marginal cost (mc<sub>t</sub>),0.005
61,AE: R&D spending,Real marginal cost (mc<sub>t</sub>),0.005
62,AE: R&D spending,Real marginal cost (mc<sub>t</sub>),0.005
63,AE: R&D spending,Real marginal cost (mc<sub>t</sub>),0.005
64,AE: R&D spending,Real marginal cost (mc<sub>t</sub>),0.005
65,AE: R&D spending,Real marginal cost (mc<sub>t</sub>),0.005
66,AE: R&D spending,Real marginal cost (mc<sub>t</sub>),0.005
67,AE: R&D spending,Real marginal cost (mc<sub>t</sub>),0.005
68,AE: R&D spending,Real marginal cost (mc<sub>t</sub>),0.005
69,AE: R&D spending,Real marginal cost (mc<sub>t</sub>),0.005
70,AE: R&D spending,Real marginal cost (mc<sub>t</sub>),0.005
71,AE: R&D spending,Real marginal cost (mc<sub>t</sub>),0.005
72,AE: R&D spending,Real marginal cost (mc<sub>t</sub>),0.005
73,AE: R&D spending,Real marginal cost (mc<sub>t</sub>),0.005
74,AE: R&D spending,Real marginal cost (mc<sub>t</sub>),0.005
75,AE: R&D spending,Real marginal cost (mc<sub>t</sub>),0.005
76,AE: R&D spending,Real marginal cost (mc<sub>t</sub>),0.005
77,AE: R&D spending,Real marginal cost (mc<sub>t</sub>),0.005
78,AE: R&D spending,Real marginal cost (mc<sub>t</sub>),0.005
79,AE: R&D spending,Real marginal cost (mc<sub>t</sub>),0.005
80,AE: R&D spending,Real marginal cost (mc<sub>t</sub>),0.005
81,AE: R&D spending,Real marginal cost (mc<sub>t</sub>),0.005
82,AE: R&D spending,Real marginal cost (mc<sub>t</sub>),0.005
83,AE: R&D spending,Real marginal cost (mc<sub>t</sub>),0.005
84,AE: R&D spending,Real marginal cost (mc<sub>t</sub>),0.005
85,AE: R&D spending,Real marginal cost (mc<sub>t</sub>),0.005
86,AE: R&D spending,Real marginal cost (mc<sub>t</sub>),0.005
87,AE: R&D spending,Real marginal cost (mc<sub>t</sub>),0.005
88,AE: R&D spending,Real marginal cost (mc<sub>t</sub>),0.005
89,AE: R&D spending,Real marginal cost (mc<sub>t</sub>),0.006
90,AE: R&D spending,Real marginal cost (mc<sub>t</sub>),0.006
91,AE: R&D spending,Real marginal cost (mc<sub>t</sub>),0.006
92,AE: R&D spending,Real marginal cost (mc<sub>t</sub>),0.006
93,AE: R&D spending,Real marginal cost (mc<sub>t</sub>),0.006
94,AE: R&D spending,Real marginal cost (mc<sub>t</sub>),0.006
95,AE: R&D spending,Real marginal cost (mc<sub>t</sub>),0.006
96,AE: R&D spending,Real marginal cost (mc<sub>t</sub>),0.006
97,AE: R&D spending,Real marginal cost (mc<sub>t</sub>),0.006
98,AE: R&D spending,Real marginal cost (mc<sub>t</sub>),0.006
99,AE: R&D spending,Real marginal cost (mc<sub>t</sub>),0.007
100,AE: R&D spending,Real marginal cost (mc<sub>t</sub>),0.007
1,AE: Infrastructure investment,Inflation (Π<sub>t</sub>),0.243
2,AE: Infrastructure investment,Inflation (Π<sub>t</sub>),0.243
3,AE: Infrastructure investment,Inflation (Π<sub>t</sub>),0.255
4,AE: Infrastructure investment,Inflation (Π<sub>t</sub>),0.27
5,AE: Infrastructure investment,Inflation (Π<sub>t</sub>),0.285
6,AE: Infrastructure investment,Inflation (Π<sub>t</sub>),0.299
7,AE: Infrastructure investment,Inflation (Π<sub>t</sub>),0.312
8,AE: Infrastructure investment,Inflation (Π<sub>t</sub>),0.325
9,AE: Infrastructure investment,Inflation (Π<sub>t</sub>),0.336
10,AE: Infrastructure investment,Inflation (Π<sub>t</sub>),0.347
11,AE: Infrastructure investment,Inflation (Π<sub>t</sub>),0.358
12,AE: Infrastructure investment,Inflation (Π<sub>t</sub>),0.367
13,AE: Infrastructure investment,Inflation (Π<sub>t</sub>),0.376
14,AE: Infrastructure investment,Inflation (Π<sub>t</sub>),0.384
15,AE: Infrastructure investment,Inflation (Π<sub>t</sub>),0.392
16,AE: Infrastructure investment,Inflation (Π<sub>t</sub>),0.4
17,AE: Infrastructure investment,Inflation (Π<sub>t</sub>),0.406
18,AE: Infrastructure investment,Inflation (Π<sub>t</sub>),0.413
19,AE: Infrastructure investment,Inflation (Π<sub>t</sub>),0.419
20,AE: Infrastructure investment,Inflation (Π<sub>t</sub>),0.424
21,AE: Infrastructure investment,Inflation (Π<sub>t</sub>),0.43
22,AE: Infrastructure investment,Inflation (Π<sub>t</sub>),0.435
23,AE: Infrastructure investment,Inflation (Π<sub>t</sub>),0.439
24,AE: Infrastructure investment,Inflation (Π<sub>t</sub>),0.444
25,AE: Infrastructure investment,Inflation (Π<sub>t</sub>),0.448
26,AE: Infrastructure investment,Inflation (Π<sub>t</sub>),0.452
27,AE: Infrastructure investment,Inflation (Π<sub>t</sub>),0.455
28,AE: Infrastructure investment,Inflation (Π<sub>t</sub>),0.459
29,AE: Infrastructure investment,Inflation (Π<sub>t</sub>),0.462
30,AE: Infrastructure investment,Inflation (Π<sub>t</sub>),0.465
31,AE: Infrastructure investment,Inflation (Π<sub>t</sub>),0.467
32,AE: Infrastructure investment,Inflation (Π<sub>t</sub>),0.47
33,AE: Infrastructure investment,Inflation (Π<sub>t</sub>),0.472
34,AE: Infrastructure investment,Inflation (Π<sub>t</sub>),0.475
35,AE: Infrastructure investment,Inflation (Π<sub>t</sub>),0.477
36,AE: Infrastructure investment,Inflation (Π<sub>t</sub>),0.479
37,AE: Infrastructure investment,Inflation (Π<sub>t</sub>),0.48
38,AE: Infrastructure investment,Inflation (Π<sub>t</sub>),0.482
39,AE: Infrastructure investment,Inflation (Π<sub>t</sub>),0.484
40,AE: Infrastructure investment,Inflation (Π<sub>t</sub>),0.485
41,AE: Infrastructure investment,Inflation (Π<sub>t</sub>),0.487
42,AE: Infrastructure investment,Inflation (Π<sub>t</sub>),0.488
43,AE: Infrastructure investment,Inflation (Π<sub>t</sub>),0.489
44,AE: Infrastructure investment,Inflation (Π<sub>t</sub>),0.49
45,AE: Infrastructure investment,Inflation (Π<sub>t</sub>),0.491
46,AE: Infrastructure investment,Inflation (Π<sub>t</sub>),0.492
47,AE: Infrastructure investment,Inflation (Π<sub>t</sub>),0.493
48,AE: Infrastructure investment,Inflation (Π<sub>t</sub>),0.494
49,AE: Infrastructure investment,Inflation (Π<sub>t</sub>),0.494
50,AE: Infrastructure investment,Inflation (Π<sub>t</sub>),0.495
51,AE: Infrastructure investment,Inflation (Π<sub>t</sub>),0.495
52,AE: Infrastructure investment,Inflation (Π<sub>t</sub>),0.496
53,AE: Infrastructure investment,Inflation (Π<sub>t</sub>),0.496
54,AE: Infrastructure investment,Inflation (Π<sub>t</sub>),0.497
55,AE: Infrastructure investment,Inflation (Π<sub>t</sub>),0.497
56,AE: Infrastructure investment,Inflation (Π<sub>t</sub>),0.497
57,AE: Infrastructure investment,Inflation (Π<sub>t</sub>),0.497
58,AE: Infrastructure investment,Inflation (Π<sub>t</sub>),0.497
59,AE: Infrastructure investment,Inflation (Π<sub>t</sub>),0.497
60,AE: Infrastructure investment,Inflation (Π<sub>t</sub>),0.497
61,AE: Infrastructure investment,Inflation (Π<sub>t</sub>),0.497
62,AE: Infrastructure investment,Inflation (Π<sub>t</sub>),0.497
63,AE: Infrastructure investment,Inflation (Π<sub>t</sub>),0.497
64,AE: Infrastructure investment,Inflation (Π<sub>t</sub>),0.497
65,AE: Infrastructure investment,Inflation (Π<sub>t</sub>),0.497
66,AE: Infrastructure investment,Inflation (Π<sub>t</sub>),0.496
67,AE: Infrastructure investment,Inflation (Π<sub>t</sub>),0.496
68,AE: Infrastructure investment,Inflation (Π<sub>t</sub>),0.496
69,AE: Infrastructure investment,Inflation (Π<sub>t</sub>),0.495
70,AE: Infrastructure investment,Inflation (Π<sub>t</sub>),0.495
71,AE: Infrastructure investment,Inflation (Π<sub>t</sub>),0.494
72,AE: Infrastructure investment,Inflation (Π<sub>t</sub>),0.494
73,AE: Infrastructure investment,Inflation (Π<sub>t</sub>),0.493
74,AE: Infrastructure investment,Inflation (Π<sub>t</sub>),0.492
75,AE: Infrastructure investment,Inflation (Π<sub>t</sub>),0.492
76,AE: Infrastructure investment,Inflation (Π<sub>t</sub>),0.491
77,AE: Infrastructure investment,Inflation (Π<sub>t</sub>),0.49
78,AE: Infrastructure investment,Inflation (Π<sub>t</sub>),0.489
79,AE: Infrastructure investment,Inflation (Π<sub>t</sub>),0.488
80,AE: Infrastructure investment,Inflation (Π<sub>t</sub>),0.487
81,AE: Infrastructure investment,Inflation (Π<sub>t</sub>),0.486
82,AE: Infrastructure investment,Inflation (Π<sub>t</sub>),0.485
83,AE: Infrastructure investment,Inflation (Π<sub>t</sub>),0.484
84,AE: Infrastructure investment,Inflation (Π<sub>t</sub>),0.483
85,AE: Infrastructure investment,Inflation (Π<sub>t</sub>),0.481
86,AE: Infrastructure investment,Inflation (Π<sub>t</sub>),0.48
87,AE: Infrastructure investment,Inflation (Π<sub>t</sub>),0.479
88,AE: Infrastructure investment,Inflation (Π<sub>t</sub>),0.477
89,AE: Infrastructure investment,Inflation (Π<sub>t</sub>),0.475
90,AE: Infrastructure investment,Inflation (Π<sub>t</sub>),0.474
91,AE: Infrastructure investment,Inflation (Π<sub>t</sub>),0.472
92,AE: Infrastructure investment,Inflation (Π<sub>t</sub>),0.47
93,AE: Infrastructure investment,Inflation (Π<sub>t</sub>),0.468
94,AE: Infrastructure investment,Inflation (Π<sub>t</sub>),0.465
95,AE: Infrastructure investment,Inflation (Π<sub>t</sub>),0.463
96,AE: Infrastructure investment,Inflation (Π<sub>t</sub>),0.461
97,AE: Infrastructure investment,Inflation (Π<sub>t</sub>),0.458
98,AE: Infrastructure investment,Inflation (Π<sub>t</sub>),0.455
99,AE: Infrastructure investment,Inflation (Π<sub>t</sub>),0.452
100,AE: Infrastructure investment,Inflation (Π<sub>t</sub>),0.449
1,AE: Human capital investment,Inflation (Π<sub>t</sub>),0.161
2,AE: Human capital investment,Inflation (Π<sub>t</sub>),0.115
3,AE: Human capital investment,Inflation (Π<sub>t</sub>),0.105
4,AE: Human capital investment,Inflation (Π<sub>t</sub>),0.107
5,AE: Human capital investment,Inflation (Π<sub>t</sub>),0.113
6,AE: Human capital investment,Inflation (Π<sub>t</sub>),0.123
7,AE: Human capital investment,Inflation (Π<sub>t</sub>),0.133
8,AE: Human capital investment,Inflation (Π<sub>t</sub>),0.145
9,AE: Human capital investment,Inflation (Π<sub>t</sub>),0.159
10,AE: Human capital investment,Inflation (Π<sub>t</sub>),0.173
11,AE: Human capital investment,Inflation (Π<sub>t</sub>),0.188
12,AE: Human capital investment,Inflation (Π<sub>t</sub>),0.203
13,AE: Human capital investment,Inflation (Π<sub>t</sub>),0.219
14,AE: Human capital investment,Inflation (Π<sub>t</sub>),0.236
15,AE: Human capital investment,Inflation (Π<sub>t</sub>),0.253
16,AE: Human capital investment,Inflation (Π<sub>t</sub>),0.27
17,AE: Human capital investment,Inflation (Π<sub>t</sub>),0.288
18,AE: Human capital investment,Inflation (Π<sub>t</sub>),0.305
19,AE: Human capital investment,Inflation (Π<sub>t</sub>),0.323
20,AE: Human capital investment,Inflation (Π<sub>t</sub>),0.341
21,AE: Human capital investment,Inflation (Π<sub>t</sub>),0.359
22,AE: Human capital investment,Inflation (Π<sub>t</sub>),0.377
23,AE: Human capital investment,Inflation (Π<sub>t</sub>),0.394
24,AE: Human capital investment,Inflation (Π<sub>t</sub>),0.412
25,AE: Human capital investment,Inflation (Π<sub>t</sub>),0.429
26,AE: Human capital investment,Inflation (Π<sub>t</sub>),0.446
27,AE: Human capital investment,Inflation (Π<sub>t</sub>),0.463
28,AE: Human capital investment,Inflation (Π<sub>t</sub>),0.48
29,AE: Human capital investment,Inflation (Π<sub>t</sub>),0.497
30,AE: Human capital investment,Inflation (Π<sub>t</sub>),0.513
31,AE: Human capital investment,Inflation (Π<sub>t</sub>),0.529
32,AE: Human capital investment,Inflation (Π<sub>t</sub>),0.545
33,AE: Human capital investment,Inflation (Π<sub>t</sub>),0.56
34,AE: Human capital investment,Inflation (Π<sub>t</sub>),0.575
35,AE: Human capital investment,Inflation (Π<sub>t</sub>),0.59
36,AE: Human capital investment,Inflation (Π<sub>t</sub>),0.604
37,AE: Human capital investment,Inflation (Π<sub>t</sub>),0.618
38,AE: Human capital investment,Inflation (Π<sub>t</sub>),0.632
39,AE: Human capital investment,Inflation (Π<sub>t</sub>),0.645
40,AE: Human capital investment,Inflation (Π<sub>t</sub>),0.658
41,AE: Human capital investment,Inflation (Π<sub>t</sub>),0.671
42,AE: Human capital investment,Inflation (Π<sub>t</sub>),0.683
43,AE: Human capital investment,Inflation (Π<sub>t</sub>),0.695
44,AE: Human capital investment,Inflation (Π<sub>t</sub>),0.707
45,AE: Human capital investment,Inflation (Π<sub>t</sub>),0.718
46,AE: Human capital investment,Inflation (Π<sub>t</sub>),0.729
47,AE: Human capital investment,Inflation (Π<sub>t</sub>),0.74
48,AE: Human capital investment,Inflation (Π<sub>t</sub>),0.75
49,AE: Human capital investment,Inflation (Π<sub>t</sub>),0.76
50,AE: Human capital investment,Inflation (Π<sub>t</sub>),0.769
51,AE: Human capital investment,Inflation (Π<sub>t</sub>),0.778
52,AE: Human capital investment,Inflation (Π<sub>t</sub>),0.787
53,AE: Human capital investment,Inflation (Π<sub>t</sub>),0.796
54,AE: Human capital investment,Inflation (Π<sub>t</sub>),0.804
55,AE: Human capital investment,Inflation (Π<sub>t</sub>),0.812
56,AE: Human capital investment,Inflation (Π<sub>t</sub>),0.82
57,AE: Human capital investment,Inflation (Π<sub>t</sub>),0.827
58,AE: Human capital investment,Inflation (Π<sub>t</sub>),0.834
59,AE: Human capital investment,Inflation (Π<sub>t</sub>),0.841
60,AE: Human capital investment,Inflation (Π<sub>t</sub>),0.847
61,AE: Human capital investment,Inflation (Π<sub>t</sub>),0.853
62,AE: Human capital investment,Inflation (Π<sub>t</sub>),0.859
63,AE: Human capital investment,Inflation (Π<sub>t</sub>),0.865
64,AE: Human capital investment,Inflation (Π<sub>t</sub>),0.87
65,AE: Human capital investment,Inflation (Π<sub>t</sub>),0.875
66,AE: Human capital investment,Inflation (Π<sub>t</sub>),0.88
67,AE: Human capital investment,Inflation (Π<sub>t</sub>),0.885
68,AE: Human capital investment,Inflation (Π<sub>t</sub>),0.889
69,AE: Human capital investment,Inflation (Π<sub>t</sub>),0.893
70,AE: Human capital investment,Inflation (Π<sub>t</sub>),0.897
71,AE: Human capital investment,Inflation (Π<sub>t</sub>),0.9
72,AE: Human capital investment,Inflation (Π<sub>t</sub>),0.904
73,AE: Human capital investment,Inflation (Π<sub>t</sub>),0.907
74,AE: Human capital investment,Inflation (Π<sub>t</sub>),0.91
75,AE: Human capital investment,Inflation (Π<sub>t</sub>),0.913
76,AE: Human capital investment,Inflation (Π<sub>t</sub>),0.915
77,AE: Human capital investment,Inflation (Π<sub>t</sub>),0.918
78,AE: Human capital investment,Inflation (Π<sub>t</sub>),0.92
79,AE: Human capital investment,Inflation (Π<sub>t</sub>),0.922
80,AE: Human capital investment,Inflation (Π<sub>t</sub>),0.924
81,AE: Human capital investment,Inflation (Π<sub>t</sub>),0.925
82,AE: Human capital investment,Inflation (Π<sub>t</sub>),0.927
83,AE: Human capital investment,Inflation (Π<sub>t</sub>),0.928
84,AE: Human capital investment,Inflation (Π<sub>t</sub>),0.929
85,AE: Human capital investment,Inflation (Π<sub>t</sub>),0.93
86,AE: Human capital investment,Inflation (Π<sub>t</sub>),0.931
87,AE: Human capital investment,Inflation (Π<sub>t</sub>),0.932
88,AE: Human capital investment,Inflation (Π<sub>t</sub>),0.932
89,AE: Human capital investment,Inflation (Π<sub>t</sub>),0.932
90,AE: Human capital investment,Inflation (Π<sub>t</sub>),0.933
91,AE: Human capital investment,Inflation (Π<sub>t</sub>),0.933
92,AE: Human capital investment,Inflation (Π<sub>t</sub>),0.933
93,AE: Human capital investment,Inflation (Π<sub>t</sub>),0.933
94,AE: Human capital investment,Inflation (Π<sub>t</sub>),0.932
95,AE: Human capital investment,Inflation (Π<sub>t</sub>),0.932
96,AE: Human capital investment,Inflation (Π<sub>t</sub>),0.931
97,AE: Human capital investment,Inflation (Π<sub>t</sub>),0.931
98,AE: Human capital investment,Inflation (Π<sub>t</sub>),0.93
99,AE: Human capital investment,Inflation (Π<sub>t</sub>),0.929
100,AE: Human capital investment,Inflation (Π<sub>t</sub>),0.928
1,AE: R&D spending,Inflation (Π<sub>t</sub>),0.156
2,AE: R&D spending,Inflation (Π<sub>t</sub>),0.17
3,AE: R&D spending,Inflation (Π<sub>t</sub>),0.198
4,AE: R&D spending,Inflation (Π<sub>t</sub>),0.23
5,AE: R&D spending,Inflation (Π<sub>t</sub>),0.263
6,AE: R&D spending,Inflation (Π<sub>t</sub>),0.294
7,AE: R&D spending,Inflation (Π<sub>t</sub>),0.325
8,AE: R&D spending,Inflation (Π<sub>t</sub>),0.353
9,AE: R&D spending,Inflation (Π<sub>t</sub>),0.38
10,AE: R&D spending,Inflation (Π<sub>t</sub>),0.405
11,AE: R&D spending,Inflation (Π<sub>t</sub>),0.428
12,AE: R&D spending,Inflation (Π<sub>t</sub>),0.45
13,AE: R&D spending,Inflation (Π<sub>t</sub>),0.47
14,AE: R&D spending,Inflation (Π<sub>t</sub>),0.489
15,AE: R&D spending,Inflation (Π<sub>t</sub>),0.506
16,AE: R&D spending,Inflation (Π<sub>t</sub>),0.522
17,AE: R&D spending,Inflation (Π<sub>t</sub>),0.536
18,AE: R&D spending,Inflation (Π<sub>t</sub>),0.549
19,AE: R&D spending,Inflation (Π<sub>t</sub>),0.561
20,AE: R&D spending,Inflation (Π<sub>t</sub>),0.572
21,AE: R&D spending,Inflation (Π<sub>t</sub>),0.582
22,AE: R&D spending,Inflation (Π<sub>t</sub>),0.591
23,AE: R&D spending,Inflation (Π<sub>t</sub>),0.599
24,AE: R&D spending,Inflation (Π<sub>t</sub>),0.606
25,AE: R&D spending,Inflation (Π<sub>t</sub>),0.612
26,AE: R&D spending,Inflation (Π<sub>t</sub>),0.618
27,AE: R&D spending,Inflation (Π<sub>t</sub>),0.622
28,AE: R&D spending,Inflation (Π<sub>t</sub>),0.627
29,AE: R&D spending,Inflation (Π<sub>t</sub>),0.63
30,AE: R&D spending,Inflation (Π<sub>t</sub>),0.633
31,AE: R&D spending,Inflation (Π<sub>t</sub>),0.636
32,AE: R&D spending,Inflation (Π<sub>t</sub>),0.638
33,AE: R&D spending,Inflation (Π<sub>t</sub>),0.64
34,AE: R&D spending,Inflation (Π<sub>t</sub>),0.641
35,AE: R&D spending,Inflation (Π<sub>t</sub>),0.642
36,AE: R&D spending,Inflation (Π<sub>t</sub>),0.642
37,AE: R&D spending,Inflation (Π<sub>t</sub>),0.642
38,AE: R&D spending,Inflation (Π<sub>t</sub>),0.642
39,AE: R&D spending,Inflation (Π<sub>t</sub>),0.642
40,AE: R&D spending,Inflation (Π<sub>t</sub>),0.641
41,AE: R&D spending,Inflation (Π<sub>t</sub>),0.641
42,AE: R&D spending,Inflation (Π<sub>t</sub>),0.639
43,AE: R&D spending,Inflation (Π<sub>t</sub>),0.638
44,AE: R&D spending,Inflation (Π<sub>t</sub>),0.637
45,AE: R&D spending,Inflation (Π<sub>t</sub>),0.635
46,AE: R&D spending,Inflation (Π<sub>t</sub>),0.634
47,AE: R&D spending,Inflation (Π<sub>t</sub>),0.632
48,AE: R&D spending,Inflation (Π<sub>t</sub>),0.63
49,AE: R&D spending,Inflation (Π<sub>t</sub>),0.628
50,AE: R&D spending,Inflation (Π<sub>t</sub>),0.625
51,AE: R&D spending,Inflation (Π<sub>t</sub>),0.623
52,AE: R&D spending,Inflation (Π<sub>t</sub>),0.621
53,AE: R&D spending,Inflation (Π<sub>t</sub>),0.618
54,AE: R&D spending,Inflation (Π<sub>t</sub>),0.616
55,AE: R&D spending,Inflation (Π<sub>t</sub>),0.613
56,AE: R&D spending,Inflation (Π<sub>t</sub>),0.61
57,AE: R&D spending,Inflation (Π<sub>t</sub>),0.607
58,AE: R&D spending,Inflation (Π<sub>t</sub>),0.605
59,AE: R&D spending,Inflation (Π<sub>t</sub>),0.602
60,AE: R&D spending,Inflation (Π<sub>t</sub>),0.599
61,AE: R&D spending,Inflation (Π<sub>t</sub>),0.596
62,AE: R&D spending,Inflation (Π<sub>t</sub>),0.593
63,AE: R&D spending,Inflation (Π<sub>t</sub>),0.59
64,AE: R&D spending,Inflation (Π<sub>t</sub>),0.587
65,AE: R&D spending,Inflation (Π<sub>t</sub>),0.584
66,AE: R&D spending,Inflation (Π<sub>t</sub>),0.581
67,AE: R&D spending,Inflation (Π<sub>t</sub>),0.578
68,AE: R&D spending,Inflation (Π<sub>t</sub>),0.575
69,AE: R&D spending,Inflation (Π<sub>t</sub>),0.572
70,AE: R&D spending,Inflation (Π<sub>t</sub>),0.569
71,AE: R&D spending,Inflation (Π<sub>t</sub>),0.566
72,AE: R&D spending,Inflation (Π<sub>t</sub>),0.563
73,AE: R&D spending,Inflation (Π<sub>t</sub>),0.56
74,AE: R&D spending,Inflation (Π<sub>t</sub>),0.557
75,AE: R&D spending,Inflation (Π<sub>t</sub>),0.553
76,AE: R&D spending,Inflation (Π<sub>t</sub>),0.55
77,AE: R&D spending,Inflation (Π<sub>t</sub>),0.547
78,AE: R&D spending,Inflation (Π<sub>t</sub>),0.544
79,AE: R&D spending,Inflation (Π<sub>t</sub>),0.541
80,AE: R&D spending,Inflation (Π<sub>t</sub>),0.538
81,AE: R&D spending,Inflation (Π<sub>t</sub>),0.535
82,AE: R&D spending,Inflation (Π<sub>t</sub>),0.532
83,AE: R&D spending,Inflation (Π<sub>t</sub>),0.529
84,AE: R&D spending,Inflation (Π<sub>t</sub>),0.526
85,AE: R&D spending,Inflation (Π<sub>t</sub>),0.523
86,AE: R&D spending,Inflation (Π<sub>t</sub>),0.52
87,AE: R&D spending,Inflation (Π<sub>t</sub>),0.517
88,AE: R&D spending,Inflation (Π<sub>t</sub>),0.514
89,AE: R&D spending,Inflation (Π<sub>t</sub>),0.511
90,AE: R&D spending,Inflation (Π<sub>t</sub>),0.508
91,AE: R&D spending,Inflation (Π<sub>t</sub>),0.505
92,AE: R&D spending,Inflation (Π<sub>t</sub>),0.502
93,AE: R&D spending,Inflation (Π<sub>t</sub>),0.499
94,AE: R&D spending,Inflation (Π<sub>t</sub>),0.496
95,AE: R&D spending,Inflation (Π<sub>t</sub>),0.493
96,AE: R&D spending,Inflation (Π<sub>t</sub>),0.49
97,AE: R&D spending,Inflation (Π<sub>t</sub>),0.486
98,AE: R&D spending,Inflation (Π<sub>t</sub>),0.483
99,AE: R&D spending,Inflation (Π<sub>t</sub>),0.48
100,AE: R&D spending,Inflation (Π<sub>t</sub>),0.477
1,AE: Infrastructure investment,Nominal interest rate (R<sub>t</sub>),0.222
2,AE: Infrastructure investment,Nominal interest rate (R<sub>t</sub>),0.256
3,AE: Infrastructure investment,Nominal interest rate (R<sub>t</sub>),0.289
4,AE: Infrastructure investment,Nominal interest rate (R<sub>t</sub>),0.32
5,AE: Infrastructure investment,Nominal interest rate (R<sub>t</sub>),0.349
6,AE: Infrastructure investment,Nominal interest rate (R<sub>t</sub>),0.376
7,AE: Infrastructure investment,Nominal interest rate (R<sub>t</sub>),0.401
8,AE: Infrastructure investment,Nominal interest rate (R<sub>t</sub>),0.424
9,AE: Infrastructure investment,Nominal interest rate (R<sub>t</sub>),0.446
10,AE: Infrastructure investment,Nominal interest rate (R<sub>t</sub>),0.467
11,AE: Infrastructure investment,Nominal interest rate (R<sub>t</sub>),0.486
12,AE: Infrastructure investment,Nominal interest rate (R<sub>t</sub>),0.504
13,AE: Infrastructure investment,Nominal interest rate (R<sub>t</sub>),0.521
14,AE: Infrastructure investment,Nominal interest rate (R<sub>t</sub>),0.536
15,AE: Infrastructure investment,Nominal interest rate (R<sub>t</sub>),0.551
16,AE: Infrastructure investment,Nominal interest rate (R<sub>t</sub>),0.565
17,AE: Infrastructure investment,Nominal interest rate (R<sub>t</sub>),0.577
18,AE: Infrastructure investment,Nominal interest rate (R<sub>t</sub>),0.589
19,AE: Infrastructure investment,Nominal interest rate (R<sub>t</sub>),0.601
20,AE: Infrastructure investment,Nominal interest rate (R<sub>t</sub>),0.611
21,AE: Infrastructure investment,Nominal interest rate (R<sub>t</sub>),0.621
22,AE: Infrastructure investment,Nominal interest rate (R<sub>t</sub>),0.63
23,AE: Infrastructure investment,Nominal interest rate (R<sub>t</sub>),0.639
24,AE: Infrastructure investment,Nominal interest rate (R<sub>t</sub>),0.647
25,AE: Infrastructure investment,Nominal interest rate (R<sub>t</sub>),0.654
26,AE: Infrastructure investment,Nominal interest rate (R<sub>t</sub>),0.661
27,AE: Infrastructure investment,Nominal interest rate (R<sub>t</sub>),0.668
28,AE: Infrastructure investment,Nominal interest rate (R<sub>t</sub>),0.674
29,AE: Infrastructure investment,Nominal interest rate (R<sub>t</sub>),0.68
30,AE: Infrastructure investment,Nominal interest rate (R<sub>t</sub>),0.686
31,AE: Infrastructure investment,Nominal interest rate (R<sub>t</sub>),0.691
32,AE: Infrastructure investment,Nominal interest rate (R<sub>t</sub>),0.696
33,AE: Infrastructure investment,Nominal interest rate (R<sub>t</sub>),0.7
34,AE: Infrastructure investment,Nominal interest rate (R<sub>t</sub>),0.704
35,AE: Infrastructure investment,Nominal interest rate (R<sub>t</sub>),0.708
36,AE: Infrastructure investment,Nominal interest rate (R<sub>t</sub>),0.712
37,AE: Infrastructure investment,Nominal interest rate (R<sub>t</sub>),0.715
38,AE: Infrastructure investment,Nominal interest rate (R<sub>t</sub>),0.719
39,AE: Infrastructure investment,Nominal interest rate (R<sub>t</sub>),0.722
40,AE: Infrastructure investment,Nominal interest rate (R<sub>t</sub>),0.724
41,AE: Infrastructure investment,Nominal interest rate (R<sub>t</sub>),0.727
42,AE: Infrastructure investment,Nominal interest rate (R<sub>t</sub>),0.729
43,AE: Infrastructure investment,Nominal interest rate (R<sub>t</sub>),0.732
44,AE: Infrastructure investment,Nominal interest rate (R<sub>t</sub>),0.734
45,AE: Infrastructure investment,Nominal interest rate (R<sub>t</sub>),0.736
46,AE: Infrastructure investment,Nominal interest rate (R<sub>t</sub>),0.737
47,AE: Infrastructure investment,Nominal interest rate (R<sub>t</sub>),0.739
48,AE: Infrastructure investment,Nominal interest rate (R<sub>t</sub>),0.741
49,AE: Infrastructure investment,Nominal interest rate (R<sub>t</sub>),0.742
50,AE: Infrastructure investment,Nominal interest rate (R<sub>t</sub>),0.743
51,AE: Infrastructure investment,Nominal interest rate (R<sub>t</sub>),0.744
52,AE: Infrastructure investment,Nominal interest rate (R<sub>t</sub>),0.745
53,AE: Infrastructure investment,Nominal interest rate (R<sub>t</sub>),0.746
54,AE: Infrastructure investment,Nominal interest rate (R<sub>t</sub>),0.747
55,AE: Infrastructure investment,Nominal interest rate (R<sub>t</sub>),0.748
56,AE: Infrastructure investment,Nominal interest rate (R<sub>t</sub>),0.748
57,AE: Infrastructure investment,Nominal interest rate (R<sub>t</sub>),0.749
58,AE: Infrastructure investment,Nominal interest rate (R<sub>t</sub>),0.749
59,AE: Infrastructure investment,Nominal interest rate (R<sub>t</sub>),0.75
60,AE: Infrastructure investment,Nominal interest rate (R<sub>t</sub>),0.75
61,AE: Infrastructure investment,Nominal interest rate (R<sub>t</sub>),0.75
62,AE: Infrastructure investment,Nominal interest rate (R<sub>t</sub>),0.75
63,AE: Infrastructure investment,Nominal interest rate (R<sub>t</sub>),0.75
64,AE: Infrastructure investment,Nominal interest rate (R<sub>t</sub>),0.75
65,AE: Infrastructure investment,Nominal interest rate (R<sub>t</sub>),0.75
66,AE: Infrastructure investment,Nominal interest rate (R<sub>t</sub>),0.75
67,AE: Infrastructure investment,Nominal interest rate (R<sub>t</sub>),0.75
68,AE: Infrastructure investment,Nominal interest rate (R<sub>t</sub>),0.749
69,AE: Infrastructure investment,Nominal interest rate (R<sub>t</sub>),0.749
70,AE: Infrastructure investment,Nominal interest rate (R<sub>t</sub>),0.748
71,AE: Infrastructure investment,Nominal interest rate (R<sub>t</sub>),0.748
72,AE: Infrastructure investment,Nominal interest rate (R<sub>t</sub>),0.747
73,AE: Infrastructure investment,Nominal interest rate (R<sub>t</sub>),0.746
74,AE: Infrastructure investment,Nominal interest rate (R<sub>t</sub>),0.746
75,AE: Infrastructure investment,Nominal interest rate (R<sub>t</sub>),0.745
76,AE: Infrastructure investment,Nominal interest rate (R<sub>t</sub>),0.744
77,AE: Infrastructure investment,Nominal interest rate (R<sub>t</sub>),0.743
78,AE: Infrastructure investment,Nominal interest rate (R<sub>t</sub>),0.742
79,AE: Infrastructure investment,Nominal interest rate (R<sub>t</sub>),0.741
80,AE: Infrastructure investment,Nominal interest rate (R<sub>t</sub>),0.739
81,AE: Infrastructure investment,Nominal interest rate (R<sub>t</sub>),0.738
82,AE: Infrastructure investment,Nominal interest rate (R<sub>t</sub>),0.737
83,AE: Infrastructure investment,Nominal interest rate (R<sub>t</sub>),0.735
84,AE: Infrastructure investment,Nominal interest rate (R<sub>t</sub>),0.734
85,AE: Infrastructure investment,Nominal interest rate (R<sub>t</sub>),0.732
86,AE: Infrastructure investment,Nominal interest rate (R<sub>t</sub>),0.73
87,AE: Infrastructure investment,Nominal interest rate (R<sub>t</sub>),0.728
88,AE: Infrastructure investment,Nominal interest rate (R<sub>t</sub>),0.726
89,AE: Infrastructure investment,Nominal interest rate (R<sub>t</sub>),0.724
90,AE: Infrastructure investment,Nominal interest rate (R<sub>t</sub>),0.722
91,AE: Infrastructure investment,Nominal interest rate (R<sub>t</sub>),0.72
92,AE: Infrastructure investment,Nominal interest rate (R<sub>t</sub>),0.717
93,AE: Infrastructure investment,Nominal interest rate (R<sub>t</sub>),0.714
94,AE: Infrastructure investment,Nominal interest rate (R<sub>t</sub>),0.712
95,AE: Infrastructure investment,Nominal interest rate (R<sub>t</sub>),0.709
96,AE: Infrastructure investment,Nominal interest rate (R<sub>t</sub>),0.705
97,AE: Infrastructure investment,Nominal interest rate (R<sub>t</sub>),0.702
98,AE: Infrastructure investment,Nominal interest rate (R<sub>t</sub>),0.699
99,AE: Infrastructure investment,Nominal interest rate (R<sub>t</sub>),0.695
100,AE: Infrastructure investment,Nominal interest rate (R<sub>t</sub>),0.691
1,AE: Human capital investment,Nominal interest rate (R<sub>t</sub>),0.181
2,AE: Human capital investment,Nominal interest rate (R<sub>t</sub>),0.165
3,AE: Human capital investment,Nominal interest rate (R<sub>t</sub>),0.157
4,AE: Human capital investment,Nominal interest rate (R<sub>t</sub>),0.154
5,AE: Human capital investment,Nominal interest rate (R<sub>t</sub>),0.155
6,AE: Human capital investment,Nominal interest rate (R<sub>t</sub>),0.16
7,AE: Human capital investment,Nominal interest rate (R<sub>t</sub>),0.168
8,AE: Human capital investment,Nominal interest rate (R<sub>t</sub>),0.179
9,AE: Human capital investment,Nominal interest rate (R<sub>t</sub>),0.193
10,AE: Human capital investment,Nominal interest rate (R<sub>t</sub>),0.208
11,AE: Human capital investment,Nominal interest rate (R<sub>t</sub>),0.226
12,AE: Human capital investment,Nominal interest rate (R<sub>t</sub>),0.245
13,AE: Human capital investment,Nominal interest rate (R<sub>t</sub>),0.265
14,AE: Human capital investment,Nominal interest rate (R<sub>t</sub>),0.287
15,AE: Human capital investment,Nominal interest rate (R<sub>t</sub>),0.31
16,AE: Human capital investment,Nominal interest rate (R<sub>t</sub>),0.334
17,AE: Human capital investment,Nominal interest rate (R<sub>t</sub>),0.358
18,AE: Human capital investment,Nominal interest rate (R<sub>t</sub>),0.383
19,AE: Human capital investment,Nominal interest rate (R<sub>t</sub>),0.409
20,AE: Human capital investment,Nominal interest rate (R<sub>t</sub>),0.435
21,AE: Human capital investment,Nominal interest rate (R<sub>t</sub>),0.461
22,AE: Human capital investment,Nominal interest rate (R<sub>t</sub>),0.488
23,AE: Human capital investment,Nominal interest rate (R<sub>t</sub>),0.514
24,AE: Human capital investment,Nominal interest rate (R<sub>t</sub>),0.541
25,AE: Human capital investment,Nominal interest rate (R<sub>t</sub>),0.568
26,AE: Human capital investment,Nominal interest rate (R<sub>t</sub>),0.594
27,AE: Human capital investment,Nominal interest rate (R<sub>t</sub>),0.62
28,AE: Human capital investment,Nominal interest rate (R<sub>t</sub>),0.646
29,AE: Human capital investment,Nominal interest rate (R<sub>t</sub>),0.672
30,AE: Human capital investment,Nominal interest rate (R<sub>t</sub>),0.698
31,AE: Human capital investment,Nominal interest rate (R<sub>t</sub>),0.723
32,AE: Human capital investment,Nominal interest rate (R<sub>t</sub>),0.748
33,AE: Human capital investment,Nominal interest rate (R<sub>t</sub>),0.772
34,AE: Human capital investment,Nominal interest rate (R<sub>t</sub>),0.796
35,AE: Human capital investment,Nominal interest rate (R<sub>t</sub>),0.82
36,AE: Human capital investment,Nominal interest rate (R<sub>t</sub>),0.843
37,AE: Human capital investment,Nominal interest rate (R<sub>t</sub>),0.865
38,AE: Human capital investment,Nominal interest rate (R<sub>t</sub>),0.888
39,AE: Human capital investment,Nominal interest rate (R<sub>t</sub>),0.909
40,AE: Human capital investment,Nominal interest rate (R<sub>t</sub>),0.93
41,AE: Human capital investment,Nominal interest rate (R<sub>t</sub>),0.951
42,AE: Human capital investment,Nominal interest rate (R<sub>t</sub>),0.971
43,AE: Human capital investment,Nominal interest rate (R<sub>t</sub>),0.991
44,AE: Human capital investment,Nominal interest rate (R<sub>t</sub>),1.01
45,AE: Human capital investment,Nominal interest rate (R<sub>t</sub>),1.028
46,AE: Human capital investment,Nominal interest rate (R<sub>t</sub>),1.046
47,AE: Human capital investment,Nominal interest rate (R<sub>t</sub>),1.064
48,AE: Human capital investment,Nominal interest rate (R<sub>t</sub>),1.081
49,AE: Human capital investment,Nominal interest rate (R<sub>t</sub>),1.097
50,AE: Human capital investment,Nominal interest rate (R<sub>t</sub>),1.113
51,AE: Human capital investment,Nominal interest rate (R<sub>t</sub>),1.128
52,AE: Human capital investment,Nominal interest rate (R<sub>t</sub>),1.143
53,AE: Human capital investment,Nominal interest rate (R<sub>t</sub>),1.158
54,AE: Human capital investment,Nominal interest rate (R<sub>t</sub>),1.172
55,AE: Human capital investment,Nominal interest rate (R<sub>t</sub>),1.185
56,AE: Human capital investment,Nominal interest rate (R<sub>t</sub>),1.198
57,AE: Human capital investment,Nominal interest rate (R<sub>t</sub>),1.21
58,AE: Human capital investment,Nominal interest rate (R<sub>t</sub>),1.222
59,AE: Human capital investment,Nominal interest rate (R<sub>t</sub>),1.234
60,AE: Human capital investment,Nominal interest rate (R<sub>t</sub>),1.245
61,AE: Human capital investment,Nominal interest rate (R<sub>t</sub>),1.255
62,AE: Human capital investment,Nominal interest rate (R<sub>t</sub>),1.266
63,AE: Human capital investment,Nominal interest rate (R<sub>t</sub>),1.275
64,AE: Human capital investment,Nominal interest rate (R<sub>t</sub>),1.285
65,AE: Human capital investment,Nominal interest rate (R<sub>t</sub>),1.293
66,AE: Human capital investment,Nominal interest rate (R<sub>t</sub>),1.302
67,AE: Human capital investment,Nominal interest rate (R<sub>t</sub>),1.31
68,AE: Human capital investment,Nominal interest rate (R<sub>t</sub>),1.318
69,AE: Human capital investment,Nominal interest rate (R<sub>t</sub>),1.325
70,AE: Human capital investment,Nominal interest rate (R<sub>t</sub>),1.332
71,AE: Human capital investment,Nominal interest rate (R<sub>t</sub>),1.338
72,AE: Human capital investment,Nominal interest rate (R<sub>t</sub>),1.345
73,AE: Human capital investment,Nominal interest rate (R<sub>t</sub>),1.35
74,AE: Human capital investment,Nominal interest rate (R<sub>t</sub>),1.356
75,AE: Human capital investment,Nominal interest rate (R<sub>t</sub>),1.361
76,AE: Human capital investment,Nominal interest rate (R<sub>t</sub>),1.366
77,AE: Human capital investment,Nominal interest rate (R<sub>t</sub>),1.37
78,AE: Human capital investment,Nominal interest rate (R<sub>t</sub>),1.375
79,AE: Human capital investment,Nominal interest rate (R<sub>t</sub>),1.379
80,AE: Human capital investment,Nominal interest rate (R<sub>t</sub>),1.382
81,AE: Human capital investment,Nominal interest rate (R<sub>t</sub>),1.385
82,AE: Human capital investment,Nominal interest rate (R<sub>t</sub>),1.388
83,AE: Human capital investment,Nominal interest rate (R<sub>t</sub>),1.391
84,AE: Human capital investment,Nominal interest rate (R<sub>t</sub>),1.394
85,AE: Human capital investment,Nominal interest rate (R<sub>t</sub>),1.396
86,AE: Human capital investment,Nominal interest rate (R<sub>t</sub>),1.398
87,AE: Human capital investment,Nominal interest rate (R<sub>t</sub>),1.4
88,AE: Human capital investment,Nominal interest rate (R<sub>t</sub>),1.401
89,AE: Human capital investment,Nominal interest rate (R<sub>t</sub>),1.402
90,AE: Human capital investment,Nominal interest rate (R<sub>t</sub>),1.403
91,AE: Human capital investment,Nominal interest rate (R<sub>t</sub>),1.404
92,AE: Human capital investment,Nominal interest rate (R<sub>t</sub>),1.405
93,AE: Human capital investment,Nominal interest rate (R<sub>t</sub>),1.405
94,AE: Human capital investment,Nominal interest rate (R<sub>t</sub>),1.405
95,AE: Human capital investment,Nominal interest rate (R<sub>t</sub>),1.405
96,AE: Human capital investment,Nominal interest rate (R<sub>t</sub>),1.405
97,AE: Human capital investment,Nominal interest rate (R<sub>t</sub>),1.405
98,AE: Human capital investment,Nominal interest rate (R<sub>t</sub>),1.404
99,AE: Human capital investment,Nominal interest rate (R<sub>t</sub>),1.403
100,AE: Human capital investment,Nominal interest rate (R<sub>t</sub>),1.403
1,AE: R&D spending,Nominal interest rate (R<sub>t</sub>),0.132
2,AE: R&D spending,Nominal interest rate (R<sub>t</sub>),0.153
3,AE: R&D spending,Nominal interest rate (R<sub>t</sub>),0.185
4,AE: R&D spending,Nominal interest rate (R<sub>t</sub>),0.224
5,AE: R&D spending,Nominal interest rate (R<sub>t</sub>),0.266
6,AE: R&D spending,Nominal interest rate (R<sub>t</sub>),0.311
7,AE: R&D spending,Nominal interest rate (R<sub>t</sub>),0.356
8,AE: R&D spending,Nominal interest rate (R<sub>t</sub>),0.402
9,AE: R&D spending,Nominal interest rate (R<sub>t</sub>),0.446
10,AE: R&D spending,Nominal interest rate (R<sub>t</sub>),0.489
11,AE: R&D spending,Nominal interest rate (R<sub>t</sub>),0.53
12,AE: R&D spending,Nominal interest rate (R<sub>t</sub>),0.569
13,AE: R&D spending,Nominal interest rate (R<sub>t</sub>),0.606
14,AE: R&D spending,Nominal interest rate (R<sub>t</sub>),0.641
15,AE: R&D spending,Nominal interest rate (R<sub>t</sub>),0.673
16,AE: R&D spending,Nominal interest rate (R<sub>t</sub>),0.703
17,AE: R&D spending,Nominal interest rate (R<sub>t</sub>),0.731
18,AE: R&D spending,Nominal interest rate (R<sub>t</sub>),0.757
19,AE: R&D spending,Nominal interest rate (R<sub>t</sub>),0.781
20,AE: R&D spending,Nominal interest rate (R<sub>t</sub>),0.803
21,AE: R&D spending,Nominal interest rate (R<sub>t</sub>),0.823
22,AE: R&D spending,Nominal interest rate (R<sub>t</sub>),0.841
23,AE: R&D spending,Nominal interest rate (R<sub>t</sub>),0.858
24,AE: R&D spending,Nominal interest rate (R<sub>t</sub>),0.873
25,AE: R&D spending,Nominal interest rate (R<sub>t</sub>),0.887
26,AE: R&D spending,Nominal interest rate (R<sub>t</sub>),0.899
27,AE: R&D spending,Nominal interest rate (R<sub>t</sub>),0.91
28,AE: R&D spending,Nominal interest rate (R<sub>t</sub>),0.919
29,AE: R&D spending,Nominal interest rate (R<sub>t</sub>),0.928
30,AE: R&D spending,Nominal interest rate (R<sub>t</sub>),0.936
31,AE: R&D spending,Nominal interest rate (R<sub>t</sub>),0.942
32,AE: R&D spending,Nominal interest rate (R<sub>t</sub>),0.948
33,AE: R&D spending,Nominal interest rate (R<sub>t</sub>),0.953
34,AE: R&D spending,Nominal interest rate (R<sub>t</sub>),0.957
35,AE: R&D spending,Nominal interest rate (R<sub>t</sub>),0.96
36,AE: R&D spending,Nominal interest rate (R<sub>t</sub>),0.963
37,AE: R&D spending,Nominal interest rate (R<sub>t</sub>),0.965
38,AE: R&D spending,Nominal interest rate (R<sub>t</sub>),0.966
39,AE: R&D spending,Nominal interest rate (R<sub>t</sub>),0.967
40,AE: R&D spending,Nominal interest rate (R<sub>t</sub>),0.968
41,AE: R&D spending,Nominal interest rate (R<sub>t</sub>),0.968
42,AE: R&D spending,Nominal interest rate (R<sub>t</sub>),0.967
43,AE: R&D spending,Nominal interest rate (R<sub>t</sub>),0.966
44,AE: R&D spending,Nominal interest rate (R<sub>t</sub>),0.965
45,AE: R&D spending,Nominal interest rate (R<sub>t</sub>),0.964
46,AE: R&D spending,Nominal interest rate (R<sub>t</sub>),0.962
47,AE: R&D spending,Nominal interest rate (R<sub>t</sub>),0.96
48,AE: R&D spending,Nominal interest rate (R<sub>t</sub>),0.958
49,AE: R&D spending,Nominal interest rate (R<sub>t</sub>),0.955
50,AE: R&D spending,Nominal interest rate (R<sub>t</sub>),0.952
51,AE: R&D spending,Nominal interest rate (R<sub>t</sub>),0.949
52,AE: R&D spending,Nominal interest rate (R<sub>t</sub>),0.946
53,AE: R&D spending,Nominal interest rate (R<sub>t</sub>),0.943
54,AE: R&D spending,Nominal interest rate (R<sub>t</sub>),0.94
55,AE: R&D spending,Nominal interest rate (R<sub>t</sub>),0.936
56,AE: R&D spending,Nominal interest rate (R<sub>t</sub>),0.932
57,AE: R&D spending,Nominal interest rate (R<sub>t</sub>),0.928
58,AE: R&D spending,Nominal interest rate (R<sub>t</sub>),0.924
59,AE: R&D spending,Nominal interest rate (R<sub>t</sub>),0.92
60,AE: R&D spending,Nominal interest rate (R<sub>t</sub>),0.916
61,AE: R&D spending,Nominal interest rate (R<sub>t</sub>),0.912
62,AE: R&D spending,Nominal interest rate (R<sub>t</sub>),0.908
63,AE: R&D spending,Nominal interest rate (R<sub>t</sub>),0.904
64,AE: R&D spending,Nominal interest rate (R<sub>t</sub>),0.899
65,AE: R&D spending,Nominal interest rate (R<sub>t</sub>),0.895
66,AE: R&D spending,Nominal interest rate (R<sub>t</sub>),0.89
67,AE: R&D spending,Nominal interest rate (R<sub>t</sub>),0.886
68,AE: R&D spending,Nominal interest rate (R<sub>t</sub>),0.881
69,AE: R&D spending,Nominal interest rate (R<sub>t</sub>),0.877
70,AE: R&D spending,Nominal interest rate (R<sub>t</sub>),0.872
71,AE: R&D spending,Nominal interest rate (R<sub>t</sub>),0.868
72,AE: R&D spending,Nominal interest rate (R<sub>t</sub>),0.863
73,AE: R&D spending,Nominal interest rate (R<sub>t</sub>),0.858
74,AE: R&D spending,Nominal interest rate (R<sub>t</sub>),0.854
75,AE: R&D spending,Nominal interest rate (R<sub>t</sub>),0.849
76,AE: R&D spending,Nominal interest rate (R<sub>t</sub>),0.844
77,AE: R&D spending,Nominal interest rate (R<sub>t</sub>),0.84
78,AE: R&D spending,Nominal interest rate (R<sub>t</sub>),0.835
79,AE: R&D spending,Nominal interest rate (R<sub>t</sub>),0.831
80,AE: R&D spending,Nominal interest rate (R<sub>t</sub>),0.826
81,AE: R&D spending,Nominal interest rate (R<sub>t</sub>),0.821
82,AE: R&D spending,Nominal interest rate (R<sub>t</sub>),0.817
83,AE: R&D spending,Nominal interest rate (R<sub>t</sub>),0.812
84,AE: R&D spending,Nominal interest rate (R<sub>t</sub>),0.807
85,AE: R&D spending,Nominal interest rate (R<sub>t</sub>),0.803
86,AE: R&D spending,Nominal interest rate (R<sub>t</sub>),0.798
87,AE: R&D spending,Nominal interest rate (R<sub>t</sub>),0.794
88,AE: R&D spending,Nominal interest rate (R<sub>t</sub>),0.789
89,AE: R&D spending,Nominal interest rate (R<sub>t</sub>),0.785
90,AE: R&D spending,Nominal interest rate (R<sub>t</sub>),0.78
91,AE: R&D spending,Nominal interest rate (R<sub>t</sub>),0.775
92,AE: R&D spending,Nominal interest rate (R<sub>t</sub>),0.771
93,AE: R&D spending,Nominal interest rate (R<sub>t</sub>),0.766
94,AE: R&D spending,Nominal interest rate (R<sub>t</sub>),0.762
95,AE: R&D spending,Nominal interest rate (R<sub>t</sub>),0.757
96,AE: R&D spending,Nominal interest rate (R<sub>t</sub>),0.753
97,AE: R&D spending,Nominal interest rate (R<sub>t</sub>),0.748
98,AE: R&D spending,Nominal interest rate (R<sub>t</sub>),0.744
99,AE: R&D spending,Nominal interest rate (R<sub>t</sub>),0.739
100,AE: R&D spending,Nominal interest rate (R<sub>t</sub>),0.734
1,AE: Infrastructure investment,Real interest rate (R<sub>t</sub>/Π<sub>t</sub>),-0.022
2,AE: Infrastructure investment,Real interest rate (R<sub>t</sub>/Π<sub>t</sub>),0.012
3,AE: Infrastructure investment,Real interest rate (R<sub>t</sub>/Π<sub>t</sub>),0.032
4,AE: Infrastructure investment,Real interest rate (R<sub>t</sub>/Π<sub>t</sub>),0.048
5,AE: Infrastructure investment,Real interest rate (R<sub>t</sub>/Π<sub>t</sub>),0.062
6,AE: Infrastructure investment,Real interest rate (R<sub>t</sub>/Π<sub>t</sub>),0.075
7,AE: Infrastructure investment,Real interest rate (R<sub>t</sub>/Π<sub>t</sub>),0.087
8,AE: Infrastructure investment,Real interest rate (R<sub>t</sub>/Π<sub>t</sub>),0.097
9,AE: Infrastructure investment,Real interest rate (R<sub>t</sub>/Π<sub>t</sub>),0.108
10,AE: Infrastructure investment,Real interest rate (R<sub>t</sub>/Π<sub>t</sub>),0.117
11,AE: Infrastructure investment,Real interest rate (R<sub>t</sub>/Π<sub>t</sub>),0.126
12,AE: Infrastructure investment,Real interest rate (R<sub>t</sub>/Π<sub>t</sub>),0.134
13,AE: Infrastructure investment,Real interest rate (R<sub>t</sub>/Π<sub>t</sub>),0.142
14,AE: Infrastructure investment,Real interest rate (R<sub>t</sub>/Π<sub>t</sub>),0.149
15,AE: Infrastructure investment,Real interest rate (R<sub>t</sub>/Π<sub>t</sub>),0.156
16,AE: Infrastructure investment,Real interest rate (R<sub>t</sub>/Π<sub>t</sub>),0.162
17,AE: Infrastructure investment,Real interest rate (R<sub>t</sub>/Π<sub>t</sub>),0.168
18,AE: Infrastructure investment,Real interest rate (R<sub>t</sub>/Π<sub>t</sub>),0.174
19,AE: Infrastructure investment,Real interest rate (R<sub>t</sub>/Π<sub>t</sub>),0.179
20,AE: Infrastructure investment,Real interest rate (R<sub>t</sub>/Π<sub>t</sub>),0.184
21,AE: Infrastructure investment,Real interest rate (R<sub>t</sub>/Π<sub>t</sub>),0.188
22,AE: Infrastructure investment,Real interest rate (R<sub>t</sub>/Π<sub>t</sub>),0.192
23,AE: Infrastructure investment,Real interest rate (R<sub>t</sub>/Π<sub>t</sub>),0.196
24,AE: Infrastructure investment,Real interest rate (R<sub>t</sub>/Π<sub>t</sub>),0.2
25,AE: Infrastructure investment,Real interest rate (R<sub>t</sub>/Π<sub>t</sub>),0.204
26,AE: Infrastructure investment,Real interest rate (R<sub>t</sub>/Π<sub>t</sub>),0.207
27,AE: Infrastructure investment,Real interest rate (R<sub>t</sub>/Π<sub>t</sub>),0.21
28,AE: Infrastructure investment,Real interest rate (R<sub>t</sub>/Π<sub>t</sub>),0.213
29,AE: Infrastructure investment,Real interest rate (R<sub>t</sub>/Π<sub>t</sub>),0.215
30,AE: Infrastructure investment,Real interest rate (R<sub>t</sub>/Π<sub>t</sub>),0.218
31,AE: Infrastructure investment,Real interest rate (R<sub>t</sub>/Π<sub>t</sub>),0.22
32,AE: Infrastructure investment,Real interest rate (R<sub>t</sub>/Π<sub>t</sub>),0.223
33,AE: Infrastructure investment,Real interest rate (R<sub>t</sub>/Π<sub>t</sub>),0.225
34,AE: Infrastructure investment,Real interest rate (R<sub>t</sub>/Π<sub>t</sub>),0.227
35,AE: Infrastructure investment,Real interest rate (R<sub>t</sub>/Π<sub>t</sub>),0.228
36,AE: Infrastructure investment,Real interest rate (R<sub>t</sub>/Π<sub>t</sub>),0.23
37,AE: Infrastructure investment,Real interest rate (R<sub>t</sub>/Π<sub>t</sub>),0.232
38,AE: Infrastructure investment,Real interest rate (R<sub>t</sub>/Π<sub>t</sub>),0.233
39,AE: Infrastructure investment,Real interest rate (R<sub>t</sub>/Π<sub>t</sub>),0.235
40,AE: Infrastructure investment,Real interest rate (R<sub>t</sub>/Π<sub>t</sub>),0.236
41,AE: Infrastructure investment,Real interest rate (R<sub>t</sub>/Π<sub>t</sub>),0.237
42,AE: Infrastructure investment,Real interest rate (R<sub>t</sub>/Π<sub>t</sub>),0.238
43,AE: Infrastructure investment,Real interest rate (R<sub>t</sub>/Π<sub>t</sub>),0.239
44,AE: Infrastructure investment,Real interest rate (R<sub>t</sub>/Π<sub>t</sub>),0.24
45,AE: Infrastructure investment,Real interest rate (R<sub>t</sub>/Π<sub>t</sub>),0.241
46,AE: Infrastructure investment,Real interest rate (R<sub>t</sub>/Π<sub>t</sub>),0.242
47,AE: Infrastructure investment,Real interest rate (R<sub>t</sub>/Π<sub>t</sub>),0.243
48,AE: Infrastructure investment,Real interest rate (R<sub>t</sub>/Π<sub>t</sub>),0.244
49,AE: Infrastructure investment,Real interest rate (R<sub>t</sub>/Π<sub>t</sub>),0.244
50,AE: Infrastructure investment,Real interest rate (R<sub>t</sub>/Π<sub>t</sub>),0.245
51,AE: Infrastructure investment,Real interest rate (R<sub>t</sub>/Π<sub>t</sub>),0.246
52,AE: Infrastructure investment,Real interest rate (R<sub>t</sub>/Π<sub>t</sub>),0.246
53,AE: Infrastructure investment,Real interest rate (R<sub>t</sub>/Π<sub>t</sub>),0.247
54,AE: Infrastructure investment,Real interest rate (R<sub>t</sub>/Π<sub>t</sub>),0.247
55,AE: Infrastructure investment,Real interest rate (R<sub>t</sub>/Π<sub>t</sub>),0.248
56,AE: Infrastructure investment,Real interest rate (R<sub>t</sub>/Π<sub>t</sub>),0.248
57,AE: Infrastructure investment,Real interest rate (R<sub>t</sub>/Π<sub>t</sub>),0.248
58,AE: Infrastructure investment,Real interest rate (R<sub>t</sub>/Π<sub>t</sub>),0.249
59,AE: Infrastructure investment,Real interest rate (R<sub>t</sub>/Π<sub>t</sub>),0.249
60,AE: Infrastructure investment,Real interest rate (R<sub>t</sub>/Π<sub>t</sub>),0.249
61,AE: Infrastructure investment,Real interest rate (R<sub>t</sub>/Π<sub>t</sub>),0.249
62,AE: Infrastructure investment,Real interest rate (R<sub>t</sub>/Π<sub>t</sub>),0.25
63,AE: Infrastructure investment,Real interest rate (R<sub>t</sub>/Π<sub>t</sub>),0.25
64,AE: Infrastructure investment,Real interest rate (R<sub>t</sub>/Π<sub>t</sub>),0.25
65,AE: Infrastructure investment,Real interest rate (R<sub>t</sub>/Π<sub>t</sub>),0.25
66,AE: Infrastructure investment,Real interest rate (R<sub>t</sub>/Π<sub>t</sub>),0.25
67,AE: Infrastructure investment,Real interest rate (R<sub>t</sub>/Π<sub>t</sub>),0.25
68,AE: Infrastructure investment,Real interest rate (R<sub>t</sub>/Π<sub>t</sub>),0.25
69,AE: Infrastructure investment,Real interest rate (R<sub>t</sub>/Π<sub>t</sub>),0.25
70,AE: Infrastructure investment,Real interest rate (R<sub>t</sub>/Π<sub>t</sub>),0.25
71,AE: Infrastructure investment,Real interest rate (R<sub>t</sub>/Π<sub>t</sub>),0.25
72,AE: Infrastructure investment,Real interest rate (R<sub>t</sub>/Π<sub>t</sub>),0.25
73,AE: Infrastructure investment,Real interest rate (R<sub>t</sub>/Π<sub>t</sub>),0.25
74,AE: Infrastructure investment,Real interest rate (R<sub>t</sub>/Π<sub>t</sub>),0.25
75,AE: Infrastructure investment,Real interest rate (R<sub>t</sub>/Π<sub>t</sub>),0.25
76,AE: Infrastructure investment,Real interest rate (R<sub>t</sub>/Π<sub>t</sub>),0.25
77,AE: Infrastructure investment,Real interest rate (R<sub>t</sub>/Π<sub>t</sub>),0.249
78,AE: Infrastructure investment,Real interest rate (R<sub>t</sub>/Π<sub>t</sub>),0.249
79,AE: Infrastructure investment,Real interest rate (R<sub>t</sub>/Π<sub>t</sub>),0.249
80,AE: Infrastructure investment,Real interest rate (R<sub>t</sub>/Π<sub>t</sub>),0.249
81,AE: Infrastructure investment,Real interest rate (R<sub>t</sub>/Π<sub>t</sub>),0.249
82,AE: Infrastructure investment,Real interest rate (R<sub>t</sub>/Π<sub>t</sub>),0.248
83,AE: Infrastructure investment,Real interest rate (R<sub>t</sub>/Π<sub>t</sub>),0.248
84,AE: Infrastructure investment,Real interest rate (R<sub>t</sub>/Π<sub>t</sub>),0.248
85,AE: Infrastructure investment,Real interest rate (R<sub>t</sub>/Π<sub>t</sub>),0.247
86,AE: Infrastructure investment,Real interest rate (R<sub>t</sub>/Π<sub>t</sub>),0.247
87,AE: Infrastructure investment,Real interest rate (R<sub>t</sub>/Π<sub>t</sub>),0.247
88,AE: Infrastructure investment,Real interest rate (R<sub>t</sub>/Π<sub>t</sub>),0.246
89,AE: Infrastructure investment,Real interest rate (R<sub>t</sub>/Π<sub>t</sub>),0.246
90,AE: Infrastructure investment,Real interest rate (R<sub>t</sub>/Π<sub>t</sub>),0.245
91,AE: Infrastructure investment,Real interest rate (R<sub>t</sub>/Π<sub>t</sub>),0.245
92,AE: Infrastructure investment,Real interest rate (R<sub>t</sub>/Π<sub>t</sub>),0.244
93,AE: Infrastructure investment,Real interest rate (R<sub>t</sub>/Π<sub>t</sub>),0.244
94,AE: Infrastructure investment,Real interest rate (R<sub>t</sub>/Π<sub>t</sub>),0.243
95,AE: Infrastructure investment,Real interest rate (R<sub>t</sub>/Π<sub>t</sub>),0.242
96,AE: Infrastructure investment,Real interest rate (R<sub>t</sub>/Π<sub>t</sub>),0.242
97,AE: Infrastructure investment,Real interest rate (R<sub>t</sub>/Π<sub>t</sub>),0.241
98,AE: Infrastructure investment,Real interest rate (R<sub>t</sub>/Π<sub>t</sub>),0.24
99,AE: Infrastructure investment,Real interest rate (R<sub>t</sub>/Π<sub>t</sub>),0.24
100,AE: Infrastructure investment,Real interest rate (R<sub>t</sub>/Π<sub>t</sub>),0.239
1,AE: Human capital investment,Real interest rate (R<sub>t</sub>/Π<sub>t</sub>),0.019
2,AE: Human capital investment,Real interest rate (R<sub>t</sub>/Π<sub>t</sub>),0.05
3,AE: Human capital investment,Real interest rate (R<sub>t</sub>/Π<sub>t</sub>),0.052
4,AE: Human capital investment,Real interest rate (R<sub>t</sub>/Π<sub>t</sub>),0.047
5,AE: Human capital investment,Real interest rate (R<sub>t</sub>/Π<sub>t</sub>),0.041
6,AE: Human capital investment,Real interest rate (R<sub>t</sub>/Π<sub>t</sub>),0.037
7,AE: Human capital investment,Real interest rate (R<sub>t</sub>/Π<sub>t</sub>),0.034
8,AE: Human capital investment,Real interest rate (R<sub>t</sub>/Π<sub>t</sub>),0.033
9,AE: Human capital investment,Real interest rate (R<sub>t</sub>/Π<sub>t</sub>),0.033
10,AE: Human capital investment,Real interest rate (R<sub>t</sub>/Π<sub>t</sub>),0.034
11,AE: Human capital investment,Real interest rate (R<sub>t</sub>/Π<sub>t</sub>),0.037
12,AE: Human capital investment,Real interest rate (R<sub>t</sub>/Π<sub>t</sub>),0.04
13,AE: Human capital investment,Real interest rate (R<sub>t</sub>/Π<sub>t</sub>),0.045
14,AE: Human capital investment,Real interest rate (R<sub>t</sub>/Π<sub>t</sub>),0.05
15,AE: Human capital investment,Real interest rate (R<sub>t</sub>/Π<sub>t</sub>),0.055
16,AE: Human capital investment,Real interest rate (R<sub>t</sub>/Π<sub>t</sub>),0.062
17,AE: Human capital investment,Real interest rate (R<sub>t</sub>/Π<sub>t</sub>),0.069
18,AE: Human capital investment,Real interest rate (R<sub>t</sub>/Π<sub>t</sub>),0.076
19,AE: Human capital investment,Real interest rate (R<sub>t</sub>/Π<sub>t</sub>),0.084
20,AE: Human capital investment,Real interest rate (R<sub>t</sub>/Π<sub>t</sub>),0.092
21,AE: Human capital investment,Real interest rate (R<sub>t</sub>/Π<sub>t</sub>),0.1
22,AE: Human capital investment,Real interest rate (R<sub>t</sub>/Π<sub>t</sub>),0.109
23,AE: Human capital investment,Real interest rate (R<sub>t</sub>/Π<sub>t</sub>),0.118
24,AE: Human capital investment,Real interest rate (R<sub>t</sub>/Π<sub>t</sub>),0.127
25,AE: Human capital investment,Real interest rate (R<sub>t</sub>/Π<sub>t</sub>),0.136
26,AE: Human capital investment,Real interest rate (R<sub>t</sub>/Π<sub>t</sub>),0.145
27,AE: Human capital investment,Real interest rate (R<sub>t</sub>/Π<sub>t</sub>),0.154
28,AE: Human capital investment,Real interest rate (R<sub>t</sub>/Π<sub>t</sub>),0.163
29,AE: Human capital investment,Real interest rate (R<sub>t</sub>/Π<sub>t</sub>),0.172
30,AE: Human capital investment,Real interest rate (R<sub>t</sub>/Π<sub>t</sub>),0.181
31,AE: Human capital investment,Real interest rate (R<sub>t</sub>/Π<sub>t</sub>),0.19
32,AE: Human capital investment,Real interest rate (R<sub>t</sub>/Π<sub>t</sub>),0.199
33,AE: Human capital investment,Real interest rate (R<sub>t</sub>/Π<sub>t</sub>),0.208
34,AE: Human capital investment,Real interest rate (R<sub>t</sub>/Π<sub>t</sub>),0.217
35,AE: Human capital investment,Real interest rate (R<sub>t</sub>/Π<sub>t</sub>),0.226
36,AE: Human capital investment,Real interest rate (R<sub>t</sub>/Π<sub>t</sub>),0.234
37,AE: Human capital investment,Real interest rate (R<sub>t</sub>/Π<sub>t</sub>),0.243
38,AE: Human capital investment,Real interest rate (R<sub>t</sub>/Π<sub>t</sub>),0.251
39,AE: Human capital investment,Real interest rate (R<sub>t</sub>/Π<sub>t</sub>),0.259
40,AE: Human capital investment,Real interest rate (R<sub>t</sub>/Π<sub>t</sub>),0.267
41,AE: Human capital investment,Real interest rate (R<sub>t</sub>/Π<sub>t</sub>),0.275
42,AE: Human capital investment,Real interest rate (R<sub>t</sub>/Π<sub>t</sub>),0.283
43,AE: Human capital investment,Real interest rate (R<sub>t</sub>/Π<sub>t</sub>),0.291
44,AE: Human capital investment,Real interest rate (R<sub>t</sub>/Π<sub>t</sub>),0.298
45,AE: Human capital investment,Real interest rate (R<sub>t</sub>/Π<sub>t</sub>),0.305
46,AE: Human capital investment,Real interest rate (R<sub>t</sub>/Π<sub>t</sub>),0.312
47,AE: Human capital investment,Real interest rate (R<sub>t</sub>/Π<sub>t</sub>),0.319
48,AE: Human capital investment,Real interest rate (R<sub>t</sub>/Π<sub>t</sub>),0.326
49,AE: Human capital investment,Real interest rate (R<sub>t</sub>/Π<sub>t</sub>),0.332
50,AE: Human capital investment,Real interest rate (R<sub>t</sub>/Π<sub>t</sub>),0.338
51,AE: Human capital investment,Real interest rate (R<sub>t</sub>/Π<sub>t</sub>),0.344
52,AE: Human capital investment,Real interest rate (R<sub>t</sub>/Π<sub>t</sub>),0.35
53,AE: Human capital investment,Real interest rate (R<sub>t</sub>/Π<sub>t</sub>),0.356
54,AE: Human capital investment,Real interest rate (R<sub>t</sub>/Π<sub>t</sub>),0.362
55,AE: Human capital investment,Real interest rate (R<sub>t</sub>/Π<sub>t</sub>),0.367
56,AE: Human capital investment,Real interest rate (R<sub>t</sub>/Π<sub>t</sub>),0.372
57,AE: Human capital investment,Real interest rate (R<sub>t</sub>/Π<sub>t</sub>),0.377
58,AE: Human capital investment,Real interest rate (R<sub>t</sub>/Π<sub>t</sub>),0.382
59,AE: Human capital investment,Real interest rate (R<sub>t</sub>/Π<sub>t</sub>),0.387
60,AE: Human capital investment,Real interest rate (R<sub>t</sub>/Π<sub>t</sub>),0.392
61,AE: Human capital investment,Real interest rate (R<sub>t</sub>/Π<sub>t</sub>),0.396
62,AE: Human capital investment,Real interest rate (R<sub>t</sub>/Π<sub>t</sub>),0.4
63,AE: Human capital investment,Real interest rate (R<sub>t</sub>/Π<sub>t</sub>),0.404
64,AE: Human capital investment,Real interest rate (R<sub>t</sub>/Π<sub>t</sub>),0.408
65,AE: Human capital investment,Real interest rate (R<sub>t</sub>/Π<sub>t</sub>),0.412
66,AE: Human capital investment,Real interest rate (R<sub>t</sub>/Π<sub>t</sub>),0.416
67,AE: Human capital investment,Real interest rate (R<sub>t</sub>/Π<sub>t</sub>),0.419
68,AE: Human capital investment,Real interest rate (R<sub>t</sub>/Π<sub>t</sub>),0.422
69,AE: Human capital investment,Real interest rate (R<sub>t</sub>/Π<sub>t</sub>),0.426
70,AE: Human capital investment,Real interest rate (R<sub>t</sub>/Π<sub>t</sub>),0.429
71,AE: Human capital investment,Real interest rate (R<sub>t</sub>/Π<sub>t</sub>),0.431
72,AE: Human capital investment,Real interest rate (R<sub>t</sub>/Π<sub>t</sub>),0.434
73,AE: Human capital investment,Real interest rate (R<sub>t</sub>/Π<sub>t</sub>),0.437
74,AE: Human capital investment,Real interest rate (R<sub>t</sub>/Π<sub>t</sub>),0.439
75,AE: Human capital investment,Real interest rate (R<sub>t</sub>/Π<sub>t</sub>),0.442
76,AE: Human capital investment,Real interest rate (R<sub>t</sub>/Π<sub>t</sub>),0.444
77,AE: Human capital investment,Real interest rate (R<sub>t</sub>/Π<sub>t</sub>),0.446
78,AE: Human capital investment,Real interest rate (R<sub>t</sub>/Π<sub>t</sub>),0.448
79,AE: Human capital investment,Real interest rate (R<sub>t</sub>/Π<sub>t</sub>),0.45
80,AE: Human capital investment,Real interest rate (R<sub>t</sub>/Π<sub>t</sub>),0.452
81,AE: Human capital investment,Real interest rate (R<sub>t</sub>/Π<sub>t</sub>),0.453
82,AE: Human capital investment,Real interest rate (R<sub>t</sub>/Π<sub>t</sub>),0.455
83,AE: Human capital investment,Real interest rate (R<sub>t</sub>/Π<sub>t</sub>),0.456
84,AE: Human capital investment,Real interest rate (R<sub>t</sub>/Π<sub>t</sub>),0.458
85,AE: Human capital investment,Real interest rate (R<sub>t</sub>/Π<sub>t</sub>),0.459
86,AE: Human capital investment,Real interest rate (R<sub>t</sub>/Π<sub>t</sub>),0.46
87,AE: Human capital investment,Real interest rate (R<sub>t</sub>/Π<sub>t</sub>),0.461
88,AE: Human capital investment,Real interest rate (R<sub>t</sub>/Π<sub>t</sub>),0.462
89,AE: Human capital investment,Real interest rate (R<sub>t</sub>/Π<sub>t</sub>),0.463
90,AE: Human capital investment,Real interest rate (R<sub>t</sub>/Π<sub>t</sub>),0.464
91,AE: Human capital investment,Real interest rate (R<sub>t</sub>/Π<sub>t</sub>),0.465
92,AE: Human capital investment,Real interest rate (R<sub>t</sub>/Π<sub>t</sub>),0.465
93,AE: Human capital investment,Real interest rate (R<sub>t</sub>/Π<sub>t</sub>),0.466
94,AE: Human capital investment,Real interest rate (R<sub>t</sub>/Π<sub>t</sub>),0.466
95,AE: Human capital investment,Real interest rate (R<sub>t</sub>/Π<sub>t</sub>),0.467
96,AE: Human capital investment,Real interest rate (R<sub>t</sub>/Π<sub>t</sub>),0.467
97,AE: Human capital investment,Real interest rate (R<sub>t</sub>/Π<sub>t</sub>),0.467
98,AE: Human capital investment,Real interest rate (R<sub>t</sub>/Π<sub>t</sub>),0.467
99,AE: Human capital investment,Real interest rate (R<sub>t</sub>/Π<sub>t</sub>),0.467
100,AE: Human capital investment,Real interest rate (R<sub>t</sub>/Π<sub>t</sub>),0.467
1,AE: R&D spending,Real interest rate (R<sub>t</sub>/Π<sub>t</sub>),-0.025
2,AE: R&D spending,Real interest rate (R<sub>t</sub>/Π<sub>t</sub>),-0.017
3,AE: R&D spending,Real interest rate (R<sub>t</sub>/Π<sub>t</sub>),-0.014
4,AE: R&D spending,Real interest rate (R<sub>t</sub>/Π<sub>t</sub>),-0.008
5,AE: R&D spending,Real interest rate (R<sub>t</sub>/Π<sub>t</sub>),0.002
6,AE: R&D spending,Real interest rate (R<sub>t</sub>/Π<sub>t</sub>),0.015
7,AE: R&D spending,Real interest rate (R<sub>t</sub>/Π<sub>t</sub>),0.03
8,AE: R&D spending,Real interest rate (R<sub>t</sub>/Π<sub>t</sub>),0.046
9,AE: R&D spending,Real interest rate (R<sub>t</sub>/Π<sub>t</sub>),0.064
10,AE: R&D spending,Real interest rate (R<sub>t</sub>/Π<sub>t</sub>),0.081
11,AE: R&D spending,Real interest rate (R<sub>t</sub>/Π<sub>t</sub>),0.099
12,AE: R&D spending,Real interest rate (R<sub>t</sub>/Π<sub>t</sub>),0.116
13,AE: R&D spending,Real interest rate (R<sub>t</sub>/Π<sub>t</sub>),0.132
14,AE: R&D spending,Real interest rate (R<sub>t</sub>/Π<sub>t</sub>),0.148
15,AE: R&D spending,Real interest rate (R<sub>t</sub>/Π<sub>t</sub>),0.164
16,AE: R&D spending,Real interest rate (R<sub>t</sub>/Π<sub>t</sub>),0.178
17,AE: R&D spending,Real interest rate (R<sub>t</sub>/Π<sub>t</sub>),0.192
18,AE: R&D spending,Real interest rate (R<sub>t</sub>/Π<sub>t</sub>),0.204
19,AE: R&D spending,Real interest rate (R<sub>t</sub>/Π<sub>t</sub>),0.216
20,AE: R&D spending,Real interest rate (R<sub>t</sub>/Π<sub>t</sub>),0.227
21,AE: R&D spending,Real interest rate (R<sub>t</sub>/Π<sub>t</sub>),0.237
22,AE: R&D spending,Real interest rate (R<sub>t</sub>/Π<sub>t</sub>),0.247
23,AE: R&D spending,Real interest rate (R<sub>t</sub>/Π<sub>t</sub>),0.255
24,AE: R&D spending,Real interest rate (R<sub>t</sub>/Π<sub>t</sub>),0.263
25,AE: R&D spending,Real interest rate (R<sub>t</sub>/Π<sub>t</sub>),0.27
26,AE: R&D spending,Real interest rate (R<sub>t</sub>/Π<sub>t</sub>),0.277
27,AE: R&D spending,Real interest rate (R<sub>t</sub>/Π<sub>t</sub>),0.283
28,AE: R&D spending,Real interest rate (R<sub>t</sub>/Π<sub>t</sub>),0.289
29,AE: R&D spending,Real interest rate (R<sub>t</sub>/Π<sub>t</sub>),0.293
30,AE: R&D spending,Real interest rate (R<sub>t</sub>/Π<sub>t</sub>),0.298
31,AE: R&D spending,Real interest rate (R<sub>t</sub>/Π<sub>t</sub>),0.302
32,AE: R&D spending,Real interest rate (R<sub>t</sub>/Π<sub>t</sub>),0.306
33,AE: R&D spending,Real interest rate (R<sub>t</sub>/Π<sub>t</sub>),0.309
34,AE: R&D spending,Real interest rate (R<sub>t</sub>/Π<sub>t</sub>),0.311
35,AE: R&D spending,Real interest rate (R<sub>t</sub>/Π<sub>t</sub>),0.314
36,AE: R&D spending,Real interest rate (R<sub>t</sub>/Π<sub>t</sub>),0.316
37,AE: R&D spending,Real interest rate (R<sub>t</sub>/Π<sub>t</sub>),0.318
38,AE: R&D spending,Real interest rate (R<sub>t</sub>/Π<sub>t</sub>),0.319
39,AE: R&D spending,Real interest rate (R<sub>t</sub>/Π<sub>t</sub>),0.321
40,AE: R&D spending,Real interest rate (R<sub>t</sub>/Π<sub>t</sub>),0.322
41,AE: R&D spending,Real interest rate (R<sub>t</sub>/Π<sub>t</sub>),0.323
42,AE: R&D spending,Real interest rate (R<sub>t</sub>/Π<sub>t</sub>),0.323
43,AE: R&D spending,Real interest rate (R<sub>t</sub>/Π<sub>t</sub>),0.324
44,AE: R&D spending,Real interest rate (R<sub>t</sub>/Π<sub>t</sub>),0.324
45,AE: R&D spending,Real interest rate (R<sub>t</sub>/Π<sub>t</sub>),0.324
46,AE: R&D spending,Real interest rate (R<sub>t</sub>/Π<sub>t</sub>),0.324
47,AE: R&D spending,Real interest rate (R<sub>t</sub>/Π<sub>t</sub>),0.324
48,AE: R&D spending,Real interest rate (R<sub>t</sub>/Π<sub>t</sub>),0.324
49,AE: R&D spending,Real interest rate (R<sub>t</sub>/Π<sub>t</sub>),0.323
50,AE: R&D spending,Real interest rate (R<sub>t</sub>/Π<sub>t</sub>),0.323
51,AE: R&D spending,Real interest rate (R<sub>t</sub>/Π<sub>t</sub>),0.322
52,AE: R&D spending,Real interest rate (R<sub>t</sub>/Π<sub>t</sub>),0.321
53,AE: R&D spending,Real interest rate (R<sub>t</sub>/Π<sub>t</sub>),0.321
54,AE: R&D spending,Real interest rate (R<sub>t</sub>/Π<sub>t</sub>),0.32
55,AE: R&D spending,Real interest rate (R<sub>t</sub>/Π<sub>t</sub>),0.319
56,AE: R&D spending,Real interest rate (R<sub>t</sub>/Π<sub>t</sub>),0.318
57,AE: R&D spending,Real interest rate (R<sub>t</sub>/Π<sub>t</sub>),0.317
58,AE: R&D spending,Real interest rate (R<sub>t</sub>/Π<sub>t</sub>),0.316
59,AE: R&D spending,Real interest rate (R<sub>t</sub>/Π<sub>t</sub>),0.314
60,AE: R&D spending,Real interest rate (R<sub>t</sub>/Π<sub>t</sub>),0.313
61,AE: R&D spending,Real interest rate (R<sub>t</sub>/Π<sub>t</sub>),0.312
62,AE: R&D spending,Real interest rate (R<sub>t</sub>/Π<sub>t</sub>),0.311
63,AE: R&D spending,Real interest rate (R<sub>t</sub>/Π<sub>t</sub>),0.309
64,AE: R&D spending,Real interest rate (R<sub>t</sub>/Π<sub>t</sub>),0.308
65,AE: R&D spending,Real interest rate (R<sub>t</sub>/Π<sub>t</sub>),0.307
66,AE: R&D spending,Real interest rate (R<sub>t</sub>/Π<sub>t</sub>),0.305
67,AE: R&D spending,Real interest rate (R<sub>t</sub>/Π<sub>t</sub>),0.304
68,AE: R&D spending,Real interest rate (R<sub>t</sub>/Π<sub>t</sub>),0.302
69,AE: R&D spending,Real interest rate (R<sub>t</sub>/Π<sub>t</sub>),0.301
70,AE: R&D spending,Real interest rate (R<sub>t</sub>/Π<sub>t</sub>),0.299
71,AE: R&D spending,Real interest rate (R<sub>t</sub>/Π<sub>t</sub>),0.298
72,AE: R&D spending,Real interest rate (R<sub>t</sub>/Π<sub>t</sub>),0.296
73,AE: R&D spending,Real interest rate (R<sub>t</sub>/Π<sub>t</sub>),0.295
74,AE: R&D spending,Real interest rate (R<sub>t</sub>/Π<sub>t</sub>),0.293
75,AE: R&D spending,Real interest rate (R<sub>t</sub>/Π<sub>t</sub>),0.292
76,AE: R&D spending,Real interest rate (R<sub>t</sub>/Π<sub>t</sub>),0.29
77,AE: R&D spending,Real interest rate (R<sub>t</sub>/Π<sub>t</sub>),0.289
78,AE: R&D spending,Real interest rate (R<sub>t</sub>/Π<sub>t</sub>),0.287
79,AE: R&D spending,Real interest rate (R<sub>t</sub>/Π<sub>t</sub>),0.286
80,AE: R&D spending,Real interest rate (R<sub>t</sub>/Π<sub>t</sub>),0.284
81,AE: R&D spending,Real interest rate (R<sub>t</sub>/Π<sub>t</sub>),0.283
82,AE: R&D spending,Real interest rate (R<sub>t</sub>/Π<sub>t</sub>),0.281
83,AE: R&D spending,Real interest rate (R<sub>t</sub>/Π<sub>t</sub>),0.279
84,AE: R&D spending,Real interest rate (R<sub>t</sub>/Π<sub>t</sub>),0.278
85,AE: R&D spending,Real interest rate (R<sub>t</sub>/Π<sub>t</sub>),0.276
86,AE: R&D spending,Real interest rate (R<sub>t</sub>/Π<sub>t</sub>),0.275
87,AE: R&D spending,Real interest rate (R<sub>t</sub>/Π<sub>t</sub>),0.273
88,AE: R&D spending,Real interest rate (R<sub>t</sub>/Π<sub>t</sub>),0.272
89,AE: R&D spending,Real interest rate (R<sub>t</sub>/Π<sub>t</sub>),0.27
90,AE: R&D spending,Real interest rate (R<sub>t</sub>/Π<sub>t</sub>),0.269
91,AE: R&D spending,Real interest rate (R<sub>t</sub>/Π<sub>t</sub>),0.267
92,AE: R&D spending,Real interest rate (R<sub>t</sub>/Π<sub>t</sub>),0.266
93,AE: R&D spending,Real interest rate (R<sub>t</sub>/Π<sub>t</sub>),0.264
94,AE: R&D spending,Real interest rate (R<sub>t</sub>/Π<sub>t</sub>),0.263
95,AE: R&D spending,Real interest rate (R<sub>t</sub>/Π<sub>t</sub>),0.261
96,AE: R&D spending,Real interest rate (R<sub>t</sub>/Π<sub>t</sub>),0.26
97,AE: R&D spending,Real interest rate (R<sub>t</sub>/Π<sub>t</sub>),0.258
98,AE: R&D spending,Real interest rate (R<sub>t</sub>/Π<sub>t</sub>),0.257
99,AE: R&D spending,Real interest rate (R<sub>t</sub>/Π<sub>t</sub>),0.256
100,AE: R&D spending,Real interest rate (R<sub>t</sub>/Π<sub>t</sub>),0.254
1,AE: Infrastructure investment,Primary deficit-to-GDP ratio,-0.259
2,AE: Infrastructure investment,Primary deficit-to-GDP ratio,-0.039
3,AE: Infrastructure investment,Primary deficit-to-GDP ratio,-0.066
4,AE: Infrastructure investment,Primary deficit-to-GDP ratio,-0.073
5,AE: Infrastructure investment,Primary deficit-to-GDP ratio,-0.08
6,AE: Infrastructure investment,Primary deficit-to-GDP ratio,-0.087
7,AE: Infrastructure investment,Primary deficit-to-GDP ratio,-0.094
8,AE: Infrastructure investment,Primary deficit-to-GDP ratio,-0.101
9,AE: Infrastructure investment,Primary deficit-to-GDP ratio,-0.108
10,AE: Infrastructure investment,Primary deficit-to-GDP ratio,-0.116
11,AE: Infrastructure investment,Primary deficit-to-GDP ratio,-0.123
12,AE: Infrastructure investment,Primary deficit-to-GDP ratio,-0.131
13,AE: Infrastructure investment,Primary deficit-to-GDP ratio,-0.139
14,AE: Infrastructure investment,Primary deficit-to-GDP ratio,-0.147
15,AE: Infrastructure investment,Primary deficit-to-GDP ratio,-0.155
16,AE: Infrastructure investment,Primary deficit-to-GDP ratio,-0.164
17,AE: Infrastructure investment,Primary deficit-to-GDP ratio,-0.172
18,AE: Infrastructure investment,Primary deficit-to-GDP ratio,-0.18
19,AE: Infrastructure investment,Primary deficit-to-GDP ratio,-0.189
20,AE: Infrastructure investment,Primary deficit-to-GDP ratio,-0.197
21,AE: Infrastructure investment,Primary deficit-to-GDP ratio,-0.206
22,AE: Infrastructure investment,Primary deficit-to-GDP ratio,-0.214
23,AE: Infrastructure investment,Primary deficit-to-GDP ratio,-0.223
24,AE: Infrastructure investment,Primary deficit-to-GDP ratio,-0.232
25,AE: Infrastructure investment,Primary deficit-to-GDP ratio,-0.24
26,AE: Infrastructure investment,Primary deficit-to-GDP ratio,-0.249
27,AE: Infrastructure investment,Primary deficit-to-GDP ratio,-0.258
28,AE: Infrastructure investment,Primary deficit-to-GDP ratio,-0.266
29,AE: Infrastructure investment,Primary deficit-to-GDP ratio,-0.275
30,AE: Infrastructure investment,Primary deficit-to-GDP ratio,-0.284
31,AE: Infrastructure investment,Primary deficit-to-GDP ratio,-0.292
32,AE: Infrastructure investment,Primary deficit-to-GDP ratio,-0.301
33,AE: Infrastructure investment,Primary deficit-to-GDP ratio,-0.31
34,AE: Infrastructure investment,Primary deficit-to-GDP ratio,-0.318
35,AE: Infrastructure investment,Primary deficit-to-GDP ratio,-0.327
36,AE: Infrastructure investment,Primary deficit-to-GDP ratio,-0.335
37,AE: Infrastructure investment,Primary deficit-to-GDP ratio,-0.344
38,AE: Infrastructure investment,Primary deficit-to-GDP ratio,-0.352
39,AE: Infrastructure investment,Primary deficit-to-GDP ratio,-0.361
40,AE: Infrastructure investment,Primary deficit-to-GDP ratio,-0.369
41,AE: Infrastructure investment,Primary deficit-to-GDP ratio,-0.378
42,AE: Infrastructure investment,Primary deficit-to-GDP ratio,-0.386
43,AE: Infrastructure investment,Primary deficit-to-GDP ratio,-0.394
44,AE: Infrastructure investment,Primary deficit-to-GDP ratio,-0.403
45,AE: Infrastructure investment,Primary deficit-to-GDP ratio,-0.411
46,AE: Infrastructure investment,Primary deficit-to-GDP ratio,-0.419
47,AE: Infrastructure investment,Primary deficit-to-GDP ratio,-0.427
48,AE: Infrastructure investment,Primary deficit-to-GDP ratio,-0.435
49,AE: Infrastructure investment,Primary deficit-to-GDP ratio,-0.443
50,AE: Infrastructure investment,Primary deficit-to-GDP ratio,-0.451
51,AE: Infrastructure investment,Primary deficit-to-GDP ratio,-0.459
52,AE: Infrastructure investment,Primary deficit-to-GDP ratio,-0.467
53,AE: Infrastructure investment,Primary deficit-to-GDP ratio,-0.475
54,AE: Infrastructure investment,Primary deficit-to-GDP ratio,-0.482
55,AE: Infrastructure investment,Primary deficit-to-GDP ratio,-0.49
56,AE: Infrastructure investment,Primary deficit-to-GDP ratio,-0.498
57,AE: Infrastructure investment,Primary deficit-to-GDP ratio,-0.505
58,AE: Infrastructure investment,Primary deficit-to-GDP ratio,-0.513
59,AE: Infrastructure investment,Primary deficit-to-GDP ratio,-0.52
60,AE: Infrastructure investment,Primary deficit-to-GDP ratio,-0.528
61,AE: Infrastructure investment,Primary deficit-to-GDP ratio,-0.535
62,AE: Infrastructure investment,Primary deficit-to-GDP ratio,-0.542
63,AE: Infrastructure investment,Primary deficit-to-GDP ratio,-0.549
64,AE: Infrastructure investment,Primary deficit-to-GDP ratio,-0.557
65,AE: Infrastructure investment,Primary deficit-to-GDP ratio,-0.564
66,AE: Infrastructure investment,Primary deficit-to-GDP ratio,-0.571
67,AE: Infrastructure investment,Primary deficit-to-GDP ratio,-0.578
68,AE: Infrastructure investment,Primary deficit-to-GDP ratio,-0.585
69,AE: Infrastructure investment,Primary deficit-to-GDP ratio,-0.591
70,AE: Infrastructure investment,Primary deficit-to-GDP ratio,-0.598
71,AE: Infrastructure investment,Primary deficit-to-GDP ratio,-0.605
72,AE: Infrastructure investment,Primary deficit-to-GDP ratio,-0.612
73,AE: Infrastructure investment,Primary deficit-to-GDP ratio,-0.618
74,AE: Infrastructure investment,Primary deficit-to-GDP ratio,-0.625
75,AE: Infrastructure investment,Primary deficit-to-GDP ratio,-0.631
76,AE: Infrastructure investment,Primary deficit-to-GDP ratio,-0.638
77,AE: Infrastructure investment,Primary deficit-to-GDP ratio,-0.644
78,AE: Infrastructure investment,Primary deficit-to-GDP ratio,-0.651
79,AE: Infrastructure investment,Primary deficit-to-GDP ratio,-0.657
80,AE: Infrastructure investment,Primary deficit-to-GDP ratio,-0.663
81,AE: Infrastructure investment,Primary deficit-to-GDP ratio,-0.669
82,AE: Infrastructure investment,Primary deficit-to-GDP ratio,-0.675
83,AE: Infrastructure investment,Primary deficit-to-GDP ratio,-0.681
84,AE: Infrastructure investment,Primary deficit-to-GDP ratio,-0.687
85,AE: Infrastructure investment,Primary deficit-to-GDP ratio,-0.693
86,AE: Infrastructure investment,Primary deficit-to-GDP ratio,-0.699
87,AE: Infrastructure investment,Primary deficit-to-GDP ratio,-0.705
88,AE: Infrastructure investment,Primary deficit-to-GDP ratio,-0.711
89,AE: Infrastructure investment,Primary deficit-to-GDP ratio,-0.717
90,AE: Infrastructure investment,Primary deficit-to-GDP ratio,-0.723
91,AE: Infrastructure investment,Primary deficit-to-GDP ratio,-0.728
92,AE: Infrastructure investment,Primary deficit-to-GDP ratio,-0.734
93,AE: Infrastructure investment,Primary deficit-to-GDP ratio,-0.74
94,AE: Infrastructure investment,Primary deficit-to-GDP ratio,-0.745
95,AE: Infrastructure investment,Primary deficit-to-GDP ratio,-0.751
96,AE: Infrastructure investment,Primary deficit-to-GDP ratio,-0.757
97,AE: Infrastructure investment,Primary deficit-to-GDP ratio,-0.762
98,AE: Infrastructure investment,Primary deficit-to-GDP ratio,-0.768
99,AE: Infrastructure investment,Primary deficit-to-GDP ratio,-0.773
100,AE: Infrastructure investment,Primary deficit-to-GDP ratio,-0.779
1,AE: Human capital investment,Primary deficit-to-GDP ratio,-0.415
2,AE: Human capital investment,Primary deficit-to-GDP ratio,-0.139
3,AE: Human capital investment,Primary deficit-to-GDP ratio,-0.153
4,AE: Human capital investment,Primary deficit-to-GDP ratio,-0.144
5,AE: Human capital investment,Primary deficit-to-GDP ratio,-0.133
6,AE: Human capital investment,Primary deficit-to-GDP ratio,-0.122
7,AE: Human capital investment,Primary deficit-to-GDP ratio,-0.112
8,AE: Human capital investment,Primary deficit-to-GDP ratio,-0.104
9,AE: Human capital investment,Primary deficit-to-GDP ratio,-0.096
10,AE: Human capital investment,Primary deficit-to-GDP ratio,-0.089
11,AE: Human capital investment,Primary deficit-to-GDP ratio,-0.083
12,AE: Human capital investment,Primary deficit-to-GDP ratio,-0.077
13,AE: Human capital investment,Primary deficit-to-GDP ratio,-0.073
14,AE: Human capital investment,Primary deficit-to-GDP ratio,-0.069
15,AE: Human capital investment,Primary deficit-to-GDP ratio,-0.067
16,AE: Human capital investment,Primary deficit-to-GDP ratio,-0.065
17,AE: Human capital investment,Primary deficit-to-GDP ratio,-0.064
18,AE: Human capital investment,Primary deficit-to-GDP ratio,-0.063
19,AE: Human capital investment,Primary deficit-to-GDP ratio,-0.064
20,AE: Human capital investment,Primary deficit-to-GDP ratio,-0.065
21,AE: Human capital investment,Primary deficit-to-GDP ratio,-0.067
22,AE: Human capital investment,Primary deficit-to-GDP ratio,-0.069
23,AE: Human capital investment,Primary deficit-to-GDP ratio,-0.072
24,AE: Human capital investment,Primary deficit-to-GDP ratio,-0.076
25,AE: Human capital investment,Primary deficit-to-GDP ratio,-0.081
26,AE: Human capital investment,Primary deficit-to-GDP ratio,-0.086
27,AE: Human capital investment,Primary deficit-to-GDP ratio,-0.091
28,AE: Human capital investment,Primary deficit-to-GDP ratio,-0.098
29,AE: Human capital investment,Primary deficit-to-GDP ratio,-0.104
30,AE: Human capital investment,Primary deficit-to-GDP ratio,-0.112
31,AE: Human capital investment,Primary deficit-to-GDP ratio,-0.119
32,AE: Human capital investment,Primary deficit-to-GDP ratio,-0.128
33,AE: Human capital investment,Primary deficit-to-GDP ratio,-0.136
34,AE: Human capital investment,Primary deficit-to-GDP ratio,-0.145
35,AE: Human capital investment,Primary deficit-to-GDP ratio,-0.155
36,AE: Human capital investment,Primary deficit-to-GDP ratio,-0.165
37,AE: Human capital investment,Primary deficit-to-GDP ratio,-0.175
38,AE: Human capital investment,Primary deficit-to-GDP ratio,-0.186
39,AE: Human capital investment,Primary deficit-to-GDP ratio,-0.197
40,AE: Human capital investment,Primary deficit-to-GDP ratio,-0.209
41,AE: Human capital investment,Primary deficit-to-GDP ratio,-0.221
42,AE: Human capital investment,Primary deficit-to-GDP ratio,-0.233
43,AE: Human capital investment,Primary deficit-to-GDP ratio,-0.245
44,AE: Human capital investment,Primary deficit-to-GDP ratio,-0.258
45,AE: Human capital investment,Primary deficit-to-GDP ratio,-0.271
46,AE: Human capital investment,Primary deficit-to-GDP ratio,-0.284
47,AE: Human capital investment,Primary deficit-to-GDP ratio,-0.297
48,AE: Human capital investment,Primary deficit-to-GDP ratio,-0.311
49,AE: Human capital investment,Primary deficit-to-GDP ratio,-0.325
50,AE: Human capital investment,Primary deficit-to-GDP ratio,-0.339
51,AE: Human capital investment,Primary deficit-to-GDP ratio,-0.353
52,AE: Human capital investment,Primary deficit-to-GDP ratio,-0.368
53,AE: Human capital investment,Primary deficit-to-GDP ratio,-0.382
54,AE: Human capital investment,Primary deficit-to-GDP ratio,-0.397
55,AE: Human capital investment,Primary deficit-to-GDP ratio,-0.412
56,AE: Human capital investment,Primary deficit-to-GDP ratio,-0.427
57,AE: Human capital investment,Primary deficit-to-GDP ratio,-0.442
58,AE: Human capital investment,Primary deficit-to-GDP ratio,-0.458
59,AE: Human capital investment,Primary deficit-to-GDP ratio,-0.473
60,AE: Human capital investment,Primary deficit-to-GDP ratio,-0.489
61,AE: Human capital investment,Primary deficit-to-GDP ratio,-0.504
62,AE: Human capital investment,Primary deficit-to-GDP ratio,-0.52
63,AE: Human capital investment,Primary deficit-to-GDP ratio,-0.536
64,AE: Human capital investment,Primary deficit-to-GDP ratio,-0.551
65,AE: Human capital investment,Primary deficit-to-GDP ratio,-0.567
66,AE: Human capital investment,Primary deficit-to-GDP ratio,-0.583
67,AE: Human capital investment,Primary deficit-to-GDP ratio,-0.599
68,AE: Human capital investment,Primary deficit-to-GDP ratio,-0.615
69,AE: Human capital investment,Primary deficit-to-GDP ratio,-0.631
70,AE: Human capital investment,Primary deficit-to-GDP ratio,-0.647
71,AE: Human capital investment,Primary deficit-to-GDP ratio,-0.662
72,AE: Human capital investment,Primary deficit-to-GDP ratio,-0.678
73,AE: Human capital investment,Primary deficit-to-GDP ratio,-0.694
74,AE: Human capital investment,Primary deficit-to-GDP ratio,-0.71
75,AE: Human capital investment,Primary deficit-to-GDP ratio,-0.726
76,AE: Human capital investment,Primary deficit-to-GDP ratio,-0.742
77,AE: Human capital investment,Primary deficit-to-GDP ratio,-0.758
78,AE: Human capital investment,Primary deficit-to-GDP ratio,-0.773
79,AE: Human capital investment,Primary deficit-to-GDP ratio,-0.789
80,AE: Human capital investment,Primary deficit-to-GDP ratio,-0.805
81,AE: Human capital investment,Primary deficit-to-GDP ratio,-0.82
82,AE: Human capital investment,Primary deficit-to-GDP ratio,-0.836
83,AE: Human capital investment,Primary deficit-to-GDP ratio,-0.852
84,AE: Human capital investment,Primary deficit-to-GDP ratio,-0.867
85,AE: Human capital investment,Primary deficit-to-GDP ratio,-0.882
86,AE: Human capital investment,Primary deficit-to-GDP ratio,-0.898
87,AE: Human capital investment,Primary deficit-to-GDP ratio,-0.913
88,AE: Human capital investment,Primary deficit-to-GDP ratio,-0.928
89,AE: Human capital investment,Primary deficit-to-GDP ratio,-0.943
90,AE: Human capital investment,Primary deficit-to-GDP ratio,-0.958
91,AE: Human capital investment,Primary deficit-to-GDP ratio,-0.973
92,AE: Human capital investment,Primary deficit-to-GDP ratio,-0.987
93,AE: Human capital investment,Primary deficit-to-GDP ratio,-1.002
94,AE: Human capital investment,Primary deficit-to-GDP ratio,-1.016
95,AE: Human capital investment,Primary deficit-to-GDP ratio,-1.031
96,AE: Human capital investment,Primary deficit-to-GDP ratio,-1.045
97,AE: Human capital investment,Primary deficit-to-GDP ratio,-1.059
98,AE: Human capital investment,Primary deficit-to-GDP ratio,-1.073
99,AE: Human capital investment,Primary deficit-to-GDP ratio,-1.087
100,AE: Human capital investment,Primary deficit-to-GDP ratio,-1.101
1,AE: R&D spending,Primary deficit-to-GDP ratio,-0.163
2,AE: R&D spending,Primary deficit-to-GDP ratio,-0.004
3,AE: R&D spending,Primary deficit-to-GDP ratio,-0.007
4,AE: R&D spending,Primary deficit-to-GDP ratio,-0.002
5,AE: R&D spending,Primary deficit-to-GDP ratio,0.001
6,AE: R&D spending,Primary deficit-to-GDP ratio,0.001
7,AE: R&D spending,Primary deficit-to-GDP ratio,-0.001
8,AE: R&D spending,Primary deficit-to-GDP ratio,-0.005
9,AE: R&D spending,Primary deficit-to-GDP ratio,-0.011
10,AE: R&D spending,Primary deficit-to-GDP ratio,-0.018
11,AE: R&D spending,Primary deficit-to-GDP ratio,-0.027
12,AE: R&D spending,Primary deficit-to-GDP ratio,-0.036
13,AE: R&D spending,Primary deficit-to-GDP ratio,-0.047
14,AE: R&D spending,Primary deficit-to-GDP ratio,-0.057
15,AE: R&D spending,Primary deficit-to-GDP ratio,-0.069
16,AE: R&D spending,Primary deficit-to-GDP ratio,-0.081
17,AE: R&D spending,Primary deficit-to-GDP ratio,-0.093
18,AE: R&D spending,Primary deficit-to-GDP ratio,-0.106
19,AE: R&D spending,Primary deficit-to-GDP ratio,-0.119
20,AE: R&D spending,Primary deficit-to-GDP ratio,-0.132
21,AE: R&D spending,Primary deficit-to-GDP ratio,-0.145
22,AE: R&D spending,Primary deficit-to-GDP ratio,-0.159
23,AE: R&D spending,Primary deficit-to-GDP ratio,-0.172
24,AE: R&D spending,Primary deficit-to-GDP ratio,-0.186
25,AE: R&D spending,Primary deficit-to-GDP ratio,-0.2
26,AE: R&D spending,Primary deficit-to-GDP ratio,-0.214
27,AE: R&D spending,Primary deficit-to-GDP ratio,-0.227
28,AE: R&D spending,Primary deficit-to-GDP ratio,-0.241
29,AE: R&D spending,Primary deficit-to-GDP ratio,-0.255
30,AE: R&D spending,Primary deficit-to-GDP ratio,-0.269
31,AE: R&D spending,Primary deficit-to-GDP ratio,-0.282
32,AE: R&D spending,Primary deficit-to-GDP ratio,-0.296
33,AE: R&D spending,Primary deficit-to-GDP ratio,-0.309
34,AE: R&D spending,Primary deficit-to-GDP ratio,-0.323
35,AE: R&D spending,Primary deficit-to-GDP ratio,-0.336
36,AE: R&D spending,Primary deficit-to-GDP ratio,-0.349
37,AE: R&D spending,Primary deficit-to-GDP ratio,-0.362
38,AE: R&D spending,Primary deficit-to-GDP ratio,-0.375
39,AE: R&D spending,Primary deficit-to-GDP ratio,-0.388
40,AE: R&D spending,Primary deficit-to-GDP ratio,-0.401
41,AE: R&D spending,Primary deficit-to-GDP ratio,-0.413
42,AE: R&D spending,Primary deficit-to-GDP ratio,-0.426
43,AE: R&D spending,Primary deficit-to-GDP ratio,-0.438
44,AE: R&D spending,Primary deficit-to-GDP ratio,-0.45
45,AE: R&D spending,Primary deficit-to-GDP ratio,-0.462
46,AE: R&D spending,Primary deficit-to-GDP ratio,-0.474
47,AE: R&D spending,Primary deficit-to-GDP ratio,-0.486
48,AE: R&D spending,Primary deficit-to-GDP ratio,-0.497
49,AE: R&D spending,Primary deficit-to-GDP ratio,-0.509
50,AE: R&D spending,Primary deficit-to-GDP ratio,-0.52
51,AE: R&D spending,Primary deficit-to-GDP ratio,-0.531
52,AE: R&D spending,Primary deficit-to-GDP ratio,-0.542
53,AE: R&D spending,Primary deficit-to-GDP ratio,-0.553
54,AE: R&D spending,Primary deficit-to-GDP ratio,-0.564
55,AE: R&D spending,Primary deficit-to-GDP ratio,-0.574
56,AE: R&D spending,Primary deficit-to-GDP ratio,-0.584
57,AE: R&D spending,Primary deficit-to-GDP ratio,-0.594
58,AE: R&D spending,Primary deficit-to-GDP ratio,-0.604
59,AE: R&D spending,Primary deficit-to-GDP ratio,-0.614
60,AE: R&D spending,Primary deficit-to-GDP ratio,-0.624
61,AE: R&D spending,Primary deficit-to-GDP ratio,-0.633
62,AE: R&D spending,Primary deficit-to-GDP ratio,-0.643
63,AE: R&D spending,Primary deficit-to-GDP ratio,-0.652
64,AE: R&D spending,Primary deficit-to-GDP ratio,-0.661
65,AE: R&D spending,Primary deficit-to-GDP ratio,-0.67
66,AE: R&D spending,Primary deficit-to-GDP ratio,-0.678
67,AE: R&D spending,Primary deficit-to-GDP ratio,-0.687
68,AE: R&D spending,Primary deficit-to-GDP ratio,-0.695
69,AE: R&D spending,Primary deficit-to-GDP ratio,-0.703
70,AE: R&D spending,Primary deficit-to-GDP ratio,-0.712
71,AE: R&D spending,Primary deficit-to-GDP ratio,-0.719
72,AE: R&D spending,Primary deficit-to-GDP ratio,-0.727
73,AE: R&D spending,Primary deficit-to-GDP ratio,-0.735
74,AE: R&D spending,Primary deficit-to-GDP ratio,-0.742
75,AE: R&D spending,Primary deficit-to-GDP ratio,-0.75
76,AE: R&D spending,Primary deficit-to-GDP ratio,-0.757
77,AE: R&D spending,Primary deficit-to-GDP ratio,-0.764
78,AE: R&D spending,Primary deficit-to-GDP ratio,-0.771
79,AE: R&D spending,Primary deficit-to-GDP ratio,-0.778
80,AE: R&D spending,Primary deficit-to-GDP ratio,-0.784
81,AE: R&D spending,Primary deficit-to-GDP ratio,-0.791
82,AE: R&D spending,Primary deficit-to-GDP ratio,-0.797
83,AE: R&D spending,Primary deficit-to-GDP ratio,-0.803
84,AE: R&D spending,Primary deficit-to-GDP ratio,-0.809
85,AE: R&D spending,Primary deficit-to-GDP ratio,-0.815
86,AE: R&D spending,Primary deficit-to-GDP ratio,-0.821
87,AE: R&D spending,Primary deficit-to-GDP ratio,-0.827
88,AE: R&D spending,Primary deficit-to-GDP ratio,-0.832
89,AE: R&D spending,Primary deficit-to-GDP ratio,-0.838
90,AE: R&D spending,Primary deficit-to-GDP ratio,-0.843
91,AE: R&D spending,Primary deficit-to-GDP ratio,-0.848
92,AE: R&D spending,Primary deficit-to-GDP ratio,-0.854
93,AE: R&D spending,Primary deficit-to-GDP ratio,-0.859
94,AE: R&D spending,Primary deficit-to-GDP ratio,-0.864
95,AE: R&D spending,Primary deficit-to-GDP ratio,-0.868
96,AE: R&D spending,Primary deficit-to-GDP ratio,-0.873
97,AE: R&D spending,Primary deficit-to-GDP ratio,-0.878
98,AE: R&D spending,Primary deficit-to-GDP ratio,-0.882
99,AE: R&D spending,Primary deficit-to-GDP ratio,-0.887
100,AE: R&D spending,Primary deficit-to-GDP ratio,-0.891
1,AE: Infrastructure investment,Transfers-to-GDP ratio,0.0
2,AE: Infrastructure investment,Transfers-to-GDP ratio,0.013
3,AE: Infrastructure investment,Transfers-to-GDP ratio,0.0
4,AE: Infrastructure investment,Transfers-to-GDP ratio,0.003
5,AE: Infrastructure investment,Transfers-to-GDP ratio,0.005
6,AE: Infrastructure investment,Transfers-to-GDP ratio,0.007
7,AE: Infrastructure investment,Transfers-to-GDP ratio,0.009
8,AE: Infrastructure investment,Transfers-to-GDP ratio,0.011
9,AE: Infrastructure investment,Transfers-to-GDP ratio,0.012
10,AE: Infrastructure investment,Transfers-to-GDP ratio,0.014
11,AE: Infrastructure investment,Transfers-to-GDP ratio,0.016
12,AE: Infrastructure investment,Transfers-to-GDP ratio,0.018
13,AE: Infrastructure investment,Transfers-to-GDP ratio,0.02
14,AE: Infrastructure investment,Transfers-to-GDP ratio,0.022
15,AE: Infrastructure investment,Transfers-to-GDP ratio,0.023
16,AE: Infrastructure investment,Transfers-to-GDP ratio,0.025
17,AE: Infrastructure investment,Transfers-to-GDP ratio,0.027
18,AE: Infrastructure investment,Transfers-to-GDP ratio,0.029
19,AE: Infrastructure investment,Transfers-to-GDP ratio,0.031
20,AE: Infrastructure investment,Transfers-to-GDP ratio,0.033
21,AE: Infrastructure investment,Transfers-to-GDP ratio,0.035
22,AE: Infrastructure investment,Transfers-to-GDP ratio,0.037
23,AE: Infrastructure investment,Transfers-to-GDP ratio,0.039
24,AE: Infrastructure investment,Transfers-to-GDP ratio,0.041
25,AE: Infrastructure investment,Transfers-to-GDP ratio,0.043
26,AE: Infrastructure investment,Transfers-to-GDP ratio,0.045
27,AE: Infrastructure investment,Transfers-to-GDP ratio,0.048
28,AE: Infrastructure investment,Transfers-to-GDP ratio,0.05
29,AE: Infrastructure investment,Transfers-to-GDP ratio,0.052
30,AE: Infrastructure investment,Transfers-to-GDP ratio,0.055
31,AE: Infrastructure investment,Transfers-to-GDP ratio,0.057
32,AE: Infrastructure investment,Transfers-to-GDP ratio,0.06
33,AE: Infrastructure investment,Transfers-to-GDP ratio,0.063
34,AE: Infrastructure investment,Transfers-to-GDP ratio,0.065
35,AE: Infrastructure investment,Transfers-to-GDP ratio,0.068
36,AE: Infrastructure investment,Transfers-to-GDP ratio,0.071
37,AE: Infrastructure investment,Transfers-to-GDP ratio,0.074
38,AE: Infrastructure investment,Transfers-to-GDP ratio,0.077
39,AE: Infrastructure investment,Transfers-to-GDP ratio,0.08
40,AE: Infrastructure investment,Transfers-to-GDP ratio,0.083
41,AE: Infrastructure investment,Transfers-to-GDP ratio,0.087
42,AE: Infrastructure investment,Transfers-to-GDP ratio,0.09
43,AE: Infrastructure investment,Transfers-to-GDP ratio,0.093
44,AE: Infrastructure investment,Transfers-to-GDP ratio,0.097
45,AE: Infrastructure investment,Transfers-to-GDP ratio,0.1
46,AE: Infrastructure investment,Transfers-to-GDP ratio,0.104
47,AE: Infrastructure investment,Transfers-to-GDP ratio,0.108
48,AE: Infrastructure investment,Transfers-to-GDP ratio,0.111
49,AE: Infrastructure investment,Transfers-to-GDP ratio,0.115
50,AE: Infrastructure investment,Transfers-to-GDP ratio,0.119
51,AE: Infrastructure investment,Transfers-to-GDP ratio,0.123
52,AE: Infrastructure investment,Transfers-to-GDP ratio,0.127
53,AE: Infrastructure investment,Transfers-to-GDP ratio,0.131
54,AE: Infrastructure investment,Transfers-to-GDP ratio,0.136
55,AE: Infrastructure investment,Transfers-to-GDP ratio,0.14
56,AE: Infrastructure investment,Transfers-to-GDP ratio,0.144
57,AE: Infrastructure investment,Transfers-to-GDP ratio,0.149
58,AE: Infrastructure investment,Transfers-to-GDP ratio,0.153
59,AE: Infrastructure investment,Transfers-to-GDP ratio,0.158
60,AE: Infrastructure investment,Transfers-to-GDP ratio,0.162
61,AE: Infrastructure investment,Transfers-to-GDP ratio,0.167
62,AE: Infrastructure investment,Transfers-to-GDP ratio,0.172
63,AE: Infrastructure investment,Transfers-to-GDP ratio,0.177
64,AE: Infrastructure investment,Transfers-to-GDP ratio,0.182
65,AE: Infrastructure investment,Transfers-to-GDP ratio,0.187
66,AE: Infrastructure investment,Transfers-to-GDP ratio,0.192
67,AE: Infrastructure investment,Transfers-to-GDP ratio,0.197
68,AE: Infrastructure investment,Transfers-to-GDP ratio,0.202
69,AE: Infrastructure investment,Transfers-to-GDP ratio,0.208
70,AE: Infrastructure investment,Transfers-to-GDP ratio,0.213
71,AE: Infrastructure investment,Transfers-to-GDP ratio,0.219
72,AE: Infrastructure investment,Transfers-to-GDP ratio,0.224
73,AE: Infrastructure investment,Transfers-to-GDP ratio,0.23
74,AE: Infrastructure investment,Transfers-to-GDP ratio,0.235
75,AE: Infrastructure investment,Transfers-to-GDP ratio,0.241
76,AE: Infrastructure investment,Transfers-to-GDP ratio,0.247
77,AE: Infrastructure investment,Transfers-to-GDP ratio,0.253
78,AE: Infrastructure investment,Transfers-to-GDP ratio,0.259
79,AE: Infrastructure investment,Transfers-to-GDP ratio,0.265
80,AE: Infrastructure investment,Transfers-to-GDP ratio,0.271
81,AE: Infrastructure investment,Transfers-to-GDP ratio,0.277
82,AE: Infrastructure investment,Transfers-to-GDP ratio,0.283
83,AE: Infrastructure investment,Transfers-to-GDP ratio,0.29
84,AE: Infrastructure investment,Transfers-to-GDP ratio,0.296
85,AE: Infrastructure investment,Transfers-to-GDP ratio,0.302
86,AE: Infrastructure investment,Transfers-to-GDP ratio,0.309
87,AE: Infrastructure investment,Transfers-to-GDP ratio,0.315
88,AE: Infrastructure investment,Transfers-to-GDP ratio,0.322
89,AE: Infrastructure investment,Transfers-to-GDP ratio,0.329
90,AE: Infrastructure investment,Transfers-to-GDP ratio,0.336
91,AE: Infrastructure investment,Transfers-to-GDP ratio,0.342
92,AE: Infrastructure investment,Transfers-to-GDP ratio,0.349
93,AE: Infrastructure investment,Transfers-to-GDP ratio,0.356
94,AE: Infrastructure investment,Transfers-to-GDP ratio,0.363
95,AE: Infrastructure investment,Transfers-to-GDP ratio,0.37
96,AE: Infrastructure investment,Transfers-to-GDP ratio,0.378
97,AE: Infrastructure investment,Transfers-to-GDP ratio,0.385
98,AE: Infrastructure investment,Transfers-to-GDP ratio,0.392
99,AE: Infrastructure investment,Transfers-to-GDP ratio,0.4
100,AE: Infrastructure investment,Transfers-to-GDP ratio,0.407
1,AE: Human capital investment,Transfers-to-GDP ratio,0.0
2,AE: Human capital investment,Transfers-to-GDP ratio,0.046
3,AE: Human capital investment,Transfers-to-GDP ratio,0.029
4,AE: Human capital investment,Transfers-to-GDP ratio,0.028
5,AE: Human capital investment,Transfers-to-GDP ratio,0.026
6,AE: Human capital investment,Transfers-to-GDP ratio,0.024
7,AE: Human capital investment,Transfers-to-GDP ratio,0.023
8,AE: Human capital investment,Transfers-to-GDP ratio,0.022
9,AE: Human capital investment,Transfers-to-GDP ratio,0.021
10,AE: Human capital investment,Transfers-to-GDP ratio,0.02
11,AE: Human capital investment,Transfers-to-GDP ratio,0.019
12,AE: Human capital investment,Transfers-to-GDP ratio,0.019
13,AE: Human capital investment,Transfers-to-GDP ratio,0.018
14,AE: Human capital investment,Transfers-to-GDP ratio,0.018
15,AE: Human capital investment,Transfers-to-GDP ratio,0.017
16,AE: Human capital investment,Transfers-to-GDP ratio,0.017
17,AE: Human capital investment,Transfers-to-GDP ratio,0.017
18,AE: Human capital investment,Transfers-to-GDP ratio,0.017
19,AE: Human capital investment,Transfers-to-GDP ratio,0.017
20,AE: Human capital investment,Transfers-to-GDP ratio,0.017
21,AE: Human capital investment,Transfers-to-GDP ratio,0.017
22,AE: Human capital investment,Transfers-to-GDP ratio,0.017
23,AE: Human capital investment,Transfers-to-GDP ratio,0.018
24,AE: Human capital investment,Transfers-to-GDP ratio,0.018
25,AE: Human capital investment,Transfers-to-GDP ratio,0.018
26,AE: Human capital investment,Transfers-to-GDP ratio,0.019
27,AE: Human capital investment,Transfers-to-GDP ratio,0.02
28,AE: Human capital investment,Transfers-to-GDP ratio,0.02
29,AE: Human capital investment,Transfers-to-GDP ratio,0.021
30,AE: Human capital investment,Transfers-to-GDP ratio,0.022
31,AE: Human capital investment,Transfers-to-GDP ratio,0.023
32,AE: Human capital investment,Transfers-to-GDP ratio,0.024
33,AE: Human capital investment,Transfers-to-GDP ratio,0.025
34,AE: Human capital investment,Transfers-to-GDP ratio,0.026
35,AE: Human capital investment,Transfers-to-GDP ratio,0.027
36,AE: Human capital investment,Transfers-to-GDP ratio,0.029
37,AE: Human capital investment,Transfers-to-GDP ratio,0.03
38,AE: Human capital investment,Transfers-to-GDP ratio,0.031
39,AE: Human capital investment,Transfers-to-GDP ratio,0.033
40,AE: Human capital investment,Transfers-to-GDP ratio,0.035
41,AE: Human capital investment,Transfers-to-GDP ratio,0.037
42,AE: Human capital investment,Transfers-to-GDP ratio,0.038
43,AE: Human capital investment,Transfers-to-GDP ratio,0.04
44,AE: Human capital investment,Transfers-to-GDP ratio,0.043
45,AE: Human capital investment,Transfers-to-GDP ratio,0.045
46,AE: Human capital investment,Transfers-to-GDP ratio,0.047
47,AE: Human capital investment,Transfers-to-GDP ratio,0.05
48,AE: Human capital investment,Transfers-to-GDP ratio,0.052
49,AE: Human capital investment,Transfers-to-GDP ratio,0.055
50,AE: Human capital investment,Transfers-to-GDP ratio,0.058
51,AE: Human capital investment,Transfers-to-GDP ratio,0.06
52,AE: Human capital investment,Transfers-to-GDP ratio,0.064
53,AE: Human capital investment,Transfers-to-GDP ratio,0.067
54,AE: Human capital investment,Transfers-to-GDP ratio,0.07
55,AE: Human capital investment,Transfers-to-GDP ratio,0.073
56,AE: Human capital investment,Transfers-to-GDP ratio,0.077
57,AE: Human capital investment,Transfers-to-GDP ratio,0.081
58,AE: Human capital investment,Transfers-to-GDP ratio,0.084
59,AE: Human capital investment,Transfers-to-GDP ratio,0.088
60,AE: Human capital investment,Transfers-to-GDP ratio,0.092
61,AE: Human capital investment,Transfers-to-GDP ratio,0.097
62,AE: Human capital investment,Transfers-to-GDP ratio,0.101
63,AE: Human capital investment,Transfers-to-GDP ratio,0.105
64,AE: Human capital investment,Transfers-to-GDP ratio,0.11
65,AE: Human capital investment,Transfers-to-GDP ratio,0.115
66,AE: Human capital investment,Transfers-to-GDP ratio,0.12
67,AE: Human capital investment,Transfers-to-GDP ratio,0.125
68,AE: Human capital investment,Transfers-to-GDP ratio,0.13
69,AE: Human capital investment,Transfers-to-GDP ratio,0.135
70,AE: Human capital investment,Transfers-to-GDP ratio,0.141
71,AE: Human capital investment,Transfers-to-GDP ratio,0.146
72,AE: Human capital investment,Transfers-to-GDP ratio,0.152
73,AE: Human capital investment,Transfers-to-GDP ratio,0.158
74,AE: Human capital investment,Transfers-to-GDP ratio,0.164
75,AE: Human capital investment,Transfers-to-GDP ratio,0.17
76,AE: Human capital investment,Transfers-to-GDP ratio,0.177
77,AE: Human capital investment,Transfers-to-GDP ratio,0.183
78,AE: Human capital investment,Transfers-to-GDP ratio,0.19
79,AE: Human capital investment,Transfers-to-GDP ratio,0.196
80,AE: Human capital investment,Transfers-to-GDP ratio,0.203
81,AE: Human capital investment,Transfers-to-GDP ratio,0.21
82,AE: Human capital investment,Transfers-to-GDP ratio,0.218
83,AE: Human capital investment,Transfers-to-GDP ratio,0.225
84,AE: Human capital investment,Transfers-to-GDP ratio,0.232
85,AE: Human capital investment,Transfers-to-GDP ratio,0.24
86,AE: Human capital investment,Transfers-to-GDP ratio,0.248
87,AE: Human capital investment,Transfers-to-GDP ratio,0.256
88,AE: Human capital investment,Transfers-to-GDP ratio,0.264
89,AE: Human capital investment,Transfers-to-GDP ratio,0.272
90,AE: Human capital investment,Transfers-to-GDP ratio,0.28
91,AE: Human capital investment,Transfers-to-GDP ratio,0.289
92,AE: Human capital investment,Transfers-to-GDP ratio,0.297
93,AE: Human capital investment,Transfers-to-GDP ratio,0.306
94,AE: Human capital investment,Transfers-to-GDP ratio,0.315
95,AE: Human capital investment,Transfers-to-GDP ratio,0.324
96,AE: Human capital investment,Transfers-to-GDP ratio,0.333
97,AE: Human capital investment,Transfers-to-GDP ratio,0.343
98,AE: Human capital investment,Transfers-to-GDP ratio,0.352
99,AE: Human capital investment,Transfers-to-GDP ratio,0.362
100,AE: Human capital investment,Transfers-to-GDP ratio,0.371
1,AE: R&D spending,Transfers-to-GDP ratio,0.0
2,AE: R&D spending,Transfers-to-GDP ratio,0.01
3,AE: R&D spending,Transfers-to-GDP ratio,-0.002
4,AE: R&D spending,Transfers-to-GDP ratio,-0.004
5,AE: R&D spending,Transfers-to-GDP ratio,-0.005
6,AE: R&D spending,Transfers-to-GDP ratio,-0.005
7,AE: R&D spending,Transfers-to-GDP ratio,-0.005
8,AE: R&D spending,Transfers-to-GDP ratio,-0.005
9,AE: R&D spending,Transfers-to-GDP ratio,-0.004
10,AE: R&D spending,Transfers-to-GDP ratio,-0.003
11,AE: R&D spending,Transfers-to-GDP ratio,-0.002
12,AE: R&D spending,Transfers-to-GDP ratio,-0.0
13,AE: R&D spending,Transfers-to-GDP ratio,0.001
14,AE: R&D spending,Transfers-to-GDP ratio,0.003
15,AE: R&D spending,Transfers-to-GDP ratio,0.004
16,AE: R&D spending,Transfers-to-GDP ratio,0.006
17,AE: R&D spending,Transfers-to-GDP ratio,0.008
18,AE: R&D spending,Transfers-to-GDP ratio,0.009
19,AE: R&D spending,Transfers-to-GDP ratio,0.011
20,AE: R&D spending,Transfers-to-GDP ratio,0.013
21,AE: R&D spending,Transfers-to-GDP ratio,0.015
22,AE: R&D spending,Transfers-to-GDP ratio,0.016
23,AE: R&D spending,Transfers-to-GDP ratio,0.018
24,AE: R&D spending,Transfers-to-GDP ratio,0.02
25,AE: R&D spending,Transfers-to-GDP ratio,0.022
26,AE: R&D spending,Transfers-to-GDP ratio,0.024
27,AE: R&D spending,Transfers-to-GDP ratio,0.026
28,AE: R&D spending,Transfers-to-GDP ratio,0.028
29,AE: R&D spending,Transfers-to-GDP ratio,0.031
30,AE: R&D spending,Transfers-to-GDP ratio,0.033
31,AE: R&D spending,Transfers-to-GDP ratio,0.035
32,AE: R&D spending,Transfers-to-GDP ratio,0.038
33,AE: R&D spending,Transfers-to-GDP ratio,0.04
34,AE: R&D spending,Transfers-to-GDP ratio,0.043
35,AE: R&D spending,Transfers-to-GDP ratio,0.046
36,AE: R&D spending,Transfers-to-GDP ratio,0.048
37,AE: R&D spending,Transfers-to-GDP ratio,0.051
38,AE: R&D spending,Transfers-to-GDP ratio,0.054
39,AE: R&D spending,Transfers-to-GDP ratio,0.057
40,AE: R&D spending,Transfers-to-GDP ratio,0.061
41,AE: R&D spending,Transfers-to-GDP ratio,0.064
42,AE: R&D spending,Transfers-to-GDP ratio,0.067
43,AE: R&D spending,Transfers-to-GDP ratio,0.071
44,AE: R&D spending,Transfers-to-GDP ratio,0.075
45,AE: R&D spending,Transfers-to-GDP ratio,0.078
46,AE: R&D spending,Transfers-to-GDP ratio,0.082
47,AE: R&D spending,Transfers-to-GDP ratio,0.086
48,AE: R&D spending,Transfers-to-GDP ratio,0.09
49,AE: R&D spending,Transfers-to-GDP ratio,0.094
50,AE: R&D spending,Transfers-to-GDP ratio,0.099
51,AE: R&D spending,Transfers-to-GDP ratio,0.103
52,AE: R&D spending,Transfers-to-GDP ratio,0.107
53,AE: R&D spending,Transfers-to-GDP ratio,0.112
54,AE: R&D spending,Transfers-to-GDP ratio,0.117
55,AE: R&D spending,Transfers-to-GDP ratio,0.121
56,AE: R&D spending,Transfers-to-GDP ratio,0.126
57,AE: R&D spending,Transfers-to-GDP ratio,0.131
58,AE: R&D spending,Transfers-to-GDP ratio,0.136
59,AE: R&D spending,Transfers-to-GDP ratio,0.142
60,AE: R&D spending,Transfers-to-GDP ratio,0.147
61,AE: R&D spending,Transfers-to-GDP ratio,0.152
62,AE: R&D spending,Transfers-to-GDP ratio,0.158
63,AE: R&D spending,Transfers-to-GDP ratio,0.163
64,AE: R&D spending,Transfers-to-GDP ratio,0.169
65,AE: R&D spending,Transfers-to-GDP ratio,0.175
66,AE: R&D spending,Transfers-to-GDP ratio,0.181
67,AE: R&D spending,Transfers-to-GDP ratio,0.186
68,AE: R&D spending,Transfers-to-GDP ratio,0.193
69,AE: R&D spending,Transfers-to-GDP ratio,0.199
70,AE: R&D spending,Transfers-to-GDP ratio,0.205
71,AE: R&D spending,Transfers-to-GDP ratio,0.211
72,AE: R&D spending,Transfers-to-GDP ratio,0.217
73,AE: R&D spending,Transfers-to-GDP ratio,0.224
74,AE: R&D spending,Transfers-to-GDP ratio,0.23
75,AE: R&D spending,Transfers-to-GDP ratio,0.237
76,AE: R&D spending,Transfers-to-GDP ratio,0.244
77,AE: R&D spending,Transfers-to-GDP ratio,0.251
78,AE: R&D spending,Transfers-to-GDP ratio,0.257
79,AE: R&D spending,Transfers-to-GDP ratio,0.264
80,AE: R&D spending,Transfers-to-GDP ratio,0.271
81,AE: R&D spending,Transfers-to-GDP ratio,0.278
82,AE: R&D spending,Transfers-to-GDP ratio,0.286
83,AE: R&D spending,Transfers-to-GDP ratio,0.293
84,AE: R&D spending,Transfers-to-GDP ratio,0.3
85,AE: R&D spending,Transfers-to-GDP ratio,0.308
86,AE: R&D spending,Transfers-to-GDP ratio,0.315
87,AE: R&D spending,Transfers-to-GDP ratio,0.322
88,AE: R&D spending,Transfers-to-GDP ratio,0.33
89,AE: R&D spending,Transfers-to-GDP ratio,0.338
90,AE: R&D spending,Transfers-to-GDP ratio,0.345
91,AE: R&D spending,Transfers-to-GDP ratio,0.353
92,AE: R&D spending,Transfers-to-GDP ratio,0.361
93,AE: R&D spending,Transfers-to-GDP ratio,0.369
94,AE: R&D spending,Transfers-to-GDP ratio,0.377
95,AE: R&D spending,Transfers-to-GDP ratio,0.385
96,AE: R&D spending,Transfers-to-GDP ratio,0.393
97,AE: R&D spending,Transfers-to-GDP ratio,0.401
98,AE: R&D spending,Transfers-to-GDP ratio,0.409
99,AE: R&D spending,Transfers-to-GDP ratio,0.418
100,AE: R&D spending,Transfers-to-GDP ratio,0.426
1,AE: Infrastructure investment,Debt-to-GDP ratio (b<sub>t</sub>),-0.335
2,AE: Infrastructure investment,Debt-to-GDP ratio (b<sub>t</sub>),-0.001
3,AE: Infrastructure investment,Debt-to-GDP ratio (b<sub>t</sub>),-0.064
4,AE: Infrastructure investment,Debt-to-GDP ratio (b<sub>t</sub>),-0.119
5,AE: Infrastructure investment,Debt-to-GDP ratio (b<sub>t</sub>),-0.17
6,AE: Infrastructure investment,Debt-to-GDP ratio (b<sub>t</sub>),-0.217
7,AE: Infrastructure investment,Debt-to-GDP ratio (b<sub>t</sub>),-0.265
8,AE: Infrastructure investment,Debt-to-GDP ratio (b<sub>t</sub>),-0.312
9,AE: Infrastructure investment,Debt-to-GDP ratio (b<sub>t</sub>),-0.357
10,AE: Infrastructure investment,Debt-to-GDP ratio (b<sub>t</sub>),-0.402
11,AE: Infrastructure investment,Debt-to-GDP ratio (b<sub>t</sub>),-0.448
12,AE: Infrastructure investment,Debt-to-GDP ratio (b<sub>t</sub>),-0.492
13,AE: Infrastructure investment,Debt-to-GDP ratio (b<sub>t</sub>),-0.537
14,AE: Infrastructure investment,Debt-to-GDP ratio (b<sub>t</sub>),-0.583
15,AE: Infrastructure investment,Debt-to-GDP ratio (b<sub>t</sub>),-0.627
16,AE: Infrastructure investment,Debt-to-GDP ratio (b<sub>t</sub>),-0.674
17,AE: Infrastructure investment,Debt-to-GDP ratio (b<sub>t</sub>),-0.721
18,AE: Infrastructure investment,Debt-to-GDP ratio (b<sub>t</sub>),-0.769
19,AE: Infrastructure investment,Debt-to-GDP ratio (b<sub>t</sub>),-0.818
20,AE: Infrastructure investment,Debt-to-GDP ratio (b<sub>t</sub>),-0.867
21,AE: Infrastructure investment,Debt-to-GDP ratio (b<sub>t</sub>),-0.918
22,AE: Infrastructure investment,Debt-to-GDP ratio (b<sub>t</sub>),-0.969
23,AE: Infrastructure investment,Debt-to-GDP ratio (b<sub>t</sub>),-1.022
24,AE: Infrastructure investment,Debt-to-GDP ratio (b<sub>t</sub>),-1.077
25,AE: Infrastructure investment,Debt-to-GDP ratio (b<sub>t</sub>),-1.132
26,AE: Infrastructure investment,Debt-to-GDP ratio (b<sub>t</sub>),-1.189
27,AE: Infrastructure investment,Debt-to-GDP ratio (b<sub>t</sub>),-1.248
28,AE: Infrastructure investment,Debt-to-GDP ratio (b<sub>t</sub>),-1.309
29,AE: Infrastructure investment,Debt-to-GDP ratio (b<sub>t</sub>),-1.37
30,AE: Infrastructure investment,Debt-to-GDP ratio (b<sub>t</sub>),-1.434
31,AE: Infrastructure investment,Debt-to-GDP ratio (b<sub>t</sub>),-1.498
32,AE: Infrastructure investment,Debt-to-GDP ratio (b<sub>t</sub>),-1.565
33,AE: Infrastructure investment,Debt-to-GDP ratio (b<sub>t</sub>),-1.635
34,AE: Infrastructure investment,Debt-to-GDP ratio (b<sub>t</sub>),-1.704
35,AE: Infrastructure investment,Debt-to-GDP ratio (b<sub>t</sub>),-1.776
36,AE: Infrastructure investment,Debt-to-GDP ratio (b<sub>t</sub>),-1.85
37,AE: Infrastructure investment,Debt-to-GDP ratio (b<sub>t</sub>),-1.925
38,AE: Infrastructure investment,Debt-to-GDP ratio (b<sub>t</sub>),-2.002
39,AE: Infrastructure investment,Debt-to-GDP ratio (b<sub>t</sub>),-2.082
40,AE: Infrastructure investment,Debt-to-GDP ratio (b<sub>t</sub>),-2.164
41,AE: Infrastructure investment,Debt-to-GDP ratio (b<sub>t</sub>),-2.246
42,AE: Infrastructure investment,Debt-to-GDP ratio (b<sub>t</sub>),-2.331
43,AE: Infrastructure investment,Debt-to-GDP ratio (b<sub>t</sub>),-2.417
44,AE: Infrastructure investment,Debt-to-GDP ratio (b<sub>t</sub>),-2.506
45,AE: Infrastructure investment,Debt-to-GDP ratio (b<sub>t</sub>),-2.597
46,AE: Infrastructure investment,Debt-to-GDP ratio (b<sub>t</sub>),-2.689
47,AE: Infrastructure investment,Debt-to-GDP ratio (b<sub>t</sub>),-2.783
48,AE: Infrastructure investment,Debt-to-GDP ratio (b<sub>t</sub>),-2.879
49,AE: Infrastructure investment,Debt-to-GDP ratio (b<sub>t</sub>),-2.977
50,AE: Infrastructure investment,Debt-to-GDP ratio (b<sub>t</sub>),-3.077
51,AE: Infrastructure investment,Debt-to-GDP ratio (b<sub>t</sub>),-3.179
52,AE: Infrastructure investment,Debt-to-GDP ratio (b<sub>t</sub>),-3.282
53,AE: Infrastructure investment,Debt-to-GDP ratio (b<sub>t</sub>),-3.387
54,AE: Infrastructure investment,Debt-to-GDP ratio (b<sub>t</sub>),-3.495
55,AE: Infrastructure investment,Debt-to-GDP ratio (b<sub>t</sub>),-3.604
56,AE: Infrastructure investment,Debt-to-GDP ratio (b<sub>t</sub>),-3.716
57,AE: Infrastructure investment,Debt-to-GDP ratio (b<sub>t</sub>),-3.829
58,AE: Infrastructure investment,Debt-to-GDP ratio (b<sub>t</sub>),-3.944
59,AE: Infrastructure investment,Debt-to-GDP ratio (b<sub>t</sub>),-4.061
60,AE: Infrastructure investment,Debt-to-GDP ratio (b<sub>t</sub>),-4.179
61,AE: Infrastructure investment,Debt-to-GDP ratio (b<sub>t</sub>),-4.298
62,AE: Infrastructure investment,Debt-to-GDP ratio (b<sub>t</sub>),-4.421
63,AE: Infrastructure investment,Debt-to-GDP ratio (b<sub>t</sub>),-4.545
64,AE: Infrastructure investment,Debt-to-GDP ratio (b<sub>t</sub>),-4.671
65,AE: Infrastructure investment,Debt-to-GDP ratio (b<sub>t</sub>),-4.799
66,AE: Infrastructure investment,Debt-to-GDP ratio (b<sub>t</sub>),-4.928
67,AE: Infrastructure investment,Debt-to-GDP ratio (b<sub>t</sub>),-5.06
68,AE: Infrastructure investment,Debt-to-GDP ratio (b<sub>t</sub>),-5.192
69,AE: Infrastructure investment,Debt-to-GDP ratio (b<sub>t</sub>),-5.327
70,AE: Infrastructure investment,Debt-to-GDP ratio (b<sub>t</sub>),-5.464
71,AE: Infrastructure investment,Debt-to-GDP ratio (b<sub>t</sub>),-5.602
72,AE: Infrastructure investment,Debt-to-GDP ratio (b<sub>t</sub>),-5.743
73,AE: Infrastructure investment,Debt-to-GDP ratio (b<sub>t</sub>),-5.885
74,AE: Infrastructure investment,Debt-to-GDP ratio (b<sub>t</sub>),-6.029
75,AE: Infrastructure investment,Debt-to-GDP ratio (b<sub>t</sub>),-6.173
76,AE: Infrastructure investment,Debt-to-GDP ratio (b<sub>t</sub>),-6.321
77,AE: Infrastructure investment,Debt-to-GDP ratio (b<sub>t</sub>),-6.47
78,AE: Infrastructure investment,Debt-to-GDP ratio (b<sub>t</sub>),-6.62
79,AE: Infrastructure investment,Debt-to-GDP ratio (b<sub>t</sub>),-6.772
80,AE: Infrastructure investment,Debt-to-GDP ratio (b<sub>t</sub>),-6.927
81,AE: Infrastructure investment,Debt-to-GDP ratio (b<sub>t</sub>),-7.083
82,AE: Infrastructure investment,Debt-to-GDP ratio (b<sub>t</sub>),-7.24
83,AE: Infrastructure investment,Debt-to-GDP ratio (b<sub>t</sub>),-7.399
84,AE: Infrastructure investment,Debt-to-GDP ratio (b<sub>t</sub>),-7.56
85,AE: Infrastructure investment,Debt-to-GDP ratio (b<sub>t</sub>),-7.723
86,AE: Infrastructure investment,Debt-to-GDP ratio (b<sub>t</sub>),-7.887
87,AE: Infrastructure investment,Debt-to-GDP ratio (b<sub>t</sub>),-8.053
88,AE: Infrastructure investment,Debt-to-GDP ratio (b<sub>t</sub>),-8.221
89,AE: Infrastructure investment,Debt-to-GDP ratio (b<sub>t</sub>),-8.389
90,AE: Infrastructure investment,Debt-to-GDP ratio (b<sub>t</sub>),-8.562
91,AE: Infrastructure investment,Debt-to-GDP ratio (b<sub>t</sub>),-8.734
92,AE: Infrastructure investment,Debt-to-GDP ratio (b<sub>t</sub>),-8.908
93,AE: Infrastructure investment,Debt-to-GDP ratio (b<sub>t</sub>),-9.085
94,AE: Infrastructure investment,Debt-to-GDP ratio (b<sub>t</sub>),-9.262
95,AE: Infrastructure investment,Debt-to-GDP ratio (b<sub>t</sub>),-9.442
96,AE: Infrastructure investment,Debt-to-GDP ratio (b<sub>t</sub>),-9.624
97,AE: Infrastructure investment,Debt-to-GDP ratio (b<sub>t</sub>),-9.807
98,AE: Infrastructure investment,Debt-to-GDP ratio (b<sub>t</sub>),-9.991
99,AE: Infrastructure investment,Debt-to-GDP ratio (b<sub>t</sub>),-10.178
100,AE: Infrastructure investment,Debt-to-GDP ratio (b<sub>t</sub>),-10.366
1,AE: Human capital investment,Debt-to-GDP ratio (b<sub>t</sub>),-1.152
2,AE: Human capital investment,Debt-to-GDP ratio (b<sub>t</sub>),-0.718
3,AE: Human capital investment,Debt-to-GDP ratio (b<sub>t</sub>),-0.689
4,AE: Human capital investment,Debt-to-GDP ratio (b<sub>t</sub>),-0.65
5,AE: Human capital investment,Debt-to-GDP ratio (b<sub>t</sub>),-0.612
6,AE: Human capital investment,Debt-to-GDP ratio (b<sub>t</sub>),-0.578
7,AE: Human capital investment,Debt-to-GDP ratio (b<sub>t</sub>),-0.548
8,AE: Human capital investment,Debt-to-GDP ratio (b<sub>t</sub>),-0.521
9,AE: Human capital investment,Debt-to-GDP ratio (b<sub>t</sub>),-0.498
10,AE: Human capital investment,Debt-to-GDP ratio (b<sub>t</sub>),-0.479
11,AE: Human capital investment,Debt-to-GDP ratio (b<sub>t</sub>),-0.464
12,AE: Human capital investment,Debt-to-GDP ratio (b<sub>t</sub>),-0.45
13,AE: Human capital investment,Debt-to-GDP ratio (b<sub>t</sub>),-0.44
14,AE: Human capital investment,Debt-to-GDP ratio (b<sub>t</sub>),-0.432
15,AE: Human capital investment,Debt-to-GDP ratio (b<sub>t</sub>),-0.426
16,AE: Human capital investment,Debt-to-GDP ratio (b<sub>t</sub>),-0.422
17,AE: Human capital investment,Debt-to-GDP ratio (b<sub>t</sub>),-0.42
18,AE: Human capital investment,Debt-to-GDP ratio (b<sub>t</sub>),-0.421
19,AE: Human capital investment,Debt-to-GDP ratio (b<sub>t</sub>),-0.422
20,AE: Human capital investment,Debt-to-GDP ratio (b<sub>t</sub>),-0.426
21,AE: Human capital investment,Debt-to-GDP ratio (b<sub>t</sub>),-0.433
22,AE: Human capital investment,Debt-to-GDP ratio (b<sub>t</sub>),-0.44
23,AE: Human capital investment,Debt-to-GDP ratio (b<sub>t</sub>),-0.45
24,AE: Human capital investment,Debt-to-GDP ratio (b<sub>t</sub>),-0.462
25,AE: Human capital investment,Debt-to-GDP ratio (b<sub>t</sub>),-0.474
26,AE: Human capital investment,Debt-to-GDP ratio (b<sub>t</sub>),-0.489
27,AE: Human capital investment,Debt-to-GDP ratio (b<sub>t</sub>),-0.506
28,AE: Human capital investment,Debt-to-GDP ratio (b<sub>t</sub>),-0.524
29,AE: Human capital investment,Debt-to-GDP ratio (b<sub>t</sub>),-0.544
30,AE: Human capital investment,Debt-to-GDP ratio (b<sub>t</sub>),-0.567
31,AE: Human capital investment,Debt-to-GDP ratio (b<sub>t</sub>),-0.592
32,AE: Human capital investment,Debt-to-GDP ratio (b<sub>t</sub>),-0.619
33,AE: Human capital investment,Debt-to-GDP ratio (b<sub>t</sub>),-0.646
34,AE: Human capital investment,Debt-to-GDP ratio (b<sub>t</sub>),-0.678
35,AE: Human capital investment,Debt-to-GDP ratio (b<sub>t</sub>),-0.71
36,AE: Human capital investment,Debt-to-GDP ratio (b<sub>t</sub>),-0.745
37,AE: Human capital investment,Debt-to-GDP ratio (b<sub>t</sub>),-0.783
38,AE: Human capital investment,Debt-to-GDP ratio (b<sub>t</sub>),-0.823
39,AE: Human capital investment,Debt-to-GDP ratio (b<sub>t</sub>),-0.865
40,AE: Human capital investment,Debt-to-GDP ratio (b<sub>t</sub>),-0.91
41,AE: Human capital investment,Debt-to-GDP ratio (b<sub>t</sub>),-0.957
42,AE: Human capital investment,Debt-to-GDP ratio (b<sub>t</sub>),-1.008
43,AE: Human capital investment,Debt-to-GDP ratio (b<sub>t</sub>),-1.061
44,AE: Human capital investment,Debt-to-GDP ratio (b<sub>t</sub>),-1.116
45,AE: Human capital investment,Debt-to-GDP ratio (b<sub>t</sub>),-1.174
46,AE: Human capital investment,Debt-to-GDP ratio (b<sub>t</sub>),-1.235
47,AE: Human capital investment,Debt-to-GDP ratio (b<sub>t</sub>),-1.298
48,AE: Human capital investment,Debt-to-GDP ratio (b<sub>t</sub>),-1.366
49,AE: Human capital investment,Debt-to-GDP ratio (b<sub>t</sub>),-1.435
50,AE: Human capital investment,Debt-to-GDP ratio (b<sub>t</sub>),-1.508
51,AE: Human capital investment,Debt-to-GDP ratio (b<sub>t</sub>),-1.584
52,AE: Human capital investment,Debt-to-GDP ratio (b<sub>t</sub>),-1.663
53,AE: Human capital investment,Debt-to-GDP ratio (b<sub>t</sub>),-1.745
54,AE: Human capital investment,Debt-to-GDP ratio (b<sub>t</sub>),-1.83
55,AE: Human capital investment,Debt-to-GDP ratio (b<sub>t</sub>),-1.919
56,AE: Human capital investment,Debt-to-GDP ratio (b<sub>t</sub>),-2.011
57,AE: Human capital investment,Debt-to-GDP ratio (b<sub>t</sub>),-2.105
58,AE: Human capital investment,Debt-to-GDP ratio (b<sub>t</sub>),-2.204
59,AE: Human capital investment,Debt-to-GDP ratio (b<sub>t</sub>),-2.305
60,AE: Human capital investment,Debt-to-GDP ratio (b<sub>t</sub>),-2.41
61,AE: Human capital investment,Debt-to-GDP ratio (b<sub>t</sub>),-2.519
62,AE: Human capital investment,Debt-to-GDP ratio (b<sub>t</sub>),-2.631
63,AE: Human capital investment,Debt-to-GDP ratio (b<sub>t</sub>),-2.746
64,AE: Human capital investment,Debt-to-GDP ratio (b<sub>t</sub>),-2.866
65,AE: Human capital investment,Debt-to-GDP ratio (b<sub>t</sub>),-2.988
66,AE: Human capital investment,Debt-to-GDP ratio (b<sub>t</sub>),-3.114
67,AE: Human capital investment,Debt-to-GDP ratio (b<sub>t</sub>),-3.243
68,AE: Human capital investment,Debt-to-GDP ratio (b<sub>t</sub>),-3.376
69,AE: Human capital investment,Debt-to-GDP ratio (b<sub>t</sub>),-3.513
70,AE: Human capital investment,Debt-to-GDP ratio (b<sub>t</sub>),-3.653
71,AE: Human capital investment,Debt-to-GDP ratio (b<sub>t</sub>),-3.796
72,AE: Human capital investment,Debt-to-GDP ratio (b<sub>t</sub>),-3.944
73,AE: Human capital investment,Debt-to-GDP ratio (b<sub>t</sub>),-4.095
74,AE: Human capital investment,Debt-to-GDP ratio (b<sub>t</sub>),-4.25
75,AE: Human capital investment,Debt-to-GDP ratio (b<sub>t</sub>),-4.408
76,AE: Human capital investment,Debt-to-GDP ratio (b<sub>t</sub>),-4.57
77,AE: Human capital investment,Debt-to-GDP ratio (b<sub>t</sub>),-4.735
78,AE: Human capital investment,Debt-to-GDP ratio (b<sub>t</sub>),-4.905
79,AE: Human capital investment,Debt-to-GDP ratio (b<sub>t</sub>),-5.077
80,AE: Human capital investment,Debt-to-GDP ratio (b<sub>t</sub>),-5.254
81,AE: Human capital investment,Debt-to-GDP ratio (b<sub>t</sub>),-5.434
82,AE: Human capital investment,Debt-to-GDP ratio (b<sub>t</sub>),-5.617
83,AE: Human capital investment,Debt-to-GDP ratio (b<sub>t</sub>),-5.803
84,AE: Human capital investment,Debt-to-GDP ratio (b<sub>t</sub>),-5.995
85,AE: Human capital investment,Debt-to-GDP ratio (b<sub>t</sub>),-6.19
86,AE: Human capital investment,Debt-to-GDP ratio (b<sub>t</sub>),-6.387
87,AE: Human capital investment,Debt-to-GDP ratio (b<sub>t</sub>),-6.588
88,AE: Human capital investment,Debt-to-GDP ratio (b<sub>t</sub>),-6.794
89,AE: Human capital investment,Debt-to-GDP ratio (b<sub>t</sub>),-7.002
90,AE: Human capital investment,Debt-to-GDP ratio (b<sub>t</sub>),-7.215
91,AE: Human capital investment,Debt-to-GDP ratio (b<sub>t</sub>),-7.43
92,AE: Human capital investment,Debt-to-GDP ratio (b<sub>t</sub>),-7.649
93,AE: Human capital investment,Debt-to-GDP ratio (b<sub>t</sub>),-7.871
94,AE: Human capital investment,Debt-to-GDP ratio (b<sub>t</sub>),-8.098
95,AE: Human capital investment,Debt-to-GDP ratio (b<sub>t</sub>),-8.327
96,AE: Human capital investment,Debt-to-GDP ratio (b<sub>t</sub>),-8.561
97,AE: Human capital investment,Debt-to-GDP ratio (b<sub>t</sub>),-8.797
98,AE: Human capital investment,Debt-to-GDP ratio (b<sub>t</sub>),-9.037
99,AE: Human capital investment,Debt-to-GDP ratio (b<sub>t</sub>),-9.28
100,AE: Human capital investment,Debt-to-GDP ratio (b<sub>t</sub>),-9.526
1,AE: R&D spending,Debt-to-GDP ratio (b<sub>t</sub>),-0.254
2,AE: R&D spending,Debt-to-GDP ratio (b<sub>t</sub>),0.045
3,AE: R&D spending,Debt-to-GDP ratio (b<sub>t</sub>),0.094
4,AE: R&D spending,Debt-to-GDP ratio (b<sub>t</sub>),0.124
5,AE: R&D spending,Debt-to-GDP ratio (b<sub>t</sub>),0.136
6,AE: R&D spending,Debt-to-GDP ratio (b<sub>t</sub>),0.134
7,AE: R&D spending,Debt-to-GDP ratio (b<sub>t</sub>),0.12
8,AE: R&D spending,Debt-to-GDP ratio (b<sub>t</sub>),0.099
9,AE: R&D spending,Debt-to-GDP ratio (b<sub>t</sub>),0.071
10,AE: R&D spending,Debt-to-GDP ratio (b<sub>t</sub>),0.039
11,AE: R&D spending,Debt-to-GDP ratio (b<sub>t</sub>),0.006
12,AE: R&D spending,Debt-to-GDP ratio (b<sub>t</sub>),-0.032
13,AE: R&D spending,Debt-to-GDP ratio (b<sub>t</sub>),-0.07
14,AE: R&D spending,Debt-to-GDP ratio (b<sub>t</sub>),-0.109
15,AE: R&D spending,Debt-to-GDP ratio (b<sub>t</sub>),-0.15
16,AE: R&D spending,Debt-to-GDP ratio (b<sub>t</sub>),-0.191
17,AE: R&D spending,Debt-to-GDP ratio (b<sub>t</sub>),-0.232
18,AE: R&D spending,Debt-to-GDP ratio (b<sub>t</sub>),-0.275
19,AE: R&D spending,Debt-to-GDP ratio (b<sub>t</sub>),-0.318
20,AE: R&D spending,Debt-to-GDP ratio (b<sub>t</sub>),-0.363
21,AE: R&D spending,Debt-to-GDP ratio (b<sub>t</sub>),-0.408
22,AE: R&D spending,Debt-to-GDP ratio (b<sub>t</sub>),-0.455
23,AE: R&D spending,Debt-to-GDP ratio (b<sub>t</sub>),-0.501
24,AE: R&D spending,Debt-to-GDP ratio (b<sub>t</sub>),-0.551
25,AE: R&D spending,Debt-to-GDP ratio (b<sub>t</sub>),-0.601
26,AE: R&D spending,Debt-to-GDP ratio (b<sub>t</sub>),-0.654
27,AE: R&D spending,Debt-to-GDP ratio (b<sub>t</sub>),-0.706
28,AE: R&D spending,Debt-to-GDP ratio (b<sub>t</sub>),-0.763
29,AE: R&D spending,Debt-to-GDP ratio (b<sub>t</sub>),-0.82
30,AE: R&D spending,Debt-to-GDP ratio (b<sub>t</sub>),-0.878
31,AE: R&D spending,Debt-to-GDP ratio (b<sub>t</sub>),-0.941
32,AE: R&D spending,Debt-to-GDP ratio (b<sub>t</sub>),-1.004
33,AE: R&D spending,Debt-to-GDP ratio (b<sub>t</sub>),-1.069
34,AE: R&D spending,Debt-to-GDP ratio (b<sub>t</sub>),-1.138
35,AE: R&D spending,Debt-to-GDP ratio (b<sub>t</sub>),-1.209
36,AE: R&D spending,Debt-to-GDP ratio (b<sub>t</sub>),-1.281
37,AE: R&D spending,Debt-to-GDP ratio (b<sub>t</sub>),-1.357
38,AE: R&D spending,Debt-to-GDP ratio (b<sub>t</sub>),-1.434
39,AE: R&D spending,Debt-to-GDP ratio (b<sub>t</sub>),-1.515
40,AE: R&D spending,Debt-to-GDP ratio (b<sub>t</sub>),-1.598
41,AE: R&D spending,Debt-to-GDP ratio (b<sub>t</sub>),-1.684
42,AE: R&D spending,Debt-to-GDP ratio (b<sub>t</sub>),-1.772
43,AE: R&D spending,Debt-to-GDP ratio (b<sub>t</sub>),-1.863
44,AE: R&D spending,Debt-to-GDP ratio (b<sub>t</sub>),-1.956
45,AE: R&D spending,Debt-to-GDP ratio (b<sub>t</sub>),-2.052
46,AE: R&D spending,Debt-to-GDP ratio (b<sub>t</sub>),-2.151
47,AE: R&D spending,Debt-to-GDP ratio (b<sub>t</sub>),-2.252
48,AE: R&D spending,Debt-to-GDP ratio (b<sub>t</sub>),-2.356
49,AE: R&D spending,Debt-to-GDP ratio (b<sub>t</sub>),-2.463
50,AE: R&D spending,Debt-to-GDP ratio (b<sub>t</sub>),-2.572
51,AE: R&D spending,Debt-to-GDP ratio (b<sub>t</sub>),-2.684
52,AE: R&D spending,Debt-to-GDP ratio (b<sub>t</sub>),-2.799
53,AE: R&D spending,Debt-to-GDP ratio (b<sub>t</sub>),-2.916
54,AE: R&D spending,Debt-to-GDP ratio (b<sub>t</sub>),-3.035
55,AE: R&D spending,Debt-to-GDP ratio (b<sub>t</sub>),-3.158
56,AE: R&D spending,Debt-to-GDP ratio (b<sub>t</sub>),-3.282
57,AE: R&D spending,Debt-to-GDP ratio (b<sub>t</sub>),-3.409
58,AE: R&D spending,Debt-to-GDP ratio (b<sub>t</sub>),-3.539
59,AE: R&D spending,Debt-to-GDP ratio (b<sub>t</sub>),-3.671
60,AE: R&D spending,Debt-to-GDP ratio (b<sub>t</sub>),-3.805
61,AE: R&D spending,Debt-to-GDP ratio (b<sub>t</sub>),-3.942
62,AE: R&D spending,Debt-to-GDP ratio (b<sub>t</sub>),-4.081
63,AE: R&D spending,Debt-to-GDP ratio (b<sub>t</sub>),-4.223
64,AE: R&D spending,Debt-to-GDP ratio (b<sub>t</sub>),-4.367
65,AE: R&D spending,Debt-to-GDP ratio (b<sub>t</sub>),-4.513
66,AE: R&D spending,Debt-to-GDP ratio (b<sub>t</sub>),-4.661
67,AE: R&D spending,Debt-to-GDP ratio (b<sub>t</sub>),-4.811
68,AE: R&D spending,Debt-to-GDP ratio (b<sub>t</sub>),-4.965
69,AE: R&D spending,Debt-to-GDP ratio (b<sub>t</sub>),-5.12
70,AE: R&D spending,Debt-to-GDP ratio (b<sub>t</sub>),-5.277
71,AE: R&D spending,Debt-to-GDP ratio (b<sub>t</sub>),-5.437
72,AE: R&D spending,Debt-to-GDP ratio (b<sub>t</sub>),-5.598
73,AE: R&D spending,Debt-to-GDP ratio (b<sub>t</sub>),-5.761
74,AE: R&D spending,Debt-to-GDP ratio (b<sub>t</sub>),-5.927
75,AE: R&D spending,Debt-to-GDP ratio (b<sub>t</sub>),-6.094
76,AE: R&D spending,Debt-to-GDP ratio (b<sub>t</sub>),-6.264
77,AE: R&D spending,Debt-to-GDP ratio (b<sub>t</sub>),-6.436
78,AE: R&D spending,Debt-to-GDP ratio (b<sub>t</sub>),-6.609
79,AE: R&D spending,Debt-to-GDP ratio (b<sub>t</sub>),-6.784
80,AE: R&D spending,Debt-to-GDP ratio (b<sub>t</sub>),-6.961
81,AE: R&D spending,Debt-to-GDP ratio (b<sub>t</sub>),-7.141
82,AE: R&D spending,Debt-to-GDP ratio (b<sub>t</sub>),-7.322
83,AE: R&D spending,Debt-to-GDP ratio (b<sub>t</sub>),-7.504
84,AE: R&D spending,Debt-to-GDP ratio (b<sub>t</sub>),-7.688
85,AE: R&D spending,Debt-to-GDP ratio (b<sub>t</sub>),-7.874
86,AE: R&D spending,Debt-to-GDP ratio (b<sub>t</sub>),-8.062
87,AE: R&D spending,Debt-to-GDP ratio (b<sub>t</sub>),-8.251
88,AE: R&D spending,Debt-to-GDP ratio (b<sub>t</sub>),-8.443
89,AE: R&D spending,Debt-to-GDP ratio (b<sub>t</sub>),-8.635
90,AE: R&D spending,Debt-to-GDP ratio (b<sub>t</sub>),-8.83
91,AE: R&D spending,Debt-to-GDP ratio (b<sub>t</sub>),-9.025
92,AE: R&D spending,Debt-to-GDP ratio (b<sub>t</sub>),-9.224
93,AE: R&D spending,Debt-to-GDP ratio (b<sub>t</sub>),-9.423
94,AE: R&D spending,Debt-to-GDP ratio (b<sub>t</sub>),-9.623
95,AE: R&D spending,Debt-to-GDP ratio (b<sub>t</sub>),-9.826
96,AE: R&D spending,Debt-to-GDP ratio (b<sub>t</sub>),-10.029
97,AE: R&D spending,Debt-to-GDP ratio (b<sub>t</sub>),-10.235
98,AE: R&D spending,Debt-to-GDP ratio (b<sub>t</sub>),-10.442
99,AE: R&D spending,Debt-to-GDP ratio (b<sub>t</sub>),-10.65
100,AE: R&D spending,Debt-to-GDP ratio (b<sub>t</sub>),-10.86
