horizon_quarter,experiment,variable,pct_dev
1,EMDE: Infrastructure investment,Output (Y<sup>d</sup><sub>t</sub>),0.74
2,EMDE: Infrastructure investment,Output (Y<sup>d</sup><sub>t</sub>),-0.241
3,EMDE: Infrastructure investment,Output (Y<sup>d</sup><sub>t</sub>),-0.128
4,EMDE: Infrastructure investment,Output (Y<sup>d</sup><sub>t</sub>),-0.028
5,EMDE: Infrastructure investment,Output (Y<sup>d</sup><sub>t</sub>),0.067
6,EMDE: Infrastructure investment,Output (Y<sup>d</sup><sub>t</sub>),0.162
7,EMDE: Infrastructure investment,Output (Y<sup>d</sup><sub>t</sub>),0.257
8,EMDE: Infrastructure investment,Output (Y<sup>d</sup><sub>t</sub>),0.353
9,EMDE: Infrastructure investment,Output (Y<sup>d</sup><sub>t</sub>),0.449
10,EMDE: Infrastructure investment,Output (Y<sup>d</sup><sub>t</sub>),0.545
11,EMDE: Infrastructure investment,Output (Y<sup>d</sup><sub>t</sub>),0.642
12,EMDE: Infrastructure investment,Output (Y<sup>d</sup><sub>t</sub>),0.739
13,EMDE: Infrastructure investment,Output (Y<sup>d</sup><sub>t</sub>),0.837
14,EMDE: Infrastructure investment,Output (Y<sup>d</sup><sub>t</sub>),0.934
15,EMDE: Infrastructure investment,Output (Y<sup>d</sup><sub>t</sub>),1.032
16,EMDE: Infrastructure investment,Output (Y<sup>d</sup><sub>t</sub>),1.13
17,EMDE: Infrastructure investment,Output (Y<sup>d</sup><sub>t</sub>),1.228
18,EMDE: Infrastructure investment,Output (Y<sup>d</sup><sub>t</sub>),1.325
19,EMDE: Infrastructure investment,Output (Y<sup>d</sup><sub>t</sub>),1.423
20,EMDE: Infrastructure investment,Output (Y<sup>d</sup><sub>t</sub>),1.521
21,EMDE: Infrastructure investment,Output (Y<sup>d</sup><sub>t</sub>),1.619
22,EMDE: Infrastructure investment,Output (Y<sup>d</sup><sub>t</sub>),1.717
23,EMDE: Infrastructure investment,Output (Y<sup>d</sup><sub>t</sub>),1.814
24,EMDE: Infrastructure investment,Output (Y<sup>d</sup><sub>t</sub>),1.912
25,EMDE: Infrastructure investment,Output (Y<sup>d</sup><sub>t</sub>),2.009
26,EMDE: Infrastructure investment,Output (Y<sup>d</sup><sub>t</sub>),2.106
27,EMDE: Infrastructure investment,Output (Y<sup>d</sup><sub>t</sub>),2.203
28,EMDE: Infrastructure investment,Output (Y<sup>d</sup><sub>t</sub>),2.299
29,EMDE: Infrastructure investment,Output (Y<sup>d</sup><sub>t</sub>),2.395
30,EMDE: Infrastructure investment,Output (Y<sup>d</sup><sub>t</sub>),2.491
31,EMDE: Infrastructure investment,Output (Y<sup>d</sup><sub>t</sub>),2.587
32,EMDE: Infrastructure investment,Output (Y<sup>d</sup><sub>t</sub>),2.682
33,EMDE: Infrastructure investment,Output (Y<sup>d</sup><sub>t</sub>),2.777
34,EMDE: Infrastructure investment,Output (Y<sup>d</sup><sub>t</sub>),2.872
35,EMDE: Infrastructure investment,Output (Y<sup>d</sup><sub>t</sub>),2.967
36,EMDE: Infrastructure investment,Output (Y<sup>d</sup><sub>t</sub>),3.061
37,EMDE: Infrastructure investment,Output (Y<sup>d</sup><sub>t</sub>),3.154
38,EMDE: Infrastructure investment,Output (Y<sup>d</sup><sub>t</sub>),3.248
39,EMDE: Infrastructure investment,Output (Y<sup>d</sup><sub>t</sub>),3.341
40,EMDE: Infrastructure investment,Output (Y<sup>d</sup><sub>t</sub>),3.433
41,EMDE: Infrastructure investment,Output (Y<sup>d</sup><sub>t</sub>),3.526
42,EMDE: Infrastructure investment,Output (Y<sup>d</sup><sub>t</sub>),3.617
43,EMDE: Infrastructure investment,Output (Y<sup>d</sup><sub>t</sub>),3.709
44,EMDE: Infrastructure investment,Output (Y<sup>d</sup><sub>t</sub>),3.8
45,EMDE: Infrastructure investment,Output (Y<sup>d</sup><sub>t</sub>),3.891
46,EMDE: Infrastructure investment,Output (Y<sup>d</sup><sub>t</sub>),3.981
47,EMDE: Infrastructure investment,Output (Y<sup>d</sup><sub>t</sub>),4.071
48,EMDE: Infrastructure investment,Output (Y<sup>d</sup><sub>t</sub>),4.161
49,EMDE: Infrastructure investment,Output (Y<sup>d</sup><sub>t</sub>),4.25
50,EMDE: Infrastructure investment,Output (Y<sup>d</sup><sub>t</sub>),4.339
51,EMDE: Infrastructure investment,Output (Y<sup>d</sup><sub>t</sub>),4.427
52,EMDE: Infrastructure investment,Output (Y<sup>d</sup><sub>t</sub>),4.515
53,EMDE: Infrastructure investment,Output (Y<sup>d</sup><sub>t</sub>),4.603
54,EMDE: Infrastructure investment,Output (Y<sup>d</sup><sub>t</sub>),4.69
55,EMDE: Infrastructure investment,Output (Y<sup>d</sup><sub>t</sub>),4.777
56,EMDE: Infrastructure investment,Output (Y<sup>d</sup><sub>t</sub>),4.863
57,EMDE: Infrastructure investment,Output (Y<sup>d</sup><sub>t</sub>),4.949
58,EMDE: Infrastructure investment,Output (Y<sup>d</sup><sub>t</sub>),5.035
59,EMDE: Infrastructure investment,Output (Y<sup>d</sup><sub>t</sub>),5.121
60,EMDE: Infrastructure investment,Output (Y<sup>d</sup><sub>t</sub>),5.206
61,EMDE: Infrastructure investment,Output (Y<sup>d</sup><sub>t</sub>),5.29
62,EMDE: Infrastructure investment,Output (Y<sup>d</sup><sub>t</sub>),5.375
63,EMDE: Infrastructure investment,Output (Y<sup>d</sup><sub>t</sub>),5.459
64,EMDE: Infrastructure investment,Output (Y<sup>d</sup><sub>t</sub>),5.542
65,EMDE: Infrastructure investment,Output (Y<sup>d</sup><sub>t</sub>),5.626
66,EMDE: Infrastructure investment,Output (Y<sup>d</sup><sub>t</sub>),5.709
67,EMDE: Infrastructure investment,Output (Y<sup>d</sup><sub>t</sub>),5.791
68,EMDE: Infrastructure investment,Output (Y<sup>d</sup><sub>t</sub>),5.874
69,EMDE: Infrastructure investment,Output (Y<sup>d</sup><sub>t</sub>),5.956
70,EMDE: Infrastructure investment,Output (Y<sup>d</sup><sub>t</sub>),6.038
71,EMDE: Infrastructure investment,Output (Y<sup>d</sup><sub>t</sub>),6.119
72,EMDE: Infrastructure investment,Output (Y<sup>d</sup><sub>t</sub>),6.2
73,EMDE: Infrastructure investment,Output (Y<sup>d</sup><sub>t</sub>),6.281
74,EMDE: Infrastructure investment,Output (Y<sup>d</sup><sub>t</sub>),6.362
75,EMDE: Infrastructure investment,Output (Y<sup>d</sup><sub>t</sub>),6.442
76,EMDE: Infrastructure investment,Output (Y<sup>d</sup><sub>t</sub>),6.522
77,EMDE: Infrastructure investment,Output (Y<sup>d</sup><sub>t</sub>),6.602
78,EMDE: Infrastructure investment,Output (Y<sup>d</sup><sub>t</sub>),6.682
79,EMDE: Infrastructure investment,Output (Y<sup>d</sup><sub>t</sub>),6.761
80,EMDE: Infrastructure investment,Output (Y<sup>d</sup><sub>t</sub>),6.841
81,EMDE: Infrastructure investment,Output (Y<sup>d</sup><sub>t</sub>),6.92
82,EMDE: Infrastructure investment,Output (Y<sup>d</sup><sub>t</sub>),6.999
83,EMDE: Infrastructure investment,Output (Y<sup>d</sup><sub>t</sub>),7.078
84,EMDE: Infrastructure investment,Output (Y<sup>d</sup><sub>t</sub>),7.156
85,EMDE: Infrastructure investment,Output (Y<sup>d</sup><sub>t</sub>),7.235
86,EMDE: Infrastructure investment,Output (Y<sup>d</sup><sub>t</sub>),7.313
87,EMDE: Infrastructure investment,Output (Y<sup>d</sup><sub>t</sub>),7.392
88,EMDE: Infrastructure investment,Output (Y<sup>d</sup><sub>t</sub>),7.471
89,EMDE: Infrastructure investment,Output (Y<sup>d</sup><sub>t</sub>),7.549
90,EMDE: Infrastructure investment,Output (Y<sup>d</sup><sub>t</sub>),7.628
91,EMDE: Infrastructure investment,Output (Y<sup>d</sup><sub>t</sub>),7.706
92,EMDE: Infrastructure investment,Output (Y<sup>d</sup><sub>t</sub>),7.785
93,EMDE: Infrastructure investment,Output (Y<sup>d</sup><sub>t</sub>),7.864
94,EMDE: Infrastructure investment,Output (Y<sup>d</sup><sub>t</sub>),7.944
95,EMDE: Infrastructure investment,Output (Y<sup>d</sup><sub>t</sub>),8.023
96,EMDE: Infrastructure investment,Output (Y<sup>d</sup><sub>t</sub>),8.103
97,EMDE: Infrastructure investment,Output (Y<sup>d</sup><sub>t</sub>),8.183
98,EMDE: Infrastructure investment,Output (Y<sup>d</sup><sub>t</sub>),8.264
99,EMDE: Infrastructure investment,Output (Y<sup>d</sup><sub>t</sub>),8.345
100,EMDE: Infrastructure investment,Output (Y<sup>d</sup><sub>t</sub>),8.426
1,EMDE: Human capital investment,Output (Y<sup>d</sup><sub>t</sub>),1.883
2,EMDE: Human capital investment,Output (Y<sup>d</sup><sub>t</sub>),1.008
3,EMDE: Human capital investment,Output (Y<sup>d</sup><sub>t</sub>),0.909
4,EMDE: Human capital investment,Output (Y<sup>d</sup><sub>t</sub>),0.793
5,EMDE: Human capital investment,Output (Y<sup>d</sup><sub>t</sub>),0.682
6,EMDE: Human capital investment,Output (Y<sup>d</sup><sub>t</sub>),0.58
7,EMDE: Human capital investment,Output (Y<sup>d</sup><sub>t</sub>),0.49
8,EMDE: Human capital investment,Output (Y<sup>d</sup><sub>t</sub>),0.412
9,EMDE: Human capital investment,Output (Y<sup>d</sup><sub>t</sub>),0.346
10,EMDE: Human capital investment,Output (Y<sup>d</sup><sub>t</sub>),0.29
11,EMDE: Human capital investment,Output (Y<sup>d</sup><sub>t</sub>),0.244
12,EMDE: Human capital investment,Output (Y<sup>d</sup><sub>t</sub>),0.208
13,EMDE: Human capital investment,Output (Y<sup>d</sup><sub>t</sub>),0.181
14,EMDE: Human capital investment,Output (Y<sup>d</sup><sub>t</sub>),0.163
15,EMDE: Human capital investment,Output (Y<sup>d</sup><sub>t</sub>),0.153
16,EMDE: Human capital investment,Output (Y<sup>d</sup><sub>t</sub>),0.151
17,EMDE: Human capital investment,Output (Y<sup>d</sup><sub>t</sub>),0.157
18,EMDE: Human capital investment,Output (Y<sup>d</sup><sub>t</sub>),0.169
19,EMDE: Human capital investment,Output (Y<sup>d</sup><sub>t</sub>),0.189
20,EMDE: Human capital investment,Output (Y<sup>d</sup><sub>t</sub>),0.214
21,EMDE: Human capital investment,Output (Y<sup>d</sup><sub>t</sub>),0.245
22,EMDE: Human capital investment,Output (Y<sup>d</sup><sub>t</sub>),0.282
23,EMDE: Human capital investment,Output (Y<sup>d</sup><sub>t</sub>),0.325
24,EMDE: Human capital investment,Output (Y<sup>d</sup><sub>t</sub>),0.372
25,EMDE: Human capital investment,Output (Y<sup>d</sup><sub>t</sub>),0.424
26,EMDE: Human capital investment,Output (Y<sup>d</sup><sub>t</sub>),0.48
27,EMDE: Human capital investment,Output (Y<sup>d</sup><sub>t</sub>),0.541
28,EMDE: Human capital investment,Output (Y<sup>d</sup><sub>t</sub>),0.605
29,EMDE: Human capital investment,Output (Y<sup>d</sup><sub>t</sub>),0.674
30,EMDE: Human capital investment,Output (Y<sup>d</sup><sub>t</sub>),0.745
31,EMDE: Human capital investment,Output (Y<sup>d</sup><sub>t</sub>),0.82
32,EMDE: Human capital investment,Output (Y<sup>d</sup><sub>t</sub>),0.898
33,EMDE: Human capital investment,Output (Y<sup>d</sup><sub>t</sub>),0.978
34,EMDE: Human capital investment,Output (Y<sup>d</sup><sub>t</sub>),1.062
35,EMDE: Human capital investment,Output (Y<sup>d</sup><sub>t</sub>),1.147
36,EMDE: Human capital investment,Output (Y<sup>d</sup><sub>t</sub>),1.235
37,EMDE: Human capital investment,Output (Y<sup>d</sup><sub>t</sub>),1.326
38,EMDE: Human capital investment,Output (Y<sup>d</sup><sub>t</sub>),1.418
39,EMDE: Human capital investment,Output (Y<sup>d</sup><sub>t</sub>),1.512
40,EMDE: Human capital investment,Output (Y<sup>d</sup><sub>t</sub>),1.607
41,EMDE: Human capital investment,Output (Y<sup>d</sup><sub>t</sub>),1.704
42,EMDE: Human capital investment,Output (Y<sup>d</sup><sub>t</sub>),1.803
43,EMDE: Human capital investment,Output (Y<sup>d</sup><sub>t</sub>),1.903
44,EMDE: Human capital investment,Output (Y<sup>d</sup><sub>t</sub>),2.004
45,EMDE: Human capital investment,Output (Y<sup>d</sup><sub>t</sub>),2.106
46,EMDE: Human capital investment,Output (Y<sup>d</sup><sub>t</sub>),2.209
47,EMDE: Human capital investment,Output (Y<sup>d</sup><sub>t</sub>),2.313
48,EMDE: Human capital investment,Output (Y<sup>d</sup><sub>t</sub>),2.418
49,EMDE: Human capital investment,Output (Y<sup>d</sup><sub>t</sub>),2.523
50,EMDE: Human capital investment,Output (Y<sup>d</sup><sub>t</sub>),2.629
51,EMDE: Human capital investment,Output (Y<sup>d</sup><sub>t</sub>),2.736
52,EMDE: Human capital investment,Output (Y<sup>d</sup><sub>t</sub>),2.843
53,EMDE: Human capital investment,Output (Y<sup>d</sup><sub>t</sub>),2.951
54,EMDE: Human capital investment,Output (Y<sup>d</sup><sub>t</sub>),3.058
55,EMDE: Human capital investment,Output (Y<sup>d</sup><sub>t</sub>),3.166
56,EMDE: Human capital investment,Output (Y<sup>d</sup><sub>t</sub>),3.274
57,EMDE: Human capital investment,Output (Y<sup>d</sup><sub>t</sub>),3.383
58,EMDE: Human capital investment,Output (Y<sup>d</sup><sub>t</sub>),3.491
59,EMDE: Human capital investment,Output (Y<sup>d</sup><sub>t</sub>),3.599
60,EMDE: Human capital investment,Output (Y<sup>d</sup><sub>t</sub>),3.708
61,EMDE: Human capital investment,Output (Y<sup>d</sup><sub>t</sub>),3.816
62,EMDE: Human capital investment,Output (Y<sup>d</sup><sub>t</sub>),3.924
63,EMDE: Human capital investment,Output (Y<sup>d</sup><sub>t</sub>),4.032
64,EMDE: Human capital investment,Output (Y<sup>d</sup><sub>t</sub>),4.14
65,EMDE: Human capital investment,Output (Y<sup>d</sup><sub>t</sub>),4.247
66,EMDE: Human capital investment,Output (Y<sup>d</sup><sub>t</sub>),4.355
67,EMDE: Human capital investment,Output (Y<sup>d</sup><sub>t</sub>),4.462
68,EMDE: Human capital investment,Output (Y<sup>d</sup><sub>t</sub>),4.568
69,EMDE: Human capital investment,Output (Y<sup>d</sup><sub>t</sub>),4.675
70,EMDE: Human capital investment,Output (Y<sup>d</sup><sub>t</sub>),4.78
71,EMDE: Human capital investment,Output (Y<sup>d</sup><sub>t</sub>),4.886
72,EMDE: Human capital investment,Output (Y<sup>d</sup><sub>t</sub>),4.991
73,EMDE: Human capital investment,Output (Y<sup>d</sup><sub>t</sub>),5.096
74,EMDE: Human capital investment,Output (Y<sup>d</sup><sub>t</sub>),5.2
75,EMDE: Human capital investment,Output (Y<sup>d</sup><sub>t</sub>),5.303
76,EMDE: Human capital investment,Output (Y<sup>d</sup><sub>t</sub>),5.406
77,EMDE: Human capital investment,Output (Y<sup>d</sup><sub>t</sub>),5.509
78,EMDE: Human capital investment,Output (Y<sup>d</sup><sub>t</sub>),5.611
79,EMDE: Human capital investment,Output (Y<sup>d</sup><sub>t</sub>),5.712
80,EMDE: Human capital investment,Output (Y<sup>d</sup><sub>t</sub>),5.813
81,EMDE: Human capital investment,Output (Y<sup>d</sup><sub>t</sub>),5.914
82,EMDE: Human capital investment,Output (Y<sup>d</sup><sub>t</sub>),6.013
83,EMDE: Human capital investment,Output (Y<sup>d</sup><sub>t</sub>),6.113
84,EMDE: Human capital investment,Output (Y<sup>d</sup><sub>t</sub>),6.211
85,EMDE: Human capital investment,Output (Y<sup>d</sup><sub>t</sub>),6.309
86,EMDE: Human capital investment,Output (Y<sup>d</sup><sub>t</sub>),6.406
87,EMDE: Human capital investment,Output (Y<sup>d</sup><sub>t</sub>),6.503
88,EMDE: Human capital investment,Output (Y<sup>d</sup><sub>t</sub>),6.599
89,EMDE: Human capital investment,Output (Y<sup>d</sup><sub>t</sub>),6.694
90,EMDE: Human capital investment,Output (Y<sup>d</sup><sub>t</sub>),6.789
91,EMDE: Human capital investment,Output (Y<sup>d</sup><sub>t</sub>),6.883
92,EMDE: Human capital investment,Output (Y<sup>d</sup><sub>t</sub>),6.976
93,EMDE: Human capital investment,Output (Y<sup>d</sup><sub>t</sub>),7.069
94,EMDE: Human capital investment,Output (Y<sup>d</sup><sub>t</sub>),7.161
95,EMDE: Human capital investment,Output (Y<sup>d</sup><sub>t</sub>),7.252
96,EMDE: Human capital investment,Output (Y<sup>d</sup><sub>t</sub>),7.343
97,EMDE: Human capital investment,Output (Y<sup>d</sup><sub>t</sub>),7.432
98,EMDE: Human capital investment,Output (Y<sup>d</sup><sub>t</sub>),7.522
99,EMDE: Human capital investment,Output (Y<sup>d</sup><sub>t</sub>),7.61
100,EMDE: Human capital investment,Output (Y<sup>d</sup><sub>t</sub>),7.698
1,EMDE: Infrastructure investment,Consumption (C<sub>t</sub>),1.497
2,EMDE: Infrastructure investment,Consumption (C<sub>t</sub>),1.483
3,EMDE: Infrastructure investment,Consumption (C<sub>t</sub>),1.483
4,EMDE: Infrastructure investment,Consumption (C<sub>t</sub>),1.494
5,EMDE: Infrastructure investment,Consumption (C<sub>t</sub>),1.514
6,EMDE: Infrastructure investment,Consumption (C<sub>t</sub>),1.543
7,EMDE: Infrastructure investment,Consumption (C<sub>t</sub>),1.58
8,EMDE: Infrastructure investment,Consumption (C<sub>t</sub>),1.623
9,EMDE: Infrastructure investment,Consumption (C<sub>t</sub>),1.674
10,EMDE: Infrastructure investment,Consumption (C<sub>t</sub>),1.731
11,EMDE: Infrastructure investment,Consumption (C<sub>t</sub>),1.794
12,EMDE: Infrastructure investment,Consumption (C<sub>t</sub>),1.861
13,EMDE: Infrastructure investment,Consumption (C<sub>t</sub>),1.934
14,EMDE: Infrastructure investment,Consumption (C<sub>t</sub>),2.011
15,EMDE: Infrastructure investment,Consumption (C<sub>t</sub>),2.092
16,EMDE: Infrastructure investment,Consumption (C<sub>t</sub>),2.177
17,EMDE: Infrastructure investment,Consumption (C<sub>t</sub>),2.266
18,EMDE: Infrastructure investment,Consumption (C<sub>t</sub>),2.357
19,EMDE: Infrastructure investment,Consumption (C<sub>t</sub>),2.451
20,EMDE: Infrastructure investment,Consumption (C<sub>t</sub>),2.548
21,EMDE: Infrastructure investment,Consumption (C<sub>t</sub>),2.647
22,EMDE: Infrastructure investment,Consumption (C<sub>t</sub>),2.749
23,EMDE: Infrastructure investment,Consumption (C<sub>t</sub>),2.852
24,EMDE: Infrastructure investment,Consumption (C<sub>t</sub>),2.957
25,EMDE: Infrastructure investment,Consumption (C<sub>t</sub>),3.064
26,EMDE: Infrastructure investment,Consumption (C<sub>t</sub>),3.172
27,EMDE: Infrastructure investment,Consumption (C<sub>t</sub>),3.282
28,EMDE: Infrastructure investment,Consumption (C<sub>t</sub>),3.392
29,EMDE: Infrastructure investment,Consumption (C<sub>t</sub>),3.504
30,EMDE: Infrastructure investment,Consumption (C<sub>t</sub>),3.616
31,EMDE: Infrastructure investment,Consumption (C<sub>t</sub>),3.729
32,EMDE: Infrastructure investment,Consumption (C<sub>t</sub>),3.843
33,EMDE: Infrastructure investment,Consumption (C<sub>t</sub>),3.958
34,EMDE: Infrastructure investment,Consumption (C<sub>t</sub>),4.073
35,EMDE: Infrastructure investment,Consumption (C<sub>t</sub>),4.188
36,EMDE: Infrastructure investment,Consumption (C<sub>t</sub>),4.304
37,EMDE: Infrastructure investment,Consumption (C<sub>t</sub>),4.42
38,EMDE: Infrastructure investment,Consumption (C<sub>t</sub>),4.536
39,EMDE: Infrastructure investment,Consumption (C<sub>t</sub>),4.652
40,EMDE: Infrastructure investment,Consumption (C<sub>t</sub>),4.769
41,EMDE: Infrastructure investment,Consumption (C<sub>t</sub>),4.885
42,EMDE: Infrastructure investment,Consumption (C<sub>t</sub>),5.002
43,EMDE: Infrastructure investment,Consumption (C<sub>t</sub>),5.118
44,EMDE: Infrastructure investment,Consumption (C<sub>t</sub>),5.235
45,EMDE: Infrastructure investment,Consumption (C<sub>t</sub>),5.351
46,EMDE: Infrastructure investment,Consumption (C<sub>t</sub>),5.467
47,EMDE: Infrastructure investment,Consumption (C<sub>t</sub>),5.583
48,EMDE: Infrastructure investment,Consumption (C<sub>t</sub>),5.699
49,EMDE: Infrastructure investment,Consumption (C<sub>t</sub>),5.814
50,EMDE: Infrastructure investment,Consumption (C<sub>t</sub>),5.929
51,EMDE: Infrastructure investment,Consumption (C<sub>t</sub>),6.044
52,EMDE: Infrastructure investment,Consumption (C<sub>t</sub>),6.159
53,EMDE: Infrastructure investment,Consumption (C<sub>t</sub>),6.274
54,EMDE: Infrastructure investment,Consumption (C<sub>t</sub>),6.388
55,EMDE: Infrastructure investment,Consumption (C<sub>t</sub>),6.501
56,EMDE: Infrastructure investment,Consumption (C<sub>t</sub>),6.615
57,EMDE: Infrastructure investment,Consumption (C<sub>t</sub>),6.728
58,EMDE: Infrastructure investment,Consumption (C<sub>t</sub>),6.84
59,EMDE: Infrastructure investment,Consumption (C<sub>t</sub>),6.952
60,EMDE: Infrastructure investment,Consumption (C<sub>t</sub>),7.064
61,EMDE: Infrastructure investment,Consumption (C<sub>t</sub>),7.176
62,EMDE: Infrastructure investment,Consumption (C<sub>t</sub>),7.286
63,EMDE: Infrastructure investment,Consumption (C<sub>t</sub>),7.397
64,EMDE: Infrastructure investment,Consumption (C<sub>t</sub>),7.507
65,EMDE: Infrastructure investment,Consumption (C<sub>t</sub>),7.617
66,EMDE: Infrastructure investment,Consumption (C<sub>t</sub>),7.726
67,EMDE: Infrastructure investment,Consumption (C<sub>t</sub>),7.835
68,EMDE: Infrastructure investment,Consumption (C<sub>t</sub>),7.943
69,EMDE: Infrastructure investment,Consumption (C<sub>t</sub>),8.051
70,EMDE: Infrastructure investment,Consumption (C<sub>t</sub>),8.158
71,EMDE: Infrastructure investment,Consumption (C<sub>t</sub>),8.265
72,EMDE: Infrastructure investment,Consumption (C<sub>t</sub>),8.372
73,EMDE: Infrastructure investment,Consumption (C<sub>t</sub>),8.478
74,EMDE: Infrastructure investment,Consumption (C<sub>t</sub>),8.584
75,EMDE: Infrastructure investment,Consumption (C<sub>t</sub>),8.689
76,EMDE: Infrastructure investment,Consumption (C<sub>t</sub>),8.793
77,EMDE: Infrastructure investment,Consumption (C<sub>t</sub>),8.897
78,EMDE: Infrastructure investment,Consumption (C<sub>t</sub>),9.001
79,EMDE: Infrastructure investment,Consumption (C<sub>t</sub>),9.104
80,EMDE: Infrastructure investment,Consumption (C<sub>t</sub>),9.207
81,EMDE: Infrastructure investment,Consumption (C<sub>t</sub>),9.309
82,EMDE: Infrastructure investment,Consumption (C<sub>t</sub>),9.411
83,EMDE: Infrastructure investment,Consumption (C<sub>t</sub>),9.512
84,EMDE: Infrastructure investment,Consumption (C<sub>t</sub>),9.613
85,EMDE: Infrastructure investment,Consumption (C<sub>t</sub>),9.713
86,EMDE: Infrastructure investment,Consumption (C<sub>t</sub>),9.813
87,EMDE: Infrastructure investment,Consumption (C<sub>t</sub>),9.912
88,EMDE: Infrastructure investment,Consumption (C<sub>t</sub>),10.011
89,EMDE: Infrastructure investment,Consumption (C<sub>t</sub>),10.109
90,EMDE: Infrastructure investment,Consumption (C<sub>t</sub>),10.207
91,EMDE: Infrastructure investment,Consumption (C<sub>t</sub>),10.304
92,EMDE: Infrastructure investment,Consumption (C<sub>t</sub>),10.401
93,EMDE: Infrastructure investment,Consumption (C<sub>t</sub>),10.497
94,EMDE: Infrastructure investment,Consumption (C<sub>t</sub>),10.593
95,EMDE: Infrastructure investment,Consumption (C<sub>t</sub>),10.688
96,EMDE: Infrastructure investment,Consumption (C<sub>t</sub>),10.782
97,EMDE: Infrastructure investment,Consumption (C<sub>t</sub>),10.876
98,EMDE: Infrastructure investment,Consumption (C<sub>t</sub>),10.97
99,EMDE: Infrastructure investment,Consumption (C<sub>t</sub>),11.062
100,EMDE: Infrastructure investment,Consumption (C<sub>t</sub>),11.154
1,EMDE: Human capital investment,Consumption (C<sub>t</sub>),1.06
2,EMDE: Human capital investment,Consumption (C<sub>t</sub>),1.085
3,EMDE: Human capital investment,Consumption (C<sub>t</sub>),1.107
4,EMDE: Human capital investment,Consumption (C<sub>t</sub>),1.123
5,EMDE: Human capital investment,Consumption (C<sub>t</sub>),1.135
6,EMDE: Human capital investment,Consumption (C<sub>t</sub>),1.144
7,EMDE: Human capital investment,Consumption (C<sub>t</sub>),1.149
8,EMDE: Human capital investment,Consumption (C<sub>t</sub>),1.154
9,EMDE: Human capital investment,Consumption (C<sub>t</sub>),1.157
10,EMDE: Human capital investment,Consumption (C<sub>t</sub>),1.161
11,EMDE: Human capital investment,Consumption (C<sub>t</sub>),1.165
12,EMDE: Human capital investment,Consumption (C<sub>t</sub>),1.172
13,EMDE: Human capital investment,Consumption (C<sub>t</sub>),1.18
14,EMDE: Human capital investment,Consumption (C<sub>t</sub>),1.19
15,EMDE: Human capital investment,Consumption (C<sub>t</sub>),1.204
16,EMDE: Human capital investment,Consumption (C<sub>t</sub>),1.22
17,EMDE: Human capital investment,Consumption (C<sub>t</sub>),1.24
18,EMDE: Human capital investment,Consumption (C<sub>t</sub>),1.264
19,EMDE: Human capital investment,Consumption (C<sub>t</sub>),1.291
20,EMDE: Human capital investment,Consumption (C<sub>t</sub>),1.323
21,EMDE: Human capital investment,Consumption (C<sub>t</sub>),1.358
22,EMDE: Human capital investment,Consumption (C<sub>t</sub>),1.398
23,EMDE: Human capital investment,Consumption (C<sub>t</sub>),1.441
24,EMDE: Human capital investment,Consumption (C<sub>t</sub>),1.489
25,EMDE: Human capital investment,Consumption (C<sub>t</sub>),1.541
26,EMDE: Human capital investment,Consumption (C<sub>t</sub>),1.597
27,EMDE: Human capital investment,Consumption (C<sub>t</sub>),1.657
28,EMDE: Human capital investment,Consumption (C<sub>t</sub>),1.721
29,EMDE: Human capital investment,Consumption (C<sub>t</sub>),1.789
30,EMDE: Human capital investment,Consumption (C<sub>t</sub>),1.861
31,EMDE: Human capital investment,Consumption (C<sub>t</sub>),1.937
32,EMDE: Human capital investment,Consumption (C<sub>t</sub>),2.016
33,EMDE: Human capital investment,Consumption (C<sub>t</sub>),2.098
34,EMDE: Human capital investment,Consumption (C<sub>t</sub>),2.184
35,EMDE: Human capital investment,Consumption (C<sub>t</sub>),2.274
36,EMDE: Human capital investment,Consumption (C<sub>t</sub>),2.366
37,EMDE: Human capital investment,Consumption (C<sub>t</sub>),2.461
38,EMDE: Human capital investment,Consumption (C<sub>t</sub>),2.56
39,EMDE: Human capital investment,Consumption (C<sub>t</sub>),2.661
40,EMDE: Human capital investment,Consumption (C<sub>t</sub>),2.765
41,EMDE: Human capital investment,Consumption (C<sub>t</sub>),2.871
42,EMDE: Human capital investment,Consumption (C<sub>t</sub>),2.979
43,EMDE: Human capital investment,Consumption (C<sub>t</sub>),3.09
44,EMDE: Human capital investment,Consumption (C<sub>t</sub>),3.203
45,EMDE: Human capital investment,Consumption (C<sub>t</sub>),3.318
46,EMDE: Human capital investment,Consumption (C<sub>t</sub>),3.435
47,EMDE: Human capital investment,Consumption (C<sub>t</sub>),3.553
48,EMDE: Human capital investment,Consumption (C<sub>t</sub>),3.674
49,EMDE: Human capital investment,Consumption (C<sub>t</sub>),3.795
50,EMDE: Human capital investment,Consumption (C<sub>t</sub>),3.919
51,EMDE: Human capital investment,Consumption (C<sub>t</sub>),4.043
52,EMDE: Human capital investment,Consumption (C<sub>t</sub>),4.169
53,EMDE: Human capital investment,Consumption (C<sub>t</sub>),4.296
54,EMDE: Human capital investment,Consumption (C<sub>t</sub>),4.424
55,EMDE: Human capital investment,Consumption (C<sub>t</sub>),4.553
56,EMDE: Human capital investment,Consumption (C<sub>t</sub>),4.682
57,EMDE: Human capital investment,Consumption (C<sub>t</sub>),4.813
58,EMDE: Human capital investment,Consumption (C<sub>t</sub>),4.944
59,EMDE: Human capital investment,Consumption (C<sub>t</sub>),5.076
60,EMDE: Human capital investment,Consumption (C<sub>t</sub>),5.208
61,EMDE: Human capital investment,Consumption (C<sub>t</sub>),5.34
62,EMDE: Human capital investment,Consumption (C<sub>t</sub>),5.473
63,EMDE: Human capital investment,Consumption (C<sub>t</sub>),5.607
64,EMDE: Human capital investment,Consumption (C<sub>t</sub>),5.74
65,EMDE: Human capital investment,Consumption (C<sub>t</sub>),5.874
66,EMDE: Human capital investment,Consumption (C<sub>t</sub>),6.008
67,EMDE: Human capital investment,Consumption (C<sub>t</sub>),6.142
68,EMDE: Human capital investment,Consumption (C<sub>t</sub>),6.275
69,EMDE: Human capital investment,Consumption (C<sub>t</sub>),6.409
70,EMDE: Human capital investment,Consumption (C<sub>t</sub>),6.543
71,EMDE: Human capital investment,Consumption (C<sub>t</sub>),6.677
72,EMDE: Human capital investment,Consumption (C<sub>t</sub>),6.81
73,EMDE: Human capital investment,Consumption (C<sub>t</sub>),6.943
74,EMDE: Human capital investment,Consumption (C<sub>t</sub>),7.076
75,EMDE: Human capital investment,Consumption (C<sub>t</sub>),7.209
76,EMDE: Human capital investment,Consumption (C<sub>t</sub>),7.341
77,EMDE: Human capital investment,Consumption (C<sub>t</sub>),7.473
78,EMDE: Human capital investment,Consumption (C<sub>t</sub>),7.604
79,EMDE: Human capital investment,Consumption (C<sub>t</sub>),7.735
80,EMDE: Human capital investment,Consumption (C<sub>t</sub>),7.865
81,EMDE: Human capital investment,Consumption (C<sub>t</sub>),7.995
82,EMDE: Human capital investment,Consumption (C<sub>t</sub>),8.125
83,EMDE: Human capital investment,Consumption (C<sub>t</sub>),8.254
84,EMDE: Human capital investment,Consumption (C<sub>t</sub>),8.382
85,EMDE: Human capital investment,Consumption (C<sub>t</sub>),8.51
86,EMDE: Human capital investment,Consumption (C<sub>t</sub>),8.637
87,EMDE: Human capital investment,Consumption (C<sub>t</sub>),8.764
88,EMDE: Human capital investment,Consumption (C<sub>t</sub>),8.89
89,EMDE: Human capital investment,Consumption (C<sub>t</sub>),9.015
90,EMDE: Human capital investment,Consumption (C<sub>t</sub>),9.139
91,EMDE: Human capital investment,Consumption (C<sub>t</sub>),9.263
92,EMDE: Human capital investment,Consumption (C<sub>t</sub>),9.387
93,EMDE: Human capital investment,Consumption (C<sub>t</sub>),9.509
94,EMDE: Human capital investment,Consumption (C<sub>t</sub>),9.631
95,EMDE: Human capital investment,Consumption (C<sub>t</sub>),9.752
96,EMDE: Human capital investment,Consumption (C<sub>t</sub>),9.872
97,EMDE: Human capital investment,Consumption (C<sub>t</sub>),9.992
98,EMDE: Human capital investment,Consumption (C<sub>t</sub>),10.111
99,EMDE: Human capital investment,Consumption (C<sub>t</sub>),10.229
100,EMDE: Human capital investment,Consumption (C<sub>t</sub>),10.346
1,EMDE: Infrastructure investment,Private investment (I<sub>t</sub>),-0.562
2,EMDE: Infrastructure investment,Private investment (I<sub>t</sub>),-4.99
3,EMDE: Infrastructure investment,Private investment (I<sub>t</sub>),-4.476
4,EMDE: Infrastructure investment,Private investment (I<sub>t</sub>),-4.053
5,EMDE: Infrastructure investment,Private investment (I<sub>t</sub>),-3.672
6,EMDE: Infrastructure investment,Private investment (I<sub>t</sub>),-3.317
7,EMDE: Infrastructure investment,Private investment (I<sub>t</sub>),-2.982
8,EMDE: Infrastructure investment,Private investment (I<sub>t</sub>),-2.664
9,EMDE: Infrastructure investment,Private investment (I<sub>t</sub>),-2.363
10,EMDE: Infrastructure investment,Private investment (I<sub>t</sub>),-2.075
11,EMDE: Infrastructure investment,Private investment (I<sub>t</sub>),-1.801
12,EMDE: Infrastructure investment,Private investment (I<sub>t</sub>),-1.54
13,EMDE: Infrastructure investment,Private investment (I<sub>t</sub>),-1.289
14,EMDE: Infrastructure investment,Private investment (I<sub>t</sub>),-1.05
15,EMDE: Infrastructure investment,Private investment (I<sub>t</sub>),-0.821
16,EMDE: Infrastructure investment,Private investment (I<sub>t</sub>),-0.601
17,EMDE: Infrastructure investment,Private investment (I<sub>t</sub>),-0.39
18,EMDE: Infrastructure investment,Private investment (I<sub>t</sub>),-0.187
19,EMDE: Infrastructure investment,Private investment (I<sub>t</sub>),0.009
20,EMDE: Infrastructure investment,Private investment (I<sub>t</sub>),0.197
21,EMDE: Infrastructure investment,Private investment (I<sub>t</sub>),0.379
22,EMDE: Infrastructure investment,Private investment (I<sub>t</sub>),0.555
23,EMDE: Infrastructure investment,Private investment (I<sub>t</sub>),0.725
24,EMDE: Infrastructure investment,Private investment (I<sub>t</sub>),0.89
25,EMDE: Infrastructure investment,Private investment (I<sub>t</sub>),1.05
26,EMDE: Infrastructure investment,Private investment (I<sub>t</sub>),1.205
27,EMDE: Infrastructure investment,Private investment (I<sub>t</sub>),1.355
28,EMDE: Infrastructure investment,Private investment (I<sub>t</sub>),1.502
29,EMDE: Infrastructure investment,Private investment (I<sub>t</sub>),1.644
30,EMDE: Infrastructure investment,Private investment (I<sub>t</sub>),1.783
31,EMDE: Infrastructure investment,Private investment (I<sub>t</sub>),1.919
32,EMDE: Infrastructure investment,Private investment (I<sub>t</sub>),2.052
33,EMDE: Infrastructure investment,Private investment (I<sub>t</sub>),2.181
34,EMDE: Infrastructure investment,Private investment (I<sub>t</sub>),2.308
35,EMDE: Infrastructure investment,Private investment (I<sub>t</sub>),2.432
36,EMDE: Infrastructure investment,Private investment (I<sub>t</sub>),2.554
37,EMDE: Infrastructure investment,Private investment (I<sub>t</sub>),2.673
38,EMDE: Infrastructure investment,Private investment (I<sub>t</sub>),2.79
39,EMDE: Infrastructure investment,Private investment (I<sub>t</sub>),2.905
40,EMDE: Infrastructure investment,Private investment (I<sub>t</sub>),3.018
41,EMDE: Infrastructure investment,Private investment (I<sub>t</sub>),3.13
42,EMDE: Infrastructure investment,Private investment (I<sub>t</sub>),3.239
43,EMDE: Infrastructure investment,Private investment (I<sub>t</sub>),3.348
44,EMDE: Infrastructure investment,Private investment (I<sub>t</sub>),3.454
45,EMDE: Infrastructure investment,Private investment (I<sub>t</sub>),3.559
46,EMDE: Infrastructure investment,Private investment (I<sub>t</sub>),3.663
47,EMDE: Infrastructure investment,Private investment (I<sub>t</sub>),3.765
48,EMDE: Infrastructure investment,Private investment (I<sub>t</sub>),3.867
49,EMDE: Infrastructure investment,Private investment (I<sub>t</sub>),3.967
50,EMDE: Infrastructure investment,Private investment (I<sub>t</sub>),4.066
51,EMDE: Infrastructure investment,Private investment (I<sub>t</sub>),4.164
52,EMDE: Infrastructure investment,Private investment (I<sub>t</sub>),4.261
53,EMDE: Infrastructure investment,Private investment (I<sub>t</sub>),4.357
54,EMDE: Infrastructure investment,Private investment (I<sub>t</sub>),4.452
55,EMDE: Infrastructure investment,Private investment (I<sub>t</sub>),4.547
56,EMDE: Infrastructure investment,Private investment (I<sub>t</sub>),4.641
57,EMDE: Infrastructure investment,Private investment (I<sub>t</sub>),4.734
58,EMDE: Infrastructure investment,Private investment (I<sub>t</sub>),4.826
59,EMDE: Infrastructure investment,Private investment (I<sub>t</sub>),4.918
60,EMDE: Infrastructure investment,Private investment (I<sub>t</sub>),5.009
61,EMDE: Infrastructure investment,Private investment (I<sub>t</sub>),5.1
62,EMDE: Infrastructure investment,Private investment (I<sub>t</sub>),5.19
63,EMDE: Infrastructure investment,Private investment (I<sub>t</sub>),5.279
64,EMDE: Infrastructure investment,Private investment (I<sub>t</sub>),5.369
65,EMDE: Infrastructure investment,Private investment (I<sub>t</sub>),5.458
66,EMDE: Infrastructure investment,Private investment (I<sub>t</sub>),5.546
67,EMDE: Infrastructure investment,Private investment (I<sub>t</sub>),5.634
68,EMDE: Infrastructure investment,Private investment (I<sub>t</sub>),5.722
69,EMDE: Infrastructure investment,Private investment (I<sub>t</sub>),5.81
70,EMDE: Infrastructure investment,Private investment (I<sub>t</sub>),5.898
71,EMDE: Infrastructure investment,Private investment (I<sub>t</sub>),5.985
72,EMDE: Infrastructure investment,Private investment (I<sub>t</sub>),6.073
73,EMDE: Infrastructure investment,Private investment (I<sub>t</sub>),6.16
74,EMDE: Infrastructure investment,Private investment (I<sub>t</sub>),6.248
75,EMDE: Infrastructure investment,Private investment (I<sub>t</sub>),6.335
76,EMDE: Infrastructure investment,Private investment (I<sub>t</sub>),6.423
77,EMDE: Infrastructure investment,Private investment (I<sub>t</sub>),6.511
78,EMDE: Infrastructure investment,Private investment (I<sub>t</sub>),6.599
79,EMDE: Infrastructure investment,Private investment (I<sub>t</sub>),6.688
80,EMDE: Infrastructure investment,Private investment (I<sub>t</sub>),6.776
81,EMDE: Infrastructure investment,Private investment (I<sub>t</sub>),6.866
82,EMDE: Infrastructure investment,Private investment (I<sub>t</sub>),6.956
83,EMDE: Infrastructure investment,Private investment (I<sub>t</sub>),7.047
84,EMDE: Infrastructure investment,Private investment (I<sub>t</sub>),7.138
85,EMDE: Infrastructure investment,Private investment (I<sub>t</sub>),7.23
86,EMDE: Infrastructure investment,Private investment (I<sub>t</sub>),7.324
87,EMDE: Infrastructure investment,Private investment (I<sub>t</sub>),7.418
88,EMDE: Infrastructure investment,Private investment (I<sub>t</sub>),7.514
89,EMDE: Infrastructure investment,Private investment (I<sub>t</sub>),7.612
90,EMDE: Infrastructure investment,Private investment (I<sub>t</sub>),7.71
91,EMDE: Infrastructure investment,Private investment (I<sub>t</sub>),7.811
92,EMDE: Infrastructure investment,Private investment (I<sub>t</sub>),7.914
93,EMDE: Infrastructure investment,Private investment (I<sub>t</sub>),8.019
94,EMDE: Infrastructure investment,Private investment (I<sub>t</sub>),8.126
95,EMDE: Infrastructure investment,Private investment (I<sub>t</sub>),8.236
96,EMDE: Infrastructure investment,Private investment (I<sub>t</sub>),8.348
97,EMDE: Infrastructure investment,Private investment (I<sub>t</sub>),8.464
98,EMDE: Infrastructure investment,Private investment (I<sub>t</sub>),8.584
99,EMDE: Infrastructure investment,Private investment (I<sub>t</sub>),8.706
100,EMDE: Infrastructure investment,Private investment (I<sub>t</sub>),8.832
1,EMDE: Human capital investment,Private investment (I<sub>t</sub>),5.777
2,EMDE: Human capital investment,Private investment (I<sub>t</sub>),1.734
3,EMDE: Human capital investment,Private investment (I<sub>t</sub>),1.226
4,EMDE: Human capital investment,Private investment (I<sub>t</sub>),0.657
5,EMDE: Human capital investment,Private investment (I<sub>t</sub>),0.119
6,EMDE: Human capital investment,Private investment (I<sub>t</sub>),-0.363
7,EMDE: Human capital investment,Private investment (I<sub>t</sub>),-0.786
8,EMDE: Human capital investment,Private investment (I<sub>t</sub>),-1.151
9,EMDE: Human capital investment,Private investment (I<sub>t</sub>),-1.463
10,EMDE: Human capital investment,Private investment (I<sub>t</sub>),-1.727
11,EMDE: Human capital investment,Private investment (I<sub>t</sub>),-1.947
12,EMDE: Human capital investment,Private investment (I<sub>t</sub>),-2.126
13,EMDE: Human capital investment,Private investment (I<sub>t</sub>),-2.269
14,EMDE: Human capital investment,Private investment (I<sub>t</sub>),-2.379
15,EMDE: Human capital investment,Private investment (I<sub>t</sub>),-2.459
16,EMDE: Human capital investment,Private investment (I<sub>t</sub>),-2.511
17,EMDE: Human capital investment,Private investment (I<sub>t</sub>),-2.539
18,EMDE: Human capital investment,Private investment (I<sub>t</sub>),-2.545
19,EMDE: Human capital investment,Private investment (I<sub>t</sub>),-2.53
20,EMDE: Human capital investment,Private investment (I<sub>t</sub>),-2.498
21,EMDE: Human capital investment,Private investment (I<sub>t</sub>),-2.449
22,EMDE: Human capital investment,Private investment (I<sub>t</sub>),-2.385
23,EMDE: Human capital investment,Private investment (I<sub>t</sub>),-2.309
24,EMDE: Human capital investment,Private investment (I<sub>t</sub>),-2.221
25,EMDE: Human capital investment,Private investment (I<sub>t</sub>),-2.122
26,EMDE: Human capital investment,Private investment (I<sub>t</sub>),-2.014
27,EMDE: Human capital investment,Private investment (I<sub>t</sub>),-1.898
28,EMDE: Human capital investment,Private investment (I<sub>t</sub>),-1.774
29,EMDE: Human capital investment,Private investment (I<sub>t</sub>),-1.645
30,EMDE: Human capital investment,Private investment (I<sub>t</sub>),-1.509
31,EMDE: Human capital investment,Private investment (I<sub>t</sub>),-1.369
32,EMDE: Human capital investment,Private investment (I<sub>t</sub>),-1.225
33,EMDE: Human capital investment,Private investment (I<sub>t</sub>),-1.077
34,EMDE: Human capital investment,Private investment (I<sub>t</sub>),-0.926
35,EMDE: Human capital investment,Private investment (I<sub>t</sub>),-0.772
36,EMDE: Human capital investment,Private investment (I<sub>t</sub>),-0.616
37,EMDE: Human capital investment,Private investment (I<sub>t</sub>),-0.459
38,EMDE: Human capital investment,Private investment (I<sub>t</sub>),-0.3
39,EMDE: Human capital investment,Private investment (I<sub>t</sub>),-0.141
40,EMDE: Human capital investment,Private investment (I<sub>t</sub>),0.02
41,EMDE: Human capital investment,Private investment (I<sub>t</sub>),0.181
42,EMDE: Human capital investment,Private investment (I<sub>t</sub>),0.342
43,EMDE: Human capital investment,Private investment (I<sub>t</sub>),0.503
44,EMDE: Human capital investment,Private investment (I<sub>t</sub>),0.663
45,EMDE: Human capital investment,Private investment (I<sub>t</sub>),0.824
46,EMDE: Human capital investment,Private investment (I<sub>t</sub>),0.984
47,EMDE: Human capital investment,Private investment (I<sub>t</sub>),1.143
48,EMDE: Human capital investment,Private investment (I<sub>t</sub>),1.301
49,EMDE: Human capital investment,Private investment (I<sub>t</sub>),1.458
50,EMDE: Human capital investment,Private investment (I<sub>t</sub>),1.615
51,EMDE: Human capital investment,Private investment (I<sub>t</sub>),1.77
52,EMDE: Human capital investment,Private investment (I<sub>t</sub>),1.924
53,EMDE: Human capital investment,Private investment (I<sub>t</sub>),2.077
54,EMDE: Human capital investment,Private investment (I<sub>t</sub>),2.228
55,EMDE: Human capital investment,Private investment (I<sub>t</sub>),2.378
56,EMDE: Human capital investment,Private investment (I<sub>t</sub>),2.527
57,EMDE: Human capital investment,Private investment (I<sub>t</sub>),2.675
58,EMDE: Human capital investment,Private investment (I<sub>t</sub>),2.82
59,EMDE: Human capital investment,Private investment (I<sub>t</sub>),2.965
60,EMDE: Human capital investment,Private investment (I<sub>t</sub>),3.108
61,EMDE: Human capital investment,Private investment (I<sub>t</sub>),3.249
62,EMDE: Human capital investment,Private investment (I<sub>t</sub>),3.389
63,EMDE: Human capital investment,Private investment (I<sub>t</sub>),3.528
64,EMDE: Human capital investment,Private investment (I<sub>t</sub>),3.665
65,EMDE: Human capital investment,Private investment (I<sub>t</sub>),3.8
66,EMDE: Human capital investment,Private investment (I<sub>t</sub>),3.934
67,EMDE: Human capital investment,Private investment (I<sub>t</sub>),4.066
68,EMDE: Human capital investment,Private investment (I<sub>t</sub>),4.197
69,EMDE: Human capital investment,Private investment (I<sub>t</sub>),4.327
70,EMDE: Human capital investment,Private investment (I<sub>t</sub>),4.454
71,EMDE: Human capital investment,Private investment (I<sub>t</sub>),4.581
72,EMDE: Human capital investment,Private investment (I<sub>t</sub>),4.706
73,EMDE: Human capital investment,Private investment (I<sub>t</sub>),4.829
74,EMDE: Human capital investment,Private investment (I<sub>t</sub>),4.951
75,EMDE: Human capital investment,Private investment (I<sub>t</sub>),5.072
76,EMDE: Human capital investment,Private investment (I<sub>t</sub>),5.191
77,EMDE: Human capital investment,Private investment (I<sub>t</sub>),5.309
78,EMDE: Human capital investment,Private investment (I<sub>t</sub>),5.426
79,EMDE: Human capital investment,Private investment (I<sub>t</sub>),5.541
80,EMDE: Human capital investment,Private investment (I<sub>t</sub>),5.655
81,EMDE: Human capital investment,Private investment (I<sub>t</sub>),5.767
82,EMDE: Human capital investment,Private investment (I<sub>t</sub>),5.879
83,EMDE: Human capital investment,Private investment (I<sub>t</sub>),5.989
84,EMDE: Human capital investment,Private investment (I<sub>t</sub>),6.097
85,EMDE: Human capital investment,Private investment (I<sub>t</sub>),6.204
86,EMDE: Human capital investment,Private investment (I<sub>t</sub>),6.311
87,EMDE: Human capital investment,Private investment (I<sub>t</sub>),6.415
88,EMDE: Human capital investment,Private investment (I<sub>t</sub>),6.519
89,EMDE: Human capital investment,Private investment (I<sub>t</sub>),6.621
90,EMDE: Human capital investment,Private investment (I<sub>t</sub>),6.722
91,EMDE: Human capital investment,Private investment (I<sub>t</sub>),6.822
92,EMDE: Human capital investment,Private investment (I<sub>t</sub>),6.921
93,EMDE: Human capital investment,Private investment (I<sub>t</sub>),7.018
94,EMDE: Human capital investment,Private investment (I<sub>t</sub>),7.114
95,EMDE: Human capital investment,Private investment (I<sub>t</sub>),7.209
96,EMDE: Human capital investment,Private investment (I<sub>t</sub>),7.302
97,EMDE: Human capital investment,Private investment (I<sub>t</sub>),7.395
98,EMDE: Human capital investment,Private investment (I<sub>t</sub>),7.486
99,EMDE: Human capital investment,Private investment (I<sub>t</sub>),7.576
100,EMDE: Human capital investment,Private investment (I<sub>t</sub>),7.665
1,EMDE: Infrastructure investment,Government spending (G<sub>t</sub>),-0.0
2,EMDE: Infrastructure investment,Government spending (G<sub>t</sub>),-0.0
3,EMDE: Infrastructure investment,Government spending (G<sub>t</sub>),-0.0
4,EMDE: Infrastructure investment,Government spending (G<sub>t</sub>),-0.0
5,EMDE: Infrastructure investment,Government spending (G<sub>t</sub>),-0.0
6,EMDE: Infrastructure investment,Government spending (G<sub>t</sub>),-0.0
7,EMDE: Infrastructure investment,Government spending (G<sub>t</sub>),-0.0
8,EMDE: Infrastructure investment,Government spending (G<sub>t</sub>),-0.0
9,EMDE: Infrastructure investment,Government spending (G<sub>t</sub>),-0.0
10,EMDE: Infrastructure investment,Government spending (G<sub>t</sub>),-0.0
11,EMDE: Infrastructure investment,Government spending (G<sub>t</sub>),-0.0
12,EMDE: Infrastructure investment,Government spending (G<sub>t</sub>),-0.0
13,EMDE: Infrastructure investment,Government spending (G<sub>t</sub>),-0.0
14,EMDE: Infrastructure investment,Government spending (G<sub>t</sub>),-0.0
15,EMDE: Infrastructure investment,Government spending (G<sub>t</sub>),-0.0
16,EMDE: Infrastructure investment,Government spending (G<sub>t</sub>),-0.0
17,EMDE: Infrastructure investment,Government spending (G<sub>t</sub>),-0.0
18,EMDE: Infrastructure investment,Government spending (G<sub>t</sub>),-0.0
19,EMDE: Infrastructure investment,Government spending (G<sub>t</sub>),-0.0
20,EMDE: Infrastructure investment,Government spending (G<sub>t</sub>),-0.0
21,EMDE: Infrastructure investment,Government spending (G<sub>t</sub>),-0.0
22,EMDE: Infrastructure investment,Government spending (G<sub>t</sub>),-0.0
23,EMDE: Infrastructure investment,Government spending (G<sub>t</sub>),-0.0
24,EMDE: Infrastructure investment,Government spending (G<sub>t</sub>),-0.0
25,EMDE: Infrastructure investment,Government spending (G<sub>t</sub>),-0.0
26,EMDE: Infrastructure investment,Government spending (G<sub>t</sub>),-0.0
27,EMDE: Infrastructure investment,Government spending (G<sub>t</sub>),-0.0
28,EMDE: Infrastructure investment,Government spending (G<sub>t</sub>),-0.0
29,EMDE: Infrastructure investment,Government spending (G<sub>t</sub>),-0.0
30,EMDE: Infrastructure investment,Government spending (G<sub>t</sub>),-0.0
31,EMDE: Infrastructure investment,Government spending (G<sub>t</sub>),-0.0
32,EMDE: Infrastructure investment,Government spending (G<sub>t</sub>),-0.0
33,EMDE: Infrastructure investment,Government spending (G<sub>t</sub>),-0.0
34,EMDE: Infrastructure investment,Government spending (G<sub>t</sub>),-0.0
35,EMDE: Infrastructure investment,Government spending (G<sub>t</sub>),-0.0
36,EMDE: Infrastructure investment,Government spending (G<sub>t</sub>),-0.0
37,EMDE: Infrastructure investment,Government spending (G<sub>t</sub>),-0.0
38,EMDE: Infrastructure investment,Government spending (G<sub>t</sub>),-0.0
39,EMDE: Infrastructure investment,Government spending (G<sub>t</sub>),-0.0
40,EMDE: Infrastructure investment,Government spending (G<sub>t</sub>),-0.0
41,EMDE: Infrastructure investment,Government spending (G<sub>t</sub>),-0.0
42,EMDE: Infrastructure investment,Government spending (G<sub>t</sub>),-0.0
43,EMDE: Infrastructure investment,Government spending (G<sub>t</sub>),-0.0
44,EMDE: Infrastructure investment,Government spending (G<sub>t</sub>),-0.0
45,EMDE: Infrastructure investment,Government spending (G<sub>t</sub>),-0.0
46,EMDE: Infrastructure investment,Government spending (G<sub>t</sub>),-0.0
47,EMDE: Infrastructure investment,Government spending (G<sub>t</sub>),-0.0
48,EMDE: Infrastructure investment,Government spending (G<sub>t</sub>),-0.0
49,EMDE: Infrastructure investment,Government spending (G<sub>t</sub>),-0.0
50,EMDE: Infrastructure investment,Government spending (G<sub>t</sub>),-0.0
51,EMDE: Infrastructure investment,Government spending (G<sub>t</sub>),-0.0
52,EMDE: Infrastructure investment,Government spending (G<sub>t</sub>),-0.0
53,EMDE: Infrastructure investment,Government spending (G<sub>t</sub>),-0.0
54,EMDE: Infrastructure investment,Government spending (G<sub>t</sub>),-0.0
55,EMDE: Infrastructure investment,Government spending (G<sub>t</sub>),-0.0
56,EMDE: Infrastructure investment,Government spending (G<sub>t</sub>),-0.0
57,EMDE: Infrastructure investment,Government spending (G<sub>t</sub>),-0.0
58,EMDE: Infrastructure investment,Government spending (G<sub>t</sub>),-0.0
59,EMDE: Infrastructure investment,Government spending (G<sub>t</sub>),-0.0
60,EMDE: Infrastructure investment,Government spending (G<sub>t</sub>),-0.0
61,EMDE: Infrastructure investment,Government spending (G<sub>t</sub>),-0.0
62,EMDE: Infrastructure investment,Government spending (G<sub>t</sub>),-0.0
63,EMDE: Infrastructure investment,Government spending (G<sub>t</sub>),-0.0
64,EMDE: Infrastructure investment,Government spending (G<sub>t</sub>),-0.0
65,EMDE: Infrastructure investment,Government spending (G<sub>t</sub>),-0.0
66,EMDE: Infrastructure investment,Government spending (G<sub>t</sub>),-0.0
67,EMDE: Infrastructure investment,Government spending (G<sub>t</sub>),-0.0
68,EMDE: Infrastructure investment,Government spending (G<sub>t</sub>),-0.0
69,EMDE: Infrastructure investment,Government spending (G<sub>t</sub>),-0.0
70,EMDE: Infrastructure investment,Government spending (G<sub>t</sub>),-0.0
71,EMDE: Infrastructure investment,Government spending (G<sub>t</sub>),-0.0
72,EMDE: Infrastructure investment,Government spending (G<sub>t</sub>),-0.0
73,EMDE: Infrastructure investment,Government spending (G<sub>t</sub>),-0.0
74,EMDE: Infrastructure investment,Government spending (G<sub>t</sub>),-0.0
75,EMDE: Infrastructure investment,Government spending (G<sub>t</sub>),-0.0
76,EMDE: Infrastructure investment,Government spending (G<sub>t</sub>),-0.0
77,EMDE: Infrastructure investment,Government spending (G<sub>t</sub>),-0.0
78,EMDE: Infrastructure investment,Government spending (G<sub>t</sub>),-0.0
79,EMDE: Infrastructure investment,Government spending (G<sub>t</sub>),-0.0
80,EMDE: Infrastructure investment,Government spending (G<sub>t</sub>),-0.0
81,EMDE: Infrastructure investment,Government spending (G<sub>t</sub>),-0.0
82,EMDE: Infrastructure investment,Government spending (G<sub>t</sub>),-0.0
83,EMDE: Infrastructure investment,Government spending (G<sub>t</sub>),-0.0
84,EMDE: Infrastructure investment,Government spending (G<sub>t</sub>),-0.0
85,EMDE: Infrastructure investment,Government spending (G<sub>t</sub>),-0.0
86,EMDE: Infrastructure investment,Government spending (G<sub>t</sub>),-0.0
87,EMDE: Infrastructure investment,Government spending (G<sub>t</sub>),-0.0
88,EMDE: Infrastructure investment,Government spending (G<sub>t</sub>),-0.0
89,EMDE: Infrastructure investment,Government spending (G<sub>t</sub>),-0.0
90,EMDE: Infrastructure investment,Government spending (G<sub>t</sub>),-0.0
91,EMDE: Infrastructure investment,Government spending (G<sub>t</sub>),-0.0
92,EMDE: Infrastructure investment,Government spending (G<sub>t</sub>),-0.0
93,EMDE: Infrastructure investment,Government spending (G<sub>t</sub>),-0.0
94,EMDE: Infrastructure investment,Government spending (G<sub>t</sub>),-0.0
95,EMDE: Infrastructure investment,Government spending (G<sub>t</sub>),-0.0
96,EMDE: Infrastructure investment,Government spending (G<sub>t</sub>),-0.0
97,EMDE: Infrastructure investment,Government spending (G<sub>t</sub>),-0.0
98,EMDE: Infrastructure investment,Government spending (G<sub>t</sub>),-0.0
99,EMDE: Infrastructure investment,Government spending (G<sub>t</sub>),-0.0
100,EMDE: Infrastructure investment,Government spending (G<sub>t</sub>),-0.0
1,EMDE: Human capital investment,Government spending (G<sub>t</sub>),-0.0
2,EMDE: Human capital investment,Government spending (G<sub>t</sub>),-0.0
3,EMDE: Human capital investment,Government spending (G<sub>t</sub>),-0.0
4,EMDE: Human capital investment,Government spending (G<sub>t</sub>),-0.0
5,EMDE: Human capital investment,Government spending (G<sub>t</sub>),-0.0
6,EMDE: Human capital investment,Government spending (G<sub>t</sub>),-0.0
7,EMDE: Human capital investment,Government spending (G<sub>t</sub>),-0.0
8,EMDE: Human capital investment,Government spending (G<sub>t</sub>),-0.0
9,EMDE: Human capital investment,Government spending (G<sub>t</sub>),-0.0
10,EMDE: Human capital investment,Government spending (G<sub>t</sub>),-0.0
11,EMDE: Human capital investment,Government spending (G<sub>t</sub>),-0.0
12,EMDE: Human capital investment,Government spending (G<sub>t</sub>),-0.0
13,EMDE: Human capital investment,Government spending (G<sub>t</sub>),-0.0
14,EMDE: Human capital investment,Government spending (G<sub>t</sub>),-0.0
15,EMDE: Human capital investment,Government spending (G<sub>t</sub>),-0.0
16,EMDE: Human capital investment,Government spending (G<sub>t</sub>),-0.0
17,EMDE: Human capital investment,Government spending (G<sub>t</sub>),-0.0
18,EMDE: Human capital investment,Government spending (G<sub>t</sub>),-0.0
19,EMDE: Human capital investment,Government spending (G<sub>t</sub>),-0.0
20,EMDE: Human capital investment,Government spending (G<sub>t</sub>),-0.0
21,EMDE: Human capital investment,Government spending (G<sub>t</sub>),-0.0
22,EMDE: Human capital investment,Government spending (G<sub>t</sub>),-0.0
23,EMDE: Human capital investment,Government spending (G<sub>t</sub>),-0.0
24,EMDE: Human capital investment,Government spending (G<sub>t</sub>),-0.0
25,EMDE: Human capital investment,Government spending (G<sub>t</sub>),-0.0
26,EMDE: Human capital investment,Government spending (G<sub>t</sub>),-0.0
27,EMDE: Human capital investment,Government spending (G<sub>t</sub>),-0.0
28,EMDE: Human capital investment,Government spending (G<sub>t</sub>),-0.0
29,EMDE: Human capital investment,Government spending (G<sub>t</sub>),-0.0
30,EMDE: Human capital investment,Government spending (G<sub>t</sub>),-0.0
31,EMDE: Human capital investment,Government spending (G<sub>t</sub>),-0.0
32,EMDE: Human capital investment,Government spending (G<sub>t</sub>),-0.0
33,EMDE: Human capital investment,Government spending (G<sub>t</sub>),-0.0
34,EMDE: Human capital investment,Government spending (G<sub>t</sub>),-0.0
35,EMDE: Human capital investment,Government spending (G<sub>t</sub>),-0.0
36,EMDE: Human capital investment,Government spending (G<sub>t</sub>),-0.0
37,EMDE: Human capital investment,Government spending (G<sub>t</sub>),-0.0
38,EMDE: Human capital investment,Government spending (G<sub>t</sub>),-0.0
39,EMDE: Human capital investment,Government spending (G<sub>t</sub>),-0.0
40,EMDE: Human capital investment,Government spending (G<sub>t</sub>),-0.0
41,EMDE: Human capital investment,Government spending (G<sub>t</sub>),-0.0
42,EMDE: Human capital investment,Government spending (G<sub>t</sub>),-0.0
43,EMDE: Human capital investment,Government spending (G<sub>t</sub>),-0.0
44,EMDE: Human capital investment,Government spending (G<sub>t</sub>),-0.0
45,EMDE: Human capital investment,Government spending (G<sub>t</sub>),-0.0
46,EMDE: Human capital investment,Government spending (G<sub>t</sub>),-0.0
47,EMDE: Human capital investment,Government spending (G<sub>t</sub>),-0.0
48,EMDE: Human capital investment,Government spending (G<sub>t</sub>),-0.0
49,EMDE: Human capital investment,Government spending (G<sub>t</sub>),-0.0
50,EMDE: Human capital investment,Government spending (G<sub>t</sub>),-0.0
51,EMDE: Human capital investment,Government spending (G<sub>t</sub>),-0.0
52,EMDE: Human capital investment,Government spending (G<sub>t</sub>),-0.0
53,EMDE: Human capital investment,Government spending (G<sub>t</sub>),-0.0
54,EMDE: Human capital investment,Government spending (G<sub>t</sub>),-0.0
55,EMDE: Human capital investment,Government spending (G<sub>t</sub>),-0.0
56,EMDE: Human capital investment,Government spending (G<sub>t</sub>),-0.0
57,EMDE: Human capital investment,Government spending (G<sub>t</sub>),-0.0
58,EMDE: Human capital investment,Government spending (G<sub>t</sub>),-0.0
59,EMDE: Human capital investment,Government spending (G<sub>t</sub>),-0.0
60,EMDE: Human capital investment,Government spending (G<sub>t</sub>),-0.0
61,EMDE: Human capital investment,Government spending (G<sub>t</sub>),-0.0
62,EMDE: Human capital investment,Government spending (G<sub>t</sub>),-0.0
63,EMDE: Human capital investment,Government spending (G<sub>t</sub>),-0.0
64,EMDE: Human capital investment,Government spending (G<sub>t</sub>),-0.0
65,EMDE: Human capital investment,Government spending (G<sub>t</sub>),-0.0
66,EMDE: Human capital investment,Government spending (G<sub>t</sub>),-0.0
67,EMDE: Human capital investment,Government spending (G<sub>t</sub>),-0.0
68,EMDE: Human capital investment,Government spending (G<sub>t</sub>),-0.0
69,EMDE: Human capital investment,Government spending (G<sub>t</sub>),-0.0
70,EMDE: Human capital investment,Government spending (G<sub>t</sub>),-0.0
71,EMDE: Human capital investment,Government spending (G<sub>t</sub>),-0.0
72,EMDE: Human capital investment,Government spending (G<sub>t</sub>),-0.0
73,EMDE: Human capital investment,Government spending (G<sub>t</sub>),-0.0
74,EMDE: Human capital investment,Government spending (G<sub>t</sub>),-0.0
75,EMDE: Human capital investment,Government spending (G<sub>t</sub>),-0.0
76,EMDE: Human capital investment,Government spending (G<sub>t</sub>),-0.0
77,EMDE: Human capital investment,Government spending (G<sub>t</sub>),-0.0
78,EMDE: Human capital investment,Government spending (G<sub>t</sub>),-0.0
79,EMDE: Human capital investment,Government spending (G<sub>t</sub>),-0.0
80,EMDE: Human capital investment,Government spending (G<sub>t</sub>),-0.0
81,EMDE: Human capital investment,Government spending (G<sub>t</sub>),-0.0
82,EMDE: Human capital investment,Government spending (G<sub>t</sub>),-0.0
83,EMDE: Human capital investment,Government spending (G<sub>t</sub>),-0.0
84,EMDE: Human capital investment,Government spending (G<sub>t</sub>),-0.0
85,EMDE: Human capital investment,Government spending (G<sub>t</sub>),-0.0
86,EMDE: Human capital investment,Government spending (G<sub>t</sub>),-0.0
87,EMDE: Human capital investment,Government spending (G<sub>t</sub>),-0.0
88,EMDE: Human capital investment,Government spending (G<sub>t</sub>),-0.0
89,EMDE: Human capital investment,Government spending (G<sub>t</sub>),-0.0
90,EMDE: Human capital investment,Government spending (G<sub>t</sub>),-0.0
91,EMDE: Human capital investment,Government spending (G<sub>t</sub>),-0.0
92,EMDE: Human capital investment,Government spending (G<sub>t</sub>),-0.0
93,EMDE: Human capital investment,Government spending (G<sub>t</sub>),-0.0
94,EMDE: Human capital investment,Government spending (G<sub>t</sub>),-0.0
95,EMDE: Human capital investment,Government spending (G<sub>t</sub>),-0.0
96,EMDE: Human capital investment,Government spending (G<sub>t</sub>),-0.0
97,EMDE: Human capital investment,Government spending (G<sub>t</sub>),-0.0
98,EMDE: Human capital investment,Government spending (G<sub>t</sub>),-0.0
99,EMDE: Human capital investment,Government spending (G<sub>t</sub>),-0.0
100,EMDE: Human capital investment,Government spending (G<sub>t</sub>),-0.0
1,EMDE: Infrastructure investment,Adopted technology (A<sub>t</sub>),0.0
2,EMDE: Infrastructure investment,Adopted technology (A<sub>t</sub>),0.001
3,EMDE: Infrastructure investment,Adopted technology (A<sub>t</sub>),0.002
4,EMDE: Infrastructure investment,Adopted technology (A<sub>t</sub>),0.002
5,EMDE: Infrastructure investment,Adopted technology (A<sub>t</sub>),0.003
6,EMDE: Infrastructure investment,Adopted technology (A<sub>t</sub>),0.004
7,EMDE: Infrastructure investment,Adopted technology (A<sub>t</sub>),0.005
8,EMDE: Infrastructure investment,Adopted technology (A<sub>t</sub>),0.007
9,EMDE: Infrastructure investment,Adopted technology (A<sub>t</sub>),0.008
10,EMDE: Infrastructure investment,Adopted technology (A<sub>t</sub>),0.01
11,EMDE: Infrastructure investment,Adopted technology (A<sub>t</sub>),0.011
12,EMDE: Infrastructure investment,Adopted technology (A<sub>t</sub>),0.013
13,EMDE: Infrastructure investment,Adopted technology (A<sub>t</sub>),0.015
14,EMDE: Infrastructure investment,Adopted technology (A<sub>t</sub>),0.017
15,EMDE: Infrastructure investment,Adopted technology (A<sub>t</sub>),0.019
16,EMDE: Infrastructure investment,Adopted technology (A<sub>t</sub>),0.022
17,EMDE: Infrastructure investment,Adopted technology (A<sub>t</sub>),0.024
18,EMDE: Infrastructure investment,Adopted technology (A<sub>t</sub>),0.027
19,EMDE: Infrastructure investment,Adopted technology (A<sub>t</sub>),0.03
20,EMDE: Infrastructure investment,Adopted technology (A<sub>t</sub>),0.032
21,EMDE: Infrastructure investment,Adopted technology (A<sub>t</sub>),0.035
22,EMDE: Infrastructure investment,Adopted technology (A<sub>t</sub>),0.038
23,EMDE: Infrastructure investment,Adopted technology (A<sub>t</sub>),0.041
24,EMDE: Infrastructure investment,Adopted technology (A<sub>t</sub>),0.045
25,EMDE: Infrastructure investment,Adopted technology (A<sub>t</sub>),0.048
26,EMDE: Infrastructure investment,Adopted technology (A<sub>t</sub>),0.051
27,EMDE: Infrastructure investment,Adopted technology (A<sub>t</sub>),0.055
28,EMDE: Infrastructure investment,Adopted technology (A<sub>t</sub>),0.058
29,EMDE: Infrastructure investment,Adopted technology (A<sub>t</sub>),0.062
30,EMDE: Infrastructure investment,Adopted technology (A<sub>t</sub>),0.066
31,EMDE: Infrastructure investment,Adopted technology (A<sub>t</sub>),0.069
32,EMDE: Infrastructure investment,Adopted technology (A<sub>t</sub>),0.073
33,EMDE: Infrastructure investment,Adopted technology (A<sub>t</sub>),0.077
34,EMDE: Infrastructure investment,Adopted technology (A<sub>t</sub>),0.081
35,EMDE: Infrastructure investment,Adopted technology (A<sub>t</sub>),0.084
36,EMDE: Infrastructure investment,Adopted technology (A<sub>t</sub>),0.088
37,EMDE: Infrastructure investment,Adopted technology (A<sub>t</sub>),0.092
38,EMDE: Infrastructure investment,Adopted technology (A<sub>t</sub>),0.096
39,EMDE: Infrastructure investment,Adopted technology (A<sub>t</sub>),0.1
40,EMDE: Infrastructure investment,Adopted technology (A<sub>t</sub>),0.104
41,EMDE: Infrastructure investment,Adopted technology (A<sub>t</sub>),0.108
42,EMDE: Infrastructure investment,Adopted technology (A<sub>t</sub>),0.113
43,EMDE: Infrastructure investment,Adopted technology (A<sub>t</sub>),0.117
44,EMDE: Infrastructure investment,Adopted technology (A<sub>t</sub>),0.121
45,EMDE: Infrastructure investment,Adopted technology (A<sub>t</sub>),0.125
46,EMDE: Infrastructure investment,Adopted technology (A<sub>t</sub>),0.129
47,EMDE: Infrastructure investment,Adopted technology (A<sub>t</sub>),0.133
48,EMDE: Infrastructure investment,Adopted technology (A<sub>t</sub>),0.137
49,EMDE: Infrastructure investment,Adopted technology (A<sub>t</sub>),0.141
50,EMDE: Infrastructure investment,Adopted technology (A<sub>t</sub>),0.145
51,EMDE: Infrastructure investment,Adopted technology (A<sub>t</sub>),0.15
52,EMDE: Infrastructure investment,Adopted technology (A<sub>t</sub>),0.154
53,EMDE: Infrastructure investment,Adopted technology (A<sub>t</sub>),0.158
54,EMDE: Infrastructure investment,Adopted technology (A<sub>t</sub>),0.162
55,EMDE: Infrastructure investment,Adopted technology (A<sub>t</sub>),0.166
56,EMDE: Infrastructure investment,Adopted technology (A<sub>t</sub>),0.17
57,EMDE: Infrastructure investment,Adopted technology (A<sub>t</sub>),0.174
58,EMDE: Infrastructure investment,Adopted technology (A<sub>t</sub>),0.179
59,EMDE: Infrastructure investment,Adopted technology (A<sub>t</sub>),0.183
60,EMDE: Infrastructure investment,Adopted technology (A<sub>t</sub>),0.187
61,EMDE: Infrastructure investment,Adopted technology (A<sub>t</sub>),0.191
62,EMDE: Infrastructure investment,Adopted technology (A<sub>t</sub>),0.195
63,EMDE: Infrastructure investment,Adopted technology (A<sub>t</sub>),0.199
64,EMDE: Infrastructure investment,Adopted technology (A<sub>t</sub>),0.203
65,EMDE: Infrastructure investment,Adopted technology (A<sub>t</sub>),0.207
66,EMDE: Infrastructure investment,Adopted technology (A<sub>t</sub>),0.211
67,EMDE: Infrastructure investment,Adopted technology (A<sub>t</sub>),0.215
68,EMDE: Infrastructure investment,Adopted technology (A<sub>t</sub>),0.219
69,EMDE: Infrastructure investment,Adopted technology (A<sub>t</sub>),0.223
70,EMDE: Infrastructure investment,Adopted technology (A<sub>t</sub>),0.227
71,EMDE: Infrastructure investment,Adopted technology (A<sub>t</sub>),0.231
72,EMDE: Infrastructure investment,Adopted technology (A<sub>t</sub>),0.235
73,EMDE: Infrastructure investment,Adopted technology (A<sub>t</sub>),0.239
74,EMDE: Infrastructure investment,Adopted technology (A<sub>t</sub>),0.243
75,EMDE: Infrastructure investment,Adopted technology (A<sub>t</sub>),0.247
76,EMDE: Infrastructure investment,Adopted technology (A<sub>t</sub>),0.251
77,EMDE: Infrastructure investment,Adopted technology (A<sub>t</sub>),0.255
78,EMDE: Infrastructure investment,Adopted technology (A<sub>t</sub>),0.259
79,EMDE: Infrastructure investment,Adopted technology (A<sub>t</sub>),0.263
80,EMDE: Infrastructure investment,Adopted technology (A<sub>t</sub>),0.267
81,EMDE: Infrastructure investment,Adopted technology (A<sub>t</sub>),0.271
82,EMDE: Infrastructure investment,Adopted technology (A<sub>t</sub>),0.275
83,EMDE: Infrastructure investment,Adopted technology (A<sub>t</sub>),0.279
84,EMDE: Infrastructure investment,Adopted technology (A<sub>t</sub>),0.283
85,EMDE: Infrastructure investment,Adopted technology (A<sub>t</sub>),0.286
86,EMDE: Infrastructure investment,Adopted technology (A<sub>t</sub>),0.29
87,EMDE: Infrastructure investment,Adopted technology (A<sub>t</sub>),0.294
88,EMDE: Infrastructure investment,Adopted technology (A<sub>t</sub>),0.298
89,EMDE: Infrastructure investment,Adopted technology (A<sub>t</sub>),0.302
90,EMDE: Infrastructure investment,Adopted technology (A<sub>t</sub>),0.306
91,EMDE: Infrastructure investment,Adopted technology (A<sub>t</sub>),0.309
92,EMDE: Infrastructure investment,Adopted technology (A<sub>t</sub>),0.313
93,EMDE: Infrastructure investment,Adopted technology (A<sub>t</sub>),0.317
94,EMDE: Infrastructure investment,Adopted technology (A<sub>t</sub>),0.321
95,EMDE: Infrastructure investment,Adopted technology (A<sub>t</sub>),0.325
96,EMDE: Infrastructure investment,Adopted technology (A<sub>t</sub>),0.328
97,EMDE: Infrastructure investment,Adopted technology (A<sub>t</sub>),0.332
98,EMDE: Infrastructure investment,Adopted technology (A<sub>t</sub>),0.336
99,EMDE: Infrastructure investment,Adopted technology (A<sub>t</sub>),0.34
100,EMDE: Infrastructure investment,Adopted technology (A<sub>t</sub>),0.343
1,EMDE: Human capital investment,Adopted technology (A<sub>t</sub>),0.001
2,EMDE: Human capital investment,Adopted technology (A<sub>t</sub>),0.002
3,EMDE: Human capital investment,Adopted technology (A<sub>t</sub>),0.003
4,EMDE: Human capital investment,Adopted technology (A<sub>t</sub>),0.003
5,EMDE: Human capital investment,Adopted technology (A<sub>t</sub>),0.003
6,EMDE: Human capital investment,Adopted technology (A<sub>t</sub>),0.003
7,EMDE: Human capital investment,Adopted technology (A<sub>t</sub>),0.003
8,EMDE: Human capital investment,Adopted technology (A<sub>t</sub>),0.003
9,EMDE: Human capital investment,Adopted technology (A<sub>t</sub>),0.003
10,EMDE: Human capital investment,Adopted technology (A<sub>t</sub>),0.003
11,EMDE: Human capital investment,Adopted technology (A<sub>t</sub>),0.003
12,EMDE: Human capital investment,Adopted technology (A<sub>t</sub>),0.002
13,EMDE: Human capital investment,Adopted technology (A<sub>t</sub>),0.002
14,EMDE: Human capital investment,Adopted technology (A<sub>t</sub>),0.002
15,EMDE: Human capital investment,Adopted technology (A<sub>t</sub>),0.002
16,EMDE: Human capital investment,Adopted technology (A<sub>t</sub>),0.002
17,EMDE: Human capital investment,Adopted technology (A<sub>t</sub>),0.002
18,EMDE: Human capital investment,Adopted technology (A<sub>t</sub>),0.002
19,EMDE: Human capital investment,Adopted technology (A<sub>t</sub>),0.002
20,EMDE: Human capital investment,Adopted technology (A<sub>t</sub>),0.002
21,EMDE: Human capital investment,Adopted technology (A<sub>t</sub>),0.002
22,EMDE: Human capital investment,Adopted technology (A<sub>t</sub>),0.003
23,EMDE: Human capital investment,Adopted technology (A<sub>t</sub>),0.003
24,EMDE: Human capital investment,Adopted technology (A<sub>t</sub>),0.004
25,EMDE: Human capital investment,Adopted technology (A<sub>t</sub>),0.005
26,EMDE: Human capital investment,Adopted technology (A<sub>t</sub>),0.006
27,EMDE: Human capital investment,Adopted technology (A<sub>t</sub>),0.007
28,EMDE: Human capital investment,Adopted technology (A<sub>t</sub>),0.008
29,EMDE: Human capital investment,Adopted technology (A<sub>t</sub>),0.01
30,EMDE: Human capital investment,Adopted technology (A<sub>t</sub>),0.011
31,EMDE: Human capital investment,Adopted technology (A<sub>t</sub>),0.013
32,EMDE: Human capital investment,Adopted technology (A<sub>t</sub>),0.015
33,EMDE: Human capital investment,Adopted technology (A<sub>t</sub>),0.017
34,EMDE: Human capital investment,Adopted technology (A<sub>t</sub>),0.019
35,EMDE: Human capital investment,Adopted technology (A<sub>t</sub>),0.021
36,EMDE: Human capital investment,Adopted technology (A<sub>t</sub>),0.023
37,EMDE: Human capital investment,Adopted technology (A<sub>t</sub>),0.026
38,EMDE: Human capital investment,Adopted technology (A<sub>t</sub>),0.028
39,EMDE: Human capital investment,Adopted technology (A<sub>t</sub>),0.031
40,EMDE: Human capital investment,Adopted technology (A<sub>t</sub>),0.034
41,EMDE: Human capital investment,Adopted technology (A<sub>t</sub>),0.037
42,EMDE: Human capital investment,Adopted technology (A<sub>t</sub>),0.04
43,EMDE: Human capital investment,Adopted technology (A<sub>t</sub>),0.043
44,EMDE: Human capital investment,Adopted technology (A<sub>t</sub>),0.047
45,EMDE: Human capital investment,Adopted technology (A<sub>t</sub>),0.05
46,EMDE: Human capital investment,Adopted technology (A<sub>t</sub>),0.054
47,EMDE: Human capital investment,Adopted technology (A<sub>t</sub>),0.057
48,EMDE: Human capital investment,Adopted technology (A<sub>t</sub>),0.061
49,EMDE: Human capital investment,Adopted technology (A<sub>t</sub>),0.065
50,EMDE: Human capital investment,Adopted technology (A<sub>t</sub>),0.069
51,EMDE: Human capital investment,Adopted technology (A<sub>t</sub>),0.073
52,EMDE: Human capital investment,Adopted technology (A<sub>t</sub>),0.077
53,EMDE: Human capital investment,Adopted technology (A<sub>t</sub>),0.081
54,EMDE: Human capital investment,Adopted technology (A<sub>t</sub>),0.085
55,EMDE: Human capital investment,Adopted technology (A<sub>t</sub>),0.089
56,EMDE: Human capital investment,Adopted technology (A<sub>t</sub>),0.094
57,EMDE: Human capital investment,Adopted technology (A<sub>t</sub>),0.098
58,EMDE: Human capital investment,Adopted technology (A<sub>t</sub>),0.102
59,EMDE: Human capital investment,Adopted technology (A<sub>t</sub>),0.107
60,EMDE: Human capital investment,Adopted technology (A<sub>t</sub>),0.111
61,EMDE: Human capital investment,Adopted technology (A<sub>t</sub>),0.116
62,EMDE: Human capital investment,Adopted technology (A<sub>t</sub>),0.12
63,EMDE: Human capital investment,Adopted technology (A<sub>t</sub>),0.125
64,EMDE: Human capital investment,Adopted technology (A<sub>t</sub>),0.13
65,EMDE: Human capital investment,Adopted technology (A<sub>t</sub>),0.134
66,EMDE: Human capital investment,Adopted technology (A<sub>t</sub>),0.139
67,EMDE: Human capital investment,Adopted technology (A<sub>t</sub>),0.144
68,EMDE: Human capital investment,Adopted technology (A<sub>t</sub>),0.148
69,EMDE: Human capital investment,Adopted technology (A<sub>t</sub>),0.153
70,EMDE: Human capital investment,Adopted technology (A<sub>t</sub>),0.158
71,EMDE: Human capital investment,Adopted technology (A<sub>t</sub>),0.163
72,EMDE: Human capital investment,Adopted technology (A<sub>t</sub>),0.167
73,EMDE: Human capital investment,Adopted technology (A<sub>t</sub>),0.172
74,EMDE: Human capital investment,Adopted technology (A<sub>t</sub>),0.177
75,EMDE: Human capital investment,Adopted technology (A<sub>t</sub>),0.182
76,EMDE: Human capital investment,Adopted technology (A<sub>t</sub>),0.187
77,EMDE: Human capital investment,Adopted technology (A<sub>t</sub>),0.191
78,EMDE: Human capital investment,Adopted technology (A<sub>t</sub>),0.196
79,EMDE: Human capital investment,Adopted technology (A<sub>t</sub>),0.201
80,EMDE: Human capital investment,Adopted technology (A<sub>t</sub>),0.206
81,EMDE: Human capital investment,Adopted technology (A<sub>t</sub>),0.21
82,EMDE: Human capital investment,Adopted technology (A<sub>t</sub>),0.215
83,EMDE: Human capital investment,Adopted technology (A<sub>t</sub>),0.22
84,EMDE: Human capital investment,Adopted technology (A<sub>t</sub>),0.225
85,EMDE: Human capital investment,Adopted technology (A<sub>t</sub>),0.229
86,EMDE: Human capital investment,Adopted technology (A<sub>t</sub>),0.234
87,EMDE: Human capital investment,Adopted technology (A<sub>t</sub>),0.239
88,EMDE: Human capital investment,Adopted technology (A<sub>t</sub>),0.243
89,EMDE: Human capital investment,Adopted technology (A<sub>t</sub>),0.248
90,EMDE: Human capital investment,Adopted technology (A<sub>t</sub>),0.252
91,EMDE: Human capital investment,Adopted technology (A<sub>t</sub>),0.257
92,EMDE: Human capital investment,Adopted technology (A<sub>t</sub>),0.262
93,EMDE: Human capital investment,Adopted technology (A<sub>t</sub>),0.266
94,EMDE: Human capital investment,Adopted technology (A<sub>t</sub>),0.271
95,EMDE: Human capital investment,Adopted technology (A<sub>t</sub>),0.275
96,EMDE: Human capital investment,Adopted technology (A<sub>t</sub>),0.28
97,EMDE: Human capital investment,Adopted technology (A<sub>t</sub>),0.284
98,EMDE: Human capital investment,Adopted technology (A<sub>t</sub>),0.289
99,EMDE: Human capital investment,Adopted technology (A<sub>t</sub>),0.293
100,EMDE: Human capital investment,Adopted technology (A<sub>t</sub>),0.298
1,EMDE: Infrastructure investment,Public infrastructure (K<sup>GI</sup><sub>t</sub>),1.125
2,EMDE: Infrastructure investment,Public infrastructure (K<sup>GI</sup><sub>t</sub>),2.241
3,EMDE: Infrastructure investment,Public infrastructure (K<sup>GI</sup><sub>t</sub>),3.348
4,EMDE: Infrastructure investment,Public infrastructure (K<sup>GI</sup><sub>t</sub>),4.447
5,EMDE: Infrastructure investment,Public infrastructure (K<sup>GI</sup><sub>t</sub>),5.539
6,EMDE: Infrastructure investment,Public infrastructure (K<sup>GI</sup><sub>t</sub>),6.622
7,EMDE: Infrastructure investment,Public infrastructure (K<sup>GI</sup><sub>t</sub>),7.698
8,EMDE: Infrastructure investment,Public infrastructure (K<sup>GI</sup><sub>t</sub>),8.767
9,EMDE: Infrastructure investment,Public infrastructure (K<sup>GI</sup><sub>t</sub>),9.83
10,EMDE: Infrastructure investment,Public infrastructure (K<sup>GI</sup><sub>t</sub>),10.886
11,EMDE: Infrastructure investment,Public infrastructure (K<sup>GI</sup><sub>t</sub>),11.935
12,EMDE: Infrastructure investment,Public infrastructure (K<sup>GI</sup><sub>t</sub>),12.978
13,EMDE: Infrastructure investment,Public infrastructure (K<sup>GI</sup><sub>t</sub>),14.016
14,EMDE: Infrastructure investment,Public infrastructure (K<sup>GI</sup><sub>t</sub>),15.047
15,EMDE: Infrastructure investment,Public infrastructure (K<sup>GI</sup><sub>t</sub>),16.074
16,EMDE: Infrastructure investment,Public infrastructure (K<sup>GI</sup><sub>t</sub>),17.095
17,EMDE: Infrastructure investment,Public infrastructure (K<sup>GI</sup><sub>t</sub>),18.111
18,EMDE: Infrastructure investment,Public infrastructure (K<sup>GI</sup><sub>t</sub>),19.122
19,EMDE: Infrastructure investment,Public infrastructure (K<sup>GI</sup><sub>t</sub>),20.129
20,EMDE: Infrastructure investment,Public infrastructure (K<sup>GI</sup><sub>t</sub>),21.131
21,EMDE: Infrastructure investment,Public infrastructure (K<sup>GI</sup><sub>t</sub>),22.128
22,EMDE: Infrastructure investment,Public infrastructure (K<sup>GI</sup><sub>t</sub>),23.122
23,EMDE: Infrastructure investment,Public infrastructure (K<sup>GI</sup><sub>t</sub>),24.111
24,EMDE: Infrastructure investment,Public infrastructure (K<sup>GI</sup><sub>t</sub>),25.097
25,EMDE: Infrastructure investment,Public infrastructure (K<sup>GI</sup><sub>t</sub>),26.079
26,EMDE: Infrastructure investment,Public infrastructure (K<sup>GI</sup><sub>t</sub>),27.057
27,EMDE: Infrastructure investment,Public infrastructure (K<sup>GI</sup><sub>t</sub>),28.032
28,EMDE: Infrastructure investment,Public infrastructure (K<sup>GI</sup><sub>t</sub>),29.003
29,EMDE: Infrastructure investment,Public infrastructure (K<sup>GI</sup><sub>t</sub>),29.972
30,EMDE: Infrastructure investment,Public infrastructure (K<sup>GI</sup><sub>t</sub>),30.937
31,EMDE: Infrastructure investment,Public infrastructure (K<sup>GI</sup><sub>t</sub>),31.899
32,EMDE: Infrastructure investment,Public infrastructure (K<sup>GI</sup><sub>t</sub>),32.858
33,EMDE: Infrastructure investment,Public infrastructure (K<sup>GI</sup><sub>t</sub>),33.815
34,EMDE: Infrastructure investment,Public infrastructure (K<sup>GI</sup><sub>t</sub>),34.769
35,EMDE: Infrastructure investment,Public infrastructure (K<sup>GI</sup><sub>t</sub>),35.72
36,EMDE: Infrastructure investment,Public infrastructure (K<sup>GI</sup><sub>t</sub>),36.669
37,EMDE: Infrastructure investment,Public infrastructure (K<sup>GI</sup><sub>t</sub>),37.616
38,EMDE: Infrastructure investment,Public infrastructure (K<sup>GI</sup><sub>t</sub>),38.56
39,EMDE: Infrastructure investment,Public infrastructure (K<sup>GI</sup><sub>t</sub>),39.502
40,EMDE: Infrastructure investment,Public infrastructure (K<sup>GI</sup><sub>t</sub>),40.442
41,EMDE: Infrastructure investment,Public infrastructure (K<sup>GI</sup><sub>t</sub>),41.38
42,EMDE: Infrastructure investment,Public infrastructure (K<sup>GI</sup><sub>t</sub>),42.316
43,EMDE: Infrastructure investment,Public infrastructure (K<sup>GI</sup><sub>t</sub>),43.25
44,EMDE: Infrastructure investment,Public infrastructure (K<sup>GI</sup><sub>t</sub>),44.182
45,EMDE: Infrastructure investment,Public infrastructure (K<sup>GI</sup><sub>t</sub>),45.113
46,EMDE: Infrastructure investment,Public infrastructure (K<sup>GI</sup><sub>t</sub>),46.042
47,EMDE: Infrastructure investment,Public infrastructure (K<sup>GI</sup><sub>t</sub>),46.969
48,EMDE: Infrastructure investment,Public infrastructure (K<sup>GI</sup><sub>t</sub>),47.894
49,EMDE: Infrastructure investment,Public infrastructure (K<sup>GI</sup><sub>t</sub>),48.818
50,EMDE: Infrastructure investment,Public infrastructure (K<sup>GI</sup><sub>t</sub>),49.741
51,EMDE: Infrastructure investment,Public infrastructure (K<sup>GI</sup><sub>t</sub>),50.662
52,EMDE: Infrastructure investment,Public infrastructure (K<sup>GI</sup><sub>t</sub>),51.582
53,EMDE: Infrastructure investment,Public infrastructure (K<sup>GI</sup><sub>t</sub>),52.501
54,EMDE: Infrastructure investment,Public infrastructure (K<sup>GI</sup><sub>t</sub>),53.418
55,EMDE: Infrastructure investment,Public infrastructure (K<sup>GI</sup><sub>t</sub>),54.334
56,EMDE: Infrastructure investment,Public infrastructure (K<sup>GI</sup><sub>t</sub>),55.249
57,EMDE: Infrastructure investment,Public infrastructure (K<sup>GI</sup><sub>t</sub>),56.163
58,EMDE: Infrastructure investment,Public infrastructure (K<sup>GI</sup><sub>t</sub>),57.076
59,EMDE: Infrastructure investment,Public infrastructure (K<sup>GI</sup><sub>t</sub>),57.988
60,EMDE: Infrastructure investment,Public infrastructure (K<sup>GI</sup><sub>t</sub>),58.899
61,EMDE: Infrastructure investment,Public infrastructure (K<sup>GI</sup><sub>t</sub>),59.808
62,EMDE: Infrastructure investment,Public infrastructure (K<sup>GI</sup><sub>t</sub>),60.717
63,EMDE: Infrastructure investment,Public infrastructure (K<sup>GI</sup><sub>t</sub>),61.625
64,EMDE: Infrastructure investment,Public infrastructure (K<sup>GI</sup><sub>t</sub>),62.533
65,EMDE: Infrastructure investment,Public infrastructure (K<sup>GI</sup><sub>t</sub>),63.439
66,EMDE: Infrastructure investment,Public infrastructure (K<sup>GI</sup><sub>t</sub>),64.344
67,EMDE: Infrastructure investment,Public infrastructure (K<sup>GI</sup><sub>t</sub>),65.249
68,EMDE: Infrastructure investment,Public infrastructure (K<sup>GI</sup><sub>t</sub>),66.153
69,EMDE: Infrastructure investment,Public infrastructure (K<sup>GI</sup><sub>t</sub>),67.057
70,EMDE: Infrastructure investment,Public infrastructure (K<sup>GI</sup><sub>t</sub>),67.959
71,EMDE: Infrastructure investment,Public infrastructure (K<sup>GI</sup><sub>t</sub>),68.861
72,EMDE: Infrastructure investment,Public infrastructure (K<sup>GI</sup><sub>t</sub>),69.763
73,EMDE: Infrastructure investment,Public infrastructure (K<sup>GI</sup><sub>t</sub>),70.663
74,EMDE: Infrastructure investment,Public infrastructure (K<sup>GI</sup><sub>t</sub>),71.564
75,EMDE: Infrastructure investment,Public infrastructure (K<sup>GI</sup><sub>t</sub>),72.463
76,EMDE: Infrastructure investment,Public infrastructure (K<sup>GI</sup><sub>t</sub>),73.362
77,EMDE: Infrastructure investment,Public infrastructure (K<sup>GI</sup><sub>t</sub>),74.261
78,EMDE: Infrastructure investment,Public infrastructure (K<sup>GI</sup><sub>t</sub>),75.159
79,EMDE: Infrastructure investment,Public infrastructure (K<sup>GI</sup><sub>t</sub>),76.056
80,EMDE: Infrastructure investment,Public infrastructure (K<sup>GI</sup><sub>t</sub>),76.953
81,EMDE: Infrastructure investment,Public infrastructure (K<sup>GI</sup><sub>t</sub>),77.85
82,EMDE: Infrastructure investment,Public infrastructure (K<sup>GI</sup><sub>t</sub>),78.746
83,EMDE: Infrastructure investment,Public infrastructure (K<sup>GI</sup><sub>t</sub>),79.642
84,EMDE: Infrastructure investment,Public infrastructure (K<sup>GI</sup><sub>t</sub>),80.537
85,EMDE: Infrastructure investment,Public infrastructure (K<sup>GI</sup><sub>t</sub>),81.432
86,EMDE: Infrastructure investment,Public infrastructure (K<sup>GI</sup><sub>t</sub>),82.327
87,EMDE: Infrastructure investment,Public infrastructure (K<sup>GI</sup><sub>t</sub>),83.221
88,EMDE: Infrastructure investment,Public infrastructure (K<sup>GI</sup><sub>t</sub>),84.115
89,EMDE: Infrastructure investment,Public infrastructure (K<sup>GI</sup><sub>t</sub>),85.009
90,EMDE: Infrastructure investment,Public infrastructure (K<sup>GI</sup><sub>t</sub>),85.902
91,EMDE: Infrastructure investment,Public infrastructure (K<sup>GI</sup><sub>t</sub>),86.795
92,EMDE: Infrastructure investment,Public infrastructure (K<sup>GI</sup><sub>t</sub>),87.688
93,EMDE: Infrastructure investment,Public infrastructure (K<sup>GI</sup><sub>t</sub>),88.58
94,EMDE: Infrastructure investment,Public infrastructure (K<sup>GI</sup><sub>t</sub>),89.472
95,EMDE: Infrastructure investment,Public infrastructure (K<sup>GI</sup><sub>t</sub>),90.364
96,EMDE: Infrastructure investment,Public infrastructure (K<sup>GI</sup><sub>t</sub>),91.256
97,EMDE: Infrastructure investment,Public infrastructure (K<sup>GI</sup><sub>t</sub>),92.147
98,EMDE: Infrastructure investment,Public infrastructure (K<sup>GI</sup><sub>t</sub>),93.038
99,EMDE: Infrastructure investment,Public infrastructure (K<sup>GI</sup><sub>t</sub>),93.929
100,EMDE: Infrastructure investment,Public infrastructure (K<sup>GI</sup><sub>t</sub>),94.82
1,EMDE: Human capital investment,Public infrastructure (K<sup>GI</sup><sub>t</sub>),0.0
2,EMDE: Human capital investment,Public infrastructure (K<sup>GI</sup><sub>t</sub>),0.0
3,EMDE: Human capital investment,Public infrastructure (K<sup>GI</sup><sub>t</sub>),0.0
4,EMDE: Human capital investment,Public infrastructure (K<sup>GI</sup><sub>t</sub>),0.0
5,EMDE: Human capital investment,Public infrastructure (K<sup>GI</sup><sub>t</sub>),0.0
6,EMDE: Human capital investment,Public infrastructure (K<sup>GI</sup><sub>t</sub>),0.0
7,EMDE: Human capital investment,Public infrastructure (K<sup>GI</sup><sub>t</sub>),0.0
8,EMDE: Human capital investment,Public infrastructure (K<sup>GI</sup><sub>t</sub>),0.0
9,EMDE: Human capital investment,Public infrastructure (K<sup>GI</sup><sub>t</sub>),0.0
10,EMDE: Human capital investment,Public infrastructure (K<sup>GI</sup><sub>t</sub>),0.0
11,EMDE: Human capital investment,Public infrastructure (K<sup>GI</sup><sub>t</sub>),0.0
12,EMDE: Human capital investment,Public infrastructure (K<sup>GI</sup><sub>t</sub>),0.0
13,EMDE: Human capital investment,Public infrastructure (K<sup>GI</sup><sub>t</sub>),0.0
14,EMDE: Human capital investment,Public infrastructure (K<sup>GI</sup><sub>t</sub>),0.0
15,EMDE: Human capital investment,Public infrastructure (K<sup>GI</sup><sub>t</sub>),0.0
16,EMDE: Human capital investment,Public infrastructure (K<sup>GI</sup><sub>t</sub>),0.0
17,EMDE: Human capital investment,Public infrastructure (K<sup>GI</sup><sub>t</sub>),0.0
18,EMDE: Human capital investment,Public infrastructure (K<sup>GI</sup><sub>t</sub>),0.0
19,EMDE: Human capital investment,Public infrastructure (K<sup>GI</sup><sub>t</sub>),0.0
20,EMDE: Human capital investment,Public infrastructure (K<sup>GI</sup><sub>t</sub>),0.0
21,EMDE: Human capital investment,Public infrastructure (K<sup>GI</sup><sub>t</sub>),0.0
22,EMDE: Human capital investment,Public infrastructure (K<sup>GI</sup><sub>t</sub>),0.0
23,EMDE: Human capital investment,Public infrastructure (K<sup>GI</sup><sub>t</sub>),0.0
24,EMDE: Human capital investment,Public infrastructure (K<sup>GI</sup><sub>t</sub>),0.0
25,EMDE: Human capital investment,Public infrastructure (K<sup>GI</sup><sub>t</sub>),0.0
26,EMDE: Human capital investment,Public infrastructure (K<sup>GI</sup><sub>t</sub>),0.0
27,EMDE: Human capital investment,Public infrastructure (K<sup>GI</sup><sub>t</sub>),0.0
28,EMDE: Human capital investment,Public infrastructure (K<sup>GI</sup><sub>t</sub>),0.0
29,EMDE: Human capital investment,Public infrastructure (K<sup>GI</sup><sub>t</sub>),0.0
30,EMDE: Human capital investment,Public infrastructure (K<sup>GI</sup><sub>t</sub>),0.0
31,EMDE: Human capital investment,Public infrastructure (K<sup>GI</sup><sub>t</sub>),0.0
32,EMDE: Human capital investment,Public infrastructure (K<sup>GI</sup><sub>t</sub>),0.0
33,EMDE: Human capital investment,Public infrastructure (K<sup>GI</sup><sub>t</sub>),0.0
34,EMDE: Human capital investment,Public infrastructure (K<sup>GI</sup><sub>t</sub>),0.0
35,EMDE: Human capital investment,Public infrastructure (K<sup>GI</sup><sub>t</sub>),0.0
36,EMDE: Human capital investment,Public infrastructure (K<sup>GI</sup><sub>t</sub>),0.0
37,EMDE: Human capital investment,Public infrastructure (K<sup>GI</sup><sub>t</sub>),0.0
38,EMDE: Human capital investment,Public infrastructure (K<sup>GI</sup><sub>t</sub>),0.0
39,EMDE: Human capital investment,Public infrastructure (K<sup>GI</sup><sub>t</sub>),0.0
40,EMDE: Human capital investment,Public infrastructure (K<sup>GI</sup><sub>t</sub>),0.0
41,EMDE: Human capital investment,Public infrastructure (K<sup>GI</sup><sub>t</sub>),0.0
42,EMDE: Human capital investment,Public infrastructure (K<sup>GI</sup><sub>t</sub>),0.0
43,EMDE: Human capital investment,Public infrastructure (K<sup>GI</sup><sub>t</sub>),0.0
44,EMDE: Human capital investment,Public infrastructure (K<sup>GI</sup><sub>t</sub>),0.0
45,EMDE: Human capital investment,Public infrastructure (K<sup>GI</sup><sub>t</sub>),0.0
46,EMDE: Human capital investment,Public infrastructure (K<sup>GI</sup><sub>t</sub>),0.0
47,EMDE: Human capital investment,Public infrastructure (K<sup>GI</sup><sub>t</sub>),0.0
48,EMDE: Human capital investment,Public infrastructure (K<sup>GI</sup><sub>t</sub>),0.0
49,EMDE: Human capital investment,Public infrastructure (K<sup>GI</sup><sub>t</sub>),0.0
50,EMDE: Human capital investment,Public infrastructure (K<sup>GI</sup><sub>t</sub>),0.0
51,EMDE: Human capital investment,Public infrastructure (K<sup>GI</sup><sub>t</sub>),0.0
52,EMDE: Human capital investment,Public infrastructure (K<sup>GI</sup><sub>t</sub>),0.0
53,EMDE: Human capital investment,Public infrastructure (K<sup>GI</sup><sub>t</sub>),0.0
54,EMDE: Human capital investment,Public infrastructure (K<sup>GI</sup><sub>t</sub>),0.0
55,EMDE: Human capital investment,Public infrastructure (K<sup>GI</sup><sub>t</sub>),0.0
56,EMDE: Human capital investment,Public infrastructure (K<sup>GI</sup><sub>t</sub>),0.0
57,EMDE: Human capital investment,Public infrastructure (K<sup>GI</sup><sub>t</sub>),0.0
58,EMDE: Human capital investment,Public infrastructure (K<sup>GI</sup><sub>t</sub>),0.0
59,EMDE: Human capital investment,Public infrastructure (K<sup>GI</sup><sub>t</sub>),0.0
60,EMDE: Human capital investment,Public infrastructure (K<sup>GI</sup><sub>t</sub>),0.0
61,EMDE: Human capital investment,Public infrastructure (K<sup>GI</sup><sub>t</sub>),0.0
62,EMDE: Human capital investment,Public infrastructure (K<sup>GI</sup><sub>t</sub>),0.0
63,EMDE: Human capital investment,Public infrastructure (K<sup>GI</sup><sub>t</sub>),0.0
64,EMDE: Human capital investment,Public infrastructure (K<sup>GI</sup><sub>t</sub>),0.0
65,EMDE: Human capital investment,Public infrastructure (K<sup>GI</sup><sub>t</sub>),0.0
66,EMDE: Human capital investment,Public infrastructure (K<sup>GI</sup><sub>t</sub>),0.0
67,EMDE: Human capital investment,Public infrastructure (K<sup>GI</sup><sub>t</sub>),0.0
68,EMDE: Human capital investment,Public infrastructure (K<sup>GI</sup><sub>t</sub>),0.0
69,EMDE: Human capital investment,Public infrastructure (K<sup>GI</sup><sub>t</sub>),0.0
70,EMDE: Human capital investment,Public infrastructure (K<sup>GI</sup><sub>t</sub>),0.0
71,EMDE: Human capital investment,Public infrastructure (K<sup>GI</sup><sub>t</sub>),0.0
72,EMDE: Human capital investment,Public infrastructure (K<sup>GI</sup><sub>t</sub>),0.0
73,EMDE: Human capital investment,Public infrastructure (K<sup>GI</sup><sub>t</sub>),0.0
74,EMDE: Human capital investment,Public infrastructure (K<sup>GI</sup><sub>t</sub>),0.0
75,EMDE: Human capital investment,Public infrastructure (K<sup>GI</sup><sub>t</sub>),0.0
76,EMDE: Human capital investment,Public infrastructure (K<sup>GI</sup><sub>t</sub>),0.0
77,EMDE: Human capital investment,Public infrastructure (K<sup>GI</sup><sub>t</sub>),0.0
78,EMDE: Human capital investment,Public infrastructure (K<sup>GI</sup><sub>t</sub>),0.0
79,EMDE: Human capital investment,Public infrastructure (K<sup>GI</sup><sub>t</sub>),0.0
80,EMDE: Human capital investment,Public infrastructure (K<sup>GI</sup><sub>t</sub>),0.0
81,EMDE: Human capital investment,Public infrastructure (K<sup>GI</sup><sub>t</sub>),0.0
82,EMDE: Human capital investment,Public infrastructure (K<sup>GI</sup><sub>t</sub>),0.0
83,EMDE: Human capital investment,Public infrastructure (K<sup>GI</sup><sub>t</sub>),0.0
84,EMDE: Human capital investment,Public infrastructure (K<sup>GI</sup><sub>t</sub>),0.0
85,EMDE: Human capital investment,Public infrastructure (K<sup>GI</sup><sub>t</sub>),0.0
86,EMDE: Human capital investment,Public infrastructure (K<sup>GI</sup><sub>t</sub>),0.0
87,EMDE: Human capital investment,Public infrastructure (K<sup>GI</sup><sub>t</sub>),0.0
88,EMDE: Human capital investment,Public infrastructure (K<sup>GI</sup><sub>t</sub>),0.0
89,EMDE: Human capital investment,Public infrastructure (K<sup>GI</sup><sub>t</sub>),0.0
90,EMDE: Human capital investment,Public infrastructure (K<sup>GI</sup><sub>t</sub>),0.0
91,EMDE: Human capital investment,Public infrastructure (K<sup>GI</sup><sub>t</sub>),0.0
92,EMDE: Human capital investment,Public infrastructure (K<sup>GI</sup><sub>t</sub>),0.0
93,EMDE: Human capital investment,Public infrastructure (K<sup>GI</sup><sub>t</sub>),0.0
94,EMDE: Human capital investment,Public infrastructure (K<sup>GI</sup><sub>t</sub>),0.0
95,EMDE: Human capital investment,Public infrastructure (K<sup>GI</sup><sub>t</sub>),0.0
96,EMDE: Human capital investment,Public infrastructure (K<sup>GI</sup><sub>t</sub>),0.0
97,EMDE: Human capital investment,Public infrastructure (K<sup>GI</sup><sub>t</sub>),0.0
98,EMDE: Human capital investment,Public infrastructure (K<sup>GI</sup><sub>t</sub>),0.0
99,EMDE: Human capital investment,Public infrastructure (K<sup>GI</sup><sub>t</sub>),0.0
100,EMDE: Human capital investment,Public infrastructure (K<sup>GI</sup><sub>t</sub>),0.0
1,EMDE: Infrastructure investment,Educ./hlt capital (K<sup>GE</sup><sub>t</sub>),0.0
2,EMDE: Infrastructure investment,Educ./hlt capital (K<sup>GE</sup><sub>t</sub>),0.0
3,EMDE: Infrastructure investment,Educ./hlt capital (K<sup>GE</sup><sub>t</sub>),0.0
4,EMDE: Infrastructure investment,Educ./hlt capital (K<sup>GE</sup><sub>t</sub>),0.0
5,EMDE: Infrastructure investment,Educ./hlt capital (K<sup>GE</sup><sub>t</sub>),0.0
6,EMDE: Infrastructure investment,Educ./hlt capital (K<sup>GE</sup><sub>t</sub>),0.0
7,EMDE: Infrastructure investment,Educ./hlt capital (K<sup>GE</sup><sub>t</sub>),0.0
8,EMDE: Infrastructure investment,Educ./hlt capital (K<sup>GE</sup><sub>t</sub>),0.0
9,EMDE: Infrastructure investment,Educ./hlt capital (K<sup>GE</sup><sub>t</sub>),0.0
10,EMDE: Infrastructure investment,Educ./hlt capital (K<sup>GE</sup><sub>t</sub>),0.0
11,EMDE: Infrastructure investment,Educ./hlt capital (K<sup>GE</sup><sub>t</sub>),0.0
12,EMDE: Infrastructure investment,Educ./hlt capital (K<sup>GE</sup><sub>t</sub>),0.0
13,EMDE: Infrastructure investment,Educ./hlt capital (K<sup>GE</sup><sub>t</sub>),0.0
14,EMDE: Infrastructure investment,Educ./hlt capital (K<sup>GE</sup><sub>t</sub>),0.0
15,EMDE: Infrastructure investment,Educ./hlt capital (K<sup>GE</sup><sub>t</sub>),0.0
16,EMDE: Infrastructure investment,Educ./hlt capital (K<sup>GE</sup><sub>t</sub>),0.0
17,EMDE: Infrastructure investment,Educ./hlt capital (K<sup>GE</sup><sub>t</sub>),0.0
18,EMDE: Infrastructure investment,Educ./hlt capital (K<sup>GE</sup><sub>t</sub>),0.0
19,EMDE: Infrastructure investment,Educ./hlt capital (K<sup>GE</sup><sub>t</sub>),0.0
20,EMDE: Infrastructure investment,Educ./hlt capital (K<sup>GE</sup><sub>t</sub>),0.0
21,EMDE: Infrastructure investment,Educ./hlt capital (K<sup>GE</sup><sub>t</sub>),0.0
22,EMDE: Infrastructure investment,Educ./hlt capital (K<sup>GE</sup><sub>t</sub>),0.0
23,EMDE: Infrastructure investment,Educ./hlt capital (K<sup>GE</sup><sub>t</sub>),0.0
24,EMDE: Infrastructure investment,Educ./hlt capital (K<sup>GE</sup><sub>t</sub>),0.0
25,EMDE: Infrastructure investment,Educ./hlt capital (K<sup>GE</sup><sub>t</sub>),0.0
26,EMDE: Infrastructure investment,Educ./hlt capital (K<sup>GE</sup><sub>t</sub>),0.0
27,EMDE: Infrastructure investment,Educ./hlt capital (K<sup>GE</sup><sub>t</sub>),0.0
28,EMDE: Infrastructure investment,Educ./hlt capital (K<sup>GE</sup><sub>t</sub>),0.0
29,EMDE: Infrastructure investment,Educ./hlt capital (K<sup>GE</sup><sub>t</sub>),0.0
30,EMDE: Infrastructure investment,Educ./hlt capital (K<sup>GE</sup><sub>t</sub>),0.0
31,EMDE: Infrastructure investment,Educ./hlt capital (K<sup>GE</sup><sub>t</sub>),0.0
32,EMDE: Infrastructure investment,Educ./hlt capital (K<sup>GE</sup><sub>t</sub>),0.0
33,EMDE: Infrastructure investment,Educ./hlt capital (K<sup>GE</sup><sub>t</sub>),0.0
34,EMDE: Infrastructure investment,Educ./hlt capital (K<sup>GE</sup><sub>t</sub>),0.0
35,EMDE: Infrastructure investment,Educ./hlt capital (K<sup>GE</sup><sub>t</sub>),0.0
36,EMDE: Infrastructure investment,Educ./hlt capital (K<sup>GE</sup><sub>t</sub>),0.0
37,EMDE: Infrastructure investment,Educ./hlt capital (K<sup>GE</sup><sub>t</sub>),0.0
38,EMDE: Infrastructure investment,Educ./hlt capital (K<sup>GE</sup><sub>t</sub>),0.0
39,EMDE: Infrastructure investment,Educ./hlt capital (K<sup>GE</sup><sub>t</sub>),0.0
40,EMDE: Infrastructure investment,Educ./hlt capital (K<sup>GE</sup><sub>t</sub>),0.0
41,EMDE: Infrastructure investment,Educ./hlt capital (K<sup>GE</sup><sub>t</sub>),0.0
42,EMDE: Infrastructure investment,Educ./hlt capital (K<sup>GE</sup><sub>t</sub>),0.0
43,EMDE: Infrastructure investment,Educ./hlt capital (K<sup>GE</sup><sub>t</sub>),0.0
44,EMDE: Infrastructure investment,Educ./hlt capital (K<sup>GE</sup><sub>t</sub>),0.0
45,EMDE: Infrastructure investment,Educ./hlt capital (K<sup>GE</sup><sub>t</sub>),0.0
46,EMDE: Infrastructure investment,Educ./hlt capital (K<sup>GE</sup><sub>t</sub>),0.0
47,EMDE: Infrastructure investment,Educ./hlt capital (K<sup>GE</sup><sub>t</sub>),0.0
48,EMDE: Infrastructure investment,Educ./hlt capital (K<sup>GE</sup><sub>t</sub>),0.0
49,EMDE: Infrastructure investment,Educ./hlt capital (K<sup>GE</sup><sub>t</sub>),0.0
50,EMDE: Infrastructure investment,Educ./hlt capital (K<sup>GE</sup><sub>t</sub>),0.0
51,EMDE: Infrastructure investment,Educ./hlt capital (K<sup>GE</sup><sub>t</sub>),0.0
52,EMDE: Infrastructure investment,Educ./hlt capital (K<sup>GE</sup><sub>t</sub>),0.0
53,EMDE: Infrastructure investment,Educ./hlt capital (K<sup>GE</sup><sub>t</sub>),0.0
54,EMDE: Infrastructure investment,Educ./hlt capital (K<sup>GE</sup><sub>t</sub>),0.0
55,EMDE: Infrastructure investment,Educ./hlt capital (K<sup>GE</sup><sub>t</sub>),0.0
56,EMDE: Infrastructure investment,Educ./hlt capital (K<sup>GE</sup><sub>t</sub>),0.0
57,EMDE: Infrastructure investment,Educ./hlt capital (K<sup>GE</sup><sub>t</sub>),0.0
58,EMDE: Infrastructure investment,Educ./hlt capital (K<sup>GE</sup><sub>t</sub>),0.0
59,EMDE: Infrastructure investment,Educ./hlt capital (K<sup>GE</sup><sub>t</sub>),0.0
60,EMDE: Infrastructure investment,Educ./hlt capital (K<sup>GE</sup><sub>t</sub>),0.0
61,EMDE: Infrastructure investment,Educ./hlt capital (K<sup>GE</sup><sub>t</sub>),0.0
62,EMDE: Infrastructure investment,Educ./hlt capital (K<sup>GE</sup><sub>t</sub>),0.0
63,EMDE: Infrastructure investment,Educ./hlt capital (K<sup>GE</sup><sub>t</sub>),0.0
64,EMDE: Infrastructure investment,Educ./hlt capital (K<sup>GE</sup><sub>t</sub>),0.0
65,EMDE: Infrastructure investment,Educ./hlt capital (K<sup>GE</sup><sub>t</sub>),0.0
66,EMDE: Infrastructure investment,Educ./hlt capital (K<sup>GE</sup><sub>t</sub>),0.0
67,EMDE: Infrastructure investment,Educ./hlt capital (K<sup>GE</sup><sub>t</sub>),0.0
68,EMDE: Infrastructure investment,Educ./hlt capital (K<sup>GE</sup><sub>t</sub>),0.0
69,EMDE: Infrastructure investment,Educ./hlt capital (K<sup>GE</sup><sub>t</sub>),0.0
70,EMDE: Infrastructure investment,Educ./hlt capital (K<sup>GE</sup><sub>t</sub>),0.0
71,EMDE: Infrastructure investment,Educ./hlt capital (K<sup>GE</sup><sub>t</sub>),0.0
72,EMDE: Infrastructure investment,Educ./hlt capital (K<sup>GE</sup><sub>t</sub>),0.0
73,EMDE: Infrastructure investment,Educ./hlt capital (K<sup>GE</sup><sub>t</sub>),0.0
74,EMDE: Infrastructure investment,Educ./hlt capital (K<sup>GE</sup><sub>t</sub>),0.0
75,EMDE: Infrastructure investment,Educ./hlt capital (K<sup>GE</sup><sub>t</sub>),0.0
76,EMDE: Infrastructure investment,Educ./hlt capital (K<sup>GE</sup><sub>t</sub>),0.0
77,EMDE: Infrastructure investment,Educ./hlt capital (K<sup>GE</sup><sub>t</sub>),0.0
78,EMDE: Infrastructure investment,Educ./hlt capital (K<sup>GE</sup><sub>t</sub>),0.0
79,EMDE: Infrastructure investment,Educ./hlt capital (K<sup>GE</sup><sub>t</sub>),0.0
80,EMDE: Infrastructure investment,Educ./hlt capital (K<sup>GE</sup><sub>t</sub>),0.0
81,EMDE: Infrastructure investment,Educ./hlt capital (K<sup>GE</sup><sub>t</sub>),0.0
82,EMDE: Infrastructure investment,Educ./hlt capital (K<sup>GE</sup><sub>t</sub>),0.0
83,EMDE: Infrastructure investment,Educ./hlt capital (K<sup>GE</sup><sub>t</sub>),0.0
84,EMDE: Infrastructure investment,Educ./hlt capital (K<sup>GE</sup><sub>t</sub>),0.0
85,EMDE: Infrastructure investment,Educ./hlt capital (K<sup>GE</sup><sub>t</sub>),0.0
86,EMDE: Infrastructure investment,Educ./hlt capital (K<sup>GE</sup><sub>t</sub>),0.0
87,EMDE: Infrastructure investment,Educ./hlt capital (K<sup>GE</sup><sub>t</sub>),0.0
88,EMDE: Infrastructure investment,Educ./hlt capital (K<sup>GE</sup><sub>t</sub>),0.0
89,EMDE: Infrastructure investment,Educ./hlt capital (K<sup>GE</sup><sub>t</sub>),0.0
90,EMDE: Infrastructure investment,Educ./hlt capital (K<sup>GE</sup><sub>t</sub>),0.0
91,EMDE: Infrastructure investment,Educ./hlt capital (K<sup>GE</sup><sub>t</sub>),0.0
92,EMDE: Infrastructure investment,Educ./hlt capital (K<sup>GE</sup><sub>t</sub>),0.0
93,EMDE: Infrastructure investment,Educ./hlt capital (K<sup>GE</sup><sub>t</sub>),0.0
94,EMDE: Infrastructure investment,Educ./hlt capital (K<sup>GE</sup><sub>t</sub>),0.0
95,EMDE: Infrastructure investment,Educ./hlt capital (K<sup>GE</sup><sub>t</sub>),0.0
96,EMDE: Infrastructure investment,Educ./hlt capital (K<sup>GE</sup><sub>t</sub>),0.0
97,EMDE: Infrastructure investment,Educ./hlt capital (K<sup>GE</sup><sub>t</sub>),0.0
98,EMDE: Infrastructure investment,Educ./hlt capital (K<sup>GE</sup><sub>t</sub>),0.0
99,EMDE: Infrastructure investment,Educ./hlt capital (K<sup>GE</sup><sub>t</sub>),0.0
100,EMDE: Infrastructure investment,Educ./hlt capital (K<sup>GE</sup><sub>t</sub>),0.0
1,EMDE: Human capital investment,Educ./hlt capital (K<sup>GE</sup><sub>t</sub>),2.478
2,EMDE: Human capital investment,Educ./hlt capital (K<sup>GE</sup><sub>t</sub>),4.894
3,EMDE: Human capital investment,Educ./hlt capital (K<sup>GE</sup><sub>t</sub>),7.25
4,EMDE: Human capital investment,Educ./hlt capital (K<sup>GE</sup><sub>t</sub>),9.55
5,EMDE: Human capital investment,Educ./hlt capital (K<sup>GE</sup><sub>t</sub>),11.794
6,EMDE: Human capital investment,Educ./hlt capital (K<sup>GE</sup><sub>t</sub>),13.985
7,EMDE: Human capital investment,Educ./hlt capital (K<sup>GE</sup><sub>t</sub>),16.126
8,EMDE: Human capital investment,Educ./hlt capital (K<sup>GE</sup><sub>t</sub>),18.217
9,EMDE: Human capital investment,Educ./hlt capital (K<sup>GE</sup><sub>t</sub>),20.261
10,EMDE: Human capital investment,Educ./hlt capital (K<sup>GE</sup><sub>t</sub>),22.259
11,EMDE: Human capital investment,Educ./hlt capital (K<sup>GE</sup><sub>t</sub>),24.214
12,EMDE: Human capital investment,Educ./hlt capital (K<sup>GE</sup><sub>t</sub>),26.126
13,EMDE: Human capital investment,Educ./hlt capital (K<sup>GE</sup><sub>t</sub>),27.997
14,EMDE: Human capital investment,Educ./hlt capital (K<sup>GE</sup><sub>t</sub>),29.83
15,EMDE: Human capital investment,Educ./hlt capital (K<sup>GE</sup><sub>t</sub>),31.624
16,EMDE: Human capital investment,Educ./hlt capital (K<sup>GE</sup><sub>t</sub>),33.382
17,EMDE: Human capital investment,Educ./hlt capital (K<sup>GE</sup><sub>t</sub>),35.106
18,EMDE: Human capital investment,Educ./hlt capital (K<sup>GE</sup><sub>t</sub>),36.795
19,EMDE: Human capital investment,Educ./hlt capital (K<sup>GE</sup><sub>t</sub>),38.452
20,EMDE: Human capital investment,Educ./hlt capital (K<sup>GE</sup><sub>t</sub>),40.078
21,EMDE: Human capital investment,Educ./hlt capital (K<sup>GE</sup><sub>t</sub>),41.674
22,EMDE: Human capital investment,Educ./hlt capital (K<sup>GE</sup><sub>t</sub>),43.241
23,EMDE: Human capital investment,Educ./hlt capital (K<sup>GE</sup><sub>t</sub>),44.78
24,EMDE: Human capital investment,Educ./hlt capital (K<sup>GE</sup><sub>t</sub>),46.292
25,EMDE: Human capital investment,Educ./hlt capital (K<sup>GE</sup><sub>t</sub>),47.778
26,EMDE: Human capital investment,Educ./hlt capital (K<sup>GE</sup><sub>t</sub>),49.24
27,EMDE: Human capital investment,Educ./hlt capital (K<sup>GE</sup><sub>t</sub>),50.677
28,EMDE: Human capital investment,Educ./hlt capital (K<sup>GE</sup><sub>t</sub>),52.091
29,EMDE: Human capital investment,Educ./hlt capital (K<sup>GE</sup><sub>t</sub>),53.483
30,EMDE: Human capital investment,Educ./hlt capital (K<sup>GE</sup><sub>t</sub>),54.854
31,EMDE: Human capital investment,Educ./hlt capital (K<sup>GE</sup><sub>t</sub>),56.204
32,EMDE: Human capital investment,Educ./hlt capital (K<sup>GE</sup><sub>t</sub>),57.534
33,EMDE: Human capital investment,Educ./hlt capital (K<sup>GE</sup><sub>t</sub>),58.845
34,EMDE: Human capital investment,Educ./hlt capital (K<sup>GE</sup><sub>t</sub>),60.138
35,EMDE: Human capital investment,Educ./hlt capital (K<sup>GE</sup><sub>t</sub>),61.413
36,EMDE: Human capital investment,Educ./hlt capital (K<sup>GE</sup><sub>t</sub>),62.67
37,EMDE: Human capital investment,Educ./hlt capital (K<sup>GE</sup><sub>t</sub>),63.912
38,EMDE: Human capital investment,Educ./hlt capital (K<sup>GE</sup><sub>t</sub>),65.137
39,EMDE: Human capital investment,Educ./hlt capital (K<sup>GE</sup><sub>t</sub>),66.348
40,EMDE: Human capital investment,Educ./hlt capital (K<sup>GE</sup><sub>t</sub>),67.543
41,EMDE: Human capital investment,Educ./hlt capital (K<sup>GE</sup><sub>t</sub>),68.725
42,EMDE: Human capital investment,Educ./hlt capital (K<sup>GE</sup><sub>t</sub>),69.893
43,EMDE: Human capital investment,Educ./hlt capital (K<sup>GE</sup><sub>t</sub>),71.047
44,EMDE: Human capital investment,Educ./hlt capital (K<sup>GE</sup><sub>t</sub>),72.189
45,EMDE: Human capital investment,Educ./hlt capital (K<sup>GE</sup><sub>t</sub>),73.319
46,EMDE: Human capital investment,Educ./hlt capital (K<sup>GE</sup><sub>t</sub>),74.438
47,EMDE: Human capital investment,Educ./hlt capital (K<sup>GE</sup><sub>t</sub>),75.545
48,EMDE: Human capital investment,Educ./hlt capital (K<sup>GE</sup><sub>t</sub>),76.641
49,EMDE: Human capital investment,Educ./hlt capital (K<sup>GE</sup><sub>t</sub>),77.727
50,EMDE: Human capital investment,Educ./hlt capital (K<sup>GE</sup><sub>t</sub>),78.802
51,EMDE: Human capital investment,Educ./hlt capital (K<sup>GE</sup><sub>t</sub>),79.868
52,EMDE: Human capital investment,Educ./hlt capital (K<sup>GE</sup><sub>t</sub>),80.925
53,EMDE: Human capital investment,Educ./hlt capital (K<sup>GE</sup><sub>t</sub>),81.972
54,EMDE: Human capital investment,Educ./hlt capital (K<sup>GE</sup><sub>t</sub>),83.011
55,EMDE: Human capital investment,Educ./hlt capital (K<sup>GE</sup><sub>t</sub>),84.042
56,EMDE: Human capital investment,Educ./hlt capital (K<sup>GE</sup><sub>t</sub>),85.065
57,EMDE: Human capital investment,Educ./hlt capital (K<sup>GE</sup><sub>t</sub>),86.08
58,EMDE: Human capital investment,Educ./hlt capital (K<sup>GE</sup><sub>t</sub>),87.087
59,EMDE: Human capital investment,Educ./hlt capital (K<sup>GE</sup><sub>t</sub>),88.087
60,EMDE: Human capital investment,Educ./hlt capital (K<sup>GE</sup><sub>t</sub>),89.081
61,EMDE: Human capital investment,Educ./hlt capital (K<sup>GE</sup><sub>t</sub>),90.068
62,EMDE: Human capital investment,Educ./hlt capital (K<sup>GE</sup><sub>t</sub>),91.048
63,EMDE: Human capital investment,Educ./hlt capital (K<sup>GE</sup><sub>t</sub>),92.022
64,EMDE: Human capital investment,Educ./hlt capital (K<sup>GE</sup><sub>t</sub>),92.99
65,EMDE: Human capital investment,Educ./hlt capital (K<sup>GE</sup><sub>t</sub>),93.953
66,EMDE: Human capital investment,Educ./hlt capital (K<sup>GE</sup><sub>t</sub>),94.91
67,EMDE: Human capital investment,Educ./hlt capital (K<sup>GE</sup><sub>t</sub>),95.862
68,EMDE: Human capital investment,Educ./hlt capital (K<sup>GE</sup><sub>t</sub>),96.809
69,EMDE: Human capital investment,Educ./hlt capital (K<sup>GE</sup><sub>t</sub>),97.75
70,EMDE: Human capital investment,Educ./hlt capital (K<sup>GE</sup><sub>t</sub>),98.687
71,EMDE: Human capital investment,Educ./hlt capital (K<sup>GE</sup><sub>t</sub>),99.62
72,EMDE: Human capital investment,Educ./hlt capital (K<sup>GE</sup><sub>t</sub>),100.548
73,EMDE: Human capital investment,Educ./hlt capital (K<sup>GE</sup><sub>t</sub>),101.472
74,EMDE: Human capital investment,Educ./hlt capital (K<sup>GE</sup><sub>t</sub>),102.392
75,EMDE: Human capital investment,Educ./hlt capital (K<sup>GE</sup><sub>t</sub>),103.307
76,EMDE: Human capital investment,Educ./hlt capital (K<sup>GE</sup><sub>t</sub>),104.22
77,EMDE: Human capital investment,Educ./hlt capital (K<sup>GE</sup><sub>t</sub>),105.128
78,EMDE: Human capital investment,Educ./hlt capital (K<sup>GE</sup><sub>t</sub>),106.033
79,EMDE: Human capital investment,Educ./hlt capital (K<sup>GE</sup><sub>t</sub>),106.935
80,EMDE: Human capital investment,Educ./hlt capital (K<sup>GE</sup><sub>t</sub>),107.833
81,EMDE: Human capital investment,Educ./hlt capital (K<sup>GE</sup><sub>t</sub>),108.728
82,EMDE: Human capital investment,Educ./hlt capital (K<sup>GE</sup><sub>t</sub>),109.621
83,EMDE: Human capital investment,Educ./hlt capital (K<sup>GE</sup><sub>t</sub>),110.51
84,EMDE: Human capital investment,Educ./hlt capital (K<sup>GE</sup><sub>t</sub>),111.397
85,EMDE: Human capital investment,Educ./hlt capital (K<sup>GE</sup><sub>t</sub>),112.28
86,EMDE: Human capital investment,Educ./hlt capital (K<sup>GE</sup><sub>t</sub>),113.162
87,EMDE: Human capital investment,Educ./hlt capital (K<sup>GE</sup><sub>t</sub>),114.041
88,EMDE: Human capital investment,Educ./hlt capital (K<sup>GE</sup><sub>t</sub>),114.917
89,EMDE: Human capital investment,Educ./hlt capital (K<sup>GE</sup><sub>t</sub>),115.791
90,EMDE: Human capital investment,Educ./hlt capital (K<sup>GE</sup><sub>t</sub>),116.663
91,EMDE: Human capital investment,Educ./hlt capital (K<sup>GE</sup><sub>t</sub>),117.533
92,EMDE: Human capital investment,Educ./hlt capital (K<sup>GE</sup><sub>t</sub>),118.4
93,EMDE: Human capital investment,Educ./hlt capital (K<sup>GE</sup><sub>t</sub>),119.266
94,EMDE: Human capital investment,Educ./hlt capital (K<sup>GE</sup><sub>t</sub>),120.13
95,EMDE: Human capital investment,Educ./hlt capital (K<sup>GE</sup><sub>t</sub>),120.992
96,EMDE: Human capital investment,Educ./hlt capital (K<sup>GE</sup><sub>t</sub>),121.852
97,EMDE: Human capital investment,Educ./hlt capital (K<sup>GE</sup><sub>t</sub>),122.711
98,EMDE: Human capital investment,Educ./hlt capital (K<sup>GE</sup><sub>t</sub>),123.567
99,EMDE: Human capital investment,Educ./hlt capital (K<sup>GE</sup><sub>t</sub>),124.423
100,EMDE: Human capital investment,Educ./hlt capital (K<sup>GE</sup><sub>t</sub>),125.276
1,EMDE: Infrastructure investment,Private capital (K<sub>t</sub>),-0.021
2,EMDE: Infrastructure investment,Private capital (K<sub>t</sub>),-0.205
3,EMDE: Infrastructure investment,Private capital (K<sub>t</sub>),-0.363
4,EMDE: Infrastructure investment,Private capital (K<sub>t</sub>),-0.5
5,EMDE: Infrastructure investment,Private capital (K<sub>t</sub>),-0.617
6,EMDE: Infrastructure investment,Private capital (K<sub>t</sub>),-0.718
7,EMDE: Infrastructure investment,Private capital (K<sub>t</sub>),-0.801
8,EMDE: Infrastructure investment,Private capital (K<sub>t</sub>),-0.87
9,EMDE: Infrastructure investment,Private capital (K<sub>t</sub>),-0.926
10,EMDE: Infrastructure investment,Private capital (K<sub>t</sub>),-0.968
11,EMDE: Infrastructure investment,Private capital (K<sub>t</sub>),-0.999
12,EMDE: Infrastructure investment,Private capital (K<sub>t</sub>),-1.019
13,EMDE: Infrastructure investment,Private capital (K<sub>t</sub>),-1.029
14,EMDE: Infrastructure investment,Private capital (K<sub>t</sub>),-1.03
15,EMDE: Infrastructure investment,Private capital (K<sub>t</sub>),-1.022
16,EMDE: Infrastructure investment,Private capital (K<sub>t</sub>),-1.007
17,EMDE: Infrastructure investment,Private capital (K<sub>t</sub>),-0.984
18,EMDE: Infrastructure investment,Private capital (K<sub>t</sub>),-0.954
19,EMDE: Infrastructure investment,Private capital (K<sub>t</sub>),-0.919
20,EMDE: Infrastructure investment,Private capital (K<sub>t</sub>),-0.877
21,EMDE: Infrastructure investment,Private capital (K<sub>t</sub>),-0.831
22,EMDE: Infrastructure investment,Private capital (K<sub>t</sub>),-0.779
23,EMDE: Infrastructure investment,Private capital (K<sub>t</sub>),-0.724
24,EMDE: Infrastructure investment,Private capital (K<sub>t</sub>),-0.664
25,EMDE: Infrastructure investment,Private capital (K<sub>t</sub>),-0.6
26,EMDE: Infrastructure investment,Private capital (K<sub>t</sub>),-0.533
27,EMDE: Infrastructure investment,Private capital (K<sub>t</sub>),-0.463
28,EMDE: Infrastructure investment,Private capital (K<sub>t</sub>),-0.391
29,EMDE: Infrastructure investment,Private capital (K<sub>t</sub>),-0.315
30,EMDE: Infrastructure investment,Private capital (K<sub>t</sub>),-0.237
31,EMDE: Infrastructure investment,Private capital (K<sub>t</sub>),-0.157
32,EMDE: Infrastructure investment,Private capital (K<sub>t</sub>),-0.076
33,EMDE: Infrastructure investment,Private capital (K<sub>t</sub>),0.008
34,EMDE: Infrastructure investment,Private capital (K<sub>t</sub>),0.093
35,EMDE: Infrastructure investment,Private capital (K<sub>t</sub>),0.18
36,EMDE: Infrastructure investment,Private capital (K<sub>t</sub>),0.268
37,EMDE: Infrastructure investment,Private capital (K<sub>t</sub>),0.357
38,EMDE: Infrastructure investment,Private capital (K<sub>t</sub>),0.447
39,EMDE: Infrastructure investment,Private capital (K<sub>t</sub>),0.538
40,EMDE: Infrastructure investment,Private capital (K<sub>t</sub>),0.63
41,EMDE: Infrastructure investment,Private capital (K<sub>t</sub>),0.723
42,EMDE: Infrastructure investment,Private capital (K<sub>t</sub>),0.816
43,EMDE: Infrastructure investment,Private capital (K<sub>t</sub>),0.91
44,EMDE: Infrastructure investment,Private capital (K<sub>t</sub>),1.004
45,EMDE: Infrastructure investment,Private capital (K<sub>t</sub>),1.099
46,EMDE: Infrastructure investment,Private capital (K<sub>t</sub>),1.194
47,EMDE: Infrastructure investment,Private capital (K<sub>t</sub>),1.289
48,EMDE: Infrastructure investment,Private capital (K<sub>t</sub>),1.385
49,EMDE: Infrastructure investment,Private capital (K<sub>t</sub>),1.48
50,EMDE: Infrastructure investment,Private capital (K<sub>t</sub>),1.576
51,EMDE: Infrastructure investment,Private capital (K<sub>t</sub>),1.672
52,EMDE: Infrastructure investment,Private capital (K<sub>t</sub>),1.768
53,EMDE: Infrastructure investment,Private capital (K<sub>t</sub>),1.864
54,EMDE: Infrastructure investment,Private capital (K<sub>t</sub>),1.96
55,EMDE: Infrastructure investment,Private capital (K<sub>t</sub>),2.056
56,EMDE: Infrastructure investment,Private capital (K<sub>t</sub>),2.151
57,EMDE: Infrastructure investment,Private capital (K<sub>t</sub>),2.247
58,EMDE: Infrastructure investment,Private capital (K<sub>t</sub>),2.343
59,EMDE: Infrastructure investment,Private capital (K<sub>t</sub>),2.438
60,EMDE: Infrastructure investment,Private capital (K<sub>t</sub>),2.533
61,EMDE: Infrastructure investment,Private capital (K<sub>t</sub>),2.628
62,EMDE: Infrastructure investment,Private capital (K<sub>t</sub>),2.723
63,EMDE: Infrastructure investment,Private capital (K<sub>t</sub>),2.818
64,EMDE: Infrastructure investment,Private capital (K<sub>t</sub>),2.913
65,EMDE: Infrastructure investment,Private capital (K<sub>t</sub>),3.007
66,EMDE: Infrastructure investment,Private capital (K<sub>t</sub>),3.101
67,EMDE: Infrastructure investment,Private capital (K<sub>t</sub>),3.195
68,EMDE: Infrastructure investment,Private capital (K<sub>t</sub>),3.289
69,EMDE: Infrastructure investment,Private capital (K<sub>t</sub>),3.382
70,EMDE: Infrastructure investment,Private capital (K<sub>t</sub>),3.475
71,EMDE: Infrastructure investment,Private capital (K<sub>t</sub>),3.568
72,EMDE: Infrastructure investment,Private capital (K<sub>t</sub>),3.661
73,EMDE: Infrastructure investment,Private capital (K<sub>t</sub>),3.754
74,EMDE: Infrastructure investment,Private capital (K<sub>t</sub>),3.846
75,EMDE: Infrastructure investment,Private capital (K<sub>t</sub>),3.938
76,EMDE: Infrastructure investment,Private capital (K<sub>t</sub>),4.03
77,EMDE: Infrastructure investment,Private capital (K<sub>t</sub>),4.122
78,EMDE: Infrastructure investment,Private capital (K<sub>t</sub>),4.214
79,EMDE: Infrastructure investment,Private capital (K<sub>t</sub>),4.306
80,EMDE: Infrastructure investment,Private capital (K<sub>t</sub>),4.397
81,EMDE: Infrastructure investment,Private capital (K<sub>t</sub>),4.489
82,EMDE: Infrastructure investment,Private capital (K<sub>t</sub>),4.58
83,EMDE: Infrastructure investment,Private capital (K<sub>t</sub>),4.672
84,EMDE: Infrastructure investment,Private capital (K<sub>t</sub>),4.763
85,EMDE: Infrastructure investment,Private capital (K<sub>t</sub>),4.854
86,EMDE: Infrastructure investment,Private capital (K<sub>t</sub>),4.946
87,EMDE: Infrastructure investment,Private capital (K<sub>t</sub>),5.038
88,EMDE: Infrastructure investment,Private capital (K<sub>t</sub>),5.129
89,EMDE: Infrastructure investment,Private capital (K<sub>t</sub>),5.221
90,EMDE: Infrastructure investment,Private capital (K<sub>t</sub>),5.314
91,EMDE: Infrastructure investment,Private capital (K<sub>t</sub>),5.406
92,EMDE: Infrastructure investment,Private capital (K<sub>t</sub>),5.499
93,EMDE: Infrastructure investment,Private capital (K<sub>t</sub>),5.592
94,EMDE: Infrastructure investment,Private capital (K<sub>t</sub>),5.686
95,EMDE: Infrastructure investment,Private capital (K<sub>t</sub>),5.781
96,EMDE: Infrastructure investment,Private capital (K<sub>t</sub>),5.876
97,EMDE: Infrastructure investment,Private capital (K<sub>t</sub>),5.972
98,EMDE: Infrastructure investment,Private capital (K<sub>t</sub>),6.069
99,EMDE: Infrastructure investment,Private capital (K<sub>t</sub>),6.166
100,EMDE: Infrastructure investment,Private capital (K<sub>t</sub>),6.265
1,EMDE: Human capital investment,Private capital (K<sub>t</sub>),0.214
2,EMDE: Human capital investment,Private capital (K<sub>t</sub>),0.27
3,EMDE: Human capital investment,Private capital (K<sub>t</sub>),0.306
4,EMDE: Human capital investment,Private capital (K<sub>t</sub>),0.319
5,EMDE: Human capital investment,Private capital (K<sub>t</sub>),0.311
6,EMDE: Human capital investment,Private capital (K<sub>t</sub>),0.286
7,EMDE: Human capital investment,Private capital (K<sub>t</sub>),0.247
8,EMDE: Human capital investment,Private capital (K<sub>t</sub>),0.195
9,EMDE: Human capital investment,Private capital (K<sub>t</sub>),0.133
10,EMDE: Human capital investment,Private capital (K<sub>t</sub>),0.064
11,EMDE: Human capital investment,Private capital (K<sub>t</sub>),-0.01
12,EMDE: Human capital investment,Private capital (K<sub>t</sub>),-0.088
13,EMDE: Human capital investment,Private capital (K<sub>t</sub>),-0.169
14,EMDE: Human capital investment,Private capital (K<sub>t</sub>),-0.251
15,EMDE: Human capital investment,Private capital (K<sub>t</sub>),-0.333
16,EMDE: Human capital investment,Private capital (K<sub>t</sub>),-0.414
17,EMDE: Human capital investment,Private capital (K<sub>t</sub>),-0.492
18,EMDE: Human capital investment,Private capital (K<sub>t</sub>),-0.569
19,EMDE: Human capital investment,Private capital (K<sub>t</sub>),-0.641
20,EMDE: Human capital investment,Private capital (K<sub>t</sub>),-0.71
21,EMDE: Human capital investment,Private capital (K<sub>t</sub>),-0.774
22,EMDE: Human capital investment,Private capital (K<sub>t</sub>),-0.834
23,EMDE: Human capital investment,Private capital (K<sub>t</sub>),-0.889
24,EMDE: Human capital investment,Private capital (K<sub>t</sub>),-0.938
25,EMDE: Human capital investment,Private capital (K<sub>t</sub>),-0.982
26,EMDE: Human capital investment,Private capital (K<sub>t</sub>),-1.02
27,EMDE: Human capital investment,Private capital (K<sub>t</sub>),-1.053
28,EMDE: Human capital investment,Private capital (K<sub>t</sub>),-1.08
29,EMDE: Human capital investment,Private capital (K<sub>t</sub>),-1.1
30,EMDE: Human capital investment,Private capital (K<sub>t</sub>),-1.116
31,EMDE: Human capital investment,Private capital (K<sub>t</sub>),-1.125
32,EMDE: Human capital investment,Private capital (K<sub>t</sub>),-1.129
33,EMDE: Human capital investment,Private capital (K<sub>t</sub>),-1.127
34,EMDE: Human capital investment,Private capital (K<sub>t</sub>),-1.119
35,EMDE: Human capital investment,Private capital (K<sub>t</sub>),-1.106
36,EMDE: Human capital investment,Private capital (K<sub>t</sub>),-1.088
37,EMDE: Human capital investment,Private capital (K<sub>t</sub>),-1.065
38,EMDE: Human capital investment,Private capital (K<sub>t</sub>),-1.037
39,EMDE: Human capital investment,Private capital (K<sub>t</sub>),-1.003
40,EMDE: Human capital investment,Private capital (K<sub>t</sub>),-0.965
41,EMDE: Human capital investment,Private capital (K<sub>t</sub>),-0.923
42,EMDE: Human capital investment,Private capital (K<sub>t</sub>),-0.876
43,EMDE: Human capital investment,Private capital (K<sub>t</sub>),-0.825
44,EMDE: Human capital investment,Private capital (K<sub>t</sub>),-0.77
45,EMDE: Human capital investment,Private capital (K<sub>t</sub>),-0.711
46,EMDE: Human capital investment,Private capital (K<sub>t</sub>),-0.648
47,EMDE: Human capital investment,Private capital (K<sub>t</sub>),-0.582
48,EMDE: Human capital investment,Private capital (K<sub>t</sub>),-0.512
49,EMDE: Human capital investment,Private capital (K<sub>t</sub>),-0.439
50,EMDE: Human capital investment,Private capital (K<sub>t</sub>),-0.363
51,EMDE: Human capital investment,Private capital (K<sub>t</sub>),-0.284
52,EMDE: Human capital investment,Private capital (K<sub>t</sub>),-0.202
53,EMDE: Human capital investment,Private capital (K<sub>t</sub>),-0.118
54,EMDE: Human capital investment,Private capital (K<sub>t</sub>),-0.031
55,EMDE: Human capital investment,Private capital (K<sub>t</sub>),0.059
56,EMDE: Human capital investment,Private capital (K<sub>t</sub>),0.15
57,EMDE: Human capital investment,Private capital (K<sub>t</sub>),0.244
58,EMDE: Human capital investment,Private capital (K<sub>t</sub>),0.339
59,EMDE: Human capital investment,Private capital (K<sub>t</sub>),0.436
60,EMDE: Human capital investment,Private capital (K<sub>t</sub>),0.535
61,EMDE: Human capital investment,Private capital (K<sub>t</sub>),0.636
62,EMDE: Human capital investment,Private capital (K<sub>t</sub>),0.738
63,EMDE: Human capital investment,Private capital (K<sub>t</sub>),0.841
64,EMDE: Human capital investment,Private capital (K<sub>t</sub>),0.946
65,EMDE: Human capital investment,Private capital (K<sub>t</sub>),1.052
66,EMDE: Human capital investment,Private capital (K<sub>t</sub>),1.159
67,EMDE: Human capital investment,Private capital (K<sub>t</sub>),1.266
68,EMDE: Human capital investment,Private capital (K<sub>t</sub>),1.375
69,EMDE: Human capital investment,Private capital (K<sub>t</sub>),1.484
70,EMDE: Human capital investment,Private capital (K<sub>t</sub>),1.594
71,EMDE: Human capital investment,Private capital (K<sub>t</sub>),1.705
72,EMDE: Human capital investment,Private capital (K<sub>t</sub>),1.816
73,EMDE: Human capital investment,Private capital (K<sub>t</sub>),1.928
74,EMDE: Human capital investment,Private capital (K<sub>t</sub>),2.04
75,EMDE: Human capital investment,Private capital (K<sub>t</sub>),2.152
76,EMDE: Human capital investment,Private capital (K<sub>t</sub>),2.265
77,EMDE: Human capital investment,Private capital (K<sub>t</sub>),2.378
78,EMDE: Human capital investment,Private capital (K<sub>t</sub>),2.491
79,EMDE: Human capital investment,Private capital (K<sub>t</sub>),2.604
80,EMDE: Human capital investment,Private capital (K<sub>t</sub>),2.717
81,EMDE: Human capital investment,Private capital (K<sub>t</sub>),2.83
82,EMDE: Human capital investment,Private capital (K<sub>t</sub>),2.943
83,EMDE: Human capital investment,Private capital (K<sub>t</sub>),3.056
84,EMDE: Human capital investment,Private capital (K<sub>t</sub>),3.168
85,EMDE: Human capital investment,Private capital (K<sub>t</sub>),3.281
86,EMDE: Human capital investment,Private capital (K<sub>t</sub>),3.393
87,EMDE: Human capital investment,Private capital (K<sub>t</sub>),3.505
88,EMDE: Human capital investment,Private capital (K<sub>t</sub>),3.617
89,EMDE: Human capital investment,Private capital (K<sub>t</sub>),3.728
90,EMDE: Human capital investment,Private capital (K<sub>t</sub>),3.839
91,EMDE: Human capital investment,Private capital (K<sub>t</sub>),3.95
92,EMDE: Human capital investment,Private capital (K<sub>t</sub>),4.06
93,EMDE: Human capital investment,Private capital (K<sub>t</sub>),4.169
94,EMDE: Human capital investment,Private capital (K<sub>t</sub>),4.278
95,EMDE: Human capital investment,Private capital (K<sub>t</sub>),4.387
96,EMDE: Human capital investment,Private capital (K<sub>t</sub>),4.495
97,EMDE: Human capital investment,Private capital (K<sub>t</sub>),4.603
98,EMDE: Human capital investment,Private capital (K<sub>t</sub>),4.709
99,EMDE: Human capital investment,Private capital (K<sub>t</sub>),4.816
100,EMDE: Human capital investment,Private capital (K<sub>t</sub>),4.921
1,EMDE: Infrastructure investment,Labor supply (L<sub>t</sub>),1.064
2,EMDE: Infrastructure investment,Labor supply (L<sub>t</sub>),-0.46
3,EMDE: Infrastructure investment,Labor supply (L<sub>t</sub>),-0.379
4,EMDE: Infrastructure investment,Labor supply (L<sub>t</sub>),-0.323
5,EMDE: Infrastructure investment,Labor supply (L<sub>t</sub>),-0.279
6,EMDE: Infrastructure investment,Labor supply (L<sub>t</sub>),-0.24
7,EMDE: Infrastructure investment,Labor supply (L<sub>t</sub>),-0.205
8,EMDE: Infrastructure investment,Labor supply (L<sub>t</sub>),-0.174
9,EMDE: Infrastructure investment,Labor supply (L<sub>t</sub>),-0.145
10,EMDE: Infrastructure investment,Labor supply (L<sub>t</sub>),-0.12
11,EMDE: Infrastructure investment,Labor supply (L<sub>t</sub>),-0.097
12,EMDE: Infrastructure investment,Labor supply (L<sub>t</sub>),-0.076
13,EMDE: Infrastructure investment,Labor supply (L<sub>t</sub>),-0.057
14,EMDE: Infrastructure investment,Labor supply (L<sub>t</sub>),-0.041
15,EMDE: Infrastructure investment,Labor supply (L<sub>t</sub>),-0.026
16,EMDE: Infrastructure investment,Labor supply (L<sub>t</sub>),-0.013
17,EMDE: Infrastructure investment,Labor supply (L<sub>t</sub>),-0.002
18,EMDE: Infrastructure investment,Labor supply (L<sub>t</sub>),0.008
19,EMDE: Infrastructure investment,Labor supply (L<sub>t</sub>),0.016
20,EMDE: Infrastructure investment,Labor supply (L<sub>t</sub>),0.024
21,EMDE: Infrastructure investment,Labor supply (L<sub>t</sub>),0.03
22,EMDE: Infrastructure investment,Labor supply (L<sub>t</sub>),0.035
23,EMDE: Infrastructure investment,Labor supply (L<sub>t</sub>),0.039
24,EMDE: Infrastructure investment,Labor supply (L<sub>t</sub>),0.042
25,EMDE: Infrastructure investment,Labor supply (L<sub>t</sub>),0.044
26,EMDE: Infrastructure investment,Labor supply (L<sub>t</sub>),0.046
27,EMDE: Infrastructure investment,Labor supply (L<sub>t</sub>),0.046
28,EMDE: Infrastructure investment,Labor supply (L<sub>t</sub>),0.047
29,EMDE: Infrastructure investment,Labor supply (L<sub>t</sub>),0.046
30,EMDE: Infrastructure investment,Labor supply (L<sub>t</sub>),0.045
31,EMDE: Infrastructure investment,Labor supply (L<sub>t</sub>),0.044
32,EMDE: Infrastructure investment,Labor supply (L<sub>t</sub>),0.042
33,EMDE: Infrastructure investment,Labor supply (L<sub>t</sub>),0.039
34,EMDE: Infrastructure investment,Labor supply (L<sub>t</sub>),0.036
35,EMDE: Infrastructure investment,Labor supply (L<sub>t</sub>),0.033
36,EMDE: Infrastructure investment,Labor supply (L<sub>t</sub>),0.03
37,EMDE: Infrastructure investment,Labor supply (L<sub>t</sub>),0.026
38,EMDE: Infrastructure investment,Labor supply (L<sub>t</sub>),0.022
39,EMDE: Infrastructure investment,Labor supply (L<sub>t</sub>),0.017
40,EMDE: Infrastructure investment,Labor supply (L<sub>t</sub>),0.013
41,EMDE: Infrastructure investment,Labor supply (L<sub>t</sub>),0.008
42,EMDE: Infrastructure investment,Labor supply (L<sub>t</sub>),0.003
43,EMDE: Infrastructure investment,Labor supply (L<sub>t</sub>),-0.002
44,EMDE: Infrastructure investment,Labor supply (L<sub>t</sub>),-0.008
45,EMDE: Infrastructure investment,Labor supply (L<sub>t</sub>),-0.013
46,EMDE: Infrastructure investment,Labor supply (L<sub>t</sub>),-0.019
47,EMDE: Infrastructure investment,Labor supply (L<sub>t</sub>),-0.025
48,EMDE: Infrastructure investment,Labor supply (L<sub>t</sub>),-0.03
49,EMDE: Infrastructure investment,Labor supply (L<sub>t</sub>),-0.036
50,EMDE: Infrastructure investment,Labor supply (L<sub>t</sub>),-0.042
51,EMDE: Infrastructure investment,Labor supply (L<sub>t</sub>),-0.049
52,EMDE: Infrastructure investment,Labor supply (L<sub>t</sub>),-0.055
53,EMDE: Infrastructure investment,Labor supply (L<sub>t</sub>),-0.061
54,EMDE: Infrastructure investment,Labor supply (L<sub>t</sub>),-0.067
55,EMDE: Infrastructure investment,Labor supply (L<sub>t</sub>),-0.074
56,EMDE: Infrastructure investment,Labor supply (L<sub>t</sub>),-0.08
57,EMDE: Infrastructure investment,Labor supply (L<sub>t</sub>),-0.086
58,EMDE: Infrastructure investment,Labor supply (L<sub>t</sub>),-0.093
59,EMDE: Infrastructure investment,Labor supply (L<sub>t</sub>),-0.099
60,EMDE: Infrastructure investment,Labor supply (L<sub>t</sub>),-0.106
61,EMDE: Infrastructure investment,Labor supply (L<sub>t</sub>),-0.112
62,EMDE: Infrastructure investment,Labor supply (L<sub>t</sub>),-0.119
63,EMDE: Infrastructure investment,Labor supply (L<sub>t</sub>),-0.125
64,EMDE: Infrastructure investment,Labor supply (L<sub>t</sub>),-0.132
65,EMDE: Infrastructure investment,Labor supply (L<sub>t</sub>),-0.138
66,EMDE: Infrastructure investment,Labor supply (L<sub>t</sub>),-0.145
67,EMDE: Infrastructure investment,Labor supply (L<sub>t</sub>),-0.151
68,EMDE: Infrastructure investment,Labor supply (L<sub>t</sub>),-0.158
69,EMDE: Infrastructure investment,Labor supply (L<sub>t</sub>),-0.164
70,EMDE: Infrastructure investment,Labor supply (L<sub>t</sub>),-0.171
71,EMDE: Infrastructure investment,Labor supply (L<sub>t</sub>),-0.177
72,EMDE: Infrastructure investment,Labor supply (L<sub>t</sub>),-0.183
73,EMDE: Infrastructure investment,Labor supply (L<sub>t</sub>),-0.189
74,EMDE: Infrastructure investment,Labor supply (L<sub>t</sub>),-0.196
75,EMDE: Infrastructure investment,Labor supply (L<sub>t</sub>),-0.202
76,EMDE: Infrastructure investment,Labor supply (L<sub>t</sub>),-0.208
77,EMDE: Infrastructure investment,Labor supply (L<sub>t</sub>),-0.214
78,EMDE: Infrastructure investment,Labor supply (L<sub>t</sub>),-0.22
79,EMDE: Infrastructure investment,Labor supply (L<sub>t</sub>),-0.226
80,EMDE: Infrastructure investment,Labor supply (L<sub>t</sub>),-0.232
81,EMDE: Infrastructure investment,Labor supply (L<sub>t</sub>),-0.237
82,EMDE: Infrastructure investment,Labor supply (L<sub>t</sub>),-0.243
83,EMDE: Infrastructure investment,Labor supply (L<sub>t</sub>),-0.248
84,EMDE: Infrastructure investment,Labor supply (L<sub>t</sub>),-0.253
85,EMDE: Infrastructure investment,Labor supply (L<sub>t</sub>),-0.258
86,EMDE: Infrastructure investment,Labor supply (L<sub>t</sub>),-0.263
87,EMDE: Infrastructure investment,Labor supply (L<sub>t</sub>),-0.268
88,EMDE: Infrastructure investment,Labor supply (L<sub>t</sub>),-0.272
89,EMDE: Infrastructure investment,Labor supply (L<sub>t</sub>),-0.276
90,EMDE: Infrastructure investment,Labor supply (L<sub>t</sub>),-0.28
91,EMDE: Infrastructure investment,Labor supply (L<sub>t</sub>),-0.284
92,EMDE: Infrastructure investment,Labor supply (L<sub>t</sub>),-0.287
93,EMDE: Infrastructure investment,Labor supply (L<sub>t</sub>),-0.29
94,EMDE: Infrastructure investment,Labor supply (L<sub>t</sub>),-0.292
95,EMDE: Infrastructure investment,Labor supply (L<sub>t</sub>),-0.294
96,EMDE: Infrastructure investment,Labor supply (L<sub>t</sub>),-0.296
97,EMDE: Infrastructure investment,Labor supply (L<sub>t</sub>),-0.297
98,EMDE: Infrastructure investment,Labor supply (L<sub>t</sub>),-0.297
99,EMDE: Infrastructure investment,Labor supply (L<sub>t</sub>),-0.297
100,EMDE: Infrastructure investment,Labor supply (L<sub>t</sub>),-0.297
1,EMDE: Human capital investment,Labor supply (L<sub>t</sub>),2.702
2,EMDE: Human capital investment,Labor supply (L<sub>t</sub>),1.431
3,EMDE: Human capital investment,Labor supply (L<sub>t</sub>),1.305
4,EMDE: Human capital investment,Labor supply (L<sub>t</sub>),1.15
5,EMDE: Human capital investment,Labor supply (L<sub>t</sub>),0.997
6,EMDE: Human capital investment,Labor supply (L<sub>t</sub>),0.855
7,EMDE: Human capital investment,Labor supply (L<sub>t</sub>),0.726
8,EMDE: Human capital investment,Labor supply (L<sub>t</sub>),0.609
9,EMDE: Human capital investment,Labor supply (L<sub>t</sub>),0.504
10,EMDE: Human capital investment,Labor supply (L<sub>t</sub>),0.409
11,EMDE: Human capital investment,Labor supply (L<sub>t</sub>),0.324
12,EMDE: Human capital investment,Labor supply (L<sub>t</sub>),0.247
13,EMDE: Human capital investment,Labor supply (L<sub>t</sub>),0.179
14,EMDE: Human capital investment,Labor supply (L<sub>t</sub>),0.118
15,EMDE: Human capital investment,Labor supply (L<sub>t</sub>),0.063
16,EMDE: Human capital investment,Labor supply (L<sub>t</sub>),0.014
17,EMDE: Human capital investment,Labor supply (L<sub>t</sub>),-0.03
18,EMDE: Human capital investment,Labor supply (L<sub>t</sub>),-0.068
19,EMDE: Human capital investment,Labor supply (L<sub>t</sub>),-0.103
20,EMDE: Human capital investment,Labor supply (L<sub>t</sub>),-0.133
21,EMDE: Human capital investment,Labor supply (L<sub>t</sub>),-0.16
22,EMDE: Human capital investment,Labor supply (L<sub>t</sub>),-0.183
23,EMDE: Human capital investment,Labor supply (L<sub>t</sub>),-0.204
24,EMDE: Human capital investment,Labor supply (L<sub>t</sub>),-0.222
25,EMDE: Human capital investment,Labor supply (L<sub>t</sub>),-0.238
26,EMDE: Human capital investment,Labor supply (L<sub>t</sub>),-0.252
27,EMDE: Human capital investment,Labor supply (L<sub>t</sub>),-0.264
28,EMDE: Human capital investment,Labor supply (L<sub>t</sub>),-0.274
29,EMDE: Human capital investment,Labor supply (L<sub>t</sub>),-0.283
30,EMDE: Human capital investment,Labor supply (L<sub>t</sub>),-0.29
31,EMDE: Human capital investment,Labor supply (L<sub>t</sub>),-0.297
32,EMDE: Human capital investment,Labor supply (L<sub>t</sub>),-0.302
33,EMDE: Human capital investment,Labor supply (L<sub>t</sub>),-0.307
34,EMDE: Human capital investment,Labor supply (L<sub>t</sub>),-0.31
35,EMDE: Human capital investment,Labor supply (L<sub>t</sub>),-0.314
36,EMDE: Human capital investment,Labor supply (L<sub>t</sub>),-0.316
37,EMDE: Human capital investment,Labor supply (L<sub>t</sub>),-0.318
38,EMDE: Human capital investment,Labor supply (L<sub>t</sub>),-0.32
39,EMDE: Human capital investment,Labor supply (L<sub>t</sub>),-0.322
40,EMDE: Human capital investment,Labor supply (L<sub>t</sub>),-0.323
41,EMDE: Human capital investment,Labor supply (L<sub>t</sub>),-0.324
42,EMDE: Human capital investment,Labor supply (L<sub>t</sub>),-0.324
43,EMDE: Human capital investment,Labor supply (L<sub>t</sub>),-0.325
44,EMDE: Human capital investment,Labor supply (L<sub>t</sub>),-0.326
45,EMDE: Human capital investment,Labor supply (L<sub>t</sub>),-0.326
46,EMDE: Human capital investment,Labor supply (L<sub>t</sub>),-0.327
47,EMDE: Human capital investment,Labor supply (L<sub>t</sub>),-0.327
48,EMDE: Human capital investment,Labor supply (L<sub>t</sub>),-0.328
49,EMDE: Human capital investment,Labor supply (L<sub>t</sub>),-0.328
50,EMDE: Human capital investment,Labor supply (L<sub>t</sub>),-0.329
51,EMDE: Human capital investment,Labor supply (L<sub>t</sub>),-0.33
52,EMDE: Human capital investment,Labor supply (L<sub>t</sub>),-0.331
53,EMDE: Human capital investment,Labor supply (L<sub>t</sub>),-0.332
54,EMDE: Human capital investment,Labor supply (L<sub>t</sub>),-0.333
55,EMDE: Human capital investment,Labor supply (L<sub>t</sub>),-0.334
56,EMDE: Human capital investment,Labor supply (L<sub>t</sub>),-0.336
57,EMDE: Human capital investment,Labor supply (L<sub>t</sub>),-0.337
58,EMDE: Human capital investment,Labor supply (L<sub>t</sub>),-0.339
59,EMDE: Human capital investment,Labor supply (L<sub>t</sub>),-0.341
60,EMDE: Human capital investment,Labor supply (L<sub>t</sub>),-0.343
61,EMDE: Human capital investment,Labor supply (L<sub>t</sub>),-0.345
62,EMDE: Human capital investment,Labor supply (L<sub>t</sub>),-0.347
63,EMDE: Human capital investment,Labor supply (L<sub>t</sub>),-0.35
64,EMDE: Human capital investment,Labor supply (L<sub>t</sub>),-0.353
65,EMDE: Human capital investment,Labor supply (L<sub>t</sub>),-0.355
66,EMDE: Human capital investment,Labor supply (L<sub>t</sub>),-0.358
67,EMDE: Human capital investment,Labor supply (L<sub>t</sub>),-0.362
68,EMDE: Human capital investment,Labor supply (L<sub>t</sub>),-0.365
69,EMDE: Human capital investment,Labor supply (L<sub>t</sub>),-0.369
70,EMDE: Human capital investment,Labor supply (L<sub>t</sub>),-0.372
71,EMDE: Human capital investment,Labor supply (L<sub>t</sub>),-0.376
72,EMDE: Human capital investment,Labor supply (L<sub>t</sub>),-0.38
73,EMDE: Human capital investment,Labor supply (L<sub>t</sub>),-0.384
74,EMDE: Human capital investment,Labor supply (L<sub>t</sub>),-0.389
75,EMDE: Human capital investment,Labor supply (L<sub>t</sub>),-0.393
76,EMDE: Human capital investment,Labor supply (L<sub>t</sub>),-0.398
77,EMDE: Human capital investment,Labor supply (L<sub>t</sub>),-0.403
78,EMDE: Human capital investment,Labor supply (L<sub>t</sub>),-0.408
79,EMDE: Human capital investment,Labor supply (L<sub>t</sub>),-0.413
80,EMDE: Human capital investment,Labor supply (L<sub>t</sub>),-0.419
81,EMDE: Human capital investment,Labor supply (L<sub>t</sub>),-0.424
82,EMDE: Human capital investment,Labor supply (L<sub>t</sub>),-0.43
83,EMDE: Human capital investment,Labor supply (L<sub>t</sub>),-0.436
84,EMDE: Human capital investment,Labor supply (L<sub>t</sub>),-0.442
85,EMDE: Human capital investment,Labor supply (L<sub>t</sub>),-0.449
86,EMDE: Human capital investment,Labor supply (L<sub>t</sub>),-0.455
87,EMDE: Human capital investment,Labor supply (L<sub>t</sub>),-0.462
88,EMDE: Human capital investment,Labor supply (L<sub>t</sub>),-0.469
89,EMDE: Human capital investment,Labor supply (L<sub>t</sub>),-0.476
90,EMDE: Human capital investment,Labor supply (L<sub>t</sub>),-0.483
91,EMDE: Human capital investment,Labor supply (L<sub>t</sub>),-0.49
92,EMDE: Human capital investment,Labor supply (L<sub>t</sub>),-0.498
93,EMDE: Human capital investment,Labor supply (L<sub>t</sub>),-0.506
94,EMDE: Human capital investment,Labor supply (L<sub>t</sub>),-0.514
95,EMDE: Human capital investment,Labor supply (L<sub>t</sub>),-0.522
96,EMDE: Human capital investment,Labor supply (L<sub>t</sub>),-0.531
97,EMDE: Human capital investment,Labor supply (L<sub>t</sub>),-0.54
98,EMDE: Human capital investment,Labor supply (L<sub>t</sub>),-0.549
99,EMDE: Human capital investment,Labor supply (L<sub>t</sub>),-0.558
100,EMDE: Human capital investment,Labor supply (L<sub>t</sub>),-0.567
1,EMDE: Infrastructure investment,Human capital stock (H<sub>t</sub>),-0.029
2,EMDE: Infrastructure investment,Human capital stock (H<sub>t</sub>),-0.027
3,EMDE: Infrastructure investment,Human capital stock (H<sub>t</sub>),-0.027
4,EMDE: Infrastructure investment,Human capital stock (H<sub>t</sub>),-0.027
5,EMDE: Infrastructure investment,Human capital stock (H<sub>t</sub>),-0.029
6,EMDE: Infrastructure investment,Human capital stock (H<sub>t</sub>),-0.031
7,EMDE: Infrastructure investment,Human capital stock (H<sub>t</sub>),-0.033
8,EMDE: Infrastructure investment,Human capital stock (H<sub>t</sub>),-0.037
9,EMDE: Infrastructure investment,Human capital stock (H<sub>t</sub>),-0.041
10,EMDE: Infrastructure investment,Human capital stock (H<sub>t</sub>),-0.045
11,EMDE: Infrastructure investment,Human capital stock (H<sub>t</sub>),-0.049
12,EMDE: Infrastructure investment,Human capital stock (H<sub>t</sub>),-0.054
13,EMDE: Infrastructure investment,Human capital stock (H<sub>t</sub>),-0.06
14,EMDE: Infrastructure investment,Human capital stock (H<sub>t</sub>),-0.065
15,EMDE: Infrastructure investment,Human capital stock (H<sub>t</sub>),-0.071
16,EMDE: Infrastructure investment,Human capital stock (H<sub>t</sub>),-0.077
17,EMDE: Infrastructure investment,Human capital stock (H<sub>t</sub>),-0.083
18,EMDE: Infrastructure investment,Human capital stock (H<sub>t</sub>),-0.089
19,EMDE: Infrastructure investment,Human capital stock (H<sub>t</sub>),-0.095
20,EMDE: Infrastructure investment,Human capital stock (H<sub>t</sub>),-0.102
21,EMDE: Infrastructure investment,Human capital stock (H<sub>t</sub>),-0.108
22,EMDE: Infrastructure investment,Human capital stock (H<sub>t</sub>),-0.114
23,EMDE: Infrastructure investment,Human capital stock (H<sub>t</sub>),-0.121
24,EMDE: Infrastructure investment,Human capital stock (H<sub>t</sub>),-0.127
25,EMDE: Infrastructure investment,Human capital stock (H<sub>t</sub>),-0.134
26,EMDE: Infrastructure investment,Human capital stock (H<sub>t</sub>),-0.14
27,EMDE: Infrastructure investment,Human capital stock (H<sub>t</sub>),-0.146
28,EMDE: Infrastructure investment,Human capital stock (H<sub>t</sub>),-0.152
29,EMDE: Infrastructure investment,Human capital stock (H<sub>t</sub>),-0.159
30,EMDE: Infrastructure investment,Human capital stock (H<sub>t</sub>),-0.165
31,EMDE: Infrastructure investment,Human capital stock (H<sub>t</sub>),-0.171
32,EMDE: Infrastructure investment,Human capital stock (H<sub>t</sub>),-0.176
33,EMDE: Infrastructure investment,Human capital stock (H<sub>t</sub>),-0.182
34,EMDE: Infrastructure investment,Human capital stock (H<sub>t</sub>),-0.188
35,EMDE: Infrastructure investment,Human capital stock (H<sub>t</sub>),-0.194
36,EMDE: Infrastructure investment,Human capital stock (H<sub>t</sub>),-0.199
37,EMDE: Infrastructure investment,Human capital stock (H<sub>t</sub>),-0.204
38,EMDE: Infrastructure investment,Human capital stock (H<sub>t</sub>),-0.21
39,EMDE: Infrastructure investment,Human capital stock (H<sub>t</sub>),-0.215
40,EMDE: Infrastructure investment,Human capital stock (H<sub>t</sub>),-0.22
41,EMDE: Infrastructure investment,Human capital stock (H<sub>t</sub>),-0.225
42,EMDE: Infrastructure investment,Human capital stock (H<sub>t</sub>),-0.229
43,EMDE: Infrastructure investment,Human capital stock (H<sub>t</sub>),-0.234
44,EMDE: Infrastructure investment,Human capital stock (H<sub>t</sub>),-0.238
45,EMDE: Infrastructure investment,Human capital stock (H<sub>t</sub>),-0.243
46,EMDE: Infrastructure investment,Human capital stock (H<sub>t</sub>),-0.247
47,EMDE: Infrastructure investment,Human capital stock (H<sub>t</sub>),-0.251
48,EMDE: Infrastructure investment,Human capital stock (H<sub>t</sub>),-0.255
49,EMDE: Infrastructure investment,Human capital stock (H<sub>t</sub>),-0.259
50,EMDE: Infrastructure investment,Human capital stock (H<sub>t</sub>),-0.263
51,EMDE: Infrastructure investment,Human capital stock (H<sub>t</sub>),-0.267
52,EMDE: Infrastructure investment,Human capital stock (H<sub>t</sub>),-0.27
53,EMDE: Infrastructure investment,Human capital stock (H<sub>t</sub>),-0.274
54,EMDE: Infrastructure investment,Human capital stock (H<sub>t</sub>),-0.277
55,EMDE: Infrastructure investment,Human capital stock (H<sub>t</sub>),-0.28
56,EMDE: Infrastructure investment,Human capital stock (H<sub>t</sub>),-0.283
57,EMDE: Infrastructure investment,Human capital stock (H<sub>t</sub>),-0.286
58,EMDE: Infrastructure investment,Human capital stock (H<sub>t</sub>),-0.289
59,EMDE: Infrastructure investment,Human capital stock (H<sub>t</sub>),-0.292
60,EMDE: Infrastructure investment,Human capital stock (H<sub>t</sub>),-0.294
61,EMDE: Infrastructure investment,Human capital stock (H<sub>t</sub>),-0.297
62,EMDE: Infrastructure investment,Human capital stock (H<sub>t</sub>),-0.299
63,EMDE: Infrastructure investment,Human capital stock (H<sub>t</sub>),-0.302
64,EMDE: Infrastructure investment,Human capital stock (H<sub>t</sub>),-0.304
65,EMDE: Infrastructure investment,Human capital stock (H<sub>t</sub>),-0.306
66,EMDE: Infrastructure investment,Human capital stock (H<sub>t</sub>),-0.308
67,EMDE: Infrastructure investment,Human capital stock (H<sub>t</sub>),-0.31
68,EMDE: Infrastructure investment,Human capital stock (H<sub>t</sub>),-0.312
69,EMDE: Infrastructure investment,Human capital stock (H<sub>t</sub>),-0.313
70,EMDE: Infrastructure investment,Human capital stock (H<sub>t</sub>),-0.315
71,EMDE: Infrastructure investment,Human capital stock (H<sub>t</sub>),-0.317
72,EMDE: Infrastructure investment,Human capital stock (H<sub>t</sub>),-0.318
73,EMDE: Infrastructure investment,Human capital stock (H<sub>t</sub>),-0.32
74,EMDE: Infrastructure investment,Human capital stock (H<sub>t</sub>),-0.321
75,EMDE: Infrastructure investment,Human capital stock (H<sub>t</sub>),-0.322
76,EMDE: Infrastructure investment,Human capital stock (H<sub>t</sub>),-0.323
77,EMDE: Infrastructure investment,Human capital stock (H<sub>t</sub>),-0.324
78,EMDE: Infrastructure investment,Human capital stock (H<sub>t</sub>),-0.325
79,EMDE: Infrastructure investment,Human capital stock (H<sub>t</sub>),-0.326
80,EMDE: Infrastructure investment,Human capital stock (H<sub>t</sub>),-0.327
81,EMDE: Infrastructure investment,Human capital stock (H<sub>t</sub>),-0.328
82,EMDE: Infrastructure investment,Human capital stock (H<sub>t</sub>),-0.329
83,EMDE: Infrastructure investment,Human capital stock (H<sub>t</sub>),-0.329
84,EMDE: Infrastructure investment,Human capital stock (H<sub>t</sub>),-0.33
85,EMDE: Infrastructure investment,Human capital stock (H<sub>t</sub>),-0.331
86,EMDE: Infrastructure investment,Human capital stock (H<sub>t</sub>),-0.331
87,EMDE: Infrastructure investment,Human capital stock (H<sub>t</sub>),-0.332
88,EMDE: Infrastructure investment,Human capital stock (H<sub>t</sub>),-0.332
89,EMDE: Infrastructure investment,Human capital stock (H<sub>t</sub>),-0.332
90,EMDE: Infrastructure investment,Human capital stock (H<sub>t</sub>),-0.333
91,EMDE: Infrastructure investment,Human capital stock (H<sub>t</sub>),-0.333
92,EMDE: Infrastructure investment,Human capital stock (H<sub>t</sub>),-0.334
93,EMDE: Infrastructure investment,Human capital stock (H<sub>t</sub>),-0.334
94,EMDE: Infrastructure investment,Human capital stock (H<sub>t</sub>),-0.334
95,EMDE: Infrastructure investment,Human capital stock (H<sub>t</sub>),-0.335
96,EMDE: Infrastructure investment,Human capital stock (H<sub>t</sub>),-0.335
97,EMDE: Infrastructure investment,Human capital stock (H<sub>t</sub>),-0.335
98,EMDE: Infrastructure investment,Human capital stock (H<sub>t</sub>),-0.336
99,EMDE: Infrastructure investment,Human capital stock (H<sub>t</sub>),-0.336
100,EMDE: Infrastructure investment,Human capital stock (H<sub>t</sub>),-0.337
1,EMDE: Human capital investment,Human capital stock (H<sub>t</sub>),-0.079
2,EMDE: Human capital investment,Human capital stock (H<sub>t</sub>),-0.119
3,EMDE: Human capital investment,Human capital stock (H<sub>t</sub>),-0.146
4,EMDE: Human capital investment,Human capital stock (H<sub>t</sub>),-0.159
5,EMDE: Human capital investment,Human capital stock (H<sub>t</sub>),-0.159
6,EMDE: Human capital investment,Human capital stock (H<sub>t</sub>),-0.148
7,EMDE: Human capital investment,Human capital stock (H<sub>t</sub>),-0.126
8,EMDE: Human capital investment,Human capital stock (H<sub>t</sub>),-0.094
9,EMDE: Human capital investment,Human capital stock (H<sub>t</sub>),-0.053
10,EMDE: Human capital investment,Human capital stock (H<sub>t</sub>),-0.003
11,EMDE: Human capital investment,Human capital stock (H<sub>t</sub>),0.054
12,EMDE: Human capital investment,Human capital stock (H<sub>t</sub>),0.118
13,EMDE: Human capital investment,Human capital stock (H<sub>t</sub>),0.189
14,EMDE: Human capital investment,Human capital stock (H<sub>t</sub>),0.266
15,EMDE: Human capital investment,Human capital stock (H<sub>t</sub>),0.348
16,EMDE: Human capital investment,Human capital stock (H<sub>t</sub>),0.434
17,EMDE: Human capital investment,Human capital stock (H<sub>t</sub>),0.526
18,EMDE: Human capital investment,Human capital stock (H<sub>t</sub>),0.621
19,EMDE: Human capital investment,Human capital stock (H<sub>t</sub>),0.72
20,EMDE: Human capital investment,Human capital stock (H<sub>t</sub>),0.823
21,EMDE: Human capital investment,Human capital stock (H<sub>t</sub>),0.928
22,EMDE: Human capital investment,Human capital stock (H<sub>t</sub>),1.036
23,EMDE: Human capital investment,Human capital stock (H<sub>t</sub>),1.146
24,EMDE: Human capital investment,Human capital stock (H<sub>t</sub>),1.259
25,EMDE: Human capital investment,Human capital stock (H<sub>t</sub>),1.373
26,EMDE: Human capital investment,Human capital stock (H<sub>t</sub>),1.49
27,EMDE: Human capital investment,Human capital stock (H<sub>t</sub>),1.607
28,EMDE: Human capital investment,Human capital stock (H<sub>t</sub>),1.726
29,EMDE: Human capital investment,Human capital stock (H<sub>t</sub>),1.846
30,EMDE: Human capital investment,Human capital stock (H<sub>t</sub>),1.967
31,EMDE: Human capital investment,Human capital stock (H<sub>t</sub>),2.089
32,EMDE: Human capital investment,Human capital stock (H<sub>t</sub>),2.211
33,EMDE: Human capital investment,Human capital stock (H<sub>t</sub>),2.334
34,EMDE: Human capital investment,Human capital stock (H<sub>t</sub>),2.458
35,EMDE: Human capital investment,Human capital stock (H<sub>t</sub>),2.581
36,EMDE: Human capital investment,Human capital stock (H<sub>t</sub>),2.705
37,EMDE: Human capital investment,Human capital stock (H<sub>t</sub>),2.829
38,EMDE: Human capital investment,Human capital stock (H<sub>t</sub>),2.953
39,EMDE: Human capital investment,Human capital stock (H<sub>t</sub>),3.077
40,EMDE: Human capital investment,Human capital stock (H<sub>t</sub>),3.2
41,EMDE: Human capital investment,Human capital stock (H<sub>t</sub>),3.324
42,EMDE: Human capital investment,Human capital stock (H<sub>t</sub>),3.447
43,EMDE: Human capital investment,Human capital stock (H<sub>t</sub>),3.57
44,EMDE: Human capital investment,Human capital stock (H<sub>t</sub>),3.693
45,EMDE: Human capital investment,Human capital stock (H<sub>t</sub>),3.815
46,EMDE: Human capital investment,Human capital stock (H<sub>t</sub>),3.936
47,EMDE: Human capital investment,Human capital stock (H<sub>t</sub>),4.057
48,EMDE: Human capital investment,Human capital stock (H<sub>t</sub>),4.178
49,EMDE: Human capital investment,Human capital stock (H<sub>t</sub>),4.298
50,EMDE: Human capital investment,Human capital stock (H<sub>t</sub>),4.418
51,EMDE: Human capital investment,Human capital stock (H<sub>t</sub>),4.537
52,EMDE: Human capital investment,Human capital stock (H<sub>t</sub>),4.655
53,EMDE: Human capital investment,Human capital stock (H<sub>t</sub>),4.772
54,EMDE: Human capital investment,Human capital stock (H<sub>t</sub>),4.889
55,EMDE: Human capital investment,Human capital stock (H<sub>t</sub>),5.006
56,EMDE: Human capital investment,Human capital stock (H<sub>t</sub>),5.121
57,EMDE: Human capital investment,Human capital stock (H<sub>t</sub>),5.236
58,EMDE: Human capital investment,Human capital stock (H<sub>t</sub>),5.35
59,EMDE: Human capital investment,Human capital stock (H<sub>t</sub>),5.463
60,EMDE: Human capital investment,Human capital stock (H<sub>t</sub>),5.576
61,EMDE: Human capital investment,Human capital stock (H<sub>t</sub>),5.688
62,EMDE: Human capital investment,Human capital stock (H<sub>t</sub>),5.799
63,EMDE: Human capital investment,Human capital stock (H<sub>t</sub>),5.909
64,EMDE: Human capital investment,Human capital stock (H<sub>t</sub>),6.019
65,EMDE: Human capital investment,Human capital stock (H<sub>t</sub>),6.128
66,EMDE: Human capital investment,Human capital stock (H<sub>t</sub>),6.236
67,EMDE: Human capital investment,Human capital stock (H<sub>t</sub>),6.343
68,EMDE: Human capital investment,Human capital stock (H<sub>t</sub>),6.45
69,EMDE: Human capital investment,Human capital stock (H<sub>t</sub>),6.556
70,EMDE: Human capital investment,Human capital stock (H<sub>t</sub>),6.661
71,EMDE: Human capital investment,Human capital stock (H<sub>t</sub>),6.766
72,EMDE: Human capital investment,Human capital stock (H<sub>t</sub>),6.87
73,EMDE: Human capital investment,Human capital stock (H<sub>t</sub>),6.973
74,EMDE: Human capital investment,Human capital stock (H<sub>t</sub>),7.075
75,EMDE: Human capital investment,Human capital stock (H<sub>t</sub>),7.177
76,EMDE: Human capital investment,Human capital stock (H<sub>t</sub>),7.277
77,EMDE: Human capital investment,Human capital stock (H<sub>t</sub>),7.378
78,EMDE: Human capital investment,Human capital stock (H<sub>t</sub>),7.477
79,EMDE: Human capital investment,Human capital stock (H<sub>t</sub>),7.576
80,EMDE: Human capital investment,Human capital stock (H<sub>t</sub>),7.674
81,EMDE: Human capital investment,Human capital stock (H<sub>t</sub>),7.772
82,EMDE: Human capital investment,Human capital stock (H<sub>t</sub>),7.869
83,EMDE: Human capital investment,Human capital stock (H<sub>t</sub>),7.965
84,EMDE: Human capital investment,Human capital stock (H<sub>t</sub>),8.061
85,EMDE: Human capital investment,Human capital stock (H<sub>t</sub>),8.156
86,EMDE: Human capital investment,Human capital stock (H<sub>t</sub>),8.25
87,EMDE: Human capital investment,Human capital stock (H<sub>t</sub>),8.344
88,EMDE: Human capital investment,Human capital stock (H<sub>t</sub>),8.438
89,EMDE: Human capital investment,Human capital stock (H<sub>t</sub>),8.53
90,EMDE: Human capital investment,Human capital stock (H<sub>t</sub>),8.623
91,EMDE: Human capital investment,Human capital stock (H<sub>t</sub>),8.714
92,EMDE: Human capital investment,Human capital stock (H<sub>t</sub>),8.805
93,EMDE: Human capital investment,Human capital stock (H<sub>t</sub>),8.896
94,EMDE: Human capital investment,Human capital stock (H<sub>t</sub>),8.986
95,EMDE: Human capital investment,Human capital stock (H<sub>t</sub>),9.075
96,EMDE: Human capital investment,Human capital stock (H<sub>t</sub>),9.165
97,EMDE: Human capital investment,Human capital stock (H<sub>t</sub>),9.253
98,EMDE: Human capital investment,Human capital stock (H<sub>t</sub>),9.341
99,EMDE: Human capital investment,Human capital stock (H<sub>t</sub>),9.429
100,EMDE: Human capital investment,Human capital stock (H<sub>t</sub>),9.516
1,EMDE: Infrastructure investment,Effective labor (N<sub>t</sub>),1.064
2,EMDE: Infrastructure investment,Effective labor (N<sub>t</sub>),-0.489
3,EMDE: Infrastructure investment,Effective labor (N<sub>t</sub>),-0.406
4,EMDE: Infrastructure investment,Effective labor (N<sub>t</sub>),-0.35
5,EMDE: Infrastructure investment,Effective labor (N<sub>t</sub>),-0.306
6,EMDE: Infrastructure investment,Effective labor (N<sub>t</sub>),-0.268
7,EMDE: Infrastructure investment,Effective labor (N<sub>t</sub>),-0.236
8,EMDE: Infrastructure investment,Effective labor (N<sub>t</sub>),-0.207
9,EMDE: Infrastructure investment,Effective labor (N<sub>t</sub>),-0.182
10,EMDE: Infrastructure investment,Effective labor (N<sub>t</sub>),-0.16
11,EMDE: Infrastructure investment,Effective labor (N<sub>t</sub>),-0.141
12,EMDE: Infrastructure investment,Effective labor (N<sub>t</sub>),-0.125
13,EMDE: Infrastructure investment,Effective labor (N<sub>t</sub>),-0.112
14,EMDE: Infrastructure investment,Effective labor (N<sub>t</sub>),-0.101
15,EMDE: Infrastructure investment,Effective labor (N<sub>t</sub>),-0.092
16,EMDE: Infrastructure investment,Effective labor (N<sub>t</sub>),-0.084
17,EMDE: Infrastructure investment,Effective labor (N<sub>t</sub>),-0.079
18,EMDE: Infrastructure investment,Effective labor (N<sub>t</sub>),-0.075
19,EMDE: Infrastructure investment,Effective labor (N<sub>t</sub>),-0.073
20,EMDE: Infrastructure investment,Effective labor (N<sub>t</sub>),-0.072
21,EMDE: Infrastructure investment,Effective labor (N<sub>t</sub>),-0.072
22,EMDE: Infrastructure investment,Effective labor (N<sub>t</sub>),-0.073
23,EMDE: Infrastructure investment,Effective labor (N<sub>t</sub>),-0.076
24,EMDE: Infrastructure investment,Effective labor (N<sub>t</sub>),-0.079
25,EMDE: Infrastructure investment,Effective labor (N<sub>t</sub>),-0.083
26,EMDE: Infrastructure investment,Effective labor (N<sub>t</sub>),-0.088
27,EMDE: Infrastructure investment,Effective labor (N<sub>t</sub>),-0.094
28,EMDE: Infrastructure investment,Effective labor (N<sub>t</sub>),-0.1
29,EMDE: Infrastructure investment,Effective labor (N<sub>t</sub>),-0.106
30,EMDE: Infrastructure investment,Effective labor (N<sub>t</sub>),-0.114
31,EMDE: Infrastructure investment,Effective labor (N<sub>t</sub>),-0.121
32,EMDE: Infrastructure investment,Effective labor (N<sub>t</sub>),-0.129
33,EMDE: Infrastructure investment,Effective labor (N<sub>t</sub>),-0.137
34,EMDE: Infrastructure investment,Effective labor (N<sub>t</sub>),-0.146
35,EMDE: Infrastructure investment,Effective labor (N<sub>t</sub>),-0.155
36,EMDE: Infrastructure investment,Effective labor (N<sub>t</sub>),-0.164
37,EMDE: Infrastructure investment,Effective labor (N<sub>t</sub>),-0.173
38,EMDE: Infrastructure investment,Effective labor (N<sub>t</sub>),-0.183
39,EMDE: Infrastructure investment,Effective labor (N<sub>t</sub>),-0.192
40,EMDE: Infrastructure investment,Effective labor (N<sub>t</sub>),-0.202
41,EMDE: Infrastructure investment,Effective labor (N<sub>t</sub>),-0.212
42,EMDE: Infrastructure investment,Effective labor (N<sub>t</sub>),-0.222
43,EMDE: Infrastructure investment,Effective labor (N<sub>t</sub>),-0.232
44,EMDE: Infrastructure investment,Effective labor (N<sub>t</sub>),-0.242
45,EMDE: Infrastructure investment,Effective labor (N<sub>t</sub>),-0.252
46,EMDE: Infrastructure investment,Effective labor (N<sub>t</sub>),-0.262
47,EMDE: Infrastructure investment,Effective labor (N<sub>t</sub>),-0.272
48,EMDE: Infrastructure investment,Effective labor (N<sub>t</sub>),-0.282
49,EMDE: Infrastructure investment,Effective labor (N<sub>t</sub>),-0.292
50,EMDE: Infrastructure investment,Effective labor (N<sub>t</sub>),-0.302
51,EMDE: Infrastructure investment,Effective labor (N<sub>t</sub>),-0.311
52,EMDE: Infrastructure investment,Effective labor (N<sub>t</sub>),-0.321
53,EMDE: Infrastructure investment,Effective labor (N<sub>t</sub>),-0.331
54,EMDE: Infrastructure investment,Effective labor (N<sub>t</sub>),-0.341
55,EMDE: Infrastructure investment,Effective labor (N<sub>t</sub>),-0.35
56,EMDE: Infrastructure investment,Effective labor (N<sub>t</sub>),-0.36
57,EMDE: Infrastructure investment,Effective labor (N<sub>t</sub>),-0.369
58,EMDE: Infrastructure investment,Effective labor (N<sub>t</sub>),-0.379
59,EMDE: Infrastructure investment,Effective labor (N<sub>t</sub>),-0.388
60,EMDE: Infrastructure investment,Effective labor (N<sub>t</sub>),-0.397
61,EMDE: Infrastructure investment,Effective labor (N<sub>t</sub>),-0.406
62,EMDE: Infrastructure investment,Effective labor (N<sub>t</sub>),-0.415
63,EMDE: Infrastructure investment,Effective labor (N<sub>t</sub>),-0.424
64,EMDE: Infrastructure investment,Effective labor (N<sub>t</sub>),-0.433
65,EMDE: Infrastructure investment,Effective labor (N<sub>t</sub>),-0.442
66,EMDE: Infrastructure investment,Effective labor (N<sub>t</sub>),-0.45
67,EMDE: Infrastructure investment,Effective labor (N<sub>t</sub>),-0.459
68,EMDE: Infrastructure investment,Effective labor (N<sub>t</sub>),-0.467
69,EMDE: Infrastructure investment,Effective labor (N<sub>t</sub>),-0.475
70,EMDE: Infrastructure investment,Effective labor (N<sub>t</sub>),-0.483
71,EMDE: Infrastructure investment,Effective labor (N<sub>t</sub>),-0.491
72,EMDE: Infrastructure investment,Effective labor (N<sub>t</sub>),-0.499
73,EMDE: Infrastructure investment,Effective labor (N<sub>t</sub>),-0.507
74,EMDE: Infrastructure investment,Effective labor (N<sub>t</sub>),-0.515
75,EMDE: Infrastructure investment,Effective labor (N<sub>t</sub>),-0.522
76,EMDE: Infrastructure investment,Effective labor (N<sub>t</sub>),-0.529
77,EMDE: Infrastructure investment,Effective labor (N<sub>t</sub>),-0.537
78,EMDE: Infrastructure investment,Effective labor (N<sub>t</sub>),-0.544
79,EMDE: Infrastructure investment,Effective labor (N<sub>t</sub>),-0.55
80,EMDE: Infrastructure investment,Effective labor (N<sub>t</sub>),-0.557
81,EMDE: Infrastructure investment,Effective labor (N<sub>t</sub>),-0.563
82,EMDE: Infrastructure investment,Effective labor (N<sub>t</sub>),-0.57
83,EMDE: Infrastructure investment,Effective labor (N<sub>t</sub>),-0.576
84,EMDE: Infrastructure investment,Effective labor (N<sub>t</sub>),-0.582
85,EMDE: Infrastructure investment,Effective labor (N<sub>t</sub>),-0.587
86,EMDE: Infrastructure investment,Effective labor (N<sub>t</sub>),-0.593
87,EMDE: Infrastructure investment,Effective labor (N<sub>t</sub>),-0.598
88,EMDE: Infrastructure investment,Effective labor (N<sub>t</sub>),-0.603
89,EMDE: Infrastructure investment,Effective labor (N<sub>t</sub>),-0.607
90,EMDE: Infrastructure investment,Effective labor (N<sub>t</sub>),-0.612
91,EMDE: Infrastructure investment,Effective labor (N<sub>t</sub>),-0.615
92,EMDE: Infrastructure investment,Effective labor (N<sub>t</sub>),-0.619
93,EMDE: Infrastructure investment,Effective labor (N<sub>t</sub>),-0.622
94,EMDE: Infrastructure investment,Effective labor (N<sub>t</sub>),-0.625
95,EMDE: Infrastructure investment,Effective labor (N<sub>t</sub>),-0.627
96,EMDE: Infrastructure investment,Effective labor (N<sub>t</sub>),-0.629
97,EMDE: Infrastructure investment,Effective labor (N<sub>t</sub>),-0.631
98,EMDE: Infrastructure investment,Effective labor (N<sub>t</sub>),-0.632
99,EMDE: Infrastructure investment,Effective labor (N<sub>t</sub>),-0.632
100,EMDE: Infrastructure investment,Effective labor (N<sub>t</sub>),-0.632
1,EMDE: Human capital investment,Effective labor (N<sub>t</sub>),2.702
2,EMDE: Human capital investment,Effective labor (N<sub>t</sub>),1.351
3,EMDE: Human capital investment,Effective labor (N<sub>t</sub>),1.184
4,EMDE: Human capital investment,Effective labor (N<sub>t</sub>),1.002
5,EMDE: Human capital investment,Effective labor (N<sub>t</sub>),0.837
6,EMDE: Human capital investment,Effective labor (N<sub>t</sub>),0.695
7,EMDE: Human capital investment,Effective labor (N<sub>t</sub>),0.577
8,EMDE: Human capital investment,Effective labor (N<sub>t</sub>),0.483
9,EMDE: Human capital investment,Effective labor (N<sub>t</sub>),0.41
10,EMDE: Human capital investment,Effective labor (N<sub>t</sub>),0.356
11,EMDE: Human capital investment,Effective labor (N<sub>t</sub>),0.321
12,EMDE: Human capital investment,Effective labor (N<sub>t</sub>),0.302
13,EMDE: Human capital investment,Effective labor (N<sub>t</sub>),0.297
14,EMDE: Human capital investment,Effective labor (N<sub>t</sub>),0.307
15,EMDE: Human capital investment,Effective labor (N<sub>t</sub>),0.328
16,EMDE: Human capital investment,Effective labor (N<sub>t</sub>),0.361
17,EMDE: Human capital investment,Effective labor (N<sub>t</sub>),0.405
18,EMDE: Human capital investment,Effective labor (N<sub>t</sub>),0.457
19,EMDE: Human capital investment,Effective labor (N<sub>t</sub>),0.518
20,EMDE: Human capital investment,Effective labor (N<sub>t</sub>),0.586
21,EMDE: Human capital investment,Effective labor (N<sub>t</sub>),0.661
22,EMDE: Human capital investment,Effective labor (N<sub>t</sub>),0.743
23,EMDE: Human capital investment,Effective labor (N<sub>t</sub>),0.83
24,EMDE: Human capital investment,Effective labor (N<sub>t</sub>),0.922
25,EMDE: Human capital investment,Effective labor (N<sub>t</sub>),1.018
26,EMDE: Human capital investment,Effective labor (N<sub>t</sub>),1.118
27,EMDE: Human capital investment,Effective labor (N<sub>t</sub>),1.222
28,EMDE: Human capital investment,Effective labor (N<sub>t</sub>),1.329
29,EMDE: Human capital investment,Effective labor (N<sub>t</sub>),1.439
30,EMDE: Human capital investment,Effective labor (N<sub>t</sub>),1.551
31,EMDE: Human capital investment,Effective labor (N<sub>t</sub>),1.665
32,EMDE: Human capital investment,Effective labor (N<sub>t</sub>),1.781
33,EMDE: Human capital investment,Effective labor (N<sub>t</sub>),1.898
34,EMDE: Human capital investment,Effective labor (N<sub>t</sub>),2.017
35,EMDE: Human capital investment,Effective labor (N<sub>t</sub>),2.136
36,EMDE: Human capital investment,Effective labor (N<sub>t</sub>),2.257
37,EMDE: Human capital investment,Effective labor (N<sub>t</sub>),2.378
38,EMDE: Human capital investment,Effective labor (N<sub>t</sub>),2.5
39,EMDE: Human capital investment,Effective labor (N<sub>t</sub>),2.622
40,EMDE: Human capital investment,Effective labor (N<sub>t</sub>),2.744
41,EMDE: Human capital investment,Effective labor (N<sub>t</sub>),2.866
42,EMDE: Human capital investment,Effective labor (N<sub>t</sub>),2.989
43,EMDE: Human capital investment,Effective labor (N<sub>t</sub>),3.111
44,EMDE: Human capital investment,Effective labor (N<sub>t</sub>),3.233
45,EMDE: Human capital investment,Effective labor (N<sub>t</sub>),3.354
46,EMDE: Human capital investment,Effective labor (N<sub>t</sub>),3.475
47,EMDE: Human capital investment,Effective labor (N<sub>t</sub>),3.596
48,EMDE: Human capital investment,Effective labor (N<sub>t</sub>),3.716
49,EMDE: Human capital investment,Effective labor (N<sub>t</sub>),3.836
50,EMDE: Human capital investment,Effective labor (N<sub>t</sub>),3.955
51,EMDE: Human capital investment,Effective labor (N<sub>t</sub>),4.073
52,EMDE: Human capital investment,Effective labor (N<sub>t</sub>),4.191
53,EMDE: Human capital investment,Effective labor (N<sub>t</sub>),4.308
54,EMDE: Human capital investment,Effective labor (N<sub>t</sub>),4.424
55,EMDE: Human capital investment,Effective labor (N<sub>t</sub>),4.539
56,EMDE: Human capital investment,Effective labor (N<sub>t</sub>),4.653
57,EMDE: Human capital investment,Effective labor (N<sub>t</sub>),4.767
58,EMDE: Human capital investment,Effective labor (N<sub>t</sub>),4.879
59,EMDE: Human capital investment,Effective labor (N<sub>t</sub>),4.991
60,EMDE: Human capital investment,Effective labor (N<sub>t</sub>),5.102
61,EMDE: Human capital investment,Effective labor (N<sub>t</sub>),5.212
62,EMDE: Human capital investment,Effective labor (N<sub>t</sub>),5.321
63,EMDE: Human capital investment,Effective labor (N<sub>t</sub>),5.429
64,EMDE: Human capital investment,Effective labor (N<sub>t</sub>),5.536
65,EMDE: Human capital investment,Effective labor (N<sub>t</sub>),5.642
66,EMDE: Human capital investment,Effective labor (N<sub>t</sub>),5.747
67,EMDE: Human capital investment,Effective labor (N<sub>t</sub>),5.852
68,EMDE: Human capital investment,Effective labor (N<sub>t</sub>),5.955
69,EMDE: Human capital investment,Effective labor (N<sub>t</sub>),6.058
70,EMDE: Human capital investment,Effective labor (N<sub>t</sub>),6.159
71,EMDE: Human capital investment,Effective labor (N<sub>t</sub>),6.26
72,EMDE: Human capital investment,Effective labor (N<sub>t</sub>),6.36
73,EMDE: Human capital investment,Effective labor (N<sub>t</sub>),6.459
74,EMDE: Human capital investment,Effective labor (N<sub>t</sub>),6.557
75,EMDE: Human capital investment,Effective labor (N<sub>t</sub>),6.654
76,EMDE: Human capital investment,Effective labor (N<sub>t</sub>),6.75
77,EMDE: Human capital investment,Effective labor (N<sub>t</sub>),6.845
78,EMDE: Human capital investment,Effective labor (N<sub>t</sub>),6.939
79,EMDE: Human capital investment,Effective labor (N<sub>t</sub>),7.033
80,EMDE: Human capital investment,Effective labor (N<sub>t</sub>),7.126
81,EMDE: Human capital investment,Effective labor (N<sub>t</sub>),7.217
82,EMDE: Human capital investment,Effective labor (N<sub>t</sub>),7.308
83,EMDE: Human capital investment,Effective labor (N<sub>t</sub>),7.398
84,EMDE: Human capital investment,Effective labor (N<sub>t</sub>),7.488
85,EMDE: Human capital investment,Effective labor (N<sub>t</sub>),7.576
86,EMDE: Human capital investment,Effective labor (N<sub>t</sub>),7.664
87,EMDE: Human capital investment,Effective labor (N<sub>t</sub>),7.751
88,EMDE: Human capital investment,Effective labor (N<sub>t</sub>),7.837
89,EMDE: Human capital investment,Effective labor (N<sub>t</sub>),7.922
90,EMDE: Human capital investment,Effective labor (N<sub>t</sub>),8.006
91,EMDE: Human capital investment,Effective labor (N<sub>t</sub>),8.09
92,EMDE: Human capital investment,Effective labor (N<sub>t</sub>),8.173
93,EMDE: Human capital investment,Effective labor (N<sub>t</sub>),8.255
94,EMDE: Human capital investment,Effective labor (N<sub>t</sub>),8.336
95,EMDE: Human capital investment,Effective labor (N<sub>t</sub>),8.417
96,EMDE: Human capital investment,Effective labor (N<sub>t</sub>),8.497
97,EMDE: Human capital investment,Effective labor (N<sub>t</sub>),8.576
98,EMDE: Human capital investment,Effective labor (N<sub>t</sub>),8.654
99,EMDE: Human capital investment,Effective labor (N<sub>t</sub>),8.732
100,EMDE: Human capital investment,Effective labor (N<sub>t</sub>),8.808
1,EMDE: Infrastructure investment,Education time (E<sub>t</sub>),-2.344
2,EMDE: Infrastructure investment,Education time (E<sub>t</sub>),0.12
3,EMDE: Infrastructure investment,Education time (E<sub>t</sub>),-0.007
4,EMDE: Infrastructure investment,Education time (E<sub>t</sub>),-0.094
5,EMDE: Infrastructure investment,Education time (E<sub>t</sub>),-0.164
6,EMDE: Infrastructure investment,Education time (E<sub>t</sub>),-0.225
7,EMDE: Infrastructure investment,Education time (E<sub>t</sub>),-0.281
8,EMDE: Infrastructure investment,Education time (E<sub>t</sub>),-0.332
9,EMDE: Infrastructure investment,Education time (E<sub>t</sub>),-0.379
10,EMDE: Infrastructure investment,Education time (E<sub>t</sub>),-0.422
11,EMDE: Infrastructure investment,Education time (E<sub>t</sub>),-0.461
12,EMDE: Infrastructure investment,Education time (E<sub>t</sub>),-0.497
13,EMDE: Infrastructure investment,Education time (E<sub>t</sub>),-0.531
14,EMDE: Infrastructure investment,Education time (E<sub>t</sub>),-0.561
15,EMDE: Infrastructure investment,Education time (E<sub>t</sub>),-0.589
16,EMDE: Infrastructure investment,Education time (E<sub>t</sub>),-0.614
17,EMDE: Infrastructure investment,Education time (E<sub>t</sub>),-0.638
18,EMDE: Infrastructure investment,Education time (E<sub>t</sub>),-0.659
19,EMDE: Infrastructure investment,Education time (E<sub>t</sub>),-0.678
20,EMDE: Infrastructure investment,Education time (E<sub>t</sub>),-0.696
21,EMDE: Infrastructure investment,Education time (E<sub>t</sub>),-0.712
22,EMDE: Infrastructure investment,Education time (E<sub>t</sub>),-0.726
23,EMDE: Infrastructure investment,Education time (E<sub>t</sub>),-0.739
24,EMDE: Infrastructure investment,Education time (E<sub>t</sub>),-0.751
25,EMDE: Infrastructure investment,Education time (E<sub>t</sub>),-0.762
26,EMDE: Infrastructure investment,Education time (E<sub>t</sub>),-0.772
27,EMDE: Infrastructure investment,Education time (E<sub>t</sub>),-0.78
28,EMDE: Infrastructure investment,Education time (E<sub>t</sub>),-0.788
29,EMDE: Infrastructure investment,Education time (E<sub>t</sub>),-0.794
30,EMDE: Infrastructure investment,Education time (E<sub>t</sub>),-0.8
31,EMDE: Infrastructure investment,Education time (E<sub>t</sub>),-0.806
32,EMDE: Infrastructure investment,Education time (E<sub>t</sub>),-0.81
33,EMDE: Infrastructure investment,Education time (E<sub>t</sub>),-0.814
34,EMDE: Infrastructure investment,Education time (E<sub>t</sub>),-0.817
35,EMDE: Infrastructure investment,Education time (E<sub>t</sub>),-0.82
36,EMDE: Infrastructure investment,Education time (E<sub>t</sub>),-0.822
37,EMDE: Infrastructure investment,Education time (E<sub>t</sub>),-0.824
38,EMDE: Infrastructure investment,Education time (E<sub>t</sub>),-0.826
39,EMDE: Infrastructure investment,Education time (E<sub>t</sub>),-0.827
40,EMDE: Infrastructure investment,Education time (E<sub>t</sub>),-0.827
41,EMDE: Infrastructure investment,Education time (E<sub>t</sub>),-0.828
42,EMDE: Infrastructure investment,Education time (E<sub>t</sub>),-0.828
43,EMDE: Infrastructure investment,Education time (E<sub>t</sub>),-0.827
44,EMDE: Infrastructure investment,Education time (E<sub>t</sub>),-0.827
45,EMDE: Infrastructure investment,Education time (E<sub>t</sub>),-0.826
46,EMDE: Infrastructure investment,Education time (E<sub>t</sub>),-0.825
47,EMDE: Infrastructure investment,Education time (E<sub>t</sub>),-0.824
48,EMDE: Infrastructure investment,Education time (E<sub>t</sub>),-0.822
49,EMDE: Infrastructure investment,Education time (E<sub>t</sub>),-0.821
50,EMDE: Infrastructure investment,Education time (E<sub>t</sub>),-0.819
51,EMDE: Infrastructure investment,Education time (E<sub>t</sub>),-0.817
52,EMDE: Infrastructure investment,Education time (E<sub>t</sub>),-0.815
53,EMDE: Infrastructure investment,Education time (E<sub>t</sub>),-0.812
54,EMDE: Infrastructure investment,Education time (E<sub>t</sub>),-0.81
55,EMDE: Infrastructure investment,Education time (E<sub>t</sub>),-0.807
56,EMDE: Infrastructure investment,Education time (E<sub>t</sub>),-0.805
57,EMDE: Infrastructure investment,Education time (E<sub>t</sub>),-0.802
58,EMDE: Infrastructure investment,Education time (E<sub>t</sub>),-0.799
59,EMDE: Infrastructure investment,Education time (E<sub>t</sub>),-0.796
60,EMDE: Infrastructure investment,Education time (E<sub>t</sub>),-0.793
61,EMDE: Infrastructure investment,Education time (E<sub>t</sub>),-0.79
62,EMDE: Infrastructure investment,Education time (E<sub>t</sub>),-0.786
63,EMDE: Infrastructure investment,Education time (E<sub>t</sub>),-0.783
64,EMDE: Infrastructure investment,Education time (E<sub>t</sub>),-0.779
65,EMDE: Infrastructure investment,Education time (E<sub>t</sub>),-0.776
66,EMDE: Infrastructure investment,Education time (E<sub>t</sub>),-0.772
67,EMDE: Infrastructure investment,Education time (E<sub>t</sub>),-0.769
68,EMDE: Infrastructure investment,Education time (E<sub>t</sub>),-0.765
69,EMDE: Infrastructure investment,Education time (E<sub>t</sub>),-0.761
70,EMDE: Infrastructure investment,Education time (E<sub>t</sub>),-0.758
71,EMDE: Infrastructure investment,Education time (E<sub>t</sub>),-0.754
72,EMDE: Infrastructure investment,Education time (E<sub>t</sub>),-0.75
73,EMDE: Infrastructure investment,Education time (E<sub>t</sub>),-0.746
74,EMDE: Infrastructure investment,Education time (E<sub>t</sub>),-0.742
75,EMDE: Infrastructure investment,Education time (E<sub>t</sub>),-0.739
76,EMDE: Infrastructure investment,Education time (E<sub>t</sub>),-0.735
77,EMDE: Infrastructure investment,Education time (E<sub>t</sub>),-0.731
78,EMDE: Infrastructure investment,Education time (E<sub>t</sub>),-0.727
79,EMDE: Infrastructure investment,Education time (E<sub>t</sub>),-0.724
80,EMDE: Infrastructure investment,Education time (E<sub>t</sub>),-0.72
81,EMDE: Infrastructure investment,Education time (E<sub>t</sub>),-0.717
82,EMDE: Infrastructure investment,Education time (E<sub>t</sub>),-0.713
83,EMDE: Infrastructure investment,Education time (E<sub>t</sub>),-0.71
84,EMDE: Infrastructure investment,Education time (E<sub>t</sub>),-0.707
85,EMDE: Infrastructure investment,Education time (E<sub>t</sub>),-0.705
86,EMDE: Infrastructure investment,Education time (E<sub>t</sub>),-0.702
87,EMDE: Infrastructure investment,Education time (E<sub>t</sub>),-0.7
88,EMDE: Infrastructure investment,Education time (E<sub>t</sub>),-0.698
89,EMDE: Infrastructure investment,Education time (E<sub>t</sub>),-0.696
90,EMDE: Infrastructure investment,Education time (E<sub>t</sub>),-0.695
91,EMDE: Infrastructure investment,Education time (E<sub>t</sub>),-0.694
92,EMDE: Infrastructure investment,Education time (E<sub>t</sub>),-0.694
93,EMDE: Infrastructure investment,Education time (E<sub>t</sub>),-0.694
94,EMDE: Infrastructure investment,Education time (E<sub>t</sub>),-0.695
95,EMDE: Infrastructure investment,Education time (E<sub>t</sub>),-0.697
96,EMDE: Infrastructure investment,Education time (E<sub>t</sub>),-0.699
97,EMDE: Infrastructure investment,Education time (E<sub>t</sub>),-0.703
98,EMDE: Infrastructure investment,Education time (E<sub>t</sub>),-0.707
99,EMDE: Infrastructure investment,Education time (E<sub>t</sub>),-0.712
100,EMDE: Infrastructure investment,Education time (E<sub>t</sub>),-0.717
1,EMDE: Human capital investment,Education time (E<sub>t</sub>),-6.208
2,EMDE: Human capital investment,Education time (E<sub>t</sub>),-4.057
3,EMDE: Human capital investment,Education time (E<sub>t</sub>),-3.742
4,EMDE: Human capital investment,Education time (E<sub>t</sub>),-3.388
5,EMDE: Human capital investment,Education time (E<sub>t</sub>),-3.045
6,EMDE: Human capital investment,Education time (E<sub>t</sub>),-2.726
7,EMDE: Human capital investment,Education time (E<sub>t</sub>),-2.433
8,EMDE: Human capital investment,Education time (E<sub>t</sub>),-2.165
9,EMDE: Human capital investment,Education time (E<sub>t</sub>),-1.921
10,EMDE: Human capital investment,Education time (E<sub>t</sub>),-1.699
11,EMDE: Human capital investment,Education time (E<sub>t</sub>),-1.497
12,EMDE: Human capital investment,Education time (E<sub>t</sub>),-1.314
13,EMDE: Human capital investment,Education time (E<sub>t</sub>),-1.147
14,EMDE: Human capital investment,Education time (E<sub>t</sub>),-0.997
15,EMDE: Human capital investment,Education time (E<sub>t</sub>),-0.86
16,EMDE: Human capital investment,Education time (E<sub>t</sub>),-0.737
17,EMDE: Human capital investment,Education time (E<sub>t</sub>),-0.626
18,EMDE: Human capital investment,Education time (E<sub>t</sub>),-0.526
19,EMDE: Human capital investment,Education time (E<sub>t</sub>),-0.436
20,EMDE: Human capital investment,Education time (E<sub>t</sub>),-0.355
21,EMDE: Human capital investment,Education time (E<sub>t</sub>),-0.282
22,EMDE: Human capital investment,Education time (E<sub>t</sub>),-0.218
23,EMDE: Human capital investment,Education time (E<sub>t</sub>),-0.16
24,EMDE: Human capital investment,Education time (E<sub>t</sub>),-0.11
25,EMDE: Human capital investment,Education time (E<sub>t</sub>),-0.064
26,EMDE: Human capital investment,Education time (E<sub>t</sub>),-0.025
27,EMDE: Human capital investment,Education time (E<sub>t</sub>),0.01
28,EMDE: Human capital investment,Education time (E<sub>t</sub>),0.04
29,EMDE: Human capital investment,Education time (E<sub>t</sub>),0.066
30,EMDE: Human capital investment,Education time (E<sub>t</sub>),0.089
31,EMDE: Human capital investment,Education time (E<sub>t</sub>),0.108
32,EMDE: Human capital investment,Education time (E<sub>t</sub>),0.123
33,EMDE: Human capital investment,Education time (E<sub>t</sub>),0.137
34,EMDE: Human capital investment,Education time (E<sub>t</sub>),0.147
35,EMDE: Human capital investment,Education time (E<sub>t</sub>),0.156
36,EMDE: Human capital investment,Education time (E<sub>t</sub>),0.162
37,EMDE: Human capital investment,Education time (E<sub>t</sub>),0.167
38,EMDE: Human capital investment,Education time (E<sub>t</sub>),0.17
39,EMDE: Human capital investment,Education time (E<sub>t</sub>),0.171
40,EMDE: Human capital investment,Education time (E<sub>t</sub>),0.171
41,EMDE: Human capital investment,Education time (E<sub>t</sub>),0.17
42,EMDE: Human capital investment,Education time (E<sub>t</sub>),0.168
43,EMDE: Human capital investment,Education time (E<sub>t</sub>),0.165
44,EMDE: Human capital investment,Education time (E<sub>t</sub>),0.161
45,EMDE: Human capital investment,Education time (E<sub>t</sub>),0.156
46,EMDE: Human capital investment,Education time (E<sub>t</sub>),0.151
47,EMDE: Human capital investment,Education time (E<sub>t</sub>),0.145
48,EMDE: Human capital investment,Education time (E<sub>t</sub>),0.139
49,EMDE: Human capital investment,Education time (E<sub>t</sub>),0.133
50,EMDE: Human capital investment,Education time (E<sub>t</sub>),0.126
51,EMDE: Human capital investment,Education time (E<sub>t</sub>),0.119
52,EMDE: Human capital investment,Education time (E<sub>t</sub>),0.112
53,EMDE: Human capital investment,Education time (E<sub>t</sub>),0.104
54,EMDE: Human capital investment,Education time (E<sub>t</sub>),0.097
55,EMDE: Human capital investment,Education time (E<sub>t</sub>),0.089
56,EMDE: Human capital investment,Education time (E<sub>t</sub>),0.082
57,EMDE: Human capital investment,Education time (E<sub>t</sub>),0.074
58,EMDE: Human capital investment,Education time (E<sub>t</sub>),0.067
59,EMDE: Human capital investment,Education time (E<sub>t</sub>),0.06
60,EMDE: Human capital investment,Education time (E<sub>t</sub>),0.052
61,EMDE: Human capital investment,Education time (E<sub>t</sub>),0.045
62,EMDE: Human capital investment,Education time (E<sub>t</sub>),0.038
63,EMDE: Human capital investment,Education time (E<sub>t</sub>),0.032
64,EMDE: Human capital investment,Education time (E<sub>t</sub>),0.025
65,EMDE: Human capital investment,Education time (E<sub>t</sub>),0.019
66,EMDE: Human capital investment,Education time (E<sub>t</sub>),0.013
67,EMDE: Human capital investment,Education time (E<sub>t</sub>),0.007
68,EMDE: Human capital investment,Education time (E<sub>t</sub>),0.002
69,EMDE: Human capital investment,Education time (E<sub>t</sub>),-0.003
70,EMDE: Human capital investment,Education time (E<sub>t</sub>),-0.008
71,EMDE: Human capital investment,Education time (E<sub>t</sub>),-0.013
72,EMDE: Human capital investment,Education time (E<sub>t</sub>),-0.017
73,EMDE: Human capital investment,Education time (E<sub>t</sub>),-0.021
74,EMDE: Human capital investment,Education time (E<sub>t</sub>),-0.024
75,EMDE: Human capital investment,Education time (E<sub>t</sub>),-0.027
76,EMDE: Human capital investment,Education time (E<sub>t</sub>),-0.03
77,EMDE: Human capital investment,Education time (E<sub>t</sub>),-0.032
78,EMDE: Human capital investment,Education time (E<sub>t</sub>),-0.034
79,EMDE: Human capital investment,Education time (E<sub>t</sub>),-0.036
80,EMDE: Human capital investment,Education time (E<sub>t</sub>),-0.037
81,EMDE: Human capital investment,Education time (E<sub>t</sub>),-0.037
82,EMDE: Human capital investment,Education time (E<sub>t</sub>),-0.037
83,EMDE: Human capital investment,Education time (E<sub>t</sub>),-0.037
84,EMDE: Human capital investment,Education time (E<sub>t</sub>),-0.036
85,EMDE: Human capital investment,Education time (E<sub>t</sub>),-0.035
86,EMDE: Human capital investment,Education time (E<sub>t</sub>),-0.033
87,EMDE: Human capital investment,Education time (E<sub>t</sub>),-0.031
88,EMDE: Human capital investment,Education time (E<sub>t</sub>),-0.028
89,EMDE: Human capital investment,Education time (E<sub>t</sub>),-0.024
90,EMDE: Human capital investment,Education time (E<sub>t</sub>),-0.02
91,EMDE: Human capital investment,Education time (E<sub>t</sub>),-0.016
92,EMDE: Human capital investment,Education time (E<sub>t</sub>),-0.011
93,EMDE: Human capital investment,Education time (E<sub>t</sub>),-0.005
94,EMDE: Human capital investment,Education time (E<sub>t</sub>),0.001
95,EMDE: Human capital investment,Education time (E<sub>t</sub>),0.008
96,EMDE: Human capital investment,Education time (E<sub>t</sub>),0.016
97,EMDE: Human capital investment,Education time (E<sub>t</sub>),0.025
98,EMDE: Human capital investment,Education time (E<sub>t</sub>),0.034
99,EMDE: Human capital investment,Education time (E<sub>t</sub>),0.043
100,EMDE: Human capital investment,Education time (E<sub>t</sub>),0.054
1,EMDE: Infrastructure investment,Real marginal cost (mc<sub>t</sub>),1.677
2,EMDE: Infrastructure investment,Real marginal cost (mc<sub>t</sub>),-0.124
3,EMDE: Infrastructure investment,Real marginal cost (mc<sub>t</sub>),-0.083
4,EMDE: Infrastructure investment,Real marginal cost (mc<sub>t</sub>),-0.066
5,EMDE: Infrastructure investment,Real marginal cost (mc<sub>t</sub>),-0.058
6,EMDE: Infrastructure investment,Real marginal cost (mc<sub>t</sub>),-0.052
7,EMDE: Infrastructure investment,Real marginal cost (mc<sub>t</sub>),-0.048
8,EMDE: Infrastructure investment,Real marginal cost (mc<sub>t</sub>),-0.044
9,EMDE: Infrastructure investment,Real marginal cost (mc<sub>t</sub>),-0.04
10,EMDE: Infrastructure investment,Real marginal cost (mc<sub>t</sub>),-0.037
11,EMDE: Infrastructure investment,Real marginal cost (mc<sub>t</sub>),-0.033
12,EMDE: Infrastructure investment,Real marginal cost (mc<sub>t</sub>),-0.03
13,EMDE: Infrastructure investment,Real marginal cost (mc<sub>t</sub>),-0.028
14,EMDE: Infrastructure investment,Real marginal cost (mc<sub>t</sub>),-0.025
15,EMDE: Infrastructure investment,Real marginal cost (mc<sub>t</sub>),-0.023
16,EMDE: Infrastructure investment,Real marginal cost (mc<sub>t</sub>),-0.021
17,EMDE: Infrastructure investment,Real marginal cost (mc<sub>t</sub>),-0.019
18,EMDE: Infrastructure investment,Real marginal cost (mc<sub>t</sub>),-0.017
19,EMDE: Infrastructure investment,Real marginal cost (mc<sub>t</sub>),-0.015
20,EMDE: Infrastructure investment,Real marginal cost (mc<sub>t</sub>),-0.013
21,EMDE: Infrastructure investment,Real marginal cost (mc<sub>t</sub>),-0.012
22,EMDE: Infrastructure investment,Real marginal cost (mc<sub>t</sub>),-0.01
23,EMDE: Infrastructure investment,Real marginal cost (mc<sub>t</sub>),-0.009
24,EMDE: Infrastructure investment,Real marginal cost (mc<sub>t</sub>),-0.008
25,EMDE: Infrastructure investment,Real marginal cost (mc<sub>t</sub>),-0.007
26,EMDE: Infrastructure investment,Real marginal cost (mc<sub>t</sub>),-0.006
27,EMDE: Infrastructure investment,Real marginal cost (mc<sub>t</sub>),-0.005
28,EMDE: Infrastructure investment,Real marginal cost (mc<sub>t</sub>),-0.004
29,EMDE: Infrastructure investment,Real marginal cost (mc<sub>t</sub>),-0.003
30,EMDE: Infrastructure investment,Real marginal cost (mc<sub>t</sub>),-0.002
31,EMDE: Infrastructure investment,Real marginal cost (mc<sub>t</sub>),-0.002
32,EMDE: Infrastructure investment,Real marginal cost (mc<sub>t</sub>),-0.001
33,EMDE: Infrastructure investment,Real marginal cost (mc<sub>t</sub>),-0.0
34,EMDE: Infrastructure investment,Real marginal cost (mc<sub>t</sub>),0.0
35,EMDE: Infrastructure investment,Real marginal cost (mc<sub>t</sub>),0.001
36,EMDE: Infrastructure investment,Real marginal cost (mc<sub>t</sub>),0.001
37,EMDE: Infrastructure investment,Real marginal cost (mc<sub>t</sub>),0.002
38,EMDE: Infrastructure investment,Real marginal cost (mc<sub>t</sub>),0.002
39,EMDE: Infrastructure investment,Real marginal cost (mc<sub>t</sub>),0.002
40,EMDE: Infrastructure investment,Real marginal cost (mc<sub>t</sub>),0.003
41,EMDE: Infrastructure investment,Real marginal cost (mc<sub>t</sub>),0.003
42,EMDE: Infrastructure investment,Real marginal cost (mc<sub>t</sub>),0.003
43,EMDE: Infrastructure investment,Real marginal cost (mc<sub>t</sub>),0.004
44,EMDE: Infrastructure investment,Real marginal cost (mc<sub>t</sub>),0.004
45,EMDE: Infrastructure investment,Real marginal cost (mc<sub>t</sub>),0.004
46,EMDE: Infrastructure investment,Real marginal cost (mc<sub>t</sub>),0.004
47,EMDE: Infrastructure investment,Real marginal cost (mc<sub>t</sub>),0.004
48,EMDE: Infrastructure investment,Real marginal cost (mc<sub>t</sub>),0.005
49,EMDE: Infrastructure investment,Real marginal cost (mc<sub>t</sub>),0.005
50,EMDE: Infrastructure investment,Real marginal cost (mc<sub>t</sub>),0.005
51,EMDE: Infrastructure investment,Real marginal cost (mc<sub>t</sub>),0.005
52,EMDE: Infrastructure investment,Real marginal cost (mc<sub>t</sub>),0.005
53,EMDE: Infrastructure investment,Real marginal cost (mc<sub>t</sub>),0.005
54,EMDE: Infrastructure investment,Real marginal cost (mc<sub>t</sub>),0.005
55,EMDE: Infrastructure investment,Real marginal cost (mc<sub>t</sub>),0.006
56,EMDE: Infrastructure investment,Real marginal cost (mc<sub>t</sub>),0.006
57,EMDE: Infrastructure investment,Real marginal cost (mc<sub>t</sub>),0.006
58,EMDE: Infrastructure investment,Real marginal cost (mc<sub>t</sub>),0.006
59,EMDE: Infrastructure investment,Real marginal cost (mc<sub>t</sub>),0.006
60,EMDE: Infrastructure investment,Real marginal cost (mc<sub>t</sub>),0.006
61,EMDE: Infrastructure investment,Real marginal cost (mc<sub>t</sub>),0.006
62,EMDE: Infrastructure investment,Real marginal cost (mc<sub>t</sub>),0.006
63,EMDE: Infrastructure investment,Real marginal cost (mc<sub>t</sub>),0.006
64,EMDE: Infrastructure investment,Real marginal cost (mc<sub>t</sub>),0.007
65,EMDE: Infrastructure investment,Real marginal cost (mc<sub>t</sub>),0.007
66,EMDE: Infrastructure investment,Real marginal cost (mc<sub>t</sub>),0.007
67,EMDE: Infrastructure investment,Real marginal cost (mc<sub>t</sub>),0.007
68,EMDE: Infrastructure investment,Real marginal cost (mc<sub>t</sub>),0.007
69,EMDE: Infrastructure investment,Real marginal cost (mc<sub>t</sub>),0.007
70,EMDE: Infrastructure investment,Real marginal cost (mc<sub>t</sub>),0.007
71,EMDE: Infrastructure investment,Real marginal cost (mc<sub>t</sub>),0.007
72,EMDE: Infrastructure investment,Real marginal cost (mc<sub>t</sub>),0.008
73,EMDE: Infrastructure investment,Real marginal cost (mc<sub>t</sub>),0.008
74,EMDE: Infrastructure investment,Real marginal cost (mc<sub>t</sub>),0.008
75,EMDE: Infrastructure investment,Real marginal cost (mc<sub>t</sub>),0.008
76,EMDE: Infrastructure investment,Real marginal cost (mc<sub>t</sub>),0.008
77,EMDE: Infrastructure investment,Real marginal cost (mc<sub>t</sub>),0.008
78,EMDE: Infrastructure investment,Real marginal cost (mc<sub>t</sub>),0.009
79,EMDE: Infrastructure investment,Real marginal cost (mc<sub>t</sub>),0.009
80,EMDE: Infrastructure investment,Real marginal cost (mc<sub>t</sub>),0.009
81,EMDE: Infrastructure investment,Real marginal cost (mc<sub>t</sub>),0.01
82,EMDE: Infrastructure investment,Real marginal cost (mc<sub>t</sub>),0.01
83,EMDE: Infrastructure investment,Real marginal cost (mc<sub>t</sub>),0.01
84,EMDE: Infrastructure investment,Real marginal cost (mc<sub>t</sub>),0.011
85,EMDE: Infrastructure investment,Real marginal cost (mc<sub>t</sub>),0.011
86,EMDE: Infrastructure investment,Real marginal cost (mc<sub>t</sub>),0.011
87,EMDE: Infrastructure investment,Real marginal cost (mc<sub>t</sub>),0.012
88,EMDE: Infrastructure investment,Real marginal cost (mc<sub>t</sub>),0.013
89,EMDE: Infrastructure investment,Real marginal cost (mc<sub>t</sub>),0.013
90,EMDE: Infrastructure investment,Real marginal cost (mc<sub>t</sub>),0.014
91,EMDE: Infrastructure investment,Real marginal cost (mc<sub>t</sub>),0.014
92,EMDE: Infrastructure investment,Real marginal cost (mc<sub>t</sub>),0.015
93,EMDE: Infrastructure investment,Real marginal cost (mc<sub>t</sub>),0.016
94,EMDE: Infrastructure investment,Real marginal cost (mc<sub>t</sub>),0.017
95,EMDE: Infrastructure investment,Real marginal cost (mc<sub>t</sub>),0.018
96,EMDE: Infrastructure investment,Real marginal cost (mc<sub>t</sub>),0.019
97,EMDE: Infrastructure investment,Real marginal cost (mc<sub>t</sub>),0.02
98,EMDE: Infrastructure investment,Real marginal cost (mc<sub>t</sub>),0.021
99,EMDE: Infrastructure investment,Real marginal cost (mc<sub>t</sub>),0.022
100,EMDE: Infrastructure investment,Real marginal cost (mc<sub>t</sub>),0.022
1,EMDE: Human capital investment,Real marginal cost (mc<sub>t</sub>),1.09
2,EMDE: Human capital investment,Real marginal cost (mc<sub>t</sub>),-0.146
3,EMDE: Human capital investment,Real marginal cost (mc<sub>t</sub>),-0.075
4,EMDE: Human capital investment,Real marginal cost (mc<sub>t</sub>),-0.056
5,EMDE: Human capital investment,Real marginal cost (mc<sub>t</sub>),-0.053
6,EMDE: Human capital investment,Real marginal cost (mc<sub>t</sub>),-0.054
7,EMDE: Human capital investment,Real marginal cost (mc<sub>t</sub>),-0.057
8,EMDE: Human capital investment,Real marginal cost (mc<sub>t</sub>),-0.059
9,EMDE: Human capital investment,Real marginal cost (mc<sub>t</sub>),-0.06
10,EMDE: Human capital investment,Real marginal cost (mc<sub>t</sub>),-0.062
11,EMDE: Human capital investment,Real marginal cost (mc<sub>t</sub>),-0.062
12,EMDE: Human capital investment,Real marginal cost (mc<sub>t</sub>),-0.063
13,EMDE: Human capital investment,Real marginal cost (mc<sub>t</sub>),-0.063
14,EMDE: Human capital investment,Real marginal cost (mc<sub>t</sub>),-0.063
15,EMDE: Human capital investment,Real marginal cost (mc<sub>t</sub>),-0.063
16,EMDE: Human capital investment,Real marginal cost (mc<sub>t</sub>),-0.062
17,EMDE: Human capital investment,Real marginal cost (mc<sub>t</sub>),-0.061
18,EMDE: Human capital investment,Real marginal cost (mc<sub>t</sub>),-0.06
19,EMDE: Human capital investment,Real marginal cost (mc<sub>t</sub>),-0.059
20,EMDE: Human capital investment,Real marginal cost (mc<sub>t</sub>),-0.057
21,EMDE: Human capital investment,Real marginal cost (mc<sub>t</sub>),-0.056
22,EMDE: Human capital investment,Real marginal cost (mc<sub>t</sub>),-0.054
23,EMDE: Human capital investment,Real marginal cost (mc<sub>t</sub>),-0.053
24,EMDE: Human capital investment,Real marginal cost (mc<sub>t</sub>),-0.051
25,EMDE: Human capital investment,Real marginal cost (mc<sub>t</sub>),-0.049
26,EMDE: Human capital investment,Real marginal cost (mc<sub>t</sub>),-0.047
27,EMDE: Human capital investment,Real marginal cost (mc<sub>t</sub>),-0.046
28,EMDE: Human capital investment,Real marginal cost (mc<sub>t</sub>),-0.044
29,EMDE: Human capital investment,Real marginal cost (mc<sub>t</sub>),-0.042
30,EMDE: Human capital investment,Real marginal cost (mc<sub>t</sub>),-0.04
31,EMDE: Human capital investment,Real marginal cost (mc<sub>t</sub>),-0.038
32,EMDE: Human capital investment,Real marginal cost (mc<sub>t</sub>),-0.036
33,EMDE: Human capital investment,Real marginal cost (mc<sub>t</sub>),-0.034
34,EMDE: Human capital investment,Real marginal cost (mc<sub>t</sub>),-0.033
35,EMDE: Human capital investment,Real marginal cost (mc<sub>t</sub>),-0.031
36,EMDE: Human capital investment,Real marginal cost (mc<sub>t</sub>),-0.029
37,EMDE: Human capital investment,Real marginal cost (mc<sub>t</sub>),-0.027
38,EMDE: Human capital investment,Real marginal cost (mc<sub>t</sub>),-0.026
39,EMDE: Human capital investment,Real marginal cost (mc<sub>t</sub>),-0.024
40,EMDE: Human capital investment,Real marginal cost (mc<sub>t</sub>),-0.022
41,EMDE: Human capital investment,Real marginal cost (mc<sub>t</sub>),-0.021
42,EMDE: Human capital investment,Real marginal cost (mc<sub>t</sub>),-0.019
43,EMDE: Human capital investment,Real marginal cost (mc<sub>t</sub>),-0.018
44,EMDE: Human capital investment,Real marginal cost (mc<sub>t</sub>),-0.016
45,EMDE: Human capital investment,Real marginal cost (mc<sub>t</sub>),-0.015
46,EMDE: Human capital investment,Real marginal cost (mc<sub>t</sub>),-0.014
47,EMDE: Human capital investment,Real marginal cost (mc<sub>t</sub>),-0.012
48,EMDE: Human capital investment,Real marginal cost (mc<sub>t</sub>),-0.011
49,EMDE: Human capital investment,Real marginal cost (mc<sub>t</sub>),-0.01
50,EMDE: Human capital investment,Real marginal cost (mc<sub>t</sub>),-0.009
51,EMDE: Human capital investment,Real marginal cost (mc<sub>t</sub>),-0.008
52,EMDE: Human capital investment,Real marginal cost (mc<sub>t</sub>),-0.007
53,EMDE: Human capital investment,Real marginal cost (mc<sub>t</sub>),-0.006
54,EMDE: Human capital investment,Real marginal cost (mc<sub>t</sub>),-0.005
55,EMDE: Human capital investment,Real marginal cost (mc<sub>t</sub>),-0.004
56,EMDE: Human capital investment,Real marginal cost (mc<sub>t</sub>),-0.003
57,EMDE: Human capital investment,Real marginal cost (mc<sub>t</sub>),-0.002
58,EMDE: Human capital investment,Real marginal cost (mc<sub>t</sub>),-0.001
59,EMDE: Human capital investment,Real marginal cost (mc<sub>t</sub>),-0.001
60,EMDE: Human capital investment,Real marginal cost (mc<sub>t</sub>),0.0
61,EMDE: Human capital investment,Real marginal cost (mc<sub>t</sub>),0.001
62,EMDE: Human capital investment,Real marginal cost (mc<sub>t</sub>),0.002
63,EMDE: Human capital investment,Real marginal cost (mc<sub>t</sub>),0.002
64,EMDE: Human capital investment,Real marginal cost (mc<sub>t</sub>),0.003
65,EMDE: Human capital investment,Real marginal cost (mc<sub>t</sub>),0.003
66,EMDE: Human capital investment,Real marginal cost (mc<sub>t</sub>),0.004
67,EMDE: Human capital investment,Real marginal cost (mc<sub>t</sub>),0.004
68,EMDE: Human capital investment,Real marginal cost (mc<sub>t</sub>),0.005
69,EMDE: Human capital investment,Real marginal cost (mc<sub>t</sub>),0.005
70,EMDE: Human capital investment,Real marginal cost (mc<sub>t</sub>),0.006
71,EMDE: Human capital investment,Real marginal cost (mc<sub>t</sub>),0.006
72,EMDE: Human capital investment,Real marginal cost (mc<sub>t</sub>),0.006
73,EMDE: Human capital investment,Real marginal cost (mc<sub>t</sub>),0.007
74,EMDE: Human capital investment,Real marginal cost (mc<sub>t</sub>),0.007
75,EMDE: Human capital investment,Real marginal cost (mc<sub>t</sub>),0.007
76,EMDE: Human capital investment,Real marginal cost (mc<sub>t</sub>),0.008
77,EMDE: Human capital investment,Real marginal cost (mc<sub>t</sub>),0.008
78,EMDE: Human capital investment,Real marginal cost (mc<sub>t</sub>),0.008
79,EMDE: Human capital investment,Real marginal cost (mc<sub>t</sub>),0.008
80,EMDE: Human capital investment,Real marginal cost (mc<sub>t</sub>),0.008
81,EMDE: Human capital investment,Real marginal cost (mc<sub>t</sub>),0.009
82,EMDE: Human capital investment,Real marginal cost (mc<sub>t</sub>),0.009
83,EMDE: Human capital investment,Real marginal cost (mc<sub>t</sub>),0.009
84,EMDE: Human capital investment,Real marginal cost (mc<sub>t</sub>),0.009
85,EMDE: Human capital investment,Real marginal cost (mc<sub>t</sub>),0.009
86,EMDE: Human capital investment,Real marginal cost (mc<sub>t</sub>),0.009
87,EMDE: Human capital investment,Real marginal cost (mc<sub>t</sub>),0.009
88,EMDE: Human capital investment,Real marginal cost (mc<sub>t</sub>),0.009
89,EMDE: Human capital investment,Real marginal cost (mc<sub>t</sub>),0.009
90,EMDE: Human capital investment,Real marginal cost (mc<sub>t</sub>),0.009
91,EMDE: Human capital investment,Real marginal cost (mc<sub>t</sub>),0.009
92,EMDE: Human capital investment,Real marginal cost (mc<sub>t</sub>),0.01
93,EMDE: Human capital investment,Real marginal cost (mc<sub>t</sub>),0.01
94,EMDE: Human capital investment,Real marginal cost (mc<sub>t</sub>),0.01
95,EMDE: Human capital investment,Real marginal cost (mc<sub>t</sub>),0.009
96,EMDE: Human capital investment,Real marginal cost (mc<sub>t</sub>),0.009
97,EMDE: Human capital investment,Real marginal cost (mc<sub>t</sub>),0.009
98,EMDE: Human capital investment,Real marginal cost (mc<sub>t</sub>),0.009
99,EMDE: Human capital investment,Real marginal cost (mc<sub>t</sub>),0.009
100,EMDE: Human capital investment,Real marginal cost (mc<sub>t</sub>),0.01
1,EMDE: Infrastructure investment,Inflation (Π<sub>t</sub>),0.538
2,EMDE: Infrastructure investment,Inflation (Π<sub>t</sub>),0.544
3,EMDE: Infrastructure investment,Inflation (Π<sub>t</sub>),0.571
4,EMDE: Infrastructure investment,Inflation (Π<sub>t</sub>),0.602
5,EMDE: Infrastructure investment,Inflation (Π<sub>t</sub>),0.632
6,EMDE: Infrastructure investment,Inflation (Π<sub>t</sub>),0.66
7,EMDE: Infrastructure investment,Inflation (Π<sub>t</sub>),0.686
8,EMDE: Infrastructure investment,Inflation (Π<sub>t</sub>),0.71
9,EMDE: Infrastructure investment,Inflation (Π<sub>t</sub>),0.731
10,EMDE: Infrastructure investment,Inflation (Π<sub>t</sub>),0.751
11,EMDE: Infrastructure investment,Inflation (Π<sub>t</sub>),0.769
12,EMDE: Infrastructure investment,Inflation (Π<sub>t</sub>),0.785
13,EMDE: Infrastructure investment,Inflation (Π<sub>t</sub>),0.799
14,EMDE: Infrastructure investment,Inflation (Π<sub>t</sub>),0.812
15,EMDE: Infrastructure investment,Inflation (Π<sub>t</sub>),0.823
16,EMDE: Infrastructure investment,Inflation (Π<sub>t</sub>),0.834
17,EMDE: Infrastructure investment,Inflation (Π<sub>t</sub>),0.843
18,EMDE: Infrastructure investment,Inflation (Π<sub>t</sub>),0.85
19,EMDE: Infrastructure investment,Inflation (Π<sub>t</sub>),0.857
20,EMDE: Infrastructure investment,Inflation (Π<sub>t</sub>),0.863
21,EMDE: Infrastructure investment,Inflation (Π<sub>t</sub>),0.868
22,EMDE: Infrastructure investment,Inflation (Π<sub>t</sub>),0.873
23,EMDE: Infrastructure investment,Inflation (Π<sub>t</sub>),0.876
24,EMDE: Infrastructure investment,Inflation (Π<sub>t</sub>),0.879
25,EMDE: Infrastructure investment,Inflation (Π<sub>t</sub>),0.881
26,EMDE: Infrastructure investment,Inflation (Π<sub>t</sub>),0.883
27,EMDE: Infrastructure investment,Inflation (Π<sub>t</sub>),0.884
28,EMDE: Infrastructure investment,Inflation (Π<sub>t</sub>),0.885
29,EMDE: Infrastructure investment,Inflation (Π<sub>t</sub>),0.885
30,EMDE: Infrastructure investment,Inflation (Π<sub>t</sub>),0.885
31,EMDE: Infrastructure investment,Inflation (Π<sub>t</sub>),0.884
32,EMDE: Infrastructure investment,Inflation (Π<sub>t</sub>),0.883
33,EMDE: Infrastructure investment,Inflation (Π<sub>t</sub>),0.882
34,EMDE: Infrastructure investment,Inflation (Π<sub>t</sub>),0.88
35,EMDE: Infrastructure investment,Inflation (Π<sub>t</sub>),0.878
36,EMDE: Infrastructure investment,Inflation (Π<sub>t</sub>),0.876
37,EMDE: Infrastructure investment,Inflation (Π<sub>t</sub>),0.874
38,EMDE: Infrastructure investment,Inflation (Π<sub>t</sub>),0.871
39,EMDE: Infrastructure investment,Inflation (Π<sub>t</sub>),0.869
40,EMDE: Infrastructure investment,Inflation (Π<sub>t</sub>),0.866
41,EMDE: Infrastructure investment,Inflation (Π<sub>t</sub>),0.863
42,EMDE: Infrastructure investment,Inflation (Π<sub>t</sub>),0.859
43,EMDE: Infrastructure investment,Inflation (Π<sub>t</sub>),0.856
44,EMDE: Infrastructure investment,Inflation (Π<sub>t</sub>),0.853
45,EMDE: Infrastructure investment,Inflation (Π<sub>t</sub>),0.849
46,EMDE: Infrastructure investment,Inflation (Π<sub>t</sub>),0.845
47,EMDE: Infrastructure investment,Inflation (Π<sub>t</sub>),0.842
48,EMDE: Infrastructure investment,Inflation (Π<sub>t</sub>),0.838
49,EMDE: Infrastructure investment,Inflation (Π<sub>t</sub>),0.834
50,EMDE: Infrastructure investment,Inflation (Π<sub>t</sub>),0.83
51,EMDE: Infrastructure investment,Inflation (Π<sub>t</sub>),0.826
52,EMDE: Infrastructure investment,Inflation (Π<sub>t</sub>),0.822
53,EMDE: Infrastructure investment,Inflation (Π<sub>t</sub>),0.818
54,EMDE: Infrastructure investment,Inflation (Π<sub>t</sub>),0.814
55,EMDE: Infrastructure investment,Inflation (Π<sub>t</sub>),0.81
56,EMDE: Infrastructure investment,Inflation (Π<sub>t</sub>),0.805
57,EMDE: Infrastructure investment,Inflation (Π<sub>t</sub>),0.801
58,EMDE: Infrastructure investment,Inflation (Π<sub>t</sub>),0.797
59,EMDE: Infrastructure investment,Inflation (Π<sub>t</sub>),0.793
60,EMDE: Infrastructure investment,Inflation (Π<sub>t</sub>),0.788
61,EMDE: Infrastructure investment,Inflation (Π<sub>t</sub>),0.784
62,EMDE: Infrastructure investment,Inflation (Π<sub>t</sub>),0.78
63,EMDE: Infrastructure investment,Inflation (Π<sub>t</sub>),0.775
64,EMDE: Infrastructure investment,Inflation (Π<sub>t</sub>),0.771
65,EMDE: Infrastructure investment,Inflation (Π<sub>t</sub>),0.766
66,EMDE: Infrastructure investment,Inflation (Π<sub>t</sub>),0.762
67,EMDE: Infrastructure investment,Inflation (Π<sub>t</sub>),0.757
68,EMDE: Infrastructure investment,Inflation (Π<sub>t</sub>),0.753
69,EMDE: Infrastructure investment,Inflation (Π<sub>t</sub>),0.748
70,EMDE: Infrastructure investment,Inflation (Π<sub>t</sub>),0.744
71,EMDE: Infrastructure investment,Inflation (Π<sub>t</sub>),0.739
72,EMDE: Infrastructure investment,Inflation (Π<sub>t</sub>),0.734
73,EMDE: Infrastructure investment,Inflation (Π<sub>t</sub>),0.73
74,EMDE: Infrastructure investment,Inflation (Π<sub>t</sub>),0.725
75,EMDE: Infrastructure investment,Inflation (Π<sub>t</sub>),0.72
76,EMDE: Infrastructure investment,Inflation (Π<sub>t</sub>),0.715
77,EMDE: Infrastructure investment,Inflation (Π<sub>t</sub>),0.71
78,EMDE: Infrastructure investment,Inflation (Π<sub>t</sub>),0.705
79,EMDE: Infrastructure investment,Inflation (Π<sub>t</sub>),0.7
80,EMDE: Infrastructure investment,Inflation (Π<sub>t</sub>),0.695
81,EMDE: Infrastructure investment,Inflation (Π<sub>t</sub>),0.69
82,EMDE: Infrastructure investment,Inflation (Π<sub>t</sub>),0.684
83,EMDE: Infrastructure investment,Inflation (Π<sub>t</sub>),0.679
84,EMDE: Infrastructure investment,Inflation (Π<sub>t</sub>),0.673
85,EMDE: Infrastructure investment,Inflation (Π<sub>t</sub>),0.667
86,EMDE: Infrastructure investment,Inflation (Π<sub>t</sub>),0.662
87,EMDE: Infrastructure investment,Inflation (Π<sub>t</sub>),0.655
88,EMDE: Infrastructure investment,Inflation (Π<sub>t</sub>),0.649
89,EMDE: Infrastructure investment,Inflation (Π<sub>t</sub>),0.643
90,EMDE: Infrastructure investment,Inflation (Π<sub>t</sub>),0.636
91,EMDE: Infrastructure investment,Inflation (Π<sub>t</sub>),0.629
92,EMDE: Infrastructure investment,Inflation (Π<sub>t</sub>),0.622
93,EMDE: Infrastructure investment,Inflation (Π<sub>t</sub>),0.615
94,EMDE: Infrastructure investment,Inflation (Π<sub>t</sub>),0.607
95,EMDE: Infrastructure investment,Inflation (Π<sub>t</sub>),0.599
96,EMDE: Infrastructure investment,Inflation (Π<sub>t</sub>),0.59
97,EMDE: Infrastructure investment,Inflation (Π<sub>t</sub>),0.582
98,EMDE: Infrastructure investment,Inflation (Π<sub>t</sub>),0.572
99,EMDE: Infrastructure investment,Inflation (Π<sub>t</sub>),0.563
100,EMDE: Infrastructure investment,Inflation (Π<sub>t</sub>),0.553
1,EMDE: Human capital investment,Inflation (Π<sub>t</sub>),0.243
2,EMDE: Human capital investment,Inflation (Π<sub>t</sub>),0.173
3,EMDE: Human capital investment,Inflation (Π<sub>t</sub>),0.16
4,EMDE: Human capital investment,Inflation (Π<sub>t</sub>),0.167
5,EMDE: Human capital investment,Inflation (Π<sub>t</sub>),0.182
6,EMDE: Human capital investment,Inflation (Π<sub>t</sub>),0.202
7,EMDE: Human capital investment,Inflation (Π<sub>t</sub>),0.224
8,EMDE: Human capital investment,Inflation (Π<sub>t</sub>),0.249
9,EMDE: Human capital investment,Inflation (Π<sub>t</sub>),0.275
10,EMDE: Human capital investment,Inflation (Π<sub>t</sub>),0.302
11,EMDE: Human capital investment,Inflation (Π<sub>t</sub>),0.33
12,EMDE: Human capital investment,Inflation (Π<sub>t</sub>),0.359
13,EMDE: Human capital investment,Inflation (Π<sub>t</sub>),0.388
14,EMDE: Human capital investment,Inflation (Π<sub>t</sub>),0.418
15,EMDE: Human capital investment,Inflation (Π<sub>t</sub>),0.447
16,EMDE: Human capital investment,Inflation (Π<sub>t</sub>),0.477
17,EMDE: Human capital investment,Inflation (Π<sub>t</sub>),0.506
18,EMDE: Human capital investment,Inflation (Π<sub>t</sub>),0.534
19,EMDE: Human capital investment,Inflation (Π<sub>t</sub>),0.562
20,EMDE: Human capital investment,Inflation (Π<sub>t</sub>),0.59
21,EMDE: Human capital investment,Inflation (Π<sub>t</sub>),0.616
22,EMDE: Human capital investment,Inflation (Π<sub>t</sub>),0.642
23,EMDE: Human capital investment,Inflation (Π<sub>t</sub>),0.667
24,EMDE: Human capital investment,Inflation (Π<sub>t</sub>),0.691
25,EMDE: Human capital investment,Inflation (Π<sub>t</sub>),0.715
26,EMDE: Human capital investment,Inflation (Π<sub>t</sub>),0.737
27,EMDE: Human capital investment,Inflation (Π<sub>t</sub>),0.758
28,EMDE: Human capital investment,Inflation (Π<sub>t</sub>),0.779
29,EMDE: Human capital investment,Inflation (Π<sub>t</sub>),0.798
30,EMDE: Human capital investment,Inflation (Π<sub>t</sub>),0.817
31,EMDE: Human capital investment,Inflation (Π<sub>t</sub>),0.834
32,EMDE: Human capital investment,Inflation (Π<sub>t</sub>),0.851
33,EMDE: Human capital investment,Inflation (Π<sub>t</sub>),0.866
34,EMDE: Human capital investment,Inflation (Π<sub>t</sub>),0.881
35,EMDE: Human capital investment,Inflation (Π<sub>t</sub>),0.894
36,EMDE: Human capital investment,Inflation (Π<sub>t</sub>),0.907
37,EMDE: Human capital investment,Inflation (Π<sub>t</sub>),0.919
38,EMDE: Human capital investment,Inflation (Π<sub>t</sub>),0.93
39,EMDE: Human capital investment,Inflation (Π<sub>t</sub>),0.94
40,EMDE: Human capital investment,Inflation (Π<sub>t</sub>),0.949
41,EMDE: Human capital investment,Inflation (Π<sub>t</sub>),0.957
42,EMDE: Human capital investment,Inflation (Π<sub>t</sub>),0.965
43,EMDE: Human capital investment,Inflation (Π<sub>t</sub>),0.972
44,EMDE: Human capital investment,Inflation (Π<sub>t</sub>),0.978
45,EMDE: Human capital investment,Inflation (Π<sub>t</sub>),0.983
46,EMDE: Human capital investment,Inflation (Π<sub>t</sub>),0.988
47,EMDE: Human capital investment,Inflation (Π<sub>t</sub>),0.992
48,EMDE: Human capital investment,Inflation (Π<sub>t</sub>),0.996
49,EMDE: Human capital investment,Inflation (Π<sub>t</sub>),0.999
50,EMDE: Human capital investment,Inflation (Π<sub>t</sub>),1.001
51,EMDE: Human capital investment,Inflation (Π<sub>t</sub>),1.003
52,EMDE: Human capital investment,Inflation (Π<sub>t</sub>),1.004
53,EMDE: Human capital investment,Inflation (Π<sub>t</sub>),1.004
54,EMDE: Human capital investment,Inflation (Π<sub>t</sub>),1.005
55,EMDE: Human capital investment,Inflation (Π<sub>t</sub>),1.004
56,EMDE: Human capital investment,Inflation (Π<sub>t</sub>),1.004
57,EMDE: Human capital investment,Inflation (Π<sub>t</sub>),1.003
58,EMDE: Human capital investment,Inflation (Π<sub>t</sub>),1.001
59,EMDE: Human capital investment,Inflation (Π<sub>t</sub>),0.999
60,EMDE: Human capital investment,Inflation (Π<sub>t</sub>),0.997
61,EMDE: Human capital investment,Inflation (Π<sub>t</sub>),0.994
62,EMDE: Human capital investment,Inflation (Π<sub>t</sub>),0.992
63,EMDE: Human capital investment,Inflation (Π<sub>t</sub>),0.988
64,EMDE: Human capital investment,Inflation (Π<sub>t</sub>),0.985
65,EMDE: Human capital investment,Inflation (Π<sub>t</sub>),0.981
66,EMDE: Human capital investment,Inflation (Π<sub>t</sub>),0.977
67,EMDE: Human capital investment,Inflation (Π<sub>t</sub>),0.973
68,EMDE: Human capital investment,Inflation (Π<sub>t</sub>),0.969
69,EMDE: Human capital investment,Inflation (Π<sub>t</sub>),0.964
70,EMDE: Human capital investment,Inflation (Π<sub>t</sub>),0.96
71,EMDE: Human capital investment,Inflation (Π<sub>t</sub>),0.955
72,EMDE: Human capital investment,Inflation (Π<sub>t</sub>),0.95
73,EMDE: Human capital investment,Inflation (Π<sub>t</sub>),0.945
74,EMDE: Human capital investment,Inflation (Π<sub>t</sub>),0.939
75,EMDE: Human capital investment,Inflation (Π<sub>t</sub>),0.934
76,EMDE: Human capital investment,Inflation (Π<sub>t</sub>),0.928
77,EMDE: Human capital investment,Inflation (Π<sub>t</sub>),0.923
78,EMDE: Human capital investment,Inflation (Π<sub>t</sub>),0.917
79,EMDE: Human capital investment,Inflation (Π<sub>t</sub>),0.911
80,EMDE: Human capital investment,Inflation (Π<sub>t</sub>),0.905
81,EMDE: Human capital investment,Inflation (Π<sub>t</sub>),0.899
82,EMDE: Human capital investment,Inflation (Π<sub>t</sub>),0.893
83,EMDE: Human capital investment,Inflation (Π<sub>t</sub>),0.887
84,EMDE: Human capital investment,Inflation (Π<sub>t</sub>),0.881
85,EMDE: Human capital investment,Inflation (Π<sub>t</sub>),0.875
86,EMDE: Human capital investment,Inflation (Π<sub>t</sub>),0.869
87,EMDE: Human capital investment,Inflation (Π<sub>t</sub>),0.862
88,EMDE: Human capital investment,Inflation (Π<sub>t</sub>),0.856
89,EMDE: Human capital investment,Inflation (Π<sub>t</sub>),0.85
90,EMDE: Human capital investment,Inflation (Π<sub>t</sub>),0.844
91,EMDE: Human capital investment,Inflation (Π<sub>t</sub>),0.838
92,EMDE: Human capital investment,Inflation (Π<sub>t</sub>),0.831
93,EMDE: Human capital investment,Inflation (Π<sub>t</sub>),0.825
94,EMDE: Human capital investment,Inflation (Π<sub>t</sub>),0.819
95,EMDE: Human capital investment,Inflation (Π<sub>t</sub>),0.813
96,EMDE: Human capital investment,Inflation (Π<sub>t</sub>),0.807
97,EMDE: Human capital investment,Inflation (Π<sub>t</sub>),0.801
98,EMDE: Human capital investment,Inflation (Π<sub>t</sub>),0.795
99,EMDE: Human capital investment,Inflation (Π<sub>t</sub>),0.789
100,EMDE: Human capital investment,Inflation (Π<sub>t</sub>),0.783
1,EMDE: Infrastructure investment,Nominal interest rate (R<sub>t</sub>),0.499
2,EMDE: Infrastructure investment,Nominal interest rate (R<sub>t</sub>),0.578
3,EMDE: Infrastructure investment,Nominal interest rate (R<sub>t</sub>),0.653
4,EMDE: Infrastructure investment,Nominal interest rate (R<sub>t</sub>),0.721
5,EMDE: Infrastructure investment,Nominal interest rate (R<sub>t</sub>),0.785
6,EMDE: Infrastructure investment,Nominal interest rate (R<sub>t</sub>),0.843
7,EMDE: Infrastructure investment,Nominal interest rate (R<sub>t</sub>),0.896
8,EMDE: Infrastructure investment,Nominal interest rate (R<sub>t</sub>),0.944
9,EMDE: Infrastructure investment,Nominal interest rate (R<sub>t</sub>),0.989
10,EMDE: Infrastructure investment,Nominal interest rate (R<sub>t</sub>),1.03
11,EMDE: Infrastructure investment,Nominal interest rate (R<sub>t</sub>),1.067
12,EMDE: Infrastructure investment,Nominal interest rate (R<sub>t</sub>),1.1
13,EMDE: Infrastructure investment,Nominal interest rate (R<sub>t</sub>),1.131
14,EMDE: Infrastructure investment,Nominal interest rate (R<sub>t</sub>),1.158
15,EMDE: Infrastructure investment,Nominal interest rate (R<sub>t</sub>),1.183
16,EMDE: Infrastructure investment,Nominal interest rate (R<sub>t</sub>),1.206
17,EMDE: Infrastructure investment,Nominal interest rate (R<sub>t</sub>),1.226
18,EMDE: Infrastructure investment,Nominal interest rate (R<sub>t</sub>),1.244
19,EMDE: Infrastructure investment,Nominal interest rate (R<sub>t</sub>),1.26
20,EMDE: Infrastructure investment,Nominal interest rate (R<sub>t</sub>),1.274
21,EMDE: Infrastructure investment,Nominal interest rate (R<sub>t</sub>),1.286
22,EMDE: Infrastructure investment,Nominal interest rate (R<sub>t</sub>),1.297
23,EMDE: Infrastructure investment,Nominal interest rate (R<sub>t</sub>),1.307
24,EMDE: Infrastructure investment,Nominal interest rate (R<sub>t</sub>),1.315
25,EMDE: Infrastructure investment,Nominal interest rate (R<sub>t</sub>),1.322
26,EMDE: Infrastructure investment,Nominal interest rate (R<sub>t</sub>),1.327
27,EMDE: Infrastructure investment,Nominal interest rate (R<sub>t</sub>),1.332
28,EMDE: Infrastructure investment,Nominal interest rate (R<sub>t</sub>),1.336
29,EMDE: Infrastructure investment,Nominal interest rate (R<sub>t</sub>),1.339
30,EMDE: Infrastructure investment,Nominal interest rate (R<sub>t</sub>),1.34
31,EMDE: Infrastructure investment,Nominal interest rate (R<sub>t</sub>),1.342
32,EMDE: Infrastructure investment,Nominal interest rate (R<sub>t</sub>),1.342
33,EMDE: Infrastructure investment,Nominal interest rate (R<sub>t</sub>),1.342
34,EMDE: Infrastructure investment,Nominal interest rate (R<sub>t</sub>),1.341
35,EMDE: Infrastructure investment,Nominal interest rate (R<sub>t</sub>),1.34
36,EMDE: Infrastructure investment,Nominal interest rate (R<sub>t</sub>),1.338
37,EMDE: Infrastructure investment,Nominal interest rate (R<sub>t</sub>),1.336
38,EMDE: Infrastructure investment,Nominal interest rate (R<sub>t</sub>),1.333
39,EMDE: Infrastructure investment,Nominal interest rate (R<sub>t</sub>),1.33
40,EMDE: Infrastructure investment,Nominal interest rate (R<sub>t</sub>),1.327
41,EMDE: Infrastructure investment,Nominal interest rate (R<sub>t</sub>),1.323
42,EMDE: Infrastructure investment,Nominal interest rate (R<sub>t</sub>),1.319
43,EMDE: Infrastructure investment,Nominal interest rate (R<sub>t</sub>),1.315
44,EMDE: Infrastructure investment,Nominal interest rate (R<sub>t</sub>),1.31
45,EMDE: Infrastructure investment,Nominal interest rate (R<sub>t</sub>),1.305
46,EMDE: Infrastructure investment,Nominal interest rate (R<sub>t</sub>),1.3
47,EMDE: Infrastructure investment,Nominal interest rate (R<sub>t</sub>),1.295
48,EMDE: Infrastructure investment,Nominal interest rate (R<sub>t</sub>),1.29
49,EMDE: Infrastructure investment,Nominal interest rate (R<sub>t</sub>),1.285
50,EMDE: Infrastructure investment,Nominal interest rate (R<sub>t</sub>),1.279
51,EMDE: Infrastructure investment,Nominal interest rate (R<sub>t</sub>),1.273
52,EMDE: Infrastructure investment,Nominal interest rate (R<sub>t</sub>),1.267
53,EMDE: Infrastructure investment,Nominal interest rate (R<sub>t</sub>),1.261
54,EMDE: Infrastructure investment,Nominal interest rate (R<sub>t</sub>),1.255
55,EMDE: Infrastructure investment,Nominal interest rate (R<sub>t</sub>),1.249
56,EMDE: Infrastructure investment,Nominal interest rate (R<sub>t</sub>),1.243
57,EMDE: Infrastructure investment,Nominal interest rate (R<sub>t</sub>),1.237
58,EMDE: Infrastructure investment,Nominal interest rate (R<sub>t</sub>),1.231
59,EMDE: Infrastructure investment,Nominal interest rate (R<sub>t</sub>),1.224
60,EMDE: Infrastructure investment,Nominal interest rate (R<sub>t</sub>),1.218
61,EMDE: Infrastructure investment,Nominal interest rate (R<sub>t</sub>),1.211
62,EMDE: Infrastructure investment,Nominal interest rate (R<sub>t</sub>),1.205
63,EMDE: Infrastructure investment,Nominal interest rate (R<sub>t</sub>),1.198
64,EMDE: Infrastructure investment,Nominal interest rate (R<sub>t</sub>),1.192
65,EMDE: Infrastructure investment,Nominal interest rate (R<sub>t</sub>),1.185
66,EMDE: Infrastructure investment,Nominal interest rate (R<sub>t</sub>),1.178
67,EMDE: Infrastructure investment,Nominal interest rate (R<sub>t</sub>),1.172
68,EMDE: Infrastructure investment,Nominal interest rate (R<sub>t</sub>),1.165
69,EMDE: Infrastructure investment,Nominal interest rate (R<sub>t</sub>),1.158
70,EMDE: Infrastructure investment,Nominal interest rate (R<sub>t</sub>),1.151
71,EMDE: Infrastructure investment,Nominal interest rate (R<sub>t</sub>),1.144
72,EMDE: Infrastructure investment,Nominal interest rate (R<sub>t</sub>),1.137
73,EMDE: Infrastructure investment,Nominal interest rate (R<sub>t</sub>),1.13
74,EMDE: Infrastructure investment,Nominal interest rate (R<sub>t</sub>),1.123
75,EMDE: Infrastructure investment,Nominal interest rate (R<sub>t</sub>),1.116
76,EMDE: Infrastructure investment,Nominal interest rate (R<sub>t</sub>),1.109
77,EMDE: Infrastructure investment,Nominal interest rate (R<sub>t</sub>),1.102
78,EMDE: Infrastructure investment,Nominal interest rate (R<sub>t</sub>),1.095
79,EMDE: Infrastructure investment,Nominal interest rate (R<sub>t</sub>),1.087
80,EMDE: Infrastructure investment,Nominal interest rate (R<sub>t</sub>),1.08
81,EMDE: Infrastructure investment,Nominal interest rate (R<sub>t</sub>),1.072
82,EMDE: Infrastructure investment,Nominal interest rate (R<sub>t</sub>),1.064
83,EMDE: Infrastructure investment,Nominal interest rate (R<sub>t</sub>),1.056
84,EMDE: Infrastructure investment,Nominal interest rate (R<sub>t</sub>),1.048
85,EMDE: Infrastructure investment,Nominal interest rate (R<sub>t</sub>),1.04
86,EMDE: Infrastructure investment,Nominal interest rate (R<sub>t</sub>),1.032
87,EMDE: Infrastructure investment,Nominal interest rate (R<sub>t</sub>),1.023
88,EMDE: Infrastructure investment,Nominal interest rate (R<sub>t</sub>),1.015
89,EMDE: Infrastructure investment,Nominal interest rate (R<sub>t</sub>),1.006
90,EMDE: Infrastructure investment,Nominal interest rate (R<sub>t</sub>),0.996
91,EMDE: Infrastructure investment,Nominal interest rate (R<sub>t</sub>),0.987
92,EMDE: Infrastructure investment,Nominal interest rate (R<sub>t</sub>),0.977
93,EMDE: Infrastructure investment,Nominal interest rate (R<sub>t</sub>),0.967
94,EMDE: Infrastructure investment,Nominal interest rate (R<sub>t</sub>),0.957
95,EMDE: Infrastructure investment,Nominal interest rate (R<sub>t</sub>),0.946
96,EMDE: Infrastructure investment,Nominal interest rate (R<sub>t</sub>),0.934
97,EMDE: Infrastructure investment,Nominal interest rate (R<sub>t</sub>),0.923
98,EMDE: Infrastructure investment,Nominal interest rate (R<sub>t</sub>),0.91
99,EMDE: Infrastructure investment,Nominal interest rate (R<sub>t</sub>),0.897
100,EMDE: Infrastructure investment,Nominal interest rate (R<sub>t</sub>),0.884
1,EMDE: Human capital investment,Nominal interest rate (R<sub>t</sub>),0.276
2,EMDE: Human capital investment,Nominal interest rate (R<sub>t</sub>),0.25
3,EMDE: Human capital investment,Nominal interest rate (R<sub>t</sub>),0.236
4,EMDE: Human capital investment,Nominal interest rate (R<sub>t</sub>),0.233
5,EMDE: Human capital investment,Nominal interest rate (R<sub>t</sub>),0.238
6,EMDE: Human capital investment,Nominal interest rate (R<sub>t</sub>),0.25
7,EMDE: Human capital investment,Nominal interest rate (R<sub>t</sub>),0.269
8,EMDE: Human capital investment,Nominal interest rate (R<sub>t</sub>),0.293
9,EMDE: Human capital investment,Nominal interest rate (R<sub>t</sub>),0.321
10,EMDE: Human capital investment,Nominal interest rate (R<sub>t</sub>),0.353
11,EMDE: Human capital investment,Nominal interest rate (R<sub>t</sub>),0.389
12,EMDE: Human capital investment,Nominal interest rate (R<sub>t</sub>),0.426
13,EMDE: Human capital investment,Nominal interest rate (R<sub>t</sub>),0.466
14,EMDE: Human capital investment,Nominal interest rate (R<sub>t</sub>),0.507
15,EMDE: Human capital investment,Nominal interest rate (R<sub>t</sub>),0.55
16,EMDE: Human capital investment,Nominal interest rate (R<sub>t</sub>),0.593
17,EMDE: Human capital investment,Nominal interest rate (R<sub>t</sub>),0.637
18,EMDE: Human capital investment,Nominal interest rate (R<sub>t</sub>),0.68
19,EMDE: Human capital investment,Nominal interest rate (R<sub>t</sub>),0.724
20,EMDE: Human capital investment,Nominal interest rate (R<sub>t</sub>),0.767
21,EMDE: Human capital investment,Nominal interest rate (R<sub>t</sub>),0.81
22,EMDE: Human capital investment,Nominal interest rate (R<sub>t</sub>),0.852
23,EMDE: Human capital investment,Nominal interest rate (R<sub>t</sub>),0.893
24,EMDE: Human capital investment,Nominal interest rate (R<sub>t</sub>),0.933
25,EMDE: Human capital investment,Nominal interest rate (R<sub>t</sub>),0.972
26,EMDE: Human capital investment,Nominal interest rate (R<sub>t</sub>),1.009
27,EMDE: Human capital investment,Nominal interest rate (R<sub>t</sub>),1.046
28,EMDE: Human capital investment,Nominal interest rate (R<sub>t</sub>),1.081
29,EMDE: Human capital investment,Nominal interest rate (R<sub>t</sub>),1.115
30,EMDE: Human capital investment,Nominal interest rate (R<sub>t</sub>),1.147
31,EMDE: Human capital investment,Nominal interest rate (R<sub>t</sub>),1.178
32,EMDE: Human capital investment,Nominal interest rate (R<sub>t</sub>),1.208
33,EMDE: Human capital investment,Nominal interest rate (R<sub>t</sub>),1.236
34,EMDE: Human capital investment,Nominal interest rate (R<sub>t</sub>),1.262
35,EMDE: Human capital investment,Nominal interest rate (R<sub>t</sub>),1.287
36,EMDE: Human capital investment,Nominal interest rate (R<sub>t</sub>),1.311
37,EMDE: Human capital investment,Nominal interest rate (R<sub>t</sub>),1.333
38,EMDE: Human capital investment,Nominal interest rate (R<sub>t</sub>),1.354
39,EMDE: Human capital investment,Nominal interest rate (R<sub>t</sub>),1.373
40,EMDE: Human capital investment,Nominal interest rate (R<sub>t</sub>),1.391
41,EMDE: Human capital investment,Nominal interest rate (R<sub>t</sub>),1.408
42,EMDE: Human capital investment,Nominal interest rate (R<sub>t</sub>),1.423
43,EMDE: Human capital investment,Nominal interest rate (R<sub>t</sub>),1.437
44,EMDE: Human capital investment,Nominal interest rate (R<sub>t</sub>),1.45
45,EMDE: Human capital investment,Nominal interest rate (R<sub>t</sub>),1.462
46,EMDE: Human capital investment,Nominal interest rate (R<sub>t</sub>),1.472
47,EMDE: Human capital investment,Nominal interest rate (R<sub>t</sub>),1.482
48,EMDE: Human capital investment,Nominal interest rate (R<sub>t</sub>),1.49
49,EMDE: Human capital investment,Nominal interest rate (R<sub>t</sub>),1.498
50,EMDE: Human capital investment,Nominal interest rate (R<sub>t</sub>),1.504
51,EMDE: Human capital investment,Nominal interest rate (R<sub>t</sub>),1.509
52,EMDE: Human capital investment,Nominal interest rate (R<sub>t</sub>),1.514
53,EMDE: Human capital investment,Nominal interest rate (R<sub>t</sub>),1.517
54,EMDE: Human capital investment,Nominal interest rate (R<sub>t</sub>),1.52
55,EMDE: Human capital investment,Nominal interest rate (R<sub>t</sub>),1.522
56,EMDE: Human capital investment,Nominal interest rate (R<sub>t</sub>),1.523
57,EMDE: Human capital investment,Nominal interest rate (R<sub>t</sub>),1.524
58,EMDE: Human capital investment,Nominal interest rate (R<sub>t</sub>),1.524
59,EMDE: Human capital investment,Nominal interest rate (R<sub>t</sub>),1.523
60,EMDE: Human capital investment,Nominal interest rate (R<sub>t</sub>),1.521
61,EMDE: Human capital investment,Nominal interest rate (R<sub>t</sub>),1.519
62,EMDE: Human capital investment,Nominal interest rate (R<sub>t</sub>),1.516
63,EMDE: Human capital investment,Nominal interest rate (R<sub>t</sub>),1.513
64,EMDE: Human capital investment,Nominal interest rate (R<sub>t</sub>),1.509
65,EMDE: Human capital investment,Nominal interest rate (R<sub>t</sub>),1.505
66,EMDE: Human capital investment,Nominal interest rate (R<sub>t</sub>),1.501
67,EMDE: Human capital investment,Nominal interest rate (R<sub>t</sub>),1.495
68,EMDE: Human capital investment,Nominal interest rate (R<sub>t</sub>),1.49
69,EMDE: Human capital investment,Nominal interest rate (R<sub>t</sub>),1.484
70,EMDE: Human capital investment,Nominal interest rate (R<sub>t</sub>),1.478
71,EMDE: Human capital investment,Nominal interest rate (R<sub>t</sub>),1.471
72,EMDE: Human capital investment,Nominal interest rate (R<sub>t</sub>),1.465
73,EMDE: Human capital investment,Nominal interest rate (R<sub>t</sub>),1.458
74,EMDE: Human capital investment,Nominal interest rate (R<sub>t</sub>),1.45
75,EMDE: Human capital investment,Nominal interest rate (R<sub>t</sub>),1.443
76,EMDE: Human capital investment,Nominal interest rate (R<sub>t</sub>),1.435
77,EMDE: Human capital investment,Nominal interest rate (R<sub>t</sub>),1.427
78,EMDE: Human capital investment,Nominal interest rate (R<sub>t</sub>),1.419
79,EMDE: Human capital investment,Nominal interest rate (R<sub>t</sub>),1.41
80,EMDE: Human capital investment,Nominal interest rate (R<sub>t</sub>),1.402
81,EMDE: Human capital investment,Nominal interest rate (R<sub>t</sub>),1.393
82,EMDE: Human capital investment,Nominal interest rate (R<sub>t</sub>),1.384
83,EMDE: Human capital investment,Nominal interest rate (R<sub>t</sub>),1.375
84,EMDE: Human capital investment,Nominal interest rate (R<sub>t</sub>),1.366
85,EMDE: Human capital investment,Nominal interest rate (R<sub>t</sub>),1.357
86,EMDE: Human capital investment,Nominal interest rate (R<sub>t</sub>),1.348
87,EMDE: Human capital investment,Nominal interest rate (R<sub>t</sub>),1.339
88,EMDE: Human capital investment,Nominal interest rate (R<sub>t</sub>),1.33
89,EMDE: Human capital investment,Nominal interest rate (R<sub>t</sub>),1.32
90,EMDE: Human capital investment,Nominal interest rate (R<sub>t</sub>),1.311
91,EMDE: Human capital investment,Nominal interest rate (R<sub>t</sub>),1.302
92,EMDE: Human capital investment,Nominal interest rate (R<sub>t</sub>),1.292
93,EMDE: Human capital investment,Nominal interest rate (R<sub>t</sub>),1.283
94,EMDE: Human capital investment,Nominal interest rate (R<sub>t</sub>),1.273
95,EMDE: Human capital investment,Nominal interest rate (R<sub>t</sub>),1.264
96,EMDE: Human capital investment,Nominal interest rate (R<sub>t</sub>),1.255
97,EMDE: Human capital investment,Nominal interest rate (R<sub>t</sub>),1.245
98,EMDE: Human capital investment,Nominal interest rate (R<sub>t</sub>),1.236
99,EMDE: Human capital investment,Nominal interest rate (R<sub>t</sub>),1.227
100,EMDE: Human capital investment,Nominal interest rate (R<sub>t</sub>),1.218
1,EMDE: Infrastructure investment,Real interest rate (R<sub>t</sub>/Π<sub>t</sub>),-0.047
2,EMDE: Infrastructure investment,Real interest rate (R<sub>t</sub>/Π<sub>t</sub>),0.027
3,EMDE: Infrastructure investment,Real interest rate (R<sub>t</sub>/Π<sub>t</sub>),0.074
4,EMDE: Infrastructure investment,Real interest rate (R<sub>t</sub>/Π<sub>t</sub>),0.111
5,EMDE: Infrastructure investment,Real interest rate (R<sub>t</sub>/Π<sub>t</sub>),0.144
6,EMDE: Infrastructure investment,Real interest rate (R<sub>t</sub>/Π<sub>t</sub>),0.173
7,EMDE: Infrastructure investment,Real interest rate (R<sub>t</sub>/Π<sub>t</sub>),0.2
8,EMDE: Infrastructure investment,Real interest rate (R<sub>t</sub>/Π<sub>t</sub>),0.224
9,EMDE: Infrastructure investment,Real interest rate (R<sub>t</sub>/Π<sub>t</sub>),0.247
10,EMDE: Infrastructure investment,Real interest rate (R<sub>t</sub>/Π<sub>t</sub>),0.267
11,EMDE: Infrastructure investment,Real interest rate (R<sub>t</sub>/Π<sub>t</sub>),0.286
12,EMDE: Infrastructure investment,Real interest rate (R<sub>t</sub>/Π<sub>t</sub>),0.304
13,EMDE: Infrastructure investment,Real interest rate (R<sub>t</sub>/Π<sub>t</sub>),0.32
14,EMDE: Infrastructure investment,Real interest rate (R<sub>t</sub>/Π<sub>t</sub>),0.334
15,EMDE: Infrastructure investment,Real interest rate (R<sub>t</sub>/Π<sub>t</sub>),0.348
16,EMDE: Infrastructure investment,Real interest rate (R<sub>t</sub>/Π<sub>t</sub>),0.36
17,EMDE: Infrastructure investment,Real interest rate (R<sub>t</sub>/Π<sub>t</sub>),0.371
18,EMDE: Infrastructure investment,Real interest rate (R<sub>t</sub>/Π<sub>t</sub>),0.381
19,EMDE: Infrastructure investment,Real interest rate (R<sub>t</sub>/Π<sub>t</sub>),0.39
20,EMDE: Infrastructure investment,Real interest rate (R<sub>t</sub>/Π<sub>t</sub>),0.398
21,EMDE: Infrastructure investment,Real interest rate (R<sub>t</sub>/Π<sub>t</sub>),0.405
22,EMDE: Infrastructure investment,Real interest rate (R<sub>t</sub>/Π<sub>t</sub>),0.412
23,EMDE: Infrastructure investment,Real interest rate (R<sub>t</sub>/Π<sub>t</sub>),0.417
24,EMDE: Infrastructure investment,Real interest rate (R<sub>t</sub>/Π<sub>t</sub>),0.423
25,EMDE: Infrastructure investment,Real interest rate (R<sub>t</sub>/Π<sub>t</sub>),0.427
26,EMDE: Infrastructure investment,Real interest rate (R<sub>t</sub>/Π<sub>t</sub>),0.431
27,EMDE: Infrastructure investment,Real interest rate (R<sub>t</sub>/Π<sub>t</sub>),0.435
28,EMDE: Infrastructure investment,Real interest rate (R<sub>t</sub>/Π<sub>t</sub>),0.438
29,EMDE: Infrastructure investment,Real interest rate (R<sub>t</sub>/Π<sub>t</sub>),0.44
30,EMDE: Infrastructure investment,Real interest rate (R<sub>t</sub>/Π<sub>t</sub>),0.443
31,EMDE: Infrastructure investment,Real interest rate (R<sub>t</sub>/Π<sub>t</sub>),0.444
32,EMDE: Infrastructure investment,Real interest rate (R<sub>t</sub>/Π<sub>t</sub>),0.446
33,EMDE: Infrastructure investment,Real interest rate (R<sub>t</sub>/Π<sub>t</sub>),0.447
34,EMDE: Infrastructure investment,Real interest rate (R<sub>t</sub>/Π<sub>t</sub>),0.448
35,EMDE: Infrastructure investment,Real interest rate (R<sub>t</sub>/Π<sub>t</sub>),0.448
36,EMDE: Infrastructure investment,Real interest rate (R<sub>t</sub>/Π<sub>t</sub>),0.449
37,EMDE: Infrastructure investment,Real interest rate (R<sub>t</sub>/Π<sub>t</sub>),0.449
38,EMDE: Infrastructure investment,Real interest rate (R<sub>t</sub>/Π<sub>t</sub>),0.449
39,EMDE: Infrastructure investment,Real interest rate (R<sub>t</sub>/Π<sub>t</sub>),0.448
40,EMDE: Infrastructure investment,Real interest rate (R<sub>t</sub>/Π<sub>t</sub>),0.448
41,EMDE: Infrastructure investment,Real interest rate (R<sub>t</sub>/Π<sub>t</sub>),0.447
42,EMDE: Infrastructure investment,Real interest rate (R<sub>t</sub>/Π<sub>t</sub>),0.447
43,EMDE: Infrastructure investment,Real interest rate (R<sub>t</sub>/Π<sub>t</sub>),0.446
44,EMDE: Infrastructure investment,Real interest rate (R<sub>t</sub>/Π<sub>t</sub>),0.445
45,EMDE: Infrastructure investment,Real interest rate (R<sub>t</sub>/Π<sub>t</sub>),0.443
46,EMDE: Infrastructure investment,Real interest rate (R<sub>t</sub>/Π<sub>t</sub>),0.442
47,EMDE: Infrastructure investment,Real interest rate (R<sub>t</sub>/Π<sub>t</sub>),0.441
48,EMDE: Infrastructure investment,Real interest rate (R<sub>t</sub>/Π<sub>t</sub>),0.439
49,EMDE: Infrastructure investment,Real interest rate (R<sub>t</sub>/Π<sub>t</sub>),0.438
50,EMDE: Infrastructure investment,Real interest rate (R<sub>t</sub>/Π<sub>t</sub>),0.436
51,EMDE: Infrastructure investment,Real interest rate (R<sub>t</sub>/Π<sub>t</sub>),0.435
52,EMDE: Infrastructure investment,Real interest rate (R<sub>t</sub>/Π<sub>t</sub>),0.433
53,EMDE: Infrastructure investment,Real interest rate (R<sub>t</sub>/Π<sub>t</sub>),0.431
54,EMDE: Infrastructure investment,Real interest rate (R<sub>t</sub>/Π<sub>t</sub>),0.429
55,EMDE: Infrastructure investment,Real interest rate (R<sub>t</sub>/Π<sub>t</sub>),0.427
56,EMDE: Infrastructure investment,Real interest rate (R<sub>t</sub>/Π<sub>t</sub>),0.425
57,EMDE: Infrastructure investment,Real interest rate (R<sub>t</sub>/Π<sub>t</sub>),0.424
58,EMDE: Infrastructure investment,Real interest rate (R<sub>t</sub>/Π<sub>t</sub>),0.422
59,EMDE: Infrastructure investment,Real interest rate (R<sub>t</sub>/Π<sub>t</sub>),0.42
60,EMDE: Infrastructure investment,Real interest rate (R<sub>t</sub>/Π<sub>t</sub>),0.418
61,EMDE: Infrastructure investment,Real interest rate (R<sub>t</sub>/Π<sub>t</sub>),0.416
62,EMDE: Infrastructure investment,Real interest rate (R<sub>t</sub>/Π<sub>t</sub>),0.413
63,EMDE: Infrastructure investment,Real interest rate (R<sub>t</sub>/Π<sub>t</sub>),0.411
64,EMDE: Infrastructure investment,Real interest rate (R<sub>t</sub>/Π<sub>t</sub>),0.409
65,EMDE: Infrastructure investment,Real interest rate (R<sub>t</sub>/Π<sub>t</sub>),0.407
66,EMDE: Infrastructure investment,Real interest rate (R<sub>t</sub>/Π<sub>t</sub>),0.405
67,EMDE: Infrastructure investment,Real interest rate (R<sub>t</sub>/Π<sub>t</sub>),0.403
68,EMDE: Infrastructure investment,Real interest rate (R<sub>t</sub>/Π<sub>t</sub>),0.401
69,EMDE: Infrastructure investment,Real interest rate (R<sub>t</sub>/Π<sub>t</sub>),0.399
70,EMDE: Infrastructure investment,Real interest rate (R<sub>t</sub>/Π<sub>t</sub>),0.396
71,EMDE: Infrastructure investment,Real interest rate (R<sub>t</sub>/Π<sub>t</sub>),0.394
72,EMDE: Infrastructure investment,Real interest rate (R<sub>t</sub>/Π<sub>t</sub>),0.392
73,EMDE: Infrastructure investment,Real interest rate (R<sub>t</sub>/Π<sub>t</sub>),0.39
74,EMDE: Infrastructure investment,Real interest rate (R<sub>t</sub>/Π<sub>t</sub>),0.388
75,EMDE: Infrastructure investment,Real interest rate (R<sub>t</sub>/Π<sub>t</sub>),0.385
76,EMDE: Infrastructure investment,Real interest rate (R<sub>t</sub>/Π<sub>t</sub>),0.383
77,EMDE: Infrastructure investment,Real interest rate (R<sub>t</sub>/Π<sub>t</sub>),0.381
78,EMDE: Infrastructure investment,Real interest rate (R<sub>t</sub>/Π<sub>t</sub>),0.379
79,EMDE: Infrastructure investment,Real interest rate (R<sub>t</sub>/Π<sub>t</sub>),0.377
80,EMDE: Infrastructure investment,Real interest rate (R<sub>t</sub>/Π<sub>t</sub>),0.374
81,EMDE: Infrastructure investment,Real interest rate (R<sub>t</sub>/Π<sub>t</sub>),0.372
82,EMDE: Infrastructure investment,Real interest rate (R<sub>t</sub>/Π<sub>t</sub>),0.37
83,EMDE: Infrastructure investment,Real interest rate (R<sub>t</sub>/Π<sub>t</sub>),0.368
84,EMDE: Infrastructure investment,Real interest rate (R<sub>t</sub>/Π<sub>t</sub>),0.365
85,EMDE: Infrastructure investment,Real interest rate (R<sub>t</sub>/Π<sub>t</sub>),0.363
86,EMDE: Infrastructure investment,Real interest rate (R<sub>t</sub>/Π<sub>t</sub>),0.361
87,EMDE: Infrastructure investment,Real interest rate (R<sub>t</sub>/Π<sub>t</sub>),0.358
88,EMDE: Infrastructure investment,Real interest rate (R<sub>t</sub>/Π<sub>t</sub>),0.356
89,EMDE: Infrastructure investment,Real interest rate (R<sub>t</sub>/Π<sub>t</sub>),0.353
90,EMDE: Infrastructure investment,Real interest rate (R<sub>t</sub>/Π<sub>t</sub>),0.351
91,EMDE: Infrastructure investment,Real interest rate (R<sub>t</sub>/Π<sub>t</sub>),0.348
92,EMDE: Infrastructure investment,Real interest rate (R<sub>t</sub>/Π<sub>t</sub>),0.346
93,EMDE: Infrastructure investment,Real interest rate (R<sub>t</sub>/Π<sub>t</sub>),0.343
94,EMDE: Infrastructure investment,Real interest rate (R<sub>t</sub>/Π<sub>t</sub>),0.341
95,EMDE: Infrastructure investment,Real interest rate (R<sub>t</sub>/Π<sub>t</sub>),0.338
96,EMDE: Infrastructure investment,Real interest rate (R<sub>t</sub>/Π<sub>t</sub>),0.335
97,EMDE: Infrastructure investment,Real interest rate (R<sub>t</sub>/Π<sub>t</sub>),0.332
98,EMDE: Infrastructure investment,Real interest rate (R<sub>t</sub>/Π<sub>t</sub>),0.329
99,EMDE: Infrastructure investment,Real interest rate (R<sub>t</sub>/Π<sub>t</sub>),0.326
100,EMDE: Infrastructure investment,Real interest rate (R<sub>t</sub>/Π<sub>t</sub>),0.323
1,EMDE: Human capital investment,Real interest rate (R<sub>t</sub>/Π<sub>t</sub>),0.029
2,EMDE: Human capital investment,Real interest rate (R<sub>t</sub>/Π<sub>t</sub>),0.075
3,EMDE: Human capital investment,Real interest rate (R<sub>t</sub>/Π<sub>t</sub>),0.074
4,EMDE: Human capital investment,Real interest rate (R<sub>t</sub>/Π<sub>t</sub>),0.064
5,EMDE: Human capital investment,Real interest rate (R<sub>t</sub>/Π<sub>t</sub>),0.053
6,EMDE: Human capital investment,Real interest rate (R<sub>t</sub>/Π<sub>t</sub>),0.046
7,EMDE: Human capital investment,Real interest rate (R<sub>t</sub>/Π<sub>t</sub>),0.042
8,EMDE: Human capital investment,Real interest rate (R<sub>t</sub>/Π<sub>t</sub>),0.041
9,EMDE: Human capital investment,Real interest rate (R<sub>t</sub>/Π<sub>t</sub>),0.043
10,EMDE: Human capital investment,Real interest rate (R<sub>t</sub>/Π<sub>t</sub>),0.047
11,EMDE: Human capital investment,Real interest rate (R<sub>t</sub>/Π<sub>t</sub>),0.054
12,EMDE: Human capital investment,Real interest rate (R<sub>t</sub>/Π<sub>t</sub>),0.062
13,EMDE: Human capital investment,Real interest rate (R<sub>t</sub>/Π<sub>t</sub>),0.072
14,EMDE: Human capital investment,Real interest rate (R<sub>t</sub>/Π<sub>t</sub>),0.084
15,EMDE: Human capital investment,Real interest rate (R<sub>t</sub>/Π<sub>t</sub>),0.096
16,EMDE: Human capital investment,Real interest rate (R<sub>t</sub>/Π<sub>t</sub>),0.11
17,EMDE: Human capital investment,Real interest rate (R<sub>t</sub>/Π<sub>t</sub>),0.124
18,EMDE: Human capital investment,Real interest rate (R<sub>t</sub>/Π<sub>t</sub>),0.138
19,EMDE: Human capital investment,Real interest rate (R<sub>t</sub>/Π<sub>t</sub>),0.154
20,EMDE: Human capital investment,Real interest rate (R<sub>t</sub>/Π<sub>t</sub>),0.169
21,EMDE: Human capital investment,Real interest rate (R<sub>t</sub>/Π<sub>t</sub>),0.185
22,EMDE: Human capital investment,Real interest rate (R<sub>t</sub>/Π<sub>t</sub>),0.2
23,EMDE: Human capital investment,Real interest rate (R<sub>t</sub>/Π<sub>t</sub>),0.216
24,EMDE: Human capital investment,Real interest rate (R<sub>t</sub>/Π<sub>t</sub>),0.231
25,EMDE: Human capital investment,Real interest rate (R<sub>t</sub>/Π<sub>t</sub>),0.247
26,EMDE: Human capital investment,Real interest rate (R<sub>t</sub>/Π<sub>t</sub>),0.262
27,EMDE: Human capital investment,Real interest rate (R<sub>t</sub>/Π<sub>t</sub>),0.276
28,EMDE: Human capital investment,Real interest rate (R<sub>t</sub>/Π<sub>t</sub>),0.291
29,EMDE: Human capital investment,Real interest rate (R<sub>t</sub>/Π<sub>t</sub>),0.305
30,EMDE: Human capital investment,Real interest rate (R<sub>t</sub>/Π<sub>t</sub>),0.318
31,EMDE: Human capital investment,Real interest rate (R<sub>t</sub>/Π<sub>t</sub>),0.331
32,EMDE: Human capital investment,Real interest rate (R<sub>t</sub>/Π<sub>t</sub>),0.344
33,EMDE: Human capital investment,Real interest rate (R<sub>t</sub>/Π<sub>t</sub>),0.356
34,EMDE: Human capital investment,Real interest rate (R<sub>t</sub>/Π<sub>t</sub>),0.368
35,EMDE: Human capital investment,Real interest rate (R<sub>t</sub>/Π<sub>t</sub>),0.379
36,EMDE: Human capital investment,Real interest rate (R<sub>t</sub>/Π<sub>t</sub>),0.39
37,EMDE: Human capital investment,Real interest rate (R<sub>t</sub>/Π<sub>t</sub>),0.4
38,EMDE: Human capital investment,Real interest rate (R<sub>t</sub>/Π<sub>t</sub>),0.41
39,EMDE: Human capital investment,Real interest rate (R<sub>t</sub>/Π<sub>t</sub>),0.419
40,EMDE: Human capital investment,Real interest rate (R<sub>t</sub>/Π<sub>t</sub>),0.428
41,EMDE: Human capital investment,Real interest rate (R<sub>t</sub>/Π<sub>t</sub>),0.436
42,EMDE: Human capital investment,Real interest rate (R<sub>t</sub>/Π<sub>t</sub>),0.443
43,EMDE: Human capital investment,Real interest rate (R<sub>t</sub>/Π<sub>t</sub>),0.451
44,EMDE: Human capital investment,Real interest rate (R<sub>t</sub>/Π<sub>t</sub>),0.457
45,EMDE: Human capital investment,Real interest rate (R<sub>t</sub>/Π<sub>t</sub>),0.463
46,EMDE: Human capital investment,Real interest rate (R<sub>t</sub>/Π<sub>t</sub>),0.469
47,EMDE: Human capital investment,Real interest rate (R<sub>t</sub>/Π<sub>t</sub>),0.474
48,EMDE: Human capital investment,Real interest rate (R<sub>t</sub>/Π<sub>t</sub>),0.479
49,EMDE: Human capital investment,Real interest rate (R<sub>t</sub>/Π<sub>t</sub>),0.484
50,EMDE: Human capital investment,Real interest rate (R<sub>t</sub>/Π<sub>t</sub>),0.488
51,EMDE: Human capital investment,Real interest rate (R<sub>t</sub>/Π<sub>t</sub>),0.491
52,EMDE: Human capital investment,Real interest rate (R<sub>t</sub>/Π<sub>t</sub>),0.495
53,EMDE: Human capital investment,Real interest rate (R<sub>t</sub>/Π<sub>t</sub>),0.498
54,EMDE: Human capital investment,Real interest rate (R<sub>t</sub>/Π<sub>t</sub>),0.5
55,EMDE: Human capital investment,Real interest rate (R<sub>t</sub>/Π<sub>t</sub>),0.502
56,EMDE: Human capital investment,Real interest rate (R<sub>t</sub>/Π<sub>t</sub>),0.504
57,EMDE: Human capital investment,Real interest rate (R<sub>t</sub>/Π<sub>t</sub>),0.506
58,EMDE: Human capital investment,Real interest rate (R<sub>t</sub>/Π<sub>t</sub>),0.507
59,EMDE: Human capital investment,Real interest rate (R<sub>t</sub>/Π<sub>t</sub>),0.508
60,EMDE: Human capital investment,Real interest rate (R<sub>t</sub>/Π<sub>t</sub>),0.509
61,EMDE: Human capital investment,Real interest rate (R<sub>t</sub>/Π<sub>t</sub>),0.509
62,EMDE: Human capital investment,Real interest rate (R<sub>t</sub>/Π<sub>t</sub>),0.509
63,EMDE: Human capital investment,Real interest rate (R<sub>t</sub>/Π<sub>t</sub>),0.509
64,EMDE: Human capital investment,Real interest rate (R<sub>t</sub>/Π<sub>t</sub>),0.509
65,EMDE: Human capital investment,Real interest rate (R<sub>t</sub>/Π<sub>t</sub>),0.509
66,EMDE: Human capital investment,Real interest rate (R<sub>t</sub>/Π<sub>t</sub>),0.508
67,EMDE: Human capital investment,Real interest rate (R<sub>t</sub>/Π<sub>t</sub>),0.507
68,EMDE: Human capital investment,Real interest rate (R<sub>t</sub>/Π<sub>t</sub>),0.506
69,EMDE: Human capital investment,Real interest rate (R<sub>t</sub>/Π<sub>t</sub>),0.505
70,EMDE: Human capital investment,Real interest rate (R<sub>t</sub>/Π<sub>t</sub>),0.504
71,EMDE: Human capital investment,Real interest rate (R<sub>t</sub>/Π<sub>t</sub>),0.502
72,EMDE: Human capital investment,Real interest rate (R<sub>t</sub>/Π<sub>t</sub>),0.5
73,EMDE: Human capital investment,Real interest rate (R<sub>t</sub>/Π<sub>t</sub>),0.499
74,EMDE: Human capital investment,Real interest rate (R<sub>t</sub>/Π<sub>t</sub>),0.497
75,EMDE: Human capital investment,Real interest rate (R<sub>t</sub>/Π<sub>t</sub>),0.495
76,EMDE: Human capital investment,Real interest rate (R<sub>t</sub>/Π<sub>t</sub>),0.492
77,EMDE: Human capital investment,Real interest rate (R<sub>t</sub>/Π<sub>t</sub>),0.49
78,EMDE: Human capital investment,Real interest rate (R<sub>t</sub>/Π<sub>t</sub>),0.488
79,EMDE: Human capital investment,Real interest rate (R<sub>t</sub>/Π<sub>t</sub>),0.485
80,EMDE: Human capital investment,Real interest rate (R<sub>t</sub>/Π<sub>t</sub>),0.483
81,EMDE: Human capital investment,Real interest rate (R<sub>t</sub>/Π<sub>t</sub>),0.48
82,EMDE: Human capital investment,Real interest rate (R<sub>t</sub>/Π<sub>t</sub>),0.478
83,EMDE: Human capital investment,Real interest rate (R<sub>t</sub>/Π<sub>t</sub>),0.475
84,EMDE: Human capital investment,Real interest rate (R<sub>t</sub>/Π<sub>t</sub>),0.472
85,EMDE: Human capital investment,Real interest rate (R<sub>t</sub>/Π<sub>t</sub>),0.469
86,EMDE: Human capital investment,Real interest rate (R<sub>t</sub>/Π<sub>t</sub>),0.466
87,EMDE: Human capital investment,Real interest rate (R<sub>t</sub>/Π<sub>t</sub>),0.463
88,EMDE: Human capital investment,Real interest rate (R<sub>t</sub>/Π<sub>t</sub>),0.46
89,EMDE: Human capital investment,Real interest rate (R<sub>t</sub>/Π<sub>t</sub>),0.457
90,EMDE: Human capital investment,Real interest rate (R<sub>t</sub>/Π<sub>t</sub>),0.454
91,EMDE: Human capital investment,Real interest rate (R<sub>t</sub>/Π<sub>t</sub>),0.451
92,EMDE: Human capital investment,Real interest rate (R<sub>t</sub>/Π<sub>t</sub>),0.448
93,EMDE: Human capital investment,Real interest rate (R<sub>t</sub>/Π<sub>t</sub>),0.445
94,EMDE: Human capital investment,Real interest rate (R<sub>t</sub>/Π<sub>t</sub>),0.442
95,EMDE: Human capital investment,Real interest rate (R<sub>t</sub>/Π<sub>t</sub>),0.439
96,EMDE: Human capital investment,Real interest rate (R<sub>t</sub>/Π<sub>t</sub>),0.435
97,EMDE: Human capital investment,Real interest rate (R<sub>t</sub>/Π<sub>t</sub>),0.432
98,EMDE: Human capital investment,Real interest rate (R<sub>t</sub>/Π<sub>t</sub>),0.429
99,EMDE: Human capital investment,Real interest rate (R<sub>t</sub>/Π<sub>t</sub>),0.426
100,EMDE: Human capital investment,Real interest rate (R<sub>t</sub>/Π<sub>t</sub>),0.423
1,EMDE: Infrastructure investment,Primary deficit-to-GDP ratio,-0.281
2,EMDE: Infrastructure investment,Primary deficit-to-GDP ratio,-0.053
3,EMDE: Infrastructure investment,Primary deficit-to-GDP ratio,-0.082
4,EMDE: Infrastructure investment,Primary deficit-to-GDP ratio,-0.088
5,EMDE: Infrastructure investment,Primary deficit-to-GDP ratio,-0.095
6,EMDE: Infrastructure investment,Primary deficit-to-GDP ratio,-0.102
7,EMDE: Infrastructure investment,Primary deficit-to-GDP ratio,-0.11
8,EMDE: Infrastructure investment,Primary deficit-to-GDP ratio,-0.118
9,EMDE: Infrastructure investment,Primary deficit-to-GDP ratio,-0.127
10,EMDE: Infrastructure investment,Primary deficit-to-GDP ratio,-0.136
11,EMDE: Infrastructure investment,Primary deficit-to-GDP ratio,-0.145
12,EMDE: Infrastructure investment,Primary deficit-to-GDP ratio,-0.155
13,EMDE: Infrastructure investment,Primary deficit-to-GDP ratio,-0.165
14,EMDE: Infrastructure investment,Primary deficit-to-GDP ratio,-0.176
15,EMDE: Infrastructure investment,Primary deficit-to-GDP ratio,-0.187
16,EMDE: Infrastructure investment,Primary deficit-to-GDP ratio,-0.198
17,EMDE: Infrastructure investment,Primary deficit-to-GDP ratio,-0.209
18,EMDE: Infrastructure investment,Primary deficit-to-GDP ratio,-0.22
19,EMDE: Infrastructure investment,Primary deficit-to-GDP ratio,-0.231
20,EMDE: Infrastructure investment,Primary deficit-to-GDP ratio,-0.243
21,EMDE: Infrastructure investment,Primary deficit-to-GDP ratio,-0.254
22,EMDE: Infrastructure investment,Primary deficit-to-GDP ratio,-0.266
23,EMDE: Infrastructure investment,Primary deficit-to-GDP ratio,-0.278
24,EMDE: Infrastructure investment,Primary deficit-to-GDP ratio,-0.29
25,EMDE: Infrastructure investment,Primary deficit-to-GDP ratio,-0.301
26,EMDE: Infrastructure investment,Primary deficit-to-GDP ratio,-0.313
27,EMDE: Infrastructure investment,Primary deficit-to-GDP ratio,-0.325
28,EMDE: Infrastructure investment,Primary deficit-to-GDP ratio,-0.336
29,EMDE: Infrastructure investment,Primary deficit-to-GDP ratio,-0.348
30,EMDE: Infrastructure investment,Primary deficit-to-GDP ratio,-0.359
31,EMDE: Infrastructure investment,Primary deficit-to-GDP ratio,-0.371
32,EMDE: Infrastructure investment,Primary deficit-to-GDP ratio,-0.382
33,EMDE: Infrastructure investment,Primary deficit-to-GDP ratio,-0.394
34,EMDE: Infrastructure investment,Primary deficit-to-GDP ratio,-0.405
35,EMDE: Infrastructure investment,Primary deficit-to-GDP ratio,-0.416
36,EMDE: Infrastructure investment,Primary deficit-to-GDP ratio,-0.427
37,EMDE: Infrastructure investment,Primary deficit-to-GDP ratio,-0.438
38,EMDE: Infrastructure investment,Primary deficit-to-GDP ratio,-0.449
39,EMDE: Infrastructure investment,Primary deficit-to-GDP ratio,-0.459
40,EMDE: Infrastructure investment,Primary deficit-to-GDP ratio,-0.47
41,EMDE: Infrastructure investment,Primary deficit-to-GDP ratio,-0.48
42,EMDE: Infrastructure investment,Primary deficit-to-GDP ratio,-0.491
43,EMDE: Infrastructure investment,Primary deficit-to-GDP ratio,-0.501
44,EMDE: Infrastructure investment,Primary deficit-to-GDP ratio,-0.511
45,EMDE: Infrastructure investment,Primary deficit-to-GDP ratio,-0.521
46,EMDE: Infrastructure investment,Primary deficit-to-GDP ratio,-0.531
47,EMDE: Infrastructure investment,Primary deficit-to-GDP ratio,-0.54
48,EMDE: Infrastructure investment,Primary deficit-to-GDP ratio,-0.55
49,EMDE: Infrastructure investment,Primary deficit-to-GDP ratio,-0.559
50,EMDE: Infrastructure investment,Primary deficit-to-GDP ratio,-0.569
51,EMDE: Infrastructure investment,Primary deficit-to-GDP ratio,-0.578
52,EMDE: Infrastructure investment,Primary deficit-to-GDP ratio,-0.587
53,EMDE: Infrastructure investment,Primary deficit-to-GDP ratio,-0.596
54,EMDE: Infrastructure investment,Primary deficit-to-GDP ratio,-0.604
55,EMDE: Infrastructure investment,Primary deficit-to-GDP ratio,-0.613
56,EMDE: Infrastructure investment,Primary deficit-to-GDP ratio,-0.621
57,EMDE: Infrastructure investment,Primary deficit-to-GDP ratio,-0.63
58,EMDE: Infrastructure investment,Primary deficit-to-GDP ratio,-0.638
59,EMDE: Infrastructure investment,Primary deficit-to-GDP ratio,-0.646
60,EMDE: Infrastructure investment,Primary deficit-to-GDP ratio,-0.654
61,EMDE: Infrastructure investment,Primary deficit-to-GDP ratio,-0.661
62,EMDE: Infrastructure investment,Primary deficit-to-GDP ratio,-0.669
63,EMDE: Infrastructure investment,Primary deficit-to-GDP ratio,-0.677
64,EMDE: Infrastructure investment,Primary deficit-to-GDP ratio,-0.684
65,EMDE: Infrastructure investment,Primary deficit-to-GDP ratio,-0.691
66,EMDE: Infrastructure investment,Primary deficit-to-GDP ratio,-0.698
67,EMDE: Infrastructure investment,Primary deficit-to-GDP ratio,-0.705
68,EMDE: Infrastructure investment,Primary deficit-to-GDP ratio,-0.712
69,EMDE: Infrastructure investment,Primary deficit-to-GDP ratio,-0.719
70,EMDE: Infrastructure investment,Primary deficit-to-GDP ratio,-0.725
71,EMDE: Infrastructure investment,Primary deficit-to-GDP ratio,-0.732
72,EMDE: Infrastructure investment,Primary deficit-to-GDP ratio,-0.738
73,EMDE: Infrastructure investment,Primary deficit-to-GDP ratio,-0.745
74,EMDE: Infrastructure investment,Primary deficit-to-GDP ratio,-0.751
75,EMDE: Infrastructure investment,Primary deficit-to-GDP ratio,-0.757
76,EMDE: Infrastructure investment,Primary deficit-to-GDP ratio,-0.763
77,EMDE: Infrastructure investment,Primary deficit-to-GDP ratio,-0.768
78,EMDE: Infrastructure investment,Primary deficit-to-GDP ratio,-0.774
79,EMDE: Infrastructure investment,Primary deficit-to-GDP ratio,-0.78
80,EMDE: Infrastructure investment,Primary deficit-to-GDP ratio,-0.785
81,EMDE: Infrastructure investment,Primary deficit-to-GDP ratio,-0.79
82,EMDE: Infrastructure investment,Primary deficit-to-GDP ratio,-0.796
83,EMDE: Infrastructure investment,Primary deficit-to-GDP ratio,-0.801
84,EMDE: Infrastructure investment,Primary deficit-to-GDP ratio,-0.806
85,EMDE: Infrastructure investment,Primary deficit-to-GDP ratio,-0.811
86,EMDE: Infrastructure investment,Primary deficit-to-GDP ratio,-0.816
87,EMDE: Infrastructure investment,Primary deficit-to-GDP ratio,-0.821
88,EMDE: Infrastructure investment,Primary deficit-to-GDP ratio,-0.825
89,EMDE: Infrastructure investment,Primary deficit-to-GDP ratio,-0.83
90,EMDE: Infrastructure investment,Primary deficit-to-GDP ratio,-0.834
91,EMDE: Infrastructure investment,Primary deficit-to-GDP ratio,-0.839
92,EMDE: Infrastructure investment,Primary deficit-to-GDP ratio,-0.843
93,EMDE: Infrastructure investment,Primary deficit-to-GDP ratio,-0.848
94,EMDE: Infrastructure investment,Primary deficit-to-GDP ratio,-0.852
95,EMDE: Infrastructure investment,Primary deficit-to-GDP ratio,-0.856
96,EMDE: Infrastructure investment,Primary deficit-to-GDP ratio,-0.86
97,EMDE: Infrastructure investment,Primary deficit-to-GDP ratio,-0.864
98,EMDE: Infrastructure investment,Primary deficit-to-GDP ratio,-0.868
99,EMDE: Infrastructure investment,Primary deficit-to-GDP ratio,-0.872
100,EMDE: Infrastructure investment,Primary deficit-to-GDP ratio,-0.876
1,EMDE: Human capital investment,Primary deficit-to-GDP ratio,-0.294
2,EMDE: Human capital investment,Primary deficit-to-GDP ratio,-0.098
3,EMDE: Human capital investment,Primary deficit-to-GDP ratio,-0.113
4,EMDE: Human capital investment,Primary deficit-to-GDP ratio,-0.108
5,EMDE: Human capital investment,Primary deficit-to-GDP ratio,-0.102
6,EMDE: Human capital investment,Primary deficit-to-GDP ratio,-0.096
7,EMDE: Human capital investment,Primary deficit-to-GDP ratio,-0.091
8,EMDE: Human capital investment,Primary deficit-to-GDP ratio,-0.086
9,EMDE: Human capital investment,Primary deficit-to-GDP ratio,-0.082
10,EMDE: Human capital investment,Primary deficit-to-GDP ratio,-0.078
11,EMDE: Human capital investment,Primary deficit-to-GDP ratio,-0.075
12,EMDE: Human capital investment,Primary deficit-to-GDP ratio,-0.073
13,EMDE: Human capital investment,Primary deficit-to-GDP ratio,-0.072
14,EMDE: Human capital investment,Primary deficit-to-GDP ratio,-0.071
15,EMDE: Human capital investment,Primary deficit-to-GDP ratio,-0.071
16,EMDE: Human capital investment,Primary deficit-to-GDP ratio,-0.072
17,EMDE: Human capital investment,Primary deficit-to-GDP ratio,-0.073
18,EMDE: Human capital investment,Primary deficit-to-GDP ratio,-0.075
19,EMDE: Human capital investment,Primary deficit-to-GDP ratio,-0.078
20,EMDE: Human capital investment,Primary deficit-to-GDP ratio,-0.081
21,EMDE: Human capital investment,Primary deficit-to-GDP ratio,-0.086
22,EMDE: Human capital investment,Primary deficit-to-GDP ratio,-0.09
23,EMDE: Human capital investment,Primary deficit-to-GDP ratio,-0.096
24,EMDE: Human capital investment,Primary deficit-to-GDP ratio,-0.102
25,EMDE: Human capital investment,Primary deficit-to-GDP ratio,-0.108
26,EMDE: Human capital investment,Primary deficit-to-GDP ratio,-0.115
27,EMDE: Human capital investment,Primary deficit-to-GDP ratio,-0.122
28,EMDE: Human capital investment,Primary deficit-to-GDP ratio,-0.13
29,EMDE: Human capital investment,Primary deficit-to-GDP ratio,-0.139
30,EMDE: Human capital investment,Primary deficit-to-GDP ratio,-0.148
31,EMDE: Human capital investment,Primary deficit-to-GDP ratio,-0.157
32,EMDE: Human capital investment,Primary deficit-to-GDP ratio,-0.167
33,EMDE: Human capital investment,Primary deficit-to-GDP ratio,-0.177
34,EMDE: Human capital investment,Primary deficit-to-GDP ratio,-0.187
35,EMDE: Human capital investment,Primary deficit-to-GDP ratio,-0.198
36,EMDE: Human capital investment,Primary deficit-to-GDP ratio,-0.209
37,EMDE: Human capital investment,Primary deficit-to-GDP ratio,-0.22
38,EMDE: Human capital investment,Primary deficit-to-GDP ratio,-0.231
39,EMDE: Human capital investment,Primary deficit-to-GDP ratio,-0.243
40,EMDE: Human capital investment,Primary deficit-to-GDP ratio,-0.255
41,EMDE: Human capital investment,Primary deficit-to-GDP ratio,-0.267
42,EMDE: Human capital investment,Primary deficit-to-GDP ratio,-0.279
43,EMDE: Human capital investment,Primary deficit-to-GDP ratio,-0.291
44,EMDE: Human capital investment,Primary deficit-to-GDP ratio,-0.304
45,EMDE: Human capital investment,Primary deficit-to-GDP ratio,-0.316
46,EMDE: Human capital investment,Primary deficit-to-GDP ratio,-0.329
47,EMDE: Human capital investment,Primary deficit-to-GDP ratio,-0.342
48,EMDE: Human capital investment,Primary deficit-to-GDP ratio,-0.355
49,EMDE: Human capital investment,Primary deficit-to-GDP ratio,-0.368
50,EMDE: Human capital investment,Primary deficit-to-GDP ratio,-0.38
51,EMDE: Human capital investment,Primary deficit-to-GDP ratio,-0.393
52,EMDE: Human capital investment,Primary deficit-to-GDP ratio,-0.406
53,EMDE: Human capital investment,Primary deficit-to-GDP ratio,-0.419
54,EMDE: Human capital investment,Primary deficit-to-GDP ratio,-0.432
55,EMDE: Human capital investment,Primary deficit-to-GDP ratio,-0.445
56,EMDE: Human capital investment,Primary deficit-to-GDP ratio,-0.457
57,EMDE: Human capital investment,Primary deficit-to-GDP ratio,-0.47
58,EMDE: Human capital investment,Primary deficit-to-GDP ratio,-0.483
59,EMDE: Human capital investment,Primary deficit-to-GDP ratio,-0.495
60,EMDE: Human capital investment,Primary deficit-to-GDP ratio,-0.508
61,EMDE: Human capital investment,Primary deficit-to-GDP ratio,-0.52
62,EMDE: Human capital investment,Primary deficit-to-GDP ratio,-0.532
63,EMDE: Human capital investment,Primary deficit-to-GDP ratio,-0.545
64,EMDE: Human capital investment,Primary deficit-to-GDP ratio,-0.557
65,EMDE: Human capital investment,Primary deficit-to-GDP ratio,-0.569
66,EMDE: Human capital investment,Primary deficit-to-GDP ratio,-0.58
67,EMDE: Human capital investment,Primary deficit-to-GDP ratio,-0.592
68,EMDE: Human capital investment,Primary deficit-to-GDP ratio,-0.604
69,EMDE: Human capital investment,Primary deficit-to-GDP ratio,-0.615
70,EMDE: Human capital investment,Primary deficit-to-GDP ratio,-0.626
71,EMDE: Human capital investment,Primary deficit-to-GDP ratio,-0.637
72,EMDE: Human capital investment,Primary deficit-to-GDP ratio,-0.648
73,EMDE: Human capital investment,Primary deficit-to-GDP ratio,-0.659
74,EMDE: Human capital investment,Primary deficit-to-GDP ratio,-0.67
75,EMDE: Human capital investment,Primary deficit-to-GDP ratio,-0.68
76,EMDE: Human capital investment,Primary deficit-to-GDP ratio,-0.691
77,EMDE: Human capital investment,Primary deficit-to-GDP ratio,-0.701
78,EMDE: Human capital investment,Primary deficit-to-GDP ratio,-0.711
79,EMDE: Human capital investment,Primary deficit-to-GDP ratio,-0.721
80,EMDE: Human capital investment,Primary deficit-to-GDP ratio,-0.73
81,EMDE: Human capital investment,Primary deficit-to-GDP ratio,-0.74
82,EMDE: Human capital investment,Primary deficit-to-GDP ratio,-0.749
83,EMDE: Human capital investment,Primary deficit-to-GDP ratio,-0.758
84,EMDE: Human capital investment,Primary deficit-to-GDP ratio,-0.767
85,EMDE: Human capital investment,Primary deficit-to-GDP ratio,-0.776
86,EMDE: Human capital investment,Primary deficit-to-GDP ratio,-0.785
87,EMDE: Human capital investment,Primary deficit-to-GDP ratio,-0.793
88,EMDE: Human capital investment,Primary deficit-to-GDP ratio,-0.801
89,EMDE: Human capital investment,Primary deficit-to-GDP ratio,-0.809
90,EMDE: Human capital investment,Primary deficit-to-GDP ratio,-0.817
91,EMDE: Human capital investment,Primary deficit-to-GDP ratio,-0.825
92,EMDE: Human capital investment,Primary deficit-to-GDP ratio,-0.833
93,EMDE: Human capital investment,Primary deficit-to-GDP ratio,-0.84
94,EMDE: Human capital investment,Primary deficit-to-GDP ratio,-0.847
95,EMDE: Human capital investment,Primary deficit-to-GDP ratio,-0.854
96,EMDE: Human capital investment,Primary deficit-to-GDP ratio,-0.861
97,EMDE: Human capital investment,Primary deficit-to-GDP ratio,-0.868
98,EMDE: Human capital investment,Primary deficit-to-GDP ratio,-0.875
99,EMDE: Human capital investment,Primary deficit-to-GDP ratio,-0.881
100,EMDE: Human capital investment,Primary deficit-to-GDP ratio,-0.887
1,EMDE: Infrastructure investment,Transfers-to-GDP ratio,0.0
2,EMDE: Infrastructure investment,Transfers-to-GDP ratio,0.019
3,EMDE: Infrastructure investment,Transfers-to-GDP ratio,0.002
4,EMDE: Infrastructure investment,Transfers-to-GDP ratio,0.005
5,EMDE: Infrastructure investment,Transfers-to-GDP ratio,0.007
6,EMDE: Infrastructure investment,Transfers-to-GDP ratio,0.01
7,EMDE: Infrastructure investment,Transfers-to-GDP ratio,0.012
8,EMDE: Infrastructure investment,Transfers-to-GDP ratio,0.014
9,EMDE: Infrastructure investment,Transfers-to-GDP ratio,0.016
10,EMDE: Infrastructure investment,Transfers-to-GDP ratio,0.018
11,EMDE: Infrastructure investment,Transfers-to-GDP ratio,0.02
12,EMDE: Infrastructure investment,Transfers-to-GDP ratio,0.022
13,EMDE: Infrastructure investment,Transfers-to-GDP ratio,0.025
14,EMDE: Infrastructure investment,Transfers-to-GDP ratio,0.027
15,EMDE: Infrastructure investment,Transfers-to-GDP ratio,0.029
16,EMDE: Infrastructure investment,Transfers-to-GDP ratio,0.031
17,EMDE: Infrastructure investment,Transfers-to-GDP ratio,0.033
18,EMDE: Infrastructure investment,Transfers-to-GDP ratio,0.036
19,EMDE: Infrastructure investment,Transfers-to-GDP ratio,0.038
20,EMDE: Infrastructure investment,Transfers-to-GDP ratio,0.04
21,EMDE: Infrastructure investment,Transfers-to-GDP ratio,0.043
22,EMDE: Infrastructure investment,Transfers-to-GDP ratio,0.045
23,EMDE: Infrastructure investment,Transfers-to-GDP ratio,0.048
24,EMDE: Infrastructure investment,Transfers-to-GDP ratio,0.05
25,EMDE: Infrastructure investment,Transfers-to-GDP ratio,0.053
26,EMDE: Infrastructure investment,Transfers-to-GDP ratio,0.056
27,EMDE: Infrastructure investment,Transfers-to-GDP ratio,0.059
28,EMDE: Infrastructure investment,Transfers-to-GDP ratio,0.062
29,EMDE: Infrastructure investment,Transfers-to-GDP ratio,0.065
30,EMDE: Infrastructure investment,Transfers-to-GDP ratio,0.068
31,EMDE: Infrastructure investment,Transfers-to-GDP ratio,0.071
32,EMDE: Infrastructure investment,Transfers-to-GDP ratio,0.075
33,EMDE: Infrastructure investment,Transfers-to-GDP ratio,0.078
34,EMDE: Infrastructure investment,Transfers-to-GDP ratio,0.082
35,EMDE: Infrastructure investment,Transfers-to-GDP ratio,0.086
36,EMDE: Infrastructure investment,Transfers-to-GDP ratio,0.089
37,EMDE: Infrastructure investment,Transfers-to-GDP ratio,0.093
38,EMDE: Infrastructure investment,Transfers-to-GDP ratio,0.097
39,EMDE: Infrastructure investment,Transfers-to-GDP ratio,0.101
40,EMDE: Infrastructure investment,Transfers-to-GDP ratio,0.105
41,EMDE: Infrastructure investment,Transfers-to-GDP ratio,0.109
42,EMDE: Infrastructure investment,Transfers-to-GDP ratio,0.114
43,EMDE: Infrastructure investment,Transfers-to-GDP ratio,0.118
44,EMDE: Infrastructure investment,Transfers-to-GDP ratio,0.123
45,EMDE: Infrastructure investment,Transfers-to-GDP ratio,0.127
46,EMDE: Infrastructure investment,Transfers-to-GDP ratio,0.132
47,EMDE: Infrastructure investment,Transfers-to-GDP ratio,0.137
48,EMDE: Infrastructure investment,Transfers-to-GDP ratio,0.142
49,EMDE: Infrastructure investment,Transfers-to-GDP ratio,0.147
50,EMDE: Infrastructure investment,Transfers-to-GDP ratio,0.152
51,EMDE: Infrastructure investment,Transfers-to-GDP ratio,0.157
52,EMDE: Infrastructure investment,Transfers-to-GDP ratio,0.162
53,EMDE: Infrastructure investment,Transfers-to-GDP ratio,0.167
54,EMDE: Infrastructure investment,Transfers-to-GDP ratio,0.173
55,EMDE: Infrastructure investment,Transfers-to-GDP ratio,0.178
56,EMDE: Infrastructure investment,Transfers-to-GDP ratio,0.184
57,EMDE: Infrastructure investment,Transfers-to-GDP ratio,0.19
58,EMDE: Infrastructure investment,Transfers-to-GDP ratio,0.195
59,EMDE: Infrastructure investment,Transfers-to-GDP ratio,0.201
60,EMDE: Infrastructure investment,Transfers-to-GDP ratio,0.207
61,EMDE: Infrastructure investment,Transfers-to-GDP ratio,0.213
62,EMDE: Infrastructure investment,Transfers-to-GDP ratio,0.219
63,EMDE: Infrastructure investment,Transfers-to-GDP ratio,0.225
64,EMDE: Infrastructure investment,Transfers-to-GDP ratio,0.232
65,EMDE: Infrastructure investment,Transfers-to-GDP ratio,0.238
66,EMDE: Infrastructure investment,Transfers-to-GDP ratio,0.244
67,EMDE: Infrastructure investment,Transfers-to-GDP ratio,0.251
68,EMDE: Infrastructure investment,Transfers-to-GDP ratio,0.257
69,EMDE: Infrastructure investment,Transfers-to-GDP ratio,0.264
70,EMDE: Infrastructure investment,Transfers-to-GDP ratio,0.27
71,EMDE: Infrastructure investment,Transfers-to-GDP ratio,0.277
72,EMDE: Infrastructure investment,Transfers-to-GDP ratio,0.284
73,EMDE: Infrastructure investment,Transfers-to-GDP ratio,0.291
74,EMDE: Infrastructure investment,Transfers-to-GDP ratio,0.298
75,EMDE: Infrastructure investment,Transfers-to-GDP ratio,0.305
76,EMDE: Infrastructure investment,Transfers-to-GDP ratio,0.312
77,EMDE: Infrastructure investment,Transfers-to-GDP ratio,0.319
78,EMDE: Infrastructure investment,Transfers-to-GDP ratio,0.326
79,EMDE: Infrastructure investment,Transfers-to-GDP ratio,0.333
80,EMDE: Infrastructure investment,Transfers-to-GDP ratio,0.341
81,EMDE: Infrastructure investment,Transfers-to-GDP ratio,0.348
82,EMDE: Infrastructure investment,Transfers-to-GDP ratio,0.356
83,EMDE: Infrastructure investment,Transfers-to-GDP ratio,0.363
84,EMDE: Infrastructure investment,Transfers-to-GDP ratio,0.371
85,EMDE: Infrastructure investment,Transfers-to-GDP ratio,0.378
86,EMDE: Infrastructure investment,Transfers-to-GDP ratio,0.386
87,EMDE: Infrastructure investment,Transfers-to-GDP ratio,0.394
88,EMDE: Infrastructure investment,Transfers-to-GDP ratio,0.401
89,EMDE: Infrastructure investment,Transfers-to-GDP ratio,0.409
90,EMDE: Infrastructure investment,Transfers-to-GDP ratio,0.417
91,EMDE: Infrastructure investment,Transfers-to-GDP ratio,0.425
92,EMDE: Infrastructure investment,Transfers-to-GDP ratio,0.433
93,EMDE: Infrastructure investment,Transfers-to-GDP ratio,0.441
94,EMDE: Infrastructure investment,Transfers-to-GDP ratio,0.449
95,EMDE: Infrastructure investment,Transfers-to-GDP ratio,0.458
96,EMDE: Infrastructure investment,Transfers-to-GDP ratio,0.466
97,EMDE: Infrastructure investment,Transfers-to-GDP ratio,0.474
98,EMDE: Infrastructure investment,Transfers-to-GDP ratio,0.482
99,EMDE: Infrastructure investment,Transfers-to-GDP ratio,0.491
100,EMDE: Infrastructure investment,Transfers-to-GDP ratio,0.499
1,EMDE: Human capital investment,Transfers-to-GDP ratio,0.0
2,EMDE: Human capital investment,Transfers-to-GDP ratio,0.038
3,EMDE: Human capital investment,Transfers-to-GDP ratio,0.023
4,EMDE: Human capital investment,Transfers-to-GDP ratio,0.022
5,EMDE: Human capital investment,Transfers-to-GDP ratio,0.021
6,EMDE: Human capital investment,Transfers-to-GDP ratio,0.019
7,EMDE: Human capital investment,Transfers-to-GDP ratio,0.018
8,EMDE: Human capital investment,Transfers-to-GDP ratio,0.018
9,EMDE: Human capital investment,Transfers-to-GDP ratio,0.017
10,EMDE: Human capital investment,Transfers-to-GDP ratio,0.016
11,EMDE: Human capital investment,Transfers-to-GDP ratio,0.016
12,EMDE: Human capital investment,Transfers-to-GDP ratio,0.016
13,EMDE: Human capital investment,Transfers-to-GDP ratio,0.016
14,EMDE: Human capital investment,Transfers-to-GDP ratio,0.016
15,EMDE: Human capital investment,Transfers-to-GDP ratio,0.016
16,EMDE: Human capital investment,Transfers-to-GDP ratio,0.017
17,EMDE: Human capital investment,Transfers-to-GDP ratio,0.017
18,EMDE: Human capital investment,Transfers-to-GDP ratio,0.018
19,EMDE: Human capital investment,Transfers-to-GDP ratio,0.018
20,EMDE: Human capital investment,Transfers-to-GDP ratio,0.019
21,EMDE: Human capital investment,Transfers-to-GDP ratio,0.019
22,EMDE: Human capital investment,Transfers-to-GDP ratio,0.02
23,EMDE: Human capital investment,Transfers-to-GDP ratio,0.021
24,EMDE: Human capital investment,Transfers-to-GDP ratio,0.022
25,EMDE: Human capital investment,Transfers-to-GDP ratio,0.023
26,EMDE: Human capital investment,Transfers-to-GDP ratio,0.024
27,EMDE: Human capital investment,Transfers-to-GDP ratio,0.026
28,EMDE: Human capital investment,Transfers-to-GDP ratio,0.027
29,EMDE: Human capital investment,Transfers-to-GDP ratio,0.028
30,EMDE: Human capital investment,Transfers-to-GDP ratio,0.03
31,EMDE: Human capital investment,Transfers-to-GDP ratio,0.031
32,EMDE: Human capital investment,Transfers-to-GDP ratio,0.033
33,EMDE: Human capital investment,Transfers-to-GDP ratio,0.034
34,EMDE: Human capital investment,Transfers-to-GDP ratio,0.036
35,EMDE: Human capital investment,Transfers-to-GDP ratio,0.038
36,EMDE: Human capital investment,Transfers-to-GDP ratio,0.04
37,EMDE: Human capital investment,Transfers-to-GDP ratio,0.042
38,EMDE: Human capital investment,Transfers-to-GDP ratio,0.044
39,EMDE: Human capital investment,Transfers-to-GDP ratio,0.046
40,EMDE: Human capital investment,Transfers-to-GDP ratio,0.049
41,EMDE: Human capital investment,Transfers-to-GDP ratio,0.051
42,EMDE: Human capital investment,Transfers-to-GDP ratio,0.053
43,EMDE: Human capital investment,Transfers-to-GDP ratio,0.056
44,EMDE: Human capital investment,Transfers-to-GDP ratio,0.059
45,EMDE: Human capital investment,Transfers-to-GDP ratio,0.062
46,EMDE: Human capital investment,Transfers-to-GDP ratio,0.065
47,EMDE: Human capital investment,Transfers-to-GDP ratio,0.068
48,EMDE: Human capital investment,Transfers-to-GDP ratio,0.071
49,EMDE: Human capital investment,Transfers-to-GDP ratio,0.074
50,EMDE: Human capital investment,Transfers-to-GDP ratio,0.077
51,EMDE: Human capital investment,Transfers-to-GDP ratio,0.081
52,EMDE: Human capital investment,Transfers-to-GDP ratio,0.084
53,EMDE: Human capital investment,Transfers-to-GDP ratio,0.088
54,EMDE: Human capital investment,Transfers-to-GDP ratio,0.092
55,EMDE: Human capital investment,Transfers-to-GDP ratio,0.096
56,EMDE: Human capital investment,Transfers-to-GDP ratio,0.1
57,EMDE: Human capital investment,Transfers-to-GDP ratio,0.104
58,EMDE: Human capital investment,Transfers-to-GDP ratio,0.108
59,EMDE: Human capital investment,Transfers-to-GDP ratio,0.113
60,EMDE: Human capital investment,Transfers-to-GDP ratio,0.117
61,EMDE: Human capital investment,Transfers-to-GDP ratio,0.122
62,EMDE: Human capital investment,Transfers-to-GDP ratio,0.127
63,EMDE: Human capital investment,Transfers-to-GDP ratio,0.131
64,EMDE: Human capital investment,Transfers-to-GDP ratio,0.136
65,EMDE: Human capital investment,Transfers-to-GDP ratio,0.141
66,EMDE: Human capital investment,Transfers-to-GDP ratio,0.147
67,EMDE: Human capital investment,Transfers-to-GDP ratio,0.152
68,EMDE: Human capital investment,Transfers-to-GDP ratio,0.157
69,EMDE: Human capital investment,Transfers-to-GDP ratio,0.163
70,EMDE: Human capital investment,Transfers-to-GDP ratio,0.168
71,EMDE: Human capital investment,Transfers-to-GDP ratio,0.174
72,EMDE: Human capital investment,Transfers-to-GDP ratio,0.18
73,EMDE: Human capital investment,Transfers-to-GDP ratio,0.186
74,EMDE: Human capital investment,Transfers-to-GDP ratio,0.192
75,EMDE: Human capital investment,Transfers-to-GDP ratio,0.198
76,EMDE: Human capital investment,Transfers-to-GDP ratio,0.204
77,EMDE: Human capital investment,Transfers-to-GDP ratio,0.21
78,EMDE: Human capital investment,Transfers-to-GDP ratio,0.217
79,EMDE: Human capital investment,Transfers-to-GDP ratio,0.223
80,EMDE: Human capital investment,Transfers-to-GDP ratio,0.23
81,EMDE: Human capital investment,Transfers-to-GDP ratio,0.236
82,EMDE: Human capital investment,Transfers-to-GDP ratio,0.243
83,EMDE: Human capital investment,Transfers-to-GDP ratio,0.25
84,EMDE: Human capital investment,Transfers-to-GDP ratio,0.257
85,EMDE: Human capital investment,Transfers-to-GDP ratio,0.264
86,EMDE: Human capital investment,Transfers-to-GDP ratio,0.271
87,EMDE: Human capital investment,Transfers-to-GDP ratio,0.278
88,EMDE: Human capital investment,Transfers-to-GDP ratio,0.285
89,EMDE: Human capital investment,Transfers-to-GDP ratio,0.293
90,EMDE: Human capital investment,Transfers-to-GDP ratio,0.3
91,EMDE: Human capital investment,Transfers-to-GDP ratio,0.308
92,EMDE: Human capital investment,Transfers-to-GDP ratio,0.315
93,EMDE: Human capital investment,Transfers-to-GDP ratio,0.323
94,EMDE: Human capital investment,Transfers-to-GDP ratio,0.331
95,EMDE: Human capital investment,Transfers-to-GDP ratio,0.339
96,EMDE: Human capital investment,Transfers-to-GDP ratio,0.347
97,EMDE: Human capital investment,Transfers-to-GDP ratio,0.355
98,EMDE: Human capital investment,Transfers-to-GDP ratio,0.363
99,EMDE: Human capital investment,Transfers-to-GDP ratio,0.371
100,EMDE: Human capital investment,Transfers-to-GDP ratio,0.379
1,EMDE: Infrastructure investment,Debt-to-GDP ratio (b<sub>t</sub>),-0.133
2,EMDE: Infrastructure investment,Debt-to-GDP ratio (b<sub>t</sub>),-0.152
3,EMDE: Infrastructure investment,Debt-to-GDP ratio (b<sub>t</sub>),-0.173
4,EMDE: Infrastructure investment,Debt-to-GDP ratio (b<sub>t</sub>),-0.191
5,EMDE: Infrastructure investment,Debt-to-GDP ratio (b<sub>t</sub>),-0.205
6,EMDE: Infrastructure investment,Debt-to-GDP ratio (b<sub>t</sub>),-0.218
7,EMDE: Infrastructure investment,Debt-to-GDP ratio (b<sub>t</sub>),-0.229
8,EMDE: Infrastructure investment,Debt-to-GDP ratio (b<sub>t</sub>),-0.239
9,EMDE: Infrastructure investment,Debt-to-GDP ratio (b<sub>t</sub>),-0.248
10,EMDE: Infrastructure investment,Debt-to-GDP ratio (b<sub>t</sub>),-0.256
11,EMDE: Infrastructure investment,Debt-to-GDP ratio (b<sub>t</sub>),-0.264
12,EMDE: Infrastructure investment,Debt-to-GDP ratio (b<sub>t</sub>),-0.273
13,EMDE: Infrastructure investment,Debt-to-GDP ratio (b<sub>t</sub>),-0.282
14,EMDE: Infrastructure investment,Debt-to-GDP ratio (b<sub>t</sub>),-0.291
15,EMDE: Infrastructure investment,Debt-to-GDP ratio (b<sub>t</sub>),-0.301
16,EMDE: Infrastructure investment,Debt-to-GDP ratio (b<sub>t</sub>),-0.313
17,EMDE: Infrastructure investment,Debt-to-GDP ratio (b<sub>t</sub>),-0.325
18,EMDE: Infrastructure investment,Debt-to-GDP ratio (b<sub>t</sub>),-0.34
19,EMDE: Infrastructure investment,Debt-to-GDP ratio (b<sub>t</sub>),-0.355
20,EMDE: Infrastructure investment,Debt-to-GDP ratio (b<sub>t</sub>),-0.373
21,EMDE: Infrastructure investment,Debt-to-GDP ratio (b<sub>t</sub>),-0.392
22,EMDE: Infrastructure investment,Debt-to-GDP ratio (b<sub>t</sub>),-0.414
23,EMDE: Infrastructure investment,Debt-to-GDP ratio (b<sub>t</sub>),-0.438
24,EMDE: Infrastructure investment,Debt-to-GDP ratio (b<sub>t</sub>),-0.464
25,EMDE: Infrastructure investment,Debt-to-GDP ratio (b<sub>t</sub>),-0.492
26,EMDE: Infrastructure investment,Debt-to-GDP ratio (b<sub>t</sub>),-0.523
27,EMDE: Infrastructure investment,Debt-to-GDP ratio (b<sub>t</sub>),-0.556
28,EMDE: Infrastructure investment,Debt-to-GDP ratio (b<sub>t</sub>),-0.592
29,EMDE: Infrastructure investment,Debt-to-GDP ratio (b<sub>t</sub>),-0.63
30,EMDE: Infrastructure investment,Debt-to-GDP ratio (b<sub>t</sub>),-0.671
31,EMDE: Infrastructure investment,Debt-to-GDP ratio (b<sub>t</sub>),-0.715
32,EMDE: Infrastructure investment,Debt-to-GDP ratio (b<sub>t</sub>),-0.761
33,EMDE: Infrastructure investment,Debt-to-GDP ratio (b<sub>t</sub>),-0.81
34,EMDE: Infrastructure investment,Debt-to-GDP ratio (b<sub>t</sub>),-0.862
35,EMDE: Infrastructure investment,Debt-to-GDP ratio (b<sub>t</sub>),-0.917
36,EMDE: Infrastructure investment,Debt-to-GDP ratio (b<sub>t</sub>),-0.974
37,EMDE: Infrastructure investment,Debt-to-GDP ratio (b<sub>t</sub>),-1.034
38,EMDE: Infrastructure investment,Debt-to-GDP ratio (b<sub>t</sub>),-1.097
39,EMDE: Infrastructure investment,Debt-to-GDP ratio (b<sub>t</sub>),-1.163
40,EMDE: Infrastructure investment,Debt-to-GDP ratio (b<sub>t</sub>),-1.232
41,EMDE: Infrastructure investment,Debt-to-GDP ratio (b<sub>t</sub>),-1.304
42,EMDE: Infrastructure investment,Debt-to-GDP ratio (b<sub>t</sub>),-1.378
43,EMDE: Infrastructure investment,Debt-to-GDP ratio (b<sub>t</sub>),-1.455
44,EMDE: Infrastructure investment,Debt-to-GDP ratio (b<sub>t</sub>),-1.535
45,EMDE: Infrastructure investment,Debt-to-GDP ratio (b<sub>t</sub>),-1.618
46,EMDE: Infrastructure investment,Debt-to-GDP ratio (b<sub>t</sub>),-1.704
47,EMDE: Infrastructure investment,Debt-to-GDP ratio (b<sub>t</sub>),-1.792
48,EMDE: Infrastructure investment,Debt-to-GDP ratio (b<sub>t</sub>),-1.883
49,EMDE: Infrastructure investment,Debt-to-GDP ratio (b<sub>t</sub>),-1.977
50,EMDE: Infrastructure investment,Debt-to-GDP ratio (b<sub>t</sub>),-2.074
51,EMDE: Infrastructure investment,Debt-to-GDP ratio (b<sub>t</sub>),-2.173
52,EMDE: Infrastructure investment,Debt-to-GDP ratio (b<sub>t</sub>),-2.275
53,EMDE: Infrastructure investment,Debt-to-GDP ratio (b<sub>t</sub>),-2.38
54,EMDE: Infrastructure investment,Debt-to-GDP ratio (b<sub>t</sub>),-2.487
55,EMDE: Infrastructure investment,Debt-to-GDP ratio (b<sub>t</sub>),-2.597
56,EMDE: Infrastructure investment,Debt-to-GDP ratio (b<sub>t</sub>),-2.71
57,EMDE: Infrastructure investment,Debt-to-GDP ratio (b<sub>t</sub>),-2.825
58,EMDE: Infrastructure investment,Debt-to-GDP ratio (b<sub>t</sub>),-2.942
59,EMDE: Infrastructure investment,Debt-to-GDP ratio (b<sub>t</sub>),-3.062
60,EMDE: Infrastructure investment,Debt-to-GDP ratio (b<sub>t</sub>),-3.185
61,EMDE: Infrastructure investment,Debt-to-GDP ratio (b<sub>t</sub>),-3.31
62,EMDE: Infrastructure investment,Debt-to-GDP ratio (b<sub>t</sub>),-3.437
63,EMDE: Infrastructure investment,Debt-to-GDP ratio (b<sub>t</sub>),-3.567
64,EMDE: Infrastructure investment,Debt-to-GDP ratio (b<sub>t</sub>),-3.7
65,EMDE: Infrastructure investment,Debt-to-GDP ratio (b<sub>t</sub>),-3.834
66,EMDE: Infrastructure investment,Debt-to-GDP ratio (b<sub>t</sub>),-3.971
67,EMDE: Infrastructure investment,Debt-to-GDP ratio (b<sub>t</sub>),-4.111
68,EMDE: Infrastructure investment,Debt-to-GDP ratio (b<sub>t</sub>),-4.252
69,EMDE: Infrastructure investment,Debt-to-GDP ratio (b<sub>t</sub>),-4.396
70,EMDE: Infrastructure investment,Debt-to-GDP ratio (b<sub>t</sub>),-4.542
71,EMDE: Infrastructure investment,Debt-to-GDP ratio (b<sub>t</sub>),-4.69
72,EMDE: Infrastructure investment,Debt-to-GDP ratio (b<sub>t</sub>),-4.841
73,EMDE: Infrastructure investment,Debt-to-GDP ratio (b<sub>t</sub>),-4.994
74,EMDE: Infrastructure investment,Debt-to-GDP ratio (b<sub>t</sub>),-5.148
75,EMDE: Infrastructure investment,Debt-to-GDP ratio (b<sub>t</sub>),-5.305
76,EMDE: Infrastructure investment,Debt-to-GDP ratio (b<sub>t</sub>),-5.464
77,EMDE: Infrastructure investment,Debt-to-GDP ratio (b<sub>t</sub>),-5.625
78,EMDE: Infrastructure investment,Debt-to-GDP ratio (b<sub>t</sub>),-5.788
79,EMDE: Infrastructure investment,Debt-to-GDP ratio (b<sub>t</sub>),-5.953
80,EMDE: Infrastructure investment,Debt-to-GDP ratio (b<sub>t</sub>),-6.12
81,EMDE: Infrastructure investment,Debt-to-GDP ratio (b<sub>t</sub>),-6.289
82,EMDE: Infrastructure investment,Debt-to-GDP ratio (b<sub>t</sub>),-6.46
83,EMDE: Infrastructure investment,Debt-to-GDP ratio (b<sub>t</sub>),-6.633
84,EMDE: Infrastructure investment,Debt-to-GDP ratio (b<sub>t</sub>),-6.808
85,EMDE: Infrastructure investment,Debt-to-GDP ratio (b<sub>t</sub>),-6.985
86,EMDE: Infrastructure investment,Debt-to-GDP ratio (b<sub>t</sub>),-7.163
87,EMDE: Infrastructure investment,Debt-to-GDP ratio (b<sub>t</sub>),-7.343
88,EMDE: Infrastructure investment,Debt-to-GDP ratio (b<sub>t</sub>),-7.526
89,EMDE: Infrastructure investment,Debt-to-GDP ratio (b<sub>t</sub>),-7.71
90,EMDE: Infrastructure investment,Debt-to-GDP ratio (b<sub>t</sub>),-7.895
91,EMDE: Infrastructure investment,Debt-to-GDP ratio (b<sub>t</sub>),-8.083
92,EMDE: Infrastructure investment,Debt-to-GDP ratio (b<sub>t</sub>),-8.272
93,EMDE: Infrastructure investment,Debt-to-GDP ratio (b<sub>t</sub>),-8.463
94,EMDE: Infrastructure investment,Debt-to-GDP ratio (b<sub>t</sub>),-8.656
95,EMDE: Infrastructure investment,Debt-to-GDP ratio (b<sub>t</sub>),-8.85
96,EMDE: Infrastructure investment,Debt-to-GDP ratio (b<sub>t</sub>),-9.046
97,EMDE: Infrastructure investment,Debt-to-GDP ratio (b<sub>t</sub>),-9.244
98,EMDE: Infrastructure investment,Debt-to-GDP ratio (b<sub>t</sub>),-9.444
99,EMDE: Infrastructure investment,Debt-to-GDP ratio (b<sub>t</sub>),-9.645
100,EMDE: Infrastructure investment,Debt-to-GDP ratio (b<sub>t</sub>),-9.848
1,EMDE: Human capital investment,Debt-to-GDP ratio (b<sub>t</sub>),-0.102
2,EMDE: Human capital investment,Debt-to-GDP ratio (b<sub>t</sub>),-0.115
3,EMDE: Human capital investment,Debt-to-GDP ratio (b<sub>t</sub>),-0.133
4,EMDE: Human capital investment,Debt-to-GDP ratio (b<sub>t</sub>),-0.153
5,EMDE: Human capital investment,Debt-to-GDP ratio (b<sub>t</sub>),-0.173
6,EMDE: Human capital investment,Debt-to-GDP ratio (b<sub>t</sub>),-0.193
7,EMDE: Human capital investment,Debt-to-GDP ratio (b<sub>t</sub>),-0.214
8,EMDE: Human capital investment,Debt-to-GDP ratio (b<sub>t</sub>),-0.234
9,EMDE: Human capital investment,Debt-to-GDP ratio (b<sub>t</sub>),-0.253
10,EMDE: Human capital investment,Debt-to-GDP ratio (b<sub>t</sub>),-0.271
11,EMDE: Human capital investment,Debt-to-GDP ratio (b<sub>t</sub>),-0.288
12,EMDE: Human capital investment,Debt-to-GDP ratio (b<sub>t</sub>),-0.304
13,EMDE: Human capital investment,Debt-to-GDP ratio (b<sub>t</sub>),-0.319
14,EMDE: Human capital investment,Debt-to-GDP ratio (b<sub>t</sub>),-0.332
15,EMDE: Human capital investment,Debt-to-GDP ratio (b<sub>t</sub>),-0.344
16,EMDE: Human capital investment,Debt-to-GDP ratio (b<sub>t</sub>),-0.355
17,EMDE: Human capital investment,Debt-to-GDP ratio (b<sub>t</sub>),-0.365
18,EMDE: Human capital investment,Debt-to-GDP ratio (b<sub>t</sub>),-0.373
19,EMDE: Human capital investment,Debt-to-GDP ratio (b<sub>t</sub>),-0.381
20,EMDE: Human capital investment,Debt-to-GDP ratio (b<sub>t</sub>),-0.388
21,EMDE: Human capital investment,Debt-to-GDP ratio (b<sub>t</sub>),-0.393
22,EMDE: Human capital investment,Debt-to-GDP ratio (b<sub>t</sub>),-0.399
23,EMDE: Human capital investment,Debt-to-GDP ratio (b<sub>t</sub>),-0.403
24,EMDE: Human capital investment,Debt-to-GDP ratio (b<sub>t</sub>),-0.407
25,EMDE: Human capital investment,Debt-to-GDP ratio (b<sub>t</sub>),-0.411
26,EMDE: Human capital investment,Debt-to-GDP ratio (b<sub>t</sub>),-0.415
27,EMDE: Human capital investment,Debt-to-GDP ratio (b<sub>t</sub>),-0.419
28,EMDE: Human capital investment,Debt-to-GDP ratio (b<sub>t</sub>),-0.424
29,EMDE: Human capital investment,Debt-to-GDP ratio (b<sub>t</sub>),-0.428
30,EMDE: Human capital investment,Debt-to-GDP ratio (b<sub>t</sub>),-0.433
31,EMDE: Human capital investment,Debt-to-GDP ratio (b<sub>t</sub>),-0.439
32,EMDE: Human capital investment,Debt-to-GDP ratio (b<sub>t</sub>),-0.446
33,EMDE: Human capital investment,Debt-to-GDP ratio (b<sub>t</sub>),-0.453
34,EMDE: Human capital investment,Debt-to-GDP ratio (b<sub>t</sub>),-0.462
35,EMDE: Human capital investment,Debt-to-GDP ratio (b<sub>t</sub>),-0.472
36,EMDE: Human capital investment,Debt-to-GDP ratio (b<sub>t</sub>),-0.483
37,EMDE: Human capital investment,Debt-to-GDP ratio (b<sub>t</sub>),-0.496
38,EMDE: Human capital investment,Debt-to-GDP ratio (b<sub>t</sub>),-0.51
39,EMDE: Human capital investment,Debt-to-GDP ratio (b<sub>t</sub>),-0.526
40,EMDE: Human capital investment,Debt-to-GDP ratio (b<sub>t</sub>),-0.544
41,EMDE: Human capital investment,Debt-to-GDP ratio (b<sub>t</sub>),-0.564
42,EMDE: Human capital investment,Debt-to-GDP ratio (b<sub>t</sub>),-0.587
43,EMDE: Human capital investment,Debt-to-GDP ratio (b<sub>t</sub>),-0.611
44,EMDE: Human capital investment,Debt-to-GDP ratio (b<sub>t</sub>),-0.637
45,EMDE: Human capital investment,Debt-to-GDP ratio (b<sub>t</sub>),-0.666
46,EMDE: Human capital investment,Debt-to-GDP ratio (b<sub>t</sub>),-0.698
47,EMDE: Human capital investment,Debt-to-GDP ratio (b<sub>t</sub>),-0.732
48,EMDE: Human capital investment,Debt-to-GDP ratio (b<sub>t</sub>),-0.768
49,EMDE: Human capital investment,Debt-to-GDP ratio (b<sub>t</sub>),-0.808
50,EMDE: Human capital investment,Debt-to-GDP ratio (b<sub>t</sub>),-0.85
51,EMDE: Human capital investment,Debt-to-GDP ratio (b<sub>t</sub>),-0.895
52,EMDE: Human capital investment,Debt-to-GDP ratio (b<sub>t</sub>),-0.942
53,EMDE: Human capital investment,Debt-to-GDP ratio (b<sub>t</sub>),-0.993
54,EMDE: Human capital investment,Debt-to-GDP ratio (b<sub>t</sub>),-1.047
55,EMDE: Human capital investment,Debt-to-GDP ratio (b<sub>t</sub>),-1.103
56,EMDE: Human capital investment,Debt-to-GDP ratio (b<sub>t</sub>),-1.163
57,EMDE: Human capital investment,Debt-to-GDP ratio (b<sub>t</sub>),-1.226
58,EMDE: Human capital investment,Debt-to-GDP ratio (b<sub>t</sub>),-1.292
59,EMDE: Human capital investment,Debt-to-GDP ratio (b<sub>t</sub>),-1.361
60,EMDE: Human capital investment,Debt-to-GDP ratio (b<sub>t</sub>),-1.433
61,EMDE: Human capital investment,Debt-to-GDP ratio (b<sub>t</sub>),-1.508
62,EMDE: Human capital investment,Debt-to-GDP ratio (b<sub>t</sub>),-1.587
63,EMDE: Human capital investment,Debt-to-GDP ratio (b<sub>t</sub>),-1.668
64,EMDE: Human capital investment,Debt-to-GDP ratio (b<sub>t</sub>),-1.753
65,EMDE: Human capital investment,Debt-to-GDP ratio (b<sub>t</sub>),-1.841
66,EMDE: Human capital investment,Debt-to-GDP ratio (b<sub>t</sub>),-1.933
67,EMDE: Human capital investment,Debt-to-GDP ratio (b<sub>t</sub>),-2.027
68,EMDE: Human capital investment,Debt-to-GDP ratio (b<sub>t</sub>),-2.125
69,EMDE: Human capital investment,Debt-to-GDP ratio (b<sub>t</sub>),-2.226
70,EMDE: Human capital investment,Debt-to-GDP ratio (b<sub>t</sub>),-2.331
71,EMDE: Human capital investment,Debt-to-GDP ratio (b<sub>t</sub>),-2.438
72,EMDE: Human capital investment,Debt-to-GDP ratio (b<sub>t</sub>),-2.549
73,EMDE: Human capital investment,Debt-to-GDP ratio (b<sub>t</sub>),-2.663
74,EMDE: Human capital investment,Debt-to-GDP ratio (b<sub>t</sub>),-2.78
75,EMDE: Human capital investment,Debt-to-GDP ratio (b<sub>t</sub>),-2.9
76,EMDE: Human capital investment,Debt-to-GDP ratio (b<sub>t</sub>),-3.023
77,EMDE: Human capital investment,Debt-to-GDP ratio (b<sub>t</sub>),-3.149
78,EMDE: Human capital investment,Debt-to-GDP ratio (b<sub>t</sub>),-3.279
79,EMDE: Human capital investment,Debt-to-GDP ratio (b<sub>t</sub>),-3.411
80,EMDE: Human capital investment,Debt-to-GDP ratio (b<sub>t</sub>),-3.547
81,EMDE: Human capital investment,Debt-to-GDP ratio (b<sub>t</sub>),-3.685
82,EMDE: Human capital investment,Debt-to-GDP ratio (b<sub>t</sub>),-3.827
83,EMDE: Human capital investment,Debt-to-GDP ratio (b<sub>t</sub>),-3.971
84,EMDE: Human capital investment,Debt-to-GDP ratio (b<sub>t</sub>),-4.118
85,EMDE: Human capital investment,Debt-to-GDP ratio (b<sub>t</sub>),-4.269
86,EMDE: Human capital investment,Debt-to-GDP ratio (b<sub>t</sub>),-4.422
87,EMDE: Human capital investment,Debt-to-GDP ratio (b<sub>t</sub>),-4.578
88,EMDE: Human capital investment,Debt-to-GDP ratio (b<sub>t</sub>),-4.736
89,EMDE: Human capital investment,Debt-to-GDP ratio (b<sub>t</sub>),-4.898
90,EMDE: Human capital investment,Debt-to-GDP ratio (b<sub>t</sub>),-5.062
91,EMDE: Human capital investment,Debt-to-GDP ratio (b<sub>t</sub>),-5.229
92,EMDE: Human capital investment,Debt-to-GDP ratio (b<sub>t</sub>),-5.398
93,EMDE: Human capital investment,Debt-to-GDP ratio (b<sub>t</sub>),-5.57
94,EMDE: Human capital investment,Debt-to-GDP ratio (b<sub>t</sub>),-5.745
95,EMDE: Human capital investment,Debt-to-GDP ratio (b<sub>t</sub>),-5.922
96,EMDE: Human capital investment,Debt-to-GDP ratio (b<sub>t</sub>),-6.102
97,EMDE: Human capital investment,Debt-to-GDP ratio (b<sub>t</sub>),-6.284
98,EMDE: Human capital investment,Debt-to-GDP ratio (b<sub>t</sub>),-6.469
99,EMDE: Human capital investment,Debt-to-GDP ratio (b<sub>t</sub>),-6.656
100,EMDE: Human capital investment,Debt-to-GDP ratio (b<sub>t</sub>),-6.845
