horizon_quarter,model,variable,pct_dev
1,Full model,Output (Y<sup>d</sup><sub>t</sub>),0.401
2,Full model,Output (Y<sup>d</sup><sub>t</sub>),0.21
3,Full model,Output (Y<sup>d</sup><sub>t</sub>),0.226
4,Full model,Output (Y<sup>d</sup><sub>t</sub>),0.235
5,Full model,Output (Y<sup>d</sup><sub>t</sub>),0.242
6,Full model,Output (Y<sup>d</sup><sub>t</sub>),0.248
7,Full model,Output (Y<sup>d</sup><sub>t</sub>),0.253
8,Full model,Output (Y<sup>d</sup><sub>t</sub>),0.259
9,Full model,Output (Y<sup>d</sup><sub>t</sub>),0.264
10,Full model,Output (Y<sup>d</sup><sub>t</sub>),0.27
11,Full model,Output (Y<sup>d</sup><sub>t</sub>),0.275
12,Full model,Output (Y<sup>d</sup><sub>t</sub>),0.28
13,Full model,Output (Y<sup>d</sup><sub>t</sub>),0.286
14,Full model,Output (Y<sup>d</sup><sub>t</sub>),0.291
15,Full model,Output (Y<sup>d</sup><sub>t</sub>),0.296
16,Full model,Output (Y<sup>d</sup><sub>t</sub>),0.301
17,Full model,Output (Y<sup>d</sup><sub>t</sub>),0.306
18,Full model,Output (Y<sup>d</sup><sub>t</sub>),0.311
19,Full model,Output (Y<sup>d</sup><sub>t</sub>),0.316
20,Full model,Output (Y<sup>d</sup><sub>t</sub>),0.321
21,Full model,Output (Y<sup>d</sup><sub>t</sub>),0.326
22,Full model,Output (Y<sup>d</sup><sub>t</sub>),0.33
23,Full model,Output (Y<sup>d</sup><sub>t</sub>),0.335
24,Full model,Output (Y<sup>d</sup><sub>t</sub>),0.34
25,Full model,Output (Y<sup>d</sup><sub>t</sub>),0.344
26,Full model,Output (Y<sup>d</sup><sub>t</sub>),0.349
27,Full model,Output (Y<sup>d</sup><sub>t</sub>),0.354
28,Full model,Output (Y<sup>d</sup><sub>t</sub>),0.358
29,Full model,Output (Y<sup>d</sup><sub>t</sub>),0.363
30,Full model,Output (Y<sup>d</sup><sub>t</sub>),0.367
31,Full model,Output (Y<sup>d</sup><sub>t</sub>),0.371
32,Full model,Output (Y<sup>d</sup><sub>t</sub>),0.376
33,Full model,Output (Y<sup>d</sup><sub>t</sub>),0.38
34,Full model,Output (Y<sup>d</sup><sub>t</sub>),0.384
35,Full model,Output (Y<sup>d</sup><sub>t</sub>),0.388
36,Full model,Output (Y<sup>d</sup><sub>t</sub>),0.393
37,Full model,Output (Y<sup>d</sup><sub>t</sub>),0.397
38,Full model,Output (Y<sup>d</sup><sub>t</sub>),0.401
39,Full model,Output (Y<sup>d</sup><sub>t</sub>),0.405
40,Full model,Output (Y<sup>d</sup><sub>t</sub>),0.409
41,Full model,Output (Y<sup>d</sup><sub>t</sub>),0.413
42,Full model,Output (Y<sup>d</sup><sub>t</sub>),0.416
43,Full model,Output (Y<sup>d</sup><sub>t</sub>),0.42
44,Full model,Output (Y<sup>d</sup><sub>t</sub>),0.424
45,Full model,Output (Y<sup>d</sup><sub>t</sub>),0.428
46,Full model,Output (Y<sup>d</sup><sub>t</sub>),0.432
47,Full model,Output (Y<sup>d</sup><sub>t</sub>),0.435
48,Full model,Output (Y<sup>d</sup><sub>t</sub>),0.439
49,Full model,Output (Y<sup>d</sup><sub>t</sub>),0.442
50,Full model,Output (Y<sup>d</sup><sub>t</sub>),0.446
51,Full model,Output (Y<sup>d</sup><sub>t</sub>),0.449
52,Full model,Output (Y<sup>d</sup><sub>t</sub>),0.453
53,Full model,Output (Y<sup>d</sup><sub>t</sub>),0.456
54,Full model,Output (Y<sup>d</sup><sub>t</sub>),0.46
55,Full model,Output (Y<sup>d</sup><sub>t</sub>),0.463
56,Full model,Output (Y<sup>d</sup><sub>t</sub>),0.466
57,Full model,Output (Y<sup>d</sup><sub>t</sub>),0.47
58,Full model,Output (Y<sup>d</sup><sub>t</sub>),0.473
59,Full model,Output (Y<sup>d</sup><sub>t</sub>),0.476
60,Full model,Output (Y<sup>d</sup><sub>t</sub>),0.479
61,Full model,Output (Y<sup>d</sup><sub>t</sub>),0.482
62,Full model,Output (Y<sup>d</sup><sub>t</sub>),0.485
63,Full model,Output (Y<sup>d</sup><sub>t</sub>),0.488
64,Full model,Output (Y<sup>d</sup><sub>t</sub>),0.491
65,Full model,Output (Y<sup>d</sup><sub>t</sub>),0.494
66,Full model,Output (Y<sup>d</sup><sub>t</sub>),0.497
67,Full model,Output (Y<sup>d</sup><sub>t</sub>),0.5
68,Full model,Output (Y<sup>d</sup><sub>t</sub>),0.503
69,Full model,Output (Y<sup>d</sup><sub>t</sub>),0.506
70,Full model,Output (Y<sup>d</sup><sub>t</sub>),0.509
71,Full model,Output (Y<sup>d</sup><sub>t</sub>),0.512
72,Full model,Output (Y<sup>d</sup><sub>t</sub>),0.514
73,Full model,Output (Y<sup>d</sup><sub>t</sub>),0.517
74,Full model,Output (Y<sup>d</sup><sub>t</sub>),0.52
75,Full model,Output (Y<sup>d</sup><sub>t</sub>),0.522
76,Full model,Output (Y<sup>d</sup><sub>t</sub>),0.525
77,Full model,Output (Y<sup>d</sup><sub>t</sub>),0.527
78,Full model,Output (Y<sup>d</sup><sub>t</sub>),0.53
79,Full model,Output (Y<sup>d</sup><sub>t</sub>),0.532
80,Full model,Output (Y<sup>d</sup><sub>t</sub>),0.535
81,Full model,Output (Y<sup>d</sup><sub>t</sub>),0.537
82,Full model,Output (Y<sup>d</sup><sub>t</sub>),0.54
83,Full model,Output (Y<sup>d</sup><sub>t</sub>),0.542
84,Full model,Output (Y<sup>d</sup><sub>t</sub>),0.545
85,Full model,Output (Y<sup>d</sup><sub>t</sub>),0.547
86,Full model,Output (Y<sup>d</sup><sub>t</sub>),0.549
87,Full model,Output (Y<sup>d</sup><sub>t</sub>),0.551
88,Full model,Output (Y<sup>d</sup><sub>t</sub>),0.554
89,Full model,Output (Y<sup>d</sup><sub>t</sub>),0.556
90,Full model,Output (Y<sup>d</sup><sub>t</sub>),0.558
91,Full model,Output (Y<sup>d</sup><sub>t</sub>),0.56
92,Full model,Output (Y<sup>d</sup><sub>t</sub>),0.562
93,Full model,Output (Y<sup>d</sup><sub>t</sub>),0.564
94,Full model,Output (Y<sup>d</sup><sub>t</sub>),0.567
95,Full model,Output (Y<sup>d</sup><sub>t</sub>),0.569
96,Full model,Output (Y<sup>d</sup><sub>t</sub>),0.571
97,Full model,Output (Y<sup>d</sup><sub>t</sub>),0.573
98,Full model,Output (Y<sup>d</sup><sub>t</sub>),0.575
99,Full model,Output (Y<sup>d</sup><sub>t</sub>),0.577
100,Full model,Output (Y<sup>d</sup><sub>t</sub>),0.578
1,No endogenous technology,Output (Y<sup>d</sup><sub>t</sub>),0.39
2,No endogenous technology,Output (Y<sup>d</sup><sub>t</sub>),0.211
3,No endogenous technology,Output (Y<sup>d</sup><sub>t</sub>),0.226
4,No endogenous technology,Output (Y<sup>d</sup><sub>t</sub>),0.234
5,No endogenous technology,Output (Y<sup>d</sup><sub>t</sub>),0.24
6,No endogenous technology,Output (Y<sup>d</sup><sub>t</sub>),0.245
7,No endogenous technology,Output (Y<sup>d</sup><sub>t</sub>),0.25
8,No endogenous technology,Output (Y<sup>d</sup><sub>t</sub>),0.255
9,No endogenous technology,Output (Y<sup>d</sup><sub>t</sub>),0.26
10,No endogenous technology,Output (Y<sup>d</sup><sub>t</sub>),0.265
11,No endogenous technology,Output (Y<sup>d</sup><sub>t</sub>),0.269
12,No endogenous technology,Output (Y<sup>d</sup><sub>t</sub>),0.274
13,No endogenous technology,Output (Y<sup>d</sup><sub>t</sub>),0.278
14,No endogenous technology,Output (Y<sup>d</sup><sub>t</sub>),0.282
15,No endogenous technology,Output (Y<sup>d</sup><sub>t</sub>),0.286
16,No endogenous technology,Output (Y<sup>d</sup><sub>t</sub>),0.29
17,No endogenous technology,Output (Y<sup>d</sup><sub>t</sub>),0.294
18,No endogenous technology,Output (Y<sup>d</sup><sub>t</sub>),0.298
19,No endogenous technology,Output (Y<sup>d</sup><sub>t</sub>),0.302
20,No endogenous technology,Output (Y<sup>d</sup><sub>t</sub>),0.305
21,No endogenous technology,Output (Y<sup>d</sup><sub>t</sub>),0.309
22,No endogenous technology,Output (Y<sup>d</sup><sub>t</sub>),0.312
23,No endogenous technology,Output (Y<sup>d</sup><sub>t</sub>),0.316
24,No endogenous technology,Output (Y<sup>d</sup><sub>t</sub>),0.319
25,No endogenous technology,Output (Y<sup>d</sup><sub>t</sub>),0.322
26,No endogenous technology,Output (Y<sup>d</sup><sub>t</sub>),0.325
27,No endogenous technology,Output (Y<sup>d</sup><sub>t</sub>),0.329
28,No endogenous technology,Output (Y<sup>d</sup><sub>t</sub>),0.332
29,No endogenous technology,Output (Y<sup>d</sup><sub>t</sub>),0.335
30,No endogenous technology,Output (Y<sup>d</sup><sub>t</sub>),0.337
31,No endogenous technology,Output (Y<sup>d</sup><sub>t</sub>),0.34
32,No endogenous technology,Output (Y<sup>d</sup><sub>t</sub>),0.343
33,No endogenous technology,Output (Y<sup>d</sup><sub>t</sub>),0.346
34,No endogenous technology,Output (Y<sup>d</sup><sub>t</sub>),0.348
35,No endogenous technology,Output (Y<sup>d</sup><sub>t</sub>),0.351
36,No endogenous technology,Output (Y<sup>d</sup><sub>t</sub>),0.353
37,No endogenous technology,Output (Y<sup>d</sup><sub>t</sub>),0.356
38,No endogenous technology,Output (Y<sup>d</sup><sub>t</sub>),0.358
39,No endogenous technology,Output (Y<sup>d</sup><sub>t</sub>),0.36
40,No endogenous technology,Output (Y<sup>d</sup><sub>t</sub>),0.363
41,No endogenous technology,Output (Y<sup>d</sup><sub>t</sub>),0.365
42,No endogenous technology,Output (Y<sup>d</sup><sub>t</sub>),0.367
43,No endogenous technology,Output (Y<sup>d</sup><sub>t</sub>),0.369
44,No endogenous technology,Output (Y<sup>d</sup><sub>t</sub>),0.371
45,No endogenous technology,Output (Y<sup>d</sup><sub>t</sub>),0.373
46,No endogenous technology,Output (Y<sup>d</sup><sub>t</sub>),0.375
47,No endogenous technology,Output (Y<sup>d</sup><sub>t</sub>),0.377
48,No endogenous technology,Output (Y<sup>d</sup><sub>t</sub>),0.379
49,No endogenous technology,Output (Y<sup>d</sup><sub>t</sub>),0.381
50,No endogenous technology,Output (Y<sup>d</sup><sub>t</sub>),0.382
51,No endogenous technology,Output (Y<sup>d</sup><sub>t</sub>),0.384
52,No endogenous technology,Output (Y<sup>d</sup><sub>t</sub>),0.386
53,No endogenous technology,Output (Y<sup>d</sup><sub>t</sub>),0.388
54,No endogenous technology,Output (Y<sup>d</sup><sub>t</sub>),0.389
55,No endogenous technology,Output (Y<sup>d</sup><sub>t</sub>),0.391
56,No endogenous technology,Output (Y<sup>d</sup><sub>t</sub>),0.392
57,No endogenous technology,Output (Y<sup>d</sup><sub>t</sub>),0.394
58,No endogenous technology,Output (Y<sup>d</sup><sub>t</sub>),0.395
59,No endogenous technology,Output (Y<sup>d</sup><sub>t</sub>),0.397
60,No endogenous technology,Output (Y<sup>d</sup><sub>t</sub>),0.398
61,No endogenous technology,Output (Y<sup>d</sup><sub>t</sub>),0.399
62,No endogenous technology,Output (Y<sup>d</sup><sub>t</sub>),0.401
63,No endogenous technology,Output (Y<sup>d</sup><sub>t</sub>),0.402
64,No endogenous technology,Output (Y<sup>d</sup><sub>t</sub>),0.403
65,No endogenous technology,Output (Y<sup>d</sup><sub>t</sub>),0.404
66,No endogenous technology,Output (Y<sup>d</sup><sub>t</sub>),0.406
67,No endogenous technology,Output (Y<sup>d</sup><sub>t</sub>),0.407
68,No endogenous technology,Output (Y<sup>d</sup><sub>t</sub>),0.408
69,No endogenous technology,Output (Y<sup>d</sup><sub>t</sub>),0.409
70,No endogenous technology,Output (Y<sup>d</sup><sub>t</sub>),0.41
71,No endogenous technology,Output (Y<sup>d</sup><sub>t</sub>),0.411
72,No endogenous technology,Output (Y<sup>d</sup><sub>t</sub>),0.412
73,No endogenous technology,Output (Y<sup>d</sup><sub>t</sub>),0.413
74,No endogenous technology,Output (Y<sup>d</sup><sub>t</sub>),0.414
75,No endogenous technology,Output (Y<sup>d</sup><sub>t</sub>),0.415
76,No endogenous technology,Output (Y<sup>d</sup><sub>t</sub>),0.416
77,No endogenous technology,Output (Y<sup>d</sup><sub>t</sub>),0.417
78,No endogenous technology,Output (Y<sup>d</sup><sub>t</sub>),0.418
79,No endogenous technology,Output (Y<sup>d</sup><sub>t</sub>),0.419
80,No endogenous technology,Output (Y<sup>d</sup><sub>t</sub>),0.419
81,No endogenous technology,Output (Y<sup>d</sup><sub>t</sub>),0.42
82,No endogenous technology,Output (Y<sup>d</sup><sub>t</sub>),0.421
83,No endogenous technology,Output (Y<sup>d</sup><sub>t</sub>),0.422
84,No endogenous technology,Output (Y<sup>d</sup><sub>t</sub>),0.423
85,No endogenous technology,Output (Y<sup>d</sup><sub>t</sub>),0.423
86,No endogenous technology,Output (Y<sup>d</sup><sub>t</sub>),0.424
87,No endogenous technology,Output (Y<sup>d</sup><sub>t</sub>),0.425
88,No endogenous technology,Output (Y<sup>d</sup><sub>t</sub>),0.425
89,No endogenous technology,Output (Y<sup>d</sup><sub>t</sub>),0.426
90,No endogenous technology,Output (Y<sup>d</sup><sub>t</sub>),0.427
91,No endogenous technology,Output (Y<sup>d</sup><sub>t</sub>),0.427
92,No endogenous technology,Output (Y<sup>d</sup><sub>t</sub>),0.428
93,No endogenous technology,Output (Y<sup>d</sup><sub>t</sub>),0.429
94,No endogenous technology,Output (Y<sup>d</sup><sub>t</sub>),0.429
95,No endogenous technology,Output (Y<sup>d</sup><sub>t</sub>),0.43
96,No endogenous technology,Output (Y<sup>d</sup><sub>t</sub>),0.43
97,No endogenous technology,Output (Y<sup>d</sup><sub>t</sub>),0.431
98,No endogenous technology,Output (Y<sup>d</sup><sub>t</sub>),0.431
99,No endogenous technology,Output (Y<sup>d</sup><sub>t</sub>),0.432
100,No endogenous technology,Output (Y<sup>d</sup><sub>t</sub>),0.432
1,No human capital,Output (Y<sup>d</sup><sub>t</sub>),0.27
2,No human capital,Output (Y<sup>d</sup><sub>t</sub>),0.236
3,No human capital,Output (Y<sup>d</sup><sub>t</sub>),0.241
4,No human capital,Output (Y<sup>d</sup><sub>t</sub>),0.244
5,No human capital,Output (Y<sup>d</sup><sub>t</sub>),0.247
6,No human capital,Output (Y<sup>d</sup><sub>t</sub>),0.249
7,No human capital,Output (Y<sup>d</sup><sub>t</sub>),0.252
8,No human capital,Output (Y<sup>d</sup><sub>t</sub>),0.254
9,No human capital,Output (Y<sup>d</sup><sub>t</sub>),0.256
10,No human capital,Output (Y<sup>d</sup><sub>t</sub>),0.258
11,No human capital,Output (Y<sup>d</sup><sub>t</sub>),0.26
12,No human capital,Output (Y<sup>d</sup><sub>t</sub>),0.262
13,No human capital,Output (Y<sup>d</sup><sub>t</sub>),0.264
14,No human capital,Output (Y<sup>d</sup><sub>t</sub>),0.266
15,No human capital,Output (Y<sup>d</sup><sub>t</sub>),0.268
16,No human capital,Output (Y<sup>d</sup><sub>t</sub>),0.27
17,No human capital,Output (Y<sup>d</sup><sub>t</sub>),0.271
18,No human capital,Output (Y<sup>d</sup><sub>t</sub>),0.273
19,No human capital,Output (Y<sup>d</sup><sub>t</sub>),0.274
20,No human capital,Output (Y<sup>d</sup><sub>t</sub>),0.276
21,No human capital,Output (Y<sup>d</sup><sub>t</sub>),0.277
22,No human capital,Output (Y<sup>d</sup><sub>t</sub>),0.279
23,No human capital,Output (Y<sup>d</sup><sub>t</sub>),0.28
24,No human capital,Output (Y<sup>d</sup><sub>t</sub>),0.281
25,No human capital,Output (Y<sup>d</sup><sub>t</sub>),0.282
26,No human capital,Output (Y<sup>d</sup><sub>t</sub>),0.284
27,No human capital,Output (Y<sup>d</sup><sub>t</sub>),0.285
28,No human capital,Output (Y<sup>d</sup><sub>t</sub>),0.286
29,No human capital,Output (Y<sup>d</sup><sub>t</sub>),0.287
30,No human capital,Output (Y<sup>d</sup><sub>t</sub>),0.288
31,No human capital,Output (Y<sup>d</sup><sub>t</sub>),0.289
32,No human capital,Output (Y<sup>d</sup><sub>t</sub>),0.29
33,No human capital,Output (Y<sup>d</sup><sub>t</sub>),0.291
34,No human capital,Output (Y<sup>d</sup><sub>t</sub>),0.292
35,No human capital,Output (Y<sup>d</sup><sub>t</sub>),0.293
36,No human capital,Output (Y<sup>d</sup><sub>t</sub>),0.293
37,No human capital,Output (Y<sup>d</sup><sub>t</sub>),0.294
38,No human capital,Output (Y<sup>d</sup><sub>t</sub>),0.295
39,No human capital,Output (Y<sup>d</sup><sub>t</sub>),0.296
40,No human capital,Output (Y<sup>d</sup><sub>t</sub>),0.296
41,No human capital,Output (Y<sup>d</sup><sub>t</sub>),0.297
42,No human capital,Output (Y<sup>d</sup><sub>t</sub>),0.298
43,No human capital,Output (Y<sup>d</sup><sub>t</sub>),0.298
44,No human capital,Output (Y<sup>d</sup><sub>t</sub>),0.299
45,No human capital,Output (Y<sup>d</sup><sub>t</sub>),0.3
46,No human capital,Output (Y<sup>d</sup><sub>t</sub>),0.3
47,No human capital,Output (Y<sup>d</sup><sub>t</sub>),0.301
48,No human capital,Output (Y<sup>d</sup><sub>t</sub>),0.301
49,No human capital,Output (Y<sup>d</sup><sub>t</sub>),0.302
50,No human capital,Output (Y<sup>d</sup><sub>t</sub>),0.302
51,No human capital,Output (Y<sup>d</sup><sub>t</sub>),0.303
52,No human capital,Output (Y<sup>d</sup><sub>t</sub>),0.303
53,No human capital,Output (Y<sup>d</sup><sub>t</sub>),0.304
54,No human capital,Output (Y<sup>d</sup><sub>t</sub>),0.304
55,No human capital,Output (Y<sup>d</sup><sub>t</sub>),0.305
56,No human capital,Output (Y<sup>d</sup><sub>t</sub>),0.305
57,No human capital,Output (Y<sup>d</sup><sub>t</sub>),0.305
58,No human capital,Output (Y<sup>d</sup><sub>t</sub>),0.306
59,No human capital,Output (Y<sup>d</sup><sub>t</sub>),0.306
60,No human capital,Output (Y<sup>d</sup><sub>t</sub>),0.306
61,No human capital,Output (Y<sup>d</sup><sub>t</sub>),0.307
62,No human capital,Output (Y<sup>d</sup><sub>t</sub>),0.307
63,No human capital,Output (Y<sup>d</sup><sub>t</sub>),0.307
64,No human capital,Output (Y<sup>d</sup><sub>t</sub>),0.308
65,No human capital,Output (Y<sup>d</sup><sub>t</sub>),0.308
66,No human capital,Output (Y<sup>d</sup><sub>t</sub>),0.308
67,No human capital,Output (Y<sup>d</sup><sub>t</sub>),0.309
68,No human capital,Output (Y<sup>d</sup><sub>t</sub>),0.309
69,No human capital,Output (Y<sup>d</sup><sub>t</sub>),0.309
70,No human capital,Output (Y<sup>d</sup><sub>t</sub>),0.309
71,No human capital,Output (Y<sup>d</sup><sub>t</sub>),0.31
72,No human capital,Output (Y<sup>d</sup><sub>t</sub>),0.31
73,No human capital,Output (Y<sup>d</sup><sub>t</sub>),0.31
74,No human capital,Output (Y<sup>d</sup><sub>t</sub>),0.31
75,No human capital,Output (Y<sup>d</sup><sub>t</sub>),0.31
76,No human capital,Output (Y<sup>d</sup><sub>t</sub>),0.311
77,No human capital,Output (Y<sup>d</sup><sub>t</sub>),0.311
78,No human capital,Output (Y<sup>d</sup><sub>t</sub>),0.311
79,No human capital,Output (Y<sup>d</sup><sub>t</sub>),0.311
80,No human capital,Output (Y<sup>d</sup><sub>t</sub>),0.311
81,No human capital,Output (Y<sup>d</sup><sub>t</sub>),0.311
82,No human capital,Output (Y<sup>d</sup><sub>t</sub>),0.312
83,No human capital,Output (Y<sup>d</sup><sub>t</sub>),0.312
84,No human capital,Output (Y<sup>d</sup><sub>t</sub>),0.312
85,No human capital,Output (Y<sup>d</sup><sub>t</sub>),0.312
86,No human capital,Output (Y<sup>d</sup><sub>t</sub>),0.312
87,No human capital,Output (Y<sup>d</sup><sub>t</sub>),0.312
88,No human capital,Output (Y<sup>d</sup><sub>t</sub>),0.312
89,No human capital,Output (Y<sup>d</sup><sub>t</sub>),0.313
90,No human capital,Output (Y<sup>d</sup><sub>t</sub>),0.313
91,No human capital,Output (Y<sup>d</sup><sub>t</sub>),0.313
92,No human capital,Output (Y<sup>d</sup><sub>t</sub>),0.313
93,No human capital,Output (Y<sup>d</sup><sub>t</sub>),0.313
94,No human capital,Output (Y<sup>d</sup><sub>t</sub>),0.313
95,No human capital,Output (Y<sup>d</sup><sub>t</sub>),0.313
96,No human capital,Output (Y<sup>d</sup><sub>t</sub>),0.313
97,No human capital,Output (Y<sup>d</sup><sub>t</sub>),0.313
98,No human capital,Output (Y<sup>d</sup><sub>t</sub>),0.313
99,No human capital,Output (Y<sup>d</sup><sub>t</sub>),0.314
100,No human capital,Output (Y<sup>d</sup><sub>t</sub>),0.314
1,No public infrastructure,Output (Y<sup>d</sup><sub>t</sub>),0.27
2,No public infrastructure,Output (Y<sup>d</sup><sub>t</sub>),0.236
3,No public infrastructure,Output (Y<sup>d</sup><sub>t</sub>),0.241
4,No public infrastructure,Output (Y<sup>d</sup><sub>t</sub>),0.244
5,No public infrastructure,Output (Y<sup>d</sup><sub>t</sub>),0.247
6,No public infrastructure,Output (Y<sup>d</sup><sub>t</sub>),0.249
7,No public infrastructure,Output (Y<sup>d</sup><sub>t</sub>),0.252
8,No public infrastructure,Output (Y<sup>d</sup><sub>t</sub>),0.254
9,No public infrastructure,Output (Y<sup>d</sup><sub>t</sub>),0.256
10,No public infrastructure,Output (Y<sup>d</sup><sub>t</sub>),0.258
11,No public infrastructure,Output (Y<sup>d</sup><sub>t</sub>),0.26
12,No public infrastructure,Output (Y<sup>d</sup><sub>t</sub>),0.262
13,No public infrastructure,Output (Y<sup>d</sup><sub>t</sub>),0.264
14,No public infrastructure,Output (Y<sup>d</sup><sub>t</sub>),0.266
15,No public infrastructure,Output (Y<sup>d</sup><sub>t</sub>),0.268
16,No public infrastructure,Output (Y<sup>d</sup><sub>t</sub>),0.27
17,No public infrastructure,Output (Y<sup>d</sup><sub>t</sub>),0.271
18,No public infrastructure,Output (Y<sup>d</sup><sub>t</sub>),0.273
19,No public infrastructure,Output (Y<sup>d</sup><sub>t</sub>),0.274
20,No public infrastructure,Output (Y<sup>d</sup><sub>t</sub>),0.276
21,No public infrastructure,Output (Y<sup>d</sup><sub>t</sub>),0.277
22,No public infrastructure,Output (Y<sup>d</sup><sub>t</sub>),0.279
23,No public infrastructure,Output (Y<sup>d</sup><sub>t</sub>),0.28
24,No public infrastructure,Output (Y<sup>d</sup><sub>t</sub>),0.281
25,No public infrastructure,Output (Y<sup>d</sup><sub>t</sub>),0.282
26,No public infrastructure,Output (Y<sup>d</sup><sub>t</sub>),0.284
27,No public infrastructure,Output (Y<sup>d</sup><sub>t</sub>),0.285
28,No public infrastructure,Output (Y<sup>d</sup><sub>t</sub>),0.286
29,No public infrastructure,Output (Y<sup>d</sup><sub>t</sub>),0.287
30,No public infrastructure,Output (Y<sup>d</sup><sub>t</sub>),0.288
31,No public infrastructure,Output (Y<sup>d</sup><sub>t</sub>),0.289
32,No public infrastructure,Output (Y<sup>d</sup><sub>t</sub>),0.29
33,No public infrastructure,Output (Y<sup>d</sup><sub>t</sub>),0.291
34,No public infrastructure,Output (Y<sup>d</sup><sub>t</sub>),0.292
35,No public infrastructure,Output (Y<sup>d</sup><sub>t</sub>),0.293
36,No public infrastructure,Output (Y<sup>d</sup><sub>t</sub>),0.293
37,No public infrastructure,Output (Y<sup>d</sup><sub>t</sub>),0.294
38,No public infrastructure,Output (Y<sup>d</sup><sub>t</sub>),0.295
39,No public infrastructure,Output (Y<sup>d</sup><sub>t</sub>),0.296
40,No public infrastructure,Output (Y<sup>d</sup><sub>t</sub>),0.296
41,No public infrastructure,Output (Y<sup>d</sup><sub>t</sub>),0.297
42,No public infrastructure,Output (Y<sup>d</sup><sub>t</sub>),0.298
43,No public infrastructure,Output (Y<sup>d</sup><sub>t</sub>),0.298
44,No public infrastructure,Output (Y<sup>d</sup><sub>t</sub>),0.299
45,No public infrastructure,Output (Y<sup>d</sup><sub>t</sub>),0.3
46,No public infrastructure,Output (Y<sup>d</sup><sub>t</sub>),0.3
47,No public infrastructure,Output (Y<sup>d</sup><sub>t</sub>),0.301
48,No public infrastructure,Output (Y<sup>d</sup><sub>t</sub>),0.301
49,No public infrastructure,Output (Y<sup>d</sup><sub>t</sub>),0.302
50,No public infrastructure,Output (Y<sup>d</sup><sub>t</sub>),0.302
51,No public infrastructure,Output (Y<sup>d</sup><sub>t</sub>),0.303
52,No public infrastructure,Output (Y<sup>d</sup><sub>t</sub>),0.303
53,No public infrastructure,Output (Y<sup>d</sup><sub>t</sub>),0.304
54,No public infrastructure,Output (Y<sup>d</sup><sub>t</sub>),0.304
55,No public infrastructure,Output (Y<sup>d</sup><sub>t</sub>),0.305
56,No public infrastructure,Output (Y<sup>d</sup><sub>t</sub>),0.305
57,No public infrastructure,Output (Y<sup>d</sup><sub>t</sub>),0.305
58,No public infrastructure,Output (Y<sup>d</sup><sub>t</sub>),0.306
59,No public infrastructure,Output (Y<sup>d</sup><sub>t</sub>),0.306
60,No public infrastructure,Output (Y<sup>d</sup><sub>t</sub>),0.306
61,No public infrastructure,Output (Y<sup>d</sup><sub>t</sub>),0.307
62,No public infrastructure,Output (Y<sup>d</sup><sub>t</sub>),0.307
63,No public infrastructure,Output (Y<sup>d</sup><sub>t</sub>),0.307
64,No public infrastructure,Output (Y<sup>d</sup><sub>t</sub>),0.308
65,No public infrastructure,Output (Y<sup>d</sup><sub>t</sub>),0.308
66,No public infrastructure,Output (Y<sup>d</sup><sub>t</sub>),0.308
67,No public infrastructure,Output (Y<sup>d</sup><sub>t</sub>),0.309
68,No public infrastructure,Output (Y<sup>d</sup><sub>t</sub>),0.309
69,No public infrastructure,Output (Y<sup>d</sup><sub>t</sub>),0.309
70,No public infrastructure,Output (Y<sup>d</sup><sub>t</sub>),0.309
71,No public infrastructure,Output (Y<sup>d</sup><sub>t</sub>),0.31
72,No public infrastructure,Output (Y<sup>d</sup><sub>t</sub>),0.31
73,No public infrastructure,Output (Y<sup>d</sup><sub>t</sub>),0.31
74,No public infrastructure,Output (Y<sup>d</sup><sub>t</sub>),0.31
75,No public infrastructure,Output (Y<sup>d</sup><sub>t</sub>),0.31
76,No public infrastructure,Output (Y<sup>d</sup><sub>t</sub>),0.311
77,No public infrastructure,Output (Y<sup>d</sup><sub>t</sub>),0.311
78,No public infrastructure,Output (Y<sup>d</sup><sub>t</sub>),0.311
79,No public infrastructure,Output (Y<sup>d</sup><sub>t</sub>),0.311
80,No public infrastructure,Output (Y<sup>d</sup><sub>t</sub>),0.311
81,No public infrastructure,Output (Y<sup>d</sup><sub>t</sub>),0.311
82,No public infrastructure,Output (Y<sup>d</sup><sub>t</sub>),0.312
83,No public infrastructure,Output (Y<sup>d</sup><sub>t</sub>),0.312
84,No public infrastructure,Output (Y<sup>d</sup><sub>t</sub>),0.312
85,No public infrastructure,Output (Y<sup>d</sup><sub>t</sub>),0.312
86,No public infrastructure,Output (Y<sup>d</sup><sub>t</sub>),0.312
87,No public infrastructure,Output (Y<sup>d</sup><sub>t</sub>),0.312
88,No public infrastructure,Output (Y<sup>d</sup><sub>t</sub>),0.312
89,No public infrastructure,Output (Y<sup>d</sup><sub>t</sub>),0.313
90,No public infrastructure,Output (Y<sup>d</sup><sub>t</sub>),0.313
91,No public infrastructure,Output (Y<sup>d</sup><sub>t</sub>),0.313
92,No public infrastructure,Output (Y<sup>d</sup><sub>t</sub>),0.313
93,No public infrastructure,Output (Y<sup>d</sup><sub>t</sub>),0.313
94,No public infrastructure,Output (Y<sup>d</sup><sub>t</sub>),0.313
95,No public infrastructure,Output (Y<sup>d</sup><sub>t</sub>),0.313
96,No public infrastructure,Output (Y<sup>d</sup><sub>t</sub>),0.313
97,No public infrastructure,Output (Y<sup>d</sup><sub>t</sub>),0.313
98,No public infrastructure,Output (Y<sup>d</sup><sub>t</sub>),0.313
99,No public infrastructure,Output (Y<sup>d</sup><sub>t</sub>),0.314
100,No public infrastructure,Output (Y<sup>d</sup><sub>t</sub>),0.314
1,No private capital,Output (Y<sup>d</sup><sub>t</sub>),0.295
2,No private capital,Output (Y<sup>d</sup><sub>t</sub>),0.295
3,No private capital,Output (Y<sup>d</sup><sub>t</sub>),0.295
4,No private capital,Output (Y<sup>d</sup><sub>t</sub>),0.295
5,No private capital,Output (Y<sup>d</sup><sub>t</sub>),0.295
6,No private capital,Output (Y<sup>d</sup><sub>t</sub>),0.295
7,No private capital,Output (Y<sup>d</sup><sub>t</sub>),0.295
8,No private capital,Output (Y<sup>d</sup><sub>t</sub>),0.295
9,No private capital,Output (Y<sup>d</sup><sub>t</sub>),0.295
10,No private capital,Output (Y<sup>d</sup><sub>t</sub>),0.295
11,No private capital,Output (Y<sup>d</sup><sub>t</sub>),0.295
12,No private capital,Output (Y<sup>d</sup><sub>t</sub>),0.295
13,No private capital,Output (Y<sup>d</sup><sub>t</sub>),0.295
14,No private capital,Output (Y<sup>d</sup><sub>t</sub>),0.295
15,No private capital,Output (Y<sup>d</sup><sub>t</sub>),0.295
16,No private capital,Output (Y<sup>d</sup><sub>t</sub>),0.295
17,No private capital,Output (Y<sup>d</sup><sub>t</sub>),0.295
18,No private capital,Output (Y<sup>d</sup><sub>t</sub>),0.295
19,No private capital,Output (Y<sup>d</sup><sub>t</sub>),0.295
20,No private capital,Output (Y<sup>d</sup><sub>t</sub>),0.295
21,No private capital,Output (Y<sup>d</sup><sub>t</sub>),0.295
22,No private capital,Output (Y<sup>d</sup><sub>t</sub>),0.295
23,No private capital,Output (Y<sup>d</sup><sub>t</sub>),0.295
24,No private capital,Output (Y<sup>d</sup><sub>t</sub>),0.295
25,No private capital,Output (Y<sup>d</sup><sub>t</sub>),0.295
26,No private capital,Output (Y<sup>d</sup><sub>t</sub>),0.295
27,No private capital,Output (Y<sup>d</sup><sub>t</sub>),0.295
28,No private capital,Output (Y<sup>d</sup><sub>t</sub>),0.295
29,No private capital,Output (Y<sup>d</sup><sub>t</sub>),0.295
30,No private capital,Output (Y<sup>d</sup><sub>t</sub>),0.295
31,No private capital,Output (Y<sup>d</sup><sub>t</sub>),0.295
32,No private capital,Output (Y<sup>d</sup><sub>t</sub>),0.295
33,No private capital,Output (Y<sup>d</sup><sub>t</sub>),0.295
34,No private capital,Output (Y<sup>d</sup><sub>t</sub>),0.295
35,No private capital,Output (Y<sup>d</sup><sub>t</sub>),0.295
36,No private capital,Output (Y<sup>d</sup><sub>t</sub>),0.295
37,No private capital,Output (Y<sup>d</sup><sub>t</sub>),0.295
38,No private capital,Output (Y<sup>d</sup><sub>t</sub>),0.295
39,No private capital,Output (Y<sup>d</sup><sub>t</sub>),0.295
40,No private capital,Output (Y<sup>d</sup><sub>t</sub>),0.295
41,No private capital,Output (Y<sup>d</sup><sub>t</sub>),0.295
42,No private capital,Output (Y<sup>d</sup><sub>t</sub>),0.295
43,No private capital,Output (Y<sup>d</sup><sub>t</sub>),0.295
44,No private capital,Output (Y<sup>d</sup><sub>t</sub>),0.295
45,No private capital,Output (Y<sup>d</sup><sub>t</sub>),0.295
46,No private capital,Output (Y<sup>d</sup><sub>t</sub>),0.295
47,No private capital,Output (Y<sup>d</sup><sub>t</sub>),0.295
48,No private capital,Output (Y<sup>d</sup><sub>t</sub>),0.295
49,No private capital,Output (Y<sup>d</sup><sub>t</sub>),0.295
50,No private capital,Output (Y<sup>d</sup><sub>t</sub>),0.295
51,No private capital,Output (Y<sup>d</sup><sub>t</sub>),0.295
52,No private capital,Output (Y<sup>d</sup><sub>t</sub>),0.295
53,No private capital,Output (Y<sup>d</sup><sub>t</sub>),0.295
54,No private capital,Output (Y<sup>d</sup><sub>t</sub>),0.295
55,No private capital,Output (Y<sup>d</sup><sub>t</sub>),0.295
56,No private capital,Output (Y<sup>d</sup><sub>t</sub>),0.295
57,No private capital,Output (Y<sup>d</sup><sub>t</sub>),0.295
58,No private capital,Output (Y<sup>d</sup><sub>t</sub>),0.295
59,No private capital,Output (Y<sup>d</sup><sub>t</sub>),0.295
60,No private capital,Output (Y<sup>d</sup><sub>t</sub>),0.295
61,No private capital,Output (Y<sup>d</sup><sub>t</sub>),0.295
62,No private capital,Output (Y<sup>d</sup><sub>t</sub>),0.295
63,No private capital,Output (Y<sup>d</sup><sub>t</sub>),0.295
64,No private capital,Output (Y<sup>d</sup><sub>t</sub>),0.295
65,No private capital,Output (Y<sup>d</sup><sub>t</sub>),0.295
66,No private capital,Output (Y<sup>d</sup><sub>t</sub>),0.295
67,No private capital,Output (Y<sup>d</sup><sub>t</sub>),0.295
68,No private capital,Output (Y<sup>d</sup><sub>t</sub>),0.295
69,No private capital,Output (Y<sup>d</sup><sub>t</sub>),0.295
70,No private capital,Output (Y<sup>d</sup><sub>t</sub>),0.295
71,No private capital,Output (Y<sup>d</sup><sub>t</sub>),0.295
72,No private capital,Output (Y<sup>d</sup><sub>t</sub>),0.295
73,No private capital,Output (Y<sup>d</sup><sub>t</sub>),0.295
74,No private capital,Output (Y<sup>d</sup><sub>t</sub>),0.295
75,No private capital,Output (Y<sup>d</sup><sub>t</sub>),0.295
76,No private capital,Output (Y<sup>d</sup><sub>t</sub>),0.295
77,No private capital,Output (Y<sup>d</sup><sub>t</sub>),0.295
78,No private capital,Output (Y<sup>d</sup><sub>t</sub>),0.295
79,No private capital,Output (Y<sup>d</sup><sub>t</sub>),0.295
80,No private capital,Output (Y<sup>d</sup><sub>t</sub>),0.295
81,No private capital,Output (Y<sup>d</sup><sub>t</sub>),0.295
82,No private capital,Output (Y<sup>d</sup><sub>t</sub>),0.295
83,No private capital,Output (Y<sup>d</sup><sub>t</sub>),0.295
84,No private capital,Output (Y<sup>d</sup><sub>t</sub>),0.295
85,No private capital,Output (Y<sup>d</sup><sub>t</sub>),0.295
86,No private capital,Output (Y<sup>d</sup><sub>t</sub>),0.295
87,No private capital,Output (Y<sup>d</sup><sub>t</sub>),0.295
88,No private capital,Output (Y<sup>d</sup><sub>t</sub>),0.295
89,No private capital,Output (Y<sup>d</sup><sub>t</sub>),0.295
90,No private capital,Output (Y<sup>d</sup><sub>t</sub>),0.295
91,No private capital,Output (Y<sup>d</sup><sub>t</sub>),0.295
92,No private capital,Output (Y<sup>d</sup><sub>t</sub>),0.295
93,No private capital,Output (Y<sup>d</sup><sub>t</sub>),0.295
94,No private capital,Output (Y<sup>d</sup><sub>t</sub>),0.295
95,No private capital,Output (Y<sup>d</sup><sub>t</sub>),0.295
96,No private capital,Output (Y<sup>d</sup><sub>t</sub>),0.295
97,No private capital,Output (Y<sup>d</sup><sub>t</sub>),0.295
98,No private capital,Output (Y<sup>d</sup><sub>t</sub>),0.295
99,No private capital,Output (Y<sup>d</sup><sub>t</sub>),0.295
100,No private capital,Output (Y<sup>d</sup><sub>t</sub>),0.295
1,No indexation,Output (Y<sup>d</sup><sub>t</sub>),0.295
2,No indexation,Output (Y<sup>d</sup><sub>t</sub>),0.295
3,No indexation,Output (Y<sup>d</sup><sub>t</sub>),0.295
4,No indexation,Output (Y<sup>d</sup><sub>t</sub>),0.295
5,No indexation,Output (Y<sup>d</sup><sub>t</sub>),0.295
6,No indexation,Output (Y<sup>d</sup><sub>t</sub>),0.295
7,No indexation,Output (Y<sup>d</sup><sub>t</sub>),0.295
8,No indexation,Output (Y<sup>d</sup><sub>t</sub>),0.295
9,No indexation,Output (Y<sup>d</sup><sub>t</sub>),0.295
10,No indexation,Output (Y<sup>d</sup><sub>t</sub>),0.295
11,No indexation,Output (Y<sup>d</sup><sub>t</sub>),0.295
12,No indexation,Output (Y<sup>d</sup><sub>t</sub>),0.295
13,No indexation,Output (Y<sup>d</sup><sub>t</sub>),0.295
14,No indexation,Output (Y<sup>d</sup><sub>t</sub>),0.295
15,No indexation,Output (Y<sup>d</sup><sub>t</sub>),0.295
16,No indexation,Output (Y<sup>d</sup><sub>t</sub>),0.295
17,No indexation,Output (Y<sup>d</sup><sub>t</sub>),0.295
18,No indexation,Output (Y<sup>d</sup><sub>t</sub>),0.295
19,No indexation,Output (Y<sup>d</sup><sub>t</sub>),0.295
20,No indexation,Output (Y<sup>d</sup><sub>t</sub>),0.295
21,No indexation,Output (Y<sup>d</sup><sub>t</sub>),0.295
22,No indexation,Output (Y<sup>d</sup><sub>t</sub>),0.295
23,No indexation,Output (Y<sup>d</sup><sub>t</sub>),0.295
24,No indexation,Output (Y<sup>d</sup><sub>t</sub>),0.295
25,No indexation,Output (Y<sup>d</sup><sub>t</sub>),0.295
26,No indexation,Output (Y<sup>d</sup><sub>t</sub>),0.295
27,No indexation,Output (Y<sup>d</sup><sub>t</sub>),0.295
28,No indexation,Output (Y<sup>d</sup><sub>t</sub>),0.295
29,No indexation,Output (Y<sup>d</sup><sub>t</sub>),0.295
30,No indexation,Output (Y<sup>d</sup><sub>t</sub>),0.295
31,No indexation,Output (Y<sup>d</sup><sub>t</sub>),0.295
32,No indexation,Output (Y<sup>d</sup><sub>t</sub>),0.295
33,No indexation,Output (Y<sup>d</sup><sub>t</sub>),0.295
34,No indexation,Output (Y<sup>d</sup><sub>t</sub>),0.295
35,No indexation,Output (Y<sup>d</sup><sub>t</sub>),0.295
36,No indexation,Output (Y<sup>d</sup><sub>t</sub>),0.295
37,No indexation,Output (Y<sup>d</sup><sub>t</sub>),0.295
38,No indexation,Output (Y<sup>d</sup><sub>t</sub>),0.295
39,No indexation,Output (Y<sup>d</sup><sub>t</sub>),0.295
40,No indexation,Output (Y<sup>d</sup><sub>t</sub>),0.295
41,No indexation,Output (Y<sup>d</sup><sub>t</sub>),0.295
42,No indexation,Output (Y<sup>d</sup><sub>t</sub>),0.295
43,No indexation,Output (Y<sup>d</sup><sub>t</sub>),0.295
44,No indexation,Output (Y<sup>d</sup><sub>t</sub>),0.295
45,No indexation,Output (Y<sup>d</sup><sub>t</sub>),0.295
46,No indexation,Output (Y<sup>d</sup><sub>t</sub>),0.295
47,No indexation,Output (Y<sup>d</sup><sub>t</sub>),0.295
48,No indexation,Output (Y<sup>d</sup><sub>t</sub>),0.295
49,No indexation,Output (Y<sup>d</sup><sub>t</sub>),0.295
50,No indexation,Output (Y<sup>d</sup><sub>t</sub>),0.295
51,No indexation,Output (Y<sup>d</sup><sub>t</sub>),0.295
52,No indexation,Output (Y<sup>d</sup><sub>t</sub>),0.295
53,No indexation,Output (Y<sup>d</sup><sub>t</sub>),0.295
54,No indexation,Output (Y<sup>d</sup><sub>t</sub>),0.295
55,No indexation,Output (Y<sup>d</sup><sub>t</sub>),0.295
56,No indexation,Output (Y<sup>d</sup><sub>t</sub>),0.295
57,No indexation,Output (Y<sup>d</sup><sub>t</sub>),0.295
58,No indexation,Output (Y<sup>d</sup><sub>t</sub>),0.295
59,No indexation,Output (Y<sup>d</sup><sub>t</sub>),0.295
60,No indexation,Output (Y<sup>d</sup><sub>t</sub>),0.295
61,No indexation,Output (Y<sup>d</sup><sub>t</sub>),0.295
62,No indexation,Output (Y<sup>d</sup><sub>t</sub>),0.295
63,No indexation,Output (Y<sup>d</sup><sub>t</sub>),0.295
64,No indexation,Output (Y<sup>d</sup><sub>t</sub>),0.295
65,No indexation,Output (Y<sup>d</sup><sub>t</sub>),0.295
66,No indexation,Output (Y<sup>d</sup><sub>t</sub>),0.295
67,No indexation,Output (Y<sup>d</sup><sub>t</sub>),0.295
68,No indexation,Output (Y<sup>d</sup><sub>t</sub>),0.295
69,No indexation,Output (Y<sup>d</sup><sub>t</sub>),0.295
70,No indexation,Output (Y<sup>d</sup><sub>t</sub>),0.295
71,No indexation,Output (Y<sup>d</sup><sub>t</sub>),0.295
72,No indexation,Output (Y<sup>d</sup><sub>t</sub>),0.295
73,No indexation,Output (Y<sup>d</sup><sub>t</sub>),0.295
74,No indexation,Output (Y<sup>d</sup><sub>t</sub>),0.295
75,No indexation,Output (Y<sup>d</sup><sub>t</sub>),0.295
76,No indexation,Output (Y<sup>d</sup><sub>t</sub>),0.295
77,No indexation,Output (Y<sup>d</sup><sub>t</sub>),0.295
78,No indexation,Output (Y<sup>d</sup><sub>t</sub>),0.295
79,No indexation,Output (Y<sup>d</sup><sub>t</sub>),0.295
80,No indexation,Output (Y<sup>d</sup><sub>t</sub>),0.295
81,No indexation,Output (Y<sup>d</sup><sub>t</sub>),0.295
82,No indexation,Output (Y<sup>d</sup><sub>t</sub>),0.295
83,No indexation,Output (Y<sup>d</sup><sub>t</sub>),0.295
84,No indexation,Output (Y<sup>d</sup><sub>t</sub>),0.295
85,No indexation,Output (Y<sup>d</sup><sub>t</sub>),0.295
86,No indexation,Output (Y<sup>d</sup><sub>t</sub>),0.295
87,No indexation,Output (Y<sup>d</sup><sub>t</sub>),0.295
88,No indexation,Output (Y<sup>d</sup><sub>t</sub>),0.295
89,No indexation,Output (Y<sup>d</sup><sub>t</sub>),0.295
90,No indexation,Output (Y<sup>d</sup><sub>t</sub>),0.295
91,No indexation,Output (Y<sup>d</sup><sub>t</sub>),0.295
92,No indexation,Output (Y<sup>d</sup><sub>t</sub>),0.295
93,No indexation,Output (Y<sup>d</sup><sub>t</sub>),0.295
94,No indexation,Output (Y<sup>d</sup><sub>t</sub>),0.295
95,No indexation,Output (Y<sup>d</sup><sub>t</sub>),0.295
96,No indexation,Output (Y<sup>d</sup><sub>t</sub>),0.295
97,No indexation,Output (Y<sup>d</sup><sub>t</sub>),0.295
98,No indexation,Output (Y<sup>d</sup><sub>t</sub>),0.295
99,No indexation,Output (Y<sup>d</sup><sub>t</sub>),0.295
100,No indexation,Output (Y<sup>d</sup><sub>t</sub>),0.295
1,No trend growth,Output (Y<sup>d</sup><sub>t</sub>),0.291
2,No trend growth,Output (Y<sup>d</sup><sub>t</sub>),0.291
3,No trend growth,Output (Y<sup>d</sup><sub>t</sub>),0.291
4,No trend growth,Output (Y<sup>d</sup><sub>t</sub>),0.291
5,No trend growth,Output (Y<sup>d</sup><sub>t</sub>),0.291
6,No trend growth,Output (Y<sup>d</sup><sub>t</sub>),0.291
7,No trend growth,Output (Y<sup>d</sup><sub>t</sub>),0.291
8,No trend growth,Output (Y<sup>d</sup><sub>t</sub>),0.291
9,No trend growth,Output (Y<sup>d</sup><sub>t</sub>),0.291
10,No trend growth,Output (Y<sup>d</sup><sub>t</sub>),0.291
11,No trend growth,Output (Y<sup>d</sup><sub>t</sub>),0.291
12,No trend growth,Output (Y<sup>d</sup><sub>t</sub>),0.291
13,No trend growth,Output (Y<sup>d</sup><sub>t</sub>),0.291
14,No trend growth,Output (Y<sup>d</sup><sub>t</sub>),0.291
15,No trend growth,Output (Y<sup>d</sup><sub>t</sub>),0.291
16,No trend growth,Output (Y<sup>d</sup><sub>t</sub>),0.291
17,No trend growth,Output (Y<sup>d</sup><sub>t</sub>),0.291
18,No trend growth,Output (Y<sup>d</sup><sub>t</sub>),0.291
19,No trend growth,Output (Y<sup>d</sup><sub>t</sub>),0.291
20,No trend growth,Output (Y<sup>d</sup><sub>t</sub>),0.291
21,No trend growth,Output (Y<sup>d</sup><sub>t</sub>),0.291
22,No trend growth,Output (Y<sup>d</sup><sub>t</sub>),0.291
23,No trend growth,Output (Y<sup>d</sup><sub>t</sub>),0.291
24,No trend growth,Output (Y<sup>d</sup><sub>t</sub>),0.291
25,No trend growth,Output (Y<sup>d</sup><sub>t</sub>),0.291
26,No trend growth,Output (Y<sup>d</sup><sub>t</sub>),0.291
27,No trend growth,Output (Y<sup>d</sup><sub>t</sub>),0.291
28,No trend growth,Output (Y<sup>d</sup><sub>t</sub>),0.291
29,No trend growth,Output (Y<sup>d</sup><sub>t</sub>),0.291
30,No trend growth,Output (Y<sup>d</sup><sub>t</sub>),0.291
31,No trend growth,Output (Y<sup>d</sup><sub>t</sub>),0.291
32,No trend growth,Output (Y<sup>d</sup><sub>t</sub>),0.291
33,No trend growth,Output (Y<sup>d</sup><sub>t</sub>),0.291
34,No trend growth,Output (Y<sup>d</sup><sub>t</sub>),0.291
35,No trend growth,Output (Y<sup>d</sup><sub>t</sub>),0.291
36,No trend growth,Output (Y<sup>d</sup><sub>t</sub>),0.291
37,No trend growth,Output (Y<sup>d</sup><sub>t</sub>),0.291
38,No trend growth,Output (Y<sup>d</sup><sub>t</sub>),0.291
39,No trend growth,Output (Y<sup>d</sup><sub>t</sub>),0.291
40,No trend growth,Output (Y<sup>d</sup><sub>t</sub>),0.291
41,No trend growth,Output (Y<sup>d</sup><sub>t</sub>),0.291
42,No trend growth,Output (Y<sup>d</sup><sub>t</sub>),0.291
43,No trend growth,Output (Y<sup>d</sup><sub>t</sub>),0.291
44,No trend growth,Output (Y<sup>d</sup><sub>t</sub>),0.291
45,No trend growth,Output (Y<sup>d</sup><sub>t</sub>),0.291
46,No trend growth,Output (Y<sup>d</sup><sub>t</sub>),0.291
47,No trend growth,Output (Y<sup>d</sup><sub>t</sub>),0.291
48,No trend growth,Output (Y<sup>d</sup><sub>t</sub>),0.291
49,No trend growth,Output (Y<sup>d</sup><sub>t</sub>),0.291
50,No trend growth,Output (Y<sup>d</sup><sub>t</sub>),0.291
51,No trend growth,Output (Y<sup>d</sup><sub>t</sub>),0.291
52,No trend growth,Output (Y<sup>d</sup><sub>t</sub>),0.291
53,No trend growth,Output (Y<sup>d</sup><sub>t</sub>),0.291
54,No trend growth,Output (Y<sup>d</sup><sub>t</sub>),0.291
55,No trend growth,Output (Y<sup>d</sup><sub>t</sub>),0.291
56,No trend growth,Output (Y<sup>d</sup><sub>t</sub>),0.291
57,No trend growth,Output (Y<sup>d</sup><sub>t</sub>),0.291
58,No trend growth,Output (Y<sup>d</sup><sub>t</sub>),0.291
59,No trend growth,Output (Y<sup>d</sup><sub>t</sub>),0.291
60,No trend growth,Output (Y<sup>d</sup><sub>t</sub>),0.291
61,No trend growth,Output (Y<sup>d</sup><sub>t</sub>),0.291
62,No trend growth,Output (Y<sup>d</sup><sub>t</sub>),0.291
63,No trend growth,Output (Y<sup>d</sup><sub>t</sub>),0.291
64,No trend growth,Output (Y<sup>d</sup><sub>t</sub>),0.291
65,No trend growth,Output (Y<sup>d</sup><sub>t</sub>),0.291
66,No trend growth,Output (Y<sup>d</sup><sub>t</sub>),0.291
67,No trend growth,Output (Y<sup>d</sup><sub>t</sub>),0.291
68,No trend growth,Output (Y<sup>d</sup><sub>t</sub>),0.291
69,No trend growth,Output (Y<sup>d</sup><sub>t</sub>),0.291
70,No trend growth,Output (Y<sup>d</sup><sub>t</sub>),0.291
71,No trend growth,Output (Y<sup>d</sup><sub>t</sub>),0.291
72,No trend growth,Output (Y<sup>d</sup><sub>t</sub>),0.291
73,No trend growth,Output (Y<sup>d</sup><sub>t</sub>),0.291
74,No trend growth,Output (Y<sup>d</sup><sub>t</sub>),0.291
75,No trend growth,Output (Y<sup>d</sup><sub>t</sub>),0.291
76,No trend growth,Output (Y<sup>d</sup><sub>t</sub>),0.291
77,No trend growth,Output (Y<sup>d</sup><sub>t</sub>),0.291
78,No trend growth,Output (Y<sup>d</sup><sub>t</sub>),0.291
79,No trend growth,Output (Y<sup>d</sup><sub>t</sub>),0.291
80,No trend growth,Output (Y<sup>d</sup><sub>t</sub>),0.291
81,No trend growth,Output (Y<sup>d</sup><sub>t</sub>),0.291
82,No trend growth,Output (Y<sup>d</sup><sub>t</sub>),0.291
83,No trend growth,Output (Y<sup>d</sup><sub>t</sub>),0.291
84,No trend growth,Output (Y<sup>d</sup><sub>t</sub>),0.291
85,No trend growth,Output (Y<sup>d</sup><sub>t</sub>),0.291
86,No trend growth,Output (Y<sup>d</sup><sub>t</sub>),0.291
87,No trend growth,Output (Y<sup>d</sup><sub>t</sub>),0.291
88,No trend growth,Output (Y<sup>d</sup><sub>t</sub>),0.291
89,No trend growth,Output (Y<sup>d</sup><sub>t</sub>),0.291
90,No trend growth,Output (Y<sup>d</sup><sub>t</sub>),0.291
91,No trend growth,Output (Y<sup>d</sup><sub>t</sub>),0.291
92,No trend growth,Output (Y<sup>d</sup><sub>t</sub>),0.291
93,No trend growth,Output (Y<sup>d</sup><sub>t</sub>),0.291
94,No trend growth,Output (Y<sup>d</sup><sub>t</sub>),0.291
95,No trend growth,Output (Y<sup>d</sup><sub>t</sub>),0.291
96,No trend growth,Output (Y<sup>d</sup><sub>t</sub>),0.291
97,No trend growth,Output (Y<sup>d</sup><sub>t</sub>),0.291
98,No trend growth,Output (Y<sup>d</sup><sub>t</sub>),0.291
99,No trend growth,Output (Y<sup>d</sup><sub>t</sub>),0.291
100,No trend growth,Output (Y<sup>d</sup><sub>t</sub>),0.291
1,Derived canonical NK,Output (Y<sup>d</sup><sub>t</sub>),0.196
2,Derived canonical NK,Output (Y<sup>d</sup><sub>t</sub>),0.196
3,Derived canonical NK,Output (Y<sup>d</sup><sub>t</sub>),0.196
4,Derived canonical NK,Output (Y<sup>d</sup><sub>t</sub>),0.196
5,Derived canonical NK,Output (Y<sup>d</sup><sub>t</sub>),0.196
6,Derived canonical NK,Output (Y<sup>d</sup><sub>t</sub>),0.196
7,Derived canonical NK,Output (Y<sup>d</sup><sub>t</sub>),0.196
8,Derived canonical NK,Output (Y<sup>d</sup><sub>t</sub>),0.196
9,Derived canonical NK,Output (Y<sup>d</sup><sub>t</sub>),0.196
10,Derived canonical NK,Output (Y<sup>d</sup><sub>t</sub>),0.196
11,Derived canonical NK,Output (Y<sup>d</sup><sub>t</sub>),0.196
12,Derived canonical NK,Output (Y<sup>d</sup><sub>t</sub>),0.196
13,Derived canonical NK,Output (Y<sup>d</sup><sub>t</sub>),0.196
14,Derived canonical NK,Output (Y<sup>d</sup><sub>t</sub>),0.196
15,Derived canonical NK,Output (Y<sup>d</sup><sub>t</sub>),0.196
16,Derived canonical NK,Output (Y<sup>d</sup><sub>t</sub>),0.196
17,Derived canonical NK,Output (Y<sup>d</sup><sub>t</sub>),0.196
18,Derived canonical NK,Output (Y<sup>d</sup><sub>t</sub>),0.196
19,Derived canonical NK,Output (Y<sup>d</sup><sub>t</sub>),0.196
20,Derived canonical NK,Output (Y<sup>d</sup><sub>t</sub>),0.196
21,Derived canonical NK,Output (Y<sup>d</sup><sub>t</sub>),0.196
22,Derived canonical NK,Output (Y<sup>d</sup><sub>t</sub>),0.196
23,Derived canonical NK,Output (Y<sup>d</sup><sub>t</sub>),0.196
24,Derived canonical NK,Output (Y<sup>d</sup><sub>t</sub>),0.196
25,Derived canonical NK,Output (Y<sup>d</sup><sub>t</sub>),0.196
26,Derived canonical NK,Output (Y<sup>d</sup><sub>t</sub>),0.196
27,Derived canonical NK,Output (Y<sup>d</sup><sub>t</sub>),0.196
28,Derived canonical NK,Output (Y<sup>d</sup><sub>t</sub>),0.196
29,Derived canonical NK,Output (Y<sup>d</sup><sub>t</sub>),0.196
30,Derived canonical NK,Output (Y<sup>d</sup><sub>t</sub>),0.196
31,Derived canonical NK,Output (Y<sup>d</sup><sub>t</sub>),0.196
32,Derived canonical NK,Output (Y<sup>d</sup><sub>t</sub>),0.196
33,Derived canonical NK,Output (Y<sup>d</sup><sub>t</sub>),0.196
34,Derived canonical NK,Output (Y<sup>d</sup><sub>t</sub>),0.196
35,Derived canonical NK,Output (Y<sup>d</sup><sub>t</sub>),0.196
36,Derived canonical NK,Output (Y<sup>d</sup><sub>t</sub>),0.196
37,Derived canonical NK,Output (Y<sup>d</sup><sub>t</sub>),0.196
38,Derived canonical NK,Output (Y<sup>d</sup><sub>t</sub>),0.196
39,Derived canonical NK,Output (Y<sup>d</sup><sub>t</sub>),0.196
40,Derived canonical NK,Output (Y<sup>d</sup><sub>t</sub>),0.196
41,Derived canonical NK,Output (Y<sup>d</sup><sub>t</sub>),0.196
42,Derived canonical NK,Output (Y<sup>d</sup><sub>t</sub>),0.196
43,Derived canonical NK,Output (Y<sup>d</sup><sub>t</sub>),0.196
44,Derived canonical NK,Output (Y<sup>d</sup><sub>t</sub>),0.196
45,Derived canonical NK,Output (Y<sup>d</sup><sub>t</sub>),0.196
46,Derived canonical NK,Output (Y<sup>d</sup><sub>t</sub>),0.196
47,Derived canonical NK,Output (Y<sup>d</sup><sub>t</sub>),0.196
48,Derived canonical NK,Output (Y<sup>d</sup><sub>t</sub>),0.196
49,Derived canonical NK,Output (Y<sup>d</sup><sub>t</sub>),0.196
50,Derived canonical NK,Output (Y<sup>d</sup><sub>t</sub>),0.196
51,Derived canonical NK,Output (Y<sup>d</sup><sub>t</sub>),0.196
52,Derived canonical NK,Output (Y<sup>d</sup><sub>t</sub>),0.196
53,Derived canonical NK,Output (Y<sup>d</sup><sub>t</sub>),0.196
54,Derived canonical NK,Output (Y<sup>d</sup><sub>t</sub>),0.196
55,Derived canonical NK,Output (Y<sup>d</sup><sub>t</sub>),0.196
56,Derived canonical NK,Output (Y<sup>d</sup><sub>t</sub>),0.196
57,Derived canonical NK,Output (Y<sup>d</sup><sub>t</sub>),0.196
58,Derived canonical NK,Output (Y<sup>d</sup><sub>t</sub>),0.196
59,Derived canonical NK,Output (Y<sup>d</sup><sub>t</sub>),0.196
60,Derived canonical NK,Output (Y<sup>d</sup><sub>t</sub>),0.196
61,Derived canonical NK,Output (Y<sup>d</sup><sub>t</sub>),0.196
62,Derived canonical NK,Output (Y<sup>d</sup><sub>t</sub>),0.196
63,Derived canonical NK,Output (Y<sup>d</sup><sub>t</sub>),0.196
64,Derived canonical NK,Output (Y<sup>d</sup><sub>t</sub>),0.196
65,Derived canonical NK,Output (Y<sup>d</sup><sub>t</sub>),0.196
66,Derived canonical NK,Output (Y<sup>d</sup><sub>t</sub>),0.196
67,Derived canonical NK,Output (Y<sup>d</sup><sub>t</sub>),0.196
68,Derived canonical NK,Output (Y<sup>d</sup><sub>t</sub>),0.196
69,Derived canonical NK,Output (Y<sup>d</sup><sub>t</sub>),0.196
70,Derived canonical NK,Output (Y<sup>d</sup><sub>t</sub>),0.196
71,Derived canonical NK,Output (Y<sup>d</sup><sub>t</sub>),0.196
72,Derived canonical NK,Output (Y<sup>d</sup><sub>t</sub>),0.196
73,Derived canonical NK,Output (Y<sup>d</sup><sub>t</sub>),0.196
74,Derived canonical NK,Output (Y<sup>d</sup><sub>t</sub>),0.196
75,Derived canonical NK,Output (Y<sup>d</sup><sub>t</sub>),0.196
76,Derived canonical NK,Output (Y<sup>d</sup><sub>t</sub>),0.196
77,Derived canonical NK,Output (Y<sup>d</sup><sub>t</sub>),0.196
78,Derived canonical NK,Output (Y<sup>d</sup><sub>t</sub>),0.196
79,Derived canonical NK,Output (Y<sup>d</sup><sub>t</sub>),0.196
80,Derived canonical NK,Output (Y<sup>d</sup><sub>t</sub>),0.196
81,Derived canonical NK,Output (Y<sup>d</sup><sub>t</sub>),0.196
82,Derived canonical NK,Output (Y<sup>d</sup><sub>t</sub>),0.196
83,Derived canonical NK,Output (Y<sup>d</sup><sub>t</sub>),0.196
84,Derived canonical NK,Output (Y<sup>d</sup><sub>t</sub>),0.196
85,Derived canonical NK,Output (Y<sup>d</sup><sub>t</sub>),0.196
86,Derived canonical NK,Output (Y<sup>d</sup><sub>t</sub>),0.196
87,Derived canonical NK,Output (Y<sup>d</sup><sub>t</sub>),0.196
88,Derived canonical NK,Output (Y<sup>d</sup><sub>t</sub>),0.196
89,Derived canonical NK,Output (Y<sup>d</sup><sub>t</sub>),0.196
90,Derived canonical NK,Output (Y<sup>d</sup><sub>t</sub>),0.196
91,Derived canonical NK,Output (Y<sup>d</sup><sub>t</sub>),0.196
92,Derived canonical NK,Output (Y<sup>d</sup><sub>t</sub>),0.196
93,Derived canonical NK,Output (Y<sup>d</sup><sub>t</sub>),0.196
94,Derived canonical NK,Output (Y<sup>d</sup><sub>t</sub>),0.196
95,Derived canonical NK,Output (Y<sup>d</sup><sub>t</sub>),0.196
96,Derived canonical NK,Output (Y<sup>d</sup><sub>t</sub>),0.196
97,Derived canonical NK,Output (Y<sup>d</sup><sub>t</sub>),0.196
98,Derived canonical NK,Output (Y<sup>d</sup><sub>t</sub>),0.196
99,Derived canonical NK,Output (Y<sup>d</sup><sub>t</sub>),0.196
100,Derived canonical NK,Output (Y<sup>d</sup><sub>t</sub>),0.196
1,Canonical NK control,Output (Y<sup>d</sup><sub>t</sub>),0.196
2,Canonical NK control,Output (Y<sup>d</sup><sub>t</sub>),0.196
3,Canonical NK control,Output (Y<sup>d</sup><sub>t</sub>),0.196
4,Canonical NK control,Output (Y<sup>d</sup><sub>t</sub>),0.196
5,Canonical NK control,Output (Y<sup>d</sup><sub>t</sub>),0.196
6,Canonical NK control,Output (Y<sup>d</sup><sub>t</sub>),0.196
7,Canonical NK control,Output (Y<sup>d</sup><sub>t</sub>),0.196
8,Canonical NK control,Output (Y<sup>d</sup><sub>t</sub>),0.196
9,Canonical NK control,Output (Y<sup>d</sup><sub>t</sub>),0.196
10,Canonical NK control,Output (Y<sup>d</sup><sub>t</sub>),0.196
11,Canonical NK control,Output (Y<sup>d</sup><sub>t</sub>),0.196
12,Canonical NK control,Output (Y<sup>d</sup><sub>t</sub>),0.196
13,Canonical NK control,Output (Y<sup>d</sup><sub>t</sub>),0.196
14,Canonical NK control,Output (Y<sup>d</sup><sub>t</sub>),0.196
15,Canonical NK control,Output (Y<sup>d</sup><sub>t</sub>),0.196
16,Canonical NK control,Output (Y<sup>d</sup><sub>t</sub>),0.196
17,Canonical NK control,Output (Y<sup>d</sup><sub>t</sub>),0.196
18,Canonical NK control,Output (Y<sup>d</sup><sub>t</sub>),0.196
19,Canonical NK control,Output (Y<sup>d</sup><sub>t</sub>),0.196
20,Canonical NK control,Output (Y<sup>d</sup><sub>t</sub>),0.196
21,Canonical NK control,Output (Y<sup>d</sup><sub>t</sub>),0.196
22,Canonical NK control,Output (Y<sup>d</sup><sub>t</sub>),0.196
23,Canonical NK control,Output (Y<sup>d</sup><sub>t</sub>),0.196
24,Canonical NK control,Output (Y<sup>d</sup><sub>t</sub>),0.196
25,Canonical NK control,Output (Y<sup>d</sup><sub>t</sub>),0.196
26,Canonical NK control,Output (Y<sup>d</sup><sub>t</sub>),0.196
27,Canonical NK control,Output (Y<sup>d</sup><sub>t</sub>),0.196
28,Canonical NK control,Output (Y<sup>d</sup><sub>t</sub>),0.196
29,Canonical NK control,Output (Y<sup>d</sup><sub>t</sub>),0.196
30,Canonical NK control,Output (Y<sup>d</sup><sub>t</sub>),0.196
31,Canonical NK control,Output (Y<sup>d</sup><sub>t</sub>),0.196
32,Canonical NK control,Output (Y<sup>d</sup><sub>t</sub>),0.196
33,Canonical NK control,Output (Y<sup>d</sup><sub>t</sub>),0.196
34,Canonical NK control,Output (Y<sup>d</sup><sub>t</sub>),0.196
35,Canonical NK control,Output (Y<sup>d</sup><sub>t</sub>),0.196
36,Canonical NK control,Output (Y<sup>d</sup><sub>t</sub>),0.196
37,Canonical NK control,Output (Y<sup>d</sup><sub>t</sub>),0.196
38,Canonical NK control,Output (Y<sup>d</sup><sub>t</sub>),0.196
39,Canonical NK control,Output (Y<sup>d</sup><sub>t</sub>),0.196
40,Canonical NK control,Output (Y<sup>d</sup><sub>t</sub>),0.196
41,Canonical NK control,Output (Y<sup>d</sup><sub>t</sub>),0.196
42,Canonical NK control,Output (Y<sup>d</sup><sub>t</sub>),0.196
43,Canonical NK control,Output (Y<sup>d</sup><sub>t</sub>),0.196
44,Canonical NK control,Output (Y<sup>d</sup><sub>t</sub>),0.196
45,Canonical NK control,Output (Y<sup>d</sup><sub>t</sub>),0.196
46,Canonical NK control,Output (Y<sup>d</sup><sub>t</sub>),0.196
47,Canonical NK control,Output (Y<sup>d</sup><sub>t</sub>),0.196
48,Canonical NK control,Output (Y<sup>d</sup><sub>t</sub>),0.196
49,Canonical NK control,Output (Y<sup>d</sup><sub>t</sub>),0.196
50,Canonical NK control,Output (Y<sup>d</sup><sub>t</sub>),0.196
51,Canonical NK control,Output (Y<sup>d</sup><sub>t</sub>),0.196
52,Canonical NK control,Output (Y<sup>d</sup><sub>t</sub>),0.196
53,Canonical NK control,Output (Y<sup>d</sup><sub>t</sub>),0.196
54,Canonical NK control,Output (Y<sup>d</sup><sub>t</sub>),0.196
55,Canonical NK control,Output (Y<sup>d</sup><sub>t</sub>),0.196
56,Canonical NK control,Output (Y<sup>d</sup><sub>t</sub>),0.196
57,Canonical NK control,Output (Y<sup>d</sup><sub>t</sub>),0.196
58,Canonical NK control,Output (Y<sup>d</sup><sub>t</sub>),0.196
59,Canonical NK control,Output (Y<sup>d</sup><sub>t</sub>),0.196
60,Canonical NK control,Output (Y<sup>d</sup><sub>t</sub>),0.196
61,Canonical NK control,Output (Y<sup>d</sup><sub>t</sub>),0.196
62,Canonical NK control,Output (Y<sup>d</sup><sub>t</sub>),0.196
63,Canonical NK control,Output (Y<sup>d</sup><sub>t</sub>),0.196
64,Canonical NK control,Output (Y<sup>d</sup><sub>t</sub>),0.196
65,Canonical NK control,Output (Y<sup>d</sup><sub>t</sub>),0.196
66,Canonical NK control,Output (Y<sup>d</sup><sub>t</sub>),0.196
67,Canonical NK control,Output (Y<sup>d</sup><sub>t</sub>),0.196
68,Canonical NK control,Output (Y<sup>d</sup><sub>t</sub>),0.196
69,Canonical NK control,Output (Y<sup>d</sup><sub>t</sub>),0.196
70,Canonical NK control,Output (Y<sup>d</sup><sub>t</sub>),0.196
71,Canonical NK control,Output (Y<sup>d</sup><sub>t</sub>),0.196
72,Canonical NK control,Output (Y<sup>d</sup><sub>t</sub>),0.196
73,Canonical NK control,Output (Y<sup>d</sup><sub>t</sub>),0.196
74,Canonical NK control,Output (Y<sup>d</sup><sub>t</sub>),0.196
75,Canonical NK control,Output (Y<sup>d</sup><sub>t</sub>),0.196
76,Canonical NK control,Output (Y<sup>d</sup><sub>t</sub>),0.196
77,Canonical NK control,Output (Y<sup>d</sup><sub>t</sub>),0.196
78,Canonical NK control,Output (Y<sup>d</sup><sub>t</sub>),0.196
79,Canonical NK control,Output (Y<sup>d</sup><sub>t</sub>),0.196
80,Canonical NK control,Output (Y<sup>d</sup><sub>t</sub>),0.196
81,Canonical NK control,Output (Y<sup>d</sup><sub>t</sub>),0.196
82,Canonical NK control,Output (Y<sup>d</sup><sub>t</sub>),0.196
83,Canonical NK control,Output (Y<sup>d</sup><sub>t</sub>),0.196
84,Canonical NK control,Output (Y<sup>d</sup><sub>t</sub>),0.196
85,Canonical NK control,Output (Y<sup>d</sup><sub>t</sub>),0.196
86,Canonical NK control,Output (Y<sup>d</sup><sub>t</sub>),0.196
87,Canonical NK control,Output (Y<sup>d</sup><sub>t</sub>),0.196
88,Canonical NK control,Output (Y<sup>d</sup><sub>t</sub>),0.196
89,Canonical NK control,Output (Y<sup>d</sup><sub>t</sub>),0.196
90,Canonical NK control,Output (Y<sup>d</sup><sub>t</sub>),0.196
91,Canonical NK control,Output (Y<sup>d</sup><sub>t</sub>),0.196
92,Canonical NK control,Output (Y<sup>d</sup><sub>t</sub>),0.196
93,Canonical NK control,Output (Y<sup>d</sup><sub>t</sub>),0.196
94,Canonical NK control,Output (Y<sup>d</sup><sub>t</sub>),0.196
95,Canonical NK control,Output (Y<sup>d</sup><sub>t</sub>),0.196
96,Canonical NK control,Output (Y<sup>d</sup><sub>t</sub>),0.196
97,Canonical NK control,Output (Y<sup>d</sup><sub>t</sub>),0.196
98,Canonical NK control,Output (Y<sup>d</sup><sub>t</sub>),0.196
99,Canonical NK control,Output (Y<sup>d</sup><sub>t</sub>),0.196
100,Canonical NK control,Output (Y<sup>d</sup><sub>t</sub>),0.196
1,Full model,Consumption (C<sub>t</sub>),-1.697
2,Full model,Consumption (C<sub>t</sub>),-1.692
3,Full model,Consumption (C<sub>t</sub>),-1.686
4,Full model,Consumption (C<sub>t</sub>),-1.68
5,Full model,Consumption (C<sub>t</sub>),-1.674
6,Full model,Consumption (C<sub>t</sub>),-1.667
7,Full model,Consumption (C<sub>t</sub>),-1.661
8,Full model,Consumption (C<sub>t</sub>),-1.655
9,Full model,Consumption (C<sub>t</sub>),-1.648
10,Full model,Consumption (C<sub>t</sub>),-1.642
11,Full model,Consumption (C<sub>t</sub>),-1.635
12,Full model,Consumption (C<sub>t</sub>),-1.629
13,Full model,Consumption (C<sub>t</sub>),-1.622
14,Full model,Consumption (C<sub>t</sub>),-1.616
15,Full model,Consumption (C<sub>t</sub>),-1.609
16,Full model,Consumption (C<sub>t</sub>),-1.603
17,Full model,Consumption (C<sub>t</sub>),-1.596
18,Full model,Consumption (C<sub>t</sub>),-1.59
19,Full model,Consumption (C<sub>t</sub>),-1.583
20,Full model,Consumption (C<sub>t</sub>),-1.577
21,Full model,Consumption (C<sub>t</sub>),-1.571
22,Full model,Consumption (C<sub>t</sub>),-1.564
23,Full model,Consumption (C<sub>t</sub>),-1.558
24,Full model,Consumption (C<sub>t</sub>),-1.551
25,Full model,Consumption (C<sub>t</sub>),-1.545
26,Full model,Consumption (C<sub>t</sub>),-1.539
27,Full model,Consumption (C<sub>t</sub>),-1.533
28,Full model,Consumption (C<sub>t</sub>),-1.526
29,Full model,Consumption (C<sub>t</sub>),-1.52
30,Full model,Consumption (C<sub>t</sub>),-1.514
31,Full model,Consumption (C<sub>t</sub>),-1.508
32,Full model,Consumption (C<sub>t</sub>),-1.502
33,Full model,Consumption (C<sub>t</sub>),-1.496
34,Full model,Consumption (C<sub>t</sub>),-1.49
35,Full model,Consumption (C<sub>t</sub>),-1.484
36,Full model,Consumption (C<sub>t</sub>),-1.478
37,Full model,Consumption (C<sub>t</sub>),-1.472
38,Full model,Consumption (C<sub>t</sub>),-1.466
39,Full model,Consumption (C<sub>t</sub>),-1.46
40,Full model,Consumption (C<sub>t</sub>),-1.455
41,Full model,Consumption (C<sub>t</sub>),-1.449
42,Full model,Consumption (C<sub>t</sub>),-1.443
43,Full model,Consumption (C<sub>t</sub>),-1.438
44,Full model,Consumption (C<sub>t</sub>),-1.432
45,Full model,Consumption (C<sub>t</sub>),-1.427
46,Full model,Consumption (C<sub>t</sub>),-1.421
47,Full model,Consumption (C<sub>t</sub>),-1.416
48,Full model,Consumption (C<sub>t</sub>),-1.41
49,Full model,Consumption (C<sub>t</sub>),-1.405
50,Full model,Consumption (C<sub>t</sub>),-1.4
51,Full model,Consumption (C<sub>t</sub>),-1.394
52,Full model,Consumption (C<sub>t</sub>),-1.389
53,Full model,Consumption (C<sub>t</sub>),-1.384
54,Full model,Consumption (C<sub>t</sub>),-1.379
55,Full model,Consumption (C<sub>t</sub>),-1.374
56,Full model,Consumption (C<sub>t</sub>),-1.369
57,Full model,Consumption (C<sub>t</sub>),-1.364
58,Full model,Consumption (C<sub>t</sub>),-1.359
59,Full model,Consumption (C<sub>t</sub>),-1.354
60,Full model,Consumption (C<sub>t</sub>),-1.35
61,Full model,Consumption (C<sub>t</sub>),-1.345
62,Full model,Consumption (C<sub>t</sub>),-1.34
63,Full model,Consumption (C<sub>t</sub>),-1.335
64,Full model,Consumption (C<sub>t</sub>),-1.331
65,Full model,Consumption (C<sub>t</sub>),-1.326
66,Full model,Consumption (C<sub>t</sub>),-1.322
67,Full model,Consumption (C<sub>t</sub>),-1.317
68,Full model,Consumption (C<sub>t</sub>),-1.313
69,Full model,Consumption (C<sub>t</sub>),-1.309
70,Full model,Consumption (C<sub>t</sub>),-1.304
71,Full model,Consumption (C<sub>t</sub>),-1.3
72,Full model,Consumption (C<sub>t</sub>),-1.296
73,Full model,Consumption (C<sub>t</sub>),-1.292
74,Full model,Consumption (C<sub>t</sub>),-1.287
75,Full model,Consumption (C<sub>t</sub>),-1.283
76,Full model,Consumption (C<sub>t</sub>),-1.279
77,Full model,Consumption (C<sub>t</sub>),-1.275
78,Full model,Consumption (C<sub>t</sub>),-1.271
79,Full model,Consumption (C<sub>t</sub>),-1.268
80,Full model,Consumption (C<sub>t</sub>),-1.264
81,Full model,Consumption (C<sub>t</sub>),-1.26
82,Full model,Consumption (C<sub>t</sub>),-1.256
83,Full model,Consumption (C<sub>t</sub>),-1.252
84,Full model,Consumption (C<sub>t</sub>),-1.249
85,Full model,Consumption (C<sub>t</sub>),-1.245
86,Full model,Consumption (C<sub>t</sub>),-1.241
87,Full model,Consumption (C<sub>t</sub>),-1.238
88,Full model,Consumption (C<sub>t</sub>),-1.234
89,Full model,Consumption (C<sub>t</sub>),-1.231
90,Full model,Consumption (C<sub>t</sub>),-1.227
91,Full model,Consumption (C<sub>t</sub>),-1.224
92,Full model,Consumption (C<sub>t</sub>),-1.221
93,Full model,Consumption (C<sub>t</sub>),-1.217
94,Full model,Consumption (C<sub>t</sub>),-1.214
95,Full model,Consumption (C<sub>t</sub>),-1.211
96,Full model,Consumption (C<sub>t</sub>),-1.208
97,Full model,Consumption (C<sub>t</sub>),-1.204
98,Full model,Consumption (C<sub>t</sub>),-1.201
99,Full model,Consumption (C<sub>t</sub>),-1.198
100,Full model,Consumption (C<sub>t</sub>),-1.195
1,No endogenous technology,Consumption (C<sub>t</sub>),-1.704
2,No endogenous technology,Consumption (C<sub>t</sub>),-1.699
3,No endogenous technology,Consumption (C<sub>t</sub>),-1.694
4,No endogenous technology,Consumption (C<sub>t</sub>),-1.688
5,No endogenous technology,Consumption (C<sub>t</sub>),-1.681
6,No endogenous technology,Consumption (C<sub>t</sub>),-1.675
7,No endogenous technology,Consumption (C<sub>t</sub>),-1.669
8,No endogenous technology,Consumption (C<sub>t</sub>),-1.663
9,No endogenous technology,Consumption (C<sub>t</sub>),-1.657
10,No endogenous technology,Consumption (C<sub>t</sub>),-1.651
11,No endogenous technology,Consumption (C<sub>t</sub>),-1.645
12,No endogenous technology,Consumption (C<sub>t</sub>),-1.64
13,No endogenous technology,Consumption (C<sub>t</sub>),-1.634
14,No endogenous technology,Consumption (C<sub>t</sub>),-1.628
15,No endogenous technology,Consumption (C<sub>t</sub>),-1.622
16,No endogenous technology,Consumption (C<sub>t</sub>),-1.617
17,No endogenous technology,Consumption (C<sub>t</sub>),-1.611
18,No endogenous technology,Consumption (C<sub>t</sub>),-1.606
19,No endogenous technology,Consumption (C<sub>t</sub>),-1.6
20,No endogenous technology,Consumption (C<sub>t</sub>),-1.595
21,No endogenous technology,Consumption (C<sub>t</sub>),-1.59
22,No endogenous technology,Consumption (C<sub>t</sub>),-1.584
23,No endogenous technology,Consumption (C<sub>t</sub>),-1.579
24,No endogenous technology,Consumption (C<sub>t</sub>),-1.574
25,No endogenous technology,Consumption (C<sub>t</sub>),-1.569
26,No endogenous technology,Consumption (C<sub>t</sub>),-1.564
27,No endogenous technology,Consumption (C<sub>t</sub>),-1.559
28,No endogenous technology,Consumption (C<sub>t</sub>),-1.555
29,No endogenous technology,Consumption (C<sub>t</sub>),-1.55
30,No endogenous technology,Consumption (C<sub>t</sub>),-1.545
31,No endogenous technology,Consumption (C<sub>t</sub>),-1.541
32,No endogenous technology,Consumption (C<sub>t</sub>),-1.537
33,No endogenous technology,Consumption (C<sub>t</sub>),-1.532
34,No endogenous technology,Consumption (C<sub>t</sub>),-1.528
35,No endogenous technology,Consumption (C<sub>t</sub>),-1.524
36,No endogenous technology,Consumption (C<sub>t</sub>),-1.52
37,No endogenous technology,Consumption (C<sub>t</sub>),-1.516
38,No endogenous technology,Consumption (C<sub>t</sub>),-1.512
39,No endogenous technology,Consumption (C<sub>t</sub>),-1.508
40,No endogenous technology,Consumption (C<sub>t</sub>),-1.504
41,No endogenous technology,Consumption (C<sub>t</sub>),-1.5
42,No endogenous technology,Consumption (C<sub>t</sub>),-1.497
43,No endogenous technology,Consumption (C<sub>t</sub>),-1.493
44,No endogenous technology,Consumption (C<sub>t</sub>),-1.49
45,No endogenous technology,Consumption (C<sub>t</sub>),-1.486
46,No endogenous technology,Consumption (C<sub>t</sub>),-1.483
47,No endogenous technology,Consumption (C<sub>t</sub>),-1.48
48,No endogenous technology,Consumption (C<sub>t</sub>),-1.477
49,No endogenous technology,Consumption (C<sub>t</sub>),-1.473
50,No endogenous technology,Consumption (C<sub>t</sub>),-1.47
51,No endogenous technology,Consumption (C<sub>t</sub>),-1.467
52,No endogenous technology,Consumption (C<sub>t</sub>),-1.464
53,No endogenous technology,Consumption (C<sub>t</sub>),-1.462
54,No endogenous technology,Consumption (C<sub>t</sub>),-1.459
55,No endogenous technology,Consumption (C<sub>t</sub>),-1.456
56,No endogenous technology,Consumption (C<sub>t</sub>),-1.453
57,No endogenous technology,Consumption (C<sub>t</sub>),-1.451
58,No endogenous technology,Consumption (C<sub>t</sub>),-1.448
59,No endogenous technology,Consumption (C<sub>t</sub>),-1.446
60,No endogenous technology,Consumption (C<sub>t</sub>),-1.443
61,No endogenous technology,Consumption (C<sub>t</sub>),-1.441
62,No endogenous technology,Consumption (C<sub>t</sub>),-1.438
63,No endogenous technology,Consumption (C<sub>t</sub>),-1.436
64,No endogenous technology,Consumption (C<sub>t</sub>),-1.434
65,No endogenous technology,Consumption (C<sub>t</sub>),-1.432
66,No endogenous technology,Consumption (C<sub>t</sub>),-1.429
67,No endogenous technology,Consumption (C<sub>t</sub>),-1.427
68,No endogenous technology,Consumption (C<sub>t</sub>),-1.425
69,No endogenous technology,Consumption (C<sub>t</sub>),-1.423
70,No endogenous technology,Consumption (C<sub>t</sub>),-1.421
71,No endogenous technology,Consumption (C<sub>t</sub>),-1.42
72,No endogenous technology,Consumption (C<sub>t</sub>),-1.418
73,No endogenous technology,Consumption (C<sub>t</sub>),-1.416
74,No endogenous technology,Consumption (C<sub>t</sub>),-1.414
75,No endogenous technology,Consumption (C<sub>t</sub>),-1.412
76,No endogenous technology,Consumption (C<sub>t</sub>),-1.411
77,No endogenous technology,Consumption (C<sub>t</sub>),-1.409
78,No endogenous technology,Consumption (C<sub>t</sub>),-1.407
79,No endogenous technology,Consumption (C<sub>t</sub>),-1.406
80,No endogenous technology,Consumption (C<sub>t</sub>),-1.404
81,No endogenous technology,Consumption (C<sub>t</sub>),-1.403
82,No endogenous technology,Consumption (C<sub>t</sub>),-1.401
83,No endogenous technology,Consumption (C<sub>t</sub>),-1.4
84,No endogenous technology,Consumption (C<sub>t</sub>),-1.398
85,No endogenous technology,Consumption (C<sub>t</sub>),-1.397
86,No endogenous technology,Consumption (C<sub>t</sub>),-1.396
87,No endogenous technology,Consumption (C<sub>t</sub>),-1.395
88,No endogenous technology,Consumption (C<sub>t</sub>),-1.393
89,No endogenous technology,Consumption (C<sub>t</sub>),-1.392
90,No endogenous technology,Consumption (C<sub>t</sub>),-1.391
91,No endogenous technology,Consumption (C<sub>t</sub>),-1.39
92,No endogenous technology,Consumption (C<sub>t</sub>),-1.388
93,No endogenous technology,Consumption (C<sub>t</sub>),-1.387
94,No endogenous technology,Consumption (C<sub>t</sub>),-1.386
95,No endogenous technology,Consumption (C<sub>t</sub>),-1.385
96,No endogenous technology,Consumption (C<sub>t</sub>),-1.384
97,No endogenous technology,Consumption (C<sub>t</sub>),-1.383
98,No endogenous technology,Consumption (C<sub>t</sub>),-1.382
99,No endogenous technology,Consumption (C<sub>t</sub>),-1.381
100,No endogenous technology,Consumption (C<sub>t</sub>),-1.38
1,No human capital,Consumption (C<sub>t</sub>),-1.757
2,No human capital,Consumption (C<sub>t</sub>),-1.751
3,No human capital,Consumption (C<sub>t</sub>),-1.745
4,No human capital,Consumption (C<sub>t</sub>),-1.739
5,No human capital,Consumption (C<sub>t</sub>),-1.732
6,No human capital,Consumption (C<sub>t</sub>),-1.726
7,No human capital,Consumption (C<sub>t</sub>),-1.721
8,No human capital,Consumption (C<sub>t</sub>),-1.715
9,No human capital,Consumption (C<sub>t</sub>),-1.71
10,No human capital,Consumption (C<sub>t</sub>),-1.705
11,No human capital,Consumption (C<sub>t</sub>),-1.7
12,No human capital,Consumption (C<sub>t</sub>),-1.695
13,No human capital,Consumption (C<sub>t</sub>),-1.69
14,No human capital,Consumption (C<sub>t</sub>),-1.686
15,No human capital,Consumption (C<sub>t</sub>),-1.681
16,No human capital,Consumption (C<sub>t</sub>),-1.677
17,No human capital,Consumption (C<sub>t</sub>),-1.673
18,No human capital,Consumption (C<sub>t</sub>),-1.669
19,No human capital,Consumption (C<sub>t</sub>),-1.666
20,No human capital,Consumption (C<sub>t</sub>),-1.662
21,No human capital,Consumption (C<sub>t</sub>),-1.659
22,No human capital,Consumption (C<sub>t</sub>),-1.655
23,No human capital,Consumption (C<sub>t</sub>),-1.652
24,No human capital,Consumption (C<sub>t</sub>),-1.649
25,No human capital,Consumption (C<sub>t</sub>),-1.646
26,No human capital,Consumption (C<sub>t</sub>),-1.643
27,No human capital,Consumption (C<sub>t</sub>),-1.64
28,No human capital,Consumption (C<sub>t</sub>),-1.637
29,No human capital,Consumption (C<sub>t</sub>),-1.635
30,No human capital,Consumption (C<sub>t</sub>),-1.632
31,No human capital,Consumption (C<sub>t</sub>),-1.63
32,No human capital,Consumption (C<sub>t</sub>),-1.628
33,No human capital,Consumption (C<sub>t</sub>),-1.625
34,No human capital,Consumption (C<sub>t</sub>),-1.623
35,No human capital,Consumption (C<sub>t</sub>),-1.621
36,No human capital,Consumption (C<sub>t</sub>),-1.619
37,No human capital,Consumption (C<sub>t</sub>),-1.617
38,No human capital,Consumption (C<sub>t</sub>),-1.615
39,No human capital,Consumption (C<sub>t</sub>),-1.614
40,No human capital,Consumption (C<sub>t</sub>),-1.612
41,No human capital,Consumption (C<sub>t</sub>),-1.61
42,No human capital,Consumption (C<sub>t</sub>),-1.608
43,No human capital,Consumption (C<sub>t</sub>),-1.607
44,No human capital,Consumption (C<sub>t</sub>),-1.605
45,No human capital,Consumption (C<sub>t</sub>),-1.604
46,No human capital,Consumption (C<sub>t</sub>),-1.603
47,No human capital,Consumption (C<sub>t</sub>),-1.601
48,No human capital,Consumption (C<sub>t</sub>),-1.6
49,No human capital,Consumption (C<sub>t</sub>),-1.599
50,No human capital,Consumption (C<sub>t</sub>),-1.597
51,No human capital,Consumption (C<sub>t</sub>),-1.596
52,No human capital,Consumption (C<sub>t</sub>),-1.595
53,No human capital,Consumption (C<sub>t</sub>),-1.594
54,No human capital,Consumption (C<sub>t</sub>),-1.593
55,No human capital,Consumption (C<sub>t</sub>),-1.592
56,No human capital,Consumption (C<sub>t</sub>),-1.591
57,No human capital,Consumption (C<sub>t</sub>),-1.59
58,No human capital,Consumption (C<sub>t</sub>),-1.589
59,No human capital,Consumption (C<sub>t</sub>),-1.588
60,No human capital,Consumption (C<sub>t</sub>),-1.587
61,No human capital,Consumption (C<sub>t</sub>),-1.587
62,No human capital,Consumption (C<sub>t</sub>),-1.586
63,No human capital,Consumption (C<sub>t</sub>),-1.585
64,No human capital,Consumption (C<sub>t</sub>),-1.584
65,No human capital,Consumption (C<sub>t</sub>),-1.584
66,No human capital,Consumption (C<sub>t</sub>),-1.583
67,No human capital,Consumption (C<sub>t</sub>),-1.582
68,No human capital,Consumption (C<sub>t</sub>),-1.582
69,No human capital,Consumption (C<sub>t</sub>),-1.581
70,No human capital,Consumption (C<sub>t</sub>),-1.58
71,No human capital,Consumption (C<sub>t</sub>),-1.58
72,No human capital,Consumption (C<sub>t</sub>),-1.579
73,No human capital,Consumption (C<sub>t</sub>),-1.579
74,No human capital,Consumption (C<sub>t</sub>),-1.578
75,No human capital,Consumption (C<sub>t</sub>),-1.578
76,No human capital,Consumption (C<sub>t</sub>),-1.577
77,No human capital,Consumption (C<sub>t</sub>),-1.577
78,No human capital,Consumption (C<sub>t</sub>),-1.576
79,No human capital,Consumption (C<sub>t</sub>),-1.576
80,No human capital,Consumption (C<sub>t</sub>),-1.576
81,No human capital,Consumption (C<sub>t</sub>),-1.575
82,No human capital,Consumption (C<sub>t</sub>),-1.575
83,No human capital,Consumption (C<sub>t</sub>),-1.574
84,No human capital,Consumption (C<sub>t</sub>),-1.574
85,No human capital,Consumption (C<sub>t</sub>),-1.574
86,No human capital,Consumption (C<sub>t</sub>),-1.573
87,No human capital,Consumption (C<sub>t</sub>),-1.573
88,No human capital,Consumption (C<sub>t</sub>),-1.573
89,No human capital,Consumption (C<sub>t</sub>),-1.572
90,No human capital,Consumption (C<sub>t</sub>),-1.572
91,No human capital,Consumption (C<sub>t</sub>),-1.572
92,No human capital,Consumption (C<sub>t</sub>),-1.572
93,No human capital,Consumption (C<sub>t</sub>),-1.571
94,No human capital,Consumption (C<sub>t</sub>),-1.571
95,No human capital,Consumption (C<sub>t</sub>),-1.571
96,No human capital,Consumption (C<sub>t</sub>),-1.571
97,No human capital,Consumption (C<sub>t</sub>),-1.57
98,No human capital,Consumption (C<sub>t</sub>),-1.57
99,No human capital,Consumption (C<sub>t</sub>),-1.57
100,No human capital,Consumption (C<sub>t</sub>),-1.57
1,No public infrastructure,Consumption (C<sub>t</sub>),-1.757
2,No public infrastructure,Consumption (C<sub>t</sub>),-1.751
3,No public infrastructure,Consumption (C<sub>t</sub>),-1.745
4,No public infrastructure,Consumption (C<sub>t</sub>),-1.739
5,No public infrastructure,Consumption (C<sub>t</sub>),-1.732
6,No public infrastructure,Consumption (C<sub>t</sub>),-1.726
7,No public infrastructure,Consumption (C<sub>t</sub>),-1.721
8,No public infrastructure,Consumption (C<sub>t</sub>),-1.715
9,No public infrastructure,Consumption (C<sub>t</sub>),-1.71
10,No public infrastructure,Consumption (C<sub>t</sub>),-1.705
11,No public infrastructure,Consumption (C<sub>t</sub>),-1.7
12,No public infrastructure,Consumption (C<sub>t</sub>),-1.695
13,No public infrastructure,Consumption (C<sub>t</sub>),-1.69
14,No public infrastructure,Consumption (C<sub>t</sub>),-1.686
15,No public infrastructure,Consumption (C<sub>t</sub>),-1.681
16,No public infrastructure,Consumption (C<sub>t</sub>),-1.677
17,No public infrastructure,Consumption (C<sub>t</sub>),-1.673
18,No public infrastructure,Consumption (C<sub>t</sub>),-1.669
19,No public infrastructure,Consumption (C<sub>t</sub>),-1.666
20,No public infrastructure,Consumption (C<sub>t</sub>),-1.662
21,No public infrastructure,Consumption (C<sub>t</sub>),-1.659
22,No public infrastructure,Consumption (C<sub>t</sub>),-1.655
23,No public infrastructure,Consumption (C<sub>t</sub>),-1.652
24,No public infrastructure,Consumption (C<sub>t</sub>),-1.649
25,No public infrastructure,Consumption (C<sub>t</sub>),-1.646
26,No public infrastructure,Consumption (C<sub>t</sub>),-1.643
27,No public infrastructure,Consumption (C<sub>t</sub>),-1.64
28,No public infrastructure,Consumption (C<sub>t</sub>),-1.637
29,No public infrastructure,Consumption (C<sub>t</sub>),-1.635
30,No public infrastructure,Consumption (C<sub>t</sub>),-1.632
31,No public infrastructure,Consumption (C<sub>t</sub>),-1.63
32,No public infrastructure,Consumption (C<sub>t</sub>),-1.628
33,No public infrastructure,Consumption (C<sub>t</sub>),-1.625
34,No public infrastructure,Consumption (C<sub>t</sub>),-1.623
35,No public infrastructure,Consumption (C<sub>t</sub>),-1.621
36,No public infrastructure,Consumption (C<sub>t</sub>),-1.619
37,No public infrastructure,Consumption (C<sub>t</sub>),-1.617
38,No public infrastructure,Consumption (C<sub>t</sub>),-1.615
39,No public infrastructure,Consumption (C<sub>t</sub>),-1.614
40,No public infrastructure,Consumption (C<sub>t</sub>),-1.612
41,No public infrastructure,Consumption (C<sub>t</sub>),-1.61
42,No public infrastructure,Consumption (C<sub>t</sub>),-1.608
43,No public infrastructure,Consumption (C<sub>t</sub>),-1.607
44,No public infrastructure,Consumption (C<sub>t</sub>),-1.605
45,No public infrastructure,Consumption (C<sub>t</sub>),-1.604
46,No public infrastructure,Consumption (C<sub>t</sub>),-1.603
47,No public infrastructure,Consumption (C<sub>t</sub>),-1.601
48,No public infrastructure,Consumption (C<sub>t</sub>),-1.6
49,No public infrastructure,Consumption (C<sub>t</sub>),-1.599
50,No public infrastructure,Consumption (C<sub>t</sub>),-1.597
51,No public infrastructure,Consumption (C<sub>t</sub>),-1.596
52,No public infrastructure,Consumption (C<sub>t</sub>),-1.595
53,No public infrastructure,Consumption (C<sub>t</sub>),-1.594
54,No public infrastructure,Consumption (C<sub>t</sub>),-1.593
55,No public infrastructure,Consumption (C<sub>t</sub>),-1.592
56,No public infrastructure,Consumption (C<sub>t</sub>),-1.591
57,No public infrastructure,Consumption (C<sub>t</sub>),-1.59
58,No public infrastructure,Consumption (C<sub>t</sub>),-1.589
59,No public infrastructure,Consumption (C<sub>t</sub>),-1.588
60,No public infrastructure,Consumption (C<sub>t</sub>),-1.587
61,No public infrastructure,Consumption (C<sub>t</sub>),-1.587
62,No public infrastructure,Consumption (C<sub>t</sub>),-1.586
63,No public infrastructure,Consumption (C<sub>t</sub>),-1.585
64,No public infrastructure,Consumption (C<sub>t</sub>),-1.584
65,No public infrastructure,Consumption (C<sub>t</sub>),-1.584
66,No public infrastructure,Consumption (C<sub>t</sub>),-1.583
67,No public infrastructure,Consumption (C<sub>t</sub>),-1.582
68,No public infrastructure,Consumption (C<sub>t</sub>),-1.582
69,No public infrastructure,Consumption (C<sub>t</sub>),-1.581
70,No public infrastructure,Consumption (C<sub>t</sub>),-1.58
71,No public infrastructure,Consumption (C<sub>t</sub>),-1.58
72,No public infrastructure,Consumption (C<sub>t</sub>),-1.579
73,No public infrastructure,Consumption (C<sub>t</sub>),-1.579
74,No public infrastructure,Consumption (C<sub>t</sub>),-1.578
75,No public infrastructure,Consumption (C<sub>t</sub>),-1.578
76,No public infrastructure,Consumption (C<sub>t</sub>),-1.577
77,No public infrastructure,Consumption (C<sub>t</sub>),-1.577
78,No public infrastructure,Consumption (C<sub>t</sub>),-1.576
79,No public infrastructure,Consumption (C<sub>t</sub>),-1.576
80,No public infrastructure,Consumption (C<sub>t</sub>),-1.576
81,No public infrastructure,Consumption (C<sub>t</sub>),-1.575
82,No public infrastructure,Consumption (C<sub>t</sub>),-1.575
83,No public infrastructure,Consumption (C<sub>t</sub>),-1.574
84,No public infrastructure,Consumption (C<sub>t</sub>),-1.574
85,No public infrastructure,Consumption (C<sub>t</sub>),-1.574
86,No public infrastructure,Consumption (C<sub>t</sub>),-1.573
87,No public infrastructure,Consumption (C<sub>t</sub>),-1.573
88,No public infrastructure,Consumption (C<sub>t</sub>),-1.573
89,No public infrastructure,Consumption (C<sub>t</sub>),-1.572
90,No public infrastructure,Consumption (C<sub>t</sub>),-1.572
91,No public infrastructure,Consumption (C<sub>t</sub>),-1.572
92,No public infrastructure,Consumption (C<sub>t</sub>),-1.572
93,No public infrastructure,Consumption (C<sub>t</sub>),-1.571
94,No public infrastructure,Consumption (C<sub>t</sub>),-1.571
95,No public infrastructure,Consumption (C<sub>t</sub>),-1.571
96,No public infrastructure,Consumption (C<sub>t</sub>),-1.571
97,No public infrastructure,Consumption (C<sub>t</sub>),-1.57
98,No public infrastructure,Consumption (C<sub>t</sub>),-1.57
99,No public infrastructure,Consumption (C<sub>t</sub>),-1.57
100,No public infrastructure,Consumption (C<sub>t</sub>),-1.57
1,No private capital,Consumption (C<sub>t</sub>),-1.464
2,No private capital,Consumption (C<sub>t</sub>),-1.464
3,No private capital,Consumption (C<sub>t</sub>),-1.464
4,No private capital,Consumption (C<sub>t</sub>),-1.464
5,No private capital,Consumption (C<sub>t</sub>),-1.464
6,No private capital,Consumption (C<sub>t</sub>),-1.464
7,No private capital,Consumption (C<sub>t</sub>),-1.464
8,No private capital,Consumption (C<sub>t</sub>),-1.464
9,No private capital,Consumption (C<sub>t</sub>),-1.464
10,No private capital,Consumption (C<sub>t</sub>),-1.464
11,No private capital,Consumption (C<sub>t</sub>),-1.464
12,No private capital,Consumption (C<sub>t</sub>),-1.464
13,No private capital,Consumption (C<sub>t</sub>),-1.464
14,No private capital,Consumption (C<sub>t</sub>),-1.464
15,No private capital,Consumption (C<sub>t</sub>),-1.464
16,No private capital,Consumption (C<sub>t</sub>),-1.464
17,No private capital,Consumption (C<sub>t</sub>),-1.464
18,No private capital,Consumption (C<sub>t</sub>),-1.464
19,No private capital,Consumption (C<sub>t</sub>),-1.464
20,No private capital,Consumption (C<sub>t</sub>),-1.464
21,No private capital,Consumption (C<sub>t</sub>),-1.464
22,No private capital,Consumption (C<sub>t</sub>),-1.464
23,No private capital,Consumption (C<sub>t</sub>),-1.464
24,No private capital,Consumption (C<sub>t</sub>),-1.464
25,No private capital,Consumption (C<sub>t</sub>),-1.464
26,No private capital,Consumption (C<sub>t</sub>),-1.464
27,No private capital,Consumption (C<sub>t</sub>),-1.464
28,No private capital,Consumption (C<sub>t</sub>),-1.464
29,No private capital,Consumption (C<sub>t</sub>),-1.464
30,No private capital,Consumption (C<sub>t</sub>),-1.464
31,No private capital,Consumption (C<sub>t</sub>),-1.464
32,No private capital,Consumption (C<sub>t</sub>),-1.464
33,No private capital,Consumption (C<sub>t</sub>),-1.464
34,No private capital,Consumption (C<sub>t</sub>),-1.464
35,No private capital,Consumption (C<sub>t</sub>),-1.464
36,No private capital,Consumption (C<sub>t</sub>),-1.464
37,No private capital,Consumption (C<sub>t</sub>),-1.464
38,No private capital,Consumption (C<sub>t</sub>),-1.464
39,No private capital,Consumption (C<sub>t</sub>),-1.464
40,No private capital,Consumption (C<sub>t</sub>),-1.464
41,No private capital,Consumption (C<sub>t</sub>),-1.464
42,No private capital,Consumption (C<sub>t</sub>),-1.464
43,No private capital,Consumption (C<sub>t</sub>),-1.464
44,No private capital,Consumption (C<sub>t</sub>),-1.464
45,No private capital,Consumption (C<sub>t</sub>),-1.464
46,No private capital,Consumption (C<sub>t</sub>),-1.464
47,No private capital,Consumption (C<sub>t</sub>),-1.464
48,No private capital,Consumption (C<sub>t</sub>),-1.464
49,No private capital,Consumption (C<sub>t</sub>),-1.464
50,No private capital,Consumption (C<sub>t</sub>),-1.464
51,No private capital,Consumption (C<sub>t</sub>),-1.464
52,No private capital,Consumption (C<sub>t</sub>),-1.464
53,No private capital,Consumption (C<sub>t</sub>),-1.464
54,No private capital,Consumption (C<sub>t</sub>),-1.464
55,No private capital,Consumption (C<sub>t</sub>),-1.464
56,No private capital,Consumption (C<sub>t</sub>),-1.464
57,No private capital,Consumption (C<sub>t</sub>),-1.464
58,No private capital,Consumption (C<sub>t</sub>),-1.464
59,No private capital,Consumption (C<sub>t</sub>),-1.464
60,No private capital,Consumption (C<sub>t</sub>),-1.464
61,No private capital,Consumption (C<sub>t</sub>),-1.464
62,No private capital,Consumption (C<sub>t</sub>),-1.464
63,No private capital,Consumption (C<sub>t</sub>),-1.464
64,No private capital,Consumption (C<sub>t</sub>),-1.464
65,No private capital,Consumption (C<sub>t</sub>),-1.464
66,No private capital,Consumption (C<sub>t</sub>),-1.464
67,No private capital,Consumption (C<sub>t</sub>),-1.464
68,No private capital,Consumption (C<sub>t</sub>),-1.464
69,No private capital,Consumption (C<sub>t</sub>),-1.464
70,No private capital,Consumption (C<sub>t</sub>),-1.464
71,No private capital,Consumption (C<sub>t</sub>),-1.464
72,No private capital,Consumption (C<sub>t</sub>),-1.464
73,No private capital,Consumption (C<sub>t</sub>),-1.464
74,No private capital,Consumption (C<sub>t</sub>),-1.464
75,No private capital,Consumption (C<sub>t</sub>),-1.464
76,No private capital,Consumption (C<sub>t</sub>),-1.464
77,No private capital,Consumption (C<sub>t</sub>),-1.464
78,No private capital,Consumption (C<sub>t</sub>),-1.464
79,No private capital,Consumption (C<sub>t</sub>),-1.464
80,No private capital,Consumption (C<sub>t</sub>),-1.464
81,No private capital,Consumption (C<sub>t</sub>),-1.464
82,No private capital,Consumption (C<sub>t</sub>),-1.464
83,No private capital,Consumption (C<sub>t</sub>),-1.464
84,No private capital,Consumption (C<sub>t</sub>),-1.464
85,No private capital,Consumption (C<sub>t</sub>),-1.464
86,No private capital,Consumption (C<sub>t</sub>),-1.464
87,No private capital,Consumption (C<sub>t</sub>),-1.464
88,No private capital,Consumption (C<sub>t</sub>),-1.464
89,No private capital,Consumption (C<sub>t</sub>),-1.464
90,No private capital,Consumption (C<sub>t</sub>),-1.464
91,No private capital,Consumption (C<sub>t</sub>),-1.464
92,No private capital,Consumption (C<sub>t</sub>),-1.464
93,No private capital,Consumption (C<sub>t</sub>),-1.464
94,No private capital,Consumption (C<sub>t</sub>),-1.464
95,No private capital,Consumption (C<sub>t</sub>),-1.464
96,No private capital,Consumption (C<sub>t</sub>),-1.464
97,No private capital,Consumption (C<sub>t</sub>),-1.464
98,No private capital,Consumption (C<sub>t</sub>),-1.464
99,No private capital,Consumption (C<sub>t</sub>),-1.464
100,No private capital,Consumption (C<sub>t</sub>),-1.464
1,No indexation,Consumption (C<sub>t</sub>),-1.464
2,No indexation,Consumption (C<sub>t</sub>),-1.464
3,No indexation,Consumption (C<sub>t</sub>),-1.464
4,No indexation,Consumption (C<sub>t</sub>),-1.464
5,No indexation,Consumption (C<sub>t</sub>),-1.464
6,No indexation,Consumption (C<sub>t</sub>),-1.464
7,No indexation,Consumption (C<sub>t</sub>),-1.464
8,No indexation,Consumption (C<sub>t</sub>),-1.464
9,No indexation,Consumption (C<sub>t</sub>),-1.464
10,No indexation,Consumption (C<sub>t</sub>),-1.464
11,No indexation,Consumption (C<sub>t</sub>),-1.464
12,No indexation,Consumption (C<sub>t</sub>),-1.464
13,No indexation,Consumption (C<sub>t</sub>),-1.464
14,No indexation,Consumption (C<sub>t</sub>),-1.464
15,No indexation,Consumption (C<sub>t</sub>),-1.464
16,No indexation,Consumption (C<sub>t</sub>),-1.464
17,No indexation,Consumption (C<sub>t</sub>),-1.464
18,No indexation,Consumption (C<sub>t</sub>),-1.464
19,No indexation,Consumption (C<sub>t</sub>),-1.464
20,No indexation,Consumption (C<sub>t</sub>),-1.464
21,No indexation,Consumption (C<sub>t</sub>),-1.464
22,No indexation,Consumption (C<sub>t</sub>),-1.464
23,No indexation,Consumption (C<sub>t</sub>),-1.464
24,No indexation,Consumption (C<sub>t</sub>),-1.464
25,No indexation,Consumption (C<sub>t</sub>),-1.464
26,No indexation,Consumption (C<sub>t</sub>),-1.464
27,No indexation,Consumption (C<sub>t</sub>),-1.464
28,No indexation,Consumption (C<sub>t</sub>),-1.464
29,No indexation,Consumption (C<sub>t</sub>),-1.464
30,No indexation,Consumption (C<sub>t</sub>),-1.464
31,No indexation,Consumption (C<sub>t</sub>),-1.464
32,No indexation,Consumption (C<sub>t</sub>),-1.464
33,No indexation,Consumption (C<sub>t</sub>),-1.464
34,No indexation,Consumption (C<sub>t</sub>),-1.464
35,No indexation,Consumption (C<sub>t</sub>),-1.464
36,No indexation,Consumption (C<sub>t</sub>),-1.464
37,No indexation,Consumption (C<sub>t</sub>),-1.464
38,No indexation,Consumption (C<sub>t</sub>),-1.464
39,No indexation,Consumption (C<sub>t</sub>),-1.464
40,No indexation,Consumption (C<sub>t</sub>),-1.464
41,No indexation,Consumption (C<sub>t</sub>),-1.464
42,No indexation,Consumption (C<sub>t</sub>),-1.464
43,No indexation,Consumption (C<sub>t</sub>),-1.464
44,No indexation,Consumption (C<sub>t</sub>),-1.464
45,No indexation,Consumption (C<sub>t</sub>),-1.464
46,No indexation,Consumption (C<sub>t</sub>),-1.464
47,No indexation,Consumption (C<sub>t</sub>),-1.464
48,No indexation,Consumption (C<sub>t</sub>),-1.464
49,No indexation,Consumption (C<sub>t</sub>),-1.464
50,No indexation,Consumption (C<sub>t</sub>),-1.464
51,No indexation,Consumption (C<sub>t</sub>),-1.464
52,No indexation,Consumption (C<sub>t</sub>),-1.464
53,No indexation,Consumption (C<sub>t</sub>),-1.464
54,No indexation,Consumption (C<sub>t</sub>),-1.464
55,No indexation,Consumption (C<sub>t</sub>),-1.464
56,No indexation,Consumption (C<sub>t</sub>),-1.464
57,No indexation,Consumption (C<sub>t</sub>),-1.464
58,No indexation,Consumption (C<sub>t</sub>),-1.464
59,No indexation,Consumption (C<sub>t</sub>),-1.464
60,No indexation,Consumption (C<sub>t</sub>),-1.464
61,No indexation,Consumption (C<sub>t</sub>),-1.464
62,No indexation,Consumption (C<sub>t</sub>),-1.464
63,No indexation,Consumption (C<sub>t</sub>),-1.464
64,No indexation,Consumption (C<sub>t</sub>),-1.464
65,No indexation,Consumption (C<sub>t</sub>),-1.464
66,No indexation,Consumption (C<sub>t</sub>),-1.464
67,No indexation,Consumption (C<sub>t</sub>),-1.464
68,No indexation,Consumption (C<sub>t</sub>),-1.464
69,No indexation,Consumption (C<sub>t</sub>),-1.464
70,No indexation,Consumption (C<sub>t</sub>),-1.464
71,No indexation,Consumption (C<sub>t</sub>),-1.464
72,No indexation,Consumption (C<sub>t</sub>),-1.464
73,No indexation,Consumption (C<sub>t</sub>),-1.464
74,No indexation,Consumption (C<sub>t</sub>),-1.464
75,No indexation,Consumption (C<sub>t</sub>),-1.464
76,No indexation,Consumption (C<sub>t</sub>),-1.464
77,No indexation,Consumption (C<sub>t</sub>),-1.464
78,No indexation,Consumption (C<sub>t</sub>),-1.464
79,No indexation,Consumption (C<sub>t</sub>),-1.464
80,No indexation,Consumption (C<sub>t</sub>),-1.464
81,No indexation,Consumption (C<sub>t</sub>),-1.464
82,No indexation,Consumption (C<sub>t</sub>),-1.464
83,No indexation,Consumption (C<sub>t</sub>),-1.464
84,No indexation,Consumption (C<sub>t</sub>),-1.464
85,No indexation,Consumption (C<sub>t</sub>),-1.464
86,No indexation,Consumption (C<sub>t</sub>),-1.464
87,No indexation,Consumption (C<sub>t</sub>),-1.464
88,No indexation,Consumption (C<sub>t</sub>),-1.464
89,No indexation,Consumption (C<sub>t</sub>),-1.464
90,No indexation,Consumption (C<sub>t</sub>),-1.464
91,No indexation,Consumption (C<sub>t</sub>),-1.464
92,No indexation,Consumption (C<sub>t</sub>),-1.464
93,No indexation,Consumption (C<sub>t</sub>),-1.464
94,No indexation,Consumption (C<sub>t</sub>),-1.464
95,No indexation,Consumption (C<sub>t</sub>),-1.464
96,No indexation,Consumption (C<sub>t</sub>),-1.464
97,No indexation,Consumption (C<sub>t</sub>),-1.464
98,No indexation,Consumption (C<sub>t</sub>),-1.464
99,No indexation,Consumption (C<sub>t</sub>),-1.464
100,No indexation,Consumption (C<sub>t</sub>),-1.464
1,No trend growth,Consumption (C<sub>t</sub>),-1.442
2,No trend growth,Consumption (C<sub>t</sub>),-1.442
3,No trend growth,Consumption (C<sub>t</sub>),-1.442
4,No trend growth,Consumption (C<sub>t</sub>),-1.442
5,No trend growth,Consumption (C<sub>t</sub>),-1.442
6,No trend growth,Consumption (C<sub>t</sub>),-1.442
7,No trend growth,Consumption (C<sub>t</sub>),-1.442
8,No trend growth,Consumption (C<sub>t</sub>),-1.442
9,No trend growth,Consumption (C<sub>t</sub>),-1.442
10,No trend growth,Consumption (C<sub>t</sub>),-1.442
11,No trend growth,Consumption (C<sub>t</sub>),-1.442
12,No trend growth,Consumption (C<sub>t</sub>),-1.442
13,No trend growth,Consumption (C<sub>t</sub>),-1.442
14,No trend growth,Consumption (C<sub>t</sub>),-1.442
15,No trend growth,Consumption (C<sub>t</sub>),-1.442
16,No trend growth,Consumption (C<sub>t</sub>),-1.442
17,No trend growth,Consumption (C<sub>t</sub>),-1.442
18,No trend growth,Consumption (C<sub>t</sub>),-1.442
19,No trend growth,Consumption (C<sub>t</sub>),-1.442
20,No trend growth,Consumption (C<sub>t</sub>),-1.442
21,No trend growth,Consumption (C<sub>t</sub>),-1.442
22,No trend growth,Consumption (C<sub>t</sub>),-1.442
23,No trend growth,Consumption (C<sub>t</sub>),-1.442
24,No trend growth,Consumption (C<sub>t</sub>),-1.442
25,No trend growth,Consumption (C<sub>t</sub>),-1.442
26,No trend growth,Consumption (C<sub>t</sub>),-1.442
27,No trend growth,Consumption (C<sub>t</sub>),-1.442
28,No trend growth,Consumption (C<sub>t</sub>),-1.442
29,No trend growth,Consumption (C<sub>t</sub>),-1.442
30,No trend growth,Consumption (C<sub>t</sub>),-1.442
31,No trend growth,Consumption (C<sub>t</sub>),-1.442
32,No trend growth,Consumption (C<sub>t</sub>),-1.442
33,No trend growth,Consumption (C<sub>t</sub>),-1.442
34,No trend growth,Consumption (C<sub>t</sub>),-1.442
35,No trend growth,Consumption (C<sub>t</sub>),-1.442
36,No trend growth,Consumption (C<sub>t</sub>),-1.442
37,No trend growth,Consumption (C<sub>t</sub>),-1.442
38,No trend growth,Consumption (C<sub>t</sub>),-1.442
39,No trend growth,Consumption (C<sub>t</sub>),-1.442
40,No trend growth,Consumption (C<sub>t</sub>),-1.442
41,No trend growth,Consumption (C<sub>t</sub>),-1.442
42,No trend growth,Consumption (C<sub>t</sub>),-1.442
43,No trend growth,Consumption (C<sub>t</sub>),-1.442
44,No trend growth,Consumption (C<sub>t</sub>),-1.442
45,No trend growth,Consumption (C<sub>t</sub>),-1.442
46,No trend growth,Consumption (C<sub>t</sub>),-1.442
47,No trend growth,Consumption (C<sub>t</sub>),-1.442
48,No trend growth,Consumption (C<sub>t</sub>),-1.442
49,No trend growth,Consumption (C<sub>t</sub>),-1.442
50,No trend growth,Consumption (C<sub>t</sub>),-1.442
51,No trend growth,Consumption (C<sub>t</sub>),-1.442
52,No trend growth,Consumption (C<sub>t</sub>),-1.442
53,No trend growth,Consumption (C<sub>t</sub>),-1.442
54,No trend growth,Consumption (C<sub>t</sub>),-1.442
55,No trend growth,Consumption (C<sub>t</sub>),-1.442
56,No trend growth,Consumption (C<sub>t</sub>),-1.442
57,No trend growth,Consumption (C<sub>t</sub>),-1.442
58,No trend growth,Consumption (C<sub>t</sub>),-1.442
59,No trend growth,Consumption (C<sub>t</sub>),-1.442
60,No trend growth,Consumption (C<sub>t</sub>),-1.442
61,No trend growth,Consumption (C<sub>t</sub>),-1.442
62,No trend growth,Consumption (C<sub>t</sub>),-1.442
63,No trend growth,Consumption (C<sub>t</sub>),-1.442
64,No trend growth,Consumption (C<sub>t</sub>),-1.442
65,No trend growth,Consumption (C<sub>t</sub>),-1.442
66,No trend growth,Consumption (C<sub>t</sub>),-1.442
67,No trend growth,Consumption (C<sub>t</sub>),-1.442
68,No trend growth,Consumption (C<sub>t</sub>),-1.442
69,No trend growth,Consumption (C<sub>t</sub>),-1.442
70,No trend growth,Consumption (C<sub>t</sub>),-1.442
71,No trend growth,Consumption (C<sub>t</sub>),-1.442
72,No trend growth,Consumption (C<sub>t</sub>),-1.442
73,No trend growth,Consumption (C<sub>t</sub>),-1.442
74,No trend growth,Consumption (C<sub>t</sub>),-1.442
75,No trend growth,Consumption (C<sub>t</sub>),-1.442
76,No trend growth,Consumption (C<sub>t</sub>),-1.442
77,No trend growth,Consumption (C<sub>t</sub>),-1.442
78,No trend growth,Consumption (C<sub>t</sub>),-1.442
79,No trend growth,Consumption (C<sub>t</sub>),-1.442
80,No trend growth,Consumption (C<sub>t</sub>),-1.442
81,No trend growth,Consumption (C<sub>t</sub>),-1.442
82,No trend growth,Consumption (C<sub>t</sub>),-1.442
83,No trend growth,Consumption (C<sub>t</sub>),-1.442
84,No trend growth,Consumption (C<sub>t</sub>),-1.442
85,No trend growth,Consumption (C<sub>t</sub>),-1.442
86,No trend growth,Consumption (C<sub>t</sub>),-1.442
87,No trend growth,Consumption (C<sub>t</sub>),-1.442
88,No trend growth,Consumption (C<sub>t</sub>),-1.442
89,No trend growth,Consumption (C<sub>t</sub>),-1.442
90,No trend growth,Consumption (C<sub>t</sub>),-1.442
91,No trend growth,Consumption (C<sub>t</sub>),-1.442
92,No trend growth,Consumption (C<sub>t</sub>),-1.442
93,No trend growth,Consumption (C<sub>t</sub>),-1.442
94,No trend growth,Consumption (C<sub>t</sub>),-1.442
95,No trend growth,Consumption (C<sub>t</sub>),-1.442
96,No trend growth,Consumption (C<sub>t</sub>),-1.442
97,No trend growth,Consumption (C<sub>t</sub>),-1.442
98,No trend growth,Consumption (C<sub>t</sub>),-1.442
99,No trend growth,Consumption (C<sub>t</sub>),-1.442
100,No trend growth,Consumption (C<sub>t</sub>),-1.442
1,Derived canonical NK,Consumption (C<sub>t</sub>),-0.976
2,Derived canonical NK,Consumption (C<sub>t</sub>),-0.976
3,Derived canonical NK,Consumption (C<sub>t</sub>),-0.976
4,Derived canonical NK,Consumption (C<sub>t</sub>),-0.976
5,Derived canonical NK,Consumption (C<sub>t</sub>),-0.976
6,Derived canonical NK,Consumption (C<sub>t</sub>),-0.976
7,Derived canonical NK,Consumption (C<sub>t</sub>),-0.976
8,Derived canonical NK,Consumption (C<sub>t</sub>),-0.976
9,Derived canonical NK,Consumption (C<sub>t</sub>),-0.976
10,Derived canonical NK,Consumption (C<sub>t</sub>),-0.976
11,Derived canonical NK,Consumption (C<sub>t</sub>),-0.976
12,Derived canonical NK,Consumption (C<sub>t</sub>),-0.976
13,Derived canonical NK,Consumption (C<sub>t</sub>),-0.976
14,Derived canonical NK,Consumption (C<sub>t</sub>),-0.976
15,Derived canonical NK,Consumption (C<sub>t</sub>),-0.976
16,Derived canonical NK,Consumption (C<sub>t</sub>),-0.976
17,Derived canonical NK,Consumption (C<sub>t</sub>),-0.976
18,Derived canonical NK,Consumption (C<sub>t</sub>),-0.976
19,Derived canonical NK,Consumption (C<sub>t</sub>),-0.976
20,Derived canonical NK,Consumption (C<sub>t</sub>),-0.976
21,Derived canonical NK,Consumption (C<sub>t</sub>),-0.976
22,Derived canonical NK,Consumption (C<sub>t</sub>),-0.976
23,Derived canonical NK,Consumption (C<sub>t</sub>),-0.976
24,Derived canonical NK,Consumption (C<sub>t</sub>),-0.976
25,Derived canonical NK,Consumption (C<sub>t</sub>),-0.976
26,Derived canonical NK,Consumption (C<sub>t</sub>),-0.976
27,Derived canonical NK,Consumption (C<sub>t</sub>),-0.976
28,Derived canonical NK,Consumption (C<sub>t</sub>),-0.976
29,Derived canonical NK,Consumption (C<sub>t</sub>),-0.976
30,Derived canonical NK,Consumption (C<sub>t</sub>),-0.976
31,Derived canonical NK,Consumption (C<sub>t</sub>),-0.976
32,Derived canonical NK,Consumption (C<sub>t</sub>),-0.976
33,Derived canonical NK,Consumption (C<sub>t</sub>),-0.976
34,Derived canonical NK,Consumption (C<sub>t</sub>),-0.976
35,Derived canonical NK,Consumption (C<sub>t</sub>),-0.976
36,Derived canonical NK,Consumption (C<sub>t</sub>),-0.976
37,Derived canonical NK,Consumption (C<sub>t</sub>),-0.976
38,Derived canonical NK,Consumption (C<sub>t</sub>),-0.976
39,Derived canonical NK,Consumption (C<sub>t</sub>),-0.976
40,Derived canonical NK,Consumption (C<sub>t</sub>),-0.976
41,Derived canonical NK,Consumption (C<sub>t</sub>),-0.976
42,Derived canonical NK,Consumption (C<sub>t</sub>),-0.976
43,Derived canonical NK,Consumption (C<sub>t</sub>),-0.976
44,Derived canonical NK,Consumption (C<sub>t</sub>),-0.976
45,Derived canonical NK,Consumption (C<sub>t</sub>),-0.976
46,Derived canonical NK,Consumption (C<sub>t</sub>),-0.976
47,Derived canonical NK,Consumption (C<sub>t</sub>),-0.976
48,Derived canonical NK,Consumption (C<sub>t</sub>),-0.976
49,Derived canonical NK,Consumption (C<sub>t</sub>),-0.976
50,Derived canonical NK,Consumption (C<sub>t</sub>),-0.976
51,Derived canonical NK,Consumption (C<sub>t</sub>),-0.976
52,Derived canonical NK,Consumption (C<sub>t</sub>),-0.976
53,Derived canonical NK,Consumption (C<sub>t</sub>),-0.976
54,Derived canonical NK,Consumption (C<sub>t</sub>),-0.976
55,Derived canonical NK,Consumption (C<sub>t</sub>),-0.976
56,Derived canonical NK,Consumption (C<sub>t</sub>),-0.976
57,Derived canonical NK,Consumption (C<sub>t</sub>),-0.976
58,Derived canonical NK,Consumption (C<sub>t</sub>),-0.976
59,Derived canonical NK,Consumption (C<sub>t</sub>),-0.976
60,Derived canonical NK,Consumption (C<sub>t</sub>),-0.976
61,Derived canonical NK,Consumption (C<sub>t</sub>),-0.976
62,Derived canonical NK,Consumption (C<sub>t</sub>),-0.976
63,Derived canonical NK,Consumption (C<sub>t</sub>),-0.976
64,Derived canonical NK,Consumption (C<sub>t</sub>),-0.976
65,Derived canonical NK,Consumption (C<sub>t</sub>),-0.976
66,Derived canonical NK,Consumption (C<sub>t</sub>),-0.976
67,Derived canonical NK,Consumption (C<sub>t</sub>),-0.976
68,Derived canonical NK,Consumption (C<sub>t</sub>),-0.976
69,Derived canonical NK,Consumption (C<sub>t</sub>),-0.976
70,Derived canonical NK,Consumption (C<sub>t</sub>),-0.976
71,Derived canonical NK,Consumption (C<sub>t</sub>),-0.976
72,Derived canonical NK,Consumption (C<sub>t</sub>),-0.976
73,Derived canonical NK,Consumption (C<sub>t</sub>),-0.976
74,Derived canonical NK,Consumption (C<sub>t</sub>),-0.976
75,Derived canonical NK,Consumption (C<sub>t</sub>),-0.976
76,Derived canonical NK,Consumption (C<sub>t</sub>),-0.976
77,Derived canonical NK,Consumption (C<sub>t</sub>),-0.976
78,Derived canonical NK,Consumption (C<sub>t</sub>),-0.976
79,Derived canonical NK,Consumption (C<sub>t</sub>),-0.976
80,Derived canonical NK,Consumption (C<sub>t</sub>),-0.976
81,Derived canonical NK,Consumption (C<sub>t</sub>),-0.976
82,Derived canonical NK,Consumption (C<sub>t</sub>),-0.976
83,Derived canonical NK,Consumption (C<sub>t</sub>),-0.976
84,Derived canonical NK,Consumption (C<sub>t</sub>),-0.976
85,Derived canonical NK,Consumption (C<sub>t</sub>),-0.976
86,Derived canonical NK,Consumption (C<sub>t</sub>),-0.976
87,Derived canonical NK,Consumption (C<sub>t</sub>),-0.976
88,Derived canonical NK,Consumption (C<sub>t</sub>),-0.976
89,Derived canonical NK,Consumption (C<sub>t</sub>),-0.976
90,Derived canonical NK,Consumption (C<sub>t</sub>),-0.976
91,Derived canonical NK,Consumption (C<sub>t</sub>),-0.976
92,Derived canonical NK,Consumption (C<sub>t</sub>),-0.976
93,Derived canonical NK,Consumption (C<sub>t</sub>),-0.976
94,Derived canonical NK,Consumption (C<sub>t</sub>),-0.976
95,Derived canonical NK,Consumption (C<sub>t</sub>),-0.976
96,Derived canonical NK,Consumption (C<sub>t</sub>),-0.976
97,Derived canonical NK,Consumption (C<sub>t</sub>),-0.976
98,Derived canonical NK,Consumption (C<sub>t</sub>),-0.976
99,Derived canonical NK,Consumption (C<sub>t</sub>),-0.976
100,Derived canonical NK,Consumption (C<sub>t</sub>),-0.976
1,Canonical NK control,Consumption (C<sub>t</sub>),-0.976
2,Canonical NK control,Consumption (C<sub>t</sub>),-0.976
3,Canonical NK control,Consumption (C<sub>t</sub>),-0.976
4,Canonical NK control,Consumption (C<sub>t</sub>),-0.976
5,Canonical NK control,Consumption (C<sub>t</sub>),-0.976
6,Canonical NK control,Consumption (C<sub>t</sub>),-0.976
7,Canonical NK control,Consumption (C<sub>t</sub>),-0.976
8,Canonical NK control,Consumption (C<sub>t</sub>),-0.976
9,Canonical NK control,Consumption (C<sub>t</sub>),-0.976
10,Canonical NK control,Consumption (C<sub>t</sub>),-0.976
11,Canonical NK control,Consumption (C<sub>t</sub>),-0.976
12,Canonical NK control,Consumption (C<sub>t</sub>),-0.976
13,Canonical NK control,Consumption (C<sub>t</sub>),-0.976
14,Canonical NK control,Consumption (C<sub>t</sub>),-0.976
15,Canonical NK control,Consumption (C<sub>t</sub>),-0.976
16,Canonical NK control,Consumption (C<sub>t</sub>),-0.976
17,Canonical NK control,Consumption (C<sub>t</sub>),-0.976
18,Canonical NK control,Consumption (C<sub>t</sub>),-0.976
19,Canonical NK control,Consumption (C<sub>t</sub>),-0.976
20,Canonical NK control,Consumption (C<sub>t</sub>),-0.976
21,Canonical NK control,Consumption (C<sub>t</sub>),-0.976
22,Canonical NK control,Consumption (C<sub>t</sub>),-0.976
23,Canonical NK control,Consumption (C<sub>t</sub>),-0.976
24,Canonical NK control,Consumption (C<sub>t</sub>),-0.976
25,Canonical NK control,Consumption (C<sub>t</sub>),-0.976
26,Canonical NK control,Consumption (C<sub>t</sub>),-0.976
27,Canonical NK control,Consumption (C<sub>t</sub>),-0.976
28,Canonical NK control,Consumption (C<sub>t</sub>),-0.976
29,Canonical NK control,Consumption (C<sub>t</sub>),-0.976
30,Canonical NK control,Consumption (C<sub>t</sub>),-0.976
31,Canonical NK control,Consumption (C<sub>t</sub>),-0.976
32,Canonical NK control,Consumption (C<sub>t</sub>),-0.976
33,Canonical NK control,Consumption (C<sub>t</sub>),-0.976
34,Canonical NK control,Consumption (C<sub>t</sub>),-0.976
35,Canonical NK control,Consumption (C<sub>t</sub>),-0.976
36,Canonical NK control,Consumption (C<sub>t</sub>),-0.976
37,Canonical NK control,Consumption (C<sub>t</sub>),-0.976
38,Canonical NK control,Consumption (C<sub>t</sub>),-0.976
39,Canonical NK control,Consumption (C<sub>t</sub>),-0.976
40,Canonical NK control,Consumption (C<sub>t</sub>),-0.976
41,Canonical NK control,Consumption (C<sub>t</sub>),-0.976
42,Canonical NK control,Consumption (C<sub>t</sub>),-0.976
43,Canonical NK control,Consumption (C<sub>t</sub>),-0.976
44,Canonical NK control,Consumption (C<sub>t</sub>),-0.976
45,Canonical NK control,Consumption (C<sub>t</sub>),-0.976
46,Canonical NK control,Consumption (C<sub>t</sub>),-0.976
47,Canonical NK control,Consumption (C<sub>t</sub>),-0.976
48,Canonical NK control,Consumption (C<sub>t</sub>),-0.976
49,Canonical NK control,Consumption (C<sub>t</sub>),-0.976
50,Canonical NK control,Consumption (C<sub>t</sub>),-0.976
51,Canonical NK control,Consumption (C<sub>t</sub>),-0.976
52,Canonical NK control,Consumption (C<sub>t</sub>),-0.976
53,Canonical NK control,Consumption (C<sub>t</sub>),-0.976
54,Canonical NK control,Consumption (C<sub>t</sub>),-0.976
55,Canonical NK control,Consumption (C<sub>t</sub>),-0.976
56,Canonical NK control,Consumption (C<sub>t</sub>),-0.976
57,Canonical NK control,Consumption (C<sub>t</sub>),-0.976
58,Canonical NK control,Consumption (C<sub>t</sub>),-0.976
59,Canonical NK control,Consumption (C<sub>t</sub>),-0.976
60,Canonical NK control,Consumption (C<sub>t</sub>),-0.976
61,Canonical NK control,Consumption (C<sub>t</sub>),-0.976
62,Canonical NK control,Consumption (C<sub>t</sub>),-0.976
63,Canonical NK control,Consumption (C<sub>t</sub>),-0.976
64,Canonical NK control,Consumption (C<sub>t</sub>),-0.976
65,Canonical NK control,Consumption (C<sub>t</sub>),-0.976
66,Canonical NK control,Consumption (C<sub>t</sub>),-0.976
67,Canonical NK control,Consumption (C<sub>t</sub>),-0.976
68,Canonical NK control,Consumption (C<sub>t</sub>),-0.976
69,Canonical NK control,Consumption (C<sub>t</sub>),-0.976
70,Canonical NK control,Consumption (C<sub>t</sub>),-0.976
71,Canonical NK control,Consumption (C<sub>t</sub>),-0.976
72,Canonical NK control,Consumption (C<sub>t</sub>),-0.976
73,Canonical NK control,Consumption (C<sub>t</sub>),-0.976
74,Canonical NK control,Consumption (C<sub>t</sub>),-0.976
75,Canonical NK control,Consumption (C<sub>t</sub>),-0.976
76,Canonical NK control,Consumption (C<sub>t</sub>),-0.976
77,Canonical NK control,Consumption (C<sub>t</sub>),-0.976
78,Canonical NK control,Consumption (C<sub>t</sub>),-0.976
79,Canonical NK control,Consumption (C<sub>t</sub>),-0.976
80,Canonical NK control,Consumption (C<sub>t</sub>),-0.976
81,Canonical NK control,Consumption (C<sub>t</sub>),-0.976
82,Canonical NK control,Consumption (C<sub>t</sub>),-0.976
83,Canonical NK control,Consumption (C<sub>t</sub>),-0.976
84,Canonical NK control,Consumption (C<sub>t</sub>),-0.976
85,Canonical NK control,Consumption (C<sub>t</sub>),-0.976
86,Canonical NK control,Consumption (C<sub>t</sub>),-0.976
87,Canonical NK control,Consumption (C<sub>t</sub>),-0.976
88,Canonical NK control,Consumption (C<sub>t</sub>),-0.976
89,Canonical NK control,Consumption (C<sub>t</sub>),-0.976
90,Canonical NK control,Consumption (C<sub>t</sub>),-0.976
91,Canonical NK control,Consumption (C<sub>t</sub>),-0.976
92,Canonical NK control,Consumption (C<sub>t</sub>),-0.976
93,Canonical NK control,Consumption (C<sub>t</sub>),-0.976
94,Canonical NK control,Consumption (C<sub>t</sub>),-0.976
95,Canonical NK control,Consumption (C<sub>t</sub>),-0.976
96,Canonical NK control,Consumption (C<sub>t</sub>),-0.976
97,Canonical NK control,Consumption (C<sub>t</sub>),-0.976
98,Canonical NK control,Consumption (C<sub>t</sub>),-0.976
99,Canonical NK control,Consumption (C<sub>t</sub>),-0.976
100,Canonical NK control,Consumption (C<sub>t</sub>),-0.976
1,Full model,Private investment (I<sub>t</sub>),0.96
2,Full model,Private investment (I<sub>t</sub>),0.071
3,Full model,Private investment (I<sub>t</sub>),0.131
4,Full model,Private investment (I<sub>t</sub>),0.157
5,Full model,Private investment (I<sub>t</sub>),0.173
6,Full model,Private investment (I<sub>t</sub>),0.185
7,Full model,Private investment (I<sub>t</sub>),0.195
8,Full model,Private investment (I<sub>t</sub>),0.204
9,Full model,Private investment (I<sub>t</sub>),0.214
10,Full model,Private investment (I<sub>t</sub>),0.222
11,Full model,Private investment (I<sub>t</sub>),0.231
12,Full model,Private investment (I<sub>t</sub>),0.239
13,Full model,Private investment (I<sub>t</sub>),0.246
14,Full model,Private investment (I<sub>t</sub>),0.254
15,Full model,Private investment (I<sub>t</sub>),0.261
16,Full model,Private investment (I<sub>t</sub>),0.268
17,Full model,Private investment (I<sub>t</sub>),0.275
18,Full model,Private investment (I<sub>t</sub>),0.282
19,Full model,Private investment (I<sub>t</sub>),0.289
20,Full model,Private investment (I<sub>t</sub>),0.296
21,Full model,Private investment (I<sub>t</sub>),0.302
22,Full model,Private investment (I<sub>t</sub>),0.308
23,Full model,Private investment (I<sub>t</sub>),0.314
24,Full model,Private investment (I<sub>t</sub>),0.32
25,Full model,Private investment (I<sub>t</sub>),0.326
26,Full model,Private investment (I<sub>t</sub>),0.332
27,Full model,Private investment (I<sub>t</sub>),0.338
28,Full model,Private investment (I<sub>t</sub>),0.343
29,Full model,Private investment (I<sub>t</sub>),0.349
30,Full model,Private investment (I<sub>t</sub>),0.354
31,Full model,Private investment (I<sub>t</sub>),0.36
32,Full model,Private investment (I<sub>t</sub>),0.365
33,Full model,Private investment (I<sub>t</sub>),0.37
34,Full model,Private investment (I<sub>t</sub>),0.375
35,Full model,Private investment (I<sub>t</sub>),0.38
36,Full model,Private investment (I<sub>t</sub>),0.385
37,Full model,Private investment (I<sub>t</sub>),0.39
38,Full model,Private investment (I<sub>t</sub>),0.395
39,Full model,Private investment (I<sub>t</sub>),0.399
40,Full model,Private investment (I<sub>t</sub>),0.404
41,Full model,Private investment (I<sub>t</sub>),0.408
42,Full model,Private investment (I<sub>t</sub>),0.413
43,Full model,Private investment (I<sub>t</sub>),0.417
44,Full model,Private investment (I<sub>t</sub>),0.421
45,Full model,Private investment (I<sub>t</sub>),0.426
46,Full model,Private investment (I<sub>t</sub>),0.43
47,Full model,Private investment (I<sub>t</sub>),0.434
48,Full model,Private investment (I<sub>t</sub>),0.438
49,Full model,Private investment (I<sub>t</sub>),0.442
50,Full model,Private investment (I<sub>t</sub>),0.446
51,Full model,Private investment (I<sub>t</sub>),0.45
52,Full model,Private investment (I<sub>t</sub>),0.454
53,Full model,Private investment (I<sub>t</sub>),0.457
54,Full model,Private investment (I<sub>t</sub>),0.461
55,Full model,Private investment (I<sub>t</sub>),0.465
56,Full model,Private investment (I<sub>t</sub>),0.468
57,Full model,Private investment (I<sub>t</sub>),0.472
58,Full model,Private investment (I<sub>t</sub>),0.475
59,Full model,Private investment (I<sub>t</sub>),0.479
60,Full model,Private investment (I<sub>t</sub>),0.482
61,Full model,Private investment (I<sub>t</sub>),0.485
62,Full model,Private investment (I<sub>t</sub>),0.489
63,Full model,Private investment (I<sub>t</sub>),0.492
64,Full model,Private investment (I<sub>t</sub>),0.495
65,Full model,Private investment (I<sub>t</sub>),0.498
66,Full model,Private investment (I<sub>t</sub>),0.501
67,Full model,Private investment (I<sub>t</sub>),0.504
68,Full model,Private investment (I<sub>t</sub>),0.507
69,Full model,Private investment (I<sub>t</sub>),0.51
70,Full model,Private investment (I<sub>t</sub>),0.513
71,Full model,Private investment (I<sub>t</sub>),0.516
72,Full model,Private investment (I<sub>t</sub>),0.519
73,Full model,Private investment (I<sub>t</sub>),0.522
74,Full model,Private investment (I<sub>t</sub>),0.524
75,Full model,Private investment (I<sub>t</sub>),0.527
76,Full model,Private investment (I<sub>t</sub>),0.53
77,Full model,Private investment (I<sub>t</sub>),0.532
78,Full model,Private investment (I<sub>t</sub>),0.535
79,Full model,Private investment (I<sub>t</sub>),0.538
80,Full model,Private investment (I<sub>t</sub>),0.54
81,Full model,Private investment (I<sub>t</sub>),0.543
82,Full model,Private investment (I<sub>t</sub>),0.545
83,Full model,Private investment (I<sub>t</sub>),0.548
84,Full model,Private investment (I<sub>t</sub>),0.55
85,Full model,Private investment (I<sub>t</sub>),0.552
86,Full model,Private investment (I<sub>t</sub>),0.555
87,Full model,Private investment (I<sub>t</sub>),0.557
88,Full model,Private investment (I<sub>t</sub>),0.559
89,Full model,Private investment (I<sub>t</sub>),0.561
90,Full model,Private investment (I<sub>t</sub>),0.564
91,Full model,Private investment (I<sub>t</sub>),0.566
92,Full model,Private investment (I<sub>t</sub>),0.568
93,Full model,Private investment (I<sub>t</sub>),0.57
94,Full model,Private investment (I<sub>t</sub>),0.572
95,Full model,Private investment (I<sub>t</sub>),0.574
96,Full model,Private investment (I<sub>t</sub>),0.576
97,Full model,Private investment (I<sub>t</sub>),0.578
98,Full model,Private investment (I<sub>t</sub>),0.58
99,Full model,Private investment (I<sub>t</sub>),0.582
100,Full model,Private investment (I<sub>t</sub>),0.584
1,No endogenous technology,Private investment (I<sub>t</sub>),0.964
2,No endogenous technology,Private investment (I<sub>t</sub>),0.132
3,No endogenous technology,Private investment (I<sub>t</sub>),0.189
4,No endogenous technology,Private investment (I<sub>t</sub>),0.213
5,No endogenous technology,Private investment (I<sub>t</sub>),0.227
6,No endogenous technology,Private investment (I<sub>t</sub>),0.238
7,No endogenous technology,Private investment (I<sub>t</sub>),0.247
8,No endogenous technology,Private investment (I<sub>t</sub>),0.256
9,No endogenous technology,Private investment (I<sub>t</sub>),0.265
10,No endogenous technology,Private investment (I<sub>t</sub>),0.273
11,No endogenous technology,Private investment (I<sub>t</sub>),0.28
12,No endogenous technology,Private investment (I<sub>t</sub>),0.287
13,No endogenous technology,Private investment (I<sub>t</sub>),0.294
14,No endogenous technology,Private investment (I<sub>t</sub>),0.301
15,No endogenous technology,Private investment (I<sub>t</sub>),0.307
16,No endogenous technology,Private investment (I<sub>t</sub>),0.313
17,No endogenous technology,Private investment (I<sub>t</sub>),0.319
18,No endogenous technology,Private investment (I<sub>t</sub>),0.324
19,No endogenous technology,Private investment (I<sub>t</sub>),0.329
20,No endogenous technology,Private investment (I<sub>t</sub>),0.334
21,No endogenous technology,Private investment (I<sub>t</sub>),0.339
22,No endogenous technology,Private investment (I<sub>t</sub>),0.343
23,No endogenous technology,Private investment (I<sub>t</sub>),0.348
24,No endogenous technology,Private investment (I<sub>t</sub>),0.352
25,No endogenous technology,Private investment (I<sub>t</sub>),0.356
26,No endogenous technology,Private investment (I<sub>t</sub>),0.359
27,No endogenous technology,Private investment (I<sub>t</sub>),0.363
28,No endogenous technology,Private investment (I<sub>t</sub>),0.366
29,No endogenous technology,Private investment (I<sub>t</sub>),0.37
30,No endogenous technology,Private investment (I<sub>t</sub>),0.373
31,No endogenous technology,Private investment (I<sub>t</sub>),0.376
32,No endogenous technology,Private investment (I<sub>t</sub>),0.379
33,No endogenous technology,Private investment (I<sub>t</sub>),0.381
34,No endogenous technology,Private investment (I<sub>t</sub>),0.384
35,No endogenous technology,Private investment (I<sub>t</sub>),0.387
36,No endogenous technology,Private investment (I<sub>t</sub>),0.389
37,No endogenous technology,Private investment (I<sub>t</sub>),0.391
38,No endogenous technology,Private investment (I<sub>t</sub>),0.393
39,No endogenous technology,Private investment (I<sub>t</sub>),0.396
40,No endogenous technology,Private investment (I<sub>t</sub>),0.398
41,No endogenous technology,Private investment (I<sub>t</sub>),0.4
42,No endogenous technology,Private investment (I<sub>t</sub>),0.401
43,No endogenous technology,Private investment (I<sub>t</sub>),0.403
44,No endogenous technology,Private investment (I<sub>t</sub>),0.405
45,No endogenous technology,Private investment (I<sub>t</sub>),0.407
46,No endogenous technology,Private investment (I<sub>t</sub>),0.408
47,No endogenous technology,Private investment (I<sub>t</sub>),0.41
48,No endogenous technology,Private investment (I<sub>t</sub>),0.411
49,No endogenous technology,Private investment (I<sub>t</sub>),0.413
50,No endogenous technology,Private investment (I<sub>t</sub>),0.414
51,No endogenous technology,Private investment (I<sub>t</sub>),0.415
52,No endogenous technology,Private investment (I<sub>t</sub>),0.416
53,No endogenous technology,Private investment (I<sub>t</sub>),0.418
54,No endogenous technology,Private investment (I<sub>t</sub>),0.419
55,No endogenous technology,Private investment (I<sub>t</sub>),0.42
56,No endogenous technology,Private investment (I<sub>t</sub>),0.421
57,No endogenous technology,Private investment (I<sub>t</sub>),0.422
58,No endogenous technology,Private investment (I<sub>t</sub>),0.423
59,No endogenous technology,Private investment (I<sub>t</sub>),0.424
60,No endogenous technology,Private investment (I<sub>t</sub>),0.425
61,No endogenous technology,Private investment (I<sub>t</sub>),0.426
62,No endogenous technology,Private investment (I<sub>t</sub>),0.426
63,No endogenous technology,Private investment (I<sub>t</sub>),0.427
64,No endogenous technology,Private investment (I<sub>t</sub>),0.428
65,No endogenous technology,Private investment (I<sub>t</sub>),0.429
66,No endogenous technology,Private investment (I<sub>t</sub>),0.43
67,No endogenous technology,Private investment (I<sub>t</sub>),0.43
68,No endogenous technology,Private investment (I<sub>t</sub>),0.431
69,No endogenous technology,Private investment (I<sub>t</sub>),0.432
70,No endogenous technology,Private investment (I<sub>t</sub>),0.432
71,No endogenous technology,Private investment (I<sub>t</sub>),0.433
72,No endogenous technology,Private investment (I<sub>t</sub>),0.433
73,No endogenous technology,Private investment (I<sub>t</sub>),0.434
74,No endogenous technology,Private investment (I<sub>t</sub>),0.434
75,No endogenous technology,Private investment (I<sub>t</sub>),0.435
76,No endogenous technology,Private investment (I<sub>t</sub>),0.436
77,No endogenous technology,Private investment (I<sub>t</sub>),0.436
78,No endogenous technology,Private investment (I<sub>t</sub>),0.436
79,No endogenous technology,Private investment (I<sub>t</sub>),0.437
80,No endogenous technology,Private investment (I<sub>t</sub>),0.437
81,No endogenous technology,Private investment (I<sub>t</sub>),0.438
82,No endogenous technology,Private investment (I<sub>t</sub>),0.438
83,No endogenous technology,Private investment (I<sub>t</sub>),0.439
84,No endogenous technology,Private investment (I<sub>t</sub>),0.439
85,No endogenous technology,Private investment (I<sub>t</sub>),0.439
86,No endogenous technology,Private investment (I<sub>t</sub>),0.44
87,No endogenous technology,Private investment (I<sub>t</sub>),0.44
88,No endogenous technology,Private investment (I<sub>t</sub>),0.44
89,No endogenous technology,Private investment (I<sub>t</sub>),0.441
90,No endogenous technology,Private investment (I<sub>t</sub>),0.441
91,No endogenous technology,Private investment (I<sub>t</sub>),0.441
92,No endogenous technology,Private investment (I<sub>t</sub>),0.442
93,No endogenous technology,Private investment (I<sub>t</sub>),0.442
94,No endogenous technology,Private investment (I<sub>t</sub>),0.442
95,No endogenous technology,Private investment (I<sub>t</sub>),0.443
96,No endogenous technology,Private investment (I<sub>t</sub>),0.443
97,No endogenous technology,Private investment (I<sub>t</sub>),0.443
98,No endogenous technology,Private investment (I<sub>t</sub>),0.443
99,No endogenous technology,Private investment (I<sub>t</sub>),0.444
100,No endogenous technology,Private investment (I<sub>t</sub>),0.444
1,No human capital,Private investment (I<sub>t</sub>),0.533
2,No human capital,Private investment (I<sub>t</sub>),0.361
3,No human capital,Private investment (I<sub>t</sub>),0.37
4,No human capital,Private investment (I<sub>t</sub>),0.372
5,No human capital,Private investment (I<sub>t</sub>),0.37
6,No human capital,Private investment (I<sub>t</sub>),0.369
7,No human capital,Private investment (I<sub>t</sub>),0.367
8,No human capital,Private investment (I<sub>t</sub>),0.365
9,No human capital,Private investment (I<sub>t</sub>),0.363
10,No human capital,Private investment (I<sub>t</sub>),0.362
11,No human capital,Private investment (I<sub>t</sub>),0.36
12,No human capital,Private investment (I<sub>t</sub>),0.359
13,No human capital,Private investment (I<sub>t</sub>),0.357
14,No human capital,Private investment (I<sub>t</sub>),0.356
15,No human capital,Private investment (I<sub>t</sub>),0.354
16,No human capital,Private investment (I<sub>t</sub>),0.353
17,No human capital,Private investment (I<sub>t</sub>),0.351
18,No human capital,Private investment (I<sub>t</sub>),0.35
19,No human capital,Private investment (I<sub>t</sub>),0.349
20,No human capital,Private investment (I<sub>t</sub>),0.348
21,No human capital,Private investment (I<sub>t</sub>),0.347
22,No human capital,Private investment (I<sub>t</sub>),0.346
23,No human capital,Private investment (I<sub>t</sub>),0.345
24,No human capital,Private investment (I<sub>t</sub>),0.344
25,No human capital,Private investment (I<sub>t</sub>),0.343
26,No human capital,Private investment (I<sub>t</sub>),0.342
27,No human capital,Private investment (I<sub>t</sub>),0.341
28,No human capital,Private investment (I<sub>t</sub>),0.34
29,No human capital,Private investment (I<sub>t</sub>),0.339
30,No human capital,Private investment (I<sub>t</sub>),0.338
31,No human capital,Private investment (I<sub>t</sub>),0.337
32,No human capital,Private investment (I<sub>t</sub>),0.337
33,No human capital,Private investment (I<sub>t</sub>),0.336
34,No human capital,Private investment (I<sub>t</sub>),0.335
35,No human capital,Private investment (I<sub>t</sub>),0.334
36,No human capital,Private investment (I<sub>t</sub>),0.334
37,No human capital,Private investment (I<sub>t</sub>),0.333
38,No human capital,Private investment (I<sub>t</sub>),0.333
39,No human capital,Private investment (I<sub>t</sub>),0.332
40,No human capital,Private investment (I<sub>t</sub>),0.331
41,No human capital,Private investment (I<sub>t</sub>),0.331
42,No human capital,Private investment (I<sub>t</sub>),0.33
43,No human capital,Private investment (I<sub>t</sub>),0.33
44,No human capital,Private investment (I<sub>t</sub>),0.329
45,No human capital,Private investment (I<sub>t</sub>),0.329
46,No human capital,Private investment (I<sub>t</sub>),0.328
47,No human capital,Private investment (I<sub>t</sub>),0.328
48,No human capital,Private investment (I<sub>t</sub>),0.327
49,No human capital,Private investment (I<sub>t</sub>),0.327
50,No human capital,Private investment (I<sub>t</sub>),0.327
51,No human capital,Private investment (I<sub>t</sub>),0.326
52,No human capital,Private investment (I<sub>t</sub>),0.326
53,No human capital,Private investment (I<sub>t</sub>),0.326
54,No human capital,Private investment (I<sub>t</sub>),0.325
55,No human capital,Private investment (I<sub>t</sub>),0.325
56,No human capital,Private investment (I<sub>t</sub>),0.325
57,No human capital,Private investment (I<sub>t</sub>),0.324
58,No human capital,Private investment (I<sub>t</sub>),0.324
59,No human capital,Private investment (I<sub>t</sub>),0.324
60,No human capital,Private investment (I<sub>t</sub>),0.323
61,No human capital,Private investment (I<sub>t</sub>),0.323
62,No human capital,Private investment (I<sub>t</sub>),0.323
63,No human capital,Private investment (I<sub>t</sub>),0.323
64,No human capital,Private investment (I<sub>t</sub>),0.322
65,No human capital,Private investment (I<sub>t</sub>),0.322
66,No human capital,Private investment (I<sub>t</sub>),0.322
67,No human capital,Private investment (I<sub>t</sub>),0.322
68,No human capital,Private investment (I<sub>t</sub>),0.321
69,No human capital,Private investment (I<sub>t</sub>),0.321
70,No human capital,Private investment (I<sub>t</sub>),0.321
71,No human capital,Private investment (I<sub>t</sub>),0.321
72,No human capital,Private investment (I<sub>t</sub>),0.321
73,No human capital,Private investment (I<sub>t</sub>),0.321
74,No human capital,Private investment (I<sub>t</sub>),0.32
75,No human capital,Private investment (I<sub>t</sub>),0.32
76,No human capital,Private investment (I<sub>t</sub>),0.32
77,No human capital,Private investment (I<sub>t</sub>),0.32
78,No human capital,Private investment (I<sub>t</sub>),0.32
79,No human capital,Private investment (I<sub>t</sub>),0.32
80,No human capital,Private investment (I<sub>t</sub>),0.32
81,No human capital,Private investment (I<sub>t</sub>),0.319
82,No human capital,Private investment (I<sub>t</sub>),0.319
83,No human capital,Private investment (I<sub>t</sub>),0.319
84,No human capital,Private investment (I<sub>t</sub>),0.319
85,No human capital,Private investment (I<sub>t</sub>),0.319
86,No human capital,Private investment (I<sub>t</sub>),0.319
87,No human capital,Private investment (I<sub>t</sub>),0.319
88,No human capital,Private investment (I<sub>t</sub>),0.319
89,No human capital,Private investment (I<sub>t</sub>),0.318
90,No human capital,Private investment (I<sub>t</sub>),0.318
91,No human capital,Private investment (I<sub>t</sub>),0.318
92,No human capital,Private investment (I<sub>t</sub>),0.318
93,No human capital,Private investment (I<sub>t</sub>),0.318
94,No human capital,Private investment (I<sub>t</sub>),0.318
95,No human capital,Private investment (I<sub>t</sub>),0.318
96,No human capital,Private investment (I<sub>t</sub>),0.318
97,No human capital,Private investment (I<sub>t</sub>),0.318
98,No human capital,Private investment (I<sub>t</sub>),0.318
99,No human capital,Private investment (I<sub>t</sub>),0.318
100,No human capital,Private investment (I<sub>t</sub>),0.318
1,No public infrastructure,Private investment (I<sub>t</sub>),0.533
2,No public infrastructure,Private investment (I<sub>t</sub>),0.361
3,No public infrastructure,Private investment (I<sub>t</sub>),0.37
4,No public infrastructure,Private investment (I<sub>t</sub>),0.372
5,No public infrastructure,Private investment (I<sub>t</sub>),0.37
6,No public infrastructure,Private investment (I<sub>t</sub>),0.369
7,No public infrastructure,Private investment (I<sub>t</sub>),0.367
8,No public infrastructure,Private investment (I<sub>t</sub>),0.365
9,No public infrastructure,Private investment (I<sub>t</sub>),0.363
10,No public infrastructure,Private investment (I<sub>t</sub>),0.362
11,No public infrastructure,Private investment (I<sub>t</sub>),0.36
12,No public infrastructure,Private investment (I<sub>t</sub>),0.359
13,No public infrastructure,Private investment (I<sub>t</sub>),0.357
14,No public infrastructure,Private investment (I<sub>t</sub>),0.356
15,No public infrastructure,Private investment (I<sub>t</sub>),0.354
16,No public infrastructure,Private investment (I<sub>t</sub>),0.353
17,No public infrastructure,Private investment (I<sub>t</sub>),0.351
18,No public infrastructure,Private investment (I<sub>t</sub>),0.35
19,No public infrastructure,Private investment (I<sub>t</sub>),0.349
20,No public infrastructure,Private investment (I<sub>t</sub>),0.348
21,No public infrastructure,Private investment (I<sub>t</sub>),0.347
22,No public infrastructure,Private investment (I<sub>t</sub>),0.346
23,No public infrastructure,Private investment (I<sub>t</sub>),0.345
24,No public infrastructure,Private investment (I<sub>t</sub>),0.344
25,No public infrastructure,Private investment (I<sub>t</sub>),0.343
26,No public infrastructure,Private investment (I<sub>t</sub>),0.342
27,No public infrastructure,Private investment (I<sub>t</sub>),0.341
28,No public infrastructure,Private investment (I<sub>t</sub>),0.34
29,No public infrastructure,Private investment (I<sub>t</sub>),0.339
30,No public infrastructure,Private investment (I<sub>t</sub>),0.338
31,No public infrastructure,Private investment (I<sub>t</sub>),0.337
32,No public infrastructure,Private investment (I<sub>t</sub>),0.337
33,No public infrastructure,Private investment (I<sub>t</sub>),0.336
34,No public infrastructure,Private investment (I<sub>t</sub>),0.335
35,No public infrastructure,Private investment (I<sub>t</sub>),0.334
36,No public infrastructure,Private investment (I<sub>t</sub>),0.334
37,No public infrastructure,Private investment (I<sub>t</sub>),0.333
38,No public infrastructure,Private investment (I<sub>t</sub>),0.333
39,No public infrastructure,Private investment (I<sub>t</sub>),0.332
40,No public infrastructure,Private investment (I<sub>t</sub>),0.331
41,No public infrastructure,Private investment (I<sub>t</sub>),0.331
42,No public infrastructure,Private investment (I<sub>t</sub>),0.33
43,No public infrastructure,Private investment (I<sub>t</sub>),0.33
44,No public infrastructure,Private investment (I<sub>t</sub>),0.329
45,No public infrastructure,Private investment (I<sub>t</sub>),0.329
46,No public infrastructure,Private investment (I<sub>t</sub>),0.328
47,No public infrastructure,Private investment (I<sub>t</sub>),0.328
48,No public infrastructure,Private investment (I<sub>t</sub>),0.327
49,No public infrastructure,Private investment (I<sub>t</sub>),0.327
50,No public infrastructure,Private investment (I<sub>t</sub>),0.327
51,No public infrastructure,Private investment (I<sub>t</sub>),0.326
52,No public infrastructure,Private investment (I<sub>t</sub>),0.326
53,No public infrastructure,Private investment (I<sub>t</sub>),0.326
54,No public infrastructure,Private investment (I<sub>t</sub>),0.325
55,No public infrastructure,Private investment (I<sub>t</sub>),0.325
56,No public infrastructure,Private investment (I<sub>t</sub>),0.325
57,No public infrastructure,Private investment (I<sub>t</sub>),0.324
58,No public infrastructure,Private investment (I<sub>t</sub>),0.324
59,No public infrastructure,Private investment (I<sub>t</sub>),0.324
60,No public infrastructure,Private investment (I<sub>t</sub>),0.323
61,No public infrastructure,Private investment (I<sub>t</sub>),0.323
62,No public infrastructure,Private investment (I<sub>t</sub>),0.323
63,No public infrastructure,Private investment (I<sub>t</sub>),0.323
64,No public infrastructure,Private investment (I<sub>t</sub>),0.322
65,No public infrastructure,Private investment (I<sub>t</sub>),0.322
66,No public infrastructure,Private investment (I<sub>t</sub>),0.322
67,No public infrastructure,Private investment (I<sub>t</sub>),0.322
68,No public infrastructure,Private investment (I<sub>t</sub>),0.321
69,No public infrastructure,Private investment (I<sub>t</sub>),0.321
70,No public infrastructure,Private investment (I<sub>t</sub>),0.321
71,No public infrastructure,Private investment (I<sub>t</sub>),0.321
72,No public infrastructure,Private investment (I<sub>t</sub>),0.321
73,No public infrastructure,Private investment (I<sub>t</sub>),0.321
74,No public infrastructure,Private investment (I<sub>t</sub>),0.32
75,No public infrastructure,Private investment (I<sub>t</sub>),0.32
76,No public infrastructure,Private investment (I<sub>t</sub>),0.32
77,No public infrastructure,Private investment (I<sub>t</sub>),0.32
78,No public infrastructure,Private investment (I<sub>t</sub>),0.32
79,No public infrastructure,Private investment (I<sub>t</sub>),0.32
80,No public infrastructure,Private investment (I<sub>t</sub>),0.32
81,No public infrastructure,Private investment (I<sub>t</sub>),0.319
82,No public infrastructure,Private investment (I<sub>t</sub>),0.319
83,No public infrastructure,Private investment (I<sub>t</sub>),0.319
84,No public infrastructure,Private investment (I<sub>t</sub>),0.319
85,No public infrastructure,Private investment (I<sub>t</sub>),0.319
86,No public infrastructure,Private investment (I<sub>t</sub>),0.319
87,No public infrastructure,Private investment (I<sub>t</sub>),0.319
88,No public infrastructure,Private investment (I<sub>t</sub>),0.319
89,No public infrastructure,Private investment (I<sub>t</sub>),0.318
90,No public infrastructure,Private investment (I<sub>t</sub>),0.318
91,No public infrastructure,Private investment (I<sub>t</sub>),0.318
92,No public infrastructure,Private investment (I<sub>t</sub>),0.318
93,No public infrastructure,Private investment (I<sub>t</sub>),0.318
94,No public infrastructure,Private investment (I<sub>t</sub>),0.318
95,No public infrastructure,Private investment (I<sub>t</sub>),0.318
96,No public infrastructure,Private investment (I<sub>t</sub>),0.318
97,No public infrastructure,Private investment (I<sub>t</sub>),0.318
98,No public infrastructure,Private investment (I<sub>t</sub>),0.318
99,No public infrastructure,Private investment (I<sub>t</sub>),0.318
100,No public infrastructure,Private investment (I<sub>t</sub>),0.318
1,No private capital,Private investment (I<sub>t</sub>),0.0
2,No private capital,Private investment (I<sub>t</sub>),0.0
3,No private capital,Private investment (I<sub>t</sub>),0.0
4,No private capital,Private investment (I<sub>t</sub>),0.0
5,No private capital,Private investment (I<sub>t</sub>),0.0
6,No private capital,Private investment (I<sub>t</sub>),0.0
7,No private capital,Private investment (I<sub>t</sub>),0.0
8,No private capital,Private investment (I<sub>t</sub>),0.0
9,No private capital,Private investment (I<sub>t</sub>),0.0
10,No private capital,Private investment (I<sub>t</sub>),0.0
11,No private capital,Private investment (I<sub>t</sub>),0.0
12,No private capital,Private investment (I<sub>t</sub>),0.0
13,No private capital,Private investment (I<sub>t</sub>),0.0
14,No private capital,Private investment (I<sub>t</sub>),0.0
15,No private capital,Private investment (I<sub>t</sub>),0.0
16,No private capital,Private investment (I<sub>t</sub>),0.0
17,No private capital,Private investment (I<sub>t</sub>),0.0
18,No private capital,Private investment (I<sub>t</sub>),0.0
19,No private capital,Private investment (I<sub>t</sub>),0.0
20,No private capital,Private investment (I<sub>t</sub>),0.0
21,No private capital,Private investment (I<sub>t</sub>),0.0
22,No private capital,Private investment (I<sub>t</sub>),0.0
23,No private capital,Private investment (I<sub>t</sub>),0.0
24,No private capital,Private investment (I<sub>t</sub>),0.0
25,No private capital,Private investment (I<sub>t</sub>),0.0
26,No private capital,Private investment (I<sub>t</sub>),0.0
27,No private capital,Private investment (I<sub>t</sub>),0.0
28,No private capital,Private investment (I<sub>t</sub>),0.0
29,No private capital,Private investment (I<sub>t</sub>),0.0
30,No private capital,Private investment (I<sub>t</sub>),0.0
31,No private capital,Private investment (I<sub>t</sub>),0.0
32,No private capital,Private investment (I<sub>t</sub>),0.0
33,No private capital,Private investment (I<sub>t</sub>),0.0
34,No private capital,Private investment (I<sub>t</sub>),0.0
35,No private capital,Private investment (I<sub>t</sub>),0.0
36,No private capital,Private investment (I<sub>t</sub>),0.0
37,No private capital,Private investment (I<sub>t</sub>),0.0
38,No private capital,Private investment (I<sub>t</sub>),0.0
39,No private capital,Private investment (I<sub>t</sub>),0.0
40,No private capital,Private investment (I<sub>t</sub>),0.0
41,No private capital,Private investment (I<sub>t</sub>),0.0
42,No private capital,Private investment (I<sub>t</sub>),0.0
43,No private capital,Private investment (I<sub>t</sub>),0.0
44,No private capital,Private investment (I<sub>t</sub>),0.0
45,No private capital,Private investment (I<sub>t</sub>),0.0
46,No private capital,Private investment (I<sub>t</sub>),0.0
47,No private capital,Private investment (I<sub>t</sub>),0.0
48,No private capital,Private investment (I<sub>t</sub>),0.0
49,No private capital,Private investment (I<sub>t</sub>),0.0
50,No private capital,Private investment (I<sub>t</sub>),0.0
51,No private capital,Private investment (I<sub>t</sub>),0.0
52,No private capital,Private investment (I<sub>t</sub>),0.0
53,No private capital,Private investment (I<sub>t</sub>),0.0
54,No private capital,Private investment (I<sub>t</sub>),0.0
55,No private capital,Private investment (I<sub>t</sub>),0.0
56,No private capital,Private investment (I<sub>t</sub>),0.0
57,No private capital,Private investment (I<sub>t</sub>),0.0
58,No private capital,Private investment (I<sub>t</sub>),0.0
59,No private capital,Private investment (I<sub>t</sub>),0.0
60,No private capital,Private investment (I<sub>t</sub>),0.0
61,No private capital,Private investment (I<sub>t</sub>),0.0
62,No private capital,Private investment (I<sub>t</sub>),0.0
63,No private capital,Private investment (I<sub>t</sub>),0.0
64,No private capital,Private investment (I<sub>t</sub>),0.0
65,No private capital,Private investment (I<sub>t</sub>),0.0
66,No private capital,Private investment (I<sub>t</sub>),0.0
67,No private capital,Private investment (I<sub>t</sub>),0.0
68,No private capital,Private investment (I<sub>t</sub>),0.0
69,No private capital,Private investment (I<sub>t</sub>),0.0
70,No private capital,Private investment (I<sub>t</sub>),0.0
71,No private capital,Private investment (I<sub>t</sub>),0.0
72,No private capital,Private investment (I<sub>t</sub>),0.0
73,No private capital,Private investment (I<sub>t</sub>),0.0
74,No private capital,Private investment (I<sub>t</sub>),0.0
75,No private capital,Private investment (I<sub>t</sub>),0.0
76,No private capital,Private investment (I<sub>t</sub>),0.0
77,No private capital,Private investment (I<sub>t</sub>),0.0
78,No private capital,Private investment (I<sub>t</sub>),0.0
79,No private capital,Private investment (I<sub>t</sub>),0.0
80,No private capital,Private investment (I<sub>t</sub>),0.0
81,No private capital,Private investment (I<sub>t</sub>),0.0
82,No private capital,Private investment (I<sub>t</sub>),0.0
83,No private capital,Private investment (I<sub>t</sub>),0.0
84,No private capital,Private investment (I<sub>t</sub>),0.0
85,No private capital,Private investment (I<sub>t</sub>),0.0
86,No private capital,Private investment (I<sub>t</sub>),0.0
87,No private capital,Private investment (I<sub>t</sub>),0.0
88,No private capital,Private investment (I<sub>t</sub>),0.0
89,No private capital,Private investment (I<sub>t</sub>),0.0
90,No private capital,Private investment (I<sub>t</sub>),0.0
91,No private capital,Private investment (I<sub>t</sub>),0.0
92,No private capital,Private investment (I<sub>t</sub>),0.0
93,No private capital,Private investment (I<sub>t</sub>),0.0
94,No private capital,Private investment (I<sub>t</sub>),0.0
95,No private capital,Private investment (I<sub>t</sub>),0.0
96,No private capital,Private investment (I<sub>t</sub>),0.0
97,No private capital,Private investment (I<sub>t</sub>),0.0
98,No private capital,Private investment (I<sub>t</sub>),0.0
99,No private capital,Private investment (I<sub>t</sub>),0.0
100,No private capital,Private investment (I<sub>t</sub>),0.0
1,No indexation,Private investment (I<sub>t</sub>),0.0
2,No indexation,Private investment (I<sub>t</sub>),0.0
3,No indexation,Private investment (I<sub>t</sub>),0.0
4,No indexation,Private investment (I<sub>t</sub>),0.0
5,No indexation,Private investment (I<sub>t</sub>),0.0
6,No indexation,Private investment (I<sub>t</sub>),0.0
7,No indexation,Private investment (I<sub>t</sub>),0.0
8,No indexation,Private investment (I<sub>t</sub>),0.0
9,No indexation,Private investment (I<sub>t</sub>),0.0
10,No indexation,Private investment (I<sub>t</sub>),0.0
11,No indexation,Private investment (I<sub>t</sub>),0.0
12,No indexation,Private investment (I<sub>t</sub>),0.0
13,No indexation,Private investment (I<sub>t</sub>),0.0
14,No indexation,Private investment (I<sub>t</sub>),0.0
15,No indexation,Private investment (I<sub>t</sub>),0.0
16,No indexation,Private investment (I<sub>t</sub>),0.0
17,No indexation,Private investment (I<sub>t</sub>),0.0
18,No indexation,Private investment (I<sub>t</sub>),0.0
19,No indexation,Private investment (I<sub>t</sub>),0.0
20,No indexation,Private investment (I<sub>t</sub>),0.0
21,No indexation,Private investment (I<sub>t</sub>),0.0
22,No indexation,Private investment (I<sub>t</sub>),0.0
23,No indexation,Private investment (I<sub>t</sub>),0.0
24,No indexation,Private investment (I<sub>t</sub>),0.0
25,No indexation,Private investment (I<sub>t</sub>),0.0
26,No indexation,Private investment (I<sub>t</sub>),0.0
27,No indexation,Private investment (I<sub>t</sub>),0.0
28,No indexation,Private investment (I<sub>t</sub>),0.0
29,No indexation,Private investment (I<sub>t</sub>),0.0
30,No indexation,Private investment (I<sub>t</sub>),0.0
31,No indexation,Private investment (I<sub>t</sub>),0.0
32,No indexation,Private investment (I<sub>t</sub>),0.0
33,No indexation,Private investment (I<sub>t</sub>),0.0
34,No indexation,Private investment (I<sub>t</sub>),0.0
35,No indexation,Private investment (I<sub>t</sub>),0.0
36,No indexation,Private investment (I<sub>t</sub>),0.0
37,No indexation,Private investment (I<sub>t</sub>),0.0
38,No indexation,Private investment (I<sub>t</sub>),0.0
39,No indexation,Private investment (I<sub>t</sub>),0.0
40,No indexation,Private investment (I<sub>t</sub>),0.0
41,No indexation,Private investment (I<sub>t</sub>),0.0
42,No indexation,Private investment (I<sub>t</sub>),0.0
43,No indexation,Private investment (I<sub>t</sub>),0.0
44,No indexation,Private investment (I<sub>t</sub>),0.0
45,No indexation,Private investment (I<sub>t</sub>),0.0
46,No indexation,Private investment (I<sub>t</sub>),0.0
47,No indexation,Private investment (I<sub>t</sub>),0.0
48,No indexation,Private investment (I<sub>t</sub>),0.0
49,No indexation,Private investment (I<sub>t</sub>),0.0
50,No indexation,Private investment (I<sub>t</sub>),0.0
51,No indexation,Private investment (I<sub>t</sub>),0.0
52,No indexation,Private investment (I<sub>t</sub>),0.0
53,No indexation,Private investment (I<sub>t</sub>),0.0
54,No indexation,Private investment (I<sub>t</sub>),0.0
55,No indexation,Private investment (I<sub>t</sub>),0.0
56,No indexation,Private investment (I<sub>t</sub>),0.0
57,No indexation,Private investment (I<sub>t</sub>),0.0
58,No indexation,Private investment (I<sub>t</sub>),0.0
59,No indexation,Private investment (I<sub>t</sub>),0.0
60,No indexation,Private investment (I<sub>t</sub>),0.0
61,No indexation,Private investment (I<sub>t</sub>),0.0
62,No indexation,Private investment (I<sub>t</sub>),0.0
63,No indexation,Private investment (I<sub>t</sub>),0.0
64,No indexation,Private investment (I<sub>t</sub>),0.0
65,No indexation,Private investment (I<sub>t</sub>),0.0
66,No indexation,Private investment (I<sub>t</sub>),0.0
67,No indexation,Private investment (I<sub>t</sub>),0.0
68,No indexation,Private investment (I<sub>t</sub>),0.0
69,No indexation,Private investment (I<sub>t</sub>),0.0
70,No indexation,Private investment (I<sub>t</sub>),0.0
71,No indexation,Private investment (I<sub>t</sub>),0.0
72,No indexation,Private investment (I<sub>t</sub>),0.0
73,No indexation,Private investment (I<sub>t</sub>),0.0
74,No indexation,Private investment (I<sub>t</sub>),0.0
75,No indexation,Private investment (I<sub>t</sub>),0.0
76,No indexation,Private investment (I<sub>t</sub>),0.0
77,No indexation,Private investment (I<sub>t</sub>),0.0
78,No indexation,Private investment (I<sub>t</sub>),0.0
79,No indexation,Private investment (I<sub>t</sub>),0.0
80,No indexation,Private investment (I<sub>t</sub>),0.0
81,No indexation,Private investment (I<sub>t</sub>),0.0
82,No indexation,Private investment (I<sub>t</sub>),0.0
83,No indexation,Private investment (I<sub>t</sub>),0.0
84,No indexation,Private investment (I<sub>t</sub>),0.0
85,No indexation,Private investment (I<sub>t</sub>),0.0
86,No indexation,Private investment (I<sub>t</sub>),0.0
87,No indexation,Private investment (I<sub>t</sub>),0.0
88,No indexation,Private investment (I<sub>t</sub>),0.0
89,No indexation,Private investment (I<sub>t</sub>),0.0
90,No indexation,Private investment (I<sub>t</sub>),0.0
91,No indexation,Private investment (I<sub>t</sub>),0.0
92,No indexation,Private investment (I<sub>t</sub>),0.0
93,No indexation,Private investment (I<sub>t</sub>),0.0
94,No indexation,Private investment (I<sub>t</sub>),0.0
95,No indexation,Private investment (I<sub>t</sub>),0.0
96,No indexation,Private investment (I<sub>t</sub>),0.0
97,No indexation,Private investment (I<sub>t</sub>),0.0
98,No indexation,Private investment (I<sub>t</sub>),0.0
99,No indexation,Private investment (I<sub>t</sub>),0.0
100,No indexation,Private investment (I<sub>t</sub>),0.0
1,No trend growth,Private investment (I<sub>t</sub>),0.0
2,No trend growth,Private investment (I<sub>t</sub>),0.0
3,No trend growth,Private investment (I<sub>t</sub>),0.0
4,No trend growth,Private investment (I<sub>t</sub>),0.0
5,No trend growth,Private investment (I<sub>t</sub>),0.0
6,No trend growth,Private investment (I<sub>t</sub>),0.0
7,No trend growth,Private investment (I<sub>t</sub>),0.0
8,No trend growth,Private investment (I<sub>t</sub>),0.0
9,No trend growth,Private investment (I<sub>t</sub>),0.0
10,No trend growth,Private investment (I<sub>t</sub>),0.0
11,No trend growth,Private investment (I<sub>t</sub>),0.0
12,No trend growth,Private investment (I<sub>t</sub>),0.0
13,No trend growth,Private investment (I<sub>t</sub>),0.0
14,No trend growth,Private investment (I<sub>t</sub>),0.0
15,No trend growth,Private investment (I<sub>t</sub>),0.0
16,No trend growth,Private investment (I<sub>t</sub>),0.0
17,No trend growth,Private investment (I<sub>t</sub>),0.0
18,No trend growth,Private investment (I<sub>t</sub>),0.0
19,No trend growth,Private investment (I<sub>t</sub>),0.0
20,No trend growth,Private investment (I<sub>t</sub>),0.0
21,No trend growth,Private investment (I<sub>t</sub>),0.0
22,No trend growth,Private investment (I<sub>t</sub>),0.0
23,No trend growth,Private investment (I<sub>t</sub>),0.0
24,No trend growth,Private investment (I<sub>t</sub>),0.0
25,No trend growth,Private investment (I<sub>t</sub>),0.0
26,No trend growth,Private investment (I<sub>t</sub>),0.0
27,No trend growth,Private investment (I<sub>t</sub>),0.0
28,No trend growth,Private investment (I<sub>t</sub>),0.0
29,No trend growth,Private investment (I<sub>t</sub>),0.0
30,No trend growth,Private investment (I<sub>t</sub>),0.0
31,No trend growth,Private investment (I<sub>t</sub>),0.0
32,No trend growth,Private investment (I<sub>t</sub>),0.0
33,No trend growth,Private investment (I<sub>t</sub>),0.0
34,No trend growth,Private investment (I<sub>t</sub>),0.0
35,No trend growth,Private investment (I<sub>t</sub>),0.0
36,No trend growth,Private investment (I<sub>t</sub>),0.0
37,No trend growth,Private investment (I<sub>t</sub>),0.0
38,No trend growth,Private investment (I<sub>t</sub>),0.0
39,No trend growth,Private investment (I<sub>t</sub>),0.0
40,No trend growth,Private investment (I<sub>t</sub>),0.0
41,No trend growth,Private investment (I<sub>t</sub>),0.0
42,No trend growth,Private investment (I<sub>t</sub>),0.0
43,No trend growth,Private investment (I<sub>t</sub>),0.0
44,No trend growth,Private investment (I<sub>t</sub>),0.0
45,No trend growth,Private investment (I<sub>t</sub>),0.0
46,No trend growth,Private investment (I<sub>t</sub>),0.0
47,No trend growth,Private investment (I<sub>t</sub>),0.0
48,No trend growth,Private investment (I<sub>t</sub>),0.0
49,No trend growth,Private investment (I<sub>t</sub>),0.0
50,No trend growth,Private investment (I<sub>t</sub>),0.0
51,No trend growth,Private investment (I<sub>t</sub>),0.0
52,No trend growth,Private investment (I<sub>t</sub>),0.0
53,No trend growth,Private investment (I<sub>t</sub>),0.0
54,No trend growth,Private investment (I<sub>t</sub>),0.0
55,No trend growth,Private investment (I<sub>t</sub>),0.0
56,No trend growth,Private investment (I<sub>t</sub>),0.0
57,No trend growth,Private investment (I<sub>t</sub>),0.0
58,No trend growth,Private investment (I<sub>t</sub>),0.0
59,No trend growth,Private investment (I<sub>t</sub>),0.0
60,No trend growth,Private investment (I<sub>t</sub>),0.0
61,No trend growth,Private investment (I<sub>t</sub>),0.0
62,No trend growth,Private investment (I<sub>t</sub>),0.0
63,No trend growth,Private investment (I<sub>t</sub>),0.0
64,No trend growth,Private investment (I<sub>t</sub>),0.0
65,No trend growth,Private investment (I<sub>t</sub>),0.0
66,No trend growth,Private investment (I<sub>t</sub>),0.0
67,No trend growth,Private investment (I<sub>t</sub>),0.0
68,No trend growth,Private investment (I<sub>t</sub>),0.0
69,No trend growth,Private investment (I<sub>t</sub>),0.0
70,No trend growth,Private investment (I<sub>t</sub>),0.0
71,No trend growth,Private investment (I<sub>t</sub>),0.0
72,No trend growth,Private investment (I<sub>t</sub>),0.0
73,No trend growth,Private investment (I<sub>t</sub>),0.0
74,No trend growth,Private investment (I<sub>t</sub>),0.0
75,No trend growth,Private investment (I<sub>t</sub>),0.0
76,No trend growth,Private investment (I<sub>t</sub>),0.0
77,No trend growth,Private investment (I<sub>t</sub>),0.0
78,No trend growth,Private investment (I<sub>t</sub>),0.0
79,No trend growth,Private investment (I<sub>t</sub>),0.0
80,No trend growth,Private investment (I<sub>t</sub>),0.0
81,No trend growth,Private investment (I<sub>t</sub>),0.0
82,No trend growth,Private investment (I<sub>t</sub>),0.0
83,No trend growth,Private investment (I<sub>t</sub>),0.0
84,No trend growth,Private investment (I<sub>t</sub>),0.0
85,No trend growth,Private investment (I<sub>t</sub>),0.0
86,No trend growth,Private investment (I<sub>t</sub>),0.0
87,No trend growth,Private investment (I<sub>t</sub>),0.0
88,No trend growth,Private investment (I<sub>t</sub>),0.0
89,No trend growth,Private investment (I<sub>t</sub>),0.0
90,No trend growth,Private investment (I<sub>t</sub>),0.0
91,No trend growth,Private investment (I<sub>t</sub>),0.0
92,No trend growth,Private investment (I<sub>t</sub>),0.0
93,No trend growth,Private investment (I<sub>t</sub>),0.0
94,No trend growth,Private investment (I<sub>t</sub>),0.0
95,No trend growth,Private investment (I<sub>t</sub>),0.0
96,No trend growth,Private investment (I<sub>t</sub>),0.0
97,No trend growth,Private investment (I<sub>t</sub>),0.0
98,No trend growth,Private investment (I<sub>t</sub>),0.0
99,No trend growth,Private investment (I<sub>t</sub>),0.0
100,No trend growth,Private investment (I<sub>t</sub>),0.0
1,Full model,Government spending (G<sub>t</sub>),4.498
2,Full model,Government spending (G<sub>t</sub>),4.498
3,Full model,Government spending (G<sub>t</sub>),4.498
4,Full model,Government spending (G<sub>t</sub>),4.498
5,Full model,Government spending (G<sub>t</sub>),4.498
6,Full model,Government spending (G<sub>t</sub>),4.498
7,Full model,Government spending (G<sub>t</sub>),4.498
8,Full model,Government spending (G<sub>t</sub>),4.498
9,Full model,Government spending (G<sub>t</sub>),4.498
10,Full model,Government spending (G<sub>t</sub>),4.498
11,Full model,Government spending (G<sub>t</sub>),4.498
12,Full model,Government spending (G<sub>t</sub>),4.498
13,Full model,Government spending (G<sub>t</sub>),4.498
14,Full model,Government spending (G<sub>t</sub>),4.498
15,Full model,Government spending (G<sub>t</sub>),4.498
16,Full model,Government spending (G<sub>t</sub>),4.498
17,Full model,Government spending (G<sub>t</sub>),4.498
18,Full model,Government spending (G<sub>t</sub>),4.498
19,Full model,Government spending (G<sub>t</sub>),4.498
20,Full model,Government spending (G<sub>t</sub>),4.498
21,Full model,Government spending (G<sub>t</sub>),4.498
22,Full model,Government spending (G<sub>t</sub>),4.498
23,Full model,Government spending (G<sub>t</sub>),4.498
24,Full model,Government spending (G<sub>t</sub>),4.498
25,Full model,Government spending (G<sub>t</sub>),4.498
26,Full model,Government spending (G<sub>t</sub>),4.498
27,Full model,Government spending (G<sub>t</sub>),4.498
28,Full model,Government spending (G<sub>t</sub>),4.498
29,Full model,Government spending (G<sub>t</sub>),4.498
30,Full model,Government spending (G<sub>t</sub>),4.498
31,Full model,Government spending (G<sub>t</sub>),4.498
32,Full model,Government spending (G<sub>t</sub>),4.498
33,Full model,Government spending (G<sub>t</sub>),4.498
34,Full model,Government spending (G<sub>t</sub>),4.498
35,Full model,Government spending (G<sub>t</sub>),4.498
36,Full model,Government spending (G<sub>t</sub>),4.498
37,Full model,Government spending (G<sub>t</sub>),4.498
38,Full model,Government spending (G<sub>t</sub>),4.498
39,Full model,Government spending (G<sub>t</sub>),4.498
40,Full model,Government spending (G<sub>t</sub>),4.498
41,Full model,Government spending (G<sub>t</sub>),4.498
42,Full model,Government spending (G<sub>t</sub>),4.498
43,Full model,Government spending (G<sub>t</sub>),4.498
44,Full model,Government spending (G<sub>t</sub>),4.498
45,Full model,Government spending (G<sub>t</sub>),4.498
46,Full model,Government spending (G<sub>t</sub>),4.498
47,Full model,Government spending (G<sub>t</sub>),4.498
48,Full model,Government spending (G<sub>t</sub>),4.498
49,Full model,Government spending (G<sub>t</sub>),4.498
50,Full model,Government spending (G<sub>t</sub>),4.498
51,Full model,Government spending (G<sub>t</sub>),4.498
52,Full model,Government spending (G<sub>t</sub>),4.498
53,Full model,Government spending (G<sub>t</sub>),4.498
54,Full model,Government spending (G<sub>t</sub>),4.498
55,Full model,Government spending (G<sub>t</sub>),4.498
56,Full model,Government spending (G<sub>t</sub>),4.498
57,Full model,Government spending (G<sub>t</sub>),4.498
58,Full model,Government spending (G<sub>t</sub>),4.498
59,Full model,Government spending (G<sub>t</sub>),4.498
60,Full model,Government spending (G<sub>t</sub>),4.498
61,Full model,Government spending (G<sub>t</sub>),4.498
62,Full model,Government spending (G<sub>t</sub>),4.498
63,Full model,Government spending (G<sub>t</sub>),4.498
64,Full model,Government spending (G<sub>t</sub>),4.498
65,Full model,Government spending (G<sub>t</sub>),4.498
66,Full model,Government spending (G<sub>t</sub>),4.498
67,Full model,Government spending (G<sub>t</sub>),4.498
68,Full model,Government spending (G<sub>t</sub>),4.498
69,Full model,Government spending (G<sub>t</sub>),4.498
70,Full model,Government spending (G<sub>t</sub>),4.498
71,Full model,Government spending (G<sub>t</sub>),4.498
72,Full model,Government spending (G<sub>t</sub>),4.498
73,Full model,Government spending (G<sub>t</sub>),4.498
74,Full model,Government spending (G<sub>t</sub>),4.498
75,Full model,Government spending (G<sub>t</sub>),4.498
76,Full model,Government spending (G<sub>t</sub>),4.498
77,Full model,Government spending (G<sub>t</sub>),4.498
78,Full model,Government spending (G<sub>t</sub>),4.498
79,Full model,Government spending (G<sub>t</sub>),4.498
80,Full model,Government spending (G<sub>t</sub>),4.498
81,Full model,Government spending (G<sub>t</sub>),4.498
82,Full model,Government spending (G<sub>t</sub>),4.498
83,Full model,Government spending (G<sub>t</sub>),4.498
84,Full model,Government spending (G<sub>t</sub>),4.498
85,Full model,Government spending (G<sub>t</sub>),4.498
86,Full model,Government spending (G<sub>t</sub>),4.498
87,Full model,Government spending (G<sub>t</sub>),4.498
88,Full model,Government spending (G<sub>t</sub>),4.498
89,Full model,Government spending (G<sub>t</sub>),4.498
90,Full model,Government spending (G<sub>t</sub>),4.498
91,Full model,Government spending (G<sub>t</sub>),4.498
92,Full model,Government spending (G<sub>t</sub>),4.498
93,Full model,Government spending (G<sub>t</sub>),4.498
94,Full model,Government spending (G<sub>t</sub>),4.498
95,Full model,Government spending (G<sub>t</sub>),4.498
96,Full model,Government spending (G<sub>t</sub>),4.498
97,Full model,Government spending (G<sub>t</sub>),4.498
98,Full model,Government spending (G<sub>t</sub>),4.498
99,Full model,Government spending (G<sub>t</sub>),4.498
100,Full model,Government spending (G<sub>t</sub>),4.498
1,No endogenous technology,Government spending (G<sub>t</sub>),4.498
2,No endogenous technology,Government spending (G<sub>t</sub>),4.498
3,No endogenous technology,Government spending (G<sub>t</sub>),4.498
4,No endogenous technology,Government spending (G<sub>t</sub>),4.498
5,No endogenous technology,Government spending (G<sub>t</sub>),4.498
6,No endogenous technology,Government spending (G<sub>t</sub>),4.498
7,No endogenous technology,Government spending (G<sub>t</sub>),4.498
8,No endogenous technology,Government spending (G<sub>t</sub>),4.498
9,No endogenous technology,Government spending (G<sub>t</sub>),4.498
10,No endogenous technology,Government spending (G<sub>t</sub>),4.498
11,No endogenous technology,Government spending (G<sub>t</sub>),4.498
12,No endogenous technology,Government spending (G<sub>t</sub>),4.498
13,No endogenous technology,Government spending (G<sub>t</sub>),4.498
14,No endogenous technology,Government spending (G<sub>t</sub>),4.498
15,No endogenous technology,Government spending (G<sub>t</sub>),4.498
16,No endogenous technology,Government spending (G<sub>t</sub>),4.498
17,No endogenous technology,Government spending (G<sub>t</sub>),4.498
18,No endogenous technology,Government spending (G<sub>t</sub>),4.498
19,No endogenous technology,Government spending (G<sub>t</sub>),4.498
20,No endogenous technology,Government spending (G<sub>t</sub>),4.498
21,No endogenous technology,Government spending (G<sub>t</sub>),4.498
22,No endogenous technology,Government spending (G<sub>t</sub>),4.498
23,No endogenous technology,Government spending (G<sub>t</sub>),4.498
24,No endogenous technology,Government spending (G<sub>t</sub>),4.498
25,No endogenous technology,Government spending (G<sub>t</sub>),4.498
26,No endogenous technology,Government spending (G<sub>t</sub>),4.498
27,No endogenous technology,Government spending (G<sub>t</sub>),4.498
28,No endogenous technology,Government spending (G<sub>t</sub>),4.498
29,No endogenous technology,Government spending (G<sub>t</sub>),4.498
30,No endogenous technology,Government spending (G<sub>t</sub>),4.498
31,No endogenous technology,Government spending (G<sub>t</sub>),4.498
32,No endogenous technology,Government spending (G<sub>t</sub>),4.498
33,No endogenous technology,Government spending (G<sub>t</sub>),4.498
34,No endogenous technology,Government spending (G<sub>t</sub>),4.498
35,No endogenous technology,Government spending (G<sub>t</sub>),4.498
36,No endogenous technology,Government spending (G<sub>t</sub>),4.498
37,No endogenous technology,Government spending (G<sub>t</sub>),4.498
38,No endogenous technology,Government spending (G<sub>t</sub>),4.498
39,No endogenous technology,Government spending (G<sub>t</sub>),4.498
40,No endogenous technology,Government spending (G<sub>t</sub>),4.498
41,No endogenous technology,Government spending (G<sub>t</sub>),4.498
42,No endogenous technology,Government spending (G<sub>t</sub>),4.498
43,No endogenous technology,Government spending (G<sub>t</sub>),4.498
44,No endogenous technology,Government spending (G<sub>t</sub>),4.498
45,No endogenous technology,Government spending (G<sub>t</sub>),4.498
46,No endogenous technology,Government spending (G<sub>t</sub>),4.498
47,No endogenous technology,Government spending (G<sub>t</sub>),4.498
48,No endogenous technology,Government spending (G<sub>t</sub>),4.498
49,No endogenous technology,Government spending (G<sub>t</sub>),4.498
50,No endogenous technology,Government spending (G<sub>t</sub>),4.498
51,No endogenous technology,Government spending (G<sub>t</sub>),4.498
52,No endogenous technology,Government spending (G<sub>t</sub>),4.498
53,No endogenous technology,Government spending (G<sub>t</sub>),4.498
54,No endogenous technology,Government spending (G<sub>t</sub>),4.498
55,No endogenous technology,Government spending (G<sub>t</sub>),4.498
56,No endogenous technology,Government spending (G<sub>t</sub>),4.498
57,No endogenous technology,Government spending (G<sub>t</sub>),4.498
58,No endogenous technology,Government spending (G<sub>t</sub>),4.498
59,No endogenous technology,Government spending (G<sub>t</sub>),4.498
60,No endogenous technology,Government spending (G<sub>t</sub>),4.498
61,No endogenous technology,Government spending (G<sub>t</sub>),4.498
62,No endogenous technology,Government spending (G<sub>t</sub>),4.498
63,No endogenous technology,Government spending (G<sub>t</sub>),4.498
64,No endogenous technology,Government spending (G<sub>t</sub>),4.498
65,No endogenous technology,Government spending (G<sub>t</sub>),4.498
66,No endogenous technology,Government spending (G<sub>t</sub>),4.498
67,No endogenous technology,Government spending (G<sub>t</sub>),4.498
68,No endogenous technology,Government spending (G<sub>t</sub>),4.498
69,No endogenous technology,Government spending (G<sub>t</sub>),4.498
70,No endogenous technology,Government spending (G<sub>t</sub>),4.498
71,No endogenous technology,Government spending (G<sub>t</sub>),4.498
72,No endogenous technology,Government spending (G<sub>t</sub>),4.498
73,No endogenous technology,Government spending (G<sub>t</sub>),4.498
74,No endogenous technology,Government spending (G<sub>t</sub>),4.498
75,No endogenous technology,Government spending (G<sub>t</sub>),4.498
76,No endogenous technology,Government spending (G<sub>t</sub>),4.498
77,No endogenous technology,Government spending (G<sub>t</sub>),4.498
78,No endogenous technology,Government spending (G<sub>t</sub>),4.498
79,No endogenous technology,Government spending (G<sub>t</sub>),4.498
80,No endogenous technology,Government spending (G<sub>t</sub>),4.498
81,No endogenous technology,Government spending (G<sub>t</sub>),4.498
82,No endogenous technology,Government spending (G<sub>t</sub>),4.498
83,No endogenous technology,Government spending (G<sub>t</sub>),4.498
84,No endogenous technology,Government spending (G<sub>t</sub>),4.498
85,No endogenous technology,Government spending (G<sub>t</sub>),4.498
86,No endogenous technology,Government spending (G<sub>t</sub>),4.498
87,No endogenous technology,Government spending (G<sub>t</sub>),4.498
88,No endogenous technology,Government spending (G<sub>t</sub>),4.498
89,No endogenous technology,Government spending (G<sub>t</sub>),4.498
90,No endogenous technology,Government spending (G<sub>t</sub>),4.498
91,No endogenous technology,Government spending (G<sub>t</sub>),4.498
92,No endogenous technology,Government spending (G<sub>t</sub>),4.498
93,No endogenous technology,Government spending (G<sub>t</sub>),4.498
94,No endogenous technology,Government spending (G<sub>t</sub>),4.498
95,No endogenous technology,Government spending (G<sub>t</sub>),4.498
96,No endogenous technology,Government spending (G<sub>t</sub>),4.498
97,No endogenous technology,Government spending (G<sub>t</sub>),4.498
98,No endogenous technology,Government spending (G<sub>t</sub>),4.498
99,No endogenous technology,Government spending (G<sub>t</sub>),4.498
100,No endogenous technology,Government spending (G<sub>t</sub>),4.498
1,No human capital,Government spending (G<sub>t</sub>),4.498
2,No human capital,Government spending (G<sub>t</sub>),4.498
3,No human capital,Government spending (G<sub>t</sub>),4.498
4,No human capital,Government spending (G<sub>t</sub>),4.498
5,No human capital,Government spending (G<sub>t</sub>),4.498
6,No human capital,Government spending (G<sub>t</sub>),4.498
7,No human capital,Government spending (G<sub>t</sub>),4.498
8,No human capital,Government spending (G<sub>t</sub>),4.498
9,No human capital,Government spending (G<sub>t</sub>),4.498
10,No human capital,Government spending (G<sub>t</sub>),4.498
11,No human capital,Government spending (G<sub>t</sub>),4.498
12,No human capital,Government spending (G<sub>t</sub>),4.498
13,No human capital,Government spending (G<sub>t</sub>),4.498
14,No human capital,Government spending (G<sub>t</sub>),4.498
15,No human capital,Government spending (G<sub>t</sub>),4.498
16,No human capital,Government spending (G<sub>t</sub>),4.498
17,No human capital,Government spending (G<sub>t</sub>),4.498
18,No human capital,Government spending (G<sub>t</sub>),4.498
19,No human capital,Government spending (G<sub>t</sub>),4.498
20,No human capital,Government spending (G<sub>t</sub>),4.498
21,No human capital,Government spending (G<sub>t</sub>),4.498
22,No human capital,Government spending (G<sub>t</sub>),4.498
23,No human capital,Government spending (G<sub>t</sub>),4.498
24,No human capital,Government spending (G<sub>t</sub>),4.498
25,No human capital,Government spending (G<sub>t</sub>),4.498
26,No human capital,Government spending (G<sub>t</sub>),4.498
27,No human capital,Government spending (G<sub>t</sub>),4.498
28,No human capital,Government spending (G<sub>t</sub>),4.498
29,No human capital,Government spending (G<sub>t</sub>),4.498
30,No human capital,Government spending (G<sub>t</sub>),4.498
31,No human capital,Government spending (G<sub>t</sub>),4.498
32,No human capital,Government spending (G<sub>t</sub>),4.498
33,No human capital,Government spending (G<sub>t</sub>),4.498
34,No human capital,Government spending (G<sub>t</sub>),4.498
35,No human capital,Government spending (G<sub>t</sub>),4.498
36,No human capital,Government spending (G<sub>t</sub>),4.498
37,No human capital,Government spending (G<sub>t</sub>),4.498
38,No human capital,Government spending (G<sub>t</sub>),4.498
39,No human capital,Government spending (G<sub>t</sub>),4.498
40,No human capital,Government spending (G<sub>t</sub>),4.498
41,No human capital,Government spending (G<sub>t</sub>),4.498
42,No human capital,Government spending (G<sub>t</sub>),4.498
43,No human capital,Government spending (G<sub>t</sub>),4.498
44,No human capital,Government spending (G<sub>t</sub>),4.498
45,No human capital,Government spending (G<sub>t</sub>),4.498
46,No human capital,Government spending (G<sub>t</sub>),4.498
47,No human capital,Government spending (G<sub>t</sub>),4.498
48,No human capital,Government spending (G<sub>t</sub>),4.498
49,No human capital,Government spending (G<sub>t</sub>),4.498
50,No human capital,Government spending (G<sub>t</sub>),4.498
51,No human capital,Government spending (G<sub>t</sub>),4.498
52,No human capital,Government spending (G<sub>t</sub>),4.498
53,No human capital,Government spending (G<sub>t</sub>),4.498
54,No human capital,Government spending (G<sub>t</sub>),4.498
55,No human capital,Government spending (G<sub>t</sub>),4.498
56,No human capital,Government spending (G<sub>t</sub>),4.498
57,No human capital,Government spending (G<sub>t</sub>),4.498
58,No human capital,Government spending (G<sub>t</sub>),4.498
59,No human capital,Government spending (G<sub>t</sub>),4.498
60,No human capital,Government spending (G<sub>t</sub>),4.498
61,No human capital,Government spending (G<sub>t</sub>),4.498
62,No human capital,Government spending (G<sub>t</sub>),4.498
63,No human capital,Government spending (G<sub>t</sub>),4.498
64,No human capital,Government spending (G<sub>t</sub>),4.498
65,No human capital,Government spending (G<sub>t</sub>),4.498
66,No human capital,Government spending (G<sub>t</sub>),4.498
67,No human capital,Government spending (G<sub>t</sub>),4.498
68,No human capital,Government spending (G<sub>t</sub>),4.498
69,No human capital,Government spending (G<sub>t</sub>),4.498
70,No human capital,Government spending (G<sub>t</sub>),4.498
71,No human capital,Government spending (G<sub>t</sub>),4.498
72,No human capital,Government spending (G<sub>t</sub>),4.498
73,No human capital,Government spending (G<sub>t</sub>),4.498
74,No human capital,Government spending (G<sub>t</sub>),4.498
75,No human capital,Government spending (G<sub>t</sub>),4.498
76,No human capital,Government spending (G<sub>t</sub>),4.498
77,No human capital,Government spending (G<sub>t</sub>),4.498
78,No human capital,Government spending (G<sub>t</sub>),4.498
79,No human capital,Government spending (G<sub>t</sub>),4.498
80,No human capital,Government spending (G<sub>t</sub>),4.498
81,No human capital,Government spending (G<sub>t</sub>),4.498
82,No human capital,Government spending (G<sub>t</sub>),4.498
83,No human capital,Government spending (G<sub>t</sub>),4.498
84,No human capital,Government spending (G<sub>t</sub>),4.498
85,No human capital,Government spending (G<sub>t</sub>),4.498
86,No human capital,Government spending (G<sub>t</sub>),4.498
87,No human capital,Government spending (G<sub>t</sub>),4.498
88,No human capital,Government spending (G<sub>t</sub>),4.498
89,No human capital,Government spending (G<sub>t</sub>),4.498
90,No human capital,Government spending (G<sub>t</sub>),4.498
91,No human capital,Government spending (G<sub>t</sub>),4.498
92,No human capital,Government spending (G<sub>t</sub>),4.498
93,No human capital,Government spending (G<sub>t</sub>),4.498
94,No human capital,Government spending (G<sub>t</sub>),4.498
95,No human capital,Government spending (G<sub>t</sub>),4.498
96,No human capital,Government spending (G<sub>t</sub>),4.498
97,No human capital,Government spending (G<sub>t</sub>),4.498
98,No human capital,Government spending (G<sub>t</sub>),4.498
99,No human capital,Government spending (G<sub>t</sub>),4.498
100,No human capital,Government spending (G<sub>t</sub>),4.498
1,No public infrastructure,Government spending (G<sub>t</sub>),4.498
2,No public infrastructure,Government spending (G<sub>t</sub>),4.498
3,No public infrastructure,Government spending (G<sub>t</sub>),4.498
4,No public infrastructure,Government spending (G<sub>t</sub>),4.498
5,No public infrastructure,Government spending (G<sub>t</sub>),4.498
6,No public infrastructure,Government spending (G<sub>t</sub>),4.498
7,No public infrastructure,Government spending (G<sub>t</sub>),4.498
8,No public infrastructure,Government spending (G<sub>t</sub>),4.498
9,No public infrastructure,Government spending (G<sub>t</sub>),4.498
10,No public infrastructure,Government spending (G<sub>t</sub>),4.498
11,No public infrastructure,Government spending (G<sub>t</sub>),4.498
12,No public infrastructure,Government spending (G<sub>t</sub>),4.498
13,No public infrastructure,Government spending (G<sub>t</sub>),4.498
14,No public infrastructure,Government spending (G<sub>t</sub>),4.498
15,No public infrastructure,Government spending (G<sub>t</sub>),4.498
16,No public infrastructure,Government spending (G<sub>t</sub>),4.498
17,No public infrastructure,Government spending (G<sub>t</sub>),4.498
18,No public infrastructure,Government spending (G<sub>t</sub>),4.498
19,No public infrastructure,Government spending (G<sub>t</sub>),4.498
20,No public infrastructure,Government spending (G<sub>t</sub>),4.498
21,No public infrastructure,Government spending (G<sub>t</sub>),4.498
22,No public infrastructure,Government spending (G<sub>t</sub>),4.498
23,No public infrastructure,Government spending (G<sub>t</sub>),4.498
24,No public infrastructure,Government spending (G<sub>t</sub>),4.498
25,No public infrastructure,Government spending (G<sub>t</sub>),4.498
26,No public infrastructure,Government spending (G<sub>t</sub>),4.498
27,No public infrastructure,Government spending (G<sub>t</sub>),4.498
28,No public infrastructure,Government spending (G<sub>t</sub>),4.498
29,No public infrastructure,Government spending (G<sub>t</sub>),4.498
30,No public infrastructure,Government spending (G<sub>t</sub>),4.498
31,No public infrastructure,Government spending (G<sub>t</sub>),4.498
32,No public infrastructure,Government spending (G<sub>t</sub>),4.498
33,No public infrastructure,Government spending (G<sub>t</sub>),4.498
34,No public infrastructure,Government spending (G<sub>t</sub>),4.498
35,No public infrastructure,Government spending (G<sub>t</sub>),4.498
36,No public infrastructure,Government spending (G<sub>t</sub>),4.498
37,No public infrastructure,Government spending (G<sub>t</sub>),4.498
38,No public infrastructure,Government spending (G<sub>t</sub>),4.498
39,No public infrastructure,Government spending (G<sub>t</sub>),4.498
40,No public infrastructure,Government spending (G<sub>t</sub>),4.498
41,No public infrastructure,Government spending (G<sub>t</sub>),4.498
42,No public infrastructure,Government spending (G<sub>t</sub>),4.498
43,No public infrastructure,Government spending (G<sub>t</sub>),4.498
44,No public infrastructure,Government spending (G<sub>t</sub>),4.498
45,No public infrastructure,Government spending (G<sub>t</sub>),4.498
46,No public infrastructure,Government spending (G<sub>t</sub>),4.498
47,No public infrastructure,Government spending (G<sub>t</sub>),4.498
48,No public infrastructure,Government spending (G<sub>t</sub>),4.498
49,No public infrastructure,Government spending (G<sub>t</sub>),4.498
50,No public infrastructure,Government spending (G<sub>t</sub>),4.498
51,No public infrastructure,Government spending (G<sub>t</sub>),4.498
52,No public infrastructure,Government spending (G<sub>t</sub>),4.498
53,No public infrastructure,Government spending (G<sub>t</sub>),4.498
54,No public infrastructure,Government spending (G<sub>t</sub>),4.498
55,No public infrastructure,Government spending (G<sub>t</sub>),4.498
56,No public infrastructure,Government spending (G<sub>t</sub>),4.498
57,No public infrastructure,Government spending (G<sub>t</sub>),4.498
58,No public infrastructure,Government spending (G<sub>t</sub>),4.498
59,No public infrastructure,Government spending (G<sub>t</sub>),4.498
60,No public infrastructure,Government spending (G<sub>t</sub>),4.498
61,No public infrastructure,Government spending (G<sub>t</sub>),4.498
62,No public infrastructure,Government spending (G<sub>t</sub>),4.498
63,No public infrastructure,Government spending (G<sub>t</sub>),4.498
64,No public infrastructure,Government spending (G<sub>t</sub>),4.498
65,No public infrastructure,Government spending (G<sub>t</sub>),4.498
66,No public infrastructure,Government spending (G<sub>t</sub>),4.498
67,No public infrastructure,Government spending (G<sub>t</sub>),4.498
68,No public infrastructure,Government spending (G<sub>t</sub>),4.498
69,No public infrastructure,Government spending (G<sub>t</sub>),4.498
70,No public infrastructure,Government spending (G<sub>t</sub>),4.498
71,No public infrastructure,Government spending (G<sub>t</sub>),4.498
72,No public infrastructure,Government spending (G<sub>t</sub>),4.498
73,No public infrastructure,Government spending (G<sub>t</sub>),4.498
74,No public infrastructure,Government spending (G<sub>t</sub>),4.498
75,No public infrastructure,Government spending (G<sub>t</sub>),4.498
76,No public infrastructure,Government spending (G<sub>t</sub>),4.498
77,No public infrastructure,Government spending (G<sub>t</sub>),4.498
78,No public infrastructure,Government spending (G<sub>t</sub>),4.498
79,No public infrastructure,Government spending (G<sub>t</sub>),4.498
80,No public infrastructure,Government spending (G<sub>t</sub>),4.498
81,No public infrastructure,Government spending (G<sub>t</sub>),4.498
82,No public infrastructure,Government spending (G<sub>t</sub>),4.498
83,No public infrastructure,Government spending (G<sub>t</sub>),4.498
84,No public infrastructure,Government spending (G<sub>t</sub>),4.498
85,No public infrastructure,Government spending (G<sub>t</sub>),4.498
86,No public infrastructure,Government spending (G<sub>t</sub>),4.498
87,No public infrastructure,Government spending (G<sub>t</sub>),4.498
88,No public infrastructure,Government spending (G<sub>t</sub>),4.498
89,No public infrastructure,Government spending (G<sub>t</sub>),4.498
90,No public infrastructure,Government spending (G<sub>t</sub>),4.498
91,No public infrastructure,Government spending (G<sub>t</sub>),4.498
92,No public infrastructure,Government spending (G<sub>t</sub>),4.498
93,No public infrastructure,Government spending (G<sub>t</sub>),4.498
94,No public infrastructure,Government spending (G<sub>t</sub>),4.498
95,No public infrastructure,Government spending (G<sub>t</sub>),4.498
96,No public infrastructure,Government spending (G<sub>t</sub>),4.498
97,No public infrastructure,Government spending (G<sub>t</sub>),4.498
98,No public infrastructure,Government spending (G<sub>t</sub>),4.498
99,No public infrastructure,Government spending (G<sub>t</sub>),4.498
100,No public infrastructure,Government spending (G<sub>t</sub>),4.498
1,No private capital,Government spending (G<sub>t</sub>),4.498
2,No private capital,Government spending (G<sub>t</sub>),4.498
3,No private capital,Government spending (G<sub>t</sub>),4.498
4,No private capital,Government spending (G<sub>t</sub>),4.498
5,No private capital,Government spending (G<sub>t</sub>),4.498
6,No private capital,Government spending (G<sub>t</sub>),4.498
7,No private capital,Government spending (G<sub>t</sub>),4.498
8,No private capital,Government spending (G<sub>t</sub>),4.498
9,No private capital,Government spending (G<sub>t</sub>),4.498
10,No private capital,Government spending (G<sub>t</sub>),4.498
11,No private capital,Government spending (G<sub>t</sub>),4.498
12,No private capital,Government spending (G<sub>t</sub>),4.498
13,No private capital,Government spending (G<sub>t</sub>),4.498
14,No private capital,Government spending (G<sub>t</sub>),4.498
15,No private capital,Government spending (G<sub>t</sub>),4.498
16,No private capital,Government spending (G<sub>t</sub>),4.498
17,No private capital,Government spending (G<sub>t</sub>),4.498
18,No private capital,Government spending (G<sub>t</sub>),4.498
19,No private capital,Government spending (G<sub>t</sub>),4.498
20,No private capital,Government spending (G<sub>t</sub>),4.498
21,No private capital,Government spending (G<sub>t</sub>),4.498
22,No private capital,Government spending (G<sub>t</sub>),4.498
23,No private capital,Government spending (G<sub>t</sub>),4.498
24,No private capital,Government spending (G<sub>t</sub>),4.498
25,No private capital,Government spending (G<sub>t</sub>),4.498
26,No private capital,Government spending (G<sub>t</sub>),4.498
27,No private capital,Government spending (G<sub>t</sub>),4.498
28,No private capital,Government spending (G<sub>t</sub>),4.498
29,No private capital,Government spending (G<sub>t</sub>),4.498
30,No private capital,Government spending (G<sub>t</sub>),4.498
31,No private capital,Government spending (G<sub>t</sub>),4.498
32,No private capital,Government spending (G<sub>t</sub>),4.498
33,No private capital,Government spending (G<sub>t</sub>),4.498
34,No private capital,Government spending (G<sub>t</sub>),4.498
35,No private capital,Government spending (G<sub>t</sub>),4.498
36,No private capital,Government spending (G<sub>t</sub>),4.498
37,No private capital,Government spending (G<sub>t</sub>),4.498
38,No private capital,Government spending (G<sub>t</sub>),4.498
39,No private capital,Government spending (G<sub>t</sub>),4.498
40,No private capital,Government spending (G<sub>t</sub>),4.498
41,No private capital,Government spending (G<sub>t</sub>),4.498
42,No private capital,Government spending (G<sub>t</sub>),4.498
43,No private capital,Government spending (G<sub>t</sub>),4.498
44,No private capital,Government spending (G<sub>t</sub>),4.498
45,No private capital,Government spending (G<sub>t</sub>),4.498
46,No private capital,Government spending (G<sub>t</sub>),4.498
47,No private capital,Government spending (G<sub>t</sub>),4.498
48,No private capital,Government spending (G<sub>t</sub>),4.498
49,No private capital,Government spending (G<sub>t</sub>),4.498
50,No private capital,Government spending (G<sub>t</sub>),4.498
51,No private capital,Government spending (G<sub>t</sub>),4.498
52,No private capital,Government spending (G<sub>t</sub>),4.498
53,No private capital,Government spending (G<sub>t</sub>),4.498
54,No private capital,Government spending (G<sub>t</sub>),4.498
55,No private capital,Government spending (G<sub>t</sub>),4.498
56,No private capital,Government spending (G<sub>t</sub>),4.498
57,No private capital,Government spending (G<sub>t</sub>),4.498
58,No private capital,Government spending (G<sub>t</sub>),4.498
59,No private capital,Government spending (G<sub>t</sub>),4.498
60,No private capital,Government spending (G<sub>t</sub>),4.498
61,No private capital,Government spending (G<sub>t</sub>),4.498
62,No private capital,Government spending (G<sub>t</sub>),4.498
63,No private capital,Government spending (G<sub>t</sub>),4.498
64,No private capital,Government spending (G<sub>t</sub>),4.498
65,No private capital,Government spending (G<sub>t</sub>),4.498
66,No private capital,Government spending (G<sub>t</sub>),4.498
67,No private capital,Government spending (G<sub>t</sub>),4.498
68,No private capital,Government spending (G<sub>t</sub>),4.498
69,No private capital,Government spending (G<sub>t</sub>),4.498
70,No private capital,Government spending (G<sub>t</sub>),4.498
71,No private capital,Government spending (G<sub>t</sub>),4.498
72,No private capital,Government spending (G<sub>t</sub>),4.498
73,No private capital,Government spending (G<sub>t</sub>),4.498
74,No private capital,Government spending (G<sub>t</sub>),4.498
75,No private capital,Government spending (G<sub>t</sub>),4.498
76,No private capital,Government spending (G<sub>t</sub>),4.498
77,No private capital,Government spending (G<sub>t</sub>),4.498
78,No private capital,Government spending (G<sub>t</sub>),4.498
79,No private capital,Government spending (G<sub>t</sub>),4.498
80,No private capital,Government spending (G<sub>t</sub>),4.498
81,No private capital,Government spending (G<sub>t</sub>),4.498
82,No private capital,Government spending (G<sub>t</sub>),4.498
83,No private capital,Government spending (G<sub>t</sub>),4.498
84,No private capital,Government spending (G<sub>t</sub>),4.498
85,No private capital,Government spending (G<sub>t</sub>),4.498
86,No private capital,Government spending (G<sub>t</sub>),4.498
87,No private capital,Government spending (G<sub>t</sub>),4.498
88,No private capital,Government spending (G<sub>t</sub>),4.498
89,No private capital,Government spending (G<sub>t</sub>),4.498
90,No private capital,Government spending (G<sub>t</sub>),4.498
91,No private capital,Government spending (G<sub>t</sub>),4.498
92,No private capital,Government spending (G<sub>t</sub>),4.498
93,No private capital,Government spending (G<sub>t</sub>),4.498
94,No private capital,Government spending (G<sub>t</sub>),4.498
95,No private capital,Government spending (G<sub>t</sub>),4.498
96,No private capital,Government spending (G<sub>t</sub>),4.498
97,No private capital,Government spending (G<sub>t</sub>),4.498
98,No private capital,Government spending (G<sub>t</sub>),4.498
99,No private capital,Government spending (G<sub>t</sub>),4.498
100,No private capital,Government spending (G<sub>t</sub>),4.498
1,No indexation,Government spending (G<sub>t</sub>),4.498
2,No indexation,Government spending (G<sub>t</sub>),4.498
3,No indexation,Government spending (G<sub>t</sub>),4.498
4,No indexation,Government spending (G<sub>t</sub>),4.498
5,No indexation,Government spending (G<sub>t</sub>),4.498
6,No indexation,Government spending (G<sub>t</sub>),4.498
7,No indexation,Government spending (G<sub>t</sub>),4.498
8,No indexation,Government spending (G<sub>t</sub>),4.498
9,No indexation,Government spending (G<sub>t</sub>),4.498
10,No indexation,Government spending (G<sub>t</sub>),4.498
11,No indexation,Government spending (G<sub>t</sub>),4.498
12,No indexation,Government spending (G<sub>t</sub>),4.498
13,No indexation,Government spending (G<sub>t</sub>),4.498
14,No indexation,Government spending (G<sub>t</sub>),4.498
15,No indexation,Government spending (G<sub>t</sub>),4.498
16,No indexation,Government spending (G<sub>t</sub>),4.498
17,No indexation,Government spending (G<sub>t</sub>),4.498
18,No indexation,Government spending (G<sub>t</sub>),4.498
19,No indexation,Government spending (G<sub>t</sub>),4.498
20,No indexation,Government spending (G<sub>t</sub>),4.498
21,No indexation,Government spending (G<sub>t</sub>),4.498
22,No indexation,Government spending (G<sub>t</sub>),4.498
23,No indexation,Government spending (G<sub>t</sub>),4.498
24,No indexation,Government spending (G<sub>t</sub>),4.498
25,No indexation,Government spending (G<sub>t</sub>),4.498
26,No indexation,Government spending (G<sub>t</sub>),4.498
27,No indexation,Government spending (G<sub>t</sub>),4.498
28,No indexation,Government spending (G<sub>t</sub>),4.498
29,No indexation,Government spending (G<sub>t</sub>),4.498
30,No indexation,Government spending (G<sub>t</sub>),4.498
31,No indexation,Government spending (G<sub>t</sub>),4.498
32,No indexation,Government spending (G<sub>t</sub>),4.498
33,No indexation,Government spending (G<sub>t</sub>),4.498
34,No indexation,Government spending (G<sub>t</sub>),4.498
35,No indexation,Government spending (G<sub>t</sub>),4.498
36,No indexation,Government spending (G<sub>t</sub>),4.498
37,No indexation,Government spending (G<sub>t</sub>),4.498
38,No indexation,Government spending (G<sub>t</sub>),4.498
39,No indexation,Government spending (G<sub>t</sub>),4.498
40,No indexation,Government spending (G<sub>t</sub>),4.498
41,No indexation,Government spending (G<sub>t</sub>),4.498
42,No indexation,Government spending (G<sub>t</sub>),4.498
43,No indexation,Government spending (G<sub>t</sub>),4.498
44,No indexation,Government spending (G<sub>t</sub>),4.498
45,No indexation,Government spending (G<sub>t</sub>),4.498
46,No indexation,Government spending (G<sub>t</sub>),4.498
47,No indexation,Government spending (G<sub>t</sub>),4.498
48,No indexation,Government spending (G<sub>t</sub>),4.498
49,No indexation,Government spending (G<sub>t</sub>),4.498
50,No indexation,Government spending (G<sub>t</sub>),4.498
51,No indexation,Government spending (G<sub>t</sub>),4.498
52,No indexation,Government spending (G<sub>t</sub>),4.498
53,No indexation,Government spending (G<sub>t</sub>),4.498
54,No indexation,Government spending (G<sub>t</sub>),4.498
55,No indexation,Government spending (G<sub>t</sub>),4.498
56,No indexation,Government spending (G<sub>t</sub>),4.498
57,No indexation,Government spending (G<sub>t</sub>),4.498
58,No indexation,Government spending (G<sub>t</sub>),4.498
59,No indexation,Government spending (G<sub>t</sub>),4.498
60,No indexation,Government spending (G<sub>t</sub>),4.498
61,No indexation,Government spending (G<sub>t</sub>),4.498
62,No indexation,Government spending (G<sub>t</sub>),4.498
63,No indexation,Government spending (G<sub>t</sub>),4.498
64,No indexation,Government spending (G<sub>t</sub>),4.498
65,No indexation,Government spending (G<sub>t</sub>),4.498
66,No indexation,Government spending (G<sub>t</sub>),4.498
67,No indexation,Government spending (G<sub>t</sub>),4.498
68,No indexation,Government spending (G<sub>t</sub>),4.498
69,No indexation,Government spending (G<sub>t</sub>),4.498
70,No indexation,Government spending (G<sub>t</sub>),4.498
71,No indexation,Government spending (G<sub>t</sub>),4.498
72,No indexation,Government spending (G<sub>t</sub>),4.498
73,No indexation,Government spending (G<sub>t</sub>),4.498
74,No indexation,Government spending (G<sub>t</sub>),4.498
75,No indexation,Government spending (G<sub>t</sub>),4.498
76,No indexation,Government spending (G<sub>t</sub>),4.498
77,No indexation,Government spending (G<sub>t</sub>),4.498
78,No indexation,Government spending (G<sub>t</sub>),4.498
79,No indexation,Government spending (G<sub>t</sub>),4.498
80,No indexation,Government spending (G<sub>t</sub>),4.498
81,No indexation,Government spending (G<sub>t</sub>),4.498
82,No indexation,Government spending (G<sub>t</sub>),4.498
83,No indexation,Government spending (G<sub>t</sub>),4.498
84,No indexation,Government spending (G<sub>t</sub>),4.498
85,No indexation,Government spending (G<sub>t</sub>),4.498
86,No indexation,Government spending (G<sub>t</sub>),4.498
87,No indexation,Government spending (G<sub>t</sub>),4.498
88,No indexation,Government spending (G<sub>t</sub>),4.498
89,No indexation,Government spending (G<sub>t</sub>),4.498
90,No indexation,Government spending (G<sub>t</sub>),4.498
91,No indexation,Government spending (G<sub>t</sub>),4.498
92,No indexation,Government spending (G<sub>t</sub>),4.498
93,No indexation,Government spending (G<sub>t</sub>),4.498
94,No indexation,Government spending (G<sub>t</sub>),4.498
95,No indexation,Government spending (G<sub>t</sub>),4.498
96,No indexation,Government spending (G<sub>t</sub>),4.498
97,No indexation,Government spending (G<sub>t</sub>),4.498
98,No indexation,Government spending (G<sub>t</sub>),4.498
99,No indexation,Government spending (G<sub>t</sub>),4.498
100,No indexation,Government spending (G<sub>t</sub>),4.498
1,No trend growth,Government spending (G<sub>t</sub>),4.498
2,No trend growth,Government spending (G<sub>t</sub>),4.498
3,No trend growth,Government spending (G<sub>t</sub>),4.498
4,No trend growth,Government spending (G<sub>t</sub>),4.498
5,No trend growth,Government spending (G<sub>t</sub>),4.498
6,No trend growth,Government spending (G<sub>t</sub>),4.498
7,No trend growth,Government spending (G<sub>t</sub>),4.498
8,No trend growth,Government spending (G<sub>t</sub>),4.498
9,No trend growth,Government spending (G<sub>t</sub>),4.498
10,No trend growth,Government spending (G<sub>t</sub>),4.498
11,No trend growth,Government spending (G<sub>t</sub>),4.498
12,No trend growth,Government spending (G<sub>t</sub>),4.498
13,No trend growth,Government spending (G<sub>t</sub>),4.498
14,No trend growth,Government spending (G<sub>t</sub>),4.498
15,No trend growth,Government spending (G<sub>t</sub>),4.498
16,No trend growth,Government spending (G<sub>t</sub>),4.498
17,No trend growth,Government spending (G<sub>t</sub>),4.498
18,No trend growth,Government spending (G<sub>t</sub>),4.498
19,No trend growth,Government spending (G<sub>t</sub>),4.498
20,No trend growth,Government spending (G<sub>t</sub>),4.498
21,No trend growth,Government spending (G<sub>t</sub>),4.498
22,No trend growth,Government spending (G<sub>t</sub>),4.498
23,No trend growth,Government spending (G<sub>t</sub>),4.498
24,No trend growth,Government spending (G<sub>t</sub>),4.498
25,No trend growth,Government spending (G<sub>t</sub>),4.498
26,No trend growth,Government spending (G<sub>t</sub>),4.498
27,No trend growth,Government spending (G<sub>t</sub>),4.498
28,No trend growth,Government spending (G<sub>t</sub>),4.498
29,No trend growth,Government spending (G<sub>t</sub>),4.498
30,No trend growth,Government spending (G<sub>t</sub>),4.498
31,No trend growth,Government spending (G<sub>t</sub>),4.498
32,No trend growth,Government spending (G<sub>t</sub>),4.498
33,No trend growth,Government spending (G<sub>t</sub>),4.498
34,No trend growth,Government spending (G<sub>t</sub>),4.498
35,No trend growth,Government spending (G<sub>t</sub>),4.498
36,No trend growth,Government spending (G<sub>t</sub>),4.498
37,No trend growth,Government spending (G<sub>t</sub>),4.498
38,No trend growth,Government spending (G<sub>t</sub>),4.498
39,No trend growth,Government spending (G<sub>t</sub>),4.498
40,No trend growth,Government spending (G<sub>t</sub>),4.498
41,No trend growth,Government spending (G<sub>t</sub>),4.498
42,No trend growth,Government spending (G<sub>t</sub>),4.498
43,No trend growth,Government spending (G<sub>t</sub>),4.498
44,No trend growth,Government spending (G<sub>t</sub>),4.498
45,No trend growth,Government spending (G<sub>t</sub>),4.498
46,No trend growth,Government spending (G<sub>t</sub>),4.498
47,No trend growth,Government spending (G<sub>t</sub>),4.498
48,No trend growth,Government spending (G<sub>t</sub>),4.498
49,No trend growth,Government spending (G<sub>t</sub>),4.498
50,No trend growth,Government spending (G<sub>t</sub>),4.498
51,No trend growth,Government spending (G<sub>t</sub>),4.498
52,No trend growth,Government spending (G<sub>t</sub>),4.498
53,No trend growth,Government spending (G<sub>t</sub>),4.498
54,No trend growth,Government spending (G<sub>t</sub>),4.498
55,No trend growth,Government spending (G<sub>t</sub>),4.498
56,No trend growth,Government spending (G<sub>t</sub>),4.498
57,No trend growth,Government spending (G<sub>t</sub>),4.498
58,No trend growth,Government spending (G<sub>t</sub>),4.498
59,No trend growth,Government spending (G<sub>t</sub>),4.498
60,No trend growth,Government spending (G<sub>t</sub>),4.498
61,No trend growth,Government spending (G<sub>t</sub>),4.498
62,No trend growth,Government spending (G<sub>t</sub>),4.498
63,No trend growth,Government spending (G<sub>t</sub>),4.498
64,No trend growth,Government spending (G<sub>t</sub>),4.498
65,No trend growth,Government spending (G<sub>t</sub>),4.498
66,No trend growth,Government spending (G<sub>t</sub>),4.498
67,No trend growth,Government spending (G<sub>t</sub>),4.498
68,No trend growth,Government spending (G<sub>t</sub>),4.498
69,No trend growth,Government spending (G<sub>t</sub>),4.498
70,No trend growth,Government spending (G<sub>t</sub>),4.498
71,No trend growth,Government spending (G<sub>t</sub>),4.498
72,No trend growth,Government spending (G<sub>t</sub>),4.498
73,No trend growth,Government spending (G<sub>t</sub>),4.498
74,No trend growth,Government spending (G<sub>t</sub>),4.498
75,No trend growth,Government spending (G<sub>t</sub>),4.498
76,No trend growth,Government spending (G<sub>t</sub>),4.498
77,No trend growth,Government spending (G<sub>t</sub>),4.498
78,No trend growth,Government spending (G<sub>t</sub>),4.498
79,No trend growth,Government spending (G<sub>t</sub>),4.498
80,No trend growth,Government spending (G<sub>t</sub>),4.498
81,No trend growth,Government spending (G<sub>t</sub>),4.498
82,No trend growth,Government spending (G<sub>t</sub>),4.498
83,No trend growth,Government spending (G<sub>t</sub>),4.498
84,No trend growth,Government spending (G<sub>t</sub>),4.498
85,No trend growth,Government spending (G<sub>t</sub>),4.498
86,No trend growth,Government spending (G<sub>t</sub>),4.498
87,No trend growth,Government spending (G<sub>t</sub>),4.498
88,No trend growth,Government spending (G<sub>t</sub>),4.498
89,No trend growth,Government spending (G<sub>t</sub>),4.498
90,No trend growth,Government spending (G<sub>t</sub>),4.498
91,No trend growth,Government spending (G<sub>t</sub>),4.498
92,No trend growth,Government spending (G<sub>t</sub>),4.498
93,No trend growth,Government spending (G<sub>t</sub>),4.498
94,No trend growth,Government spending (G<sub>t</sub>),4.498
95,No trend growth,Government spending (G<sub>t</sub>),4.498
96,No trend growth,Government spending (G<sub>t</sub>),4.498
97,No trend growth,Government spending (G<sub>t</sub>),4.498
98,No trend growth,Government spending (G<sub>t</sub>),4.498
99,No trend growth,Government spending (G<sub>t</sub>),4.498
100,No trend growth,Government spending (G<sub>t</sub>),4.498
1,Derived canonical NK,Government spending (G<sub>t</sub>),5.66
2,Derived canonical NK,Government spending (G<sub>t</sub>),5.66
3,Derived canonical NK,Government spending (G<sub>t</sub>),5.66
4,Derived canonical NK,Government spending (G<sub>t</sub>),5.66
5,Derived canonical NK,Government spending (G<sub>t</sub>),5.66
6,Derived canonical NK,Government spending (G<sub>t</sub>),5.66
7,Derived canonical NK,Government spending (G<sub>t</sub>),5.66
8,Derived canonical NK,Government spending (G<sub>t</sub>),5.66
9,Derived canonical NK,Government spending (G<sub>t</sub>),5.66
10,Derived canonical NK,Government spending (G<sub>t</sub>),5.66
11,Derived canonical NK,Government spending (G<sub>t</sub>),5.66
12,Derived canonical NK,Government spending (G<sub>t</sub>),5.66
13,Derived canonical NK,Government spending (G<sub>t</sub>),5.66
14,Derived canonical NK,Government spending (G<sub>t</sub>),5.66
15,Derived canonical NK,Government spending (G<sub>t</sub>),5.66
16,Derived canonical NK,Government spending (G<sub>t</sub>),5.66
17,Derived canonical NK,Government spending (G<sub>t</sub>),5.66
18,Derived canonical NK,Government spending (G<sub>t</sub>),5.66
19,Derived canonical NK,Government spending (G<sub>t</sub>),5.66
20,Derived canonical NK,Government spending (G<sub>t</sub>),5.66
21,Derived canonical NK,Government spending (G<sub>t</sub>),5.66
22,Derived canonical NK,Government spending (G<sub>t</sub>),5.66
23,Derived canonical NK,Government spending (G<sub>t</sub>),5.66
24,Derived canonical NK,Government spending (G<sub>t</sub>),5.66
25,Derived canonical NK,Government spending (G<sub>t</sub>),5.66
26,Derived canonical NK,Government spending (G<sub>t</sub>),5.66
27,Derived canonical NK,Government spending (G<sub>t</sub>),5.66
28,Derived canonical NK,Government spending (G<sub>t</sub>),5.66
29,Derived canonical NK,Government spending (G<sub>t</sub>),5.66
30,Derived canonical NK,Government spending (G<sub>t</sub>),5.66
31,Derived canonical NK,Government spending (G<sub>t</sub>),5.66
32,Derived canonical NK,Government spending (G<sub>t</sub>),5.66
33,Derived canonical NK,Government spending (G<sub>t</sub>),5.66
34,Derived canonical NK,Government spending (G<sub>t</sub>),5.66
35,Derived canonical NK,Government spending (G<sub>t</sub>),5.66
36,Derived canonical NK,Government spending (G<sub>t</sub>),5.66
37,Derived canonical NK,Government spending (G<sub>t</sub>),5.66
38,Derived canonical NK,Government spending (G<sub>t</sub>),5.66
39,Derived canonical NK,Government spending (G<sub>t</sub>),5.66
40,Derived canonical NK,Government spending (G<sub>t</sub>),5.66
41,Derived canonical NK,Government spending (G<sub>t</sub>),5.66
42,Derived canonical NK,Government spending (G<sub>t</sub>),5.66
43,Derived canonical NK,Government spending (G<sub>t</sub>),5.66
44,Derived canonical NK,Government spending (G<sub>t</sub>),5.66
45,Derived canonical NK,Government spending (G<sub>t</sub>),5.66
46,Derived canonical NK,Government spending (G<sub>t</sub>),5.66
47,Derived canonical NK,Government spending (G<sub>t</sub>),5.66
48,Derived canonical NK,Government spending (G<sub>t</sub>),5.66
49,Derived canonical NK,Government spending (G<sub>t</sub>),5.66
50,Derived canonical NK,Government spending (G<sub>t</sub>),5.66
51,Derived canonical NK,Government spending (G<sub>t</sub>),5.66
52,Derived canonical NK,Government spending (G<sub>t</sub>),5.66
53,Derived canonical NK,Government spending (G<sub>t</sub>),5.66
54,Derived canonical NK,Government spending (G<sub>t</sub>),5.66
55,Derived canonical NK,Government spending (G<sub>t</sub>),5.66
56,Derived canonical NK,Government spending (G<sub>t</sub>),5.66
57,Derived canonical NK,Government spending (G<sub>t</sub>),5.66
58,Derived canonical NK,Government spending (G<sub>t</sub>),5.66
59,Derived canonical NK,Government spending (G<sub>t</sub>),5.66
60,Derived canonical NK,Government spending (G<sub>t</sub>),5.66
61,Derived canonical NK,Government spending (G<sub>t</sub>),5.66
62,Derived canonical NK,Government spending (G<sub>t</sub>),5.66
63,Derived canonical NK,Government spending (G<sub>t</sub>),5.66
64,Derived canonical NK,Government spending (G<sub>t</sub>),5.66
65,Derived canonical NK,Government spending (G<sub>t</sub>),5.66
66,Derived canonical NK,Government spending (G<sub>t</sub>),5.66
67,Derived canonical NK,Government spending (G<sub>t</sub>),5.66
68,Derived canonical NK,Government spending (G<sub>t</sub>),5.66
69,Derived canonical NK,Government spending (G<sub>t</sub>),5.66
70,Derived canonical NK,Government spending (G<sub>t</sub>),5.66
71,Derived canonical NK,Government spending (G<sub>t</sub>),5.66
72,Derived canonical NK,Government spending (G<sub>t</sub>),5.66
73,Derived canonical NK,Government spending (G<sub>t</sub>),5.66
74,Derived canonical NK,Government spending (G<sub>t</sub>),5.66
75,Derived canonical NK,Government spending (G<sub>t</sub>),5.66
76,Derived canonical NK,Government spending (G<sub>t</sub>),5.66
77,Derived canonical NK,Government spending (G<sub>t</sub>),5.66
78,Derived canonical NK,Government spending (G<sub>t</sub>),5.66
79,Derived canonical NK,Government spending (G<sub>t</sub>),5.66
80,Derived canonical NK,Government spending (G<sub>t</sub>),5.66
81,Derived canonical NK,Government spending (G<sub>t</sub>),5.66
82,Derived canonical NK,Government spending (G<sub>t</sub>),5.66
83,Derived canonical NK,Government spending (G<sub>t</sub>),5.66
84,Derived canonical NK,Government spending (G<sub>t</sub>),5.66
85,Derived canonical NK,Government spending (G<sub>t</sub>),5.66
86,Derived canonical NK,Government spending (G<sub>t</sub>),5.66
87,Derived canonical NK,Government spending (G<sub>t</sub>),5.66
88,Derived canonical NK,Government spending (G<sub>t</sub>),5.66
89,Derived canonical NK,Government spending (G<sub>t</sub>),5.66
90,Derived canonical NK,Government spending (G<sub>t</sub>),5.66
91,Derived canonical NK,Government spending (G<sub>t</sub>),5.66
92,Derived canonical NK,Government spending (G<sub>t</sub>),5.66
93,Derived canonical NK,Government spending (G<sub>t</sub>),5.66
94,Derived canonical NK,Government spending (G<sub>t</sub>),5.66
95,Derived canonical NK,Government spending (G<sub>t</sub>),5.66
96,Derived canonical NK,Government spending (G<sub>t</sub>),5.66
97,Derived canonical NK,Government spending (G<sub>t</sub>),5.66
98,Derived canonical NK,Government spending (G<sub>t</sub>),5.66
99,Derived canonical NK,Government spending (G<sub>t</sub>),5.66
100,Derived canonical NK,Government spending (G<sub>t</sub>),5.66
1,Full model,Adopted technology (A<sub>t</sub>),0.003
2,Full model,Adopted technology (A<sub>t</sub>),0.005
3,Full model,Adopted technology (A<sub>t</sub>),0.008
4,Full model,Adopted technology (A<sub>t</sub>),0.01
5,Full model,Adopted technology (A<sub>t</sub>),0.013
6,Full model,Adopted technology (A<sub>t</sub>),0.015
7,Full model,Adopted technology (A<sub>t</sub>),0.018
8,Full model,Adopted technology (A<sub>t</sub>),0.021
9,Full model,Adopted technology (A<sub>t</sub>),0.024
10,Full model,Adopted technology (A<sub>t</sub>),0.027
11,Full model,Adopted technology (A<sub>t</sub>),0.03
12,Full model,Adopted technology (A<sub>t</sub>),0.034
13,Full model,Adopted technology (A<sub>t</sub>),0.037
14,Full model,Adopted technology (A<sub>t</sub>),0.04
15,Full model,Adopted technology (A<sub>t</sub>),0.044
16,Full model,Adopted technology (A<sub>t</sub>),0.047
17,Full model,Adopted technology (A<sub>t</sub>),0.051
18,Full model,Adopted technology (A<sub>t</sub>),0.055
19,Full model,Adopted technology (A<sub>t</sub>),0.059
20,Full model,Adopted technology (A<sub>t</sub>),0.062
21,Full model,Adopted technology (A<sub>t</sub>),0.066
22,Full model,Adopted technology (A<sub>t</sub>),0.07
23,Full model,Adopted technology (A<sub>t</sub>),0.074
24,Full model,Adopted technology (A<sub>t</sub>),0.079
25,Full model,Adopted technology (A<sub>t</sub>),0.083
26,Full model,Adopted technology (A<sub>t</sub>),0.087
27,Full model,Adopted technology (A<sub>t</sub>),0.091
28,Full model,Adopted technology (A<sub>t</sub>),0.095
29,Full model,Adopted technology (A<sub>t</sub>),0.1
30,Full model,Adopted technology (A<sub>t</sub>),0.104
31,Full model,Adopted technology (A<sub>t</sub>),0.108
32,Full model,Adopted technology (A<sub>t</sub>),0.113
33,Full model,Adopted technology (A<sub>t</sub>),0.117
34,Full model,Adopted technology (A<sub>t</sub>),0.121
35,Full model,Adopted technology (A<sub>t</sub>),0.126
36,Full model,Adopted technology (A<sub>t</sub>),0.13
37,Full model,Adopted technology (A<sub>t</sub>),0.135
38,Full model,Adopted technology (A<sub>t</sub>),0.139
39,Full model,Adopted technology (A<sub>t</sub>),0.144
40,Full model,Adopted technology (A<sub>t</sub>),0.148
41,Full model,Adopted technology (A<sub>t</sub>),0.152
42,Full model,Adopted technology (A<sub>t</sub>),0.157
43,Full model,Adopted technology (A<sub>t</sub>),0.161
44,Full model,Adopted technology (A<sub>t</sub>),0.166
45,Full model,Adopted technology (A<sub>t</sub>),0.17
46,Full model,Adopted technology (A<sub>t</sub>),0.175
47,Full model,Adopted technology (A<sub>t</sub>),0.179
48,Full model,Adopted technology (A<sub>t</sub>),0.183
49,Full model,Adopted technology (A<sub>t</sub>),0.188
50,Full model,Adopted technology (A<sub>t</sub>),0.192
51,Full model,Adopted technology (A<sub>t</sub>),0.196
52,Full model,Adopted technology (A<sub>t</sub>),0.201
53,Full model,Adopted technology (A<sub>t</sub>),0.205
54,Full model,Adopted technology (A<sub>t</sub>),0.209
55,Full model,Adopted technology (A<sub>t</sub>),0.213
56,Full model,Adopted technology (A<sub>t</sub>),0.218
57,Full model,Adopted technology (A<sub>t</sub>),0.222
58,Full model,Adopted technology (A<sub>t</sub>),0.226
59,Full model,Adopted technology (A<sub>t</sub>),0.23
60,Full model,Adopted technology (A<sub>t</sub>),0.234
61,Full model,Adopted technology (A<sub>t</sub>),0.238
62,Full model,Adopted technology (A<sub>t</sub>),0.242
63,Full model,Adopted technology (A<sub>t</sub>),0.247
64,Full model,Adopted technology (A<sub>t</sub>),0.251
65,Full model,Adopted technology (A<sub>t</sub>),0.255
66,Full model,Adopted technology (A<sub>t</sub>),0.258
67,Full model,Adopted technology (A<sub>t</sub>),0.262
68,Full model,Adopted technology (A<sub>t</sub>),0.266
69,Full model,Adopted technology (A<sub>t</sub>),0.27
70,Full model,Adopted technology (A<sub>t</sub>),0.274
71,Full model,Adopted technology (A<sub>t</sub>),0.278
72,Full model,Adopted technology (A<sub>t</sub>),0.282
73,Full model,Adopted technology (A<sub>t</sub>),0.285
74,Full model,Adopted technology (A<sub>t</sub>),0.289
75,Full model,Adopted technology (A<sub>t</sub>),0.293
76,Full model,Adopted technology (A<sub>t</sub>),0.296
77,Full model,Adopted technology (A<sub>t</sub>),0.3
78,Full model,Adopted technology (A<sub>t</sub>),0.304
79,Full model,Adopted technology (A<sub>t</sub>),0.307
80,Full model,Adopted technology (A<sub>t</sub>),0.311
81,Full model,Adopted technology (A<sub>t</sub>),0.314
82,Full model,Adopted technology (A<sub>t</sub>),0.318
83,Full model,Adopted technology (A<sub>t</sub>),0.321
84,Full model,Adopted technology (A<sub>t</sub>),0.324
85,Full model,Adopted technology (A<sub>t</sub>),0.328
86,Full model,Adopted technology (A<sub>t</sub>),0.331
87,Full model,Adopted technology (A<sub>t</sub>),0.334
88,Full model,Adopted technology (A<sub>t</sub>),0.338
89,Full model,Adopted technology (A<sub>t</sub>),0.341
90,Full model,Adopted technology (A<sub>t</sub>),0.344
91,Full model,Adopted technology (A<sub>t</sub>),0.347
92,Full model,Adopted technology (A<sub>t</sub>),0.35
93,Full model,Adopted technology (A<sub>t</sub>),0.353
94,Full model,Adopted technology (A<sub>t</sub>),0.356
95,Full model,Adopted technology (A<sub>t</sub>),0.359
96,Full model,Adopted technology (A<sub>t</sub>),0.362
97,Full model,Adopted technology (A<sub>t</sub>),0.365
98,Full model,Adopted technology (A<sub>t</sub>),0.368
99,Full model,Adopted technology (A<sub>t</sub>),0.371
100,Full model,Adopted technology (A<sub>t</sub>),0.374
1,No endogenous technology,Adopted technology (A<sub>t</sub>),0.0
2,No endogenous technology,Adopted technology (A<sub>t</sub>),0.0
3,No endogenous technology,Adopted technology (A<sub>t</sub>),0.0
4,No endogenous technology,Adopted technology (A<sub>t</sub>),0.0
5,No endogenous technology,Adopted technology (A<sub>t</sub>),0.0
6,No endogenous technology,Adopted technology (A<sub>t</sub>),0.0
7,No endogenous technology,Adopted technology (A<sub>t</sub>),0.0
8,No endogenous technology,Adopted technology (A<sub>t</sub>),0.0
9,No endogenous technology,Adopted technology (A<sub>t</sub>),0.0
10,No endogenous technology,Adopted technology (A<sub>t</sub>),0.0
11,No endogenous technology,Adopted technology (A<sub>t</sub>),0.0
12,No endogenous technology,Adopted technology (A<sub>t</sub>),0.0
13,No endogenous technology,Adopted technology (A<sub>t</sub>),0.0
14,No endogenous technology,Adopted technology (A<sub>t</sub>),0.0
15,No endogenous technology,Adopted technology (A<sub>t</sub>),0.0
16,No endogenous technology,Adopted technology (A<sub>t</sub>),0.0
17,No endogenous technology,Adopted technology (A<sub>t</sub>),0.0
18,No endogenous technology,Adopted technology (A<sub>t</sub>),0.0
19,No endogenous technology,Adopted technology (A<sub>t</sub>),0.0
20,No endogenous technology,Adopted technology (A<sub>t</sub>),0.0
21,No endogenous technology,Adopted technology (A<sub>t</sub>),0.0
22,No endogenous technology,Adopted technology (A<sub>t</sub>),0.0
23,No endogenous technology,Adopted technology (A<sub>t</sub>),0.0
24,No endogenous technology,Adopted technology (A<sub>t</sub>),0.0
25,No endogenous technology,Adopted technology (A<sub>t</sub>),0.0
26,No endogenous technology,Adopted technology (A<sub>t</sub>),0.0
27,No endogenous technology,Adopted technology (A<sub>t</sub>),0.0
28,No endogenous technology,Adopted technology (A<sub>t</sub>),0.0
29,No endogenous technology,Adopted technology (A<sub>t</sub>),0.0
30,No endogenous technology,Adopted technology (A<sub>t</sub>),0.0
31,No endogenous technology,Adopted technology (A<sub>t</sub>),0.0
32,No endogenous technology,Adopted technology (A<sub>t</sub>),0.0
33,No endogenous technology,Adopted technology (A<sub>t</sub>),0.0
34,No endogenous technology,Adopted technology (A<sub>t</sub>),0.0
35,No endogenous technology,Adopted technology (A<sub>t</sub>),0.0
36,No endogenous technology,Adopted technology (A<sub>t</sub>),0.0
37,No endogenous technology,Adopted technology (A<sub>t</sub>),0.0
38,No endogenous technology,Adopted technology (A<sub>t</sub>),0.0
39,No endogenous technology,Adopted technology (A<sub>t</sub>),0.0
40,No endogenous technology,Adopted technology (A<sub>t</sub>),0.0
41,No endogenous technology,Adopted technology (A<sub>t</sub>),0.0
42,No endogenous technology,Adopted technology (A<sub>t</sub>),0.0
43,No endogenous technology,Adopted technology (A<sub>t</sub>),0.0
44,No endogenous technology,Adopted technology (A<sub>t</sub>),0.0
45,No endogenous technology,Adopted technology (A<sub>t</sub>),0.0
46,No endogenous technology,Adopted technology (A<sub>t</sub>),0.0
47,No endogenous technology,Adopted technology (A<sub>t</sub>),0.0
48,No endogenous technology,Adopted technology (A<sub>t</sub>),0.0
49,No endogenous technology,Adopted technology (A<sub>t</sub>),0.0
50,No endogenous technology,Adopted technology (A<sub>t</sub>),0.0
51,No endogenous technology,Adopted technology (A<sub>t</sub>),0.0
52,No endogenous technology,Adopted technology (A<sub>t</sub>),0.0
53,No endogenous technology,Adopted technology (A<sub>t</sub>),0.0
54,No endogenous technology,Adopted technology (A<sub>t</sub>),0.0
55,No endogenous technology,Adopted technology (A<sub>t</sub>),0.0
56,No endogenous technology,Adopted technology (A<sub>t</sub>),0.0
57,No endogenous technology,Adopted technology (A<sub>t</sub>),0.0
58,No endogenous technology,Adopted technology (A<sub>t</sub>),0.0
59,No endogenous technology,Adopted technology (A<sub>t</sub>),0.0
60,No endogenous technology,Adopted technology (A<sub>t</sub>),0.0
61,No endogenous technology,Adopted technology (A<sub>t</sub>),0.0
62,No endogenous technology,Adopted technology (A<sub>t</sub>),0.0
63,No endogenous technology,Adopted technology (A<sub>t</sub>),0.0
64,No endogenous technology,Adopted technology (A<sub>t</sub>),0.0
65,No endogenous technology,Adopted technology (A<sub>t</sub>),0.0
66,No endogenous technology,Adopted technology (A<sub>t</sub>),0.0
67,No endogenous technology,Adopted technology (A<sub>t</sub>),0.0
68,No endogenous technology,Adopted technology (A<sub>t</sub>),0.0
69,No endogenous technology,Adopted technology (A<sub>t</sub>),0.0
70,No endogenous technology,Adopted technology (A<sub>t</sub>),0.0
71,No endogenous technology,Adopted technology (A<sub>t</sub>),0.0
72,No endogenous technology,Adopted technology (A<sub>t</sub>),0.0
73,No endogenous technology,Adopted technology (A<sub>t</sub>),0.0
74,No endogenous technology,Adopted technology (A<sub>t</sub>),0.0
75,No endogenous technology,Adopted technology (A<sub>t</sub>),0.0
76,No endogenous technology,Adopted technology (A<sub>t</sub>),0.0
77,No endogenous technology,Adopted technology (A<sub>t</sub>),0.0
78,No endogenous technology,Adopted technology (A<sub>t</sub>),0.0
79,No endogenous technology,Adopted technology (A<sub>t</sub>),0.0
80,No endogenous technology,Adopted technology (A<sub>t</sub>),0.0
81,No endogenous technology,Adopted technology (A<sub>t</sub>),0.0
82,No endogenous technology,Adopted technology (A<sub>t</sub>),0.0
83,No endogenous technology,Adopted technology (A<sub>t</sub>),0.0
84,No endogenous technology,Adopted technology (A<sub>t</sub>),0.0
85,No endogenous technology,Adopted technology (A<sub>t</sub>),0.0
86,No endogenous technology,Adopted technology (A<sub>t</sub>),0.0
87,No endogenous technology,Adopted technology (A<sub>t</sub>),0.0
88,No endogenous technology,Adopted technology (A<sub>t</sub>),0.0
89,No endogenous technology,Adopted technology (A<sub>t</sub>),0.0
90,No endogenous technology,Adopted technology (A<sub>t</sub>),0.0
91,No endogenous technology,Adopted technology (A<sub>t</sub>),0.0
92,No endogenous technology,Adopted technology (A<sub>t</sub>),0.0
93,No endogenous technology,Adopted technology (A<sub>t</sub>),0.0
94,No endogenous technology,Adopted technology (A<sub>t</sub>),0.0
95,No endogenous technology,Adopted technology (A<sub>t</sub>),0.0
96,No endogenous technology,Adopted technology (A<sub>t</sub>),0.0
97,No endogenous technology,Adopted technology (A<sub>t</sub>),0.0
98,No endogenous technology,Adopted technology (A<sub>t</sub>),0.0
99,No endogenous technology,Adopted technology (A<sub>t</sub>),0.0
100,No endogenous technology,Adopted technology (A<sub>t</sub>),0.0
1,No human capital,Adopted technology (A<sub>t</sub>),0.0
2,No human capital,Adopted technology (A<sub>t</sub>),0.0
3,No human capital,Adopted technology (A<sub>t</sub>),0.0
4,No human capital,Adopted technology (A<sub>t</sub>),0.0
5,No human capital,Adopted technology (A<sub>t</sub>),0.0
6,No human capital,Adopted technology (A<sub>t</sub>),0.0
7,No human capital,Adopted technology (A<sub>t</sub>),0.0
8,No human capital,Adopted technology (A<sub>t</sub>),0.0
9,No human capital,Adopted technology (A<sub>t</sub>),0.0
10,No human capital,Adopted technology (A<sub>t</sub>),0.0
11,No human capital,Adopted technology (A<sub>t</sub>),0.0
12,No human capital,Adopted technology (A<sub>t</sub>),0.0
13,No human capital,Adopted technology (A<sub>t</sub>),0.0
14,No human capital,Adopted technology (A<sub>t</sub>),0.0
15,No human capital,Adopted technology (A<sub>t</sub>),0.0
16,No human capital,Adopted technology (A<sub>t</sub>),0.0
17,No human capital,Adopted technology (A<sub>t</sub>),0.0
18,No human capital,Adopted technology (A<sub>t</sub>),0.0
19,No human capital,Adopted technology (A<sub>t</sub>),0.0
20,No human capital,Adopted technology (A<sub>t</sub>),0.0
21,No human capital,Adopted technology (A<sub>t</sub>),0.0
22,No human capital,Adopted technology (A<sub>t</sub>),0.0
23,No human capital,Adopted technology (A<sub>t</sub>),0.0
24,No human capital,Adopted technology (A<sub>t</sub>),0.0
25,No human capital,Adopted technology (A<sub>t</sub>),0.0
26,No human capital,Adopted technology (A<sub>t</sub>),0.0
27,No human capital,Adopted technology (A<sub>t</sub>),0.0
28,No human capital,Adopted technology (A<sub>t</sub>),0.0
29,No human capital,Adopted technology (A<sub>t</sub>),0.0
30,No human capital,Adopted technology (A<sub>t</sub>),0.0
31,No human capital,Adopted technology (A<sub>t</sub>),0.0
32,No human capital,Adopted technology (A<sub>t</sub>),0.0
33,No human capital,Adopted technology (A<sub>t</sub>),0.0
34,No human capital,Adopted technology (A<sub>t</sub>),0.0
35,No human capital,Adopted technology (A<sub>t</sub>),0.0
36,No human capital,Adopted technology (A<sub>t</sub>),0.0
37,No human capital,Adopted technology (A<sub>t</sub>),0.0
38,No human capital,Adopted technology (A<sub>t</sub>),0.0
39,No human capital,Adopted technology (A<sub>t</sub>),0.0
40,No human capital,Adopted technology (A<sub>t</sub>),0.0
41,No human capital,Adopted technology (A<sub>t</sub>),0.0
42,No human capital,Adopted technology (A<sub>t</sub>),0.0
43,No human capital,Adopted technology (A<sub>t</sub>),0.0
44,No human capital,Adopted technology (A<sub>t</sub>),0.0
45,No human capital,Adopted technology (A<sub>t</sub>),0.0
46,No human capital,Adopted technology (A<sub>t</sub>),0.0
47,No human capital,Adopted technology (A<sub>t</sub>),0.0
48,No human capital,Adopted technology (A<sub>t</sub>),0.0
49,No human capital,Adopted technology (A<sub>t</sub>),0.0
50,No human capital,Adopted technology (A<sub>t</sub>),0.0
51,No human capital,Adopted technology (A<sub>t</sub>),0.0
52,No human capital,Adopted technology (A<sub>t</sub>),0.0
53,No human capital,Adopted technology (A<sub>t</sub>),0.0
54,No human capital,Adopted technology (A<sub>t</sub>),0.0
55,No human capital,Adopted technology (A<sub>t</sub>),0.0
56,No human capital,Adopted technology (A<sub>t</sub>),0.0
57,No human capital,Adopted technology (A<sub>t</sub>),0.0
58,No human capital,Adopted technology (A<sub>t</sub>),0.0
59,No human capital,Adopted technology (A<sub>t</sub>),0.0
60,No human capital,Adopted technology (A<sub>t</sub>),0.0
61,No human capital,Adopted technology (A<sub>t</sub>),0.0
62,No human capital,Adopted technology (A<sub>t</sub>),0.0
63,No human capital,Adopted technology (A<sub>t</sub>),0.0
64,No human capital,Adopted technology (A<sub>t</sub>),0.0
65,No human capital,Adopted technology (A<sub>t</sub>),0.0
66,No human capital,Adopted technology (A<sub>t</sub>),0.0
67,No human capital,Adopted technology (A<sub>t</sub>),0.0
68,No human capital,Adopted technology (A<sub>t</sub>),0.0
69,No human capital,Adopted technology (A<sub>t</sub>),0.0
70,No human capital,Adopted technology (A<sub>t</sub>),0.0
71,No human capital,Adopted technology (A<sub>t</sub>),0.0
72,No human capital,Adopted technology (A<sub>t</sub>),0.0
73,No human capital,Adopted technology (A<sub>t</sub>),0.0
74,No human capital,Adopted technology (A<sub>t</sub>),0.0
75,No human capital,Adopted technology (A<sub>t</sub>),0.0
76,No human capital,Adopted technology (A<sub>t</sub>),0.0
77,No human capital,Adopted technology (A<sub>t</sub>),0.0
78,No human capital,Adopted technology (A<sub>t</sub>),0.0
79,No human capital,Adopted technology (A<sub>t</sub>),0.0
80,No human capital,Adopted technology (A<sub>t</sub>),0.0
81,No human capital,Adopted technology (A<sub>t</sub>),0.0
82,No human capital,Adopted technology (A<sub>t</sub>),0.0
83,No human capital,Adopted technology (A<sub>t</sub>),0.0
84,No human capital,Adopted technology (A<sub>t</sub>),0.0
85,No human capital,Adopted technology (A<sub>t</sub>),0.0
86,No human capital,Adopted technology (A<sub>t</sub>),0.0
87,No human capital,Adopted technology (A<sub>t</sub>),0.0
88,No human capital,Adopted technology (A<sub>t</sub>),0.0
89,No human capital,Adopted technology (A<sub>t</sub>),0.0
90,No human capital,Adopted technology (A<sub>t</sub>),0.0
91,No human capital,Adopted technology (A<sub>t</sub>),0.0
92,No human capital,Adopted technology (A<sub>t</sub>),0.0
93,No human capital,Adopted technology (A<sub>t</sub>),0.0
94,No human capital,Adopted technology (A<sub>t</sub>),0.0
95,No human capital,Adopted technology (A<sub>t</sub>),0.0
96,No human capital,Adopted technology (A<sub>t</sub>),0.0
97,No human capital,Adopted technology (A<sub>t</sub>),0.0
98,No human capital,Adopted technology (A<sub>t</sub>),0.0
99,No human capital,Adopted technology (A<sub>t</sub>),0.0
100,No human capital,Adopted technology (A<sub>t</sub>),0.0
1,No public infrastructure,Adopted technology (A<sub>t</sub>),0.0
2,No public infrastructure,Adopted technology (A<sub>t</sub>),0.0
3,No public infrastructure,Adopted technology (A<sub>t</sub>),0.0
4,No public infrastructure,Adopted technology (A<sub>t</sub>),0.0
5,No public infrastructure,Adopted technology (A<sub>t</sub>),0.0
6,No public infrastructure,Adopted technology (A<sub>t</sub>),0.0
7,No public infrastructure,Adopted technology (A<sub>t</sub>),0.0
8,No public infrastructure,Adopted technology (A<sub>t</sub>),0.0
9,No public infrastructure,Adopted technology (A<sub>t</sub>),0.0
10,No public infrastructure,Adopted technology (A<sub>t</sub>),0.0
11,No public infrastructure,Adopted technology (A<sub>t</sub>),0.0
12,No public infrastructure,Adopted technology (A<sub>t</sub>),0.0
13,No public infrastructure,Adopted technology (A<sub>t</sub>),0.0
14,No public infrastructure,Adopted technology (A<sub>t</sub>),0.0
15,No public infrastructure,Adopted technology (A<sub>t</sub>),0.0
16,No public infrastructure,Adopted technology (A<sub>t</sub>),0.0
17,No public infrastructure,Adopted technology (A<sub>t</sub>),0.0
18,No public infrastructure,Adopted technology (A<sub>t</sub>),0.0
19,No public infrastructure,Adopted technology (A<sub>t</sub>),0.0
20,No public infrastructure,Adopted technology (A<sub>t</sub>),0.0
21,No public infrastructure,Adopted technology (A<sub>t</sub>),0.0
22,No public infrastructure,Adopted technology (A<sub>t</sub>),0.0
23,No public infrastructure,Adopted technology (A<sub>t</sub>),0.0
24,No public infrastructure,Adopted technology (A<sub>t</sub>),0.0
25,No public infrastructure,Adopted technology (A<sub>t</sub>),0.0
26,No public infrastructure,Adopted technology (A<sub>t</sub>),0.0
27,No public infrastructure,Adopted technology (A<sub>t</sub>),0.0
28,No public infrastructure,Adopted technology (A<sub>t</sub>),0.0
29,No public infrastructure,Adopted technology (A<sub>t</sub>),0.0
30,No public infrastructure,Adopted technology (A<sub>t</sub>),0.0
31,No public infrastructure,Adopted technology (A<sub>t</sub>),0.0
32,No public infrastructure,Adopted technology (A<sub>t</sub>),0.0
33,No public infrastructure,Adopted technology (A<sub>t</sub>),0.0
34,No public infrastructure,Adopted technology (A<sub>t</sub>),0.0
35,No public infrastructure,Adopted technology (A<sub>t</sub>),0.0
36,No public infrastructure,Adopted technology (A<sub>t</sub>),0.0
37,No public infrastructure,Adopted technology (A<sub>t</sub>),0.0
38,No public infrastructure,Adopted technology (A<sub>t</sub>),0.0
39,No public infrastructure,Adopted technology (A<sub>t</sub>),0.0
40,No public infrastructure,Adopted technology (A<sub>t</sub>),0.0
41,No public infrastructure,Adopted technology (A<sub>t</sub>),0.0
42,No public infrastructure,Adopted technology (A<sub>t</sub>),0.0
43,No public infrastructure,Adopted technology (A<sub>t</sub>),0.0
44,No public infrastructure,Adopted technology (A<sub>t</sub>),0.0
45,No public infrastructure,Adopted technology (A<sub>t</sub>),0.0
46,No public infrastructure,Adopted technology (A<sub>t</sub>),0.0
47,No public infrastructure,Adopted technology (A<sub>t</sub>),0.0
48,No public infrastructure,Adopted technology (A<sub>t</sub>),0.0
49,No public infrastructure,Adopted technology (A<sub>t</sub>),0.0
50,No public infrastructure,Adopted technology (A<sub>t</sub>),0.0
51,No public infrastructure,Adopted technology (A<sub>t</sub>),0.0
52,No public infrastructure,Adopted technology (A<sub>t</sub>),0.0
53,No public infrastructure,Adopted technology (A<sub>t</sub>),0.0
54,No public infrastructure,Adopted technology (A<sub>t</sub>),0.0
55,No public infrastructure,Adopted technology (A<sub>t</sub>),0.0
56,No public infrastructure,Adopted technology (A<sub>t</sub>),0.0
57,No public infrastructure,Adopted technology (A<sub>t</sub>),0.0
58,No public infrastructure,Adopted technology (A<sub>t</sub>),0.0
59,No public infrastructure,Adopted technology (A<sub>t</sub>),0.0
60,No public infrastructure,Adopted technology (A<sub>t</sub>),0.0
61,No public infrastructure,Adopted technology (A<sub>t</sub>),0.0
62,No public infrastructure,Adopted technology (A<sub>t</sub>),0.0
63,No public infrastructure,Adopted technology (A<sub>t</sub>),0.0
64,No public infrastructure,Adopted technology (A<sub>t</sub>),0.0
65,No public infrastructure,Adopted technology (A<sub>t</sub>),0.0
66,No public infrastructure,Adopted technology (A<sub>t</sub>),0.0
67,No public infrastructure,Adopted technology (A<sub>t</sub>),0.0
68,No public infrastructure,Adopted technology (A<sub>t</sub>),0.0
69,No public infrastructure,Adopted technology (A<sub>t</sub>),0.0
70,No public infrastructure,Adopted technology (A<sub>t</sub>),0.0
71,No public infrastructure,Adopted technology (A<sub>t</sub>),0.0
72,No public infrastructure,Adopted technology (A<sub>t</sub>),0.0
73,No public infrastructure,Adopted technology (A<sub>t</sub>),0.0
74,No public infrastructure,Adopted technology (A<sub>t</sub>),0.0
75,No public infrastructure,Adopted technology (A<sub>t</sub>),0.0
76,No public infrastructure,Adopted technology (A<sub>t</sub>),0.0
77,No public infrastructure,Adopted technology (A<sub>t</sub>),0.0
78,No public infrastructure,Adopted technology (A<sub>t</sub>),0.0
79,No public infrastructure,Adopted technology (A<sub>t</sub>),0.0
80,No public infrastructure,Adopted technology (A<sub>t</sub>),0.0
81,No public infrastructure,Adopted technology (A<sub>t</sub>),0.0
82,No public infrastructure,Adopted technology (A<sub>t</sub>),0.0
83,No public infrastructure,Adopted technology (A<sub>t</sub>),0.0
84,No public infrastructure,Adopted technology (A<sub>t</sub>),0.0
85,No public infrastructure,Adopted technology (A<sub>t</sub>),0.0
86,No public infrastructure,Adopted technology (A<sub>t</sub>),0.0
87,No public infrastructure,Adopted technology (A<sub>t</sub>),0.0
88,No public infrastructure,Adopted technology (A<sub>t</sub>),0.0
89,No public infrastructure,Adopted technology (A<sub>t</sub>),0.0
90,No public infrastructure,Adopted technology (A<sub>t</sub>),0.0
91,No public infrastructure,Adopted technology (A<sub>t</sub>),0.0
92,No public infrastructure,Adopted technology (A<sub>t</sub>),0.0
93,No public infrastructure,Adopted technology (A<sub>t</sub>),0.0
94,No public infrastructure,Adopted technology (A<sub>t</sub>),0.0
95,No public infrastructure,Adopted technology (A<sub>t</sub>),0.0
96,No public infrastructure,Adopted technology (A<sub>t</sub>),0.0
97,No public infrastructure,Adopted technology (A<sub>t</sub>),0.0
98,No public infrastructure,Adopted technology (A<sub>t</sub>),0.0
99,No public infrastructure,Adopted technology (A<sub>t</sub>),0.0
100,No public infrastructure,Adopted technology (A<sub>t</sub>),0.0
1,No private capital,Adopted technology (A<sub>t</sub>),0.0
2,No private capital,Adopted technology (A<sub>t</sub>),0.0
3,No private capital,Adopted technology (A<sub>t</sub>),0.0
4,No private capital,Adopted technology (A<sub>t</sub>),0.0
5,No private capital,Adopted technology (A<sub>t</sub>),0.0
6,No private capital,Adopted technology (A<sub>t</sub>),0.0
7,No private capital,Adopted technology (A<sub>t</sub>),0.0
8,No private capital,Adopted technology (A<sub>t</sub>),0.0
9,No private capital,Adopted technology (A<sub>t</sub>),0.0
10,No private capital,Adopted technology (A<sub>t</sub>),0.0
11,No private capital,Adopted technology (A<sub>t</sub>),0.0
12,No private capital,Adopted technology (A<sub>t</sub>),0.0
13,No private capital,Adopted technology (A<sub>t</sub>),0.0
14,No private capital,Adopted technology (A<sub>t</sub>),0.0
15,No private capital,Adopted technology (A<sub>t</sub>),0.0
16,No private capital,Adopted technology (A<sub>t</sub>),0.0
17,No private capital,Adopted technology (A<sub>t</sub>),0.0
18,No private capital,Adopted technology (A<sub>t</sub>),0.0
19,No private capital,Adopted technology (A<sub>t</sub>),0.0
20,No private capital,Adopted technology (A<sub>t</sub>),0.0
21,No private capital,Adopted technology (A<sub>t</sub>),0.0
22,No private capital,Adopted technology (A<sub>t</sub>),0.0
23,No private capital,Adopted technology (A<sub>t</sub>),0.0
24,No private capital,Adopted technology (A<sub>t</sub>),0.0
25,No private capital,Adopted technology (A<sub>t</sub>),0.0
26,No private capital,Adopted technology (A<sub>t</sub>),0.0
27,No private capital,Adopted technology (A<sub>t</sub>),0.0
28,No private capital,Adopted technology (A<sub>t</sub>),0.0
29,No private capital,Adopted technology (A<sub>t</sub>),0.0
30,No private capital,Adopted technology (A<sub>t</sub>),0.0
31,No private capital,Adopted technology (A<sub>t</sub>),0.0
32,No private capital,Adopted technology (A<sub>t</sub>),0.0
33,No private capital,Adopted technology (A<sub>t</sub>),0.0
34,No private capital,Adopted technology (A<sub>t</sub>),0.0
35,No private capital,Adopted technology (A<sub>t</sub>),0.0
36,No private capital,Adopted technology (A<sub>t</sub>),0.0
37,No private capital,Adopted technology (A<sub>t</sub>),0.0
38,No private capital,Adopted technology (A<sub>t</sub>),0.0
39,No private capital,Adopted technology (A<sub>t</sub>),0.0
40,No private capital,Adopted technology (A<sub>t</sub>),0.0
41,No private capital,Adopted technology (A<sub>t</sub>),0.0
42,No private capital,Adopted technology (A<sub>t</sub>),0.0
43,No private capital,Adopted technology (A<sub>t</sub>),0.0
44,No private capital,Adopted technology (A<sub>t</sub>),0.0
45,No private capital,Adopted technology (A<sub>t</sub>),0.0
46,No private capital,Adopted technology (A<sub>t</sub>),0.0
47,No private capital,Adopted technology (A<sub>t</sub>),0.0
48,No private capital,Adopted technology (A<sub>t</sub>),0.0
49,No private capital,Adopted technology (A<sub>t</sub>),0.0
50,No private capital,Adopted technology (A<sub>t</sub>),0.0
51,No private capital,Adopted technology (A<sub>t</sub>),0.0
52,No private capital,Adopted technology (A<sub>t</sub>),0.0
53,No private capital,Adopted technology (A<sub>t</sub>),0.0
54,No private capital,Adopted technology (A<sub>t</sub>),0.0
55,No private capital,Adopted technology (A<sub>t</sub>),0.0
56,No private capital,Adopted technology (A<sub>t</sub>),0.0
57,No private capital,Adopted technology (A<sub>t</sub>),0.0
58,No private capital,Adopted technology (A<sub>t</sub>),0.0
59,No private capital,Adopted technology (A<sub>t</sub>),0.0
60,No private capital,Adopted technology (A<sub>t</sub>),0.0
61,No private capital,Adopted technology (A<sub>t</sub>),0.0
62,No private capital,Adopted technology (A<sub>t</sub>),0.0
63,No private capital,Adopted technology (A<sub>t</sub>),0.0
64,No private capital,Adopted technology (A<sub>t</sub>),0.0
65,No private capital,Adopted technology (A<sub>t</sub>),0.0
66,No private capital,Adopted technology (A<sub>t</sub>),0.0
67,No private capital,Adopted technology (A<sub>t</sub>),0.0
68,No private capital,Adopted technology (A<sub>t</sub>),0.0
69,No private capital,Adopted technology (A<sub>t</sub>),0.0
70,No private capital,Adopted technology (A<sub>t</sub>),0.0
71,No private capital,Adopted technology (A<sub>t</sub>),0.0
72,No private capital,Adopted technology (A<sub>t</sub>),0.0
73,No private capital,Adopted technology (A<sub>t</sub>),0.0
74,No private capital,Adopted technology (A<sub>t</sub>),0.0
75,No private capital,Adopted technology (A<sub>t</sub>),0.0
76,No private capital,Adopted technology (A<sub>t</sub>),0.0
77,No private capital,Adopted technology (A<sub>t</sub>),0.0
78,No private capital,Adopted technology (A<sub>t</sub>),0.0
79,No private capital,Adopted technology (A<sub>t</sub>),0.0
80,No private capital,Adopted technology (A<sub>t</sub>),0.0
81,No private capital,Adopted technology (A<sub>t</sub>),0.0
82,No private capital,Adopted technology (A<sub>t</sub>),0.0
83,No private capital,Adopted technology (A<sub>t</sub>),0.0
84,No private capital,Adopted technology (A<sub>t</sub>),0.0
85,No private capital,Adopted technology (A<sub>t</sub>),0.0
86,No private capital,Adopted technology (A<sub>t</sub>),0.0
87,No private capital,Adopted technology (A<sub>t</sub>),0.0
88,No private capital,Adopted technology (A<sub>t</sub>),0.0
89,No private capital,Adopted technology (A<sub>t</sub>),0.0
90,No private capital,Adopted technology (A<sub>t</sub>),0.0
91,No private capital,Adopted technology (A<sub>t</sub>),0.0
92,No private capital,Adopted technology (A<sub>t</sub>),0.0
93,No private capital,Adopted technology (A<sub>t</sub>),0.0
94,No private capital,Adopted technology (A<sub>t</sub>),0.0
95,No private capital,Adopted technology (A<sub>t</sub>),0.0
96,No private capital,Adopted technology (A<sub>t</sub>),0.0
97,No private capital,Adopted technology (A<sub>t</sub>),0.0
98,No private capital,Adopted technology (A<sub>t</sub>),0.0
99,No private capital,Adopted technology (A<sub>t</sub>),0.0
100,No private capital,Adopted technology (A<sub>t</sub>),0.0
1,No indexation,Adopted technology (A<sub>t</sub>),0.0
2,No indexation,Adopted technology (A<sub>t</sub>),0.0
3,No indexation,Adopted technology (A<sub>t</sub>),0.0
4,No indexation,Adopted technology (A<sub>t</sub>),0.0
5,No indexation,Adopted technology (A<sub>t</sub>),0.0
6,No indexation,Adopted technology (A<sub>t</sub>),0.0
7,No indexation,Adopted technology (A<sub>t</sub>),0.0
8,No indexation,Adopted technology (A<sub>t</sub>),0.0
9,No indexation,Adopted technology (A<sub>t</sub>),0.0
10,No indexation,Adopted technology (A<sub>t</sub>),0.0
11,No indexation,Adopted technology (A<sub>t</sub>),0.0
12,No indexation,Adopted technology (A<sub>t</sub>),0.0
13,No indexation,Adopted technology (A<sub>t</sub>),0.0
14,No indexation,Adopted technology (A<sub>t</sub>),0.0
15,No indexation,Adopted technology (A<sub>t</sub>),0.0
16,No indexation,Adopted technology (A<sub>t</sub>),0.0
17,No indexation,Adopted technology (A<sub>t</sub>),0.0
18,No indexation,Adopted technology (A<sub>t</sub>),0.0
19,No indexation,Adopted technology (A<sub>t</sub>),0.0
20,No indexation,Adopted technology (A<sub>t</sub>),0.0
21,No indexation,Adopted technology (A<sub>t</sub>),0.0
22,No indexation,Adopted technology (A<sub>t</sub>),0.0
23,No indexation,Adopted technology (A<sub>t</sub>),0.0
24,No indexation,Adopted technology (A<sub>t</sub>),0.0
25,No indexation,Adopted technology (A<sub>t</sub>),0.0
26,No indexation,Adopted technology (A<sub>t</sub>),0.0
27,No indexation,Adopted technology (A<sub>t</sub>),0.0
28,No indexation,Adopted technology (A<sub>t</sub>),0.0
29,No indexation,Adopted technology (A<sub>t</sub>),0.0
30,No indexation,Adopted technology (A<sub>t</sub>),0.0
31,No indexation,Adopted technology (A<sub>t</sub>),0.0
32,No indexation,Adopted technology (A<sub>t</sub>),0.0
33,No indexation,Adopted technology (A<sub>t</sub>),0.0
34,No indexation,Adopted technology (A<sub>t</sub>),0.0
35,No indexation,Adopted technology (A<sub>t</sub>),0.0
36,No indexation,Adopted technology (A<sub>t</sub>),0.0
37,No indexation,Adopted technology (A<sub>t</sub>),0.0
38,No indexation,Adopted technology (A<sub>t</sub>),0.0
39,No indexation,Adopted technology (A<sub>t</sub>),0.0
40,No indexation,Adopted technology (A<sub>t</sub>),0.0
41,No indexation,Adopted technology (A<sub>t</sub>),0.0
42,No indexation,Adopted technology (A<sub>t</sub>),0.0
43,No indexation,Adopted technology (A<sub>t</sub>),0.0
44,No indexation,Adopted technology (A<sub>t</sub>),0.0
45,No indexation,Adopted technology (A<sub>t</sub>),0.0
46,No indexation,Adopted technology (A<sub>t</sub>),0.0
47,No indexation,Adopted technology (A<sub>t</sub>),0.0
48,No indexation,Adopted technology (A<sub>t</sub>),0.0
49,No indexation,Adopted technology (A<sub>t</sub>),0.0
50,No indexation,Adopted technology (A<sub>t</sub>),0.0
51,No indexation,Adopted technology (A<sub>t</sub>),0.0
52,No indexation,Adopted technology (A<sub>t</sub>),0.0
53,No indexation,Adopted technology (A<sub>t</sub>),0.0
54,No indexation,Adopted technology (A<sub>t</sub>),0.0
55,No indexation,Adopted technology (A<sub>t</sub>),0.0
56,No indexation,Adopted technology (A<sub>t</sub>),0.0
57,No indexation,Adopted technology (A<sub>t</sub>),0.0
58,No indexation,Adopted technology (A<sub>t</sub>),0.0
59,No indexation,Adopted technology (A<sub>t</sub>),0.0
60,No indexation,Adopted technology (A<sub>t</sub>),0.0
61,No indexation,Adopted technology (A<sub>t</sub>),0.0
62,No indexation,Adopted technology (A<sub>t</sub>),0.0
63,No indexation,Adopted technology (A<sub>t</sub>),0.0
64,No indexation,Adopted technology (A<sub>t</sub>),0.0
65,No indexation,Adopted technology (A<sub>t</sub>),0.0
66,No indexation,Adopted technology (A<sub>t</sub>),0.0
67,No indexation,Adopted technology (A<sub>t</sub>),0.0
68,No indexation,Adopted technology (A<sub>t</sub>),0.0
69,No indexation,Adopted technology (A<sub>t</sub>),0.0
70,No indexation,Adopted technology (A<sub>t</sub>),0.0
71,No indexation,Adopted technology (A<sub>t</sub>),0.0
72,No indexation,Adopted technology (A<sub>t</sub>),0.0
73,No indexation,Adopted technology (A<sub>t</sub>),0.0
74,No indexation,Adopted technology (A<sub>t</sub>),0.0
75,No indexation,Adopted technology (A<sub>t</sub>),0.0
76,No indexation,Adopted technology (A<sub>t</sub>),0.0
77,No indexation,Adopted technology (A<sub>t</sub>),0.0
78,No indexation,Adopted technology (A<sub>t</sub>),0.0
79,No indexation,Adopted technology (A<sub>t</sub>),0.0
80,No indexation,Adopted technology (A<sub>t</sub>),0.0
81,No indexation,Adopted technology (A<sub>t</sub>),0.0
82,No indexation,Adopted technology (A<sub>t</sub>),0.0
83,No indexation,Adopted technology (A<sub>t</sub>),0.0
84,No indexation,Adopted technology (A<sub>t</sub>),0.0
85,No indexation,Adopted technology (A<sub>t</sub>),0.0
86,No indexation,Adopted technology (A<sub>t</sub>),0.0
87,No indexation,Adopted technology (A<sub>t</sub>),0.0
88,No indexation,Adopted technology (A<sub>t</sub>),0.0
89,No indexation,Adopted technology (A<sub>t</sub>),0.0
90,No indexation,Adopted technology (A<sub>t</sub>),0.0
91,No indexation,Adopted technology (A<sub>t</sub>),0.0
92,No indexation,Adopted technology (A<sub>t</sub>),0.0
93,No indexation,Adopted technology (A<sub>t</sub>),0.0
94,No indexation,Adopted technology (A<sub>t</sub>),0.0
95,No indexation,Adopted technology (A<sub>t</sub>),0.0
96,No indexation,Adopted technology (A<sub>t</sub>),0.0
97,No indexation,Adopted technology (A<sub>t</sub>),0.0
98,No indexation,Adopted technology (A<sub>t</sub>),0.0
99,No indexation,Adopted technology (A<sub>t</sub>),0.0
100,No indexation,Adopted technology (A<sub>t</sub>),0.0
1,No trend growth,Adopted technology (A<sub>t</sub>),0.0
2,No trend growth,Adopted technology (A<sub>t</sub>),0.0
3,No trend growth,Adopted technology (A<sub>t</sub>),0.0
4,No trend growth,Adopted technology (A<sub>t</sub>),0.0
5,No trend growth,Adopted technology (A<sub>t</sub>),0.0
6,No trend growth,Adopted technology (A<sub>t</sub>),0.0
7,No trend growth,Adopted technology (A<sub>t</sub>),0.0
8,No trend growth,Adopted technology (A<sub>t</sub>),0.0
9,No trend growth,Adopted technology (A<sub>t</sub>),0.0
10,No trend growth,Adopted technology (A<sub>t</sub>),0.0
11,No trend growth,Adopted technology (A<sub>t</sub>),0.0
12,No trend growth,Adopted technology (A<sub>t</sub>),0.0
13,No trend growth,Adopted technology (A<sub>t</sub>),0.0
14,No trend growth,Adopted technology (A<sub>t</sub>),0.0
15,No trend growth,Adopted technology (A<sub>t</sub>),0.0
16,No trend growth,Adopted technology (A<sub>t</sub>),0.0
17,No trend growth,Adopted technology (A<sub>t</sub>),0.0
18,No trend growth,Adopted technology (A<sub>t</sub>),0.0
19,No trend growth,Adopted technology (A<sub>t</sub>),0.0
20,No trend growth,Adopted technology (A<sub>t</sub>),0.0
21,No trend growth,Adopted technology (A<sub>t</sub>),0.0
22,No trend growth,Adopted technology (A<sub>t</sub>),0.0
23,No trend growth,Adopted technology (A<sub>t</sub>),0.0
24,No trend growth,Adopted technology (A<sub>t</sub>),0.0
25,No trend growth,Adopted technology (A<sub>t</sub>),0.0
26,No trend growth,Adopted technology (A<sub>t</sub>),0.0
27,No trend growth,Adopted technology (A<sub>t</sub>),0.0
28,No trend growth,Adopted technology (A<sub>t</sub>),0.0
29,No trend growth,Adopted technology (A<sub>t</sub>),0.0
30,No trend growth,Adopted technology (A<sub>t</sub>),0.0
31,No trend growth,Adopted technology (A<sub>t</sub>),0.0
32,No trend growth,Adopted technology (A<sub>t</sub>),0.0
33,No trend growth,Adopted technology (A<sub>t</sub>),0.0
34,No trend growth,Adopted technology (A<sub>t</sub>),0.0
35,No trend growth,Adopted technology (A<sub>t</sub>),0.0
36,No trend growth,Adopted technology (A<sub>t</sub>),0.0
37,No trend growth,Adopted technology (A<sub>t</sub>),0.0
38,No trend growth,Adopted technology (A<sub>t</sub>),0.0
39,No trend growth,Adopted technology (A<sub>t</sub>),0.0
40,No trend growth,Adopted technology (A<sub>t</sub>),0.0
41,No trend growth,Adopted technology (A<sub>t</sub>),0.0
42,No trend growth,Adopted technology (A<sub>t</sub>),0.0
43,No trend growth,Adopted technology (A<sub>t</sub>),0.0
44,No trend growth,Adopted technology (A<sub>t</sub>),0.0
45,No trend growth,Adopted technology (A<sub>t</sub>),0.0
46,No trend growth,Adopted technology (A<sub>t</sub>),0.0
47,No trend growth,Adopted technology (A<sub>t</sub>),0.0
48,No trend growth,Adopted technology (A<sub>t</sub>),0.0
49,No trend growth,Adopted technology (A<sub>t</sub>),0.0
50,No trend growth,Adopted technology (A<sub>t</sub>),0.0
51,No trend growth,Adopted technology (A<sub>t</sub>),0.0
52,No trend growth,Adopted technology (A<sub>t</sub>),0.0
53,No trend growth,Adopted technology (A<sub>t</sub>),0.0
54,No trend growth,Adopted technology (A<sub>t</sub>),0.0
55,No trend growth,Adopted technology (A<sub>t</sub>),0.0
56,No trend growth,Adopted technology (A<sub>t</sub>),0.0
57,No trend growth,Adopted technology (A<sub>t</sub>),0.0
58,No trend growth,Adopted technology (A<sub>t</sub>),0.0
59,No trend growth,Adopted technology (A<sub>t</sub>),0.0
60,No trend growth,Adopted technology (A<sub>t</sub>),0.0
61,No trend growth,Adopted technology (A<sub>t</sub>),0.0
62,No trend growth,Adopted technology (A<sub>t</sub>),0.0
63,No trend growth,Adopted technology (A<sub>t</sub>),0.0
64,No trend growth,Adopted technology (A<sub>t</sub>),0.0
65,No trend growth,Adopted technology (A<sub>t</sub>),0.0
66,No trend growth,Adopted technology (A<sub>t</sub>),0.0
67,No trend growth,Adopted technology (A<sub>t</sub>),0.0
68,No trend growth,Adopted technology (A<sub>t</sub>),0.0
69,No trend growth,Adopted technology (A<sub>t</sub>),0.0
70,No trend growth,Adopted technology (A<sub>t</sub>),0.0
71,No trend growth,Adopted technology (A<sub>t</sub>),0.0
72,No trend growth,Adopted technology (A<sub>t</sub>),0.0
73,No trend growth,Adopted technology (A<sub>t</sub>),0.0
74,No trend growth,Adopted technology (A<sub>t</sub>),0.0
75,No trend growth,Adopted technology (A<sub>t</sub>),0.0
76,No trend growth,Adopted technology (A<sub>t</sub>),0.0
77,No trend growth,Adopted technology (A<sub>t</sub>),0.0
78,No trend growth,Adopted technology (A<sub>t</sub>),0.0
79,No trend growth,Adopted technology (A<sub>t</sub>),0.0
80,No trend growth,Adopted technology (A<sub>t</sub>),0.0
81,No trend growth,Adopted technology (A<sub>t</sub>),0.0
82,No trend growth,Adopted technology (A<sub>t</sub>),0.0
83,No trend growth,Adopted technology (A<sub>t</sub>),0.0
84,No trend growth,Adopted technology (A<sub>t</sub>),0.0
85,No trend growth,Adopted technology (A<sub>t</sub>),0.0
86,No trend growth,Adopted technology (A<sub>t</sub>),0.0
87,No trend growth,Adopted technology (A<sub>t</sub>),0.0
88,No trend growth,Adopted technology (A<sub>t</sub>),0.0
89,No trend growth,Adopted technology (A<sub>t</sub>),0.0
90,No trend growth,Adopted technology (A<sub>t</sub>),0.0
91,No trend growth,Adopted technology (A<sub>t</sub>),0.0
92,No trend growth,Adopted technology (A<sub>t</sub>),0.0
93,No trend growth,Adopted technology (A<sub>t</sub>),0.0
94,No trend growth,Adopted technology (A<sub>t</sub>),0.0
95,No trend growth,Adopted technology (A<sub>t</sub>),0.0
96,No trend growth,Adopted technology (A<sub>t</sub>),0.0
97,No trend growth,Adopted technology (A<sub>t</sub>),0.0
98,No trend growth,Adopted technology (A<sub>t</sub>),0.0
99,No trend growth,Adopted technology (A<sub>t</sub>),0.0
100,No trend growth,Adopted technology (A<sub>t</sub>),0.0
1,Derived canonical NK,Adopted technology (A<sub>t</sub>),0.0
2,Derived canonical NK,Adopted technology (A<sub>t</sub>),0.0
3,Derived canonical NK,Adopted technology (A<sub>t</sub>),0.0
4,Derived canonical NK,Adopted technology (A<sub>t</sub>),0.0
5,Derived canonical NK,Adopted technology (A<sub>t</sub>),0.0
6,Derived canonical NK,Adopted technology (A<sub>t</sub>),0.0
7,Derived canonical NK,Adopted technology (A<sub>t</sub>),0.0
8,Derived canonical NK,Adopted technology (A<sub>t</sub>),0.0
9,Derived canonical NK,Adopted technology (A<sub>t</sub>),0.0
10,Derived canonical NK,Adopted technology (A<sub>t</sub>),0.0
11,Derived canonical NK,Adopted technology (A<sub>t</sub>),0.0
12,Derived canonical NK,Adopted technology (A<sub>t</sub>),0.0
13,Derived canonical NK,Adopted technology (A<sub>t</sub>),0.0
14,Derived canonical NK,Adopted technology (A<sub>t</sub>),0.0
15,Derived canonical NK,Adopted technology (A<sub>t</sub>),0.0
16,Derived canonical NK,Adopted technology (A<sub>t</sub>),0.0
17,Derived canonical NK,Adopted technology (A<sub>t</sub>),0.0
18,Derived canonical NK,Adopted technology (A<sub>t</sub>),0.0
19,Derived canonical NK,Adopted technology (A<sub>t</sub>),0.0
20,Derived canonical NK,Adopted technology (A<sub>t</sub>),0.0
21,Derived canonical NK,Adopted technology (A<sub>t</sub>),0.0
22,Derived canonical NK,Adopted technology (A<sub>t</sub>),0.0
23,Derived canonical NK,Adopted technology (A<sub>t</sub>),0.0
24,Derived canonical NK,Adopted technology (A<sub>t</sub>),0.0
25,Derived canonical NK,Adopted technology (A<sub>t</sub>),0.0
26,Derived canonical NK,Adopted technology (A<sub>t</sub>),0.0
27,Derived canonical NK,Adopted technology (A<sub>t</sub>),0.0
28,Derived canonical NK,Adopted technology (A<sub>t</sub>),0.0
29,Derived canonical NK,Adopted technology (A<sub>t</sub>),0.0
30,Derived canonical NK,Adopted technology (A<sub>t</sub>),0.0
31,Derived canonical NK,Adopted technology (A<sub>t</sub>),0.0
32,Derived canonical NK,Adopted technology (A<sub>t</sub>),0.0
33,Derived canonical NK,Adopted technology (A<sub>t</sub>),0.0
34,Derived canonical NK,Adopted technology (A<sub>t</sub>),0.0
35,Derived canonical NK,Adopted technology (A<sub>t</sub>),0.0
36,Derived canonical NK,Adopted technology (A<sub>t</sub>),0.0
37,Derived canonical NK,Adopted technology (A<sub>t</sub>),0.0
38,Derived canonical NK,Adopted technology (A<sub>t</sub>),0.0
39,Derived canonical NK,Adopted technology (A<sub>t</sub>),0.0
40,Derived canonical NK,Adopted technology (A<sub>t</sub>),0.0
41,Derived canonical NK,Adopted technology (A<sub>t</sub>),0.0
42,Derived canonical NK,Adopted technology (A<sub>t</sub>),0.0
43,Derived canonical NK,Adopted technology (A<sub>t</sub>),0.0
44,Derived canonical NK,Adopted technology (A<sub>t</sub>),0.0
45,Derived canonical NK,Adopted technology (A<sub>t</sub>),0.0
46,Derived canonical NK,Adopted technology (A<sub>t</sub>),0.0
47,Derived canonical NK,Adopted technology (A<sub>t</sub>),0.0
48,Derived canonical NK,Adopted technology (A<sub>t</sub>),0.0
49,Derived canonical NK,Adopted technology (A<sub>t</sub>),0.0
50,Derived canonical NK,Adopted technology (A<sub>t</sub>),0.0
51,Derived canonical NK,Adopted technology (A<sub>t</sub>),0.0
52,Derived canonical NK,Adopted technology (A<sub>t</sub>),0.0
53,Derived canonical NK,Adopted technology (A<sub>t</sub>),0.0
54,Derived canonical NK,Adopted technology (A<sub>t</sub>),0.0
55,Derived canonical NK,Adopted technology (A<sub>t</sub>),0.0
56,Derived canonical NK,Adopted technology (A<sub>t</sub>),0.0
57,Derived canonical NK,Adopted technology (A<sub>t</sub>),0.0
58,Derived canonical NK,Adopted technology (A<sub>t</sub>),0.0
59,Derived canonical NK,Adopted technology (A<sub>t</sub>),0.0
60,Derived canonical NK,Adopted technology (A<sub>t</sub>),0.0
61,Derived canonical NK,Adopted technology (A<sub>t</sub>),0.0
62,Derived canonical NK,Adopted technology (A<sub>t</sub>),0.0
63,Derived canonical NK,Adopted technology (A<sub>t</sub>),0.0
64,Derived canonical NK,Adopted technology (A<sub>t</sub>),0.0
65,Derived canonical NK,Adopted technology (A<sub>t</sub>),0.0
66,Derived canonical NK,Adopted technology (A<sub>t</sub>),0.0
67,Derived canonical NK,Adopted technology (A<sub>t</sub>),0.0
68,Derived canonical NK,Adopted technology (A<sub>t</sub>),0.0
69,Derived canonical NK,Adopted technology (A<sub>t</sub>),0.0
70,Derived canonical NK,Adopted technology (A<sub>t</sub>),0.0
71,Derived canonical NK,Adopted technology (A<sub>t</sub>),0.0
72,Derived canonical NK,Adopted technology (A<sub>t</sub>),0.0
73,Derived canonical NK,Adopted technology (A<sub>t</sub>),0.0
74,Derived canonical NK,Adopted technology (A<sub>t</sub>),0.0
75,Derived canonical NK,Adopted technology (A<sub>t</sub>),0.0
76,Derived canonical NK,Adopted technology (A<sub>t</sub>),0.0
77,Derived canonical NK,Adopted technology (A<sub>t</sub>),0.0
78,Derived canonical NK,Adopted technology (A<sub>t</sub>),0.0
79,Derived canonical NK,Adopted technology (A<sub>t</sub>),0.0
80,Derived canonical NK,Adopted technology (A<sub>t</sub>),0.0
81,Derived canonical NK,Adopted technology (A<sub>t</sub>),0.0
82,Derived canonical NK,Adopted technology (A<sub>t</sub>),0.0
83,Derived canonical NK,Adopted technology (A<sub>t</sub>),0.0
84,Derived canonical NK,Adopted technology (A<sub>t</sub>),0.0
85,Derived canonical NK,Adopted technology (A<sub>t</sub>),0.0
86,Derived canonical NK,Adopted technology (A<sub>t</sub>),0.0
87,Derived canonical NK,Adopted technology (A<sub>t</sub>),0.0
88,Derived canonical NK,Adopted technology (A<sub>t</sub>),0.0
89,Derived canonical NK,Adopted technology (A<sub>t</sub>),0.0
90,Derived canonical NK,Adopted technology (A<sub>t</sub>),0.0
91,Derived canonical NK,Adopted technology (A<sub>t</sub>),0.0
92,Derived canonical NK,Adopted technology (A<sub>t</sub>),0.0
93,Derived canonical NK,Adopted technology (A<sub>t</sub>),0.0
94,Derived canonical NK,Adopted technology (A<sub>t</sub>),0.0
95,Derived canonical NK,Adopted technology (A<sub>t</sub>),0.0
96,Derived canonical NK,Adopted technology (A<sub>t</sub>),0.0
97,Derived canonical NK,Adopted technology (A<sub>t</sub>),0.0
98,Derived canonical NK,Adopted technology (A<sub>t</sub>),0.0
99,Derived canonical NK,Adopted technology (A<sub>t</sub>),0.0
100,Derived canonical NK,Adopted technology (A<sub>t</sub>),0.0
1,Full model,Public infrastructure (K<sup>GI</sup><sub>t</sub>),0.0
2,Full model,Public infrastructure (K<sup>GI</sup><sub>t</sub>),0.0
3,Full model,Public infrastructure (K<sup>GI</sup><sub>t</sub>),0.0
4,Full model,Public infrastructure (K<sup>GI</sup><sub>t</sub>),0.0
5,Full model,Public infrastructure (K<sup>GI</sup><sub>t</sub>),0.0
6,Full model,Public infrastructure (K<sup>GI</sup><sub>t</sub>),0.0
7,Full model,Public infrastructure (K<sup>GI</sup><sub>t</sub>),0.0
8,Full model,Public infrastructure (K<sup>GI</sup><sub>t</sub>),0.0
9,Full model,Public infrastructure (K<sup>GI</sup><sub>t</sub>),0.0
10,Full model,Public infrastructure (K<sup>GI</sup><sub>t</sub>),0.0
11,Full model,Public infrastructure (K<sup>GI</sup><sub>t</sub>),0.0
12,Full model,Public infrastructure (K<sup>GI</sup><sub>t</sub>),0.0
13,Full model,Public infrastructure (K<sup>GI</sup><sub>t</sub>),0.0
14,Full model,Public infrastructure (K<sup>GI</sup><sub>t</sub>),0.0
15,Full model,Public infrastructure (K<sup>GI</sup><sub>t</sub>),0.0
16,Full model,Public infrastructure (K<sup>GI</sup><sub>t</sub>),0.0
17,Full model,Public infrastructure (K<sup>GI</sup><sub>t</sub>),0.0
18,Full model,Public infrastructure (K<sup>GI</sup><sub>t</sub>),0.0
19,Full model,Public infrastructure (K<sup>GI</sup><sub>t</sub>),0.0
20,Full model,Public infrastructure (K<sup>GI</sup><sub>t</sub>),0.0
21,Full model,Public infrastructure (K<sup>GI</sup><sub>t</sub>),0.0
22,Full model,Public infrastructure (K<sup>GI</sup><sub>t</sub>),0.0
23,Full model,Public infrastructure (K<sup>GI</sup><sub>t</sub>),0.0
24,Full model,Public infrastructure (K<sup>GI</sup><sub>t</sub>),0.0
25,Full model,Public infrastructure (K<sup>GI</sup><sub>t</sub>),0.0
26,Full model,Public infrastructure (K<sup>GI</sup><sub>t</sub>),0.0
27,Full model,Public infrastructure (K<sup>GI</sup><sub>t</sub>),0.0
28,Full model,Public infrastructure (K<sup>GI</sup><sub>t</sub>),0.0
29,Full model,Public infrastructure (K<sup>GI</sup><sub>t</sub>),0.0
30,Full model,Public infrastructure (K<sup>GI</sup><sub>t</sub>),0.0
31,Full model,Public infrastructure (K<sup>GI</sup><sub>t</sub>),0.0
32,Full model,Public infrastructure (K<sup>GI</sup><sub>t</sub>),0.0
33,Full model,Public infrastructure (K<sup>GI</sup><sub>t</sub>),0.0
34,Full model,Public infrastructure (K<sup>GI</sup><sub>t</sub>),0.0
35,Full model,Public infrastructure (K<sup>GI</sup><sub>t</sub>),0.0
36,Full model,Public infrastructure (K<sup>GI</sup><sub>t</sub>),0.0
37,Full model,Public infrastructure (K<sup>GI</sup><sub>t</sub>),0.0
38,Full model,Public infrastructure (K<sup>GI</sup><sub>t</sub>),0.0
39,Full model,Public infrastructure (K<sup>GI</sup><sub>t</sub>),0.0
40,Full model,Public infrastructure (K<sup>GI</sup><sub>t</sub>),0.0
41,Full model,Public infrastructure (K<sup>GI</sup><sub>t</sub>),0.0
42,Full model,Public infrastructure (K<sup>GI</sup><sub>t</sub>),0.0
43,Full model,Public infrastructure (K<sup>GI</sup><sub>t</sub>),0.0
44,Full model,Public infrastructure (K<sup>GI</sup><sub>t</sub>),0.0
45,Full model,Public infrastructure (K<sup>GI</sup><sub>t</sub>),0.0
46,Full model,Public infrastructure (K<sup>GI</sup><sub>t</sub>),0.0
47,Full model,Public infrastructure (K<sup>GI</sup><sub>t</sub>),0.0
48,Full model,Public infrastructure (K<sup>GI</sup><sub>t</sub>),0.0
49,Full model,Public infrastructure (K<sup>GI</sup><sub>t</sub>),0.0
50,Full model,Public infrastructure (K<sup>GI</sup><sub>t</sub>),0.0
51,Full model,Public infrastructure (K<sup>GI</sup><sub>t</sub>),0.0
52,Full model,Public infrastructure (K<sup>GI</sup><sub>t</sub>),0.0
53,Full model,Public infrastructure (K<sup>GI</sup><sub>t</sub>),0.0
54,Full model,Public infrastructure (K<sup>GI</sup><sub>t</sub>),0.0
55,Full model,Public infrastructure (K<sup>GI</sup><sub>t</sub>),0.0
56,Full model,Public infrastructure (K<sup>GI</sup><sub>t</sub>),0.0
57,Full model,Public infrastructure (K<sup>GI</sup><sub>t</sub>),0.0
58,Full model,Public infrastructure (K<sup>GI</sup><sub>t</sub>),0.0
59,Full model,Public infrastructure (K<sup>GI</sup><sub>t</sub>),0.0
60,Full model,Public infrastructure (K<sup>GI</sup><sub>t</sub>),0.0
61,Full model,Public infrastructure (K<sup>GI</sup><sub>t</sub>),0.0
62,Full model,Public infrastructure (K<sup>GI</sup><sub>t</sub>),0.0
63,Full model,Public infrastructure (K<sup>GI</sup><sub>t</sub>),0.0
64,Full model,Public infrastructure (K<sup>GI</sup><sub>t</sub>),0.0
65,Full model,Public infrastructure (K<sup>GI</sup><sub>t</sub>),0.0
66,Full model,Public infrastructure (K<sup>GI</sup><sub>t</sub>),0.0
67,Full model,Public infrastructure (K<sup>GI</sup><sub>t</sub>),0.0
68,Full model,Public infrastructure (K<sup>GI</sup><sub>t</sub>),0.0
69,Full model,Public infrastructure (K<sup>GI</sup><sub>t</sub>),0.0
70,Full model,Public infrastructure (K<sup>GI</sup><sub>t</sub>),0.0
71,Full model,Public infrastructure (K<sup>GI</sup><sub>t</sub>),0.0
72,Full model,Public infrastructure (K<sup>GI</sup><sub>t</sub>),0.0
73,Full model,Public infrastructure (K<sup>GI</sup><sub>t</sub>),0.0
74,Full model,Public infrastructure (K<sup>GI</sup><sub>t</sub>),0.0
75,Full model,Public infrastructure (K<sup>GI</sup><sub>t</sub>),0.0
76,Full model,Public infrastructure (K<sup>GI</sup><sub>t</sub>),0.0
77,Full model,Public infrastructure (K<sup>GI</sup><sub>t</sub>),0.0
78,Full model,Public infrastructure (K<sup>GI</sup><sub>t</sub>),0.0
79,Full model,Public infrastructure (K<sup>GI</sup><sub>t</sub>),0.0
80,Full model,Public infrastructure (K<sup>GI</sup><sub>t</sub>),0.0
81,Full model,Public infrastructure (K<sup>GI</sup><sub>t</sub>),0.0
82,Full model,Public infrastructure (K<sup>GI</sup><sub>t</sub>),0.0
83,Full model,Public infrastructure (K<sup>GI</sup><sub>t</sub>),0.0
84,Full model,Public infrastructure (K<sup>GI</sup><sub>t</sub>),0.0
85,Full model,Public infrastructure (K<sup>GI</sup><sub>t</sub>),0.0
86,Full model,Public infrastructure (K<sup>GI</sup><sub>t</sub>),0.0
87,Full model,Public infrastructure (K<sup>GI</sup><sub>t</sub>),0.0
88,Full model,Public infrastructure (K<sup>GI</sup><sub>t</sub>),0.0
89,Full model,Public infrastructure (K<sup>GI</sup><sub>t</sub>),0.0
90,Full model,Public infrastructure (K<sup>GI</sup><sub>t</sub>),0.0
91,Full model,Public infrastructure (K<sup>GI</sup><sub>t</sub>),0.0
92,Full model,Public infrastructure (K<sup>GI</sup><sub>t</sub>),0.0
93,Full model,Public infrastructure (K<sup>GI</sup><sub>t</sub>),0.0
94,Full model,Public infrastructure (K<sup>GI</sup><sub>t</sub>),0.0
95,Full model,Public infrastructure (K<sup>GI</sup><sub>t</sub>),0.0
96,Full model,Public infrastructure (K<sup>GI</sup><sub>t</sub>),0.0
97,Full model,Public infrastructure (K<sup>GI</sup><sub>t</sub>),0.0
98,Full model,Public infrastructure (K<sup>GI</sup><sub>t</sub>),0.0
99,Full model,Public infrastructure (K<sup>GI</sup><sub>t</sub>),0.0
100,Full model,Public infrastructure (K<sup>GI</sup><sub>t</sub>),0.0
1,No endogenous technology,Public infrastructure (K<sup>GI</sup><sub>t</sub>),0.0
2,No endogenous technology,Public infrastructure (K<sup>GI</sup><sub>t</sub>),0.0
3,No endogenous technology,Public infrastructure (K<sup>GI</sup><sub>t</sub>),0.0
4,No endogenous technology,Public infrastructure (K<sup>GI</sup><sub>t</sub>),0.0
5,No endogenous technology,Public infrastructure (K<sup>GI</sup><sub>t</sub>),0.0
6,No endogenous technology,Public infrastructure (K<sup>GI</sup><sub>t</sub>),0.0
7,No endogenous technology,Public infrastructure (K<sup>GI</sup><sub>t</sub>),0.0
8,No endogenous technology,Public infrastructure (K<sup>GI</sup><sub>t</sub>),0.0
9,No endogenous technology,Public infrastructure (K<sup>GI</sup><sub>t</sub>),0.0
10,No endogenous technology,Public infrastructure (K<sup>GI</sup><sub>t</sub>),0.0
11,No endogenous technology,Public infrastructure (K<sup>GI</sup><sub>t</sub>),0.0
12,No endogenous technology,Public infrastructure (K<sup>GI</sup><sub>t</sub>),0.0
13,No endogenous technology,Public infrastructure (K<sup>GI</sup><sub>t</sub>),0.0
14,No endogenous technology,Public infrastructure (K<sup>GI</sup><sub>t</sub>),0.0
15,No endogenous technology,Public infrastructure (K<sup>GI</sup><sub>t</sub>),0.0
16,No endogenous technology,Public infrastructure (K<sup>GI</sup><sub>t</sub>),0.0
17,No endogenous technology,Public infrastructure (K<sup>GI</sup><sub>t</sub>),0.0
18,No endogenous technology,Public infrastructure (K<sup>GI</sup><sub>t</sub>),0.0
19,No endogenous technology,Public infrastructure (K<sup>GI</sup><sub>t</sub>),0.0
20,No endogenous technology,Public infrastructure (K<sup>GI</sup><sub>t</sub>),0.0
21,No endogenous technology,Public infrastructure (K<sup>GI</sup><sub>t</sub>),0.0
22,No endogenous technology,Public infrastructure (K<sup>GI</sup><sub>t</sub>),0.0
23,No endogenous technology,Public infrastructure (K<sup>GI</sup><sub>t</sub>),0.0
24,No endogenous technology,Public infrastructure (K<sup>GI</sup><sub>t</sub>),0.0
25,No endogenous technology,Public infrastructure (K<sup>GI</sup><sub>t</sub>),0.0
26,No endogenous technology,Public infrastructure (K<sup>GI</sup><sub>t</sub>),0.0
27,No endogenous technology,Public infrastructure (K<sup>GI</sup><sub>t</sub>),0.0
28,No endogenous technology,Public infrastructure (K<sup>GI</sup><sub>t</sub>),0.0
29,No endogenous technology,Public infrastructure (K<sup>GI</sup><sub>t</sub>),0.0
30,No endogenous technology,Public infrastructure (K<sup>GI</sup><sub>t</sub>),0.0
31,No endogenous technology,Public infrastructure (K<sup>GI</sup><sub>t</sub>),0.0
32,No endogenous technology,Public infrastructure (K<sup>GI</sup><sub>t</sub>),0.0
33,No endogenous technology,Public infrastructure (K<sup>GI</sup><sub>t</sub>),0.0
34,No endogenous technology,Public infrastructure (K<sup>GI</sup><sub>t</sub>),0.0
35,No endogenous technology,Public infrastructure (K<sup>GI</sup><sub>t</sub>),0.0
36,No endogenous technology,Public infrastructure (K<sup>GI</sup><sub>t</sub>),0.0
37,No endogenous technology,Public infrastructure (K<sup>GI</sup><sub>t</sub>),0.0
38,No endogenous technology,Public infrastructure (K<sup>GI</sup><sub>t</sub>),0.0
39,No endogenous technology,Public infrastructure (K<sup>GI</sup><sub>t</sub>),0.0
40,No endogenous technology,Public infrastructure (K<sup>GI</sup><sub>t</sub>),0.0
41,No endogenous technology,Public infrastructure (K<sup>GI</sup><sub>t</sub>),0.0
42,No endogenous technology,Public infrastructure (K<sup>GI</sup><sub>t</sub>),0.0
43,No endogenous technology,Public infrastructure (K<sup>GI</sup><sub>t</sub>),0.0
44,No endogenous technology,Public infrastructure (K<sup>GI</sup><sub>t</sub>),0.0
45,No endogenous technology,Public infrastructure (K<sup>GI</sup><sub>t</sub>),0.0
46,No endogenous technology,Public infrastructure (K<sup>GI</sup><sub>t</sub>),0.0
47,No endogenous technology,Public infrastructure (K<sup>GI</sup><sub>t</sub>),0.0
48,No endogenous technology,Public infrastructure (K<sup>GI</sup><sub>t</sub>),0.0
49,No endogenous technology,Public infrastructure (K<sup>GI</sup><sub>t</sub>),0.0
50,No endogenous technology,Public infrastructure (K<sup>GI</sup><sub>t</sub>),0.0
51,No endogenous technology,Public infrastructure (K<sup>GI</sup><sub>t</sub>),0.0
52,No endogenous technology,Public infrastructure (K<sup>GI</sup><sub>t</sub>),0.0
53,No endogenous technology,Public infrastructure (K<sup>GI</sup><sub>t</sub>),0.0
54,No endogenous technology,Public infrastructure (K<sup>GI</sup><sub>t</sub>),0.0
55,No endogenous technology,Public infrastructure (K<sup>GI</sup><sub>t</sub>),0.0
56,No endogenous technology,Public infrastructure (K<sup>GI</sup><sub>t</sub>),0.0
57,No endogenous technology,Public infrastructure (K<sup>GI</sup><sub>t</sub>),0.0
58,No endogenous technology,Public infrastructure (K<sup>GI</sup><sub>t</sub>),0.0
59,No endogenous technology,Public infrastructure (K<sup>GI</sup><sub>t</sub>),0.0
60,No endogenous technology,Public infrastructure (K<sup>GI</sup><sub>t</sub>),0.0
61,No endogenous technology,Public infrastructure (K<sup>GI</sup><sub>t</sub>),0.0
62,No endogenous technology,Public infrastructure (K<sup>GI</sup><sub>t</sub>),0.0
63,No endogenous technology,Public infrastructure (K<sup>GI</sup><sub>t</sub>),0.0
64,No endogenous technology,Public infrastructure (K<sup>GI</sup><sub>t</sub>),0.0
65,No endogenous technology,Public infrastructure (K<sup>GI</sup><sub>t</sub>),0.0
66,No endogenous technology,Public infrastructure (K<sup>GI</sup><sub>t</sub>),0.0
67,No endogenous technology,Public infrastructure (K<sup>GI</sup><sub>t</sub>),0.0
68,No endogenous technology,Public infrastructure (K<sup>GI</sup><sub>t</sub>),0.0
69,No endogenous technology,Public infrastructure (K<sup>GI</sup><sub>t</sub>),0.0
70,No endogenous technology,Public infrastructure (K<sup>GI</sup><sub>t</sub>),0.0
71,No endogenous technology,Public infrastructure (K<sup>GI</sup><sub>t</sub>),0.0
72,No endogenous technology,Public infrastructure (K<sup>GI</sup><sub>t</sub>),0.0
73,No endogenous technology,Public infrastructure (K<sup>GI</sup><sub>t</sub>),0.0
74,No endogenous technology,Public infrastructure (K<sup>GI</sup><sub>t</sub>),0.0
75,No endogenous technology,Public infrastructure (K<sup>GI</sup><sub>t</sub>),0.0
76,No endogenous technology,Public infrastructure (K<sup>GI</sup><sub>t</sub>),0.0
77,No endogenous technology,Public infrastructure (K<sup>GI</sup><sub>t</sub>),0.0
78,No endogenous technology,Public infrastructure (K<sup>GI</sup><sub>t</sub>),0.0
79,No endogenous technology,Public infrastructure (K<sup>GI</sup><sub>t</sub>),0.0
80,No endogenous technology,Public infrastructure (K<sup>GI</sup><sub>t</sub>),0.0
81,No endogenous technology,Public infrastructure (K<sup>GI</sup><sub>t</sub>),0.0
82,No endogenous technology,Public infrastructure (K<sup>GI</sup><sub>t</sub>),0.0
83,No endogenous technology,Public infrastructure (K<sup>GI</sup><sub>t</sub>),0.0
84,No endogenous technology,Public infrastructure (K<sup>GI</sup><sub>t</sub>),0.0
85,No endogenous technology,Public infrastructure (K<sup>GI</sup><sub>t</sub>),0.0
86,No endogenous technology,Public infrastructure (K<sup>GI</sup><sub>t</sub>),0.0
87,No endogenous technology,Public infrastructure (K<sup>GI</sup><sub>t</sub>),0.0
88,No endogenous technology,Public infrastructure (K<sup>GI</sup><sub>t</sub>),0.0
89,No endogenous technology,Public infrastructure (K<sup>GI</sup><sub>t</sub>),0.0
90,No endogenous technology,Public infrastructure (K<sup>GI</sup><sub>t</sub>),0.0
91,No endogenous technology,Public infrastructure (K<sup>GI</sup><sub>t</sub>),0.0
92,No endogenous technology,Public infrastructure (K<sup>GI</sup><sub>t</sub>),0.0
93,No endogenous technology,Public infrastructure (K<sup>GI</sup><sub>t</sub>),0.0
94,No endogenous technology,Public infrastructure (K<sup>GI</sup><sub>t</sub>),0.0
95,No endogenous technology,Public infrastructure (K<sup>GI</sup><sub>t</sub>),0.0
96,No endogenous technology,Public infrastructure (K<sup>GI</sup><sub>t</sub>),0.0
97,No endogenous technology,Public infrastructure (K<sup>GI</sup><sub>t</sub>),0.0
98,No endogenous technology,Public infrastructure (K<sup>GI</sup><sub>t</sub>),0.0
99,No endogenous technology,Public infrastructure (K<sup>GI</sup><sub>t</sub>),0.0
100,No endogenous technology,Public infrastructure (K<sup>GI</sup><sub>t</sub>),0.0
1,No human capital,Public infrastructure (K<sup>GI</sup><sub>t</sub>),0.0
2,No human capital,Public infrastructure (K<sup>GI</sup><sub>t</sub>),0.0
3,No human capital,Public infrastructure (K<sup>GI</sup><sub>t</sub>),0.0
4,No human capital,Public infrastructure (K<sup>GI</sup><sub>t</sub>),0.0
5,No human capital,Public infrastructure (K<sup>GI</sup><sub>t</sub>),0.0
6,No human capital,Public infrastructure (K<sup>GI</sup><sub>t</sub>),0.0
7,No human capital,Public infrastructure (K<sup>GI</sup><sub>t</sub>),0.0
8,No human capital,Public infrastructure (K<sup>GI</sup><sub>t</sub>),0.0
9,No human capital,Public infrastructure (K<sup>GI</sup><sub>t</sub>),0.0
10,No human capital,Public infrastructure (K<sup>GI</sup><sub>t</sub>),0.0
11,No human capital,Public infrastructure (K<sup>GI</sup><sub>t</sub>),0.0
12,No human capital,Public infrastructure (K<sup>GI</sup><sub>t</sub>),0.0
13,No human capital,Public infrastructure (K<sup>GI</sup><sub>t</sub>),0.0
14,No human capital,Public infrastructure (K<sup>GI</sup><sub>t</sub>),0.0
15,No human capital,Public infrastructure (K<sup>GI</sup><sub>t</sub>),0.0
16,No human capital,Public infrastructure (K<sup>GI</sup><sub>t</sub>),0.0
17,No human capital,Public infrastructure (K<sup>GI</sup><sub>t</sub>),0.0
18,No human capital,Public infrastructure (K<sup>GI</sup><sub>t</sub>),0.0
19,No human capital,Public infrastructure (K<sup>GI</sup><sub>t</sub>),0.0
20,No human capital,Public infrastructure (K<sup>GI</sup><sub>t</sub>),0.0
21,No human capital,Public infrastructure (K<sup>GI</sup><sub>t</sub>),0.0
22,No human capital,Public infrastructure (K<sup>GI</sup><sub>t</sub>),0.0
23,No human capital,Public infrastructure (K<sup>GI</sup><sub>t</sub>),0.0
24,No human capital,Public infrastructure (K<sup>GI</sup><sub>t</sub>),0.0
25,No human capital,Public infrastructure (K<sup>GI</sup><sub>t</sub>),0.0
26,No human capital,Public infrastructure (K<sup>GI</sup><sub>t</sub>),0.0
27,No human capital,Public infrastructure (K<sup>GI</sup><sub>t</sub>),0.0
28,No human capital,Public infrastructure (K<sup>GI</sup><sub>t</sub>),0.0
29,No human capital,Public infrastructure (K<sup>GI</sup><sub>t</sub>),0.0
30,No human capital,Public infrastructure (K<sup>GI</sup><sub>t</sub>),0.0
31,No human capital,Public infrastructure (K<sup>GI</sup><sub>t</sub>),0.0
32,No human capital,Public infrastructure (K<sup>GI</sup><sub>t</sub>),0.0
33,No human capital,Public infrastructure (K<sup>GI</sup><sub>t</sub>),0.0
34,No human capital,Public infrastructure (K<sup>GI</sup><sub>t</sub>),0.0
35,No human capital,Public infrastructure (K<sup>GI</sup><sub>t</sub>),0.0
36,No human capital,Public infrastructure (K<sup>GI</sup><sub>t</sub>),0.0
37,No human capital,Public infrastructure (K<sup>GI</sup><sub>t</sub>),0.0
38,No human capital,Public infrastructure (K<sup>GI</sup><sub>t</sub>),0.0
39,No human capital,Public infrastructure (K<sup>GI</sup><sub>t</sub>),0.0
40,No human capital,Public infrastructure (K<sup>GI</sup><sub>t</sub>),0.0
41,No human capital,Public infrastructure (K<sup>GI</sup><sub>t</sub>),0.0
42,No human capital,Public infrastructure (K<sup>GI</sup><sub>t</sub>),0.0
43,No human capital,Public infrastructure (K<sup>GI</sup><sub>t</sub>),0.0
44,No human capital,Public infrastructure (K<sup>GI</sup><sub>t</sub>),0.0
45,No human capital,Public infrastructure (K<sup>GI</sup><sub>t</sub>),0.0
46,No human capital,Public infrastructure (K<sup>GI</sup><sub>t</sub>),0.0
47,No human capital,Public infrastructure (K<sup>GI</sup><sub>t</sub>),0.0
48,No human capital,Public infrastructure (K<sup>GI</sup><sub>t</sub>),0.0
49,No human capital,Public infrastructure (K<sup>GI</sup><sub>t</sub>),0.0
50,No human capital,Public infrastructure (K<sup>GI</sup><sub>t</sub>),0.0
51,No human capital,Public infrastructure (K<sup>GI</sup><sub>t</sub>),0.0
52,No human capital,Public infrastructure (K<sup>GI</sup><sub>t</sub>),0.0
53,No human capital,Public infrastructure (K<sup>GI</sup><sub>t</sub>),0.0
54,No human capital,Public infrastructure (K<sup>GI</sup><sub>t</sub>),0.0
55,No human capital,Public infrastructure (K<sup>GI</sup><sub>t</sub>),0.0
56,No human capital,Public infrastructure (K<sup>GI</sup><sub>t</sub>),0.0
57,No human capital,Public infrastructure (K<sup>GI</sup><sub>t</sub>),0.0
58,No human capital,Public infrastructure (K<sup>GI</sup><sub>t</sub>),0.0
59,No human capital,Public infrastructure (K<sup>GI</sup><sub>t</sub>),0.0
60,No human capital,Public infrastructure (K<sup>GI</sup><sub>t</sub>),0.0
61,No human capital,Public infrastructure (K<sup>GI</sup><sub>t</sub>),0.0
62,No human capital,Public infrastructure (K<sup>GI</sup><sub>t</sub>),0.0
63,No human capital,Public infrastructure (K<sup>GI</sup><sub>t</sub>),0.0
64,No human capital,Public infrastructure (K<sup>GI</sup><sub>t</sub>),0.0
65,No human capital,Public infrastructure (K<sup>GI</sup><sub>t</sub>),0.0
66,No human capital,Public infrastructure (K<sup>GI</sup><sub>t</sub>),0.0
67,No human capital,Public infrastructure (K<sup>GI</sup><sub>t</sub>),0.0
68,No human capital,Public infrastructure (K<sup>GI</sup><sub>t</sub>),0.0
69,No human capital,Public infrastructure (K<sup>GI</sup><sub>t</sub>),0.0
70,No human capital,Public infrastructure (K<sup>GI</sup><sub>t</sub>),0.0
71,No human capital,Public infrastructure (K<sup>GI</sup><sub>t</sub>),0.0
72,No human capital,Public infrastructure (K<sup>GI</sup><sub>t</sub>),0.0
73,No human capital,Public infrastructure (K<sup>GI</sup><sub>t</sub>),0.0
74,No human capital,Public infrastructure (K<sup>GI</sup><sub>t</sub>),0.0
75,No human capital,Public infrastructure (K<sup>GI</sup><sub>t</sub>),0.0
76,No human capital,Public infrastructure (K<sup>GI</sup><sub>t</sub>),0.0
77,No human capital,Public infrastructure (K<sup>GI</sup><sub>t</sub>),0.0
78,No human capital,Public infrastructure (K<sup>GI</sup><sub>t</sub>),0.0
79,No human capital,Public infrastructure (K<sup>GI</sup><sub>t</sub>),0.0
80,No human capital,Public infrastructure (K<sup>GI</sup><sub>t</sub>),0.0
81,No human capital,Public infrastructure (K<sup>GI</sup><sub>t</sub>),0.0
82,No human capital,Public infrastructure (K<sup>GI</sup><sub>t</sub>),0.0
83,No human capital,Public infrastructure (K<sup>GI</sup><sub>t</sub>),0.0
84,No human capital,Public infrastructure (K<sup>GI</sup><sub>t</sub>),0.0
85,No human capital,Public infrastructure (K<sup>GI</sup><sub>t</sub>),0.0
86,No human capital,Public infrastructure (K<sup>GI</sup><sub>t</sub>),0.0
87,No human capital,Public infrastructure (K<sup>GI</sup><sub>t</sub>),0.0
88,No human capital,Public infrastructure (K<sup>GI</sup><sub>t</sub>),0.0
89,No human capital,Public infrastructure (K<sup>GI</sup><sub>t</sub>),0.0
90,No human capital,Public infrastructure (K<sup>GI</sup><sub>t</sub>),0.0
91,No human capital,Public infrastructure (K<sup>GI</sup><sub>t</sub>),0.0
92,No human capital,Public infrastructure (K<sup>GI</sup><sub>t</sub>),0.0
93,No human capital,Public infrastructure (K<sup>GI</sup><sub>t</sub>),0.0
94,No human capital,Public infrastructure (K<sup>GI</sup><sub>t</sub>),0.0
95,No human capital,Public infrastructure (K<sup>GI</sup><sub>t</sub>),0.0
96,No human capital,Public infrastructure (K<sup>GI</sup><sub>t</sub>),0.0
97,No human capital,Public infrastructure (K<sup>GI</sup><sub>t</sub>),0.0
98,No human capital,Public infrastructure (K<sup>GI</sup><sub>t</sub>),0.0
99,No human capital,Public infrastructure (K<sup>GI</sup><sub>t</sub>),0.0
100,No human capital,Public infrastructure (K<sup>GI</sup><sub>t</sub>),0.0
1,No public infrastructure,Public infrastructure (K<sup>GI</sup><sub>t</sub>),0.0
2,No public infrastructure,Public infrastructure (K<sup>GI</sup><sub>t</sub>),0.0
3,No public infrastructure,Public infrastructure (K<sup>GI</sup><sub>t</sub>),0.0
4,No public infrastructure,Public infrastructure (K<sup>GI</sup><sub>t</sub>),0.0
5,No public infrastructure,Public infrastructure (K<sup>GI</sup><sub>t</sub>),0.0
6,No public infrastructure,Public infrastructure (K<sup>GI</sup><sub>t</sub>),0.0
7,No public infrastructure,Public infrastructure (K<sup>GI</sup><sub>t</sub>),0.0
8,No public infrastructure,Public infrastructure (K<sup>GI</sup><sub>t</sub>),0.0
9,No public infrastructure,Public infrastructure (K<sup>GI</sup><sub>t</sub>),0.0
10,No public infrastructure,Public infrastructure (K<sup>GI</sup><sub>t</sub>),0.0
11,No public infrastructure,Public infrastructure (K<sup>GI</sup><sub>t</sub>),0.0
12,No public infrastructure,Public infrastructure (K<sup>GI</sup><sub>t</sub>),0.0
13,No public infrastructure,Public infrastructure (K<sup>GI</sup><sub>t</sub>),0.0
14,No public infrastructure,Public infrastructure (K<sup>GI</sup><sub>t</sub>),0.0
15,No public infrastructure,Public infrastructure (K<sup>GI</sup><sub>t</sub>),0.0
16,No public infrastructure,Public infrastructure (K<sup>GI</sup><sub>t</sub>),0.0
17,No public infrastructure,Public infrastructure (K<sup>GI</sup><sub>t</sub>),0.0
18,No public infrastructure,Public infrastructure (K<sup>GI</sup><sub>t</sub>),0.0
19,No public infrastructure,Public infrastructure (K<sup>GI</sup><sub>t</sub>),0.0
20,No public infrastructure,Public infrastructure (K<sup>GI</sup><sub>t</sub>),0.0
21,No public infrastructure,Public infrastructure (K<sup>GI</sup><sub>t</sub>),0.0
22,No public infrastructure,Public infrastructure (K<sup>GI</sup><sub>t</sub>),0.0
23,No public infrastructure,Public infrastructure (K<sup>GI</sup><sub>t</sub>),0.0
24,No public infrastructure,Public infrastructure (K<sup>GI</sup><sub>t</sub>),0.0
25,No public infrastructure,Public infrastructure (K<sup>GI</sup><sub>t</sub>),0.0
26,No public infrastructure,Public infrastructure (K<sup>GI</sup><sub>t</sub>),0.0
27,No public infrastructure,Public infrastructure (K<sup>GI</sup><sub>t</sub>),0.0
28,No public infrastructure,Public infrastructure (K<sup>GI</sup><sub>t</sub>),0.0
29,No public infrastructure,Public infrastructure (K<sup>GI</sup><sub>t</sub>),0.0
30,No public infrastructure,Public infrastructure (K<sup>GI</sup><sub>t</sub>),0.0
31,No public infrastructure,Public infrastructure (K<sup>GI</sup><sub>t</sub>),0.0
32,No public infrastructure,Public infrastructure (K<sup>GI</sup><sub>t</sub>),0.0
33,No public infrastructure,Public infrastructure (K<sup>GI</sup><sub>t</sub>),0.0
34,No public infrastructure,Public infrastructure (K<sup>GI</sup><sub>t</sub>),0.0
35,No public infrastructure,Public infrastructure (K<sup>GI</sup><sub>t</sub>),0.0
36,No public infrastructure,Public infrastructure (K<sup>GI</sup><sub>t</sub>),0.0
37,No public infrastructure,Public infrastructure (K<sup>GI</sup><sub>t</sub>),0.0
38,No public infrastructure,Public infrastructure (K<sup>GI</sup><sub>t</sub>),0.0
39,No public infrastructure,Public infrastructure (K<sup>GI</sup><sub>t</sub>),0.0
40,No public infrastructure,Public infrastructure (K<sup>GI</sup><sub>t</sub>),0.0
41,No public infrastructure,Public infrastructure (K<sup>GI</sup><sub>t</sub>),0.0
42,No public infrastructure,Public infrastructure (K<sup>GI</sup><sub>t</sub>),0.0
43,No public infrastructure,Public infrastructure (K<sup>GI</sup><sub>t</sub>),0.0
44,No public infrastructure,Public infrastructure (K<sup>GI</sup><sub>t</sub>),0.0
45,No public infrastructure,Public infrastructure (K<sup>GI</sup><sub>t</sub>),0.0
46,No public infrastructure,Public infrastructure (K<sup>GI</sup><sub>t</sub>),0.0
47,No public infrastructure,Public infrastructure (K<sup>GI</sup><sub>t</sub>),0.0
48,No public infrastructure,Public infrastructure (K<sup>GI</sup><sub>t</sub>),0.0
49,No public infrastructure,Public infrastructure (K<sup>GI</sup><sub>t</sub>),0.0
50,No public infrastructure,Public infrastructure (K<sup>GI</sup><sub>t</sub>),0.0
51,No public infrastructure,Public infrastructure (K<sup>GI</sup><sub>t</sub>),0.0
52,No public infrastructure,Public infrastructure (K<sup>GI</sup><sub>t</sub>),0.0
53,No public infrastructure,Public infrastructure (K<sup>GI</sup><sub>t</sub>),0.0
54,No public infrastructure,Public infrastructure (K<sup>GI</sup><sub>t</sub>),0.0
55,No public infrastructure,Public infrastructure (K<sup>GI</sup><sub>t</sub>),0.0
56,No public infrastructure,Public infrastructure (K<sup>GI</sup><sub>t</sub>),0.0
57,No public infrastructure,Public infrastructure (K<sup>GI</sup><sub>t</sub>),0.0
58,No public infrastructure,Public infrastructure (K<sup>GI</sup><sub>t</sub>),0.0
59,No public infrastructure,Public infrastructure (K<sup>GI</sup><sub>t</sub>),0.0
60,No public infrastructure,Public infrastructure (K<sup>GI</sup><sub>t</sub>),0.0
61,No public infrastructure,Public infrastructure (K<sup>GI</sup><sub>t</sub>),0.0
62,No public infrastructure,Public infrastructure (K<sup>GI</sup><sub>t</sub>),0.0
63,No public infrastructure,Public infrastructure (K<sup>GI</sup><sub>t</sub>),0.0
64,No public infrastructure,Public infrastructure (K<sup>GI</sup><sub>t</sub>),0.0
65,No public infrastructure,Public infrastructure (K<sup>GI</sup><sub>t</sub>),0.0
66,No public infrastructure,Public infrastructure (K<sup>GI</sup><sub>t</sub>),0.0
67,No public infrastructure,Public infrastructure (K<sup>GI</sup><sub>t</sub>),0.0
68,No public infrastructure,Public infrastructure (K<sup>GI</sup><sub>t</sub>),0.0
69,No public infrastructure,Public infrastructure (K<sup>GI</sup><sub>t</sub>),0.0
70,No public infrastructure,Public infrastructure (K<sup>GI</sup><sub>t</sub>),0.0
71,No public infrastructure,Public infrastructure (K<sup>GI</sup><sub>t</sub>),0.0
72,No public infrastructure,Public infrastructure (K<sup>GI</sup><sub>t</sub>),0.0
73,No public infrastructure,Public infrastructure (K<sup>GI</sup><sub>t</sub>),0.0
74,No public infrastructure,Public infrastructure (K<sup>GI</sup><sub>t</sub>),0.0
75,No public infrastructure,Public infrastructure (K<sup>GI</sup><sub>t</sub>),0.0
76,No public infrastructure,Public infrastructure (K<sup>GI</sup><sub>t</sub>),0.0
77,No public infrastructure,Public infrastructure (K<sup>GI</sup><sub>t</sub>),0.0
78,No public infrastructure,Public infrastructure (K<sup>GI</sup><sub>t</sub>),0.0
79,No public infrastructure,Public infrastructure (K<sup>GI</sup><sub>t</sub>),0.0
80,No public infrastructure,Public infrastructure (K<sup>GI</sup><sub>t</sub>),0.0
81,No public infrastructure,Public infrastructure (K<sup>GI</sup><sub>t</sub>),0.0
82,No public infrastructure,Public infrastructure (K<sup>GI</sup><sub>t</sub>),0.0
83,No public infrastructure,Public infrastructure (K<sup>GI</sup><sub>t</sub>),0.0
84,No public infrastructure,Public infrastructure (K<sup>GI</sup><sub>t</sub>),0.0
85,No public infrastructure,Public infrastructure (K<sup>GI</sup><sub>t</sub>),0.0
86,No public infrastructure,Public infrastructure (K<sup>GI</sup><sub>t</sub>),0.0
87,No public infrastructure,Public infrastructure (K<sup>GI</sup><sub>t</sub>),0.0
88,No public infrastructure,Public infrastructure (K<sup>GI</sup><sub>t</sub>),0.0
89,No public infrastructure,Public infrastructure (K<sup>GI</sup><sub>t</sub>),0.0
90,No public infrastructure,Public infrastructure (K<sup>GI</sup><sub>t</sub>),0.0
91,No public infrastructure,Public infrastructure (K<sup>GI</sup><sub>t</sub>),0.0
92,No public infrastructure,Public infrastructure (K<sup>GI</sup><sub>t</sub>),0.0
93,No public infrastructure,Public infrastructure (K<sup>GI</sup><sub>t</sub>),0.0
94,No public infrastructure,Public infrastructure (K<sup>GI</sup><sub>t</sub>),0.0
95,No public infrastructure,Public infrastructure (K<sup>GI</sup><sub>t</sub>),0.0
96,No public infrastructure,Public infrastructure (K<sup>GI</sup><sub>t</sub>),0.0
97,No public infrastructure,Public infrastructure (K<sup>GI</sup><sub>t</sub>),0.0
98,No public infrastructure,Public infrastructure (K<sup>GI</sup><sub>t</sub>),0.0
99,No public infrastructure,Public infrastructure (K<sup>GI</sup><sub>t</sub>),0.0
100,No public infrastructure,Public infrastructure (K<sup>GI</sup><sub>t</sub>),0.0
1,No private capital,Public infrastructure (K<sup>GI</sup><sub>t</sub>),0.0
2,No private capital,Public infrastructure (K<sup>GI</sup><sub>t</sub>),0.0
3,No private capital,Public infrastructure (K<sup>GI</sup><sub>t</sub>),0.0
4,No private capital,Public infrastructure (K<sup>GI</sup><sub>t</sub>),0.0
5,No private capital,Public infrastructure (K<sup>GI</sup><sub>t</sub>),0.0
6,No private capital,Public infrastructure (K<sup>GI</sup><sub>t</sub>),0.0
7,No private capital,Public infrastructure (K<sup>GI</sup><sub>t</sub>),0.0
8,No private capital,Public infrastructure (K<sup>GI</sup><sub>t</sub>),0.0
9,No private capital,Public infrastructure (K<sup>GI</sup><sub>t</sub>),0.0
10,No private capital,Public infrastructure (K<sup>GI</sup><sub>t</sub>),0.0
11,No private capital,Public infrastructure (K<sup>GI</sup><sub>t</sub>),0.0
12,No private capital,Public infrastructure (K<sup>GI</sup><sub>t</sub>),0.0
13,No private capital,Public infrastructure (K<sup>GI</sup><sub>t</sub>),0.0
14,No private capital,Public infrastructure (K<sup>GI</sup><sub>t</sub>),0.0
15,No private capital,Public infrastructure (K<sup>GI</sup><sub>t</sub>),0.0
16,No private capital,Public infrastructure (K<sup>GI</sup><sub>t</sub>),0.0
17,No private capital,Public infrastructure (K<sup>GI</sup><sub>t</sub>),0.0
18,No private capital,Public infrastructure (K<sup>GI</sup><sub>t</sub>),0.0
19,No private capital,Public infrastructure (K<sup>GI</sup><sub>t</sub>),0.0
20,No private capital,Public infrastructure (K<sup>GI</sup><sub>t</sub>),0.0
21,No private capital,Public infrastructure (K<sup>GI</sup><sub>t</sub>),0.0
22,No private capital,Public infrastructure (K<sup>GI</sup><sub>t</sub>),0.0
23,No private capital,Public infrastructure (K<sup>GI</sup><sub>t</sub>),0.0
24,No private capital,Public infrastructure (K<sup>GI</sup><sub>t</sub>),0.0
25,No private capital,Public infrastructure (K<sup>GI</sup><sub>t</sub>),0.0
26,No private capital,Public infrastructure (K<sup>GI</sup><sub>t</sub>),0.0
27,No private capital,Public infrastructure (K<sup>GI</sup><sub>t</sub>),0.0
28,No private capital,Public infrastructure (K<sup>GI</sup><sub>t</sub>),0.0
29,No private capital,Public infrastructure (K<sup>GI</sup><sub>t</sub>),0.0
30,No private capital,Public infrastructure (K<sup>GI</sup><sub>t</sub>),0.0
31,No private capital,Public infrastructure (K<sup>GI</sup><sub>t</sub>),0.0
32,No private capital,Public infrastructure (K<sup>GI</sup><sub>t</sub>),0.0
33,No private capital,Public infrastructure (K<sup>GI</sup><sub>t</sub>),0.0
34,No private capital,Public infrastructure (K<sup>GI</sup><sub>t</sub>),0.0
35,No private capital,Public infrastructure (K<sup>GI</sup><sub>t</sub>),0.0
36,No private capital,Public infrastructure (K<sup>GI</sup><sub>t</sub>),0.0
37,No private capital,Public infrastructure (K<sup>GI</sup><sub>t</sub>),0.0
38,No private capital,Public infrastructure (K<sup>GI</sup><sub>t</sub>),0.0
39,No private capital,Public infrastructure (K<sup>GI</sup><sub>t</sub>),0.0
40,No private capital,Public infrastructure (K<sup>GI</sup><sub>t</sub>),0.0
41,No private capital,Public infrastructure (K<sup>GI</sup><sub>t</sub>),0.0
42,No private capital,Public infrastructure (K<sup>GI</sup><sub>t</sub>),0.0
43,No private capital,Public infrastructure (K<sup>GI</sup><sub>t</sub>),0.0
44,No private capital,Public infrastructure (K<sup>GI</sup><sub>t</sub>),0.0
45,No private capital,Public infrastructure (K<sup>GI</sup><sub>t</sub>),0.0
46,No private capital,Public infrastructure (K<sup>GI</sup><sub>t</sub>),0.0
47,No private capital,Public infrastructure (K<sup>GI</sup><sub>t</sub>),0.0
48,No private capital,Public infrastructure (K<sup>GI</sup><sub>t</sub>),0.0
49,No private capital,Public infrastructure (K<sup>GI</sup><sub>t</sub>),0.0
50,No private capital,Public infrastructure (K<sup>GI</sup><sub>t</sub>),0.0
51,No private capital,Public infrastructure (K<sup>GI</sup><sub>t</sub>),0.0
52,No private capital,Public infrastructure (K<sup>GI</sup><sub>t</sub>),0.0
53,No private capital,Public infrastructure (K<sup>GI</sup><sub>t</sub>),0.0
54,No private capital,Public infrastructure (K<sup>GI</sup><sub>t</sub>),0.0
55,No private capital,Public infrastructure (K<sup>GI</sup><sub>t</sub>),0.0
56,No private capital,Public infrastructure (K<sup>GI</sup><sub>t</sub>),0.0
57,No private capital,Public infrastructure (K<sup>GI</sup><sub>t</sub>),0.0
58,No private capital,Public infrastructure (K<sup>GI</sup><sub>t</sub>),0.0
59,No private capital,Public infrastructure (K<sup>GI</sup><sub>t</sub>),0.0
60,No private capital,Public infrastructure (K<sup>GI</sup><sub>t</sub>),0.0
61,No private capital,Public infrastructure (K<sup>GI</sup><sub>t</sub>),0.0
62,No private capital,Public infrastructure (K<sup>GI</sup><sub>t</sub>),0.0
63,No private capital,Public infrastructure (K<sup>GI</sup><sub>t</sub>),0.0
64,No private capital,Public infrastructure (K<sup>GI</sup><sub>t</sub>),0.0
65,No private capital,Public infrastructure (K<sup>GI</sup><sub>t</sub>),0.0
66,No private capital,Public infrastructure (K<sup>GI</sup><sub>t</sub>),0.0
67,No private capital,Public infrastructure (K<sup>GI</sup><sub>t</sub>),0.0
68,No private capital,Public infrastructure (K<sup>GI</sup><sub>t</sub>),0.0
69,No private capital,Public infrastructure (K<sup>GI</sup><sub>t</sub>),0.0
70,No private capital,Public infrastructure (K<sup>GI</sup><sub>t</sub>),0.0
71,No private capital,Public infrastructure (K<sup>GI</sup><sub>t</sub>),0.0
72,No private capital,Public infrastructure (K<sup>GI</sup><sub>t</sub>),0.0
73,No private capital,Public infrastructure (K<sup>GI</sup><sub>t</sub>),0.0
74,No private capital,Public infrastructure (K<sup>GI</sup><sub>t</sub>),0.0
75,No private capital,Public infrastructure (K<sup>GI</sup><sub>t</sub>),0.0
76,No private capital,Public infrastructure (K<sup>GI</sup><sub>t</sub>),0.0
77,No private capital,Public infrastructure (K<sup>GI</sup><sub>t</sub>),0.0
78,No private capital,Public infrastructure (K<sup>GI</sup><sub>t</sub>),0.0
79,No private capital,Public infrastructure (K<sup>GI</sup><sub>t</sub>),0.0
80,No private capital,Public infrastructure (K<sup>GI</sup><sub>t</sub>),0.0
81,No private capital,Public infrastructure (K<sup>GI</sup><sub>t</sub>),0.0
82,No private capital,Public infrastructure (K<sup>GI</sup><sub>t</sub>),0.0
83,No private capital,Public infrastructure (K<sup>GI</sup><sub>t</sub>),0.0
84,No private capital,Public infrastructure (K<sup>GI</sup><sub>t</sub>),0.0
85,No private capital,Public infrastructure (K<sup>GI</sup><sub>t</sub>),0.0
86,No private capital,Public infrastructure (K<sup>GI</sup><sub>t</sub>),0.0
87,No private capital,Public infrastructure (K<sup>GI</sup><sub>t</sub>),0.0
88,No private capital,Public infrastructure (K<sup>GI</sup><sub>t</sub>),0.0
89,No private capital,Public infrastructure (K<sup>GI</sup><sub>t</sub>),0.0
90,No private capital,Public infrastructure (K<sup>GI</sup><sub>t</sub>),0.0
91,No private capital,Public infrastructure (K<sup>GI</sup><sub>t</sub>),0.0
92,No private capital,Public infrastructure (K<sup>GI</sup><sub>t</sub>),0.0
93,No private capital,Public infrastructure (K<sup>GI</sup><sub>t</sub>),0.0
94,No private capital,Public infrastructure (K<sup>GI</sup><sub>t</sub>),0.0
95,No private capital,Public infrastructure (K<sup>GI</sup><sub>t</sub>),0.0
96,No private capital,Public infrastructure (K<sup>GI</sup><sub>t</sub>),0.0
97,No private capital,Public infrastructure (K<sup>GI</sup><sub>t</sub>),0.0
98,No private capital,Public infrastructure (K<sup>GI</sup><sub>t</sub>),0.0
99,No private capital,Public infrastructure (K<sup>GI</sup><sub>t</sub>),0.0
100,No private capital,Public infrastructure (K<sup>GI</sup><sub>t</sub>),0.0
1,No indexation,Public infrastructure (K<sup>GI</sup><sub>t</sub>),0.0
2,No indexation,Public infrastructure (K<sup>GI</sup><sub>t</sub>),0.0
3,No indexation,Public infrastructure (K<sup>GI</sup><sub>t</sub>),0.0
4,No indexation,Public infrastructure (K<sup>GI</sup><sub>t</sub>),0.0
5,No indexation,Public infrastructure (K<sup>GI</sup><sub>t</sub>),0.0
6,No indexation,Public infrastructure (K<sup>GI</sup><sub>t</sub>),0.0
7,No indexation,Public infrastructure (K<sup>GI</sup><sub>t</sub>),0.0
8,No indexation,Public infrastructure (K<sup>GI</sup><sub>t</sub>),0.0
9,No indexation,Public infrastructure (K<sup>GI</sup><sub>t</sub>),0.0
10,No indexation,Public infrastructure (K<sup>GI</sup><sub>t</sub>),0.0
11,No indexation,Public infrastructure (K<sup>GI</sup><sub>t</sub>),0.0
12,No indexation,Public infrastructure (K<sup>GI</sup><sub>t</sub>),0.0
13,No indexation,Public infrastructure (K<sup>GI</sup><sub>t</sub>),0.0
14,No indexation,Public infrastructure (K<sup>GI</sup><sub>t</sub>),0.0
15,No indexation,Public infrastructure (K<sup>GI</sup><sub>t</sub>),0.0
16,No indexation,Public infrastructure (K<sup>GI</sup><sub>t</sub>),0.0
17,No indexation,Public infrastructure (K<sup>GI</sup><sub>t</sub>),0.0
18,No indexation,Public infrastructure (K<sup>GI</sup><sub>t</sub>),0.0
19,No indexation,Public infrastructure (K<sup>GI</sup><sub>t</sub>),0.0
20,No indexation,Public infrastructure (K<sup>GI</sup><sub>t</sub>),0.0
21,No indexation,Public infrastructure (K<sup>GI</sup><sub>t</sub>),0.0
22,No indexation,Public infrastructure (K<sup>GI</sup><sub>t</sub>),0.0
23,No indexation,Public infrastructure (K<sup>GI</sup><sub>t</sub>),0.0
24,No indexation,Public infrastructure (K<sup>GI</sup><sub>t</sub>),0.0
25,No indexation,Public infrastructure (K<sup>GI</sup><sub>t</sub>),0.0
26,No indexation,Public infrastructure (K<sup>GI</sup><sub>t</sub>),0.0
27,No indexation,Public infrastructure (K<sup>GI</sup><sub>t</sub>),0.0
28,No indexation,Public infrastructure (K<sup>GI</sup><sub>t</sub>),0.0
29,No indexation,Public infrastructure (K<sup>GI</sup><sub>t</sub>),0.0
30,No indexation,Public infrastructure (K<sup>GI</sup><sub>t</sub>),0.0
31,No indexation,Public infrastructure (K<sup>GI</sup><sub>t</sub>),0.0
32,No indexation,Public infrastructure (K<sup>GI</sup><sub>t</sub>),0.0
33,No indexation,Public infrastructure (K<sup>GI</sup><sub>t</sub>),0.0
34,No indexation,Public infrastructure (K<sup>GI</sup><sub>t</sub>),0.0
35,No indexation,Public infrastructure (K<sup>GI</sup><sub>t</sub>),0.0
36,No indexation,Public infrastructure (K<sup>GI</sup><sub>t</sub>),0.0
37,No indexation,Public infrastructure (K<sup>GI</sup><sub>t</sub>),0.0
38,No indexation,Public infrastructure (K<sup>GI</sup><sub>t</sub>),0.0
39,No indexation,Public infrastructure (K<sup>GI</sup><sub>t</sub>),0.0
40,No indexation,Public infrastructure (K<sup>GI</sup><sub>t</sub>),0.0
41,No indexation,Public infrastructure (K<sup>GI</sup><sub>t</sub>),0.0
42,No indexation,Public infrastructure (K<sup>GI</sup><sub>t</sub>),0.0
43,No indexation,Public infrastructure (K<sup>GI</sup><sub>t</sub>),0.0
44,No indexation,Public infrastructure (K<sup>GI</sup><sub>t</sub>),0.0
45,No indexation,Public infrastructure (K<sup>GI</sup><sub>t</sub>),0.0
46,No indexation,Public infrastructure (K<sup>GI</sup><sub>t</sub>),0.0
47,No indexation,Public infrastructure (K<sup>GI</sup><sub>t</sub>),0.0
48,No indexation,Public infrastructure (K<sup>GI</sup><sub>t</sub>),0.0
49,No indexation,Public infrastructure (K<sup>GI</sup><sub>t</sub>),0.0
50,No indexation,Public infrastructure (K<sup>GI</sup><sub>t</sub>),0.0
51,No indexation,Public infrastructure (K<sup>GI</sup><sub>t</sub>),0.0
52,No indexation,Public infrastructure (K<sup>GI</sup><sub>t</sub>),0.0
53,No indexation,Public infrastructure (K<sup>GI</sup><sub>t</sub>),0.0
54,No indexation,Public infrastructure (K<sup>GI</sup><sub>t</sub>),0.0
55,No indexation,Public infrastructure (K<sup>GI</sup><sub>t</sub>),0.0
56,No indexation,Public infrastructure (K<sup>GI</sup><sub>t</sub>),0.0
57,No indexation,Public infrastructure (K<sup>GI</sup><sub>t</sub>),0.0
58,No indexation,Public infrastructure (K<sup>GI</sup><sub>t</sub>),0.0
59,No indexation,Public infrastructure (K<sup>GI</sup><sub>t</sub>),0.0
60,No indexation,Public infrastructure (K<sup>GI</sup><sub>t</sub>),0.0
61,No indexation,Public infrastructure (K<sup>GI</sup><sub>t</sub>),0.0
62,No indexation,Public infrastructure (K<sup>GI</sup><sub>t</sub>),0.0
63,No indexation,Public infrastructure (K<sup>GI</sup><sub>t</sub>),0.0
64,No indexation,Public infrastructure (K<sup>GI</sup><sub>t</sub>),0.0
65,No indexation,Public infrastructure (K<sup>GI</sup><sub>t</sub>),0.0
66,No indexation,Public infrastructure (K<sup>GI</sup><sub>t</sub>),0.0
67,No indexation,Public infrastructure (K<sup>GI</sup><sub>t</sub>),0.0
68,No indexation,Public infrastructure (K<sup>GI</sup><sub>t</sub>),0.0
69,No indexation,Public infrastructure (K<sup>GI</sup><sub>t</sub>),0.0
70,No indexation,Public infrastructure (K<sup>GI</sup><sub>t</sub>),0.0
71,No indexation,Public infrastructure (K<sup>GI</sup><sub>t</sub>),0.0
72,No indexation,Public infrastructure (K<sup>GI</sup><sub>t</sub>),0.0
73,No indexation,Public infrastructure (K<sup>GI</sup><sub>t</sub>),0.0
74,No indexation,Public infrastructure (K<sup>GI</sup><sub>t</sub>),0.0
75,No indexation,Public infrastructure (K<sup>GI</sup><sub>t</sub>),0.0
76,No indexation,Public infrastructure (K<sup>GI</sup><sub>t</sub>),0.0
77,No indexation,Public infrastructure (K<sup>GI</sup><sub>t</sub>),0.0
78,No indexation,Public infrastructure (K<sup>GI</sup><sub>t</sub>),0.0
79,No indexation,Public infrastructure (K<sup>GI</sup><sub>t</sub>),0.0
80,No indexation,Public infrastructure (K<sup>GI</sup><sub>t</sub>),0.0
81,No indexation,Public infrastructure (K<sup>GI</sup><sub>t</sub>),0.0
82,No indexation,Public infrastructure (K<sup>GI</sup><sub>t</sub>),0.0
83,No indexation,Public infrastructure (K<sup>GI</sup><sub>t</sub>),0.0
84,No indexation,Public infrastructure (K<sup>GI</sup><sub>t</sub>),0.0
85,No indexation,Public infrastructure (K<sup>GI</sup><sub>t</sub>),0.0
86,No indexation,Public infrastructure (K<sup>GI</sup><sub>t</sub>),0.0
87,No indexation,Public infrastructure (K<sup>GI</sup><sub>t</sub>),0.0
88,No indexation,Public infrastructure (K<sup>GI</sup><sub>t</sub>),0.0
89,No indexation,Public infrastructure (K<sup>GI</sup><sub>t</sub>),0.0
90,No indexation,Public infrastructure (K<sup>GI</sup><sub>t</sub>),0.0
91,No indexation,Public infrastructure (K<sup>GI</sup><sub>t</sub>),0.0
92,No indexation,Public infrastructure (K<sup>GI</sup><sub>t</sub>),0.0
93,No indexation,Public infrastructure (K<sup>GI</sup><sub>t</sub>),0.0
94,No indexation,Public infrastructure (K<sup>GI</sup><sub>t</sub>),0.0
95,No indexation,Public infrastructure (K<sup>GI</sup><sub>t</sub>),0.0
96,No indexation,Public infrastructure (K<sup>GI</sup><sub>t</sub>),0.0
97,No indexation,Public infrastructure (K<sup>GI</sup><sub>t</sub>),0.0
98,No indexation,Public infrastructure (K<sup>GI</sup><sub>t</sub>),0.0
99,No indexation,Public infrastructure (K<sup>GI</sup><sub>t</sub>),0.0
100,No indexation,Public infrastructure (K<sup>GI</sup><sub>t</sub>),0.0
1,No trend growth,Public infrastructure (K<sup>GI</sup><sub>t</sub>),0.0
2,No trend growth,Public infrastructure (K<sup>GI</sup><sub>t</sub>),0.0
3,No trend growth,Public infrastructure (K<sup>GI</sup><sub>t</sub>),0.0
4,No trend growth,Public infrastructure (K<sup>GI</sup><sub>t</sub>),0.0
5,No trend growth,Public infrastructure (K<sup>GI</sup><sub>t</sub>),0.0
6,No trend growth,Public infrastructure (K<sup>GI</sup><sub>t</sub>),0.0
7,No trend growth,Public infrastructure (K<sup>GI</sup><sub>t</sub>),0.0
8,No trend growth,Public infrastructure (K<sup>GI</sup><sub>t</sub>),0.0
9,No trend growth,Public infrastructure (K<sup>GI</sup><sub>t</sub>),0.0
10,No trend growth,Public infrastructure (K<sup>GI</sup><sub>t</sub>),0.0
11,No trend growth,Public infrastructure (K<sup>GI</sup><sub>t</sub>),0.0
12,No trend growth,Public infrastructure (K<sup>GI</sup><sub>t</sub>),0.0
13,No trend growth,Public infrastructure (K<sup>GI</sup><sub>t</sub>),0.0
14,No trend growth,Public infrastructure (K<sup>GI</sup><sub>t</sub>),0.0
15,No trend growth,Public infrastructure (K<sup>GI</sup><sub>t</sub>),0.0
16,No trend growth,Public infrastructure (K<sup>GI</sup><sub>t</sub>),0.0
17,No trend growth,Public infrastructure (K<sup>GI</sup><sub>t</sub>),0.0
18,No trend growth,Public infrastructure (K<sup>GI</sup><sub>t</sub>),0.0
19,No trend growth,Public infrastructure (K<sup>GI</sup><sub>t</sub>),0.0
20,No trend growth,Public infrastructure (K<sup>GI</sup><sub>t</sub>),0.0
21,No trend growth,Public infrastructure (K<sup>GI</sup><sub>t</sub>),0.0
22,No trend growth,Public infrastructure (K<sup>GI</sup><sub>t</sub>),0.0
23,No trend growth,Public infrastructure (K<sup>GI</sup><sub>t</sub>),0.0
24,No trend growth,Public infrastructure (K<sup>GI</sup><sub>t</sub>),0.0
25,No trend growth,Public infrastructure (K<sup>GI</sup><sub>t</sub>),0.0
26,No trend growth,Public infrastructure (K<sup>GI</sup><sub>t</sub>),0.0
27,No trend growth,Public infrastructure (K<sup>GI</sup><sub>t</sub>),0.0
28,No trend growth,Public infrastructure (K<sup>GI</sup><sub>t</sub>),0.0
29,No trend growth,Public infrastructure (K<sup>GI</sup><sub>t</sub>),0.0
30,No trend growth,Public infrastructure (K<sup>GI</sup><sub>t</sub>),0.0
31,No trend growth,Public infrastructure (K<sup>GI</sup><sub>t</sub>),0.0
32,No trend growth,Public infrastructure (K<sup>GI</sup><sub>t</sub>),0.0
33,No trend growth,Public infrastructure (K<sup>GI</sup><sub>t</sub>),0.0
34,No trend growth,Public infrastructure (K<sup>GI</sup><sub>t</sub>),0.0
35,No trend growth,Public infrastructure (K<sup>GI</sup><sub>t</sub>),0.0
36,No trend growth,Public infrastructure (K<sup>GI</sup><sub>t</sub>),0.0
37,No trend growth,Public infrastructure (K<sup>GI</sup><sub>t</sub>),0.0
38,No trend growth,Public infrastructure (K<sup>GI</sup><sub>t</sub>),0.0
39,No trend growth,Public infrastructure (K<sup>GI</sup><sub>t</sub>),0.0
40,No trend growth,Public infrastructure (K<sup>GI</sup><sub>t</sub>),0.0
41,No trend growth,Public infrastructure (K<sup>GI</sup><sub>t</sub>),0.0
42,No trend growth,Public infrastructure (K<sup>GI</sup><sub>t</sub>),0.0
43,No trend growth,Public infrastructure (K<sup>GI</sup><sub>t</sub>),0.0
44,No trend growth,Public infrastructure (K<sup>GI</sup><sub>t</sub>),0.0
45,No trend growth,Public infrastructure (K<sup>GI</sup><sub>t</sub>),0.0
46,No trend growth,Public infrastructure (K<sup>GI</sup><sub>t</sub>),0.0
47,No trend growth,Public infrastructure (K<sup>GI</sup><sub>t</sub>),0.0
48,No trend growth,Public infrastructure (K<sup>GI</sup><sub>t</sub>),0.0
49,No trend growth,Public infrastructure (K<sup>GI</sup><sub>t</sub>),0.0
50,No trend growth,Public infrastructure (K<sup>GI</sup><sub>t</sub>),0.0
51,No trend growth,Public infrastructure (K<sup>GI</sup><sub>t</sub>),0.0
52,No trend growth,Public infrastructure (K<sup>GI</sup><sub>t</sub>),0.0
53,No trend growth,Public infrastructure (K<sup>GI</sup><sub>t</sub>),0.0
54,No trend growth,Public infrastructure (K<sup>GI</sup><sub>t</sub>),0.0
55,No trend growth,Public infrastructure (K<sup>GI</sup><sub>t</sub>),0.0
56,No trend growth,Public infrastructure (K<sup>GI</sup><sub>t</sub>),0.0
57,No trend growth,Public infrastructure (K<sup>GI</sup><sub>t</sub>),0.0
58,No trend growth,Public infrastructure (K<sup>GI</sup><sub>t</sub>),0.0
59,No trend growth,Public infrastructure (K<sup>GI</sup><sub>t</sub>),0.0
60,No trend growth,Public infrastructure (K<sup>GI</sup><sub>t</sub>),0.0
61,No trend growth,Public infrastructure (K<sup>GI</sup><sub>t</sub>),0.0
62,No trend growth,Public infrastructure (K<sup>GI</sup><sub>t</sub>),0.0
63,No trend growth,Public infrastructure (K<sup>GI</sup><sub>t</sub>),0.0
64,No trend growth,Public infrastructure (K<sup>GI</sup><sub>t</sub>),0.0
65,No trend growth,Public infrastructure (K<sup>GI</sup><sub>t</sub>),0.0
66,No trend growth,Public infrastructure (K<sup>GI</sup><sub>t</sub>),0.0
67,No trend growth,Public infrastructure (K<sup>GI</sup><sub>t</sub>),0.0
68,No trend growth,Public infrastructure (K<sup>GI</sup><sub>t</sub>),0.0
69,No trend growth,Public infrastructure (K<sup>GI</sup><sub>t</sub>),0.0
70,No trend growth,Public infrastructure (K<sup>GI</sup><sub>t</sub>),0.0
71,No trend growth,Public infrastructure (K<sup>GI</sup><sub>t</sub>),0.0
72,No trend growth,Public infrastructure (K<sup>GI</sup><sub>t</sub>),0.0
73,No trend growth,Public infrastructure (K<sup>GI</sup><sub>t</sub>),0.0
74,No trend growth,Public infrastructure (K<sup>GI</sup><sub>t</sub>),0.0
75,No trend growth,Public infrastructure (K<sup>GI</sup><sub>t</sub>),0.0
76,No trend growth,Public infrastructure (K<sup>GI</sup><sub>t</sub>),0.0
77,No trend growth,Public infrastructure (K<sup>GI</sup><sub>t</sub>),0.0
78,No trend growth,Public infrastructure (K<sup>GI</sup><sub>t</sub>),0.0
79,No trend growth,Public infrastructure (K<sup>GI</sup><sub>t</sub>),0.0
80,No trend growth,Public infrastructure (K<sup>GI</sup><sub>t</sub>),0.0
81,No trend growth,Public infrastructure (K<sup>GI</sup><sub>t</sub>),0.0
82,No trend growth,Public infrastructure (K<sup>GI</sup><sub>t</sub>),0.0
83,No trend growth,Public infrastructure (K<sup>GI</sup><sub>t</sub>),0.0
84,No trend growth,Public infrastructure (K<sup>GI</sup><sub>t</sub>),0.0
85,No trend growth,Public infrastructure (K<sup>GI</sup><sub>t</sub>),0.0
86,No trend growth,Public infrastructure (K<sup>GI</sup><sub>t</sub>),0.0
87,No trend growth,Public infrastructure (K<sup>GI</sup><sub>t</sub>),0.0
88,No trend growth,Public infrastructure (K<sup>GI</sup><sub>t</sub>),0.0
89,No trend growth,Public infrastructure (K<sup>GI</sup><sub>t</sub>),0.0
90,No trend growth,Public infrastructure (K<sup>GI</sup><sub>t</sub>),0.0
91,No trend growth,Public infrastructure (K<sup>GI</sup><sub>t</sub>),0.0
92,No trend growth,Public infrastructure (K<sup>GI</sup><sub>t</sub>),0.0
93,No trend growth,Public infrastructure (K<sup>GI</sup><sub>t</sub>),0.0
94,No trend growth,Public infrastructure (K<sup>GI</sup><sub>t</sub>),0.0
95,No trend growth,Public infrastructure (K<sup>GI</sup><sub>t</sub>),0.0
96,No trend growth,Public infrastructure (K<sup>GI</sup><sub>t</sub>),0.0
97,No trend growth,Public infrastructure (K<sup>GI</sup><sub>t</sub>),0.0
98,No trend growth,Public infrastructure (K<sup>GI</sup><sub>t</sub>),0.0
99,No trend growth,Public infrastructure (K<sup>GI</sup><sub>t</sub>),0.0
100,No trend growth,Public infrastructure (K<sup>GI</sup><sub>t</sub>),0.0
1,Derived canonical NK,Public infrastructure (K<sup>GI</sup><sub>t</sub>),0.0
2,Derived canonical NK,Public infrastructure (K<sup>GI</sup><sub>t</sub>),0.0
3,Derived canonical NK,Public infrastructure (K<sup>GI</sup><sub>t</sub>),0.0
4,Derived canonical NK,Public infrastructure (K<sup>GI</sup><sub>t</sub>),0.0
5,Derived canonical NK,Public infrastructure (K<sup>GI</sup><sub>t</sub>),0.0
6,Derived canonical NK,Public infrastructure (K<sup>GI</sup><sub>t</sub>),0.0
7,Derived canonical NK,Public infrastructure (K<sup>GI</sup><sub>t</sub>),0.0
8,Derived canonical NK,Public infrastructure (K<sup>GI</sup><sub>t</sub>),0.0
9,Derived canonical NK,Public infrastructure (K<sup>GI</sup><sub>t</sub>),0.0
10,Derived canonical NK,Public infrastructure (K<sup>GI</sup><sub>t</sub>),0.0
11,Derived canonical NK,Public infrastructure (K<sup>GI</sup><sub>t</sub>),0.0
12,Derived canonical NK,Public infrastructure (K<sup>GI</sup><sub>t</sub>),0.0
13,Derived canonical NK,Public infrastructure (K<sup>GI</sup><sub>t</sub>),0.0
14,Derived canonical NK,Public infrastructure (K<sup>GI</sup><sub>t</sub>),0.0
15,Derived canonical NK,Public infrastructure (K<sup>GI</sup><sub>t</sub>),0.0
16,Derived canonical NK,Public infrastructure (K<sup>GI</sup><sub>t</sub>),0.0
17,Derived canonical NK,Public infrastructure (K<sup>GI</sup><sub>t</sub>),0.0
18,Derived canonical NK,Public infrastructure (K<sup>GI</sup><sub>t</sub>),0.0
19,Derived canonical NK,Public infrastructure (K<sup>GI</sup><sub>t</sub>),0.0
20,Derived canonical NK,Public infrastructure (K<sup>GI</sup><sub>t</sub>),0.0
21,Derived canonical NK,Public infrastructure (K<sup>GI</sup><sub>t</sub>),0.0
22,Derived canonical NK,Public infrastructure (K<sup>GI</sup><sub>t</sub>),0.0
23,Derived canonical NK,Public infrastructure (K<sup>GI</sup><sub>t</sub>),0.0
24,Derived canonical NK,Public infrastructure (K<sup>GI</sup><sub>t</sub>),0.0
25,Derived canonical NK,Public infrastructure (K<sup>GI</sup><sub>t</sub>),0.0
26,Derived canonical NK,Public infrastructure (K<sup>GI</sup><sub>t</sub>),0.0
27,Derived canonical NK,Public infrastructure (K<sup>GI</sup><sub>t</sub>),0.0
28,Derived canonical NK,Public infrastructure (K<sup>GI</sup><sub>t</sub>),0.0
29,Derived canonical NK,Public infrastructure (K<sup>GI</sup><sub>t</sub>),0.0
30,Derived canonical NK,Public infrastructure (K<sup>GI</sup><sub>t</sub>),0.0
31,Derived canonical NK,Public infrastructure (K<sup>GI</sup><sub>t</sub>),0.0
32,Derived canonical NK,Public infrastructure (K<sup>GI</sup><sub>t</sub>),0.0
33,Derived canonical NK,Public infrastructure (K<sup>GI</sup><sub>t</sub>),0.0
34,Derived canonical NK,Public infrastructure (K<sup>GI</sup><sub>t</sub>),0.0
35,Derived canonical NK,Public infrastructure (K<sup>GI</sup><sub>t</sub>),0.0
36,Derived canonical NK,Public infrastructure (K<sup>GI</sup><sub>t</sub>),0.0
37,Derived canonical NK,Public infrastructure (K<sup>GI</sup><sub>t</sub>),0.0
38,Derived canonical NK,Public infrastructure (K<sup>GI</sup><sub>t</sub>),0.0
39,Derived canonical NK,Public infrastructure (K<sup>GI</sup><sub>t</sub>),0.0
40,Derived canonical NK,Public infrastructure (K<sup>GI</sup><sub>t</sub>),0.0
41,Derived canonical NK,Public infrastructure (K<sup>GI</sup><sub>t</sub>),0.0
42,Derived canonical NK,Public infrastructure (K<sup>GI</sup><sub>t</sub>),0.0
43,Derived canonical NK,Public infrastructure (K<sup>GI</sup><sub>t</sub>),0.0
44,Derived canonical NK,Public infrastructure (K<sup>GI</sup><sub>t</sub>),0.0
45,Derived canonical NK,Public infrastructure (K<sup>GI</sup><sub>t</sub>),0.0
46,Derived canonical NK,Public infrastructure (K<sup>GI</sup><sub>t</sub>),0.0
47,Derived canonical NK,Public infrastructure (K<sup>GI</sup><sub>t</sub>),0.0
48,Derived canonical NK,Public infrastructure (K<sup>GI</sup><sub>t</sub>),0.0
49,Derived canonical NK,Public infrastructure (K<sup>GI</sup><sub>t</sub>),0.0
50,Derived canonical NK,Public infrastructure (K<sup>GI</sup><sub>t</sub>),0.0
51,Derived canonical NK,Public infrastructure (K<sup>GI</sup><sub>t</sub>),0.0
52,Derived canonical NK,Public infrastructure (K<sup>GI</sup><sub>t</sub>),0.0
53,Derived canonical NK,Public infrastructure (K<sup>GI</sup><sub>t</sub>),0.0
54,Derived canonical NK,Public infrastructure (K<sup>GI</sup><sub>t</sub>),0.0
55,Derived canonical NK,Public infrastructure (K<sup>GI</sup><sub>t</sub>),0.0
56,Derived canonical NK,Public infrastructure (K<sup>GI</sup><sub>t</sub>),0.0
57,Derived canonical NK,Public infrastructure (K<sup>GI</sup><sub>t</sub>),0.0
58,Derived canonical NK,Public infrastructure (K<sup>GI</sup><sub>t</sub>),0.0
59,Derived canonical NK,Public infrastructure (K<sup>GI</sup><sub>t</sub>),0.0
60,Derived canonical NK,Public infrastructure (K<sup>GI</sup><sub>t</sub>),0.0
61,Derived canonical NK,Public infrastructure (K<sup>GI</sup><sub>t</sub>),0.0
62,Derived canonical NK,Public infrastructure (K<sup>GI</sup><sub>t</sub>),0.0
63,Derived canonical NK,Public infrastructure (K<sup>GI</sup><sub>t</sub>),0.0
64,Derived canonical NK,Public infrastructure (K<sup>GI</sup><sub>t</sub>),0.0
65,Derived canonical NK,Public infrastructure (K<sup>GI</sup><sub>t</sub>),0.0
66,Derived canonical NK,Public infrastructure (K<sup>GI</sup><sub>t</sub>),0.0
67,Derived canonical NK,Public infrastructure (K<sup>GI</sup><sub>t</sub>),0.0
68,Derived canonical NK,Public infrastructure (K<sup>GI</sup><sub>t</sub>),0.0
69,Derived canonical NK,Public infrastructure (K<sup>GI</sup><sub>t</sub>),0.0
70,Derived canonical NK,Public infrastructure (K<sup>GI</sup><sub>t</sub>),0.0
71,Derived canonical NK,Public infrastructure (K<sup>GI</sup><sub>t</sub>),0.0
72,Derived canonical NK,Public infrastructure (K<sup>GI</sup><sub>t</sub>),0.0
73,Derived canonical NK,Public infrastructure (K<sup>GI</sup><sub>t</sub>),0.0
74,Derived canonical NK,Public infrastructure (K<sup>GI</sup><sub>t</sub>),0.0
75,Derived canonical NK,Public infrastructure (K<sup>GI</sup><sub>t</sub>),0.0
76,Derived canonical NK,Public infrastructure (K<sup>GI</sup><sub>t</sub>),0.0
77,Derived canonical NK,Public infrastructure (K<sup>GI</sup><sub>t</sub>),0.0
78,Derived canonical NK,Public infrastructure (K<sup>GI</sup><sub>t</sub>),0.0
79,Derived canonical NK,Public infrastructure (K<sup>GI</sup><sub>t</sub>),0.0
80,Derived canonical NK,Public infrastructure (K<sup>GI</sup><sub>t</sub>),0.0
81,Derived canonical NK,Public infrastructure (K<sup>GI</sup><sub>t</sub>),0.0
82,Derived canonical NK,Public infrastructure (K<sup>GI</sup><sub>t</sub>),0.0
83,Derived canonical NK,Public infrastructure (K<sup>GI</sup><sub>t</sub>),0.0
84,Derived canonical NK,Public infrastructure (K<sup>GI</sup><sub>t</sub>),0.0
85,Derived canonical NK,Public infrastructure (K<sup>GI</sup><sub>t</sub>),0.0
86,Derived canonical NK,Public infrastructure (K<sup>GI</sup><sub>t</sub>),0.0
87,Derived canonical NK,Public infrastructure (K<sup>GI</sup><sub>t</sub>),0.0
88,Derived canonical NK,Public infrastructure (K<sup>GI</sup><sub>t</sub>),0.0
89,Derived canonical NK,Public infrastructure (K<sup>GI</sup><sub>t</sub>),0.0
90,Derived canonical NK,Public infrastructure (K<sup>GI</sup><sub>t</sub>),0.0
91,Derived canonical NK,Public infrastructure (K<sup>GI</sup><sub>t</sub>),0.0
92,Derived canonical NK,Public infrastructure (K<sup>GI</sup><sub>t</sub>),0.0
93,Derived canonical NK,Public infrastructure (K<sup>GI</sup><sub>t</sub>),0.0
94,Derived canonical NK,Public infrastructure (K<sup>GI</sup><sub>t</sub>),0.0
95,Derived canonical NK,Public infrastructure (K<sup>GI</sup><sub>t</sub>),0.0
96,Derived canonical NK,Public infrastructure (K<sup>GI</sup><sub>t</sub>),0.0
97,Derived canonical NK,Public infrastructure (K<sup>GI</sup><sub>t</sub>),0.0
98,Derived canonical NK,Public infrastructure (K<sup>GI</sup><sub>t</sub>),0.0
99,Derived canonical NK,Public infrastructure (K<sup>GI</sup><sub>t</sub>),0.0
100,Derived canonical NK,Public infrastructure (K<sup>GI</sup><sub>t</sub>),0.0
1,Full model,Private capital (K<sub>t</sub>),0.028
2,Full model,Private capital (K<sub>t</sub>),0.03
3,Full model,Private capital (K<sub>t</sub>),0.033
4,Full model,Private capital (K<sub>t</sub>),0.036
5,Full model,Private capital (K<sub>t</sub>),0.04
6,Full model,Private capital (K<sub>t</sub>),0.045
7,Full model,Private capital (K<sub>t</sub>),0.049
8,Full model,Private capital (K<sub>t</sub>),0.054
9,Full model,Private capital (K<sub>t</sub>),0.058
10,Full model,Private capital (K<sub>t</sub>),0.063
11,Full model,Private capital (K<sub>t</sub>),0.068
12,Full model,Private capital (K<sub>t</sub>),0.073
13,Full model,Private capital (K<sub>t</sub>),0.078
14,Full model,Private capital (K<sub>t</sub>),0.083
15,Full model,Private capital (K<sub>t</sub>),0.089
16,Full model,Private capital (K<sub>t</sub>),0.094
17,Full model,Private capital (K<sub>t</sub>),0.099
18,Full model,Private capital (K<sub>t</sub>),0.105
19,Full model,Private capital (K<sub>t</sub>),0.11
20,Full model,Private capital (K<sub>t</sub>),0.116
21,Full model,Private capital (K<sub>t</sub>),0.121
22,Full model,Private capital (K<sub>t</sub>),0.127
23,Full model,Private capital (K<sub>t</sub>),0.132
24,Full model,Private capital (K<sub>t</sub>),0.138
25,Full model,Private capital (K<sub>t</sub>),0.143
26,Full model,Private capital (K<sub>t</sub>),0.149
27,Full model,Private capital (K<sub>t</sub>),0.154
28,Full model,Private capital (K<sub>t</sub>),0.16
29,Full model,Private capital (K<sub>t</sub>),0.166
30,Full model,Private capital (K<sub>t</sub>),0.171
31,Full model,Private capital (K<sub>t</sub>),0.177
32,Full model,Private capital (K<sub>t</sub>),0.182
33,Full model,Private capital (K<sub>t</sub>),0.188
34,Full model,Private capital (K<sub>t</sub>),0.193
35,Full model,Private capital (K<sub>t</sub>),0.199
36,Full model,Private capital (K<sub>t</sub>),0.204
37,Full model,Private capital (K<sub>t</sub>),0.21
38,Full model,Private capital (K<sub>t</sub>),0.215
39,Full model,Private capital (K<sub>t</sub>),0.221
40,Full model,Private capital (K<sub>t</sub>),0.226
41,Full model,Private capital (K<sub>t</sub>),0.232
42,Full model,Private capital (K<sub>t</sub>),0.237
43,Full model,Private capital (K<sub>t</sub>),0.242
44,Full model,Private capital (K<sub>t</sub>),0.247
45,Full model,Private capital (K<sub>t</sub>),0.253
46,Full model,Private capital (K<sub>t</sub>),0.258
47,Full model,Private capital (K<sub>t</sub>),0.263
48,Full model,Private capital (K<sub>t</sub>),0.268
49,Full model,Private capital (K<sub>t</sub>),0.273
50,Full model,Private capital (K<sub>t</sub>),0.279
51,Full model,Private capital (K<sub>t</sub>),0.284
52,Full model,Private capital (K<sub>t</sub>),0.289
53,Full model,Private capital (K<sub>t</sub>),0.294
54,Full model,Private capital (K<sub>t</sub>),0.299
55,Full model,Private capital (K<sub>t</sub>),0.303
56,Full model,Private capital (K<sub>t</sub>),0.308
57,Full model,Private capital (K<sub>t</sub>),0.313
58,Full model,Private capital (K<sub>t</sub>),0.318
59,Full model,Private capital (K<sub>t</sub>),0.323
60,Full model,Private capital (K<sub>t</sub>),0.327
61,Full model,Private capital (K<sub>t</sub>),0.332
62,Full model,Private capital (K<sub>t</sub>),0.337
63,Full model,Private capital (K<sub>t</sub>),0.341
64,Full model,Private capital (K<sub>t</sub>),0.346
65,Full model,Private capital (K<sub>t</sub>),0.35
66,Full model,Private capital (K<sub>t</sub>),0.355
67,Full model,Private capital (K<sub>t</sub>),0.359
68,Full model,Private capital (K<sub>t</sub>),0.364
69,Full model,Private capital (K<sub>t</sub>),0.368
70,Full model,Private capital (K<sub>t</sub>),0.372
71,Full model,Private capital (K<sub>t</sub>),0.376
72,Full model,Private capital (K<sub>t</sub>),0.381
73,Full model,Private capital (K<sub>t</sub>),0.385
74,Full model,Private capital (K<sub>t</sub>),0.389
75,Full model,Private capital (K<sub>t</sub>),0.393
76,Full model,Private capital (K<sub>t</sub>),0.397
77,Full model,Private capital (K<sub>t</sub>),0.401
78,Full model,Private capital (K<sub>t</sub>),0.405
79,Full model,Private capital (K<sub>t</sub>),0.409
80,Full model,Private capital (K<sub>t</sub>),0.413
81,Full model,Private capital (K<sub>t</sub>),0.417
82,Full model,Private capital (K<sub>t</sub>),0.42
83,Full model,Private capital (K<sub>t</sub>),0.424
84,Full model,Private capital (K<sub>t</sub>),0.428
85,Full model,Private capital (K<sub>t</sub>),0.432
86,Full model,Private capital (K<sub>t</sub>),0.435
87,Full model,Private capital (K<sub>t</sub>),0.439
88,Full model,Private capital (K<sub>t</sub>),0.442
89,Full model,Private capital (K<sub>t</sub>),0.446
90,Full model,Private capital (K<sub>t</sub>),0.449
91,Full model,Private capital (K<sub>t</sub>),0.453
92,Full model,Private capital (K<sub>t</sub>),0.456
93,Full model,Private capital (K<sub>t</sub>),0.459
94,Full model,Private capital (K<sub>t</sub>),0.463
95,Full model,Private capital (K<sub>t</sub>),0.466
96,Full model,Private capital (K<sub>t</sub>),0.469
97,Full model,Private capital (K<sub>t</sub>),0.473
98,Full model,Private capital (K<sub>t</sub>),0.476
99,Full model,Private capital (K<sub>t</sub>),0.479
100,Full model,Private capital (K<sub>t</sub>),0.482
1,No endogenous technology,Private capital (K<sub>t</sub>),0.028
2,No endogenous technology,Private capital (K<sub>t</sub>),0.032
3,No endogenous technology,Private capital (K<sub>t</sub>),0.036
4,No endogenous technology,Private capital (K<sub>t</sub>),0.041
5,No endogenous technology,Private capital (K<sub>t</sub>),0.047
6,No endogenous technology,Private capital (K<sub>t</sub>),0.053
7,No endogenous technology,Private capital (K<sub>t</sub>),0.058
8,No endogenous technology,Private capital (K<sub>t</sub>),0.064
9,No endogenous technology,Private capital (K<sub>t</sub>),0.07
10,No endogenous technology,Private capital (K<sub>t</sub>),0.076
11,No endogenous technology,Private capital (K<sub>t</sub>),0.082
12,No endogenous technology,Private capital (K<sub>t</sub>),0.088
13,No endogenous technology,Private capital (K<sub>t</sub>),0.094
14,No endogenous technology,Private capital (K<sub>t</sub>),0.1
15,No endogenous technology,Private capital (K<sub>t</sub>),0.106
16,No endogenous technology,Private capital (K<sub>t</sub>),0.112
17,No endogenous technology,Private capital (K<sub>t</sub>),0.119
18,No endogenous technology,Private capital (K<sub>t</sub>),0.125
19,No endogenous technology,Private capital (K<sub>t</sub>),0.131
20,No endogenous technology,Private capital (K<sub>t</sub>),0.137
21,No endogenous technology,Private capital (K<sub>t</sub>),0.143
22,No endogenous technology,Private capital (K<sub>t</sub>),0.149
23,No endogenous technology,Private capital (K<sub>t</sub>),0.154
24,No endogenous technology,Private capital (K<sub>t</sub>),0.16
25,No endogenous technology,Private capital (K<sub>t</sub>),0.166
26,No endogenous technology,Private capital (K<sub>t</sub>),0.172
27,No endogenous technology,Private capital (K<sub>t</sub>),0.177
28,No endogenous technology,Private capital (K<sub>t</sub>),0.183
29,No endogenous technology,Private capital (K<sub>t</sub>),0.188
30,No endogenous technology,Private capital (K<sub>t</sub>),0.194
31,No endogenous technology,Private capital (K<sub>t</sub>),0.199
32,No endogenous technology,Private capital (K<sub>t</sub>),0.205
33,No endogenous technology,Private capital (K<sub>t</sub>),0.21
34,No endogenous technology,Private capital (K<sub>t</sub>),0.215
35,No endogenous technology,Private capital (K<sub>t</sub>),0.22
36,No endogenous technology,Private capital (K<sub>t</sub>),0.225
37,No endogenous technology,Private capital (K<sub>t</sub>),0.23
38,No endogenous technology,Private capital (K<sub>t</sub>),0.235
39,No endogenous technology,Private capital (K<sub>t</sub>),0.239
40,No endogenous technology,Private capital (K<sub>t</sub>),0.244
41,No endogenous technology,Private capital (K<sub>t</sub>),0.249
42,No endogenous technology,Private capital (K<sub>t</sub>),0.253
43,No endogenous technology,Private capital (K<sub>t</sub>),0.258
44,No endogenous technology,Private capital (K<sub>t</sub>),0.262
45,No endogenous technology,Private capital (K<sub>t</sub>),0.266
46,No endogenous technology,Private capital (K<sub>t</sub>),0.27
47,No endogenous technology,Private capital (K<sub>t</sub>),0.275
48,No endogenous technology,Private capital (K<sub>t</sub>),0.279
49,No endogenous technology,Private capital (K<sub>t</sub>),0.283
50,No endogenous technology,Private capital (K<sub>t</sub>),0.286
51,No endogenous technology,Private capital (K<sub>t</sub>),0.29
52,No endogenous technology,Private capital (K<sub>t</sub>),0.294
53,No endogenous technology,Private capital (K<sub>t</sub>),0.298
54,No endogenous technology,Private capital (K<sub>t</sub>),0.301
55,No endogenous technology,Private capital (K<sub>t</sub>),0.305
56,No endogenous technology,Private capital (K<sub>t</sub>),0.308
57,No endogenous technology,Private capital (K<sub>t</sub>),0.311
58,No endogenous technology,Private capital (K<sub>t</sub>),0.315
59,No endogenous technology,Private capital (K<sub>t</sub>),0.318
60,No endogenous technology,Private capital (K<sub>t</sub>),0.321
61,No endogenous technology,Private capital (K<sub>t</sub>),0.324
62,No endogenous technology,Private capital (K<sub>t</sub>),0.327
63,No endogenous technology,Private capital (K<sub>t</sub>),0.33
64,No endogenous technology,Private capital (K<sub>t</sub>),0.333
65,No endogenous technology,Private capital (K<sub>t</sub>),0.336
66,No endogenous technology,Private capital (K<sub>t</sub>),0.339
67,No endogenous technology,Private capital (K<sub>t</sub>),0.341
68,No endogenous technology,Private capital (K<sub>t</sub>),0.344
69,No endogenous technology,Private capital (K<sub>t</sub>),0.347
70,No endogenous technology,Private capital (K<sub>t</sub>),0.349
71,No endogenous technology,Private capital (K<sub>t</sub>),0.352
72,No endogenous technology,Private capital (K<sub>t</sub>),0.354
73,No endogenous technology,Private capital (K<sub>t</sub>),0.356
74,No endogenous technology,Private capital (K<sub>t</sub>),0.359
75,No endogenous technology,Private capital (K<sub>t</sub>),0.361
76,No endogenous technology,Private capital (K<sub>t</sub>),0.363
77,No endogenous technology,Private capital (K<sub>t</sub>),0.365
78,No endogenous technology,Private capital (K<sub>t</sub>),0.367
79,No endogenous technology,Private capital (K<sub>t</sub>),0.369
80,No endogenous technology,Private capital (K<sub>t</sub>),0.371
81,No endogenous technology,Private capital (K<sub>t</sub>),0.373
82,No endogenous technology,Private capital (K<sub>t</sub>),0.375
83,No endogenous technology,Private capital (K<sub>t</sub>),0.377
84,No endogenous technology,Private capital (K<sub>t</sub>),0.379
85,No endogenous technology,Private capital (K<sub>t</sub>),0.381
86,No endogenous technology,Private capital (K<sub>t</sub>),0.383
87,No endogenous technology,Private capital (K<sub>t</sub>),0.384
88,No endogenous technology,Private capital (K<sub>t</sub>),0.386
89,No endogenous technology,Private capital (K<sub>t</sub>),0.387
90,No endogenous technology,Private capital (K<sub>t</sub>),0.389
91,No endogenous technology,Private capital (K<sub>t</sub>),0.391
92,No endogenous technology,Private capital (K<sub>t</sub>),0.392
93,No endogenous technology,Private capital (K<sub>t</sub>),0.394
94,No endogenous technology,Private capital (K<sub>t</sub>),0.395
95,No endogenous technology,Private capital (K<sub>t</sub>),0.396
96,No endogenous technology,Private capital (K<sub>t</sub>),0.398
97,No endogenous technology,Private capital (K<sub>t</sub>),0.399
98,No endogenous technology,Private capital (K<sub>t</sub>),0.4
99,No endogenous technology,Private capital (K<sub>t</sub>),0.402
100,No endogenous technology,Private capital (K<sub>t</sub>),0.403
1,No human capital,Private capital (K<sub>t</sub>),0.016
2,No human capital,Private capital (K<sub>t</sub>),0.026
3,No human capital,Private capital (K<sub>t</sub>),0.036
4,No human capital,Private capital (K<sub>t</sub>),0.046
5,No human capital,Private capital (K<sub>t</sub>),0.056
6,No human capital,Private capital (K<sub>t</sub>),0.065
7,No human capital,Private capital (K<sub>t</sub>),0.074
8,No human capital,Private capital (K<sub>t</sub>),0.082
9,No human capital,Private capital (K<sub>t</sub>),0.091
10,No human capital,Private capital (K<sub>t</sub>),0.099
11,No human capital,Private capital (K<sub>t</sub>),0.106
12,No human capital,Private capital (K<sub>t</sub>),0.114
13,No human capital,Private capital (K<sub>t</sub>),0.121
14,No human capital,Private capital (K<sub>t</sub>),0.128
15,No human capital,Private capital (K<sub>t</sub>),0.135
16,No human capital,Private capital (K<sub>t</sub>),0.141
17,No human capital,Private capital (K<sub>t</sub>),0.147
18,No human capital,Private capital (K<sub>t</sub>),0.153
19,No human capital,Private capital (K<sub>t</sub>),0.159
20,No human capital,Private capital (K<sub>t</sub>),0.165
21,No human capital,Private capital (K<sub>t</sub>),0.17
22,No human capital,Private capital (K<sub>t</sub>),0.175
23,No human capital,Private capital (K<sub>t</sub>),0.18
24,No human capital,Private capital (K<sub>t</sub>),0.185
25,No human capital,Private capital (K<sub>t</sub>),0.19
26,No human capital,Private capital (K<sub>t</sub>),0.194
27,No human capital,Private capital (K<sub>t</sub>),0.198
28,No human capital,Private capital (K<sub>t</sub>),0.203
29,No human capital,Private capital (K<sub>t</sub>),0.207
30,No human capital,Private capital (K<sub>t</sub>),0.21
31,No human capital,Private capital (K<sub>t</sub>),0.214
32,No human capital,Private capital (K<sub>t</sub>),0.218
33,No human capital,Private capital (K<sub>t</sub>),0.221
34,No human capital,Private capital (K<sub>t</sub>),0.225
35,No human capital,Private capital (K<sub>t</sub>),0.228
36,No human capital,Private capital (K<sub>t</sub>),0.231
37,No human capital,Private capital (K<sub>t</sub>),0.234
38,No human capital,Private capital (K<sub>t</sub>),0.237
39,No human capital,Private capital (K<sub>t</sub>),0.24
40,No human capital,Private capital (K<sub>t</sub>),0.242
41,No human capital,Private capital (K<sub>t</sub>),0.245
42,No human capital,Private capital (K<sub>t</sub>),0.248
43,No human capital,Private capital (K<sub>t</sub>),0.25
44,No human capital,Private capital (K<sub>t</sub>),0.252
45,No human capital,Private capital (K<sub>t</sub>),0.255
46,No human capital,Private capital (K<sub>t</sub>),0.257
47,No human capital,Private capital (K<sub>t</sub>),0.259
48,No human capital,Private capital (K<sub>t</sub>),0.261
49,No human capital,Private capital (K<sub>t</sub>),0.263
50,No human capital,Private capital (K<sub>t</sub>),0.265
51,No human capital,Private capital (K<sub>t</sub>),0.267
52,No human capital,Private capital (K<sub>t</sub>),0.268
53,No human capital,Private capital (K<sub>t</sub>),0.27
54,No human capital,Private capital (K<sub>t</sub>),0.272
55,No human capital,Private capital (K<sub>t</sub>),0.273
56,No human capital,Private capital (K<sub>t</sub>),0.275
57,No human capital,Private capital (K<sub>t</sub>),0.276
58,No human capital,Private capital (K<sub>t</sub>),0.278
59,No human capital,Private capital (K<sub>t</sub>),0.279
60,No human capital,Private capital (K<sub>t</sub>),0.28
61,No human capital,Private capital (K<sub>t</sub>),0.282
62,No human capital,Private capital (K<sub>t</sub>),0.283
63,No human capital,Private capital (K<sub>t</sub>),0.284
64,No human capital,Private capital (K<sub>t</sub>),0.285
65,No human capital,Private capital (K<sub>t</sub>),0.286
66,No human capital,Private capital (K<sub>t</sub>),0.287
67,No human capital,Private capital (K<sub>t</sub>),0.288
68,No human capital,Private capital (K<sub>t</sub>),0.289
69,No human capital,Private capital (K<sub>t</sub>),0.29
70,No human capital,Private capital (K<sub>t</sub>),0.291
71,No human capital,Private capital (K<sub>t</sub>),0.292
72,No human capital,Private capital (K<sub>t</sub>),0.293
73,No human capital,Private capital (K<sub>t</sub>),0.294
74,No human capital,Private capital (K<sub>t</sub>),0.294
75,No human capital,Private capital (K<sub>t</sub>),0.295
76,No human capital,Private capital (K<sub>t</sub>),0.296
77,No human capital,Private capital (K<sub>t</sub>),0.297
78,No human capital,Private capital (K<sub>t</sub>),0.297
79,No human capital,Private capital (K<sub>t</sub>),0.298
80,No human capital,Private capital (K<sub>t</sub>),0.299
81,No human capital,Private capital (K<sub>t</sub>),0.299
82,No human capital,Private capital (K<sub>t</sub>),0.3
83,No human capital,Private capital (K<sub>t</sub>),0.3
84,No human capital,Private capital (K<sub>t</sub>),0.301
85,No human capital,Private capital (K<sub>t</sub>),0.301
86,No human capital,Private capital (K<sub>t</sub>),0.302
87,No human capital,Private capital (K<sub>t</sub>),0.302
88,No human capital,Private capital (K<sub>t</sub>),0.303
89,No human capital,Private capital (K<sub>t</sub>),0.303
90,No human capital,Private capital (K<sub>t</sub>),0.304
91,No human capital,Private capital (K<sub>t</sub>),0.304
92,No human capital,Private capital (K<sub>t</sub>),0.305
93,No human capital,Private capital (K<sub>t</sub>),0.305
94,No human capital,Private capital (K<sub>t</sub>),0.305
95,No human capital,Private capital (K<sub>t</sub>),0.306
96,No human capital,Private capital (K<sub>t</sub>),0.306
97,No human capital,Private capital (K<sub>t</sub>),0.307
98,No human capital,Private capital (K<sub>t</sub>),0.307
99,No human capital,Private capital (K<sub>t</sub>),0.307
100,No human capital,Private capital (K<sub>t</sub>),0.307
1,No public infrastructure,Private capital (K<sub>t</sub>),0.016
2,No public infrastructure,Private capital (K<sub>t</sub>),0.026
3,No public infrastructure,Private capital (K<sub>t</sub>),0.036
4,No public infrastructure,Private capital (K<sub>t</sub>),0.046
5,No public infrastructure,Private capital (K<sub>t</sub>),0.056
6,No public infrastructure,Private capital (K<sub>t</sub>),0.065
7,No public infrastructure,Private capital (K<sub>t</sub>),0.074
8,No public infrastructure,Private capital (K<sub>t</sub>),0.082
9,No public infrastructure,Private capital (K<sub>t</sub>),0.091
10,No public infrastructure,Private capital (K<sub>t</sub>),0.099
11,No public infrastructure,Private capital (K<sub>t</sub>),0.106
12,No public infrastructure,Private capital (K<sub>t</sub>),0.114
13,No public infrastructure,Private capital (K<sub>t</sub>),0.121
14,No public infrastructure,Private capital (K<sub>t</sub>),0.128
15,No public infrastructure,Private capital (K<sub>t</sub>),0.135
16,No public infrastructure,Private capital (K<sub>t</sub>),0.141
17,No public infrastructure,Private capital (K<sub>t</sub>),0.147
18,No public infrastructure,Private capital (K<sub>t</sub>),0.153
19,No public infrastructure,Private capital (K<sub>t</sub>),0.159
20,No public infrastructure,Private capital (K<sub>t</sub>),0.165
21,No public infrastructure,Private capital (K<sub>t</sub>),0.17
22,No public infrastructure,Private capital (K<sub>t</sub>),0.175
23,No public infrastructure,Private capital (K<sub>t</sub>),0.18
24,No public infrastructure,Private capital (K<sub>t</sub>),0.185
25,No public infrastructure,Private capital (K<sub>t</sub>),0.19
26,No public infrastructure,Private capital (K<sub>t</sub>),0.194
27,No public infrastructure,Private capital (K<sub>t</sub>),0.198
28,No public infrastructure,Private capital (K<sub>t</sub>),0.203
29,No public infrastructure,Private capital (K<sub>t</sub>),0.207
30,No public infrastructure,Private capital (K<sub>t</sub>),0.21
31,No public infrastructure,Private capital (K<sub>t</sub>),0.214
32,No public infrastructure,Private capital (K<sub>t</sub>),0.218
33,No public infrastructure,Private capital (K<sub>t</sub>),0.221
34,No public infrastructure,Private capital (K<sub>t</sub>),0.225
35,No public infrastructure,Private capital (K<sub>t</sub>),0.228
36,No public infrastructure,Private capital (K<sub>t</sub>),0.231
37,No public infrastructure,Private capital (K<sub>t</sub>),0.234
38,No public infrastructure,Private capital (K<sub>t</sub>),0.237
39,No public infrastructure,Private capital (K<sub>t</sub>),0.24
40,No public infrastructure,Private capital (K<sub>t</sub>),0.242
41,No public infrastructure,Private capital (K<sub>t</sub>),0.245
42,No public infrastructure,Private capital (K<sub>t</sub>),0.248
43,No public infrastructure,Private capital (K<sub>t</sub>),0.25
44,No public infrastructure,Private capital (K<sub>t</sub>),0.252
45,No public infrastructure,Private capital (K<sub>t</sub>),0.255
46,No public infrastructure,Private capital (K<sub>t</sub>),0.257
47,No public infrastructure,Private capital (K<sub>t</sub>),0.259
48,No public infrastructure,Private capital (K<sub>t</sub>),0.261
49,No public infrastructure,Private capital (K<sub>t</sub>),0.263
50,No public infrastructure,Private capital (K<sub>t</sub>),0.265
51,No public infrastructure,Private capital (K<sub>t</sub>),0.267
52,No public infrastructure,Private capital (K<sub>t</sub>),0.268
53,No public infrastructure,Private capital (K<sub>t</sub>),0.27
54,No public infrastructure,Private capital (K<sub>t</sub>),0.272
55,No public infrastructure,Private capital (K<sub>t</sub>),0.273
56,No public infrastructure,Private capital (K<sub>t</sub>),0.275
57,No public infrastructure,Private capital (K<sub>t</sub>),0.276
58,No public infrastructure,Private capital (K<sub>t</sub>),0.278
59,No public infrastructure,Private capital (K<sub>t</sub>),0.279
60,No public infrastructure,Private capital (K<sub>t</sub>),0.28
61,No public infrastructure,Private capital (K<sub>t</sub>),0.282
62,No public infrastructure,Private capital (K<sub>t</sub>),0.283
63,No public infrastructure,Private capital (K<sub>t</sub>),0.284
64,No public infrastructure,Private capital (K<sub>t</sub>),0.285
65,No public infrastructure,Private capital (K<sub>t</sub>),0.286
66,No public infrastructure,Private capital (K<sub>t</sub>),0.287
67,No public infrastructure,Private capital (K<sub>t</sub>),0.288
68,No public infrastructure,Private capital (K<sub>t</sub>),0.289
69,No public infrastructure,Private capital (K<sub>t</sub>),0.29
70,No public infrastructure,Private capital (K<sub>t</sub>),0.291
71,No public infrastructure,Private capital (K<sub>t</sub>),0.292
72,No public infrastructure,Private capital (K<sub>t</sub>),0.293
73,No public infrastructure,Private capital (K<sub>t</sub>),0.294
74,No public infrastructure,Private capital (K<sub>t</sub>),0.294
75,No public infrastructure,Private capital (K<sub>t</sub>),0.295
76,No public infrastructure,Private capital (K<sub>t</sub>),0.296
77,No public infrastructure,Private capital (K<sub>t</sub>),0.297
78,No public infrastructure,Private capital (K<sub>t</sub>),0.297
79,No public infrastructure,Private capital (K<sub>t</sub>),0.298
80,No public infrastructure,Private capital (K<sub>t</sub>),0.299
81,No public infrastructure,Private capital (K<sub>t</sub>),0.299
82,No public infrastructure,Private capital (K<sub>t</sub>),0.3
83,No public infrastructure,Private capital (K<sub>t</sub>),0.3
84,No public infrastructure,Private capital (K<sub>t</sub>),0.301
85,No public infrastructure,Private capital (K<sub>t</sub>),0.301
86,No public infrastructure,Private capital (K<sub>t</sub>),0.302
87,No public infrastructure,Private capital (K<sub>t</sub>),0.302
88,No public infrastructure,Private capital (K<sub>t</sub>),0.303
89,No public infrastructure,Private capital (K<sub>t</sub>),0.303
90,No public infrastructure,Private capital (K<sub>t</sub>),0.304
91,No public infrastructure,Private capital (K<sub>t</sub>),0.304
92,No public infrastructure,Private capital (K<sub>t</sub>),0.305
93,No public infrastructure,Private capital (K<sub>t</sub>),0.305
94,No public infrastructure,Private capital (K<sub>t</sub>),0.305
95,No public infrastructure,Private capital (K<sub>t</sub>),0.306
96,No public infrastructure,Private capital (K<sub>t</sub>),0.306
97,No public infrastructure,Private capital (K<sub>t</sub>),0.307
98,No public infrastructure,Private capital (K<sub>t</sub>),0.307
99,No public infrastructure,Private capital (K<sub>t</sub>),0.307
100,No public infrastructure,Private capital (K<sub>t</sub>),0.307
1,No private capital,Private capital (K<sub>t</sub>),0.0
2,No private capital,Private capital (K<sub>t</sub>),0.0
3,No private capital,Private capital (K<sub>t</sub>),0.0
4,No private capital,Private capital (K<sub>t</sub>),0.0
5,No private capital,Private capital (K<sub>t</sub>),0.0
6,No private capital,Private capital (K<sub>t</sub>),0.0
7,No private capital,Private capital (K<sub>t</sub>),0.0
8,No private capital,Private capital (K<sub>t</sub>),0.0
9,No private capital,Private capital (K<sub>t</sub>),0.0
10,No private capital,Private capital (K<sub>t</sub>),0.0
11,No private capital,Private capital (K<sub>t</sub>),0.0
12,No private capital,Private capital (K<sub>t</sub>),0.0
13,No private capital,Private capital (K<sub>t</sub>),0.0
14,No private capital,Private capital (K<sub>t</sub>),0.0
15,No private capital,Private capital (K<sub>t</sub>),0.0
16,No private capital,Private capital (K<sub>t</sub>),0.0
17,No private capital,Private capital (K<sub>t</sub>),0.0
18,No private capital,Private capital (K<sub>t</sub>),0.0
19,No private capital,Private capital (K<sub>t</sub>),0.0
20,No private capital,Private capital (K<sub>t</sub>),0.0
21,No private capital,Private capital (K<sub>t</sub>),0.0
22,No private capital,Private capital (K<sub>t</sub>),0.0
23,No private capital,Private capital (K<sub>t</sub>),0.0
24,No private capital,Private capital (K<sub>t</sub>),0.0
25,No private capital,Private capital (K<sub>t</sub>),0.0
26,No private capital,Private capital (K<sub>t</sub>),0.0
27,No private capital,Private capital (K<sub>t</sub>),0.0
28,No private capital,Private capital (K<sub>t</sub>),0.0
29,No private capital,Private capital (K<sub>t</sub>),0.0
30,No private capital,Private capital (K<sub>t</sub>),0.0
31,No private capital,Private capital (K<sub>t</sub>),0.0
32,No private capital,Private capital (K<sub>t</sub>),0.0
33,No private capital,Private capital (K<sub>t</sub>),0.0
34,No private capital,Private capital (K<sub>t</sub>),0.0
35,No private capital,Private capital (K<sub>t</sub>),0.0
36,No private capital,Private capital (K<sub>t</sub>),0.0
37,No private capital,Private capital (K<sub>t</sub>),0.0
38,No private capital,Private capital (K<sub>t</sub>),0.0
39,No private capital,Private capital (K<sub>t</sub>),0.0
40,No private capital,Private capital (K<sub>t</sub>),0.0
41,No private capital,Private capital (K<sub>t</sub>),0.0
42,No private capital,Private capital (K<sub>t</sub>),0.0
43,No private capital,Private capital (K<sub>t</sub>),0.0
44,No private capital,Private capital (K<sub>t</sub>),0.0
45,No private capital,Private capital (K<sub>t</sub>),0.0
46,No private capital,Private capital (K<sub>t</sub>),0.0
47,No private capital,Private capital (K<sub>t</sub>),0.0
48,No private capital,Private capital (K<sub>t</sub>),0.0
49,No private capital,Private capital (K<sub>t</sub>),0.0
50,No private capital,Private capital (K<sub>t</sub>),0.0
51,No private capital,Private capital (K<sub>t</sub>),0.0
52,No private capital,Private capital (K<sub>t</sub>),0.0
53,No private capital,Private capital (K<sub>t</sub>),0.0
54,No private capital,Private capital (K<sub>t</sub>),0.0
55,No private capital,Private capital (K<sub>t</sub>),0.0
56,No private capital,Private capital (K<sub>t</sub>),0.0
57,No private capital,Private capital (K<sub>t</sub>),0.0
58,No private capital,Private capital (K<sub>t</sub>),0.0
59,No private capital,Private capital (K<sub>t</sub>),0.0
60,No private capital,Private capital (K<sub>t</sub>),0.0
61,No private capital,Private capital (K<sub>t</sub>),0.0
62,No private capital,Private capital (K<sub>t</sub>),0.0
63,No private capital,Private capital (K<sub>t</sub>),0.0
64,No private capital,Private capital (K<sub>t</sub>),0.0
65,No private capital,Private capital (K<sub>t</sub>),0.0
66,No private capital,Private capital (K<sub>t</sub>),0.0
67,No private capital,Private capital (K<sub>t</sub>),0.0
68,No private capital,Private capital (K<sub>t</sub>),0.0
69,No private capital,Private capital (K<sub>t</sub>),0.0
70,No private capital,Private capital (K<sub>t</sub>),0.0
71,No private capital,Private capital (K<sub>t</sub>),0.0
72,No private capital,Private capital (K<sub>t</sub>),0.0
73,No private capital,Private capital (K<sub>t</sub>),0.0
74,No private capital,Private capital (K<sub>t</sub>),0.0
75,No private capital,Private capital (K<sub>t</sub>),0.0
76,No private capital,Private capital (K<sub>t</sub>),0.0
77,No private capital,Private capital (K<sub>t</sub>),0.0
78,No private capital,Private capital (K<sub>t</sub>),0.0
79,No private capital,Private capital (K<sub>t</sub>),0.0
80,No private capital,Private capital (K<sub>t</sub>),0.0
81,No private capital,Private capital (K<sub>t</sub>),0.0
82,No private capital,Private capital (K<sub>t</sub>),0.0
83,No private capital,Private capital (K<sub>t</sub>),0.0
84,No private capital,Private capital (K<sub>t</sub>),0.0
85,No private capital,Private capital (K<sub>t</sub>),0.0
86,No private capital,Private capital (K<sub>t</sub>),0.0
87,No private capital,Private capital (K<sub>t</sub>),0.0
88,No private capital,Private capital (K<sub>t</sub>),0.0
89,No private capital,Private capital (K<sub>t</sub>),0.0
90,No private capital,Private capital (K<sub>t</sub>),0.0
91,No private capital,Private capital (K<sub>t</sub>),0.0
92,No private capital,Private capital (K<sub>t</sub>),0.0
93,No private capital,Private capital (K<sub>t</sub>),0.0
94,No private capital,Private capital (K<sub>t</sub>),0.0
95,No private capital,Private capital (K<sub>t</sub>),0.0
96,No private capital,Private capital (K<sub>t</sub>),0.0
97,No private capital,Private capital (K<sub>t</sub>),0.0
98,No private capital,Private capital (K<sub>t</sub>),0.0
99,No private capital,Private capital (K<sub>t</sub>),0.0
100,No private capital,Private capital (K<sub>t</sub>),0.0
1,No indexation,Private capital (K<sub>t</sub>),0.0
2,No indexation,Private capital (K<sub>t</sub>),0.0
3,No indexation,Private capital (K<sub>t</sub>),0.0
4,No indexation,Private capital (K<sub>t</sub>),0.0
5,No indexation,Private capital (K<sub>t</sub>),0.0
6,No indexation,Private capital (K<sub>t</sub>),0.0
7,No indexation,Private capital (K<sub>t</sub>),0.0
8,No indexation,Private capital (K<sub>t</sub>),0.0
9,No indexation,Private capital (K<sub>t</sub>),0.0
10,No indexation,Private capital (K<sub>t</sub>),0.0
11,No indexation,Private capital (K<sub>t</sub>),0.0
12,No indexation,Private capital (K<sub>t</sub>),0.0
13,No indexation,Private capital (K<sub>t</sub>),0.0
14,No indexation,Private capital (K<sub>t</sub>),0.0
15,No indexation,Private capital (K<sub>t</sub>),0.0
16,No indexation,Private capital (K<sub>t</sub>),0.0
17,No indexation,Private capital (K<sub>t</sub>),0.0
18,No indexation,Private capital (K<sub>t</sub>),0.0
19,No indexation,Private capital (K<sub>t</sub>),0.0
20,No indexation,Private capital (K<sub>t</sub>),0.0
21,No indexation,Private capital (K<sub>t</sub>),0.0
22,No indexation,Private capital (K<sub>t</sub>),0.0
23,No indexation,Private capital (K<sub>t</sub>),0.0
24,No indexation,Private capital (K<sub>t</sub>),0.0
25,No indexation,Private capital (K<sub>t</sub>),0.0
26,No indexation,Private capital (K<sub>t</sub>),0.0
27,No indexation,Private capital (K<sub>t</sub>),0.0
28,No indexation,Private capital (K<sub>t</sub>),0.0
29,No indexation,Private capital (K<sub>t</sub>),0.0
30,No indexation,Private capital (K<sub>t</sub>),0.0
31,No indexation,Private capital (K<sub>t</sub>),0.0
32,No indexation,Private capital (K<sub>t</sub>),0.0
33,No indexation,Private capital (K<sub>t</sub>),0.0
34,No indexation,Private capital (K<sub>t</sub>),0.0
35,No indexation,Private capital (K<sub>t</sub>),0.0
36,No indexation,Private capital (K<sub>t</sub>),0.0
37,No indexation,Private capital (K<sub>t</sub>),0.0
38,No indexation,Private capital (K<sub>t</sub>),0.0
39,No indexation,Private capital (K<sub>t</sub>),0.0
40,No indexation,Private capital (K<sub>t</sub>),0.0
41,No indexation,Private capital (K<sub>t</sub>),0.0
42,No indexation,Private capital (K<sub>t</sub>),0.0
43,No indexation,Private capital (K<sub>t</sub>),0.0
44,No indexation,Private capital (K<sub>t</sub>),0.0
45,No indexation,Private capital (K<sub>t</sub>),0.0
46,No indexation,Private capital (K<sub>t</sub>),0.0
47,No indexation,Private capital (K<sub>t</sub>),0.0
48,No indexation,Private capital (K<sub>t</sub>),0.0
49,No indexation,Private capital (K<sub>t</sub>),0.0
50,No indexation,Private capital (K<sub>t</sub>),0.0
51,No indexation,Private capital (K<sub>t</sub>),0.0
52,No indexation,Private capital (K<sub>t</sub>),0.0
53,No indexation,Private capital (K<sub>t</sub>),0.0
54,No indexation,Private capital (K<sub>t</sub>),0.0
55,No indexation,Private capital (K<sub>t</sub>),0.0
56,No indexation,Private capital (K<sub>t</sub>),0.0
57,No indexation,Private capital (K<sub>t</sub>),0.0
58,No indexation,Private capital (K<sub>t</sub>),0.0
59,No indexation,Private capital (K<sub>t</sub>),0.0
60,No indexation,Private capital (K<sub>t</sub>),0.0
61,No indexation,Private capital (K<sub>t</sub>),0.0
62,No indexation,Private capital (K<sub>t</sub>),0.0
63,No indexation,Private capital (K<sub>t</sub>),0.0
64,No indexation,Private capital (K<sub>t</sub>),0.0
65,No indexation,Private capital (K<sub>t</sub>),0.0
66,No indexation,Private capital (K<sub>t</sub>),0.0
67,No indexation,Private capital (K<sub>t</sub>),0.0
68,No indexation,Private capital (K<sub>t</sub>),0.0
69,No indexation,Private capital (K<sub>t</sub>),0.0
70,No indexation,Private capital (K<sub>t</sub>),0.0
71,No indexation,Private capital (K<sub>t</sub>),0.0
72,No indexation,Private capital (K<sub>t</sub>),0.0
73,No indexation,Private capital (K<sub>t</sub>),0.0
74,No indexation,Private capital (K<sub>t</sub>),0.0
75,No indexation,Private capital (K<sub>t</sub>),0.0
76,No indexation,Private capital (K<sub>t</sub>),0.0
77,No indexation,Private capital (K<sub>t</sub>),0.0
78,No indexation,Private capital (K<sub>t</sub>),0.0
79,No indexation,Private capital (K<sub>t</sub>),0.0
80,No indexation,Private capital (K<sub>t</sub>),0.0
81,No indexation,Private capital (K<sub>t</sub>),0.0
82,No indexation,Private capital (K<sub>t</sub>),0.0
83,No indexation,Private capital (K<sub>t</sub>),0.0
84,No indexation,Private capital (K<sub>t</sub>),0.0
85,No indexation,Private capital (K<sub>t</sub>),0.0
86,No indexation,Private capital (K<sub>t</sub>),0.0
87,No indexation,Private capital (K<sub>t</sub>),0.0
88,No indexation,Private capital (K<sub>t</sub>),0.0
89,No indexation,Private capital (K<sub>t</sub>),0.0
90,No indexation,Private capital (K<sub>t</sub>),0.0
91,No indexation,Private capital (K<sub>t</sub>),0.0
92,No indexation,Private capital (K<sub>t</sub>),0.0
93,No indexation,Private capital (K<sub>t</sub>),0.0
94,No indexation,Private capital (K<sub>t</sub>),0.0
95,No indexation,Private capital (K<sub>t</sub>),0.0
96,No indexation,Private capital (K<sub>t</sub>),0.0
97,No indexation,Private capital (K<sub>t</sub>),0.0
98,No indexation,Private capital (K<sub>t</sub>),0.0
99,No indexation,Private capital (K<sub>t</sub>),0.0
100,No indexation,Private capital (K<sub>t</sub>),0.0
1,No trend growth,Private capital (K<sub>t</sub>),0.0
2,No trend growth,Private capital (K<sub>t</sub>),0.0
3,No trend growth,Private capital (K<sub>t</sub>),0.0
4,No trend growth,Private capital (K<sub>t</sub>),0.0
5,No trend growth,Private capital (K<sub>t</sub>),0.0
6,No trend growth,Private capital (K<sub>t</sub>),0.0
7,No trend growth,Private capital (K<sub>t</sub>),0.0
8,No trend growth,Private capital (K<sub>t</sub>),0.0
9,No trend growth,Private capital (K<sub>t</sub>),0.0
10,No trend growth,Private capital (K<sub>t</sub>),0.0
11,No trend growth,Private capital (K<sub>t</sub>),0.0
12,No trend growth,Private capital (K<sub>t</sub>),0.0
13,No trend growth,Private capital (K<sub>t</sub>),0.0
14,No trend growth,Private capital (K<sub>t</sub>),0.0
15,No trend growth,Private capital (K<sub>t</sub>),0.0
16,No trend growth,Private capital (K<sub>t</sub>),0.0
17,No trend growth,Private capital (K<sub>t</sub>),0.0
18,No trend growth,Private capital (K<sub>t</sub>),0.0
19,No trend growth,Private capital (K<sub>t</sub>),0.0
20,No trend growth,Private capital (K<sub>t</sub>),0.0
21,No trend growth,Private capital (K<sub>t</sub>),0.0
22,No trend growth,Private capital (K<sub>t</sub>),0.0
23,No trend growth,Private capital (K<sub>t</sub>),0.0
24,No trend growth,Private capital (K<sub>t</sub>),0.0
25,No trend growth,Private capital (K<sub>t</sub>),0.0
26,No trend growth,Private capital (K<sub>t</sub>),0.0
27,No trend growth,Private capital (K<sub>t</sub>),0.0
28,No trend growth,Private capital (K<sub>t</sub>),0.0
29,No trend growth,Private capital (K<sub>t</sub>),0.0
30,No trend growth,Private capital (K<sub>t</sub>),0.0
31,No trend growth,Private capital (K<sub>t</sub>),0.0
32,No trend growth,Private capital (K<sub>t</sub>),0.0
33,No trend growth,Private capital (K<sub>t</sub>),0.0
34,No trend growth,Private capital (K<sub>t</sub>),0.0
35,No trend growth,Private capital (K<sub>t</sub>),0.0
36,No trend growth,Private capital (K<sub>t</sub>),0.0
37,No trend growth,Private capital (K<sub>t</sub>),0.0
38,No trend growth,Private capital (K<sub>t</sub>),0.0
39,No trend growth,Private capital (K<sub>t</sub>),0.0
40,No trend growth,Private capital (K<sub>t</sub>),0.0
41,No trend growth,Private capital (K<sub>t</sub>),0.0
42,No trend growth,Private capital (K<sub>t</sub>),0.0
43,No trend growth,Private capital (K<sub>t</sub>),0.0
44,No trend growth,Private capital (K<sub>t</sub>),0.0
45,No trend growth,Private capital (K<sub>t</sub>),0.0
46,No trend growth,Private capital (K<sub>t</sub>),0.0
47,No trend growth,Private capital (K<sub>t</sub>),0.0
48,No trend growth,Private capital (K<sub>t</sub>),0.0
49,No trend growth,Private capital (K<sub>t</sub>),0.0
50,No trend growth,Private capital (K<sub>t</sub>),0.0
51,No trend growth,Private capital (K<sub>t</sub>),0.0
52,No trend growth,Private capital (K<sub>t</sub>),0.0
53,No trend growth,Private capital (K<sub>t</sub>),0.0
54,No trend growth,Private capital (K<sub>t</sub>),0.0
55,No trend growth,Private capital (K<sub>t</sub>),0.0
56,No trend growth,Private capital (K<sub>t</sub>),0.0
57,No trend growth,Private capital (K<sub>t</sub>),0.0
58,No trend growth,Private capital (K<sub>t</sub>),0.0
59,No trend growth,Private capital (K<sub>t</sub>),0.0
60,No trend growth,Private capital (K<sub>t</sub>),0.0
61,No trend growth,Private capital (K<sub>t</sub>),0.0
62,No trend growth,Private capital (K<sub>t</sub>),0.0
63,No trend growth,Private capital (K<sub>t</sub>),0.0
64,No trend growth,Private capital (K<sub>t</sub>),0.0
65,No trend growth,Private capital (K<sub>t</sub>),0.0
66,No trend growth,Private capital (K<sub>t</sub>),0.0
67,No trend growth,Private capital (K<sub>t</sub>),0.0
68,No trend growth,Private capital (K<sub>t</sub>),0.0
69,No trend growth,Private capital (K<sub>t</sub>),0.0
70,No trend growth,Private capital (K<sub>t</sub>),0.0
71,No trend growth,Private capital (K<sub>t</sub>),0.0
72,No trend growth,Private capital (K<sub>t</sub>),0.0
73,No trend growth,Private capital (K<sub>t</sub>),0.0
74,No trend growth,Private capital (K<sub>t</sub>),0.0
75,No trend growth,Private capital (K<sub>t</sub>),0.0
76,No trend growth,Private capital (K<sub>t</sub>),0.0
77,No trend growth,Private capital (K<sub>t</sub>),0.0
78,No trend growth,Private capital (K<sub>t</sub>),0.0
79,No trend growth,Private capital (K<sub>t</sub>),0.0
80,No trend growth,Private capital (K<sub>t</sub>),0.0
81,No trend growth,Private capital (K<sub>t</sub>),0.0
82,No trend growth,Private capital (K<sub>t</sub>),0.0
83,No trend growth,Private capital (K<sub>t</sub>),0.0
84,No trend growth,Private capital (K<sub>t</sub>),0.0
85,No trend growth,Private capital (K<sub>t</sub>),0.0
86,No trend growth,Private capital (K<sub>t</sub>),0.0
87,No trend growth,Private capital (K<sub>t</sub>),0.0
88,No trend growth,Private capital (K<sub>t</sub>),0.0
89,No trend growth,Private capital (K<sub>t</sub>),0.0
90,No trend growth,Private capital (K<sub>t</sub>),0.0
91,No trend growth,Private capital (K<sub>t</sub>),0.0
92,No trend growth,Private capital (K<sub>t</sub>),0.0
93,No trend growth,Private capital (K<sub>t</sub>),0.0
94,No trend growth,Private capital (K<sub>t</sub>),0.0
95,No trend growth,Private capital (K<sub>t</sub>),0.0
96,No trend growth,Private capital (K<sub>t</sub>),0.0
97,No trend growth,Private capital (K<sub>t</sub>),0.0
98,No trend growth,Private capital (K<sub>t</sub>),0.0
99,No trend growth,Private capital (K<sub>t</sub>),0.0
100,No trend growth,Private capital (K<sub>t</sub>),0.0
1,Derived canonical NK,Private capital (K<sub>t</sub>),0.0
2,Derived canonical NK,Private capital (K<sub>t</sub>),0.0
3,Derived canonical NK,Private capital (K<sub>t</sub>),0.0
4,Derived canonical NK,Private capital (K<sub>t</sub>),0.0
5,Derived canonical NK,Private capital (K<sub>t</sub>),0.0
6,Derived canonical NK,Private capital (K<sub>t</sub>),0.0
7,Derived canonical NK,Private capital (K<sub>t</sub>),0.0
8,Derived canonical NK,Private capital (K<sub>t</sub>),0.0
9,Derived canonical NK,Private capital (K<sub>t</sub>),0.0
10,Derived canonical NK,Private capital (K<sub>t</sub>),0.0
11,Derived canonical NK,Private capital (K<sub>t</sub>),0.0
12,Derived canonical NK,Private capital (K<sub>t</sub>),0.0
13,Derived canonical NK,Private capital (K<sub>t</sub>),0.0
14,Derived canonical NK,Private capital (K<sub>t</sub>),0.0
15,Derived canonical NK,Private capital (K<sub>t</sub>),0.0
16,Derived canonical NK,Private capital (K<sub>t</sub>),0.0
17,Derived canonical NK,Private capital (K<sub>t</sub>),0.0
18,Derived canonical NK,Private capital (K<sub>t</sub>),0.0
19,Derived canonical NK,Private capital (K<sub>t</sub>),0.0
20,Derived canonical NK,Private capital (K<sub>t</sub>),0.0
21,Derived canonical NK,Private capital (K<sub>t</sub>),0.0
22,Derived canonical NK,Private capital (K<sub>t</sub>),0.0
23,Derived canonical NK,Private capital (K<sub>t</sub>),0.0
24,Derived canonical NK,Private capital (K<sub>t</sub>),0.0
25,Derived canonical NK,Private capital (K<sub>t</sub>),0.0
26,Derived canonical NK,Private capital (K<sub>t</sub>),0.0
27,Derived canonical NK,Private capital (K<sub>t</sub>),0.0
28,Derived canonical NK,Private capital (K<sub>t</sub>),0.0
29,Derived canonical NK,Private capital (K<sub>t</sub>),0.0
30,Derived canonical NK,Private capital (K<sub>t</sub>),0.0
31,Derived canonical NK,Private capital (K<sub>t</sub>),0.0
32,Derived canonical NK,Private capital (K<sub>t</sub>),0.0
33,Derived canonical NK,Private capital (K<sub>t</sub>),0.0
34,Derived canonical NK,Private capital (K<sub>t</sub>),0.0
35,Derived canonical NK,Private capital (K<sub>t</sub>),0.0
36,Derived canonical NK,Private capital (K<sub>t</sub>),0.0
37,Derived canonical NK,Private capital (K<sub>t</sub>),0.0
38,Derived canonical NK,Private capital (K<sub>t</sub>),0.0
39,Derived canonical NK,Private capital (K<sub>t</sub>),0.0
40,Derived canonical NK,Private capital (K<sub>t</sub>),0.0
41,Derived canonical NK,Private capital (K<sub>t</sub>),0.0
42,Derived canonical NK,Private capital (K<sub>t</sub>),0.0
43,Derived canonical NK,Private capital (K<sub>t</sub>),0.0
44,Derived canonical NK,Private capital (K<sub>t</sub>),0.0
45,Derived canonical NK,Private capital (K<sub>t</sub>),0.0
46,Derived canonical NK,Private capital (K<sub>t</sub>),0.0
47,Derived canonical NK,Private capital (K<sub>t</sub>),0.0
48,Derived canonical NK,Private capital (K<sub>t</sub>),0.0
49,Derived canonical NK,Private capital (K<sub>t</sub>),0.0
50,Derived canonical NK,Private capital (K<sub>t</sub>),0.0
51,Derived canonical NK,Private capital (K<sub>t</sub>),0.0
52,Derived canonical NK,Private capital (K<sub>t</sub>),0.0
53,Derived canonical NK,Private capital (K<sub>t</sub>),0.0
54,Derived canonical NK,Private capital (K<sub>t</sub>),0.0
55,Derived canonical NK,Private capital (K<sub>t</sub>),0.0
56,Derived canonical NK,Private capital (K<sub>t</sub>),0.0
57,Derived canonical NK,Private capital (K<sub>t</sub>),0.0
58,Derived canonical NK,Private capital (K<sub>t</sub>),0.0
59,Derived canonical NK,Private capital (K<sub>t</sub>),0.0
60,Derived canonical NK,Private capital (K<sub>t</sub>),0.0
61,Derived canonical NK,Private capital (K<sub>t</sub>),0.0
62,Derived canonical NK,Private capital (K<sub>t</sub>),0.0
63,Derived canonical NK,Private capital (K<sub>t</sub>),0.0
64,Derived canonical NK,Private capital (K<sub>t</sub>),0.0
65,Derived canonical NK,Private capital (K<sub>t</sub>),0.0
66,Derived canonical NK,Private capital (K<sub>t</sub>),0.0
67,Derived canonical NK,Private capital (K<sub>t</sub>),0.0
68,Derived canonical NK,Private capital (K<sub>t</sub>),0.0
69,Derived canonical NK,Private capital (K<sub>t</sub>),0.0
70,Derived canonical NK,Private capital (K<sub>t</sub>),0.0
71,Derived canonical NK,Private capital (K<sub>t</sub>),0.0
72,Derived canonical NK,Private capital (K<sub>t</sub>),0.0
73,Derived canonical NK,Private capital (K<sub>t</sub>),0.0
74,Derived canonical NK,Private capital (K<sub>t</sub>),0.0
75,Derived canonical NK,Private capital (K<sub>t</sub>),0.0
76,Derived canonical NK,Private capital (K<sub>t</sub>),0.0
77,Derived canonical NK,Private capital (K<sub>t</sub>),0.0
78,Derived canonical NK,Private capital (K<sub>t</sub>),0.0
79,Derived canonical NK,Private capital (K<sub>t</sub>),0.0
80,Derived canonical NK,Private capital (K<sub>t</sub>),0.0
81,Derived canonical NK,Private capital (K<sub>t</sub>),0.0
82,Derived canonical NK,Private capital (K<sub>t</sub>),0.0
83,Derived canonical NK,Private capital (K<sub>t</sub>),0.0
84,Derived canonical NK,Private capital (K<sub>t</sub>),0.0
85,Derived canonical NK,Private capital (K<sub>t</sub>),0.0
86,Derived canonical NK,Private capital (K<sub>t</sub>),0.0
87,Derived canonical NK,Private capital (K<sub>t</sub>),0.0
88,Derived canonical NK,Private capital (K<sub>t</sub>),0.0
89,Derived canonical NK,Private capital (K<sub>t</sub>),0.0
90,Derived canonical NK,Private capital (K<sub>t</sub>),0.0
91,Derived canonical NK,Private capital (K<sub>t</sub>),0.0
92,Derived canonical NK,Private capital (K<sub>t</sub>),0.0
93,Derived canonical NK,Private capital (K<sub>t</sub>),0.0
94,Derived canonical NK,Private capital (K<sub>t</sub>),0.0
95,Derived canonical NK,Private capital (K<sub>t</sub>),0.0
96,Derived canonical NK,Private capital (K<sub>t</sub>),0.0
97,Derived canonical NK,Private capital (K<sub>t</sub>),0.0
98,Derived canonical NK,Private capital (K<sub>t</sub>),0.0
99,Derived canonical NK,Private capital (K<sub>t</sub>),0.0
100,Derived canonical NK,Private capital (K<sub>t</sub>),0.0
1,Full model,Effective labor (N<sub>t</sub>),0.574
2,Full model,Effective labor (N<sub>t</sub>),0.287
3,Full model,Effective labor (N<sub>t</sub>),0.308
4,Full model,Effective labor (N<sub>t</sub>),0.318
5,Full model,Effective labor (N<sub>t</sub>),0.325
6,Full model,Effective labor (N<sub>t</sub>),0.33
7,Full model,Effective labor (N<sub>t</sub>),0.335
8,Full model,Effective labor (N<sub>t</sub>),0.34
9,Full model,Effective labor (N<sub>t</sub>),0.344
10,Full model,Effective labor (N<sub>t</sub>),0.348
11,Full model,Effective labor (N<sub>t</sub>),0.352
12,Full model,Effective labor (N<sub>t</sub>),0.356
13,Full model,Effective labor (N<sub>t</sub>),0.36
14,Full model,Effective labor (N<sub>t</sub>),0.364
15,Full model,Effective labor (N<sub>t</sub>),0.367
16,Full model,Effective labor (N<sub>t</sub>),0.37
17,Full model,Effective labor (N<sub>t</sub>),0.373
18,Full model,Effective labor (N<sub>t</sub>),0.376
19,Full model,Effective labor (N<sub>t</sub>),0.379
20,Full model,Effective labor (N<sub>t</sub>),0.382
21,Full model,Effective labor (N<sub>t</sub>),0.384
22,Full model,Effective labor (N<sub>t</sub>),0.387
23,Full model,Effective labor (N<sub>t</sub>),0.389
24,Full model,Effective labor (N<sub>t</sub>),0.392
25,Full model,Effective labor (N<sub>t</sub>),0.394
26,Full model,Effective labor (N<sub>t</sub>),0.396
27,Full model,Effective labor (N<sub>t</sub>),0.398
28,Full model,Effective labor (N<sub>t</sub>),0.4
29,Full model,Effective labor (N<sub>t</sub>),0.402
30,Full model,Effective labor (N<sub>t</sub>),0.403
31,Full model,Effective labor (N<sub>t</sub>),0.405
32,Full model,Effective labor (N<sub>t</sub>),0.407
33,Full model,Effective labor (N<sub>t</sub>),0.408
34,Full model,Effective labor (N<sub>t</sub>),0.41
35,Full model,Effective labor (N<sub>t</sub>),0.411
36,Full model,Effective labor (N<sub>t</sub>),0.412
37,Full model,Effective labor (N<sub>t</sub>),0.414
38,Full model,Effective labor (N<sub>t</sub>),0.415
39,Full model,Effective labor (N<sub>t</sub>),0.416
40,Full model,Effective labor (N<sub>t</sub>),0.417
41,Full model,Effective labor (N<sub>t</sub>),0.418
42,Full model,Effective labor (N<sub>t</sub>),0.419
43,Full model,Effective labor (N<sub>t</sub>),0.42
44,Full model,Effective labor (N<sub>t</sub>),0.421
45,Full model,Effective labor (N<sub>t</sub>),0.422
46,Full model,Effective labor (N<sub>t</sub>),0.423
47,Full model,Effective labor (N<sub>t</sub>),0.424
48,Full model,Effective labor (N<sub>t</sub>),0.424
49,Full model,Effective labor (N<sub>t</sub>),0.425
50,Full model,Effective labor (N<sub>t</sub>),0.426
51,Full model,Effective labor (N<sub>t</sub>),0.426
52,Full model,Effective labor (N<sub>t</sub>),0.427
53,Full model,Effective labor (N<sub>t</sub>),0.428
54,Full model,Effective labor (N<sub>t</sub>),0.428
55,Full model,Effective labor (N<sub>t</sub>),0.429
56,Full model,Effective labor (N<sub>t</sub>),0.429
57,Full model,Effective labor (N<sub>t</sub>),0.43
58,Full model,Effective labor (N<sub>t</sub>),0.43
59,Full model,Effective labor (N<sub>t</sub>),0.43
60,Full model,Effective labor (N<sub>t</sub>),0.431
61,Full model,Effective labor (N<sub>t</sub>),0.431
62,Full model,Effective labor (N<sub>t</sub>),0.432
63,Full model,Effective labor (N<sub>t</sub>),0.432
64,Full model,Effective labor (N<sub>t</sub>),0.432
65,Full model,Effective labor (N<sub>t</sub>),0.432
66,Full model,Effective labor (N<sub>t</sub>),0.433
67,Full model,Effective labor (N<sub>t</sub>),0.433
68,Full model,Effective labor (N<sub>t</sub>),0.433
69,Full model,Effective labor (N<sub>t</sub>),0.433
70,Full model,Effective labor (N<sub>t</sub>),0.434
71,Full model,Effective labor (N<sub>t</sub>),0.434
72,Full model,Effective labor (N<sub>t</sub>),0.434
73,Full model,Effective labor (N<sub>t</sub>),0.434
74,Full model,Effective labor (N<sub>t</sub>),0.434
75,Full model,Effective labor (N<sub>t</sub>),0.434
76,Full model,Effective labor (N<sub>t</sub>),0.435
77,Full model,Effective labor (N<sub>t</sub>),0.435
78,Full model,Effective labor (N<sub>t</sub>),0.435
79,Full model,Effective labor (N<sub>t</sub>),0.435
80,Full model,Effective labor (N<sub>t</sub>),0.435
81,Full model,Effective labor (N<sub>t</sub>),0.435
82,Full model,Effective labor (N<sub>t</sub>),0.435
83,Full model,Effective labor (N<sub>t</sub>),0.435
84,Full model,Effective labor (N<sub>t</sub>),0.435
85,Full model,Effective labor (N<sub>t</sub>),0.435
86,Full model,Effective labor (N<sub>t</sub>),0.435
87,Full model,Effective labor (N<sub>t</sub>),0.435
88,Full model,Effective labor (N<sub>t</sub>),0.435
89,Full model,Effective labor (N<sub>t</sub>),0.435
90,Full model,Effective labor (N<sub>t</sub>),0.435
91,Full model,Effective labor (N<sub>t</sub>),0.435
92,Full model,Effective labor (N<sub>t</sub>),0.435
93,Full model,Effective labor (N<sub>t</sub>),0.435
94,Full model,Effective labor (N<sub>t</sub>),0.435
95,Full model,Effective labor (N<sub>t</sub>),0.435
96,Full model,Effective labor (N<sub>t</sub>),0.435
97,Full model,Effective labor (N<sub>t</sub>),0.435
98,Full model,Effective labor (N<sub>t</sub>),0.435
99,Full model,Effective labor (N<sub>t</sub>),0.435
100,Full model,Effective labor (N<sub>t</sub>),0.435
1,No endogenous technology,Effective labor (N<sub>t</sub>),0.557
2,No endogenous technology,Effective labor (N<sub>t</sub>),0.289
3,No endogenous technology,Effective labor (N<sub>t</sub>),0.31
4,No endogenous technology,Effective labor (N<sub>t</sub>),0.319
5,No endogenous technology,Effective labor (N<sub>t</sub>),0.326
6,No endogenous technology,Effective labor (N<sub>t</sub>),0.331
7,No endogenous technology,Effective labor (N<sub>t</sub>),0.335
8,No endogenous technology,Effective labor (N<sub>t</sub>),0.34
9,No endogenous technology,Effective labor (N<sub>t</sub>),0.344
10,No endogenous technology,Effective labor (N<sub>t</sub>),0.348
11,No endogenous technology,Effective labor (N<sub>t</sub>),0.352
12,No endogenous technology,Effective labor (N<sub>t</sub>),0.356
13,No endogenous technology,Effective labor (N<sub>t</sub>),0.359
14,No endogenous technology,Effective labor (N<sub>t</sub>),0.363
15,No endogenous technology,Effective labor (N<sub>t</sub>),0.366
16,No endogenous technology,Effective labor (N<sub>t</sub>),0.369
17,No endogenous technology,Effective labor (N<sub>t</sub>),0.372
18,No endogenous technology,Effective labor (N<sub>t</sub>),0.375
19,No endogenous technology,Effective labor (N<sub>t</sub>),0.378
20,No endogenous technology,Effective labor (N<sub>t</sub>),0.38
21,No endogenous technology,Effective labor (N<sub>t</sub>),0.383
22,No endogenous technology,Effective labor (N<sub>t</sub>),0.385
23,No endogenous technology,Effective labor (N<sub>t</sub>),0.387
24,No endogenous technology,Effective labor (N<sub>t</sub>),0.39
25,No endogenous technology,Effective labor (N<sub>t</sub>),0.392
26,No endogenous technology,Effective labor (N<sub>t</sub>),0.394
27,No endogenous technology,Effective labor (N<sub>t</sub>),0.396
28,No endogenous technology,Effective labor (N<sub>t</sub>),0.398
29,No endogenous technology,Effective labor (N<sub>t</sub>),0.4
30,No endogenous technology,Effective labor (N<sub>t</sub>),0.401
31,No endogenous technology,Effective labor (N<sub>t</sub>),0.403
32,No endogenous technology,Effective labor (N<sub>t</sub>),0.405
33,No endogenous technology,Effective labor (N<sub>t</sub>),0.406
34,No endogenous technology,Effective labor (N<sub>t</sub>),0.408
35,No endogenous technology,Effective labor (N<sub>t</sub>),0.409
36,No endogenous technology,Effective labor (N<sub>t</sub>),0.41
37,No endogenous technology,Effective labor (N<sub>t</sub>),0.412
38,No endogenous technology,Effective labor (N<sub>t</sub>),0.413
39,No endogenous technology,Effective labor (N<sub>t</sub>),0.414
40,No endogenous technology,Effective labor (N<sub>t</sub>),0.416
41,No endogenous technology,Effective labor (N<sub>t</sub>),0.417
42,No endogenous technology,Effective labor (N<sub>t</sub>),0.418
43,No endogenous technology,Effective labor (N<sub>t</sub>),0.419
44,No endogenous technology,Effective labor (N<sub>t</sub>),0.42
45,No endogenous technology,Effective labor (N<sub>t</sub>),0.421
46,No endogenous technology,Effective labor (N<sub>t</sub>),0.422
47,No endogenous technology,Effective labor (N<sub>t</sub>),0.423
48,No endogenous technology,Effective labor (N<sub>t</sub>),0.424
49,No endogenous technology,Effective labor (N<sub>t</sub>),0.425
50,No endogenous technology,Effective labor (N<sub>t</sub>),0.425
51,No endogenous technology,Effective labor (N<sub>t</sub>),0.426
52,No endogenous technology,Effective labor (N<sub>t</sub>),0.427
53,No endogenous technology,Effective labor (N<sub>t</sub>),0.428
54,No endogenous technology,Effective labor (N<sub>t</sub>),0.428
55,No endogenous technology,Effective labor (N<sub>t</sub>),0.429
56,No endogenous technology,Effective labor (N<sub>t</sub>),0.43
57,No endogenous technology,Effective labor (N<sub>t</sub>),0.43
58,No endogenous technology,Effective labor (N<sub>t</sub>),0.431
59,No endogenous technology,Effective labor (N<sub>t</sub>),0.432
60,No endogenous technology,Effective labor (N<sub>t</sub>),0.432
61,No endogenous technology,Effective labor (N<sub>t</sub>),0.433
62,No endogenous technology,Effective labor (N<sub>t</sub>),0.433
63,No endogenous technology,Effective labor (N<sub>t</sub>),0.434
64,No endogenous technology,Effective labor (N<sub>t</sub>),0.434
65,No endogenous technology,Effective labor (N<sub>t</sub>),0.435
66,No endogenous technology,Effective labor (N<sub>t</sub>),0.435
67,No endogenous technology,Effective labor (N<sub>t</sub>),0.436
68,No endogenous technology,Effective labor (N<sub>t</sub>),0.436
69,No endogenous technology,Effective labor (N<sub>t</sub>),0.437
70,No endogenous technology,Effective labor (N<sub>t</sub>),0.437
71,No endogenous technology,Effective labor (N<sub>t</sub>),0.438
72,No endogenous technology,Effective labor (N<sub>t</sub>),0.438
73,No endogenous technology,Effective labor (N<sub>t</sub>),0.438
74,No endogenous technology,Effective labor (N<sub>t</sub>),0.439
75,No endogenous technology,Effective labor (N<sub>t</sub>),0.439
76,No endogenous technology,Effective labor (N<sub>t</sub>),0.44
77,No endogenous technology,Effective labor (N<sub>t</sub>),0.44
78,No endogenous technology,Effective labor (N<sub>t</sub>),0.44
79,No endogenous technology,Effective labor (N<sub>t</sub>),0.441
80,No endogenous technology,Effective labor (N<sub>t</sub>),0.441
81,No endogenous technology,Effective labor (N<sub>t</sub>),0.441
82,No endogenous technology,Effective labor (N<sub>t</sub>),0.441
83,No endogenous technology,Effective labor (N<sub>t</sub>),0.442
84,No endogenous technology,Effective labor (N<sub>t</sub>),0.442
85,No endogenous technology,Effective labor (N<sub>t</sub>),0.442
86,No endogenous technology,Effective labor (N<sub>t</sub>),0.443
87,No endogenous technology,Effective labor (N<sub>t</sub>),0.443
88,No endogenous technology,Effective labor (N<sub>t</sub>),0.443
89,No endogenous technology,Effective labor (N<sub>t</sub>),0.443
90,No endogenous technology,Effective labor (N<sub>t</sub>),0.444
91,No endogenous technology,Effective labor (N<sub>t</sub>),0.444
92,No endogenous technology,Effective labor (N<sub>t</sub>),0.444
93,No endogenous technology,Effective labor (N<sub>t</sub>),0.444
94,No endogenous technology,Effective labor (N<sub>t</sub>),0.444
95,No endogenous technology,Effective labor (N<sub>t</sub>),0.445
96,No endogenous technology,Effective labor (N<sub>t</sub>),0.445
97,No endogenous technology,Effective labor (N<sub>t</sub>),0.445
98,No endogenous technology,Effective labor (N<sub>t</sub>),0.445
99,No endogenous technology,Effective labor (N<sub>t</sub>),0.445
100,No endogenous technology,Effective labor (N<sub>t</sub>),0.445
1,No human capital,Effective labor (N<sub>t</sub>),0.387
2,No human capital,Effective labor (N<sub>t</sub>),0.33
3,No human capital,Effective labor (N<sub>t</sub>),0.333
4,No human capital,Effective labor (N<sub>t</sub>),0.334
5,No human capital,Effective labor (N<sub>t</sub>),0.333
6,No human capital,Effective labor (N<sub>t</sub>),0.333
7,No human capital,Effective labor (N<sub>t</sub>),0.332
8,No human capital,Effective labor (N<sub>t</sub>),0.332
9,No human capital,Effective labor (N<sub>t</sub>),0.331
10,No human capital,Effective labor (N<sub>t</sub>),0.33
11,No human capital,Effective labor (N<sub>t</sub>),0.33
12,No human capital,Effective labor (N<sub>t</sub>),0.329
13,No human capital,Effective labor (N<sub>t</sub>),0.329
14,No human capital,Effective labor (N<sub>t</sub>),0.328
15,No human capital,Effective labor (N<sub>t</sub>),0.328
16,No human capital,Effective labor (N<sub>t</sub>),0.328
17,No human capital,Effective labor (N<sub>t</sub>),0.327
18,No human capital,Effective labor (N<sub>t</sub>),0.327
19,No human capital,Effective labor (N<sub>t</sub>),0.326
20,No human capital,Effective labor (N<sub>t</sub>),0.326
21,No human capital,Effective labor (N<sub>t</sub>),0.326
22,No human capital,Effective labor (N<sub>t</sub>),0.325
23,No human capital,Effective labor (N<sub>t</sub>),0.325
24,No human capital,Effective labor (N<sub>t</sub>),0.325
25,No human capital,Effective labor (N<sub>t</sub>),0.324
26,No human capital,Effective labor (N<sub>t</sub>),0.324
27,No human capital,Effective labor (N<sub>t</sub>),0.324
28,No human capital,Effective labor (N<sub>t</sub>),0.323
29,No human capital,Effective labor (N<sub>t</sub>),0.323
30,No human capital,Effective labor (N<sub>t</sub>),0.323
31,No human capital,Effective labor (N<sub>t</sub>),0.323
32,No human capital,Effective labor (N<sub>t</sub>),0.322
33,No human capital,Effective labor (N<sub>t</sub>),0.322
34,No human capital,Effective labor (N<sub>t</sub>),0.322
35,No human capital,Effective labor (N<sub>t</sub>),0.322
36,No human capital,Effective labor (N<sub>t</sub>),0.322
37,No human capital,Effective labor (N<sub>t</sub>),0.321
38,No human capital,Effective labor (N<sub>t</sub>),0.321
39,No human capital,Effective labor (N<sub>t</sub>),0.321
40,No human capital,Effective labor (N<sub>t</sub>),0.321
41,No human capital,Effective labor (N<sub>t</sub>),0.321
42,No human capital,Effective labor (N<sub>t</sub>),0.32
43,No human capital,Effective labor (N<sub>t</sub>),0.32
44,No human capital,Effective labor (N<sub>t</sub>),0.32
45,No human capital,Effective labor (N<sub>t</sub>),0.32
46,No human capital,Effective labor (N<sub>t</sub>),0.32
47,No human capital,Effective labor (N<sub>t</sub>),0.32
48,No human capital,Effective labor (N<sub>t</sub>),0.32
49,No human capital,Effective labor (N<sub>t</sub>),0.319
50,No human capital,Effective labor (N<sub>t</sub>),0.319
51,No human capital,Effective labor (N<sub>t</sub>),0.319
52,No human capital,Effective labor (N<sub>t</sub>),0.319
53,No human capital,Effective labor (N<sub>t</sub>),0.319
54,No human capital,Effective labor (N<sub>t</sub>),0.319
55,No human capital,Effective labor (N<sub>t</sub>),0.319
56,No human capital,Effective labor (N<sub>t</sub>),0.319
57,No human capital,Effective labor (N<sub>t</sub>),0.319
58,No human capital,Effective labor (N<sub>t</sub>),0.318
59,No human capital,Effective labor (N<sub>t</sub>),0.318
60,No human capital,Effective labor (N<sub>t</sub>),0.318
61,No human capital,Effective labor (N<sub>t</sub>),0.318
62,No human capital,Effective labor (N<sub>t</sub>),0.318
63,No human capital,Effective labor (N<sub>t</sub>),0.318
64,No human capital,Effective labor (N<sub>t</sub>),0.318
65,No human capital,Effective labor (N<sub>t</sub>),0.318
66,No human capital,Effective labor (N<sub>t</sub>),0.318
67,No human capital,Effective labor (N<sub>t</sub>),0.318
68,No human capital,Effective labor (N<sub>t</sub>),0.318
69,No human capital,Effective labor (N<sub>t</sub>),0.318
70,No human capital,Effective labor (N<sub>t</sub>),0.318
71,No human capital,Effective labor (N<sub>t</sub>),0.317
72,No human capital,Effective labor (N<sub>t</sub>),0.317
73,No human capital,Effective labor (N<sub>t</sub>),0.317
74,No human capital,Effective labor (N<sub>t</sub>),0.317
75,No human capital,Effective labor (N<sub>t</sub>),0.317
76,No human capital,Effective labor (N<sub>t</sub>),0.317
77,No human capital,Effective labor (N<sub>t</sub>),0.317
78,No human capital,Effective labor (N<sub>t</sub>),0.317
79,No human capital,Effective labor (N<sub>t</sub>),0.317
80,No human capital,Effective labor (N<sub>t</sub>),0.317
81,No human capital,Effective labor (N<sub>t</sub>),0.317
82,No human capital,Effective labor (N<sub>t</sub>),0.317
83,No human capital,Effective labor (N<sub>t</sub>),0.317
84,No human capital,Effective labor (N<sub>t</sub>),0.317
85,No human capital,Effective labor (N<sub>t</sub>),0.317
86,No human capital,Effective labor (N<sub>t</sub>),0.317
87,No human capital,Effective labor (N<sub>t</sub>),0.317
88,No human capital,Effective labor (N<sub>t</sub>),0.317
89,No human capital,Effective labor (N<sub>t</sub>),0.317
90,No human capital,Effective labor (N<sub>t</sub>),0.317
91,No human capital,Effective labor (N<sub>t</sub>),0.317
92,No human capital,Effective labor (N<sub>t</sub>),0.317
93,No human capital,Effective labor (N<sub>t</sub>),0.317
94,No human capital,Effective labor (N<sub>t</sub>),0.317
95,No human capital,Effective labor (N<sub>t</sub>),0.317
96,No human capital,Effective labor (N<sub>t</sub>),0.317
97,No human capital,Effective labor (N<sub>t</sub>),0.316
98,No human capital,Effective labor (N<sub>t</sub>),0.316
99,No human capital,Effective labor (N<sub>t</sub>),0.316
100,No human capital,Effective labor (N<sub>t</sub>),0.316
1,No public infrastructure,Effective labor (N<sub>t</sub>),0.387
2,No public infrastructure,Effective labor (N<sub>t</sub>),0.33
3,No public infrastructure,Effective labor (N<sub>t</sub>),0.333
4,No public infrastructure,Effective labor (N<sub>t</sub>),0.334
5,No public infrastructure,Effective labor (N<sub>t</sub>),0.333
6,No public infrastructure,Effective labor (N<sub>t</sub>),0.333
7,No public infrastructure,Effective labor (N<sub>t</sub>),0.332
8,No public infrastructure,Effective labor (N<sub>t</sub>),0.332
9,No public infrastructure,Effective labor (N<sub>t</sub>),0.331
10,No public infrastructure,Effective labor (N<sub>t</sub>),0.33
11,No public infrastructure,Effective labor (N<sub>t</sub>),0.33
12,No public infrastructure,Effective labor (N<sub>t</sub>),0.329
13,No public infrastructure,Effective labor (N<sub>t</sub>),0.329
14,No public infrastructure,Effective labor (N<sub>t</sub>),0.328
15,No public infrastructure,Effective labor (N<sub>t</sub>),0.328
16,No public infrastructure,Effective labor (N<sub>t</sub>),0.328
17,No public infrastructure,Effective labor (N<sub>t</sub>),0.327
18,No public infrastructure,Effective labor (N<sub>t</sub>),0.327
19,No public infrastructure,Effective labor (N<sub>t</sub>),0.326
20,No public infrastructure,Effective labor (N<sub>t</sub>),0.326
21,No public infrastructure,Effective labor (N<sub>t</sub>),0.326
22,No public infrastructure,Effective labor (N<sub>t</sub>),0.325
23,No public infrastructure,Effective labor (N<sub>t</sub>),0.325
24,No public infrastructure,Effective labor (N<sub>t</sub>),0.325
25,No public infrastructure,Effective labor (N<sub>t</sub>),0.324
26,No public infrastructure,Effective labor (N<sub>t</sub>),0.324
27,No public infrastructure,Effective labor (N<sub>t</sub>),0.324
28,No public infrastructure,Effective labor (N<sub>t</sub>),0.323
29,No public infrastructure,Effective labor (N<sub>t</sub>),0.323
30,No public infrastructure,Effective labor (N<sub>t</sub>),0.323
31,No public infrastructure,Effective labor (N<sub>t</sub>),0.323
32,No public infrastructure,Effective labor (N<sub>t</sub>),0.322
33,No public infrastructure,Effective labor (N<sub>t</sub>),0.322
34,No public infrastructure,Effective labor (N<sub>t</sub>),0.322
35,No public infrastructure,Effective labor (N<sub>t</sub>),0.322
36,No public infrastructure,Effective labor (N<sub>t</sub>),0.322
37,No public infrastructure,Effective labor (N<sub>t</sub>),0.321
38,No public infrastructure,Effective labor (N<sub>t</sub>),0.321
39,No public infrastructure,Effective labor (N<sub>t</sub>),0.321
40,No public infrastructure,Effective labor (N<sub>t</sub>),0.321
41,No public infrastructure,Effective labor (N<sub>t</sub>),0.321
42,No public infrastructure,Effective labor (N<sub>t</sub>),0.32
43,No public infrastructure,Effective labor (N<sub>t</sub>),0.32
44,No public infrastructure,Effective labor (N<sub>t</sub>),0.32
45,No public infrastructure,Effective labor (N<sub>t</sub>),0.32
46,No public infrastructure,Effective labor (N<sub>t</sub>),0.32
47,No public infrastructure,Effective labor (N<sub>t</sub>),0.32
48,No public infrastructure,Effective labor (N<sub>t</sub>),0.32
49,No public infrastructure,Effective labor (N<sub>t</sub>),0.319
50,No public infrastructure,Effective labor (N<sub>t</sub>),0.319
51,No public infrastructure,Effective labor (N<sub>t</sub>),0.319
52,No public infrastructure,Effective labor (N<sub>t</sub>),0.319
53,No public infrastructure,Effective labor (N<sub>t</sub>),0.319
54,No public infrastructure,Effective labor (N<sub>t</sub>),0.319
55,No public infrastructure,Effective labor (N<sub>t</sub>),0.319
56,No public infrastructure,Effective labor (N<sub>t</sub>),0.319
57,No public infrastructure,Effective labor (N<sub>t</sub>),0.319
58,No public infrastructure,Effective labor (N<sub>t</sub>),0.318
59,No public infrastructure,Effective labor (N<sub>t</sub>),0.318
60,No public infrastructure,Effective labor (N<sub>t</sub>),0.318
61,No public infrastructure,Effective labor (N<sub>t</sub>),0.318
62,No public infrastructure,Effective labor (N<sub>t</sub>),0.318
63,No public infrastructure,Effective labor (N<sub>t</sub>),0.318
64,No public infrastructure,Effective labor (N<sub>t</sub>),0.318
65,No public infrastructure,Effective labor (N<sub>t</sub>),0.318
66,No public infrastructure,Effective labor (N<sub>t</sub>),0.318
67,No public infrastructure,Effective labor (N<sub>t</sub>),0.318
68,No public infrastructure,Effective labor (N<sub>t</sub>),0.318
69,No public infrastructure,Effective labor (N<sub>t</sub>),0.318
70,No public infrastructure,Effective labor (N<sub>t</sub>),0.318
71,No public infrastructure,Effective labor (N<sub>t</sub>),0.317
72,No public infrastructure,Effective labor (N<sub>t</sub>),0.317
73,No public infrastructure,Effective labor (N<sub>t</sub>),0.317
74,No public infrastructure,Effective labor (N<sub>t</sub>),0.317
75,No public infrastructure,Effective labor (N<sub>t</sub>),0.317
76,No public infrastructure,Effective labor (N<sub>t</sub>),0.317
77,No public infrastructure,Effective labor (N<sub>t</sub>),0.317
78,No public infrastructure,Effective labor (N<sub>t</sub>),0.317
79,No public infrastructure,Effective labor (N<sub>t</sub>),0.317
80,No public infrastructure,Effective labor (N<sub>t</sub>),0.317
81,No public infrastructure,Effective labor (N<sub>t</sub>),0.317
82,No public infrastructure,Effective labor (N<sub>t</sub>),0.317
83,No public infrastructure,Effective labor (N<sub>t</sub>),0.317
84,No public infrastructure,Effective labor (N<sub>t</sub>),0.317
85,No public infrastructure,Effective labor (N<sub>t</sub>),0.317
86,No public infrastructure,Effective labor (N<sub>t</sub>),0.317
87,No public infrastructure,Effective labor (N<sub>t</sub>),0.317
88,No public infrastructure,Effective labor (N<sub>t</sub>),0.317
89,No public infrastructure,Effective labor (N<sub>t</sub>),0.317
90,No public infrastructure,Effective labor (N<sub>t</sub>),0.317
91,No public infrastructure,Effective labor (N<sub>t</sub>),0.317
92,No public infrastructure,Effective labor (N<sub>t</sub>),0.317
93,No public infrastructure,Effective labor (N<sub>t</sub>),0.317
94,No public infrastructure,Effective labor (N<sub>t</sub>),0.317
95,No public infrastructure,Effective labor (N<sub>t</sub>),0.317
96,No public infrastructure,Effective labor (N<sub>t</sub>),0.317
97,No public infrastructure,Effective labor (N<sub>t</sub>),0.316
98,No public infrastructure,Effective labor (N<sub>t</sub>),0.316
99,No public infrastructure,Effective labor (N<sub>t</sub>),0.316
100,No public infrastructure,Effective labor (N<sub>t</sub>),0.316
1,No private capital,Effective labor (N<sub>t</sub>),0.295
2,No private capital,Effective labor (N<sub>t</sub>),0.295
3,No private capital,Effective labor (N<sub>t</sub>),0.295
4,No private capital,Effective labor (N<sub>t</sub>),0.295
5,No private capital,Effective labor (N<sub>t</sub>),0.295
6,No private capital,Effective labor (N<sub>t</sub>),0.295
7,No private capital,Effective labor (N<sub>t</sub>),0.295
8,No private capital,Effective labor (N<sub>t</sub>),0.295
9,No private capital,Effective labor (N<sub>t</sub>),0.295
10,No private capital,Effective labor (N<sub>t</sub>),0.295
11,No private capital,Effective labor (N<sub>t</sub>),0.295
12,No private capital,Effective labor (N<sub>t</sub>),0.295
13,No private capital,Effective labor (N<sub>t</sub>),0.295
14,No private capital,Effective labor (N<sub>t</sub>),0.295
15,No private capital,Effective labor (N<sub>t</sub>),0.295
16,No private capital,Effective labor (N<sub>t</sub>),0.295
17,No private capital,Effective labor (N<sub>t</sub>),0.295
18,No private capital,Effective labor (N<sub>t</sub>),0.295
19,No private capital,Effective labor (N<sub>t</sub>),0.295
20,No private capital,Effective labor (N<sub>t</sub>),0.295
21,No private capital,Effective labor (N<sub>t</sub>),0.295
22,No private capital,Effective labor (N<sub>t</sub>),0.295
23,No private capital,Effective labor (N<sub>t</sub>),0.295
24,No private capital,Effective labor (N<sub>t</sub>),0.295
25,No private capital,Effective labor (N<sub>t</sub>),0.295
26,No private capital,Effective labor (N<sub>t</sub>),0.295
27,No private capital,Effective labor (N<sub>t</sub>),0.295
28,No private capital,Effective labor (N<sub>t</sub>),0.295
29,No private capital,Effective labor (N<sub>t</sub>),0.295
30,No private capital,Effective labor (N<sub>t</sub>),0.295
31,No private capital,Effective labor (N<sub>t</sub>),0.295
32,No private capital,Effective labor (N<sub>t</sub>),0.295
33,No private capital,Effective labor (N<sub>t</sub>),0.295
34,No private capital,Effective labor (N<sub>t</sub>),0.295
35,No private capital,Effective labor (N<sub>t</sub>),0.295
36,No private capital,Effective labor (N<sub>t</sub>),0.295
37,No private capital,Effective labor (N<sub>t</sub>),0.295
38,No private capital,Effective labor (N<sub>t</sub>),0.295
39,No private capital,Effective labor (N<sub>t</sub>),0.295
40,No private capital,Effective labor (N<sub>t</sub>),0.295
41,No private capital,Effective labor (N<sub>t</sub>),0.295
42,No private capital,Effective labor (N<sub>t</sub>),0.295
43,No private capital,Effective labor (N<sub>t</sub>),0.295
44,No private capital,Effective labor (N<sub>t</sub>),0.295
45,No private capital,Effective labor (N<sub>t</sub>),0.295
46,No private capital,Effective labor (N<sub>t</sub>),0.295
47,No private capital,Effective labor (N<sub>t</sub>),0.295
48,No private capital,Effective labor (N<sub>t</sub>),0.295
49,No private capital,Effective labor (N<sub>t</sub>),0.295
50,No private capital,Effective labor (N<sub>t</sub>),0.295
51,No private capital,Effective labor (N<sub>t</sub>),0.295
52,No private capital,Effective labor (N<sub>t</sub>),0.295
53,No private capital,Effective labor (N<sub>t</sub>),0.295
54,No private capital,Effective labor (N<sub>t</sub>),0.295
55,No private capital,Effective labor (N<sub>t</sub>),0.295
56,No private capital,Effective labor (N<sub>t</sub>),0.295
57,No private capital,Effective labor (N<sub>t</sub>),0.295
58,No private capital,Effective labor (N<sub>t</sub>),0.295
59,No private capital,Effective labor (N<sub>t</sub>),0.295
60,No private capital,Effective labor (N<sub>t</sub>),0.295
61,No private capital,Effective labor (N<sub>t</sub>),0.295
62,No private capital,Effective labor (N<sub>t</sub>),0.295
63,No private capital,Effective labor (N<sub>t</sub>),0.295
64,No private capital,Effective labor (N<sub>t</sub>),0.295
65,No private capital,Effective labor (N<sub>t</sub>),0.295
66,No private capital,Effective labor (N<sub>t</sub>),0.295
67,No private capital,Effective labor (N<sub>t</sub>),0.295
68,No private capital,Effective labor (N<sub>t</sub>),0.295
69,No private capital,Effective labor (N<sub>t</sub>),0.295
70,No private capital,Effective labor (N<sub>t</sub>),0.295
71,No private capital,Effective labor (N<sub>t</sub>),0.295
72,No private capital,Effective labor (N<sub>t</sub>),0.295
73,No private capital,Effective labor (N<sub>t</sub>),0.295
74,No private capital,Effective labor (N<sub>t</sub>),0.295
75,No private capital,Effective labor (N<sub>t</sub>),0.295
76,No private capital,Effective labor (N<sub>t</sub>),0.295
77,No private capital,Effective labor (N<sub>t</sub>),0.295
78,No private capital,Effective labor (N<sub>t</sub>),0.295
79,No private capital,Effective labor (N<sub>t</sub>),0.295
80,No private capital,Effective labor (N<sub>t</sub>),0.295
81,No private capital,Effective labor (N<sub>t</sub>),0.295
82,No private capital,Effective labor (N<sub>t</sub>),0.295
83,No private capital,Effective labor (N<sub>t</sub>),0.295
84,No private capital,Effective labor (N<sub>t</sub>),0.295
85,No private capital,Effective labor (N<sub>t</sub>),0.295
86,No private capital,Effective labor (N<sub>t</sub>),0.295
87,No private capital,Effective labor (N<sub>t</sub>),0.295
88,No private capital,Effective labor (N<sub>t</sub>),0.295
89,No private capital,Effective labor (N<sub>t</sub>),0.295
90,No private capital,Effective labor (N<sub>t</sub>),0.295
91,No private capital,Effective labor (N<sub>t</sub>),0.295
92,No private capital,Effective labor (N<sub>t</sub>),0.295
93,No private capital,Effective labor (N<sub>t</sub>),0.295
94,No private capital,Effective labor (N<sub>t</sub>),0.295
95,No private capital,Effective labor (N<sub>t</sub>),0.295
96,No private capital,Effective labor (N<sub>t</sub>),0.295
97,No private capital,Effective labor (N<sub>t</sub>),0.295
98,No private capital,Effective labor (N<sub>t</sub>),0.295
99,No private capital,Effective labor (N<sub>t</sub>),0.295
100,No private capital,Effective labor (N<sub>t</sub>),0.295
1,No indexation,Effective labor (N<sub>t</sub>),0.295
2,No indexation,Effective labor (N<sub>t</sub>),0.295
3,No indexation,Effective labor (N<sub>t</sub>),0.295
4,No indexation,Effective labor (N<sub>t</sub>),0.295
5,No indexation,Effective labor (N<sub>t</sub>),0.295
6,No indexation,Effective labor (N<sub>t</sub>),0.295
7,No indexation,Effective labor (N<sub>t</sub>),0.295
8,No indexation,Effective labor (N<sub>t</sub>),0.295
9,No indexation,Effective labor (N<sub>t</sub>),0.295
10,No indexation,Effective labor (N<sub>t</sub>),0.295
11,No indexation,Effective labor (N<sub>t</sub>),0.295
12,No indexation,Effective labor (N<sub>t</sub>),0.295
13,No indexation,Effective labor (N<sub>t</sub>),0.295
14,No indexation,Effective labor (N<sub>t</sub>),0.295
15,No indexation,Effective labor (N<sub>t</sub>),0.295
16,No indexation,Effective labor (N<sub>t</sub>),0.295
17,No indexation,Effective labor (N<sub>t</sub>),0.295
18,No indexation,Effective labor (N<sub>t</sub>),0.295
19,No indexation,Effective labor (N<sub>t</sub>),0.295
20,No indexation,Effective labor (N<sub>t</sub>),0.295
21,No indexation,Effective labor (N<sub>t</sub>),0.295
22,No indexation,Effective labor (N<sub>t</sub>),0.295
23,No indexation,Effective labor (N<sub>t</sub>),0.295
24,No indexation,Effective labor (N<sub>t</sub>),0.295
25,No indexation,Effective labor (N<sub>t</sub>),0.295
26,No indexation,Effective labor (N<sub>t</sub>),0.295
27,No indexation,Effective labor (N<sub>t</sub>),0.295
28,No indexation,Effective labor (N<sub>t</sub>),0.295
29,No indexation,Effective labor (N<sub>t</sub>),0.295
30,No indexation,Effective labor (N<sub>t</sub>),0.295
31,No indexation,Effective labor (N<sub>t</sub>),0.295
32,No indexation,Effective labor (N<sub>t</sub>),0.295
33,No indexation,Effective labor (N<sub>t</sub>),0.295
34,No indexation,Effective labor (N<sub>t</sub>),0.295
35,No indexation,Effective labor (N<sub>t</sub>),0.295
36,No indexation,Effective labor (N<sub>t</sub>),0.295
37,No indexation,Effective labor (N<sub>t</sub>),0.295
38,No indexation,Effective labor (N<sub>t</sub>),0.295
39,No indexation,Effective labor (N<sub>t</sub>),0.295
40,No indexation,Effective labor (N<sub>t</sub>),0.295
41,No indexation,Effective labor (N<sub>t</sub>),0.295
42,No indexation,Effective labor (N<sub>t</sub>),0.295
43,No indexation,Effective labor (N<sub>t</sub>),0.295
44,No indexation,Effective labor (N<sub>t</sub>),0.295
45,No indexation,Effective labor (N<sub>t</sub>),0.295
46,No indexation,Effective labor (N<sub>t</sub>),0.295
47,No indexation,Effective labor (N<sub>t</sub>),0.295
48,No indexation,Effective labor (N<sub>t</sub>),0.295
49,No indexation,Effective labor (N<sub>t</sub>),0.295
50,No indexation,Effective labor (N<sub>t</sub>),0.295
51,No indexation,Effective labor (N<sub>t</sub>),0.295
52,No indexation,Effective labor (N<sub>t</sub>),0.295
53,No indexation,Effective labor (N<sub>t</sub>),0.295
54,No indexation,Effective labor (N<sub>t</sub>),0.295
55,No indexation,Effective labor (N<sub>t</sub>),0.295
56,No indexation,Effective labor (N<sub>t</sub>),0.295
57,No indexation,Effective labor (N<sub>t</sub>),0.295
58,No indexation,Effective labor (N<sub>t</sub>),0.295
59,No indexation,Effective labor (N<sub>t</sub>),0.295
60,No indexation,Effective labor (N<sub>t</sub>),0.295
61,No indexation,Effective labor (N<sub>t</sub>),0.295
62,No indexation,Effective labor (N<sub>t</sub>),0.295
63,No indexation,Effective labor (N<sub>t</sub>),0.295
64,No indexation,Effective labor (N<sub>t</sub>),0.295
65,No indexation,Effective labor (N<sub>t</sub>),0.295
66,No indexation,Effective labor (N<sub>t</sub>),0.295
67,No indexation,Effective labor (N<sub>t</sub>),0.295
68,No indexation,Effective labor (N<sub>t</sub>),0.295
69,No indexation,Effective labor (N<sub>t</sub>),0.295
70,No indexation,Effective labor (N<sub>t</sub>),0.295
71,No indexation,Effective labor (N<sub>t</sub>),0.295
72,No indexation,Effective labor (N<sub>t</sub>),0.295
73,No indexation,Effective labor (N<sub>t</sub>),0.295
74,No indexation,Effective labor (N<sub>t</sub>),0.295
75,No indexation,Effective labor (N<sub>t</sub>),0.295
76,No indexation,Effective labor (N<sub>t</sub>),0.295
77,No indexation,Effective labor (N<sub>t</sub>),0.295
78,No indexation,Effective labor (N<sub>t</sub>),0.295
79,No indexation,Effective labor (N<sub>t</sub>),0.295
80,No indexation,Effective labor (N<sub>t</sub>),0.295
81,No indexation,Effective labor (N<sub>t</sub>),0.295
82,No indexation,Effective labor (N<sub>t</sub>),0.295
83,No indexation,Effective labor (N<sub>t</sub>),0.295
84,No indexation,Effective labor (N<sub>t</sub>),0.295
85,No indexation,Effective labor (N<sub>t</sub>),0.295
86,No indexation,Effective labor (N<sub>t</sub>),0.295
87,No indexation,Effective labor (N<sub>t</sub>),0.295
88,No indexation,Effective labor (N<sub>t</sub>),0.295
89,No indexation,Effective labor (N<sub>t</sub>),0.295
90,No indexation,Effective labor (N<sub>t</sub>),0.295
91,No indexation,Effective labor (N<sub>t</sub>),0.295
92,No indexation,Effective labor (N<sub>t</sub>),0.295
93,No indexation,Effective labor (N<sub>t</sub>),0.295
94,No indexation,Effective labor (N<sub>t</sub>),0.295
95,No indexation,Effective labor (N<sub>t</sub>),0.295
96,No indexation,Effective labor (N<sub>t</sub>),0.295
97,No indexation,Effective labor (N<sub>t</sub>),0.295
98,No indexation,Effective labor (N<sub>t</sub>),0.295
99,No indexation,Effective labor (N<sub>t</sub>),0.295
100,No indexation,Effective labor (N<sub>t</sub>),0.295
1,No trend growth,Effective labor (N<sub>t</sub>),0.291
2,No trend growth,Effective labor (N<sub>t</sub>),0.291
3,No trend growth,Effective labor (N<sub>t</sub>),0.291
4,No trend growth,Effective labor (N<sub>t</sub>),0.291
5,No trend growth,Effective labor (N<sub>t</sub>),0.291
6,No trend growth,Effective labor (N<sub>t</sub>),0.291
7,No trend growth,Effective labor (N<sub>t</sub>),0.291
8,No trend growth,Effective labor (N<sub>t</sub>),0.291
9,No trend growth,Effective labor (N<sub>t</sub>),0.291
10,No trend growth,Effective labor (N<sub>t</sub>),0.291
11,No trend growth,Effective labor (N<sub>t</sub>),0.291
12,No trend growth,Effective labor (N<sub>t</sub>),0.291
13,No trend growth,Effective labor (N<sub>t</sub>),0.291
14,No trend growth,Effective labor (N<sub>t</sub>),0.291
15,No trend growth,Effective labor (N<sub>t</sub>),0.291
16,No trend growth,Effective labor (N<sub>t</sub>),0.291
17,No trend growth,Effective labor (N<sub>t</sub>),0.291
18,No trend growth,Effective labor (N<sub>t</sub>),0.291
19,No trend growth,Effective labor (N<sub>t</sub>),0.291
20,No trend growth,Effective labor (N<sub>t</sub>),0.291
21,No trend growth,Effective labor (N<sub>t</sub>),0.291
22,No trend growth,Effective labor (N<sub>t</sub>),0.291
23,No trend growth,Effective labor (N<sub>t</sub>),0.291
24,No trend growth,Effective labor (N<sub>t</sub>),0.291
25,No trend growth,Effective labor (N<sub>t</sub>),0.291
26,No trend growth,Effective labor (N<sub>t</sub>),0.291
27,No trend growth,Effective labor (N<sub>t</sub>),0.291
28,No trend growth,Effective labor (N<sub>t</sub>),0.291
29,No trend growth,Effective labor (N<sub>t</sub>),0.291
30,No trend growth,Effective labor (N<sub>t</sub>),0.291
31,No trend growth,Effective labor (N<sub>t</sub>),0.291
32,No trend growth,Effective labor (N<sub>t</sub>),0.291
33,No trend growth,Effective labor (N<sub>t</sub>),0.291
34,No trend growth,Effective labor (N<sub>t</sub>),0.291
35,No trend growth,Effective labor (N<sub>t</sub>),0.291
36,No trend growth,Effective labor (N<sub>t</sub>),0.291
37,No trend growth,Effective labor (N<sub>t</sub>),0.291
38,No trend growth,Effective labor (N<sub>t</sub>),0.291
39,No trend growth,Effective labor (N<sub>t</sub>),0.291
40,No trend growth,Effective labor (N<sub>t</sub>),0.291
41,No trend growth,Effective labor (N<sub>t</sub>),0.291
42,No trend growth,Effective labor (N<sub>t</sub>),0.291
43,No trend growth,Effective labor (N<sub>t</sub>),0.291
44,No trend growth,Effective labor (N<sub>t</sub>),0.291
45,No trend growth,Effective labor (N<sub>t</sub>),0.291
46,No trend growth,Effective labor (N<sub>t</sub>),0.291
47,No trend growth,Effective labor (N<sub>t</sub>),0.291
48,No trend growth,Effective labor (N<sub>t</sub>),0.291
49,No trend growth,Effective labor (N<sub>t</sub>),0.291
50,No trend growth,Effective labor (N<sub>t</sub>),0.291
51,No trend growth,Effective labor (N<sub>t</sub>),0.291
52,No trend growth,Effective labor (N<sub>t</sub>),0.291
53,No trend growth,Effective labor (N<sub>t</sub>),0.291
54,No trend growth,Effective labor (N<sub>t</sub>),0.291
55,No trend growth,Effective labor (N<sub>t</sub>),0.291
56,No trend growth,Effective labor (N<sub>t</sub>),0.291
57,No trend growth,Effective labor (N<sub>t</sub>),0.291
58,No trend growth,Effective labor (N<sub>t</sub>),0.291
59,No trend growth,Effective labor (N<sub>t</sub>),0.291
60,No trend growth,Effective labor (N<sub>t</sub>),0.291
61,No trend growth,Effective labor (N<sub>t</sub>),0.291
62,No trend growth,Effective labor (N<sub>t</sub>),0.291
63,No trend growth,Effective labor (N<sub>t</sub>),0.291
64,No trend growth,Effective labor (N<sub>t</sub>),0.291
65,No trend growth,Effective labor (N<sub>t</sub>),0.291
66,No trend growth,Effective labor (N<sub>t</sub>),0.291
67,No trend growth,Effective labor (N<sub>t</sub>),0.291
68,No trend growth,Effective labor (N<sub>t</sub>),0.291
69,No trend growth,Effective labor (N<sub>t</sub>),0.291
70,No trend growth,Effective labor (N<sub>t</sub>),0.291
71,No trend growth,Effective labor (N<sub>t</sub>),0.291
72,No trend growth,Effective labor (N<sub>t</sub>),0.291
73,No trend growth,Effective labor (N<sub>t</sub>),0.291
74,No trend growth,Effective labor (N<sub>t</sub>),0.291
75,No trend growth,Effective labor (N<sub>t</sub>),0.291
76,No trend growth,Effective labor (N<sub>t</sub>),0.291
77,No trend growth,Effective labor (N<sub>t</sub>),0.291
78,No trend growth,Effective labor (N<sub>t</sub>),0.291
79,No trend growth,Effective labor (N<sub>t</sub>),0.291
80,No trend growth,Effective labor (N<sub>t</sub>),0.291
81,No trend growth,Effective labor (N<sub>t</sub>),0.291
82,No trend growth,Effective labor (N<sub>t</sub>),0.291
83,No trend growth,Effective labor (N<sub>t</sub>),0.291
84,No trend growth,Effective labor (N<sub>t</sub>),0.291
85,No trend growth,Effective labor (N<sub>t</sub>),0.291
86,No trend growth,Effective labor (N<sub>t</sub>),0.291
87,No trend growth,Effective labor (N<sub>t</sub>),0.291
88,No trend growth,Effective labor (N<sub>t</sub>),0.291
89,No trend growth,Effective labor (N<sub>t</sub>),0.291
90,No trend growth,Effective labor (N<sub>t</sub>),0.291
91,No trend growth,Effective labor (N<sub>t</sub>),0.291
92,No trend growth,Effective labor (N<sub>t</sub>),0.291
93,No trend growth,Effective labor (N<sub>t</sub>),0.291
94,No trend growth,Effective labor (N<sub>t</sub>),0.291
95,No trend growth,Effective labor (N<sub>t</sub>),0.291
96,No trend growth,Effective labor (N<sub>t</sub>),0.291
97,No trend growth,Effective labor (N<sub>t</sub>),0.291
98,No trend growth,Effective labor (N<sub>t</sub>),0.291
99,No trend growth,Effective labor (N<sub>t</sub>),0.291
100,No trend growth,Effective labor (N<sub>t</sub>),0.291
1,Derived canonical NK,Effective labor (N<sub>t</sub>),0.196
2,Derived canonical NK,Effective labor (N<sub>t</sub>),0.196
3,Derived canonical NK,Effective labor (N<sub>t</sub>),0.196
4,Derived canonical NK,Effective labor (N<sub>t</sub>),0.196
5,Derived canonical NK,Effective labor (N<sub>t</sub>),0.196
6,Derived canonical NK,Effective labor (N<sub>t</sub>),0.196
7,Derived canonical NK,Effective labor (N<sub>t</sub>),0.196
8,Derived canonical NK,Effective labor (N<sub>t</sub>),0.196
9,Derived canonical NK,Effective labor (N<sub>t</sub>),0.196
10,Derived canonical NK,Effective labor (N<sub>t</sub>),0.196
11,Derived canonical NK,Effective labor (N<sub>t</sub>),0.196
12,Derived canonical NK,Effective labor (N<sub>t</sub>),0.196
13,Derived canonical NK,Effective labor (N<sub>t</sub>),0.196
14,Derived canonical NK,Effective labor (N<sub>t</sub>),0.196
15,Derived canonical NK,Effective labor (N<sub>t</sub>),0.196
16,Derived canonical NK,Effective labor (N<sub>t</sub>),0.196
17,Derived canonical NK,Effective labor (N<sub>t</sub>),0.196
18,Derived canonical NK,Effective labor (N<sub>t</sub>),0.196
19,Derived canonical NK,Effective labor (N<sub>t</sub>),0.196
20,Derived canonical NK,Effective labor (N<sub>t</sub>),0.196
21,Derived canonical NK,Effective labor (N<sub>t</sub>),0.196
22,Derived canonical NK,Effective labor (N<sub>t</sub>),0.196
23,Derived canonical NK,Effective labor (N<sub>t</sub>),0.196
24,Derived canonical NK,Effective labor (N<sub>t</sub>),0.196
25,Derived canonical NK,Effective labor (N<sub>t</sub>),0.196
26,Derived canonical NK,Effective labor (N<sub>t</sub>),0.196
27,Derived canonical NK,Effective labor (N<sub>t</sub>),0.196
28,Derived canonical NK,Effective labor (N<sub>t</sub>),0.196
29,Derived canonical NK,Effective labor (N<sub>t</sub>),0.196
30,Derived canonical NK,Effective labor (N<sub>t</sub>),0.196
31,Derived canonical NK,Effective labor (N<sub>t</sub>),0.196
32,Derived canonical NK,Effective labor (N<sub>t</sub>),0.196
33,Derived canonical NK,Effective labor (N<sub>t</sub>),0.196
34,Derived canonical NK,Effective labor (N<sub>t</sub>),0.196
35,Derived canonical NK,Effective labor (N<sub>t</sub>),0.196
36,Derived canonical NK,Effective labor (N<sub>t</sub>),0.196
37,Derived canonical NK,Effective labor (N<sub>t</sub>),0.196
38,Derived canonical NK,Effective labor (N<sub>t</sub>),0.196
39,Derived canonical NK,Effective labor (N<sub>t</sub>),0.196
40,Derived canonical NK,Effective labor (N<sub>t</sub>),0.196
41,Derived canonical NK,Effective labor (N<sub>t</sub>),0.196
42,Derived canonical NK,Effective labor (N<sub>t</sub>),0.196
43,Derived canonical NK,Effective labor (N<sub>t</sub>),0.196
44,Derived canonical NK,Effective labor (N<sub>t</sub>),0.196
45,Derived canonical NK,Effective labor (N<sub>t</sub>),0.196
46,Derived canonical NK,Effective labor (N<sub>t</sub>),0.196
47,Derived canonical NK,Effective labor (N<sub>t</sub>),0.196
48,Derived canonical NK,Effective labor (N<sub>t</sub>),0.196
49,Derived canonical NK,Effective labor (N<sub>t</sub>),0.196
50,Derived canonical NK,Effective labor (N<sub>t</sub>),0.196
51,Derived canonical NK,Effective labor (N<sub>t</sub>),0.196
52,Derived canonical NK,Effective labor (N<sub>t</sub>),0.196
53,Derived canonical NK,Effective labor (N<sub>t</sub>),0.196
54,Derived canonical NK,Effective labor (N<sub>t</sub>),0.196
55,Derived canonical NK,Effective labor (N<sub>t</sub>),0.196
56,Derived canonical NK,Effective labor (N<sub>t</sub>),0.196
57,Derived canonical NK,Effective labor (N<sub>t</sub>),0.196
58,Derived canonical NK,Effective labor (N<sub>t</sub>),0.196
59,Derived canonical NK,Effective labor (N<sub>t</sub>),0.196
60,Derived canonical NK,Effective labor (N<sub>t</sub>),0.196
61,Derived canonical NK,Effective labor (N<sub>t</sub>),0.196
62,Derived canonical NK,Effective labor (N<sub>t</sub>),0.196
63,Derived canonical NK,Effective labor (N<sub>t</sub>),0.196
64,Derived canonical NK,Effective labor (N<sub>t</sub>),0.196
65,Derived canonical NK,Effective labor (N<sub>t</sub>),0.196
66,Derived canonical NK,Effective labor (N<sub>t</sub>),0.196
67,Derived canonical NK,Effective labor (N<sub>t</sub>),0.196
68,Derived canonical NK,Effective labor (N<sub>t</sub>),0.196
69,Derived canonical NK,Effective labor (N<sub>t</sub>),0.196
70,Derived canonical NK,Effective labor (N<sub>t</sub>),0.196
71,Derived canonical NK,Effective labor (N<sub>t</sub>),0.196
72,Derived canonical NK,Effective labor (N<sub>t</sub>),0.196
73,Derived canonical NK,Effective labor (N<sub>t</sub>),0.196
74,Derived canonical NK,Effective labor (N<sub>t</sub>),0.196
75,Derived canonical NK,Effective labor (N<sub>t</sub>),0.196
76,Derived canonical NK,Effective labor (N<sub>t</sub>),0.196
77,Derived canonical NK,Effective labor (N<sub>t</sub>),0.196
78,Derived canonical NK,Effective labor (N<sub>t</sub>),0.196
79,Derived canonical NK,Effective labor (N<sub>t</sub>),0.196
80,Derived canonical NK,Effective labor (N<sub>t</sub>),0.196
81,Derived canonical NK,Effective labor (N<sub>t</sub>),0.196
82,Derived canonical NK,Effective labor (N<sub>t</sub>),0.196
83,Derived canonical NK,Effective labor (N<sub>t</sub>),0.196
84,Derived canonical NK,Effective labor (N<sub>t</sub>),0.196
85,Derived canonical NK,Effective labor (N<sub>t</sub>),0.196
86,Derived canonical NK,Effective labor (N<sub>t</sub>),0.196
87,Derived canonical NK,Effective labor (N<sub>t</sub>),0.196
88,Derived canonical NK,Effective labor (N<sub>t</sub>),0.196
89,Derived canonical NK,Effective labor (N<sub>t</sub>),0.196
90,Derived canonical NK,Effective labor (N<sub>t</sub>),0.196
91,Derived canonical NK,Effective labor (N<sub>t</sub>),0.196
92,Derived canonical NK,Effective labor (N<sub>t</sub>),0.196
93,Derived canonical NK,Effective labor (N<sub>t</sub>),0.196
94,Derived canonical NK,Effective labor (N<sub>t</sub>),0.196
95,Derived canonical NK,Effective labor (N<sub>t</sub>),0.196
96,Derived canonical NK,Effective labor (N<sub>t</sub>),0.196
97,Derived canonical NK,Effective labor (N<sub>t</sub>),0.196
98,Derived canonical NK,Effective labor (N<sub>t</sub>),0.196
99,Derived canonical NK,Effective labor (N<sub>t</sub>),0.196
100,Derived canonical NK,Effective labor (N<sub>t</sub>),0.196
1,Canonical NK control,Effective labor (N<sub>t</sub>),0.196
2,Canonical NK control,Effective labor (N<sub>t</sub>),0.196
3,Canonical NK control,Effective labor (N<sub>t</sub>),0.196
4,Canonical NK control,Effective labor (N<sub>t</sub>),0.196
5,Canonical NK control,Effective labor (N<sub>t</sub>),0.196
6,Canonical NK control,Effective labor (N<sub>t</sub>),0.196
7,Canonical NK control,Effective labor (N<sub>t</sub>),0.196
8,Canonical NK control,Effective labor (N<sub>t</sub>),0.196
9,Canonical NK control,Effective labor (N<sub>t</sub>),0.196
10,Canonical NK control,Effective labor (N<sub>t</sub>),0.196
11,Canonical NK control,Effective labor (N<sub>t</sub>),0.196
12,Canonical NK control,Effective labor (N<sub>t</sub>),0.196
13,Canonical NK control,Effective labor (N<sub>t</sub>),0.196
14,Canonical NK control,Effective labor (N<sub>t</sub>),0.196
15,Canonical NK control,Effective labor (N<sub>t</sub>),0.196
16,Canonical NK control,Effective labor (N<sub>t</sub>),0.196
17,Canonical NK control,Effective labor (N<sub>t</sub>),0.196
18,Canonical NK control,Effective labor (N<sub>t</sub>),0.196
19,Canonical NK control,Effective labor (N<sub>t</sub>),0.196
20,Canonical NK control,Effective labor (N<sub>t</sub>),0.196
21,Canonical NK control,Effective labor (N<sub>t</sub>),0.196
22,Canonical NK control,Effective labor (N<sub>t</sub>),0.196
23,Canonical NK control,Effective labor (N<sub>t</sub>),0.196
24,Canonical NK control,Effective labor (N<sub>t</sub>),0.196
25,Canonical NK control,Effective labor (N<sub>t</sub>),0.196
26,Canonical NK control,Effective labor (N<sub>t</sub>),0.196
27,Canonical NK control,Effective labor (N<sub>t</sub>),0.196
28,Canonical NK control,Effective labor (N<sub>t</sub>),0.196
29,Canonical NK control,Effective labor (N<sub>t</sub>),0.196
30,Canonical NK control,Effective labor (N<sub>t</sub>),0.196
31,Canonical NK control,Effective labor (N<sub>t</sub>),0.196
32,Canonical NK control,Effective labor (N<sub>t</sub>),0.196
33,Canonical NK control,Effective labor (N<sub>t</sub>),0.196
34,Canonical NK control,Effective labor (N<sub>t</sub>),0.196
35,Canonical NK control,Effective labor (N<sub>t</sub>),0.196
36,Canonical NK control,Effective labor (N<sub>t</sub>),0.196
37,Canonical NK control,Effective labor (N<sub>t</sub>),0.196
38,Canonical NK control,Effective labor (N<sub>t</sub>),0.196
39,Canonical NK control,Effective labor (N<sub>t</sub>),0.196
40,Canonical NK control,Effective labor (N<sub>t</sub>),0.196
41,Canonical NK control,Effective labor (N<sub>t</sub>),0.196
42,Canonical NK control,Effective labor (N<sub>t</sub>),0.196
43,Canonical NK control,Effective labor (N<sub>t</sub>),0.196
44,Canonical NK control,Effective labor (N<sub>t</sub>),0.196
45,Canonical NK control,Effective labor (N<sub>t</sub>),0.196
46,Canonical NK control,Effective labor (N<sub>t</sub>),0.196
47,Canonical NK control,Effective labor (N<sub>t</sub>),0.196
48,Canonical NK control,Effective labor (N<sub>t</sub>),0.196
49,Canonical NK control,Effective labor (N<sub>t</sub>),0.196
50,Canonical NK control,Effective labor (N<sub>t</sub>),0.196
51,Canonical NK control,Effective labor (N<sub>t</sub>),0.196
52,Canonical NK control,Effective labor (N<sub>t</sub>),0.196
53,Canonical NK control,Effective labor (N<sub>t</sub>),0.196
54,Canonical NK control,Effective labor (N<sub>t</sub>),0.196
55,Canonical NK control,Effective labor (N<sub>t</sub>),0.196
56,Canonical NK control,Effective labor (N<sub>t</sub>),0.196
57,Canonical NK control,Effective labor (N<sub>t</sub>),0.196
58,Canonical NK control,Effective labor (N<sub>t</sub>),0.196
59,Canonical NK control,Effective labor (N<sub>t</sub>),0.196
60,Canonical NK control,Effective labor (N<sub>t</sub>),0.196
61,Canonical NK control,Effective labor (N<sub>t</sub>),0.196
62,Canonical NK control,Effective labor (N<sub>t</sub>),0.196
63,Canonical NK control,Effective labor (N<sub>t</sub>),0.196
64,Canonical NK control,Effective labor (N<sub>t</sub>),0.196
65,Canonical NK control,Effective labor (N<sub>t</sub>),0.196
66,Canonical NK control,Effective labor (N<sub>t</sub>),0.196
67,Canonical NK control,Effective labor (N<sub>t</sub>),0.196
68,Canonical NK control,Effective labor (N<sub>t</sub>),0.196
69,Canonical NK control,Effective labor (N<sub>t</sub>),0.196
70,Canonical NK control,Effective labor (N<sub>t</sub>),0.196
71,Canonical NK control,Effective labor (N<sub>t</sub>),0.196
72,Canonical NK control,Effective labor (N<sub>t</sub>),0.196
73,Canonical NK control,Effective labor (N<sub>t</sub>),0.196
74,Canonical NK control,Effective labor (N<sub>t</sub>),0.196
75,Canonical NK control,Effective labor (N<sub>t</sub>),0.196
76,Canonical NK control,Effective labor (N<sub>t</sub>),0.196
77,Canonical NK control,Effective labor (N<sub>t</sub>),0.196
78,Canonical NK control,Effective labor (N<sub>t</sub>),0.196
79,Canonical NK control,Effective labor (N<sub>t</sub>),0.196
80,Canonical NK control,Effective labor (N<sub>t</sub>),0.196
81,Canonical NK control,Effective labor (N<sub>t</sub>),0.196
82,Canonical NK control,Effective labor (N<sub>t</sub>),0.196
83,Canonical NK control,Effective labor (N<sub>t</sub>),0.196
84,Canonical NK control,Effective labor (N<sub>t</sub>),0.196
85,Canonical NK control,Effective labor (N<sub>t</sub>),0.196
86,Canonical NK control,Effective labor (N<sub>t</sub>),0.196
87,Canonical NK control,Effective labor (N<sub>t</sub>),0.196
88,Canonical NK control,Effective labor (N<sub>t</sub>),0.196
89,Canonical NK control,Effective labor (N<sub>t</sub>),0.196
90,Canonical NK control,Effective labor (N<sub>t</sub>),0.196
91,Canonical NK control,Effective labor (N<sub>t</sub>),0.196
92,Canonical NK control,Effective labor (N<sub>t</sub>),0.196
93,Canonical NK control,Effective labor (N<sub>t</sub>),0.196
94,Canonical NK control,Effective labor (N<sub>t</sub>),0.196
95,Canonical NK control,Effective labor (N<sub>t</sub>),0.196
96,Canonical NK control,Effective labor (N<sub>t</sub>),0.196
97,Canonical NK control,Effective labor (N<sub>t</sub>),0.196
98,Canonical NK control,Effective labor (N<sub>t</sub>),0.196
99,Canonical NK control,Effective labor (N<sub>t</sub>),0.196
100,Canonical NK control,Effective labor (N<sub>t</sub>),0.196
1,Full model,Labor supply (L<sub>t</sub>),0.574
2,Full model,Labor supply (L<sub>t</sub>),0.288
3,Full model,Labor supply (L<sub>t</sub>),0.304
4,Full model,Labor supply (L<sub>t</sub>),0.31
5,Full model,Labor supply (L<sub>t</sub>),0.312
6,Full model,Labor supply (L<sub>t</sub>),0.313
7,Full model,Labor supply (L<sub>t</sub>),0.314
8,Full model,Labor supply (L<sub>t</sub>),0.315
9,Full model,Labor supply (L<sub>t</sub>),0.316
10,Full model,Labor supply (L<sub>t</sub>),0.317
11,Full model,Labor supply (L<sub>t</sub>),0.317
12,Full model,Labor supply (L<sub>t</sub>),0.318
13,Full model,Labor supply (L<sub>t</sub>),0.318
14,Full model,Labor supply (L<sub>t</sub>),0.319
15,Full model,Labor supply (L<sub>t</sub>),0.319
16,Full model,Labor supply (L<sub>t</sub>),0.32
17,Full model,Labor supply (L<sub>t</sub>),0.32
18,Full model,Labor supply (L<sub>t</sub>),0.32
19,Full model,Labor supply (L<sub>t</sub>),0.321
20,Full model,Labor supply (L<sub>t</sub>),0.321
21,Full model,Labor supply (L<sub>t</sub>),0.321
22,Full model,Labor supply (L<sub>t</sub>),0.321
23,Full model,Labor supply (L<sub>t</sub>),0.321
24,Full model,Labor supply (L<sub>t</sub>),0.322
25,Full model,Labor supply (L<sub>t</sub>),0.322
26,Full model,Labor supply (L<sub>t</sub>),0.322
27,Full model,Labor supply (L<sub>t</sub>),0.322
28,Full model,Labor supply (L<sub>t</sub>),0.322
29,Full model,Labor supply (L<sub>t</sub>),0.322
30,Full model,Labor supply (L<sub>t</sub>),0.322
31,Full model,Labor supply (L<sub>t</sub>),0.322
32,Full model,Labor supply (L<sub>t</sub>),0.322
33,Full model,Labor supply (L<sub>t</sub>),0.322
34,Full model,Labor supply (L<sub>t</sub>),0.321
35,Full model,Labor supply (L<sub>t</sub>),0.321
36,Full model,Labor supply (L<sub>t</sub>),0.321
37,Full model,Labor supply (L<sub>t</sub>),0.321
38,Full model,Labor supply (L<sub>t</sub>),0.321
39,Full model,Labor supply (L<sub>t</sub>),0.321
40,Full model,Labor supply (L<sub>t</sub>),0.321
41,Full model,Labor supply (L<sub>t</sub>),0.32
42,Full model,Labor supply (L<sub>t</sub>),0.32
43,Full model,Labor supply (L<sub>t</sub>),0.32
44,Full model,Labor supply (L<sub>t</sub>),0.32
45,Full model,Labor supply (L<sub>t</sub>),0.32
46,Full model,Labor supply (L<sub>t</sub>),0.319
47,Full model,Labor supply (L<sub>t</sub>),0.319
48,Full model,Labor supply (L<sub>t</sub>),0.319
49,Full model,Labor supply (L<sub>t</sub>),0.319
50,Full model,Labor supply (L<sub>t</sub>),0.319
51,Full model,Labor supply (L<sub>t</sub>),0.318
52,Full model,Labor supply (L<sub>t</sub>),0.318
53,Full model,Labor supply (L<sub>t</sub>),0.318
54,Full model,Labor supply (L<sub>t</sub>),0.317
55,Full model,Labor supply (L<sub>t</sub>),0.317
56,Full model,Labor supply (L<sub>t</sub>),0.317
57,Full model,Labor supply (L<sub>t</sub>),0.317
58,Full model,Labor supply (L<sub>t</sub>),0.316
59,Full model,Labor supply (L<sub>t</sub>),0.316
60,Full model,Labor supply (L<sub>t</sub>),0.316
61,Full model,Labor supply (L<sub>t</sub>),0.315
62,Full model,Labor supply (L<sub>t</sub>),0.315
63,Full model,Labor supply (L<sub>t</sub>),0.315
64,Full model,Labor supply (L<sub>t</sub>),0.315
65,Full model,Labor supply (L<sub>t</sub>),0.314
66,Full model,Labor supply (L<sub>t</sub>),0.314
67,Full model,Labor supply (L<sub>t</sub>),0.314
68,Full model,Labor supply (L<sub>t</sub>),0.313
69,Full model,Labor supply (L<sub>t</sub>),0.313
70,Full model,Labor supply (L<sub>t</sub>),0.313
71,Full model,Labor supply (L<sub>t</sub>),0.313
72,Full model,Labor supply (L<sub>t</sub>),0.312
73,Full model,Labor supply (L<sub>t</sub>),0.312
74,Full model,Labor supply (L<sub>t</sub>),0.312
75,Full model,Labor supply (L<sub>t</sub>),0.311
76,Full model,Labor supply (L<sub>t</sub>),0.311
77,Full model,Labor supply (L<sub>t</sub>),0.311
78,Full model,Labor supply (L<sub>t</sub>),0.31
79,Full model,Labor supply (L<sub>t</sub>),0.31
80,Full model,Labor supply (L<sub>t</sub>),0.31
81,Full model,Labor supply (L<sub>t</sub>),0.31
82,Full model,Labor supply (L<sub>t</sub>),0.309
83,Full model,Labor supply (L<sub>t</sub>),0.309
84,Full model,Labor supply (L<sub>t</sub>),0.309
85,Full model,Labor supply (L<sub>t</sub>),0.308
86,Full model,Labor supply (L<sub>t</sub>),0.308
87,Full model,Labor supply (L<sub>t</sub>),0.308
88,Full model,Labor supply (L<sub>t</sub>),0.307
89,Full model,Labor supply (L<sub>t</sub>),0.307
90,Full model,Labor supply (L<sub>t</sub>),0.307
91,Full model,Labor supply (L<sub>t</sub>),0.307
92,Full model,Labor supply (L<sub>t</sub>),0.306
93,Full model,Labor supply (L<sub>t</sub>),0.306
94,Full model,Labor supply (L<sub>t</sub>),0.306
95,Full model,Labor supply (L<sub>t</sub>),0.306
96,Full model,Labor supply (L<sub>t</sub>),0.305
97,Full model,Labor supply (L<sub>t</sub>),0.305
98,Full model,Labor supply (L<sub>t</sub>),0.305
99,Full model,Labor supply (L<sub>t</sub>),0.304
100,Full model,Labor supply (L<sub>t</sub>),0.304
1,No endogenous technology,Labor supply (L<sub>t</sub>),0.557
2,No endogenous technology,Labor supply (L<sub>t</sub>),0.29
3,No endogenous technology,Labor supply (L<sub>t</sub>),0.305
4,No endogenous technology,Labor supply (L<sub>t</sub>),0.31
5,No endogenous technology,Labor supply (L<sub>t</sub>),0.312
6,No endogenous technology,Labor supply (L<sub>t</sub>),0.313
7,No endogenous technology,Labor supply (L<sub>t</sub>),0.314
8,No endogenous technology,Labor supply (L<sub>t</sub>),0.315
9,No endogenous technology,Labor supply (L<sub>t</sub>),0.315
10,No endogenous technology,Labor supply (L<sub>t</sub>),0.316
11,No endogenous technology,Labor supply (L<sub>t</sub>),0.316
12,No endogenous technology,Labor supply (L<sub>t</sub>),0.317
13,No endogenous technology,Labor supply (L<sub>t</sub>),0.317
14,No endogenous technology,Labor supply (L<sub>t</sub>),0.317
15,No endogenous technology,Labor supply (L<sub>t</sub>),0.317
16,No endogenous technology,Labor supply (L<sub>t</sub>),0.318
17,No endogenous technology,Labor supply (L<sub>t</sub>),0.318
18,No endogenous technology,Labor supply (L<sub>t</sub>),0.318
19,No endogenous technology,Labor supply (L<sub>t</sub>),0.318
20,No endogenous technology,Labor supply (L<sub>t</sub>),0.318
21,No endogenous technology,Labor supply (L<sub>t</sub>),0.318
22,No endogenous technology,Labor supply (L<sub>t</sub>),0.318
23,No endogenous technology,Labor supply (L<sub>t</sub>),0.318
24,No endogenous technology,Labor supply (L<sub>t</sub>),0.318
25,No endogenous technology,Labor supply (L<sub>t</sub>),0.318
26,No endogenous technology,Labor supply (L<sub>t</sub>),0.318
27,No endogenous technology,Labor supply (L<sub>t</sub>),0.318
28,No endogenous technology,Labor supply (L<sub>t</sub>),0.317
29,No endogenous technology,Labor supply (L<sub>t</sub>),0.317
30,No endogenous technology,Labor supply (L<sub>t</sub>),0.317
31,No endogenous technology,Labor supply (L<sub>t</sub>),0.317
32,No endogenous technology,Labor supply (L<sub>t</sub>),0.317
33,No endogenous technology,Labor supply (L<sub>t</sub>),0.317
34,No endogenous technology,Labor supply (L<sub>t</sub>),0.316
35,No endogenous technology,Labor supply (L<sub>t</sub>),0.316
36,No endogenous technology,Labor supply (L<sub>t</sub>),0.316
37,No endogenous technology,Labor supply (L<sub>t</sub>),0.316
38,No endogenous technology,Labor supply (L<sub>t</sub>),0.316
39,No endogenous technology,Labor supply (L<sub>t</sub>),0.316
40,No endogenous technology,Labor supply (L<sub>t</sub>),0.315
41,No endogenous technology,Labor supply (L<sub>t</sub>),0.315
42,No endogenous technology,Labor supply (L<sub>t</sub>),0.315
43,No endogenous technology,Labor supply (L<sub>t</sub>),0.315
44,No endogenous technology,Labor supply (L<sub>t</sub>),0.314
45,No endogenous technology,Labor supply (L<sub>t</sub>),0.314
46,No endogenous technology,Labor supply (L<sub>t</sub>),0.314
47,No endogenous technology,Labor supply (L<sub>t</sub>),0.314
48,No endogenous technology,Labor supply (L<sub>t</sub>),0.314
49,No endogenous technology,Labor supply (L<sub>t</sub>),0.313
50,No endogenous technology,Labor supply (L<sub>t</sub>),0.313
51,No endogenous technology,Labor supply (L<sub>t</sub>),0.313
52,No endogenous technology,Labor supply (L<sub>t</sub>),0.313
53,No endogenous technology,Labor supply (L<sub>t</sub>),0.312
54,No endogenous technology,Labor supply (L<sub>t</sub>),0.312
55,No endogenous technology,Labor supply (L<sub>t</sub>),0.312
56,No endogenous technology,Labor supply (L<sub>t</sub>),0.312
57,No endogenous technology,Labor supply (L<sub>t</sub>),0.312
58,No endogenous technology,Labor supply (L<sub>t</sub>),0.311
59,No endogenous technology,Labor supply (L<sub>t</sub>),0.311
60,No endogenous technology,Labor supply (L<sub>t</sub>),0.311
61,No endogenous technology,Labor supply (L<sub>t</sub>),0.311
62,No endogenous technology,Labor supply (L<sub>t</sub>),0.311
63,No endogenous technology,Labor supply (L<sub>t</sub>),0.31
64,No endogenous technology,Labor supply (L<sub>t</sub>),0.31
65,No endogenous technology,Labor supply (L<sub>t</sub>),0.31
66,No endogenous technology,Labor supply (L<sub>t</sub>),0.31
67,No endogenous technology,Labor supply (L<sub>t</sub>),0.31
68,No endogenous technology,Labor supply (L<sub>t</sub>),0.309
69,No endogenous technology,Labor supply (L<sub>t</sub>),0.309
70,No endogenous technology,Labor supply (L<sub>t</sub>),0.309
71,No endogenous technology,Labor supply (L<sub>t</sub>),0.309
72,No endogenous technology,Labor supply (L<sub>t</sub>),0.309
73,No endogenous technology,Labor supply (L<sub>t</sub>),0.309
74,No endogenous technology,Labor supply (L<sub>t</sub>),0.308
75,No endogenous technology,Labor supply (L<sub>t</sub>),0.308
76,No endogenous technology,Labor supply (L<sub>t</sub>),0.308
77,No endogenous technology,Labor supply (L<sub>t</sub>),0.308
78,No endogenous technology,Labor supply (L<sub>t</sub>),0.308
79,No endogenous technology,Labor supply (L<sub>t</sub>),0.308
80,No endogenous technology,Labor supply (L<sub>t</sub>),0.307
81,No endogenous technology,Labor supply (L<sub>t</sub>),0.307
82,No endogenous technology,Labor supply (L<sub>t</sub>),0.307
83,No endogenous technology,Labor supply (L<sub>t</sub>),0.307
84,No endogenous technology,Labor supply (L<sub>t</sub>),0.307
85,No endogenous technology,Labor supply (L<sub>t</sub>),0.307
86,No endogenous technology,Labor supply (L<sub>t</sub>),0.307
87,No endogenous technology,Labor supply (L<sub>t</sub>),0.306
88,No endogenous technology,Labor supply (L<sub>t</sub>),0.306
89,No endogenous technology,Labor supply (L<sub>t</sub>),0.306
90,No endogenous technology,Labor supply (L<sub>t</sub>),0.306
91,No endogenous technology,Labor supply (L<sub>t</sub>),0.306
92,No endogenous technology,Labor supply (L<sub>t</sub>),0.306
93,No endogenous technology,Labor supply (L<sub>t</sub>),0.306
94,No endogenous technology,Labor supply (L<sub>t</sub>),0.306
95,No endogenous technology,Labor supply (L<sub>t</sub>),0.306
96,No endogenous technology,Labor supply (L<sub>t</sub>),0.305
97,No endogenous technology,Labor supply (L<sub>t</sub>),0.305
98,No endogenous technology,Labor supply (L<sub>t</sub>),0.305
99,No endogenous technology,Labor supply (L<sub>t</sub>),0.305
100,No endogenous technology,Labor supply (L<sub>t</sub>),0.305
1,No human capital,Labor supply (L<sub>t</sub>),0.387
2,No human capital,Labor supply (L<sub>t</sub>),0.33
3,No human capital,Labor supply (L<sub>t</sub>),0.333
4,No human capital,Labor supply (L<sub>t</sub>),0.334
5,No human capital,Labor supply (L<sub>t</sub>),0.333
6,No human capital,Labor supply (L<sub>t</sub>),0.333
7,No human capital,Labor supply (L<sub>t</sub>),0.332
8,No human capital,Labor supply (L<sub>t</sub>),0.332
9,No human capital,Labor supply (L<sub>t</sub>),0.331
10,No human capital,Labor supply (L<sub>t</sub>),0.33
11,No human capital,Labor supply (L<sub>t</sub>),0.33
12,No human capital,Labor supply (L<sub>t</sub>),0.329
13,No human capital,Labor supply (L<sub>t</sub>),0.329
14,No human capital,Labor supply (L<sub>t</sub>),0.328
15,No human capital,Labor supply (L<sub>t</sub>),0.328
16,No human capital,Labor supply (L<sub>t</sub>),0.328
17,No human capital,Labor supply (L<sub>t</sub>),0.327
18,No human capital,Labor supply (L<sub>t</sub>),0.327
19,No human capital,Labor supply (L<sub>t</sub>),0.326
20,No human capital,Labor supply (L<sub>t</sub>),0.326
21,No human capital,Labor supply (L<sub>t</sub>),0.326
22,No human capital,Labor supply (L<sub>t</sub>),0.325
23,No human capital,Labor supply (L<sub>t</sub>),0.325
24,No human capital,Labor supply (L<sub>t</sub>),0.325
25,No human capital,Labor supply (L<sub>t</sub>),0.324
26,No human capital,Labor supply (L<sub>t</sub>),0.324
27,No human capital,Labor supply (L<sub>t</sub>),0.324
28,No human capital,Labor supply (L<sub>t</sub>),0.323
29,No human capital,Labor supply (L<sub>t</sub>),0.323
30,No human capital,Labor supply (L<sub>t</sub>),0.323
31,No human capital,Labor supply (L<sub>t</sub>),0.323
32,No human capital,Labor supply (L<sub>t</sub>),0.322
33,No human capital,Labor supply (L<sub>t</sub>),0.322
34,No human capital,Labor supply (L<sub>t</sub>),0.322
35,No human capital,Labor supply (L<sub>t</sub>),0.322
36,No human capital,Labor supply (L<sub>t</sub>),0.322
37,No human capital,Labor supply (L<sub>t</sub>),0.321
38,No human capital,Labor supply (L<sub>t</sub>),0.321
39,No human capital,Labor supply (L<sub>t</sub>),0.321
40,No human capital,Labor supply (L<sub>t</sub>),0.321
41,No human capital,Labor supply (L<sub>t</sub>),0.321
42,No human capital,Labor supply (L<sub>t</sub>),0.32
43,No human capital,Labor supply (L<sub>t</sub>),0.32
44,No human capital,Labor supply (L<sub>t</sub>),0.32
45,No human capital,Labor supply (L<sub>t</sub>),0.32
46,No human capital,Labor supply (L<sub>t</sub>),0.32
47,No human capital,Labor supply (L<sub>t</sub>),0.32
48,No human capital,Labor supply (L<sub>t</sub>),0.32
49,No human capital,Labor supply (L<sub>t</sub>),0.319
50,No human capital,Labor supply (L<sub>t</sub>),0.319
51,No human capital,Labor supply (L<sub>t</sub>),0.319
52,No human capital,Labor supply (L<sub>t</sub>),0.319
53,No human capital,Labor supply (L<sub>t</sub>),0.319
54,No human capital,Labor supply (L<sub>t</sub>),0.319
55,No human capital,Labor supply (L<sub>t</sub>),0.319
56,No human capital,Labor supply (L<sub>t</sub>),0.319
57,No human capital,Labor supply (L<sub>t</sub>),0.319
58,No human capital,Labor supply (L<sub>t</sub>),0.318
59,No human capital,Labor supply (L<sub>t</sub>),0.318
60,No human capital,Labor supply (L<sub>t</sub>),0.318
61,No human capital,Labor supply (L<sub>t</sub>),0.318
62,No human capital,Labor supply (L<sub>t</sub>),0.318
63,No human capital,Labor supply (L<sub>t</sub>),0.318
64,No human capital,Labor supply (L<sub>t</sub>),0.318
65,No human capital,Labor supply (L<sub>t</sub>),0.318
66,No human capital,Labor supply (L<sub>t</sub>),0.318
67,No human capital,Labor supply (L<sub>t</sub>),0.318
68,No human capital,Labor supply (L<sub>t</sub>),0.318
69,No human capital,Labor supply (L<sub>t</sub>),0.318
70,No human capital,Labor supply (L<sub>t</sub>),0.318
71,No human capital,Labor supply (L<sub>t</sub>),0.317
72,No human capital,Labor supply (L<sub>t</sub>),0.317
73,No human capital,Labor supply (L<sub>t</sub>),0.317
74,No human capital,Labor supply (L<sub>t</sub>),0.317
75,No human capital,Labor supply (L<sub>t</sub>),0.317
76,No human capital,Labor supply (L<sub>t</sub>),0.317
77,No human capital,Labor supply (L<sub>t</sub>),0.317
78,No human capital,Labor supply (L<sub>t</sub>),0.317
79,No human capital,Labor supply (L<sub>t</sub>),0.317
80,No human capital,Labor supply (L<sub>t</sub>),0.317
81,No human capital,Labor supply (L<sub>t</sub>),0.317
82,No human capital,Labor supply (L<sub>t</sub>),0.317
83,No human capital,Labor supply (L<sub>t</sub>),0.317
84,No human capital,Labor supply (L<sub>t</sub>),0.317
85,No human capital,Labor supply (L<sub>t</sub>),0.317
86,No human capital,Labor supply (L<sub>t</sub>),0.317
87,No human capital,Labor supply (L<sub>t</sub>),0.317
88,No human capital,Labor supply (L<sub>t</sub>),0.317
89,No human capital,Labor supply (L<sub>t</sub>),0.317
90,No human capital,Labor supply (L<sub>t</sub>),0.317
91,No human capital,Labor supply (L<sub>t</sub>),0.317
92,No human capital,Labor supply (L<sub>t</sub>),0.317
93,No human capital,Labor supply (L<sub>t</sub>),0.317
94,No human capital,Labor supply (L<sub>t</sub>),0.317
95,No human capital,Labor supply (L<sub>t</sub>),0.317
96,No human capital,Labor supply (L<sub>t</sub>),0.317
97,No human capital,Labor supply (L<sub>t</sub>),0.316
98,No human capital,Labor supply (L<sub>t</sub>),0.316
99,No human capital,Labor supply (L<sub>t</sub>),0.316
100,No human capital,Labor supply (L<sub>t</sub>),0.316
1,No public infrastructure,Labor supply (L<sub>t</sub>),0.387
2,No public infrastructure,Labor supply (L<sub>t</sub>),0.33
3,No public infrastructure,Labor supply (L<sub>t</sub>),0.333
4,No public infrastructure,Labor supply (L<sub>t</sub>),0.334
5,No public infrastructure,Labor supply (L<sub>t</sub>),0.333
6,No public infrastructure,Labor supply (L<sub>t</sub>),0.333
7,No public infrastructure,Labor supply (L<sub>t</sub>),0.332
8,No public infrastructure,Labor supply (L<sub>t</sub>),0.332
9,No public infrastructure,Labor supply (L<sub>t</sub>),0.331
10,No public infrastructure,Labor supply (L<sub>t</sub>),0.33
11,No public infrastructure,Labor supply (L<sub>t</sub>),0.33
12,No public infrastructure,Labor supply (L<sub>t</sub>),0.329
13,No public infrastructure,Labor supply (L<sub>t</sub>),0.329
14,No public infrastructure,Labor supply (L<sub>t</sub>),0.328
15,No public infrastructure,Labor supply (L<sub>t</sub>),0.328
16,No public infrastructure,Labor supply (L<sub>t</sub>),0.328
17,No public infrastructure,Labor supply (L<sub>t</sub>),0.327
18,No public infrastructure,Labor supply (L<sub>t</sub>),0.327
19,No public infrastructure,Labor supply (L<sub>t</sub>),0.326
20,No public infrastructure,Labor supply (L<sub>t</sub>),0.326
21,No public infrastructure,Labor supply (L<sub>t</sub>),0.326
22,No public infrastructure,Labor supply (L<sub>t</sub>),0.325
23,No public infrastructure,Labor supply (L<sub>t</sub>),0.325
24,No public infrastructure,Labor supply (L<sub>t</sub>),0.325
25,No public infrastructure,Labor supply (L<sub>t</sub>),0.324
26,No public infrastructure,Labor supply (L<sub>t</sub>),0.324
27,No public infrastructure,Labor supply (L<sub>t</sub>),0.324
28,No public infrastructure,Labor supply (L<sub>t</sub>),0.323
29,No public infrastructure,Labor supply (L<sub>t</sub>),0.323
30,No public infrastructure,Labor supply (L<sub>t</sub>),0.323
31,No public infrastructure,Labor supply (L<sub>t</sub>),0.323
32,No public infrastructure,Labor supply (L<sub>t</sub>),0.322
33,No public infrastructure,Labor supply (L<sub>t</sub>),0.322
34,No public infrastructure,Labor supply (L<sub>t</sub>),0.322
35,No public infrastructure,Labor supply (L<sub>t</sub>),0.322
36,No public infrastructure,Labor supply (L<sub>t</sub>),0.322
37,No public infrastructure,Labor supply (L<sub>t</sub>),0.321
38,No public infrastructure,Labor supply (L<sub>t</sub>),0.321
39,No public infrastructure,Labor supply (L<sub>t</sub>),0.321
40,No public infrastructure,Labor supply (L<sub>t</sub>),0.321
41,No public infrastructure,Labor supply (L<sub>t</sub>),0.321
42,No public infrastructure,Labor supply (L<sub>t</sub>),0.32
43,No public infrastructure,Labor supply (L<sub>t</sub>),0.32
44,No public infrastructure,Labor supply (L<sub>t</sub>),0.32
45,No public infrastructure,Labor supply (L<sub>t</sub>),0.32
46,No public infrastructure,Labor supply (L<sub>t</sub>),0.32
47,No public infrastructure,Labor supply (L<sub>t</sub>),0.32
48,No public infrastructure,Labor supply (L<sub>t</sub>),0.32
49,No public infrastructure,Labor supply (L<sub>t</sub>),0.319
50,No public infrastructure,Labor supply (L<sub>t</sub>),0.319
51,No public infrastructure,Labor supply (L<sub>t</sub>),0.319
52,No public infrastructure,Labor supply (L<sub>t</sub>),0.319
53,No public infrastructure,Labor supply (L<sub>t</sub>),0.319
54,No public infrastructure,Labor supply (L<sub>t</sub>),0.319
55,No public infrastructure,Labor supply (L<sub>t</sub>),0.319
56,No public infrastructure,Labor supply (L<sub>t</sub>),0.319
57,No public infrastructure,Labor supply (L<sub>t</sub>),0.319
58,No public infrastructure,Labor supply (L<sub>t</sub>),0.318
59,No public infrastructure,Labor supply (L<sub>t</sub>),0.318
60,No public infrastructure,Labor supply (L<sub>t</sub>),0.318
61,No public infrastructure,Labor supply (L<sub>t</sub>),0.318
62,No public infrastructure,Labor supply (L<sub>t</sub>),0.318
63,No public infrastructure,Labor supply (L<sub>t</sub>),0.318
64,No public infrastructure,Labor supply (L<sub>t</sub>),0.318
65,No public infrastructure,Labor supply (L<sub>t</sub>),0.318
66,No public infrastructure,Labor supply (L<sub>t</sub>),0.318
67,No public infrastructure,Labor supply (L<sub>t</sub>),0.318
68,No public infrastructure,Labor supply (L<sub>t</sub>),0.318
69,No public infrastructure,Labor supply (L<sub>t</sub>),0.318
70,No public infrastructure,Labor supply (L<sub>t</sub>),0.318
71,No public infrastructure,Labor supply (L<sub>t</sub>),0.317
72,No public infrastructure,Labor supply (L<sub>t</sub>),0.317
73,No public infrastructure,Labor supply (L<sub>t</sub>),0.317
74,No public infrastructure,Labor supply (L<sub>t</sub>),0.317
75,No public infrastructure,Labor supply (L<sub>t</sub>),0.317
76,No public infrastructure,Labor supply (L<sub>t</sub>),0.317
77,No public infrastructure,Labor supply (L<sub>t</sub>),0.317
78,No public infrastructure,Labor supply (L<sub>t</sub>),0.317
79,No public infrastructure,Labor supply (L<sub>t</sub>),0.317
80,No public infrastructure,Labor supply (L<sub>t</sub>),0.317
81,No public infrastructure,Labor supply (L<sub>t</sub>),0.317
82,No public infrastructure,Labor supply (L<sub>t</sub>),0.317
83,No public infrastructure,Labor supply (L<sub>t</sub>),0.317
84,No public infrastructure,Labor supply (L<sub>t</sub>),0.317
85,No public infrastructure,Labor supply (L<sub>t</sub>),0.317
86,No public infrastructure,Labor supply (L<sub>t</sub>),0.317
87,No public infrastructure,Labor supply (L<sub>t</sub>),0.317
88,No public infrastructure,Labor supply (L<sub>t</sub>),0.317
89,No public infrastructure,Labor supply (L<sub>t</sub>),0.317
90,No public infrastructure,Labor supply (L<sub>t</sub>),0.317
91,No public infrastructure,Labor supply (L<sub>t</sub>),0.317
92,No public infrastructure,Labor supply (L<sub>t</sub>),0.317
93,No public infrastructure,Labor supply (L<sub>t</sub>),0.317
94,No public infrastructure,Labor supply (L<sub>t</sub>),0.317
95,No public infrastructure,Labor supply (L<sub>t</sub>),0.317
96,No public infrastructure,Labor supply (L<sub>t</sub>),0.317
97,No public infrastructure,Labor supply (L<sub>t</sub>),0.316
98,No public infrastructure,Labor supply (L<sub>t</sub>),0.316
99,No public infrastructure,Labor supply (L<sub>t</sub>),0.316
100,No public infrastructure,Labor supply (L<sub>t</sub>),0.316
1,No private capital,Labor supply (L<sub>t</sub>),0.295
2,No private capital,Labor supply (L<sub>t</sub>),0.295
3,No private capital,Labor supply (L<sub>t</sub>),0.295
4,No private capital,Labor supply (L<sub>t</sub>),0.295
5,No private capital,Labor supply (L<sub>t</sub>),0.295
6,No private capital,Labor supply (L<sub>t</sub>),0.295
7,No private capital,Labor supply (L<sub>t</sub>),0.295
8,No private capital,Labor supply (L<sub>t</sub>),0.295
9,No private capital,Labor supply (L<sub>t</sub>),0.295
10,No private capital,Labor supply (L<sub>t</sub>),0.295
11,No private capital,Labor supply (L<sub>t</sub>),0.295
12,No private capital,Labor supply (L<sub>t</sub>),0.295
13,No private capital,Labor supply (L<sub>t</sub>),0.295
14,No private capital,Labor supply (L<sub>t</sub>),0.295
15,No private capital,Labor supply (L<sub>t</sub>),0.295
16,No private capital,Labor supply (L<sub>t</sub>),0.295
17,No private capital,Labor supply (L<sub>t</sub>),0.295
18,No private capital,Labor supply (L<sub>t</sub>),0.295
19,No private capital,Labor supply (L<sub>t</sub>),0.295
20,No private capital,Labor supply (L<sub>t</sub>),0.295
21,No private capital,Labor supply (L<sub>t</sub>),0.295
22,No private capital,Labor supply (L<sub>t</sub>),0.295
23,No private capital,Labor supply (L<sub>t</sub>),0.295
24,No private capital,Labor supply (L<sub>t</sub>),0.295
25,No private capital,Labor supply (L<sub>t</sub>),0.295
26,No private capital,Labor supply (L<sub>t</sub>),0.295
27,No private capital,Labor supply (L<sub>t</sub>),0.295
28,No private capital,Labor supply (L<sub>t</sub>),0.295
29,No private capital,Labor supply (L<sub>t</sub>),0.295
30,No private capital,Labor supply (L<sub>t</sub>),0.295
31,No private capital,Labor supply (L<sub>t</sub>),0.295
32,No private capital,Labor supply (L<sub>t</sub>),0.295
33,No private capital,Labor supply (L<sub>t</sub>),0.295
34,No private capital,Labor supply (L<sub>t</sub>),0.295
35,No private capital,Labor supply (L<sub>t</sub>),0.295
36,No private capital,Labor supply (L<sub>t</sub>),0.295
37,No private capital,Labor supply (L<sub>t</sub>),0.295
38,No private capital,Labor supply (L<sub>t</sub>),0.295
39,No private capital,Labor supply (L<sub>t</sub>),0.295
40,No private capital,Labor supply (L<sub>t</sub>),0.295
41,No private capital,Labor supply (L<sub>t</sub>),0.295
42,No private capital,Labor supply (L<sub>t</sub>),0.295
43,No private capital,Labor supply (L<sub>t</sub>),0.295
44,No private capital,Labor supply (L<sub>t</sub>),0.295
45,No private capital,Labor supply (L<sub>t</sub>),0.295
46,No private capital,Labor supply (L<sub>t</sub>),0.295
47,No private capital,Labor supply (L<sub>t</sub>),0.295
48,No private capital,Labor supply (L<sub>t</sub>),0.295
49,No private capital,Labor supply (L<sub>t</sub>),0.295
50,No private capital,Labor supply (L<sub>t</sub>),0.295
51,No private capital,Labor supply (L<sub>t</sub>),0.295
52,No private capital,Labor supply (L<sub>t</sub>),0.295
53,No private capital,Labor supply (L<sub>t</sub>),0.295
54,No private capital,Labor supply (L<sub>t</sub>),0.295
55,No private capital,Labor supply (L<sub>t</sub>),0.295
56,No private capital,Labor supply (L<sub>t</sub>),0.295
57,No private capital,Labor supply (L<sub>t</sub>),0.295
58,No private capital,Labor supply (L<sub>t</sub>),0.295
59,No private capital,Labor supply (L<sub>t</sub>),0.295
60,No private capital,Labor supply (L<sub>t</sub>),0.295
61,No private capital,Labor supply (L<sub>t</sub>),0.295
62,No private capital,Labor supply (L<sub>t</sub>),0.295
63,No private capital,Labor supply (L<sub>t</sub>),0.295
64,No private capital,Labor supply (L<sub>t</sub>),0.295
65,No private capital,Labor supply (L<sub>t</sub>),0.295
66,No private capital,Labor supply (L<sub>t</sub>),0.295
67,No private capital,Labor supply (L<sub>t</sub>),0.295
68,No private capital,Labor supply (L<sub>t</sub>),0.295
69,No private capital,Labor supply (L<sub>t</sub>),0.295
70,No private capital,Labor supply (L<sub>t</sub>),0.295
71,No private capital,Labor supply (L<sub>t</sub>),0.295
72,No private capital,Labor supply (L<sub>t</sub>),0.295
73,No private capital,Labor supply (L<sub>t</sub>),0.295
74,No private capital,Labor supply (L<sub>t</sub>),0.295
75,No private capital,Labor supply (L<sub>t</sub>),0.295
76,No private capital,Labor supply (L<sub>t</sub>),0.295
77,No private capital,Labor supply (L<sub>t</sub>),0.295
78,No private capital,Labor supply (L<sub>t</sub>),0.295
79,No private capital,Labor supply (L<sub>t</sub>),0.295
80,No private capital,Labor supply (L<sub>t</sub>),0.295
81,No private capital,Labor supply (L<sub>t</sub>),0.295
82,No private capital,Labor supply (L<sub>t</sub>),0.295
83,No private capital,Labor supply (L<sub>t</sub>),0.295
84,No private capital,Labor supply (L<sub>t</sub>),0.295
85,No private capital,Labor supply (L<sub>t</sub>),0.295
86,No private capital,Labor supply (L<sub>t</sub>),0.295
87,No private capital,Labor supply (L<sub>t</sub>),0.295
88,No private capital,Labor supply (L<sub>t</sub>),0.295
89,No private capital,Labor supply (L<sub>t</sub>),0.295
90,No private capital,Labor supply (L<sub>t</sub>),0.295
91,No private capital,Labor supply (L<sub>t</sub>),0.295
92,No private capital,Labor supply (L<sub>t</sub>),0.295
93,No private capital,Labor supply (L<sub>t</sub>),0.295
94,No private capital,Labor supply (L<sub>t</sub>),0.295
95,No private capital,Labor supply (L<sub>t</sub>),0.295
96,No private capital,Labor supply (L<sub>t</sub>),0.295
97,No private capital,Labor supply (L<sub>t</sub>),0.295
98,No private capital,Labor supply (L<sub>t</sub>),0.295
99,No private capital,Labor supply (L<sub>t</sub>),0.295
100,No private capital,Labor supply (L<sub>t</sub>),0.295
1,No indexation,Labor supply (L<sub>t</sub>),0.295
2,No indexation,Labor supply (L<sub>t</sub>),0.295
3,No indexation,Labor supply (L<sub>t</sub>),0.295
4,No indexation,Labor supply (L<sub>t</sub>),0.295
5,No indexation,Labor supply (L<sub>t</sub>),0.295
6,No indexation,Labor supply (L<sub>t</sub>),0.295
7,No indexation,Labor supply (L<sub>t</sub>),0.295
8,No indexation,Labor supply (L<sub>t</sub>),0.295
9,No indexation,Labor supply (L<sub>t</sub>),0.295
10,No indexation,Labor supply (L<sub>t</sub>),0.295
11,No indexation,Labor supply (L<sub>t</sub>),0.295
12,No indexation,Labor supply (L<sub>t</sub>),0.295
13,No indexation,Labor supply (L<sub>t</sub>),0.295
14,No indexation,Labor supply (L<sub>t</sub>),0.295
15,No indexation,Labor supply (L<sub>t</sub>),0.295
16,No indexation,Labor supply (L<sub>t</sub>),0.295
17,No indexation,Labor supply (L<sub>t</sub>),0.295
18,No indexation,Labor supply (L<sub>t</sub>),0.295
19,No indexation,Labor supply (L<sub>t</sub>),0.295
20,No indexation,Labor supply (L<sub>t</sub>),0.295
21,No indexation,Labor supply (L<sub>t</sub>),0.295
22,No indexation,Labor supply (L<sub>t</sub>),0.295
23,No indexation,Labor supply (L<sub>t</sub>),0.295
24,No indexation,Labor supply (L<sub>t</sub>),0.295
25,No indexation,Labor supply (L<sub>t</sub>),0.295
26,No indexation,Labor supply (L<sub>t</sub>),0.295
27,No indexation,Labor supply (L<sub>t</sub>),0.295
28,No indexation,Labor supply (L<sub>t</sub>),0.295
29,No indexation,Labor supply (L<sub>t</sub>),0.295
30,No indexation,Labor supply (L<sub>t</sub>),0.295
31,No indexation,Labor supply (L<sub>t</sub>),0.295
32,No indexation,Labor supply (L<sub>t</sub>),0.295
33,No indexation,Labor supply (L<sub>t</sub>),0.295
34,No indexation,Labor supply (L<sub>t</sub>),0.295
35,No indexation,Labor supply (L<sub>t</sub>),0.295
36,No indexation,Labor supply (L<sub>t</sub>),0.295
37,No indexation,Labor supply (L<sub>t</sub>),0.295
38,No indexation,Labor supply (L<sub>t</sub>),0.295
39,No indexation,Labor supply (L<sub>t</sub>),0.295
40,No indexation,Labor supply (L<sub>t</sub>),0.295
41,No indexation,Labor supply (L<sub>t</sub>),0.295
42,No indexation,Labor supply (L<sub>t</sub>),0.295
43,No indexation,Labor supply (L<sub>t</sub>),0.295
44,No indexation,Labor supply (L<sub>t</sub>),0.295
45,No indexation,Labor supply (L<sub>t</sub>),0.295
46,No indexation,Labor supply (L<sub>t</sub>),0.295
47,No indexation,Labor supply (L<sub>t</sub>),0.295
48,No indexation,Labor supply (L<sub>t</sub>),0.295
49,No indexation,Labor supply (L<sub>t</sub>),0.295
50,No indexation,Labor supply (L<sub>t</sub>),0.295
51,No indexation,Labor supply (L<sub>t</sub>),0.295
52,No indexation,Labor supply (L<sub>t</sub>),0.295
53,No indexation,Labor supply (L<sub>t</sub>),0.295
54,No indexation,Labor supply (L<sub>t</sub>),0.295
55,No indexation,Labor supply (L<sub>t</sub>),0.295
56,No indexation,Labor supply (L<sub>t</sub>),0.295
57,No indexation,Labor supply (L<sub>t</sub>),0.295
58,No indexation,Labor supply (L<sub>t</sub>),0.295
59,No indexation,Labor supply (L<sub>t</sub>),0.295
60,No indexation,Labor supply (L<sub>t</sub>),0.295
61,No indexation,Labor supply (L<sub>t</sub>),0.295
62,No indexation,Labor supply (L<sub>t</sub>),0.295
63,No indexation,Labor supply (L<sub>t</sub>),0.295
64,No indexation,Labor supply (L<sub>t</sub>),0.295
65,No indexation,Labor supply (L<sub>t</sub>),0.295
66,No indexation,Labor supply (L<sub>t</sub>),0.295
67,No indexation,Labor supply (L<sub>t</sub>),0.295
68,No indexation,Labor supply (L<sub>t</sub>),0.295
69,No indexation,Labor supply (L<sub>t</sub>),0.295
70,No indexation,Labor supply (L<sub>t</sub>),0.295
71,No indexation,Labor supply (L<sub>t</sub>),0.295
72,No indexation,Labor supply (L<sub>t</sub>),0.295
73,No indexation,Labor supply (L<sub>t</sub>),0.295
74,No indexation,Labor supply (L<sub>t</sub>),0.295
75,No indexation,Labor supply (L<sub>t</sub>),0.295
76,No indexation,Labor supply (L<sub>t</sub>),0.295
77,No indexation,Labor supply (L<sub>t</sub>),0.295
78,No indexation,Labor supply (L<sub>t</sub>),0.295
79,No indexation,Labor supply (L<sub>t</sub>),0.295
80,No indexation,Labor supply (L<sub>t</sub>),0.295
81,No indexation,Labor supply (L<sub>t</sub>),0.295
82,No indexation,Labor supply (L<sub>t</sub>),0.295
83,No indexation,Labor supply (L<sub>t</sub>),0.295
84,No indexation,Labor supply (L<sub>t</sub>),0.295
85,No indexation,Labor supply (L<sub>t</sub>),0.295
86,No indexation,Labor supply (L<sub>t</sub>),0.295
87,No indexation,Labor supply (L<sub>t</sub>),0.295
88,No indexation,Labor supply (L<sub>t</sub>),0.295
89,No indexation,Labor supply (L<sub>t</sub>),0.295
90,No indexation,Labor supply (L<sub>t</sub>),0.295
91,No indexation,Labor supply (L<sub>t</sub>),0.295
92,No indexation,Labor supply (L<sub>t</sub>),0.295
93,No indexation,Labor supply (L<sub>t</sub>),0.295
94,No indexation,Labor supply (L<sub>t</sub>),0.295
95,No indexation,Labor supply (L<sub>t</sub>),0.295
96,No indexation,Labor supply (L<sub>t</sub>),0.295
97,No indexation,Labor supply (L<sub>t</sub>),0.295
98,No indexation,Labor supply (L<sub>t</sub>),0.295
99,No indexation,Labor supply (L<sub>t</sub>),0.295
100,No indexation,Labor supply (L<sub>t</sub>),0.295
1,No trend growth,Labor supply (L<sub>t</sub>),0.291
2,No trend growth,Labor supply (L<sub>t</sub>),0.291
3,No trend growth,Labor supply (L<sub>t</sub>),0.291
4,No trend growth,Labor supply (L<sub>t</sub>),0.291
5,No trend growth,Labor supply (L<sub>t</sub>),0.291
6,No trend growth,Labor supply (L<sub>t</sub>),0.291
7,No trend growth,Labor supply (L<sub>t</sub>),0.291
8,No trend growth,Labor supply (L<sub>t</sub>),0.291
9,No trend growth,Labor supply (L<sub>t</sub>),0.291
10,No trend growth,Labor supply (L<sub>t</sub>),0.291
11,No trend growth,Labor supply (L<sub>t</sub>),0.291
12,No trend growth,Labor supply (L<sub>t</sub>),0.291
13,No trend growth,Labor supply (L<sub>t</sub>),0.291
14,No trend growth,Labor supply (L<sub>t</sub>),0.291
15,No trend growth,Labor supply (L<sub>t</sub>),0.291
16,No trend growth,Labor supply (L<sub>t</sub>),0.291
17,No trend growth,Labor supply (L<sub>t</sub>),0.291
18,No trend growth,Labor supply (L<sub>t</sub>),0.291
19,No trend growth,Labor supply (L<sub>t</sub>),0.291
20,No trend growth,Labor supply (L<sub>t</sub>),0.291
21,No trend growth,Labor supply (L<sub>t</sub>),0.291
22,No trend growth,Labor supply (L<sub>t</sub>),0.291
23,No trend growth,Labor supply (L<sub>t</sub>),0.291
24,No trend growth,Labor supply (L<sub>t</sub>),0.291
25,No trend growth,Labor supply (L<sub>t</sub>),0.291
26,No trend growth,Labor supply (L<sub>t</sub>),0.291
27,No trend growth,Labor supply (L<sub>t</sub>),0.291
28,No trend growth,Labor supply (L<sub>t</sub>),0.291
29,No trend growth,Labor supply (L<sub>t</sub>),0.291
30,No trend growth,Labor supply (L<sub>t</sub>),0.291
31,No trend growth,Labor supply (L<sub>t</sub>),0.291
32,No trend growth,Labor supply (L<sub>t</sub>),0.291
33,No trend growth,Labor supply (L<sub>t</sub>),0.291
34,No trend growth,Labor supply (L<sub>t</sub>),0.291
35,No trend growth,Labor supply (L<sub>t</sub>),0.291
36,No trend growth,Labor supply (L<sub>t</sub>),0.291
37,No trend growth,Labor supply (L<sub>t</sub>),0.291
38,No trend growth,Labor supply (L<sub>t</sub>),0.291
39,No trend growth,Labor supply (L<sub>t</sub>),0.291
40,No trend growth,Labor supply (L<sub>t</sub>),0.291
41,No trend growth,Labor supply (L<sub>t</sub>),0.291
42,No trend growth,Labor supply (L<sub>t</sub>),0.291
43,No trend growth,Labor supply (L<sub>t</sub>),0.291
44,No trend growth,Labor supply (L<sub>t</sub>),0.291
45,No trend growth,Labor supply (L<sub>t</sub>),0.291
46,No trend growth,Labor supply (L<sub>t</sub>),0.291
47,No trend growth,Labor supply (L<sub>t</sub>),0.291
48,No trend growth,Labor supply (L<sub>t</sub>),0.291
49,No trend growth,Labor supply (L<sub>t</sub>),0.291
50,No trend growth,Labor supply (L<sub>t</sub>),0.291
51,No trend growth,Labor supply (L<sub>t</sub>),0.291
52,No trend growth,Labor supply (L<sub>t</sub>),0.291
53,No trend growth,Labor supply (L<sub>t</sub>),0.291
54,No trend growth,Labor supply (L<sub>t</sub>),0.291
55,No trend growth,Labor supply (L<sub>t</sub>),0.291
56,No trend growth,Labor supply (L<sub>t</sub>),0.291
57,No trend growth,Labor supply (L<sub>t</sub>),0.291
58,No trend growth,Labor supply (L<sub>t</sub>),0.291
59,No trend growth,Labor supply (L<sub>t</sub>),0.291
60,No trend growth,Labor supply (L<sub>t</sub>),0.291
61,No trend growth,Labor supply (L<sub>t</sub>),0.291
62,No trend growth,Labor supply (L<sub>t</sub>),0.291
63,No trend growth,Labor supply (L<sub>t</sub>),0.291
64,No trend growth,Labor supply (L<sub>t</sub>),0.291
65,No trend growth,Labor supply (L<sub>t</sub>),0.291
66,No trend growth,Labor supply (L<sub>t</sub>),0.291
67,No trend growth,Labor supply (L<sub>t</sub>),0.291
68,No trend growth,Labor supply (L<sub>t</sub>),0.291
69,No trend growth,Labor supply (L<sub>t</sub>),0.291
70,No trend growth,Labor supply (L<sub>t</sub>),0.291
71,No trend growth,Labor supply (L<sub>t</sub>),0.291
72,No trend growth,Labor supply (L<sub>t</sub>),0.291
73,No trend growth,Labor supply (L<sub>t</sub>),0.291
74,No trend growth,Labor supply (L<sub>t</sub>),0.291
75,No trend growth,Labor supply (L<sub>t</sub>),0.291
76,No trend growth,Labor supply (L<sub>t</sub>),0.291
77,No trend growth,Labor supply (L<sub>t</sub>),0.291
78,No trend growth,Labor supply (L<sub>t</sub>),0.291
79,No trend growth,Labor supply (L<sub>t</sub>),0.291
80,No trend growth,Labor supply (L<sub>t</sub>),0.291
81,No trend growth,Labor supply (L<sub>t</sub>),0.291
82,No trend growth,Labor supply (L<sub>t</sub>),0.291
83,No trend growth,Labor supply (L<sub>t</sub>),0.291
84,No trend growth,Labor supply (L<sub>t</sub>),0.291
85,No trend growth,Labor supply (L<sub>t</sub>),0.291
86,No trend growth,Labor supply (L<sub>t</sub>),0.291
87,No trend growth,Labor supply (L<sub>t</sub>),0.291
88,No trend growth,Labor supply (L<sub>t</sub>),0.291
89,No trend growth,Labor supply (L<sub>t</sub>),0.291
90,No trend growth,Labor supply (L<sub>t</sub>),0.291
91,No trend growth,Labor supply (L<sub>t</sub>),0.291
92,No trend growth,Labor supply (L<sub>t</sub>),0.291
93,No trend growth,Labor supply (L<sub>t</sub>),0.291
94,No trend growth,Labor supply (L<sub>t</sub>),0.291
95,No trend growth,Labor supply (L<sub>t</sub>),0.291
96,No trend growth,Labor supply (L<sub>t</sub>),0.291
97,No trend growth,Labor supply (L<sub>t</sub>),0.291
98,No trend growth,Labor supply (L<sub>t</sub>),0.291
99,No trend growth,Labor supply (L<sub>t</sub>),0.291
100,No trend growth,Labor supply (L<sub>t</sub>),0.291
1,Derived canonical NK,Labor supply (L<sub>t</sub>),0.196
2,Derived canonical NK,Labor supply (L<sub>t</sub>),0.196
3,Derived canonical NK,Labor supply (L<sub>t</sub>),0.196
4,Derived canonical NK,Labor supply (L<sub>t</sub>),0.196
5,Derived canonical NK,Labor supply (L<sub>t</sub>),0.196
6,Derived canonical NK,Labor supply (L<sub>t</sub>),0.196
7,Derived canonical NK,Labor supply (L<sub>t</sub>),0.196
8,Derived canonical NK,Labor supply (L<sub>t</sub>),0.196
9,Derived canonical NK,Labor supply (L<sub>t</sub>),0.196
10,Derived canonical NK,Labor supply (L<sub>t</sub>),0.196
11,Derived canonical NK,Labor supply (L<sub>t</sub>),0.196
12,Derived canonical NK,Labor supply (L<sub>t</sub>),0.196
13,Derived canonical NK,Labor supply (L<sub>t</sub>),0.196
14,Derived canonical NK,Labor supply (L<sub>t</sub>),0.196
15,Derived canonical NK,Labor supply (L<sub>t</sub>),0.196
16,Derived canonical NK,Labor supply (L<sub>t</sub>),0.196
17,Derived canonical NK,Labor supply (L<sub>t</sub>),0.196
18,Derived canonical NK,Labor supply (L<sub>t</sub>),0.196
19,Derived canonical NK,Labor supply (L<sub>t</sub>),0.196
20,Derived canonical NK,Labor supply (L<sub>t</sub>),0.196
21,Derived canonical NK,Labor supply (L<sub>t</sub>),0.196
22,Derived canonical NK,Labor supply (L<sub>t</sub>),0.196
23,Derived canonical NK,Labor supply (L<sub>t</sub>),0.196
24,Derived canonical NK,Labor supply (L<sub>t</sub>),0.196
25,Derived canonical NK,Labor supply (L<sub>t</sub>),0.196
26,Derived canonical NK,Labor supply (L<sub>t</sub>),0.196
27,Derived canonical NK,Labor supply (L<sub>t</sub>),0.196
28,Derived canonical NK,Labor supply (L<sub>t</sub>),0.196
29,Derived canonical NK,Labor supply (L<sub>t</sub>),0.196
30,Derived canonical NK,Labor supply (L<sub>t</sub>),0.196
31,Derived canonical NK,Labor supply (L<sub>t</sub>),0.196
32,Derived canonical NK,Labor supply (L<sub>t</sub>),0.196
33,Derived canonical NK,Labor supply (L<sub>t</sub>),0.196
34,Derived canonical NK,Labor supply (L<sub>t</sub>),0.196
35,Derived canonical NK,Labor supply (L<sub>t</sub>),0.196
36,Derived canonical NK,Labor supply (L<sub>t</sub>),0.196
37,Derived canonical NK,Labor supply (L<sub>t</sub>),0.196
38,Derived canonical NK,Labor supply (L<sub>t</sub>),0.196
39,Derived canonical NK,Labor supply (L<sub>t</sub>),0.196
40,Derived canonical NK,Labor supply (L<sub>t</sub>),0.196
41,Derived canonical NK,Labor supply (L<sub>t</sub>),0.196
42,Derived canonical NK,Labor supply (L<sub>t</sub>),0.196
43,Derived canonical NK,Labor supply (L<sub>t</sub>),0.196
44,Derived canonical NK,Labor supply (L<sub>t</sub>),0.196
45,Derived canonical NK,Labor supply (L<sub>t</sub>),0.196
46,Derived canonical NK,Labor supply (L<sub>t</sub>),0.196
47,Derived canonical NK,Labor supply (L<sub>t</sub>),0.196
48,Derived canonical NK,Labor supply (L<sub>t</sub>),0.196
49,Derived canonical NK,Labor supply (L<sub>t</sub>),0.196
50,Derived canonical NK,Labor supply (L<sub>t</sub>),0.196
51,Derived canonical NK,Labor supply (L<sub>t</sub>),0.196
52,Derived canonical NK,Labor supply (L<sub>t</sub>),0.196
53,Derived canonical NK,Labor supply (L<sub>t</sub>),0.196
54,Derived canonical NK,Labor supply (L<sub>t</sub>),0.196
55,Derived canonical NK,Labor supply (L<sub>t</sub>),0.196
56,Derived canonical NK,Labor supply (L<sub>t</sub>),0.196
57,Derived canonical NK,Labor supply (L<sub>t</sub>),0.196
58,Derived canonical NK,Labor supply (L<sub>t</sub>),0.196
59,Derived canonical NK,Labor supply (L<sub>t</sub>),0.196
60,Derived canonical NK,Labor supply (L<sub>t</sub>),0.196
61,Derived canonical NK,Labor supply (L<sub>t</sub>),0.196
62,Derived canonical NK,Labor supply (L<sub>t</sub>),0.196
63,Derived canonical NK,Labor supply (L<sub>t</sub>),0.196
64,Derived canonical NK,Labor supply (L<sub>t</sub>),0.196
65,Derived canonical NK,Labor supply (L<sub>t</sub>),0.196
66,Derived canonical NK,Labor supply (L<sub>t</sub>),0.196
67,Derived canonical NK,Labor supply (L<sub>t</sub>),0.196
68,Derived canonical NK,Labor supply (L<sub>t</sub>),0.196
69,Derived canonical NK,Labor supply (L<sub>t</sub>),0.196
70,Derived canonical NK,Labor supply (L<sub>t</sub>),0.196
71,Derived canonical NK,Labor supply (L<sub>t</sub>),0.196
72,Derived canonical NK,Labor supply (L<sub>t</sub>),0.196
73,Derived canonical NK,Labor supply (L<sub>t</sub>),0.196
74,Derived canonical NK,Labor supply (L<sub>t</sub>),0.196
75,Derived canonical NK,Labor supply (L<sub>t</sub>),0.196
76,Derived canonical NK,Labor supply (L<sub>t</sub>),0.196
77,Derived canonical NK,Labor supply (L<sub>t</sub>),0.196
78,Derived canonical NK,Labor supply (L<sub>t</sub>),0.196
79,Derived canonical NK,Labor supply (L<sub>t</sub>),0.196
80,Derived canonical NK,Labor supply (L<sub>t</sub>),0.196
81,Derived canonical NK,Labor supply (L<sub>t</sub>),0.196
82,Derived canonical NK,Labor supply (L<sub>t</sub>),0.196
83,Derived canonical NK,Labor supply (L<sub>t</sub>),0.196
84,Derived canonical NK,Labor supply (L<sub>t</sub>),0.196
85,Derived canonical NK,Labor supply (L<sub>t</sub>),0.196
86,Derived canonical NK,Labor supply (L<sub>t</sub>),0.196
87,Derived canonical NK,Labor supply (L<sub>t</sub>),0.196
88,Derived canonical NK,Labor supply (L<sub>t</sub>),0.196
89,Derived canonical NK,Labor supply (L<sub>t</sub>),0.196
90,Derived canonical NK,Labor supply (L<sub>t</sub>),0.196
91,Derived canonical NK,Labor supply (L<sub>t</sub>),0.196
92,Derived canonical NK,Labor supply (L<sub>t</sub>),0.196
93,Derived canonical NK,Labor supply (L<sub>t</sub>),0.196
94,Derived canonical NK,Labor supply (L<sub>t</sub>),0.196
95,Derived canonical NK,Labor supply (L<sub>t</sub>),0.196
96,Derived canonical NK,Labor supply (L<sub>t</sub>),0.196
97,Derived canonical NK,Labor supply (L<sub>t</sub>),0.196
98,Derived canonical NK,Labor supply (L<sub>t</sub>),0.196
99,Derived canonical NK,Labor supply (L<sub>t</sub>),0.196
100,Derived canonical NK,Labor supply (L<sub>t</sub>),0.196
1,Canonical NK control,Labor supply (L<sub>t</sub>),0.196
2,Canonical NK control,Labor supply (L<sub>t</sub>),0.196
3,Canonical NK control,Labor supply (L<sub>t</sub>),0.196
4,Canonical NK control,Labor supply (L<sub>t</sub>),0.196
5,Canonical NK control,Labor supply (L<sub>t</sub>),0.196
6,Canonical NK control,Labor supply (L<sub>t</sub>),0.196
7,Canonical NK control,Labor supply (L<sub>t</sub>),0.196
8,Canonical NK control,Labor supply (L<sub>t</sub>),0.196
9,Canonical NK control,Labor supply (L<sub>t</sub>),0.196
10,Canonical NK control,Labor supply (L<sub>t</sub>),0.196
11,Canonical NK control,Labor supply (L<sub>t</sub>),0.196
12,Canonical NK control,Labor supply (L<sub>t</sub>),0.196
13,Canonical NK control,Labor supply (L<sub>t</sub>),0.196
14,Canonical NK control,Labor supply (L<sub>t</sub>),0.196
15,Canonical NK control,Labor supply (L<sub>t</sub>),0.196
16,Canonical NK control,Labor supply (L<sub>t</sub>),0.196
17,Canonical NK control,Labor supply (L<sub>t</sub>),0.196
18,Canonical NK control,Labor supply (L<sub>t</sub>),0.196
19,Canonical NK control,Labor supply (L<sub>t</sub>),0.196
20,Canonical NK control,Labor supply (L<sub>t</sub>),0.196
21,Canonical NK control,Labor supply (L<sub>t</sub>),0.196
22,Canonical NK control,Labor supply (L<sub>t</sub>),0.196
23,Canonical NK control,Labor supply (L<sub>t</sub>),0.196
24,Canonical NK control,Labor supply (L<sub>t</sub>),0.196
25,Canonical NK control,Labor supply (L<sub>t</sub>),0.196
26,Canonical NK control,Labor supply (L<sub>t</sub>),0.196
27,Canonical NK control,Labor supply (L<sub>t</sub>),0.196
28,Canonical NK control,Labor supply (L<sub>t</sub>),0.196
29,Canonical NK control,Labor supply (L<sub>t</sub>),0.196
30,Canonical NK control,Labor supply (L<sub>t</sub>),0.196
31,Canonical NK control,Labor supply (L<sub>t</sub>),0.196
32,Canonical NK control,Labor supply (L<sub>t</sub>),0.196
33,Canonical NK control,Labor supply (L<sub>t</sub>),0.196
34,Canonical NK control,Labor supply (L<sub>t</sub>),0.196
35,Canonical NK control,Labor supply (L<sub>t</sub>),0.196
36,Canonical NK control,Labor supply (L<sub>t</sub>),0.196
37,Canonical NK control,Labor supply (L<sub>t</sub>),0.196
38,Canonical NK control,Labor supply (L<sub>t</sub>),0.196
39,Canonical NK control,Labor supply (L<sub>t</sub>),0.196
40,Canonical NK control,Labor supply (L<sub>t</sub>),0.196
41,Canonical NK control,Labor supply (L<sub>t</sub>),0.196
42,Canonical NK control,Labor supply (L<sub>t</sub>),0.196
43,Canonical NK control,Labor supply (L<sub>t</sub>),0.196
44,Canonical NK control,Labor supply (L<sub>t</sub>),0.196
45,Canonical NK control,Labor supply (L<sub>t</sub>),0.196
46,Canonical NK control,Labor supply (L<sub>t</sub>),0.196
47,Canonical NK control,Labor supply (L<sub>t</sub>),0.196
48,Canonical NK control,Labor supply (L<sub>t</sub>),0.196
49,Canonical NK control,Labor supply (L<sub>t</sub>),0.196
50,Canonical NK control,Labor supply (L<sub>t</sub>),0.196
51,Canonical NK control,Labor supply (L<sub>t</sub>),0.196
52,Canonical NK control,Labor supply (L<sub>t</sub>),0.196
53,Canonical NK control,Labor supply (L<sub>t</sub>),0.196
54,Canonical NK control,Labor supply (L<sub>t</sub>),0.196
55,Canonical NK control,Labor supply (L<sub>t</sub>),0.196
56,Canonical NK control,Labor supply (L<sub>t</sub>),0.196
57,Canonical NK control,Labor supply (L<sub>t</sub>),0.196
58,Canonical NK control,Labor supply (L<sub>t</sub>),0.196
59,Canonical NK control,Labor supply (L<sub>t</sub>),0.196
60,Canonical NK control,Labor supply (L<sub>t</sub>),0.196
61,Canonical NK control,Labor supply (L<sub>t</sub>),0.196
62,Canonical NK control,Labor supply (L<sub>t</sub>),0.196
63,Canonical NK control,Labor supply (L<sub>t</sub>),0.196
64,Canonical NK control,Labor supply (L<sub>t</sub>),0.196
65,Canonical NK control,Labor supply (L<sub>t</sub>),0.196
66,Canonical NK control,Labor supply (L<sub>t</sub>),0.196
67,Canonical NK control,Labor supply (L<sub>t</sub>),0.196
68,Canonical NK control,Labor supply (L<sub>t</sub>),0.196
69,Canonical NK control,Labor supply (L<sub>t</sub>),0.196
70,Canonical NK control,Labor supply (L<sub>t</sub>),0.196
71,Canonical NK control,Labor supply (L<sub>t</sub>),0.196
72,Canonical NK control,Labor supply (L<sub>t</sub>),0.196
73,Canonical NK control,Labor supply (L<sub>t</sub>),0.196
74,Canonical NK control,Labor supply (L<sub>t</sub>),0.196
75,Canonical NK control,Labor supply (L<sub>t</sub>),0.196
76,Canonical NK control,Labor supply (L<sub>t</sub>),0.196
77,Canonical NK control,Labor supply (L<sub>t</sub>),0.196
78,Canonical NK control,Labor supply (L<sub>t</sub>),0.196
79,Canonical NK control,Labor supply (L<sub>t</sub>),0.196
80,Canonical NK control,Labor supply (L<sub>t</sub>),0.196
81,Canonical NK control,Labor supply (L<sub>t</sub>),0.196
82,Canonical NK control,Labor supply (L<sub>t</sub>),0.196
83,Canonical NK control,Labor supply (L<sub>t</sub>),0.196
84,Canonical NK control,Labor supply (L<sub>t</sub>),0.196
85,Canonical NK control,Labor supply (L<sub>t</sub>),0.196
86,Canonical NK control,Labor supply (L<sub>t</sub>),0.196
87,Canonical NK control,Labor supply (L<sub>t</sub>),0.196
88,Canonical NK control,Labor supply (L<sub>t</sub>),0.196
89,Canonical NK control,Labor supply (L<sub>t</sub>),0.196
90,Canonical NK control,Labor supply (L<sub>t</sub>),0.196
91,Canonical NK control,Labor supply (L<sub>t</sub>),0.196
92,Canonical NK control,Labor supply (L<sub>t</sub>),0.196
93,Canonical NK control,Labor supply (L<sub>t</sub>),0.196
94,Canonical NK control,Labor supply (L<sub>t</sub>),0.196
95,Canonical NK control,Labor supply (L<sub>t</sub>),0.196
96,Canonical NK control,Labor supply (L<sub>t</sub>),0.196
97,Canonical NK control,Labor supply (L<sub>t</sub>),0.196
98,Canonical NK control,Labor supply (L<sub>t</sub>),0.196
99,Canonical NK control,Labor supply (L<sub>t</sub>),0.196
100,Canonical NK control,Labor supply (L<sub>t</sub>),0.196
1,Full model,Human capital stock (H<sub>t</sub>),-0.001
2,Full model,Human capital stock (H<sub>t</sub>),0.004
3,Full model,Human capital stock (H<sub>t</sub>),0.009
4,Full model,Human capital stock (H<sub>t</sub>),0.013
5,Full model,Human capital stock (H<sub>t</sub>),0.017
6,Full model,Human capital stock (H<sub>t</sub>),0.021
7,Full model,Human capital stock (H<sub>t</sub>),0.024
8,Full model,Human capital stock (H<sub>t</sub>),0.028
9,Full model,Human capital stock (H<sub>t</sub>),0.032
10,Full model,Human capital stock (H<sub>t</sub>),0.035
11,Full model,Human capital stock (H<sub>t</sub>),0.038
12,Full model,Human capital stock (H<sub>t</sub>),0.041
13,Full model,Human capital stock (H<sub>t</sub>),0.044
14,Full model,Human capital stock (H<sub>t</sub>),0.047
15,Full model,Human capital stock (H<sub>t</sub>),0.05
16,Full model,Human capital stock (H<sub>t</sub>),0.053
17,Full model,Human capital stock (H<sub>t</sub>),0.056
18,Full model,Human capital stock (H<sub>t</sub>),0.058
19,Full model,Human capital stock (H<sub>t</sub>),0.061
20,Full model,Human capital stock (H<sub>t</sub>),0.063
21,Full model,Human capital stock (H<sub>t</sub>),0.065
22,Full model,Human capital stock (H<sub>t</sub>),0.068
23,Full model,Human capital stock (H<sub>t</sub>),0.07
24,Full model,Human capital stock (H<sub>t</sub>),0.072
25,Full model,Human capital stock (H<sub>t</sub>),0.074
26,Full model,Human capital stock (H<sub>t</sub>),0.076
27,Full model,Human capital stock (H<sub>t</sub>),0.078
28,Full model,Human capital stock (H<sub>t</sub>),0.08
29,Full model,Human capital stock (H<sub>t</sub>),0.081
30,Full model,Human capital stock (H<sub>t</sub>),0.083
31,Full model,Human capital stock (H<sub>t</sub>),0.085
32,Full model,Human capital stock (H<sub>t</sub>),0.086
33,Full model,Human capital stock (H<sub>t</sub>),0.088
34,Full model,Human capital stock (H<sub>t</sub>),0.089
35,Full model,Human capital stock (H<sub>t</sub>),0.091
36,Full model,Human capital stock (H<sub>t</sub>),0.092
37,Full model,Human capital stock (H<sub>t</sub>),0.094
38,Full model,Human capital stock (H<sub>t</sub>),0.095
39,Full model,Human capital stock (H<sub>t</sub>),0.096
40,Full model,Human capital stock (H<sub>t</sub>),0.097
41,Full model,Human capital stock (H<sub>t</sub>),0.099
42,Full model,Human capital stock (H<sub>t</sub>),0.1
43,Full model,Human capital stock (H<sub>t</sub>),0.101
44,Full model,Human capital stock (H<sub>t</sub>),0.102
45,Full model,Human capital stock (H<sub>t</sub>),0.103
46,Full model,Human capital stock (H<sub>t</sub>),0.104
47,Full model,Human capital stock (H<sub>t</sub>),0.105
48,Full model,Human capital stock (H<sub>t</sub>),0.106
49,Full model,Human capital stock (H<sub>t</sub>),0.107
50,Full model,Human capital stock (H<sub>t</sub>),0.108
51,Full model,Human capital stock (H<sub>t</sub>),0.109
52,Full model,Human capital stock (H<sub>t</sub>),0.11
53,Full model,Human capital stock (H<sub>t</sub>),0.11
54,Full model,Human capital stock (H<sub>t</sub>),0.111
55,Full model,Human capital stock (H<sub>t</sub>),0.112
56,Full model,Human capital stock (H<sub>t</sub>),0.113
57,Full model,Human capital stock (H<sub>t</sub>),0.113
58,Full model,Human capital stock (H<sub>t</sub>),0.114
59,Full model,Human capital stock (H<sub>t</sub>),0.115
60,Full model,Human capital stock (H<sub>t</sub>),0.115
61,Full model,Human capital stock (H<sub>t</sub>),0.116
62,Full model,Human capital stock (H<sub>t</sub>),0.117
63,Full model,Human capital stock (H<sub>t</sub>),0.117
64,Full model,Human capital stock (H<sub>t</sub>),0.118
65,Full model,Human capital stock (H<sub>t</sub>),0.118
66,Full model,Human capital stock (H<sub>t</sub>),0.119
67,Full model,Human capital stock (H<sub>t</sub>),0.119
68,Full model,Human capital stock (H<sub>t</sub>),0.12
69,Full model,Human capital stock (H<sub>t</sub>),0.12
70,Full model,Human capital stock (H<sub>t</sub>),0.121
71,Full model,Human capital stock (H<sub>t</sub>),0.121
72,Full model,Human capital stock (H<sub>t</sub>),0.122
73,Full model,Human capital stock (H<sub>t</sub>),0.122
74,Full model,Human capital stock (H<sub>t</sub>),0.123
75,Full model,Human capital stock (H<sub>t</sub>),0.123
76,Full model,Human capital stock (H<sub>t</sub>),0.124
77,Full model,Human capital stock (H<sub>t</sub>),0.124
78,Full model,Human capital stock (H<sub>t</sub>),0.124
79,Full model,Human capital stock (H<sub>t</sub>),0.125
80,Full model,Human capital stock (H<sub>t</sub>),0.125
81,Full model,Human capital stock (H<sub>t</sub>),0.125
82,Full model,Human capital stock (H<sub>t</sub>),0.126
83,Full model,Human capital stock (H<sub>t</sub>),0.126
84,Full model,Human capital stock (H<sub>t</sub>),0.126
85,Full model,Human capital stock (H<sub>t</sub>),0.127
86,Full model,Human capital stock (H<sub>t</sub>),0.127
87,Full model,Human capital stock (H<sub>t</sub>),0.127
88,Full model,Human capital stock (H<sub>t</sub>),0.128
89,Full model,Human capital stock (H<sub>t</sub>),0.128
90,Full model,Human capital stock (H<sub>t</sub>),0.128
91,Full model,Human capital stock (H<sub>t</sub>),0.128
92,Full model,Human capital stock (H<sub>t</sub>),0.129
93,Full model,Human capital stock (H<sub>t</sub>),0.129
94,Full model,Human capital stock (H<sub>t</sub>),0.129
95,Full model,Human capital stock (H<sub>t</sub>),0.129
96,Full model,Human capital stock (H<sub>t</sub>),0.13
97,Full model,Human capital stock (H<sub>t</sub>),0.13
98,Full model,Human capital stock (H<sub>t</sub>),0.13
99,Full model,Human capital stock (H<sub>t</sub>),0.13
100,Full model,Human capital stock (H<sub>t</sub>),0.131
1,No endogenous technology,Human capital stock (H<sub>t</sub>),-0.0
2,No endogenous technology,Human capital stock (H<sub>t</sub>),0.004
3,No endogenous technology,Human capital stock (H<sub>t</sub>),0.009
4,No endogenous technology,Human capital stock (H<sub>t</sub>),0.013
5,No endogenous technology,Human capital stock (H<sub>t</sub>),0.017
6,No endogenous technology,Human capital stock (H<sub>t</sub>),0.021
7,No endogenous technology,Human capital stock (H<sub>t</sub>),0.025
8,No endogenous technology,Human capital stock (H<sub>t</sub>),0.029
9,No endogenous technology,Human capital stock (H<sub>t</sub>),0.032
10,No endogenous technology,Human capital stock (H<sub>t</sub>),0.036
11,No endogenous technology,Human capital stock (H<sub>t</sub>),0.039
12,No endogenous technology,Human capital stock (H<sub>t</sub>),0.042
13,No endogenous technology,Human capital stock (H<sub>t</sub>),0.045
14,No endogenous technology,Human capital stock (H<sub>t</sub>),0.048
15,No endogenous technology,Human capital stock (H<sub>t</sub>),0.051
16,No endogenous technology,Human capital stock (H<sub>t</sub>),0.054
17,No endogenous technology,Human capital stock (H<sub>t</sub>),0.057
18,No endogenous technology,Human capital stock (H<sub>t</sub>),0.06
19,No endogenous technology,Human capital stock (H<sub>t</sub>),0.062
20,No endogenous technology,Human capital stock (H<sub>t</sub>),0.065
21,No endogenous technology,Human capital stock (H<sub>t</sub>),0.067
22,No endogenous technology,Human capital stock (H<sub>t</sub>),0.069
23,No endogenous technology,Human capital stock (H<sub>t</sub>),0.072
24,No endogenous technology,Human capital stock (H<sub>t</sub>),0.074
25,No endogenous technology,Human capital stock (H<sub>t</sub>),0.076
26,No endogenous technology,Human capital stock (H<sub>t</sub>),0.078
27,No endogenous technology,Human capital stock (H<sub>t</sub>),0.08
28,No endogenous technology,Human capital stock (H<sub>t</sub>),0.082
29,No endogenous technology,Human capital stock (H<sub>t</sub>),0.084
30,No endogenous technology,Human capital stock (H<sub>t</sub>),0.086
31,No endogenous technology,Human capital stock (H<sub>t</sub>),0.087
32,No endogenous technology,Human capital stock (H<sub>t</sub>),0.089
33,No endogenous technology,Human capital stock (H<sub>t</sub>),0.091
34,No endogenous technology,Human capital stock (H<sub>t</sub>),0.092
35,No endogenous technology,Human capital stock (H<sub>t</sub>),0.094
36,No endogenous technology,Human capital stock (H<sub>t</sub>),0.096
37,No endogenous technology,Human capital stock (H<sub>t</sub>),0.097
38,No endogenous technology,Human capital stock (H<sub>t</sub>),0.099
39,No endogenous technology,Human capital stock (H<sub>t</sub>),0.1
40,No endogenous technology,Human capital stock (H<sub>t</sub>),0.101
41,No endogenous technology,Human capital stock (H<sub>t</sub>),0.103
42,No endogenous technology,Human capital stock (H<sub>t</sub>),0.104
43,No endogenous technology,Human capital stock (H<sub>t</sub>),0.105
44,No endogenous technology,Human capital stock (H<sub>t</sub>),0.106
45,No endogenous technology,Human capital stock (H<sub>t</sub>),0.108
46,No endogenous technology,Human capital stock (H<sub>t</sub>),0.109
47,No endogenous technology,Human capital stock (H<sub>t</sub>),0.11
48,No endogenous technology,Human capital stock (H<sub>t</sub>),0.111
49,No endogenous technology,Human capital stock (H<sub>t</sub>),0.112
50,No endogenous technology,Human capital stock (H<sub>t</sub>),0.113
51,No endogenous technology,Human capital stock (H<sub>t</sub>),0.114
52,No endogenous technology,Human capital stock (H<sub>t</sub>),0.115
53,No endogenous technology,Human capital stock (H<sub>t</sub>),0.116
54,No endogenous technology,Human capital stock (H<sub>t</sub>),0.117
55,No endogenous technology,Human capital stock (H<sub>t</sub>),0.118
56,No endogenous technology,Human capital stock (H<sub>t</sub>),0.119
57,No endogenous technology,Human capital stock (H<sub>t</sub>),0.119
58,No endogenous technology,Human capital stock (H<sub>t</sub>),0.12
59,No endogenous technology,Human capital stock (H<sub>t</sub>),0.121
60,No endogenous technology,Human capital stock (H<sub>t</sub>),0.122
61,No endogenous technology,Human capital stock (H<sub>t</sub>),0.122
62,No endogenous technology,Human capital stock (H<sub>t</sub>),0.123
63,No endogenous technology,Human capital stock (H<sub>t</sub>),0.124
64,No endogenous technology,Human capital stock (H<sub>t</sub>),0.125
65,No endogenous technology,Human capital stock (H<sub>t</sub>),0.125
66,No endogenous technology,Human capital stock (H<sub>t</sub>),0.126
67,No endogenous technology,Human capital stock (H<sub>t</sub>),0.127
68,No endogenous technology,Human capital stock (H<sub>t</sub>),0.127
69,No endogenous technology,Human capital stock (H<sub>t</sub>),0.128
70,No endogenous technology,Human capital stock (H<sub>t</sub>),0.128
71,No endogenous technology,Human capital stock (H<sub>t</sub>),0.129
72,No endogenous technology,Human capital stock (H<sub>t</sub>),0.13
73,No endogenous technology,Human capital stock (H<sub>t</sub>),0.13
74,No endogenous technology,Human capital stock (H<sub>t</sub>),0.131
75,No endogenous technology,Human capital stock (H<sub>t</sub>),0.131
76,No endogenous technology,Human capital stock (H<sub>t</sub>),0.132
77,No endogenous technology,Human capital stock (H<sub>t</sub>),0.132
78,No endogenous technology,Human capital stock (H<sub>t</sub>),0.133
79,No endogenous technology,Human capital stock (H<sub>t</sub>),0.133
80,No endogenous technology,Human capital stock (H<sub>t</sub>),0.133
81,No endogenous technology,Human capital stock (H<sub>t</sub>),0.134
82,No endogenous technology,Human capital stock (H<sub>t</sub>),0.134
83,No endogenous technology,Human capital stock (H<sub>t</sub>),0.135
84,No endogenous technology,Human capital stock (H<sub>t</sub>),0.135
85,No endogenous technology,Human capital stock (H<sub>t</sub>),0.136
86,No endogenous technology,Human capital stock (H<sub>t</sub>),0.136
87,No endogenous technology,Human capital stock (H<sub>t</sub>),0.136
88,No endogenous technology,Human capital stock (H<sub>t</sub>),0.137
89,No endogenous technology,Human capital stock (H<sub>t</sub>),0.137
90,No endogenous technology,Human capital stock (H<sub>t</sub>),0.137
91,No endogenous technology,Human capital stock (H<sub>t</sub>),0.138
92,No endogenous technology,Human capital stock (H<sub>t</sub>),0.138
93,No endogenous technology,Human capital stock (H<sub>t</sub>),0.138
94,No endogenous technology,Human capital stock (H<sub>t</sub>),0.139
95,No endogenous technology,Human capital stock (H<sub>t</sub>),0.139
96,No endogenous technology,Human capital stock (H<sub>t</sub>),0.139
97,No endogenous technology,Human capital stock (H<sub>t</sub>),0.14
98,No endogenous technology,Human capital stock (H<sub>t</sub>),0.14
99,No endogenous technology,Human capital stock (H<sub>t</sub>),0.14
100,No endogenous technology,Human capital stock (H<sub>t</sub>),0.14
1,No human capital,Human capital stock (H<sub>t</sub>),0.0
2,No human capital,Human capital stock (H<sub>t</sub>),0.0
3,No human capital,Human capital stock (H<sub>t</sub>),0.0
4,No human capital,Human capital stock (H<sub>t</sub>),0.0
5,No human capital,Human capital stock (H<sub>t</sub>),0.0
6,No human capital,Human capital stock (H<sub>t</sub>),0.0
7,No human capital,Human capital stock (H<sub>t</sub>),0.0
8,No human capital,Human capital stock (H<sub>t</sub>),0.0
9,No human capital,Human capital stock (H<sub>t</sub>),0.0
10,No human capital,Human capital stock (H<sub>t</sub>),0.0
11,No human capital,Human capital stock (H<sub>t</sub>),0.0
12,No human capital,Human capital stock (H<sub>t</sub>),0.0
13,No human capital,Human capital stock (H<sub>t</sub>),0.0
14,No human capital,Human capital stock (H<sub>t</sub>),0.0
15,No human capital,Human capital stock (H<sub>t</sub>),0.0
16,No human capital,Human capital stock (H<sub>t</sub>),0.0
17,No human capital,Human capital stock (H<sub>t</sub>),0.0
18,No human capital,Human capital stock (H<sub>t</sub>),0.0
19,No human capital,Human capital stock (H<sub>t</sub>),0.0
20,No human capital,Human capital stock (H<sub>t</sub>),0.0
21,No human capital,Human capital stock (H<sub>t</sub>),0.0
22,No human capital,Human capital stock (H<sub>t</sub>),0.0
23,No human capital,Human capital stock (H<sub>t</sub>),0.0
24,No human capital,Human capital stock (H<sub>t</sub>),0.0
25,No human capital,Human capital stock (H<sub>t</sub>),0.0
26,No human capital,Human capital stock (H<sub>t</sub>),0.0
27,No human capital,Human capital stock (H<sub>t</sub>),0.0
28,No human capital,Human capital stock (H<sub>t</sub>),0.0
29,No human capital,Human capital stock (H<sub>t</sub>),0.0
30,No human capital,Human capital stock (H<sub>t</sub>),0.0
31,No human capital,Human capital stock (H<sub>t</sub>),0.0
32,No human capital,Human capital stock (H<sub>t</sub>),0.0
33,No human capital,Human capital stock (H<sub>t</sub>),0.0
34,No human capital,Human capital stock (H<sub>t</sub>),0.0
35,No human capital,Human capital stock (H<sub>t</sub>),0.0
36,No human capital,Human capital stock (H<sub>t</sub>),0.0
37,No human capital,Human capital stock (H<sub>t</sub>),0.0
38,No human capital,Human capital stock (H<sub>t</sub>),0.0
39,No human capital,Human capital stock (H<sub>t</sub>),0.0
40,No human capital,Human capital stock (H<sub>t</sub>),0.0
41,No human capital,Human capital stock (H<sub>t</sub>),0.0
42,No human capital,Human capital stock (H<sub>t</sub>),0.0
43,No human capital,Human capital stock (H<sub>t</sub>),0.0
44,No human capital,Human capital stock (H<sub>t</sub>),0.0
45,No human capital,Human capital stock (H<sub>t</sub>),0.0
46,No human capital,Human capital stock (H<sub>t</sub>),0.0
47,No human capital,Human capital stock (H<sub>t</sub>),0.0
48,No human capital,Human capital stock (H<sub>t</sub>),0.0
49,No human capital,Human capital stock (H<sub>t</sub>),0.0
50,No human capital,Human capital stock (H<sub>t</sub>),0.0
51,No human capital,Human capital stock (H<sub>t</sub>),0.0
52,No human capital,Human capital stock (H<sub>t</sub>),0.0
53,No human capital,Human capital stock (H<sub>t</sub>),0.0
54,No human capital,Human capital stock (H<sub>t</sub>),0.0
55,No human capital,Human capital stock (H<sub>t</sub>),0.0
56,No human capital,Human capital stock (H<sub>t</sub>),0.0
57,No human capital,Human capital stock (H<sub>t</sub>),0.0
58,No human capital,Human capital stock (H<sub>t</sub>),0.0
59,No human capital,Human capital stock (H<sub>t</sub>),0.0
60,No human capital,Human capital stock (H<sub>t</sub>),0.0
61,No human capital,Human capital stock (H<sub>t</sub>),0.0
62,No human capital,Human capital stock (H<sub>t</sub>),0.0
63,No human capital,Human capital stock (H<sub>t</sub>),0.0
64,No human capital,Human capital stock (H<sub>t</sub>),0.0
65,No human capital,Human capital stock (H<sub>t</sub>),0.0
66,No human capital,Human capital stock (H<sub>t</sub>),0.0
67,No human capital,Human capital stock (H<sub>t</sub>),0.0
68,No human capital,Human capital stock (H<sub>t</sub>),0.0
69,No human capital,Human capital stock (H<sub>t</sub>),0.0
70,No human capital,Human capital stock (H<sub>t</sub>),0.0
71,No human capital,Human capital stock (H<sub>t</sub>),0.0
72,No human capital,Human capital stock (H<sub>t</sub>),0.0
73,No human capital,Human capital stock (H<sub>t</sub>),0.0
74,No human capital,Human capital stock (H<sub>t</sub>),0.0
75,No human capital,Human capital stock (H<sub>t</sub>),0.0
76,No human capital,Human capital stock (H<sub>t</sub>),0.0
77,No human capital,Human capital stock (H<sub>t</sub>),0.0
78,No human capital,Human capital stock (H<sub>t</sub>),0.0
79,No human capital,Human capital stock (H<sub>t</sub>),0.0
80,No human capital,Human capital stock (H<sub>t</sub>),0.0
81,No human capital,Human capital stock (H<sub>t</sub>),0.0
82,No human capital,Human capital stock (H<sub>t</sub>),0.0
83,No human capital,Human capital stock (H<sub>t</sub>),0.0
84,No human capital,Human capital stock (H<sub>t</sub>),0.0
85,No human capital,Human capital stock (H<sub>t</sub>),0.0
86,No human capital,Human capital stock (H<sub>t</sub>),0.0
87,No human capital,Human capital stock (H<sub>t</sub>),0.0
88,No human capital,Human capital stock (H<sub>t</sub>),0.0
89,No human capital,Human capital stock (H<sub>t</sub>),0.0
90,No human capital,Human capital stock (H<sub>t</sub>),0.0
91,No human capital,Human capital stock (H<sub>t</sub>),0.0
92,No human capital,Human capital stock (H<sub>t</sub>),0.0
93,No human capital,Human capital stock (H<sub>t</sub>),0.0
94,No human capital,Human capital stock (H<sub>t</sub>),0.0
95,No human capital,Human capital stock (H<sub>t</sub>),0.0
96,No human capital,Human capital stock (H<sub>t</sub>),0.0
97,No human capital,Human capital stock (H<sub>t</sub>),0.0
98,No human capital,Human capital stock (H<sub>t</sub>),0.0
99,No human capital,Human capital stock (H<sub>t</sub>),0.0
100,No human capital,Human capital stock (H<sub>t</sub>),0.0
1,No public infrastructure,Human capital stock (H<sub>t</sub>),0.0
2,No public infrastructure,Human capital stock (H<sub>t</sub>),0.0
3,No public infrastructure,Human capital stock (H<sub>t</sub>),0.0
4,No public infrastructure,Human capital stock (H<sub>t</sub>),0.0
5,No public infrastructure,Human capital stock (H<sub>t</sub>),0.0
6,No public infrastructure,Human capital stock (H<sub>t</sub>),0.0
7,No public infrastructure,Human capital stock (H<sub>t</sub>),0.0
8,No public infrastructure,Human capital stock (H<sub>t</sub>),0.0
9,No public infrastructure,Human capital stock (H<sub>t</sub>),0.0
10,No public infrastructure,Human capital stock (H<sub>t</sub>),0.0
11,No public infrastructure,Human capital stock (H<sub>t</sub>),0.0
12,No public infrastructure,Human capital stock (H<sub>t</sub>),0.0
13,No public infrastructure,Human capital stock (H<sub>t</sub>),0.0
14,No public infrastructure,Human capital stock (H<sub>t</sub>),0.0
15,No public infrastructure,Human capital stock (H<sub>t</sub>),0.0
16,No public infrastructure,Human capital stock (H<sub>t</sub>),0.0
17,No public infrastructure,Human capital stock (H<sub>t</sub>),0.0
18,No public infrastructure,Human capital stock (H<sub>t</sub>),0.0
19,No public infrastructure,Human capital stock (H<sub>t</sub>),0.0
20,No public infrastructure,Human capital stock (H<sub>t</sub>),0.0
21,No public infrastructure,Human capital stock (H<sub>t</sub>),0.0
22,No public infrastructure,Human capital stock (H<sub>t</sub>),0.0
23,No public infrastructure,Human capital stock (H<sub>t</sub>),0.0
24,No public infrastructure,Human capital stock (H<sub>t</sub>),0.0
25,No public infrastructure,Human capital stock (H<sub>t</sub>),0.0
26,No public infrastructure,Human capital stock (H<sub>t</sub>),0.0
27,No public infrastructure,Human capital stock (H<sub>t</sub>),0.0
28,No public infrastructure,Human capital stock (H<sub>t</sub>),0.0
29,No public infrastructure,Human capital stock (H<sub>t</sub>),0.0
30,No public infrastructure,Human capital stock (H<sub>t</sub>),0.0
31,No public infrastructure,Human capital stock (H<sub>t</sub>),0.0
32,No public infrastructure,Human capital stock (H<sub>t</sub>),0.0
33,No public infrastructure,Human capital stock (H<sub>t</sub>),0.0
34,No public infrastructure,Human capital stock (H<sub>t</sub>),0.0
35,No public infrastructure,Human capital stock (H<sub>t</sub>),0.0
36,No public infrastructure,Human capital stock (H<sub>t</sub>),0.0
37,No public infrastructure,Human capital stock (H<sub>t</sub>),0.0
38,No public infrastructure,Human capital stock (H<sub>t</sub>),0.0
39,No public infrastructure,Human capital stock (H<sub>t</sub>),0.0
40,No public infrastructure,Human capital stock (H<sub>t</sub>),0.0
41,No public infrastructure,Human capital stock (H<sub>t</sub>),0.0
42,No public infrastructure,Human capital stock (H<sub>t</sub>),0.0
43,No public infrastructure,Human capital stock (H<sub>t</sub>),0.0
44,No public infrastructure,Human capital stock (H<sub>t</sub>),0.0
45,No public infrastructure,Human capital stock (H<sub>t</sub>),0.0
46,No public infrastructure,Human capital stock (H<sub>t</sub>),0.0
47,No public infrastructure,Human capital stock (H<sub>t</sub>),0.0
48,No public infrastructure,Human capital stock (H<sub>t</sub>),0.0
49,No public infrastructure,Human capital stock (H<sub>t</sub>),0.0
50,No public infrastructure,Human capital stock (H<sub>t</sub>),0.0
51,No public infrastructure,Human capital stock (H<sub>t</sub>),0.0
52,No public infrastructure,Human capital stock (H<sub>t</sub>),0.0
53,No public infrastructure,Human capital stock (H<sub>t</sub>),0.0
54,No public infrastructure,Human capital stock (H<sub>t</sub>),0.0
55,No public infrastructure,Human capital stock (H<sub>t</sub>),0.0
56,No public infrastructure,Human capital stock (H<sub>t</sub>),0.0
57,No public infrastructure,Human capital stock (H<sub>t</sub>),0.0
58,No public infrastructure,Human capital stock (H<sub>t</sub>),0.0
59,No public infrastructure,Human capital stock (H<sub>t</sub>),0.0
60,No public infrastructure,Human capital stock (H<sub>t</sub>),0.0
61,No public infrastructure,Human capital stock (H<sub>t</sub>),0.0
62,No public infrastructure,Human capital stock (H<sub>t</sub>),0.0
63,No public infrastructure,Human capital stock (H<sub>t</sub>),0.0
64,No public infrastructure,Human capital stock (H<sub>t</sub>),0.0
65,No public infrastructure,Human capital stock (H<sub>t</sub>),0.0
66,No public infrastructure,Human capital stock (H<sub>t</sub>),0.0
67,No public infrastructure,Human capital stock (H<sub>t</sub>),0.0
68,No public infrastructure,Human capital stock (H<sub>t</sub>),0.0
69,No public infrastructure,Human capital stock (H<sub>t</sub>),0.0
70,No public infrastructure,Human capital stock (H<sub>t</sub>),0.0
71,No public infrastructure,Human capital stock (H<sub>t</sub>),0.0
72,No public infrastructure,Human capital stock (H<sub>t</sub>),0.0
73,No public infrastructure,Human capital stock (H<sub>t</sub>),0.0
74,No public infrastructure,Human capital stock (H<sub>t</sub>),0.0
75,No public infrastructure,Human capital stock (H<sub>t</sub>),0.0
76,No public infrastructure,Human capital stock (H<sub>t</sub>),0.0
77,No public infrastructure,Human capital stock (H<sub>t</sub>),0.0
78,No public infrastructure,Human capital stock (H<sub>t</sub>),0.0
79,No public infrastructure,Human capital stock (H<sub>t</sub>),0.0
80,No public infrastructure,Human capital stock (H<sub>t</sub>),0.0
81,No public infrastructure,Human capital stock (H<sub>t</sub>),0.0
82,No public infrastructure,Human capital stock (H<sub>t</sub>),0.0
83,No public infrastructure,Human capital stock (H<sub>t</sub>),0.0
84,No public infrastructure,Human capital stock (H<sub>t</sub>),0.0
85,No public infrastructure,Human capital stock (H<sub>t</sub>),0.0
86,No public infrastructure,Human capital stock (H<sub>t</sub>),0.0
87,No public infrastructure,Human capital stock (H<sub>t</sub>),0.0
88,No public infrastructure,Human capital stock (H<sub>t</sub>),0.0
89,No public infrastructure,Human capital stock (H<sub>t</sub>),0.0
90,No public infrastructure,Human capital stock (H<sub>t</sub>),0.0
91,No public infrastructure,Human capital stock (H<sub>t</sub>),0.0
92,No public infrastructure,Human capital stock (H<sub>t</sub>),0.0
93,No public infrastructure,Human capital stock (H<sub>t</sub>),0.0
94,No public infrastructure,Human capital stock (H<sub>t</sub>),0.0
95,No public infrastructure,Human capital stock (H<sub>t</sub>),0.0
96,No public infrastructure,Human capital stock (H<sub>t</sub>),0.0
97,No public infrastructure,Human capital stock (H<sub>t</sub>),0.0
98,No public infrastructure,Human capital stock (H<sub>t</sub>),0.0
99,No public infrastructure,Human capital stock (H<sub>t</sub>),0.0
100,No public infrastructure,Human capital stock (H<sub>t</sub>),0.0
1,No private capital,Human capital stock (H<sub>t</sub>),0.0
2,No private capital,Human capital stock (H<sub>t</sub>),0.0
3,No private capital,Human capital stock (H<sub>t</sub>),0.0
4,No private capital,Human capital stock (H<sub>t</sub>),0.0
5,No private capital,Human capital stock (H<sub>t</sub>),0.0
6,No private capital,Human capital stock (H<sub>t</sub>),0.0
7,No private capital,Human capital stock (H<sub>t</sub>),0.0
8,No private capital,Human capital stock (H<sub>t</sub>),0.0
9,No private capital,Human capital stock (H<sub>t</sub>),0.0
10,No private capital,Human capital stock (H<sub>t</sub>),0.0
11,No private capital,Human capital stock (H<sub>t</sub>),0.0
12,No private capital,Human capital stock (H<sub>t</sub>),0.0
13,No private capital,Human capital stock (H<sub>t</sub>),0.0
14,No private capital,Human capital stock (H<sub>t</sub>),0.0
15,No private capital,Human capital stock (H<sub>t</sub>),0.0
16,No private capital,Human capital stock (H<sub>t</sub>),0.0
17,No private capital,Human capital stock (H<sub>t</sub>),0.0
18,No private capital,Human capital stock (H<sub>t</sub>),0.0
19,No private capital,Human capital stock (H<sub>t</sub>),0.0
20,No private capital,Human capital stock (H<sub>t</sub>),0.0
21,No private capital,Human capital stock (H<sub>t</sub>),0.0
22,No private capital,Human capital stock (H<sub>t</sub>),0.0
23,No private capital,Human capital stock (H<sub>t</sub>),0.0
24,No private capital,Human capital stock (H<sub>t</sub>),0.0
25,No private capital,Human capital stock (H<sub>t</sub>),0.0
26,No private capital,Human capital stock (H<sub>t</sub>),0.0
27,No private capital,Human capital stock (H<sub>t</sub>),0.0
28,No private capital,Human capital stock (H<sub>t</sub>),0.0
29,No private capital,Human capital stock (H<sub>t</sub>),0.0
30,No private capital,Human capital stock (H<sub>t</sub>),0.0
31,No private capital,Human capital stock (H<sub>t</sub>),0.0
32,No private capital,Human capital stock (H<sub>t</sub>),0.0
33,No private capital,Human capital stock (H<sub>t</sub>),0.0
34,No private capital,Human capital stock (H<sub>t</sub>),0.0
35,No private capital,Human capital stock (H<sub>t</sub>),0.0
36,No private capital,Human capital stock (H<sub>t</sub>),0.0
37,No private capital,Human capital stock (H<sub>t</sub>),0.0
38,No private capital,Human capital stock (H<sub>t</sub>),0.0
39,No private capital,Human capital stock (H<sub>t</sub>),0.0
40,No private capital,Human capital stock (H<sub>t</sub>),0.0
41,No private capital,Human capital stock (H<sub>t</sub>),0.0
42,No private capital,Human capital stock (H<sub>t</sub>),0.0
43,No private capital,Human capital stock (H<sub>t</sub>),0.0
44,No private capital,Human capital stock (H<sub>t</sub>),0.0
45,No private capital,Human capital stock (H<sub>t</sub>),0.0
46,No private capital,Human capital stock (H<sub>t</sub>),0.0
47,No private capital,Human capital stock (H<sub>t</sub>),0.0
48,No private capital,Human capital stock (H<sub>t</sub>),0.0
49,No private capital,Human capital stock (H<sub>t</sub>),0.0
50,No private capital,Human capital stock (H<sub>t</sub>),0.0
51,No private capital,Human capital stock (H<sub>t</sub>),0.0
52,No private capital,Human capital stock (H<sub>t</sub>),0.0
53,No private capital,Human capital stock (H<sub>t</sub>),0.0
54,No private capital,Human capital stock (H<sub>t</sub>),0.0
55,No private capital,Human capital stock (H<sub>t</sub>),0.0
56,No private capital,Human capital stock (H<sub>t</sub>),0.0
57,No private capital,Human capital stock (H<sub>t</sub>),0.0
58,No private capital,Human capital stock (H<sub>t</sub>),0.0
59,No private capital,Human capital stock (H<sub>t</sub>),0.0
60,No private capital,Human capital stock (H<sub>t</sub>),0.0
61,No private capital,Human capital stock (H<sub>t</sub>),0.0
62,No private capital,Human capital stock (H<sub>t</sub>),0.0
63,No private capital,Human capital stock (H<sub>t</sub>),0.0
64,No private capital,Human capital stock (H<sub>t</sub>),0.0
65,No private capital,Human capital stock (H<sub>t</sub>),0.0
66,No private capital,Human capital stock (H<sub>t</sub>),0.0
67,No private capital,Human capital stock (H<sub>t</sub>),0.0
68,No private capital,Human capital stock (H<sub>t</sub>),0.0
69,No private capital,Human capital stock (H<sub>t</sub>),0.0
70,No private capital,Human capital stock (H<sub>t</sub>),0.0
71,No private capital,Human capital stock (H<sub>t</sub>),0.0
72,No private capital,Human capital stock (H<sub>t</sub>),0.0
73,No private capital,Human capital stock (H<sub>t</sub>),0.0
74,No private capital,Human capital stock (H<sub>t</sub>),0.0
75,No private capital,Human capital stock (H<sub>t</sub>),0.0
76,No private capital,Human capital stock (H<sub>t</sub>),0.0
77,No private capital,Human capital stock (H<sub>t</sub>),0.0
78,No private capital,Human capital stock (H<sub>t</sub>),0.0
79,No private capital,Human capital stock (H<sub>t</sub>),0.0
80,No private capital,Human capital stock (H<sub>t</sub>),0.0
81,No private capital,Human capital stock (H<sub>t</sub>),0.0
82,No private capital,Human capital stock (H<sub>t</sub>),0.0
83,No private capital,Human capital stock (H<sub>t</sub>),0.0
84,No private capital,Human capital stock (H<sub>t</sub>),0.0
85,No private capital,Human capital stock (H<sub>t</sub>),0.0
86,No private capital,Human capital stock (H<sub>t</sub>),0.0
87,No private capital,Human capital stock (H<sub>t</sub>),0.0
88,No private capital,Human capital stock (H<sub>t</sub>),0.0
89,No private capital,Human capital stock (H<sub>t</sub>),0.0
90,No private capital,Human capital stock (H<sub>t</sub>),0.0
91,No private capital,Human capital stock (H<sub>t</sub>),0.0
92,No private capital,Human capital stock (H<sub>t</sub>),0.0
93,No private capital,Human capital stock (H<sub>t</sub>),0.0
94,No private capital,Human capital stock (H<sub>t</sub>),0.0
95,No private capital,Human capital stock (H<sub>t</sub>),0.0
96,No private capital,Human capital stock (H<sub>t</sub>),0.0
97,No private capital,Human capital stock (H<sub>t</sub>),0.0
98,No private capital,Human capital stock (H<sub>t</sub>),0.0
99,No private capital,Human capital stock (H<sub>t</sub>),0.0
100,No private capital,Human capital stock (H<sub>t</sub>),0.0
1,No indexation,Human capital stock (H<sub>t</sub>),0.0
2,No indexation,Human capital stock (H<sub>t</sub>),0.0
3,No indexation,Human capital stock (H<sub>t</sub>),0.0
4,No indexation,Human capital stock (H<sub>t</sub>),0.0
5,No indexation,Human capital stock (H<sub>t</sub>),0.0
6,No indexation,Human capital stock (H<sub>t</sub>),0.0
7,No indexation,Human capital stock (H<sub>t</sub>),0.0
8,No indexation,Human capital stock (H<sub>t</sub>),0.0
9,No indexation,Human capital stock (H<sub>t</sub>),0.0
10,No indexation,Human capital stock (H<sub>t</sub>),0.0
11,No indexation,Human capital stock (H<sub>t</sub>),0.0
12,No indexation,Human capital stock (H<sub>t</sub>),0.0
13,No indexation,Human capital stock (H<sub>t</sub>),0.0
14,No indexation,Human capital stock (H<sub>t</sub>),0.0
15,No indexation,Human capital stock (H<sub>t</sub>),0.0
16,No indexation,Human capital stock (H<sub>t</sub>),0.0
17,No indexation,Human capital stock (H<sub>t</sub>),0.0
18,No indexation,Human capital stock (H<sub>t</sub>),0.0
19,No indexation,Human capital stock (H<sub>t</sub>),0.0
20,No indexation,Human capital stock (H<sub>t</sub>),0.0
21,No indexation,Human capital stock (H<sub>t</sub>),0.0
22,No indexation,Human capital stock (H<sub>t</sub>),0.0
23,No indexation,Human capital stock (H<sub>t</sub>),0.0
24,No indexation,Human capital stock (H<sub>t</sub>),0.0
25,No indexation,Human capital stock (H<sub>t</sub>),0.0
26,No indexation,Human capital stock (H<sub>t</sub>),0.0
27,No indexation,Human capital stock (H<sub>t</sub>),0.0
28,No indexation,Human capital stock (H<sub>t</sub>),0.0
29,No indexation,Human capital stock (H<sub>t</sub>),0.0
30,No indexation,Human capital stock (H<sub>t</sub>),0.0
31,No indexation,Human capital stock (H<sub>t</sub>),0.0
32,No indexation,Human capital stock (H<sub>t</sub>),0.0
33,No indexation,Human capital stock (H<sub>t</sub>),0.0
34,No indexation,Human capital stock (H<sub>t</sub>),0.0
35,No indexation,Human capital stock (H<sub>t</sub>),0.0
36,No indexation,Human capital stock (H<sub>t</sub>),0.0
37,No indexation,Human capital stock (H<sub>t</sub>),0.0
38,No indexation,Human capital stock (H<sub>t</sub>),0.0
39,No indexation,Human capital stock (H<sub>t</sub>),0.0
40,No indexation,Human capital stock (H<sub>t</sub>),0.0
41,No indexation,Human capital stock (H<sub>t</sub>),0.0
42,No indexation,Human capital stock (H<sub>t</sub>),0.0
43,No indexation,Human capital stock (H<sub>t</sub>),0.0
44,No indexation,Human capital stock (H<sub>t</sub>),0.0
45,No indexation,Human capital stock (H<sub>t</sub>),0.0
46,No indexation,Human capital stock (H<sub>t</sub>),0.0
47,No indexation,Human capital stock (H<sub>t</sub>),0.0
48,No indexation,Human capital stock (H<sub>t</sub>),0.0
49,No indexation,Human capital stock (H<sub>t</sub>),0.0
50,No indexation,Human capital stock (H<sub>t</sub>),0.0
51,No indexation,Human capital stock (H<sub>t</sub>),0.0
52,No indexation,Human capital stock (H<sub>t</sub>),0.0
53,No indexation,Human capital stock (H<sub>t</sub>),0.0
54,No indexation,Human capital stock (H<sub>t</sub>),0.0
55,No indexation,Human capital stock (H<sub>t</sub>),0.0
56,No indexation,Human capital stock (H<sub>t</sub>),0.0
57,No indexation,Human capital stock (H<sub>t</sub>),0.0
58,No indexation,Human capital stock (H<sub>t</sub>),0.0
59,No indexation,Human capital stock (H<sub>t</sub>),0.0
60,No indexation,Human capital stock (H<sub>t</sub>),0.0
61,No indexation,Human capital stock (H<sub>t</sub>),0.0
62,No indexation,Human capital stock (H<sub>t</sub>),0.0
63,No indexation,Human capital stock (H<sub>t</sub>),0.0
64,No indexation,Human capital stock (H<sub>t</sub>),0.0
65,No indexation,Human capital stock (H<sub>t</sub>),0.0
66,No indexation,Human capital stock (H<sub>t</sub>),0.0
67,No indexation,Human capital stock (H<sub>t</sub>),0.0
68,No indexation,Human capital stock (H<sub>t</sub>),0.0
69,No indexation,Human capital stock (H<sub>t</sub>),0.0
70,No indexation,Human capital stock (H<sub>t</sub>),0.0
71,No indexation,Human capital stock (H<sub>t</sub>),0.0
72,No indexation,Human capital stock (H<sub>t</sub>),0.0
73,No indexation,Human capital stock (H<sub>t</sub>),0.0
74,No indexation,Human capital stock (H<sub>t</sub>),0.0
75,No indexation,Human capital stock (H<sub>t</sub>),0.0
76,No indexation,Human capital stock (H<sub>t</sub>),0.0
77,No indexation,Human capital stock (H<sub>t</sub>),0.0
78,No indexation,Human capital stock (H<sub>t</sub>),0.0
79,No indexation,Human capital stock (H<sub>t</sub>),0.0
80,No indexation,Human capital stock (H<sub>t</sub>),0.0
81,No indexation,Human capital stock (H<sub>t</sub>),0.0
82,No indexation,Human capital stock (H<sub>t</sub>),0.0
83,No indexation,Human capital stock (H<sub>t</sub>),0.0
84,No indexation,Human capital stock (H<sub>t</sub>),0.0
85,No indexation,Human capital stock (H<sub>t</sub>),0.0
86,No indexation,Human capital stock (H<sub>t</sub>),0.0
87,No indexation,Human capital stock (H<sub>t</sub>),0.0
88,No indexation,Human capital stock (H<sub>t</sub>),0.0
89,No indexation,Human capital stock (H<sub>t</sub>),0.0
90,No indexation,Human capital stock (H<sub>t</sub>),0.0
91,No indexation,Human capital stock (H<sub>t</sub>),0.0
92,No indexation,Human capital stock (H<sub>t</sub>),0.0
93,No indexation,Human capital stock (H<sub>t</sub>),0.0
94,No indexation,Human capital stock (H<sub>t</sub>),0.0
95,No indexation,Human capital stock (H<sub>t</sub>),0.0
96,No indexation,Human capital stock (H<sub>t</sub>),0.0
97,No indexation,Human capital stock (H<sub>t</sub>),0.0
98,No indexation,Human capital stock (H<sub>t</sub>),0.0
99,No indexation,Human capital stock (H<sub>t</sub>),0.0
100,No indexation,Human capital stock (H<sub>t</sub>),0.0
1,No trend growth,Human capital stock (H<sub>t</sub>),0.0
2,No trend growth,Human capital stock (H<sub>t</sub>),0.0
3,No trend growth,Human capital stock (H<sub>t</sub>),0.0
4,No trend growth,Human capital stock (H<sub>t</sub>),0.0
5,No trend growth,Human capital stock (H<sub>t</sub>),0.0
6,No trend growth,Human capital stock (H<sub>t</sub>),0.0
7,No trend growth,Human capital stock (H<sub>t</sub>),0.0
8,No trend growth,Human capital stock (H<sub>t</sub>),0.0
9,No trend growth,Human capital stock (H<sub>t</sub>),0.0
10,No trend growth,Human capital stock (H<sub>t</sub>),0.0
11,No trend growth,Human capital stock (H<sub>t</sub>),0.0
12,No trend growth,Human capital stock (H<sub>t</sub>),0.0
13,No trend growth,Human capital stock (H<sub>t</sub>),0.0
14,No trend growth,Human capital stock (H<sub>t</sub>),0.0
15,No trend growth,Human capital stock (H<sub>t</sub>),0.0
16,No trend growth,Human capital stock (H<sub>t</sub>),0.0
17,No trend growth,Human capital stock (H<sub>t</sub>),0.0
18,No trend growth,Human capital stock (H<sub>t</sub>),0.0
19,No trend growth,Human capital stock (H<sub>t</sub>),0.0
20,No trend growth,Human capital stock (H<sub>t</sub>),0.0
21,No trend growth,Human capital stock (H<sub>t</sub>),0.0
22,No trend growth,Human capital stock (H<sub>t</sub>),0.0
23,No trend growth,Human capital stock (H<sub>t</sub>),0.0
24,No trend growth,Human capital stock (H<sub>t</sub>),0.0
25,No trend growth,Human capital stock (H<sub>t</sub>),0.0
26,No trend growth,Human capital stock (H<sub>t</sub>),0.0
27,No trend growth,Human capital stock (H<sub>t</sub>),0.0
28,No trend growth,Human capital stock (H<sub>t</sub>),0.0
29,No trend growth,Human capital stock (H<sub>t</sub>),0.0
30,No trend growth,Human capital stock (H<sub>t</sub>),0.0
31,No trend growth,Human capital stock (H<sub>t</sub>),0.0
32,No trend growth,Human capital stock (H<sub>t</sub>),0.0
33,No trend growth,Human capital stock (H<sub>t</sub>),0.0
34,No trend growth,Human capital stock (H<sub>t</sub>),0.0
35,No trend growth,Human capital stock (H<sub>t</sub>),0.0
36,No trend growth,Human capital stock (H<sub>t</sub>),0.0
37,No trend growth,Human capital stock (H<sub>t</sub>),0.0
38,No trend growth,Human capital stock (H<sub>t</sub>),0.0
39,No trend growth,Human capital stock (H<sub>t</sub>),0.0
40,No trend growth,Human capital stock (H<sub>t</sub>),0.0
41,No trend growth,Human capital stock (H<sub>t</sub>),0.0
42,No trend growth,Human capital stock (H<sub>t</sub>),0.0
43,No trend growth,Human capital stock (H<sub>t</sub>),0.0
44,No trend growth,Human capital stock (H<sub>t</sub>),0.0
45,No trend growth,Human capital stock (H<sub>t</sub>),0.0
46,No trend growth,Human capital stock (H<sub>t</sub>),0.0
47,No trend growth,Human capital stock (H<sub>t</sub>),0.0
48,No trend growth,Human capital stock (H<sub>t</sub>),0.0
49,No trend growth,Human capital stock (H<sub>t</sub>),0.0
50,No trend growth,Human capital stock (H<sub>t</sub>),0.0
51,No trend growth,Human capital stock (H<sub>t</sub>),0.0
52,No trend growth,Human capital stock (H<sub>t</sub>),0.0
53,No trend growth,Human capital stock (H<sub>t</sub>),0.0
54,No trend growth,Human capital stock (H<sub>t</sub>),0.0
55,No trend growth,Human capital stock (H<sub>t</sub>),0.0
56,No trend growth,Human capital stock (H<sub>t</sub>),0.0
57,No trend growth,Human capital stock (H<sub>t</sub>),0.0
58,No trend growth,Human capital stock (H<sub>t</sub>),0.0
59,No trend growth,Human capital stock (H<sub>t</sub>),0.0
60,No trend growth,Human capital stock (H<sub>t</sub>),0.0
61,No trend growth,Human capital stock (H<sub>t</sub>),0.0
62,No trend growth,Human capital stock (H<sub>t</sub>),0.0
63,No trend growth,Human capital stock (H<sub>t</sub>),0.0
64,No trend growth,Human capital stock (H<sub>t</sub>),0.0
65,No trend growth,Human capital stock (H<sub>t</sub>),0.0
66,No trend growth,Human capital stock (H<sub>t</sub>),0.0
67,No trend growth,Human capital stock (H<sub>t</sub>),0.0
68,No trend growth,Human capital stock (H<sub>t</sub>),0.0
69,No trend growth,Human capital stock (H<sub>t</sub>),0.0
70,No trend growth,Human capital stock (H<sub>t</sub>),0.0
71,No trend growth,Human capital stock (H<sub>t</sub>),0.0
72,No trend growth,Human capital stock (H<sub>t</sub>),0.0
73,No trend growth,Human capital stock (H<sub>t</sub>),0.0
74,No trend growth,Human capital stock (H<sub>t</sub>),0.0
75,No trend growth,Human capital stock (H<sub>t</sub>),0.0
76,No trend growth,Human capital stock (H<sub>t</sub>),0.0
77,No trend growth,Human capital stock (H<sub>t</sub>),0.0
78,No trend growth,Human capital stock (H<sub>t</sub>),0.0
79,No trend growth,Human capital stock (H<sub>t</sub>),0.0
80,No trend growth,Human capital stock (H<sub>t</sub>),0.0
81,No trend growth,Human capital stock (H<sub>t</sub>),0.0
82,No trend growth,Human capital stock (H<sub>t</sub>),0.0
83,No trend growth,Human capital stock (H<sub>t</sub>),0.0
84,No trend growth,Human capital stock (H<sub>t</sub>),0.0
85,No trend growth,Human capital stock (H<sub>t</sub>),0.0
86,No trend growth,Human capital stock (H<sub>t</sub>),0.0
87,No trend growth,Human capital stock (H<sub>t</sub>),0.0
88,No trend growth,Human capital stock (H<sub>t</sub>),0.0
89,No trend growth,Human capital stock (H<sub>t</sub>),0.0
90,No trend growth,Human capital stock (H<sub>t</sub>),0.0
91,No trend growth,Human capital stock (H<sub>t</sub>),0.0
92,No trend growth,Human capital stock (H<sub>t</sub>),0.0
93,No trend growth,Human capital stock (H<sub>t</sub>),0.0
94,No trend growth,Human capital stock (H<sub>t</sub>),0.0
95,No trend growth,Human capital stock (H<sub>t</sub>),0.0
96,No trend growth,Human capital stock (H<sub>t</sub>),0.0
97,No trend growth,Human capital stock (H<sub>t</sub>),0.0
98,No trend growth,Human capital stock (H<sub>t</sub>),0.0
99,No trend growth,Human capital stock (H<sub>t</sub>),0.0
100,No trend growth,Human capital stock (H<sub>t</sub>),0.0
1,Derived canonical NK,Human capital stock (H<sub>t</sub>),0.0
2,Derived canonical NK,Human capital stock (H<sub>t</sub>),0.0
3,Derived canonical NK,Human capital stock (H<sub>t</sub>),0.0
4,Derived canonical NK,Human capital stock (H<sub>t</sub>),0.0
5,Derived canonical NK,Human capital stock (H<sub>t</sub>),0.0
6,Derived canonical NK,Human capital stock (H<sub>t</sub>),0.0
7,Derived canonical NK,Human capital stock (H<sub>t</sub>),0.0
8,Derived canonical NK,Human capital stock (H<sub>t</sub>),0.0
9,Derived canonical NK,Human capital stock (H<sub>t</sub>),0.0
10,Derived canonical NK,Human capital stock (H<sub>t</sub>),0.0
11,Derived canonical NK,Human capital stock (H<sub>t</sub>),0.0
12,Derived canonical NK,Human capital stock (H<sub>t</sub>),0.0
13,Derived canonical NK,Human capital stock (H<sub>t</sub>),0.0
14,Derived canonical NK,Human capital stock (H<sub>t</sub>),0.0
15,Derived canonical NK,Human capital stock (H<sub>t</sub>),0.0
16,Derived canonical NK,Human capital stock (H<sub>t</sub>),0.0
17,Derived canonical NK,Human capital stock (H<sub>t</sub>),0.0
18,Derived canonical NK,Human capital stock (H<sub>t</sub>),0.0
19,Derived canonical NK,Human capital stock (H<sub>t</sub>),0.0
20,Derived canonical NK,Human capital stock (H<sub>t</sub>),0.0
21,Derived canonical NK,Human capital stock (H<sub>t</sub>),0.0
22,Derived canonical NK,Human capital stock (H<sub>t</sub>),0.0
23,Derived canonical NK,Human capital stock (H<sub>t</sub>),0.0
24,Derived canonical NK,Human capital stock (H<sub>t</sub>),0.0
25,Derived canonical NK,Human capital stock (H<sub>t</sub>),0.0
26,Derived canonical NK,Human capital stock (H<sub>t</sub>),0.0
27,Derived canonical NK,Human capital stock (H<sub>t</sub>),0.0
28,Derived canonical NK,Human capital stock (H<sub>t</sub>),0.0
29,Derived canonical NK,Human capital stock (H<sub>t</sub>),0.0
30,Derived canonical NK,Human capital stock (H<sub>t</sub>),0.0
31,Derived canonical NK,Human capital stock (H<sub>t</sub>),0.0
32,Derived canonical NK,Human capital stock (H<sub>t</sub>),0.0
33,Derived canonical NK,Human capital stock (H<sub>t</sub>),0.0
34,Derived canonical NK,Human capital stock (H<sub>t</sub>),0.0
35,Derived canonical NK,Human capital stock (H<sub>t</sub>),0.0
36,Derived canonical NK,Human capital stock (H<sub>t</sub>),0.0
37,Derived canonical NK,Human capital stock (H<sub>t</sub>),0.0
38,Derived canonical NK,Human capital stock (H<sub>t</sub>),0.0
39,Derived canonical NK,Human capital stock (H<sub>t</sub>),0.0
40,Derived canonical NK,Human capital stock (H<sub>t</sub>),0.0
41,Derived canonical NK,Human capital stock (H<sub>t</sub>),0.0
42,Derived canonical NK,Human capital stock (H<sub>t</sub>),0.0
43,Derived canonical NK,Human capital stock (H<sub>t</sub>),0.0
44,Derived canonical NK,Human capital stock (H<sub>t</sub>),0.0
45,Derived canonical NK,Human capital stock (H<sub>t</sub>),0.0
46,Derived canonical NK,Human capital stock (H<sub>t</sub>),0.0
47,Derived canonical NK,Human capital stock (H<sub>t</sub>),0.0
48,Derived canonical NK,Human capital stock (H<sub>t</sub>),0.0
49,Derived canonical NK,Human capital stock (H<sub>t</sub>),0.0
50,Derived canonical NK,Human capital stock (H<sub>t</sub>),0.0
51,Derived canonical NK,Human capital stock (H<sub>t</sub>),0.0
52,Derived canonical NK,Human capital stock (H<sub>t</sub>),0.0
53,Derived canonical NK,Human capital stock (H<sub>t</sub>),0.0
54,Derived canonical NK,Human capital stock (H<sub>t</sub>),0.0
55,Derived canonical NK,Human capital stock (H<sub>t</sub>),0.0
56,Derived canonical NK,Human capital stock (H<sub>t</sub>),0.0
57,Derived canonical NK,Human capital stock (H<sub>t</sub>),0.0
58,Derived canonical NK,Human capital stock (H<sub>t</sub>),0.0
59,Derived canonical NK,Human capital stock (H<sub>t</sub>),0.0
60,Derived canonical NK,Human capital stock (H<sub>t</sub>),0.0
61,Derived canonical NK,Human capital stock (H<sub>t</sub>),0.0
62,Derived canonical NK,Human capital stock (H<sub>t</sub>),0.0
63,Derived canonical NK,Human capital stock (H<sub>t</sub>),0.0
64,Derived canonical NK,Human capital stock (H<sub>t</sub>),0.0
65,Derived canonical NK,Human capital stock (H<sub>t</sub>),0.0
66,Derived canonical NK,Human capital stock (H<sub>t</sub>),0.0
67,Derived canonical NK,Human capital stock (H<sub>t</sub>),0.0
68,Derived canonical NK,Human capital stock (H<sub>t</sub>),0.0
69,Derived canonical NK,Human capital stock (H<sub>t</sub>),0.0
70,Derived canonical NK,Human capital stock (H<sub>t</sub>),0.0
71,Derived canonical NK,Human capital stock (H<sub>t</sub>),0.0
72,Derived canonical NK,Human capital stock (H<sub>t</sub>),0.0
73,Derived canonical NK,Human capital stock (H<sub>t</sub>),0.0
74,Derived canonical NK,Human capital stock (H<sub>t</sub>),0.0
75,Derived canonical NK,Human capital stock (H<sub>t</sub>),0.0
76,Derived canonical NK,Human capital stock (H<sub>t</sub>),0.0
77,Derived canonical NK,Human capital stock (H<sub>t</sub>),0.0
78,Derived canonical NK,Human capital stock (H<sub>t</sub>),0.0
79,Derived canonical NK,Human capital stock (H<sub>t</sub>),0.0
80,Derived canonical NK,Human capital stock (H<sub>t</sub>),0.0
81,Derived canonical NK,Human capital stock (H<sub>t</sub>),0.0
82,Derived canonical NK,Human capital stock (H<sub>t</sub>),0.0
83,Derived canonical NK,Human capital stock (H<sub>t</sub>),0.0
84,Derived canonical NK,Human capital stock (H<sub>t</sub>),0.0
85,Derived canonical NK,Human capital stock (H<sub>t</sub>),0.0
86,Derived canonical NK,Human capital stock (H<sub>t</sub>),0.0
87,Derived canonical NK,Human capital stock (H<sub>t</sub>),0.0
88,Derived canonical NK,Human capital stock (H<sub>t</sub>),0.0
89,Derived canonical NK,Human capital stock (H<sub>t</sub>),0.0
90,Derived canonical NK,Human capital stock (H<sub>t</sub>),0.0
91,Derived canonical NK,Human capital stock (H<sub>t</sub>),0.0
92,Derived canonical NK,Human capital stock (H<sub>t</sub>),0.0
93,Derived canonical NK,Human capital stock (H<sub>t</sub>),0.0
94,Derived canonical NK,Human capital stock (H<sub>t</sub>),0.0
95,Derived canonical NK,Human capital stock (H<sub>t</sub>),0.0
96,Derived canonical NK,Human capital stock (H<sub>t</sub>),0.0
97,Derived canonical NK,Human capital stock (H<sub>t</sub>),0.0
98,Derived canonical NK,Human capital stock (H<sub>t</sub>),0.0
99,Derived canonical NK,Human capital stock (H<sub>t</sub>),0.0
100,Derived canonical NK,Human capital stock (H<sub>t</sub>),0.0
1,Full model,Real marginal cost (mc<sub>t</sub>),0.299
2,Full model,Real marginal cost (mc<sub>t</sub>),-0.023
3,Full model,Real marginal cost (mc<sub>t</sub>),-0.007
4,Full model,Real marginal cost (mc<sub>t</sub>),-0.002
5,Full model,Real marginal cost (mc<sub>t</sub>),-0.0
6,Full model,Real marginal cost (mc<sub>t</sub>),0.0
7,Full model,Real marginal cost (mc<sub>t</sub>),0.0
8,Full model,Real marginal cost (mc<sub>t</sub>),0.0
9,Full model,Real marginal cost (mc<sub>t</sub>),0.0
10,Full model,Real marginal cost (mc<sub>t</sub>),0.001
11,Full model,Real marginal cost (mc<sub>t</sub>),0.001
12,Full model,Real marginal cost (mc<sub>t</sub>),0.001
13,Full model,Real marginal cost (mc<sub>t</sub>),0.001
14,Full model,Real marginal cost (mc<sub>t</sub>),0.001
15,Full model,Real marginal cost (mc<sub>t</sub>),0.001
16,Full model,Real marginal cost (mc<sub>t</sub>),0.001
17,Full model,Real marginal cost (mc<sub>t</sub>),0.001
18,Full model,Real marginal cost (mc<sub>t</sub>),0.001
19,Full model,Real marginal cost (mc<sub>t</sub>),0.001
20,Full model,Real marginal cost (mc<sub>t</sub>),0.001
21,Full model,Real marginal cost (mc<sub>t</sub>),0.001
22,Full model,Real marginal cost (mc<sub>t</sub>),0.001
23,Full model,Real marginal cost (mc<sub>t</sub>),0.001
24,Full model,Real marginal cost (mc<sub>t</sub>),0.001
25,Full model,Real marginal cost (mc<sub>t</sub>),0.001
26,Full model,Real marginal cost (mc<sub>t</sub>),0.001
27,Full model,Real marginal cost (mc<sub>t</sub>),0.001
28,Full model,Real marginal cost (mc<sub>t</sub>),0.001
29,Full model,Real marginal cost (mc<sub>t</sub>),0.001
30,Full model,Real marginal cost (mc<sub>t</sub>),0.001
31,Full model,Real marginal cost (mc<sub>t</sub>),0.001
32,Full model,Real marginal cost (mc<sub>t</sub>),0.001
33,Full model,Real marginal cost (mc<sub>t</sub>),0.001
34,Full model,Real marginal cost (mc<sub>t</sub>),0.001
35,Full model,Real marginal cost (mc<sub>t</sub>),0.001
36,Full model,Real marginal cost (mc<sub>t</sub>),0.001
37,Full model,Real marginal cost (mc<sub>t</sub>),0.001
38,Full model,Real marginal cost (mc<sub>t</sub>),0.001
39,Full model,Real marginal cost (mc<sub>t</sub>),0.001
40,Full model,Real marginal cost (mc<sub>t</sub>),0.001
41,Full model,Real marginal cost (mc<sub>t</sub>),0.001
42,Full model,Real marginal cost (mc<sub>t</sub>),0.001
43,Full model,Real marginal cost (mc<sub>t</sub>),0.001
44,Full model,Real marginal cost (mc<sub>t</sub>),0.001
45,Full model,Real marginal cost (mc<sub>t</sub>),0.001
46,Full model,Real marginal cost (mc<sub>t</sub>),0.001
47,Full model,Real marginal cost (mc<sub>t</sub>),0.001
48,Full model,Real marginal cost (mc<sub>t</sub>),0.001
49,Full model,Real marginal cost (mc<sub>t</sub>),0.001
50,Full model,Real marginal cost (mc<sub>t</sub>),0.001
51,Full model,Real marginal cost (mc<sub>t</sub>),0.001
52,Full model,Real marginal cost (mc<sub>t</sub>),0.001
53,Full model,Real marginal cost (mc<sub>t</sub>),0.001
54,Full model,Real marginal cost (mc<sub>t</sub>),0.001
55,Full model,Real marginal cost (mc<sub>t</sub>),0.001
56,Full model,Real marginal cost (mc<sub>t</sub>),0.001
57,Full model,Real marginal cost (mc<sub>t</sub>),0.001
58,Full model,Real marginal cost (mc<sub>t</sub>),0.001
59,Full model,Real marginal cost (mc<sub>t</sub>),0.001
60,Full model,Real marginal cost (mc<sub>t</sub>),0.001
61,Full model,Real marginal cost (mc<sub>t</sub>),0.001
62,Full model,Real marginal cost (mc<sub>t</sub>),0.001
63,Full model,Real marginal cost (mc<sub>t</sub>),0.001
64,Full model,Real marginal cost (mc<sub>t</sub>),0.001
65,Full model,Real marginal cost (mc<sub>t</sub>),0.001
66,Full model,Real marginal cost (mc<sub>t</sub>),0.001
67,Full model,Real marginal cost (mc<sub>t</sub>),0.001
68,Full model,Real marginal cost (mc<sub>t</sub>),0.001
69,Full model,Real marginal cost (mc<sub>t</sub>),0.001
70,Full model,Real marginal cost (mc<sub>t</sub>),0.001
71,Full model,Real marginal cost (mc<sub>t</sub>),0.001
72,Full model,Real marginal cost (mc<sub>t</sub>),0.001
73,Full model,Real marginal cost (mc<sub>t</sub>),0.001
74,Full model,Real marginal cost (mc<sub>t</sub>),0.001
75,Full model,Real marginal cost (mc<sub>t</sub>),0.001
76,Full model,Real marginal cost (mc<sub>t</sub>),0.001
77,Full model,Real marginal cost (mc<sub>t</sub>),0.001
78,Full model,Real marginal cost (mc<sub>t</sub>),0.001
79,Full model,Real marginal cost (mc<sub>t</sub>),0.001
80,Full model,Real marginal cost (mc<sub>t</sub>),0.001
81,Full model,Real marginal cost (mc<sub>t</sub>),0.001
82,Full model,Real marginal cost (mc<sub>t</sub>),0.001
83,Full model,Real marginal cost (mc<sub>t</sub>),0.001
84,Full model,Real marginal cost (mc<sub>t</sub>),0.001
85,Full model,Real marginal cost (mc<sub>t</sub>),0.001
86,Full model,Real marginal cost (mc<sub>t</sub>),0.001
87,Full model,Real marginal cost (mc<sub>t</sub>),0.001
88,Full model,Real marginal cost (mc<sub>t</sub>),0.001
89,Full model,Real marginal cost (mc<sub>t</sub>),0.001
90,Full model,Real marginal cost (mc<sub>t</sub>),0.001
91,Full model,Real marginal cost (mc<sub>t</sub>),0.001
92,Full model,Real marginal cost (mc<sub>t</sub>),0.001
93,Full model,Real marginal cost (mc<sub>t</sub>),0.001
94,Full model,Real marginal cost (mc<sub>t</sub>),0.001
95,Full model,Real marginal cost (mc<sub>t</sub>),0.001
96,Full model,Real marginal cost (mc<sub>t</sub>),0.001
97,Full model,Real marginal cost (mc<sub>t</sub>),0.001
98,Full model,Real marginal cost (mc<sub>t</sub>),0.001
99,Full model,Real marginal cost (mc<sub>t</sub>),0.001
100,Full model,Real marginal cost (mc<sub>t</sub>),0.001
1,No endogenous technology,Real marginal cost (mc<sub>t</sub>),0.279
2,No endogenous technology,Real marginal cost (mc<sub>t</sub>),-0.022
3,No endogenous technology,Real marginal cost (mc<sub>t</sub>),-0.006
4,No endogenous technology,Real marginal cost (mc<sub>t</sub>),-0.001
5,No endogenous technology,Real marginal cost (mc<sub>t</sub>),0.001
6,No endogenous technology,Real marginal cost (mc<sub>t</sub>),0.001
7,No endogenous technology,Real marginal cost (mc<sub>t</sub>),0.001
8,No endogenous technology,Real marginal cost (mc<sub>t</sub>),0.001
9,No endogenous technology,Real marginal cost (mc<sub>t</sub>),0.001
10,No endogenous technology,Real marginal cost (mc<sub>t</sub>),0.001
11,No endogenous technology,Real marginal cost (mc<sub>t</sub>),0.001
12,No endogenous technology,Real marginal cost (mc<sub>t</sub>),0.001
13,No endogenous technology,Real marginal cost (mc<sub>t</sub>),0.001
14,No endogenous technology,Real marginal cost (mc<sub>t</sub>),0.001
15,No endogenous technology,Real marginal cost (mc<sub>t</sub>),0.001
16,No endogenous technology,Real marginal cost (mc<sub>t</sub>),0.001
17,No endogenous technology,Real marginal cost (mc<sub>t</sub>),0.001
18,No endogenous technology,Real marginal cost (mc<sub>t</sub>),0.001
19,No endogenous technology,Real marginal cost (mc<sub>t</sub>),0.001
20,No endogenous technology,Real marginal cost (mc<sub>t</sub>),0.001
21,No endogenous technology,Real marginal cost (mc<sub>t</sub>),0.001
22,No endogenous technology,Real marginal cost (mc<sub>t</sub>),0.001
23,No endogenous technology,Real marginal cost (mc<sub>t</sub>),0.001
24,No endogenous technology,Real marginal cost (mc<sub>t</sub>),0.001
25,No endogenous technology,Real marginal cost (mc<sub>t</sub>),0.001
26,No endogenous technology,Real marginal cost (mc<sub>t</sub>),0.001
27,No endogenous technology,Real marginal cost (mc<sub>t</sub>),0.001
28,No endogenous technology,Real marginal cost (mc<sub>t</sub>),0.001
29,No endogenous technology,Real marginal cost (mc<sub>t</sub>),0.001
30,No endogenous technology,Real marginal cost (mc<sub>t</sub>),0.001
31,No endogenous technology,Real marginal cost (mc<sub>t</sub>),0.001
32,No endogenous technology,Real marginal cost (mc<sub>t</sub>),0.001
33,No endogenous technology,Real marginal cost (mc<sub>t</sub>),0.001
34,No endogenous technology,Real marginal cost (mc<sub>t</sub>),0.001
35,No endogenous technology,Real marginal cost (mc<sub>t</sub>),0.001
36,No endogenous technology,Real marginal cost (mc<sub>t</sub>),0.001
37,No endogenous technology,Real marginal cost (mc<sub>t</sub>),0.001
38,No endogenous technology,Real marginal cost (mc<sub>t</sub>),0.001
39,No endogenous technology,Real marginal cost (mc<sub>t</sub>),0.001
40,No endogenous technology,Real marginal cost (mc<sub>t</sub>),0.001
41,No endogenous technology,Real marginal cost (mc<sub>t</sub>),0.001
42,No endogenous technology,Real marginal cost (mc<sub>t</sub>),0.001
43,No endogenous technology,Real marginal cost (mc<sub>t</sub>),0.001
44,No endogenous technology,Real marginal cost (mc<sub>t</sub>),0.001
45,No endogenous technology,Real marginal cost (mc<sub>t</sub>),0.001
46,No endogenous technology,Real marginal cost (mc<sub>t</sub>),0.001
47,No endogenous technology,Real marginal cost (mc<sub>t</sub>),0.001
48,No endogenous technology,Real marginal cost (mc<sub>t</sub>),0.001
49,No endogenous technology,Real marginal cost (mc<sub>t</sub>),0.001
50,No endogenous technology,Real marginal cost (mc<sub>t</sub>),0.001
51,No endogenous technology,Real marginal cost (mc<sub>t</sub>),0.001
52,No endogenous technology,Real marginal cost (mc<sub>t</sub>),0.001
53,No endogenous technology,Real marginal cost (mc<sub>t</sub>),0.001
54,No endogenous technology,Real marginal cost (mc<sub>t</sub>),0.001
55,No endogenous technology,Real marginal cost (mc<sub>t</sub>),0.001
56,No endogenous technology,Real marginal cost (mc<sub>t</sub>),0.001
57,No endogenous technology,Real marginal cost (mc<sub>t</sub>),0.001
58,No endogenous technology,Real marginal cost (mc<sub>t</sub>),0.001
59,No endogenous technology,Real marginal cost (mc<sub>t</sub>),0.001
60,No endogenous technology,Real marginal cost (mc<sub>t</sub>),0.001
61,No endogenous technology,Real marginal cost (mc<sub>t</sub>),0.001
62,No endogenous technology,Real marginal cost (mc<sub>t</sub>),0.001
63,No endogenous technology,Real marginal cost (mc<sub>t</sub>),0.001
64,No endogenous technology,Real marginal cost (mc<sub>t</sub>),0.001
65,No endogenous technology,Real marginal cost (mc<sub>t</sub>),0.001
66,No endogenous technology,Real marginal cost (mc<sub>t</sub>),0.001
67,No endogenous technology,Real marginal cost (mc<sub>t</sub>),0.001
68,No endogenous technology,Real marginal cost (mc<sub>t</sub>),0.001
69,No endogenous technology,Real marginal cost (mc<sub>t</sub>),0.001
70,No endogenous technology,Real marginal cost (mc<sub>t</sub>),0.001
71,No endogenous technology,Real marginal cost (mc<sub>t</sub>),0.001
72,No endogenous technology,Real marginal cost (mc<sub>t</sub>),0.001
73,No endogenous technology,Real marginal cost (mc<sub>t</sub>),0.001
74,No endogenous technology,Real marginal cost (mc<sub>t</sub>),0.001
75,No endogenous technology,Real marginal cost (mc<sub>t</sub>),0.001
76,No endogenous technology,Real marginal cost (mc<sub>t</sub>),0.001
77,No endogenous technology,Real marginal cost (mc<sub>t</sub>),0.0
78,No endogenous technology,Real marginal cost (mc<sub>t</sub>),0.0
79,No endogenous technology,Real marginal cost (mc<sub>t</sub>),0.0
80,No endogenous technology,Real marginal cost (mc<sub>t</sub>),0.0
81,No endogenous technology,Real marginal cost (mc<sub>t</sub>),0.0
82,No endogenous technology,Real marginal cost (mc<sub>t</sub>),0.0
83,No endogenous technology,Real marginal cost (mc<sub>t</sub>),0.0
84,No endogenous technology,Real marginal cost (mc<sub>t</sub>),0.0
85,No endogenous technology,Real marginal cost (mc<sub>t</sub>),0.0
86,No endogenous technology,Real marginal cost (mc<sub>t</sub>),0.0
87,No endogenous technology,Real marginal cost (mc<sub>t</sub>),0.0
88,No endogenous technology,Real marginal cost (mc<sub>t</sub>),0.0
89,No endogenous technology,Real marginal cost (mc<sub>t</sub>),0.0
90,No endogenous technology,Real marginal cost (mc<sub>t</sub>),0.0
91,No endogenous technology,Real marginal cost (mc<sub>t</sub>),0.0
92,No endogenous technology,Real marginal cost (mc<sub>t</sub>),0.0
93,No endogenous technology,Real marginal cost (mc<sub>t</sub>),0.0
94,No endogenous technology,Real marginal cost (mc<sub>t</sub>),0.0
95,No endogenous technology,Real marginal cost (mc<sub>t</sub>),0.0
96,No endogenous technology,Real marginal cost (mc<sub>t</sub>),0.0
97,No endogenous technology,Real marginal cost (mc<sub>t</sub>),0.0
98,No endogenous technology,Real marginal cost (mc<sub>t</sub>),0.0
99,No endogenous technology,Real marginal cost (mc<sub>t</sub>),0.0
100,No endogenous technology,Real marginal cost (mc<sub>t</sub>),0.0
1,No human capital,Real marginal cost (mc<sub>t</sub>),0.272
2,No human capital,Real marginal cost (mc<sub>t</sub>),-0.023
3,No human capital,Real marginal cost (mc<sub>t</sub>),-0.005
4,No human capital,Real marginal cost (mc<sub>t</sub>),0.0
5,No human capital,Real marginal cost (mc<sub>t</sub>),0.002
6,No human capital,Real marginal cost (mc<sub>t</sub>),0.002
7,No human capital,Real marginal cost (mc<sub>t</sub>),0.002
8,No human capital,Real marginal cost (mc<sub>t</sub>),0.002
9,No human capital,Real marginal cost (mc<sub>t</sub>),0.002
10,No human capital,Real marginal cost (mc<sub>t</sub>),0.002
11,No human capital,Real marginal cost (mc<sub>t</sub>),0.002
12,No human capital,Real marginal cost (mc<sub>t</sub>),0.002
13,No human capital,Real marginal cost (mc<sub>t</sub>),0.002
14,No human capital,Real marginal cost (mc<sub>t</sub>),0.002
15,No human capital,Real marginal cost (mc<sub>t</sub>),0.002
16,No human capital,Real marginal cost (mc<sub>t</sub>),0.002
17,No human capital,Real marginal cost (mc<sub>t</sub>),0.002
18,No human capital,Real marginal cost (mc<sub>t</sub>),0.001
19,No human capital,Real marginal cost (mc<sub>t</sub>),0.001
20,No human capital,Real marginal cost (mc<sub>t</sub>),0.001
21,No human capital,Real marginal cost (mc<sub>t</sub>),0.001
22,No human capital,Real marginal cost (mc<sub>t</sub>),0.001
23,No human capital,Real marginal cost (mc<sub>t</sub>),0.001
24,No human capital,Real marginal cost (mc<sub>t</sub>),0.001
25,No human capital,Real marginal cost (mc<sub>t</sub>),0.001
26,No human capital,Real marginal cost (mc<sub>t</sub>),0.001
27,No human capital,Real marginal cost (mc<sub>t</sub>),0.001
28,No human capital,Real marginal cost (mc<sub>t</sub>),0.001
29,No human capital,Real marginal cost (mc<sub>t</sub>),0.001
30,No human capital,Real marginal cost (mc<sub>t</sub>),0.001
31,No human capital,Real marginal cost (mc<sub>t</sub>),0.001
32,No human capital,Real marginal cost (mc<sub>t</sub>),0.001
33,No human capital,Real marginal cost (mc<sub>t</sub>),0.001
34,No human capital,Real marginal cost (mc<sub>t</sub>),0.001
35,No human capital,Real marginal cost (mc<sub>t</sub>),0.001
36,No human capital,Real marginal cost (mc<sub>t</sub>),0.001
37,No human capital,Real marginal cost (mc<sub>t</sub>),0.001
38,No human capital,Real marginal cost (mc<sub>t</sub>),0.001
39,No human capital,Real marginal cost (mc<sub>t</sub>),0.001
40,No human capital,Real marginal cost (mc<sub>t</sub>),0.001
41,No human capital,Real marginal cost (mc<sub>t</sub>),0.001
42,No human capital,Real marginal cost (mc<sub>t</sub>),0.001
43,No human capital,Real marginal cost (mc<sub>t</sub>),0.001
44,No human capital,Real marginal cost (mc<sub>t</sub>),0.001
45,No human capital,Real marginal cost (mc<sub>t</sub>),0.001
46,No human capital,Real marginal cost (mc<sub>t</sub>),0.001
47,No human capital,Real marginal cost (mc<sub>t</sub>),0.001
48,No human capital,Real marginal cost (mc<sub>t</sub>),0.0
49,No human capital,Real marginal cost (mc<sub>t</sub>),0.0
50,No human capital,Real marginal cost (mc<sub>t</sub>),0.0
51,No human capital,Real marginal cost (mc<sub>t</sub>),0.0
52,No human capital,Real marginal cost (mc<sub>t</sub>),0.0
53,No human capital,Real marginal cost (mc<sub>t</sub>),0.0
54,No human capital,Real marginal cost (mc<sub>t</sub>),0.0
55,No human capital,Real marginal cost (mc<sub>t</sub>),0.0
56,No human capital,Real marginal cost (mc<sub>t</sub>),0.0
57,No human capital,Real marginal cost (mc<sub>t</sub>),0.0
58,No human capital,Real marginal cost (mc<sub>t</sub>),0.0
59,No human capital,Real marginal cost (mc<sub>t</sub>),0.0
60,No human capital,Real marginal cost (mc<sub>t</sub>),0.0
61,No human capital,Real marginal cost (mc<sub>t</sub>),0.0
62,No human capital,Real marginal cost (mc<sub>t</sub>),0.0
63,No human capital,Real marginal cost (mc<sub>t</sub>),0.0
64,No human capital,Real marginal cost (mc<sub>t</sub>),0.0
65,No human capital,Real marginal cost (mc<sub>t</sub>),0.0
66,No human capital,Real marginal cost (mc<sub>t</sub>),0.0
67,No human capital,Real marginal cost (mc<sub>t</sub>),0.0
68,No human capital,Real marginal cost (mc<sub>t</sub>),0.0
69,No human capital,Real marginal cost (mc<sub>t</sub>),0.0
70,No human capital,Real marginal cost (mc<sub>t</sub>),0.0
71,No human capital,Real marginal cost (mc<sub>t</sub>),0.0
72,No human capital,Real marginal cost (mc<sub>t</sub>),0.0
73,No human capital,Real marginal cost (mc<sub>t</sub>),0.0
74,No human capital,Real marginal cost (mc<sub>t</sub>),0.0
75,No human capital,Real marginal cost (mc<sub>t</sub>),0.0
76,No human capital,Real marginal cost (mc<sub>t</sub>),0.0
77,No human capital,Real marginal cost (mc<sub>t</sub>),0.0
78,No human capital,Real marginal cost (mc<sub>t</sub>),0.0
79,No human capital,Real marginal cost (mc<sub>t</sub>),0.0
80,No human capital,Real marginal cost (mc<sub>t</sub>),0.0
81,No human capital,Real marginal cost (mc<sub>t</sub>),0.0
82,No human capital,Real marginal cost (mc<sub>t</sub>),0.0
83,No human capital,Real marginal cost (mc<sub>t</sub>),0.0
84,No human capital,Real marginal cost (mc<sub>t</sub>),0.0
85,No human capital,Real marginal cost (mc<sub>t</sub>),0.0
86,No human capital,Real marginal cost (mc<sub>t</sub>),0.0
87,No human capital,Real marginal cost (mc<sub>t</sub>),0.0
88,No human capital,Real marginal cost (mc<sub>t</sub>),0.0
89,No human capital,Real marginal cost (mc<sub>t</sub>),0.0
90,No human capital,Real marginal cost (mc<sub>t</sub>),0.0
91,No human capital,Real marginal cost (mc<sub>t</sub>),0.0
92,No human capital,Real marginal cost (mc<sub>t</sub>),0.0
93,No human capital,Real marginal cost (mc<sub>t</sub>),0.0
94,No human capital,Real marginal cost (mc<sub>t</sub>),0.0
95,No human capital,Real marginal cost (mc<sub>t</sub>),0.0
96,No human capital,Real marginal cost (mc<sub>t</sub>),0.0
97,No human capital,Real marginal cost (mc<sub>t</sub>),0.0
98,No human capital,Real marginal cost (mc<sub>t</sub>),0.0
99,No human capital,Real marginal cost (mc<sub>t</sub>),0.0
100,No human capital,Real marginal cost (mc<sub>t</sub>),0.0
1,No public infrastructure,Real marginal cost (mc<sub>t</sub>),0.272
2,No public infrastructure,Real marginal cost (mc<sub>t</sub>),-0.023
3,No public infrastructure,Real marginal cost (mc<sub>t</sub>),-0.005
4,No public infrastructure,Real marginal cost (mc<sub>t</sub>),0.0
5,No public infrastructure,Real marginal cost (mc<sub>t</sub>),0.002
6,No public infrastructure,Real marginal cost (mc<sub>t</sub>),0.002
7,No public infrastructure,Real marginal cost (mc<sub>t</sub>),0.002
8,No public infrastructure,Real marginal cost (mc<sub>t</sub>),0.002
9,No public infrastructure,Real marginal cost (mc<sub>t</sub>),0.002
10,No public infrastructure,Real marginal cost (mc<sub>t</sub>),0.002
11,No public infrastructure,Real marginal cost (mc<sub>t</sub>),0.002
12,No public infrastructure,Real marginal cost (mc<sub>t</sub>),0.002
13,No public infrastructure,Real marginal cost (mc<sub>t</sub>),0.002
14,No public infrastructure,Real marginal cost (mc<sub>t</sub>),0.002
15,No public infrastructure,Real marginal cost (mc<sub>t</sub>),0.002
16,No public infrastructure,Real marginal cost (mc<sub>t</sub>),0.002
17,No public infrastructure,Real marginal cost (mc<sub>t</sub>),0.002
18,No public infrastructure,Real marginal cost (mc<sub>t</sub>),0.001
19,No public infrastructure,Real marginal cost (mc<sub>t</sub>),0.001
20,No public infrastructure,Real marginal cost (mc<sub>t</sub>),0.001
21,No public infrastructure,Real marginal cost (mc<sub>t</sub>),0.001
22,No public infrastructure,Real marginal cost (mc<sub>t</sub>),0.001
23,No public infrastructure,Real marginal cost (mc<sub>t</sub>),0.001
24,No public infrastructure,Real marginal cost (mc<sub>t</sub>),0.001
25,No public infrastructure,Real marginal cost (mc<sub>t</sub>),0.001
26,No public infrastructure,Real marginal cost (mc<sub>t</sub>),0.001
27,No public infrastructure,Real marginal cost (mc<sub>t</sub>),0.001
28,No public infrastructure,Real marginal cost (mc<sub>t</sub>),0.001
29,No public infrastructure,Real marginal cost (mc<sub>t</sub>),0.001
30,No public infrastructure,Real marginal cost (mc<sub>t</sub>),0.001
31,No public infrastructure,Real marginal cost (mc<sub>t</sub>),0.001
32,No public infrastructure,Real marginal cost (mc<sub>t</sub>),0.001
33,No public infrastructure,Real marginal cost (mc<sub>t</sub>),0.001
34,No public infrastructure,Real marginal cost (mc<sub>t</sub>),0.001
35,No public infrastructure,Real marginal cost (mc<sub>t</sub>),0.001
36,No public infrastructure,Real marginal cost (mc<sub>t</sub>),0.001
37,No public infrastructure,Real marginal cost (mc<sub>t</sub>),0.001
38,No public infrastructure,Real marginal cost (mc<sub>t</sub>),0.001
39,No public infrastructure,Real marginal cost (mc<sub>t</sub>),0.001
40,No public infrastructure,Real marginal cost (mc<sub>t</sub>),0.001
41,No public infrastructure,Real marginal cost (mc<sub>t</sub>),0.001
42,No public infrastructure,Real marginal cost (mc<sub>t</sub>),0.001
43,No public infrastructure,Real marginal cost (mc<sub>t</sub>),0.001
44,No public infrastructure,Real marginal cost (mc<sub>t</sub>),0.001
45,No public infrastructure,Real marginal cost (mc<sub>t</sub>),0.001
46,No public infrastructure,Real marginal cost (mc<sub>t</sub>),0.001
47,No public infrastructure,Real marginal cost (mc<sub>t</sub>),0.001
48,No public infrastructure,Real marginal cost (mc<sub>t</sub>),0.0
49,No public infrastructure,Real marginal cost (mc<sub>t</sub>),0.0
50,No public infrastructure,Real marginal cost (mc<sub>t</sub>),0.0
51,No public infrastructure,Real marginal cost (mc<sub>t</sub>),0.0
52,No public infrastructure,Real marginal cost (mc<sub>t</sub>),0.0
53,No public infrastructure,Real marginal cost (mc<sub>t</sub>),0.0
54,No public infrastructure,Real marginal cost (mc<sub>t</sub>),0.0
55,No public infrastructure,Real marginal cost (mc<sub>t</sub>),0.0
56,No public infrastructure,Real marginal cost (mc<sub>t</sub>),0.0
57,No public infrastructure,Real marginal cost (mc<sub>t</sub>),0.0
58,No public infrastructure,Real marginal cost (mc<sub>t</sub>),0.0
59,No public infrastructure,Real marginal cost (mc<sub>t</sub>),0.0
60,No public infrastructure,Real marginal cost (mc<sub>t</sub>),0.0
61,No public infrastructure,Real marginal cost (mc<sub>t</sub>),0.0
62,No public infrastructure,Real marginal cost (mc<sub>t</sub>),0.0
63,No public infrastructure,Real marginal cost (mc<sub>t</sub>),0.0
64,No public infrastructure,Real marginal cost (mc<sub>t</sub>),0.0
65,No public infrastructure,Real marginal cost (mc<sub>t</sub>),0.0
66,No public infrastructure,Real marginal cost (mc<sub>t</sub>),0.0
67,No public infrastructure,Real marginal cost (mc<sub>t</sub>),0.0
68,No public infrastructure,Real marginal cost (mc<sub>t</sub>),0.0
69,No public infrastructure,Real marginal cost (mc<sub>t</sub>),0.0
70,No public infrastructure,Real marginal cost (mc<sub>t</sub>),0.0
71,No public infrastructure,Real marginal cost (mc<sub>t</sub>),0.0
72,No public infrastructure,Real marginal cost (mc<sub>t</sub>),0.0
73,No public infrastructure,Real marginal cost (mc<sub>t</sub>),0.0
74,No public infrastructure,Real marginal cost (mc<sub>t</sub>),0.0
75,No public infrastructure,Real marginal cost (mc<sub>t</sub>),0.0
76,No public infrastructure,Real marginal cost (mc<sub>t</sub>),0.0
77,No public infrastructure,Real marginal cost (mc<sub>t</sub>),0.0
78,No public infrastructure,Real marginal cost (mc<sub>t</sub>),0.0
79,No public infrastructure,Real marginal cost (mc<sub>t</sub>),0.0
80,No public infrastructure,Real marginal cost (mc<sub>t</sub>),0.0
81,No public infrastructure,Real marginal cost (mc<sub>t</sub>),0.0
82,No public infrastructure,Real marginal cost (mc<sub>t</sub>),0.0
83,No public infrastructure,Real marginal cost (mc<sub>t</sub>),0.0
84,No public infrastructure,Real marginal cost (mc<sub>t</sub>),0.0
85,No public infrastructure,Real marginal cost (mc<sub>t</sub>),0.0
86,No public infrastructure,Real marginal cost (mc<sub>t</sub>),0.0
87,No public infrastructure,Real marginal cost (mc<sub>t</sub>),0.0
88,No public infrastructure,Real marginal cost (mc<sub>t</sub>),0.0
89,No public infrastructure,Real marginal cost (mc<sub>t</sub>),0.0
90,No public infrastructure,Real marginal cost (mc<sub>t</sub>),0.0
91,No public infrastructure,Real marginal cost (mc<sub>t</sub>),0.0
92,No public infrastructure,Real marginal cost (mc<sub>t</sub>),0.0
93,No public infrastructure,Real marginal cost (mc<sub>t</sub>),0.0
94,No public infrastructure,Real marginal cost (mc<sub>t</sub>),0.0
95,No public infrastructure,Real marginal cost (mc<sub>t</sub>),0.0
96,No public infrastructure,Real marginal cost (mc<sub>t</sub>),0.0
97,No public infrastructure,Real marginal cost (mc<sub>t</sub>),0.0
98,No public infrastructure,Real marginal cost (mc<sub>t</sub>),0.0
99,No public infrastructure,Real marginal cost (mc<sub>t</sub>),0.0
100,No public infrastructure,Real marginal cost (mc<sub>t</sub>),0.0
1,No private capital,Real marginal cost (mc<sub>t</sub>),-0.0
2,No private capital,Real marginal cost (mc<sub>t</sub>),0.0
3,No private capital,Real marginal cost (mc<sub>t</sub>),0.0
4,No private capital,Real marginal cost (mc<sub>t</sub>),0.0
5,No private capital,Real marginal cost (mc<sub>t</sub>),0.0
6,No private capital,Real marginal cost (mc<sub>t</sub>),0.0
7,No private capital,Real marginal cost (mc<sub>t</sub>),0.0
8,No private capital,Real marginal cost (mc<sub>t</sub>),0.0
9,No private capital,Real marginal cost (mc<sub>t</sub>),0.0
10,No private capital,Real marginal cost (mc<sub>t</sub>),0.0
11,No private capital,Real marginal cost (mc<sub>t</sub>),0.0
12,No private capital,Real marginal cost (mc<sub>t</sub>),0.0
13,No private capital,Real marginal cost (mc<sub>t</sub>),0.0
14,No private capital,Real marginal cost (mc<sub>t</sub>),0.0
15,No private capital,Real marginal cost (mc<sub>t</sub>),0.0
16,No private capital,Real marginal cost (mc<sub>t</sub>),0.0
17,No private capital,Real marginal cost (mc<sub>t</sub>),0.0
18,No private capital,Real marginal cost (mc<sub>t</sub>),0.0
19,No private capital,Real marginal cost (mc<sub>t</sub>),0.0
20,No private capital,Real marginal cost (mc<sub>t</sub>),0.0
21,No private capital,Real marginal cost (mc<sub>t</sub>),0.0
22,No private capital,Real marginal cost (mc<sub>t</sub>),0.0
23,No private capital,Real marginal cost (mc<sub>t</sub>),0.0
24,No private capital,Real marginal cost (mc<sub>t</sub>),0.0
25,No private capital,Real marginal cost (mc<sub>t</sub>),0.0
26,No private capital,Real marginal cost (mc<sub>t</sub>),0.0
27,No private capital,Real marginal cost (mc<sub>t</sub>),0.0
28,No private capital,Real marginal cost (mc<sub>t</sub>),0.0
29,No private capital,Real marginal cost (mc<sub>t</sub>),0.0
30,No private capital,Real marginal cost (mc<sub>t</sub>),0.0
31,No private capital,Real marginal cost (mc<sub>t</sub>),0.0
32,No private capital,Real marginal cost (mc<sub>t</sub>),0.0
33,No private capital,Real marginal cost (mc<sub>t</sub>),0.0
34,No private capital,Real marginal cost (mc<sub>t</sub>),0.0
35,No private capital,Real marginal cost (mc<sub>t</sub>),0.0
36,No private capital,Real marginal cost (mc<sub>t</sub>),0.0
37,No private capital,Real marginal cost (mc<sub>t</sub>),0.0
38,No private capital,Real marginal cost (mc<sub>t</sub>),0.0
39,No private capital,Real marginal cost (mc<sub>t</sub>),0.0
40,No private capital,Real marginal cost (mc<sub>t</sub>),0.0
41,No private capital,Real marginal cost (mc<sub>t</sub>),0.0
42,No private capital,Real marginal cost (mc<sub>t</sub>),0.0
43,No private capital,Real marginal cost (mc<sub>t</sub>),0.0
44,No private capital,Real marginal cost (mc<sub>t</sub>),0.0
45,No private capital,Real marginal cost (mc<sub>t</sub>),0.0
46,No private capital,Real marginal cost (mc<sub>t</sub>),0.0
47,No private capital,Real marginal cost (mc<sub>t</sub>),0.0
48,No private capital,Real marginal cost (mc<sub>t</sub>),0.0
49,No private capital,Real marginal cost (mc<sub>t</sub>),0.0
50,No private capital,Real marginal cost (mc<sub>t</sub>),0.0
51,No private capital,Real marginal cost (mc<sub>t</sub>),0.0
52,No private capital,Real marginal cost (mc<sub>t</sub>),0.0
53,No private capital,Real marginal cost (mc<sub>t</sub>),0.0
54,No private capital,Real marginal cost (mc<sub>t</sub>),0.0
55,No private capital,Real marginal cost (mc<sub>t</sub>),0.0
56,No private capital,Real marginal cost (mc<sub>t</sub>),0.0
57,No private capital,Real marginal cost (mc<sub>t</sub>),0.0
58,No private capital,Real marginal cost (mc<sub>t</sub>),0.0
59,No private capital,Real marginal cost (mc<sub>t</sub>),0.0
60,No private capital,Real marginal cost (mc<sub>t</sub>),0.0
61,No private capital,Real marginal cost (mc<sub>t</sub>),0.0
62,No private capital,Real marginal cost (mc<sub>t</sub>),0.0
63,No private capital,Real marginal cost (mc<sub>t</sub>),0.0
64,No private capital,Real marginal cost (mc<sub>t</sub>),0.0
65,No private capital,Real marginal cost (mc<sub>t</sub>),0.0
66,No private capital,Real marginal cost (mc<sub>t</sub>),0.0
67,No private capital,Real marginal cost (mc<sub>t</sub>),0.0
68,No private capital,Real marginal cost (mc<sub>t</sub>),0.0
69,No private capital,Real marginal cost (mc<sub>t</sub>),0.0
70,No private capital,Real marginal cost (mc<sub>t</sub>),0.0
71,No private capital,Real marginal cost (mc<sub>t</sub>),0.0
72,No private capital,Real marginal cost (mc<sub>t</sub>),0.0
73,No private capital,Real marginal cost (mc<sub>t</sub>),0.0
74,No private capital,Real marginal cost (mc<sub>t</sub>),0.0
75,No private capital,Real marginal cost (mc<sub>t</sub>),0.0
76,No private capital,Real marginal cost (mc<sub>t</sub>),0.0
77,No private capital,Real marginal cost (mc<sub>t</sub>),0.0
78,No private capital,Real marginal cost (mc<sub>t</sub>),0.0
79,No private capital,Real marginal cost (mc<sub>t</sub>),0.0
80,No private capital,Real marginal cost (mc<sub>t</sub>),0.0
81,No private capital,Real marginal cost (mc<sub>t</sub>),0.0
82,No private capital,Real marginal cost (mc<sub>t</sub>),0.0
83,No private capital,Real marginal cost (mc<sub>t</sub>),0.0
84,No private capital,Real marginal cost (mc<sub>t</sub>),0.0
85,No private capital,Real marginal cost (mc<sub>t</sub>),0.0
86,No private capital,Real marginal cost (mc<sub>t</sub>),0.0
87,No private capital,Real marginal cost (mc<sub>t</sub>),0.0
88,No private capital,Real marginal cost (mc<sub>t</sub>),0.0
89,No private capital,Real marginal cost (mc<sub>t</sub>),0.0
90,No private capital,Real marginal cost (mc<sub>t</sub>),0.0
91,No private capital,Real marginal cost (mc<sub>t</sub>),0.0
92,No private capital,Real marginal cost (mc<sub>t</sub>),0.0
93,No private capital,Real marginal cost (mc<sub>t</sub>),0.0
94,No private capital,Real marginal cost (mc<sub>t</sub>),0.0
95,No private capital,Real marginal cost (mc<sub>t</sub>),0.0
96,No private capital,Real marginal cost (mc<sub>t</sub>),0.0
97,No private capital,Real marginal cost (mc<sub>t</sub>),0.0
98,No private capital,Real marginal cost (mc<sub>t</sub>),0.0
99,No private capital,Real marginal cost (mc<sub>t</sub>),0.0
100,No private capital,Real marginal cost (mc<sub>t</sub>),0.0
1,No indexation,Real marginal cost (mc<sub>t</sub>),0.0
2,No indexation,Real marginal cost (mc<sub>t</sub>),0.0
3,No indexation,Real marginal cost (mc<sub>t</sub>),0.0
4,No indexation,Real marginal cost (mc<sub>t</sub>),0.0
5,No indexation,Real marginal cost (mc<sub>t</sub>),0.0
6,No indexation,Real marginal cost (mc<sub>t</sub>),0.0
7,No indexation,Real marginal cost (mc<sub>t</sub>),0.0
8,No indexation,Real marginal cost (mc<sub>t</sub>),0.0
9,No indexation,Real marginal cost (mc<sub>t</sub>),0.0
10,No indexation,Real marginal cost (mc<sub>t</sub>),0.0
11,No indexation,Real marginal cost (mc<sub>t</sub>),0.0
12,No indexation,Real marginal cost (mc<sub>t</sub>),0.0
13,No indexation,Real marginal cost (mc<sub>t</sub>),0.0
14,No indexation,Real marginal cost (mc<sub>t</sub>),0.0
15,No indexation,Real marginal cost (mc<sub>t</sub>),0.0
16,No indexation,Real marginal cost (mc<sub>t</sub>),0.0
17,No indexation,Real marginal cost (mc<sub>t</sub>),0.0
18,No indexation,Real marginal cost (mc<sub>t</sub>),0.0
19,No indexation,Real marginal cost (mc<sub>t</sub>),0.0
20,No indexation,Real marginal cost (mc<sub>t</sub>),0.0
21,No indexation,Real marginal cost (mc<sub>t</sub>),0.0
22,No indexation,Real marginal cost (mc<sub>t</sub>),0.0
23,No indexation,Real marginal cost (mc<sub>t</sub>),0.0
24,No indexation,Real marginal cost (mc<sub>t</sub>),0.0
25,No indexation,Real marginal cost (mc<sub>t</sub>),0.0
26,No indexation,Real marginal cost (mc<sub>t</sub>),0.0
27,No indexation,Real marginal cost (mc<sub>t</sub>),0.0
28,No indexation,Real marginal cost (mc<sub>t</sub>),0.0
29,No indexation,Real marginal cost (mc<sub>t</sub>),0.0
30,No indexation,Real marginal cost (mc<sub>t</sub>),0.0
31,No indexation,Real marginal cost (mc<sub>t</sub>),0.0
32,No indexation,Real marginal cost (mc<sub>t</sub>),0.0
33,No indexation,Real marginal cost (mc<sub>t</sub>),0.0
34,No indexation,Real marginal cost (mc<sub>t</sub>),0.0
35,No indexation,Real marginal cost (mc<sub>t</sub>),0.0
36,No indexation,Real marginal cost (mc<sub>t</sub>),0.0
37,No indexation,Real marginal cost (mc<sub>t</sub>),0.0
38,No indexation,Real marginal cost (mc<sub>t</sub>),0.0
39,No indexation,Real marginal cost (mc<sub>t</sub>),0.0
40,No indexation,Real marginal cost (mc<sub>t</sub>),0.0
41,No indexation,Real marginal cost (mc<sub>t</sub>),0.0
42,No indexation,Real marginal cost (mc<sub>t</sub>),0.0
43,No indexation,Real marginal cost (mc<sub>t</sub>),0.0
44,No indexation,Real marginal cost (mc<sub>t</sub>),0.0
45,No indexation,Real marginal cost (mc<sub>t</sub>),0.0
46,No indexation,Real marginal cost (mc<sub>t</sub>),0.0
47,No indexation,Real marginal cost (mc<sub>t</sub>),0.0
48,No indexation,Real marginal cost (mc<sub>t</sub>),0.0
49,No indexation,Real marginal cost (mc<sub>t</sub>),0.0
50,No indexation,Real marginal cost (mc<sub>t</sub>),0.0
51,No indexation,Real marginal cost (mc<sub>t</sub>),0.0
52,No indexation,Real marginal cost (mc<sub>t</sub>),0.0
53,No indexation,Real marginal cost (mc<sub>t</sub>),0.0
54,No indexation,Real marginal cost (mc<sub>t</sub>),0.0
55,No indexation,Real marginal cost (mc<sub>t</sub>),0.0
56,No indexation,Real marginal cost (mc<sub>t</sub>),0.0
57,No indexation,Real marginal cost (mc<sub>t</sub>),0.0
58,No indexation,Real marginal cost (mc<sub>t</sub>),0.0
59,No indexation,Real marginal cost (mc<sub>t</sub>),0.0
60,No indexation,Real marginal cost (mc<sub>t</sub>),0.0
61,No indexation,Real marginal cost (mc<sub>t</sub>),0.0
62,No indexation,Real marginal cost (mc<sub>t</sub>),0.0
63,No indexation,Real marginal cost (mc<sub>t</sub>),0.0
64,No indexation,Real marginal cost (mc<sub>t</sub>),0.0
65,No indexation,Real marginal cost (mc<sub>t</sub>),0.0
66,No indexation,Real marginal cost (mc<sub>t</sub>),0.0
67,No indexation,Real marginal cost (mc<sub>t</sub>),0.0
68,No indexation,Real marginal cost (mc<sub>t</sub>),0.0
69,No indexation,Real marginal cost (mc<sub>t</sub>),0.0
70,No indexation,Real marginal cost (mc<sub>t</sub>),0.0
71,No indexation,Real marginal cost (mc<sub>t</sub>),0.0
72,No indexation,Real marginal cost (mc<sub>t</sub>),0.0
73,No indexation,Real marginal cost (mc<sub>t</sub>),0.0
74,No indexation,Real marginal cost (mc<sub>t</sub>),0.0
75,No indexation,Real marginal cost (mc<sub>t</sub>),0.0
76,No indexation,Real marginal cost (mc<sub>t</sub>),0.0
77,No indexation,Real marginal cost (mc<sub>t</sub>),0.0
78,No indexation,Real marginal cost (mc<sub>t</sub>),0.0
79,No indexation,Real marginal cost (mc<sub>t</sub>),0.0
80,No indexation,Real marginal cost (mc<sub>t</sub>),0.0
81,No indexation,Real marginal cost (mc<sub>t</sub>),0.0
82,No indexation,Real marginal cost (mc<sub>t</sub>),0.0
83,No indexation,Real marginal cost (mc<sub>t</sub>),0.0
84,No indexation,Real marginal cost (mc<sub>t</sub>),0.0
85,No indexation,Real marginal cost (mc<sub>t</sub>),0.0
86,No indexation,Real marginal cost (mc<sub>t</sub>),0.0
87,No indexation,Real marginal cost (mc<sub>t</sub>),0.0
88,No indexation,Real marginal cost (mc<sub>t</sub>),0.0
89,No indexation,Real marginal cost (mc<sub>t</sub>),0.0
90,No indexation,Real marginal cost (mc<sub>t</sub>),0.0
91,No indexation,Real marginal cost (mc<sub>t</sub>),0.0
92,No indexation,Real marginal cost (mc<sub>t</sub>),0.0
93,No indexation,Real marginal cost (mc<sub>t</sub>),0.0
94,No indexation,Real marginal cost (mc<sub>t</sub>),0.0
95,No indexation,Real marginal cost (mc<sub>t</sub>),0.0
96,No indexation,Real marginal cost (mc<sub>t</sub>),0.0
97,No indexation,Real marginal cost (mc<sub>t</sub>),0.0
98,No indexation,Real marginal cost (mc<sub>t</sub>),0.0
99,No indexation,Real marginal cost (mc<sub>t</sub>),0.0
100,No indexation,Real marginal cost (mc<sub>t</sub>),0.0
1,No trend growth,Real marginal cost (mc<sub>t</sub>),0.0
2,No trend growth,Real marginal cost (mc<sub>t</sub>),0.0
3,No trend growth,Real marginal cost (mc<sub>t</sub>),-0.0
4,No trend growth,Real marginal cost (mc<sub>t</sub>),0.0
5,No trend growth,Real marginal cost (mc<sub>t</sub>),0.0
6,No trend growth,Real marginal cost (mc<sub>t</sub>),0.0
7,No trend growth,Real marginal cost (mc<sub>t</sub>),-0.0
8,No trend growth,Real marginal cost (mc<sub>t</sub>),-0.0
9,No trend growth,Real marginal cost (mc<sub>t</sub>),-0.0
10,No trend growth,Real marginal cost (mc<sub>t</sub>),-0.0
11,No trend growth,Real marginal cost (mc<sub>t</sub>),-0.0
12,No trend growth,Real marginal cost (mc<sub>t</sub>),-0.0
13,No trend growth,Real marginal cost (mc<sub>t</sub>),-0.0
14,No trend growth,Real marginal cost (mc<sub>t</sub>),-0.0
15,No trend growth,Real marginal cost (mc<sub>t</sub>),-0.0
16,No trend growth,Real marginal cost (mc<sub>t</sub>),-0.0
17,No trend growth,Real marginal cost (mc<sub>t</sub>),-0.0
18,No trend growth,Real marginal cost (mc<sub>t</sub>),-0.0
19,No trend growth,Real marginal cost (mc<sub>t</sub>),-0.0
20,No trend growth,Real marginal cost (mc<sub>t</sub>),-0.0
21,No trend growth,Real marginal cost (mc<sub>t</sub>),-0.0
22,No trend growth,Real marginal cost (mc<sub>t</sub>),-0.0
23,No trend growth,Real marginal cost (mc<sub>t</sub>),-0.0
24,No trend growth,Real marginal cost (mc<sub>t</sub>),-0.0
25,No trend growth,Real marginal cost (mc<sub>t</sub>),-0.0
26,No trend growth,Real marginal cost (mc<sub>t</sub>),-0.0
27,No trend growth,Real marginal cost (mc<sub>t</sub>),-0.0
28,No trend growth,Real marginal cost (mc<sub>t</sub>),-0.0
29,No trend growth,Real marginal cost (mc<sub>t</sub>),-0.0
30,No trend growth,Real marginal cost (mc<sub>t</sub>),-0.0
31,No trend growth,Real marginal cost (mc<sub>t</sub>),-0.0
32,No trend growth,Real marginal cost (mc<sub>t</sub>),-0.0
33,No trend growth,Real marginal cost (mc<sub>t</sub>),-0.0
34,No trend growth,Real marginal cost (mc<sub>t</sub>),-0.0
35,No trend growth,Real marginal cost (mc<sub>t</sub>),-0.0
36,No trend growth,Real marginal cost (mc<sub>t</sub>),-0.0
37,No trend growth,Real marginal cost (mc<sub>t</sub>),-0.0
38,No trend growth,Real marginal cost (mc<sub>t</sub>),0.0
39,No trend growth,Real marginal cost (mc<sub>t</sub>),-0.0
40,No trend growth,Real marginal cost (mc<sub>t</sub>),0.0
41,No trend growth,Real marginal cost (mc<sub>t</sub>),0.0
42,No trend growth,Real marginal cost (mc<sub>t</sub>),0.0
43,No trend growth,Real marginal cost (mc<sub>t</sub>),0.0
44,No trend growth,Real marginal cost (mc<sub>t</sub>),0.0
45,No trend growth,Real marginal cost (mc<sub>t</sub>),0.0
46,No trend growth,Real marginal cost (mc<sub>t</sub>),0.0
47,No trend growth,Real marginal cost (mc<sub>t</sub>),0.0
48,No trend growth,Real marginal cost (mc<sub>t</sub>),0.0
49,No trend growth,Real marginal cost (mc<sub>t</sub>),0.0
50,No trend growth,Real marginal cost (mc<sub>t</sub>),0.0
51,No trend growth,Real marginal cost (mc<sub>t</sub>),0.0
52,No trend growth,Real marginal cost (mc<sub>t</sub>),0.0
53,No trend growth,Real marginal cost (mc<sub>t</sub>),0.0
54,No trend growth,Real marginal cost (mc<sub>t</sub>),0.0
55,No trend growth,Real marginal cost (mc<sub>t</sub>),0.0
56,No trend growth,Real marginal cost (mc<sub>t</sub>),-0.0
57,No trend growth,Real marginal cost (mc<sub>t</sub>),-0.0
58,No trend growth,Real marginal cost (mc<sub>t</sub>),-0.0
59,No trend growth,Real marginal cost (mc<sub>t</sub>),-0.0
60,No trend growth,Real marginal cost (mc<sub>t</sub>),-0.0
61,No trend growth,Real marginal cost (mc<sub>t</sub>),-0.0
62,No trend growth,Real marginal cost (mc<sub>t</sub>),-0.0
63,No trend growth,Real marginal cost (mc<sub>t</sub>),-0.0
64,No trend growth,Real marginal cost (mc<sub>t</sub>),-0.0
65,No trend growth,Real marginal cost (mc<sub>t</sub>),-0.0
66,No trend growth,Real marginal cost (mc<sub>t</sub>),-0.0
67,No trend growth,Real marginal cost (mc<sub>t</sub>),-0.0
68,No trend growth,Real marginal cost (mc<sub>t</sub>),-0.0
69,No trend growth,Real marginal cost (mc<sub>t</sub>),-0.0
70,No trend growth,Real marginal cost (mc<sub>t</sub>),-0.0
71,No trend growth,Real marginal cost (mc<sub>t</sub>),-0.0
72,No trend growth,Real marginal cost (mc<sub>t</sub>),-0.0
73,No trend growth,Real marginal cost (mc<sub>t</sub>),-0.0
74,No trend growth,Real marginal cost (mc<sub>t</sub>),-0.0
75,No trend growth,Real marginal cost (mc<sub>t</sub>),0.0
76,No trend growth,Real marginal cost (mc<sub>t</sub>),0.0
77,No trend growth,Real marginal cost (mc<sub>t</sub>),0.0
78,No trend growth,Real marginal cost (mc<sub>t</sub>),0.0
79,No trend growth,Real marginal cost (mc<sub>t</sub>),0.0
80,No trend growth,Real marginal cost (mc<sub>t</sub>),0.0
81,No trend growth,Real marginal cost (mc<sub>t</sub>),-0.0
82,No trend growth,Real marginal cost (mc<sub>t</sub>),0.0
83,No trend growth,Real marginal cost (mc<sub>t</sub>),0.0
84,No trend growth,Real marginal cost (mc<sub>t</sub>),0.0
85,No trend growth,Real marginal cost (mc<sub>t</sub>),0.0
86,No trend growth,Real marginal cost (mc<sub>t</sub>),0.0
87,No trend growth,Real marginal cost (mc<sub>t</sub>),-0.0
88,No trend growth,Real marginal cost (mc<sub>t</sub>),-0.0
89,No trend growth,Real marginal cost (mc<sub>t</sub>),-0.0
90,No trend growth,Real marginal cost (mc<sub>t</sub>),-0.0
91,No trend growth,Real marginal cost (mc<sub>t</sub>),-0.0
92,No trend growth,Real marginal cost (mc<sub>t</sub>),-0.0
93,No trend growth,Real marginal cost (mc<sub>t</sub>),-0.0
94,No trend growth,Real marginal cost (mc<sub>t</sub>),-0.0
95,No trend growth,Real marginal cost (mc<sub>t</sub>),-0.0
96,No trend growth,Real marginal cost (mc<sub>t</sub>),-0.0
97,No trend growth,Real marginal cost (mc<sub>t</sub>),-0.0
98,No trend growth,Real marginal cost (mc<sub>t</sub>),-0.0
99,No trend growth,Real marginal cost (mc<sub>t</sub>),-0.0
100,No trend growth,Real marginal cost (mc<sub>t</sub>),-0.0
1,Derived canonical NK,Real marginal cost (mc<sub>t</sub>),-0.0
2,Derived canonical NK,Real marginal cost (mc<sub>t</sub>),-0.0
3,Derived canonical NK,Real marginal cost (mc<sub>t</sub>),0.0
4,Derived canonical NK,Real marginal cost (mc<sub>t</sub>),-0.0
5,Derived canonical NK,Real marginal cost (mc<sub>t</sub>),-0.0
6,Derived canonical NK,Real marginal cost (mc<sub>t</sub>),-0.0
7,Derived canonical NK,Real marginal cost (mc<sub>t</sub>),-0.0
8,Derived canonical NK,Real marginal cost (mc<sub>t</sub>),-0.0
9,Derived canonical NK,Real marginal cost (mc<sub>t</sub>),-0.0
10,Derived canonical NK,Real marginal cost (mc<sub>t</sub>),-0.0
11,Derived canonical NK,Real marginal cost (mc<sub>t</sub>),-0.0
12,Derived canonical NK,Real marginal cost (mc<sub>t</sub>),-0.0
13,Derived canonical NK,Real marginal cost (mc<sub>t</sub>),-0.0
14,Derived canonical NK,Real marginal cost (mc<sub>t</sub>),-0.0
15,Derived canonical NK,Real marginal cost (mc<sub>t</sub>),-0.0
16,Derived canonical NK,Real marginal cost (mc<sub>t</sub>),-0.0
17,Derived canonical NK,Real marginal cost (mc<sub>t</sub>),-0.0
18,Derived canonical NK,Real marginal cost (mc<sub>t</sub>),-0.0
19,Derived canonical NK,Real marginal cost (mc<sub>t</sub>),-0.0
20,Derived canonical NK,Real marginal cost (mc<sub>t</sub>),-0.0
21,Derived canonical NK,Real marginal cost (mc<sub>t</sub>),-0.0
22,Derived canonical NK,Real marginal cost (mc<sub>t</sub>),-0.0
23,Derived canonical NK,Real marginal cost (mc<sub>t</sub>),-0.0
24,Derived canonical NK,Real marginal cost (mc<sub>t</sub>),-0.0
25,Derived canonical NK,Real marginal cost (mc<sub>t</sub>),-0.0
26,Derived canonical NK,Real marginal cost (mc<sub>t</sub>),-0.0
27,Derived canonical NK,Real marginal cost (mc<sub>t</sub>),-0.0
28,Derived canonical NK,Real marginal cost (mc<sub>t</sub>),-0.0
29,Derived canonical NK,Real marginal cost (mc<sub>t</sub>),-0.0
30,Derived canonical NK,Real marginal cost (mc<sub>t</sub>),-0.0
31,Derived canonical NK,Real marginal cost (mc<sub>t</sub>),-0.0
32,Derived canonical NK,Real marginal cost (mc<sub>t</sub>),-0.0
33,Derived canonical NK,Real marginal cost (mc<sub>t</sub>),-0.0
34,Derived canonical NK,Real marginal cost (mc<sub>t</sub>),-0.0
35,Derived canonical NK,Real marginal cost (mc<sub>t</sub>),-0.0
36,Derived canonical NK,Real marginal cost (mc<sub>t</sub>),-0.0
37,Derived canonical NK,Real marginal cost (mc<sub>t</sub>),-0.0
38,Derived canonical NK,Real marginal cost (mc<sub>t</sub>),-0.0
39,Derived canonical NK,Real marginal cost (mc<sub>t</sub>),-0.0
40,Derived canonical NK,Real marginal cost (mc<sub>t</sub>),-0.0
41,Derived canonical NK,Real marginal cost (mc<sub>t</sub>),-0.0
42,Derived canonical NK,Real marginal cost (mc<sub>t</sub>),-0.0
43,Derived canonical NK,Real marginal cost (mc<sub>t</sub>),-0.0
44,Derived canonical NK,Real marginal cost (mc<sub>t</sub>),-0.0
45,Derived canonical NK,Real marginal cost (mc<sub>t</sub>),-0.0
46,Derived canonical NK,Real marginal cost (mc<sub>t</sub>),-0.0
47,Derived canonical NK,Real marginal cost (mc<sub>t</sub>),-0.0
48,Derived canonical NK,Real marginal cost (mc<sub>t</sub>),-0.0
49,Derived canonical NK,Real marginal cost (mc<sub>t</sub>),-0.0
50,Derived canonical NK,Real marginal cost (mc<sub>t</sub>),-0.0
51,Derived canonical NK,Real marginal cost (mc<sub>t</sub>),-0.0
52,Derived canonical NK,Real marginal cost (mc<sub>t</sub>),-0.0
53,Derived canonical NK,Real marginal cost (mc<sub>t</sub>),-0.0
54,Derived canonical NK,Real marginal cost (mc<sub>t</sub>),-0.0
55,Derived canonical NK,Real marginal cost (mc<sub>t</sub>),-0.0
56,Derived canonical NK,Real marginal cost (mc<sub>t</sub>),-0.0
57,Derived canonical NK,Real marginal cost (mc<sub>t</sub>),-0.0
58,Derived canonical NK,Real marginal cost (mc<sub>t</sub>),-0.0
59,Derived canonical NK,Real marginal cost (mc<sub>t</sub>),-0.0
60,Derived canonical NK,Real marginal cost (mc<sub>t</sub>),-0.0
61,Derived canonical NK,Real marginal cost (mc<sub>t</sub>),-0.0
62,Derived canonical NK,Real marginal cost (mc<sub>t</sub>),-0.0
63,Derived canonical NK,Real marginal cost (mc<sub>t</sub>),-0.0
64,Derived canonical NK,Real marginal cost (mc<sub>t</sub>),-0.0
65,Derived canonical NK,Real marginal cost (mc<sub>t</sub>),-0.0
66,Derived canonical NK,Real marginal cost (mc<sub>t</sub>),-0.0
67,Derived canonical NK,Real marginal cost (mc<sub>t</sub>),-0.0
68,Derived canonical NK,Real marginal cost (mc<sub>t</sub>),-0.0
69,Derived canonical NK,Real marginal cost (mc<sub>t</sub>),-0.0
70,Derived canonical NK,Real marginal cost (mc<sub>t</sub>),-0.0
71,Derived canonical NK,Real marginal cost (mc<sub>t</sub>),-0.0
72,Derived canonical NK,Real marginal cost (mc<sub>t</sub>),-0.0
73,Derived canonical NK,Real marginal cost (mc<sub>t</sub>),-0.0
74,Derived canonical NK,Real marginal cost (mc<sub>t</sub>),-0.0
75,Derived canonical NK,Real marginal cost (mc<sub>t</sub>),-0.0
76,Derived canonical NK,Real marginal cost (mc<sub>t</sub>),-0.0
77,Derived canonical NK,Real marginal cost (mc<sub>t</sub>),-0.0
78,Derived canonical NK,Real marginal cost (mc<sub>t</sub>),-0.0
79,Derived canonical NK,Real marginal cost (mc<sub>t</sub>),-0.0
80,Derived canonical NK,Real marginal cost (mc<sub>t</sub>),-0.0
81,Derived canonical NK,Real marginal cost (mc<sub>t</sub>),-0.0
82,Derived canonical NK,Real marginal cost (mc<sub>t</sub>),-0.0
83,Derived canonical NK,Real marginal cost (mc<sub>t</sub>),-0.0
84,Derived canonical NK,Real marginal cost (mc<sub>t</sub>),-0.0
85,Derived canonical NK,Real marginal cost (mc<sub>t</sub>),-0.0
86,Derived canonical NK,Real marginal cost (mc<sub>t</sub>),-0.0
87,Derived canonical NK,Real marginal cost (mc<sub>t</sub>),-0.0
88,Derived canonical NK,Real marginal cost (mc<sub>t</sub>),-0.0
89,Derived canonical NK,Real marginal cost (mc<sub>t</sub>),-0.0
90,Derived canonical NK,Real marginal cost (mc<sub>t</sub>),-0.0
91,Derived canonical NK,Real marginal cost (mc<sub>t</sub>),-0.0
92,Derived canonical NK,Real marginal cost (mc<sub>t</sub>),-0.0
93,Derived canonical NK,Real marginal cost (mc<sub>t</sub>),-0.0
94,Derived canonical NK,Real marginal cost (mc<sub>t</sub>),-0.0
95,Derived canonical NK,Real marginal cost (mc<sub>t</sub>),-0.0
96,Derived canonical NK,Real marginal cost (mc<sub>t</sub>),-0.0
97,Derived canonical NK,Real marginal cost (mc<sub>t</sub>),-0.0
98,Derived canonical NK,Real marginal cost (mc<sub>t</sub>),-0.0
99,Derived canonical NK,Real marginal cost (mc<sub>t</sub>),-0.0
100,Derived canonical NK,Real marginal cost (mc<sub>t</sub>),-0.0
1,Canonical NK control,Real marginal cost (mc<sub>t</sub>),-0.0
2,Canonical NK control,Real marginal cost (mc<sub>t</sub>),-0.0
3,Canonical NK control,Real marginal cost (mc<sub>t</sub>),0.0
4,Canonical NK control,Real marginal cost (mc<sub>t</sub>),0.0
5,Canonical NK control,Real marginal cost (mc<sub>t</sub>),0.0
6,Canonical NK control,Real marginal cost (mc<sub>t</sub>),0.0
7,Canonical NK control,Real marginal cost (mc<sub>t</sub>),0.0
8,Canonical NK control,Real marginal cost (mc<sub>t</sub>),0.0
9,Canonical NK control,Real marginal cost (mc<sub>t</sub>),0.0
10,Canonical NK control,Real marginal cost (mc<sub>t</sub>),0.0
11,Canonical NK control,Real marginal cost (mc<sub>t</sub>),0.0
12,Canonical NK control,Real marginal cost (mc<sub>t</sub>),0.0
13,Canonical NK control,Real marginal cost (mc<sub>t</sub>),0.0
14,Canonical NK control,Real marginal cost (mc<sub>t</sub>),0.0
15,Canonical NK control,Real marginal cost (mc<sub>t</sub>),0.0
16,Canonical NK control,Real marginal cost (mc<sub>t</sub>),0.0
17,Canonical NK control,Real marginal cost (mc<sub>t</sub>),0.0
18,Canonical NK control,Real marginal cost (mc<sub>t</sub>),0.0
19,Canonical NK control,Real marginal cost (mc<sub>t</sub>),0.0
20,Canonical NK control,Real marginal cost (mc<sub>t</sub>),0.0
21,Canonical NK control,Real marginal cost (mc<sub>t</sub>),0.0
22,Canonical NK control,Real marginal cost (mc<sub>t</sub>),0.0
23,Canonical NK control,Real marginal cost (mc<sub>t</sub>),0.0
24,Canonical NK control,Real marginal cost (mc<sub>t</sub>),0.0
25,Canonical NK control,Real marginal cost (mc<sub>t</sub>),0.0
26,Canonical NK control,Real marginal cost (mc<sub>t</sub>),0.0
27,Canonical NK control,Real marginal cost (mc<sub>t</sub>),0.0
28,Canonical NK control,Real marginal cost (mc<sub>t</sub>),0.0
29,Canonical NK control,Real marginal cost (mc<sub>t</sub>),0.0
30,Canonical NK control,Real marginal cost (mc<sub>t</sub>),0.0
31,Canonical NK control,Real marginal cost (mc<sub>t</sub>),0.0
32,Canonical NK control,Real marginal cost (mc<sub>t</sub>),0.0
33,Canonical NK control,Real marginal cost (mc<sub>t</sub>),0.0
34,Canonical NK control,Real marginal cost (mc<sub>t</sub>),0.0
35,Canonical NK control,Real marginal cost (mc<sub>t</sub>),0.0
36,Canonical NK control,Real marginal cost (mc<sub>t</sub>),0.0
37,Canonical NK control,Real marginal cost (mc<sub>t</sub>),0.0
38,Canonical NK control,Real marginal cost (mc<sub>t</sub>),0.0
39,Canonical NK control,Real marginal cost (mc<sub>t</sub>),0.0
40,Canonical NK control,Real marginal cost (mc<sub>t</sub>),0.0
41,Canonical NK control,Real marginal cost (mc<sub>t</sub>),0.0
42,Canonical NK control,Real marginal cost (mc<sub>t</sub>),0.0
43,Canonical NK control,Real marginal cost (mc<sub>t</sub>),0.0
44,Canonical NK control,Real marginal cost (mc<sub>t</sub>),0.0
45,Canonical NK control,Real marginal cost (mc<sub>t</sub>),0.0
46,Canonical NK control,Real marginal cost (mc<sub>t</sub>),0.0
47,Canonical NK control,Real marginal cost (mc<sub>t</sub>),0.0
48,Canonical NK control,Real marginal cost (mc<sub>t</sub>),0.0
49,Canonical NK control,Real marginal cost (mc<sub>t</sub>),0.0
50,Canonical NK control,Real marginal cost (mc<sub>t</sub>),0.0
51,Canonical NK control,Real marginal cost (mc<sub>t</sub>),0.0
52,Canonical NK control,Real marginal cost (mc<sub>t</sub>),0.0
53,Canonical NK control,Real marginal cost (mc<sub>t</sub>),0.0
54,Canonical NK control,Real marginal cost (mc<sub>t</sub>),0.0
55,Canonical NK control,Real marginal cost (mc<sub>t</sub>),0.0
56,Canonical NK control,Real marginal cost (mc<sub>t</sub>),0.0
57,Canonical NK control,Real marginal cost (mc<sub>t</sub>),0.0
58,Canonical NK control,Real marginal cost (mc<sub>t</sub>),0.0
59,Canonical NK control,Real marginal cost (mc<sub>t</sub>),0.0
60,Canonical NK control,Real marginal cost (mc<sub>t</sub>),0.0
61,Canonical NK control,Real marginal cost (mc<sub>t</sub>),0.0
62,Canonical NK control,Real marginal cost (mc<sub>t</sub>),0.0
63,Canonical NK control,Real marginal cost (mc<sub>t</sub>),0.0
64,Canonical NK control,Real marginal cost (mc<sub>t</sub>),0.0
65,Canonical NK control,Real marginal cost (mc<sub>t</sub>),0.0
66,Canonical NK control,Real marginal cost (mc<sub>t</sub>),0.0
67,Canonical NK control,Real marginal cost (mc<sub>t</sub>),0.0
68,Canonical NK control,Real marginal cost (mc<sub>t</sub>),0.0
69,Canonical NK control,Real marginal cost (mc<sub>t</sub>),0.0
70,Canonical NK control,Real marginal cost (mc<sub>t</sub>),0.0
71,Canonical NK control,Real marginal cost (mc<sub>t</sub>),0.0
72,Canonical NK control,Real marginal cost (mc<sub>t</sub>),0.0
73,Canonical NK control,Real marginal cost (mc<sub>t</sub>),0.0
74,Canonical NK control,Real marginal cost (mc<sub>t</sub>),0.0
75,Canonical NK control,Real marginal cost (mc<sub>t</sub>),0.0
76,Canonical NK control,Real marginal cost (mc<sub>t</sub>),0.0
77,Canonical NK control,Real marginal cost (mc<sub>t</sub>),0.0
78,Canonical NK control,Real marginal cost (mc<sub>t</sub>),0.0
79,Canonical NK control,Real marginal cost (mc<sub>t</sub>),0.0
80,Canonical NK control,Real marginal cost (mc<sub>t</sub>),0.0
81,Canonical NK control,Real marginal cost (mc<sub>t</sub>),0.0
82,Canonical NK control,Real marginal cost (mc<sub>t</sub>),0.0
83,Canonical NK control,Real marginal cost (mc<sub>t</sub>),0.0
84,Canonical NK control,Real marginal cost (mc<sub>t</sub>),0.0
85,Canonical NK control,Real marginal cost (mc<sub>t</sub>),0.0
86,Canonical NK control,Real marginal cost (mc<sub>t</sub>),0.0
87,Canonical NK control,Real marginal cost (mc<sub>t</sub>),0.0
88,Canonical NK control,Real marginal cost (mc<sub>t</sub>),0.0
89,Canonical NK control,Real marginal cost (mc<sub>t</sub>),0.0
90,Canonical NK control,Real marginal cost (mc<sub>t</sub>),0.0
91,Canonical NK control,Real marginal cost (mc<sub>t</sub>),0.0
92,Canonical NK control,Real marginal cost (mc<sub>t</sub>),0.0
93,Canonical NK control,Real marginal cost (mc<sub>t</sub>),0.0
94,Canonical NK control,Real marginal cost (mc<sub>t</sub>),0.0
95,Canonical NK control,Real marginal cost (mc<sub>t</sub>),0.0
96,Canonical NK control,Real marginal cost (mc<sub>t</sub>),0.0
97,Canonical NK control,Real marginal cost (mc<sub>t</sub>),0.0
98,Canonical NK control,Real marginal cost (mc<sub>t</sub>),0.0
99,Canonical NK control,Real marginal cost (mc<sub>t</sub>),0.0
100,Canonical NK control,Real marginal cost (mc<sub>t</sub>),0.0
1,Full model,Inflation (Π<sub>t</sub>),0.074
2,Full model,Inflation (Π<sub>t</sub>),0.058
3,Full model,Inflation (Π<sub>t</sub>),0.054
4,Full model,Inflation (Π<sub>t</sub>),0.052
5,Full model,Inflation (Π<sub>t</sub>),0.052
6,Full model,Inflation (Π<sub>t</sub>),0.052
7,Full model,Inflation (Π<sub>t</sub>),0.052
8,Full model,Inflation (Π<sub>t</sub>),0.052
9,Full model,Inflation (Π<sub>t</sub>),0.051
10,Full model,Inflation (Π<sub>t</sub>),0.051
11,Full model,Inflation (Π<sub>t</sub>),0.051
12,Full model,Inflation (Π<sub>t</sub>),0.051
13,Full model,Inflation (Π<sub>t</sub>),0.051
14,Full model,Inflation (Π<sub>t</sub>),0.051
15,Full model,Inflation (Π<sub>t</sub>),0.05
16,Full model,Inflation (Π<sub>t</sub>),0.05
17,Full model,Inflation (Π<sub>t</sub>),0.05
18,Full model,Inflation (Π<sub>t</sub>),0.05
19,Full model,Inflation (Π<sub>t</sub>),0.049
20,Full model,Inflation (Π<sub>t</sub>),0.049
21,Full model,Inflation (Π<sub>t</sub>),0.049
22,Full model,Inflation (Π<sub>t</sub>),0.048
23,Full model,Inflation (Π<sub>t</sub>),0.048
24,Full model,Inflation (Π<sub>t</sub>),0.048
25,Full model,Inflation (Π<sub>t</sub>),0.047
26,Full model,Inflation (Π<sub>t</sub>),0.047
27,Full model,Inflation (Π<sub>t</sub>),0.047
28,Full model,Inflation (Π<sub>t</sub>),0.046
29,Full model,Inflation (Π<sub>t</sub>),0.046
30,Full model,Inflation (Π<sub>t</sub>),0.046
31,Full model,Inflation (Π<sub>t</sub>),0.045
32,Full model,Inflation (Π<sub>t</sub>),0.045
33,Full model,Inflation (Π<sub>t</sub>),0.045
34,Full model,Inflation (Π<sub>t</sub>),0.044
35,Full model,Inflation (Π<sub>t</sub>),0.044
36,Full model,Inflation (Π<sub>t</sub>),0.044
37,Full model,Inflation (Π<sub>t</sub>),0.043
38,Full model,Inflation (Π<sub>t</sub>),0.043
39,Full model,Inflation (Π<sub>t</sub>),0.042
40,Full model,Inflation (Π<sub>t</sub>),0.042
41,Full model,Inflation (Π<sub>t</sub>),0.042
42,Full model,Inflation (Π<sub>t</sub>),0.041
43,Full model,Inflation (Π<sub>t</sub>),0.041
44,Full model,Inflation (Π<sub>t</sub>),0.04
45,Full model,Inflation (Π<sub>t</sub>),0.04
46,Full model,Inflation (Π<sub>t</sub>),0.04
47,Full model,Inflation (Π<sub>t</sub>),0.039
48,Full model,Inflation (Π<sub>t</sub>),0.039
49,Full model,Inflation (Π<sub>t</sub>),0.038
50,Full model,Inflation (Π<sub>t</sub>),0.038
51,Full model,Inflation (Π<sub>t</sub>),0.038
52,Full model,Inflation (Π<sub>t</sub>),0.037
53,Full model,Inflation (Π<sub>t</sub>),0.037
54,Full model,Inflation (Π<sub>t</sub>),0.037
55,Full model,Inflation (Π<sub>t</sub>),0.036
56,Full model,Inflation (Π<sub>t</sub>),0.036
57,Full model,Inflation (Π<sub>t</sub>),0.035
58,Full model,Inflation (Π<sub>t</sub>),0.035
59,Full model,Inflation (Π<sub>t</sub>),0.035
60,Full model,Inflation (Π<sub>t</sub>),0.034
61,Full model,Inflation (Π<sub>t</sub>),0.034
62,Full model,Inflation (Π<sub>t</sub>),0.034
63,Full model,Inflation (Π<sub>t</sub>),0.033
64,Full model,Inflation (Π<sub>t</sub>),0.033
65,Full model,Inflation (Π<sub>t</sub>),0.032
66,Full model,Inflation (Π<sub>t</sub>),0.032
67,Full model,Inflation (Π<sub>t</sub>),0.032
68,Full model,Inflation (Π<sub>t</sub>),0.031
69,Full model,Inflation (Π<sub>t</sub>),0.031
70,Full model,Inflation (Π<sub>t</sub>),0.031
71,Full model,Inflation (Π<sub>t</sub>),0.03
72,Full model,Inflation (Π<sub>t</sub>),0.03
73,Full model,Inflation (Π<sub>t</sub>),0.03
74,Full model,Inflation (Π<sub>t</sub>),0.029
75,Full model,Inflation (Π<sub>t</sub>),0.029
76,Full model,Inflation (Π<sub>t</sub>),0.029
77,Full model,Inflation (Π<sub>t</sub>),0.028
78,Full model,Inflation (Π<sub>t</sub>),0.028
79,Full model,Inflation (Π<sub>t</sub>),0.028
80,Full model,Inflation (Π<sub>t</sub>),0.027
81,Full model,Inflation (Π<sub>t</sub>),0.027
82,Full model,Inflation (Π<sub>t</sub>),0.027
83,Full model,Inflation (Π<sub>t</sub>),0.026
84,Full model,Inflation (Π<sub>t</sub>),0.026
85,Full model,Inflation (Π<sub>t</sub>),0.026
86,Full model,Inflation (Π<sub>t</sub>),0.025
87,Full model,Inflation (Π<sub>t</sub>),0.025
88,Full model,Inflation (Π<sub>t</sub>),0.025
89,Full model,Inflation (Π<sub>t</sub>),0.024
90,Full model,Inflation (Π<sub>t</sub>),0.024
91,Full model,Inflation (Π<sub>t</sub>),0.024
92,Full model,Inflation (Π<sub>t</sub>),0.024
93,Full model,Inflation (Π<sub>t</sub>),0.023
94,Full model,Inflation (Π<sub>t</sub>),0.023
95,Full model,Inflation (Π<sub>t</sub>),0.023
96,Full model,Inflation (Π<sub>t</sub>),0.022
97,Full model,Inflation (Π<sub>t</sub>),0.022
98,Full model,Inflation (Π<sub>t</sub>),0.022
99,Full model,Inflation (Π<sub>t</sub>),0.022
100,Full model,Inflation (Π<sub>t</sub>),0.021
1,No endogenous technology,Inflation (Π<sub>t</sub>),0.068
2,No endogenous technology,Inflation (Π<sub>t</sub>),0.052
3,No endogenous technology,Inflation (Π<sub>t</sub>),0.048
4,No endogenous technology,Inflation (Π<sub>t</sub>),0.046
5,No endogenous technology,Inflation (Π<sub>t</sub>),0.045
6,No endogenous technology,Inflation (Π<sub>t</sub>),0.044
7,No endogenous technology,Inflation (Π<sub>t</sub>),0.044
8,No endogenous technology,Inflation (Π<sub>t</sub>),0.043
9,No endogenous technology,Inflation (Π<sub>t</sub>),0.043
10,No endogenous technology,Inflation (Π<sub>t</sub>),0.042
11,No endogenous technology,Inflation (Π<sub>t</sub>),0.042
12,No endogenous technology,Inflation (Π<sub>t</sub>),0.041
13,No endogenous technology,Inflation (Π<sub>t</sub>),0.04
14,No endogenous technology,Inflation (Π<sub>t</sub>),0.04
15,No endogenous technology,Inflation (Π<sub>t</sub>),0.039
16,No endogenous technology,Inflation (Π<sub>t</sub>),0.038
17,No endogenous technology,Inflation (Π<sub>t</sub>),0.038
18,No endogenous technology,Inflation (Π<sub>t</sub>),0.037
19,No endogenous technology,Inflation (Π<sub>t</sub>),0.037
20,No endogenous technology,Inflation (Π<sub>t</sub>),0.036
21,No endogenous technology,Inflation (Π<sub>t</sub>),0.035
22,No endogenous technology,Inflation (Π<sub>t</sub>),0.035
23,No endogenous technology,Inflation (Π<sub>t</sub>),0.034
24,No endogenous technology,Inflation (Π<sub>t</sub>),0.033
25,No endogenous technology,Inflation (Π<sub>t</sub>),0.033
26,No endogenous technology,Inflation (Π<sub>t</sub>),0.032
27,No endogenous technology,Inflation (Π<sub>t</sub>),0.032
28,No endogenous technology,Inflation (Π<sub>t</sub>),0.031
29,No endogenous technology,Inflation (Π<sub>t</sub>),0.03
30,No endogenous technology,Inflation (Π<sub>t</sub>),0.03
31,No endogenous technology,Inflation (Π<sub>t</sub>),0.029
32,No endogenous technology,Inflation (Π<sub>t</sub>),0.029
33,No endogenous technology,Inflation (Π<sub>t</sub>),0.028
34,No endogenous technology,Inflation (Π<sub>t</sub>),0.027
35,No endogenous technology,Inflation (Π<sub>t</sub>),0.027
36,No endogenous technology,Inflation (Π<sub>t</sub>),0.026
37,No endogenous technology,Inflation (Π<sub>t</sub>),0.026
38,No endogenous technology,Inflation (Π<sub>t</sub>),0.025
39,No endogenous technology,Inflation (Π<sub>t</sub>),0.025
40,No endogenous technology,Inflation (Π<sub>t</sub>),0.024
41,No endogenous technology,Inflation (Π<sub>t</sub>),0.024
42,No endogenous technology,Inflation (Π<sub>t</sub>),0.023
43,No endogenous technology,Inflation (Π<sub>t</sub>),0.023
44,No endogenous technology,Inflation (Π<sub>t</sub>),0.022
45,No endogenous technology,Inflation (Π<sub>t</sub>),0.022
46,No endogenous technology,Inflation (Π<sub>t</sub>),0.021
47,No endogenous technology,Inflation (Π<sub>t</sub>),0.021
48,No endogenous technology,Inflation (Π<sub>t</sub>),0.02
49,No endogenous technology,Inflation (Π<sub>t</sub>),0.02
50,No endogenous technology,Inflation (Π<sub>t</sub>),0.019
51,No endogenous technology,Inflation (Π<sub>t</sub>),0.019
52,No endogenous technology,Inflation (Π<sub>t</sub>),0.018
53,No endogenous technology,Inflation (Π<sub>t</sub>),0.018
54,No endogenous technology,Inflation (Π<sub>t</sub>),0.018
55,No endogenous technology,Inflation (Π<sub>t</sub>),0.017
56,No endogenous technology,Inflation (Π<sub>t</sub>),0.017
57,No endogenous technology,Inflation (Π<sub>t</sub>),0.016
58,No endogenous technology,Inflation (Π<sub>t</sub>),0.016
59,No endogenous technology,Inflation (Π<sub>t</sub>),0.016
60,No endogenous technology,Inflation (Π<sub>t</sub>),0.015
61,No endogenous technology,Inflation (Π<sub>t</sub>),0.015
62,No endogenous technology,Inflation (Π<sub>t</sub>),0.015
63,No endogenous technology,Inflation (Π<sub>t</sub>),0.014
64,No endogenous technology,Inflation (Π<sub>t</sub>),0.014
65,No endogenous technology,Inflation (Π<sub>t</sub>),0.014
66,No endogenous technology,Inflation (Π<sub>t</sub>),0.013
67,No endogenous technology,Inflation (Π<sub>t</sub>),0.013
68,No endogenous technology,Inflation (Π<sub>t</sub>),0.013
69,No endogenous technology,Inflation (Π<sub>t</sub>),0.012
70,No endogenous technology,Inflation (Π<sub>t</sub>),0.012
71,No endogenous technology,Inflation (Π<sub>t</sub>),0.012
72,No endogenous technology,Inflation (Π<sub>t</sub>),0.012
73,No endogenous technology,Inflation (Π<sub>t</sub>),0.011
74,No endogenous technology,Inflation (Π<sub>t</sub>),0.011
75,No endogenous technology,Inflation (Π<sub>t</sub>),0.011
76,No endogenous technology,Inflation (Π<sub>t</sub>),0.01
77,No endogenous technology,Inflation (Π<sub>t</sub>),0.01
78,No endogenous technology,Inflation (Π<sub>t</sub>),0.01
79,No endogenous technology,Inflation (Π<sub>t</sub>),0.01
80,No endogenous technology,Inflation (Π<sub>t</sub>),0.009
81,No endogenous technology,Inflation (Π<sub>t</sub>),0.009
82,No endogenous technology,Inflation (Π<sub>t</sub>),0.009
83,No endogenous technology,Inflation (Π<sub>t</sub>),0.009
84,No endogenous technology,Inflation (Π<sub>t</sub>),0.009
85,No endogenous technology,Inflation (Π<sub>t</sub>),0.008
86,No endogenous technology,Inflation (Π<sub>t</sub>),0.008
87,No endogenous technology,Inflation (Π<sub>t</sub>),0.008
88,No endogenous technology,Inflation (Π<sub>t</sub>),0.008
89,No endogenous technology,Inflation (Π<sub>t</sub>),0.008
90,No endogenous technology,Inflation (Π<sub>t</sub>),0.007
91,No endogenous technology,Inflation (Π<sub>t</sub>),0.007
92,No endogenous technology,Inflation (Π<sub>t</sub>),0.007
93,No endogenous technology,Inflation (Π<sub>t</sub>),0.007
94,No endogenous technology,Inflation (Π<sub>t</sub>),0.007
95,No endogenous technology,Inflation (Π<sub>t</sub>),0.007
96,No endogenous technology,Inflation (Π<sub>t</sub>),0.006
97,No endogenous technology,Inflation (Π<sub>t</sub>),0.006
98,No endogenous technology,Inflation (Π<sub>t</sub>),0.006
99,No endogenous technology,Inflation (Π<sub>t</sub>),0.006
100,No endogenous technology,Inflation (Π<sub>t</sub>),0.006
1,No human capital,Inflation (Π<sub>t</sub>),0.062
2,No human capital,Inflation (Π<sub>t</sub>),0.044
3,No human capital,Inflation (Π<sub>t</sub>),0.038
4,No human capital,Inflation (Π<sub>t</sub>),0.036
5,No human capital,Inflation (Π<sub>t</sub>),0.034
6,No human capital,Inflation (Π<sub>t</sub>),0.033
7,No human capital,Inflation (Π<sub>t</sub>),0.032
8,No human capital,Inflation (Π<sub>t</sub>),0.03
9,No human capital,Inflation (Π<sub>t</sub>),0.029
10,No human capital,Inflation (Π<sub>t</sub>),0.028
11,No human capital,Inflation (Π<sub>t</sub>),0.027
12,No human capital,Inflation (Π<sub>t</sub>),0.026
13,No human capital,Inflation (Π<sub>t</sub>),0.025
14,No human capital,Inflation (Π<sub>t</sub>),0.025
15,No human capital,Inflation (Π<sub>t</sub>),0.024
16,No human capital,Inflation (Π<sub>t</sub>),0.023
17,No human capital,Inflation (Π<sub>t</sub>),0.022
18,No human capital,Inflation (Π<sub>t</sub>),0.021
19,No human capital,Inflation (Π<sub>t</sub>),0.02
20,No human capital,Inflation (Π<sub>t</sub>),0.02
21,No human capital,Inflation (Π<sub>t</sub>),0.019
22,No human capital,Inflation (Π<sub>t</sub>),0.018
23,No human capital,Inflation (Π<sub>t</sub>),0.018
24,No human capital,Inflation (Π<sub>t</sub>),0.017
25,No human capital,Inflation (Π<sub>t</sub>),0.016
26,No human capital,Inflation (Π<sub>t</sub>),0.016
27,No human capital,Inflation (Π<sub>t</sub>),0.015
28,No human capital,Inflation (Π<sub>t</sub>),0.015
29,No human capital,Inflation (Π<sub>t</sub>),0.014
30,No human capital,Inflation (Π<sub>t</sub>),0.014
31,No human capital,Inflation (Π<sub>t</sub>),0.013
32,No human capital,Inflation (Π<sub>t</sub>),0.013
33,No human capital,Inflation (Π<sub>t</sub>),0.012
34,No human capital,Inflation (Π<sub>t</sub>),0.012
35,No human capital,Inflation (Π<sub>t</sub>),0.011
36,No human capital,Inflation (Π<sub>t</sub>),0.011
37,No human capital,Inflation (Π<sub>t</sub>),0.011
38,No human capital,Inflation (Π<sub>t</sub>),0.01
39,No human capital,Inflation (Π<sub>t</sub>),0.01
40,No human capital,Inflation (Π<sub>t</sub>),0.01
41,No human capital,Inflation (Π<sub>t</sub>),0.009
42,No human capital,Inflation (Π<sub>t</sub>),0.009
43,No human capital,Inflation (Π<sub>t</sub>),0.009
44,No human capital,Inflation (Π<sub>t</sub>),0.008
45,No human capital,Inflation (Π<sub>t</sub>),0.008
46,No human capital,Inflation (Π<sub>t</sub>),0.008
47,No human capital,Inflation (Π<sub>t</sub>),0.007
48,No human capital,Inflation (Π<sub>t</sub>),0.007
49,No human capital,Inflation (Π<sub>t</sub>),0.007
50,No human capital,Inflation (Π<sub>t</sub>),0.007
51,No human capital,Inflation (Π<sub>t</sub>),0.006
52,No human capital,Inflation (Π<sub>t</sub>),0.006
53,No human capital,Inflation (Π<sub>t</sub>),0.006
54,No human capital,Inflation (Π<sub>t</sub>),0.006
55,No human capital,Inflation (Π<sub>t</sub>),0.006
56,No human capital,Inflation (Π<sub>t</sub>),0.005
57,No human capital,Inflation (Π<sub>t</sub>),0.005
58,No human capital,Inflation (Π<sub>t</sub>),0.005
59,No human capital,Inflation (Π<sub>t</sub>),0.005
60,No human capital,Inflation (Π<sub>t</sub>),0.005
61,No human capital,Inflation (Π<sub>t</sub>),0.004
62,No human capital,Inflation (Π<sub>t</sub>),0.004
63,No human capital,Inflation (Π<sub>t</sub>),0.004
64,No human capital,Inflation (Π<sub>t</sub>),0.004
65,No human capital,Inflation (Π<sub>t</sub>),0.004
66,No human capital,Inflation (Π<sub>t</sub>),0.004
67,No human capital,Inflation (Π<sub>t</sub>),0.004
68,No human capital,Inflation (Π<sub>t</sub>),0.003
69,No human capital,Inflation (Π<sub>t</sub>),0.003
70,No human capital,Inflation (Π<sub>t</sub>),0.003
71,No human capital,Inflation (Π<sub>t</sub>),0.003
72,No human capital,Inflation (Π<sub>t</sub>),0.003
73,No human capital,Inflation (Π<sub>t</sub>),0.003
74,No human capital,Inflation (Π<sub>t</sub>),0.003
75,No human capital,Inflation (Π<sub>t</sub>),0.003
76,No human capital,Inflation (Π<sub>t</sub>),0.003
77,No human capital,Inflation (Π<sub>t</sub>),0.003
78,No human capital,Inflation (Π<sub>t</sub>),0.002
79,No human capital,Inflation (Π<sub>t</sub>),0.002
80,No human capital,Inflation (Π<sub>t</sub>),0.002
81,No human capital,Inflation (Π<sub>t</sub>),0.002
82,No human capital,Inflation (Π<sub>t</sub>),0.002
83,No human capital,Inflation (Π<sub>t</sub>),0.002
84,No human capital,Inflation (Π<sub>t</sub>),0.002
85,No human capital,Inflation (Π<sub>t</sub>),0.002
86,No human capital,Inflation (Π<sub>t</sub>),0.002
87,No human capital,Inflation (Π<sub>t</sub>),0.002
88,No human capital,Inflation (Π<sub>t</sub>),0.002
89,No human capital,Inflation (Π<sub>t</sub>),0.002
90,No human capital,Inflation (Π<sub>t</sub>),0.002
91,No human capital,Inflation (Π<sub>t</sub>),0.002
92,No human capital,Inflation (Π<sub>t</sub>),0.001
93,No human capital,Inflation (Π<sub>t</sub>),0.001
94,No human capital,Inflation (Π<sub>t</sub>),0.001
95,No human capital,Inflation (Π<sub>t</sub>),0.001
96,No human capital,Inflation (Π<sub>t</sub>),0.001
97,No human capital,Inflation (Π<sub>t</sub>),0.001
98,No human capital,Inflation (Π<sub>t</sub>),0.001
99,No human capital,Inflation (Π<sub>t</sub>),0.001
100,No human capital,Inflation (Π<sub>t</sub>),0.001
1,No public infrastructure,Inflation (Π<sub>t</sub>),0.062
2,No public infrastructure,Inflation (Π<sub>t</sub>),0.044
3,No public infrastructure,Inflation (Π<sub>t</sub>),0.038
4,No public infrastructure,Inflation (Π<sub>t</sub>),0.036
5,No public infrastructure,Inflation (Π<sub>t</sub>),0.034
6,No public infrastructure,Inflation (Π<sub>t</sub>),0.033
7,No public infrastructure,Inflation (Π<sub>t</sub>),0.032
8,No public infrastructure,Inflation (Π<sub>t</sub>),0.03
9,No public infrastructure,Inflation (Π<sub>t</sub>),0.029
10,No public infrastructure,Inflation (Π<sub>t</sub>),0.028
11,No public infrastructure,Inflation (Π<sub>t</sub>),0.027
12,No public infrastructure,Inflation (Π<sub>t</sub>),0.026
13,No public infrastructure,Inflation (Π<sub>t</sub>),0.025
14,No public infrastructure,Inflation (Π<sub>t</sub>),0.025
15,No public infrastructure,Inflation (Π<sub>t</sub>),0.024
16,No public infrastructure,Inflation (Π<sub>t</sub>),0.023
17,No public infrastructure,Inflation (Π<sub>t</sub>),0.022
18,No public infrastructure,Inflation (Π<sub>t</sub>),0.021
19,No public infrastructure,Inflation (Π<sub>t</sub>),0.02
20,No public infrastructure,Inflation (Π<sub>t</sub>),0.02
21,No public infrastructure,Inflation (Π<sub>t</sub>),0.019
22,No public infrastructure,Inflation (Π<sub>t</sub>),0.018
23,No public infrastructure,Inflation (Π<sub>t</sub>),0.018
24,No public infrastructure,Inflation (Π<sub>t</sub>),0.017
25,No public infrastructure,Inflation (Π<sub>t</sub>),0.016
26,No public infrastructure,Inflation (Π<sub>t</sub>),0.016
27,No public infrastructure,Inflation (Π<sub>t</sub>),0.015
28,No public infrastructure,Inflation (Π<sub>t</sub>),0.015
29,No public infrastructure,Inflation (Π<sub>t</sub>),0.014
30,No public infrastructure,Inflation (Π<sub>t</sub>),0.014
31,No public infrastructure,Inflation (Π<sub>t</sub>),0.013
32,No public infrastructure,Inflation (Π<sub>t</sub>),0.013
33,No public infrastructure,Inflation (Π<sub>t</sub>),0.012
34,No public infrastructure,Inflation (Π<sub>t</sub>),0.012
35,No public infrastructure,Inflation (Π<sub>t</sub>),0.011
36,No public infrastructure,Inflation (Π<sub>t</sub>),0.011
37,No public infrastructure,Inflation (Π<sub>t</sub>),0.011
38,No public infrastructure,Inflation (Π<sub>t</sub>),0.01
39,No public infrastructure,Inflation (Π<sub>t</sub>),0.01
40,No public infrastructure,Inflation (Π<sub>t</sub>),0.01
41,No public infrastructure,Inflation (Π<sub>t</sub>),0.009
42,No public infrastructure,Inflation (Π<sub>t</sub>),0.009
43,No public infrastructure,Inflation (Π<sub>t</sub>),0.009
44,No public infrastructure,Inflation (Π<sub>t</sub>),0.008
45,No public infrastructure,Inflation (Π<sub>t</sub>),0.008
46,No public infrastructure,Inflation (Π<sub>t</sub>),0.008
47,No public infrastructure,Inflation (Π<sub>t</sub>),0.007
48,No public infrastructure,Inflation (Π<sub>t</sub>),0.007
49,No public infrastructure,Inflation (Π<sub>t</sub>),0.007
50,No public infrastructure,Inflation (Π<sub>t</sub>),0.007
51,No public infrastructure,Inflation (Π<sub>t</sub>),0.006
52,No public infrastructure,Inflation (Π<sub>t</sub>),0.006
53,No public infrastructure,Inflation (Π<sub>t</sub>),0.006
54,No public infrastructure,Inflation (Π<sub>t</sub>),0.006
55,No public infrastructure,Inflation (Π<sub>t</sub>),0.006
56,No public infrastructure,Inflation (Π<sub>t</sub>),0.005
57,No public infrastructure,Inflation (Π<sub>t</sub>),0.005
58,No public infrastructure,Inflation (Π<sub>t</sub>),0.005
59,No public infrastructure,Inflation (Π<sub>t</sub>),0.005
60,No public infrastructure,Inflation (Π<sub>t</sub>),0.005
61,No public infrastructure,Inflation (Π<sub>t</sub>),0.004
62,No public infrastructure,Inflation (Π<sub>t</sub>),0.004
63,No public infrastructure,Inflation (Π<sub>t</sub>),0.004
64,No public infrastructure,Inflation (Π<sub>t</sub>),0.004
65,No public infrastructure,Inflation (Π<sub>t</sub>),0.004
66,No public infrastructure,Inflation (Π<sub>t</sub>),0.004
67,No public infrastructure,Inflation (Π<sub>t</sub>),0.004
68,No public infrastructure,Inflation (Π<sub>t</sub>),0.003
69,No public infrastructure,Inflation (Π<sub>t</sub>),0.003
70,No public infrastructure,Inflation (Π<sub>t</sub>),0.003
71,No public infrastructure,Inflation (Π<sub>t</sub>),0.003
72,No public infrastructure,Inflation (Π<sub>t</sub>),0.003
73,No public infrastructure,Inflation (Π<sub>t</sub>),0.003
74,No public infrastructure,Inflation (Π<sub>t</sub>),0.003
75,No public infrastructure,Inflation (Π<sub>t</sub>),0.003
76,No public infrastructure,Inflation (Π<sub>t</sub>),0.003
77,No public infrastructure,Inflation (Π<sub>t</sub>),0.003
78,No public infrastructure,Inflation (Π<sub>t</sub>),0.002
79,No public infrastructure,Inflation (Π<sub>t</sub>),0.002
80,No public infrastructure,Inflation (Π<sub>t</sub>),0.002
81,No public infrastructure,Inflation (Π<sub>t</sub>),0.002
82,No public infrastructure,Inflation (Π<sub>t</sub>),0.002
83,No public infrastructure,Inflation (Π<sub>t</sub>),0.002
84,No public infrastructure,Inflation (Π<sub>t</sub>),0.002
85,No public infrastructure,Inflation (Π<sub>t</sub>),0.002
86,No public infrastructure,Inflation (Π<sub>t</sub>),0.002
87,No public infrastructure,Inflation (Π<sub>t</sub>),0.002
88,No public infrastructure,Inflation (Π<sub>t</sub>),0.002
89,No public infrastructure,Inflation (Π<sub>t</sub>),0.002
90,No public infrastructure,Inflation (Π<sub>t</sub>),0.002
91,No public infrastructure,Inflation (Π<sub>t</sub>),0.002
92,No public infrastructure,Inflation (Π<sub>t</sub>),0.001
93,No public infrastructure,Inflation (Π<sub>t</sub>),0.001
94,No public infrastructure,Inflation (Π<sub>t</sub>),0.001
95,No public infrastructure,Inflation (Π<sub>t</sub>),0.001
96,No public infrastructure,Inflation (Π<sub>t</sub>),0.001
97,No public infrastructure,Inflation (Π<sub>t</sub>),0.001
98,No public infrastructure,Inflation (Π<sub>t</sub>),0.001
99,No public infrastructure,Inflation (Π<sub>t</sub>),0.001
100,No public infrastructure,Inflation (Π<sub>t</sub>),0.001
1,No private capital,Inflation (Π<sub>t</sub>),-0.0
2,No private capital,Inflation (Π<sub>t</sub>),-0.0
3,No private capital,Inflation (Π<sub>t</sub>),-0.0
4,No private capital,Inflation (Π<sub>t</sub>),-0.0
5,No private capital,Inflation (Π<sub>t</sub>),-0.0
6,No private capital,Inflation (Π<sub>t</sub>),-0.0
7,No private capital,Inflation (Π<sub>t</sub>),-0.0
8,No private capital,Inflation (Π<sub>t</sub>),-0.0
9,No private capital,Inflation (Π<sub>t</sub>),-0.0
10,No private capital,Inflation (Π<sub>t</sub>),-0.0
11,No private capital,Inflation (Π<sub>t</sub>),-0.0
12,No private capital,Inflation (Π<sub>t</sub>),-0.0
13,No private capital,Inflation (Π<sub>t</sub>),-0.0
14,No private capital,Inflation (Π<sub>t</sub>),-0.0
15,No private capital,Inflation (Π<sub>t</sub>),-0.0
16,No private capital,Inflation (Π<sub>t</sub>),-0.0
17,No private capital,Inflation (Π<sub>t</sub>),-0.0
18,No private capital,Inflation (Π<sub>t</sub>),-0.0
19,No private capital,Inflation (Π<sub>t</sub>),-0.0
20,No private capital,Inflation (Π<sub>t</sub>),-0.0
21,No private capital,Inflation (Π<sub>t</sub>),-0.0
22,No private capital,Inflation (Π<sub>t</sub>),-0.0
23,No private capital,Inflation (Π<sub>t</sub>),-0.0
24,No private capital,Inflation (Π<sub>t</sub>),-0.0
25,No private capital,Inflation (Π<sub>t</sub>),-0.0
26,No private capital,Inflation (Π<sub>t</sub>),-0.0
27,No private capital,Inflation (Π<sub>t</sub>),-0.0
28,No private capital,Inflation (Π<sub>t</sub>),-0.0
29,No private capital,Inflation (Π<sub>t</sub>),-0.0
30,No private capital,Inflation (Π<sub>t</sub>),-0.0
31,No private capital,Inflation (Π<sub>t</sub>),-0.0
32,No private capital,Inflation (Π<sub>t</sub>),-0.0
33,No private capital,Inflation (Π<sub>t</sub>),-0.0
34,No private capital,Inflation (Π<sub>t</sub>),-0.0
35,No private capital,Inflation (Π<sub>t</sub>),-0.0
36,No private capital,Inflation (Π<sub>t</sub>),-0.0
37,No private capital,Inflation (Π<sub>t</sub>),-0.0
38,No private capital,Inflation (Π<sub>t</sub>),-0.0
39,No private capital,Inflation (Π<sub>t</sub>),-0.0
40,No private capital,Inflation (Π<sub>t</sub>),-0.0
41,No private capital,Inflation (Π<sub>t</sub>),-0.0
42,No private capital,Inflation (Π<sub>t</sub>),-0.0
43,No private capital,Inflation (Π<sub>t</sub>),-0.0
44,No private capital,Inflation (Π<sub>t</sub>),-0.0
45,No private capital,Inflation (Π<sub>t</sub>),-0.0
46,No private capital,Inflation (Π<sub>t</sub>),-0.0
47,No private capital,Inflation (Π<sub>t</sub>),-0.0
48,No private capital,Inflation (Π<sub>t</sub>),-0.0
49,No private capital,Inflation (Π<sub>t</sub>),-0.0
50,No private capital,Inflation (Π<sub>t</sub>),-0.0
51,No private capital,Inflation (Π<sub>t</sub>),-0.0
52,No private capital,Inflation (Π<sub>t</sub>),-0.0
53,No private capital,Inflation (Π<sub>t</sub>),-0.0
54,No private capital,Inflation (Π<sub>t</sub>),-0.0
55,No private capital,Inflation (Π<sub>t</sub>),-0.0
56,No private capital,Inflation (Π<sub>t</sub>),-0.0
57,No private capital,Inflation (Π<sub>t</sub>),-0.0
58,No private capital,Inflation (Π<sub>t</sub>),-0.0
59,No private capital,Inflation (Π<sub>t</sub>),-0.0
60,No private capital,Inflation (Π<sub>t</sub>),-0.0
61,No private capital,Inflation (Π<sub>t</sub>),-0.0
62,No private capital,Inflation (Π<sub>t</sub>),-0.0
63,No private capital,Inflation (Π<sub>t</sub>),-0.0
64,No private capital,Inflation (Π<sub>t</sub>),-0.0
65,No private capital,Inflation (Π<sub>t</sub>),-0.0
66,No private capital,Inflation (Π<sub>t</sub>),-0.0
67,No private capital,Inflation (Π<sub>t</sub>),-0.0
68,No private capital,Inflation (Π<sub>t</sub>),-0.0
69,No private capital,Inflation (Π<sub>t</sub>),-0.0
70,No private capital,Inflation (Π<sub>t</sub>),-0.0
71,No private capital,Inflation (Π<sub>t</sub>),-0.0
72,No private capital,Inflation (Π<sub>t</sub>),-0.0
73,No private capital,Inflation (Π<sub>t</sub>),-0.0
74,No private capital,Inflation (Π<sub>t</sub>),-0.0
75,No private capital,Inflation (Π<sub>t</sub>),-0.0
76,No private capital,Inflation (Π<sub>t</sub>),-0.0
77,No private capital,Inflation (Π<sub>t</sub>),-0.0
78,No private capital,Inflation (Π<sub>t</sub>),-0.0
79,No private capital,Inflation (Π<sub>t</sub>),-0.0
80,No private capital,Inflation (Π<sub>t</sub>),-0.0
81,No private capital,Inflation (Π<sub>t</sub>),-0.0
82,No private capital,Inflation (Π<sub>t</sub>),-0.0
83,No private capital,Inflation (Π<sub>t</sub>),-0.0
84,No private capital,Inflation (Π<sub>t</sub>),-0.0
85,No private capital,Inflation (Π<sub>t</sub>),-0.0
86,No private capital,Inflation (Π<sub>t</sub>),-0.0
87,No private capital,Inflation (Π<sub>t</sub>),-0.0
88,No private capital,Inflation (Π<sub>t</sub>),-0.0
89,No private capital,Inflation (Π<sub>t</sub>),-0.0
90,No private capital,Inflation (Π<sub>t</sub>),-0.0
91,No private capital,Inflation (Π<sub>t</sub>),-0.0
92,No private capital,Inflation (Π<sub>t</sub>),-0.0
93,No private capital,Inflation (Π<sub>t</sub>),-0.0
94,No private capital,Inflation (Π<sub>t</sub>),-0.0
95,No private capital,Inflation (Π<sub>t</sub>),-0.0
96,No private capital,Inflation (Π<sub>t</sub>),-0.0
97,No private capital,Inflation (Π<sub>t</sub>),-0.0
98,No private capital,Inflation (Π<sub>t</sub>),-0.0
99,No private capital,Inflation (Π<sub>t</sub>),-0.0
100,No private capital,Inflation (Π<sub>t</sub>),-0.0
1,No indexation,Inflation (Π<sub>t</sub>),0.0
2,No indexation,Inflation (Π<sub>t</sub>),0.0
3,No indexation,Inflation (Π<sub>t</sub>),0.0
4,No indexation,Inflation (Π<sub>t</sub>),0.0
5,No indexation,Inflation (Π<sub>t</sub>),0.0
6,No indexation,Inflation (Π<sub>t</sub>),0.0
7,No indexation,Inflation (Π<sub>t</sub>),0.0
8,No indexation,Inflation (Π<sub>t</sub>),0.0
9,No indexation,Inflation (Π<sub>t</sub>),0.0
10,No indexation,Inflation (Π<sub>t</sub>),0.0
11,No indexation,Inflation (Π<sub>t</sub>),0.0
12,No indexation,Inflation (Π<sub>t</sub>),0.0
13,No indexation,Inflation (Π<sub>t</sub>),0.0
14,No indexation,Inflation (Π<sub>t</sub>),0.0
15,No indexation,Inflation (Π<sub>t</sub>),0.0
16,No indexation,Inflation (Π<sub>t</sub>),0.0
17,No indexation,Inflation (Π<sub>t</sub>),0.0
18,No indexation,Inflation (Π<sub>t</sub>),0.0
19,No indexation,Inflation (Π<sub>t</sub>),0.0
20,No indexation,Inflation (Π<sub>t</sub>),0.0
21,No indexation,Inflation (Π<sub>t</sub>),0.0
22,No indexation,Inflation (Π<sub>t</sub>),0.0
23,No indexation,Inflation (Π<sub>t</sub>),0.0
24,No indexation,Inflation (Π<sub>t</sub>),0.0
25,No indexation,Inflation (Π<sub>t</sub>),0.0
26,No indexation,Inflation (Π<sub>t</sub>),0.0
27,No indexation,Inflation (Π<sub>t</sub>),0.0
28,No indexation,Inflation (Π<sub>t</sub>),0.0
29,No indexation,Inflation (Π<sub>t</sub>),0.0
30,No indexation,Inflation (Π<sub>t</sub>),0.0
31,No indexation,Inflation (Π<sub>t</sub>),0.0
32,No indexation,Inflation (Π<sub>t</sub>),0.0
33,No indexation,Inflation (Π<sub>t</sub>),0.0
34,No indexation,Inflation (Π<sub>t</sub>),0.0
35,No indexation,Inflation (Π<sub>t</sub>),0.0
36,No indexation,Inflation (Π<sub>t</sub>),0.0
37,No indexation,Inflation (Π<sub>t</sub>),0.0
38,No indexation,Inflation (Π<sub>t</sub>),0.0
39,No indexation,Inflation (Π<sub>t</sub>),0.0
40,No indexation,Inflation (Π<sub>t</sub>),0.0
41,No indexation,Inflation (Π<sub>t</sub>),0.0
42,No indexation,Inflation (Π<sub>t</sub>),0.0
43,No indexation,Inflation (Π<sub>t</sub>),0.0
44,No indexation,Inflation (Π<sub>t</sub>),0.0
45,No indexation,Inflation (Π<sub>t</sub>),0.0
46,No indexation,Inflation (Π<sub>t</sub>),0.0
47,No indexation,Inflation (Π<sub>t</sub>),0.0
48,No indexation,Inflation (Π<sub>t</sub>),0.0
49,No indexation,Inflation (Π<sub>t</sub>),0.0
50,No indexation,Inflation (Π<sub>t</sub>),0.0
51,No indexation,Inflation (Π<sub>t</sub>),0.0
52,No indexation,Inflation (Π<sub>t</sub>),0.0
53,No indexation,Inflation (Π<sub>t</sub>),0.0
54,No indexation,Inflation (Π<sub>t</sub>),0.0
55,No indexation,Inflation (Π<sub>t</sub>),0.0
56,No indexation,Inflation (Π<sub>t</sub>),0.0
57,No indexation,Inflation (Π<sub>t</sub>),0.0
58,No indexation,Inflation (Π<sub>t</sub>),0.0
59,No indexation,Inflation (Π<sub>t</sub>),0.0
60,No indexation,Inflation (Π<sub>t</sub>),0.0
61,No indexation,Inflation (Π<sub>t</sub>),0.0
62,No indexation,Inflation (Π<sub>t</sub>),0.0
63,No indexation,Inflation (Π<sub>t</sub>),0.0
64,No indexation,Inflation (Π<sub>t</sub>),0.0
65,No indexation,Inflation (Π<sub>t</sub>),0.0
66,No indexation,Inflation (Π<sub>t</sub>),0.0
67,No indexation,Inflation (Π<sub>t</sub>),0.0
68,No indexation,Inflation (Π<sub>t</sub>),0.0
69,No indexation,Inflation (Π<sub>t</sub>),0.0
70,No indexation,Inflation (Π<sub>t</sub>),0.0
71,No indexation,Inflation (Π<sub>t</sub>),0.0
72,No indexation,Inflation (Π<sub>t</sub>),0.0
73,No indexation,Inflation (Π<sub>t</sub>),0.0
74,No indexation,Inflation (Π<sub>t</sub>),0.0
75,No indexation,Inflation (Π<sub>t</sub>),0.0
76,No indexation,Inflation (Π<sub>t</sub>),0.0
77,No indexation,Inflation (Π<sub>t</sub>),0.0
78,No indexation,Inflation (Π<sub>t</sub>),0.0
79,No indexation,Inflation (Π<sub>t</sub>),0.0
80,No indexation,Inflation (Π<sub>t</sub>),0.0
81,No indexation,Inflation (Π<sub>t</sub>),0.0
82,No indexation,Inflation (Π<sub>t</sub>),0.0
83,No indexation,Inflation (Π<sub>t</sub>),0.0
84,No indexation,Inflation (Π<sub>t</sub>),0.0
85,No indexation,Inflation (Π<sub>t</sub>),0.0
86,No indexation,Inflation (Π<sub>t</sub>),0.0
87,No indexation,Inflation (Π<sub>t</sub>),0.0
88,No indexation,Inflation (Π<sub>t</sub>),0.0
89,No indexation,Inflation (Π<sub>t</sub>),0.0
90,No indexation,Inflation (Π<sub>t</sub>),0.0
91,No indexation,Inflation (Π<sub>t</sub>),0.0
92,No indexation,Inflation (Π<sub>t</sub>),0.0
93,No indexation,Inflation (Π<sub>t</sub>),0.0
94,No indexation,Inflation (Π<sub>t</sub>),0.0
95,No indexation,Inflation (Π<sub>t</sub>),0.0
96,No indexation,Inflation (Π<sub>t</sub>),0.0
97,No indexation,Inflation (Π<sub>t</sub>),0.0
98,No indexation,Inflation (Π<sub>t</sub>),0.0
99,No indexation,Inflation (Π<sub>t</sub>),0.0
100,No indexation,Inflation (Π<sub>t</sub>),0.0
1,No trend growth,Inflation (Π<sub>t</sub>),-0.0
2,No trend growth,Inflation (Π<sub>t</sub>),-0.0
3,No trend growth,Inflation (Π<sub>t</sub>),-0.0
4,No trend growth,Inflation (Π<sub>t</sub>),-0.0
5,No trend growth,Inflation (Π<sub>t</sub>),-0.0
6,No trend growth,Inflation (Π<sub>t</sub>),-0.0
7,No trend growth,Inflation (Π<sub>t</sub>),-0.0
8,No trend growth,Inflation (Π<sub>t</sub>),0.0
9,No trend growth,Inflation (Π<sub>t</sub>),0.0
10,No trend growth,Inflation (Π<sub>t</sub>),0.0
11,No trend growth,Inflation (Π<sub>t</sub>),0.0
12,No trend growth,Inflation (Π<sub>t</sub>),0.0
13,No trend growth,Inflation (Π<sub>t</sub>),0.0
14,No trend growth,Inflation (Π<sub>t</sub>),0.0
15,No trend growth,Inflation (Π<sub>t</sub>),0.0
16,No trend growth,Inflation (Π<sub>t</sub>),0.0
17,No trend growth,Inflation (Π<sub>t</sub>),0.0
18,No trend growth,Inflation (Π<sub>t</sub>),0.0
19,No trend growth,Inflation (Π<sub>t</sub>),0.0
20,No trend growth,Inflation (Π<sub>t</sub>),0.0
21,No trend growth,Inflation (Π<sub>t</sub>),0.0
22,No trend growth,Inflation (Π<sub>t</sub>),0.0
23,No trend growth,Inflation (Π<sub>t</sub>),0.0
24,No trend growth,Inflation (Π<sub>t</sub>),0.0
25,No trend growth,Inflation (Π<sub>t</sub>),0.0
26,No trend growth,Inflation (Π<sub>t</sub>),0.0
27,No trend growth,Inflation (Π<sub>t</sub>),0.0
28,No trend growth,Inflation (Π<sub>t</sub>),0.0
29,No trend growth,Inflation (Π<sub>t</sub>),0.0
30,No trend growth,Inflation (Π<sub>t</sub>),0.0
31,No trend growth,Inflation (Π<sub>t</sub>),0.0
32,No trend growth,Inflation (Π<sub>t</sub>),0.0
33,No trend growth,Inflation (Π<sub>t</sub>),0.0
34,No trend growth,Inflation (Π<sub>t</sub>),0.0
35,No trend growth,Inflation (Π<sub>t</sub>),0.0
36,No trend growth,Inflation (Π<sub>t</sub>),0.0
37,No trend growth,Inflation (Π<sub>t</sub>),-0.0
38,No trend growth,Inflation (Π<sub>t</sub>),-0.0
39,No trend growth,Inflation (Π<sub>t</sub>),-0.0
40,No trend growth,Inflation (Π<sub>t</sub>),-0.0
41,No trend growth,Inflation (Π<sub>t</sub>),-0.0
42,No trend growth,Inflation (Π<sub>t</sub>),-0.0
43,No trend growth,Inflation (Π<sub>t</sub>),-0.0
44,No trend growth,Inflation (Π<sub>t</sub>),-0.0
45,No trend growth,Inflation (Π<sub>t</sub>),-0.0
46,No trend growth,Inflation (Π<sub>t</sub>),-0.0
47,No trend growth,Inflation (Π<sub>t</sub>),-0.0
48,No trend growth,Inflation (Π<sub>t</sub>),-0.0
49,No trend growth,Inflation (Π<sub>t</sub>),-0.0
50,No trend growth,Inflation (Π<sub>t</sub>),-0.0
51,No trend growth,Inflation (Π<sub>t</sub>),-0.0
52,No trend growth,Inflation (Π<sub>t</sub>),-0.0
53,No trend growth,Inflation (Π<sub>t</sub>),-0.0
54,No trend growth,Inflation (Π<sub>t</sub>),-0.0
55,No trend growth,Inflation (Π<sub>t</sub>),-0.0
56,No trend growth,Inflation (Π<sub>t</sub>),0.0
57,No trend growth,Inflation (Π<sub>t</sub>),0.0
58,No trend growth,Inflation (Π<sub>t</sub>),0.0
59,No trend growth,Inflation (Π<sub>t</sub>),0.0
60,No trend growth,Inflation (Π<sub>t</sub>),0.0
61,No trend growth,Inflation (Π<sub>t</sub>),0.0
62,No trend growth,Inflation (Π<sub>t</sub>),0.0
63,No trend growth,Inflation (Π<sub>t</sub>),0.0
64,No trend growth,Inflation (Π<sub>t</sub>),0.0
65,No trend growth,Inflation (Π<sub>t</sub>),0.0
66,No trend growth,Inflation (Π<sub>t</sub>),0.0
67,No trend growth,Inflation (Π<sub>t</sub>),0.0
68,No trend growth,Inflation (Π<sub>t</sub>),0.0
69,No trend growth,Inflation (Π<sub>t</sub>),0.0
70,No trend growth,Inflation (Π<sub>t</sub>),0.0
71,No trend growth,Inflation (Π<sub>t</sub>),0.0
72,No trend growth,Inflation (Π<sub>t</sub>),0.0
73,No trend growth,Inflation (Π<sub>t</sub>),0.0
74,No trend growth,Inflation (Π<sub>t</sub>),-0.0
75,No trend growth,Inflation (Π<sub>t</sub>),-0.0
76,No trend growth,Inflation (Π<sub>t</sub>),-0.0
77,No trend growth,Inflation (Π<sub>t</sub>),-0.0
78,No trend growth,Inflation (Π<sub>t</sub>),-0.0
79,No trend growth,Inflation (Π<sub>t</sub>),-0.0
80,No trend growth,Inflation (Π<sub>t</sub>),-0.0
81,No trend growth,Inflation (Π<sub>t</sub>),-0.0
82,No trend growth,Inflation (Π<sub>t</sub>),-0.0
83,No trend growth,Inflation (Π<sub>t</sub>),-0.0
84,No trend growth,Inflation (Π<sub>t</sub>),-0.0
85,No trend growth,Inflation (Π<sub>t</sub>),0.0
86,No trend growth,Inflation (Π<sub>t</sub>),0.0
87,No trend growth,Inflation (Π<sub>t</sub>),0.0
88,No trend growth,Inflation (Π<sub>t</sub>),0.0
89,No trend growth,Inflation (Π<sub>t</sub>),0.0
90,No trend growth,Inflation (Π<sub>t</sub>),0.0
91,No trend growth,Inflation (Π<sub>t</sub>),0.0
92,No trend growth,Inflation (Π<sub>t</sub>),0.0
93,No trend growth,Inflation (Π<sub>t</sub>),0.0
94,No trend growth,Inflation (Π<sub>t</sub>),0.0
95,No trend growth,Inflation (Π<sub>t</sub>),0.0
96,No trend growth,Inflation (Π<sub>t</sub>),0.0
97,No trend growth,Inflation (Π<sub>t</sub>),0.0
98,No trend growth,Inflation (Π<sub>t</sub>),0.0
99,No trend growth,Inflation (Π<sub>t</sub>),0.0
100,No trend growth,Inflation (Π<sub>t</sub>),0.0
1,Derived canonical NK,Inflation (Π<sub>t</sub>),-0.0
2,Derived canonical NK,Inflation (Π<sub>t</sub>),-0.0
3,Derived canonical NK,Inflation (Π<sub>t</sub>),-0.0
4,Derived canonical NK,Inflation (Π<sub>t</sub>),-0.0
5,Derived canonical NK,Inflation (Π<sub>t</sub>),-0.0
6,Derived canonical NK,Inflation (Π<sub>t</sub>),-0.0
7,Derived canonical NK,Inflation (Π<sub>t</sub>),-0.0
8,Derived canonical NK,Inflation (Π<sub>t</sub>),-0.0
9,Derived canonical NK,Inflation (Π<sub>t</sub>),-0.0
10,Derived canonical NK,Inflation (Π<sub>t</sub>),-0.0
11,Derived canonical NK,Inflation (Π<sub>t</sub>),-0.0
12,Derived canonical NK,Inflation (Π<sub>t</sub>),-0.0
13,Derived canonical NK,Inflation (Π<sub>t</sub>),-0.0
14,Derived canonical NK,Inflation (Π<sub>t</sub>),-0.0
15,Derived canonical NK,Inflation (Π<sub>t</sub>),-0.0
16,Derived canonical NK,Inflation (Π<sub>t</sub>),-0.0
17,Derived canonical NK,Inflation (Π<sub>t</sub>),-0.0
18,Derived canonical NK,Inflation (Π<sub>t</sub>),-0.0
19,Derived canonical NK,Inflation (Π<sub>t</sub>),-0.0
20,Derived canonical NK,Inflation (Π<sub>t</sub>),-0.0
21,Derived canonical NK,Inflation (Π<sub>t</sub>),-0.0
22,Derived canonical NK,Inflation (Π<sub>t</sub>),-0.0
23,Derived canonical NK,Inflation (Π<sub>t</sub>),-0.0
24,Derived canonical NK,Inflation (Π<sub>t</sub>),-0.0
25,Derived canonical NK,Inflation (Π<sub>t</sub>),-0.0
26,Derived canonical NK,Inflation (Π<sub>t</sub>),-0.0
27,Derived canonical NK,Inflation (Π<sub>t</sub>),-0.0
28,Derived canonical NK,Inflation (Π<sub>t</sub>),-0.0
29,Derived canonical NK,Inflation (Π<sub>t</sub>),-0.0
30,Derived canonical NK,Inflation (Π<sub>t</sub>),-0.0
31,Derived canonical NK,Inflation (Π<sub>t</sub>),-0.0
32,Derived canonical NK,Inflation (Π<sub>t</sub>),-0.0
33,Derived canonical NK,Inflation (Π<sub>t</sub>),-0.0
34,Derived canonical NK,Inflation (Π<sub>t</sub>),-0.0
35,Derived canonical NK,Inflation (Π<sub>t</sub>),-0.0
36,Derived canonical NK,Inflation (Π<sub>t</sub>),-0.0
37,Derived canonical NK,Inflation (Π<sub>t</sub>),-0.0
38,Derived canonical NK,Inflation (Π<sub>t</sub>),-0.0
39,Derived canonical NK,Inflation (Π<sub>t</sub>),-0.0
40,Derived canonical NK,Inflation (Π<sub>t</sub>),-0.0
41,Derived canonical NK,Inflation (Π<sub>t</sub>),-0.0
42,Derived canonical NK,Inflation (Π<sub>t</sub>),-0.0
43,Derived canonical NK,Inflation (Π<sub>t</sub>),-0.0
44,Derived canonical NK,Inflation (Π<sub>t</sub>),-0.0
45,Derived canonical NK,Inflation (Π<sub>t</sub>),-0.0
46,Derived canonical NK,Inflation (Π<sub>t</sub>),-0.0
47,Derived canonical NK,Inflation (Π<sub>t</sub>),-0.0
48,Derived canonical NK,Inflation (Π<sub>t</sub>),-0.0
49,Derived canonical NK,Inflation (Π<sub>t</sub>),-0.0
50,Derived canonical NK,Inflation (Π<sub>t</sub>),-0.0
51,Derived canonical NK,Inflation (Π<sub>t</sub>),-0.0
52,Derived canonical NK,Inflation (Π<sub>t</sub>),-0.0
53,Derived canonical NK,Inflation (Π<sub>t</sub>),-0.0
54,Derived canonical NK,Inflation (Π<sub>t</sub>),-0.0
55,Derived canonical NK,Inflation (Π<sub>t</sub>),-0.0
56,Derived canonical NK,Inflation (Π<sub>t</sub>),-0.0
57,Derived canonical NK,Inflation (Π<sub>t</sub>),-0.0
58,Derived canonical NK,Inflation (Π<sub>t</sub>),-0.0
59,Derived canonical NK,Inflation (Π<sub>t</sub>),-0.0
60,Derived canonical NK,Inflation (Π<sub>t</sub>),-0.0
61,Derived canonical NK,Inflation (Π<sub>t</sub>),-0.0
62,Derived canonical NK,Inflation (Π<sub>t</sub>),-0.0
63,Derived canonical NK,Inflation (Π<sub>t</sub>),-0.0
64,Derived canonical NK,Inflation (Π<sub>t</sub>),-0.0
65,Derived canonical NK,Inflation (Π<sub>t</sub>),-0.0
66,Derived canonical NK,Inflation (Π<sub>t</sub>),-0.0
67,Derived canonical NK,Inflation (Π<sub>t</sub>),-0.0
68,Derived canonical NK,Inflation (Π<sub>t</sub>),-0.0
69,Derived canonical NK,Inflation (Π<sub>t</sub>),-0.0
70,Derived canonical NK,Inflation (Π<sub>t</sub>),-0.0
71,Derived canonical NK,Inflation (Π<sub>t</sub>),-0.0
72,Derived canonical NK,Inflation (Π<sub>t</sub>),-0.0
73,Derived canonical NK,Inflation (Π<sub>t</sub>),-0.0
74,Derived canonical NK,Inflation (Π<sub>t</sub>),-0.0
75,Derived canonical NK,Inflation (Π<sub>t</sub>),-0.0
76,Derived canonical NK,Inflation (Π<sub>t</sub>),-0.0
77,Derived canonical NK,Inflation (Π<sub>t</sub>),-0.0
78,Derived canonical NK,Inflation (Π<sub>t</sub>),-0.0
79,Derived canonical NK,Inflation (Π<sub>t</sub>),-0.0
80,Derived canonical NK,Inflation (Π<sub>t</sub>),-0.0
81,Derived canonical NK,Inflation (Π<sub>t</sub>),-0.0
82,Derived canonical NK,Inflation (Π<sub>t</sub>),-0.0
83,Derived canonical NK,Inflation (Π<sub>t</sub>),-0.0
84,Derived canonical NK,Inflation (Π<sub>t</sub>),-0.0
85,Derived canonical NK,Inflation (Π<sub>t</sub>),-0.0
86,Derived canonical NK,Inflation (Π<sub>t</sub>),-0.0
87,Derived canonical NK,Inflation (Π<sub>t</sub>),-0.0
88,Derived canonical NK,Inflation (Π<sub>t</sub>),-0.0
89,Derived canonical NK,Inflation (Π<sub>t</sub>),-0.0
90,Derived canonical NK,Inflation (Π<sub>t</sub>),-0.0
91,Derived canonical NK,Inflation (Π<sub>t</sub>),-0.0
92,Derived canonical NK,Inflation (Π<sub>t</sub>),-0.0
93,Derived canonical NK,Inflation (Π<sub>t</sub>),-0.0
94,Derived canonical NK,Inflation (Π<sub>t</sub>),-0.0
95,Derived canonical NK,Inflation (Π<sub>t</sub>),-0.0
96,Derived canonical NK,Inflation (Π<sub>t</sub>),-0.0
97,Derived canonical NK,Inflation (Π<sub>t</sub>),-0.0
98,Derived canonical NK,Inflation (Π<sub>t</sub>),-0.0
99,Derived canonical NK,Inflation (Π<sub>t</sub>),-0.0
100,Derived canonical NK,Inflation (Π<sub>t</sub>),-0.0
1,Canonical NK control,Inflation (Π<sub>t</sub>),-0.0
2,Canonical NK control,Inflation (Π<sub>t</sub>),-0.0
3,Canonical NK control,Inflation (Π<sub>t</sub>),-0.0
4,Canonical NK control,Inflation (Π<sub>t</sub>),-0.0
5,Canonical NK control,Inflation (Π<sub>t</sub>),-0.0
6,Canonical NK control,Inflation (Π<sub>t</sub>),-0.0
7,Canonical NK control,Inflation (Π<sub>t</sub>),-0.0
8,Canonical NK control,Inflation (Π<sub>t</sub>),-0.0
9,Canonical NK control,Inflation (Π<sub>t</sub>),-0.0
10,Canonical NK control,Inflation (Π<sub>t</sub>),-0.0
11,Canonical NK control,Inflation (Π<sub>t</sub>),-0.0
12,Canonical NK control,Inflation (Π<sub>t</sub>),-0.0
13,Canonical NK control,Inflation (Π<sub>t</sub>),-0.0
14,Canonical NK control,Inflation (Π<sub>t</sub>),-0.0
15,Canonical NK control,Inflation (Π<sub>t</sub>),-0.0
16,Canonical NK control,Inflation (Π<sub>t</sub>),-0.0
17,Canonical NK control,Inflation (Π<sub>t</sub>),-0.0
18,Canonical NK control,Inflation (Π<sub>t</sub>),-0.0
19,Canonical NK control,Inflation (Π<sub>t</sub>),-0.0
20,Canonical NK control,Inflation (Π<sub>t</sub>),-0.0
21,Canonical NK control,Inflation (Π<sub>t</sub>),-0.0
22,Canonical NK control,Inflation (Π<sub>t</sub>),-0.0
23,Canonical NK control,Inflation (Π<sub>t</sub>),-0.0
24,Canonical NK control,Inflation (Π<sub>t</sub>),-0.0
25,Canonical NK control,Inflation (Π<sub>t</sub>),-0.0
26,Canonical NK control,Inflation (Π<sub>t</sub>),-0.0
27,Canonical NK control,Inflation (Π<sub>t</sub>),-0.0
28,Canonical NK control,Inflation (Π<sub>t</sub>),-0.0
29,Canonical NK control,Inflation (Π<sub>t</sub>),-0.0
30,Canonical NK control,Inflation (Π<sub>t</sub>),-0.0
31,Canonical NK control,Inflation (Π<sub>t</sub>),-0.0
32,Canonical NK control,Inflation (Π<sub>t</sub>),-0.0
33,Canonical NK control,Inflation (Π<sub>t</sub>),-0.0
34,Canonical NK control,Inflation (Π<sub>t</sub>),-0.0
35,Canonical NK control,Inflation (Π<sub>t</sub>),-0.0
36,Canonical NK control,Inflation (Π<sub>t</sub>),-0.0
37,Canonical NK control,Inflation (Π<sub>t</sub>),-0.0
38,Canonical NK control,Inflation (Π<sub>t</sub>),-0.0
39,Canonical NK control,Inflation (Π<sub>t</sub>),-0.0
40,Canonical NK control,Inflation (Π<sub>t</sub>),-0.0
41,Canonical NK control,Inflation (Π<sub>t</sub>),-0.0
42,Canonical NK control,Inflation (Π<sub>t</sub>),-0.0
43,Canonical NK control,Inflation (Π<sub>t</sub>),-0.0
44,Canonical NK control,Inflation (Π<sub>t</sub>),-0.0
45,Canonical NK control,Inflation (Π<sub>t</sub>),-0.0
46,Canonical NK control,Inflation (Π<sub>t</sub>),-0.0
47,Canonical NK control,Inflation (Π<sub>t</sub>),-0.0
48,Canonical NK control,Inflation (Π<sub>t</sub>),-0.0
49,Canonical NK control,Inflation (Π<sub>t</sub>),-0.0
50,Canonical NK control,Inflation (Π<sub>t</sub>),-0.0
51,Canonical NK control,Inflation (Π<sub>t</sub>),-0.0
52,Canonical NK control,Inflation (Π<sub>t</sub>),-0.0
53,Canonical NK control,Inflation (Π<sub>t</sub>),-0.0
54,Canonical NK control,Inflation (Π<sub>t</sub>),-0.0
55,Canonical NK control,Inflation (Π<sub>t</sub>),-0.0
56,Canonical NK control,Inflation (Π<sub>t</sub>),-0.0
57,Canonical NK control,Inflation (Π<sub>t</sub>),-0.0
58,Canonical NK control,Inflation (Π<sub>t</sub>),-0.0
59,Canonical NK control,Inflation (Π<sub>t</sub>),-0.0
60,Canonical NK control,Inflation (Π<sub>t</sub>),-0.0
61,Canonical NK control,Inflation (Π<sub>t</sub>),-0.0
62,Canonical NK control,Inflation (Π<sub>t</sub>),-0.0
63,Canonical NK control,Inflation (Π<sub>t</sub>),-0.0
64,Canonical NK control,Inflation (Π<sub>t</sub>),-0.0
65,Canonical NK control,Inflation (Π<sub>t</sub>),-0.0
66,Canonical NK control,Inflation (Π<sub>t</sub>),-0.0
67,Canonical NK control,Inflation (Π<sub>t</sub>),-0.0
68,Canonical NK control,Inflation (Π<sub>t</sub>),-0.0
69,Canonical NK control,Inflation (Π<sub>t</sub>),-0.0
70,Canonical NK control,Inflation (Π<sub>t</sub>),-0.0
71,Canonical NK control,Inflation (Π<sub>t</sub>),-0.0
72,Canonical NK control,Inflation (Π<sub>t</sub>),-0.0
73,Canonical NK control,Inflation (Π<sub>t</sub>),-0.0
74,Canonical NK control,Inflation (Π<sub>t</sub>),-0.0
75,Canonical NK control,Inflation (Π<sub>t</sub>),-0.0
76,Canonical NK control,Inflation (Π<sub>t</sub>),-0.0
77,Canonical NK control,Inflation (Π<sub>t</sub>),-0.0
78,Canonical NK control,Inflation (Π<sub>t</sub>),-0.0
79,Canonical NK control,Inflation (Π<sub>t</sub>),-0.0
80,Canonical NK control,Inflation (Π<sub>t</sub>),-0.0
81,Canonical NK control,Inflation (Π<sub>t</sub>),-0.0
82,Canonical NK control,Inflation (Π<sub>t</sub>),-0.0
83,Canonical NK control,Inflation (Π<sub>t</sub>),-0.0
84,Canonical NK control,Inflation (Π<sub>t</sub>),-0.0
85,Canonical NK control,Inflation (Π<sub>t</sub>),-0.0
86,Canonical NK control,Inflation (Π<sub>t</sub>),-0.0
87,Canonical NK control,Inflation (Π<sub>t</sub>),-0.0
88,Canonical NK control,Inflation (Π<sub>t</sub>),-0.0
89,Canonical NK control,Inflation (Π<sub>t</sub>),-0.0
90,Canonical NK control,Inflation (Π<sub>t</sub>),-0.0
91,Canonical NK control,Inflation (Π<sub>t</sub>),-0.0
92,Canonical NK control,Inflation (Π<sub>t</sub>),-0.0
93,Canonical NK control,Inflation (Π<sub>t</sub>),-0.0
94,Canonical NK control,Inflation (Π<sub>t</sub>),-0.0
95,Canonical NK control,Inflation (Π<sub>t</sub>),-0.0
96,Canonical NK control,Inflation (Π<sub>t</sub>),-0.0
97,Canonical NK control,Inflation (Π<sub>t</sub>),-0.0
98,Canonical NK control,Inflation (Π<sub>t</sub>),-0.0
99,Canonical NK control,Inflation (Π<sub>t</sub>),-0.0
100,Canonical NK control,Inflation (Π<sub>t</sub>),-0.0
1,Full model,Nominal interest rate (R<sub>t</sub>),0.078
2,Full model,Nominal interest rate (R<sub>t</sub>),0.078
3,Full model,Nominal interest rate (R<sub>t</sub>),0.078
4,Full model,Nominal interest rate (R<sub>t</sub>),0.078
5,Full model,Nominal interest rate (R<sub>t</sub>),0.078
6,Full model,Nominal interest rate (R<sub>t</sub>),0.078
7,Full model,Nominal interest rate (R<sub>t</sub>),0.078
8,Full model,Nominal interest rate (R<sub>t</sub>),0.078
9,Full model,Nominal interest rate (R<sub>t</sub>),0.078
10,Full model,Nominal interest rate (R<sub>t</sub>),0.078
11,Full model,Nominal interest rate (R<sub>t</sub>),0.078
12,Full model,Nominal interest rate (R<sub>t</sub>),0.078
13,Full model,Nominal interest rate (R<sub>t</sub>),0.077
14,Full model,Nominal interest rate (R<sub>t</sub>),0.077
15,Full model,Nominal interest rate (R<sub>t</sub>),0.077
16,Full model,Nominal interest rate (R<sub>t</sub>),0.077
17,Full model,Nominal interest rate (R<sub>t</sub>),0.076
18,Full model,Nominal interest rate (R<sub>t</sub>),0.076
19,Full model,Nominal interest rate (R<sub>t</sub>),0.076
20,Full model,Nominal interest rate (R<sub>t</sub>),0.075
21,Full model,Nominal interest rate (R<sub>t</sub>),0.075
22,Full model,Nominal interest rate (R<sub>t</sub>),0.074
23,Full model,Nominal interest rate (R<sub>t</sub>),0.074
24,Full model,Nominal interest rate (R<sub>t</sub>),0.074
25,Full model,Nominal interest rate (R<sub>t</sub>),0.073
26,Full model,Nominal interest rate (R<sub>t</sub>),0.073
27,Full model,Nominal interest rate (R<sub>t</sub>),0.072
28,Full model,Nominal interest rate (R<sub>t</sub>),0.072
29,Full model,Nominal interest rate (R<sub>t</sub>),0.071
30,Full model,Nominal interest rate (R<sub>t</sub>),0.071
31,Full model,Nominal interest rate (R<sub>t</sub>),0.07
32,Full model,Nominal interest rate (R<sub>t</sub>),0.07
33,Full model,Nominal interest rate (R<sub>t</sub>),0.069
34,Full model,Nominal interest rate (R<sub>t</sub>),0.069
35,Full model,Nominal interest rate (R<sub>t</sub>),0.068
36,Full model,Nominal interest rate (R<sub>t</sub>),0.067
37,Full model,Nominal interest rate (R<sub>t</sub>),0.067
38,Full model,Nominal interest rate (R<sub>t</sub>),0.066
39,Full model,Nominal interest rate (R<sub>t</sub>),0.066
40,Full model,Nominal interest rate (R<sub>t</sub>),0.065
41,Full model,Nominal interest rate (R<sub>t</sub>),0.065
42,Full model,Nominal interest rate (R<sub>t</sub>),0.064
43,Full model,Nominal interest rate (R<sub>t</sub>),0.063
44,Full model,Nominal interest rate (R<sub>t</sub>),0.063
45,Full model,Nominal interest rate (R<sub>t</sub>),0.062
46,Full model,Nominal interest rate (R<sub>t</sub>),0.062
47,Full model,Nominal interest rate (R<sub>t</sub>),0.061
48,Full model,Nominal interest rate (R<sub>t</sub>),0.06
49,Full model,Nominal interest rate (R<sub>t</sub>),0.06
50,Full model,Nominal interest rate (R<sub>t</sub>),0.059
51,Full model,Nominal interest rate (R<sub>t</sub>),0.059
52,Full model,Nominal interest rate (R<sub>t</sub>),0.058
53,Full model,Nominal interest rate (R<sub>t</sub>),0.057
54,Full model,Nominal interest rate (R<sub>t</sub>),0.057
55,Full model,Nominal interest rate (R<sub>t</sub>),0.056
56,Full model,Nominal interest rate (R<sub>t</sub>),0.056
57,Full model,Nominal interest rate (R<sub>t</sub>),0.055
58,Full model,Nominal interest rate (R<sub>t</sub>),0.055
59,Full model,Nominal interest rate (R<sub>t</sub>),0.054
60,Full model,Nominal interest rate (R<sub>t</sub>),0.053
61,Full model,Nominal interest rate (R<sub>t</sub>),0.053
62,Full model,Nominal interest rate (R<sub>t</sub>),0.052
63,Full model,Nominal interest rate (R<sub>t</sub>),0.052
64,Full model,Nominal interest rate (R<sub>t</sub>),0.051
65,Full model,Nominal interest rate (R<sub>t</sub>),0.051
66,Full model,Nominal interest rate (R<sub>t</sub>),0.05
67,Full model,Nominal interest rate (R<sub>t</sub>),0.05
68,Full model,Nominal interest rate (R<sub>t</sub>),0.049
69,Full model,Nominal interest rate (R<sub>t</sub>),0.048
70,Full model,Nominal interest rate (R<sub>t</sub>),0.048
71,Full model,Nominal interest rate (R<sub>t</sub>),0.047
72,Full model,Nominal interest rate (R<sub>t</sub>),0.047
73,Full model,Nominal interest rate (R<sub>t</sub>),0.046
74,Full model,Nominal interest rate (R<sub>t</sub>),0.046
75,Full model,Nominal interest rate (R<sub>t</sub>),0.045
76,Full model,Nominal interest rate (R<sub>t</sub>),0.045
77,Full model,Nominal interest rate (R<sub>t</sub>),0.044
78,Full model,Nominal interest rate (R<sub>t</sub>),0.044
79,Full model,Nominal interest rate (R<sub>t</sub>),0.043
80,Full model,Nominal interest rate (R<sub>t</sub>),0.043
81,Full model,Nominal interest rate (R<sub>t</sub>),0.042
82,Full model,Nominal interest rate (R<sub>t</sub>),0.042
83,Full model,Nominal interest rate (R<sub>t</sub>),0.041
84,Full model,Nominal interest rate (R<sub>t</sub>),0.041
85,Full model,Nominal interest rate (R<sub>t</sub>),0.04
86,Full model,Nominal interest rate (R<sub>t</sub>),0.04
87,Full model,Nominal interest rate (R<sub>t</sub>),0.039
88,Full model,Nominal interest rate (R<sub>t</sub>),0.039
89,Full model,Nominal interest rate (R<sub>t</sub>),0.038
90,Full model,Nominal interest rate (R<sub>t</sub>),0.038
91,Full model,Nominal interest rate (R<sub>t</sub>),0.037
92,Full model,Nominal interest rate (R<sub>t</sub>),0.037
93,Full model,Nominal interest rate (R<sub>t</sub>),0.037
94,Full model,Nominal interest rate (R<sub>t</sub>),0.036
95,Full model,Nominal interest rate (R<sub>t</sub>),0.036
96,Full model,Nominal interest rate (R<sub>t</sub>),0.035
97,Full model,Nominal interest rate (R<sub>t</sub>),0.035
98,Full model,Nominal interest rate (R<sub>t</sub>),0.034
99,Full model,Nominal interest rate (R<sub>t</sub>),0.034
100,Full model,Nominal interest rate (R<sub>t</sub>),0.034
1,No endogenous technology,Nominal interest rate (R<sub>t</sub>),0.073
2,No endogenous technology,Nominal interest rate (R<sub>t</sub>),0.071
3,No endogenous technology,Nominal interest rate (R<sub>t</sub>),0.071
4,No endogenous technology,Nominal interest rate (R<sub>t</sub>),0.07
5,No endogenous technology,Nominal interest rate (R<sub>t</sub>),0.069
6,No endogenous technology,Nominal interest rate (R<sub>t</sub>),0.069
7,No endogenous technology,Nominal interest rate (R<sub>t</sub>),0.068
8,No endogenous technology,Nominal interest rate (R<sub>t</sub>),0.068
9,No endogenous technology,Nominal interest rate (R<sub>t</sub>),0.067
10,No endogenous technology,Nominal interest rate (R<sub>t</sub>),0.066
11,No endogenous technology,Nominal interest rate (R<sub>t</sub>),0.065
12,No endogenous technology,Nominal interest rate (R<sub>t</sub>),0.064
13,No endogenous technology,Nominal interest rate (R<sub>t</sub>),0.064
14,No endogenous technology,Nominal interest rate (R<sub>t</sub>),0.063
15,No endogenous technology,Nominal interest rate (R<sub>t</sub>),0.062
16,No endogenous technology,Nominal interest rate (R<sub>t</sub>),0.061
17,No endogenous technology,Nominal interest rate (R<sub>t</sub>),0.06
18,No endogenous technology,Nominal interest rate (R<sub>t</sub>),0.059
19,No endogenous technology,Nominal interest rate (R<sub>t</sub>),0.058
20,No endogenous technology,Nominal interest rate (R<sub>t</sub>),0.057
21,No endogenous technology,Nominal interest rate (R<sub>t</sub>),0.056
22,No endogenous technology,Nominal interest rate (R<sub>t</sub>),0.055
23,No endogenous technology,Nominal interest rate (R<sub>t</sub>),0.054
24,No endogenous technology,Nominal interest rate (R<sub>t</sub>),0.053
25,No endogenous technology,Nominal interest rate (R<sub>t</sub>),0.052
26,No endogenous technology,Nominal interest rate (R<sub>t</sub>),0.051
27,No endogenous technology,Nominal interest rate (R<sub>t</sub>),0.05
28,No endogenous technology,Nominal interest rate (R<sub>t</sub>),0.05
29,No endogenous technology,Nominal interest rate (R<sub>t</sub>),0.049
30,No endogenous technology,Nominal interest rate (R<sub>t</sub>),0.048
31,No endogenous technology,Nominal interest rate (R<sub>t</sub>),0.047
32,No endogenous technology,Nominal interest rate (R<sub>t</sub>),0.046
33,No endogenous technology,Nominal interest rate (R<sub>t</sub>),0.045
34,No endogenous technology,Nominal interest rate (R<sub>t</sub>),0.044
35,No endogenous technology,Nominal interest rate (R<sub>t</sub>),0.043
36,No endogenous technology,Nominal interest rate (R<sub>t</sub>),0.042
37,No endogenous technology,Nominal interest rate (R<sub>t</sub>),0.041
38,No endogenous technology,Nominal interest rate (R<sub>t</sub>),0.041
39,No endogenous technology,Nominal interest rate (R<sub>t</sub>),0.04
40,No endogenous technology,Nominal interest rate (R<sub>t</sub>),0.039
41,No endogenous technology,Nominal interest rate (R<sub>t</sub>),0.038
42,No endogenous technology,Nominal interest rate (R<sub>t</sub>),0.037
43,No endogenous technology,Nominal interest rate (R<sub>t</sub>),0.036
44,No endogenous technology,Nominal interest rate (R<sub>t</sub>),0.036
45,No endogenous technology,Nominal interest rate (R<sub>t</sub>),0.035
46,No endogenous technology,Nominal interest rate (R<sub>t</sub>),0.034
47,No endogenous technology,Nominal interest rate (R<sub>t</sub>),0.033
48,No endogenous technology,Nominal interest rate (R<sub>t</sub>),0.033
49,No endogenous technology,Nominal interest rate (R<sub>t</sub>),0.032
50,No endogenous technology,Nominal interest rate (R<sub>t</sub>),0.031
51,No endogenous technology,Nominal interest rate (R<sub>t</sub>),0.031
52,No endogenous technology,Nominal interest rate (R<sub>t</sub>),0.03
53,No endogenous technology,Nominal interest rate (R<sub>t</sub>),0.029
54,No endogenous technology,Nominal interest rate (R<sub>t</sub>),0.029
55,No endogenous technology,Nominal interest rate (R<sub>t</sub>),0.028
56,No endogenous technology,Nominal interest rate (R<sub>t</sub>),0.027
57,No endogenous technology,Nominal interest rate (R<sub>t</sub>),0.027
58,No endogenous technology,Nominal interest rate (R<sub>t</sub>),0.026
59,No endogenous technology,Nominal interest rate (R<sub>t</sub>),0.025
60,No endogenous technology,Nominal interest rate (R<sub>t</sub>),0.025
61,No endogenous technology,Nominal interest rate (R<sub>t</sub>),0.024
62,No endogenous technology,Nominal interest rate (R<sub>t</sub>),0.024
63,No endogenous technology,Nominal interest rate (R<sub>t</sub>),0.023
64,No endogenous technology,Nominal interest rate (R<sub>t</sub>),0.023
65,No endogenous technology,Nominal interest rate (R<sub>t</sub>),0.022
66,No endogenous technology,Nominal interest rate (R<sub>t</sub>),0.022
67,No endogenous technology,Nominal interest rate (R<sub>t</sub>),0.021
68,No endogenous technology,Nominal interest rate (R<sub>t</sub>),0.021
69,No endogenous technology,Nominal interest rate (R<sub>t</sub>),0.02
70,No endogenous technology,Nominal interest rate (R<sub>t</sub>),0.02
71,No endogenous technology,Nominal interest rate (R<sub>t</sub>),0.019
72,No endogenous technology,Nominal interest rate (R<sub>t</sub>),0.019
73,No endogenous technology,Nominal interest rate (R<sub>t</sub>),0.018
74,No endogenous technology,Nominal interest rate (R<sub>t</sub>),0.018
75,No endogenous technology,Nominal interest rate (R<sub>t</sub>),0.017
76,No endogenous technology,Nominal interest rate (R<sub>t</sub>),0.017
77,No endogenous technology,Nominal interest rate (R<sub>t</sub>),0.017
78,No endogenous technology,Nominal interest rate (R<sub>t</sub>),0.016
79,No endogenous technology,Nominal interest rate (R<sub>t</sub>),0.016
80,No endogenous technology,Nominal interest rate (R<sub>t</sub>),0.015
81,No endogenous technology,Nominal interest rate (R<sub>t</sub>),0.015
82,No endogenous technology,Nominal interest rate (R<sub>t</sub>),0.015
83,No endogenous technology,Nominal interest rate (R<sub>t</sub>),0.014
84,No endogenous technology,Nominal interest rate (R<sub>t</sub>),0.014
85,No endogenous technology,Nominal interest rate (R<sub>t</sub>),0.014
86,No endogenous technology,Nominal interest rate (R<sub>t</sub>),0.013
87,No endogenous technology,Nominal interest rate (R<sub>t</sub>),0.013
88,No endogenous technology,Nominal interest rate (R<sub>t</sub>),0.013
89,No endogenous technology,Nominal interest rate (R<sub>t</sub>),0.012
90,No endogenous technology,Nominal interest rate (R<sub>t</sub>),0.012
91,No endogenous technology,Nominal interest rate (R<sub>t</sub>),0.012
92,No endogenous technology,Nominal interest rate (R<sub>t</sub>),0.011
93,No endogenous technology,Nominal interest rate (R<sub>t</sub>),0.011
94,No endogenous technology,Nominal interest rate (R<sub>t</sub>),0.011
95,No endogenous technology,Nominal interest rate (R<sub>t</sub>),0.011
96,No endogenous technology,Nominal interest rate (R<sub>t</sub>),0.01
97,No endogenous technology,Nominal interest rate (R<sub>t</sub>),0.01
98,No endogenous technology,Nominal interest rate (R<sub>t</sub>),0.01
99,No endogenous technology,Nominal interest rate (R<sub>t</sub>),0.01
100,No endogenous technology,Nominal interest rate (R<sub>t</sub>),0.009
1,No human capital,Nominal interest rate (R<sub>t</sub>),0.069
2,No human capital,Nominal interest rate (R<sub>t</sub>),0.065
3,No human capital,Nominal interest rate (R<sub>t</sub>),0.062
4,No human capital,Nominal interest rate (R<sub>t</sub>),0.06
5,No human capital,Nominal interest rate (R<sub>t</sub>),0.057
6,No human capital,Nominal interest rate (R<sub>t</sub>),0.055
7,No human capital,Nominal interest rate (R<sub>t</sub>),0.053
8,No human capital,Nominal interest rate (R<sub>t</sub>),0.051
9,No human capital,Nominal interest rate (R<sub>t</sub>),0.05
10,No human capital,Nominal interest rate (R<sub>t</sub>),0.048
11,No human capital,Nominal interest rate (R<sub>t</sub>),0.046
12,No human capital,Nominal interest rate (R<sub>t</sub>),0.045
13,No human capital,Nominal interest rate (R<sub>t</sub>),0.043
14,No human capital,Nominal interest rate (R<sub>t</sub>),0.041
15,No human capital,Nominal interest rate (R<sub>t</sub>),0.04
16,No human capital,Nominal interest rate (R<sub>t</sub>),0.039
17,No human capital,Nominal interest rate (R<sub>t</sub>),0.037
18,No human capital,Nominal interest rate (R<sub>t</sub>),0.036
19,No human capital,Nominal interest rate (R<sub>t</sub>),0.035
20,No human capital,Nominal interest rate (R<sub>t</sub>),0.033
21,No human capital,Nominal interest rate (R<sub>t</sub>),0.032
22,No human capital,Nominal interest rate (R<sub>t</sub>),0.031
23,No human capital,Nominal interest rate (R<sub>t</sub>),0.03
24,No human capital,Nominal interest rate (R<sub>t</sub>),0.029
25,No human capital,Nominal interest rate (R<sub>t</sub>),0.028
26,No human capital,Nominal interest rate (R<sub>t</sub>),0.027
27,No human capital,Nominal interest rate (R<sub>t</sub>),0.026
28,No human capital,Nominal interest rate (R<sub>t</sub>),0.025
29,No human capital,Nominal interest rate (R<sub>t</sub>),0.024
30,No human capital,Nominal interest rate (R<sub>t</sub>),0.023
31,No human capital,Nominal interest rate (R<sub>t</sub>),0.022
32,No human capital,Nominal interest rate (R<sub>t</sub>),0.022
33,No human capital,Nominal interest rate (R<sub>t</sub>),0.021
34,No human capital,Nominal interest rate (R<sub>t</sub>),0.02
35,No human capital,Nominal interest rate (R<sub>t</sub>),0.019
36,No human capital,Nominal interest rate (R<sub>t</sub>),0.019
37,No human capital,Nominal interest rate (R<sub>t</sub>),0.018
38,No human capital,Nominal interest rate (R<sub>t</sub>),0.017
39,No human capital,Nominal interest rate (R<sub>t</sub>),0.017
40,No human capital,Nominal interest rate (R<sub>t</sub>),0.016
41,No human capital,Nominal interest rate (R<sub>t</sub>),0.016
42,No human capital,Nominal interest rate (R<sub>t</sub>),0.015
43,No human capital,Nominal interest rate (R<sub>t</sub>),0.014
44,No human capital,Nominal interest rate (R<sub>t</sub>),0.014
45,No human capital,Nominal interest rate (R<sub>t</sub>),0.013
46,No human capital,Nominal interest rate (R<sub>t</sub>),0.013
47,No human capital,Nominal interest rate (R<sub>t</sub>),0.013
48,No human capital,Nominal interest rate (R<sub>t</sub>),0.012
49,No human capital,Nominal interest rate (R<sub>t</sub>),0.012
50,No human capital,Nominal interest rate (R<sub>t</sub>),0.011
51,No human capital,Nominal interest rate (R<sub>t</sub>),0.011
52,No human capital,Nominal interest rate (R<sub>t</sub>),0.01
53,No human capital,Nominal interest rate (R<sub>t</sub>),0.01
54,No human capital,Nominal interest rate (R<sub>t</sub>),0.01
55,No human capital,Nominal interest rate (R<sub>t</sub>),0.009
56,No human capital,Nominal interest rate (R<sub>t</sub>),0.009
57,No human capital,Nominal interest rate (R<sub>t</sub>),0.009
58,No human capital,Nominal interest rate (R<sub>t</sub>),0.008
59,No human capital,Nominal interest rate (R<sub>t</sub>),0.008
60,No human capital,Nominal interest rate (R<sub>t</sub>),0.008
61,No human capital,Nominal interest rate (R<sub>t</sub>),0.008
62,No human capital,Nominal interest rate (R<sub>t</sub>),0.007
63,No human capital,Nominal interest rate (R<sub>t</sub>),0.007
64,No human capital,Nominal interest rate (R<sub>t</sub>),0.007
65,No human capital,Nominal interest rate (R<sub>t</sub>),0.007
66,No human capital,Nominal interest rate (R<sub>t</sub>),0.006
67,No human capital,Nominal interest rate (R<sub>t</sub>),0.006
68,No human capital,Nominal interest rate (R<sub>t</sub>),0.006
69,No human capital,Nominal interest rate (R<sub>t</sub>),0.006
70,No human capital,Nominal interest rate (R<sub>t</sub>),0.005
71,No human capital,Nominal interest rate (R<sub>t</sub>),0.005
72,No human capital,Nominal interest rate (R<sub>t</sub>),0.005
73,No human capital,Nominal interest rate (R<sub>t</sub>),0.005
74,No human capital,Nominal interest rate (R<sub>t</sub>),0.005
75,No human capital,Nominal interest rate (R<sub>t</sub>),0.005
76,No human capital,Nominal interest rate (R<sub>t</sub>),0.004
77,No human capital,Nominal interest rate (R<sub>t</sub>),0.004
78,No human capital,Nominal interest rate (R<sub>t</sub>),0.004
79,No human capital,Nominal interest rate (R<sub>t</sub>),0.004
80,No human capital,Nominal interest rate (R<sub>t</sub>),0.004
81,No human capital,Nominal interest rate (R<sub>t</sub>),0.004
82,No human capital,Nominal interest rate (R<sub>t</sub>),0.004
83,No human capital,Nominal interest rate (R<sub>t</sub>),0.003
84,No human capital,Nominal interest rate (R<sub>t</sub>),0.003
85,No human capital,Nominal interest rate (R<sub>t</sub>),0.003
86,No human capital,Nominal interest rate (R<sub>t</sub>),0.003
87,No human capital,Nominal interest rate (R<sub>t</sub>),0.003
88,No human capital,Nominal interest rate (R<sub>t</sub>),0.003
89,No human capital,Nominal interest rate (R<sub>t</sub>),0.003
90,No human capital,Nominal interest rate (R<sub>t</sub>),0.003
91,No human capital,Nominal interest rate (R<sub>t</sub>),0.003
92,No human capital,Nominal interest rate (R<sub>t</sub>),0.002
93,No human capital,Nominal interest rate (R<sub>t</sub>),0.002
94,No human capital,Nominal interest rate (R<sub>t</sub>),0.002
95,No human capital,Nominal interest rate (R<sub>t</sub>),0.002
96,No human capital,Nominal interest rate (R<sub>t</sub>),0.002
97,No human capital,Nominal interest rate (R<sub>t</sub>),0.002
98,No human capital,Nominal interest rate (R<sub>t</sub>),0.002
99,No human capital,Nominal interest rate (R<sub>t</sub>),0.002
100,No human capital,Nominal interest rate (R<sub>t</sub>),0.002
1,No public infrastructure,Nominal interest rate (R<sub>t</sub>),0.069
2,No public infrastructure,Nominal interest rate (R<sub>t</sub>),0.065
3,No public infrastructure,Nominal interest rate (R<sub>t</sub>),0.062
4,No public infrastructure,Nominal interest rate (R<sub>t</sub>),0.06
5,No public infrastructure,Nominal interest rate (R<sub>t</sub>),0.057
6,No public infrastructure,Nominal interest rate (R<sub>t</sub>),0.055
7,No public infrastructure,Nominal interest rate (R<sub>t</sub>),0.053
8,No public infrastructure,Nominal interest rate (R<sub>t</sub>),0.051
9,No public infrastructure,Nominal interest rate (R<sub>t</sub>),0.05
10,No public infrastructure,Nominal interest rate (R<sub>t</sub>),0.048
11,No public infrastructure,Nominal interest rate (R<sub>t</sub>),0.046
12,No public infrastructure,Nominal interest rate (R<sub>t</sub>),0.045
13,No public infrastructure,Nominal interest rate (R<sub>t</sub>),0.043
14,No public infrastructure,Nominal interest rate (R<sub>t</sub>),0.041
15,No public infrastructure,Nominal interest rate (R<sub>t</sub>),0.04
16,No public infrastructure,Nominal interest rate (R<sub>t</sub>),0.039
17,No public infrastructure,Nominal interest rate (R<sub>t</sub>),0.037
18,No public infrastructure,Nominal interest rate (R<sub>t</sub>),0.036
19,No public infrastructure,Nominal interest rate (R<sub>t</sub>),0.035
20,No public infrastructure,Nominal interest rate (R<sub>t</sub>),0.033
21,No public infrastructure,Nominal interest rate (R<sub>t</sub>),0.032
22,No public infrastructure,Nominal interest rate (R<sub>t</sub>),0.031
23,No public infrastructure,Nominal interest rate (R<sub>t</sub>),0.03
24,No public infrastructure,Nominal interest rate (R<sub>t</sub>),0.029
25,No public infrastructure,Nominal interest rate (R<sub>t</sub>),0.028
26,No public infrastructure,Nominal interest rate (R<sub>t</sub>),0.027
27,No public infrastructure,Nominal interest rate (R<sub>t</sub>),0.026
28,No public infrastructure,Nominal interest rate (R<sub>t</sub>),0.025
29,No public infrastructure,Nominal interest rate (R<sub>t</sub>),0.024
30,No public infrastructure,Nominal interest rate (R<sub>t</sub>),0.023
31,No public infrastructure,Nominal interest rate (R<sub>t</sub>),0.022
32,No public infrastructure,Nominal interest rate (R<sub>t</sub>),0.022
33,No public infrastructure,Nominal interest rate (R<sub>t</sub>),0.021
34,No public infrastructure,Nominal interest rate (R<sub>t</sub>),0.02
35,No public infrastructure,Nominal interest rate (R<sub>t</sub>),0.019
36,No public infrastructure,Nominal interest rate (R<sub>t</sub>),0.019
37,No public infrastructure,Nominal interest rate (R<sub>t</sub>),0.018
38,No public infrastructure,Nominal interest rate (R<sub>t</sub>),0.017
39,No public infrastructure,Nominal interest rate (R<sub>t</sub>),0.017
40,No public infrastructure,Nominal interest rate (R<sub>t</sub>),0.016
41,No public infrastructure,Nominal interest rate (R<sub>t</sub>),0.016
42,No public infrastructure,Nominal interest rate (R<sub>t</sub>),0.015
43,No public infrastructure,Nominal interest rate (R<sub>t</sub>),0.014
44,No public infrastructure,Nominal interest rate (R<sub>t</sub>),0.014
45,No public infrastructure,Nominal interest rate (R<sub>t</sub>),0.013
46,No public infrastructure,Nominal interest rate (R<sub>t</sub>),0.013
47,No public infrastructure,Nominal interest rate (R<sub>t</sub>),0.013
48,No public infrastructure,Nominal interest rate (R<sub>t</sub>),0.012
49,No public infrastructure,Nominal interest rate (R<sub>t</sub>),0.012
50,No public infrastructure,Nominal interest rate (R<sub>t</sub>),0.011
51,No public infrastructure,Nominal interest rate (R<sub>t</sub>),0.011
52,No public infrastructure,Nominal interest rate (R<sub>t</sub>),0.01
53,No public infrastructure,Nominal interest rate (R<sub>t</sub>),0.01
54,No public infrastructure,Nominal interest rate (R<sub>t</sub>),0.01
55,No public infrastructure,Nominal interest rate (R<sub>t</sub>),0.009
56,No public infrastructure,Nominal interest rate (R<sub>t</sub>),0.009
57,No public infrastructure,Nominal interest rate (R<sub>t</sub>),0.009
58,No public infrastructure,Nominal interest rate (R<sub>t</sub>),0.008
59,No public infrastructure,Nominal interest rate (R<sub>t</sub>),0.008
60,No public infrastructure,Nominal interest rate (R<sub>t</sub>),0.008
61,No public infrastructure,Nominal interest rate (R<sub>t</sub>),0.008
62,No public infrastructure,Nominal interest rate (R<sub>t</sub>),0.007
63,No public infrastructure,Nominal interest rate (R<sub>t</sub>),0.007
64,No public infrastructure,Nominal interest rate (R<sub>t</sub>),0.007
65,No public infrastructure,Nominal interest rate (R<sub>t</sub>),0.007
66,No public infrastructure,Nominal interest rate (R<sub>t</sub>),0.006
67,No public infrastructure,Nominal interest rate (R<sub>t</sub>),0.006
68,No public infrastructure,Nominal interest rate (R<sub>t</sub>),0.006
69,No public infrastructure,Nominal interest rate (R<sub>t</sub>),0.006
70,No public infrastructure,Nominal interest rate (R<sub>t</sub>),0.005
71,No public infrastructure,Nominal interest rate (R<sub>t</sub>),0.005
72,No public infrastructure,Nominal interest rate (R<sub>t</sub>),0.005
73,No public infrastructure,Nominal interest rate (R<sub>t</sub>),0.005
74,No public infrastructure,Nominal interest rate (R<sub>t</sub>),0.005
75,No public infrastructure,Nominal interest rate (R<sub>t</sub>),0.005
76,No public infrastructure,Nominal interest rate (R<sub>t</sub>),0.004
77,No public infrastructure,Nominal interest rate (R<sub>t</sub>),0.004
78,No public infrastructure,Nominal interest rate (R<sub>t</sub>),0.004
79,No public infrastructure,Nominal interest rate (R<sub>t</sub>),0.004
80,No public infrastructure,Nominal interest rate (R<sub>t</sub>),0.004
81,No public infrastructure,Nominal interest rate (R<sub>t</sub>),0.004
82,No public infrastructure,Nominal interest rate (R<sub>t</sub>),0.004
83,No public infrastructure,Nominal interest rate (R<sub>t</sub>),0.003
84,No public infrastructure,Nominal interest rate (R<sub>t</sub>),0.003
85,No public infrastructure,Nominal interest rate (R<sub>t</sub>),0.003
86,No public infrastructure,Nominal interest rate (R<sub>t</sub>),0.003
87,No public infrastructure,Nominal interest rate (R<sub>t</sub>),0.003
88,No public infrastructure,Nominal interest rate (R<sub>t</sub>),0.003
89,No public infrastructure,Nominal interest rate (R<sub>t</sub>),0.003
90,No public infrastructure,Nominal interest rate (R<sub>t</sub>),0.003
91,No public infrastructure,Nominal interest rate (R<sub>t</sub>),0.003
92,No public infrastructure,Nominal interest rate (R<sub>t</sub>),0.002
93,No public infrastructure,Nominal interest rate (R<sub>t</sub>),0.002
94,No public infrastructure,Nominal interest rate (R<sub>t</sub>),0.002
95,No public infrastructure,Nominal interest rate (R<sub>t</sub>),0.002
96,No public infrastructure,Nominal interest rate (R<sub>t</sub>),0.002
97,No public infrastructure,Nominal interest rate (R<sub>t</sub>),0.002
98,No public infrastructure,Nominal interest rate (R<sub>t</sub>),0.002
99,No public infrastructure,Nominal interest rate (R<sub>t</sub>),0.002
100,No public infrastructure,Nominal interest rate (R<sub>t</sub>),0.002
1,No private capital,Nominal interest rate (R<sub>t</sub>),0.0
2,No private capital,Nominal interest rate (R<sub>t</sub>),-0.0
3,No private capital,Nominal interest rate (R<sub>t</sub>),-0.0
4,No private capital,Nominal interest rate (R<sub>t</sub>),-0.0
5,No private capital,Nominal interest rate (R<sub>t</sub>),-0.0
6,No private capital,Nominal interest rate (R<sub>t</sub>),-0.0
7,No private capital,Nominal interest rate (R<sub>t</sub>),-0.0
8,No private capital,Nominal interest rate (R<sub>t</sub>),-0.0
9,No private capital,Nominal interest rate (R<sub>t</sub>),-0.0
10,No private capital,Nominal interest rate (R<sub>t</sub>),-0.0
11,No private capital,Nominal interest rate (R<sub>t</sub>),-0.0
12,No private capital,Nominal interest rate (R<sub>t</sub>),-0.0
13,No private capital,Nominal interest rate (R<sub>t</sub>),-0.0
14,No private capital,Nominal interest rate (R<sub>t</sub>),-0.0
15,No private capital,Nominal interest rate (R<sub>t</sub>),-0.0
16,No private capital,Nominal interest rate (R<sub>t</sub>),-0.0
17,No private capital,Nominal interest rate (R<sub>t</sub>),-0.0
18,No private capital,Nominal interest rate (R<sub>t</sub>),-0.0
19,No private capital,Nominal interest rate (R<sub>t</sub>),-0.0
20,No private capital,Nominal interest rate (R<sub>t</sub>),-0.0
21,No private capital,Nominal interest rate (R<sub>t</sub>),-0.0
22,No private capital,Nominal interest rate (R<sub>t</sub>),-0.0
23,No private capital,Nominal interest rate (R<sub>t</sub>),-0.0
24,No private capital,Nominal interest rate (R<sub>t</sub>),-0.0
25,No private capital,Nominal interest rate (R<sub>t</sub>),-0.0
26,No private capital,Nominal interest rate (R<sub>t</sub>),-0.0
27,No private capital,Nominal interest rate (R<sub>t</sub>),-0.0
28,No private capital,Nominal interest rate (R<sub>t</sub>),-0.0
29,No private capital,Nominal interest rate (R<sub>t</sub>),-0.0
30,No private capital,Nominal interest rate (R<sub>t</sub>),-0.0
31,No private capital,Nominal interest rate (R<sub>t</sub>),-0.0
32,No private capital,Nominal interest rate (R<sub>t</sub>),-0.0
33,No private capital,Nominal interest rate (R<sub>t</sub>),-0.0
34,No private capital,Nominal interest rate (R<sub>t</sub>),-0.0
35,No private capital,Nominal interest rate (R<sub>t</sub>),-0.0
36,No private capital,Nominal interest rate (R<sub>t</sub>),-0.0
37,No private capital,Nominal interest rate (R<sub>t</sub>),-0.0
38,No private capital,Nominal interest rate (R<sub>t</sub>),-0.0
39,No private capital,Nominal interest rate (R<sub>t</sub>),-0.0
40,No private capital,Nominal interest rate (R<sub>t</sub>),-0.0
41,No private capital,Nominal interest rate (R<sub>t</sub>),-0.0
42,No private capital,Nominal interest rate (R<sub>t</sub>),-0.0
43,No private capital,Nominal interest rate (R<sub>t</sub>),-0.0
44,No private capital,Nominal interest rate (R<sub>t</sub>),-0.0
45,No private capital,Nominal interest rate (R<sub>t</sub>),-0.0
46,No private capital,Nominal interest rate (R<sub>t</sub>),-0.0
47,No private capital,Nominal interest rate (R<sub>t</sub>),-0.0
48,No private capital,Nominal interest rate (R<sub>t</sub>),-0.0
49,No private capital,Nominal interest rate (R<sub>t</sub>),-0.0
50,No private capital,Nominal interest rate (R<sub>t</sub>),-0.0
51,No private capital,Nominal interest rate (R<sub>t</sub>),-0.0
52,No private capital,Nominal interest rate (R<sub>t</sub>),-0.0
53,No private capital,Nominal interest rate (R<sub>t</sub>),-0.0
54,No private capital,Nominal interest rate (R<sub>t</sub>),-0.0
55,No private capital,Nominal interest rate (R<sub>t</sub>),-0.0
56,No private capital,Nominal interest rate (R<sub>t</sub>),-0.0
57,No private capital,Nominal interest rate (R<sub>t</sub>),-0.0
58,No private capital,Nominal interest rate (R<sub>t</sub>),-0.0
59,No private capital,Nominal interest rate (R<sub>t</sub>),-0.0
60,No private capital,Nominal interest rate (R<sub>t</sub>),-0.0
61,No private capital,Nominal interest rate (R<sub>t</sub>),-0.0
62,No private capital,Nominal interest rate (R<sub>t</sub>),-0.0
63,No private capital,Nominal interest rate (R<sub>t</sub>),-0.0
64,No private capital,Nominal interest rate (R<sub>t</sub>),-0.0
65,No private capital,Nominal interest rate (R<sub>t</sub>),-0.0
66,No private capital,Nominal interest rate (R<sub>t</sub>),-0.0
67,No private capital,Nominal interest rate (R<sub>t</sub>),-0.0
68,No private capital,Nominal interest rate (R<sub>t</sub>),-0.0
69,No private capital,Nominal interest rate (R<sub>t</sub>),-0.0
70,No private capital,Nominal interest rate (R<sub>t</sub>),-0.0
71,No private capital,Nominal interest rate (R<sub>t</sub>),-0.0
72,No private capital,Nominal interest rate (R<sub>t</sub>),-0.0
73,No private capital,Nominal interest rate (R<sub>t</sub>),-0.0
74,No private capital,Nominal interest rate (R<sub>t</sub>),-0.0
75,No private capital,Nominal interest rate (R<sub>t</sub>),-0.0
76,No private capital,Nominal interest rate (R<sub>t</sub>),-0.0
77,No private capital,Nominal interest rate (R<sub>t</sub>),-0.0
78,No private capital,Nominal interest rate (R<sub>t</sub>),-0.0
79,No private capital,Nominal interest rate (R<sub>t</sub>),-0.0
80,No private capital,Nominal interest rate (R<sub>t</sub>),-0.0
81,No private capital,Nominal interest rate (R<sub>t</sub>),-0.0
82,No private capital,Nominal interest rate (R<sub>t</sub>),-0.0
83,No private capital,Nominal interest rate (R<sub>t</sub>),-0.0
84,No private capital,Nominal interest rate (R<sub>t</sub>),-0.0
85,No private capital,Nominal interest rate (R<sub>t</sub>),-0.0
86,No private capital,Nominal interest rate (R<sub>t</sub>),-0.0
87,No private capital,Nominal interest rate (R<sub>t</sub>),-0.0
88,No private capital,Nominal interest rate (R<sub>t</sub>),-0.0
89,No private capital,Nominal interest rate (R<sub>t</sub>),-0.0
90,No private capital,Nominal interest rate (R<sub>t</sub>),-0.0
91,No private capital,Nominal interest rate (R<sub>t</sub>),-0.0
92,No private capital,Nominal interest rate (R<sub>t</sub>),-0.0
93,No private capital,Nominal interest rate (R<sub>t</sub>),-0.0
94,No private capital,Nominal interest rate (R<sub>t</sub>),-0.0
95,No private capital,Nominal interest rate (R<sub>t</sub>),-0.0
96,No private capital,Nominal interest rate (R<sub>t</sub>),-0.0
97,No private capital,Nominal interest rate (R<sub>t</sub>),-0.0
98,No private capital,Nominal interest rate (R<sub>t</sub>),-0.0
99,No private capital,Nominal interest rate (R<sub>t</sub>),-0.0
100,No private capital,Nominal interest rate (R<sub>t</sub>),-0.0
1,No indexation,Nominal interest rate (R<sub>t</sub>),0.0
2,No indexation,Nominal interest rate (R<sub>t</sub>),0.0
3,No indexation,Nominal interest rate (R<sub>t</sub>),0.0
4,No indexation,Nominal interest rate (R<sub>t</sub>),0.0
5,No indexation,Nominal interest rate (R<sub>t</sub>),0.0
6,No indexation,Nominal interest rate (R<sub>t</sub>),0.0
7,No indexation,Nominal interest rate (R<sub>t</sub>),0.0
8,No indexation,Nominal interest rate (R<sub>t</sub>),0.0
9,No indexation,Nominal interest rate (R<sub>t</sub>),0.0
10,No indexation,Nominal interest rate (R<sub>t</sub>),0.0
11,No indexation,Nominal interest rate (R<sub>t</sub>),0.0
12,No indexation,Nominal interest rate (R<sub>t</sub>),0.0
13,No indexation,Nominal interest rate (R<sub>t</sub>),0.0
14,No indexation,Nominal interest rate (R<sub>t</sub>),0.0
15,No indexation,Nominal interest rate (R<sub>t</sub>),0.0
16,No indexation,Nominal interest rate (R<sub>t</sub>),0.0
17,No indexation,Nominal interest rate (R<sub>t</sub>),0.0
18,No indexation,Nominal interest rate (R<sub>t</sub>),0.0
19,No indexation,Nominal interest rate (R<sub>t</sub>),0.0
20,No indexation,Nominal interest rate (R<sub>t</sub>),0.0
21,No indexation,Nominal interest rate (R<sub>t</sub>),0.0
22,No indexation,Nominal interest rate (R<sub>t</sub>),0.0
23,No indexation,Nominal interest rate (R<sub>t</sub>),0.0
24,No indexation,Nominal interest rate (R<sub>t</sub>),0.0
25,No indexation,Nominal interest rate (R<sub>t</sub>),0.0
26,No indexation,Nominal interest rate (R<sub>t</sub>),0.0
27,No indexation,Nominal interest rate (R<sub>t</sub>),0.0
28,No indexation,Nominal interest rate (R<sub>t</sub>),0.0
29,No indexation,Nominal interest rate (R<sub>t</sub>),0.0
30,No indexation,Nominal interest rate (R<sub>t</sub>),0.0
31,No indexation,Nominal interest rate (R<sub>t</sub>),0.0
32,No indexation,Nominal interest rate (R<sub>t</sub>),0.0
33,No indexation,Nominal interest rate (R<sub>t</sub>),0.0
34,No indexation,Nominal interest rate (R<sub>t</sub>),0.0
35,No indexation,Nominal interest rate (R<sub>t</sub>),0.0
36,No indexation,Nominal interest rate (R<sub>t</sub>),0.0
37,No indexation,Nominal interest rate (R<sub>t</sub>),0.0
38,No indexation,Nominal interest rate (R<sub>t</sub>),0.0
39,No indexation,Nominal interest rate (R<sub>t</sub>),0.0
40,No indexation,Nominal interest rate (R<sub>t</sub>),0.0
41,No indexation,Nominal interest rate (R<sub>t</sub>),0.0
42,No indexation,Nominal interest rate (R<sub>t</sub>),0.0
43,No indexation,Nominal interest rate (R<sub>t</sub>),0.0
44,No indexation,Nominal interest rate (R<sub>t</sub>),0.0
45,No indexation,Nominal interest rate (R<sub>t</sub>),0.0
46,No indexation,Nominal interest rate (R<sub>t</sub>),0.0
47,No indexation,Nominal interest rate (R<sub>t</sub>),0.0
48,No indexation,Nominal interest rate (R<sub>t</sub>),0.0
49,No indexation,Nominal interest rate (R<sub>t</sub>),0.0
50,No indexation,Nominal interest rate (R<sub>t</sub>),0.0
51,No indexation,Nominal interest rate (R<sub>t</sub>),0.0
52,No indexation,Nominal interest rate (R<sub>t</sub>),0.0
53,No indexation,Nominal interest rate (R<sub>t</sub>),0.0
54,No indexation,Nominal interest rate (R<sub>t</sub>),0.0
55,No indexation,Nominal interest rate (R<sub>t</sub>),0.0
56,No indexation,Nominal interest rate (R<sub>t</sub>),0.0
57,No indexation,Nominal interest rate (R<sub>t</sub>),0.0
58,No indexation,Nominal interest rate (R<sub>t</sub>),0.0
59,No indexation,Nominal interest rate (R<sub>t</sub>),0.0
60,No indexation,Nominal interest rate (R<sub>t</sub>),0.0
61,No indexation,Nominal interest rate (R<sub>t</sub>),0.0
62,No indexation,Nominal interest rate (R<sub>t</sub>),0.0
63,No indexation,Nominal interest rate (R<sub>t</sub>),0.0
64,No indexation,Nominal interest rate (R<sub>t</sub>),0.0
65,No indexation,Nominal interest rate (R<sub>t</sub>),0.0
66,No indexation,Nominal interest rate (R<sub>t</sub>),0.0
67,No indexation,Nominal interest rate (R<sub>t</sub>),0.0
68,No indexation,Nominal interest rate (R<sub>t</sub>),0.0
69,No indexation,Nominal interest rate (R<sub>t</sub>),0.0
70,No indexation,Nominal interest rate (R<sub>t</sub>),0.0
71,No indexation,Nominal interest rate (R<sub>t</sub>),0.0
72,No indexation,Nominal interest rate (R<sub>t</sub>),0.0
73,No indexation,Nominal interest rate (R<sub>t</sub>),0.0
74,No indexation,Nominal interest rate (R<sub>t</sub>),0.0
75,No indexation,Nominal interest rate (R<sub>t</sub>),0.0
76,No indexation,Nominal interest rate (R<sub>t</sub>),0.0
77,No indexation,Nominal interest rate (R<sub>t</sub>),0.0
78,No indexation,Nominal interest rate (R<sub>t</sub>),0.0
79,No indexation,Nominal interest rate (R<sub>t</sub>),0.0
80,No indexation,Nominal interest rate (R<sub>t</sub>),0.0
81,No indexation,Nominal interest rate (R<sub>t</sub>),0.0
82,No indexation,Nominal interest rate (R<sub>t</sub>),0.0
83,No indexation,Nominal interest rate (R<sub>t</sub>),0.0
84,No indexation,Nominal interest rate (R<sub>t</sub>),0.0
85,No indexation,Nominal interest rate (R<sub>t</sub>),0.0
86,No indexation,Nominal interest rate (R<sub>t</sub>),0.0
87,No indexation,Nominal interest rate (R<sub>t</sub>),0.0
88,No indexation,Nominal interest rate (R<sub>t</sub>),0.0
89,No indexation,Nominal interest rate (R<sub>t</sub>),0.0
90,No indexation,Nominal interest rate (R<sub>t</sub>),0.0
91,No indexation,Nominal interest rate (R<sub>t</sub>),0.0
92,No indexation,Nominal interest rate (R<sub>t</sub>),0.0
93,No indexation,Nominal interest rate (R<sub>t</sub>),0.0
94,No indexation,Nominal interest rate (R<sub>t</sub>),0.0
95,No indexation,Nominal interest rate (R<sub>t</sub>),0.0
96,No indexation,Nominal interest rate (R<sub>t</sub>),0.0
97,No indexation,Nominal interest rate (R<sub>t</sub>),0.0
98,No indexation,Nominal interest rate (R<sub>t</sub>),0.0
99,No indexation,Nominal interest rate (R<sub>t</sub>),0.0
100,No indexation,Nominal interest rate (R<sub>t</sub>),0.0
1,No trend growth,Nominal interest rate (R<sub>t</sub>),0.0
2,No trend growth,Nominal interest rate (R<sub>t</sub>),0.0
3,No trend growth,Nominal interest rate (R<sub>t</sub>),-0.0
4,No trend growth,Nominal interest rate (R<sub>t</sub>),-0.0
5,No trend growth,Nominal interest rate (R<sub>t</sub>),-0.0
6,No trend growth,Nominal interest rate (R<sub>t</sub>),-0.0
7,No trend growth,Nominal interest rate (R<sub>t</sub>),-0.0
8,No trend growth,Nominal interest rate (R<sub>t</sub>),-0.0
9,No trend growth,Nominal interest rate (R<sub>t</sub>),0.0
10,No trend growth,Nominal interest rate (R<sub>t</sub>),0.0
11,No trend growth,Nominal interest rate (R<sub>t</sub>),0.0
12,No trend growth,Nominal interest rate (R<sub>t</sub>),0.0
13,No trend growth,Nominal interest rate (R<sub>t</sub>),0.0
14,No trend growth,Nominal interest rate (R<sub>t</sub>),0.0
15,No trend growth,Nominal interest rate (R<sub>t</sub>),0.0
16,No trend growth,Nominal interest rate (R<sub>t</sub>),0.0
17,No trend growth,Nominal interest rate (R<sub>t</sub>),0.0
18,No trend growth,Nominal interest rate (R<sub>t</sub>),0.0
19,No trend growth,Nominal interest rate (R<sub>t</sub>),0.0
20,No trend growth,Nominal interest rate (R<sub>t</sub>),0.0
21,No trend growth,Nominal interest rate (R<sub>t</sub>),0.0
22,No trend growth,Nominal interest rate (R<sub>t</sub>),0.0
23,No trend growth,Nominal interest rate (R<sub>t</sub>),0.0
24,No trend growth,Nominal interest rate (R<sub>t</sub>),0.0
25,No trend growth,Nominal interest rate (R<sub>t</sub>),0.0
26,No trend growth,Nominal interest rate (R<sub>t</sub>),0.0
27,No trend growth,Nominal interest rate (R<sub>t</sub>),0.0
28,No trend growth,Nominal interest rate (R<sub>t</sub>),0.0
29,No trend growth,Nominal interest rate (R<sub>t</sub>),0.0
30,No trend growth,Nominal interest rate (R<sub>t</sub>),0.0
31,No trend growth,Nominal interest rate (R<sub>t</sub>),0.0
32,No trend growth,Nominal interest rate (R<sub>t</sub>),0.0
33,No trend growth,Nominal interest rate (R<sub>t</sub>),0.0
34,No trend growth,Nominal interest rate (R<sub>t</sub>),0.0
35,No trend growth,Nominal interest rate (R<sub>t</sub>),0.0
36,No trend growth,Nominal interest rate (R<sub>t</sub>),0.0
37,No trend growth,Nominal interest rate (R<sub>t</sub>),0.0
38,No trend growth,Nominal interest rate (R<sub>t</sub>),0.0
39,No trend growth,Nominal interest rate (R<sub>t</sub>),0.0
40,No trend growth,Nominal interest rate (R<sub>t</sub>),-0.0
41,No trend growth,Nominal interest rate (R<sub>t</sub>),-0.0
42,No trend growth,Nominal interest rate (R<sub>t</sub>),-0.0
43,No trend growth,Nominal interest rate (R<sub>t</sub>),-0.0
44,No trend growth,Nominal interest rate (R<sub>t</sub>),-0.0
45,No trend growth,Nominal interest rate (R<sub>t</sub>),-0.0
46,No trend growth,Nominal interest rate (R<sub>t</sub>),-0.0
47,No trend growth,Nominal interest rate (R<sub>t</sub>),-0.0
48,No trend growth,Nominal interest rate (R<sub>t</sub>),0.0
49,No trend growth,Nominal interest rate (R<sub>t</sub>),0.0
50,No trend growth,Nominal interest rate (R<sub>t</sub>),0.0
51,No trend growth,Nominal interest rate (R<sub>t</sub>),0.0
52,No trend growth,Nominal interest rate (R<sub>t</sub>),0.0
53,No trend growth,Nominal interest rate (R<sub>t</sub>),0.0
54,No trend growth,Nominal interest rate (R<sub>t</sub>),0.0
55,No trend growth,Nominal interest rate (R<sub>t</sub>),0.0
56,No trend growth,Nominal interest rate (R<sub>t</sub>),0.0
57,No trend growth,Nominal interest rate (R<sub>t</sub>),0.0
58,No trend growth,Nominal interest rate (R<sub>t</sub>),0.0
59,No trend growth,Nominal interest rate (R<sub>t</sub>),0.0
60,No trend growth,Nominal interest rate (R<sub>t</sub>),0.0
61,No trend growth,Nominal interest rate (R<sub>t</sub>),0.0
62,No trend growth,Nominal interest rate (R<sub>t</sub>),0.0
63,No trend growth,Nominal interest rate (R<sub>t</sub>),0.0
64,No trend growth,Nominal interest rate (R<sub>t</sub>),0.0
65,No trend growth,Nominal interest rate (R<sub>t</sub>),0.0
66,No trend growth,Nominal interest rate (R<sub>t</sub>),0.0
67,No trend growth,Nominal interest rate (R<sub>t</sub>),0.0
68,No trend growth,Nominal interest rate (R<sub>t</sub>),0.0
69,No trend growth,Nominal interest rate (R<sub>t</sub>),0.0
70,No trend growth,Nominal interest rate (R<sub>t</sub>),0.0
71,No trend growth,Nominal interest rate (R<sub>t</sub>),0.0
72,No trend growth,Nominal interest rate (R<sub>t</sub>),0.0
73,No trend growth,Nominal interest rate (R<sub>t</sub>),0.0
74,No trend growth,Nominal interest rate (R<sub>t</sub>),0.0
75,No trend growth,Nominal interest rate (R<sub>t</sub>),0.0
76,No trend growth,Nominal interest rate (R<sub>t</sub>),0.0
77,No trend growth,Nominal interest rate (R<sub>t</sub>),0.0
78,No trend growth,Nominal interest rate (R<sub>t</sub>),0.0
79,No trend growth,Nominal interest rate (R<sub>t</sub>),0.0
80,No trend growth,Nominal interest rate (R<sub>t</sub>),0.0
81,No trend growth,Nominal interest rate (R<sub>t</sub>),0.0
82,No trend growth,Nominal interest rate (R<sub>t</sub>),0.0
83,No trend growth,Nominal interest rate (R<sub>t</sub>),0.0
84,No trend growth,Nominal interest rate (R<sub>t</sub>),0.0
85,No trend growth,Nominal interest rate (R<sub>t</sub>),0.0
86,No trend growth,Nominal interest rate (R<sub>t</sub>),0.0
87,No trend growth,Nominal interest rate (R<sub>t</sub>),0.0
88,No trend growth,Nominal interest rate (R<sub>t</sub>),0.0
89,No trend growth,Nominal interest rate (R<sub>t</sub>),0.0
90,No trend growth,Nominal interest rate (R<sub>t</sub>),0.0
91,No trend growth,Nominal interest rate (R<sub>t</sub>),0.0
92,No trend growth,Nominal interest rate (R<sub>t</sub>),0.0
93,No trend growth,Nominal interest rate (R<sub>t</sub>),0.0
94,No trend growth,Nominal interest rate (R<sub>t</sub>),0.0
95,No trend growth,Nominal interest rate (R<sub>t</sub>),0.0
96,No trend growth,Nominal interest rate (R<sub>t</sub>),0.0
97,No trend growth,Nominal interest rate (R<sub>t</sub>),0.0
98,No trend growth,Nominal interest rate (R<sub>t</sub>),0.0
99,No trend growth,Nominal interest rate (R<sub>t</sub>),0.0
100,No trend growth,Nominal interest rate (R<sub>t</sub>),0.0
1,Derived canonical NK,Nominal interest rate (R<sub>t</sub>),-0.0
2,Derived canonical NK,Nominal interest rate (R<sub>t</sub>),-0.0
3,Derived canonical NK,Nominal interest rate (R<sub>t</sub>),-0.0
4,Derived canonical NK,Nominal interest rate (R<sub>t</sub>),-0.0
5,Derived canonical NK,Nominal interest rate (R<sub>t</sub>),-0.0
6,Derived canonical NK,Nominal interest rate (R<sub>t</sub>),-0.0
7,Derived canonical NK,Nominal interest rate (R<sub>t</sub>),-0.0
8,Derived canonical NK,Nominal interest rate (R<sub>t</sub>),-0.0
9,Derived canonical NK,Nominal interest rate (R<sub>t</sub>),-0.0
10,Derived canonical NK,Nominal interest rate (R<sub>t</sub>),-0.0
11,Derived canonical NK,Nominal interest rate (R<sub>t</sub>),-0.0
12,Derived canonical NK,Nominal interest rate (R<sub>t</sub>),-0.0
13,Derived canonical NK,Nominal interest rate (R<sub>t</sub>),-0.0
14,Derived canonical NK,Nominal interest rate (R<sub>t</sub>),-0.0
15,Derived canonical NK,Nominal interest rate (R<sub>t</sub>),-0.0
16,Derived canonical NK,Nominal interest rate (R<sub>t</sub>),-0.0
17,Derived canonical NK,Nominal interest rate (R<sub>t</sub>),-0.0
18,Derived canonical NK,Nominal interest rate (R<sub>t</sub>),-0.0
19,Derived canonical NK,Nominal interest rate (R<sub>t</sub>),-0.0
20,Derived canonical NK,Nominal interest rate (R<sub>t</sub>),-0.0
21,Derived canonical NK,Nominal interest rate (R<sub>t</sub>),-0.0
22,Derived canonical NK,Nominal interest rate (R<sub>t</sub>),-0.0
23,Derived canonical NK,Nominal interest rate (R<sub>t</sub>),-0.0
24,Derived canonical NK,Nominal interest rate (R<sub>t</sub>),-0.0
25,Derived canonical NK,Nominal interest rate (R<sub>t</sub>),-0.0
26,Derived canonical NK,Nominal interest rate (R<sub>t</sub>),-0.0
27,Derived canonical NK,Nominal interest rate (R<sub>t</sub>),-0.0
28,Derived canonical NK,Nominal interest rate (R<sub>t</sub>),-0.0
29,Derived canonical NK,Nominal interest rate (R<sub>t</sub>),-0.0
30,Derived canonical NK,Nominal interest rate (R<sub>t</sub>),-0.0
31,Derived canonical NK,Nominal interest rate (R<sub>t</sub>),-0.0
32,Derived canonical NK,Nominal interest rate (R<sub>t</sub>),-0.0
33,Derived canonical NK,Nominal interest rate (R<sub>t</sub>),-0.0
34,Derived canonical NK,Nominal interest rate (R<sub>t</sub>),-0.0
35,Derived canonical NK,Nominal interest rate (R<sub>t</sub>),-0.0
36,Derived canonical NK,Nominal interest rate (R<sub>t</sub>),-0.0
37,Derived canonical NK,Nominal interest rate (R<sub>t</sub>),-0.0
38,Derived canonical NK,Nominal interest rate (R<sub>t</sub>),-0.0
39,Derived canonical NK,Nominal interest rate (R<sub>t</sub>),-0.0
40,Derived canonical NK,Nominal interest rate (R<sub>t</sub>),-0.0
41,Derived canonical NK,Nominal interest rate (R<sub>t</sub>),-0.0
42,Derived canonical NK,Nominal interest rate (R<sub>t</sub>),-0.0
43,Derived canonical NK,Nominal interest rate (R<sub>t</sub>),-0.0
44,Derived canonical NK,Nominal interest rate (R<sub>t</sub>),-0.0
45,Derived canonical NK,Nominal interest rate (R<sub>t</sub>),-0.0
46,Derived canonical NK,Nominal interest rate (R<sub>t</sub>),-0.0
47,Derived canonical NK,Nominal interest rate (R<sub>t</sub>),-0.0
48,Derived canonical NK,Nominal interest rate (R<sub>t</sub>),-0.0
49,Derived canonical NK,Nominal interest rate (R<sub>t</sub>),-0.0
50,Derived canonical NK,Nominal interest rate (R<sub>t</sub>),-0.0
51,Derived canonical NK,Nominal interest rate (R<sub>t</sub>),-0.0
52,Derived canonical NK,Nominal interest rate (R<sub>t</sub>),-0.0
53,Derived canonical NK,Nominal interest rate (R<sub>t</sub>),-0.0
54,Derived canonical NK,Nominal interest rate (R<sub>t</sub>),-0.0
55,Derived canonical NK,Nominal interest rate (R<sub>t</sub>),-0.0
56,Derived canonical NK,Nominal interest rate (R<sub>t</sub>),-0.0
57,Derived canonical NK,Nominal interest rate (R<sub>t</sub>),-0.0
58,Derived canonical NK,Nominal interest rate (R<sub>t</sub>),-0.0
59,Derived canonical NK,Nominal interest rate (R<sub>t</sub>),-0.0
60,Derived canonical NK,Nominal interest rate (R<sub>t</sub>),-0.0
61,Derived canonical NK,Nominal interest rate (R<sub>t</sub>),-0.0
62,Derived canonical NK,Nominal interest rate (R<sub>t</sub>),-0.0
63,Derived canonical NK,Nominal interest rate (R<sub>t</sub>),-0.0
64,Derived canonical NK,Nominal interest rate (R<sub>t</sub>),-0.0
65,Derived canonical NK,Nominal interest rate (R<sub>t</sub>),-0.0
66,Derived canonical NK,Nominal interest rate (R<sub>t</sub>),-0.0
67,Derived canonical NK,Nominal interest rate (R<sub>t</sub>),-0.0
68,Derived canonical NK,Nominal interest rate (R<sub>t</sub>),-0.0
69,Derived canonical NK,Nominal interest rate (R<sub>t</sub>),-0.0
70,Derived canonical NK,Nominal interest rate (R<sub>t</sub>),-0.0
71,Derived canonical NK,Nominal interest rate (R<sub>t</sub>),-0.0
72,Derived canonical NK,Nominal interest rate (R<sub>t</sub>),-0.0
73,Derived canonical NK,Nominal interest rate (R<sub>t</sub>),-0.0
74,Derived canonical NK,Nominal interest rate (R<sub>t</sub>),-0.0
75,Derived canonical NK,Nominal interest rate (R<sub>t</sub>),-0.0
76,Derived canonical NK,Nominal interest rate (R<sub>t</sub>),-0.0
77,Derived canonical NK,Nominal interest rate (R<sub>t</sub>),-0.0
78,Derived canonical NK,Nominal interest rate (R<sub>t</sub>),-0.0
79,Derived canonical NK,Nominal interest rate (R<sub>t</sub>),-0.0
80,Derived canonical NK,Nominal interest rate (R<sub>t</sub>),-0.0
81,Derived canonical NK,Nominal interest rate (R<sub>t</sub>),-0.0
82,Derived canonical NK,Nominal interest rate (R<sub>t</sub>),-0.0
83,Derived canonical NK,Nominal interest rate (R<sub>t</sub>),-0.0
84,Derived canonical NK,Nominal interest rate (R<sub>t</sub>),-0.0
85,Derived canonical NK,Nominal interest rate (R<sub>t</sub>),-0.0
86,Derived canonical NK,Nominal interest rate (R<sub>t</sub>),-0.0
87,Derived canonical NK,Nominal interest rate (R<sub>t</sub>),-0.0
88,Derived canonical NK,Nominal interest rate (R<sub>t</sub>),-0.0
89,Derived canonical NK,Nominal interest rate (R<sub>t</sub>),-0.0
90,Derived canonical NK,Nominal interest rate (R<sub>t</sub>),-0.0
91,Derived canonical NK,Nominal interest rate (R<sub>t</sub>),-0.0
92,Derived canonical NK,Nominal interest rate (R<sub>t</sub>),-0.0
93,Derived canonical NK,Nominal interest rate (R<sub>t</sub>),-0.0
94,Derived canonical NK,Nominal interest rate (R<sub>t</sub>),-0.0
95,Derived canonical NK,Nominal interest rate (R<sub>t</sub>),-0.0
96,Derived canonical NK,Nominal interest rate (R<sub>t</sub>),-0.0
97,Derived canonical NK,Nominal interest rate (R<sub>t</sub>),-0.0
98,Derived canonical NK,Nominal interest rate (R<sub>t</sub>),-0.0
99,Derived canonical NK,Nominal interest rate (R<sub>t</sub>),-0.0
100,Derived canonical NK,Nominal interest rate (R<sub>t</sub>),-0.0
1,Canonical NK control,Nominal interest rate (R<sub>t</sub>),-0.0
2,Canonical NK control,Nominal interest rate (R<sub>t</sub>),-0.0
3,Canonical NK control,Nominal interest rate (R<sub>t</sub>),-0.0
4,Canonical NK control,Nominal interest rate (R<sub>t</sub>),-0.0
5,Canonical NK control,Nominal interest rate (R<sub>t</sub>),-0.0
6,Canonical NK control,Nominal interest rate (R<sub>t</sub>),-0.0
7,Canonical NK control,Nominal interest rate (R<sub>t</sub>),-0.0
8,Canonical NK control,Nominal interest rate (R<sub>t</sub>),-0.0
9,Canonical NK control,Nominal interest rate (R<sub>t</sub>),-0.0
10,Canonical NK control,Nominal interest rate (R<sub>t</sub>),-0.0
11,Canonical NK control,Nominal interest rate (R<sub>t</sub>),-0.0
12,Canonical NK control,Nominal interest rate (R<sub>t</sub>),-0.0
13,Canonical NK control,Nominal interest rate (R<sub>t</sub>),-0.0
14,Canonical NK control,Nominal interest rate (R<sub>t</sub>),-0.0
15,Canonical NK control,Nominal interest rate (R<sub>t</sub>),-0.0
16,Canonical NK control,Nominal interest rate (R<sub>t</sub>),-0.0
17,Canonical NK control,Nominal interest rate (R<sub>t</sub>),-0.0
18,Canonical NK control,Nominal interest rate (R<sub>t</sub>),-0.0
19,Canonical NK control,Nominal interest rate (R<sub>t</sub>),-0.0
20,Canonical NK control,Nominal interest rate (R<sub>t</sub>),-0.0
21,Canonical NK control,Nominal interest rate (R<sub>t</sub>),-0.0
22,Canonical NK control,Nominal interest rate (R<sub>t</sub>),-0.0
23,Canonical NK control,Nominal interest rate (R<sub>t</sub>),-0.0
24,Canonical NK control,Nominal interest rate (R<sub>t</sub>),-0.0
25,Canonical NK control,Nominal interest rate (R<sub>t</sub>),-0.0
26,Canonical NK control,Nominal interest rate (R<sub>t</sub>),-0.0
27,Canonical NK control,Nominal interest rate (R<sub>t</sub>),-0.0
28,Canonical NK control,Nominal interest rate (R<sub>t</sub>),-0.0
29,Canonical NK control,Nominal interest rate (R<sub>t</sub>),-0.0
30,Canonical NK control,Nominal interest rate (R<sub>t</sub>),-0.0
31,Canonical NK control,Nominal interest rate (R<sub>t</sub>),-0.0
32,Canonical NK control,Nominal interest rate (R<sub>t</sub>),-0.0
33,Canonical NK control,Nominal interest rate (R<sub>t</sub>),-0.0
34,Canonical NK control,Nominal interest rate (R<sub>t</sub>),-0.0
35,Canonical NK control,Nominal interest rate (R<sub>t</sub>),-0.0
36,Canonical NK control,Nominal interest rate (R<sub>t</sub>),-0.0
37,Canonical NK control,Nominal interest rate (R<sub>t</sub>),-0.0
38,Canonical NK control,Nominal interest rate (R<sub>t</sub>),-0.0
39,Canonical NK control,Nominal interest rate (R<sub>t</sub>),-0.0
40,Canonical NK control,Nominal interest rate (R<sub>t</sub>),-0.0
41,Canonical NK control,Nominal interest rate (R<sub>t</sub>),-0.0
42,Canonical NK control,Nominal interest rate (R<sub>t</sub>),-0.0
43,Canonical NK control,Nominal interest rate (R<sub>t</sub>),-0.0
44,Canonical NK control,Nominal interest rate (R<sub>t</sub>),-0.0
45,Canonical NK control,Nominal interest rate (R<sub>t</sub>),-0.0
46,Canonical NK control,Nominal interest rate (R<sub>t</sub>),-0.0
47,Canonical NK control,Nominal interest rate (R<sub>t</sub>),-0.0
48,Canonical NK control,Nominal interest rate (R<sub>t</sub>),-0.0
49,Canonical NK control,Nominal interest rate (R<sub>t</sub>),-0.0
50,Canonical NK control,Nominal interest rate (R<sub>t</sub>),-0.0
51,Canonical NK control,Nominal interest rate (R<sub>t</sub>),-0.0
52,Canonical NK control,Nominal interest rate (R<sub>t</sub>),-0.0
53,Canonical NK control,Nominal interest rate (R<sub>t</sub>),-0.0
54,Canonical NK control,Nominal interest rate (R<sub>t</sub>),-0.0
55,Canonical NK control,Nominal interest rate (R<sub>t</sub>),-0.0
56,Canonical NK control,Nominal interest rate (R<sub>t</sub>),-0.0
57,Canonical NK control,Nominal interest rate (R<sub>t</sub>),-0.0
58,Canonical NK control,Nominal interest rate (R<sub>t</sub>),-0.0
59,Canonical NK control,Nominal interest rate (R<sub>t</sub>),-0.0
60,Canonical NK control,Nominal interest rate (R<sub>t</sub>),-0.0
61,Canonical NK control,Nominal interest rate (R<sub>t</sub>),-0.0
62,Canonical NK control,Nominal interest rate (R<sub>t</sub>),-0.0
63,Canonical NK control,Nominal interest rate (R<sub>t</sub>),-0.0
64,Canonical NK control,Nominal interest rate (R<sub>t</sub>),-0.0
65,Canonical NK control,Nominal interest rate (R<sub>t</sub>),-0.0
66,Canonical NK control,Nominal interest rate (R<sub>t</sub>),-0.0
67,Canonical NK control,Nominal interest rate (R<sub>t</sub>),-0.0
68,Canonical NK control,Nominal interest rate (R<sub>t</sub>),-0.0
69,Canonical NK control,Nominal interest rate (R<sub>t</sub>),-0.0
70,Canonical NK control,Nominal interest rate (R<sub>t</sub>),-0.0
71,Canonical NK control,Nominal interest rate (R<sub>t</sub>),-0.0
72,Canonical NK control,Nominal interest rate (R<sub>t</sub>),-0.0
73,Canonical NK control,Nominal interest rate (R<sub>t</sub>),-0.0
74,Canonical NK control,Nominal interest rate (R<sub>t</sub>),-0.0
75,Canonical NK control,Nominal interest rate (R<sub>t</sub>),-0.0
76,Canonical NK control,Nominal interest rate (R<sub>t</sub>),-0.0
77,Canonical NK control,Nominal interest rate (R<sub>t</sub>),-0.0
78,Canonical NK control,Nominal interest rate (R<sub>t</sub>),-0.0
79,Canonical NK control,Nominal interest rate (R<sub>t</sub>),-0.0
80,Canonical NK control,Nominal interest rate (R<sub>t</sub>),-0.0
81,Canonical NK control,Nominal interest rate (R<sub>t</sub>),-0.0
82,Canonical NK control,Nominal interest rate (R<sub>t</sub>),-0.0
83,Canonical NK control,Nominal interest rate (R<sub>t</sub>),-0.0
84,Canonical NK control,Nominal interest rate (R<sub>t</sub>),-0.0
85,Canonical NK control,Nominal interest rate (R<sub>t</sub>),-0.0
86,Canonical NK control,Nominal interest rate (R<sub>t</sub>),-0.0
87,Canonical NK control,Nominal interest rate (R<sub>t</sub>),-0.0
88,Canonical NK control,Nominal interest rate (R<sub>t</sub>),-0.0
89,Canonical NK control,Nominal interest rate (R<sub>t</sub>),-0.0
90,Canonical NK control,Nominal interest rate (R<sub>t</sub>),-0.0
91,Canonical NK control,Nominal interest rate (R<sub>t</sub>),-0.0
92,Canonical NK control,Nominal interest rate (R<sub>t</sub>),-0.0
93,Canonical NK control,Nominal interest rate (R<sub>t</sub>),-0.0
94,Canonical NK control,Nominal interest rate (R<sub>t</sub>),-0.0
95,Canonical NK control,Nominal interest rate (R<sub>t</sub>),-0.0
96,Canonical NK control,Nominal interest rate (R<sub>t</sub>),-0.0
97,Canonical NK control,Nominal interest rate (R<sub>t</sub>),-0.0
98,Canonical NK control,Nominal interest rate (R<sub>t</sub>),-0.0
99,Canonical NK control,Nominal interest rate (R<sub>t</sub>),-0.0
100,Canonical NK control,Nominal interest rate (R<sub>t</sub>),-0.0
1,Full model,Real interest rate (R<sub>t</sub>/Π<sub>t</sub>),0.004
2,Full model,Real interest rate (R<sub>t</sub>/Π<sub>t</sub>),0.019
3,Full model,Real interest rate (R<sub>t</sub>/Π<sub>t</sub>),0.024
4,Full model,Real interest rate (R<sub>t</sub>/Π<sub>t</sub>),0.025
5,Full model,Real interest rate (R<sub>t</sub>/Π<sub>t</sub>),0.026
6,Full model,Real interest rate (R<sub>t</sub>/Π<sub>t</sub>),0.026
7,Full model,Real interest rate (R<sub>t</sub>/Π<sub>t</sub>),0.026
8,Full model,Real interest rate (R<sub>t</sub>/Π<sub>t</sub>),0.026
9,Full model,Real interest rate (R<sub>t</sub>/Π<sub>t</sub>),0.026
10,Full model,Real interest rate (R<sub>t</sub>/Π<sub>t</sub>),0.026
11,Full model,Real interest rate (R<sub>t</sub>/Π<sub>t</sub>),0.026
12,Full model,Real interest rate (R<sub>t</sub>/Π<sub>t</sub>),0.026
13,Full model,Real interest rate (R<sub>t</sub>/Π<sub>t</sub>),0.026
14,Full model,Real interest rate (R<sub>t</sub>/Π<sub>t</sub>),0.026
15,Full model,Real interest rate (R<sub>t</sub>/Π<sub>t</sub>),0.026
16,Full model,Real interest rate (R<sub>t</sub>/Π<sub>t</sub>),0.026
17,Full model,Real interest rate (R<sub>t</sub>/Π<sub>t</sub>),0.026
18,Full model,Real interest rate (R<sub>t</sub>/Π<sub>t</sub>),0.026
19,Full model,Real interest rate (R<sub>t</sub>/Π<sub>t</sub>),0.026
20,Full model,Real interest rate (R<sub>t</sub>/Π<sub>t</sub>),0.026
21,Full model,Real interest rate (R<sub>t</sub>/Π<sub>t</sub>),0.026
22,Full model,Real interest rate (R<sub>t</sub>/Π<sub>t</sub>),0.026
23,Full model,Real interest rate (R<sub>t</sub>/Π<sub>t</sub>),0.026
24,Full model,Real interest rate (R<sub>t</sub>/Π<sub>t</sub>),0.025
25,Full model,Real interest rate (R<sub>t</sub>/Π<sub>t</sub>),0.025
26,Full model,Real interest rate (R<sub>t</sub>/Π<sub>t</sub>),0.025
27,Full model,Real interest rate (R<sub>t</sub>/Π<sub>t</sub>),0.025
28,Full model,Real interest rate (R<sub>t</sub>/Π<sub>t</sub>),0.025
29,Full model,Real interest rate (R<sub>t</sub>/Π<sub>t</sub>),0.025
30,Full model,Real interest rate (R<sub>t</sub>/Π<sub>t</sub>),0.025
31,Full model,Real interest rate (R<sub>t</sub>/Π<sub>t</sub>),0.024
32,Full model,Real interest rate (R<sub>t</sub>/Π<sub>t</sub>),0.024
33,Full model,Real interest rate (R<sub>t</sub>/Π<sub>t</sub>),0.024
34,Full model,Real interest rate (R<sub>t</sub>/Π<sub>t</sub>),0.024
35,Full model,Real interest rate (R<sub>t</sub>/Π<sub>t</sub>),0.024
36,Full model,Real interest rate (R<sub>t</sub>/Π<sub>t</sub>),0.024
37,Full model,Real interest rate (R<sub>t</sub>/Π<sub>t</sub>),0.023
38,Full model,Real interest rate (R<sub>t</sub>/Π<sub>t</sub>),0.023
39,Full model,Real interest rate (R<sub>t</sub>/Π<sub>t</sub>),0.023
40,Full model,Real interest rate (R<sub>t</sub>/Π<sub>t</sub>),0.023
41,Full model,Real interest rate (R<sub>t</sub>/Π<sub>t</sub>),0.023
42,Full model,Real interest rate (R<sub>t</sub>/Π<sub>t</sub>),0.023
43,Full model,Real interest rate (R<sub>t</sub>/Π<sub>t</sub>),0.022
44,Full model,Real interest rate (R<sub>t</sub>/Π<sub>t</sub>),0.022
45,Full model,Real interest rate (R<sub>t</sub>/Π<sub>t</sub>),0.022
46,Full model,Real interest rate (R<sub>t</sub>/Π<sub>t</sub>),0.022
47,Full model,Real interest rate (R<sub>t</sub>/Π<sub>t</sub>),0.022
48,Full model,Real interest rate (R<sub>t</sub>/Π<sub>t</sub>),0.021
49,Full model,Real interest rate (R<sub>t</sub>/Π<sub>t</sub>),0.021
50,Full model,Real interest rate (R<sub>t</sub>/Π<sub>t</sub>),0.021
51,Full model,Real interest rate (R<sub>t</sub>/Π<sub>t</sub>),0.021
52,Full model,Real interest rate (R<sub>t</sub>/Π<sub>t</sub>),0.021
53,Full model,Real interest rate (R<sub>t</sub>/Π<sub>t</sub>),0.02
54,Full model,Real interest rate (R<sub>t</sub>/Π<sub>t</sub>),0.02
55,Full model,Real interest rate (R<sub>t</sub>/Π<sub>t</sub>),0.02
56,Full model,Real interest rate (R<sub>t</sub>/Π<sub>t</sub>),0.02
57,Full model,Real interest rate (R<sub>t</sub>/Π<sub>t</sub>),0.02
58,Full model,Real interest rate (R<sub>t</sub>/Π<sub>t</sub>),0.019
59,Full model,Real interest rate (R<sub>t</sub>/Π<sub>t</sub>),0.019
60,Full model,Real interest rate (R<sub>t</sub>/Π<sub>t</sub>),0.019
61,Full model,Real interest rate (R<sub>t</sub>/Π<sub>t</sub>),0.019
62,Full model,Real interest rate (R<sub>t</sub>/Π<sub>t</sub>),0.019
63,Full model,Real interest rate (R<sub>t</sub>/Π<sub>t</sub>),0.018
64,Full model,Real interest rate (R<sub>t</sub>/Π<sub>t</sub>),0.018
65,Full model,Real interest rate (R<sub>t</sub>/Π<sub>t</sub>),0.018
66,Full model,Real interest rate (R<sub>t</sub>/Π<sub>t</sub>),0.018
67,Full model,Real interest rate (R<sub>t</sub>/Π<sub>t</sub>),0.018
68,Full model,Real interest rate (R<sub>t</sub>/Π<sub>t</sub>),0.017
69,Full model,Real interest rate (R<sub>t</sub>/Π<sub>t</sub>),0.017
70,Full model,Real interest rate (R<sub>t</sub>/Π<sub>t</sub>),0.017
71,Full model,Real interest rate (R<sub>t</sub>/Π<sub>t</sub>),0.017
72,Full model,Real interest rate (R<sub>t</sub>/Π<sub>t</sub>),0.017
73,Full model,Real interest rate (R<sub>t</sub>/Π<sub>t</sub>),0.016
74,Full model,Real interest rate (R<sub>t</sub>/Π<sub>t</sub>),0.016
75,Full model,Real interest rate (R<sub>t</sub>/Π<sub>t</sub>),0.016
76,Full model,Real interest rate (R<sub>t</sub>/Π<sub>t</sub>),0.016
77,Full model,Real interest rate (R<sub>t</sub>/Π<sub>t</sub>),0.016
78,Full model,Real interest rate (R<sub>t</sub>/Π<sub>t</sub>),0.016
79,Full model,Real interest rate (R<sub>t</sub>/Π<sub>t</sub>),0.015
80,Full model,Real interest rate (R<sub>t</sub>/Π<sub>t</sub>),0.015
81,Full model,Real interest rate (R<sub>t</sub>/Π<sub>t</sub>),0.015
82,Full model,Real interest rate (R<sub>t</sub>/Π<sub>t</sub>),0.015
83,Full model,Real interest rate (R<sub>t</sub>/Π<sub>t</sub>),0.015
84,Full model,Real interest rate (R<sub>t</sub>/Π<sub>t</sub>),0.015
85,Full model,Real interest rate (R<sub>t</sub>/Π<sub>t</sub>),0.014
86,Full model,Real interest rate (R<sub>t</sub>/Π<sub>t</sub>),0.014
87,Full model,Real interest rate (R<sub>t</sub>/Π<sub>t</sub>),0.014
88,Full model,Real interest rate (R<sub>t</sub>/Π<sub>t</sub>),0.014
89,Full model,Real interest rate (R<sub>t</sub>/Π<sub>t</sub>),0.014
90,Full model,Real interest rate (R<sub>t</sub>/Π<sub>t</sub>),0.014
91,Full model,Real interest rate (R<sub>t</sub>/Π<sub>t</sub>),0.013
92,Full model,Real interest rate (R<sub>t</sub>/Π<sub>t</sub>),0.013
93,Full model,Real interest rate (R<sub>t</sub>/Π<sub>t</sub>),0.013
94,Full model,Real interest rate (R<sub>t</sub>/Π<sub>t</sub>),0.013
95,Full model,Real interest rate (R<sub>t</sub>/Π<sub>t</sub>),0.013
96,Full model,Real interest rate (R<sub>t</sub>/Π<sub>t</sub>),0.013
97,Full model,Real interest rate (R<sub>t</sub>/Π<sub>t</sub>),0.012
98,Full model,Real interest rate (R<sub>t</sub>/Π<sub>t</sub>),0.012
99,Full model,Real interest rate (R<sub>t</sub>/Π<sub>t</sub>),0.012
100,Full model,Real interest rate (R<sub>t</sub>/Π<sub>t</sub>),0.012
1,No endogenous technology,Real interest rate (R<sub>t</sub>/Π<sub>t</sub>),0.005
2,No endogenous technology,Real interest rate (R<sub>t</sub>/Π<sub>t</sub>),0.019
3,No endogenous technology,Real interest rate (R<sub>t</sub>/Π<sub>t</sub>),0.023
4,No endogenous technology,Real interest rate (R<sub>t</sub>/Π<sub>t</sub>),0.024
5,No endogenous technology,Real interest rate (R<sub>t</sub>/Π<sub>t</sub>),0.024
6,No endogenous technology,Real interest rate (R<sub>t</sub>/Π<sub>t</sub>),0.024
7,No endogenous technology,Real interest rate (R<sub>t</sub>/Π<sub>t</sub>),0.024
8,No endogenous technology,Real interest rate (R<sub>t</sub>/Π<sub>t</sub>),0.024
9,No endogenous technology,Real interest rate (R<sub>t</sub>/Π<sub>t</sub>),0.024
10,No endogenous technology,Real interest rate (R<sub>t</sub>/Π<sub>t</sub>),0.024
11,No endogenous technology,Real interest rate (R<sub>t</sub>/Π<sub>t</sub>),0.023
12,No endogenous technology,Real interest rate (R<sub>t</sub>/Π<sub>t</sub>),0.023
13,No endogenous technology,Real interest rate (R<sub>t</sub>/Π<sub>t</sub>),0.023
14,No endogenous technology,Real interest rate (R<sub>t</sub>/Π<sub>t</sub>),0.023
15,No endogenous technology,Real interest rate (R<sub>t</sub>/Π<sub>t</sub>),0.022
16,No endogenous technology,Real interest rate (R<sub>t</sub>/Π<sub>t</sub>),0.022
17,No endogenous technology,Real interest rate (R<sub>t</sub>/Π<sub>t</sub>),0.022
18,No endogenous technology,Real interest rate (R<sub>t</sub>/Π<sub>t</sub>),0.022
19,No endogenous technology,Real interest rate (R<sub>t</sub>/Π<sub>t</sub>),0.021
20,No endogenous technology,Real interest rate (R<sub>t</sub>/Π<sub>t</sub>),0.021
21,No endogenous technology,Real interest rate (R<sub>t</sub>/Π<sub>t</sub>),0.021
22,No endogenous technology,Real interest rate (R<sub>t</sub>/Π<sub>t</sub>),0.02
23,No endogenous technology,Real interest rate (R<sub>t</sub>/Π<sub>t</sub>),0.02
24,No endogenous technology,Real interest rate (R<sub>t</sub>/Π<sub>t</sub>),0.02
25,No endogenous technology,Real interest rate (R<sub>t</sub>/Π<sub>t</sub>),0.019
26,No endogenous technology,Real interest rate (R<sub>t</sub>/Π<sub>t</sub>),0.019
27,No endogenous technology,Real interest rate (R<sub>t</sub>/Π<sub>t</sub>),0.019
28,No endogenous technology,Real interest rate (R<sub>t</sub>/Π<sub>t</sub>),0.018
29,No endogenous technology,Real interest rate (R<sub>t</sub>/Π<sub>t</sub>),0.018
30,No endogenous technology,Real interest rate (R<sub>t</sub>/Π<sub>t</sub>),0.018
31,No endogenous technology,Real interest rate (R<sub>t</sub>/Π<sub>t</sub>),0.017
32,No endogenous technology,Real interest rate (R<sub>t</sub>/Π<sub>t</sub>),0.017
33,No endogenous technology,Real interest rate (R<sub>t</sub>/Π<sub>t</sub>),0.017
34,No endogenous technology,Real interest rate (R<sub>t</sub>/Π<sub>t</sub>),0.016
35,No endogenous technology,Real interest rate (R<sub>t</sub>/Π<sub>t</sub>),0.016
36,No endogenous technology,Real interest rate (R<sub>t</sub>/Π<sub>t</sub>),0.016
37,No endogenous technology,Real interest rate (R<sub>t</sub>/Π<sub>t</sub>),0.016
38,No endogenous technology,Real interest rate (R<sub>t</sub>/Π<sub>t</sub>),0.015
39,No endogenous technology,Real interest rate (R<sub>t</sub>/Π<sub>t</sub>),0.015
40,No endogenous technology,Real interest rate (R<sub>t</sub>/Π<sub>t</sub>),0.015
41,No endogenous technology,Real interest rate (R<sub>t</sub>/Π<sub>t</sub>),0.014
42,No endogenous technology,Real interest rate (R<sub>t</sub>/Π<sub>t</sub>),0.014
43,No endogenous technology,Real interest rate (R<sub>t</sub>/Π<sub>t</sub>),0.014
44,No endogenous technology,Real interest rate (R<sub>t</sub>/Π<sub>t</sub>),0.013
45,No endogenous technology,Real interest rate (R<sub>t</sub>/Π<sub>t</sub>),0.013
46,No endogenous technology,Real interest rate (R<sub>t</sub>/Π<sub>t</sub>),0.013
47,No endogenous technology,Real interest rate (R<sub>t</sub>/Π<sub>t</sub>),0.013
48,No endogenous technology,Real interest rate (R<sub>t</sub>/Π<sub>t</sub>),0.012
49,No endogenous technology,Real interest rate (R<sub>t</sub>/Π<sub>t</sub>),0.012
50,No endogenous technology,Real interest rate (R<sub>t</sub>/Π<sub>t</sub>),0.012
51,No endogenous technology,Real interest rate (R<sub>t</sub>/Π<sub>t</sub>),0.012
52,No endogenous technology,Real interest rate (R<sub>t</sub>/Π<sub>t</sub>),0.011
53,No endogenous technology,Real interest rate (R<sub>t</sub>/Π<sub>t</sub>),0.011
54,No endogenous technology,Real interest rate (R<sub>t</sub>/Π<sub>t</sub>),0.011
55,No endogenous technology,Real interest rate (R<sub>t</sub>/Π<sub>t</sub>),0.011
56,No endogenous technology,Real interest rate (R<sub>t</sub>/Π<sub>t</sub>),0.01
57,No endogenous technology,Real interest rate (R<sub>t</sub>/Π<sub>t</sub>),0.01
58,No endogenous technology,Real interest rate (R<sub>t</sub>/Π<sub>t</sub>),0.01
59,No endogenous technology,Real interest rate (R<sub>t</sub>/Π<sub>t</sub>),0.01
60,No endogenous technology,Real interest rate (R<sub>t</sub>/Π<sub>t</sub>),0.009
61,No endogenous technology,Real interest rate (R<sub>t</sub>/Π<sub>t</sub>),0.009
62,No endogenous technology,Real interest rate (R<sub>t</sub>/Π<sub>t</sub>),0.009
63,No endogenous technology,Real interest rate (R<sub>t</sub>/Π<sub>t</sub>),0.009
64,No endogenous technology,Real interest rate (R<sub>t</sub>/Π<sub>t</sub>),0.009
65,No endogenous technology,Real interest rate (R<sub>t</sub>/Π<sub>t</sub>),0.008
66,No endogenous technology,Real interest rate (R<sub>t</sub>/Π<sub>t</sub>),0.008
67,No endogenous technology,Real interest rate (R<sub>t</sub>/Π<sub>t</sub>),0.008
68,No endogenous technology,Real interest rate (R<sub>t</sub>/Π<sub>t</sub>),0.008
69,No endogenous technology,Real interest rate (R<sub>t</sub>/Π<sub>t</sub>),0.008
70,No endogenous technology,Real interest rate (R<sub>t</sub>/Π<sub>t</sub>),0.007
71,No endogenous technology,Real interest rate (R<sub>t</sub>/Π<sub>t</sub>),0.007
72,No endogenous technology,Real interest rate (R<sub>t</sub>/Π<sub>t</sub>),0.007
73,No endogenous technology,Real interest rate (R<sub>t</sub>/Π<sub>t</sub>),0.007
74,No endogenous technology,Real interest rate (R<sub>t</sub>/Π<sub>t</sub>),0.007
75,No endogenous technology,Real interest rate (R<sub>t</sub>/Π<sub>t</sub>),0.007
76,No endogenous technology,Real interest rate (R<sub>t</sub>/Π<sub>t</sub>),0.006
77,No endogenous technology,Real interest rate (R<sub>t</sub>/Π<sub>t</sub>),0.006
78,No endogenous technology,Real interest rate (R<sub>t</sub>/Π<sub>t</sub>),0.006
79,No endogenous technology,Real interest rate (R<sub>t</sub>/Π<sub>t</sub>),0.006
80,No endogenous technology,Real interest rate (R<sub>t</sub>/Π<sub>t</sub>),0.006
81,No endogenous technology,Real interest rate (R<sub>t</sub>/Π<sub>t</sub>),0.006
82,No endogenous technology,Real interest rate (R<sub>t</sub>/Π<sub>t</sub>),0.006
83,No endogenous technology,Real interest rate (R<sub>t</sub>/Π<sub>t</sub>),0.005
84,No endogenous technology,Real interest rate (R<sub>t</sub>/Π<sub>t</sub>),0.005
85,No endogenous technology,Real interest rate (R<sub>t</sub>/Π<sub>t</sub>),0.005
86,No endogenous technology,Real interest rate (R<sub>t</sub>/Π<sub>t</sub>),0.005
87,No endogenous technology,Real interest rate (R<sub>t</sub>/Π<sub>t</sub>),0.005
88,No endogenous technology,Real interest rate (R<sub>t</sub>/Π<sub>t</sub>),0.005
89,No endogenous technology,Real interest rate (R<sub>t</sub>/Π<sub>t</sub>),0.005
90,No endogenous technology,Real interest rate (R<sub>t</sub>/Π<sub>t</sub>),0.005
91,No endogenous technology,Real interest rate (R<sub>t</sub>/Π<sub>t</sub>),0.005
92,No endogenous technology,Real interest rate (R<sub>t</sub>/Π<sub>t</sub>),0.004
93,No endogenous technology,Real interest rate (R<sub>t</sub>/Π<sub>t</sub>),0.004
94,No endogenous technology,Real interest rate (R<sub>t</sub>/Π<sub>t</sub>),0.004
95,No endogenous technology,Real interest rate (R<sub>t</sub>/Π<sub>t</sub>),0.004
96,No endogenous technology,Real interest rate (R<sub>t</sub>/Π<sub>t</sub>),0.004
97,No endogenous technology,Real interest rate (R<sub>t</sub>/Π<sub>t</sub>),0.004
98,No endogenous technology,Real interest rate (R<sub>t</sub>/Π<sub>t</sub>),0.004
99,No endogenous technology,Real interest rate (R<sub>t</sub>/Π<sub>t</sub>),0.004
100,No endogenous technology,Real interest rate (R<sub>t</sub>/Π<sub>t</sub>),0.004
1,No human capital,Real interest rate (R<sub>t</sub>/Π<sub>t</sub>),0.007
2,No human capital,Real interest rate (R<sub>t</sub>/Π<sub>t</sub>),0.02
3,No human capital,Real interest rate (R<sub>t</sub>/Π<sub>t</sub>),0.023
4,No human capital,Real interest rate (R<sub>t</sub>/Π<sub>t</sub>),0.024
5,No human capital,Real interest rate (R<sub>t</sub>/Π<sub>t</sub>),0.023
6,No human capital,Real interest rate (R<sub>t</sub>/Π<sub>t</sub>),0.022
7,No human capital,Real interest rate (R<sub>t</sub>/Π<sub>t</sub>),0.022
8,No human capital,Real interest rate (R<sub>t</sub>/Π<sub>t</sub>),0.021
9,No human capital,Real interest rate (R<sub>t</sub>/Π<sub>t</sub>),0.02
10,No human capital,Real interest rate (R<sub>t</sub>/Π<sub>t</sub>),0.019
11,No human capital,Real interest rate (R<sub>t</sub>/Π<sub>t</sub>),0.019
12,No human capital,Real interest rate (R<sub>t</sub>/Π<sub>t</sub>),0.018
13,No human capital,Real interest rate (R<sub>t</sub>/Π<sub>t</sub>),0.017
14,No human capital,Real interest rate (R<sub>t</sub>/Π<sub>t</sub>),0.017
15,No human capital,Real interest rate (R<sub>t</sub>/Π<sub>t</sub>),0.016
16,No human capital,Real interest rate (R<sub>t</sub>/Π<sub>t</sub>),0.016
17,No human capital,Real interest rate (R<sub>t</sub>/Π<sub>t</sub>),0.015
18,No human capital,Real interest rate (R<sub>t</sub>/Π<sub>t</sub>),0.014
19,No human capital,Real interest rate (R<sub>t</sub>/Π<sub>t</sub>),0.014
20,No human capital,Real interest rate (R<sub>t</sub>/Π<sub>t</sub>),0.013
21,No human capital,Real interest rate (R<sub>t</sub>/Π<sub>t</sub>),0.013
22,No human capital,Real interest rate (R<sub>t</sub>/Π<sub>t</sub>),0.013
23,No human capital,Real interest rate (R<sub>t</sub>/Π<sub>t</sub>),0.012
24,No human capital,Real interest rate (R<sub>t</sub>/Π<sub>t</sub>),0.012
25,No human capital,Real interest rate (R<sub>t</sub>/Π<sub>t</sub>),0.011
26,No human capital,Real interest rate (R<sub>t</sub>/Π<sub>t</sub>),0.011
27,No human capital,Real interest rate (R<sub>t</sub>/Π<sub>t</sub>),0.01
28,No human capital,Real interest rate (R<sub>t</sub>/Π<sub>t</sub>),0.01
29,No human capital,Real interest rate (R<sub>t</sub>/Π<sub>t</sub>),0.01
30,No human capital,Real interest rate (R<sub>t</sub>/Π<sub>t</sub>),0.009
31,No human capital,Real interest rate (R<sub>t</sub>/Π<sub>t</sub>),0.009
32,No human capital,Real interest rate (R<sub>t</sub>/Π<sub>t</sub>),0.009
33,No human capital,Real interest rate (R<sub>t</sub>/Π<sub>t</sub>),0.008
34,No human capital,Real interest rate (R<sub>t</sub>/Π<sub>t</sub>),0.008
35,No human capital,Real interest rate (R<sub>t</sub>/Π<sub>t</sub>),0.008
36,No human capital,Real interest rate (R<sub>t</sub>/Π<sub>t</sub>),0.008
37,No human capital,Real interest rate (R<sub>t</sub>/Π<sub>t</sub>),0.007
38,No human capital,Real interest rate (R<sub>t</sub>/Π<sub>t</sub>),0.007
39,No human capital,Real interest rate (R<sub>t</sub>/Π<sub>t</sub>),0.007
40,No human capital,Real interest rate (R<sub>t</sub>/Π<sub>t</sub>),0.007
41,No human capital,Real interest rate (R<sub>t</sub>/Π<sub>t</sub>),0.006
42,No human capital,Real interest rate (R<sub>t</sub>/Π<sub>t</sub>),0.006
43,No human capital,Real interest rate (R<sub>t</sub>/Π<sub>t</sub>),0.006
44,No human capital,Real interest rate (R<sub>t</sub>/Π<sub>t</sub>),0.006
45,No human capital,Real interest rate (R<sub>t</sub>/Π<sub>t</sub>),0.005
46,No human capital,Real interest rate (R<sub>t</sub>/Π<sub>t</sub>),0.005
47,No human capital,Real interest rate (R<sub>t</sub>/Π<sub>t</sub>),0.005
48,No human capital,Real interest rate (R<sub>t</sub>/Π<sub>t</sub>),0.005
49,No human capital,Real interest rate (R<sub>t</sub>/Π<sub>t</sub>),0.005
50,No human capital,Real interest rate (R<sub>t</sub>/Π<sub>t</sub>),0.005
51,No human capital,Real interest rate (R<sub>t</sub>/Π<sub>t</sub>),0.004
52,No human capital,Real interest rate (R<sub>t</sub>/Π<sub>t</sub>),0.004
53,No human capital,Real interest rate (R<sub>t</sub>/Π<sub>t</sub>),0.004
54,No human capital,Real interest rate (R<sub>t</sub>/Π<sub>t</sub>),0.004
55,No human capital,Real interest rate (R<sub>t</sub>/Π<sub>t</sub>),0.004
56,No human capital,Real interest rate (R<sub>t</sub>/Π<sub>t</sub>),0.004
57,No human capital,Real interest rate (R<sub>t</sub>/Π<sub>t</sub>),0.004
58,No human capital,Real interest rate (R<sub>t</sub>/Π<sub>t</sub>),0.003
59,No human capital,Real interest rate (R<sub>t</sub>/Π<sub>t</sub>),0.003
60,No human capital,Real interest rate (R<sub>t</sub>/Π<sub>t</sub>),0.003
61,No human capital,Real interest rate (R<sub>t</sub>/Π<sub>t</sub>),0.003
62,No human capital,Real interest rate (R<sub>t</sub>/Π<sub>t</sub>),0.003
63,No human capital,Real interest rate (R<sub>t</sub>/Π<sub>t</sub>),0.003
64,No human capital,Real interest rate (R<sub>t</sub>/Π<sub>t</sub>),0.003
65,No human capital,Real interest rate (R<sub>t</sub>/Π<sub>t</sub>),0.003
66,No human capital,Real interest rate (R<sub>t</sub>/Π<sub>t</sub>),0.003
67,No human capital,Real interest rate (R<sub>t</sub>/Π<sub>t</sub>),0.002
68,No human capital,Real interest rate (R<sub>t</sub>/Π<sub>t</sub>),0.002
69,No human capital,Real interest rate (R<sub>t</sub>/Π<sub>t</sub>),0.002
70,No human capital,Real interest rate (R<sub>t</sub>/Π<sub>t</sub>),0.002
71,No human capital,Real interest rate (R<sub>t</sub>/Π<sub>t</sub>),0.002
72,No human capital,Real interest rate (R<sub>t</sub>/Π<sub>t</sub>),0.002
73,No human capital,Real interest rate (R<sub>t</sub>/Π<sub>t</sub>),0.002
74,No human capital,Real interest rate (R<sub>t</sub>/Π<sub>t</sub>),0.002
75,No human capital,Real interest rate (R<sub>t</sub>/Π<sub>t</sub>),0.002
76,No human capital,Real interest rate (R<sub>t</sub>/Π<sub>t</sub>),0.002
77,No human capital,Real interest rate (R<sub>t</sub>/Π<sub>t</sub>),0.002
78,No human capital,Real interest rate (R<sub>t</sub>/Π<sub>t</sub>),0.002
79,No human capital,Real interest rate (R<sub>t</sub>/Π<sub>t</sub>),0.002
80,No human capital,Real interest rate (R<sub>t</sub>/Π<sub>t</sub>),0.002
81,No human capital,Real interest rate (R<sub>t</sub>/Π<sub>t</sub>),0.001
82,No human capital,Real interest rate (R<sub>t</sub>/Π<sub>t</sub>),0.001
83,No human capital,Real interest rate (R<sub>t</sub>/Π<sub>t</sub>),0.001
84,No human capital,Real interest rate (R<sub>t</sub>/Π<sub>t</sub>),0.001
85,No human capital,Real interest rate (R<sub>t</sub>/Π<sub>t</sub>),0.001
86,No human capital,Real interest rate (R<sub>t</sub>/Π<sub>t</sub>),0.001
87,No human capital,Real interest rate (R<sub>t</sub>/Π<sub>t</sub>),0.001
88,No human capital,Real interest rate (R<sub>t</sub>/Π<sub>t</sub>),0.001
89,No human capital,Real interest rate (R<sub>t</sub>/Π<sub>t</sub>),0.001
90,No human capital,Real interest rate (R<sub>t</sub>/Π<sub>t</sub>),0.001
91,No human capital,Real interest rate (R<sub>t</sub>/Π<sub>t</sub>),0.001
92,No human capital,Real interest rate (R<sub>t</sub>/Π<sub>t</sub>),0.001
93,No human capital,Real interest rate (R<sub>t</sub>/Π<sub>t</sub>),0.001
94,No human capital,Real interest rate (R<sub>t</sub>/Π<sub>t</sub>),0.001
95,No human capital,Real interest rate (R<sub>t</sub>/Π<sub>t</sub>),0.001
96,No human capital,Real interest rate (R<sub>t</sub>/Π<sub>t</sub>),0.001
97,No human capital,Real interest rate (R<sub>t</sub>/Π<sub>t</sub>),0.001
98,No human capital,Real interest rate (R<sub>t</sub>/Π<sub>t</sub>),0.001
99,No human capital,Real interest rate (R<sub>t</sub>/Π<sub>t</sub>),0.001
100,No human capital,Real interest rate (R<sub>t</sub>/Π<sub>t</sub>),0.001
1,No public infrastructure,Real interest rate (R<sub>t</sub>/Π<sub>t</sub>),0.007
2,No public infrastructure,Real interest rate (R<sub>t</sub>/Π<sub>t</sub>),0.02
3,No public infrastructure,Real interest rate (R<sub>t</sub>/Π<sub>t</sub>),0.023
4,No public infrastructure,Real interest rate (R<sub>t</sub>/Π<sub>t</sub>),0.024
5,No public infrastructure,Real interest rate (R<sub>t</sub>/Π<sub>t</sub>),0.023
6,No public infrastructure,Real interest rate (R<sub>t</sub>/Π<sub>t</sub>),0.022
7,No public infrastructure,Real interest rate (R<sub>t</sub>/Π<sub>t</sub>),0.022
8,No public infrastructure,Real interest rate (R<sub>t</sub>/Π<sub>t</sub>),0.021
9,No public infrastructure,Real interest rate (R<sub>t</sub>/Π<sub>t</sub>),0.02
10,No public infrastructure,Real interest rate (R<sub>t</sub>/Π<sub>t</sub>),0.019
11,No public infrastructure,Real interest rate (R<sub>t</sub>/Π<sub>t</sub>),0.019
12,No public infrastructure,Real interest rate (R<sub>t</sub>/Π<sub>t</sub>),0.018
13,No public infrastructure,Real interest rate (R<sub>t</sub>/Π<sub>t</sub>),0.017
14,No public infrastructure,Real interest rate (R<sub>t</sub>/Π<sub>t</sub>),0.017
15,No public infrastructure,Real interest rate (R<sub>t</sub>/Π<sub>t</sub>),0.016
16,No public infrastructure,Real interest rate (R<sub>t</sub>/Π<sub>t</sub>),0.016
17,No public infrastructure,Real interest rate (R<sub>t</sub>/Π<sub>t</sub>),0.015
18,No public infrastructure,Real interest rate (R<sub>t</sub>/Π<sub>t</sub>),0.014
19,No public infrastructure,Real interest rate (R<sub>t</sub>/Π<sub>t</sub>),0.014
20,No public infrastructure,Real interest rate (R<sub>t</sub>/Π<sub>t</sub>),0.013
21,No public infrastructure,Real interest rate (R<sub>t</sub>/Π<sub>t</sub>),0.013
22,No public infrastructure,Real interest rate (R<sub>t</sub>/Π<sub>t</sub>),0.013
23,No public infrastructure,Real interest rate (R<sub>t</sub>/Π<sub>t</sub>),0.012
24,No public infrastructure,Real interest rate (R<sub>t</sub>/Π<sub>t</sub>),0.012
25,No public infrastructure,Real interest rate (R<sub>t</sub>/Π<sub>t</sub>),0.011
26,No public infrastructure,Real interest rate (R<sub>t</sub>/Π<sub>t</sub>),0.011
27,No public infrastructure,Real interest rate (R<sub>t</sub>/Π<sub>t</sub>),0.01
28,No public infrastructure,Real interest rate (R<sub>t</sub>/Π<sub>t</sub>),0.01
29,No public infrastructure,Real interest rate (R<sub>t</sub>/Π<sub>t</sub>),0.01
30,No public infrastructure,Real interest rate (R<sub>t</sub>/Π<sub>t</sub>),0.009
31,No public infrastructure,Real interest rate (R<sub>t</sub>/Π<sub>t</sub>),0.009
32,No public infrastructure,Real interest rate (R<sub>t</sub>/Π<sub>t</sub>),0.009
33,No public infrastructure,Real interest rate (R<sub>t</sub>/Π<sub>t</sub>),0.008
34,No public infrastructure,Real interest rate (R<sub>t</sub>/Π<sub>t</sub>),0.008
35,No public infrastructure,Real interest rate (R<sub>t</sub>/Π<sub>t</sub>),0.008
36,No public infrastructure,Real interest rate (R<sub>t</sub>/Π<sub>t</sub>),0.008
37,No public infrastructure,Real interest rate (R<sub>t</sub>/Π<sub>t</sub>),0.007
38,No public infrastructure,Real interest rate (R<sub>t</sub>/Π<sub>t</sub>),0.007
39,No public infrastructure,Real interest rate (R<sub>t</sub>/Π<sub>t</sub>),0.007
40,No public infrastructure,Real interest rate (R<sub>t</sub>/Π<sub>t</sub>),0.007
41,No public infrastructure,Real interest rate (R<sub>t</sub>/Π<sub>t</sub>),0.006
42,No public infrastructure,Real interest rate (R<sub>t</sub>/Π<sub>t</sub>),0.006
43,No public infrastructure,Real interest rate (R<sub>t</sub>/Π<sub>t</sub>),0.006
44,No public infrastructure,Real interest rate (R<sub>t</sub>/Π<sub>t</sub>),0.006
45,No public infrastructure,Real interest rate (R<sub>t</sub>/Π<sub>t</sub>),0.005
46,No public infrastructure,Real interest rate (R<sub>t</sub>/Π<sub>t</sub>),0.005
47,No public infrastructure,Real interest rate (R<sub>t</sub>/Π<sub>t</sub>),0.005
48,No public infrastructure,Real interest rate (R<sub>t</sub>/Π<sub>t</sub>),0.005
49,No public infrastructure,Real interest rate (R<sub>t</sub>/Π<sub>t</sub>),0.005
50,No public infrastructure,Real interest rate (R<sub>t</sub>/Π<sub>t</sub>),0.005
51,No public infrastructure,Real interest rate (R<sub>t</sub>/Π<sub>t</sub>),0.004
52,No public infrastructure,Real interest rate (R<sub>t</sub>/Π<sub>t</sub>),0.004
53,No public infrastructure,Real interest rate (R<sub>t</sub>/Π<sub>t</sub>),0.004
54,No public infrastructure,Real interest rate (R<sub>t</sub>/Π<sub>t</sub>),0.004
55,No public infrastructure,Real interest rate (R<sub>t</sub>/Π<sub>t</sub>),0.004
56,No public infrastructure,Real interest rate (R<sub>t</sub>/Π<sub>t</sub>),0.004
57,No public infrastructure,Real interest rate (R<sub>t</sub>/Π<sub>t</sub>),0.004
58,No public infrastructure,Real interest rate (R<sub>t</sub>/Π<sub>t</sub>),0.003
59,No public infrastructure,Real interest rate (R<sub>t</sub>/Π<sub>t</sub>),0.003
60,No public infrastructure,Real interest rate (R<sub>t</sub>/Π<sub>t</sub>),0.003
61,No public infrastructure,Real interest rate (R<sub>t</sub>/Π<sub>t</sub>),0.003
62,No public infrastructure,Real interest rate (R<sub>t</sub>/Π<sub>t</sub>),0.003
63,No public infrastructure,Real interest rate (R<sub>t</sub>/Π<sub>t</sub>),0.003
64,No public infrastructure,Real interest rate (R<sub>t</sub>/Π<sub>t</sub>),0.003
65,No public infrastructure,Real interest rate (R<sub>t</sub>/Π<sub>t</sub>),0.003
66,No public infrastructure,Real interest rate (R<sub>t</sub>/Π<sub>t</sub>),0.003
67,No public infrastructure,Real interest rate (R<sub>t</sub>/Π<sub>t</sub>),0.002
68,No public infrastructure,Real interest rate (R<sub>t</sub>/Π<sub>t</sub>),0.002
69,No public infrastructure,Real interest rate (R<sub>t</sub>/Π<sub>t</sub>),0.002
70,No public infrastructure,Real interest rate (R<sub>t</sub>/Π<sub>t</sub>),0.002
71,No public infrastructure,Real interest rate (R<sub>t</sub>/Π<sub>t</sub>),0.002
72,No public infrastructure,Real interest rate (R<sub>t</sub>/Π<sub>t</sub>),0.002
73,No public infrastructure,Real interest rate (R<sub>t</sub>/Π<sub>t</sub>),0.002
74,No public infrastructure,Real interest rate (R<sub>t</sub>/Π<sub>t</sub>),0.002
75,No public infrastructure,Real interest rate (R<sub>t</sub>/Π<sub>t</sub>),0.002
76,No public infrastructure,Real interest rate (R<sub>t</sub>/Π<sub>t</sub>),0.002
77,No public infrastructure,Real interest rate (R<sub>t</sub>/Π<sub>t</sub>),0.002
78,No public infrastructure,Real interest rate (R<sub>t</sub>/Π<sub>t</sub>),0.002
79,No public infrastructure,Real interest rate (R<sub>t</sub>/Π<sub>t</sub>),0.002
80,No public infrastructure,Real interest rate (R<sub>t</sub>/Π<sub>t</sub>),0.002
81,No public infrastructure,Real interest rate (R<sub>t</sub>/Π<sub>t</sub>),0.001
82,No public infrastructure,Real interest rate (R<sub>t</sub>/Π<sub>t</sub>),0.001
83,No public infrastructure,Real interest rate (R<sub>t</sub>/Π<sub>t</sub>),0.001
84,No public infrastructure,Real interest rate (R<sub>t</sub>/Π<sub>t</sub>),0.001
85,No public infrastructure,Real interest rate (R<sub>t</sub>/Π<sub>t</sub>),0.001
86,No public infrastructure,Real interest rate (R<sub>t</sub>/Π<sub>t</sub>),0.001
87,No public infrastructure,Real interest rate (R<sub>t</sub>/Π<sub>t</sub>),0.001
88,No public infrastructure,Real interest rate (R<sub>t</sub>/Π<sub>t</sub>),0.001
89,No public infrastructure,Real interest rate (R<sub>t</sub>/Π<sub>t</sub>),0.001
90,No public infrastructure,Real interest rate (R<sub>t</sub>/Π<sub>t</sub>),0.001
91,No public infrastructure,Real interest rate (R<sub>t</sub>/Π<sub>t</sub>),0.001
92,No public infrastructure,Real interest rate (R<sub>t</sub>/Π<sub>t</sub>),0.001
93,No public infrastructure,Real interest rate (R<sub>t</sub>/Π<sub>t</sub>),0.001
94,No public infrastructure,Real interest rate (R<sub>t</sub>/Π<sub>t</sub>),0.001
95,No public infrastructure,Real interest rate (R<sub>t</sub>/Π<sub>t</sub>),0.001
96,No public infrastructure,Real interest rate (R<sub>t</sub>/Π<sub>t</sub>),0.001
97,No public infrastructure,Real interest rate (R<sub>t</sub>/Π<sub>t</sub>),0.001
98,No public infrastructure,Real interest rate (R<sub>t</sub>/Π<sub>t</sub>),0.001
99,No public infrastructure,Real interest rate (R<sub>t</sub>/Π<sub>t</sub>),0.001
100,No public infrastructure,Real interest rate (R<sub>t</sub>/Π<sub>t</sub>),0.001
1,No private capital,Real interest rate (R<sub>t</sub>/Π<sub>t</sub>),0.0
2,No private capital,Real interest rate (R<sub>t</sub>/Π<sub>t</sub>),0.0
3,No private capital,Real interest rate (R<sub>t</sub>/Π<sub>t</sub>),0.0
4,No private capital,Real interest rate (R<sub>t</sub>/Π<sub>t</sub>),0.0
5,No private capital,Real interest rate (R<sub>t</sub>/Π<sub>t</sub>),0.0
6,No private capital,Real interest rate (R<sub>t</sub>/Π<sub>t</sub>),0.0
7,No private capital,Real interest rate (R<sub>t</sub>/Π<sub>t</sub>),0.0
8,No private capital,Real interest rate (R<sub>t</sub>/Π<sub>t</sub>),0.0
9,No private capital,Real interest rate (R<sub>t</sub>/Π<sub>t</sub>),0.0
10,No private capital,Real interest rate (R<sub>t</sub>/Π<sub>t</sub>),0.0
11,No private capital,Real interest rate (R<sub>t</sub>/Π<sub>t</sub>),0.0
12,No private capital,Real interest rate (R<sub>t</sub>/Π<sub>t</sub>),0.0
13,No private capital,Real interest rate (R<sub>t</sub>/Π<sub>t</sub>),0.0
14,No private capital,Real interest rate (R<sub>t</sub>/Π<sub>t</sub>),0.0
15,No private capital,Real interest rate (R<sub>t</sub>/Π<sub>t</sub>),0.0
16,No private capital,Real interest rate (R<sub>t</sub>/Π<sub>t</sub>),0.0
17,No private capital,Real interest rate (R<sub>t</sub>/Π<sub>t</sub>),0.0
18,No private capital,Real interest rate (R<sub>t</sub>/Π<sub>t</sub>),0.0
19,No private capital,Real interest rate (R<sub>t</sub>/Π<sub>t</sub>),0.0
20,No private capital,Real interest rate (R<sub>t</sub>/Π<sub>t</sub>),0.0
21,No private capital,Real interest rate (R<sub>t</sub>/Π<sub>t</sub>),0.0
22,No private capital,Real interest rate (R<sub>t</sub>/Π<sub>t</sub>),0.0
23,No private capital,Real interest rate (R<sub>t</sub>/Π<sub>t</sub>),0.0
24,No private capital,Real interest rate (R<sub>t</sub>/Π<sub>t</sub>),0.0
25,No private capital,Real interest rate (R<sub>t</sub>/Π<sub>t</sub>),0.0
26,No private capital,Real interest rate (R<sub>t</sub>/Π<sub>t</sub>),0.0
27,No private capital,Real interest rate (R<sub>t</sub>/Π<sub>t</sub>),0.0
28,No private capital,Real interest rate (R<sub>t</sub>/Π<sub>t</sub>),0.0
29,No private capital,Real interest rate (R<sub>t</sub>/Π<sub>t</sub>),0.0
30,No private capital,Real interest rate (R<sub>t</sub>/Π<sub>t</sub>),0.0
31,No private capital,Real interest rate (R<sub>t</sub>/Π<sub>t</sub>),0.0
32,No private capital,Real interest rate (R<sub>t</sub>/Π<sub>t</sub>),0.0
33,No private capital,Real interest rate (R<sub>t</sub>/Π<sub>t</sub>),0.0
34,No private capital,Real interest rate (R<sub>t</sub>/Π<sub>t</sub>),0.0
35,No private capital,Real interest rate (R<sub>t</sub>/Π<sub>t</sub>),0.0
36,No private capital,Real interest rate (R<sub>t</sub>/Π<sub>t</sub>),0.0
37,No private capital,Real interest rate (R<sub>t</sub>/Π<sub>t</sub>),0.0
38,No private capital,Real interest rate (R<sub>t</sub>/Π<sub>t</sub>),0.0
39,No private capital,Real interest rate (R<sub>t</sub>/Π<sub>t</sub>),0.0
40,No private capital,Real interest rate (R<sub>t</sub>/Π<sub>t</sub>),0.0
41,No private capital,Real interest rate (R<sub>t</sub>/Π<sub>t</sub>),0.0
42,No private capital,Real interest rate (R<sub>t</sub>/Π<sub>t</sub>),0.0
43,No private capital,Real interest rate (R<sub>t</sub>/Π<sub>t</sub>),0.0
44,No private capital,Real interest rate (R<sub>t</sub>/Π<sub>t</sub>),0.0
45,No private capital,Real interest rate (R<sub>t</sub>/Π<sub>t</sub>),0.0
46,No private capital,Real interest rate (R<sub>t</sub>/Π<sub>t</sub>),0.0
47,No private capital,Real interest rate (R<sub>t</sub>/Π<sub>t</sub>),0.0
48,No private capital,Real interest rate (R<sub>t</sub>/Π<sub>t</sub>),0.0
49,No private capital,Real interest rate (R<sub>t</sub>/Π<sub>t</sub>),0.0
50,No private capital,Real interest rate (R<sub>t</sub>/Π<sub>t</sub>),0.0
51,No private capital,Real interest rate (R<sub>t</sub>/Π<sub>t</sub>),0.0
52,No private capital,Real interest rate (R<sub>t</sub>/Π<sub>t</sub>),0.0
53,No private capital,Real interest rate (R<sub>t</sub>/Π<sub>t</sub>),0.0
54,No private capital,Real interest rate (R<sub>t</sub>/Π<sub>t</sub>),0.0
55,No private capital,Real interest rate (R<sub>t</sub>/Π<sub>t</sub>),0.0
56,No private capital,Real interest rate (R<sub>t</sub>/Π<sub>t</sub>),0.0
57,No private capital,Real interest rate (R<sub>t</sub>/Π<sub>t</sub>),0.0
58,No private capital,Real interest rate (R<sub>t</sub>/Π<sub>t</sub>),0.0
59,No private capital,Real interest rate (R<sub>t</sub>/Π<sub>t</sub>),0.0
60,No private capital,Real interest rate (R<sub>t</sub>/Π<sub>t</sub>),0.0
61,No private capital,Real interest rate (R<sub>t</sub>/Π<sub>t</sub>),0.0
62,No private capital,Real interest rate (R<sub>t</sub>/Π<sub>t</sub>),0.0
63,No private capital,Real interest rate (R<sub>t</sub>/Π<sub>t</sub>),0.0
64,No private capital,Real interest rate (R<sub>t</sub>/Π<sub>t</sub>),0.0
65,No private capital,Real interest rate (R<sub>t</sub>/Π<sub>t</sub>),0.0
66,No private capital,Real interest rate (R<sub>t</sub>/Π<sub>t</sub>),0.0
67,No private capital,Real interest rate (R<sub>t</sub>/Π<sub>t</sub>),0.0
68,No private capital,Real interest rate (R<sub>t</sub>/Π<sub>t</sub>),0.0
69,No private capital,Real interest rate (R<sub>t</sub>/Π<sub>t</sub>),0.0
70,No private capital,Real interest rate (R<sub>t</sub>/Π<sub>t</sub>),0.0
71,No private capital,Real interest rate (R<sub>t</sub>/Π<sub>t</sub>),0.0
72,No private capital,Real interest rate (R<sub>t</sub>/Π<sub>t</sub>),0.0
73,No private capital,Real interest rate (R<sub>t</sub>/Π<sub>t</sub>),0.0
74,No private capital,Real interest rate (R<sub>t</sub>/Π<sub>t</sub>),0.0
75,No private capital,Real interest rate (R<sub>t</sub>/Π<sub>t</sub>),0.0
76,No private capital,Real interest rate (R<sub>t</sub>/Π<sub>t</sub>),0.0
77,No private capital,Real interest rate (R<sub>t</sub>/Π<sub>t</sub>),0.0
78,No private capital,Real interest rate (R<sub>t</sub>/Π<sub>t</sub>),0.0
79,No private capital,Real interest rate (R<sub>t</sub>/Π<sub>t</sub>),0.0
80,No private capital,Real interest rate (R<sub>t</sub>/Π<sub>t</sub>),0.0
81,No private capital,Real interest rate (R<sub>t</sub>/Π<sub>t</sub>),0.0
82,No private capital,Real interest rate (R<sub>t</sub>/Π<sub>t</sub>),0.0
83,No private capital,Real interest rate (R<sub>t</sub>/Π<sub>t</sub>),0.0
84,No private capital,Real interest rate (R<sub>t</sub>/Π<sub>t</sub>),0.0
85,No private capital,Real interest rate (R<sub>t</sub>/Π<sub>t</sub>),0.0
86,No private capital,Real interest rate (R<sub>t</sub>/Π<sub>t</sub>),0.0
87,No private capital,Real interest rate (R<sub>t</sub>/Π<sub>t</sub>),0.0
88,No private capital,Real interest rate (R<sub>t</sub>/Π<sub>t</sub>),0.0
89,No private capital,Real interest rate (R<sub>t</sub>/Π<sub>t</sub>),0.0
90,No private capital,Real interest rate (R<sub>t</sub>/Π<sub>t</sub>),0.0
91,No private capital,Real interest rate (R<sub>t</sub>/Π<sub>t</sub>),0.0
92,No private capital,Real interest rate (R<sub>t</sub>/Π<sub>t</sub>),0.0
93,No private capital,Real interest rate (R<sub>t</sub>/Π<sub>t</sub>),0.0
94,No private capital,Real interest rate (R<sub>t</sub>/Π<sub>t</sub>),0.0
95,No private capital,Real interest rate (R<sub>t</sub>/Π<sub>t</sub>),0.0
96,No private capital,Real interest rate (R<sub>t</sub>/Π<sub>t</sub>),0.0
97,No private capital,Real interest rate (R<sub>t</sub>/Π<sub>t</sub>),0.0
98,No private capital,Real interest rate (R<sub>t</sub>/Π<sub>t</sub>),0.0
99,No private capital,Real interest rate (R<sub>t</sub>/Π<sub>t</sub>),0.0
100,No private capital,Real interest rate (R<sub>t</sub>/Π<sub>t</sub>),0.0
1,No indexation,Real interest rate (R<sub>t</sub>/Π<sub>t</sub>),0.0
2,No indexation,Real interest rate (R<sub>t</sub>/Π<sub>t</sub>),0.0
3,No indexation,Real interest rate (R<sub>t</sub>/Π<sub>t</sub>),0.0
4,No indexation,Real interest rate (R<sub>t</sub>/Π<sub>t</sub>),0.0
5,No indexation,Real interest rate (R<sub>t</sub>/Π<sub>t</sub>),0.0
6,No indexation,Real interest rate (R<sub>t</sub>/Π<sub>t</sub>),0.0
7,No indexation,Real interest rate (R<sub>t</sub>/Π<sub>t</sub>),0.0
8,No indexation,Real interest rate (R<sub>t</sub>/Π<sub>t</sub>),0.0
9,No indexation,Real interest rate (R<sub>t</sub>/Π<sub>t</sub>),0.0
10,No indexation,Real interest rate (R<sub>t</sub>/Π<sub>t</sub>),0.0
11,No indexation,Real interest rate (R<sub>t</sub>/Π<sub>t</sub>),0.0
12,No indexation,Real interest rate (R<sub>t</sub>/Π<sub>t</sub>),0.0
13,No indexation,Real interest rate (R<sub>t</sub>/Π<sub>t</sub>),0.0
14,No indexation,Real interest rate (R<sub>t</sub>/Π<sub>t</sub>),0.0
15,No indexation,Real interest rate (R<sub>t</sub>/Π<sub>t</sub>),0.0
16,No indexation,Real interest rate (R<sub>t</sub>/Π<sub>t</sub>),0.0
17,No indexation,Real interest rate (R<sub>t</sub>/Π<sub>t</sub>),0.0
18,No indexation,Real interest rate (R<sub>t</sub>/Π<sub>t</sub>),0.0
19,No indexation,Real interest rate (R<sub>t</sub>/Π<sub>t</sub>),0.0
20,No indexation,Real interest rate (R<sub>t</sub>/Π<sub>t</sub>),0.0
21,No indexation,Real interest rate (R<sub>t</sub>/Π<sub>t</sub>),0.0
22,No indexation,Real interest rate (R<sub>t</sub>/Π<sub>t</sub>),0.0
23,No indexation,Real interest rate (R<sub>t</sub>/Π<sub>t</sub>),0.0
24,No indexation,Real interest rate (R<sub>t</sub>/Π<sub>t</sub>),0.0
25,No indexation,Real interest rate (R<sub>t</sub>/Π<sub>t</sub>),0.0
26,No indexation,Real interest rate (R<sub>t</sub>/Π<sub>t</sub>),0.0
27,No indexation,Real interest rate (R<sub>t</sub>/Π<sub>t</sub>),0.0
28,No indexation,Real interest rate (R<sub>t</sub>/Π<sub>t</sub>),0.0
29,No indexation,Real interest rate (R<sub>t</sub>/Π<sub>t</sub>),0.0
30,No indexation,Real interest rate (R<sub>t</sub>/Π<sub>t</sub>),0.0
31,No indexation,Real interest rate (R<sub>t</sub>/Π<sub>t</sub>),0.0
32,No indexation,Real interest rate (R<sub>t</sub>/Π<sub>t</sub>),0.0
33,No indexation,Real interest rate (R<sub>t</sub>/Π<sub>t</sub>),0.0
34,No indexation,Real interest rate (R<sub>t</sub>/Π<sub>t</sub>),0.0
35,No indexation,Real interest rate (R<sub>t</sub>/Π<sub>t</sub>),0.0
36,No indexation,Real interest rate (R<sub>t</sub>/Π<sub>t</sub>),0.0
37,No indexation,Real interest rate (R<sub>t</sub>/Π<sub>t</sub>),0.0
38,No indexation,Real interest rate (R<sub>t</sub>/Π<sub>t</sub>),0.0
39,No indexation,Real interest rate (R<sub>t</sub>/Π<sub>t</sub>),0.0
40,No indexation,Real interest rate (R<sub>t</sub>/Π<sub>t</sub>),0.0
41,No indexation,Real interest rate (R<sub>t</sub>/Π<sub>t</sub>),0.0
42,No indexation,Real interest rate (R<sub>t</sub>/Π<sub>t</sub>),0.0
43,No indexation,Real interest rate (R<sub>t</sub>/Π<sub>t</sub>),0.0
44,No indexation,Real interest rate (R<sub>t</sub>/Π<sub>t</sub>),0.0
45,No indexation,Real interest rate (R<sub>t</sub>/Π<sub>t</sub>),0.0
46,No indexation,Real interest rate (R<sub>t</sub>/Π<sub>t</sub>),0.0
47,No indexation,Real interest rate (R<sub>t</sub>/Π<sub>t</sub>),0.0
48,No indexation,Real interest rate (R<sub>t</sub>/Π<sub>t</sub>),0.0
49,No indexation,Real interest rate (R<sub>t</sub>/Π<sub>t</sub>),0.0
50,No indexation,Real interest rate (R<sub>t</sub>/Π<sub>t</sub>),0.0
51,No indexation,Real interest rate (R<sub>t</sub>/Π<sub>t</sub>),0.0
52,No indexation,Real interest rate (R<sub>t</sub>/Π<sub>t</sub>),0.0
53,No indexation,Real interest rate (R<sub>t</sub>/Π<sub>t</sub>),0.0
54,No indexation,Real interest rate (R<sub>t</sub>/Π<sub>t</sub>),0.0
55,No indexation,Real interest rate (R<sub>t</sub>/Π<sub>t</sub>),0.0
56,No indexation,Real interest rate (R<sub>t</sub>/Π<sub>t</sub>),0.0
57,No indexation,Real interest rate (R<sub>t</sub>/Π<sub>t</sub>),0.0
58,No indexation,Real interest rate (R<sub>t</sub>/Π<sub>t</sub>),0.0
59,No indexation,Real interest rate (R<sub>t</sub>/Π<sub>t</sub>),0.0
60,No indexation,Real interest rate (R<sub>t</sub>/Π<sub>t</sub>),0.0
61,No indexation,Real interest rate (R<sub>t</sub>/Π<sub>t</sub>),0.0
62,No indexation,Real interest rate (R<sub>t</sub>/Π<sub>t</sub>),0.0
63,No indexation,Real interest rate (R<sub>t</sub>/Π<sub>t</sub>),0.0
64,No indexation,Real interest rate (R<sub>t</sub>/Π<sub>t</sub>),0.0
65,No indexation,Real interest rate (R<sub>t</sub>/Π<sub>t</sub>),0.0
66,No indexation,Real interest rate (R<sub>t</sub>/Π<sub>t</sub>),0.0
67,No indexation,Real interest rate (R<sub>t</sub>/Π<sub>t</sub>),0.0
68,No indexation,Real interest rate (R<sub>t</sub>/Π<sub>t</sub>),0.0
69,No indexation,Real interest rate (R<sub>t</sub>/Π<sub>t</sub>),0.0
70,No indexation,Real interest rate (R<sub>t</sub>/Π<sub>t</sub>),0.0
71,No indexation,Real interest rate (R<sub>t</sub>/Π<sub>t</sub>),0.0
72,No indexation,Real interest rate (R<sub>t</sub>/Π<sub>t</sub>),0.0
73,No indexation,Real interest rate (R<sub>t</sub>/Π<sub>t</sub>),0.0
74,No indexation,Real interest rate (R<sub>t</sub>/Π<sub>t</sub>),0.0
75,No indexation,Real interest rate (R<sub>t</sub>/Π<sub>t</sub>),0.0
76,No indexation,Real interest rate (R<sub>t</sub>/Π<sub>t</sub>),0.0
77,No indexation,Real interest rate (R<sub>t</sub>/Π<sub>t</sub>),0.0
78,No indexation,Real interest rate (R<sub>t</sub>/Π<sub>t</sub>),0.0
79,No indexation,Real interest rate (R<sub>t</sub>/Π<sub>t</sub>),0.0
80,No indexation,Real interest rate (R<sub>t</sub>/Π<sub>t</sub>),0.0
81,No indexation,Real interest rate (R<sub>t</sub>/Π<sub>t</sub>),0.0
82,No indexation,Real interest rate (R<sub>t</sub>/Π<sub>t</sub>),0.0
83,No indexation,Real interest rate (R<sub>t</sub>/Π<sub>t</sub>),0.0
84,No indexation,Real interest rate (R<sub>t</sub>/Π<sub>t</sub>),0.0
85,No indexation,Real interest rate (R<sub>t</sub>/Π<sub>t</sub>),0.0
86,No indexation,Real interest rate (R<sub>t</sub>/Π<sub>t</sub>),0.0
87,No indexation,Real interest rate (R<sub>t</sub>/Π<sub>t</sub>),0.0
88,No indexation,Real interest rate (R<sub>t</sub>/Π<sub>t</sub>),0.0
89,No indexation,Real interest rate (R<sub>t</sub>/Π<sub>t</sub>),0.0
90,No indexation,Real interest rate (R<sub>t</sub>/Π<sub>t</sub>),0.0
91,No indexation,Real interest rate (R<sub>t</sub>/Π<sub>t</sub>),0.0
92,No indexation,Real interest rate (R<sub>t</sub>/Π<sub>t</sub>),0.0
93,No indexation,Real interest rate (R<sub>t</sub>/Π<sub>t</sub>),0.0
94,No indexation,Real interest rate (R<sub>t</sub>/Π<sub>t</sub>),0.0
95,No indexation,Real interest rate (R<sub>t</sub>/Π<sub>t</sub>),0.0
96,No indexation,Real interest rate (R<sub>t</sub>/Π<sub>t</sub>),0.0
97,No indexation,Real interest rate (R<sub>t</sub>/Π<sub>t</sub>),0.0
98,No indexation,Real interest rate (R<sub>t</sub>/Π<sub>t</sub>),0.0
99,No indexation,Real interest rate (R<sub>t</sub>/Π<sub>t</sub>),0.0
100,No indexation,Real interest rate (R<sub>t</sub>/Π<sub>t</sub>),0.0
1,No trend growth,Real interest rate (R<sub>t</sub>/Π<sub>t</sub>),0.0
2,No trend growth,Real interest rate (R<sub>t</sub>/Π<sub>t</sub>),0.0
3,No trend growth,Real interest rate (R<sub>t</sub>/Π<sub>t</sub>),0.0
4,No trend growth,Real interest rate (R<sub>t</sub>/Π<sub>t</sub>),0.0
5,No trend growth,Real interest rate (R<sub>t</sub>/Π<sub>t</sub>),0.0
6,No trend growth,Real interest rate (R<sub>t</sub>/Π<sub>t</sub>),0.0
7,No trend growth,Real interest rate (R<sub>t</sub>/Π<sub>t</sub>),0.0
8,No trend growth,Real interest rate (R<sub>t</sub>/Π<sub>t</sub>),0.0
9,No trend growth,Real interest rate (R<sub>t</sub>/Π<sub>t</sub>),0.0
10,No trend growth,Real interest rate (R<sub>t</sub>/Π<sub>t</sub>),0.0
11,No trend growth,Real interest rate (R<sub>t</sub>/Π<sub>t</sub>),0.0
12,No trend growth,Real interest rate (R<sub>t</sub>/Π<sub>t</sub>),0.0
13,No trend growth,Real interest rate (R<sub>t</sub>/Π<sub>t</sub>),0.0
14,No trend growth,Real interest rate (R<sub>t</sub>/Π<sub>t</sub>),0.0
15,No trend growth,Real interest rate (R<sub>t</sub>/Π<sub>t</sub>),0.0
16,No trend growth,Real interest rate (R<sub>t</sub>/Π<sub>t</sub>),0.0
17,No trend growth,Real interest rate (R<sub>t</sub>/Π<sub>t</sub>),0.0
18,No trend growth,Real interest rate (R<sub>t</sub>/Π<sub>t</sub>),0.0
19,No trend growth,Real interest rate (R<sub>t</sub>/Π<sub>t</sub>),0.0
20,No trend growth,Real interest rate (R<sub>t</sub>/Π<sub>t</sub>),0.0
21,No trend growth,Real interest rate (R<sub>t</sub>/Π<sub>t</sub>),0.0
22,No trend growth,Real interest rate (R<sub>t</sub>/Π<sub>t</sub>),0.0
23,No trend growth,Real interest rate (R<sub>t</sub>/Π<sub>t</sub>),0.0
24,No trend growth,Real interest rate (R<sub>t</sub>/Π<sub>t</sub>),0.0
25,No trend growth,Real interest rate (R<sub>t</sub>/Π<sub>t</sub>),0.0
26,No trend growth,Real interest rate (R<sub>t</sub>/Π<sub>t</sub>),0.0
27,No trend growth,Real interest rate (R<sub>t</sub>/Π<sub>t</sub>),0.0
28,No trend growth,Real interest rate (R<sub>t</sub>/Π<sub>t</sub>),0.0
29,No trend growth,Real interest rate (R<sub>t</sub>/Π<sub>t</sub>),0.0
30,No trend growth,Real interest rate (R<sub>t</sub>/Π<sub>t</sub>),0.0
31,No trend growth,Real interest rate (R<sub>t</sub>/Π<sub>t</sub>),0.0
32,No trend growth,Real interest rate (R<sub>t</sub>/Π<sub>t</sub>),0.0
33,No trend growth,Real interest rate (R<sub>t</sub>/Π<sub>t</sub>),0.0
34,No trend growth,Real interest rate (R<sub>t</sub>/Π<sub>t</sub>),0.0
35,No trend growth,Real interest rate (R<sub>t</sub>/Π<sub>t</sub>),0.0
36,No trend growth,Real interest rate (R<sub>t</sub>/Π<sub>t</sub>),0.0
37,No trend growth,Real interest rate (R<sub>t</sub>/Π<sub>t</sub>),0.0
38,No trend growth,Real interest rate (R<sub>t</sub>/Π<sub>t</sub>),0.0
39,No trend growth,Real interest rate (R<sub>t</sub>/Π<sub>t</sub>),0.0
40,No trend growth,Real interest rate (R<sub>t</sub>/Π<sub>t</sub>),0.0
41,No trend growth,Real interest rate (R<sub>t</sub>/Π<sub>t</sub>),0.0
42,No trend growth,Real interest rate (R<sub>t</sub>/Π<sub>t</sub>),0.0
43,No trend growth,Real interest rate (R<sub>t</sub>/Π<sub>t</sub>),0.0
44,No trend growth,Real interest rate (R<sub>t</sub>/Π<sub>t</sub>),0.0
45,No trend growth,Real interest rate (R<sub>t</sub>/Π<sub>t</sub>),0.0
46,No trend growth,Real interest rate (R<sub>t</sub>/Π<sub>t</sub>),0.0
47,No trend growth,Real interest rate (R<sub>t</sub>/Π<sub>t</sub>),0.0
48,No trend growth,Real interest rate (R<sub>t</sub>/Π<sub>t</sub>),0.0
49,No trend growth,Real interest rate (R<sub>t</sub>/Π<sub>t</sub>),0.0
50,No trend growth,Real interest rate (R<sub>t</sub>/Π<sub>t</sub>),0.0
51,No trend growth,Real interest rate (R<sub>t</sub>/Π<sub>t</sub>),0.0
52,No trend growth,Real interest rate (R<sub>t</sub>/Π<sub>t</sub>),0.0
53,No trend growth,Real interest rate (R<sub>t</sub>/Π<sub>t</sub>),0.0
54,No trend growth,Real interest rate (R<sub>t</sub>/Π<sub>t</sub>),0.0
55,No trend growth,Real interest rate (R<sub>t</sub>/Π<sub>t</sub>),0.0
56,No trend growth,Real interest rate (R<sub>t</sub>/Π<sub>t</sub>),0.0
57,No trend growth,Real interest rate (R<sub>t</sub>/Π<sub>t</sub>),0.0
58,No trend growth,Real interest rate (R<sub>t</sub>/Π<sub>t</sub>),0.0
59,No trend growth,Real interest rate (R<sub>t</sub>/Π<sub>t</sub>),0.0
60,No trend growth,Real interest rate (R<sub>t</sub>/Π<sub>t</sub>),0.0
61,No trend growth,Real interest rate (R<sub>t</sub>/Π<sub>t</sub>),0.0
62,No trend growth,Real interest rate (R<sub>t</sub>/Π<sub>t</sub>),0.0
63,No trend growth,Real interest rate (R<sub>t</sub>/Π<sub>t</sub>),0.0
64,No trend growth,Real interest rate (R<sub>t</sub>/Π<sub>t</sub>),0.0
65,No trend growth,Real interest rate (R<sub>t</sub>/Π<sub>t</sub>),0.0
66,No trend growth,Real interest rate (R<sub>t</sub>/Π<sub>t</sub>),0.0
67,No trend growth,Real interest rate (R<sub>t</sub>/Π<sub>t</sub>),0.0
68,No trend growth,Real interest rate (R<sub>t</sub>/Π<sub>t</sub>),0.0
69,No trend growth,Real interest rate (R<sub>t</sub>/Π<sub>t</sub>),0.0
70,No trend growth,Real interest rate (R<sub>t</sub>/Π<sub>t</sub>),0.0
71,No trend growth,Real interest rate (R<sub>t</sub>/Π<sub>t</sub>),0.0
72,No trend growth,Real interest rate (R<sub>t</sub>/Π<sub>t</sub>),0.0
73,No trend growth,Real interest rate (R<sub>t</sub>/Π<sub>t</sub>),0.0
74,No trend growth,Real interest rate (R<sub>t</sub>/Π<sub>t</sub>),0.0
75,No trend growth,Real interest rate (R<sub>t</sub>/Π<sub>t</sub>),0.0
76,No trend growth,Real interest rate (R<sub>t</sub>/Π<sub>t</sub>),0.0
77,No trend growth,Real interest rate (R<sub>t</sub>/Π<sub>t</sub>),0.0
78,No trend growth,Real interest rate (R<sub>t</sub>/Π<sub>t</sub>),0.0
79,No trend growth,Real interest rate (R<sub>t</sub>/Π<sub>t</sub>),0.0
80,No trend growth,Real interest rate (R<sub>t</sub>/Π<sub>t</sub>),0.0
81,No trend growth,Real interest rate (R<sub>t</sub>/Π<sub>t</sub>),0.0
82,No trend growth,Real interest rate (R<sub>t</sub>/Π<sub>t</sub>),0.0
83,No trend growth,Real interest rate (R<sub>t</sub>/Π<sub>t</sub>),0.0
84,No trend growth,Real interest rate (R<sub>t</sub>/Π<sub>t</sub>),0.0
85,No trend growth,Real interest rate (R<sub>t</sub>/Π<sub>t</sub>),0.0
86,No trend growth,Real interest rate (R<sub>t</sub>/Π<sub>t</sub>),0.0
87,No trend growth,Real interest rate (R<sub>t</sub>/Π<sub>t</sub>),0.0
88,No trend growth,Real interest rate (R<sub>t</sub>/Π<sub>t</sub>),0.0
89,No trend growth,Real interest rate (R<sub>t</sub>/Π<sub>t</sub>),0.0
90,No trend growth,Real interest rate (R<sub>t</sub>/Π<sub>t</sub>),0.0
91,No trend growth,Real interest rate (R<sub>t</sub>/Π<sub>t</sub>),0.0
92,No trend growth,Real interest rate (R<sub>t</sub>/Π<sub>t</sub>),0.0
93,No trend growth,Real interest rate (R<sub>t</sub>/Π<sub>t</sub>),0.0
94,No trend growth,Real interest rate (R<sub>t</sub>/Π<sub>t</sub>),0.0
95,No trend growth,Real interest rate (R<sub>t</sub>/Π<sub>t</sub>),0.0
96,No trend growth,Real interest rate (R<sub>t</sub>/Π<sub>t</sub>),0.0
97,No trend growth,Real interest rate (R<sub>t</sub>/Π<sub>t</sub>),0.0
98,No trend growth,Real interest rate (R<sub>t</sub>/Π<sub>t</sub>),0.0
99,No trend growth,Real interest rate (R<sub>t</sub>/Π<sub>t</sub>),0.0
100,No trend growth,Real interest rate (R<sub>t</sub>/Π<sub>t</sub>),0.0
1,Derived canonical NK,Real interest rate (R<sub>t</sub>/Π<sub>t</sub>),0.0
2,Derived canonical NK,Real interest rate (R<sub>t</sub>/Π<sub>t</sub>),0.0
3,Derived canonical NK,Real interest rate (R<sub>t</sub>/Π<sub>t</sub>),0.0
4,Derived canonical NK,Real interest rate (R<sub>t</sub>/Π<sub>t</sub>),0.0
5,Derived canonical NK,Real interest rate (R<sub>t</sub>/Π<sub>t</sub>),0.0
6,Derived canonical NK,Real interest rate (R<sub>t</sub>/Π<sub>t</sub>),0.0
7,Derived canonical NK,Real interest rate (R<sub>t</sub>/Π<sub>t</sub>),0.0
8,Derived canonical NK,Real interest rate (R<sub>t</sub>/Π<sub>t</sub>),0.0
9,Derived canonical NK,Real interest rate (R<sub>t</sub>/Π<sub>t</sub>),0.0
10,Derived canonical NK,Real interest rate (R<sub>t</sub>/Π<sub>t</sub>),0.0
11,Derived canonical NK,Real interest rate (R<sub>t</sub>/Π<sub>t</sub>),0.0
12,Derived canonical NK,Real interest rate (R<sub>t</sub>/Π<sub>t</sub>),0.0
13,Derived canonical NK,Real interest rate (R<sub>t</sub>/Π<sub>t</sub>),0.0
14,Derived canonical NK,Real interest rate (R<sub>t</sub>/Π<sub>t</sub>),0.0
15,Derived canonical NK,Real interest rate (R<sub>t</sub>/Π<sub>t</sub>),0.0
16,Derived canonical NK,Real interest rate (R<sub>t</sub>/Π<sub>t</sub>),0.0
17,Derived canonical NK,Real interest rate (R<sub>t</sub>/Π<sub>t</sub>),0.0
18,Derived canonical NK,Real interest rate (R<sub>t</sub>/Π<sub>t</sub>),0.0
19,Derived canonical NK,Real interest rate (R<sub>t</sub>/Π<sub>t</sub>),0.0
20,Derived canonical NK,Real interest rate (R<sub>t</sub>/Π<sub>t</sub>),0.0
21,Derived canonical NK,Real interest rate (R<sub>t</sub>/Π<sub>t</sub>),0.0
22,Derived canonical NK,Real interest rate (R<sub>t</sub>/Π<sub>t</sub>),0.0
23,Derived canonical NK,Real interest rate (R<sub>t</sub>/Π<sub>t</sub>),0.0
24,Derived canonical NK,Real interest rate (R<sub>t</sub>/Π<sub>t</sub>),0.0
25,Derived canonical NK,Real interest rate (R<sub>t</sub>/Π<sub>t</sub>),0.0
26,Derived canonical NK,Real interest rate (R<sub>t</sub>/Π<sub>t</sub>),0.0
27,Derived canonical NK,Real interest rate (R<sub>t</sub>/Π<sub>t</sub>),0.0
28,Derived canonical NK,Real interest rate (R<sub>t</sub>/Π<sub>t</sub>),0.0
29,Derived canonical NK,Real interest rate (R<sub>t</sub>/Π<sub>t</sub>),0.0
30,Derived canonical NK,Real interest rate (R<sub>t</sub>/Π<sub>t</sub>),0.0
31,Derived canonical NK,Real interest rate (R<sub>t</sub>/Π<sub>t</sub>),0.0
32,Derived canonical NK,Real interest rate (R<sub>t</sub>/Π<sub>t</sub>),0.0
33,Derived canonical NK,Real interest rate (R<sub>t</sub>/Π<sub>t</sub>),0.0
34,Derived canonical NK,Real interest rate (R<sub>t</sub>/Π<sub>t</sub>),0.0
35,Derived canonical NK,Real interest rate (R<sub>t</sub>/Π<sub>t</sub>),0.0
36,Derived canonical NK,Real interest rate (R<sub>t</sub>/Π<sub>t</sub>),0.0
37,Derived canonical NK,Real interest rate (R<sub>t</sub>/Π<sub>t</sub>),0.0
38,Derived canonical NK,Real interest rate (R<sub>t</sub>/Π<sub>t</sub>),0.0
39,Derived canonical NK,Real interest rate (R<sub>t</sub>/Π<sub>t</sub>),0.0
40,Derived canonical NK,Real interest rate (R<sub>t</sub>/Π<sub>t</sub>),0.0
41,Derived canonical NK,Real interest rate (R<sub>t</sub>/Π<sub>t</sub>),0.0
42,Derived canonical NK,Real interest rate (R<sub>t</sub>/Π<sub>t</sub>),0.0
43,Derived canonical NK,Real interest rate (R<sub>t</sub>/Π<sub>t</sub>),0.0
44,Derived canonical NK,Real interest rate (R<sub>t</sub>/Π<sub>t</sub>),0.0
45,Derived canonical NK,Real interest rate (R<sub>t</sub>/Π<sub>t</sub>),0.0
46,Derived canonical NK,Real interest rate (R<sub>t</sub>/Π<sub>t</sub>),0.0
47,Derived canonical NK,Real interest rate (R<sub>t</sub>/Π<sub>t</sub>),0.0
48,Derived canonical NK,Real interest rate (R<sub>t</sub>/Π<sub>t</sub>),0.0
49,Derived canonical NK,Real interest rate (R<sub>t</sub>/Π<sub>t</sub>),0.0
50,Derived canonical NK,Real interest rate (R<sub>t</sub>/Π<sub>t</sub>),0.0
51,Derived canonical NK,Real interest rate (R<sub>t</sub>/Π<sub>t</sub>),0.0
52,Derived canonical NK,Real interest rate (R<sub>t</sub>/Π<sub>t</sub>),0.0
53,Derived canonical NK,Real interest rate (R<sub>t</sub>/Π<sub>t</sub>),0.0
54,Derived canonical NK,Real interest rate (R<sub>t</sub>/Π<sub>t</sub>),0.0
55,Derived canonical NK,Real interest rate (R<sub>t</sub>/Π<sub>t</sub>),0.0
56,Derived canonical NK,Real interest rate (R<sub>t</sub>/Π<sub>t</sub>),0.0
57,Derived canonical NK,Real interest rate (R<sub>t</sub>/Π<sub>t</sub>),0.0
58,Derived canonical NK,Real interest rate (R<sub>t</sub>/Π<sub>t</sub>),0.0
59,Derived canonical NK,Real interest rate (R<sub>t</sub>/Π<sub>t</sub>),0.0
60,Derived canonical NK,Real interest rate (R<sub>t</sub>/Π<sub>t</sub>),0.0
61,Derived canonical NK,Real interest rate (R<sub>t</sub>/Π<sub>t</sub>),0.0
62,Derived canonical NK,Real interest rate (R<sub>t</sub>/Π<sub>t</sub>),0.0
63,Derived canonical NK,Real interest rate (R<sub>t</sub>/Π<sub>t</sub>),0.0
64,Derived canonical NK,Real interest rate (R<sub>t</sub>/Π<sub>t</sub>),0.0
65,Derived canonical NK,Real interest rate (R<sub>t</sub>/Π<sub>t</sub>),0.0
66,Derived canonical NK,Real interest rate (R<sub>t</sub>/Π<sub>t</sub>),0.0
67,Derived canonical NK,Real interest rate (R<sub>t</sub>/Π<sub>t</sub>),0.0
68,Derived canonical NK,Real interest rate (R<sub>t</sub>/Π<sub>t</sub>),0.0
69,Derived canonical NK,Real interest rate (R<sub>t</sub>/Π<sub>t</sub>),0.0
70,Derived canonical NK,Real interest rate (R<sub>t</sub>/Π<sub>t</sub>),0.0
71,Derived canonical NK,Real interest rate (R<sub>t</sub>/Π<sub>t</sub>),0.0
72,Derived canonical NK,Real interest rate (R<sub>t</sub>/Π<sub>t</sub>),0.0
73,Derived canonical NK,Real interest rate (R<sub>t</sub>/Π<sub>t</sub>),0.0
74,Derived canonical NK,Real interest rate (R<sub>t</sub>/Π<sub>t</sub>),0.0
75,Derived canonical NK,Real interest rate (R<sub>t</sub>/Π<sub>t</sub>),0.0
76,Derived canonical NK,Real interest rate (R<sub>t</sub>/Π<sub>t</sub>),0.0
77,Derived canonical NK,Real interest rate (R<sub>t</sub>/Π<sub>t</sub>),0.0
78,Derived canonical NK,Real interest rate (R<sub>t</sub>/Π<sub>t</sub>),0.0
79,Derived canonical NK,Real interest rate (R<sub>t</sub>/Π<sub>t</sub>),0.0
80,Derived canonical NK,Real interest rate (R<sub>t</sub>/Π<sub>t</sub>),0.0
81,Derived canonical NK,Real interest rate (R<sub>t</sub>/Π<sub>t</sub>),0.0
82,Derived canonical NK,Real interest rate (R<sub>t</sub>/Π<sub>t</sub>),0.0
83,Derived canonical NK,Real interest rate (R<sub>t</sub>/Π<sub>t</sub>),0.0
84,Derived canonical NK,Real interest rate (R<sub>t</sub>/Π<sub>t</sub>),0.0
85,Derived canonical NK,Real interest rate (R<sub>t</sub>/Π<sub>t</sub>),0.0
86,Derived canonical NK,Real interest rate (R<sub>t</sub>/Π<sub>t</sub>),0.0
87,Derived canonical NK,Real interest rate (R<sub>t</sub>/Π<sub>t</sub>),0.0
88,Derived canonical NK,Real interest rate (R<sub>t</sub>/Π<sub>t</sub>),0.0
89,Derived canonical NK,Real interest rate (R<sub>t</sub>/Π<sub>t</sub>),0.0
90,Derived canonical NK,Real interest rate (R<sub>t</sub>/Π<sub>t</sub>),0.0
91,Derived canonical NK,Real interest rate (R<sub>t</sub>/Π<sub>t</sub>),0.0
92,Derived canonical NK,Real interest rate (R<sub>t</sub>/Π<sub>t</sub>),0.0
93,Derived canonical NK,Real interest rate (R<sub>t</sub>/Π<sub>t</sub>),0.0
94,Derived canonical NK,Real interest rate (R<sub>t</sub>/Π<sub>t</sub>),0.0
95,Derived canonical NK,Real interest rate (R<sub>t</sub>/Π<sub>t</sub>),0.0
96,Derived canonical NK,Real interest rate (R<sub>t</sub>/Π<sub>t</sub>),0.0
97,Derived canonical NK,Real interest rate (R<sub>t</sub>/Π<sub>t</sub>),0.0
98,Derived canonical NK,Real interest rate (R<sub>t</sub>/Π<sub>t</sub>),0.0
99,Derived canonical NK,Real interest rate (R<sub>t</sub>/Π<sub>t</sub>),0.0
100,Derived canonical NK,Real interest rate (R<sub>t</sub>/Π<sub>t</sub>),0.0
1,Canonical NK control,Real interest rate (R<sub>t</sub>/Π<sub>t</sub>),0.0
2,Canonical NK control,Real interest rate (R<sub>t</sub>/Π<sub>t</sub>),0.0
3,Canonical NK control,Real interest rate (R<sub>t</sub>/Π<sub>t</sub>),0.0
4,Canonical NK control,Real interest rate (R<sub>t</sub>/Π<sub>t</sub>),0.0
5,Canonical NK control,Real interest rate (R<sub>t</sub>/Π<sub>t</sub>),0.0
6,Canonical NK control,Real interest rate (R<sub>t</sub>/Π<sub>t</sub>),0.0
7,Canonical NK control,Real interest rate (R<sub>t</sub>/Π<sub>t</sub>),0.0
8,Canonical NK control,Real interest rate (R<sub>t</sub>/Π<sub>t</sub>),0.0
9,Canonical NK control,Real interest rate (R<sub>t</sub>/Π<sub>t</sub>),0.0
10,Canonical NK control,Real interest rate (R<sub>t</sub>/Π<sub>t</sub>),0.0
11,Canonical NK control,Real interest rate (R<sub>t</sub>/Π<sub>t</sub>),0.0
12,Canonical NK control,Real interest rate (R<sub>t</sub>/Π<sub>t</sub>),0.0
13,Canonical NK control,Real interest rate (R<sub>t</sub>/Π<sub>t</sub>),0.0
14,Canonical NK control,Real interest rate (R<sub>t</sub>/Π<sub>t</sub>),0.0
15,Canonical NK control,Real interest rate (R<sub>t</sub>/Π<sub>t</sub>),0.0
16,Canonical NK control,Real interest rate (R<sub>t</sub>/Π<sub>t</sub>),0.0
17,Canonical NK control,Real interest rate (R<sub>t</sub>/Π<sub>t</sub>),0.0
18,Canonical NK control,Real interest rate (R<sub>t</sub>/Π<sub>t</sub>),0.0
19,Canonical NK control,Real interest rate (R<sub>t</sub>/Π<sub>t</sub>),0.0
20,Canonical NK control,Real interest rate (R<sub>t</sub>/Π<sub>t</sub>),0.0
21,Canonical NK control,Real interest rate (R<sub>t</sub>/Π<sub>t</sub>),0.0
22,Canonical NK control,Real interest rate (R<sub>t</sub>/Π<sub>t</sub>),0.0
23,Canonical NK control,Real interest rate (R<sub>t</sub>/Π<sub>t</sub>),0.0
24,Canonical NK control,Real interest rate (R<sub>t</sub>/Π<sub>t</sub>),0.0
25,Canonical NK control,Real interest rate (R<sub>t</sub>/Π<sub>t</sub>),0.0
26,Canonical NK control,Real interest rate (R<sub>t</sub>/Π<sub>t</sub>),0.0
27,Canonical NK control,Real interest rate (R<sub>t</sub>/Π<sub>t</sub>),0.0
28,Canonical NK control,Real interest rate (R<sub>t</sub>/Π<sub>t</sub>),0.0
29,Canonical NK control,Real interest rate (R<sub>t</sub>/Π<sub>t</sub>),0.0
30,Canonical NK control,Real interest rate (R<sub>t</sub>/Π<sub>t</sub>),0.0
31,Canonical NK control,Real interest rate (R<sub>t</sub>/Π<sub>t</sub>),0.0
32,Canonical NK control,Real interest rate (R<sub>t</sub>/Π<sub>t</sub>),0.0
33,Canonical NK control,Real interest rate (R<sub>t</sub>/Π<sub>t</sub>),0.0
34,Canonical NK control,Real interest rate (R<sub>t</sub>/Π<sub>t</sub>),0.0
35,Canonical NK control,Real interest rate (R<sub>t</sub>/Π<sub>t</sub>),0.0
36,Canonical NK control,Real interest rate (R<sub>t</sub>/Π<sub>t</sub>),0.0
37,Canonical NK control,Real interest rate (R<sub>t</sub>/Π<sub>t</sub>),0.0
38,Canonical NK control,Real interest rate (R<sub>t</sub>/Π<sub>t</sub>),0.0
39,Canonical NK control,Real interest rate (R<sub>t</sub>/Π<sub>t</sub>),0.0
40,Canonical NK control,Real interest rate (R<sub>t</sub>/Π<sub>t</sub>),0.0
41,Canonical NK control,Real interest rate (R<sub>t</sub>/Π<sub>t</sub>),0.0
42,Canonical NK control,Real interest rate (R<sub>t</sub>/Π<sub>t</sub>),0.0
43,Canonical NK control,Real interest rate (R<sub>t</sub>/Π<sub>t</sub>),0.0
44,Canonical NK control,Real interest rate (R<sub>t</sub>/Π<sub>t</sub>),0.0
45,Canonical NK control,Real interest rate (R<sub>t</sub>/Π<sub>t</sub>),0.0
46,Canonical NK control,Real interest rate (R<sub>t</sub>/Π<sub>t</sub>),0.0
47,Canonical NK control,Real interest rate (R<sub>t</sub>/Π<sub>t</sub>),0.0
48,Canonical NK control,Real interest rate (R<sub>t</sub>/Π<sub>t</sub>),0.0
49,Canonical NK control,Real interest rate (R<sub>t</sub>/Π<sub>t</sub>),0.0
50,Canonical NK control,Real interest rate (R<sub>t</sub>/Π<sub>t</sub>),0.0
51,Canonical NK control,Real interest rate (R<sub>t</sub>/Π<sub>t</sub>),0.0
52,Canonical NK control,Real interest rate (R<sub>t</sub>/Π<sub>t</sub>),0.0
53,Canonical NK control,Real interest rate (R<sub>t</sub>/Π<sub>t</sub>),0.0
54,Canonical NK control,Real interest rate (R<sub>t</sub>/Π<sub>t</sub>),0.0
55,Canonical NK control,Real interest rate (R<sub>t</sub>/Π<sub>t</sub>),0.0
56,Canonical NK control,Real interest rate (R<sub>t</sub>/Π<sub>t</sub>),0.0
57,Canonical NK control,Real interest rate (R<sub>t</sub>/Π<sub>t</sub>),0.0
58,Canonical NK control,Real interest rate (R<sub>t</sub>/Π<sub>t</sub>),0.0
59,Canonical NK control,Real interest rate (R<sub>t</sub>/Π<sub>t</sub>),0.0
60,Canonical NK control,Real interest rate (R<sub>t</sub>/Π<sub>t</sub>),0.0
61,Canonical NK control,Real interest rate (R<sub>t</sub>/Π<sub>t</sub>),0.0
62,Canonical NK control,Real interest rate (R<sub>t</sub>/Π<sub>t</sub>),0.0
63,Canonical NK control,Real interest rate (R<sub>t</sub>/Π<sub>t</sub>),0.0
64,Canonical NK control,Real interest rate (R<sub>t</sub>/Π<sub>t</sub>),0.0
65,Canonical NK control,Real interest rate (R<sub>t</sub>/Π<sub>t</sub>),0.0
66,Canonical NK control,Real interest rate (R<sub>t</sub>/Π<sub>t</sub>),0.0
67,Canonical NK control,Real interest rate (R<sub>t</sub>/Π<sub>t</sub>),0.0
68,Canonical NK control,Real interest rate (R<sub>t</sub>/Π<sub>t</sub>),0.0
69,Canonical NK control,Real interest rate (R<sub>t</sub>/Π<sub>t</sub>),0.0
70,Canonical NK control,Real interest rate (R<sub>t</sub>/Π<sub>t</sub>),0.0
71,Canonical NK control,Real interest rate (R<sub>t</sub>/Π<sub>t</sub>),0.0
72,Canonical NK control,Real interest rate (R<sub>t</sub>/Π<sub>t</sub>),0.0
73,Canonical NK control,Real interest rate (R<sub>t</sub>/Π<sub>t</sub>),0.0
74,Canonical NK control,Real interest rate (R<sub>t</sub>/Π<sub>t</sub>),0.0
75,Canonical NK control,Real interest rate (R<sub>t</sub>/Π<sub>t</sub>),0.0
76,Canonical NK control,Real interest rate (R<sub>t</sub>/Π<sub>t</sub>),0.0
77,Canonical NK control,Real interest rate (R<sub>t</sub>/Π<sub>t</sub>),0.0
78,Canonical NK control,Real interest rate (R<sub>t</sub>/Π<sub>t</sub>),0.0
79,Canonical NK control,Real interest rate (R<sub>t</sub>/Π<sub>t</sub>),0.0
80,Canonical NK control,Real interest rate (R<sub>t</sub>/Π<sub>t</sub>),0.0
81,Canonical NK control,Real interest rate (R<sub>t</sub>/Π<sub>t</sub>),0.0
82,Canonical NK control,Real interest rate (R<sub>t</sub>/Π<sub>t</sub>),0.0
83,Canonical NK control,Real interest rate (R<sub>t</sub>/Π<sub>t</sub>),0.0
84,Canonical NK control,Real interest rate (R<sub>t</sub>/Π<sub>t</sub>),0.0
85,Canonical NK control,Real interest rate (R<sub>t</sub>/Π<sub>t</sub>),0.0
86,Canonical NK control,Real interest rate (R<sub>t</sub>/Π<sub>t</sub>),0.0
87,Canonical NK control,Real interest rate (R<sub>t</sub>/Π<sub>t</sub>),0.0
88,Canonical NK control,Real interest rate (R<sub>t</sub>/Π<sub>t</sub>),0.0
89,Canonical NK control,Real interest rate (R<sub>t</sub>/Π<sub>t</sub>),0.0
90,Canonical NK control,Real interest rate (R<sub>t</sub>/Π<sub>t</sub>),0.0
91,Canonical NK control,Real interest rate (R<sub>t</sub>/Π<sub>t</sub>),0.0
92,Canonical NK control,Real interest rate (R<sub>t</sub>/Π<sub>t</sub>),0.0
93,Canonical NK control,Real interest rate (R<sub>t</sub>/Π<sub>t</sub>),0.0
94,Canonical NK control,Real interest rate (R<sub>t</sub>/Π<sub>t</sub>),0.0
95,Canonical NK control,Real interest rate (R<sub>t</sub>/Π<sub>t</sub>),0.0
96,Canonical NK control,Real interest rate (R<sub>t</sub>/Π<sub>t</sub>),0.0
97,Canonical NK control,Real interest rate (R<sub>t</sub>/Π<sub>t</sub>),0.0
98,Canonical NK control,Real interest rate (R<sub>t</sub>/Π<sub>t</sub>),0.0
99,Canonical NK control,Real interest rate (R<sub>t</sub>/Π<sub>t</sub>),0.0
100,Canonical NK control,Real interest rate (R<sub>t</sub>/Π<sub>t</sub>),0.0
1,Full model,Primary deficit-to-GDP ratio,1.007
2,Full model,Primary deficit-to-GDP ratio,1.092
3,Full model,Primary deficit-to-GDP ratio,1.086
4,Full model,Primary deficit-to-GDP ratio,1.083
5,Full model,Primary deficit-to-GDP ratio,1.082
6,Full model,Primary deficit-to-GDP ratio,1.08
7,Full model,Primary deficit-to-GDP ratio,1.079
8,Full model,Primary deficit-to-GDP ratio,1.077
9,Full model,Primary deficit-to-GDP ratio,1.076
10,Full model,Primary deficit-to-GDP ratio,1.074
11,Full model,Primary deficit-to-GDP ratio,1.073
12,Full model,Primary deficit-to-GDP ratio,1.072
13,Full model,Primary deficit-to-GDP ratio,1.07
14,Full model,Primary deficit-to-GDP ratio,1.069
15,Full model,Primary deficit-to-GDP ratio,1.068
16,Full model,Primary deficit-to-GDP ratio,1.066
17,Full model,Primary deficit-to-GDP ratio,1.065
18,Full model,Primary deficit-to-GDP ratio,1.064
19,Full model,Primary deficit-to-GDP ratio,1.063
20,Full model,Primary deficit-to-GDP ratio,1.061
21,Full model,Primary deficit-to-GDP ratio,1.06
22,Full model,Primary deficit-to-GDP ratio,1.059
23,Full model,Primary deficit-to-GDP ratio,1.058
24,Full model,Primary deficit-to-GDP ratio,1.056
25,Full model,Primary deficit-to-GDP ratio,1.055
26,Full model,Primary deficit-to-GDP ratio,1.054
27,Full model,Primary deficit-to-GDP ratio,1.053
28,Full model,Primary deficit-to-GDP ratio,1.052
29,Full model,Primary deficit-to-GDP ratio,1.05
30,Full model,Primary deficit-to-GDP ratio,1.049
31,Full model,Primary deficit-to-GDP ratio,1.048
32,Full model,Primary deficit-to-GDP ratio,1.047
33,Full model,Primary deficit-to-GDP ratio,1.046
34,Full model,Primary deficit-to-GDP ratio,1.045
35,Full model,Primary deficit-to-GDP ratio,1.043
36,Full model,Primary deficit-to-GDP ratio,1.042
37,Full model,Primary deficit-to-GDP ratio,1.041
38,Full model,Primary deficit-to-GDP ratio,1.04
39,Full model,Primary deficit-to-GDP ratio,1.039
40,Full model,Primary deficit-to-GDP ratio,1.038
41,Full model,Primary deficit-to-GDP ratio,1.037
42,Full model,Primary deficit-to-GDP ratio,1.036
43,Full model,Primary deficit-to-GDP ratio,1.035
44,Full model,Primary deficit-to-GDP ratio,1.034
45,Full model,Primary deficit-to-GDP ratio,1.033
46,Full model,Primary deficit-to-GDP ratio,1.032
47,Full model,Primary deficit-to-GDP ratio,1.031
48,Full model,Primary deficit-to-GDP ratio,1.03
49,Full model,Primary deficit-to-GDP ratio,1.029
50,Full model,Primary deficit-to-GDP ratio,1.028
51,Full model,Primary deficit-to-GDP ratio,1.027
52,Full model,Primary deficit-to-GDP ratio,1.026
53,Full model,Primary deficit-to-GDP ratio,1.025
54,Full model,Primary deficit-to-GDP ratio,1.024
55,Full model,Primary deficit-to-GDP ratio,1.023
56,Full model,Primary deficit-to-GDP ratio,1.022
57,Full model,Primary deficit-to-GDP ratio,1.021
58,Full model,Primary deficit-to-GDP ratio,1.02
59,Full model,Primary deficit-to-GDP ratio,1.02
60,Full model,Primary deficit-to-GDP ratio,1.019
61,Full model,Primary deficit-to-GDP ratio,1.018
62,Full model,Primary deficit-to-GDP ratio,1.017
63,Full model,Primary deficit-to-GDP ratio,1.016
64,Full model,Primary deficit-to-GDP ratio,1.015
65,Full model,Primary deficit-to-GDP ratio,1.015
66,Full model,Primary deficit-to-GDP ratio,1.014
67,Full model,Primary deficit-to-GDP ratio,1.013
68,Full model,Primary deficit-to-GDP ratio,1.012
69,Full model,Primary deficit-to-GDP ratio,1.011
70,Full model,Primary deficit-to-GDP ratio,1.011
71,Full model,Primary deficit-to-GDP ratio,1.01
72,Full model,Primary deficit-to-GDP ratio,1.009
73,Full model,Primary deficit-to-GDP ratio,1.008
74,Full model,Primary deficit-to-GDP ratio,1.008
75,Full model,Primary deficit-to-GDP ratio,1.007
76,Full model,Primary deficit-to-GDP ratio,1.006
77,Full model,Primary deficit-to-GDP ratio,1.005
78,Full model,Primary deficit-to-GDP ratio,1.005
79,Full model,Primary deficit-to-GDP ratio,1.004
80,Full model,Primary deficit-to-GDP ratio,1.003
81,Full model,Primary deficit-to-GDP ratio,1.003
82,Full model,Primary deficit-to-GDP ratio,1.002
83,Full model,Primary deficit-to-GDP ratio,1.001
84,Full model,Primary deficit-to-GDP ratio,1.001
85,Full model,Primary deficit-to-GDP ratio,1.0
86,Full model,Primary deficit-to-GDP ratio,0.999
87,Full model,Primary deficit-to-GDP ratio,0.999
88,Full model,Primary deficit-to-GDP ratio,0.998
89,Full model,Primary deficit-to-GDP ratio,0.998
90,Full model,Primary deficit-to-GDP ratio,0.997
91,Full model,Primary deficit-to-GDP ratio,0.996
92,Full model,Primary deficit-to-GDP ratio,0.996
93,Full model,Primary deficit-to-GDP ratio,0.995
94,Full model,Primary deficit-to-GDP ratio,0.995
95,Full model,Primary deficit-to-GDP ratio,0.994
96,Full model,Primary deficit-to-GDP ratio,0.993
97,Full model,Primary deficit-to-GDP ratio,0.993
98,Full model,Primary deficit-to-GDP ratio,0.992
99,Full model,Primary deficit-to-GDP ratio,0.992
100,Full model,Primary deficit-to-GDP ratio,0.991
1,No endogenous technology,Primary deficit-to-GDP ratio,1.013
2,No endogenous technology,Primary deficit-to-GDP ratio,1.092
3,No endogenous technology,Primary deficit-to-GDP ratio,1.086
4,No endogenous technology,Primary deficit-to-GDP ratio,1.084
5,No endogenous technology,Primary deficit-to-GDP ratio,1.082
6,No endogenous technology,Primary deficit-to-GDP ratio,1.081
7,No endogenous technology,Primary deficit-to-GDP ratio,1.08
8,No endogenous technology,Primary deficit-to-GDP ratio,1.078
9,No endogenous technology,Primary deficit-to-GDP ratio,1.077
10,No endogenous technology,Primary deficit-to-GDP ratio,1.076
11,No endogenous technology,Primary deficit-to-GDP ratio,1.075
12,No endogenous technology,Primary deficit-to-GDP ratio,1.074
13,No endogenous technology,Primary deficit-to-GDP ratio,1.072
14,No endogenous technology,Primary deficit-to-GDP ratio,1.071
15,No endogenous technology,Primary deficit-to-GDP ratio,1.07
16,No endogenous technology,Primary deficit-to-GDP ratio,1.069
17,No endogenous technology,Primary deficit-to-GDP ratio,1.068
18,No endogenous technology,Primary deficit-to-GDP ratio,1.067
19,No endogenous technology,Primary deficit-to-GDP ratio,1.066
20,No endogenous technology,Primary deficit-to-GDP ratio,1.065
21,No endogenous technology,Primary deficit-to-GDP ratio,1.064
22,No endogenous technology,Primary deficit-to-GDP ratio,1.063
23,No endogenous technology,Primary deficit-to-GDP ratio,1.062
24,No endogenous technology,Primary deficit-to-GDP ratio,1.061
25,No endogenous technology,Primary deficit-to-GDP ratio,1.06
26,No endogenous technology,Primary deficit-to-GDP ratio,1.06
27,No endogenous technology,Primary deficit-to-GDP ratio,1.059
28,No endogenous technology,Primary deficit-to-GDP ratio,1.058
29,No endogenous technology,Primary deficit-to-GDP ratio,1.057
30,No endogenous technology,Primary deficit-to-GDP ratio,1.056
31,No endogenous technology,Primary deficit-to-GDP ratio,1.055
32,No endogenous technology,Primary deficit-to-GDP ratio,1.055
33,No endogenous technology,Primary deficit-to-GDP ratio,1.054
34,No endogenous technology,Primary deficit-to-GDP ratio,1.053
35,No endogenous technology,Primary deficit-to-GDP ratio,1.052
36,No endogenous technology,Primary deficit-to-GDP ratio,1.052
37,No endogenous technology,Primary deficit-to-GDP ratio,1.051
38,No endogenous technology,Primary deficit-to-GDP ratio,1.05
39,No endogenous technology,Primary deficit-to-GDP ratio,1.05
40,No endogenous technology,Primary deficit-to-GDP ratio,1.049
41,No endogenous technology,Primary deficit-to-GDP ratio,1.048
42,No endogenous technology,Primary deficit-to-GDP ratio,1.048
43,No endogenous technology,Primary deficit-to-GDP ratio,1.047
44,No endogenous technology,Primary deficit-to-GDP ratio,1.047
45,No endogenous technology,Primary deficit-to-GDP ratio,1.046
46,No endogenous technology,Primary deficit-to-GDP ratio,1.046
47,No endogenous technology,Primary deficit-to-GDP ratio,1.045
48,No endogenous technology,Primary deficit-to-GDP ratio,1.044
49,No endogenous technology,Primary deficit-to-GDP ratio,1.044
50,No endogenous technology,Primary deficit-to-GDP ratio,1.043
51,No endogenous technology,Primary deficit-to-GDP ratio,1.043
52,No endogenous technology,Primary deficit-to-GDP ratio,1.042
53,No endogenous technology,Primary deficit-to-GDP ratio,1.042
54,No endogenous technology,Primary deficit-to-GDP ratio,1.041
55,No endogenous technology,Primary deficit-to-GDP ratio,1.041
56,No endogenous technology,Primary deficit-to-GDP ratio,1.041
57,No endogenous technology,Primary deficit-to-GDP ratio,1.04
58,No endogenous technology,Primary deficit-to-GDP ratio,1.04
59,No endogenous technology,Primary deficit-to-GDP ratio,1.039
60,No endogenous technology,Primary deficit-to-GDP ratio,1.039
61,No endogenous technology,Primary deficit-to-GDP ratio,1.039
62,No endogenous technology,Primary deficit-to-GDP ratio,1.038
63,No endogenous technology,Primary deficit-to-GDP ratio,1.038
64,No endogenous technology,Primary deficit-to-GDP ratio,1.037
65,No endogenous technology,Primary deficit-to-GDP ratio,1.037
66,No endogenous technology,Primary deficit-to-GDP ratio,1.037
67,No endogenous technology,Primary deficit-to-GDP ratio,1.036
68,No endogenous technology,Primary deficit-to-GDP ratio,1.036
69,No endogenous technology,Primary deficit-to-GDP ratio,1.036
70,No endogenous technology,Primary deficit-to-GDP ratio,1.035
71,No endogenous technology,Primary deficit-to-GDP ratio,1.035
72,No endogenous technology,Primary deficit-to-GDP ratio,1.035
73,No endogenous technology,Primary deficit-to-GDP ratio,1.034
74,No endogenous technology,Primary deficit-to-GDP ratio,1.034
75,No endogenous technology,Primary deficit-to-GDP ratio,1.034
76,No endogenous technology,Primary deficit-to-GDP ratio,1.034
77,No endogenous technology,Primary deficit-to-GDP ratio,1.033
78,No endogenous technology,Primary deficit-to-GDP ratio,1.033
79,No endogenous technology,Primary deficit-to-GDP ratio,1.033
80,No endogenous technology,Primary deficit-to-GDP ratio,1.033
81,No endogenous technology,Primary deficit-to-GDP ratio,1.032
82,No endogenous technology,Primary deficit-to-GDP ratio,1.032
83,No endogenous technology,Primary deficit-to-GDP ratio,1.032
84,No endogenous technology,Primary deficit-to-GDP ratio,1.032
85,No endogenous technology,Primary deficit-to-GDP ratio,1.031
86,No endogenous technology,Primary deficit-to-GDP ratio,1.031
87,No endogenous technology,Primary deficit-to-GDP ratio,1.031
88,No endogenous technology,Primary deficit-to-GDP ratio,1.031
89,No endogenous technology,Primary deficit-to-GDP ratio,1.031
90,No endogenous technology,Primary deficit-to-GDP ratio,1.03
91,No endogenous technology,Primary deficit-to-GDP ratio,1.03
92,No endogenous technology,Primary deficit-to-GDP ratio,1.03
93,No endogenous technology,Primary deficit-to-GDP ratio,1.03
94,No endogenous technology,Primary deficit-to-GDP ratio,1.03
95,No endogenous technology,Primary deficit-to-GDP ratio,1.03
96,No endogenous technology,Primary deficit-to-GDP ratio,1.029
97,No endogenous technology,Primary deficit-to-GDP ratio,1.029
98,No endogenous technology,Primary deficit-to-GDP ratio,1.029
99,No endogenous technology,Primary deficit-to-GDP ratio,1.029
100,No endogenous technology,Primary deficit-to-GDP ratio,1.029
1,No human capital,Primary deficit-to-GDP ratio,1.038
2,No human capital,Primary deficit-to-GDP ratio,1.092
3,No human capital,Primary deficit-to-GDP ratio,1.088
4,No human capital,Primary deficit-to-GDP ratio,1.086
5,No human capital,Primary deficit-to-GDP ratio,1.085
6,No human capital,Primary deficit-to-GDP ratio,1.084
7,No human capital,Primary deficit-to-GDP ratio,1.083
8,No human capital,Primary deficit-to-GDP ratio,1.082
9,No human capital,Primary deficit-to-GDP ratio,1.081
10,No human capital,Primary deficit-to-GDP ratio,1.081
11,No human capital,Primary deficit-to-GDP ratio,1.08
12,No human capital,Primary deficit-to-GDP ratio,1.079
13,No human capital,Primary deficit-to-GDP ratio,1.079
14,No human capital,Primary deficit-to-GDP ratio,1.078
15,No human capital,Primary deficit-to-GDP ratio,1.077
16,No human capital,Primary deficit-to-GDP ratio,1.077
17,No human capital,Primary deficit-to-GDP ratio,1.076
18,No human capital,Primary deficit-to-GDP ratio,1.076
19,No human capital,Primary deficit-to-GDP ratio,1.075
20,No human capital,Primary deficit-to-GDP ratio,1.075
21,No human capital,Primary deficit-to-GDP ratio,1.074
22,No human capital,Primary deficit-to-GDP ratio,1.074
23,No human capital,Primary deficit-to-GDP ratio,1.073
24,No human capital,Primary deficit-to-GDP ratio,1.073
25,No human capital,Primary deficit-to-GDP ratio,1.073
26,No human capital,Primary deficit-to-GDP ratio,1.072
27,No human capital,Primary deficit-to-GDP ratio,1.072
28,No human capital,Primary deficit-to-GDP ratio,1.071
29,No human capital,Primary deficit-to-GDP ratio,1.071
30,No human capital,Primary deficit-to-GDP ratio,1.071
31,No human capital,Primary deficit-to-GDP ratio,1.07
32,No human capital,Primary deficit-to-GDP ratio,1.07
33,No human capital,Primary deficit-to-GDP ratio,1.07
34,No human capital,Primary deficit-to-GDP ratio,1.069
35,No human capital,Primary deficit-to-GDP ratio,1.069
36,No human capital,Primary deficit-to-GDP ratio,1.069
37,No human capital,Primary deficit-to-GDP ratio,1.069
38,No human capital,Primary deficit-to-GDP ratio,1.068
39,No human capital,Primary deficit-to-GDP ratio,1.068
40,No human capital,Primary deficit-to-GDP ratio,1.068
41,No human capital,Primary deficit-to-GDP ratio,1.068
42,No human capital,Primary deficit-to-GDP ratio,1.067
43,No human capital,Primary deficit-to-GDP ratio,1.067
44,No human capital,Primary deficit-to-GDP ratio,1.067
45,No human capital,Primary deficit-to-GDP ratio,1.067
46,No human capital,Primary deficit-to-GDP ratio,1.067
47,No human capital,Primary deficit-to-GDP ratio,1.066
48,No human capital,Primary deficit-to-GDP ratio,1.066
49,No human capital,Primary deficit-to-GDP ratio,1.066
50,No human capital,Primary deficit-to-GDP ratio,1.066
51,No human capital,Primary deficit-to-GDP ratio,1.066
52,No human capital,Primary deficit-to-GDP ratio,1.066
53,No human capital,Primary deficit-to-GDP ratio,1.065
54,No human capital,Primary deficit-to-GDP ratio,1.065
55,No human capital,Primary deficit-to-GDP ratio,1.065
56,No human capital,Primary deficit-to-GDP ratio,1.065
57,No human capital,Primary deficit-to-GDP ratio,1.065
58,No human capital,Primary deficit-to-GDP ratio,1.065
59,No human capital,Primary deficit-to-GDP ratio,1.065
60,No human capital,Primary deficit-to-GDP ratio,1.065
61,No human capital,Primary deficit-to-GDP ratio,1.064
62,No human capital,Primary deficit-to-GDP ratio,1.064
63,No human capital,Primary deficit-to-GDP ratio,1.064
64,No human capital,Primary deficit-to-GDP ratio,1.064
65,No human capital,Primary deficit-to-GDP ratio,1.064
66,No human capital,Primary deficit-to-GDP ratio,1.064
67,No human capital,Primary deficit-to-GDP ratio,1.064
68,No human capital,Primary deficit-to-GDP ratio,1.064
69,No human capital,Primary deficit-to-GDP ratio,1.064
70,No human capital,Primary deficit-to-GDP ratio,1.064
71,No human capital,Primary deficit-to-GDP ratio,1.063
72,No human capital,Primary deficit-to-GDP ratio,1.063
73,No human capital,Primary deficit-to-GDP ratio,1.063
74,No human capital,Primary deficit-to-GDP ratio,1.063
75,No human capital,Primary deficit-to-GDP ratio,1.063
76,No human capital,Primary deficit-to-GDP ratio,1.063
77,No human capital,Primary deficit-to-GDP ratio,1.063
78,No human capital,Primary deficit-to-GDP ratio,1.063
79,No human capital,Primary deficit-to-GDP ratio,1.063
80,No human capital,Primary deficit-to-GDP ratio,1.063
81,No human capital,Primary deficit-to-GDP ratio,1.063
82,No human capital,Primary deficit-to-GDP ratio,1.063
83,No human capital,Primary deficit-to-GDP ratio,1.063
84,No human capital,Primary deficit-to-GDP ratio,1.063
85,No human capital,Primary deficit-to-GDP ratio,1.063
86,No human capital,Primary deficit-to-GDP ratio,1.063
87,No human capital,Primary deficit-to-GDP ratio,1.063
88,No human capital,Primary deficit-to-GDP ratio,1.063
89,No human capital,Primary deficit-to-GDP ratio,1.062
90,No human capital,Primary deficit-to-GDP ratio,1.062
91,No human capital,Primary deficit-to-GDP ratio,1.062
92,No human capital,Primary deficit-to-GDP ratio,1.062
93,No human capital,Primary deficit-to-GDP ratio,1.062
94,No human capital,Primary deficit-to-GDP ratio,1.062
95,No human capital,Primary deficit-to-GDP ratio,1.062
96,No human capital,Primary deficit-to-GDP ratio,1.062
97,No human capital,Primary deficit-to-GDP ratio,1.062
98,No human capital,Primary deficit-to-GDP ratio,1.062
99,No human capital,Primary deficit-to-GDP ratio,1.062
100,No human capital,Primary deficit-to-GDP ratio,1.062
1,No public infrastructure,Primary deficit-to-GDP ratio,1.038
2,No public infrastructure,Primary deficit-to-GDP ratio,1.092
3,No public infrastructure,Primary deficit-to-GDP ratio,1.088
4,No public infrastructure,Primary deficit-to-GDP ratio,1.086
5,No public infrastructure,Primary deficit-to-GDP ratio,1.085
6,No public infrastructure,Primary deficit-to-GDP ratio,1.084
7,No public infrastructure,Primary deficit-to-GDP ratio,1.083
8,No public infrastructure,Primary deficit-to-GDP ratio,1.082
9,No public infrastructure,Primary deficit-to-GDP ratio,1.081
10,No public infrastructure,Primary deficit-to-GDP ratio,1.081
11,No public infrastructure,Primary deficit-to-GDP ratio,1.08
12,No public infrastructure,Primary deficit-to-GDP ratio,1.079
13,No public infrastructure,Primary deficit-to-GDP ratio,1.079
14,No public infrastructure,Primary deficit-to-GDP ratio,1.078
15,No public infrastructure,Primary deficit-to-GDP ratio,1.077
16,No public infrastructure,Primary deficit-to-GDP ratio,1.077
17,No public infrastructure,Primary deficit-to-GDP ratio,1.076
18,No public infrastructure,Primary deficit-to-GDP ratio,1.076
19,No public infrastructure,Primary deficit-to-GDP ratio,1.075
20,No public infrastructure,Primary deficit-to-GDP ratio,1.075
21,No public infrastructure,Primary deficit-to-GDP ratio,1.074
22,No public infrastructure,Primary deficit-to-GDP ratio,1.074
23,No public infrastructure,Primary deficit-to-GDP ratio,1.073
24,No public infrastructure,Primary deficit-to-GDP ratio,1.073
25,No public infrastructure,Primary deficit-to-GDP ratio,1.073
26,No public infrastructure,Primary deficit-to-GDP ratio,1.072
27,No public infrastructure,Primary deficit-to-GDP ratio,1.072
28,No public infrastructure,Primary deficit-to-GDP ratio,1.071
29,No public infrastructure,Primary deficit-to-GDP ratio,1.071
30,No public infrastructure,Primary deficit-to-GDP ratio,1.071
31,No public infrastructure,Primary deficit-to-GDP ratio,1.07
32,No public infrastructure,Primary deficit-to-GDP ratio,1.07
33,No public infrastructure,Primary deficit-to-GDP ratio,1.07
34,No public infrastructure,Primary deficit-to-GDP ratio,1.069
35,No public infrastructure,Primary deficit-to-GDP ratio,1.069
36,No public infrastructure,Primary deficit-to-GDP ratio,1.069
37,No public infrastructure,Primary deficit-to-GDP ratio,1.069
38,No public infrastructure,Primary deficit-to-GDP ratio,1.068
39,No public infrastructure,Primary deficit-to-GDP ratio,1.068
40,No public infrastructure,Primary deficit-to-GDP ratio,1.068
41,No public infrastructure,Primary deficit-to-GDP ratio,1.068
42,No public infrastructure,Primary deficit-to-GDP ratio,1.067
43,No public infrastructure,Primary deficit-to-GDP ratio,1.067
44,No public infrastructure,Primary deficit-to-GDP ratio,1.067
45,No public infrastructure,Primary deficit-to-GDP ratio,1.067
46,No public infrastructure,Primary deficit-to-GDP ratio,1.067
47,No public infrastructure,Primary deficit-to-GDP ratio,1.066
48,No public infrastructure,Primary deficit-to-GDP ratio,1.066
49,No public infrastructure,Primary deficit-to-GDP ratio,1.066
50,No public infrastructure,Primary deficit-to-GDP ratio,1.066
51,No public infrastructure,Primary deficit-to-GDP ratio,1.066
52,No public infrastructure,Primary deficit-to-GDP ratio,1.066
53,No public infrastructure,Primary deficit-to-GDP ratio,1.065
54,No public infrastructure,Primary deficit-to-GDP ratio,1.065
55,No public infrastructure,Primary deficit-to-GDP ratio,1.065
56,No public infrastructure,Primary deficit-to-GDP ratio,1.065
57,No public infrastructure,Primary deficit-to-GDP ratio,1.065
58,No public infrastructure,Primary deficit-to-GDP ratio,1.065
59,No public infrastructure,Primary deficit-to-GDP ratio,1.065
60,No public infrastructure,Primary deficit-to-GDP ratio,1.065
61,No public infrastructure,Primary deficit-to-GDP ratio,1.064
62,No public infrastructure,Primary deficit-to-GDP ratio,1.064
63,No public infrastructure,Primary deficit-to-GDP ratio,1.064
64,No public infrastructure,Primary deficit-to-GDP ratio,1.064
65,No public infrastructure,Primary deficit-to-GDP ratio,1.064
66,No public infrastructure,Primary deficit-to-GDP ratio,1.064
67,No public infrastructure,Primary deficit-to-GDP ratio,1.064
68,No public infrastructure,Primary deficit-to-GDP ratio,1.064
69,No public infrastructure,Primary deficit-to-GDP ratio,1.064
70,No public infrastructure,Primary deficit-to-GDP ratio,1.064
71,No public infrastructure,Primary deficit-to-GDP ratio,1.063
72,No public infrastructure,Primary deficit-to-GDP ratio,1.063
73,No public infrastructure,Primary deficit-to-GDP ratio,1.063
74,No public infrastructure,Primary deficit-to-GDP ratio,1.063
75,No public infrastructure,Primary deficit-to-GDP ratio,1.063
76,No public infrastructure,Primary deficit-to-GDP ratio,1.063
77,No public infrastructure,Primary deficit-to-GDP ratio,1.063
78,No public infrastructure,Primary deficit-to-GDP ratio,1.063
79,No public infrastructure,Primary deficit-to-GDP ratio,1.063
80,No public infrastructure,Primary deficit-to-GDP ratio,1.063
81,No public infrastructure,Primary deficit-to-GDP ratio,1.063
82,No public infrastructure,Primary deficit-to-GDP ratio,1.063
83,No public infrastructure,Primary deficit-to-GDP ratio,1.063
84,No public infrastructure,Primary deficit-to-GDP ratio,1.063
85,No public infrastructure,Primary deficit-to-GDP ratio,1.063
86,No public infrastructure,Primary deficit-to-GDP ratio,1.063
87,No public infrastructure,Primary deficit-to-GDP ratio,1.063
88,No public infrastructure,Primary deficit-to-GDP ratio,1.063
89,No public infrastructure,Primary deficit-to-GDP ratio,1.062
90,No public infrastructure,Primary deficit-to-GDP ratio,1.062
91,No public infrastructure,Primary deficit-to-GDP ratio,1.062
92,No public infrastructure,Primary deficit-to-GDP ratio,1.062
93,No public infrastructure,Primary deficit-to-GDP ratio,1.062
94,No public infrastructure,Primary deficit-to-GDP ratio,1.062
95,No public infrastructure,Primary deficit-to-GDP ratio,1.062
96,No public infrastructure,Primary deficit-to-GDP ratio,1.062
97,No public infrastructure,Primary deficit-to-GDP ratio,1.062
98,No public infrastructure,Primary deficit-to-GDP ratio,1.062
99,No public infrastructure,Primary deficit-to-GDP ratio,1.062
100,No public infrastructure,Primary deficit-to-GDP ratio,1.062
1,No private capital,Primary deficit-to-GDP ratio,1.057
2,No private capital,Primary deficit-to-GDP ratio,1.057
3,No private capital,Primary deficit-to-GDP ratio,1.057
4,No private capital,Primary deficit-to-GDP ratio,1.057
5,No private capital,Primary deficit-to-GDP ratio,1.057
6,No private capital,Primary deficit-to-GDP ratio,1.057
7,No private capital,Primary deficit-to-GDP ratio,1.057
8,No private capital,Primary deficit-to-GDP ratio,1.057
9,No private capital,Primary deficit-to-GDP ratio,1.057
10,No private capital,Primary deficit-to-GDP ratio,1.057
11,No private capital,Primary deficit-to-GDP ratio,1.057
12,No private capital,Primary deficit-to-GDP ratio,1.057
13,No private capital,Primary deficit-to-GDP ratio,1.057
14,No private capital,Primary deficit-to-GDP ratio,1.057
15,No private capital,Primary deficit-to-GDP ratio,1.057
16,No private capital,Primary deficit-to-GDP ratio,1.057
17,No private capital,Primary deficit-to-GDP ratio,1.057
18,No private capital,Primary deficit-to-GDP ratio,1.057
19,No private capital,Primary deficit-to-GDP ratio,1.057
20,No private capital,Primary deficit-to-GDP ratio,1.057
21,No private capital,Primary deficit-to-GDP ratio,1.057
22,No private capital,Primary deficit-to-GDP ratio,1.057
23,No private capital,Primary deficit-to-GDP ratio,1.057
24,No private capital,Primary deficit-to-GDP ratio,1.057
25,No private capital,Primary deficit-to-GDP ratio,1.057
26,No private capital,Primary deficit-to-GDP ratio,1.057
27,No private capital,Primary deficit-to-GDP ratio,1.057
28,No private capital,Primary deficit-to-GDP ratio,1.057
29,No private capital,Primary deficit-to-GDP ratio,1.057
30,No private capital,Primary deficit-to-GDP ratio,1.057
31,No private capital,Primary deficit-to-GDP ratio,1.057
32,No private capital,Primary deficit-to-GDP ratio,1.057
33,No private capital,Primary deficit-to-GDP ratio,1.057
34,No private capital,Primary deficit-to-GDP ratio,1.057
35,No private capital,Primary deficit-to-GDP ratio,1.057
36,No private capital,Primary deficit-to-GDP ratio,1.057
37,No private capital,Primary deficit-to-GDP ratio,1.057
38,No private capital,Primary deficit-to-GDP ratio,1.057
39,No private capital,Primary deficit-to-GDP ratio,1.057
40,No private capital,Primary deficit-to-GDP ratio,1.057
41,No private capital,Primary deficit-to-GDP ratio,1.057
42,No private capital,Primary deficit-to-GDP ratio,1.057
43,No private capital,Primary deficit-to-GDP ratio,1.057
44,No private capital,Primary deficit-to-GDP ratio,1.057
45,No private capital,Primary deficit-to-GDP ratio,1.057
46,No private capital,Primary deficit-to-GDP ratio,1.057
47,No private capital,Primary deficit-to-GDP ratio,1.057
48,No private capital,Primary deficit-to-GDP ratio,1.057
49,No private capital,Primary deficit-to-GDP ratio,1.057
50,No private capital,Primary deficit-to-GDP ratio,1.057
51,No private capital,Primary deficit-to-GDP ratio,1.057
52,No private capital,Primary deficit-to-GDP ratio,1.057
53,No private capital,Primary deficit-to-GDP ratio,1.057
54,No private capital,Primary deficit-to-GDP ratio,1.057
55,No private capital,Primary deficit-to-GDP ratio,1.057
56,No private capital,Primary deficit-to-GDP ratio,1.057
57,No private capital,Primary deficit-to-GDP ratio,1.057
58,No private capital,Primary deficit-to-GDP ratio,1.057
59,No private capital,Primary deficit-to-GDP ratio,1.057
60,No private capital,Primary deficit-to-GDP ratio,1.057
61,No private capital,Primary deficit-to-GDP ratio,1.057
62,No private capital,Primary deficit-to-GDP ratio,1.057
63,No private capital,Primary deficit-to-GDP ratio,1.057
64,No private capital,Primary deficit-to-GDP ratio,1.057
65,No private capital,Primary deficit-to-GDP ratio,1.057
66,No private capital,Primary deficit-to-GDP ratio,1.057
67,No private capital,Primary deficit-to-GDP ratio,1.057
68,No private capital,Primary deficit-to-GDP ratio,1.057
69,No private capital,Primary deficit-to-GDP ratio,1.057
70,No private capital,Primary deficit-to-GDP ratio,1.057
71,No private capital,Primary deficit-to-GDP ratio,1.057
72,No private capital,Primary deficit-to-GDP ratio,1.057
73,No private capital,Primary deficit-to-GDP ratio,1.057
74,No private capital,Primary deficit-to-GDP ratio,1.057
75,No private capital,Primary deficit-to-GDP ratio,1.057
76,No private capital,Primary deficit-to-GDP ratio,1.057
77,No private capital,Primary deficit-to-GDP ratio,1.057
78,No private capital,Primary deficit-to-GDP ratio,1.057
79,No private capital,Primary deficit-to-GDP ratio,1.057
80,No private capital,Primary deficit-to-GDP ratio,1.057
81,No private capital,Primary deficit-to-GDP ratio,1.057
82,No private capital,Primary deficit-to-GDP ratio,1.057
83,No private capital,Primary deficit-to-GDP ratio,1.057
84,No private capital,Primary deficit-to-GDP ratio,1.057
85,No private capital,Primary deficit-to-GDP ratio,1.057
86,No private capital,Primary deficit-to-GDP ratio,1.057
87,No private capital,Primary deficit-to-GDP ratio,1.057
88,No private capital,Primary deficit-to-GDP ratio,1.057
89,No private capital,Primary deficit-to-GDP ratio,1.057
90,No private capital,Primary deficit-to-GDP ratio,1.057
91,No private capital,Primary deficit-to-GDP ratio,1.057
92,No private capital,Primary deficit-to-GDP ratio,1.057
93,No private capital,Primary deficit-to-GDP ratio,1.057
94,No private capital,Primary deficit-to-GDP ratio,1.057
95,No private capital,Primary deficit-to-GDP ratio,1.057
96,No private capital,Primary deficit-to-GDP ratio,1.057
97,No private capital,Primary deficit-to-GDP ratio,1.057
98,No private capital,Primary deficit-to-GDP ratio,1.057
99,No private capital,Primary deficit-to-GDP ratio,1.057
100,No private capital,Primary deficit-to-GDP ratio,1.057
1,No indexation,Primary deficit-to-GDP ratio,1.057
2,No indexation,Primary deficit-to-GDP ratio,1.057
3,No indexation,Primary deficit-to-GDP ratio,1.057
4,No indexation,Primary deficit-to-GDP ratio,1.057
5,No indexation,Primary deficit-to-GDP ratio,1.057
6,No indexation,Primary deficit-to-GDP ratio,1.057
7,No indexation,Primary deficit-to-GDP ratio,1.057
8,No indexation,Primary deficit-to-GDP ratio,1.057
9,No indexation,Primary deficit-to-GDP ratio,1.057
10,No indexation,Primary deficit-to-GDP ratio,1.057
11,No indexation,Primary deficit-to-GDP ratio,1.057
12,No indexation,Primary deficit-to-GDP ratio,1.057
13,No indexation,Primary deficit-to-GDP ratio,1.057
14,No indexation,Primary deficit-to-GDP ratio,1.057
15,No indexation,Primary deficit-to-GDP ratio,1.057
16,No indexation,Primary deficit-to-GDP ratio,1.057
17,No indexation,Primary deficit-to-GDP ratio,1.057
18,No indexation,Primary deficit-to-GDP ratio,1.057
19,No indexation,Primary deficit-to-GDP ratio,1.057
20,No indexation,Primary deficit-to-GDP ratio,1.057
21,No indexation,Primary deficit-to-GDP ratio,1.057
22,No indexation,Primary deficit-to-GDP ratio,1.057
23,No indexation,Primary deficit-to-GDP ratio,1.057
24,No indexation,Primary deficit-to-GDP ratio,1.057
25,No indexation,Primary deficit-to-GDP ratio,1.057
26,No indexation,Primary deficit-to-GDP ratio,1.057
27,No indexation,Primary deficit-to-GDP ratio,1.057
28,No indexation,Primary deficit-to-GDP ratio,1.057
29,No indexation,Primary deficit-to-GDP ratio,1.057
30,No indexation,Primary deficit-to-GDP ratio,1.057
31,No indexation,Primary deficit-to-GDP ratio,1.057
32,No indexation,Primary deficit-to-GDP ratio,1.057
33,No indexation,Primary deficit-to-GDP ratio,1.057
34,No indexation,Primary deficit-to-GDP ratio,1.057
35,No indexation,Primary deficit-to-GDP ratio,1.057
36,No indexation,Primary deficit-to-GDP ratio,1.057
37,No indexation,Primary deficit-to-GDP ratio,1.057
38,No indexation,Primary deficit-to-GDP ratio,1.057
39,No indexation,Primary deficit-to-GDP ratio,1.057
40,No indexation,Primary deficit-to-GDP ratio,1.057
41,No indexation,Primary deficit-to-GDP ratio,1.057
42,No indexation,Primary deficit-to-GDP ratio,1.057
43,No indexation,Primary deficit-to-GDP ratio,1.057
44,No indexation,Primary deficit-to-GDP ratio,1.057
45,No indexation,Primary deficit-to-GDP ratio,1.057
46,No indexation,Primary deficit-to-GDP ratio,1.057
47,No indexation,Primary deficit-to-GDP ratio,1.057
48,No indexation,Primary deficit-to-GDP ratio,1.057
49,No indexation,Primary deficit-to-GDP ratio,1.057
50,No indexation,Primary deficit-to-GDP ratio,1.057
51,No indexation,Primary deficit-to-GDP ratio,1.057
52,No indexation,Primary deficit-to-GDP ratio,1.057
53,No indexation,Primary deficit-to-GDP ratio,1.057
54,No indexation,Primary deficit-to-GDP ratio,1.057
55,No indexation,Primary deficit-to-GDP ratio,1.057
56,No indexation,Primary deficit-to-GDP ratio,1.057
57,No indexation,Primary deficit-to-GDP ratio,1.057
58,No indexation,Primary deficit-to-GDP ratio,1.057
59,No indexation,Primary deficit-to-GDP ratio,1.057
60,No indexation,Primary deficit-to-GDP ratio,1.057
61,No indexation,Primary deficit-to-GDP ratio,1.057
62,No indexation,Primary deficit-to-GDP ratio,1.057
63,No indexation,Primary deficit-to-GDP ratio,1.057
64,No indexation,Primary deficit-to-GDP ratio,1.057
65,No indexation,Primary deficit-to-GDP ratio,1.057
66,No indexation,Primary deficit-to-GDP ratio,1.057
67,No indexation,Primary deficit-to-GDP ratio,1.057
68,No indexation,Primary deficit-to-GDP ratio,1.057
69,No indexation,Primary deficit-to-GDP ratio,1.057
70,No indexation,Primary deficit-to-GDP ratio,1.057
71,No indexation,Primary deficit-to-GDP ratio,1.057
72,No indexation,Primary deficit-to-GDP ratio,1.057
73,No indexation,Primary deficit-to-GDP ratio,1.057
74,No indexation,Primary deficit-to-GDP ratio,1.057
75,No indexation,Primary deficit-to-GDP ratio,1.057
76,No indexation,Primary deficit-to-GDP ratio,1.057
77,No indexation,Primary deficit-to-GDP ratio,1.057
78,No indexation,Primary deficit-to-GDP ratio,1.057
79,No indexation,Primary deficit-to-GDP ratio,1.057
80,No indexation,Primary deficit-to-GDP ratio,1.057
81,No indexation,Primary deficit-to-GDP ratio,1.057
82,No indexation,Primary deficit-to-GDP ratio,1.057
83,No indexation,Primary deficit-to-GDP ratio,1.057
84,No indexation,Primary deficit-to-GDP ratio,1.057
85,No indexation,Primary deficit-to-GDP ratio,1.057
86,No indexation,Primary deficit-to-GDP ratio,1.057
87,No indexation,Primary deficit-to-GDP ratio,1.057
88,No indexation,Primary deficit-to-GDP ratio,1.057
89,No indexation,Primary deficit-to-GDP ratio,1.057
90,No indexation,Primary deficit-to-GDP ratio,1.057
91,No indexation,Primary deficit-to-GDP ratio,1.057
92,No indexation,Primary deficit-to-GDP ratio,1.057
93,No indexation,Primary deficit-to-GDP ratio,1.057
94,No indexation,Primary deficit-to-GDP ratio,1.057
95,No indexation,Primary deficit-to-GDP ratio,1.057
96,No indexation,Primary deficit-to-GDP ratio,1.057
97,No indexation,Primary deficit-to-GDP ratio,1.057
98,No indexation,Primary deficit-to-GDP ratio,1.057
99,No indexation,Primary deficit-to-GDP ratio,1.057
100,No indexation,Primary deficit-to-GDP ratio,1.057
1,No trend growth,Primary deficit-to-GDP ratio,1.059
2,No trend growth,Primary deficit-to-GDP ratio,1.059
3,No trend growth,Primary deficit-to-GDP ratio,1.059
4,No trend growth,Primary deficit-to-GDP ratio,1.059
5,No trend growth,Primary deficit-to-GDP ratio,1.059
6,No trend growth,Primary deficit-to-GDP ratio,1.059
7,No trend growth,Primary deficit-to-GDP ratio,1.059
8,No trend growth,Primary deficit-to-GDP ratio,1.059
9,No trend growth,Primary deficit-to-GDP ratio,1.059
10,No trend growth,Primary deficit-to-GDP ratio,1.059
11,No trend growth,Primary deficit-to-GDP ratio,1.059
12,No trend growth,Primary deficit-to-GDP ratio,1.059
13,No trend growth,Primary deficit-to-GDP ratio,1.059
14,No trend growth,Primary deficit-to-GDP ratio,1.059
15,No trend growth,Primary deficit-to-GDP ratio,1.059
16,No trend growth,Primary deficit-to-GDP ratio,1.059
17,No trend growth,Primary deficit-to-GDP ratio,1.059
18,No trend growth,Primary deficit-to-GDP ratio,1.059
19,No trend growth,Primary deficit-to-GDP ratio,1.059
20,No trend growth,Primary deficit-to-GDP ratio,1.059
21,No trend growth,Primary deficit-to-GDP ratio,1.059
22,No trend growth,Primary deficit-to-GDP ratio,1.059
23,No trend growth,Primary deficit-to-GDP ratio,1.059
24,No trend growth,Primary deficit-to-GDP ratio,1.059
25,No trend growth,Primary deficit-to-GDP ratio,1.059
26,No trend growth,Primary deficit-to-GDP ratio,1.059
27,No trend growth,Primary deficit-to-GDP ratio,1.059
28,No trend growth,Primary deficit-to-GDP ratio,1.059
29,No trend growth,Primary deficit-to-GDP ratio,1.059
30,No trend growth,Primary deficit-to-GDP ratio,1.059
31,No trend growth,Primary deficit-to-GDP ratio,1.059
32,No trend growth,Primary deficit-to-GDP ratio,1.059
33,No trend growth,Primary deficit-to-GDP ratio,1.059
34,No trend growth,Primary deficit-to-GDP ratio,1.059
35,No trend growth,Primary deficit-to-GDP ratio,1.059
36,No trend growth,Primary deficit-to-GDP ratio,1.059
37,No trend growth,Primary deficit-to-GDP ratio,1.059
38,No trend growth,Primary deficit-to-GDP ratio,1.059
39,No trend growth,Primary deficit-to-GDP ratio,1.059
40,No trend growth,Primary deficit-to-GDP ratio,1.059
41,No trend growth,Primary deficit-to-GDP ratio,1.059
42,No trend growth,Primary deficit-to-GDP ratio,1.059
43,No trend growth,Primary deficit-to-GDP ratio,1.059
44,No trend growth,Primary deficit-to-GDP ratio,1.059
45,No trend growth,Primary deficit-to-GDP ratio,1.059
46,No trend growth,Primary deficit-to-GDP ratio,1.059
47,No trend growth,Primary deficit-to-GDP ratio,1.059
48,No trend growth,Primary deficit-to-GDP ratio,1.059
49,No trend growth,Primary deficit-to-GDP ratio,1.059
50,No trend growth,Primary deficit-to-GDP ratio,1.059
51,No trend growth,Primary deficit-to-GDP ratio,1.059
52,No trend growth,Primary deficit-to-GDP ratio,1.059
53,No trend growth,Primary deficit-to-GDP ratio,1.059
54,No trend growth,Primary deficit-to-GDP ratio,1.059
55,No trend growth,Primary deficit-to-GDP ratio,1.059
56,No trend growth,Primary deficit-to-GDP ratio,1.059
57,No trend growth,Primary deficit-to-GDP ratio,1.059
58,No trend growth,Primary deficit-to-GDP ratio,1.059
59,No trend growth,Primary deficit-to-GDP ratio,1.059
60,No trend growth,Primary deficit-to-GDP ratio,1.059
61,No trend growth,Primary deficit-to-GDP ratio,1.059
62,No trend growth,Primary deficit-to-GDP ratio,1.059
63,No trend growth,Primary deficit-to-GDP ratio,1.059
64,No trend growth,Primary deficit-to-GDP ratio,1.059
65,No trend growth,Primary deficit-to-GDP ratio,1.059
66,No trend growth,Primary deficit-to-GDP ratio,1.059
67,No trend growth,Primary deficit-to-GDP ratio,1.059
68,No trend growth,Primary deficit-to-GDP ratio,1.059
69,No trend growth,Primary deficit-to-GDP ratio,1.059
70,No trend growth,Primary deficit-to-GDP ratio,1.059
71,No trend growth,Primary deficit-to-GDP ratio,1.059
72,No trend growth,Primary deficit-to-GDP ratio,1.059
73,No trend growth,Primary deficit-to-GDP ratio,1.059
74,No trend growth,Primary deficit-to-GDP ratio,1.059
75,No trend growth,Primary deficit-to-GDP ratio,1.059
76,No trend growth,Primary deficit-to-GDP ratio,1.059
77,No trend growth,Primary deficit-to-GDP ratio,1.059
78,No trend growth,Primary deficit-to-GDP ratio,1.059
79,No trend growth,Primary deficit-to-GDP ratio,1.059
80,No trend growth,Primary deficit-to-GDP ratio,1.059
81,No trend growth,Primary deficit-to-GDP ratio,1.059
82,No trend growth,Primary deficit-to-GDP ratio,1.059
83,No trend growth,Primary deficit-to-GDP ratio,1.059
84,No trend growth,Primary deficit-to-GDP ratio,1.059
85,No trend growth,Primary deficit-to-GDP ratio,1.059
86,No trend growth,Primary deficit-to-GDP ratio,1.059
87,No trend growth,Primary deficit-to-GDP ratio,1.059
88,No trend growth,Primary deficit-to-GDP ratio,1.059
89,No trend growth,Primary deficit-to-GDP ratio,1.059
90,No trend growth,Primary deficit-to-GDP ratio,1.059
91,No trend growth,Primary deficit-to-GDP ratio,1.059
92,No trend growth,Primary deficit-to-GDP ratio,1.059
93,No trend growth,Primary deficit-to-GDP ratio,1.059
94,No trend growth,Primary deficit-to-GDP ratio,1.059
95,No trend growth,Primary deficit-to-GDP ratio,1.059
96,No trend growth,Primary deficit-to-GDP ratio,1.059
97,No trend growth,Primary deficit-to-GDP ratio,1.059
98,No trend growth,Primary deficit-to-GDP ratio,1.059
99,No trend growth,Primary deficit-to-GDP ratio,1.059
100,No trend growth,Primary deficit-to-GDP ratio,1.059
1,Derived canonical NK,Primary deficit-to-GDP ratio,0.0
2,Derived canonical NK,Primary deficit-to-GDP ratio,0.0
3,Derived canonical NK,Primary deficit-to-GDP ratio,0.0
4,Derived canonical NK,Primary deficit-to-GDP ratio,0.0
5,Derived canonical NK,Primary deficit-to-GDP ratio,0.0
6,Derived canonical NK,Primary deficit-to-GDP ratio,0.0
7,Derived canonical NK,Primary deficit-to-GDP ratio,0.0
8,Derived canonical NK,Primary deficit-to-GDP ratio,0.0
9,Derived canonical NK,Primary deficit-to-GDP ratio,0.0
10,Derived canonical NK,Primary deficit-to-GDP ratio,0.0
11,Derived canonical NK,Primary deficit-to-GDP ratio,0.0
12,Derived canonical NK,Primary deficit-to-GDP ratio,0.0
13,Derived canonical NK,Primary deficit-to-GDP ratio,0.0
14,Derived canonical NK,Primary deficit-to-GDP ratio,0.0
15,Derived canonical NK,Primary deficit-to-GDP ratio,0.0
16,Derived canonical NK,Primary deficit-to-GDP ratio,0.0
17,Derived canonical NK,Primary deficit-to-GDP ratio,0.0
18,Derived canonical NK,Primary deficit-to-GDP ratio,0.0
19,Derived canonical NK,Primary deficit-to-GDP ratio,0.0
20,Derived canonical NK,Primary deficit-to-GDP ratio,0.0
21,Derived canonical NK,Primary deficit-to-GDP ratio,0.0
22,Derived canonical NK,Primary deficit-to-GDP ratio,0.0
23,Derived canonical NK,Primary deficit-to-GDP ratio,0.0
24,Derived canonical NK,Primary deficit-to-GDP ratio,0.0
25,Derived canonical NK,Primary deficit-to-GDP ratio,0.0
26,Derived canonical NK,Primary deficit-to-GDP ratio,0.0
27,Derived canonical NK,Primary deficit-to-GDP ratio,0.0
28,Derived canonical NK,Primary deficit-to-GDP ratio,0.0
29,Derived canonical NK,Primary deficit-to-GDP ratio,0.0
30,Derived canonical NK,Primary deficit-to-GDP ratio,0.0
31,Derived canonical NK,Primary deficit-to-GDP ratio,0.0
32,Derived canonical NK,Primary deficit-to-GDP ratio,0.0
33,Derived canonical NK,Primary deficit-to-GDP ratio,0.0
34,Derived canonical NK,Primary deficit-to-GDP ratio,0.0
35,Derived canonical NK,Primary deficit-to-GDP ratio,0.0
36,Derived canonical NK,Primary deficit-to-GDP ratio,0.0
37,Derived canonical NK,Primary deficit-to-GDP ratio,0.0
38,Derived canonical NK,Primary deficit-to-GDP ratio,0.0
39,Derived canonical NK,Primary deficit-to-GDP ratio,0.0
40,Derived canonical NK,Primary deficit-to-GDP ratio,0.0
41,Derived canonical NK,Primary deficit-to-GDP ratio,0.0
42,Derived canonical NK,Primary deficit-to-GDP ratio,0.0
43,Derived canonical NK,Primary deficit-to-GDP ratio,0.0
44,Derived canonical NK,Primary deficit-to-GDP ratio,0.0
45,Derived canonical NK,Primary deficit-to-GDP ratio,0.0
46,Derived canonical NK,Primary deficit-to-GDP ratio,0.0
47,Derived canonical NK,Primary deficit-to-GDP ratio,0.0
48,Derived canonical NK,Primary deficit-to-GDP ratio,0.0
49,Derived canonical NK,Primary deficit-to-GDP ratio,0.0
50,Derived canonical NK,Primary deficit-to-GDP ratio,0.0
51,Derived canonical NK,Primary deficit-to-GDP ratio,0.0
52,Derived canonical NK,Primary deficit-to-GDP ratio,0.0
53,Derived canonical NK,Primary deficit-to-GDP ratio,0.0
54,Derived canonical NK,Primary deficit-to-GDP ratio,0.0
55,Derived canonical NK,Primary deficit-to-GDP ratio,0.0
56,Derived canonical NK,Primary deficit-to-GDP ratio,0.0
57,Derived canonical NK,Primary deficit-to-GDP ratio,0.0
58,Derived canonical NK,Primary deficit-to-GDP ratio,0.0
59,Derived canonical NK,Primary deficit-to-GDP ratio,0.0
60,Derived canonical NK,Primary deficit-to-GDP ratio,0.0
61,Derived canonical NK,Primary deficit-to-GDP ratio,0.0
62,Derived canonical NK,Primary deficit-to-GDP ratio,0.0
63,Derived canonical NK,Primary deficit-to-GDP ratio,0.0
64,Derived canonical NK,Primary deficit-to-GDP ratio,0.0
65,Derived canonical NK,Primary deficit-to-GDP ratio,0.0
66,Derived canonical NK,Primary deficit-to-GDP ratio,0.0
67,Derived canonical NK,Primary deficit-to-GDP ratio,0.0
68,Derived canonical NK,Primary deficit-to-GDP ratio,0.0
69,Derived canonical NK,Primary deficit-to-GDP ratio,0.0
70,Derived canonical NK,Primary deficit-to-GDP ratio,0.0
71,Derived canonical NK,Primary deficit-to-GDP ratio,0.0
72,Derived canonical NK,Primary deficit-to-GDP ratio,0.0
73,Derived canonical NK,Primary deficit-to-GDP ratio,0.0
74,Derived canonical NK,Primary deficit-to-GDP ratio,0.0
75,Derived canonical NK,Primary deficit-to-GDP ratio,0.0
76,Derived canonical NK,Primary deficit-to-GDP ratio,0.0
77,Derived canonical NK,Primary deficit-to-GDP ratio,0.0
78,Derived canonical NK,Primary deficit-to-GDP ratio,0.0
79,Derived canonical NK,Primary deficit-to-GDP ratio,0.0
80,Derived canonical NK,Primary deficit-to-GDP ratio,0.0
81,Derived canonical NK,Primary deficit-to-GDP ratio,0.0
82,Derived canonical NK,Primary deficit-to-GDP ratio,0.0
83,Derived canonical NK,Primary deficit-to-GDP ratio,0.0
84,Derived canonical NK,Primary deficit-to-GDP ratio,0.0
85,Derived canonical NK,Primary deficit-to-GDP ratio,0.0
86,Derived canonical NK,Primary deficit-to-GDP ratio,0.0
87,Derived canonical NK,Primary deficit-to-GDP ratio,0.0
88,Derived canonical NK,Primary deficit-to-GDP ratio,0.0
89,Derived canonical NK,Primary deficit-to-GDP ratio,0.0
90,Derived canonical NK,Primary deficit-to-GDP ratio,0.0
91,Derived canonical NK,Primary deficit-to-GDP ratio,0.0
92,Derived canonical NK,Primary deficit-to-GDP ratio,0.0
93,Derived canonical NK,Primary deficit-to-GDP ratio,0.0
94,Derived canonical NK,Primary deficit-to-GDP ratio,0.0
95,Derived canonical NK,Primary deficit-to-GDP ratio,0.0
96,Derived canonical NK,Primary deficit-to-GDP ratio,0.0
97,Derived canonical NK,Primary deficit-to-GDP ratio,0.0
98,Derived canonical NK,Primary deficit-to-GDP ratio,0.0
99,Derived canonical NK,Primary deficit-to-GDP ratio,0.0
100,Derived canonical NK,Primary deficit-to-GDP ratio,0.0
1,Full model,Transfers-to-GDP ratio,0.0
2,Full model,Transfers-to-GDP ratio,0.0
3,Full model,Transfers-to-GDP ratio,0.0
4,Full model,Transfers-to-GDP ratio,0.0
5,Full model,Transfers-to-GDP ratio,0.0
6,Full model,Transfers-to-GDP ratio,0.0
7,Full model,Transfers-to-GDP ratio,0.0
8,Full model,Transfers-to-GDP ratio,0.0
9,Full model,Transfers-to-GDP ratio,0.0
10,Full model,Transfers-to-GDP ratio,0.0
11,Full model,Transfers-to-GDP ratio,0.0
12,Full model,Transfers-to-GDP ratio,0.0
13,Full model,Transfers-to-GDP ratio,0.0
14,Full model,Transfers-to-GDP ratio,0.0
15,Full model,Transfers-to-GDP ratio,0.0
16,Full model,Transfers-to-GDP ratio,0.0
17,Full model,Transfers-to-GDP ratio,0.0
18,Full model,Transfers-to-GDP ratio,0.0
19,Full model,Transfers-to-GDP ratio,0.0
20,Full model,Transfers-to-GDP ratio,0.0
21,Full model,Transfers-to-GDP ratio,0.0
22,Full model,Transfers-to-GDP ratio,0.0
23,Full model,Transfers-to-GDP ratio,0.0
24,Full model,Transfers-to-GDP ratio,0.0
25,Full model,Transfers-to-GDP ratio,0.0
26,Full model,Transfers-to-GDP ratio,0.0
27,Full model,Transfers-to-GDP ratio,0.0
28,Full model,Transfers-to-GDP ratio,0.0
29,Full model,Transfers-to-GDP ratio,0.0
30,Full model,Transfers-to-GDP ratio,0.0
31,Full model,Transfers-to-GDP ratio,0.0
32,Full model,Transfers-to-GDP ratio,0.0
33,Full model,Transfers-to-GDP ratio,0.0
34,Full model,Transfers-to-GDP ratio,0.0
35,Full model,Transfers-to-GDP ratio,0.0
36,Full model,Transfers-to-GDP ratio,0.0
37,Full model,Transfers-to-GDP ratio,0.0
38,Full model,Transfers-to-GDP ratio,0.0
39,Full model,Transfers-to-GDP ratio,0.0
40,Full model,Transfers-to-GDP ratio,0.0
41,Full model,Transfers-to-GDP ratio,0.0
42,Full model,Transfers-to-GDP ratio,0.0
43,Full model,Transfers-to-GDP ratio,0.0
44,Full model,Transfers-to-GDP ratio,0.0
45,Full model,Transfers-to-GDP ratio,0.0
46,Full model,Transfers-to-GDP ratio,0.0
47,Full model,Transfers-to-GDP ratio,0.0
48,Full model,Transfers-to-GDP ratio,0.0
49,Full model,Transfers-to-GDP ratio,0.0
50,Full model,Transfers-to-GDP ratio,0.0
51,Full model,Transfers-to-GDP ratio,0.0
52,Full model,Transfers-to-GDP ratio,0.0
53,Full model,Transfers-to-GDP ratio,0.0
54,Full model,Transfers-to-GDP ratio,0.0
55,Full model,Transfers-to-GDP ratio,0.0
56,Full model,Transfers-to-GDP ratio,0.0
57,Full model,Transfers-to-GDP ratio,0.0
58,Full model,Transfers-to-GDP ratio,0.0
59,Full model,Transfers-to-GDP ratio,0.0
60,Full model,Transfers-to-GDP ratio,0.0
61,Full model,Transfers-to-GDP ratio,0.0
62,Full model,Transfers-to-GDP ratio,0.0
63,Full model,Transfers-to-GDP ratio,0.0
64,Full model,Transfers-to-GDP ratio,0.0
65,Full model,Transfers-to-GDP ratio,0.0
66,Full model,Transfers-to-GDP ratio,0.0
67,Full model,Transfers-to-GDP ratio,0.0
68,Full model,Transfers-to-GDP ratio,0.0
69,Full model,Transfers-to-GDP ratio,0.0
70,Full model,Transfers-to-GDP ratio,0.0
71,Full model,Transfers-to-GDP ratio,0.0
72,Full model,Transfers-to-GDP ratio,0.0
73,Full model,Transfers-to-GDP ratio,0.0
74,Full model,Transfers-to-GDP ratio,0.0
75,Full model,Transfers-to-GDP ratio,0.0
76,Full model,Transfers-to-GDP ratio,0.0
77,Full model,Transfers-to-GDP ratio,0.0
78,Full model,Transfers-to-GDP ratio,0.0
79,Full model,Transfers-to-GDP ratio,0.0
80,Full model,Transfers-to-GDP ratio,0.0
81,Full model,Transfers-to-GDP ratio,0.0
82,Full model,Transfers-to-GDP ratio,0.0
83,Full model,Transfers-to-GDP ratio,0.0
84,Full model,Transfers-to-GDP ratio,0.0
85,Full model,Transfers-to-GDP ratio,0.0
86,Full model,Transfers-to-GDP ratio,0.0
87,Full model,Transfers-to-GDP ratio,0.0
88,Full model,Transfers-to-GDP ratio,0.0
89,Full model,Transfers-to-GDP ratio,0.0
90,Full model,Transfers-to-GDP ratio,0.0
91,Full model,Transfers-to-GDP ratio,0.0
92,Full model,Transfers-to-GDP ratio,0.0
93,Full model,Transfers-to-GDP ratio,0.0
94,Full model,Transfers-to-GDP ratio,0.0
95,Full model,Transfers-to-GDP ratio,0.0
96,Full model,Transfers-to-GDP ratio,0.0
97,Full model,Transfers-to-GDP ratio,0.0
98,Full model,Transfers-to-GDP ratio,0.0
99,Full model,Transfers-to-GDP ratio,0.0
100,Full model,Transfers-to-GDP ratio,0.0
1,No endogenous technology,Transfers-to-GDP ratio,0.0
2,No endogenous technology,Transfers-to-GDP ratio,0.0
3,No endogenous technology,Transfers-to-GDP ratio,0.0
4,No endogenous technology,Transfers-to-GDP ratio,0.0
5,No endogenous technology,Transfers-to-GDP ratio,0.0
6,No endogenous technology,Transfers-to-GDP ratio,0.0
7,No endogenous technology,Transfers-to-GDP ratio,0.0
8,No endogenous technology,Transfers-to-GDP ratio,0.0
9,No endogenous technology,Transfers-to-GDP ratio,0.0
10,No endogenous technology,Transfers-to-GDP ratio,0.0
11,No endogenous technology,Transfers-to-GDP ratio,0.0
12,No endogenous technology,Transfers-to-GDP ratio,0.0
13,No endogenous technology,Transfers-to-GDP ratio,0.0
14,No endogenous technology,Transfers-to-GDP ratio,0.0
15,No endogenous technology,Transfers-to-GDP ratio,0.0
16,No endogenous technology,Transfers-to-GDP ratio,0.0
17,No endogenous technology,Transfers-to-GDP ratio,0.0
18,No endogenous technology,Transfers-to-GDP ratio,0.0
19,No endogenous technology,Transfers-to-GDP ratio,0.0
20,No endogenous technology,Transfers-to-GDP ratio,0.0
21,No endogenous technology,Transfers-to-GDP ratio,0.0
22,No endogenous technology,Transfers-to-GDP ratio,0.0
23,No endogenous technology,Transfers-to-GDP ratio,0.0
24,No endogenous technology,Transfers-to-GDP ratio,0.0
25,No endogenous technology,Transfers-to-GDP ratio,0.0
26,No endogenous technology,Transfers-to-GDP ratio,0.0
27,No endogenous technology,Transfers-to-GDP ratio,0.0
28,No endogenous technology,Transfers-to-GDP ratio,0.0
29,No endogenous technology,Transfers-to-GDP ratio,0.0
30,No endogenous technology,Transfers-to-GDP ratio,0.0
31,No endogenous technology,Transfers-to-GDP ratio,0.0
32,No endogenous technology,Transfers-to-GDP ratio,0.0
33,No endogenous technology,Transfers-to-GDP ratio,0.0
34,No endogenous technology,Transfers-to-GDP ratio,0.0
35,No endogenous technology,Transfers-to-GDP ratio,0.0
36,No endogenous technology,Transfers-to-GDP ratio,0.0
37,No endogenous technology,Transfers-to-GDP ratio,0.0
38,No endogenous technology,Transfers-to-GDP ratio,0.0
39,No endogenous technology,Transfers-to-GDP ratio,0.0
40,No endogenous technology,Transfers-to-GDP ratio,0.0
41,No endogenous technology,Transfers-to-GDP ratio,0.0
42,No endogenous technology,Transfers-to-GDP ratio,0.0
43,No endogenous technology,Transfers-to-GDP ratio,0.0
44,No endogenous technology,Transfers-to-GDP ratio,0.0
45,No endogenous technology,Transfers-to-GDP ratio,0.0
46,No endogenous technology,Transfers-to-GDP ratio,0.0
47,No endogenous technology,Transfers-to-GDP ratio,0.0
48,No endogenous technology,Transfers-to-GDP ratio,0.0
49,No endogenous technology,Transfers-to-GDP ratio,0.0
50,No endogenous technology,Transfers-to-GDP ratio,0.0
51,No endogenous technology,Transfers-to-GDP ratio,0.0
52,No endogenous technology,Transfers-to-GDP ratio,0.0
53,No endogenous technology,Transfers-to-GDP ratio,0.0
54,No endogenous technology,Transfers-to-GDP ratio,0.0
55,No endogenous technology,Transfers-to-GDP ratio,0.0
56,No endogenous technology,Transfers-to-GDP ratio,0.0
57,No endogenous technology,Transfers-to-GDP ratio,0.0
58,No endogenous technology,Transfers-to-GDP ratio,0.0
59,No endogenous technology,Transfers-to-GDP ratio,0.0
60,No endogenous technology,Transfers-to-GDP ratio,0.0
61,No endogenous technology,Transfers-to-GDP ratio,0.0
62,No endogenous technology,Transfers-to-GDP ratio,0.0
63,No endogenous technology,Transfers-to-GDP ratio,0.0
64,No endogenous technology,Transfers-to-GDP ratio,0.0
65,No endogenous technology,Transfers-to-GDP ratio,0.0
66,No endogenous technology,Transfers-to-GDP ratio,0.0
67,No endogenous technology,Transfers-to-GDP ratio,0.0
68,No endogenous technology,Transfers-to-GDP ratio,0.0
69,No endogenous technology,Transfers-to-GDP ratio,0.0
70,No endogenous technology,Transfers-to-GDP ratio,0.0
71,No endogenous technology,Transfers-to-GDP ratio,0.0
72,No endogenous technology,Transfers-to-GDP ratio,0.0
73,No endogenous technology,Transfers-to-GDP ratio,0.0
74,No endogenous technology,Transfers-to-GDP ratio,0.0
75,No endogenous technology,Transfers-to-GDP ratio,0.0
76,No endogenous technology,Transfers-to-GDP ratio,0.0
77,No endogenous technology,Transfers-to-GDP ratio,0.0
78,No endogenous technology,Transfers-to-GDP ratio,0.0
79,No endogenous technology,Transfers-to-GDP ratio,0.0
80,No endogenous technology,Transfers-to-GDP ratio,0.0
81,No endogenous technology,Transfers-to-GDP ratio,0.0
82,No endogenous technology,Transfers-to-GDP ratio,0.0
83,No endogenous technology,Transfers-to-GDP ratio,0.0
84,No endogenous technology,Transfers-to-GDP ratio,0.0
85,No endogenous technology,Transfers-to-GDP ratio,0.0
86,No endogenous technology,Transfers-to-GDP ratio,0.0
87,No endogenous technology,Transfers-to-GDP ratio,0.0
88,No endogenous technology,Transfers-to-GDP ratio,0.0
89,No endogenous technology,Transfers-to-GDP ratio,0.0
90,No endogenous technology,Transfers-to-GDP ratio,0.0
91,No endogenous technology,Transfers-to-GDP ratio,0.0
92,No endogenous technology,Transfers-to-GDP ratio,0.0
93,No endogenous technology,Transfers-to-GDP ratio,0.0
94,No endogenous technology,Transfers-to-GDP ratio,0.0
95,No endogenous technology,Transfers-to-GDP ratio,0.0
96,No endogenous technology,Transfers-to-GDP ratio,0.0
97,No endogenous technology,Transfers-to-GDP ratio,0.0
98,No endogenous technology,Transfers-to-GDP ratio,0.0
99,No endogenous technology,Transfers-to-GDP ratio,0.0
100,No endogenous technology,Transfers-to-GDP ratio,0.0
1,No human capital,Transfers-to-GDP ratio,0.0
2,No human capital,Transfers-to-GDP ratio,0.0
3,No human capital,Transfers-to-GDP ratio,0.0
4,No human capital,Transfers-to-GDP ratio,0.0
5,No human capital,Transfers-to-GDP ratio,0.0
6,No human capital,Transfers-to-GDP ratio,0.0
7,No human capital,Transfers-to-GDP ratio,0.0
8,No human capital,Transfers-to-GDP ratio,0.0
9,No human capital,Transfers-to-GDP ratio,0.0
10,No human capital,Transfers-to-GDP ratio,0.0
11,No human capital,Transfers-to-GDP ratio,0.0
12,No human capital,Transfers-to-GDP ratio,0.0
13,No human capital,Transfers-to-GDP ratio,0.0
14,No human capital,Transfers-to-GDP ratio,0.0
15,No human capital,Transfers-to-GDP ratio,0.0
16,No human capital,Transfers-to-GDP ratio,0.0
17,No human capital,Transfers-to-GDP ratio,0.0
18,No human capital,Transfers-to-GDP ratio,0.0
19,No human capital,Transfers-to-GDP ratio,0.0
20,No human capital,Transfers-to-GDP ratio,0.0
21,No human capital,Transfers-to-GDP ratio,0.0
22,No human capital,Transfers-to-GDP ratio,0.0
23,No human capital,Transfers-to-GDP ratio,0.0
24,No human capital,Transfers-to-GDP ratio,0.0
25,No human capital,Transfers-to-GDP ratio,0.0
26,No human capital,Transfers-to-GDP ratio,0.0
27,No human capital,Transfers-to-GDP ratio,0.0
28,No human capital,Transfers-to-GDP ratio,0.0
29,No human capital,Transfers-to-GDP ratio,0.0
30,No human capital,Transfers-to-GDP ratio,0.0
31,No human capital,Transfers-to-GDP ratio,0.0
32,No human capital,Transfers-to-GDP ratio,0.0
33,No human capital,Transfers-to-GDP ratio,0.0
34,No human capital,Transfers-to-GDP ratio,0.0
35,No human capital,Transfers-to-GDP ratio,0.0
36,No human capital,Transfers-to-GDP ratio,0.0
37,No human capital,Transfers-to-GDP ratio,0.0
38,No human capital,Transfers-to-GDP ratio,0.0
39,No human capital,Transfers-to-GDP ratio,0.0
40,No human capital,Transfers-to-GDP ratio,0.0
41,No human capital,Transfers-to-GDP ratio,0.0
42,No human capital,Transfers-to-GDP ratio,0.0
43,No human capital,Transfers-to-GDP ratio,0.0
44,No human capital,Transfers-to-GDP ratio,0.0
45,No human capital,Transfers-to-GDP ratio,0.0
46,No human capital,Transfers-to-GDP ratio,0.0
47,No human capital,Transfers-to-GDP ratio,0.0
48,No human capital,Transfers-to-GDP ratio,0.0
49,No human capital,Transfers-to-GDP ratio,0.0
50,No human capital,Transfers-to-GDP ratio,0.0
51,No human capital,Transfers-to-GDP ratio,0.0
52,No human capital,Transfers-to-GDP ratio,0.0
53,No human capital,Transfers-to-GDP ratio,0.0
54,No human capital,Transfers-to-GDP ratio,0.0
55,No human capital,Transfers-to-GDP ratio,0.0
56,No human capital,Transfers-to-GDP ratio,0.0
57,No human capital,Transfers-to-GDP ratio,0.0
58,No human capital,Transfers-to-GDP ratio,0.0
59,No human capital,Transfers-to-GDP ratio,0.0
60,No human capital,Transfers-to-GDP ratio,0.0
61,No human capital,Transfers-to-GDP ratio,0.0
62,No human capital,Transfers-to-GDP ratio,0.0
63,No human capital,Transfers-to-GDP ratio,0.0
64,No human capital,Transfers-to-GDP ratio,0.0
65,No human capital,Transfers-to-GDP ratio,0.0
66,No human capital,Transfers-to-GDP ratio,0.0
67,No human capital,Transfers-to-GDP ratio,0.0
68,No human capital,Transfers-to-GDP ratio,0.0
69,No human capital,Transfers-to-GDP ratio,0.0
70,No human capital,Transfers-to-GDP ratio,0.0
71,No human capital,Transfers-to-GDP ratio,0.0
72,No human capital,Transfers-to-GDP ratio,0.0
73,No human capital,Transfers-to-GDP ratio,0.0
74,No human capital,Transfers-to-GDP ratio,0.0
75,No human capital,Transfers-to-GDP ratio,0.0
76,No human capital,Transfers-to-GDP ratio,0.0
77,No human capital,Transfers-to-GDP ratio,0.0
78,No human capital,Transfers-to-GDP ratio,0.0
79,No human capital,Transfers-to-GDP ratio,0.0
80,No human capital,Transfers-to-GDP ratio,0.0
81,No human capital,Transfers-to-GDP ratio,0.0
82,No human capital,Transfers-to-GDP ratio,0.0
83,No human capital,Transfers-to-GDP ratio,0.0
84,No human capital,Transfers-to-GDP ratio,0.0
85,No human capital,Transfers-to-GDP ratio,0.0
86,No human capital,Transfers-to-GDP ratio,0.0
87,No human capital,Transfers-to-GDP ratio,0.0
88,No human capital,Transfers-to-GDP ratio,0.0
89,No human capital,Transfers-to-GDP ratio,0.0
90,No human capital,Transfers-to-GDP ratio,0.0
91,No human capital,Transfers-to-GDP ratio,0.0
92,No human capital,Transfers-to-GDP ratio,0.0
93,No human capital,Transfers-to-GDP ratio,0.0
94,No human capital,Transfers-to-GDP ratio,0.0
95,No human capital,Transfers-to-GDP ratio,0.0
96,No human capital,Transfers-to-GDP ratio,0.0
97,No human capital,Transfers-to-GDP ratio,0.0
98,No human capital,Transfers-to-GDP ratio,0.0
99,No human capital,Transfers-to-GDP ratio,0.0
100,No human capital,Transfers-to-GDP ratio,0.0
1,No public infrastructure,Transfers-to-GDP ratio,0.0
2,No public infrastructure,Transfers-to-GDP ratio,0.0
3,No public infrastructure,Transfers-to-GDP ratio,0.0
4,No public infrastructure,Transfers-to-GDP ratio,0.0
5,No public infrastructure,Transfers-to-GDP ratio,0.0
6,No public infrastructure,Transfers-to-GDP ratio,0.0
7,No public infrastructure,Transfers-to-GDP ratio,0.0
8,No public infrastructure,Transfers-to-GDP ratio,0.0
9,No public infrastructure,Transfers-to-GDP ratio,0.0
10,No public infrastructure,Transfers-to-GDP ratio,0.0
11,No public infrastructure,Transfers-to-GDP ratio,0.0
12,No public infrastructure,Transfers-to-GDP ratio,0.0
13,No public infrastructure,Transfers-to-GDP ratio,0.0
14,No public infrastructure,Transfers-to-GDP ratio,0.0
15,No public infrastructure,Transfers-to-GDP ratio,0.0
16,No public infrastructure,Transfers-to-GDP ratio,0.0
17,No public infrastructure,Transfers-to-GDP ratio,0.0
18,No public infrastructure,Transfers-to-GDP ratio,0.0
19,No public infrastructure,Transfers-to-GDP ratio,0.0
20,No public infrastructure,Transfers-to-GDP ratio,0.0
21,No public infrastructure,Transfers-to-GDP ratio,0.0
22,No public infrastructure,Transfers-to-GDP ratio,0.0
23,No public infrastructure,Transfers-to-GDP ratio,0.0
24,No public infrastructure,Transfers-to-GDP ratio,0.0
25,No public infrastructure,Transfers-to-GDP ratio,0.0
26,No public infrastructure,Transfers-to-GDP ratio,0.0
27,No public infrastructure,Transfers-to-GDP ratio,0.0
28,No public infrastructure,Transfers-to-GDP ratio,0.0
29,No public infrastructure,Transfers-to-GDP ratio,0.0
30,No public infrastructure,Transfers-to-GDP ratio,0.0
31,No public infrastructure,Transfers-to-GDP ratio,0.0
32,No public infrastructure,Transfers-to-GDP ratio,0.0
33,No public infrastructure,Transfers-to-GDP ratio,0.0
34,No public infrastructure,Transfers-to-GDP ratio,0.0
35,No public infrastructure,Transfers-to-GDP ratio,0.0
36,No public infrastructure,Transfers-to-GDP ratio,0.0
37,No public infrastructure,Transfers-to-GDP ratio,0.0
38,No public infrastructure,Transfers-to-GDP ratio,0.0
39,No public infrastructure,Transfers-to-GDP ratio,0.0
40,No public infrastructure,Transfers-to-GDP ratio,0.0
41,No public infrastructure,Transfers-to-GDP ratio,0.0
42,No public infrastructure,Transfers-to-GDP ratio,0.0
43,No public infrastructure,Transfers-to-GDP ratio,0.0
44,No public infrastructure,Transfers-to-GDP ratio,0.0
45,No public infrastructure,Transfers-to-GDP ratio,0.0
46,No public infrastructure,Transfers-to-GDP ratio,0.0
47,No public infrastructure,Transfers-to-GDP ratio,0.0
48,No public infrastructure,Transfers-to-GDP ratio,0.0
49,No public infrastructure,Transfers-to-GDP ratio,0.0
50,No public infrastructure,Transfers-to-GDP ratio,0.0
51,No public infrastructure,Transfers-to-GDP ratio,0.0
52,No public infrastructure,Transfers-to-GDP ratio,0.0
53,No public infrastructure,Transfers-to-GDP ratio,0.0
54,No public infrastructure,Transfers-to-GDP ratio,0.0
55,No public infrastructure,Transfers-to-GDP ratio,0.0
56,No public infrastructure,Transfers-to-GDP ratio,0.0
57,No public infrastructure,Transfers-to-GDP ratio,0.0
58,No public infrastructure,Transfers-to-GDP ratio,0.0
59,No public infrastructure,Transfers-to-GDP ratio,0.0
60,No public infrastructure,Transfers-to-GDP ratio,0.0
61,No public infrastructure,Transfers-to-GDP ratio,0.0
62,No public infrastructure,Transfers-to-GDP ratio,0.0
63,No public infrastructure,Transfers-to-GDP ratio,0.0
64,No public infrastructure,Transfers-to-GDP ratio,0.0
65,No public infrastructure,Transfers-to-GDP ratio,0.0
66,No public infrastructure,Transfers-to-GDP ratio,0.0
67,No public infrastructure,Transfers-to-GDP ratio,0.0
68,No public infrastructure,Transfers-to-GDP ratio,0.0
69,No public infrastructure,Transfers-to-GDP ratio,0.0
70,No public infrastructure,Transfers-to-GDP ratio,0.0
71,No public infrastructure,Transfers-to-GDP ratio,0.0
72,No public infrastructure,Transfers-to-GDP ratio,0.0
73,No public infrastructure,Transfers-to-GDP ratio,0.0
74,No public infrastructure,Transfers-to-GDP ratio,0.0
75,No public infrastructure,Transfers-to-GDP ratio,0.0
76,No public infrastructure,Transfers-to-GDP ratio,0.0
77,No public infrastructure,Transfers-to-GDP ratio,0.0
78,No public infrastructure,Transfers-to-GDP ratio,0.0
79,No public infrastructure,Transfers-to-GDP ratio,0.0
80,No public infrastructure,Transfers-to-GDP ratio,0.0
81,No public infrastructure,Transfers-to-GDP ratio,0.0
82,No public infrastructure,Transfers-to-GDP ratio,0.0
83,No public infrastructure,Transfers-to-GDP ratio,0.0
84,No public infrastructure,Transfers-to-GDP ratio,0.0
85,No public infrastructure,Transfers-to-GDP ratio,0.0
86,No public infrastructure,Transfers-to-GDP ratio,0.0
87,No public infrastructure,Transfers-to-GDP ratio,0.0
88,No public infrastructure,Transfers-to-GDP ratio,0.0
89,No public infrastructure,Transfers-to-GDP ratio,0.0
90,No public infrastructure,Transfers-to-GDP ratio,0.0
91,No public infrastructure,Transfers-to-GDP ratio,0.0
92,No public infrastructure,Transfers-to-GDP ratio,0.0
93,No public infrastructure,Transfers-to-GDP ratio,0.0
94,No public infrastructure,Transfers-to-GDP ratio,0.0
95,No public infrastructure,Transfers-to-GDP ratio,0.0
96,No public infrastructure,Transfers-to-GDP ratio,0.0
97,No public infrastructure,Transfers-to-GDP ratio,0.0
98,No public infrastructure,Transfers-to-GDP ratio,0.0
99,No public infrastructure,Transfers-to-GDP ratio,0.0
100,No public infrastructure,Transfers-to-GDP ratio,0.0
1,No private capital,Transfers-to-GDP ratio,0.0
2,No private capital,Transfers-to-GDP ratio,0.0
3,No private capital,Transfers-to-GDP ratio,0.0
4,No private capital,Transfers-to-GDP ratio,0.0
5,No private capital,Transfers-to-GDP ratio,0.0
6,No private capital,Transfers-to-GDP ratio,0.0
7,No private capital,Transfers-to-GDP ratio,0.0
8,No private capital,Transfers-to-GDP ratio,0.0
9,No private capital,Transfers-to-GDP ratio,0.0
10,No private capital,Transfers-to-GDP ratio,0.0
11,No private capital,Transfers-to-GDP ratio,0.0
12,No private capital,Transfers-to-GDP ratio,0.0
13,No private capital,Transfers-to-GDP ratio,0.0
14,No private capital,Transfers-to-GDP ratio,0.0
15,No private capital,Transfers-to-GDP ratio,0.0
16,No private capital,Transfers-to-GDP ratio,0.0
17,No private capital,Transfers-to-GDP ratio,0.0
18,No private capital,Transfers-to-GDP ratio,0.0
19,No private capital,Transfers-to-GDP ratio,0.0
20,No private capital,Transfers-to-GDP ratio,0.0
21,No private capital,Transfers-to-GDP ratio,0.0
22,No private capital,Transfers-to-GDP ratio,0.0
23,No private capital,Transfers-to-GDP ratio,0.0
24,No private capital,Transfers-to-GDP ratio,0.0
25,No private capital,Transfers-to-GDP ratio,0.0
26,No private capital,Transfers-to-GDP ratio,0.0
27,No private capital,Transfers-to-GDP ratio,0.0
28,No private capital,Transfers-to-GDP ratio,0.0
29,No private capital,Transfers-to-GDP ratio,0.0
30,No private capital,Transfers-to-GDP ratio,0.0
31,No private capital,Transfers-to-GDP ratio,0.0
32,No private capital,Transfers-to-GDP ratio,0.0
33,No private capital,Transfers-to-GDP ratio,0.0
34,No private capital,Transfers-to-GDP ratio,0.0
35,No private capital,Transfers-to-GDP ratio,0.0
36,No private capital,Transfers-to-GDP ratio,0.0
37,No private capital,Transfers-to-GDP ratio,0.0
38,No private capital,Transfers-to-GDP ratio,0.0
39,No private capital,Transfers-to-GDP ratio,0.0
40,No private capital,Transfers-to-GDP ratio,0.0
41,No private capital,Transfers-to-GDP ratio,0.0
42,No private capital,Transfers-to-GDP ratio,0.0
43,No private capital,Transfers-to-GDP ratio,0.0
44,No private capital,Transfers-to-GDP ratio,0.0
45,No private capital,Transfers-to-GDP ratio,0.0
46,No private capital,Transfers-to-GDP ratio,0.0
47,No private capital,Transfers-to-GDP ratio,0.0
48,No private capital,Transfers-to-GDP ratio,0.0
49,No private capital,Transfers-to-GDP ratio,0.0
50,No private capital,Transfers-to-GDP ratio,0.0
51,No private capital,Transfers-to-GDP ratio,0.0
52,No private capital,Transfers-to-GDP ratio,0.0
53,No private capital,Transfers-to-GDP ratio,0.0
54,No private capital,Transfers-to-GDP ratio,0.0
55,No private capital,Transfers-to-GDP ratio,0.0
56,No private capital,Transfers-to-GDP ratio,0.0
57,No private capital,Transfers-to-GDP ratio,0.0
58,No private capital,Transfers-to-GDP ratio,0.0
59,No private capital,Transfers-to-GDP ratio,0.0
60,No private capital,Transfers-to-GDP ratio,0.0
61,No private capital,Transfers-to-GDP ratio,0.0
62,No private capital,Transfers-to-GDP ratio,0.0
63,No private capital,Transfers-to-GDP ratio,0.0
64,No private capital,Transfers-to-GDP ratio,0.0
65,No private capital,Transfers-to-GDP ratio,0.0
66,No private capital,Transfers-to-GDP ratio,0.0
67,No private capital,Transfers-to-GDP ratio,0.0
68,No private capital,Transfers-to-GDP ratio,0.0
69,No private capital,Transfers-to-GDP ratio,0.0
70,No private capital,Transfers-to-GDP ratio,0.0
71,No private capital,Transfers-to-GDP ratio,0.0
72,No private capital,Transfers-to-GDP ratio,0.0
73,No private capital,Transfers-to-GDP ratio,0.0
74,No private capital,Transfers-to-GDP ratio,0.0
75,No private capital,Transfers-to-GDP ratio,0.0
76,No private capital,Transfers-to-GDP ratio,0.0
77,No private capital,Transfers-to-GDP ratio,0.0
78,No private capital,Transfers-to-GDP ratio,0.0
79,No private capital,Transfers-to-GDP ratio,0.0
80,No private capital,Transfers-to-GDP ratio,0.0
81,No private capital,Transfers-to-GDP ratio,0.0
82,No private capital,Transfers-to-GDP ratio,0.0
83,No private capital,Transfers-to-GDP ratio,0.0
84,No private capital,Transfers-to-GDP ratio,0.0
85,No private capital,Transfers-to-GDP ratio,0.0
86,No private capital,Transfers-to-GDP ratio,0.0
87,No private capital,Transfers-to-GDP ratio,0.0
88,No private capital,Transfers-to-GDP ratio,0.0
89,No private capital,Transfers-to-GDP ratio,0.0
90,No private capital,Transfers-to-GDP ratio,0.0
91,No private capital,Transfers-to-GDP ratio,0.0
92,No private capital,Transfers-to-GDP ratio,0.0
93,No private capital,Transfers-to-GDP ratio,0.0
94,No private capital,Transfers-to-GDP ratio,0.0
95,No private capital,Transfers-to-GDP ratio,0.0
96,No private capital,Transfers-to-GDP ratio,0.0
97,No private capital,Transfers-to-GDP ratio,0.0
98,No private capital,Transfers-to-GDP ratio,0.0
99,No private capital,Transfers-to-GDP ratio,0.0
100,No private capital,Transfers-to-GDP ratio,0.0
1,No indexation,Transfers-to-GDP ratio,0.0
2,No indexation,Transfers-to-GDP ratio,0.0
3,No indexation,Transfers-to-GDP ratio,0.0
4,No indexation,Transfers-to-GDP ratio,0.0
5,No indexation,Transfers-to-GDP ratio,0.0
6,No indexation,Transfers-to-GDP ratio,0.0
7,No indexation,Transfers-to-GDP ratio,0.0
8,No indexation,Transfers-to-GDP ratio,0.0
9,No indexation,Transfers-to-GDP ratio,0.0
10,No indexation,Transfers-to-GDP ratio,0.0
11,No indexation,Transfers-to-GDP ratio,0.0
12,No indexation,Transfers-to-GDP ratio,0.0
13,No indexation,Transfers-to-GDP ratio,0.0
14,No indexation,Transfers-to-GDP ratio,0.0
15,No indexation,Transfers-to-GDP ratio,0.0
16,No indexation,Transfers-to-GDP ratio,0.0
17,No indexation,Transfers-to-GDP ratio,0.0
18,No indexation,Transfers-to-GDP ratio,0.0
19,No indexation,Transfers-to-GDP ratio,0.0
20,No indexation,Transfers-to-GDP ratio,0.0
21,No indexation,Transfers-to-GDP ratio,0.0
22,No indexation,Transfers-to-GDP ratio,0.0
23,No indexation,Transfers-to-GDP ratio,0.0
24,No indexation,Transfers-to-GDP ratio,0.0
25,No indexation,Transfers-to-GDP ratio,0.0
26,No indexation,Transfers-to-GDP ratio,0.0
27,No indexation,Transfers-to-GDP ratio,0.0
28,No indexation,Transfers-to-GDP ratio,0.0
29,No indexation,Transfers-to-GDP ratio,0.0
30,No indexation,Transfers-to-GDP ratio,0.0
31,No indexation,Transfers-to-GDP ratio,0.0
32,No indexation,Transfers-to-GDP ratio,0.0
33,No indexation,Transfers-to-GDP ratio,0.0
34,No indexation,Transfers-to-GDP ratio,0.0
35,No indexation,Transfers-to-GDP ratio,0.0
36,No indexation,Transfers-to-GDP ratio,0.0
37,No indexation,Transfers-to-GDP ratio,0.0
38,No indexation,Transfers-to-GDP ratio,0.0
39,No indexation,Transfers-to-GDP ratio,0.0
40,No indexation,Transfers-to-GDP ratio,0.0
41,No indexation,Transfers-to-GDP ratio,0.0
42,No indexation,Transfers-to-GDP ratio,0.0
43,No indexation,Transfers-to-GDP ratio,0.0
44,No indexation,Transfers-to-GDP ratio,0.0
45,No indexation,Transfers-to-GDP ratio,0.0
46,No indexation,Transfers-to-GDP ratio,0.0
47,No indexation,Transfers-to-GDP ratio,0.0
48,No indexation,Transfers-to-GDP ratio,0.0
49,No indexation,Transfers-to-GDP ratio,0.0
50,No indexation,Transfers-to-GDP ratio,0.0
51,No indexation,Transfers-to-GDP ratio,0.0
52,No indexation,Transfers-to-GDP ratio,0.0
53,No indexation,Transfers-to-GDP ratio,0.0
54,No indexation,Transfers-to-GDP ratio,0.0
55,No indexation,Transfers-to-GDP ratio,0.0
56,No indexation,Transfers-to-GDP ratio,0.0
57,No indexation,Transfers-to-GDP ratio,0.0
58,No indexation,Transfers-to-GDP ratio,0.0
59,No indexation,Transfers-to-GDP ratio,0.0
60,No indexation,Transfers-to-GDP ratio,0.0
61,No indexation,Transfers-to-GDP ratio,0.0
62,No indexation,Transfers-to-GDP ratio,0.0
63,No indexation,Transfers-to-GDP ratio,0.0
64,No indexation,Transfers-to-GDP ratio,0.0
65,No indexation,Transfers-to-GDP ratio,0.0
66,No indexation,Transfers-to-GDP ratio,0.0
67,No indexation,Transfers-to-GDP ratio,0.0
68,No indexation,Transfers-to-GDP ratio,0.0
69,No indexation,Transfers-to-GDP ratio,0.0
70,No indexation,Transfers-to-GDP ratio,0.0
71,No indexation,Transfers-to-GDP ratio,0.0
72,No indexation,Transfers-to-GDP ratio,0.0
73,No indexation,Transfers-to-GDP ratio,0.0
74,No indexation,Transfers-to-GDP ratio,0.0
75,No indexation,Transfers-to-GDP ratio,0.0
76,No indexation,Transfers-to-GDP ratio,0.0
77,No indexation,Transfers-to-GDP ratio,0.0
78,No indexation,Transfers-to-GDP ratio,0.0
79,No indexation,Transfers-to-GDP ratio,0.0
80,No indexation,Transfers-to-GDP ratio,0.0
81,No indexation,Transfers-to-GDP ratio,0.0
82,No indexation,Transfers-to-GDP ratio,0.0
83,No indexation,Transfers-to-GDP ratio,0.0
84,No indexation,Transfers-to-GDP ratio,0.0
85,No indexation,Transfers-to-GDP ratio,0.0
86,No indexation,Transfers-to-GDP ratio,0.0
87,No indexation,Transfers-to-GDP ratio,0.0
88,No indexation,Transfers-to-GDP ratio,0.0
89,No indexation,Transfers-to-GDP ratio,0.0
90,No indexation,Transfers-to-GDP ratio,0.0
91,No indexation,Transfers-to-GDP ratio,0.0
92,No indexation,Transfers-to-GDP ratio,0.0
93,No indexation,Transfers-to-GDP ratio,0.0
94,No indexation,Transfers-to-GDP ratio,0.0
95,No indexation,Transfers-to-GDP ratio,0.0
96,No indexation,Transfers-to-GDP ratio,0.0
97,No indexation,Transfers-to-GDP ratio,0.0
98,No indexation,Transfers-to-GDP ratio,0.0
99,No indexation,Transfers-to-GDP ratio,0.0
100,No indexation,Transfers-to-GDP ratio,0.0
1,No trend growth,Transfers-to-GDP ratio,0.0
2,No trend growth,Transfers-to-GDP ratio,0.0
3,No trend growth,Transfers-to-GDP ratio,0.0
4,No trend growth,Transfers-to-GDP ratio,0.0
5,No trend growth,Transfers-to-GDP ratio,0.0
6,No trend growth,Transfers-to-GDP ratio,0.0
7,No trend growth,Transfers-to-GDP ratio,0.0
8,No trend growth,Transfers-to-GDP ratio,0.0
9,No trend growth,Transfers-to-GDP ratio,0.0
10,No trend growth,Transfers-to-GDP ratio,0.0
11,No trend growth,Transfers-to-GDP ratio,0.0
12,No trend growth,Transfers-to-GDP ratio,0.0
13,No trend growth,Transfers-to-GDP ratio,0.0
14,No trend growth,Transfers-to-GDP ratio,0.0
15,No trend growth,Transfers-to-GDP ratio,0.0
16,No trend growth,Transfers-to-GDP ratio,0.0
17,No trend growth,Transfers-to-GDP ratio,0.0
18,No trend growth,Transfers-to-GDP ratio,0.0
19,No trend growth,Transfers-to-GDP ratio,0.0
20,No trend growth,Transfers-to-GDP ratio,0.0
21,No trend growth,Transfers-to-GDP ratio,0.0
22,No trend growth,Transfers-to-GDP ratio,0.0
23,No trend growth,Transfers-to-GDP ratio,0.0
24,No trend growth,Transfers-to-GDP ratio,0.0
25,No trend growth,Transfers-to-GDP ratio,0.0
26,No trend growth,Transfers-to-GDP ratio,0.0
27,No trend growth,Transfers-to-GDP ratio,0.0
28,No trend growth,Transfers-to-GDP ratio,0.0
29,No trend growth,Transfers-to-GDP ratio,0.0
30,No trend growth,Transfers-to-GDP ratio,0.0
31,No trend growth,Transfers-to-GDP ratio,0.0
32,No trend growth,Transfers-to-GDP ratio,0.0
33,No trend growth,Transfers-to-GDP ratio,0.0
34,No trend growth,Transfers-to-GDP ratio,0.0
35,No trend growth,Transfers-to-GDP ratio,0.0
36,No trend growth,Transfers-to-GDP ratio,0.0
37,No trend growth,Transfers-to-GDP ratio,0.0
38,No trend growth,Transfers-to-GDP ratio,0.0
39,No trend growth,Transfers-to-GDP ratio,0.0
40,No trend growth,Transfers-to-GDP ratio,0.0
41,No trend growth,Transfers-to-GDP ratio,0.0
42,No trend growth,Transfers-to-GDP ratio,0.0
43,No trend growth,Transfers-to-GDP ratio,0.0
44,No trend growth,Transfers-to-GDP ratio,0.0
45,No trend growth,Transfers-to-GDP ratio,0.0
46,No trend growth,Transfers-to-GDP ratio,0.0
47,No trend growth,Transfers-to-GDP ratio,0.0
48,No trend growth,Transfers-to-GDP ratio,0.0
49,No trend growth,Transfers-to-GDP ratio,0.0
50,No trend growth,Transfers-to-GDP ratio,0.0
51,No trend growth,Transfers-to-GDP ratio,0.0
52,No trend growth,Transfers-to-GDP ratio,0.0
53,No trend growth,Transfers-to-GDP ratio,0.0
54,No trend growth,Transfers-to-GDP ratio,0.0
55,No trend growth,Transfers-to-GDP ratio,0.0
56,No trend growth,Transfers-to-GDP ratio,0.0
57,No trend growth,Transfers-to-GDP ratio,0.0
58,No trend growth,Transfers-to-GDP ratio,0.0
59,No trend growth,Transfers-to-GDP ratio,0.0
60,No trend growth,Transfers-to-GDP ratio,0.0
61,No trend growth,Transfers-to-GDP ratio,0.0
62,No trend growth,Transfers-to-GDP ratio,0.0
63,No trend growth,Transfers-to-GDP ratio,0.0
64,No trend growth,Transfers-to-GDP ratio,0.0
65,No trend growth,Transfers-to-GDP ratio,0.0
66,No trend growth,Transfers-to-GDP ratio,0.0
67,No trend growth,Transfers-to-GDP ratio,0.0
68,No trend growth,Transfers-to-GDP ratio,0.0
69,No trend growth,Transfers-to-GDP ratio,0.0
70,No trend growth,Transfers-to-GDP ratio,0.0
71,No trend growth,Transfers-to-GDP ratio,0.0
72,No trend growth,Transfers-to-GDP ratio,0.0
73,No trend growth,Transfers-to-GDP ratio,0.0
74,No trend growth,Transfers-to-GDP ratio,0.0
75,No trend growth,Transfers-to-GDP ratio,0.0
76,No trend growth,Transfers-to-GDP ratio,0.0
77,No trend growth,Transfers-to-GDP ratio,0.0
78,No trend growth,Transfers-to-GDP ratio,0.0
79,No trend growth,Transfers-to-GDP ratio,0.0
80,No trend growth,Transfers-to-GDP ratio,0.0
81,No trend growth,Transfers-to-GDP ratio,0.0
82,No trend growth,Transfers-to-GDP ratio,0.0
83,No trend growth,Transfers-to-GDP ratio,0.0
84,No trend growth,Transfers-to-GDP ratio,0.0
85,No trend growth,Transfers-to-GDP ratio,0.0
86,No trend growth,Transfers-to-GDP ratio,0.0
87,No trend growth,Transfers-to-GDP ratio,0.0
88,No trend growth,Transfers-to-GDP ratio,0.0
89,No trend growth,Transfers-to-GDP ratio,0.0
90,No trend growth,Transfers-to-GDP ratio,0.0
91,No trend growth,Transfers-to-GDP ratio,0.0
92,No trend growth,Transfers-to-GDP ratio,0.0
93,No trend growth,Transfers-to-GDP ratio,0.0
94,No trend growth,Transfers-to-GDP ratio,0.0
95,No trend growth,Transfers-to-GDP ratio,0.0
96,No trend growth,Transfers-to-GDP ratio,0.0
97,No trend growth,Transfers-to-GDP ratio,0.0
98,No trend growth,Transfers-to-GDP ratio,0.0
99,No trend growth,Transfers-to-GDP ratio,0.0
100,No trend growth,Transfers-to-GDP ratio,0.0
1,Derived canonical NK,Transfers-to-GDP ratio,0.0
2,Derived canonical NK,Transfers-to-GDP ratio,0.0
3,Derived canonical NK,Transfers-to-GDP ratio,0.0
4,Derived canonical NK,Transfers-to-GDP ratio,0.0
5,Derived canonical NK,Transfers-to-GDP ratio,0.0
6,Derived canonical NK,Transfers-to-GDP ratio,0.0
7,Derived canonical NK,Transfers-to-GDP ratio,0.0
8,Derived canonical NK,Transfers-to-GDP ratio,0.0
9,Derived canonical NK,Transfers-to-GDP ratio,0.0
10,Derived canonical NK,Transfers-to-GDP ratio,0.0
11,Derived canonical NK,Transfers-to-GDP ratio,0.0
12,Derived canonical NK,Transfers-to-GDP ratio,0.0
13,Derived canonical NK,Transfers-to-GDP ratio,0.0
14,Derived canonical NK,Transfers-to-GDP ratio,0.0
15,Derived canonical NK,Transfers-to-GDP ratio,0.0
16,Derived canonical NK,Transfers-to-GDP ratio,0.0
17,Derived canonical NK,Transfers-to-GDP ratio,0.0
18,Derived canonical NK,Transfers-to-GDP ratio,0.0
19,Derived canonical NK,Transfers-to-GDP ratio,0.0
20,Derived canonical NK,Transfers-to-GDP ratio,0.0
21,Derived canonical NK,Transfers-to-GDP ratio,0.0
22,Derived canonical NK,Transfers-to-GDP ratio,0.0
23,Derived canonical NK,Transfers-to-GDP ratio,0.0
24,Derived canonical NK,Transfers-to-GDP ratio,0.0
25,Derived canonical NK,Transfers-to-GDP ratio,0.0
26,Derived canonical NK,Transfers-to-GDP ratio,0.0
27,Derived canonical NK,Transfers-to-GDP ratio,0.0
28,Derived canonical NK,Transfers-to-GDP ratio,0.0
29,Derived canonical NK,Transfers-to-GDP ratio,0.0
30,Derived canonical NK,Transfers-to-GDP ratio,0.0
31,Derived canonical NK,Transfers-to-GDP ratio,0.0
32,Derived canonical NK,Transfers-to-GDP ratio,0.0
33,Derived canonical NK,Transfers-to-GDP ratio,0.0
34,Derived canonical NK,Transfers-to-GDP ratio,0.0
35,Derived canonical NK,Transfers-to-GDP ratio,0.0
36,Derived canonical NK,Transfers-to-GDP ratio,0.0
37,Derived canonical NK,Transfers-to-GDP ratio,0.0
38,Derived canonical NK,Transfers-to-GDP ratio,0.0
39,Derived canonical NK,Transfers-to-GDP ratio,0.0
40,Derived canonical NK,Transfers-to-GDP ratio,0.0
41,Derived canonical NK,Transfers-to-GDP ratio,0.0
42,Derived canonical NK,Transfers-to-GDP ratio,0.0
43,Derived canonical NK,Transfers-to-GDP ratio,0.0
44,Derived canonical NK,Transfers-to-GDP ratio,0.0
45,Derived canonical NK,Transfers-to-GDP ratio,0.0
46,Derived canonical NK,Transfers-to-GDP ratio,0.0
47,Derived canonical NK,Transfers-to-GDP ratio,0.0
48,Derived canonical NK,Transfers-to-GDP ratio,0.0
49,Derived canonical NK,Transfers-to-GDP ratio,0.0
50,Derived canonical NK,Transfers-to-GDP ratio,0.0
51,Derived canonical NK,Transfers-to-GDP ratio,0.0
52,Derived canonical NK,Transfers-to-GDP ratio,0.0
53,Derived canonical NK,Transfers-to-GDP ratio,0.0
54,Derived canonical NK,Transfers-to-GDP ratio,0.0
55,Derived canonical NK,Transfers-to-GDP ratio,0.0
56,Derived canonical NK,Transfers-to-GDP ratio,0.0
57,Derived canonical NK,Transfers-to-GDP ratio,0.0
58,Derived canonical NK,Transfers-to-GDP ratio,0.0
59,Derived canonical NK,Transfers-to-GDP ratio,0.0
60,Derived canonical NK,Transfers-to-GDP ratio,0.0
61,Derived canonical NK,Transfers-to-GDP ratio,0.0
62,Derived canonical NK,Transfers-to-GDP ratio,0.0
63,Derived canonical NK,Transfers-to-GDP ratio,0.0
64,Derived canonical NK,Transfers-to-GDP ratio,0.0
65,Derived canonical NK,Transfers-to-GDP ratio,0.0
66,Derived canonical NK,Transfers-to-GDP ratio,0.0
67,Derived canonical NK,Transfers-to-GDP ratio,0.0
68,Derived canonical NK,Transfers-to-GDP ratio,0.0
69,Derived canonical NK,Transfers-to-GDP ratio,0.0
70,Derived canonical NK,Transfers-to-GDP ratio,0.0
71,Derived canonical NK,Transfers-to-GDP ratio,0.0
72,Derived canonical NK,Transfers-to-GDP ratio,0.0
73,Derived canonical NK,Transfers-to-GDP ratio,0.0
74,Derived canonical NK,Transfers-to-GDP ratio,0.0
75,Derived canonical NK,Transfers-to-GDP ratio,0.0
76,Derived canonical NK,Transfers-to-GDP ratio,0.0
77,Derived canonical NK,Transfers-to-GDP ratio,0.0
78,Derived canonical NK,Transfers-to-GDP ratio,0.0
79,Derived canonical NK,Transfers-to-GDP ratio,0.0
80,Derived canonical NK,Transfers-to-GDP ratio,0.0
81,Derived canonical NK,Transfers-to-GDP ratio,0.0
82,Derived canonical NK,Transfers-to-GDP ratio,0.0
83,Derived canonical NK,Transfers-to-GDP ratio,0.0
84,Derived canonical NK,Transfers-to-GDP ratio,0.0
85,Derived canonical NK,Transfers-to-GDP ratio,0.0
86,Derived canonical NK,Transfers-to-GDP ratio,0.0
87,Derived canonical NK,Transfers-to-GDP ratio,0.0
88,Derived canonical NK,Transfers-to-GDP ratio,0.0
89,Derived canonical NK,Transfers-to-GDP ratio,0.0
90,Derived canonical NK,Transfers-to-GDP ratio,0.0
91,Derived canonical NK,Transfers-to-GDP ratio,0.0
92,Derived canonical NK,Transfers-to-GDP ratio,0.0
93,Derived canonical NK,Transfers-to-GDP ratio,0.0
94,Derived canonical NK,Transfers-to-GDP ratio,0.0
95,Derived canonical NK,Transfers-to-GDP ratio,0.0
96,Derived canonical NK,Transfers-to-GDP ratio,0.0
97,Derived canonical NK,Transfers-to-GDP ratio,0.0
98,Derived canonical NK,Transfers-to-GDP ratio,0.0
99,Derived canonical NK,Transfers-to-GDP ratio,0.0
100,Derived canonical NK,Transfers-to-GDP ratio,0.0
1,Full model,Debt-to-GDP ratio (b<sub>t</sub>),-0.079
2,Full model,Debt-to-GDP ratio (b<sub>t</sub>),0.349
3,Full model,Debt-to-GDP ratio (b<sub>t</sub>),0.612
4,Full model,Debt-to-GDP ratio (b<sub>t</sub>),0.881
5,Full model,Debt-to-GDP ratio (b<sub>t</sub>),1.153
6,Full model,Debt-to-GDP ratio (b<sub>t</sub>),1.424
7,Full model,Debt-to-GDP ratio (b<sub>t</sub>),1.696
8,Full model,Debt-to-GDP ratio (b<sub>t</sub>),1.968
9,Full model,Debt-to-GDP ratio (b<sub>t</sub>),2.241
10,Full model,Debt-to-GDP ratio (b<sub>t</sub>),2.513
11,Full model,Debt-to-GDP ratio (b<sub>t</sub>),2.786
12,Full model,Debt-to-GDP ratio (b<sub>t</sub>),3.059
13,Full model,Debt-to-GDP ratio (b<sub>t</sub>),3.331
14,Full model,Debt-to-GDP ratio (b<sub>t</sub>),3.604
15,Full model,Debt-to-GDP ratio (b<sub>t</sub>),3.877
16,Full model,Debt-to-GDP ratio (b<sub>t</sub>),4.151
17,Full model,Debt-to-GDP ratio (b<sub>t</sub>),4.424
18,Full model,Debt-to-GDP ratio (b<sub>t</sub>),4.698
19,Full model,Debt-to-GDP ratio (b<sub>t</sub>),4.971
20,Full model,Debt-to-GDP ratio (b<sub>t</sub>),5.245
21,Full model,Debt-to-GDP ratio (b<sub>t</sub>),5.519
22,Full model,Debt-to-GDP ratio (b<sub>t</sub>),5.794
23,Full model,Debt-to-GDP ratio (b<sub>t</sub>),6.068
24,Full model,Debt-to-GDP ratio (b<sub>t</sub>),6.342
25,Full model,Debt-to-GDP ratio (b<sub>t</sub>),6.616
26,Full model,Debt-to-GDP ratio (b<sub>t</sub>),6.89
27,Full model,Debt-to-GDP ratio (b<sub>t</sub>),7.165
28,Full model,Debt-to-GDP ratio (b<sub>t</sub>),7.439
29,Full model,Debt-to-GDP ratio (b<sub>t</sub>),7.714
30,Full model,Debt-to-GDP ratio (b<sub>t</sub>),7.989
31,Full model,Debt-to-GDP ratio (b<sub>t</sub>),8.265
32,Full model,Debt-to-GDP ratio (b<sub>t</sub>),8.54
33,Full model,Debt-to-GDP ratio (b<sub>t</sub>),8.815
34,Full model,Debt-to-GDP ratio (b<sub>t</sub>),9.091
35,Full model,Debt-to-GDP ratio (b<sub>t</sub>),9.366
36,Full model,Debt-to-GDP ratio (b<sub>t</sub>),9.641
37,Full model,Debt-to-GDP ratio (b<sub>t</sub>),9.918
38,Full model,Debt-to-GDP ratio (b<sub>t</sub>),10.193
39,Full model,Debt-to-GDP ratio (b<sub>t</sub>),10.469
40,Full model,Debt-to-GDP ratio (b<sub>t</sub>),10.746
41,Full model,Debt-to-GDP ratio (b<sub>t</sub>),11.022
42,Full model,Debt-to-GDP ratio (b<sub>t</sub>),11.3
43,Full model,Debt-to-GDP ratio (b<sub>t</sub>),11.576
44,Full model,Debt-to-GDP ratio (b<sub>t</sub>),11.854
45,Full model,Debt-to-GDP ratio (b<sub>t</sub>),12.13
46,Full model,Debt-to-GDP ratio (b<sub>t</sub>),12.407
47,Full model,Debt-to-GDP ratio (b<sub>t</sub>),12.685
48,Full model,Debt-to-GDP ratio (b<sub>t</sub>),12.962
49,Full model,Debt-to-GDP ratio (b<sub>t</sub>),13.24
50,Full model,Debt-to-GDP ratio (b<sub>t</sub>),13.518
51,Full model,Debt-to-GDP ratio (b<sub>t</sub>),13.796
52,Full model,Debt-to-GDP ratio (b<sub>t</sub>),14.074
53,Full model,Debt-to-GDP ratio (b<sub>t</sub>),14.353
54,Full model,Debt-to-GDP ratio (b<sub>t</sub>),14.631
55,Full model,Debt-to-GDP ratio (b<sub>t</sub>),14.91
56,Full model,Debt-to-GDP ratio (b<sub>t</sub>),15.19
57,Full model,Debt-to-GDP ratio (b<sub>t</sub>),15.468
58,Full model,Debt-to-GDP ratio (b<sub>t</sub>),15.748
59,Full model,Debt-to-GDP ratio (b<sub>t</sub>),16.028
60,Full model,Debt-to-GDP ratio (b<sub>t</sub>),16.307
61,Full model,Debt-to-GDP ratio (b<sub>t</sub>),16.587
62,Full model,Debt-to-GDP ratio (b<sub>t</sub>),16.868
63,Full model,Debt-to-GDP ratio (b<sub>t</sub>),17.148
64,Full model,Debt-to-GDP ratio (b<sub>t</sub>),17.429
65,Full model,Debt-to-GDP ratio (b<sub>t</sub>),17.709
66,Full model,Debt-to-GDP ratio (b<sub>t</sub>),17.99
67,Full model,Debt-to-GDP ratio (b<sub>t</sub>),18.271
68,Full model,Debt-to-GDP ratio (b<sub>t</sub>),18.552
69,Full model,Debt-to-GDP ratio (b<sub>t</sub>),18.834
70,Full model,Debt-to-GDP ratio (b<sub>t</sub>),19.116
71,Full model,Debt-to-GDP ratio (b<sub>t</sub>),19.397
72,Full model,Debt-to-GDP ratio (b<sub>t</sub>),19.68
73,Full model,Debt-to-GDP ratio (b<sub>t</sub>),19.962
74,Full model,Debt-to-GDP ratio (b<sub>t</sub>),20.245
75,Full model,Debt-to-GDP ratio (b<sub>t</sub>),20.529
76,Full model,Debt-to-GDP ratio (b<sub>t</sub>),20.811
77,Full model,Debt-to-GDP ratio (b<sub>t</sub>),21.096
78,Full model,Debt-to-GDP ratio (b<sub>t</sub>),21.378
79,Full model,Debt-to-GDP ratio (b<sub>t</sub>),21.663
80,Full model,Debt-to-GDP ratio (b<sub>t</sub>),21.946
81,Full model,Debt-to-GDP ratio (b<sub>t</sub>),22.231
82,Full model,Debt-to-GDP ratio (b<sub>t</sub>),22.515
83,Full model,Debt-to-GDP ratio (b<sub>t</sub>),22.8
84,Full model,Debt-to-GDP ratio (b<sub>t</sub>),23.085
85,Full model,Debt-to-GDP ratio (b<sub>t</sub>),23.37
86,Full model,Debt-to-GDP ratio (b<sub>t</sub>),23.657
87,Full model,Debt-to-GDP ratio (b<sub>t</sub>),23.943
88,Full model,Debt-to-GDP ratio (b<sub>t</sub>),24.228
89,Full model,Debt-to-GDP ratio (b<sub>t</sub>),24.515
90,Full model,Debt-to-GDP ratio (b<sub>t</sub>),24.802
91,Full model,Debt-to-GDP ratio (b<sub>t</sub>),25.088
92,Full model,Debt-to-GDP ratio (b<sub>t</sub>),25.376
93,Full model,Debt-to-GDP ratio (b<sub>t</sub>),25.664
94,Full model,Debt-to-GDP ratio (b<sub>t</sub>),25.95
95,Full model,Debt-to-GDP ratio (b<sub>t</sub>),26.238
96,Full model,Debt-to-GDP ratio (b<sub>t</sub>),26.527
97,Full model,Debt-to-GDP ratio (b<sub>t</sub>),26.816
98,Full model,Debt-to-GDP ratio (b<sub>t</sub>),27.104
99,Full model,Debt-to-GDP ratio (b<sub>t</sub>),27.393
100,Full model,Debt-to-GDP ratio (b<sub>t</sub>),27.684
1,No endogenous technology,Debt-to-GDP ratio (b<sub>t</sub>),-0.067
2,No endogenous technology,Debt-to-GDP ratio (b<sub>t</sub>),0.35
3,No endogenous technology,Debt-to-GDP ratio (b<sub>t</sub>),0.615
4,No endogenous technology,Debt-to-GDP ratio (b<sub>t</sub>),0.885
5,No endogenous technology,Debt-to-GDP ratio (b<sub>t</sub>),1.156
6,No endogenous technology,Debt-to-GDP ratio (b<sub>t</sub>),1.429
7,No endogenous technology,Debt-to-GDP ratio (b<sub>t</sub>),1.702
8,No endogenous technology,Debt-to-GDP ratio (b<sub>t</sub>),1.974
9,No endogenous technology,Debt-to-GDP ratio (b<sub>t</sub>),2.247
10,No endogenous technology,Debt-to-GDP ratio (b<sub>t</sub>),2.52
11,No endogenous technology,Debt-to-GDP ratio (b<sub>t</sub>),2.794
12,No endogenous technology,Debt-to-GDP ratio (b<sub>t</sub>),3.067
13,No endogenous technology,Debt-to-GDP ratio (b<sub>t</sub>),3.341
14,No endogenous technology,Debt-to-GDP ratio (b<sub>t</sub>),3.615
15,No endogenous technology,Debt-to-GDP ratio (b<sub>t</sub>),3.889
16,No endogenous technology,Debt-to-GDP ratio (b<sub>t</sub>),4.162
17,No endogenous technology,Debt-to-GDP ratio (b<sub>t</sub>),4.437
18,No endogenous technology,Debt-to-GDP ratio (b<sub>t</sub>),4.711
19,No endogenous technology,Debt-to-GDP ratio (b<sub>t</sub>),4.986
20,No endogenous technology,Debt-to-GDP ratio (b<sub>t</sub>),5.261
21,No endogenous technology,Debt-to-GDP ratio (b<sub>t</sub>),5.535
22,No endogenous technology,Debt-to-GDP ratio (b<sub>t</sub>),5.811
23,No endogenous technology,Debt-to-GDP ratio (b<sub>t</sub>),6.086
24,No endogenous technology,Debt-to-GDP ratio (b<sub>t</sub>),6.362
25,No endogenous technology,Debt-to-GDP ratio (b<sub>t</sub>),6.638
26,No endogenous technology,Debt-to-GDP ratio (b<sub>t</sub>),6.913
27,No endogenous technology,Debt-to-GDP ratio (b<sub>t</sub>),7.189
28,No endogenous technology,Debt-to-GDP ratio (b<sub>t</sub>),7.466
29,No endogenous technology,Debt-to-GDP ratio (b<sub>t</sub>),7.742
30,No endogenous technology,Debt-to-GDP ratio (b<sub>t</sub>),8.019
31,No endogenous technology,Debt-to-GDP ratio (b<sub>t</sub>),8.297
32,No endogenous technology,Debt-to-GDP ratio (b<sub>t</sub>),8.573
33,No endogenous technology,Debt-to-GDP ratio (b<sub>t</sub>),8.851
34,No endogenous technology,Debt-to-GDP ratio (b<sub>t</sub>),9.129
35,No endogenous technology,Debt-to-GDP ratio (b<sub>t</sub>),9.406
36,No endogenous technology,Debt-to-GDP ratio (b<sub>t</sub>),9.685
37,No endogenous technology,Debt-to-GDP ratio (b<sub>t</sub>),9.962
38,No endogenous technology,Debt-to-GDP ratio (b<sub>t</sub>),10.241
39,No endogenous technology,Debt-to-GDP ratio (b<sub>t</sub>),10.52
40,No endogenous technology,Debt-to-GDP ratio (b<sub>t</sub>),10.799
41,No endogenous technology,Debt-to-GDP ratio (b<sub>t</sub>),11.078
42,No endogenous technology,Debt-to-GDP ratio (b<sub>t</sub>),11.357
43,No endogenous technology,Debt-to-GDP ratio (b<sub>t</sub>),11.637
44,No endogenous technology,Debt-to-GDP ratio (b<sub>t</sub>),11.917
45,No endogenous technology,Debt-to-GDP ratio (b<sub>t</sub>),12.198
46,No endogenous technology,Debt-to-GDP ratio (b<sub>t</sub>),12.478
47,No endogenous technology,Debt-to-GDP ratio (b<sub>t</sub>),12.759
48,No endogenous technology,Debt-to-GDP ratio (b<sub>t</sub>),13.04
49,No endogenous technology,Debt-to-GDP ratio (b<sub>t</sub>),13.321
50,No endogenous technology,Debt-to-GDP ratio (b<sub>t</sub>),13.603
51,No endogenous technology,Debt-to-GDP ratio (b<sub>t</sub>),13.884
52,No endogenous technology,Debt-to-GDP ratio (b<sub>t</sub>),14.166
53,No endogenous technology,Debt-to-GDP ratio (b<sub>t</sub>),14.448
54,No endogenous technology,Debt-to-GDP ratio (b<sub>t</sub>),14.731
55,No endogenous technology,Debt-to-GDP ratio (b<sub>t</sub>),15.014
56,No endogenous technology,Debt-to-GDP ratio (b<sub>t</sub>),15.298
57,No endogenous technology,Debt-to-GDP ratio (b<sub>t</sub>),15.581
58,No endogenous technology,Debt-to-GDP ratio (b<sub>t</sub>),15.865
59,No endogenous technology,Debt-to-GDP ratio (b<sub>t</sub>),16.149
60,No endogenous technology,Debt-to-GDP ratio (b<sub>t</sub>),16.434
61,No endogenous technology,Debt-to-GDP ratio (b<sub>t</sub>),16.719
62,No endogenous technology,Debt-to-GDP ratio (b<sub>t</sub>),17.004
63,No endogenous technology,Debt-to-GDP ratio (b<sub>t</sub>),17.289
64,No endogenous technology,Debt-to-GDP ratio (b<sub>t</sub>),17.576
65,No endogenous technology,Debt-to-GDP ratio (b<sub>t</sub>),17.861
66,No endogenous technology,Debt-to-GDP ratio (b<sub>t</sub>),18.147
67,No endogenous technology,Debt-to-GDP ratio (b<sub>t</sub>),18.434
68,No endogenous technology,Debt-to-GDP ratio (b<sub>t</sub>),18.721
69,No endogenous technology,Debt-to-GDP ratio (b<sub>t</sub>),19.009
70,No endogenous technology,Debt-to-GDP ratio (b<sub>t</sub>),19.297
71,No endogenous technology,Debt-to-GDP ratio (b<sub>t</sub>),19.585
72,No endogenous technology,Debt-to-GDP ratio (b<sub>t</sub>),19.872
73,No endogenous technology,Debt-to-GDP ratio (b<sub>t</sub>),20.161
74,No endogenous technology,Debt-to-GDP ratio (b<sub>t</sub>),20.451
75,No endogenous technology,Debt-to-GDP ratio (b<sub>t</sub>),20.74
76,No endogenous technology,Debt-to-GDP ratio (b<sub>t</sub>),21.03
77,No endogenous technology,Debt-to-GDP ratio (b<sub>t</sub>),21.32
78,No endogenous technology,Debt-to-GDP ratio (b<sub>t</sub>),21.61
79,No endogenous technology,Debt-to-GDP ratio (b<sub>t</sub>),21.901
80,No endogenous technology,Debt-to-GDP ratio (b<sub>t</sub>),22.193
81,No endogenous technology,Debt-to-GDP ratio (b<sub>t</sub>),22.485
82,No endogenous technology,Debt-to-GDP ratio (b<sub>t</sub>),22.776
83,No endogenous technology,Debt-to-GDP ratio (b<sub>t</sub>),23.068
84,No endogenous technology,Debt-to-GDP ratio (b<sub>t</sub>),23.361
85,No endogenous technology,Debt-to-GDP ratio (b<sub>t</sub>),23.655
86,No endogenous technology,Debt-to-GDP ratio (b<sub>t</sub>),23.947
87,No endogenous technology,Debt-to-GDP ratio (b<sub>t</sub>),24.241
88,No endogenous technology,Debt-to-GDP ratio (b<sub>t</sub>),24.536
89,No endogenous technology,Debt-to-GDP ratio (b<sub>t</sub>),24.83
90,No endogenous technology,Debt-to-GDP ratio (b<sub>t</sub>),25.124
91,No endogenous technology,Debt-to-GDP ratio (b<sub>t</sub>),25.42
92,No endogenous technology,Debt-to-GDP ratio (b<sub>t</sub>),25.716
93,No endogenous technology,Debt-to-GDP ratio (b<sub>t</sub>),26.011
94,No endogenous technology,Debt-to-GDP ratio (b<sub>t</sub>),26.308
95,No endogenous technology,Debt-to-GDP ratio (b<sub>t</sub>),26.605
96,No endogenous technology,Debt-to-GDP ratio (b<sub>t</sub>),26.902
97,No endogenous technology,Debt-to-GDP ratio (b<sub>t</sub>),27.2
98,No endogenous technology,Debt-to-GDP ratio (b<sub>t</sub>),27.499
99,No endogenous technology,Debt-to-GDP ratio (b<sub>t</sub>),27.797
100,No endogenous technology,Debt-to-GDP ratio (b<sub>t</sub>),28.095
1,No human capital,Debt-to-GDP ratio (b<sub>t</sub>),0.034
2,No human capital,Debt-to-GDP ratio (b<sub>t</sub>),0.338
3,No human capital,Debt-to-GDP ratio (b<sub>t</sub>),0.612
4,No human capital,Debt-to-GDP ratio (b<sub>t</sub>),0.887
5,No human capital,Debt-to-GDP ratio (b<sub>t</sub>),1.161
6,No human capital,Debt-to-GDP ratio (b<sub>t</sub>),1.437
7,No human capital,Debt-to-GDP ratio (b<sub>t</sub>),1.712
8,No human capital,Debt-to-GDP ratio (b<sub>t</sub>),1.988
9,No human capital,Debt-to-GDP ratio (b<sub>t</sub>),2.263
10,No human capital,Debt-to-GDP ratio (b<sub>t</sub>),2.539
11,No human capital,Debt-to-GDP ratio (b<sub>t</sub>),2.815
12,No human capital,Debt-to-GDP ratio (b<sub>t</sub>),3.09
13,No human capital,Debt-to-GDP ratio (b<sub>t</sub>),3.367
14,No human capital,Debt-to-GDP ratio (b<sub>t</sub>),3.644
15,No human capital,Debt-to-GDP ratio (b<sub>t</sub>),3.919
16,No human capital,Debt-to-GDP ratio (b<sub>t</sub>),4.196
17,No human capital,Debt-to-GDP ratio (b<sub>t</sub>),4.474
18,No human capital,Debt-to-GDP ratio (b<sub>t</sub>),4.751
19,No human capital,Debt-to-GDP ratio (b<sub>t</sub>),5.028
20,No human capital,Debt-to-GDP ratio (b<sub>t</sub>),5.306
21,No human capital,Debt-to-GDP ratio (b<sub>t</sub>),5.584
22,No human capital,Debt-to-GDP ratio (b<sub>t</sub>),5.862
23,No human capital,Debt-to-GDP ratio (b<sub>t</sub>),6.14
24,No human capital,Debt-to-GDP ratio (b<sub>t</sub>),6.42
25,No human capital,Debt-to-GDP ratio (b<sub>t</sub>),6.699
26,No human capital,Debt-to-GDP ratio (b<sub>t</sub>),6.977
27,No human capital,Debt-to-GDP ratio (b<sub>t</sub>),7.257
28,No human capital,Debt-to-GDP ratio (b<sub>t</sub>),7.536
29,No human capital,Debt-to-GDP ratio (b<sub>t</sub>),7.816
30,No human capital,Debt-to-GDP ratio (b<sub>t</sub>),8.097
31,No human capital,Debt-to-GDP ratio (b<sub>t</sub>),8.377
32,No human capital,Debt-to-GDP ratio (b<sub>t</sub>),8.658
33,No human capital,Debt-to-GDP ratio (b<sub>t</sub>),8.94
34,No human capital,Debt-to-GDP ratio (b<sub>t</sub>),9.221
35,No human capital,Debt-to-GDP ratio (b<sub>t</sub>),9.502
36,No human capital,Debt-to-GDP ratio (b<sub>t</sub>),9.785
37,No human capital,Debt-to-GDP ratio (b<sub>t</sub>),10.068
38,No human capital,Debt-to-GDP ratio (b<sub>t</sub>),10.35
39,No human capital,Debt-to-GDP ratio (b<sub>t</sub>),10.633
40,No human capital,Debt-to-GDP ratio (b<sub>t</sub>),10.917
41,No human capital,Debt-to-GDP ratio (b<sub>t</sub>),11.201
42,No human capital,Debt-to-GDP ratio (b<sub>t</sub>),11.485
43,No human capital,Debt-to-GDP ratio (b<sub>t</sub>),11.77
44,No human capital,Debt-to-GDP ratio (b<sub>t</sub>),12.054
45,No human capital,Debt-to-GDP ratio (b<sub>t</sub>),12.339
46,No human capital,Debt-to-GDP ratio (b<sub>t</sub>),12.625
47,No human capital,Debt-to-GDP ratio (b<sub>t</sub>),12.911
48,No human capital,Debt-to-GDP ratio (b<sub>t</sub>),13.197
49,No human capital,Debt-to-GDP ratio (b<sub>t</sub>),13.483
50,No human capital,Debt-to-GDP ratio (b<sub>t</sub>),13.77
51,No human capital,Debt-to-GDP ratio (b<sub>t</sub>),14.058
52,No human capital,Debt-to-GDP ratio (b<sub>t</sub>),14.346
53,No human capital,Debt-to-GDP ratio (b<sub>t</sub>),14.633
54,No human capital,Debt-to-GDP ratio (b<sub>t</sub>),14.922
55,No human capital,Debt-to-GDP ratio (b<sub>t</sub>),15.21
56,No human capital,Debt-to-GDP ratio (b<sub>t</sub>),15.5
57,No human capital,Debt-to-GDP ratio (b<sub>t</sub>),15.79
58,No human capital,Debt-to-GDP ratio (b<sub>t</sub>),16.08
59,No human capital,Debt-to-GDP ratio (b<sub>t</sub>),16.37
60,No human capital,Debt-to-GDP ratio (b<sub>t</sub>),16.661
61,No human capital,Debt-to-GDP ratio (b<sub>t</sub>),16.952
62,No human capital,Debt-to-GDP ratio (b<sub>t</sub>),17.243
63,No human capital,Debt-to-GDP ratio (b<sub>t</sub>),17.536
64,No human capital,Debt-to-GDP ratio (b<sub>t</sub>),17.827
65,No human capital,Debt-to-GDP ratio (b<sub>t</sub>),18.12
66,No human capital,Debt-to-GDP ratio (b<sub>t</sub>),18.414
67,No human capital,Debt-to-GDP ratio (b<sub>t</sub>),18.707
68,No human capital,Debt-to-GDP ratio (b<sub>t</sub>),19.001
69,No human capital,Debt-to-GDP ratio (b<sub>t</sub>),19.296
70,No human capital,Debt-to-GDP ratio (b<sub>t</sub>),19.591
71,No human capital,Debt-to-GDP ratio (b<sub>t</sub>),19.885
72,No human capital,Debt-to-GDP ratio (b<sub>t</sub>),20.181
73,No human capital,Debt-to-GDP ratio (b<sub>t</sub>),20.477
74,No human capital,Debt-to-GDP ratio (b<sub>t</sub>),20.773
75,No human capital,Debt-to-GDP ratio (b<sub>t</sub>),21.07
76,No human capital,Debt-to-GDP ratio (b<sub>t</sub>),21.367
77,No human capital,Debt-to-GDP ratio (b<sub>t</sub>),21.666
78,No human capital,Debt-to-GDP ratio (b<sub>t</sub>),21.964
79,No human capital,Debt-to-GDP ratio (b<sub>t</sub>),22.262
80,No human capital,Debt-to-GDP ratio (b<sub>t</sub>),22.562
81,No human capital,Debt-to-GDP ratio (b<sub>t</sub>),22.861
82,No human capital,Debt-to-GDP ratio (b<sub>t</sub>),23.16
83,No human capital,Debt-to-GDP ratio (b<sub>t</sub>),23.46
84,No human capital,Debt-to-GDP ratio (b<sub>t</sub>),23.761
85,No human capital,Debt-to-GDP ratio (b<sub>t</sub>),24.062
86,No human capital,Debt-to-GDP ratio (b<sub>t</sub>),24.364
87,No human capital,Debt-to-GDP ratio (b<sub>t</sub>),24.666
88,No human capital,Debt-to-GDP ratio (b<sub>t</sub>),24.968
89,No human capital,Debt-to-GDP ratio (b<sub>t</sub>),25.27
90,No human capital,Debt-to-GDP ratio (b<sub>t</sub>),25.574
91,No human capital,Debt-to-GDP ratio (b<sub>t</sub>),25.878
92,No human capital,Debt-to-GDP ratio (b<sub>t</sub>),26.182
93,No human capital,Debt-to-GDP ratio (b<sub>t</sub>),26.486
94,No human capital,Debt-to-GDP ratio (b<sub>t</sub>),26.792
95,No human capital,Debt-to-GDP ratio (b<sub>t</sub>),27.098
96,No human capital,Debt-to-GDP ratio (b<sub>t</sub>),27.404
97,No human capital,Debt-to-GDP ratio (b<sub>t</sub>),27.711
98,No human capital,Debt-to-GDP ratio (b<sub>t</sub>),28.018
99,No human capital,Debt-to-GDP ratio (b<sub>t</sub>),28.324
100,No human capital,Debt-to-GDP ratio (b<sub>t</sub>),28.632
1,No public infrastructure,Debt-to-GDP ratio (b<sub>t</sub>),0.034
2,No public infrastructure,Debt-to-GDP ratio (b<sub>t</sub>),0.338
3,No public infrastructure,Debt-to-GDP ratio (b<sub>t</sub>),0.612
4,No public infrastructure,Debt-to-GDP ratio (b<sub>t</sub>),0.887
5,No public infrastructure,Debt-to-GDP ratio (b<sub>t</sub>),1.161
6,No public infrastructure,Debt-to-GDP ratio (b<sub>t</sub>),1.437
7,No public infrastructure,Debt-to-GDP ratio (b<sub>t</sub>),1.712
8,No public infrastructure,Debt-to-GDP ratio (b<sub>t</sub>),1.988
9,No public infrastructure,Debt-to-GDP ratio (b<sub>t</sub>),2.263
10,No public infrastructure,Debt-to-GDP ratio (b<sub>t</sub>),2.539
11,No public infrastructure,Debt-to-GDP ratio (b<sub>t</sub>),2.815
12,No public infrastructure,Debt-to-GDP ratio (b<sub>t</sub>),3.09
13,No public infrastructure,Debt-to-GDP ratio (b<sub>t</sub>),3.367
14,No public infrastructure,Debt-to-GDP ratio (b<sub>t</sub>),3.644
15,No public infrastructure,Debt-to-GDP ratio (b<sub>t</sub>),3.919
16,No public infrastructure,Debt-to-GDP ratio (b<sub>t</sub>),4.196
17,No public infrastructure,Debt-to-GDP ratio (b<sub>t</sub>),4.474
18,No public infrastructure,Debt-to-GDP ratio (b<sub>t</sub>),4.751
19,No public infrastructure,Debt-to-GDP ratio (b<sub>t</sub>),5.028
20,No public infrastructure,Debt-to-GDP ratio (b<sub>t</sub>),5.306
21,No public infrastructure,Debt-to-GDP ratio (b<sub>t</sub>),5.584
22,No public infrastructure,Debt-to-GDP ratio (b<sub>t</sub>),5.862
23,No public infrastructure,Debt-to-GDP ratio (b<sub>t</sub>),6.14
24,No public infrastructure,Debt-to-GDP ratio (b<sub>t</sub>),6.42
25,No public infrastructure,Debt-to-GDP ratio (b<sub>t</sub>),6.699
26,No public infrastructure,Debt-to-GDP ratio (b<sub>t</sub>),6.977
27,No public infrastructure,Debt-to-GDP ratio (b<sub>t</sub>),7.257
28,No public infrastructure,Debt-to-GDP ratio (b<sub>t</sub>),7.536
29,No public infrastructure,Debt-to-GDP ratio (b<sub>t</sub>),7.816
30,No public infrastructure,Debt-to-GDP ratio (b<sub>t</sub>),8.097
31,No public infrastructure,Debt-to-GDP ratio (b<sub>t</sub>),8.377
32,No public infrastructure,Debt-to-GDP ratio (b<sub>t</sub>),8.658
33,No public infrastructure,Debt-to-GDP ratio (b<sub>t</sub>),8.94
34,No public infrastructure,Debt-to-GDP ratio (b<sub>t</sub>),9.221
35,No public infrastructure,Debt-to-GDP ratio (b<sub>t</sub>),9.502
36,No public infrastructure,Debt-to-GDP ratio (b<sub>t</sub>),9.785
37,No public infrastructure,Debt-to-GDP ratio (b<sub>t</sub>),10.068
38,No public infrastructure,Debt-to-GDP ratio (b<sub>t</sub>),10.35
39,No public infrastructure,Debt-to-GDP ratio (b<sub>t</sub>),10.633
40,No public infrastructure,Debt-to-GDP ratio (b<sub>t</sub>),10.917
41,No public infrastructure,Debt-to-GDP ratio (b<sub>t</sub>),11.201
42,No public infrastructure,Debt-to-GDP ratio (b<sub>t</sub>),11.485
43,No public infrastructure,Debt-to-GDP ratio (b<sub>t</sub>),11.77
44,No public infrastructure,Debt-to-GDP ratio (b<sub>t</sub>),12.054
45,No public infrastructure,Debt-to-GDP ratio (b<sub>t</sub>),12.339
46,No public infrastructure,Debt-to-GDP ratio (b<sub>t</sub>),12.625
47,No public infrastructure,Debt-to-GDP ratio (b<sub>t</sub>),12.911
48,No public infrastructure,Debt-to-GDP ratio (b<sub>t</sub>),13.197
49,No public infrastructure,Debt-to-GDP ratio (b<sub>t</sub>),13.483
50,No public infrastructure,Debt-to-GDP ratio (b<sub>t</sub>),13.77
51,No public infrastructure,Debt-to-GDP ratio (b<sub>t</sub>),14.058
52,No public infrastructure,Debt-to-GDP ratio (b<sub>t</sub>),14.346
53,No public infrastructure,Debt-to-GDP ratio (b<sub>t</sub>),14.633
54,No public infrastructure,Debt-to-GDP ratio (b<sub>t</sub>),14.922
55,No public infrastructure,Debt-to-GDP ratio (b<sub>t</sub>),15.21
56,No public infrastructure,Debt-to-GDP ratio (b<sub>t</sub>),15.5
57,No public infrastructure,Debt-to-GDP ratio (b<sub>t</sub>),15.79
58,No public infrastructure,Debt-to-GDP ratio (b<sub>t</sub>),16.08
59,No public infrastructure,Debt-to-GDP ratio (b<sub>t</sub>),16.37
60,No public infrastructure,Debt-to-GDP ratio (b<sub>t</sub>),16.661
61,No public infrastructure,Debt-to-GDP ratio (b<sub>t</sub>),16.952
62,No public infrastructure,Debt-to-GDP ratio (b<sub>t</sub>),17.243
63,No public infrastructure,Debt-to-GDP ratio (b<sub>t</sub>),17.536
64,No public infrastructure,Debt-to-GDP ratio (b<sub>t</sub>),17.827
65,No public infrastructure,Debt-to-GDP ratio (b<sub>t</sub>),18.12
66,No public infrastructure,Debt-to-GDP ratio (b<sub>t</sub>),18.414
67,No public infrastructure,Debt-to-GDP ratio (b<sub>t</sub>),18.707
68,No public infrastructure,Debt-to-GDP ratio (b<sub>t</sub>),19.001
69,No public infrastructure,Debt-to-GDP ratio (b<sub>t</sub>),19.296
70,No public infrastructure,Debt-to-GDP ratio (b<sub>t</sub>),19.591
71,No public infrastructure,Debt-to-GDP ratio (b<sub>t</sub>),19.885
72,No public infrastructure,Debt-to-GDP ratio (b<sub>t</sub>),20.181
73,No public infrastructure,Debt-to-GDP ratio (b<sub>t</sub>),20.477
74,No public infrastructure,Debt-to-GDP ratio (b<sub>t</sub>),20.773
75,No public infrastructure,Debt-to-GDP ratio (b<sub>t</sub>),21.07
76,No public infrastructure,Debt-to-GDP ratio (b<sub>t</sub>),21.367
77,No public infrastructure,Debt-to-GDP ratio (b<sub>t</sub>),21.666
78,No public infrastructure,Debt-to-GDP ratio (b<sub>t</sub>),21.964
79,No public infrastructure,Debt-to-GDP ratio (b<sub>t</sub>),22.262
80,No public infrastructure,Debt-to-GDP ratio (b<sub>t</sub>),22.562
81,No public infrastructure,Debt-to-GDP ratio (b<sub>t</sub>),22.861
82,No public infrastructure,Debt-to-GDP ratio (b<sub>t</sub>),23.16
83,No public infrastructure,Debt-to-GDP ratio (b<sub>t</sub>),23.46
84,No public infrastructure,Debt-to-GDP ratio (b<sub>t</sub>),23.761
85,No public infrastructure,Debt-to-GDP ratio (b<sub>t</sub>),24.062
86,No public infrastructure,Debt-to-GDP ratio (b<sub>t</sub>),24.364
87,No public infrastructure,Debt-to-GDP ratio (b<sub>t</sub>),24.666
88,No public infrastructure,Debt-to-GDP ratio (b<sub>t</sub>),24.968
89,No public infrastructure,Debt-to-GDP ratio (b<sub>t</sub>),25.27
90,No public infrastructure,Debt-to-GDP ratio (b<sub>t</sub>),25.574
91,No public infrastructure,Debt-to-GDP ratio (b<sub>t</sub>),25.878
92,No public infrastructure,Debt-to-GDP ratio (b<sub>t</sub>),26.182
93,No public infrastructure,Debt-to-GDP ratio (b<sub>t</sub>),26.486
94,No public infrastructure,Debt-to-GDP ratio (b<sub>t</sub>),26.792
95,No public infrastructure,Debt-to-GDP ratio (b<sub>t</sub>),27.098
96,No public infrastructure,Debt-to-GDP ratio (b<sub>t</sub>),27.404
97,No public infrastructure,Debt-to-GDP ratio (b<sub>t</sub>),27.711
98,No public infrastructure,Debt-to-GDP ratio (b<sub>t</sub>),28.018
99,No public infrastructure,Debt-to-GDP ratio (b<sub>t</sub>),28.324
100,No public infrastructure,Debt-to-GDP ratio (b<sub>t</sub>),28.632
1,No private capital,Debt-to-GDP ratio (b<sub>t</sub>),0.031
2,No private capital,Debt-to-GDP ratio (b<sub>t</sub>),0.296
3,No private capital,Debt-to-GDP ratio (b<sub>t</sub>),0.56
4,No private capital,Debt-to-GDP ratio (b<sub>t</sub>),0.825
5,No private capital,Debt-to-GDP ratio (b<sub>t</sub>),1.09
6,No private capital,Debt-to-GDP ratio (b<sub>t</sub>),1.356
7,No private capital,Debt-to-GDP ratio (b<sub>t</sub>),1.622
8,No private capital,Debt-to-GDP ratio (b<sub>t</sub>),1.888
9,No private capital,Debt-to-GDP ratio (b<sub>t</sub>),2.155
10,No private capital,Debt-to-GDP ratio (b<sub>t</sub>),2.422
11,No private capital,Debt-to-GDP ratio (b<sub>t</sub>),2.69
12,No private capital,Debt-to-GDP ratio (b<sub>t</sub>),2.958
13,No private capital,Debt-to-GDP ratio (b<sub>t</sub>),3.226
14,No private capital,Debt-to-GDP ratio (b<sub>t</sub>),3.494
15,No private capital,Debt-to-GDP ratio (b<sub>t</sub>),3.763
16,No private capital,Debt-to-GDP ratio (b<sub>t</sub>),4.034
17,No private capital,Debt-to-GDP ratio (b<sub>t</sub>),4.304
18,No private capital,Debt-to-GDP ratio (b<sub>t</sub>),4.574
19,No private capital,Debt-to-GDP ratio (b<sub>t</sub>),4.844
20,No private capital,Debt-to-GDP ratio (b<sub>t</sub>),5.115
21,No private capital,Debt-to-GDP ratio (b<sub>t</sub>),5.388
22,No private capital,Debt-to-GDP ratio (b<sub>t</sub>),5.66
23,No private capital,Debt-to-GDP ratio (b<sub>t</sub>),5.932
24,No private capital,Debt-to-GDP ratio (b<sub>t</sub>),6.205
25,No private capital,Debt-to-GDP ratio (b<sub>t</sub>),6.478
26,No private capital,Debt-to-GDP ratio (b<sub>t</sub>),6.752
27,No private capital,Debt-to-GDP ratio (b<sub>t</sub>),7.026
28,No private capital,Debt-to-GDP ratio (b<sub>t</sub>),7.3
29,No private capital,Debt-to-GDP ratio (b<sub>t</sub>),7.575
30,No private capital,Debt-to-GDP ratio (b<sub>t</sub>),7.85
31,No private capital,Debt-to-GDP ratio (b<sub>t</sub>),8.127
32,No private capital,Debt-to-GDP ratio (b<sub>t</sub>),8.403
33,No private capital,Debt-to-GDP ratio (b<sub>t</sub>),8.679
34,No private capital,Debt-to-GDP ratio (b<sub>t</sub>),8.956
35,No private capital,Debt-to-GDP ratio (b<sub>t</sub>),9.233
36,No private capital,Debt-to-GDP ratio (b<sub>t</sub>),9.511
37,No private capital,Debt-to-GDP ratio (b<sub>t</sub>),9.79
38,No private capital,Debt-to-GDP ratio (b<sub>t</sub>),10.068
39,No private capital,Debt-to-GDP ratio (b<sub>t</sub>),10.347
40,No private capital,Debt-to-GDP ratio (b<sub>t</sub>),10.626
41,No private capital,Debt-to-GDP ratio (b<sub>t</sub>),10.906
42,No private capital,Debt-to-GDP ratio (b<sub>t</sub>),11.187
43,No private capital,Debt-to-GDP ratio (b<sub>t</sub>),11.468
44,No private capital,Debt-to-GDP ratio (b<sub>t</sub>),11.749
45,No private capital,Debt-to-GDP ratio (b<sub>t</sub>),12.03
46,No private capital,Debt-to-GDP ratio (b<sub>t</sub>),12.312
47,No private capital,Debt-to-GDP ratio (b<sub>t</sub>),12.594
48,No private capital,Debt-to-GDP ratio (b<sub>t</sub>),12.878
49,No private capital,Debt-to-GDP ratio (b<sub>t</sub>),13.161
50,No private capital,Debt-to-GDP ratio (b<sub>t</sub>),13.445
51,No private capital,Debt-to-GDP ratio (b<sub>t</sub>),13.729
52,No private capital,Debt-to-GDP ratio (b<sub>t</sub>),14.013
53,No private capital,Debt-to-GDP ratio (b<sub>t</sub>),14.298
54,No private capital,Debt-to-GDP ratio (b<sub>t</sub>),14.584
55,No private capital,Debt-to-GDP ratio (b<sub>t</sub>),14.87
56,No private capital,Debt-to-GDP ratio (b<sub>t</sub>),15.156
57,No private capital,Debt-to-GDP ratio (b<sub>t</sub>),15.443
58,No private capital,Debt-to-GDP ratio (b<sub>t</sub>),15.73
59,No private capital,Debt-to-GDP ratio (b<sub>t</sub>),16.017
60,No private capital,Debt-to-GDP ratio (b<sub>t</sub>),16.305
61,No private capital,Debt-to-GDP ratio (b<sub>t</sub>),16.594
62,No private capital,Debt-to-GDP ratio (b<sub>t</sub>),16.883
63,No private capital,Debt-to-GDP ratio (b<sub>t</sub>),17.172
64,No private capital,Debt-to-GDP ratio (b<sub>t</sub>),17.462
65,No private capital,Debt-to-GDP ratio (b<sub>t</sub>),17.752
66,No private capital,Debt-to-GDP ratio (b<sub>t</sub>),18.042
67,No private capital,Debt-to-GDP ratio (b<sub>t</sub>),18.333
68,No private capital,Debt-to-GDP ratio (b<sub>t</sub>),18.625
69,No private capital,Debt-to-GDP ratio (b<sub>t</sub>),18.917
70,No private capital,Debt-to-GDP ratio (b<sub>t</sub>),19.209
71,No private capital,Debt-to-GDP ratio (b<sub>t</sub>),19.502
72,No private capital,Debt-to-GDP ratio (b<sub>t</sub>),19.795
73,No private capital,Debt-to-GDP ratio (b<sub>t</sub>),20.089
74,No private capital,Debt-to-GDP ratio (b<sub>t</sub>),20.383
75,No private capital,Debt-to-GDP ratio (b<sub>t</sub>),20.678
76,No private capital,Debt-to-GDP ratio (b<sub>t</sub>),20.973
77,No private capital,Debt-to-GDP ratio (b<sub>t</sub>),21.268
78,No private capital,Debt-to-GDP ratio (b<sub>t</sub>),21.564
79,No private capital,Debt-to-GDP ratio (b<sub>t</sub>),21.86
80,No private capital,Debt-to-GDP ratio (b<sub>t</sub>),22.157
81,No private capital,Debt-to-GDP ratio (b<sub>t</sub>),22.454
82,No private capital,Debt-to-GDP ratio (b<sub>t</sub>),22.751
83,No private capital,Debt-to-GDP ratio (b<sub>t</sub>),23.05
84,No private capital,Debt-to-GDP ratio (b<sub>t</sub>),23.349
85,No private capital,Debt-to-GDP ratio (b<sub>t</sub>),23.648
86,No private capital,Debt-to-GDP ratio (b<sub>t</sub>),23.947
87,No private capital,Debt-to-GDP ratio (b<sub>t</sub>),24.247
88,No private capital,Debt-to-GDP ratio (b<sub>t</sub>),24.547
89,No private capital,Debt-to-GDP ratio (b<sub>t</sub>),24.848
90,No private capital,Debt-to-GDP ratio (b<sub>t</sub>),25.149
91,No private capital,Debt-to-GDP ratio (b<sub>t</sub>),25.451
92,No private capital,Debt-to-GDP ratio (b<sub>t</sub>),25.754
93,No private capital,Debt-to-GDP ratio (b<sub>t</sub>),26.056
94,No private capital,Debt-to-GDP ratio (b<sub>t</sub>),26.359
95,No private capital,Debt-to-GDP ratio (b<sub>t</sub>),26.663
96,No private capital,Debt-to-GDP ratio (b<sub>t</sub>),26.966
97,No private capital,Debt-to-GDP ratio (b<sub>t</sub>),27.271
98,No private capital,Debt-to-GDP ratio (b<sub>t</sub>),27.576
99,No private capital,Debt-to-GDP ratio (b<sub>t</sub>),27.881
100,No private capital,Debt-to-GDP ratio (b<sub>t</sub>),28.187
1,No indexation,Debt-to-GDP ratio (b<sub>t</sub>),0.031
2,No indexation,Debt-to-GDP ratio (b<sub>t</sub>),0.296
3,No indexation,Debt-to-GDP ratio (b<sub>t</sub>),0.56
4,No indexation,Debt-to-GDP ratio (b<sub>t</sub>),0.825
5,No indexation,Debt-to-GDP ratio (b<sub>t</sub>),1.09
6,No indexation,Debt-to-GDP ratio (b<sub>t</sub>),1.356
7,No indexation,Debt-to-GDP ratio (b<sub>t</sub>),1.622
8,No indexation,Debt-to-GDP ratio (b<sub>t</sub>),1.888
9,No indexation,Debt-to-GDP ratio (b<sub>t</sub>),2.155
10,No indexation,Debt-to-GDP ratio (b<sub>t</sub>),2.422
11,No indexation,Debt-to-GDP ratio (b<sub>t</sub>),2.69
12,No indexation,Debt-to-GDP ratio (b<sub>t</sub>),2.958
13,No indexation,Debt-to-GDP ratio (b<sub>t</sub>),3.226
14,No indexation,Debt-to-GDP ratio (b<sub>t</sub>),3.494
15,No indexation,Debt-to-GDP ratio (b<sub>t</sub>),3.763
16,No indexation,Debt-to-GDP ratio (b<sub>t</sub>),4.034
17,No indexation,Debt-to-GDP ratio (b<sub>t</sub>),4.304
18,No indexation,Debt-to-GDP ratio (b<sub>t</sub>),4.574
19,No indexation,Debt-to-GDP ratio (b<sub>t</sub>),4.844
20,No indexation,Debt-to-GDP ratio (b<sub>t</sub>),5.115
21,No indexation,Debt-to-GDP ratio (b<sub>t</sub>),5.388
22,No indexation,Debt-to-GDP ratio (b<sub>t</sub>),5.66
23,No indexation,Debt-to-GDP ratio (b<sub>t</sub>),5.932
24,No indexation,Debt-to-GDP ratio (b<sub>t</sub>),6.205
25,No indexation,Debt-to-GDP ratio (b<sub>t</sub>),6.478
26,No indexation,Debt-to-GDP ratio (b<sub>t</sub>),6.752
27,No indexation,Debt-to-GDP ratio (b<sub>t</sub>),7.026
28,No indexation,Debt-to-GDP ratio (b<sub>t</sub>),7.3
29,No indexation,Debt-to-GDP ratio (b<sub>t</sub>),7.575
30,No indexation,Debt-to-GDP ratio (b<sub>t</sub>),7.85
31,No indexation,Debt-to-GDP ratio (b<sub>t</sub>),8.127
32,No indexation,Debt-to-GDP ratio (b<sub>t</sub>),8.403
33,No indexation,Debt-to-GDP ratio (b<sub>t</sub>),8.679
34,No indexation,Debt-to-GDP ratio (b<sub>t</sub>),8.956
35,No indexation,Debt-to-GDP ratio (b<sub>t</sub>),9.233
36,No indexation,Debt-to-GDP ratio (b<sub>t</sub>),9.511
37,No indexation,Debt-to-GDP ratio (b<sub>t</sub>),9.79
38,No indexation,Debt-to-GDP ratio (b<sub>t</sub>),10.068
39,No indexation,Debt-to-GDP ratio (b<sub>t</sub>),10.347
40,No indexation,Debt-to-GDP ratio (b<sub>t</sub>),10.626
41,No indexation,Debt-to-GDP ratio (b<sub>t</sub>),10.906
42,No indexation,Debt-to-GDP ratio (b<sub>t</sub>),11.187
43,No indexation,Debt-to-GDP ratio (b<sub>t</sub>),11.468
44,No indexation,Debt-to-GDP ratio (b<sub>t</sub>),11.749
45,No indexation,Debt-to-GDP ratio (b<sub>t</sub>),12.03
46,No indexation,Debt-to-GDP ratio (b<sub>t</sub>),12.312
47,No indexation,Debt-to-GDP ratio (b<sub>t</sub>),12.594
48,No indexation,Debt-to-GDP ratio (b<sub>t</sub>),12.878
49,No indexation,Debt-to-GDP ratio (b<sub>t</sub>),13.161
50,No indexation,Debt-to-GDP ratio (b<sub>t</sub>),13.445
51,No indexation,Debt-to-GDP ratio (b<sub>t</sub>),13.729
52,No indexation,Debt-to-GDP ratio (b<sub>t</sub>),14.013
53,No indexation,Debt-to-GDP ratio (b<sub>t</sub>),14.298
54,No indexation,Debt-to-GDP ratio (b<sub>t</sub>),14.584
55,No indexation,Debt-to-GDP ratio (b<sub>t</sub>),14.87
56,No indexation,Debt-to-GDP ratio (b<sub>t</sub>),15.156
57,No indexation,Debt-to-GDP ratio (b<sub>t</sub>),15.443
58,No indexation,Debt-to-GDP ratio (b<sub>t</sub>),15.73
59,No indexation,Debt-to-GDP ratio (b<sub>t</sub>),16.017
60,No indexation,Debt-to-GDP ratio (b<sub>t</sub>),16.305
61,No indexation,Debt-to-GDP ratio (b<sub>t</sub>),16.594
62,No indexation,Debt-to-GDP ratio (b<sub>t</sub>),16.883
63,No indexation,Debt-to-GDP ratio (b<sub>t</sub>),17.172
64,No indexation,Debt-to-GDP ratio (b<sub>t</sub>),17.462
65,No indexation,Debt-to-GDP ratio (b<sub>t</sub>),17.752
66,No indexation,Debt-to-GDP ratio (b<sub>t</sub>),18.042
67,No indexation,Debt-to-GDP ratio (b<sub>t</sub>),18.333
68,No indexation,Debt-to-GDP ratio (b<sub>t</sub>),18.625
69,No indexation,Debt-to-GDP ratio (b<sub>t</sub>),18.917
70,No indexation,Debt-to-GDP ratio (b<sub>t</sub>),19.209
71,No indexation,Debt-to-GDP ratio (b<sub>t</sub>),19.502
72,No indexation,Debt-to-GDP ratio (b<sub>t</sub>),19.795
73,No indexation,Debt-to-GDP ratio (b<sub>t</sub>),20.089
74,No indexation,Debt-to-GDP ratio (b<sub>t</sub>),20.383
75,No indexation,Debt-to-GDP ratio (b<sub>t</sub>),20.678
76,No indexation,Debt-to-GDP ratio (b<sub>t</sub>),20.973
77,No indexation,Debt-to-GDP ratio (b<sub>t</sub>),21.268
78,No indexation,Debt-to-GDP ratio (b<sub>t</sub>),21.564
79,No indexation,Debt-to-GDP ratio (b<sub>t</sub>),21.86
80,No indexation,Debt-to-GDP ratio (b<sub>t</sub>),22.157
81,No indexation,Debt-to-GDP ratio (b<sub>t</sub>),22.454
82,No indexation,Debt-to-GDP ratio (b<sub>t</sub>),22.751
83,No indexation,Debt-to-GDP ratio (b<sub>t</sub>),23.05
84,No indexation,Debt-to-GDP ratio (b<sub>t</sub>),23.349
85,No indexation,Debt-to-GDP ratio (b<sub>t</sub>),23.648
86,No indexation,Debt-to-GDP ratio (b<sub>t</sub>),23.947
87,No indexation,Debt-to-GDP ratio (b<sub>t</sub>),24.247
88,No indexation,Debt-to-GDP ratio (b<sub>t</sub>),24.547
89,No indexation,Debt-to-GDP ratio (b<sub>t</sub>),24.848
90,No indexation,Debt-to-GDP ratio (b<sub>t</sub>),25.149
91,No indexation,Debt-to-GDP ratio (b<sub>t</sub>),25.451
92,No indexation,Debt-to-GDP ratio (b<sub>t</sub>),25.754
93,No indexation,Debt-to-GDP ratio (b<sub>t</sub>),26.056
94,No indexation,Debt-to-GDP ratio (b<sub>t</sub>),26.359
95,No indexation,Debt-to-GDP ratio (b<sub>t</sub>),26.663
96,No indexation,Debt-to-GDP ratio (b<sub>t</sub>),26.966
97,No indexation,Debt-to-GDP ratio (b<sub>t</sub>),27.271
98,No indexation,Debt-to-GDP ratio (b<sub>t</sub>),27.576
99,No indexation,Debt-to-GDP ratio (b<sub>t</sub>),27.881
100,No indexation,Debt-to-GDP ratio (b<sub>t</sub>),28.187
1,No trend growth,Debt-to-GDP ratio (b<sub>t</sub>),0.036
2,No trend growth,Debt-to-GDP ratio (b<sub>t</sub>),0.3
3,No trend growth,Debt-to-GDP ratio (b<sub>t</sub>),0.564
4,No trend growth,Debt-to-GDP ratio (b<sub>t</sub>),0.829
5,No trend growth,Debt-to-GDP ratio (b<sub>t</sub>),1.096
6,No trend growth,Debt-to-GDP ratio (b<sub>t</sub>),1.361
7,No trend growth,Debt-to-GDP ratio (b<sub>t</sub>),1.627
8,No trend growth,Debt-to-GDP ratio (b<sub>t</sub>),1.894
9,No trend growth,Debt-to-GDP ratio (b<sub>t</sub>),2.161
10,No trend growth,Debt-to-GDP ratio (b<sub>t</sub>),2.429
11,No trend growth,Debt-to-GDP ratio (b<sub>t</sub>),2.697
12,No trend growth,Debt-to-GDP ratio (b<sub>t</sub>),2.965
13,No trend growth,Debt-to-GDP ratio (b<sub>t</sub>),3.234
14,No trend growth,Debt-to-GDP ratio (b<sub>t</sub>),3.502
15,No trend growth,Debt-to-GDP ratio (b<sub>t</sub>),3.773
16,No trend growth,Debt-to-GDP ratio (b<sub>t</sub>),4.043
17,No trend growth,Debt-to-GDP ratio (b<sub>t</sub>),4.313
18,No trend growth,Debt-to-GDP ratio (b<sub>t</sub>),4.583
19,No trend growth,Debt-to-GDP ratio (b<sub>t</sub>),4.855
20,No trend growth,Debt-to-GDP ratio (b<sub>t</sub>),5.127
21,No trend growth,Debt-to-GDP ratio (b<sub>t</sub>),5.398
22,No trend growth,Debt-to-GDP ratio (b<sub>t</sub>),5.671
23,No trend growth,Debt-to-GDP ratio (b<sub>t</sub>),5.943
24,No trend growth,Debt-to-GDP ratio (b<sub>t</sub>),6.217
25,No trend growth,Debt-to-GDP ratio (b<sub>t</sub>),6.491
26,No trend growth,Debt-to-GDP ratio (b<sub>t</sub>),6.764
27,No trend growth,Debt-to-GDP ratio (b<sub>t</sub>),7.039
28,No trend growth,Debt-to-GDP ratio (b<sub>t</sub>),7.313
29,No trend growth,Debt-to-GDP ratio (b<sub>t</sub>),7.589
30,No trend growth,Debt-to-GDP ratio (b<sub>t</sub>),7.865
31,No trend growth,Debt-to-GDP ratio (b<sub>t</sub>),8.141
32,No trend growth,Debt-to-GDP ratio (b<sub>t</sub>),8.417
33,No trend growth,Debt-to-GDP ratio (b<sub>t</sub>),8.694
34,No trend growth,Debt-to-GDP ratio (b<sub>t</sub>),8.972
35,No trend growth,Debt-to-GDP ratio (b<sub>t</sub>),9.25
36,No trend growth,Debt-to-GDP ratio (b<sub>t</sub>),9.528
37,No trend growth,Debt-to-GDP ratio (b<sub>t</sub>),9.806
38,No trend growth,Debt-to-GDP ratio (b<sub>t</sub>),10.085
39,No trend growth,Debt-to-GDP ratio (b<sub>t</sub>),10.365
40,No trend growth,Debt-to-GDP ratio (b<sub>t</sub>),10.645
41,No trend growth,Debt-to-GDP ratio (b<sub>t</sub>),10.925
42,No trend growth,Debt-to-GDP ratio (b<sub>t</sub>),11.206
43,No trend growth,Debt-to-GDP ratio (b<sub>t</sub>),11.486
44,No trend growth,Debt-to-GDP ratio (b<sub>t</sub>),11.768
45,No trend growth,Debt-to-GDP ratio (b<sub>t</sub>),12.051
46,No trend growth,Debt-to-GDP ratio (b<sub>t</sub>),12.333
47,No trend growth,Debt-to-GDP ratio (b<sub>t</sub>),12.615
48,No trend growth,Debt-to-GDP ratio (b<sub>t</sub>),12.899
49,No trend growth,Debt-to-GDP ratio (b<sub>t</sub>),13.182
50,No trend growth,Debt-to-GDP ratio (b<sub>t</sub>),13.467
51,No trend growth,Debt-to-GDP ratio (b<sub>t</sub>),13.751
52,No trend growth,Debt-to-GDP ratio (b<sub>t</sub>),14.036
53,No trend growth,Debt-to-GDP ratio (b<sub>t</sub>),14.321
54,No trend growth,Debt-to-GDP ratio (b<sub>t</sub>),14.607
55,No trend growth,Debt-to-GDP ratio (b<sub>t</sub>),14.893
56,No trend growth,Debt-to-GDP ratio (b<sub>t</sub>),15.181
57,No trend growth,Debt-to-GDP ratio (b<sub>t</sub>),15.467
58,No trend growth,Debt-to-GDP ratio (b<sub>t</sub>),15.755
59,No trend growth,Debt-to-GDP ratio (b<sub>t</sub>),16.043
60,No trend growth,Debt-to-GDP ratio (b<sub>t</sub>),16.331
61,No trend growth,Debt-to-GDP ratio (b<sub>t</sub>),16.62
62,No trend growth,Debt-to-GDP ratio (b<sub>t</sub>),16.909
63,No trend growth,Debt-to-GDP ratio (b<sub>t</sub>),17.199
64,No trend growth,Debt-to-GDP ratio (b<sub>t</sub>),17.489
65,No trend growth,Debt-to-GDP ratio (b<sub>t</sub>),17.78
66,No trend growth,Debt-to-GDP ratio (b<sub>t</sub>),18.07
67,No trend growth,Debt-to-GDP ratio (b<sub>t</sub>),18.362
68,No trend growth,Debt-to-GDP ratio (b<sub>t</sub>),18.653
69,No trend growth,Debt-to-GDP ratio (b<sub>t</sub>),18.947
70,No trend growth,Debt-to-GDP ratio (b<sub>t</sub>),19.239
71,No trend growth,Debt-to-GDP ratio (b<sub>t</sub>),19.532
72,No trend growth,Debt-to-GDP ratio (b<sub>t</sub>),19.826
73,No trend growth,Debt-to-GDP ratio (b<sub>t</sub>),20.12
74,No trend growth,Debt-to-GDP ratio (b<sub>t</sub>),20.414
75,No trend growth,Debt-to-GDP ratio (b<sub>t</sub>),20.709
76,No trend growth,Debt-to-GDP ratio (b<sub>t</sub>),21.005
77,No trend growth,Debt-to-GDP ratio (b<sub>t</sub>),21.301
78,No trend growth,Debt-to-GDP ratio (b<sub>t</sub>),21.597
79,No trend growth,Debt-to-GDP ratio (b<sub>t</sub>),21.894
80,No trend growth,Debt-to-GDP ratio (b<sub>t</sub>),22.191
81,No trend growth,Debt-to-GDP ratio (b<sub>t</sub>),22.488
82,No trend growth,Debt-to-GDP ratio (b<sub>t</sub>),22.786
83,No trend growth,Debt-to-GDP ratio (b<sub>t</sub>),23.085
84,No trend growth,Debt-to-GDP ratio (b<sub>t</sub>),23.384
85,No trend growth,Debt-to-GDP ratio (b<sub>t</sub>),23.684
86,No trend growth,Debt-to-GDP ratio (b<sub>t</sub>),23.983
87,No trend growth,Debt-to-GDP ratio (b<sub>t</sub>),24.284
88,No trend growth,Debt-to-GDP ratio (b<sub>t</sub>),24.584
89,No trend growth,Debt-to-GDP ratio (b<sub>t</sub>),24.885
90,No trend growth,Debt-to-GDP ratio (b<sub>t</sub>),25.187
91,No trend growth,Debt-to-GDP ratio (b<sub>t</sub>),25.49
92,No trend growth,Debt-to-GDP ratio (b<sub>t</sub>),25.792
93,No trend growth,Debt-to-GDP ratio (b<sub>t</sub>),26.095
94,No trend growth,Debt-to-GDP ratio (b<sub>t</sub>),26.399
95,No trend growth,Debt-to-GDP ratio (b<sub>t</sub>),26.702
96,No trend growth,Debt-to-GDP ratio (b<sub>t</sub>),27.007
97,No trend growth,Debt-to-GDP ratio (b<sub>t</sub>),27.311
98,No trend growth,Debt-to-GDP ratio (b<sub>t</sub>),27.617
99,No trend growth,Debt-to-GDP ratio (b<sub>t</sub>),27.922
100,No trend growth,Debt-to-GDP ratio (b<sub>t</sub>),28.23
1,Derived canonical NK,Debt-to-GDP ratio (b<sub>t</sub>),-0.154
2,Derived canonical NK,Debt-to-GDP ratio (b<sub>t</sub>),-0.154
3,Derived canonical NK,Debt-to-GDP ratio (b<sub>t</sub>),-0.154
4,Derived canonical NK,Debt-to-GDP ratio (b<sub>t</sub>),-0.154
5,Derived canonical NK,Debt-to-GDP ratio (b<sub>t</sub>),-0.154
6,Derived canonical NK,Debt-to-GDP ratio (b<sub>t</sub>),-0.154
7,Derived canonical NK,Debt-to-GDP ratio (b<sub>t</sub>),-0.154
8,Derived canonical NK,Debt-to-GDP ratio (b<sub>t</sub>),-0.154
9,Derived canonical NK,Debt-to-GDP ratio (b<sub>t</sub>),-0.154
10,Derived canonical NK,Debt-to-GDP ratio (b<sub>t</sub>),-0.154
11,Derived canonical NK,Debt-to-GDP ratio (b<sub>t</sub>),-0.154
12,Derived canonical NK,Debt-to-GDP ratio (b<sub>t</sub>),-0.154
13,Derived canonical NK,Debt-to-GDP ratio (b<sub>t</sub>),-0.154
14,Derived canonical NK,Debt-to-GDP ratio (b<sub>t</sub>),-0.154
15,Derived canonical NK,Debt-to-GDP ratio (b<sub>t</sub>),-0.154
16,Derived canonical NK,Debt-to-GDP ratio (b<sub>t</sub>),-0.154
17,Derived canonical NK,Debt-to-GDP ratio (b<sub>t</sub>),-0.154
18,Derived canonical NK,Debt-to-GDP ratio (b<sub>t</sub>),-0.154
19,Derived canonical NK,Debt-to-GDP ratio (b<sub>t</sub>),-0.154
20,Derived canonical NK,Debt-to-GDP ratio (b<sub>t</sub>),-0.154
21,Derived canonical NK,Debt-to-GDP ratio (b<sub>t</sub>),-0.154
22,Derived canonical NK,Debt-to-GDP ratio (b<sub>t</sub>),-0.154
23,Derived canonical NK,Debt-to-GDP ratio (b<sub>t</sub>),-0.154
24,Derived canonical NK,Debt-to-GDP ratio (b<sub>t</sub>),-0.154
25,Derived canonical NK,Debt-to-GDP ratio (b<sub>t</sub>),-0.154
26,Derived canonical NK,Debt-to-GDP ratio (b<sub>t</sub>),-0.154
27,Derived canonical NK,Debt-to-GDP ratio (b<sub>t</sub>),-0.154
28,Derived canonical NK,Debt-to-GDP ratio (b<sub>t</sub>),-0.154
29,Derived canonical NK,Debt-to-GDP ratio (b<sub>t</sub>),-0.154
30,Derived canonical NK,Debt-to-GDP ratio (b<sub>t</sub>),-0.154
31,Derived canonical NK,Debt-to-GDP ratio (b<sub>t</sub>),-0.154
32,Derived canonical NK,Debt-to-GDP ratio (b<sub>t</sub>),-0.154
33,Derived canonical NK,Debt-to-GDP ratio (b<sub>t</sub>),-0.154
34,Derived canonical NK,Debt-to-GDP ratio (b<sub>t</sub>),-0.154
35,Derived canonical NK,Debt-to-GDP ratio (b<sub>t</sub>),-0.154
36,Derived canonical NK,Debt-to-GDP ratio (b<sub>t</sub>),-0.154
37,Derived canonical NK,Debt-to-GDP ratio (b<sub>t</sub>),-0.154
38,Derived canonical NK,Debt-to-GDP ratio (b<sub>t</sub>),-0.154
39,Derived canonical NK,Debt-to-GDP ratio (b<sub>t</sub>),-0.154
40,Derived canonical NK,Debt-to-GDP ratio (b<sub>t</sub>),-0.154
41,Derived canonical NK,Debt-to-GDP ratio (b<sub>t</sub>),-0.154
42,Derived canonical NK,Debt-to-GDP ratio (b<sub>t</sub>),-0.154
43,Derived canonical NK,Debt-to-GDP ratio (b<sub>t</sub>),-0.154
44,Derived canonical NK,Debt-to-GDP ratio (b<sub>t</sub>),-0.154
45,Derived canonical NK,Debt-to-GDP ratio (b<sub>t</sub>),-0.154
46,Derived canonical NK,Debt-to-GDP ratio (b<sub>t</sub>),-0.154
47,Derived canonical NK,Debt-to-GDP ratio (b<sub>t</sub>),-0.154
48,Derived canonical NK,Debt-to-GDP ratio (b<sub>t</sub>),-0.154
49,Derived canonical NK,Debt-to-GDP ratio (b<sub>t</sub>),-0.154
50,Derived canonical NK,Debt-to-GDP ratio (b<sub>t</sub>),-0.154
51,Derived canonical NK,Debt-to-GDP ratio (b<sub>t</sub>),-0.154
52,Derived canonical NK,Debt-to-GDP ratio (b<sub>t</sub>),-0.154
53,Derived canonical NK,Debt-to-GDP ratio (b<sub>t</sub>),-0.154
54,Derived canonical NK,Debt-to-GDP ratio (b<sub>t</sub>),-0.154
55,Derived canonical NK,Debt-to-GDP ratio (b<sub>t</sub>),-0.154
56,Derived canonical NK,Debt-to-GDP ratio (b<sub>t</sub>),-0.154
57,Derived canonical NK,Debt-to-GDP ratio (b<sub>t</sub>),-0.154
58,Derived canonical NK,Debt-to-GDP ratio (b<sub>t</sub>),-0.154
59,Derived canonical NK,Debt-to-GDP ratio (b<sub>t</sub>),-0.154
60,Derived canonical NK,Debt-to-GDP ratio (b<sub>t</sub>),-0.154
61,Derived canonical NK,Debt-to-GDP ratio (b<sub>t</sub>),-0.154
62,Derived canonical NK,Debt-to-GDP ratio (b<sub>t</sub>),-0.154
63,Derived canonical NK,Debt-to-GDP ratio (b<sub>t</sub>),-0.154
64,Derived canonical NK,Debt-to-GDP ratio (b<sub>t</sub>),-0.154
65,Derived canonical NK,Debt-to-GDP ratio (b<sub>t</sub>),-0.154
66,Derived canonical NK,Debt-to-GDP ratio (b<sub>t</sub>),-0.154
67,Derived canonical NK,Debt-to-GDP ratio (b<sub>t</sub>),-0.154
68,Derived canonical NK,Debt-to-GDP ratio (b<sub>t</sub>),-0.154
69,Derived canonical NK,Debt-to-GDP ratio (b<sub>t</sub>),-0.154
70,Derived canonical NK,Debt-to-GDP ratio (b<sub>t</sub>),-0.154
71,Derived canonical NK,Debt-to-GDP ratio (b<sub>t</sub>),-0.154
72,Derived canonical NK,Debt-to-GDP ratio (b<sub>t</sub>),-0.154
73,Derived canonical NK,Debt-to-GDP ratio (b<sub>t</sub>),-0.154
74,Derived canonical NK,Debt-to-GDP ratio (b<sub>t</sub>),-0.154
75,Derived canonical NK,Debt-to-GDP ratio (b<sub>t</sub>),-0.154
76,Derived canonical NK,Debt-to-GDP ratio (b<sub>t</sub>),-0.154
77,Derived canonical NK,Debt-to-GDP ratio (b<sub>t</sub>),-0.154
78,Derived canonical NK,Debt-to-GDP ratio (b<sub>t</sub>),-0.154
79,Derived canonical NK,Debt-to-GDP ratio (b<sub>t</sub>),-0.154
80,Derived canonical NK,Debt-to-GDP ratio (b<sub>t</sub>),-0.154
81,Derived canonical NK,Debt-to-GDP ratio (b<sub>t</sub>),-0.154
82,Derived canonical NK,Debt-to-GDP ratio (b<sub>t</sub>),-0.154
83,Derived canonical NK,Debt-to-GDP ratio (b<sub>t</sub>),-0.154
84,Derived canonical NK,Debt-to-GDP ratio (b<sub>t</sub>),-0.154
85,Derived canonical NK,Debt-to-GDP ratio (b<sub>t</sub>),-0.154
86,Derived canonical NK,Debt-to-GDP ratio (b<sub>t</sub>),-0.154
87,Derived canonical NK,Debt-to-GDP ratio (b<sub>t</sub>),-0.154
88,Derived canonical NK,Debt-to-GDP ratio (b<sub>t</sub>),-0.154
89,Derived canonical NK,Debt-to-GDP ratio (b<sub>t</sub>),-0.154
90,Derived canonical NK,Debt-to-GDP ratio (b<sub>t</sub>),-0.154
91,Derived canonical NK,Debt-to-GDP ratio (b<sub>t</sub>),-0.154
92,Derived canonical NK,Debt-to-GDP ratio (b<sub>t</sub>),-0.154
93,Derived canonical NK,Debt-to-GDP ratio (b<sub>t</sub>),-0.154
94,Derived canonical NK,Debt-to-GDP ratio (b<sub>t</sub>),-0.154
95,Derived canonical NK,Debt-to-GDP ratio (b<sub>t</sub>),-0.154
96,Derived canonical NK,Debt-to-GDP ratio (b<sub>t</sub>),-0.154
97,Derived canonical NK,Debt-to-GDP ratio (b<sub>t</sub>),-0.154
98,Derived canonical NK,Debt-to-GDP ratio (b<sub>t</sub>),-0.154
99,Derived canonical NK,Debt-to-GDP ratio (b<sub>t</sub>),-0.154
100,Derived canonical NK,Debt-to-GDP ratio (b<sub>t</sub>),-0.154
