horizon_quarter,shock,variable,pct_dev
1,Government consumption,Output (Y<sup>d</sup><sub>t</sub>),0.439
2,Government consumption,Output (Y<sup>d</sup><sub>t</sub>),0.157
3,Government consumption,Output (Y<sup>d</sup><sub>t</sub>),0.132
4,Government consumption,Output (Y<sup>d</sup><sub>t</sub>),0.103
5,Government consumption,Output (Y<sup>d</sup><sub>t</sub>),0.075
6,Government consumption,Output (Y<sup>d</sup><sub>t</sub>),0.05
7,Government consumption,Output (Y<sup>d</sup><sub>t</sub>),0.026
8,Government consumption,Output (Y<sup>d</sup><sub>t</sub>),0.006
9,Government consumption,Output (Y<sup>d</sup><sub>t</sub>),-0.013
10,Government consumption,Output (Y<sup>d</sup><sub>t</sub>),-0.029
11,Government consumption,Output (Y<sup>d</sup><sub>t</sub>),-0.044
12,Government consumption,Output (Y<sup>d</sup><sub>t</sub>),-0.057
13,Government consumption,Output (Y<sup>d</sup><sub>t</sub>),-0.069
14,Government consumption,Output (Y<sup>d</sup><sub>t</sub>),-0.079
15,Government consumption,Output (Y<sup>d</sup><sub>t</sub>),-0.089
16,Government consumption,Output (Y<sup>d</sup><sub>t</sub>),-0.097
17,Government consumption,Output (Y<sup>d</sup><sub>t</sub>),-0.104
18,Government consumption,Output (Y<sup>d</sup><sub>t</sub>),-0.11
19,Government consumption,Output (Y<sup>d</sup><sub>t</sub>),-0.115
20,Government consumption,Output (Y<sup>d</sup><sub>t</sub>),-0.12
21,Government consumption,Output (Y<sup>d</sup><sub>t</sub>),-0.124
22,Government consumption,Output (Y<sup>d</sup><sub>t</sub>),-0.128
23,Government consumption,Output (Y<sup>d</sup><sub>t</sub>),-0.131
24,Government consumption,Output (Y<sup>d</sup><sub>t</sub>),-0.133
25,Government consumption,Output (Y<sup>d</sup><sub>t</sub>),-0.136
26,Government consumption,Output (Y<sup>d</sup><sub>t</sub>),-0.137
27,Government consumption,Output (Y<sup>d</sup><sub>t</sub>),-0.139
28,Government consumption,Output (Y<sup>d</sup><sub>t</sub>),-0.14
29,Government consumption,Output (Y<sup>d</sup><sub>t</sub>),-0.141
30,Government consumption,Output (Y<sup>d</sup><sub>t</sub>),-0.141
31,Government consumption,Output (Y<sup>d</sup><sub>t</sub>),-0.142
32,Government consumption,Output (Y<sup>d</sup><sub>t</sub>),-0.142
33,Government consumption,Output (Y<sup>d</sup><sub>t</sub>),-0.142
34,Government consumption,Output (Y<sup>d</sup><sub>t</sub>),-0.142
35,Government consumption,Output (Y<sup>d</sup><sub>t</sub>),-0.141
36,Government consumption,Output (Y<sup>d</sup><sub>t</sub>),-0.141
37,Government consumption,Output (Y<sup>d</sup><sub>t</sub>),-0.141
38,Government consumption,Output (Y<sup>d</sup><sub>t</sub>),-0.14
39,Government consumption,Output (Y<sup>d</sup><sub>t</sub>),-0.139
40,Government consumption,Output (Y<sup>d</sup><sub>t</sub>),-0.138
41,Government consumption,Output (Y<sup>d</sup><sub>t</sub>),-0.138
42,Government consumption,Output (Y<sup>d</sup><sub>t</sub>),-0.137
43,Government consumption,Output (Y<sup>d</sup><sub>t</sub>),-0.136
44,Government consumption,Output (Y<sup>d</sup><sub>t</sub>),-0.135
45,Government consumption,Output (Y<sup>d</sup><sub>t</sub>),-0.133
46,Government consumption,Output (Y<sup>d</sup><sub>t</sub>),-0.132
47,Government consumption,Output (Y<sup>d</sup><sub>t</sub>),-0.131
48,Government consumption,Output (Y<sup>d</sup><sub>t</sub>),-0.13
49,Government consumption,Output (Y<sup>d</sup><sub>t</sub>),-0.129
50,Government consumption,Output (Y<sup>d</sup><sub>t</sub>),-0.128
51,Government consumption,Output (Y<sup>d</sup><sub>t</sub>),-0.126
52,Government consumption,Output (Y<sup>d</sup><sub>t</sub>),-0.125
53,Government consumption,Output (Y<sup>d</sup><sub>t</sub>),-0.124
54,Government consumption,Output (Y<sup>d</sup><sub>t</sub>),-0.122
55,Government consumption,Output (Y<sup>d</sup><sub>t</sub>),-0.121
56,Government consumption,Output (Y<sup>d</sup><sub>t</sub>),-0.12
57,Government consumption,Output (Y<sup>d</sup><sub>t</sub>),-0.119
58,Government consumption,Output (Y<sup>d</sup><sub>t</sub>),-0.117
59,Government consumption,Output (Y<sup>d</sup><sub>t</sub>),-0.116
60,Government consumption,Output (Y<sup>d</sup><sub>t</sub>),-0.115
61,Government consumption,Output (Y<sup>d</sup><sub>t</sub>),-0.113
62,Government consumption,Output (Y<sup>d</sup><sub>t</sub>),-0.112
63,Government consumption,Output (Y<sup>d</sup><sub>t</sub>),-0.111
64,Government consumption,Output (Y<sup>d</sup><sub>t</sub>),-0.11
65,Government consumption,Output (Y<sup>d</sup><sub>t</sub>),-0.108
66,Government consumption,Output (Y<sup>d</sup><sub>t</sub>),-0.107
67,Government consumption,Output (Y<sup>d</sup><sub>t</sub>),-0.106
68,Government consumption,Output (Y<sup>d</sup><sub>t</sub>),-0.105
69,Government consumption,Output (Y<sup>d</sup><sub>t</sub>),-0.103
70,Government consumption,Output (Y<sup>d</sup><sub>t</sub>),-0.102
71,Government consumption,Output (Y<sup>d</sup><sub>t</sub>),-0.101
72,Government consumption,Output (Y<sup>d</sup><sub>t</sub>),-0.1
73,Government consumption,Output (Y<sup>d</sup><sub>t</sub>),-0.098
74,Government consumption,Output (Y<sup>d</sup><sub>t</sub>),-0.097
75,Government consumption,Output (Y<sup>d</sup><sub>t</sub>),-0.096
76,Government consumption,Output (Y<sup>d</sup><sub>t</sub>),-0.095
77,Government consumption,Output (Y<sup>d</sup><sub>t</sub>),-0.094
78,Government consumption,Output (Y<sup>d</sup><sub>t</sub>),-0.093
79,Government consumption,Output (Y<sup>d</sup><sub>t</sub>),-0.092
80,Government consumption,Output (Y<sup>d</sup><sub>t</sub>),-0.09
81,Government consumption,Output (Y<sup>d</sup><sub>t</sub>),-0.089
82,Government consumption,Output (Y<sup>d</sup><sub>t</sub>),-0.088
83,Government consumption,Output (Y<sup>d</sup><sub>t</sub>),-0.087
84,Government consumption,Output (Y<sup>d</sup><sub>t</sub>),-0.086
85,Government consumption,Output (Y<sup>d</sup><sub>t</sub>),-0.085
86,Government consumption,Output (Y<sup>d</sup><sub>t</sub>),-0.084
87,Government consumption,Output (Y<sup>d</sup><sub>t</sub>),-0.083
88,Government consumption,Output (Y<sup>d</sup><sub>t</sub>),-0.082
89,Government consumption,Output (Y<sup>d</sup><sub>t</sub>),-0.081
90,Government consumption,Output (Y<sup>d</sup><sub>t</sub>),-0.08
91,Government consumption,Output (Y<sup>d</sup><sub>t</sub>),-0.079
92,Government consumption,Output (Y<sup>d</sup><sub>t</sub>),-0.078
93,Government consumption,Output (Y<sup>d</sup><sub>t</sub>),-0.077
94,Government consumption,Output (Y<sup>d</sup><sub>t</sub>),-0.076
95,Government consumption,Output (Y<sup>d</sup><sub>t</sub>),-0.075
96,Government consumption,Output (Y<sup>d</sup><sub>t</sub>),-0.074
97,Government consumption,Output (Y<sup>d</sup><sub>t</sub>),-0.073
98,Government consumption,Output (Y<sup>d</sup><sub>t</sub>),-0.072
99,Government consumption,Output (Y<sup>d</sup><sub>t</sub>),-0.071
100,Government consumption,Output (Y<sup>d</sup><sub>t</sub>),-0.07
1,Infrastructure investment,Output (Y<sup>d</sup><sub>t</sub>),0.447
2,Infrastructure investment,Output (Y<sup>d</sup><sub>t</sub>),0.09
3,Infrastructure investment,Output (Y<sup>d</sup><sub>t</sub>),0.14
4,Infrastructure investment,Output (Y<sup>d</sup><sub>t</sub>),0.176
5,Infrastructure investment,Output (Y<sup>d</sup><sub>t</sub>),0.204
6,Infrastructure investment,Output (Y<sup>d</sup><sub>t</sub>),0.228
7,Infrastructure investment,Output (Y<sup>d</sup><sub>t</sub>),0.248
8,Infrastructure investment,Output (Y<sup>d</sup><sub>t</sub>),0.265
9,Infrastructure investment,Output (Y<sup>d</sup><sub>t</sub>),0.28
10,Infrastructure investment,Output (Y<sup>d</sup><sub>t</sub>),0.292
11,Infrastructure investment,Output (Y<sup>d</sup><sub>t</sub>),0.303
12,Infrastructure investment,Output (Y<sup>d</sup><sub>t</sub>),0.312
13,Infrastructure investment,Output (Y<sup>d</sup><sub>t</sub>),0.319
14,Infrastructure investment,Output (Y<sup>d</sup><sub>t</sub>),0.325
15,Infrastructure investment,Output (Y<sup>d</sup><sub>t</sub>),0.33
16,Infrastructure investment,Output (Y<sup>d</sup><sub>t</sub>),0.334
17,Infrastructure investment,Output (Y<sup>d</sup><sub>t</sub>),0.337
18,Infrastructure investment,Output (Y<sup>d</sup><sub>t</sub>),0.34
19,Infrastructure investment,Output (Y<sup>d</sup><sub>t</sub>),0.341
20,Infrastructure investment,Output (Y<sup>d</sup><sub>t</sub>),0.342
21,Infrastructure investment,Output (Y<sup>d</sup><sub>t</sub>),0.343
22,Infrastructure investment,Output (Y<sup>d</sup><sub>t</sub>),0.343
23,Infrastructure investment,Output (Y<sup>d</sup><sub>t</sub>),0.342
24,Infrastructure investment,Output (Y<sup>d</sup><sub>t</sub>),0.342
25,Infrastructure investment,Output (Y<sup>d</sup><sub>t</sub>),0.34
26,Infrastructure investment,Output (Y<sup>d</sup><sub>t</sub>),0.339
27,Infrastructure investment,Output (Y<sup>d</sup><sub>t</sub>),0.337
28,Infrastructure investment,Output (Y<sup>d</sup><sub>t</sub>),0.335
29,Infrastructure investment,Output (Y<sup>d</sup><sub>t</sub>),0.333
30,Infrastructure investment,Output (Y<sup>d</sup><sub>t</sub>),0.331
31,Infrastructure investment,Output (Y<sup>d</sup><sub>t</sub>),0.329
32,Infrastructure investment,Output (Y<sup>d</sup><sub>t</sub>),0.326
33,Infrastructure investment,Output (Y<sup>d</sup><sub>t</sub>),0.323
34,Infrastructure investment,Output (Y<sup>d</sup><sub>t</sub>),0.321
35,Infrastructure investment,Output (Y<sup>d</sup><sub>t</sub>),0.318
36,Infrastructure investment,Output (Y<sup>d</sup><sub>t</sub>),0.315
37,Infrastructure investment,Output (Y<sup>d</sup><sub>t</sub>),0.312
38,Infrastructure investment,Output (Y<sup>d</sup><sub>t</sub>),0.309
39,Infrastructure investment,Output (Y<sup>d</sup><sub>t</sub>),0.306
40,Infrastructure investment,Output (Y<sup>d</sup><sub>t</sub>),0.302
41,Infrastructure investment,Output (Y<sup>d</sup><sub>t</sub>),0.299
42,Infrastructure investment,Output (Y<sup>d</sup><sub>t</sub>),0.296
43,Infrastructure investment,Output (Y<sup>d</sup><sub>t</sub>),0.293
44,Infrastructure investment,Output (Y<sup>d</sup><sub>t</sub>),0.29
45,Infrastructure investment,Output (Y<sup>d</sup><sub>t</sub>),0.287
46,Infrastructure investment,Output (Y<sup>d</sup><sub>t</sub>),0.283
47,Infrastructure investment,Output (Y<sup>d</sup><sub>t</sub>),0.28
48,Infrastructure investment,Output (Y<sup>d</sup><sub>t</sub>),0.277
49,Infrastructure investment,Output (Y<sup>d</sup><sub>t</sub>),0.274
50,Infrastructure investment,Output (Y<sup>d</sup><sub>t</sub>),0.271
51,Infrastructure investment,Output (Y<sup>d</sup><sub>t</sub>),0.267
52,Infrastructure investment,Output (Y<sup>d</sup><sub>t</sub>),0.264
53,Infrastructure investment,Output (Y<sup>d</sup><sub>t</sub>),0.261
54,Infrastructure investment,Output (Y<sup>d</sup><sub>t</sub>),0.258
55,Infrastructure investment,Output (Y<sup>d</sup><sub>t</sub>),0.255
56,Infrastructure investment,Output (Y<sup>d</sup><sub>t</sub>),0.252
57,Infrastructure investment,Output (Y<sup>d</sup><sub>t</sub>),0.249
58,Infrastructure investment,Output (Y<sup>d</sup><sub>t</sub>),0.246
59,Infrastructure investment,Output (Y<sup>d</sup><sub>t</sub>),0.243
60,Infrastructure investment,Output (Y<sup>d</sup><sub>t</sub>),0.24
61,Infrastructure investment,Output (Y<sup>d</sup><sub>t</sub>),0.237
62,Infrastructure investment,Output (Y<sup>d</sup><sub>t</sub>),0.234
63,Infrastructure investment,Output (Y<sup>d</sup><sub>t</sub>),0.231
64,Infrastructure investment,Output (Y<sup>d</sup><sub>t</sub>),0.229
65,Infrastructure investment,Output (Y<sup>d</sup><sub>t</sub>),0.226
66,Infrastructure investment,Output (Y<sup>d</sup><sub>t</sub>),0.223
67,Infrastructure investment,Output (Y<sup>d</sup><sub>t</sub>),0.22
68,Infrastructure investment,Output (Y<sup>d</sup><sub>t</sub>),0.217
69,Infrastructure investment,Output (Y<sup>d</sup><sub>t</sub>),0.215
70,Infrastructure investment,Output (Y<sup>d</sup><sub>t</sub>),0.212
71,Infrastructure investment,Output (Y<sup>d</sup><sub>t</sub>),0.209
72,Infrastructure investment,Output (Y<sup>d</sup><sub>t</sub>),0.207
73,Infrastructure investment,Output (Y<sup>d</sup><sub>t</sub>),0.204
74,Infrastructure investment,Output (Y<sup>d</sup><sub>t</sub>),0.202
75,Infrastructure investment,Output (Y<sup>d</sup><sub>t</sub>),0.199
76,Infrastructure investment,Output (Y<sup>d</sup><sub>t</sub>),0.197
77,Infrastructure investment,Output (Y<sup>d</sup><sub>t</sub>),0.194
78,Infrastructure investment,Output (Y<sup>d</sup><sub>t</sub>),0.192
79,Infrastructure investment,Output (Y<sup>d</sup><sub>t</sub>),0.189
80,Infrastructure investment,Output (Y<sup>d</sup><sub>t</sub>),0.187
81,Infrastructure investment,Output (Y<sup>d</sup><sub>t</sub>),0.185
82,Infrastructure investment,Output (Y<sup>d</sup><sub>t</sub>),0.182
83,Infrastructure investment,Output (Y<sup>d</sup><sub>t</sub>),0.18
84,Infrastructure investment,Output (Y<sup>d</sup><sub>t</sub>),0.178
85,Infrastructure investment,Output (Y<sup>d</sup><sub>t</sub>),0.176
86,Infrastructure investment,Output (Y<sup>d</sup><sub>t</sub>),0.173
87,Infrastructure investment,Output (Y<sup>d</sup><sub>t</sub>),0.171
88,Infrastructure investment,Output (Y<sup>d</sup><sub>t</sub>),0.169
89,Infrastructure investment,Output (Y<sup>d</sup><sub>t</sub>),0.167
90,Infrastructure investment,Output (Y<sup>d</sup><sub>t</sub>),0.165
91,Infrastructure investment,Output (Y<sup>d</sup><sub>t</sub>),0.163
92,Infrastructure investment,Output (Y<sup>d</sup><sub>t</sub>),0.161
93,Infrastructure investment,Output (Y<sup>d</sup><sub>t</sub>),0.158
94,Infrastructure investment,Output (Y<sup>d</sup><sub>t</sub>),0.156
95,Infrastructure investment,Output (Y<sup>d</sup><sub>t</sub>),0.154
96,Infrastructure investment,Output (Y<sup>d</sup><sub>t</sub>),0.153
97,Infrastructure investment,Output (Y<sup>d</sup><sub>t</sub>),0.151
98,Infrastructure investment,Output (Y<sup>d</sup><sub>t</sub>),0.149
99,Infrastructure investment,Output (Y<sup>d</sup><sub>t</sub>),0.147
100,Infrastructure investment,Output (Y<sup>d</sup><sub>t</sub>),0.145
1,Human capital investment,Output (Y<sup>d</sup><sub>t</sub>),0.705
2,Human capital investment,Output (Y<sup>d</sup><sub>t</sub>),0.247
3,Human capital investment,Output (Y<sup>d</sup><sub>t</sub>),0.141
4,Human capital investment,Output (Y<sup>d</sup><sub>t</sub>),0.043
5,Human capital investment,Output (Y<sup>d</sup><sub>t</sub>),-0.039
6,Human capital investment,Output (Y<sup>d</sup><sub>t</sub>),-0.107
7,Human capital investment,Output (Y<sup>d</sup><sub>t</sub>),-0.161
8,Human capital investment,Output (Y<sup>d</sup><sub>t</sub>),-0.203
9,Human capital investment,Output (Y<sup>d</sup><sub>t</sub>),-0.235
10,Human capital investment,Output (Y<sup>d</sup><sub>t</sub>),-0.258
11,Human capital investment,Output (Y<sup>d</sup><sub>t</sub>),-0.272
12,Human capital investment,Output (Y<sup>d</sup><sub>t</sub>),-0.28
13,Human capital investment,Output (Y<sup>d</sup><sub>t</sub>),-0.282
14,Human capital investment,Output (Y<sup>d</sup><sub>t</sub>),-0.279
15,Human capital investment,Output (Y<sup>d</sup><sub>t</sub>),-0.272
16,Human capital investment,Output (Y<sup>d</sup><sub>t</sub>),-0.26
17,Human capital investment,Output (Y<sup>d</sup><sub>t</sub>),-0.246
18,Human capital investment,Output (Y<sup>d</sup><sub>t</sub>),-0.229
19,Human capital investment,Output (Y<sup>d</sup><sub>t</sub>),-0.209
20,Human capital investment,Output (Y<sup>d</sup><sub>t</sub>),-0.187
21,Human capital investment,Output (Y<sup>d</sup><sub>t</sub>),-0.164
22,Human capital investment,Output (Y<sup>d</sup><sub>t</sub>),-0.139
23,Human capital investment,Output (Y<sup>d</sup><sub>t</sub>),-0.114
24,Human capital investment,Output (Y<sup>d</sup><sub>t</sub>),-0.087
25,Human capital investment,Output (Y<sup>d</sup><sub>t</sub>),-0.06
26,Human capital investment,Output (Y<sup>d</sup><sub>t</sub>),-0.032
27,Human capital investment,Output (Y<sup>d</sup><sub>t</sub>),-0.004
28,Human capital investment,Output (Y<sup>d</sup><sub>t</sub>),0.024
29,Human capital investment,Output (Y<sup>d</sup><sub>t</sub>),0.052
30,Human capital investment,Output (Y<sup>d</sup><sub>t</sub>),0.08
31,Human capital investment,Output (Y<sup>d</sup><sub>t</sub>),0.108
32,Human capital investment,Output (Y<sup>d</sup><sub>t</sub>),0.136
33,Human capital investment,Output (Y<sup>d</sup><sub>t</sub>),0.164
34,Human capital investment,Output (Y<sup>d</sup><sub>t</sub>),0.191
35,Human capital investment,Output (Y<sup>d</sup><sub>t</sub>),0.217
36,Human capital investment,Output (Y<sup>d</sup><sub>t</sub>),0.243
37,Human capital investment,Output (Y<sup>d</sup><sub>t</sub>),0.269
38,Human capital investment,Output (Y<sup>d</sup><sub>t</sub>),0.294
39,Human capital investment,Output (Y<sup>d</sup><sub>t</sub>),0.318
40,Human capital investment,Output (Y<sup>d</sup><sub>t</sub>),0.342
41,Human capital investment,Output (Y<sup>d</sup><sub>t</sub>),0.365
42,Human capital investment,Output (Y<sup>d</sup><sub>t</sub>),0.388
43,Human capital investment,Output (Y<sup>d</sup><sub>t</sub>),0.41
44,Human capital investment,Output (Y<sup>d</sup><sub>t</sub>),0.431
45,Human capital investment,Output (Y<sup>d</sup><sub>t</sub>),0.452
46,Human capital investment,Output (Y<sup>d</sup><sub>t</sub>),0.472
47,Human capital investment,Output (Y<sup>d</sup><sub>t</sub>),0.491
48,Human capital investment,Output (Y<sup>d</sup><sub>t</sub>),0.51
49,Human capital investment,Output (Y<sup>d</sup><sub>t</sub>),0.527
50,Human capital investment,Output (Y<sup>d</sup><sub>t</sub>),0.545
51,Human capital investment,Output (Y<sup>d</sup><sub>t</sub>),0.561
52,Human capital investment,Output (Y<sup>d</sup><sub>t</sub>),0.577
53,Human capital investment,Output (Y<sup>d</sup><sub>t</sub>),0.592
54,Human capital investment,Output (Y<sup>d</sup><sub>t</sub>),0.607
55,Human capital investment,Output (Y<sup>d</sup><sub>t</sub>),0.621
56,Human capital investment,Output (Y<sup>d</sup><sub>t</sub>),0.634
57,Human capital investment,Output (Y<sup>d</sup><sub>t</sub>),0.647
58,Human capital investment,Output (Y<sup>d</sup><sub>t</sub>),0.659
59,Human capital investment,Output (Y<sup>d</sup><sub>t</sub>),0.671
60,Human capital investment,Output (Y<sup>d</sup><sub>t</sub>),0.682
61,Human capital investment,Output (Y<sup>d</sup><sub>t</sub>),0.692
62,Human capital investment,Output (Y<sup>d</sup><sub>t</sub>),0.702
63,Human capital investment,Output (Y<sup>d</sup><sub>t</sub>),0.711
64,Human capital investment,Output (Y<sup>d</sup><sub>t</sub>),0.72
65,Human capital investment,Output (Y<sup>d</sup><sub>t</sub>),0.729
66,Human capital investment,Output (Y<sup>d</sup><sub>t</sub>),0.736
67,Human capital investment,Output (Y<sup>d</sup><sub>t</sub>),0.744
68,Human capital investment,Output (Y<sup>d</sup><sub>t</sub>),0.75
69,Human capital investment,Output (Y<sup>d</sup><sub>t</sub>),0.757
70,Human capital investment,Output (Y<sup>d</sup><sub>t</sub>),0.763
71,Human capital investment,Output (Y<sup>d</sup><sub>t</sub>),0.768
72,Human capital investment,Output (Y<sup>d</sup><sub>t</sub>),0.773
73,Human capital investment,Output (Y<sup>d</sup><sub>t</sub>),0.778
74,Human capital investment,Output (Y<sup>d</sup><sub>t</sub>),0.782
75,Human capital investment,Output (Y<sup>d</sup><sub>t</sub>),0.785
76,Human capital investment,Output (Y<sup>d</sup><sub>t</sub>),0.789
77,Human capital investment,Output (Y<sup>d</sup><sub>t</sub>),0.792
78,Human capital investment,Output (Y<sup>d</sup><sub>t</sub>),0.795
79,Human capital investment,Output (Y<sup>d</sup><sub>t</sub>),0.797
80,Human capital investment,Output (Y<sup>d</sup><sub>t</sub>),0.799
81,Human capital investment,Output (Y<sup>d</sup><sub>t</sub>),0.8
82,Human capital investment,Output (Y<sup>d</sup><sub>t</sub>),0.802
83,Human capital investment,Output (Y<sup>d</sup><sub>t</sub>),0.803
84,Human capital investment,Output (Y<sup>d</sup><sub>t</sub>),0.803
85,Human capital investment,Output (Y<sup>d</sup><sub>t</sub>),0.804
86,Human capital investment,Output (Y<sup>d</sup><sub>t</sub>),0.804
87,Human capital investment,Output (Y<sup>d</sup><sub>t</sub>),0.804
88,Human capital investment,Output (Y<sup>d</sup><sub>t</sub>),0.803
89,Human capital investment,Output (Y<sup>d</sup><sub>t</sub>),0.803
90,Human capital investment,Output (Y<sup>d</sup><sub>t</sub>),0.802
91,Human capital investment,Output (Y<sup>d</sup><sub>t</sub>),0.801
92,Human capital investment,Output (Y<sup>d</sup><sub>t</sub>),0.799
93,Human capital investment,Output (Y<sup>d</sup><sub>t</sub>),0.798
94,Human capital investment,Output (Y<sup>d</sup><sub>t</sub>),0.796
95,Human capital investment,Output (Y<sup>d</sup><sub>t</sub>),0.794
96,Human capital investment,Output (Y<sup>d</sup><sub>t</sub>),0.792
97,Human capital investment,Output (Y<sup>d</sup><sub>t</sub>),0.79
98,Human capital investment,Output (Y<sup>d</sup><sub>t</sub>),0.787
99,Human capital investment,Output (Y<sup>d</sup><sub>t</sub>),0.784
100,Human capital investment,Output (Y<sup>d</sup><sub>t</sub>),0.782
1,R&D spending,Output (Y<sup>d</sup><sub>t</sub>),0.508
2,R&D spending,Output (Y<sup>d</sup><sub>t</sub>),-0.023
3,R&D spending,Output (Y<sup>d</sup><sub>t</sub>),-0.087
4,R&D spending,Output (Y<sup>d</sup><sub>t</sub>),-0.123
5,R&D spending,Output (Y<sup>d</sup><sub>t</sub>),-0.13
6,R&D spending,Output (Y<sup>d</sup><sub>t</sub>),-0.115
7,R&D spending,Output (Y<sup>d</sup><sub>t</sub>),-0.083
8,R&D spending,Output (Y<sup>d</sup><sub>t</sub>),-0.04
9,R&D spending,Output (Y<sup>d</sup><sub>t</sub>),0.012
10,R&D spending,Output (Y<sup>d</sup><sub>t</sub>),0.068
11,R&D spending,Output (Y<sup>d</sup><sub>t</sub>),0.126
12,R&D spending,Output (Y<sup>d</sup><sub>t</sub>),0.184
13,R&D spending,Output (Y<sup>d</sup><sub>t</sub>),0.242
14,R&D spending,Output (Y<sup>d</sup><sub>t</sub>),0.297
15,R&D spending,Output (Y<sup>d</sup><sub>t</sub>),0.35
16,R&D spending,Output (Y<sup>d</sup><sub>t</sub>),0.399
17,R&D spending,Output (Y<sup>d</sup><sub>t</sub>),0.445
18,R&D spending,Output (Y<sup>d</sup><sub>t</sub>),0.488
19,R&D spending,Output (Y<sup>d</sup><sub>t</sub>),0.526
20,R&D spending,Output (Y<sup>d</sup><sub>t</sub>),0.561
21,R&D spending,Output (Y<sup>d</sup><sub>t</sub>),0.592
22,R&D spending,Output (Y<sup>d</sup><sub>t</sub>),0.62
23,R&D spending,Output (Y<sup>d</sup><sub>t</sub>),0.644
24,R&D spending,Output (Y<sup>d</sup><sub>t</sub>),0.665
25,R&D spending,Output (Y<sup>d</sup><sub>t</sub>),0.684
26,R&D spending,Output (Y<sup>d</sup><sub>t</sub>),0.699
27,R&D spending,Output (Y<sup>d</sup><sub>t</sub>),0.712
28,R&D spending,Output (Y<sup>d</sup><sub>t</sub>),0.722
29,R&D spending,Output (Y<sup>d</sup><sub>t</sub>),0.73
30,R&D spending,Output (Y<sup>d</sup><sub>t</sub>),0.736
31,R&D spending,Output (Y<sup>d</sup><sub>t</sub>),0.741
32,R&D spending,Output (Y<sup>d</sup><sub>t</sub>),0.743
33,R&D spending,Output (Y<sup>d</sup><sub>t</sub>),0.744
34,R&D spending,Output (Y<sup>d</sup><sub>t</sub>),0.744
35,R&D spending,Output (Y<sup>d</sup><sub>t</sub>),0.743
36,R&D spending,Output (Y<sup>d</sup><sub>t</sub>),0.74
37,R&D spending,Output (Y<sup>d</sup><sub>t</sub>),0.737
38,R&D spending,Output (Y<sup>d</sup><sub>t</sub>),0.733
39,R&D spending,Output (Y<sup>d</sup><sub>t</sub>),0.728
40,R&D spending,Output (Y<sup>d</sup><sub>t</sub>),0.722
41,R&D spending,Output (Y<sup>d</sup><sub>t</sub>),0.716
42,R&D spending,Output (Y<sup>d</sup><sub>t</sub>),0.71
43,R&D spending,Output (Y<sup>d</sup><sub>t</sub>),0.703
44,R&D spending,Output (Y<sup>d</sup><sub>t</sub>),0.695
45,R&D spending,Output (Y<sup>d</sup><sub>t</sub>),0.688
46,R&D spending,Output (Y<sup>d</sup><sub>t</sub>),0.68
47,R&D spending,Output (Y<sup>d</sup><sub>t</sub>),0.672
48,R&D spending,Output (Y<sup>d</sup><sub>t</sub>),0.663
49,R&D spending,Output (Y<sup>d</sup><sub>t</sub>),0.655
50,R&D spending,Output (Y<sup>d</sup><sub>t</sub>),0.646
51,R&D spending,Output (Y<sup>d</sup><sub>t</sub>),0.638
52,R&D spending,Output (Y<sup>d</sup><sub>t</sub>),0.629
53,R&D spending,Output (Y<sup>d</sup><sub>t</sub>),0.621
54,R&D spending,Output (Y<sup>d</sup><sub>t</sub>),0.612
55,R&D spending,Output (Y<sup>d</sup><sub>t</sub>),0.604
56,R&D spending,Output (Y<sup>d</sup><sub>t</sub>),0.595
57,R&D spending,Output (Y<sup>d</sup><sub>t</sub>),0.587
58,R&D spending,Output (Y<sup>d</sup><sub>t</sub>),0.578
59,R&D spending,Output (Y<sup>d</sup><sub>t</sub>),0.57
60,R&D spending,Output (Y<sup>d</sup><sub>t</sub>),0.562
61,R&D spending,Output (Y<sup>d</sup><sub>t</sub>),0.554
62,R&D spending,Output (Y<sup>d</sup><sub>t</sub>),0.546
63,R&D spending,Output (Y<sup>d</sup><sub>t</sub>),0.538
64,R&D spending,Output (Y<sup>d</sup><sub>t</sub>),0.53
65,R&D spending,Output (Y<sup>d</sup><sub>t</sub>),0.522
66,R&D spending,Output (Y<sup>d</sup><sub>t</sub>),0.514
67,R&D spending,Output (Y<sup>d</sup><sub>t</sub>),0.507
68,R&D spending,Output (Y<sup>d</sup><sub>t</sub>),0.499
69,R&D spending,Output (Y<sup>d</sup><sub>t</sub>),0.492
70,R&D spending,Output (Y<sup>d</sup><sub>t</sub>),0.485
71,R&D spending,Output (Y<sup>d</sup><sub>t</sub>),0.478
72,R&D spending,Output (Y<sup>d</sup><sub>t</sub>),0.471
73,R&D spending,Output (Y<sup>d</sup><sub>t</sub>),0.464
74,R&D spending,Output (Y<sup>d</sup><sub>t</sub>),0.457
75,R&D spending,Output (Y<sup>d</sup><sub>t</sub>),0.45
76,R&D spending,Output (Y<sup>d</sup><sub>t</sub>),0.444
77,R&D spending,Output (Y<sup>d</sup><sub>t</sub>),0.437
78,R&D spending,Output (Y<sup>d</sup><sub>t</sub>),0.431
79,R&D spending,Output (Y<sup>d</sup><sub>t</sub>),0.425
80,R&D spending,Output (Y<sup>d</sup><sub>t</sub>),0.419
81,R&D spending,Output (Y<sup>d</sup><sub>t</sub>),0.412
82,R&D spending,Output (Y<sup>d</sup><sub>t</sub>),0.407
83,R&D spending,Output (Y<sup>d</sup><sub>t</sub>),0.401
84,R&D spending,Output (Y<sup>d</sup><sub>t</sub>),0.395
85,R&D spending,Output (Y<sup>d</sup><sub>t</sub>),0.389
86,R&D spending,Output (Y<sup>d</sup><sub>t</sub>),0.384
87,R&D spending,Output (Y<sup>d</sup><sub>t</sub>),0.378
88,R&D spending,Output (Y<sup>d</sup><sub>t</sub>),0.373
89,R&D spending,Output (Y<sup>d</sup><sub>t</sub>),0.367
90,R&D spending,Output (Y<sup>d</sup><sub>t</sub>),0.362
91,R&D spending,Output (Y<sup>d</sup><sub>t</sub>),0.357
92,R&D spending,Output (Y<sup>d</sup><sub>t</sub>),0.352
93,R&D spending,Output (Y<sup>d</sup><sub>t</sub>),0.347
94,R&D spending,Output (Y<sup>d</sup><sub>t</sub>),0.342
95,R&D spending,Output (Y<sup>d</sup><sub>t</sub>),0.337
96,R&D spending,Output (Y<sup>d</sup><sub>t</sub>),0.332
97,R&D spending,Output (Y<sup>d</sup><sub>t</sub>),0.328
98,R&D spending,Output (Y<sup>d</sup><sub>t</sub>),0.323
99,R&D spending,Output (Y<sup>d</sup><sub>t</sub>),0.319
100,R&D spending,Output (Y<sup>d</sup><sub>t</sub>),0.314
1,Government consumption,Consumption (C<sub>t</sub>),-0.528
2,Government consumption,Consumption (C<sub>t</sub>),-0.523
3,Government consumption,Consumption (C<sub>t</sub>),-0.516
4,Government consumption,Consumption (C<sub>t</sub>),-0.508
5,Government consumption,Consumption (C<sub>t</sub>),-0.5
6,Government consumption,Consumption (C<sub>t</sub>),-0.491
7,Government consumption,Consumption (C<sub>t</sub>),-0.481
8,Government consumption,Consumption (C<sub>t</sub>),-0.472
9,Government consumption,Consumption (C<sub>t</sub>),-0.463
10,Government consumption,Consumption (C<sub>t</sub>),-0.453
11,Government consumption,Consumption (C<sub>t</sub>),-0.444
12,Government consumption,Consumption (C<sub>t</sub>),-0.434
13,Government consumption,Consumption (C<sub>t</sub>),-0.425
14,Government consumption,Consumption (C<sub>t</sub>),-0.416
15,Government consumption,Consumption (C<sub>t</sub>),-0.407
16,Government consumption,Consumption (C<sub>t</sub>),-0.399
17,Government consumption,Consumption (C<sub>t</sub>),-0.39
18,Government consumption,Consumption (C<sub>t</sub>),-0.382
19,Government consumption,Consumption (C<sub>t</sub>),-0.374
20,Government consumption,Consumption (C<sub>t</sub>),-0.366
21,Government consumption,Consumption (C<sub>t</sub>),-0.358
22,Government consumption,Consumption (C<sub>t</sub>),-0.351
23,Government consumption,Consumption (C<sub>t</sub>),-0.343
24,Government consumption,Consumption (C<sub>t</sub>),-0.337
25,Government consumption,Consumption (C<sub>t</sub>),-0.33
26,Government consumption,Consumption (C<sub>t</sub>),-0.323
27,Government consumption,Consumption (C<sub>t</sub>),-0.317
28,Government consumption,Consumption (C<sub>t</sub>),-0.311
29,Government consumption,Consumption (C<sub>t</sub>),-0.305
30,Government consumption,Consumption (C<sub>t</sub>),-0.299
31,Government consumption,Consumption (C<sub>t</sub>),-0.294
32,Government consumption,Consumption (C<sub>t</sub>),-0.288
33,Government consumption,Consumption (C<sub>t</sub>),-0.283
34,Government consumption,Consumption (C<sub>t</sub>),-0.278
35,Government consumption,Consumption (C<sub>t</sub>),-0.273
36,Government consumption,Consumption (C<sub>t</sub>),-0.269
37,Government consumption,Consumption (C<sub>t</sub>),-0.264
38,Government consumption,Consumption (C<sub>t</sub>),-0.26
39,Government consumption,Consumption (C<sub>t</sub>),-0.255
40,Government consumption,Consumption (C<sub>t</sub>),-0.251
41,Government consumption,Consumption (C<sub>t</sub>),-0.247
42,Government consumption,Consumption (C<sub>t</sub>),-0.243
43,Government consumption,Consumption (C<sub>t</sub>),-0.24
44,Government consumption,Consumption (C<sub>t</sub>),-0.236
45,Government consumption,Consumption (C<sub>t</sub>),-0.232
46,Government consumption,Consumption (C<sub>t</sub>),-0.229
47,Government consumption,Consumption (C<sub>t</sub>),-0.225
48,Government consumption,Consumption (C<sub>t</sub>),-0.222
49,Government consumption,Consumption (C<sub>t</sub>),-0.219
50,Government consumption,Consumption (C<sub>t</sub>),-0.216
51,Government consumption,Consumption (C<sub>t</sub>),-0.213
52,Government consumption,Consumption (C<sub>t</sub>),-0.21
53,Government consumption,Consumption (C<sub>t</sub>),-0.207
54,Government consumption,Consumption (C<sub>t</sub>),-0.204
55,Government consumption,Consumption (C<sub>t</sub>),-0.201
56,Government consumption,Consumption (C<sub>t</sub>),-0.198
57,Government consumption,Consumption (C<sub>t</sub>),-0.196
58,Government consumption,Consumption (C<sub>t</sub>),-0.193
59,Government consumption,Consumption (C<sub>t</sub>),-0.19
60,Government consumption,Consumption (C<sub>t</sub>),-0.188
61,Government consumption,Consumption (C<sub>t</sub>),-0.185
62,Government consumption,Consumption (C<sub>t</sub>),-0.183
63,Government consumption,Consumption (C<sub>t</sub>),-0.18
64,Government consumption,Consumption (C<sub>t</sub>),-0.178
65,Government consumption,Consumption (C<sub>t</sub>),-0.176
66,Government consumption,Consumption (C<sub>t</sub>),-0.173
67,Government consumption,Consumption (C<sub>t</sub>),-0.171
68,Government consumption,Consumption (C<sub>t</sub>),-0.169
69,Government consumption,Consumption (C<sub>t</sub>),-0.167
70,Government consumption,Consumption (C<sub>t</sub>),-0.165
71,Government consumption,Consumption (C<sub>t</sub>),-0.163
72,Government consumption,Consumption (C<sub>t</sub>),-0.161
73,Government consumption,Consumption (C<sub>t</sub>),-0.159
74,Government consumption,Consumption (C<sub>t</sub>),-0.157
75,Government consumption,Consumption (C<sub>t</sub>),-0.155
76,Government consumption,Consumption (C<sub>t</sub>),-0.153
77,Government consumption,Consumption (C<sub>t</sub>),-0.151
78,Government consumption,Consumption (C<sub>t</sub>),-0.149
79,Government consumption,Consumption (C<sub>t</sub>),-0.147
80,Government consumption,Consumption (C<sub>t</sub>),-0.145
81,Government consumption,Consumption (C<sub>t</sub>),-0.143
82,Government consumption,Consumption (C<sub>t</sub>),-0.141
83,Government consumption,Consumption (C<sub>t</sub>),-0.14
84,Government consumption,Consumption (C<sub>t</sub>),-0.138
85,Government consumption,Consumption (C<sub>t</sub>),-0.136
86,Government consumption,Consumption (C<sub>t</sub>),-0.135
87,Government consumption,Consumption (C<sub>t</sub>),-0.133
88,Government consumption,Consumption (C<sub>t</sub>),-0.131
89,Government consumption,Consumption (C<sub>t</sub>),-0.13
90,Government consumption,Consumption (C<sub>t</sub>),-0.128
91,Government consumption,Consumption (C<sub>t</sub>),-0.126
92,Government consumption,Consumption (C<sub>t</sub>),-0.125
93,Government consumption,Consumption (C<sub>t</sub>),-0.123
94,Government consumption,Consumption (C<sub>t</sub>),-0.122
95,Government consumption,Consumption (C<sub>t</sub>),-0.12
96,Government consumption,Consumption (C<sub>t</sub>),-0.119
97,Government consumption,Consumption (C<sub>t</sub>),-0.117
98,Government consumption,Consumption (C<sub>t</sub>),-0.116
99,Government consumption,Consumption (C<sub>t</sub>),-0.114
100,Government consumption,Consumption (C<sub>t</sub>),-0.113
1,Infrastructure investment,Consumption (C<sub>t</sub>),-0.212
2,Infrastructure investment,Consumption (C<sub>t</sub>),-0.208
3,Infrastructure investment,Consumption (C<sub>t</sub>),-0.199
4,Infrastructure investment,Consumption (C<sub>t</sub>),-0.186
5,Infrastructure investment,Consumption (C<sub>t</sub>),-0.171
6,Infrastructure investment,Consumption (C<sub>t</sub>),-0.154
7,Infrastructure investment,Consumption (C<sub>t</sub>),-0.135
8,Infrastructure investment,Consumption (C<sub>t</sub>),-0.116
9,Infrastructure investment,Consumption (C<sub>t</sub>),-0.095
10,Infrastructure investment,Consumption (C<sub>t</sub>),-0.074
11,Infrastructure investment,Consumption (C<sub>t</sub>),-0.053
12,Infrastructure investment,Consumption (C<sub>t</sub>),-0.032
13,Infrastructure investment,Consumption (C<sub>t</sub>),-0.011
14,Infrastructure investment,Consumption (C<sub>t</sub>),0.01
15,Infrastructure investment,Consumption (C<sub>t</sub>),0.03
16,Infrastructure investment,Consumption (C<sub>t</sub>),0.05
17,Infrastructure investment,Consumption (C<sub>t</sub>),0.069
18,Infrastructure investment,Consumption (C<sub>t</sub>),0.088
19,Infrastructure investment,Consumption (C<sub>t</sub>),0.105
20,Infrastructure investment,Consumption (C<sub>t</sub>),0.122
21,Infrastructure investment,Consumption (C<sub>t</sub>),0.138
22,Infrastructure investment,Consumption (C<sub>t</sub>),0.154
23,Infrastructure investment,Consumption (C<sub>t</sub>),0.168
24,Infrastructure investment,Consumption (C<sub>t</sub>),0.182
25,Infrastructure investment,Consumption (C<sub>t</sub>),0.195
26,Infrastructure investment,Consumption (C<sub>t</sub>),0.208
27,Infrastructure investment,Consumption (C<sub>t</sub>),0.219
28,Infrastructure investment,Consumption (C<sub>t</sub>),0.23
29,Infrastructure investment,Consumption (C<sub>t</sub>),0.24
30,Infrastructure investment,Consumption (C<sub>t</sub>),0.249
31,Infrastructure investment,Consumption (C<sub>t</sub>),0.258
32,Infrastructure investment,Consumption (C<sub>t</sub>),0.266
33,Infrastructure investment,Consumption (C<sub>t</sub>),0.273
34,Infrastructure investment,Consumption (C<sub>t</sub>),0.28
35,Infrastructure investment,Consumption (C<sub>t</sub>),0.286
36,Infrastructure investment,Consumption (C<sub>t</sub>),0.292
37,Infrastructure investment,Consumption (C<sub>t</sub>),0.297
38,Infrastructure investment,Consumption (C<sub>t</sub>),0.301
39,Infrastructure investment,Consumption (C<sub>t</sub>),0.306
40,Infrastructure investment,Consumption (C<sub>t</sub>),0.309
41,Infrastructure investment,Consumption (C<sub>t</sub>),0.313
42,Infrastructure investment,Consumption (C<sub>t</sub>),0.315
43,Infrastructure investment,Consumption (C<sub>t</sub>),0.318
44,Infrastructure investment,Consumption (C<sub>t</sub>),0.32
45,Infrastructure investment,Consumption (C<sub>t</sub>),0.322
46,Infrastructure investment,Consumption (C<sub>t</sub>),0.323
47,Infrastructure investment,Consumption (C<sub>t</sub>),0.324
48,Infrastructure investment,Consumption (C<sub>t</sub>),0.325
49,Infrastructure investment,Consumption (C<sub>t</sub>),0.326
50,Infrastructure investment,Consumption (C<sub>t</sub>),0.326
51,Infrastructure investment,Consumption (C<sub>t</sub>),0.326
52,Infrastructure investment,Consumption (C<sub>t</sub>),0.326
53,Infrastructure investment,Consumption (C<sub>t</sub>),0.326
54,Infrastructure investment,Consumption (C<sub>t</sub>),0.325
55,Infrastructure investment,Consumption (C<sub>t</sub>),0.324
56,Infrastructure investment,Consumption (C<sub>t</sub>),0.323
57,Infrastructure investment,Consumption (C<sub>t</sub>),0.322
58,Infrastructure investment,Consumption (C<sub>t</sub>),0.321
59,Infrastructure investment,Consumption (C<sub>t</sub>),0.32
60,Infrastructure investment,Consumption (C<sub>t</sub>),0.318
61,Infrastructure investment,Consumption (C<sub>t</sub>),0.317
62,Infrastructure investment,Consumption (C<sub>t</sub>),0.315
63,Infrastructure investment,Consumption (C<sub>t</sub>),0.313
64,Infrastructure investment,Consumption (C<sub>t</sub>),0.311
65,Infrastructure investment,Consumption (C<sub>t</sub>),0.309
66,Infrastructure investment,Consumption (C<sub>t</sub>),0.307
67,Infrastructure investment,Consumption (C<sub>t</sub>),0.305
68,Infrastructure investment,Consumption (C<sub>t</sub>),0.303
69,Infrastructure investment,Consumption (C<sub>t</sub>),0.301
70,Infrastructure investment,Consumption (C<sub>t</sub>),0.299
71,Infrastructure investment,Consumption (C<sub>t</sub>),0.296
72,Infrastructure investment,Consumption (C<sub>t</sub>),0.294
73,Infrastructure investment,Consumption (C<sub>t</sub>),0.291
74,Infrastructure investment,Consumption (C<sub>t</sub>),0.289
75,Infrastructure investment,Consumption (C<sub>t</sub>),0.286
76,Infrastructure investment,Consumption (C<sub>t</sub>),0.284
77,Infrastructure investment,Consumption (C<sub>t</sub>),0.281
78,Infrastructure investment,Consumption (C<sub>t</sub>),0.279
79,Infrastructure investment,Consumption (C<sub>t</sub>),0.276
80,Infrastructure investment,Consumption (C<sub>t</sub>),0.274
81,Infrastructure investment,Consumption (C<sub>t</sub>),0.271
82,Infrastructure investment,Consumption (C<sub>t</sub>),0.268
83,Infrastructure investment,Consumption (C<sub>t</sub>),0.266
84,Infrastructure investment,Consumption (C<sub>t</sub>),0.263
85,Infrastructure investment,Consumption (C<sub>t</sub>),0.26
86,Infrastructure investment,Consumption (C<sub>t</sub>),0.258
87,Infrastructure investment,Consumption (C<sub>t</sub>),0.255
88,Infrastructure investment,Consumption (C<sub>t</sub>),0.252
89,Infrastructure investment,Consumption (C<sub>t</sub>),0.25
90,Infrastructure investment,Consumption (C<sub>t</sub>),0.247
91,Infrastructure investment,Consumption (C<sub>t</sub>),0.244
92,Infrastructure investment,Consumption (C<sub>t</sub>),0.242
93,Infrastructure investment,Consumption (C<sub>t</sub>),0.239
94,Infrastructure investment,Consumption (C<sub>t</sub>),0.237
95,Infrastructure investment,Consumption (C<sub>t</sub>),0.234
96,Infrastructure investment,Consumption (C<sub>t</sub>),0.232
97,Infrastructure investment,Consumption (C<sub>t</sub>),0.229
98,Infrastructure investment,Consumption (C<sub>t</sub>),0.226
99,Infrastructure investment,Consumption (C<sub>t</sub>),0.224
100,Infrastructure investment,Consumption (C<sub>t</sub>),0.221
1,Human capital investment,Consumption (C<sub>t</sub>),-0.307
2,Human capital investment,Consumption (C<sub>t</sub>),-0.301
3,Human capital investment,Consumption (C<sub>t</sub>),-0.295
4,Human capital investment,Consumption (C<sub>t</sub>),-0.29
5,Human capital investment,Consumption (C<sub>t</sub>),-0.285
6,Human capital investment,Consumption (C<sub>t</sub>),-0.28
7,Human capital investment,Consumption (C<sub>t</sub>),-0.276
8,Human capital investment,Consumption (C<sub>t</sub>),-0.27
9,Human capital investment,Consumption (C<sub>t</sub>),-0.264
10,Human capital investment,Consumption (C<sub>t</sub>),-0.257
11,Human capital investment,Consumption (C<sub>t</sub>),-0.249
12,Human capital investment,Consumption (C<sub>t</sub>),-0.24
13,Human capital investment,Consumption (C<sub>t</sub>),-0.229
14,Human capital investment,Consumption (C<sub>t</sub>),-0.217
15,Human capital investment,Consumption (C<sub>t</sub>),-0.204
16,Human capital investment,Consumption (C<sub>t</sub>),-0.19
17,Human capital investment,Consumption (C<sub>t</sub>),-0.174
18,Human capital investment,Consumption (C<sub>t</sub>),-0.158
19,Human capital investment,Consumption (C<sub>t</sub>),-0.14
20,Human capital investment,Consumption (C<sub>t</sub>),-0.121
21,Human capital investment,Consumption (C<sub>t</sub>),-0.102
22,Human capital investment,Consumption (C<sub>t</sub>),-0.081
23,Human capital investment,Consumption (C<sub>t</sub>),-0.059
24,Human capital investment,Consumption (C<sub>t</sub>),-0.037
25,Human capital investment,Consumption (C<sub>t</sub>),-0.014
26,Human capital investment,Consumption (C<sub>t</sub>),0.009
27,Human capital investment,Consumption (C<sub>t</sub>),0.034
28,Human capital investment,Consumption (C<sub>t</sub>),0.058
29,Human capital investment,Consumption (C<sub>t</sub>),0.083
30,Human capital investment,Consumption (C<sub>t</sub>),0.109
31,Human capital investment,Consumption (C<sub>t</sub>),0.134
32,Human capital investment,Consumption (C<sub>t</sub>),0.16
33,Human capital investment,Consumption (C<sub>t</sub>),0.186
34,Human capital investment,Consumption (C<sub>t</sub>),0.213
35,Human capital investment,Consumption (C<sub>t</sub>),0.239
36,Human capital investment,Consumption (C<sub>t</sub>),0.265
37,Human capital investment,Consumption (C<sub>t</sub>),0.291
38,Human capital investment,Consumption (C<sub>t</sub>),0.317
39,Human capital investment,Consumption (C<sub>t</sub>),0.343
40,Human capital investment,Consumption (C<sub>t</sub>),0.369
41,Human capital investment,Consumption (C<sub>t</sub>),0.395
42,Human capital investment,Consumption (C<sub>t</sub>),0.42
43,Human capital investment,Consumption (C<sub>t</sub>),0.445
44,Human capital investment,Consumption (C<sub>t</sub>),0.47
45,Human capital investment,Consumption (C<sub>t</sub>),0.494
46,Human capital investment,Consumption (C<sub>t</sub>),0.518
47,Human capital investment,Consumption (C<sub>t</sub>),0.541
48,Human capital investment,Consumption (C<sub>t</sub>),0.564
49,Human capital investment,Consumption (C<sub>t</sub>),0.587
50,Human capital investment,Consumption (C<sub>t</sub>),0.609
51,Human capital investment,Consumption (C<sub>t</sub>),0.631
52,Human capital investment,Consumption (C<sub>t</sub>),0.652
53,Human capital investment,Consumption (C<sub>t</sub>),0.673
54,Human capital investment,Consumption (C<sub>t</sub>),0.693
55,Human capital investment,Consumption (C<sub>t</sub>),0.713
56,Human capital investment,Consumption (C<sub>t</sub>),0.732
57,Human capital investment,Consumption (C<sub>t</sub>),0.751
58,Human capital investment,Consumption (C<sub>t</sub>),0.769
59,Human capital investment,Consumption (C<sub>t</sub>),0.786
60,Human capital investment,Consumption (C<sub>t</sub>),0.803
61,Human capital investment,Consumption (C<sub>t</sub>),0.82
62,Human capital investment,Consumption (C<sub>t</sub>),0.835
63,Human capital investment,Consumption (C<sub>t</sub>),0.851
64,Human capital investment,Consumption (C<sub>t</sub>),0.865
65,Human capital investment,Consumption (C<sub>t</sub>),0.88
66,Human capital investment,Consumption (C<sub>t</sub>),0.893
67,Human capital investment,Consumption (C<sub>t</sub>),0.906
68,Human capital investment,Consumption (C<sub>t</sub>),0.919
69,Human capital investment,Consumption (C<sub>t</sub>),0.931
70,Human capital investment,Consumption (C<sub>t</sub>),0.942
71,Human capital investment,Consumption (C<sub>t</sub>),0.953
72,Human capital investment,Consumption (C<sub>t</sub>),0.964
73,Human capital investment,Consumption (C<sub>t</sub>),0.973
74,Human capital investment,Consumption (C<sub>t</sub>),0.983
75,Human capital investment,Consumption (C<sub>t</sub>),0.992
76,Human capital investment,Consumption (C<sub>t</sub>),1.0
77,Human capital investment,Consumption (C<sub>t</sub>),1.008
78,Human capital investment,Consumption (C<sub>t</sub>),1.015
79,Human capital investment,Consumption (C<sub>t</sub>),1.022
80,Human capital investment,Consumption (C<sub>t</sub>),1.029
81,Human capital investment,Consumption (C<sub>t</sub>),1.035
82,Human capital investment,Consumption (C<sub>t</sub>),1.04
83,Human capital investment,Consumption (C<sub>t</sub>),1.045
84,Human capital investment,Consumption (C<sub>t</sub>),1.05
85,Human capital investment,Consumption (C<sub>t</sub>),1.054
86,Human capital investment,Consumption (C<sub>t</sub>),1.058
87,Human capital investment,Consumption (C<sub>t</sub>),1.062
88,Human capital investment,Consumption (C<sub>t</sub>),1.065
89,Human capital investment,Consumption (C<sub>t</sub>),1.067
90,Human capital investment,Consumption (C<sub>t</sub>),1.07
91,Human capital investment,Consumption (C<sub>t</sub>),1.072
92,Human capital investment,Consumption (C<sub>t</sub>),1.073
93,Human capital investment,Consumption (C<sub>t</sub>),1.075
94,Human capital investment,Consumption (C<sub>t</sub>),1.075
95,Human capital investment,Consumption (C<sub>t</sub>),1.076
96,Human capital investment,Consumption (C<sub>t</sub>),1.076
97,Human capital investment,Consumption (C<sub>t</sub>),1.076
98,Human capital investment,Consumption (C<sub>t</sub>),1.076
99,Human capital investment,Consumption (C<sub>t</sub>),1.075
100,Human capital investment,Consumption (C<sub>t</sub>),1.074
1,R&D spending,Consumption (C<sub>t</sub>),-0.259
2,R&D spending,Consumption (C<sub>t</sub>),-0.262
3,R&D spending,Consumption (C<sub>t</sub>),-0.265
4,R&D spending,Consumption (C<sub>t</sub>),-0.266
5,R&D spending,Consumption (C<sub>t</sub>),-0.263
6,R&D spending,Consumption (C<sub>t</sub>),-0.256
7,R&D spending,Consumption (C<sub>t</sub>),-0.245
8,R&D spending,Consumption (C<sub>t</sub>),-0.229
9,R&D spending,Consumption (C<sub>t</sub>),-0.208
10,R&D spending,Consumption (C<sub>t</sub>),-0.183
11,R&D spending,Consumption (C<sub>t</sub>),-0.154
12,R&D spending,Consumption (C<sub>t</sub>),-0.121
13,R&D spending,Consumption (C<sub>t</sub>),-0.085
14,R&D spending,Consumption (C<sub>t</sub>),-0.047
15,R&D spending,Consumption (C<sub>t</sub>),-0.007
16,R&D spending,Consumption (C<sub>t</sub>),0.035
17,R&D spending,Consumption (C<sub>t</sub>),0.078
18,R&D spending,Consumption (C<sub>t</sub>),0.122
19,R&D spending,Consumption (C<sub>t</sub>),0.166
20,R&D spending,Consumption (C<sub>t</sub>),0.21
21,R&D spending,Consumption (C<sub>t</sub>),0.253
22,R&D spending,Consumption (C<sub>t</sub>),0.295
23,R&D spending,Consumption (C<sub>t</sub>),0.337
24,R&D spending,Consumption (C<sub>t</sub>),0.377
25,R&D spending,Consumption (C<sub>t</sub>),0.416
26,R&D spending,Consumption (C<sub>t</sub>),0.454
27,R&D spending,Consumption (C<sub>t</sub>),0.49
28,R&D spending,Consumption (C<sub>t</sub>),0.524
29,R&D spending,Consumption (C<sub>t</sub>),0.556
30,R&D spending,Consumption (C<sub>t</sub>),0.587
31,R&D spending,Consumption (C<sub>t</sub>),0.615
32,R&D spending,Consumption (C<sub>t</sub>),0.642
33,R&D spending,Consumption (C<sub>t</sub>),0.667
34,R&D spending,Consumption (C<sub>t</sub>),0.69
35,R&D spending,Consumption (C<sub>t</sub>),0.712
36,R&D spending,Consumption (C<sub>t</sub>),0.731
37,R&D spending,Consumption (C<sub>t</sub>),0.749
38,R&D spending,Consumption (C<sub>t</sub>),0.766
39,R&D spending,Consumption (C<sub>t</sub>),0.78
40,R&D spending,Consumption (C<sub>t</sub>),0.793
41,R&D spending,Consumption (C<sub>t</sub>),0.805
42,R&D spending,Consumption (C<sub>t</sub>),0.815
43,R&D spending,Consumption (C<sub>t</sub>),0.824
44,R&D spending,Consumption (C<sub>t</sub>),0.831
45,R&D spending,Consumption (C<sub>t</sub>),0.837
46,R&D spending,Consumption (C<sub>t</sub>),0.843
47,R&D spending,Consumption (C<sub>t</sub>),0.847
48,R&D spending,Consumption (C<sub>t</sub>),0.849
49,R&D spending,Consumption (C<sub>t</sub>),0.851
50,R&D spending,Consumption (C<sub>t</sub>),0.853
51,R&D spending,Consumption (C<sub>t</sub>),0.853
52,R&D spending,Consumption (C<sub>t</sub>),0.852
53,R&D spending,Consumption (C<sub>t</sub>),0.851
54,R&D spending,Consumption (C<sub>t</sub>),0.849
55,R&D spending,Consumption (C<sub>t</sub>),0.846
56,R&D spending,Consumption (C<sub>t</sub>),0.843
57,R&D spending,Consumption (C<sub>t</sub>),0.839
58,R&D spending,Consumption (C<sub>t</sub>),0.835
59,R&D spending,Consumption (C<sub>t</sub>),0.83
60,R&D spending,Consumption (C<sub>t</sub>),0.825
61,R&D spending,Consumption (C<sub>t</sub>),0.819
62,R&D spending,Consumption (C<sub>t</sub>),0.813
63,R&D spending,Consumption (C<sub>t</sub>),0.807
64,R&D spending,Consumption (C<sub>t</sub>),0.8
65,R&D spending,Consumption (C<sub>t</sub>),0.794
66,R&D spending,Consumption (C<sub>t</sub>),0.787
67,R&D spending,Consumption (C<sub>t</sub>),0.779
68,R&D spending,Consumption (C<sub>t</sub>),0.772
69,R&D spending,Consumption (C<sub>t</sub>),0.764
70,R&D spending,Consumption (C<sub>t</sub>),0.756
71,R&D spending,Consumption (C<sub>t</sub>),0.749
72,R&D spending,Consumption (C<sub>t</sub>),0.741
73,R&D spending,Consumption (C<sub>t</sub>),0.733
74,R&D spending,Consumption (C<sub>t</sub>),0.724
75,R&D spending,Consumption (C<sub>t</sub>),0.716
76,R&D spending,Consumption (C<sub>t</sub>),0.708
77,R&D spending,Consumption (C<sub>t</sub>),0.7
78,R&D spending,Consumption (C<sub>t</sub>),0.691
79,R&D spending,Consumption (C<sub>t</sub>),0.683
80,R&D spending,Consumption (C<sub>t</sub>),0.675
81,R&D spending,Consumption (C<sub>t</sub>),0.667
82,R&D spending,Consumption (C<sub>t</sub>),0.658
83,R&D spending,Consumption (C<sub>t</sub>),0.65
84,R&D spending,Consumption (C<sub>t</sub>),0.642
85,R&D spending,Consumption (C<sub>t</sub>),0.634
86,R&D spending,Consumption (C<sub>t</sub>),0.626
87,R&D spending,Consumption (C<sub>t</sub>),0.617
88,R&D spending,Consumption (C<sub>t</sub>),0.609
89,R&D spending,Consumption (C<sub>t</sub>),0.601
90,R&D spending,Consumption (C<sub>t</sub>),0.594
91,R&D spending,Consumption (C<sub>t</sub>),0.586
92,R&D spending,Consumption (C<sub>t</sub>),0.578
93,R&D spending,Consumption (C<sub>t</sub>),0.57
94,R&D spending,Consumption (C<sub>t</sub>),0.563
95,R&D spending,Consumption (C<sub>t</sub>),0.555
96,R&D spending,Consumption (C<sub>t</sub>),0.548
97,R&D spending,Consumption (C<sub>t</sub>),0.54
98,R&D spending,Consumption (C<sub>t</sub>),0.533
99,R&D spending,Consumption (C<sub>t</sub>),0.526
100,R&D spending,Consumption (C<sub>t</sub>),0.518
1,Government consumption,Private investment (I<sub>t</sub>),-1.334
2,Government consumption,Private investment (I<sub>t</sub>),-2.173
3,Government consumption,Private investment (I<sub>t</sub>),-1.879
4,Government consumption,Private investment (I<sub>t</sub>),-1.651
5,Government consumption,Private investment (I<sub>t</sub>),-1.457
6,Government consumption,Private investment (I<sub>t</sub>),-1.289
7,Government consumption,Private investment (I<sub>t</sub>),-1.141
8,Government consumption,Private investment (I<sub>t</sub>),-1.011
9,Government consumption,Private investment (I<sub>t</sub>),-0.896
10,Government consumption,Private investment (I<sub>t</sub>),-0.794
11,Government consumption,Private investment (I<sub>t</sub>),-0.705
12,Government consumption,Private investment (I<sub>t</sub>),-0.627
13,Government consumption,Private investment (I<sub>t</sub>),-0.558
14,Government consumption,Private investment (I<sub>t</sub>),-0.498
15,Government consumption,Private investment (I<sub>t</sub>),-0.445
16,Government consumption,Private investment (I<sub>t</sub>),-0.398
17,Government consumption,Private investment (I<sub>t</sub>),-0.358
18,Government consumption,Private investment (I<sub>t</sub>),-0.323
19,Government consumption,Private investment (I<sub>t</sub>),-0.292
20,Government consumption,Private investment (I<sub>t</sub>),-0.265
21,Government consumption,Private investment (I<sub>t</sub>),-0.242
22,Government consumption,Private investment (I<sub>t</sub>),-0.222
23,Government consumption,Private investment (I<sub>t</sub>),-0.205
24,Government consumption,Private investment (I<sub>t</sub>),-0.19
25,Government consumption,Private investment (I<sub>t</sub>),-0.177
26,Government consumption,Private investment (I<sub>t</sub>),-0.166
27,Government consumption,Private investment (I<sub>t</sub>),-0.156
28,Government consumption,Private investment (I<sub>t</sub>),-0.148
29,Government consumption,Private investment (I<sub>t</sub>),-0.141
30,Government consumption,Private investment (I<sub>t</sub>),-0.135
31,Government consumption,Private investment (I<sub>t</sub>),-0.13
32,Government consumption,Private investment (I<sub>t</sub>),-0.126
33,Government consumption,Private investment (I<sub>t</sub>),-0.123
34,Government consumption,Private investment (I<sub>t</sub>),-0.12
35,Government consumption,Private investment (I<sub>t</sub>),-0.117
36,Government consumption,Private investment (I<sub>t</sub>),-0.115
37,Government consumption,Private investment (I<sub>t</sub>),-0.113
38,Government consumption,Private investment (I<sub>t</sub>),-0.112
39,Government consumption,Private investment (I<sub>t</sub>),-0.111
40,Government consumption,Private investment (I<sub>t</sub>),-0.11
41,Government consumption,Private investment (I<sub>t</sub>),-0.109
42,Government consumption,Private investment (I<sub>t</sub>),-0.108
43,Government consumption,Private investment (I<sub>t</sub>),-0.108
44,Government consumption,Private investment (I<sub>t</sub>),-0.107
45,Government consumption,Private investment (I<sub>t</sub>),-0.107
46,Government consumption,Private investment (I<sub>t</sub>),-0.106
47,Government consumption,Private investment (I<sub>t</sub>),-0.106
48,Government consumption,Private investment (I<sub>t</sub>),-0.106
49,Government consumption,Private investment (I<sub>t</sub>),-0.105
50,Government consumption,Private investment (I<sub>t</sub>),-0.105
51,Government consumption,Private investment (I<sub>t</sub>),-0.105
52,Government consumption,Private investment (I<sub>t</sub>),-0.104
53,Government consumption,Private investment (I<sub>t</sub>),-0.104
54,Government consumption,Private investment (I<sub>t</sub>),-0.104
55,Government consumption,Private investment (I<sub>t</sub>),-0.103
56,Government consumption,Private investment (I<sub>t</sub>),-0.103
57,Government consumption,Private investment (I<sub>t</sub>),-0.102
58,Government consumption,Private investment (I<sub>t</sub>),-0.102
59,Government consumption,Private investment (I<sub>t</sub>),-0.101
60,Government consumption,Private investment (I<sub>t</sub>),-0.101
61,Government consumption,Private investment (I<sub>t</sub>),-0.1
62,Government consumption,Private investment (I<sub>t</sub>),-0.099
63,Government consumption,Private investment (I<sub>t</sub>),-0.099
64,Government consumption,Private investment (I<sub>t</sub>),-0.098
65,Government consumption,Private investment (I<sub>t</sub>),-0.097
66,Government consumption,Private investment (I<sub>t</sub>),-0.097
67,Government consumption,Private investment (I<sub>t</sub>),-0.096
68,Government consumption,Private investment (I<sub>t</sub>),-0.095
69,Government consumption,Private investment (I<sub>t</sub>),-0.094
70,Government consumption,Private investment (I<sub>t</sub>),-0.094
71,Government consumption,Private investment (I<sub>t</sub>),-0.093
72,Government consumption,Private investment (I<sub>t</sub>),-0.092
73,Government consumption,Private investment (I<sub>t</sub>),-0.091
74,Government consumption,Private investment (I<sub>t</sub>),-0.09
75,Government consumption,Private investment (I<sub>t</sub>),-0.089
76,Government consumption,Private investment (I<sub>t</sub>),-0.088
77,Government consumption,Private investment (I<sub>t</sub>),-0.088
78,Government consumption,Private investment (I<sub>t</sub>),-0.087
79,Government consumption,Private investment (I<sub>t</sub>),-0.086
80,Government consumption,Private investment (I<sub>t</sub>),-0.085
81,Government consumption,Private investment (I<sub>t</sub>),-0.084
82,Government consumption,Private investment (I<sub>t</sub>),-0.083
83,Government consumption,Private investment (I<sub>t</sub>),-0.082
84,Government consumption,Private investment (I<sub>t</sub>),-0.081
85,Government consumption,Private investment (I<sub>t</sub>),-0.08
86,Government consumption,Private investment (I<sub>t</sub>),-0.079
87,Government consumption,Private investment (I<sub>t</sub>),-0.079
88,Government consumption,Private investment (I<sub>t</sub>),-0.078
89,Government consumption,Private investment (I<sub>t</sub>),-0.077
90,Government consumption,Private investment (I<sub>t</sub>),-0.076
91,Government consumption,Private investment (I<sub>t</sub>),-0.075
92,Government consumption,Private investment (I<sub>t</sub>),-0.074
93,Government consumption,Private investment (I<sub>t</sub>),-0.073
94,Government consumption,Private investment (I<sub>t</sub>),-0.072
95,Government consumption,Private investment (I<sub>t</sub>),-0.071
96,Government consumption,Private investment (I<sub>t</sub>),-0.071
97,Government consumption,Private investment (I<sub>t</sub>),-0.07
98,Government consumption,Private investment (I<sub>t</sub>),-0.069
99,Government consumption,Private investment (I<sub>t</sub>),-0.068
100,Government consumption,Private investment (I<sub>t</sub>),-0.067
1,Infrastructure investment,Private investment (I<sub>t</sub>),-2.01
2,Infrastructure investment,Private investment (I<sub>t</sub>),-3.191
3,Infrastructure investment,Private investment (I<sub>t</sub>),-2.563
4,Infrastructure investment,Private investment (I<sub>t</sub>),-2.055
5,Infrastructure investment,Private investment (I<sub>t</sub>),-1.624
6,Infrastructure investment,Private investment (I<sub>t</sub>),-1.256
7,Infrastructure investment,Private investment (I<sub>t</sub>),-0.938
8,Infrastructure investment,Private investment (I<sub>t</sub>),-0.664
9,Infrastructure investment,Private investment (I<sub>t</sub>),-0.429
10,Infrastructure investment,Private investment (I<sub>t</sub>),-0.228
11,Infrastructure investment,Private investment (I<sub>t</sub>),-0.056
12,Infrastructure investment,Private investment (I<sub>t</sub>),0.091
13,Infrastructure investment,Private investment (I<sub>t</sub>),0.215
14,Infrastructure investment,Private investment (I<sub>t</sub>),0.319
15,Infrastructure investment,Private investment (I<sub>t</sub>),0.406
16,Infrastructure investment,Private investment (I<sub>t</sub>),0.479
17,Infrastructure investment,Private investment (I<sub>t</sub>),0.538
18,Infrastructure investment,Private investment (I<sub>t</sub>),0.586
19,Infrastructure investment,Private investment (I<sub>t</sub>),0.624
20,Infrastructure investment,Private investment (I<sub>t</sub>),0.653
21,Infrastructure investment,Private investment (I<sub>t</sub>),0.676
22,Infrastructure investment,Private investment (I<sub>t</sub>),0.692
23,Infrastructure investment,Private investment (I<sub>t</sub>),0.702
24,Infrastructure investment,Private investment (I<sub>t</sub>),0.708
25,Infrastructure investment,Private investment (I<sub>t</sub>),0.71
26,Infrastructure investment,Private investment (I<sub>t</sub>),0.709
27,Infrastructure investment,Private investment (I<sub>t</sub>),0.705
28,Infrastructure investment,Private investment (I<sub>t</sub>),0.698
29,Infrastructure investment,Private investment (I<sub>t</sub>),0.69
30,Infrastructure investment,Private investment (I<sub>t</sub>),0.68
31,Infrastructure investment,Private investment (I<sub>t</sub>),0.668
32,Infrastructure investment,Private investment (I<sub>t</sub>),0.656
33,Infrastructure investment,Private investment (I<sub>t</sub>),0.643
34,Infrastructure investment,Private investment (I<sub>t</sub>),0.629
35,Infrastructure investment,Private investment (I<sub>t</sub>),0.615
36,Infrastructure investment,Private investment (I<sub>t</sub>),0.6
37,Infrastructure investment,Private investment (I<sub>t</sub>),0.585
38,Infrastructure investment,Private investment (I<sub>t</sub>),0.571
39,Infrastructure investment,Private investment (I<sub>t</sub>),0.556
40,Infrastructure investment,Private investment (I<sub>t</sub>),0.541
41,Infrastructure investment,Private investment (I<sub>t</sub>),0.527
42,Infrastructure investment,Private investment (I<sub>t</sub>),0.513
43,Infrastructure investment,Private investment (I<sub>t</sub>),0.499
44,Infrastructure investment,Private investment (I<sub>t</sub>),0.485
45,Infrastructure investment,Private investment (I<sub>t</sub>),0.472
46,Infrastructure investment,Private investment (I<sub>t</sub>),0.459
47,Infrastructure investment,Private investment (I<sub>t</sub>),0.446
48,Infrastructure investment,Private investment (I<sub>t</sub>),0.434
49,Infrastructure investment,Private investment (I<sub>t</sub>),0.422
50,Infrastructure investment,Private investment (I<sub>t</sub>),0.411
51,Infrastructure investment,Private investment (I<sub>t</sub>),0.4
52,Infrastructure investment,Private investment (I<sub>t</sub>),0.389
53,Infrastructure investment,Private investment (I<sub>t</sub>),0.378
54,Infrastructure investment,Private investment (I<sub>t</sub>),0.368
55,Infrastructure investment,Private investment (I<sub>t</sub>),0.359
56,Infrastructure investment,Private investment (I<sub>t</sub>),0.349
57,Infrastructure investment,Private investment (I<sub>t</sub>),0.34
58,Infrastructure investment,Private investment (I<sub>t</sub>),0.332
59,Infrastructure investment,Private investment (I<sub>t</sub>),0.323
60,Infrastructure investment,Private investment (I<sub>t</sub>),0.315
61,Infrastructure investment,Private investment (I<sub>t</sub>),0.308
62,Infrastructure investment,Private investment (I<sub>t</sub>),0.3
63,Infrastructure investment,Private investment (I<sub>t</sub>),0.293
64,Infrastructure investment,Private investment (I<sub>t</sub>),0.286
65,Infrastructure investment,Private investment (I<sub>t</sub>),0.28
66,Infrastructure investment,Private investment (I<sub>t</sub>),0.273
67,Infrastructure investment,Private investment (I<sub>t</sub>),0.267
68,Infrastructure investment,Private investment (I<sub>t</sub>),0.261
69,Infrastructure investment,Private investment (I<sub>t</sub>),0.255
70,Infrastructure investment,Private investment (I<sub>t</sub>),0.25
71,Infrastructure investment,Private investment (I<sub>t</sub>),0.245
72,Infrastructure investment,Private investment (I<sub>t</sub>),0.239
73,Infrastructure investment,Private investment (I<sub>t</sub>),0.234
74,Infrastructure investment,Private investment (I<sub>t</sub>),0.23
75,Infrastructure investment,Private investment (I<sub>t</sub>),0.225
76,Infrastructure investment,Private investment (I<sub>t</sub>),0.221
77,Infrastructure investment,Private investment (I<sub>t</sub>),0.216
78,Infrastructure investment,Private investment (I<sub>t</sub>),0.212
79,Infrastructure investment,Private investment (I<sub>t</sub>),0.208
80,Infrastructure investment,Private investment (I<sub>t</sub>),0.204
81,Infrastructure investment,Private investment (I<sub>t</sub>),0.2
82,Infrastructure investment,Private investment (I<sub>t</sub>),0.197
83,Infrastructure investment,Private investment (I<sub>t</sub>),0.193
84,Infrastructure investment,Private investment (I<sub>t</sub>),0.19
85,Infrastructure investment,Private investment (I<sub>t</sub>),0.186
86,Infrastructure investment,Private investment (I<sub>t</sub>),0.183
87,Infrastructure investment,Private investment (I<sub>t</sub>),0.18
88,Infrastructure investment,Private investment (I<sub>t</sub>),0.177
89,Infrastructure investment,Private investment (I<sub>t</sub>),0.174
90,Infrastructure investment,Private investment (I<sub>t</sub>),0.171
91,Infrastructure investment,Private investment (I<sub>t</sub>),0.168
92,Infrastructure investment,Private investment (I<sub>t</sub>),0.165
93,Infrastructure investment,Private investment (I<sub>t</sub>),0.163
94,Infrastructure investment,Private investment (I<sub>t</sub>),0.16
95,Infrastructure investment,Private investment (I<sub>t</sub>),0.157
96,Infrastructure investment,Private investment (I<sub>t</sub>),0.155
97,Infrastructure investment,Private investment (I<sub>t</sub>),0.152
98,Infrastructure investment,Private investment (I<sub>t</sub>),0.15
99,Infrastructure investment,Private investment (I<sub>t</sub>),0.148
100,Infrastructure investment,Private investment (I<sub>t</sub>),0.146
1,Human capital investment,Private investment (I<sub>t</sub>),-0.544
2,Human capital investment,Private investment (I<sub>t</sub>),-2.178
3,Human capital investment,Private investment (I<sub>t</sub>),-2.243
4,Human capital investment,Private investment (I<sub>t</sub>),-2.31
5,Human capital investment,Private investment (I<sub>t</sub>),-2.346
6,Human capital investment,Private investment (I<sub>t</sub>),-2.351
7,Human capital investment,Private investment (I<sub>t</sub>),-2.326
8,Human capital investment,Private investment (I<sub>t</sub>),-2.279
9,Human capital investment,Private investment (I<sub>t</sub>),-2.213
10,Human capital investment,Private investment (I<sub>t</sub>),-2.132
11,Human capital investment,Private investment (I<sub>t</sub>),-2.04
12,Human capital investment,Private investment (I<sub>t</sub>),-1.939
13,Human capital investment,Private investment (I<sub>t</sub>),-1.832
14,Human capital investment,Private investment (I<sub>t</sub>),-1.721
15,Human capital investment,Private investment (I<sub>t</sub>),-1.607
16,Human capital investment,Private investment (I<sub>t</sub>),-1.492
17,Human capital investment,Private investment (I<sub>t</sub>),-1.377
18,Human capital investment,Private investment (I<sub>t</sub>),-1.261
19,Human capital investment,Private investment (I<sub>t</sub>),-1.147
20,Human capital investment,Private investment (I<sub>t</sub>),-1.035
21,Human capital investment,Private investment (I<sub>t</sub>),-0.925
22,Human capital investment,Private investment (I<sub>t</sub>),-0.817
23,Human capital investment,Private investment (I<sub>t</sub>),-0.713
24,Human capital investment,Private investment (I<sub>t</sub>),-0.611
25,Human capital investment,Private investment (I<sub>t</sub>),-0.513
26,Human capital investment,Private investment (I<sub>t</sub>),-0.418
27,Human capital investment,Private investment (I<sub>t</sub>),-0.326
28,Human capital investment,Private investment (I<sub>t</sub>),-0.238
29,Human capital investment,Private investment (I<sub>t</sub>),-0.153
30,Human capital investment,Private investment (I<sub>t</sub>),-0.072
31,Human capital investment,Private investment (I<sub>t</sub>),0.006
32,Human capital investment,Private investment (I<sub>t</sub>),0.08
33,Human capital investment,Private investment (I<sub>t</sub>),0.151
34,Human capital investment,Private investment (I<sub>t</sub>),0.219
35,Human capital investment,Private investment (I<sub>t</sub>),0.283
36,Human capital investment,Private investment (I<sub>t</sub>),0.344
37,Human capital investment,Private investment (I<sub>t</sub>),0.402
38,Human capital investment,Private investment (I<sub>t</sub>),0.458
39,Human capital investment,Private investment (I<sub>t</sub>),0.51
40,Human capital investment,Private investment (I<sub>t</sub>),0.559
41,Human capital investment,Private investment (I<sub>t</sub>),0.606
42,Human capital investment,Private investment (I<sub>t</sub>),0.65
43,Human capital investment,Private investment (I<sub>t</sub>),0.692
44,Human capital investment,Private investment (I<sub>t</sub>),0.731
45,Human capital investment,Private investment (I<sub>t</sub>),0.768
46,Human capital investment,Private investment (I<sub>t</sub>),0.803
47,Human capital investment,Private investment (I<sub>t</sub>),0.835
48,Human capital investment,Private investment (I<sub>t</sub>),0.865
49,Human capital investment,Private investment (I<sub>t</sub>),0.894
50,Human capital investment,Private investment (I<sub>t</sub>),0.92
51,Human capital investment,Private investment (I<sub>t</sub>),0.945
52,Human capital investment,Private investment (I<sub>t</sub>),0.968
53,Human capital investment,Private investment (I<sub>t</sub>),0.989
54,Human capital investment,Private investment (I<sub>t</sub>),1.009
55,Human capital investment,Private investment (I<sub>t</sub>),1.027
56,Human capital investment,Private investment (I<sub>t</sub>),1.043
57,Human capital investment,Private investment (I<sub>t</sub>),1.058
58,Human capital investment,Private investment (I<sub>t</sub>),1.072
59,Human capital investment,Private investment (I<sub>t</sub>),1.085
60,Human capital investment,Private investment (I<sub>t</sub>),1.096
61,Human capital investment,Private investment (I<sub>t</sub>),1.107
62,Human capital investment,Private investment (I<sub>t</sub>),1.116
63,Human capital investment,Private investment (I<sub>t</sub>),1.124
64,Human capital investment,Private investment (I<sub>t</sub>),1.131
65,Human capital investment,Private investment (I<sub>t</sub>),1.137
66,Human capital investment,Private investment (I<sub>t</sub>),1.143
67,Human capital investment,Private investment (I<sub>t</sub>),1.147
68,Human capital investment,Private investment (I<sub>t</sub>),1.15
69,Human capital investment,Private investment (I<sub>t</sub>),1.153
70,Human capital investment,Private investment (I<sub>t</sub>),1.155
71,Human capital investment,Private investment (I<sub>t</sub>),1.157
72,Human capital investment,Private investment (I<sub>t</sub>),1.157
73,Human capital investment,Private investment (I<sub>t</sub>),1.157
74,Human capital investment,Private investment (I<sub>t</sub>),1.157
75,Human capital investment,Private investment (I<sub>t</sub>),1.156
76,Human capital investment,Private investment (I<sub>t</sub>),1.154
77,Human capital investment,Private investment (I<sub>t</sub>),1.152
78,Human capital investment,Private investment (I<sub>t</sub>),1.149
79,Human capital investment,Private investment (I<sub>t</sub>),1.146
80,Human capital investment,Private investment (I<sub>t</sub>),1.143
81,Human capital investment,Private investment (I<sub>t</sub>),1.139
82,Human capital investment,Private investment (I<sub>t</sub>),1.135
83,Human capital investment,Private investment (I<sub>t</sub>),1.13
84,Human capital investment,Private investment (I<sub>t</sub>),1.125
85,Human capital investment,Private investment (I<sub>t</sub>),1.12
86,Human capital investment,Private investment (I<sub>t</sub>),1.114
87,Human capital investment,Private investment (I<sub>t</sub>),1.108
88,Human capital investment,Private investment (I<sub>t</sub>),1.102
89,Human capital investment,Private investment (I<sub>t</sub>),1.096
90,Human capital investment,Private investment (I<sub>t</sub>),1.089
91,Human capital investment,Private investment (I<sub>t</sub>),1.082
92,Human capital investment,Private investment (I<sub>t</sub>),1.075
93,Human capital investment,Private investment (I<sub>t</sub>),1.068
94,Human capital investment,Private investment (I<sub>t</sub>),1.06
95,Human capital investment,Private investment (I<sub>t</sub>),1.053
96,Human capital investment,Private investment (I<sub>t</sub>),1.045
97,Human capital investment,Private investment (I<sub>t</sub>),1.037
98,Human capital investment,Private investment (I<sub>t</sub>),1.029
99,Human capital investment,Private investment (I<sub>t</sub>),1.021
100,Human capital investment,Private investment (I<sub>t</sub>),1.013
1,R&D spending,Private investment (I<sub>t</sub>),0.001
2,R&D spending,Private investment (I<sub>t</sub>),-1.735
3,R&D spending,Private investment (I<sub>t</sub>),-2.89
4,R&D spending,Private investment (I<sub>t</sub>),-3.602
5,R&D spending,Private investment (I<sub>t</sub>),-3.957
6,R&D spending,Private investment (I<sub>t</sub>),-4.044
7,R&D spending,Private investment (I<sub>t</sub>),-3.936
8,R&D spending,Private investment (I<sub>t</sub>),-3.691
9,R&D spending,Private investment (I<sub>t</sub>),-3.355
10,R&D spending,Private investment (I<sub>t</sub>),-2.961
11,R&D spending,Private investment (I<sub>t</sub>),-2.536
12,R&D spending,Private investment (I<sub>t</sub>),-2.099
13,R&D spending,Private investment (I<sub>t</sub>),-1.665
14,R&D spending,Private investment (I<sub>t</sub>),-1.244
15,R&D spending,Private investment (I<sub>t</sub>),-0.843
16,R&D spending,Private investment (I<sub>t</sub>),-0.468
17,R&D spending,Private investment (I<sub>t</sub>),-0.122
18,R&D spending,Private investment (I<sub>t</sub>),0.194
19,R&D spending,Private investment (I<sub>t</sub>),0.478
20,R&D spending,Private investment (I<sub>t</sub>),0.732
21,R&D spending,Private investment (I<sub>t</sub>),0.956
22,R&D spending,Private investment (I<sub>t</sub>),1.151
23,R&D spending,Private investment (I<sub>t</sub>),1.319
24,R&D spending,Private investment (I<sub>t</sub>),1.461
25,R&D spending,Private investment (I<sub>t</sub>),1.58
26,R&D spending,Private investment (I<sub>t</sub>),1.677
27,R&D spending,Private investment (I<sub>t</sub>),1.754
28,R&D spending,Private investment (I<sub>t</sub>),1.813
29,R&D spending,Private investment (I<sub>t</sub>),1.856
30,R&D spending,Private investment (I<sub>t</sub>),1.886
31,R&D spending,Private investment (I<sub>t</sub>),1.902
32,R&D spending,Private investment (I<sub>t</sub>),1.907
33,R&D spending,Private investment (I<sub>t</sub>),1.903
34,R&D spending,Private investment (I<sub>t</sub>),1.89
35,R&D spending,Private investment (I<sub>t</sub>),1.87
36,R&D spending,Private investment (I<sub>t</sub>),1.844
37,R&D spending,Private investment (I<sub>t</sub>),1.813
38,R&D spending,Private investment (I<sub>t</sub>),1.778
39,R&D spending,Private investment (I<sub>t</sub>),1.74
40,R&D spending,Private investment (I<sub>t</sub>),1.699
41,R&D spending,Private investment (I<sub>t</sub>),1.655
42,R&D spending,Private investment (I<sub>t</sub>),1.611
43,R&D spending,Private investment (I<sub>t</sub>),1.565
44,R&D spending,Private investment (I<sub>t</sub>),1.518
45,R&D spending,Private investment (I<sub>t</sub>),1.472
46,R&D spending,Private investment (I<sub>t</sub>),1.425
47,R&D spending,Private investment (I<sub>t</sub>),1.379
48,R&D spending,Private investment (I<sub>t</sub>),1.334
49,R&D spending,Private investment (I<sub>t</sub>),1.289
50,R&D spending,Private investment (I<sub>t</sub>),1.245
51,R&D spending,Private investment (I<sub>t</sub>),1.202
52,R&D spending,Private investment (I<sub>t</sub>),1.16
53,R&D spending,Private investment (I<sub>t</sub>),1.119
54,R&D spending,Private investment (I<sub>t</sub>),1.08
55,R&D spending,Private investment (I<sub>t</sub>),1.042
56,R&D spending,Private investment (I<sub>t</sub>),1.005
57,R&D spending,Private investment (I<sub>t</sub>),0.97
58,R&D spending,Private investment (I<sub>t</sub>),0.936
59,R&D spending,Private investment (I<sub>t</sub>),0.903
60,R&D spending,Private investment (I<sub>t</sub>),0.872
61,R&D spending,Private investment (I<sub>t</sub>),0.842
62,R&D spending,Private investment (I<sub>t</sub>),0.813
63,R&D spending,Private investment (I<sub>t</sub>),0.786
64,R&D spending,Private investment (I<sub>t</sub>),0.759
65,R&D spending,Private investment (I<sub>t</sub>),0.734
66,R&D spending,Private investment (I<sub>t</sub>),0.71
67,R&D spending,Private investment (I<sub>t</sub>),0.687
68,R&D spending,Private investment (I<sub>t</sub>),0.665
69,R&D spending,Private investment (I<sub>t</sub>),0.644
70,R&D spending,Private investment (I<sub>t</sub>),0.624
71,R&D spending,Private investment (I<sub>t</sub>),0.605
72,R&D spending,Private investment (I<sub>t</sub>),0.587
73,R&D spending,Private investment (I<sub>t</sub>),0.569
74,R&D spending,Private investment (I<sub>t</sub>),0.553
75,R&D spending,Private investment (I<sub>t</sub>),0.537
76,R&D spending,Private investment (I<sub>t</sub>),0.522
77,R&D spending,Private investment (I<sub>t</sub>),0.508
78,R&D spending,Private investment (I<sub>t</sub>),0.494
79,R&D spending,Private investment (I<sub>t</sub>),0.481
80,R&D spending,Private investment (I<sub>t</sub>),0.468
81,R&D spending,Private investment (I<sub>t</sub>),0.456
82,R&D spending,Private investment (I<sub>t</sub>),0.445
83,R&D spending,Private investment (I<sub>t</sub>),0.434
84,R&D spending,Private investment (I<sub>t</sub>),0.424
85,R&D spending,Private investment (I<sub>t</sub>),0.414
86,R&D spending,Private investment (I<sub>t</sub>),0.404
87,R&D spending,Private investment (I<sub>t</sub>),0.395
88,R&D spending,Private investment (I<sub>t</sub>),0.386
89,R&D spending,Private investment (I<sub>t</sub>),0.378
90,R&D spending,Private investment (I<sub>t</sub>),0.37
91,R&D spending,Private investment (I<sub>t</sub>),0.362
92,R&D spending,Private investment (I<sub>t</sub>),0.354
93,R&D spending,Private investment (I<sub>t</sub>),0.347
94,R&D spending,Private investment (I<sub>t</sub>),0.34
95,R&D spending,Private investment (I<sub>t</sub>),0.334
96,R&D spending,Private investment (I<sub>t</sub>),0.327
97,R&D spending,Private investment (I<sub>t</sub>),0.321
98,R&D spending,Private investment (I<sub>t</sub>),0.315
99,R&D spending,Private investment (I<sub>t</sub>),0.309
100,R&D spending,Private investment (I<sub>t</sub>),0.304
1,Government consumption,Government spending (G<sub>t</sub>),4.498
2,Government consumption,Government spending (G<sub>t</sub>),4.048
3,Government consumption,Government spending (G<sub>t</sub>),3.644
4,Government consumption,Government spending (G<sub>t</sub>),3.279
5,Government consumption,Government spending (G<sub>t</sub>),2.951
6,Government consumption,Government spending (G<sub>t</sub>),2.656
7,Government consumption,Government spending (G<sub>t</sub>),2.391
8,Government consumption,Government spending (G<sub>t</sub>),2.152
9,Government consumption,Government spending (G<sub>t</sub>),1.936
10,Government consumption,Government spending (G<sub>t</sub>),1.743
11,Government consumption,Government spending (G<sub>t</sub>),1.568
12,Government consumption,Government spending (G<sub>t</sub>),1.412
13,Government consumption,Government spending (G<sub>t</sub>),1.27
14,Government consumption,Government spending (G<sub>t</sub>),1.143
15,Government consumption,Government spending (G<sub>t</sub>),1.029
16,Government consumption,Government spending (G<sub>t</sub>),0.926
17,Government consumption,Government spending (G<sub>t</sub>),0.834
18,Government consumption,Government spending (G<sub>t</sub>),0.75
19,Government consumption,Government spending (G<sub>t</sub>),0.675
20,Government consumption,Government spending (G<sub>t</sub>),0.608
21,Government consumption,Government spending (G<sub>t</sub>),0.547
22,Government consumption,Government spending (G<sub>t</sub>),0.492
23,Government consumption,Government spending (G<sub>t</sub>),0.443
24,Government consumption,Government spending (G<sub>t</sub>),0.399
25,Government consumption,Government spending (G<sub>t</sub>),0.359
26,Government consumption,Government spending (G<sub>t</sub>),0.323
27,Government consumption,Government spending (G<sub>t</sub>),0.291
28,Government consumption,Government spending (G<sub>t</sub>),0.262
29,Government consumption,Government spending (G<sub>t</sub>),0.235
30,Government consumption,Government spending (G<sub>t</sub>),0.212
31,Government consumption,Government spending (G<sub>t</sub>),0.191
32,Government consumption,Government spending (G<sub>t</sub>),0.172
33,Government consumption,Government spending (G<sub>t</sub>),0.154
34,Government consumption,Government spending (G<sub>t</sub>),0.139
35,Government consumption,Government spending (G<sub>t</sub>),0.125
36,Government consumption,Government spending (G<sub>t</sub>),0.113
37,Government consumption,Government spending (G<sub>t</sub>),0.101
38,Government consumption,Government spending (G<sub>t</sub>),0.091
39,Government consumption,Government spending (G<sub>t</sub>),0.082
40,Government consumption,Government spending (G<sub>t</sub>),0.074
41,Government consumption,Government spending (G<sub>t</sub>),0.066
42,Government consumption,Government spending (G<sub>t</sub>),0.06
43,Government consumption,Government spending (G<sub>t</sub>),0.054
44,Government consumption,Government spending (G<sub>t</sub>),0.048
45,Government consumption,Government spending (G<sub>t</sub>),0.044
46,Government consumption,Government spending (G<sub>t</sub>),0.039
47,Government consumption,Government spending (G<sub>t</sub>),0.035
48,Government consumption,Government spending (G<sub>t</sub>),0.032
49,Government consumption,Government spending (G<sub>t</sub>),0.029
50,Government consumption,Government spending (G<sub>t</sub>),0.026
51,Government consumption,Government spending (G<sub>t</sub>),0.023
52,Government consumption,Government spending (G<sub>t</sub>),0.021
53,Government consumption,Government spending (G<sub>t</sub>),0.019
54,Government consumption,Government spending (G<sub>t</sub>),0.017
55,Government consumption,Government spending (G<sub>t</sub>),0.015
56,Government consumption,Government spending (G<sub>t</sub>),0.014
57,Government consumption,Government spending (G<sub>t</sub>),0.012
58,Government consumption,Government spending (G<sub>t</sub>),0.011
59,Government consumption,Government spending (G<sub>t</sub>),0.01
60,Government consumption,Government spending (G<sub>t</sub>),0.009
61,Government consumption,Government spending (G<sub>t</sub>),0.008
62,Government consumption,Government spending (G<sub>t</sub>),0.007
63,Government consumption,Government spending (G<sub>t</sub>),0.007
64,Government consumption,Government spending (G<sub>t</sub>),0.006
65,Government consumption,Government spending (G<sub>t</sub>),0.005
66,Government consumption,Government spending (G<sub>t</sub>),0.005
67,Government consumption,Government spending (G<sub>t</sub>),0.004
68,Government consumption,Government spending (G<sub>t</sub>),0.004
69,Government consumption,Government spending (G<sub>t</sub>),0.003
70,Government consumption,Government spending (G<sub>t</sub>),0.003
71,Government consumption,Government spending (G<sub>t</sub>),0.003
72,Government consumption,Government spending (G<sub>t</sub>),0.003
73,Government consumption,Government spending (G<sub>t</sub>),0.002
74,Government consumption,Government spending (G<sub>t</sub>),0.002
75,Government consumption,Government spending (G<sub>t</sub>),0.002
76,Government consumption,Government spending (G<sub>t</sub>),0.002
77,Government consumption,Government spending (G<sub>t</sub>),0.001
78,Government consumption,Government spending (G<sub>t</sub>),0.001
79,Government consumption,Government spending (G<sub>t</sub>),0.001
80,Government consumption,Government spending (G<sub>t</sub>),0.001
81,Government consumption,Government spending (G<sub>t</sub>),0.001
82,Government consumption,Government spending (G<sub>t</sub>),0.001
83,Government consumption,Government spending (G<sub>t</sub>),0.001
84,Government consumption,Government spending (G<sub>t</sub>),0.001
85,Government consumption,Government spending (G<sub>t</sub>),0.001
86,Government consumption,Government spending (G<sub>t</sub>),0.001
87,Government consumption,Government spending (G<sub>t</sub>),0.001
88,Government consumption,Government spending (G<sub>t</sub>),0.0
89,Government consumption,Government spending (G<sub>t</sub>),0.0
90,Government consumption,Government spending (G<sub>t</sub>),0.0
91,Government consumption,Government spending (G<sub>t</sub>),0.0
92,Government consumption,Government spending (G<sub>t</sub>),0.0
93,Government consumption,Government spending (G<sub>t</sub>),0.0
94,Government consumption,Government spending (G<sub>t</sub>),0.0
95,Government consumption,Government spending (G<sub>t</sub>),0.0
96,Government consumption,Government spending (G<sub>t</sub>),0.0
97,Government consumption,Government spending (G<sub>t</sub>),0.0
98,Government consumption,Government spending (G<sub>t</sub>),0.0
99,Government consumption,Government spending (G<sub>t</sub>),0.0
100,Government consumption,Government spending (G<sub>t</sub>),0.0
1,Infrastructure investment,Government spending (G<sub>t</sub>),4.498
2,Infrastructure investment,Government spending (G<sub>t</sub>),4.048
3,Infrastructure investment,Government spending (G<sub>t</sub>),3.644
4,Infrastructure investment,Government spending (G<sub>t</sub>),3.279
5,Infrastructure investment,Government spending (G<sub>t</sub>),2.951
6,Infrastructure investment,Government spending (G<sub>t</sub>),2.656
7,Infrastructure investment,Government spending (G<sub>t</sub>),2.391
8,Infrastructure investment,Government spending (G<sub>t</sub>),2.152
9,Infrastructure investment,Government spending (G<sub>t</sub>),1.936
10,Infrastructure investment,Government spending (G<sub>t</sub>),1.743
11,Infrastructure investment,Government spending (G<sub>t</sub>),1.568
12,Infrastructure investment,Government spending (G<sub>t</sub>),1.412
13,Infrastructure investment,Government spending (G<sub>t</sub>),1.27
14,Infrastructure investment,Government spending (G<sub>t</sub>),1.143
15,Infrastructure investment,Government spending (G<sub>t</sub>),1.029
16,Infrastructure investment,Government spending (G<sub>t</sub>),0.926
17,Infrastructure investment,Government spending (G<sub>t</sub>),0.834
18,Infrastructure investment,Government spending (G<sub>t</sub>),0.75
19,Infrastructure investment,Government spending (G<sub>t</sub>),0.675
20,Infrastructure investment,Government spending (G<sub>t</sub>),0.608
21,Infrastructure investment,Government spending (G<sub>t</sub>),0.547
22,Infrastructure investment,Government spending (G<sub>t</sub>),0.492
23,Infrastructure investment,Government spending (G<sub>t</sub>),0.443
24,Infrastructure investment,Government spending (G<sub>t</sub>),0.399
25,Infrastructure investment,Government spending (G<sub>t</sub>),0.359
26,Infrastructure investment,Government spending (G<sub>t</sub>),0.323
27,Infrastructure investment,Government spending (G<sub>t</sub>),0.291
28,Infrastructure investment,Government spending (G<sub>t</sub>),0.262
29,Infrastructure investment,Government spending (G<sub>t</sub>),0.235
30,Infrastructure investment,Government spending (G<sub>t</sub>),0.212
31,Infrastructure investment,Government spending (G<sub>t</sub>),0.191
32,Infrastructure investment,Government spending (G<sub>t</sub>),0.172
33,Infrastructure investment,Government spending (G<sub>t</sub>),0.154
34,Infrastructure investment,Government spending (G<sub>t</sub>),0.139
35,Infrastructure investment,Government spending (G<sub>t</sub>),0.125
36,Infrastructure investment,Government spending (G<sub>t</sub>),0.113
37,Infrastructure investment,Government spending (G<sub>t</sub>),0.101
38,Infrastructure investment,Government spending (G<sub>t</sub>),0.091
39,Infrastructure investment,Government spending (G<sub>t</sub>),0.082
40,Infrastructure investment,Government spending (G<sub>t</sub>),0.074
41,Infrastructure investment,Government spending (G<sub>t</sub>),0.066
42,Infrastructure investment,Government spending (G<sub>t</sub>),0.06
43,Infrastructure investment,Government spending (G<sub>t</sub>),0.054
44,Infrastructure investment,Government spending (G<sub>t</sub>),0.048
45,Infrastructure investment,Government spending (G<sub>t</sub>),0.044
46,Infrastructure investment,Government spending (G<sub>t</sub>),0.039
47,Infrastructure investment,Government spending (G<sub>t</sub>),0.035
48,Infrastructure investment,Government spending (G<sub>t</sub>),0.032
49,Infrastructure investment,Government spending (G<sub>t</sub>),0.029
50,Infrastructure investment,Government spending (G<sub>t</sub>),0.026
51,Infrastructure investment,Government spending (G<sub>t</sub>),0.023
52,Infrastructure investment,Government spending (G<sub>t</sub>),0.021
53,Infrastructure investment,Government spending (G<sub>t</sub>),0.019
54,Infrastructure investment,Government spending (G<sub>t</sub>),0.017
55,Infrastructure investment,Government spending (G<sub>t</sub>),0.015
56,Infrastructure investment,Government spending (G<sub>t</sub>),0.014
57,Infrastructure investment,Government spending (G<sub>t</sub>),0.012
58,Infrastructure investment,Government spending (G<sub>t</sub>),0.011
59,Infrastructure investment,Government spending (G<sub>t</sub>),0.01
60,Infrastructure investment,Government spending (G<sub>t</sub>),0.009
61,Infrastructure investment,Government spending (G<sub>t</sub>),0.008
62,Infrastructure investment,Government spending (G<sub>t</sub>),0.007
63,Infrastructure investment,Government spending (G<sub>t</sub>),0.007
64,Infrastructure investment,Government spending (G<sub>t</sub>),0.006
65,Infrastructure investment,Government spending (G<sub>t</sub>),0.005
66,Infrastructure investment,Government spending (G<sub>t</sub>),0.005
67,Infrastructure investment,Government spending (G<sub>t</sub>),0.004
68,Infrastructure investment,Government spending (G<sub>t</sub>),0.004
69,Infrastructure investment,Government spending (G<sub>t</sub>),0.003
70,Infrastructure investment,Government spending (G<sub>t</sub>),0.003
71,Infrastructure investment,Government spending (G<sub>t</sub>),0.003
72,Infrastructure investment,Government spending (G<sub>t</sub>),0.003
73,Infrastructure investment,Government spending (G<sub>t</sub>),0.002
74,Infrastructure investment,Government spending (G<sub>t</sub>),0.002
75,Infrastructure investment,Government spending (G<sub>t</sub>),0.002
76,Infrastructure investment,Government spending (G<sub>t</sub>),0.002
77,Infrastructure investment,Government spending (G<sub>t</sub>),0.001
78,Infrastructure investment,Government spending (G<sub>t</sub>),0.001
79,Infrastructure investment,Government spending (G<sub>t</sub>),0.001
80,Infrastructure investment,Government spending (G<sub>t</sub>),0.001
81,Infrastructure investment,Government spending (G<sub>t</sub>),0.001
82,Infrastructure investment,Government spending (G<sub>t</sub>),0.001
83,Infrastructure investment,Government spending (G<sub>t</sub>),0.001
84,Infrastructure investment,Government spending (G<sub>t</sub>),0.001
85,Infrastructure investment,Government spending (G<sub>t</sub>),0.001
86,Infrastructure investment,Government spending (G<sub>t</sub>),0.001
87,Infrastructure investment,Government spending (G<sub>t</sub>),0.001
88,Infrastructure investment,Government spending (G<sub>t</sub>),0.0
89,Infrastructure investment,Government spending (G<sub>t</sub>),0.0
90,Infrastructure investment,Government spending (G<sub>t</sub>),0.0
91,Infrastructure investment,Government spending (G<sub>t</sub>),0.0
92,Infrastructure investment,Government spending (G<sub>t</sub>),0.0
93,Infrastructure investment,Government spending (G<sub>t</sub>),0.0
94,Infrastructure investment,Government spending (G<sub>t</sub>),0.0
95,Infrastructure investment,Government spending (G<sub>t</sub>),0.0
96,Infrastructure investment,Government spending (G<sub>t</sub>),0.0
97,Infrastructure investment,Government spending (G<sub>t</sub>),0.0
98,Infrastructure investment,Government spending (G<sub>t</sub>),0.0
99,Infrastructure investment,Government spending (G<sub>t</sub>),0.0
100,Infrastructure investment,Government spending (G<sub>t</sub>),0.0
1,Human capital investment,Government spending (G<sub>t</sub>),4.498
2,Human capital investment,Government spending (G<sub>t</sub>),4.048
3,Human capital investment,Government spending (G<sub>t</sub>),3.644
4,Human capital investment,Government spending (G<sub>t</sub>),3.279
5,Human capital investment,Government spending (G<sub>t</sub>),2.951
6,Human capital investment,Government spending (G<sub>t</sub>),2.656
7,Human capital investment,Government spending (G<sub>t</sub>),2.391
8,Human capital investment,Government spending (G<sub>t</sub>),2.152
9,Human capital investment,Government spending (G<sub>t</sub>),1.936
10,Human capital investment,Government spending (G<sub>t</sub>),1.743
11,Human capital investment,Government spending (G<sub>t</sub>),1.568
12,Human capital investment,Government spending (G<sub>t</sub>),1.412
13,Human capital investment,Government spending (G<sub>t</sub>),1.27
14,Human capital investment,Government spending (G<sub>t</sub>),1.143
15,Human capital investment,Government spending (G<sub>t</sub>),1.029
16,Human capital investment,Government spending (G<sub>t</sub>),0.926
17,Human capital investment,Government spending (G<sub>t</sub>),0.834
18,Human capital investment,Government spending (G<sub>t</sub>),0.75
19,Human capital investment,Government spending (G<sub>t</sub>),0.675
20,Human capital investment,Government spending (G<sub>t</sub>),0.608
21,Human capital investment,Government spending (G<sub>t</sub>),0.547
22,Human capital investment,Government spending (G<sub>t</sub>),0.492
23,Human capital investment,Government spending (G<sub>t</sub>),0.443
24,Human capital investment,Government spending (G<sub>t</sub>),0.399
25,Human capital investment,Government spending (G<sub>t</sub>),0.359
26,Human capital investment,Government spending (G<sub>t</sub>),0.323
27,Human capital investment,Government spending (G<sub>t</sub>),0.291
28,Human capital investment,Government spending (G<sub>t</sub>),0.262
29,Human capital investment,Government spending (G<sub>t</sub>),0.235
30,Human capital investment,Government spending (G<sub>t</sub>),0.212
31,Human capital investment,Government spending (G<sub>t</sub>),0.191
32,Human capital investment,Government spending (G<sub>t</sub>),0.172
33,Human capital investment,Government spending (G<sub>t</sub>),0.154
34,Human capital investment,Government spending (G<sub>t</sub>),0.139
35,Human capital investment,Government spending (G<sub>t</sub>),0.125
36,Human capital investment,Government spending (G<sub>t</sub>),0.113
37,Human capital investment,Government spending (G<sub>t</sub>),0.101
38,Human capital investment,Government spending (G<sub>t</sub>),0.091
39,Human capital investment,Government spending (G<sub>t</sub>),0.082
40,Human capital investment,Government spending (G<sub>t</sub>),0.074
41,Human capital investment,Government spending (G<sub>t</sub>),0.066
42,Human capital investment,Government spending (G<sub>t</sub>),0.06
43,Human capital investment,Government spending (G<sub>t</sub>),0.054
44,Human capital investment,Government spending (G<sub>t</sub>),0.048
45,Human capital investment,Government spending (G<sub>t</sub>),0.044
46,Human capital investment,Government spending (G<sub>t</sub>),0.039
47,Human capital investment,Government spending (G<sub>t</sub>),0.035
48,Human capital investment,Government spending (G<sub>t</sub>),0.032
49,Human capital investment,Government spending (G<sub>t</sub>),0.029
50,Human capital investment,Government spending (G<sub>t</sub>),0.026
51,Human capital investment,Government spending (G<sub>t</sub>),0.023
52,Human capital investment,Government spending (G<sub>t</sub>),0.021
53,Human capital investment,Government spending (G<sub>t</sub>),0.019
54,Human capital investment,Government spending (G<sub>t</sub>),0.017
55,Human capital investment,Government spending (G<sub>t</sub>),0.015
56,Human capital investment,Government spending (G<sub>t</sub>),0.014
57,Human capital investment,Government spending (G<sub>t</sub>),0.012
58,Human capital investment,Government spending (G<sub>t</sub>),0.011
59,Human capital investment,Government spending (G<sub>t</sub>),0.01
60,Human capital investment,Government spending (G<sub>t</sub>),0.009
61,Human capital investment,Government spending (G<sub>t</sub>),0.008
62,Human capital investment,Government spending (G<sub>t</sub>),0.007
63,Human capital investment,Government spending (G<sub>t</sub>),0.007
64,Human capital investment,Government spending (G<sub>t</sub>),0.006
65,Human capital investment,Government spending (G<sub>t</sub>),0.005
66,Human capital investment,Government spending (G<sub>t</sub>),0.005
67,Human capital investment,Government spending (G<sub>t</sub>),0.004
68,Human capital investment,Government spending (G<sub>t</sub>),0.004
69,Human capital investment,Government spending (G<sub>t</sub>),0.003
70,Human capital investment,Government spending (G<sub>t</sub>),0.003
71,Human capital investment,Government spending (G<sub>t</sub>),0.003
72,Human capital investment,Government spending (G<sub>t</sub>),0.003
73,Human capital investment,Government spending (G<sub>t</sub>),0.002
74,Human capital investment,Government spending (G<sub>t</sub>),0.002
75,Human capital investment,Government spending (G<sub>t</sub>),0.002
76,Human capital investment,Government spending (G<sub>t</sub>),0.002
77,Human capital investment,Government spending (G<sub>t</sub>),0.001
78,Human capital investment,Government spending (G<sub>t</sub>),0.001
79,Human capital investment,Government spending (G<sub>t</sub>),0.001
80,Human capital investment,Government spending (G<sub>t</sub>),0.001
81,Human capital investment,Government spending (G<sub>t</sub>),0.001
82,Human capital investment,Government spending (G<sub>t</sub>),0.001
83,Human capital investment,Government spending (G<sub>t</sub>),0.001
84,Human capital investment,Government spending (G<sub>t</sub>),0.001
85,Human capital investment,Government spending (G<sub>t</sub>),0.001
86,Human capital investment,Government spending (G<sub>t</sub>),0.001
87,Human capital investment,Government spending (G<sub>t</sub>),0.001
88,Human capital investment,Government spending (G<sub>t</sub>),0.0
89,Human capital investment,Government spending (G<sub>t</sub>),0.0
90,Human capital investment,Government spending (G<sub>t</sub>),0.0
91,Human capital investment,Government spending (G<sub>t</sub>),0.0
92,Human capital investment,Government spending (G<sub>t</sub>),0.0
93,Human capital investment,Government spending (G<sub>t</sub>),0.0
94,Human capital investment,Government spending (G<sub>t</sub>),0.0
95,Human capital investment,Government spending (G<sub>t</sub>),0.0
96,Human capital investment,Government spending (G<sub>t</sub>),0.0
97,Human capital investment,Government spending (G<sub>t</sub>),0.0
98,Human capital investment,Government spending (G<sub>t</sub>),0.0
99,Human capital investment,Government spending (G<sub>t</sub>),0.0
100,Human capital investment,Government spending (G<sub>t</sub>),0.0
1,R&D spending,Government spending (G<sub>t</sub>),4.498
2,R&D spending,Government spending (G<sub>t</sub>),4.048
3,R&D spending,Government spending (G<sub>t</sub>),3.644
4,R&D spending,Government spending (G<sub>t</sub>),3.279
5,R&D spending,Government spending (G<sub>t</sub>),2.951
6,R&D spending,Government spending (G<sub>t</sub>),2.656
7,R&D spending,Government spending (G<sub>t</sub>),2.391
8,R&D spending,Government spending (G<sub>t</sub>),2.152
9,R&D spending,Government spending (G<sub>t</sub>),1.936
10,R&D spending,Government spending (G<sub>t</sub>),1.743
11,R&D spending,Government spending (G<sub>t</sub>),1.568
12,R&D spending,Government spending (G<sub>t</sub>),1.412
13,R&D spending,Government spending (G<sub>t</sub>),1.27
14,R&D spending,Government spending (G<sub>t</sub>),1.143
15,R&D spending,Government spending (G<sub>t</sub>),1.029
16,R&D spending,Government spending (G<sub>t</sub>),0.926
17,R&D spending,Government spending (G<sub>t</sub>),0.834
18,R&D spending,Government spending (G<sub>t</sub>),0.75
19,R&D spending,Government spending (G<sub>t</sub>),0.675
20,R&D spending,Government spending (G<sub>t</sub>),0.608
21,R&D spending,Government spending (G<sub>t</sub>),0.547
22,R&D spending,Government spending (G<sub>t</sub>),0.492
23,R&D spending,Government spending (G<sub>t</sub>),0.443
24,R&D spending,Government spending (G<sub>t</sub>),0.399
25,R&D spending,Government spending (G<sub>t</sub>),0.359
26,R&D spending,Government spending (G<sub>t</sub>),0.323
27,R&D spending,Government spending (G<sub>t</sub>),0.291
28,R&D spending,Government spending (G<sub>t</sub>),0.262
29,R&D spending,Government spending (G<sub>t</sub>),0.235
30,R&D spending,Government spending (G<sub>t</sub>),0.212
31,R&D spending,Government spending (G<sub>t</sub>),0.191
32,R&D spending,Government spending (G<sub>t</sub>),0.172
33,R&D spending,Government spending (G<sub>t</sub>),0.154
34,R&D spending,Government spending (G<sub>t</sub>),0.139
35,R&D spending,Government spending (G<sub>t</sub>),0.125
36,R&D spending,Government spending (G<sub>t</sub>),0.113
37,R&D spending,Government spending (G<sub>t</sub>),0.101
38,R&D spending,Government spending (G<sub>t</sub>),0.091
39,R&D spending,Government spending (G<sub>t</sub>),0.082
40,R&D spending,Government spending (G<sub>t</sub>),0.074
41,R&D spending,Government spending (G<sub>t</sub>),0.066
42,R&D spending,Government spending (G<sub>t</sub>),0.06
43,R&D spending,Government spending (G<sub>t</sub>),0.054
44,R&D spending,Government spending (G<sub>t</sub>),0.048
45,R&D spending,Government spending (G<sub>t</sub>),0.044
46,R&D spending,Government spending (G<sub>t</sub>),0.039
47,R&D spending,Government spending (G<sub>t</sub>),0.035
48,R&D spending,Government spending (G<sub>t</sub>),0.032
49,R&D spending,Government spending (G<sub>t</sub>),0.029
50,R&D spending,Government spending (G<sub>t</sub>),0.026
51,R&D spending,Government spending (G<sub>t</sub>),0.023
52,R&D spending,Government spending (G<sub>t</sub>),0.021
53,R&D spending,Government spending (G<sub>t</sub>),0.019
54,R&D spending,Government spending (G<sub>t</sub>),0.017
55,R&D spending,Government spending (G<sub>t</sub>),0.015
56,R&D spending,Government spending (G<sub>t</sub>),0.014
57,R&D spending,Government spending (G<sub>t</sub>),0.012
58,R&D spending,Government spending (G<sub>t</sub>),0.011
59,R&D spending,Government spending (G<sub>t</sub>),0.01
60,R&D spending,Government spending (G<sub>t</sub>),0.009
61,R&D spending,Government spending (G<sub>t</sub>),0.008
62,R&D spending,Government spending (G<sub>t</sub>),0.007
63,R&D spending,Government spending (G<sub>t</sub>),0.007
64,R&D spending,Government spending (G<sub>t</sub>),0.006
65,R&D spending,Government spending (G<sub>t</sub>),0.005
66,R&D spending,Government spending (G<sub>t</sub>),0.005
67,R&D spending,Government spending (G<sub>t</sub>),0.004
68,R&D spending,Government spending (G<sub>t</sub>),0.004
69,R&D spending,Government spending (G<sub>t</sub>),0.003
70,R&D spending,Government spending (G<sub>t</sub>),0.003
71,R&D spending,Government spending (G<sub>t</sub>),0.003
72,R&D spending,Government spending (G<sub>t</sub>),0.003
73,R&D spending,Government spending (G<sub>t</sub>),0.002
74,R&D spending,Government spending (G<sub>t</sub>),0.002
75,R&D spending,Government spending (G<sub>t</sub>),0.002
76,R&D spending,Government spending (G<sub>t</sub>),0.002
77,R&D spending,Government spending (G<sub>t</sub>),0.001
78,R&D spending,Government spending (G<sub>t</sub>),0.001
79,R&D spending,Government spending (G<sub>t</sub>),0.001
80,R&D spending,Government spending (G<sub>t</sub>),0.001
81,R&D spending,Government spending (G<sub>t</sub>),0.001
82,R&D spending,Government spending (G<sub>t</sub>),0.001
83,R&D spending,Government spending (G<sub>t</sub>),0.001
84,R&D spending,Government spending (G<sub>t</sub>),0.001
85,R&D spending,Government spending (G<sub>t</sub>),0.001
86,R&D spending,Government spending (G<sub>t</sub>),0.001
87,R&D spending,Government spending (G<sub>t</sub>),0.001
88,R&D spending,Government spending (G<sub>t</sub>),0.0
89,R&D spending,Government spending (G<sub>t</sub>),0.0
90,R&D spending,Government spending (G<sub>t</sub>),0.0
91,R&D spending,Government spending (G<sub>t</sub>),0.0
92,R&D spending,Government spending (G<sub>t</sub>),0.0
93,R&D spending,Government spending (G<sub>t</sub>),0.0
94,R&D spending,Government spending (G<sub>t</sub>),0.0
95,R&D spending,Government spending (G<sub>t</sub>),0.0
96,R&D spending,Government spending (G<sub>t</sub>),0.0
97,R&D spending,Government spending (G<sub>t</sub>),0.0
98,R&D spending,Government spending (G<sub>t</sub>),0.0
99,R&D spending,Government spending (G<sub>t</sub>),0.0
100,R&D spending,Government spending (G<sub>t</sub>),0.0
1,Government consumption,Adopted technology (A<sub>t</sub>),-0.005
2,Government consumption,Adopted technology (A<sub>t</sub>),-0.01
3,Government consumption,Adopted technology (A<sub>t</sub>),-0.015
4,Government consumption,Adopted technology (A<sub>t</sub>),-0.022
5,Government consumption,Adopted technology (A<sub>t</sub>),-0.028
6,Government consumption,Adopted technology (A<sub>t</sub>),-0.035
7,Government consumption,Adopted technology (A<sub>t</sub>),-0.041
8,Government consumption,Adopted technology (A<sub>t</sub>),-0.048
9,Government consumption,Adopted technology (A<sub>t</sub>),-0.055
10,Government consumption,Adopted technology (A<sub>t</sub>),-0.062
11,Government consumption,Adopted technology (A<sub>t</sub>),-0.068
12,Government consumption,Adopted technology (A<sub>t</sub>),-0.075
13,Government consumption,Adopted technology (A<sub>t</sub>),-0.081
14,Government consumption,Adopted technology (A<sub>t</sub>),-0.087
15,Government consumption,Adopted technology (A<sub>t</sub>),-0.093
16,Government consumption,Adopted technology (A<sub>t</sub>),-0.099
17,Government consumption,Adopted technology (A<sub>t</sub>),-0.104
18,Government consumption,Adopted technology (A<sub>t</sub>),-0.11
19,Government consumption,Adopted technology (A<sub>t</sub>),-0.114
20,Government consumption,Adopted technology (A<sub>t</sub>),-0.119
21,Government consumption,Adopted technology (A<sub>t</sub>),-0.124
22,Government consumption,Adopted technology (A<sub>t</sub>),-0.128
23,Government consumption,Adopted technology (A<sub>t</sub>),-0.132
24,Government consumption,Adopted technology (A<sub>t</sub>),-0.135
25,Government consumption,Adopted technology (A<sub>t</sub>),-0.139
26,Government consumption,Adopted technology (A<sub>t</sub>),-0.142
27,Government consumption,Adopted technology (A<sub>t</sub>),-0.145
28,Government consumption,Adopted technology (A<sub>t</sub>),-0.148
29,Government consumption,Adopted technology (A<sub>t</sub>),-0.15
30,Government consumption,Adopted technology (A<sub>t</sub>),-0.152
31,Government consumption,Adopted technology (A<sub>t</sub>),-0.154
32,Government consumption,Adopted technology (A<sub>t</sub>),-0.156
33,Government consumption,Adopted technology (A<sub>t</sub>),-0.158
34,Government consumption,Adopted technology (A<sub>t</sub>),-0.159
35,Government consumption,Adopted technology (A<sub>t</sub>),-0.161
36,Government consumption,Adopted technology (A<sub>t</sub>),-0.162
37,Government consumption,Adopted technology (A<sub>t</sub>),-0.163
38,Government consumption,Adopted technology (A<sub>t</sub>),-0.164
39,Government consumption,Adopted technology (A<sub>t</sub>),-0.164
40,Government consumption,Adopted technology (A<sub>t</sub>),-0.165
41,Government consumption,Adopted technology (A<sub>t</sub>),-0.165
42,Government consumption,Adopted technology (A<sub>t</sub>),-0.166
43,Government consumption,Adopted technology (A<sub>t</sub>),-0.166
44,Government consumption,Adopted technology (A<sub>t</sub>),-0.166
45,Government consumption,Adopted technology (A<sub>t</sub>),-0.166
46,Government consumption,Adopted technology (A<sub>t</sub>),-0.166
47,Government consumption,Adopted technology (A<sub>t</sub>),-0.166
48,Government consumption,Adopted technology (A<sub>t</sub>),-0.165
49,Government consumption,Adopted technology (A<sub>t</sub>),-0.165
50,Government consumption,Adopted technology (A<sub>t</sub>),-0.165
51,Government consumption,Adopted technology (A<sub>t</sub>),-0.164
52,Government consumption,Adopted technology (A<sub>t</sub>),-0.163
53,Government consumption,Adopted technology (A<sub>t</sub>),-0.163
54,Government consumption,Adopted technology (A<sub>t</sub>),-0.162
55,Government consumption,Adopted technology (A<sub>t</sub>),-0.161
56,Government consumption,Adopted technology (A<sub>t</sub>),-0.161
57,Government consumption,Adopted technology (A<sub>t</sub>),-0.16
58,Government consumption,Adopted technology (A<sub>t</sub>),-0.159
59,Government consumption,Adopted technology (A<sub>t</sub>),-0.158
60,Government consumption,Adopted technology (A<sub>t</sub>),-0.157
61,Government consumption,Adopted technology (A<sub>t</sub>),-0.156
62,Government consumption,Adopted technology (A<sub>t</sub>),-0.155
63,Government consumption,Adopted technology (A<sub>t</sub>),-0.154
64,Government consumption,Adopted technology (A<sub>t</sub>),-0.153
65,Government consumption,Adopted technology (A<sub>t</sub>),-0.151
66,Government consumption,Adopted technology (A<sub>t</sub>),-0.15
67,Government consumption,Adopted technology (A<sub>t</sub>),-0.149
68,Government consumption,Adopted technology (A<sub>t</sub>),-0.148
69,Government consumption,Adopted technology (A<sub>t</sub>),-0.147
70,Government consumption,Adopted technology (A<sub>t</sub>),-0.145
71,Government consumption,Adopted technology (A<sub>t</sub>),-0.144
72,Government consumption,Adopted technology (A<sub>t</sub>),-0.143
73,Government consumption,Adopted technology (A<sub>t</sub>),-0.142
74,Government consumption,Adopted technology (A<sub>t</sub>),-0.14
75,Government consumption,Adopted technology (A<sub>t</sub>),-0.139
76,Government consumption,Adopted technology (A<sub>t</sub>),-0.138
77,Government consumption,Adopted technology (A<sub>t</sub>),-0.137
78,Government consumption,Adopted technology (A<sub>t</sub>),-0.135
79,Government consumption,Adopted technology (A<sub>t</sub>),-0.134
80,Government consumption,Adopted technology (A<sub>t</sub>),-0.133
81,Government consumption,Adopted technology (A<sub>t</sub>),-0.131
82,Government consumption,Adopted technology (A<sub>t</sub>),-0.13
83,Government consumption,Adopted technology (A<sub>t</sub>),-0.129
84,Government consumption,Adopted technology (A<sub>t</sub>),-0.127
85,Government consumption,Adopted technology (A<sub>t</sub>),-0.126
86,Government consumption,Adopted technology (A<sub>t</sub>),-0.125
87,Government consumption,Adopted technology (A<sub>t</sub>),-0.124
88,Government consumption,Adopted technology (A<sub>t</sub>),-0.122
89,Government consumption,Adopted technology (A<sub>t</sub>),-0.121
90,Government consumption,Adopted technology (A<sub>t</sub>),-0.12
91,Government consumption,Adopted technology (A<sub>t</sub>),-0.118
92,Government consumption,Adopted technology (A<sub>t</sub>),-0.117
93,Government consumption,Adopted technology (A<sub>t</sub>),-0.116
94,Government consumption,Adopted technology (A<sub>t</sub>),-0.115
95,Government consumption,Adopted technology (A<sub>t</sub>),-0.113
96,Government consumption,Adopted technology (A<sub>t</sub>),-0.112
97,Government consumption,Adopted technology (A<sub>t</sub>),-0.111
98,Government consumption,Adopted technology (A<sub>t</sub>),-0.11
99,Government consumption,Adopted technology (A<sub>t</sub>),-0.108
100,Government consumption,Adopted technology (A<sub>t</sub>),-0.107
1,Infrastructure investment,Adopted technology (A<sub>t</sub>),-0.004
2,Infrastructure investment,Adopted technology (A<sub>t</sub>),-0.008
3,Infrastructure investment,Adopted technology (A<sub>t</sub>),-0.013
4,Infrastructure investment,Adopted technology (A<sub>t</sub>),-0.017
5,Infrastructure investment,Adopted technology (A<sub>t</sub>),-0.021
6,Infrastructure investment,Adopted technology (A<sub>t</sub>),-0.026
7,Infrastructure investment,Adopted technology (A<sub>t</sub>),-0.029
8,Infrastructure investment,Adopted technology (A<sub>t</sub>),-0.033
9,Infrastructure investment,Adopted technology (A<sub>t</sub>),-0.036
10,Infrastructure investment,Adopted technology (A<sub>t</sub>),-0.038
11,Infrastructure investment,Adopted technology (A<sub>t</sub>),-0.04
12,Infrastructure investment,Adopted technology (A<sub>t</sub>),-0.042
13,Infrastructure investment,Adopted technology (A<sub>t</sub>),-0.043
14,Infrastructure investment,Adopted technology (A<sub>t</sub>),-0.043
15,Infrastructure investment,Adopted technology (A<sub>t</sub>),-0.043
16,Infrastructure investment,Adopted technology (A<sub>t</sub>),-0.043
17,Infrastructure investment,Adopted technology (A<sub>t</sub>),-0.042
18,Infrastructure investment,Adopted technology (A<sub>t</sub>),-0.041
19,Infrastructure investment,Adopted technology (A<sub>t</sub>),-0.039
20,Infrastructure investment,Adopted technology (A<sub>t</sub>),-0.037
21,Infrastructure investment,Adopted technology (A<sub>t</sub>),-0.034
22,Infrastructure investment,Adopted technology (A<sub>t</sub>),-0.032
23,Infrastructure investment,Adopted technology (A<sub>t</sub>),-0.029
24,Infrastructure investment,Adopted technology (A<sub>t</sub>),-0.025
25,Infrastructure investment,Adopted technology (A<sub>t</sub>),-0.022
26,Infrastructure investment,Adopted technology (A<sub>t</sub>),-0.018
27,Infrastructure investment,Adopted technology (A<sub>t</sub>),-0.014
28,Infrastructure investment,Adopted technology (A<sub>t</sub>),-0.01
29,Infrastructure investment,Adopted technology (A<sub>t</sub>),-0.006
30,Infrastructure investment,Adopted technology (A<sub>t</sub>),-0.001
31,Infrastructure investment,Adopted technology (A<sub>t</sub>),0.003
32,Infrastructure investment,Adopted technology (A<sub>t</sub>),0.008
33,Infrastructure investment,Adopted technology (A<sub>t</sub>),0.013
34,Infrastructure investment,Adopted technology (A<sub>t</sub>),0.017
35,Infrastructure investment,Adopted technology (A<sub>t</sub>),0.022
36,Infrastructure investment,Adopted technology (A<sub>t</sub>),0.027
37,Infrastructure investment,Adopted technology (A<sub>t</sub>),0.031
38,Infrastructure investment,Adopted technology (A<sub>t</sub>),0.036
39,Infrastructure investment,Adopted technology (A<sub>t</sub>),0.041
40,Infrastructure investment,Adopted technology (A<sub>t</sub>),0.045
41,Infrastructure investment,Adopted technology (A<sub>t</sub>),0.05
42,Infrastructure investment,Adopted technology (A<sub>t</sub>),0.054
43,Infrastructure investment,Adopted technology (A<sub>t</sub>),0.059
44,Infrastructure investment,Adopted technology (A<sub>t</sub>),0.063
45,Infrastructure investment,Adopted technology (A<sub>t</sub>),0.067
46,Infrastructure investment,Adopted technology (A<sub>t</sub>),0.071
47,Infrastructure investment,Adopted technology (A<sub>t</sub>),0.075
48,Infrastructure investment,Adopted technology (A<sub>t</sub>),0.079
49,Infrastructure investment,Adopted technology (A<sub>t</sub>),0.083
50,Infrastructure investment,Adopted technology (A<sub>t</sub>),0.087
51,Infrastructure investment,Adopted technology (A<sub>t</sub>),0.091
52,Infrastructure investment,Adopted technology (A<sub>t</sub>),0.094
53,Infrastructure investment,Adopted technology (A<sub>t</sub>),0.098
54,Infrastructure investment,Adopted technology (A<sub>t</sub>),0.101
55,Infrastructure investment,Adopted technology (A<sub>t</sub>),0.104
56,Infrastructure investment,Adopted technology (A<sub>t</sub>),0.107
57,Infrastructure investment,Adopted technology (A<sub>t</sub>),0.11
58,Infrastructure investment,Adopted technology (A<sub>t</sub>),0.113
59,Infrastructure investment,Adopted technology (A<sub>t</sub>),0.116
60,Infrastructure investment,Adopted technology (A<sub>t</sub>),0.119
61,Infrastructure investment,Adopted technology (A<sub>t</sub>),0.121
62,Infrastructure investment,Adopted technology (A<sub>t</sub>),0.124
63,Infrastructure investment,Adopted technology (A<sub>t</sub>),0.126
64,Infrastructure investment,Adopted technology (A<sub>t</sub>),0.128
65,Infrastructure investment,Adopted technology (A<sub>t</sub>),0.13
66,Infrastructure investment,Adopted technology (A<sub>t</sub>),0.132
67,Infrastructure investment,Adopted technology (A<sub>t</sub>),0.134
68,Infrastructure investment,Adopted technology (A<sub>t</sub>),0.136
69,Infrastructure investment,Adopted technology (A<sub>t</sub>),0.137
70,Infrastructure investment,Adopted technology (A<sub>t</sub>),0.139
71,Infrastructure investment,Adopted technology (A<sub>t</sub>),0.14
72,Infrastructure investment,Adopted technology (A<sub>t</sub>),0.142
73,Infrastructure investment,Adopted technology (A<sub>t</sub>),0.143
74,Infrastructure investment,Adopted technology (A<sub>t</sub>),0.144
75,Infrastructure investment,Adopted technology (A<sub>t</sub>),0.145
76,Infrastructure investment,Adopted technology (A<sub>t</sub>),0.146
77,Infrastructure investment,Adopted technology (A<sub>t</sub>),0.147
78,Infrastructure investment,Adopted technology (A<sub>t</sub>),0.148
79,Infrastructure investment,Adopted technology (A<sub>t</sub>),0.149
80,Infrastructure investment,Adopted technology (A<sub>t</sub>),0.149
81,Infrastructure investment,Adopted technology (A<sub>t</sub>),0.15
82,Infrastructure investment,Adopted technology (A<sub>t</sub>),0.15
83,Infrastructure investment,Adopted technology (A<sub>t</sub>),0.151
84,Infrastructure investment,Adopted technology (A<sub>t</sub>),0.151
85,Infrastructure investment,Adopted technology (A<sub>t</sub>),0.152
86,Infrastructure investment,Adopted technology (A<sub>t</sub>),0.152
87,Infrastructure investment,Adopted technology (A<sub>t</sub>),0.152
88,Infrastructure investment,Adopted technology (A<sub>t</sub>),0.152
89,Infrastructure investment,Adopted technology (A<sub>t</sub>),0.152
90,Infrastructure investment,Adopted technology (A<sub>t</sub>),0.152
91,Infrastructure investment,Adopted technology (A<sub>t</sub>),0.152
92,Infrastructure investment,Adopted technology (A<sub>t</sub>),0.152
93,Infrastructure investment,Adopted technology (A<sub>t</sub>),0.152
94,Infrastructure investment,Adopted technology (A<sub>t</sub>),0.152
95,Infrastructure investment,Adopted technology (A<sub>t</sub>),0.151
96,Infrastructure investment,Adopted technology (A<sub>t</sub>),0.151
97,Infrastructure investment,Adopted technology (A<sub>t</sub>),0.151
98,Infrastructure investment,Adopted technology (A<sub>t</sub>),0.15
99,Infrastructure investment,Adopted technology (A<sub>t</sub>),0.15
100,Infrastructure investment,Adopted technology (A<sub>t</sub>),0.149
1,Human capital investment,Adopted technology (A<sub>t</sub>),-0.008
2,Human capital investment,Adopted technology (A<sub>t</sub>),-0.018
3,Human capital investment,Adopted technology (A<sub>t</sub>),-0.029
4,Human capital investment,Adopted technology (A<sub>t</sub>),-0.041
5,Human capital investment,Adopted technology (A<sub>t</sub>),-0.054
6,Human capital investment,Adopted technology (A<sub>t</sub>),-0.068
7,Human capital investment,Adopted technology (A<sub>t</sub>),-0.082
8,Human capital investment,Adopted technology (A<sub>t</sub>),-0.097
9,Human capital investment,Adopted technology (A<sub>t</sub>),-0.112
10,Human capital investment,Adopted technology (A<sub>t</sub>),-0.126
11,Human capital investment,Adopted technology (A<sub>t</sub>),-0.141
12,Human capital investment,Adopted technology (A<sub>t</sub>),-0.154
13,Human capital investment,Adopted technology (A<sub>t</sub>),-0.167
14,Human capital investment,Adopted technology (A<sub>t</sub>),-0.18
15,Human capital investment,Adopted technology (A<sub>t</sub>),-0.191
16,Human capital investment,Adopted technology (A<sub>t</sub>),-0.201
17,Human capital investment,Adopted technology (A<sub>t</sub>),-0.21
18,Human capital investment,Adopted technology (A<sub>t</sub>),-0.218
19,Human capital investment,Adopted technology (A<sub>t</sub>),-0.224
20,Human capital investment,Adopted technology (A<sub>t</sub>),-0.23
21,Human capital investment,Adopted technology (A<sub>t</sub>),-0.234
22,Human capital investment,Adopted technology (A<sub>t</sub>),-0.237
23,Human capital investment,Adopted technology (A<sub>t</sub>),-0.238
24,Human capital investment,Adopted technology (A<sub>t</sub>),-0.239
25,Human capital investment,Adopted technology (A<sub>t</sub>),-0.238
26,Human capital investment,Adopted technology (A<sub>t</sub>),-0.235
27,Human capital investment,Adopted technology (A<sub>t</sub>),-0.232
28,Human capital investment,Adopted technology (A<sub>t</sub>),-0.227
29,Human capital investment,Adopted technology (A<sub>t</sub>),-0.222
30,Human capital investment,Adopted technology (A<sub>t</sub>),-0.215
31,Human capital investment,Adopted technology (A<sub>t</sub>),-0.207
32,Human capital investment,Adopted technology (A<sub>t</sub>),-0.198
33,Human capital investment,Adopted technology (A<sub>t</sub>),-0.188
34,Human capital investment,Adopted technology (A<sub>t</sub>),-0.178
35,Human capital investment,Adopted technology (A<sub>t</sub>),-0.166
36,Human capital investment,Adopted technology (A<sub>t</sub>),-0.154
37,Human capital investment,Adopted technology (A<sub>t</sub>),-0.141
38,Human capital investment,Adopted technology (A<sub>t</sub>),-0.127
39,Human capital investment,Adopted technology (A<sub>t</sub>),-0.113
40,Human capital investment,Adopted technology (A<sub>t</sub>),-0.098
41,Human capital investment,Adopted technology (A<sub>t</sub>),-0.082
42,Human capital investment,Adopted technology (A<sub>t</sub>),-0.066
43,Human capital investment,Adopted technology (A<sub>t</sub>),-0.05
44,Human capital investment,Adopted technology (A<sub>t</sub>),-0.033
45,Human capital investment,Adopted technology (A<sub>t</sub>),-0.016
46,Human capital investment,Adopted technology (A<sub>t</sub>),0.001
47,Human capital investment,Adopted technology (A<sub>t</sub>),0.019
48,Human capital investment,Adopted technology (A<sub>t</sub>),0.037
49,Human capital investment,Adopted technology (A<sub>t</sub>),0.055
50,Human capital investment,Adopted technology (A<sub>t</sub>),0.074
51,Human capital investment,Adopted technology (A<sub>t</sub>),0.092
52,Human capital investment,Adopted technology (A<sub>t</sub>),0.11
53,Human capital investment,Adopted technology (A<sub>t</sub>),0.129
54,Human capital investment,Adopted technology (A<sub>t</sub>),0.148
55,Human capital investment,Adopted technology (A<sub>t</sub>),0.166
56,Human capital investment,Adopted technology (A<sub>t</sub>),0.184
57,Human capital investment,Adopted technology (A<sub>t</sub>),0.203
58,Human capital investment,Adopted technology (A<sub>t</sub>),0.221
59,Human capital investment,Adopted technology (A<sub>t</sub>),0.239
60,Human capital investment,Adopted technology (A<sub>t</sub>),0.257
61,Human capital investment,Adopted technology (A<sub>t</sub>),0.275
62,Human capital investment,Adopted technology (A<sub>t</sub>),0.293
63,Human capital investment,Adopted technology (A<sub>t</sub>),0.31
64,Human capital investment,Adopted technology (A<sub>t</sub>),0.327
65,Human capital investment,Adopted technology (A<sub>t</sub>),0.344
66,Human capital investment,Adopted technology (A<sub>t</sub>),0.361
67,Human capital investment,Adopted technology (A<sub>t</sub>),0.377
68,Human capital investment,Adopted technology (A<sub>t</sub>),0.393
69,Human capital investment,Adopted technology (A<sub>t</sub>),0.409
70,Human capital investment,Adopted technology (A<sub>t</sub>),0.425
71,Human capital investment,Adopted technology (A<sub>t</sub>),0.44
72,Human capital investment,Adopted technology (A<sub>t</sub>),0.455
73,Human capital investment,Adopted technology (A<sub>t</sub>),0.469
74,Human capital investment,Adopted technology (A<sub>t</sub>),0.484
75,Human capital investment,Adopted technology (A<sub>t</sub>),0.497
76,Human capital investment,Adopted technology (A<sub>t</sub>),0.511
77,Human capital investment,Adopted technology (A<sub>t</sub>),0.524
78,Human capital investment,Adopted technology (A<sub>t</sub>),0.537
79,Human capital investment,Adopted technology (A<sub>t</sub>),0.549
80,Human capital investment,Adopted technology (A<sub>t</sub>),0.561
81,Human capital investment,Adopted technology (A<sub>t</sub>),0.573
82,Human capital investment,Adopted technology (A<sub>t</sub>),0.584
83,Human capital investment,Adopted technology (A<sub>t</sub>),0.595
84,Human capital investment,Adopted technology (A<sub>t</sub>),0.606
85,Human capital investment,Adopted technology (A<sub>t</sub>),0.616
86,Human capital investment,Adopted technology (A<sub>t</sub>),0.626
87,Human capital investment,Adopted technology (A<sub>t</sub>),0.635
88,Human capital investment,Adopted technology (A<sub>t</sub>),0.644
89,Human capital investment,Adopted technology (A<sub>t</sub>),0.653
90,Human capital investment,Adopted technology (A<sub>t</sub>),0.662
91,Human capital investment,Adopted technology (A<sub>t</sub>),0.67
92,Human capital investment,Adopted technology (A<sub>t</sub>),0.677
93,Human capital investment,Adopted technology (A<sub>t</sub>),0.685
94,Human capital investment,Adopted technology (A<sub>t</sub>),0.692
95,Human capital investment,Adopted technology (A<sub>t</sub>),0.698
96,Human capital investment,Adopted technology (A<sub>t</sub>),0.704
97,Human capital investment,Adopted technology (A<sub>t</sub>),0.71
98,Human capital investment,Adopted technology (A<sub>t</sub>),0.716
99,Human capital investment,Adopted technology (A<sub>t</sub>),0.721
100,Human capital investment,Adopted technology (A<sub>t</sub>),0.726
1,R&D spending,Adopted technology (A<sub>t</sub>),-0.107
2,R&D spending,Adopted technology (A<sub>t</sub>),-0.226
3,R&D spending,Adopted technology (A<sub>t</sub>),-0.238
4,R&D spending,Adopted technology (A<sub>t</sub>),-0.174
5,R&D spending,Adopted technology (A<sub>t</sub>),-0.056
6,R&D spending,Adopted technology (A<sub>t</sub>),0.097
7,R&D spending,Adopted technology (A<sub>t</sub>),0.271
8,R&D spending,Adopted technology (A<sub>t</sub>),0.456
9,R&D spending,Adopted technology (A<sub>t</sub>),0.644
10,R&D spending,Adopted technology (A<sub>t</sub>),0.83
11,R&D spending,Adopted technology (A<sub>t</sub>),1.008
12,R&D spending,Adopted technology (A<sub>t</sub>),1.176
13,R&D spending,Adopted technology (A<sub>t</sub>),1.332
14,R&D spending,Adopted technology (A<sub>t</sub>),1.475
15,R&D spending,Adopted technology (A<sub>t</sub>),1.603
16,R&D spending,Adopted technology (A<sub>t</sub>),1.717
17,R&D spending,Adopted technology (A<sub>t</sub>),1.818
18,R&D spending,Adopted technology (A<sub>t</sub>),1.904
19,R&D spending,Adopted technology (A<sub>t</sub>),1.978
20,R&D spending,Adopted technology (A<sub>t</sub>),2.039
21,R&D spending,Adopted technology (A<sub>t</sub>),2.089
22,R&D spending,Adopted technology (A<sub>t</sub>),2.127
23,R&D spending,Adopted technology (A<sub>t</sub>),2.156
24,R&D spending,Adopted technology (A<sub>t</sub>),2.176
25,R&D spending,Adopted technology (A<sub>t</sub>),2.188
26,R&D spending,Adopted technology (A<sub>t</sub>),2.192
27,R&D spending,Adopted technology (A<sub>t</sub>),2.19
28,R&D spending,Adopted technology (A<sub>t</sub>),2.183
29,R&D spending,Adopted technology (A<sub>t</sub>),2.17
30,R&D spending,Adopted technology (A<sub>t</sub>),2.152
31,R&D spending,Adopted technology (A<sub>t</sub>),2.131
32,R&D spending,Adopted technology (A<sub>t</sub>),2.106
33,R&D spending,Adopted technology (A<sub>t</sub>),2.079
34,R&D spending,Adopted technology (A<sub>t</sub>),2.05
35,R&D spending,Adopted technology (A<sub>t</sub>),2.018
36,R&D spending,Adopted technology (A<sub>t</sub>),1.985
37,R&D spending,Adopted technology (A<sub>t</sub>),1.95
38,R&D spending,Adopted technology (A<sub>t</sub>),1.915
39,R&D spending,Adopted technology (A<sub>t</sub>),1.879
40,R&D spending,Adopted technology (A<sub>t</sub>),1.842
41,R&D spending,Adopted technology (A<sub>t</sub>),1.806
42,R&D spending,Adopted technology (A<sub>t</sub>),1.769
43,R&D spending,Adopted technology (A<sub>t</sub>),1.732
44,R&D spending,Adopted technology (A<sub>t</sub>),1.695
45,R&D spending,Adopted technology (A<sub>t</sub>),1.659
46,R&D spending,Adopted technology (A<sub>t</sub>),1.623
47,R&D spending,Adopted technology (A<sub>t</sub>),1.588
48,R&D spending,Adopted technology (A<sub>t</sub>),1.553
49,R&D spending,Adopted technology (A<sub>t</sub>),1.518
50,R&D spending,Adopted technology (A<sub>t</sub>),1.485
51,R&D spending,Adopted technology (A<sub>t</sub>),1.452
52,R&D spending,Adopted technology (A<sub>t</sub>),1.42
53,R&D spending,Adopted technology (A<sub>t</sub>),1.388
54,R&D spending,Adopted technology (A<sub>t</sub>),1.357
55,R&D spending,Adopted technology (A<sub>t</sub>),1.327
56,R&D spending,Adopted technology (A<sub>t</sub>),1.298
57,R&D spending,Adopted technology (A<sub>t</sub>),1.269
58,R&D spending,Adopted technology (A<sub>t</sub>),1.242
59,R&D spending,Adopted technology (A<sub>t</sub>),1.215
60,R&D spending,Adopted technology (A<sub>t</sub>),1.188
61,R&D spending,Adopted technology (A<sub>t</sub>),1.163
62,R&D spending,Adopted technology (A<sub>t</sub>),1.138
63,R&D spending,Adopted technology (A<sub>t</sub>),1.113
64,R&D spending,Adopted technology (A<sub>t</sub>),1.09
65,R&D spending,Adopted technology (A<sub>t</sub>),1.067
66,R&D spending,Adopted technology (A<sub>t</sub>),1.045
67,R&D spending,Adopted technology (A<sub>t</sub>),1.023
68,R&D spending,Adopted technology (A<sub>t</sub>),1.002
69,R&D spending,Adopted technology (A<sub>t</sub>),0.982
70,R&D spending,Adopted technology (A<sub>t</sub>),0.962
71,R&D spending,Adopted technology (A<sub>t</sub>),0.942
72,R&D spending,Adopted technology (A<sub>t</sub>),0.924
73,R&D spending,Adopted technology (A<sub>t</sub>),0.905
74,R&D spending,Adopted technology (A<sub>t</sub>),0.888
75,R&D spending,Adopted technology (A<sub>t</sub>),0.87
76,R&D spending,Adopted technology (A<sub>t</sub>),0.854
77,R&D spending,Adopted technology (A<sub>t</sub>),0.837
78,R&D spending,Adopted technology (A<sub>t</sub>),0.821
79,R&D spending,Adopted technology (A<sub>t</sub>),0.806
80,R&D spending,Adopted technology (A<sub>t</sub>),0.791
81,R&D spending,Adopted technology (A<sub>t</sub>),0.776
82,R&D spending,Adopted technology (A<sub>t</sub>),0.762
83,R&D spending,Adopted technology (A<sub>t</sub>),0.748
84,R&D spending,Adopted technology (A<sub>t</sub>),0.734
85,R&D spending,Adopted technology (A<sub>t</sub>),0.721
86,R&D spending,Adopted technology (A<sub>t</sub>),0.708
87,R&D spending,Adopted technology (A<sub>t</sub>),0.695
88,R&D spending,Adopted technology (A<sub>t</sub>),0.683
89,R&D spending,Adopted technology (A<sub>t</sub>),0.671
90,R&D spending,Adopted technology (A<sub>t</sub>),0.659
91,R&D spending,Adopted technology (A<sub>t</sub>),0.648
92,R&D spending,Adopted technology (A<sub>t</sub>),0.637
93,R&D spending,Adopted technology (A<sub>t</sub>),0.626
94,R&D spending,Adopted technology (A<sub>t</sub>),0.615
95,R&D spending,Adopted technology (A<sub>t</sub>),0.605
96,R&D spending,Adopted technology (A<sub>t</sub>),0.595
97,R&D spending,Adopted technology (A<sub>t</sub>),0.585
98,R&D spending,Adopted technology (A<sub>t</sub>),0.575
99,R&D spending,Adopted technology (A<sub>t</sub>),0.565
100,R&D spending,Adopted technology (A<sub>t</sub>),0.556
1,Government consumption,Public infrastructure (K<sup>GI</sup><sub>t</sub>),0.0
2,Government consumption,Public infrastructure (K<sup>GI</sup><sub>t</sub>),0.0
3,Government consumption,Public infrastructure (K<sup>GI</sup><sub>t</sub>),0.0
4,Government consumption,Public infrastructure (K<sup>GI</sup><sub>t</sub>),0.0
5,Government consumption,Public infrastructure (K<sup>GI</sup><sub>t</sub>),0.0
6,Government consumption,Public infrastructure (K<sup>GI</sup><sub>t</sub>),0.0
7,Government consumption,Public infrastructure (K<sup>GI</sup><sub>t</sub>),0.0
8,Government consumption,Public infrastructure (K<sup>GI</sup><sub>t</sub>),0.0
9,Government consumption,Public infrastructure (K<sup>GI</sup><sub>t</sub>),0.0
10,Government consumption,Public infrastructure (K<sup>GI</sup><sub>t</sub>),0.0
11,Government consumption,Public infrastructure (K<sup>GI</sup><sub>t</sub>),0.0
12,Government consumption,Public infrastructure (K<sup>GI</sup><sub>t</sub>),0.0
13,Government consumption,Public infrastructure (K<sup>GI</sup><sub>t</sub>),0.0
14,Government consumption,Public infrastructure (K<sup>GI</sup><sub>t</sub>),0.0
15,Government consumption,Public infrastructure (K<sup>GI</sup><sub>t</sub>),0.0
16,Government consumption,Public infrastructure (K<sup>GI</sup><sub>t</sub>),0.0
17,Government consumption,Public infrastructure (K<sup>GI</sup><sub>t</sub>),0.0
18,Government consumption,Public infrastructure (K<sup>GI</sup><sub>t</sub>),0.0
19,Government consumption,Public infrastructure (K<sup>GI</sup><sub>t</sub>),0.0
20,Government consumption,Public infrastructure (K<sup>GI</sup><sub>t</sub>),0.0
21,Government consumption,Public infrastructure (K<sup>GI</sup><sub>t</sub>),0.0
22,Government consumption,Public infrastructure (K<sup>GI</sup><sub>t</sub>),0.0
23,Government consumption,Public infrastructure (K<sup>GI</sup><sub>t</sub>),0.0
24,Government consumption,Public infrastructure (K<sup>GI</sup><sub>t</sub>),0.0
25,Government consumption,Public infrastructure (K<sup>GI</sup><sub>t</sub>),0.0
26,Government consumption,Public infrastructure (K<sup>GI</sup><sub>t</sub>),0.0
27,Government consumption,Public infrastructure (K<sup>GI</sup><sub>t</sub>),0.0
28,Government consumption,Public infrastructure (K<sup>GI</sup><sub>t</sub>),0.0
29,Government consumption,Public infrastructure (K<sup>GI</sup><sub>t</sub>),0.0
30,Government consumption,Public infrastructure (K<sup>GI</sup><sub>t</sub>),0.0
31,Government consumption,Public infrastructure (K<sup>GI</sup><sub>t</sub>),0.0
32,Government consumption,Public infrastructure (K<sup>GI</sup><sub>t</sub>),0.0
33,Government consumption,Public infrastructure (K<sup>GI</sup><sub>t</sub>),0.0
34,Government consumption,Public infrastructure (K<sup>GI</sup><sub>t</sub>),0.0
35,Government consumption,Public infrastructure (K<sup>GI</sup><sub>t</sub>),0.0
36,Government consumption,Public infrastructure (K<sup>GI</sup><sub>t</sub>),0.0
37,Government consumption,Public infrastructure (K<sup>GI</sup><sub>t</sub>),0.0
38,Government consumption,Public infrastructure (K<sup>GI</sup><sub>t</sub>),0.0
39,Government consumption,Public infrastructure (K<sup>GI</sup><sub>t</sub>),0.0
40,Government consumption,Public infrastructure (K<sup>GI</sup><sub>t</sub>),0.0
41,Government consumption,Public infrastructure (K<sup>GI</sup><sub>t</sub>),0.0
42,Government consumption,Public infrastructure (K<sup>GI</sup><sub>t</sub>),0.0
43,Government consumption,Public infrastructure (K<sup>GI</sup><sub>t</sub>),0.0
44,Government consumption,Public infrastructure (K<sup>GI</sup><sub>t</sub>),0.0
45,Government consumption,Public infrastructure (K<sup>GI</sup><sub>t</sub>),0.0
46,Government consumption,Public infrastructure (K<sup>GI</sup><sub>t</sub>),0.0
47,Government consumption,Public infrastructure (K<sup>GI</sup><sub>t</sub>),0.0
48,Government consumption,Public infrastructure (K<sup>GI</sup><sub>t</sub>),0.0
49,Government consumption,Public infrastructure (K<sup>GI</sup><sub>t</sub>),0.0
50,Government consumption,Public infrastructure (K<sup>GI</sup><sub>t</sub>),0.0
51,Government consumption,Public infrastructure (K<sup>GI</sup><sub>t</sub>),0.0
52,Government consumption,Public infrastructure (K<sup>GI</sup><sub>t</sub>),0.0
53,Government consumption,Public infrastructure (K<sup>GI</sup><sub>t</sub>),0.0
54,Government consumption,Public infrastructure (K<sup>GI</sup><sub>t</sub>),0.0
55,Government consumption,Public infrastructure (K<sup>GI</sup><sub>t</sub>),0.0
56,Government consumption,Public infrastructure (K<sup>GI</sup><sub>t</sub>),0.0
57,Government consumption,Public infrastructure (K<sup>GI</sup><sub>t</sub>),0.0
58,Government consumption,Public infrastructure (K<sup>GI</sup><sub>t</sub>),0.0
59,Government consumption,Public infrastructure (K<sup>GI</sup><sub>t</sub>),0.0
60,Government consumption,Public infrastructure (K<sup>GI</sup><sub>t</sub>),0.0
61,Government consumption,Public infrastructure (K<sup>GI</sup><sub>t</sub>),0.0
62,Government consumption,Public infrastructure (K<sup>GI</sup><sub>t</sub>),0.0
63,Government consumption,Public infrastructure (K<sup>GI</sup><sub>t</sub>),0.0
64,Government consumption,Public infrastructure (K<sup>GI</sup><sub>t</sub>),0.0
65,Government consumption,Public infrastructure (K<sup>GI</sup><sub>t</sub>),0.0
66,Government consumption,Public infrastructure (K<sup>GI</sup><sub>t</sub>),0.0
67,Government consumption,Public infrastructure (K<sup>GI</sup><sub>t</sub>),0.0
68,Government consumption,Public infrastructure (K<sup>GI</sup><sub>t</sub>),0.0
69,Government consumption,Public infrastructure (K<sup>GI</sup><sub>t</sub>),0.0
70,Government consumption,Public infrastructure (K<sup>GI</sup><sub>t</sub>),0.0
71,Government consumption,Public infrastructure (K<sup>GI</sup><sub>t</sub>),0.0
72,Government consumption,Public infrastructure (K<sup>GI</sup><sub>t</sub>),0.0
73,Government consumption,Public infrastructure (K<sup>GI</sup><sub>t</sub>),0.0
74,Government consumption,Public infrastructure (K<sup>GI</sup><sub>t</sub>),0.0
75,Government consumption,Public infrastructure (K<sup>GI</sup><sub>t</sub>),0.0
76,Government consumption,Public infrastructure (K<sup>GI</sup><sub>t</sub>),0.0
77,Government consumption,Public infrastructure (K<sup>GI</sup><sub>t</sub>),0.0
78,Government consumption,Public infrastructure (K<sup>GI</sup><sub>t</sub>),0.0
79,Government consumption,Public infrastructure (K<sup>GI</sup><sub>t</sub>),0.0
80,Government consumption,Public infrastructure (K<sup>GI</sup><sub>t</sub>),0.0
81,Government consumption,Public infrastructure (K<sup>GI</sup><sub>t</sub>),0.0
82,Government consumption,Public infrastructure (K<sup>GI</sup><sub>t</sub>),0.0
83,Government consumption,Public infrastructure (K<sup>GI</sup><sub>t</sub>),0.0
84,Government consumption,Public infrastructure (K<sup>GI</sup><sub>t</sub>),0.0
85,Government consumption,Public infrastructure (K<sup>GI</sup><sub>t</sub>),0.0
86,Government consumption,Public infrastructure (K<sup>GI</sup><sub>t</sub>),0.0
87,Government consumption,Public infrastructure (K<sup>GI</sup><sub>t</sub>),0.0
88,Government consumption,Public infrastructure (K<sup>GI</sup><sub>t</sub>),0.0
89,Government consumption,Public infrastructure (K<sup>GI</sup><sub>t</sub>),0.0
90,Government consumption,Public infrastructure (K<sup>GI</sup><sub>t</sub>),0.0
91,Government consumption,Public infrastructure (K<sup>GI</sup><sub>t</sub>),0.0
92,Government consumption,Public infrastructure (K<sup>GI</sup><sub>t</sub>),0.0
93,Government consumption,Public infrastructure (K<sup>GI</sup><sub>t</sub>),0.0
94,Government consumption,Public infrastructure (K<sup>GI</sup><sub>t</sub>),0.0
95,Government consumption,Public infrastructure (K<sup>GI</sup><sub>t</sub>),0.0
96,Government consumption,Public infrastructure (K<sup>GI</sup><sub>t</sub>),0.0
97,Government consumption,Public infrastructure (K<sup>GI</sup><sub>t</sub>),0.0
98,Government consumption,Public infrastructure (K<sup>GI</sup><sub>t</sub>),0.0
99,Government consumption,Public infrastructure (K<sup>GI</sup><sub>t</sub>),0.0
100,Government consumption,Public infrastructure (K<sup>GI</sup><sub>t</sub>),0.0
1,Infrastructure investment,Public infrastructure (K<sup>GI</sup><sub>t</sub>),1.142
2,Infrastructure investment,Public infrastructure (K<sup>GI</sup><sub>t</sub>),2.137
3,Infrastructure investment,Public infrastructure (K<sup>GI</sup><sub>t</sub>),2.999
4,Infrastructure investment,Public infrastructure (K<sup>GI</sup><sub>t</sub>),3.743
5,Infrastructure investment,Public infrastructure (K<sup>GI</sup><sub>t</sub>),4.382
6,Infrastructure investment,Public infrastructure (K<sup>GI</sup><sub>t</sub>),4.927
7,Infrastructure investment,Public infrastructure (K<sup>GI</sup><sub>t</sub>),5.389
8,Infrastructure investment,Public infrastructure (K<sup>GI</sup><sub>t</sub>),5.776
9,Infrastructure investment,Public infrastructure (K<sup>GI</sup><sub>t</sub>),6.097
10,Infrastructure investment,Public infrastructure (K<sup>GI</sup><sub>t</sub>),6.36
11,Infrastructure investment,Public infrastructure (K<sup>GI</sup><sub>t</sub>),6.57
12,Infrastructure investment,Public infrastructure (K<sup>GI</sup><sub>t</sub>),6.735
13,Infrastructure investment,Public infrastructure (K<sup>GI</sup><sub>t</sub>),6.859
14,Infrastructure investment,Public infrastructure (K<sup>GI</sup><sub>t</sub>),6.947
15,Infrastructure investment,Public infrastructure (K<sup>GI</sup><sub>t</sub>),7.003
16,Infrastructure investment,Public infrastructure (K<sup>GI</sup><sub>t</sub>),7.031
17,Infrastructure investment,Public infrastructure (K<sup>GI</sup><sub>t</sub>),7.035
18,Infrastructure investment,Public infrastructure (K<sup>GI</sup><sub>t</sub>),7.018
19,Infrastructure investment,Public infrastructure (K<sup>GI</sup><sub>t</sub>),6.983
20,Infrastructure investment,Public infrastructure (K<sup>GI</sup><sub>t</sub>),6.931
21,Infrastructure investment,Public infrastructure (K<sup>GI</sup><sub>t</sub>),6.865
22,Infrastructure investment,Public infrastructure (K<sup>GI</sup><sub>t</sub>),6.787
23,Infrastructure investment,Public infrastructure (K<sup>GI</sup><sub>t</sub>),6.7
24,Infrastructure investment,Public infrastructure (K<sup>GI</sup><sub>t</sub>),6.603
25,Infrastructure investment,Public infrastructure (K<sup>GI</sup><sub>t</sub>),6.499
26,Infrastructure investment,Public infrastructure (K<sup>GI</sup><sub>t</sub>),6.39
27,Infrastructure investment,Public infrastructure (K<sup>GI</sup><sub>t</sub>),6.275
28,Infrastructure investment,Public infrastructure (K<sup>GI</sup><sub>t</sub>),6.156
29,Infrastructure investment,Public infrastructure (K<sup>GI</sup><sub>t</sub>),6.034
30,Infrastructure investment,Public infrastructure (K<sup>GI</sup><sub>t</sub>),5.91
31,Infrastructure investment,Public infrastructure (K<sup>GI</sup><sub>t</sub>),5.784
32,Infrastructure investment,Public infrastructure (K<sup>GI</sup><sub>t</sub>),5.657
33,Infrastructure investment,Public infrastructure (K<sup>GI</sup><sub>t</sub>),5.529
34,Infrastructure investment,Public infrastructure (K<sup>GI</sup><sub>t</sub>),5.401
35,Infrastructure investment,Public infrastructure (K<sup>GI</sup><sub>t</sub>),5.273
36,Infrastructure investment,Public infrastructure (K<sup>GI</sup><sub>t</sub>),5.146
37,Infrastructure investment,Public infrastructure (K<sup>GI</sup><sub>t</sub>),5.02
38,Infrastructure investment,Public infrastructure (K<sup>GI</sup><sub>t</sub>),4.895
39,Infrastructure investment,Public infrastructure (K<sup>GI</sup><sub>t</sub>),4.772
40,Infrastructure investment,Public infrastructure (K<sup>GI</sup><sub>t</sub>),4.649
41,Infrastructure investment,Public infrastructure (K<sup>GI</sup><sub>t</sub>),4.529
42,Infrastructure investment,Public infrastructure (K<sup>GI</sup><sub>t</sub>),4.411
43,Infrastructure investment,Public infrastructure (K<sup>GI</sup><sub>t</sub>),4.294
44,Infrastructure investment,Public infrastructure (K<sup>GI</sup><sub>t</sub>),4.18
45,Infrastructure investment,Public infrastructure (K<sup>GI</sup><sub>t</sub>),4.067
46,Infrastructure investment,Public infrastructure (K<sup>GI</sup><sub>t</sub>),3.957
47,Infrastructure investment,Public infrastructure (K<sup>GI</sup><sub>t</sub>),3.85
48,Infrastructure investment,Public infrastructure (K<sup>GI</sup><sub>t</sub>),3.744
49,Infrastructure investment,Public infrastructure (K<sup>GI</sup><sub>t</sub>),3.641
50,Infrastructure investment,Public infrastructure (K<sup>GI</sup><sub>t</sub>),3.54
51,Infrastructure investment,Public infrastructure (K<sup>GI</sup><sub>t</sub>),3.441
52,Infrastructure investment,Public infrastructure (K<sup>GI</sup><sub>t</sub>),3.345
53,Infrastructure investment,Public infrastructure (K<sup>GI</sup><sub>t</sub>),3.251
54,Infrastructure investment,Public infrastructure (K<sup>GI</sup><sub>t</sub>),3.159
55,Infrastructure investment,Public infrastructure (K<sup>GI</sup><sub>t</sub>),3.07
56,Infrastructure investment,Public infrastructure (K<sup>GI</sup><sub>t</sub>),2.983
57,Infrastructure investment,Public infrastructure (K<sup>GI</sup><sub>t</sub>),2.898
58,Infrastructure investment,Public infrastructure (K<sup>GI</sup><sub>t</sub>),2.815
59,Infrastructure investment,Public infrastructure (K<sup>GI</sup><sub>t</sub>),2.735
60,Infrastructure investment,Public infrastructure (K<sup>GI</sup><sub>t</sub>),2.656
61,Infrastructure investment,Public infrastructure (K<sup>GI</sup><sub>t</sub>),2.58
62,Infrastructure investment,Public infrastructure (K<sup>GI</sup><sub>t</sub>),2.506
63,Infrastructure investment,Public infrastructure (K<sup>GI</sup><sub>t</sub>),2.433
64,Infrastructure investment,Public infrastructure (K<sup>GI</sup><sub>t</sub>),2.363
65,Infrastructure investment,Public infrastructure (K<sup>GI</sup><sub>t</sub>),2.295
66,Infrastructure investment,Public infrastructure (K<sup>GI</sup><sub>t</sub>),2.228
67,Infrastructure investment,Public infrastructure (K<sup>GI</sup><sub>t</sub>),2.163
68,Infrastructure investment,Public infrastructure (K<sup>GI</sup><sub>t</sub>),2.101
69,Infrastructure investment,Public infrastructure (K<sup>GI</sup><sub>t</sub>),2.039
70,Infrastructure investment,Public infrastructure (K<sup>GI</sup><sub>t</sub>),1.98
71,Infrastructure investment,Public infrastructure (K<sup>GI</sup><sub>t</sub>),1.922
72,Infrastructure investment,Public infrastructure (K<sup>GI</sup><sub>t</sub>),1.866
73,Infrastructure investment,Public infrastructure (K<sup>GI</sup><sub>t</sub>),1.812
74,Infrastructure investment,Public infrastructure (K<sup>GI</sup><sub>t</sub>),1.759
75,Infrastructure investment,Public infrastructure (K<sup>GI</sup><sub>t</sub>),1.707
76,Infrastructure investment,Public infrastructure (K<sup>GI</sup><sub>t</sub>),1.657
77,Infrastructure investment,Public infrastructure (K<sup>GI</sup><sub>t</sub>),1.609
78,Infrastructure investment,Public infrastructure (K<sup>GI</sup><sub>t</sub>),1.562
79,Infrastructure investment,Public infrastructure (K<sup>GI</sup><sub>t</sub>),1.516
80,Infrastructure investment,Public infrastructure (K<sup>GI</sup><sub>t</sub>),1.471
81,Infrastructure investment,Public infrastructure (K<sup>GI</sup><sub>t</sub>),1.428
82,Infrastructure investment,Public infrastructure (K<sup>GI</sup><sub>t</sub>),1.386
83,Infrastructure investment,Public infrastructure (K<sup>GI</sup><sub>t</sub>),1.346
84,Infrastructure investment,Public infrastructure (K<sup>GI</sup><sub>t</sub>),1.306
85,Infrastructure investment,Public infrastructure (K<sup>GI</sup><sub>t</sub>),1.268
86,Infrastructure investment,Public infrastructure (K<sup>GI</sup><sub>t</sub>),1.23
87,Infrastructure investment,Public infrastructure (K<sup>GI</sup><sub>t</sub>),1.194
88,Infrastructure investment,Public infrastructure (K<sup>GI</sup><sub>t</sub>),1.159
89,Infrastructure investment,Public infrastructure (K<sup>GI</sup><sub>t</sub>),1.125
90,Infrastructure investment,Public infrastructure (K<sup>GI</sup><sub>t</sub>),1.092
91,Infrastructure investment,Public infrastructure (K<sup>GI</sup><sub>t</sub>),1.06
92,Infrastructure investment,Public infrastructure (K<sup>GI</sup><sub>t</sub>),1.029
93,Infrastructure investment,Public infrastructure (K<sup>GI</sup><sub>t</sub>),0.998
94,Infrastructure investment,Public infrastructure (K<sup>GI</sup><sub>t</sub>),0.969
95,Infrastructure investment,Public infrastructure (K<sup>GI</sup><sub>t</sub>),0.94
96,Infrastructure investment,Public infrastructure (K<sup>GI</sup><sub>t</sub>),0.913
97,Infrastructure investment,Public infrastructure (K<sup>GI</sup><sub>t</sub>),0.886
98,Infrastructure investment,Public infrastructure (K<sup>GI</sup><sub>t</sub>),0.86
99,Infrastructure investment,Public infrastructure (K<sup>GI</sup><sub>t</sub>),0.834
100,Infrastructure investment,Public infrastructure (K<sup>GI</sup><sub>t</sub>),0.81
1,Human capital investment,Public infrastructure (K<sup>GI</sup><sub>t</sub>),0.0
2,Human capital investment,Public infrastructure (K<sup>GI</sup><sub>t</sub>),0.0
3,Human capital investment,Public infrastructure (K<sup>GI</sup><sub>t</sub>),0.0
4,Human capital investment,Public infrastructure (K<sup>GI</sup><sub>t</sub>),0.0
5,Human capital investment,Public infrastructure (K<sup>GI</sup><sub>t</sub>),0.0
6,Human capital investment,Public infrastructure (K<sup>GI</sup><sub>t</sub>),0.0
7,Human capital investment,Public infrastructure (K<sup>GI</sup><sub>t</sub>),0.0
8,Human capital investment,Public infrastructure (K<sup>GI</sup><sub>t</sub>),0.0
9,Human capital investment,Public infrastructure (K<sup>GI</sup><sub>t</sub>),0.0
10,Human capital investment,Public infrastructure (K<sup>GI</sup><sub>t</sub>),0.0
11,Human capital investment,Public infrastructure (K<sup>GI</sup><sub>t</sub>),0.0
12,Human capital investment,Public infrastructure (K<sup>GI</sup><sub>t</sub>),0.0
13,Human capital investment,Public infrastructure (K<sup>GI</sup><sub>t</sub>),0.0
14,Human capital investment,Public infrastructure (K<sup>GI</sup><sub>t</sub>),0.0
15,Human capital investment,Public infrastructure (K<sup>GI</sup><sub>t</sub>),0.0
16,Human capital investment,Public infrastructure (K<sup>GI</sup><sub>t</sub>),0.0
17,Human capital investment,Public infrastructure (K<sup>GI</sup><sub>t</sub>),0.0
18,Human capital investment,Public infrastructure (K<sup>GI</sup><sub>t</sub>),0.0
19,Human capital investment,Public infrastructure (K<sup>GI</sup><sub>t</sub>),0.0
20,Human capital investment,Public infrastructure (K<sup>GI</sup><sub>t</sub>),0.0
21,Human capital investment,Public infrastructure (K<sup>GI</sup><sub>t</sub>),0.0
22,Human capital investment,Public infrastructure (K<sup>GI</sup><sub>t</sub>),0.0
23,Human capital investment,Public infrastructure (K<sup>GI</sup><sub>t</sub>),0.0
24,Human capital investment,Public infrastructure (K<sup>GI</sup><sub>t</sub>),0.0
25,Human capital investment,Public infrastructure (K<sup>GI</sup><sub>t</sub>),0.0
26,Human capital investment,Public infrastructure (K<sup>GI</sup><sub>t</sub>),0.0
27,Human capital investment,Public infrastructure (K<sup>GI</sup><sub>t</sub>),0.0
28,Human capital investment,Public infrastructure (K<sup>GI</sup><sub>t</sub>),0.0
29,Human capital investment,Public infrastructure (K<sup>GI</sup><sub>t</sub>),0.0
30,Human capital investment,Public infrastructure (K<sup>GI</sup><sub>t</sub>),0.0
31,Human capital investment,Public infrastructure (K<sup>GI</sup><sub>t</sub>),0.0
32,Human capital investment,Public infrastructure (K<sup>GI</sup><sub>t</sub>),0.0
33,Human capital investment,Public infrastructure (K<sup>GI</sup><sub>t</sub>),0.0
34,Human capital investment,Public infrastructure (K<sup>GI</sup><sub>t</sub>),0.0
35,Human capital investment,Public infrastructure (K<sup>GI</sup><sub>t</sub>),0.0
36,Human capital investment,Public infrastructure (K<sup>GI</sup><sub>t</sub>),0.0
37,Human capital investment,Public infrastructure (K<sup>GI</sup><sub>t</sub>),0.0
38,Human capital investment,Public infrastructure (K<sup>GI</sup><sub>t</sub>),0.0
39,Human capital investment,Public infrastructure (K<sup>GI</sup><sub>t</sub>),0.0
40,Human capital investment,Public infrastructure (K<sup>GI</sup><sub>t</sub>),0.0
41,Human capital investment,Public infrastructure (K<sup>GI</sup><sub>t</sub>),0.0
42,Human capital investment,Public infrastructure (K<sup>GI</sup><sub>t</sub>),0.0
43,Human capital investment,Public infrastructure (K<sup>GI</sup><sub>t</sub>),0.0
44,Human capital investment,Public infrastructure (K<sup>GI</sup><sub>t</sub>),0.0
45,Human capital investment,Public infrastructure (K<sup>GI</sup><sub>t</sub>),0.0
46,Human capital investment,Public infrastructure (K<sup>GI</sup><sub>t</sub>),0.0
47,Human capital investment,Public infrastructure (K<sup>GI</sup><sub>t</sub>),0.0
48,Human capital investment,Public infrastructure (K<sup>GI</sup><sub>t</sub>),0.0
49,Human capital investment,Public infrastructure (K<sup>GI</sup><sub>t</sub>),0.0
50,Human capital investment,Public infrastructure (K<sup>GI</sup><sub>t</sub>),0.0
51,Human capital investment,Public infrastructure (K<sup>GI</sup><sub>t</sub>),0.0
52,Human capital investment,Public infrastructure (K<sup>GI</sup><sub>t</sub>),0.0
53,Human capital investment,Public infrastructure (K<sup>GI</sup><sub>t</sub>),0.0
54,Human capital investment,Public infrastructure (K<sup>GI</sup><sub>t</sub>),0.0
55,Human capital investment,Public infrastructure (K<sup>GI</sup><sub>t</sub>),0.0
56,Human capital investment,Public infrastructure (K<sup>GI</sup><sub>t</sub>),0.0
57,Human capital investment,Public infrastructure (K<sup>GI</sup><sub>t</sub>),0.0
58,Human capital investment,Public infrastructure (K<sup>GI</sup><sub>t</sub>),0.0
59,Human capital investment,Public infrastructure (K<sup>GI</sup><sub>t</sub>),0.0
60,Human capital investment,Public infrastructure (K<sup>GI</sup><sub>t</sub>),0.0
61,Human capital investment,Public infrastructure (K<sup>GI</sup><sub>t</sub>),0.0
62,Human capital investment,Public infrastructure (K<sup>GI</sup><sub>t</sub>),0.0
63,Human capital investment,Public infrastructure (K<sup>GI</sup><sub>t</sub>),0.0
64,Human capital investment,Public infrastructure (K<sup>GI</sup><sub>t</sub>),0.0
65,Human capital investment,Public infrastructure (K<sup>GI</sup><sub>t</sub>),0.0
66,Human capital investment,Public infrastructure (K<sup>GI</sup><sub>t</sub>),0.0
67,Human capital investment,Public infrastructure (K<sup>GI</sup><sub>t</sub>),0.0
68,Human capital investment,Public infrastructure (K<sup>GI</sup><sub>t</sub>),0.0
69,Human capital investment,Public infrastructure (K<sup>GI</sup><sub>t</sub>),0.0
70,Human capital investment,Public infrastructure (K<sup>GI</sup><sub>t</sub>),0.0
71,Human capital investment,Public infrastructure (K<sup>GI</sup><sub>t</sub>),0.0
72,Human capital investment,Public infrastructure (K<sup>GI</sup><sub>t</sub>),0.0
73,Human capital investment,Public infrastructure (K<sup>GI</sup><sub>t</sub>),0.0
74,Human capital investment,Public infrastructure (K<sup>GI</sup><sub>t</sub>),0.0
75,Human capital investment,Public infrastructure (K<sup>GI</sup><sub>t</sub>),0.0
76,Human capital investment,Public infrastructure (K<sup>GI</sup><sub>t</sub>),0.0
77,Human capital investment,Public infrastructure (K<sup>GI</sup><sub>t</sub>),0.0
78,Human capital investment,Public infrastructure (K<sup>GI</sup><sub>t</sub>),0.0
79,Human capital investment,Public infrastructure (K<sup>GI</sup><sub>t</sub>),0.0
80,Human capital investment,Public infrastructure (K<sup>GI</sup><sub>t</sub>),0.0
81,Human capital investment,Public infrastructure (K<sup>GI</sup><sub>t</sub>),0.0
82,Human capital investment,Public infrastructure (K<sup>GI</sup><sub>t</sub>),0.0
83,Human capital investment,Public infrastructure (K<sup>GI</sup><sub>t</sub>),0.0
84,Human capital investment,Public infrastructure (K<sup>GI</sup><sub>t</sub>),0.0
85,Human capital investment,Public infrastructure (K<sup>GI</sup><sub>t</sub>),0.0
86,Human capital investment,Public infrastructure (K<sup>GI</sup><sub>t</sub>),0.0
87,Human capital investment,Public infrastructure (K<sup>GI</sup><sub>t</sub>),0.0
88,Human capital investment,Public infrastructure (K<sup>GI</sup><sub>t</sub>),0.0
89,Human capital investment,Public infrastructure (K<sup>GI</sup><sub>t</sub>),0.0
90,Human capital investment,Public infrastructure (K<sup>GI</sup><sub>t</sub>),0.0
91,Human capital investment,Public infrastructure (K<sup>GI</sup><sub>t</sub>),0.0
92,Human capital investment,Public infrastructure (K<sup>GI</sup><sub>t</sub>),0.0
93,Human capital investment,Public infrastructure (K<sup>GI</sup><sub>t</sub>),0.0
94,Human capital investment,Public infrastructure (K<sup>GI</sup><sub>t</sub>),0.0
95,Human capital investment,Public infrastructure (K<sup>GI</sup><sub>t</sub>),0.0
96,Human capital investment,Public infrastructure (K<sup>GI</sup><sub>t</sub>),0.0
97,Human capital investment,Public infrastructure (K<sup>GI</sup><sub>t</sub>),0.0
98,Human capital investment,Public infrastructure (K<sup>GI</sup><sub>t</sub>),0.0
99,Human capital investment,Public infrastructure (K<sup>GI</sup><sub>t</sub>),0.0
100,Human capital investment,Public infrastructure (K<sup>GI</sup><sub>t</sub>),0.0
1,R&D spending,Public infrastructure (K<sup>GI</sup><sub>t</sub>),0.0
2,R&D spending,Public infrastructure (K<sup>GI</sup><sub>t</sub>),0.0
3,R&D spending,Public infrastructure (K<sup>GI</sup><sub>t</sub>),0.0
4,R&D spending,Public infrastructure (K<sup>GI</sup><sub>t</sub>),0.0
5,R&D spending,Public infrastructure (K<sup>GI</sup><sub>t</sub>),0.0
6,R&D spending,Public infrastructure (K<sup>GI</sup><sub>t</sub>),0.0
7,R&D spending,Public infrastructure (K<sup>GI</sup><sub>t</sub>),0.0
8,R&D spending,Public infrastructure (K<sup>GI</sup><sub>t</sub>),0.0
9,R&D spending,Public infrastructure (K<sup>GI</sup><sub>t</sub>),0.0
10,R&D spending,Public infrastructure (K<sup>GI</sup><sub>t</sub>),0.0
11,R&D spending,Public infrastructure (K<sup>GI</sup><sub>t</sub>),0.0
12,R&D spending,Public infrastructure (K<sup>GI</sup><sub>t</sub>),0.0
13,R&D spending,Public infrastructure (K<sup>GI</sup><sub>t</sub>),0.0
14,R&D spending,Public infrastructure (K<sup>GI</sup><sub>t</sub>),0.0
15,R&D spending,Public infrastructure (K<sup>GI</sup><sub>t</sub>),0.0
16,R&D spending,Public infrastructure (K<sup>GI</sup><sub>t</sub>),0.0
17,R&D spending,Public infrastructure (K<sup>GI</sup><sub>t</sub>),0.0
18,R&D spending,Public infrastructure (K<sup>GI</sup><sub>t</sub>),0.0
19,R&D spending,Public infrastructure (K<sup>GI</sup><sub>t</sub>),0.0
20,R&D spending,Public infrastructure (K<sup>GI</sup><sub>t</sub>),0.0
21,R&D spending,Public infrastructure (K<sup>GI</sup><sub>t</sub>),0.0
22,R&D spending,Public infrastructure (K<sup>GI</sup><sub>t</sub>),0.0
23,R&D spending,Public infrastructure (K<sup>GI</sup><sub>t</sub>),0.0
24,R&D spending,Public infrastructure (K<sup>GI</sup><sub>t</sub>),0.0
25,R&D spending,Public infrastructure (K<sup>GI</sup><sub>t</sub>),0.0
26,R&D spending,Public infrastructure (K<sup>GI</sup><sub>t</sub>),0.0
27,R&D spending,Public infrastructure (K<sup>GI</sup><sub>t</sub>),0.0
28,R&D spending,Public infrastructure (K<sup>GI</sup><sub>t</sub>),0.0
29,R&D spending,Public infrastructure (K<sup>GI</sup><sub>t</sub>),0.0
30,R&D spending,Public infrastructure (K<sup>GI</sup><sub>t</sub>),0.0
31,R&D spending,Public infrastructure (K<sup>GI</sup><sub>t</sub>),0.0
32,R&D spending,Public infrastructure (K<sup>GI</sup><sub>t</sub>),0.0
33,R&D spending,Public infrastructure (K<sup>GI</sup><sub>t</sub>),0.0
34,R&D spending,Public infrastructure (K<sup>GI</sup><sub>t</sub>),0.0
35,R&D spending,Public infrastructure (K<sup>GI</sup><sub>t</sub>),0.0
36,R&D spending,Public infrastructure (K<sup>GI</sup><sub>t</sub>),0.0
37,R&D spending,Public infrastructure (K<sup>GI</sup><sub>t</sub>),0.0
38,R&D spending,Public infrastructure (K<sup>GI</sup><sub>t</sub>),0.0
39,R&D spending,Public infrastructure (K<sup>GI</sup><sub>t</sub>),0.0
40,R&D spending,Public infrastructure (K<sup>GI</sup><sub>t</sub>),0.0
41,R&D spending,Public infrastructure (K<sup>GI</sup><sub>t</sub>),0.0
42,R&D spending,Public infrastructure (K<sup>GI</sup><sub>t</sub>),0.0
43,R&D spending,Public infrastructure (K<sup>GI</sup><sub>t</sub>),0.0
44,R&D spending,Public infrastructure (K<sup>GI</sup><sub>t</sub>),0.0
45,R&D spending,Public infrastructure (K<sup>GI</sup><sub>t</sub>),0.0
46,R&D spending,Public infrastructure (K<sup>GI</sup><sub>t</sub>),0.0
47,R&D spending,Public infrastructure (K<sup>GI</sup><sub>t</sub>),0.0
48,R&D spending,Public infrastructure (K<sup>GI</sup><sub>t</sub>),0.0
49,R&D spending,Public infrastructure (K<sup>GI</sup><sub>t</sub>),0.0
50,R&D spending,Public infrastructure (K<sup>GI</sup><sub>t</sub>),0.0
51,R&D spending,Public infrastructure (K<sup>GI</sup><sub>t</sub>),0.0
52,R&D spending,Public infrastructure (K<sup>GI</sup><sub>t</sub>),0.0
53,R&D spending,Public infrastructure (K<sup>GI</sup><sub>t</sub>),0.0
54,R&D spending,Public infrastructure (K<sup>GI</sup><sub>t</sub>),0.0
55,R&D spending,Public infrastructure (K<sup>GI</sup><sub>t</sub>),0.0
56,R&D spending,Public infrastructure (K<sup>GI</sup><sub>t</sub>),0.0
57,R&D spending,Public infrastructure (K<sup>GI</sup><sub>t</sub>),0.0
58,R&D spending,Public infrastructure (K<sup>GI</sup><sub>t</sub>),0.0
59,R&D spending,Public infrastructure (K<sup>GI</sup><sub>t</sub>),0.0
60,R&D spending,Public infrastructure (K<sup>GI</sup><sub>t</sub>),0.0
61,R&D spending,Public infrastructure (K<sup>GI</sup><sub>t</sub>),0.0
62,R&D spending,Public infrastructure (K<sup>GI</sup><sub>t</sub>),0.0
63,R&D spending,Public infrastructure (K<sup>GI</sup><sub>t</sub>),0.0
64,R&D spending,Public infrastructure (K<sup>GI</sup><sub>t</sub>),0.0
65,R&D spending,Public infrastructure (K<sup>GI</sup><sub>t</sub>),0.0
66,R&D spending,Public infrastructure (K<sup>GI</sup><sub>t</sub>),0.0
67,R&D spending,Public infrastructure (K<sup>GI</sup><sub>t</sub>),0.0
68,R&D spending,Public infrastructure (K<sup>GI</sup><sub>t</sub>),0.0
69,R&D spending,Public infrastructure (K<sup>GI</sup><sub>t</sub>),0.0
70,R&D spending,Public infrastructure (K<sup>GI</sup><sub>t</sub>),0.0
71,R&D spending,Public infrastructure (K<sup>GI</sup><sub>t</sub>),0.0
72,R&D spending,Public infrastructure (K<sup>GI</sup><sub>t</sub>),0.0
73,R&D spending,Public infrastructure (K<sup>GI</sup><sub>t</sub>),0.0
74,R&D spending,Public infrastructure (K<sup>GI</sup><sub>t</sub>),0.0
75,R&D spending,Public infrastructure (K<sup>GI</sup><sub>t</sub>),0.0
76,R&D spending,Public infrastructure (K<sup>GI</sup><sub>t</sub>),0.0
77,R&D spending,Public infrastructure (K<sup>GI</sup><sub>t</sub>),0.0
78,R&D spending,Public infrastructure (K<sup>GI</sup><sub>t</sub>),0.0
79,R&D spending,Public infrastructure (K<sup>GI</sup><sub>t</sub>),0.0
80,R&D spending,Public infrastructure (K<sup>GI</sup><sub>t</sub>),0.0
81,R&D spending,Public infrastructure (K<sup>GI</sup><sub>t</sub>),0.0
82,R&D spending,Public infrastructure (K<sup>GI</sup><sub>t</sub>),0.0
83,R&D spending,Public infrastructure (K<sup>GI</sup><sub>t</sub>),0.0
84,R&D spending,Public infrastructure (K<sup>GI</sup><sub>t</sub>),0.0
85,R&D spending,Public infrastructure (K<sup>GI</sup><sub>t</sub>),0.0
86,R&D spending,Public infrastructure (K<sup>GI</sup><sub>t</sub>),0.0
87,R&D spending,Public infrastructure (K<sup>GI</sup><sub>t</sub>),0.0
88,R&D spending,Public infrastructure (K<sup>GI</sup><sub>t</sub>),0.0
89,R&D spending,Public infrastructure (K<sup>GI</sup><sub>t</sub>),0.0
90,R&D spending,Public infrastructure (K<sup>GI</sup><sub>t</sub>),0.0
91,R&D spending,Public infrastructure (K<sup>GI</sup><sub>t</sub>),0.0
92,R&D spending,Public infrastructure (K<sup>GI</sup><sub>t</sub>),0.0
93,R&D spending,Public infrastructure (K<sup>GI</sup><sub>t</sub>),0.0
94,R&D spending,Public infrastructure (K<sup>GI</sup><sub>t</sub>),0.0
95,R&D spending,Public infrastructure (K<sup>GI</sup><sub>t</sub>),0.0
96,R&D spending,Public infrastructure (K<sup>GI</sup><sub>t</sub>),0.0
97,R&D spending,Public infrastructure (K<sup>GI</sup><sub>t</sub>),0.0
98,R&D spending,Public infrastructure (K<sup>GI</sup><sub>t</sub>),0.0
99,R&D spending,Public infrastructure (K<sup>GI</sup><sub>t</sub>),0.0
100,R&D spending,Public infrastructure (K<sup>GI</sup><sub>t</sub>),0.0
1,Government consumption,Educ./hlt capital (K<sup>GE</sup><sub>t</sub>),0.0
2,Government consumption,Educ./hlt capital (K<sup>GE</sup><sub>t</sub>),0.0
3,Government consumption,Educ./hlt capital (K<sup>GE</sup><sub>t</sub>),0.0
4,Government consumption,Educ./hlt capital (K<sup>GE</sup><sub>t</sub>),0.0
5,Government consumption,Educ./hlt capital (K<sup>GE</sup><sub>t</sub>),0.0
6,Government consumption,Educ./hlt capital (K<sup>GE</sup><sub>t</sub>),0.0
7,Government consumption,Educ./hlt capital (K<sup>GE</sup><sub>t</sub>),0.0
8,Government consumption,Educ./hlt capital (K<sup>GE</sup><sub>t</sub>),0.0
9,Government consumption,Educ./hlt capital (K<sup>GE</sup><sub>t</sub>),0.0
10,Government consumption,Educ./hlt capital (K<sup>GE</sup><sub>t</sub>),0.0
11,Government consumption,Educ./hlt capital (K<sup>GE</sup><sub>t</sub>),0.0
12,Government consumption,Educ./hlt capital (K<sup>GE</sup><sub>t</sub>),0.0
13,Government consumption,Educ./hlt capital (K<sup>GE</sup><sub>t</sub>),0.0
14,Government consumption,Educ./hlt capital (K<sup>GE</sup><sub>t</sub>),0.0
15,Government consumption,Educ./hlt capital (K<sup>GE</sup><sub>t</sub>),0.0
16,Government consumption,Educ./hlt capital (K<sup>GE</sup><sub>t</sub>),0.0
17,Government consumption,Educ./hlt capital (K<sup>GE</sup><sub>t</sub>),0.0
18,Government consumption,Educ./hlt capital (K<sup>GE</sup><sub>t</sub>),0.0
19,Government consumption,Educ./hlt capital (K<sup>GE</sup><sub>t</sub>),0.0
20,Government consumption,Educ./hlt capital (K<sup>GE</sup><sub>t</sub>),0.0
21,Government consumption,Educ./hlt capital (K<sup>GE</sup><sub>t</sub>),0.0
22,Government consumption,Educ./hlt capital (K<sup>GE</sup><sub>t</sub>),0.0
23,Government consumption,Educ./hlt capital (K<sup>GE</sup><sub>t</sub>),0.0
24,Government consumption,Educ./hlt capital (K<sup>GE</sup><sub>t</sub>),0.0
25,Government consumption,Educ./hlt capital (K<sup>GE</sup><sub>t</sub>),0.0
26,Government consumption,Educ./hlt capital (K<sup>GE</sup><sub>t</sub>),0.0
27,Government consumption,Educ./hlt capital (K<sup>GE</sup><sub>t</sub>),0.0
28,Government consumption,Educ./hlt capital (K<sup>GE</sup><sub>t</sub>),0.0
29,Government consumption,Educ./hlt capital (K<sup>GE</sup><sub>t</sub>),0.0
30,Government consumption,Educ./hlt capital (K<sup>GE</sup><sub>t</sub>),0.0
31,Government consumption,Educ./hlt capital (K<sup>GE</sup><sub>t</sub>),0.0
32,Government consumption,Educ./hlt capital (K<sup>GE</sup><sub>t</sub>),0.0
33,Government consumption,Educ./hlt capital (K<sup>GE</sup><sub>t</sub>),0.0
34,Government consumption,Educ./hlt capital (K<sup>GE</sup><sub>t</sub>),0.0
35,Government consumption,Educ./hlt capital (K<sup>GE</sup><sub>t</sub>),0.0
36,Government consumption,Educ./hlt capital (K<sup>GE</sup><sub>t</sub>),0.0
37,Government consumption,Educ./hlt capital (K<sup>GE</sup><sub>t</sub>),0.0
38,Government consumption,Educ./hlt capital (K<sup>GE</sup><sub>t</sub>),0.0
39,Government consumption,Educ./hlt capital (K<sup>GE</sup><sub>t</sub>),0.0
40,Government consumption,Educ./hlt capital (K<sup>GE</sup><sub>t</sub>),0.0
41,Government consumption,Educ./hlt capital (K<sup>GE</sup><sub>t</sub>),0.0
42,Government consumption,Educ./hlt capital (K<sup>GE</sup><sub>t</sub>),0.0
43,Government consumption,Educ./hlt capital (K<sup>GE</sup><sub>t</sub>),0.0
44,Government consumption,Educ./hlt capital (K<sup>GE</sup><sub>t</sub>),0.0
45,Government consumption,Educ./hlt capital (K<sup>GE</sup><sub>t</sub>),0.0
46,Government consumption,Educ./hlt capital (K<sup>GE</sup><sub>t</sub>),0.0
47,Government consumption,Educ./hlt capital (K<sup>GE</sup><sub>t</sub>),0.0
48,Government consumption,Educ./hlt capital (K<sup>GE</sup><sub>t</sub>),0.0
49,Government consumption,Educ./hlt capital (K<sup>GE</sup><sub>t</sub>),0.0
50,Government consumption,Educ./hlt capital (K<sup>GE</sup><sub>t</sub>),0.0
51,Government consumption,Educ./hlt capital (K<sup>GE</sup><sub>t</sub>),0.0
52,Government consumption,Educ./hlt capital (K<sup>GE</sup><sub>t</sub>),0.0
53,Government consumption,Educ./hlt capital (K<sup>GE</sup><sub>t</sub>),0.0
54,Government consumption,Educ./hlt capital (K<sup>GE</sup><sub>t</sub>),0.0
55,Government consumption,Educ./hlt capital (K<sup>GE</sup><sub>t</sub>),0.0
56,Government consumption,Educ./hlt capital (K<sup>GE</sup><sub>t</sub>),0.0
57,Government consumption,Educ./hlt capital (K<sup>GE</sup><sub>t</sub>),0.0
58,Government consumption,Educ./hlt capital (K<sup>GE</sup><sub>t</sub>),0.0
59,Government consumption,Educ./hlt capital (K<sup>GE</sup><sub>t</sub>),0.0
60,Government consumption,Educ./hlt capital (K<sup>GE</sup><sub>t</sub>),0.0
61,Government consumption,Educ./hlt capital (K<sup>GE</sup><sub>t</sub>),0.0
62,Government consumption,Educ./hlt capital (K<sup>GE</sup><sub>t</sub>),0.0
63,Government consumption,Educ./hlt capital (K<sup>GE</sup><sub>t</sub>),0.0
64,Government consumption,Educ./hlt capital (K<sup>GE</sup><sub>t</sub>),0.0
65,Government consumption,Educ./hlt capital (K<sup>GE</sup><sub>t</sub>),0.0
66,Government consumption,Educ./hlt capital (K<sup>GE</sup><sub>t</sub>),0.0
67,Government consumption,Educ./hlt capital (K<sup>GE</sup><sub>t</sub>),0.0
68,Government consumption,Educ./hlt capital (K<sup>GE</sup><sub>t</sub>),0.0
69,Government consumption,Educ./hlt capital (K<sup>GE</sup><sub>t</sub>),0.0
70,Government consumption,Educ./hlt capital (K<sup>GE</sup><sub>t</sub>),0.0
71,Government consumption,Educ./hlt capital (K<sup>GE</sup><sub>t</sub>),0.0
72,Government consumption,Educ./hlt capital (K<sup>GE</sup><sub>t</sub>),0.0
73,Government consumption,Educ./hlt capital (K<sup>GE</sup><sub>t</sub>),0.0
74,Government consumption,Educ./hlt capital (K<sup>GE</sup><sub>t</sub>),0.0
75,Government consumption,Educ./hlt capital (K<sup>GE</sup><sub>t</sub>),0.0
76,Government consumption,Educ./hlt capital (K<sup>GE</sup><sub>t</sub>),0.0
77,Government consumption,Educ./hlt capital (K<sup>GE</sup><sub>t</sub>),0.0
78,Government consumption,Educ./hlt capital (K<sup>GE</sup><sub>t</sub>),0.0
79,Government consumption,Educ./hlt capital (K<sup>GE</sup><sub>t</sub>),0.0
80,Government consumption,Educ./hlt capital (K<sup>GE</sup><sub>t</sub>),0.0
81,Government consumption,Educ./hlt capital (K<sup>GE</sup><sub>t</sub>),0.0
82,Government consumption,Educ./hlt capital (K<sup>GE</sup><sub>t</sub>),0.0
83,Government consumption,Educ./hlt capital (K<sup>GE</sup><sub>t</sub>),0.0
84,Government consumption,Educ./hlt capital (K<sup>GE</sup><sub>t</sub>),0.0
85,Government consumption,Educ./hlt capital (K<sup>GE</sup><sub>t</sub>),0.0
86,Government consumption,Educ./hlt capital (K<sup>GE</sup><sub>t</sub>),0.0
87,Government consumption,Educ./hlt capital (K<sup>GE</sup><sub>t</sub>),0.0
88,Government consumption,Educ./hlt capital (K<sup>GE</sup><sub>t</sub>),0.0
89,Government consumption,Educ./hlt capital (K<sup>GE</sup><sub>t</sub>),0.0
90,Government consumption,Educ./hlt capital (K<sup>GE</sup><sub>t</sub>),0.0
91,Government consumption,Educ./hlt capital (K<sup>GE</sup><sub>t</sub>),0.0
92,Government consumption,Educ./hlt capital (K<sup>GE</sup><sub>t</sub>),0.0
93,Government consumption,Educ./hlt capital (K<sup>GE</sup><sub>t</sub>),0.0
94,Government consumption,Educ./hlt capital (K<sup>GE</sup><sub>t</sub>),0.0
95,Government consumption,Educ./hlt capital (K<sup>GE</sup><sub>t</sub>),0.0
96,Government consumption,Educ./hlt capital (K<sup>GE</sup><sub>t</sub>),0.0
97,Government consumption,Educ./hlt capital (K<sup>GE</sup><sub>t</sub>),0.0
98,Government consumption,Educ./hlt capital (K<sup>GE</sup><sub>t</sub>),0.0
99,Government consumption,Educ./hlt capital (K<sup>GE</sup><sub>t</sub>),0.0
100,Government consumption,Educ./hlt capital (K<sup>GE</sup><sub>t</sub>),0.0
1,Infrastructure investment,Educ./hlt capital (K<sup>GE</sup><sub>t</sub>),0.0
2,Infrastructure investment,Educ./hlt capital (K<sup>GE</sup><sub>t</sub>),0.0
3,Infrastructure investment,Educ./hlt capital (K<sup>GE</sup><sub>t</sub>),0.0
4,Infrastructure investment,Educ./hlt capital (K<sup>GE</sup><sub>t</sub>),0.0
5,Infrastructure investment,Educ./hlt capital (K<sup>GE</sup><sub>t</sub>),0.0
6,Infrastructure investment,Educ./hlt capital (K<sup>GE</sup><sub>t</sub>),0.0
7,Infrastructure investment,Educ./hlt capital (K<sup>GE</sup><sub>t</sub>),0.0
8,Infrastructure investment,Educ./hlt capital (K<sup>GE</sup><sub>t</sub>),0.0
9,Infrastructure investment,Educ./hlt capital (K<sup>GE</sup><sub>t</sub>),0.0
10,Infrastructure investment,Educ./hlt capital (K<sup>GE</sup><sub>t</sub>),0.0
11,Infrastructure investment,Educ./hlt capital (K<sup>GE</sup><sub>t</sub>),0.0
12,Infrastructure investment,Educ./hlt capital (K<sup>GE</sup><sub>t</sub>),0.0
13,Infrastructure investment,Educ./hlt capital (K<sup>GE</sup><sub>t</sub>),0.0
14,Infrastructure investment,Educ./hlt capital (K<sup>GE</sup><sub>t</sub>),0.0
15,Infrastructure investment,Educ./hlt capital (K<sup>GE</sup><sub>t</sub>),0.0
16,Infrastructure investment,Educ./hlt capital (K<sup>GE</sup><sub>t</sub>),0.0
17,Infrastructure investment,Educ./hlt capital (K<sup>GE</sup><sub>t</sub>),0.0
18,Infrastructure investment,Educ./hlt capital (K<sup>GE</sup><sub>t</sub>),0.0
19,Infrastructure investment,Educ./hlt capital (K<sup>GE</sup><sub>t</sub>),0.0
20,Infrastructure investment,Educ./hlt capital (K<sup>GE</sup><sub>t</sub>),0.0
21,Infrastructure investment,Educ./hlt capital (K<sup>GE</sup><sub>t</sub>),0.0
22,Infrastructure investment,Educ./hlt capital (K<sup>GE</sup><sub>t</sub>),0.0
23,Infrastructure investment,Educ./hlt capital (K<sup>GE</sup><sub>t</sub>),0.0
24,Infrastructure investment,Educ./hlt capital (K<sup>GE</sup><sub>t</sub>),0.0
25,Infrastructure investment,Educ./hlt capital (K<sup>GE</sup><sub>t</sub>),0.0
26,Infrastructure investment,Educ./hlt capital (K<sup>GE</sup><sub>t</sub>),0.0
27,Infrastructure investment,Educ./hlt capital (K<sup>GE</sup><sub>t</sub>),0.0
28,Infrastructure investment,Educ./hlt capital (K<sup>GE</sup><sub>t</sub>),0.0
29,Infrastructure investment,Educ./hlt capital (K<sup>GE</sup><sub>t</sub>),0.0
30,Infrastructure investment,Educ./hlt capital (K<sup>GE</sup><sub>t</sub>),0.0
31,Infrastructure investment,Educ./hlt capital (K<sup>GE</sup><sub>t</sub>),0.0
32,Infrastructure investment,Educ./hlt capital (K<sup>GE</sup><sub>t</sub>),0.0
33,Infrastructure investment,Educ./hlt capital (K<sup>GE</sup><sub>t</sub>),0.0
34,Infrastructure investment,Educ./hlt capital (K<sup>GE</sup><sub>t</sub>),0.0
35,Infrastructure investment,Educ./hlt capital (K<sup>GE</sup><sub>t</sub>),0.0
36,Infrastructure investment,Educ./hlt capital (K<sup>GE</sup><sub>t</sub>),0.0
37,Infrastructure investment,Educ./hlt capital (K<sup>GE</sup><sub>t</sub>),0.0
38,Infrastructure investment,Educ./hlt capital (K<sup>GE</sup><sub>t</sub>),0.0
39,Infrastructure investment,Educ./hlt capital (K<sup>GE</sup><sub>t</sub>),0.0
40,Infrastructure investment,Educ./hlt capital (K<sup>GE</sup><sub>t</sub>),0.0
41,Infrastructure investment,Educ./hlt capital (K<sup>GE</sup><sub>t</sub>),0.0
42,Infrastructure investment,Educ./hlt capital (K<sup>GE</sup><sub>t</sub>),0.0
43,Infrastructure investment,Educ./hlt capital (K<sup>GE</sup><sub>t</sub>),0.0
44,Infrastructure investment,Educ./hlt capital (K<sup>GE</sup><sub>t</sub>),0.0
45,Infrastructure investment,Educ./hlt capital (K<sup>GE</sup><sub>t</sub>),0.0
46,Infrastructure investment,Educ./hlt capital (K<sup>GE</sup><sub>t</sub>),0.0
47,Infrastructure investment,Educ./hlt capital (K<sup>GE</sup><sub>t</sub>),0.0
48,Infrastructure investment,Educ./hlt capital (K<sup>GE</sup><sub>t</sub>),0.0
49,Infrastructure investment,Educ./hlt capital (K<sup>GE</sup><sub>t</sub>),0.0
50,Infrastructure investment,Educ./hlt capital (K<sup>GE</sup><sub>t</sub>),0.0
51,Infrastructure investment,Educ./hlt capital (K<sup>GE</sup><sub>t</sub>),0.0
52,Infrastructure investment,Educ./hlt capital (K<sup>GE</sup><sub>t</sub>),0.0
53,Infrastructure investment,Educ./hlt capital (K<sup>GE</sup><sub>t</sub>),0.0
54,Infrastructure investment,Educ./hlt capital (K<sup>GE</sup><sub>t</sub>),0.0
55,Infrastructure investment,Educ./hlt capital (K<sup>GE</sup><sub>t</sub>),0.0
56,Infrastructure investment,Educ./hlt capital (K<sup>GE</sup><sub>t</sub>),0.0
57,Infrastructure investment,Educ./hlt capital (K<sup>GE</sup><sub>t</sub>),0.0
58,Infrastructure investment,Educ./hlt capital (K<sup>GE</sup><sub>t</sub>),0.0
59,Infrastructure investment,Educ./hlt capital (K<sup>GE</sup><sub>t</sub>),0.0
60,Infrastructure investment,Educ./hlt capital (K<sup>GE</sup><sub>t</sub>),0.0
61,Infrastructure investment,Educ./hlt capital (K<sup>GE</sup><sub>t</sub>),0.0
62,Infrastructure investment,Educ./hlt capital (K<sup>GE</sup><sub>t</sub>),0.0
63,Infrastructure investment,Educ./hlt capital (K<sup>GE</sup><sub>t</sub>),0.0
64,Infrastructure investment,Educ./hlt capital (K<sup>GE</sup><sub>t</sub>),0.0
65,Infrastructure investment,Educ./hlt capital (K<sup>GE</sup><sub>t</sub>),0.0
66,Infrastructure investment,Educ./hlt capital (K<sup>GE</sup><sub>t</sub>),0.0
67,Infrastructure investment,Educ./hlt capital (K<sup>GE</sup><sub>t</sub>),0.0
68,Infrastructure investment,Educ./hlt capital (K<sup>GE</sup><sub>t</sub>),0.0
69,Infrastructure investment,Educ./hlt capital (K<sup>GE</sup><sub>t</sub>),0.0
70,Infrastructure investment,Educ./hlt capital (K<sup>GE</sup><sub>t</sub>),0.0
71,Infrastructure investment,Educ./hlt capital (K<sup>GE</sup><sub>t</sub>),0.0
72,Infrastructure investment,Educ./hlt capital (K<sup>GE</sup><sub>t</sub>),0.0
73,Infrastructure investment,Educ./hlt capital (K<sup>GE</sup><sub>t</sub>),0.0
74,Infrastructure investment,Educ./hlt capital (K<sup>GE</sup><sub>t</sub>),0.0
75,Infrastructure investment,Educ./hlt capital (K<sup>GE</sup><sub>t</sub>),0.0
76,Infrastructure investment,Educ./hlt capital (K<sup>GE</sup><sub>t</sub>),0.0
77,Infrastructure investment,Educ./hlt capital (K<sup>GE</sup><sub>t</sub>),0.0
78,Infrastructure investment,Educ./hlt capital (K<sup>GE</sup><sub>t</sub>),0.0
79,Infrastructure investment,Educ./hlt capital (K<sup>GE</sup><sub>t</sub>),0.0
80,Infrastructure investment,Educ./hlt capital (K<sup>GE</sup><sub>t</sub>),0.0
81,Infrastructure investment,Educ./hlt capital (K<sup>GE</sup><sub>t</sub>),0.0
82,Infrastructure investment,Educ./hlt capital (K<sup>GE</sup><sub>t</sub>),0.0
83,Infrastructure investment,Educ./hlt capital (K<sup>GE</sup><sub>t</sub>),0.0
84,Infrastructure investment,Educ./hlt capital (K<sup>GE</sup><sub>t</sub>),0.0
85,Infrastructure investment,Educ./hlt capital (K<sup>GE</sup><sub>t</sub>),0.0
86,Infrastructure investment,Educ./hlt capital (K<sup>GE</sup><sub>t</sub>),0.0
87,Infrastructure investment,Educ./hlt capital (K<sup>GE</sup><sub>t</sub>),0.0
88,Infrastructure investment,Educ./hlt capital (K<sup>GE</sup><sub>t</sub>),0.0
89,Infrastructure investment,Educ./hlt capital (K<sup>GE</sup><sub>t</sub>),0.0
90,Infrastructure investment,Educ./hlt capital (K<sup>GE</sup><sub>t</sub>),0.0
91,Infrastructure investment,Educ./hlt capital (K<sup>GE</sup><sub>t</sub>),0.0
92,Infrastructure investment,Educ./hlt capital (K<sup>GE</sup><sub>t</sub>),0.0
93,Infrastructure investment,Educ./hlt capital (K<sup>GE</sup><sub>t</sub>),0.0
94,Infrastructure investment,Educ./hlt capital (K<sup>GE</sup><sub>t</sub>),0.0
95,Infrastructure investment,Educ./hlt capital (K<sup>GE</sup><sub>t</sub>),0.0
96,Infrastructure investment,Educ./hlt capital (K<sup>GE</sup><sub>t</sub>),0.0
97,Infrastructure investment,Educ./hlt capital (K<sup>GE</sup><sub>t</sub>),0.0
98,Infrastructure investment,Educ./hlt capital (K<sup>GE</sup><sub>t</sub>),0.0
99,Infrastructure investment,Educ./hlt capital (K<sup>GE</sup><sub>t</sub>),0.0
100,Infrastructure investment,Educ./hlt capital (K<sup>GE</sup><sub>t</sub>),0.0
1,Human capital investment,Educ./hlt capital (K<sup>GE</sup><sub>t</sub>),2.308
2,Human capital investment,Educ./hlt capital (K<sup>GE</sup><sub>t</sub>),4.317
3,Human capital investment,Educ./hlt capital (K<sup>GE</sup><sub>t</sub>),6.059
4,Human capital investment,Educ./hlt capital (K<sup>GE</sup><sub>t</sub>),7.562
5,Human capital investment,Educ./hlt capital (K<sup>GE</sup><sub>t</sub>),8.853
6,Human capital investment,Educ./hlt capital (K<sup>GE</sup><sub>t</sub>),9.955
7,Human capital investment,Educ./hlt capital (K<sup>GE</sup><sub>t</sub>),10.887
8,Human capital investment,Educ./hlt capital (K<sup>GE</sup><sub>t</sub>),11.67
9,Human capital investment,Educ./hlt capital (K<sup>GE</sup><sub>t</sub>),12.319
10,Human capital investment,Educ./hlt capital (K<sup>GE</sup><sub>t</sub>),12.849
11,Human capital investment,Educ./hlt capital (K<sup>GE</sup><sub>t</sub>),13.275
12,Human capital investment,Educ./hlt capital (K<sup>GE</sup><sub>t</sub>),13.607
13,Human capital investment,Educ./hlt capital (K<sup>GE</sup><sub>t</sub>),13.858
14,Human capital investment,Educ./hlt capital (K<sup>GE</sup><sub>t</sub>),14.035
15,Human capital investment,Educ./hlt capital (K<sup>GE</sup><sub>t</sub>),14.149
16,Human capital investment,Educ./hlt capital (K<sup>GE</sup><sub>t</sub>),14.206
17,Human capital investment,Educ./hlt capital (K<sup>GE</sup><sub>t</sub>),14.215
18,Human capital investment,Educ./hlt capital (K<sup>GE</sup><sub>t</sub>),14.18
19,Human capital investment,Educ./hlt capital (K<sup>GE</sup><sub>t</sub>),14.108
20,Human capital investment,Educ./hlt capital (K<sup>GE</sup><sub>t</sub>),14.003
21,Human capital investment,Educ./hlt capital (K<sup>GE</sup><sub>t</sub>),13.871
22,Human capital investment,Educ./hlt capital (K<sup>GE</sup><sub>t</sub>),13.714
23,Human capital investment,Educ./hlt capital (K<sup>GE</sup><sub>t</sub>),13.536
24,Human capital investment,Educ./hlt capital (K<sup>GE</sup><sub>t</sub>),13.341
25,Human capital investment,Educ./hlt capital (K<sup>GE</sup><sub>t</sub>),13.132
26,Human capital investment,Educ./hlt capital (K<sup>GE</sup><sub>t</sub>),12.91
27,Human capital investment,Educ./hlt capital (K<sup>GE</sup><sub>t</sub>),12.678
28,Human capital investment,Educ./hlt capital (K<sup>GE</sup><sub>t</sub>),12.438
29,Human capital investment,Educ./hlt capital (K<sup>GE</sup><sub>t</sub>),12.192
30,Human capital investment,Educ./hlt capital (K<sup>GE</sup><sub>t</sub>),11.94
31,Human capital investment,Educ./hlt capital (K<sup>GE</sup><sub>t</sub>),11.686
32,Human capital investment,Educ./hlt capital (K<sup>GE</sup><sub>t</sub>),11.429
33,Human capital investment,Educ./hlt capital (K<sup>GE</sup><sub>t</sub>),11.171
34,Human capital investment,Educ./hlt capital (K<sup>GE</sup><sub>t</sub>),10.913
35,Human capital investment,Educ./hlt capital (K<sup>GE</sup><sub>t</sub>),10.655
36,Human capital investment,Educ./hlt capital (K<sup>GE</sup><sub>t</sub>),10.398
37,Human capital investment,Educ./hlt capital (K<sup>GE</sup><sub>t</sub>),10.143
38,Human capital investment,Educ./hlt capital (K<sup>GE</sup><sub>t</sub>),9.891
39,Human capital investment,Educ./hlt capital (K<sup>GE</sup><sub>t</sub>),9.641
40,Human capital investment,Educ./hlt capital (K<sup>GE</sup><sub>t</sub>),9.394
41,Human capital investment,Educ./hlt capital (K<sup>GE</sup><sub>t</sub>),9.151
42,Human capital investment,Educ./hlt capital (K<sup>GE</sup><sub>t</sub>),8.912
43,Human capital investment,Educ./hlt capital (K<sup>GE</sup><sub>t</sub>),8.676
44,Human capital investment,Educ./hlt capital (K<sup>GE</sup><sub>t</sub>),8.445
45,Human capital investment,Educ./hlt capital (K<sup>GE</sup><sub>t</sub>),8.218
46,Human capital investment,Educ./hlt capital (K<sup>GE</sup><sub>t</sub>),7.996
47,Human capital investment,Educ./hlt capital (K<sup>GE</sup><sub>t</sub>),7.778
48,Human capital investment,Educ./hlt capital (K<sup>GE</sup><sub>t</sub>),7.565
49,Human capital investment,Educ./hlt capital (K<sup>GE</sup><sub>t</sub>),7.356
50,Human capital investment,Educ./hlt capital (K<sup>GE</sup><sub>t</sub>),7.152
51,Human capital investment,Educ./hlt capital (K<sup>GE</sup><sub>t</sub>),6.953
52,Human capital investment,Educ./hlt capital (K<sup>GE</sup><sub>t</sub>),6.758
53,Human capital investment,Educ./hlt capital (K<sup>GE</sup><sub>t</sub>),6.569
54,Human capital investment,Educ./hlt capital (K<sup>GE</sup><sub>t</sub>),6.383
55,Human capital investment,Educ./hlt capital (K<sup>GE</sup><sub>t</sub>),6.203
56,Human capital investment,Educ./hlt capital (K<sup>GE</sup><sub>t</sub>),6.027
57,Human capital investment,Educ./hlt capital (K<sup>GE</sup><sub>t</sub>),5.855
58,Human capital investment,Educ./hlt capital (K<sup>GE</sup><sub>t</sub>),5.688
59,Human capital investment,Educ./hlt capital (K<sup>GE</sup><sub>t</sub>),5.525
60,Human capital investment,Educ./hlt capital (K<sup>GE</sup><sub>t</sub>),5.367
61,Human capital investment,Educ./hlt capital (K<sup>GE</sup><sub>t</sub>),5.213
62,Human capital investment,Educ./hlt capital (K<sup>GE</sup><sub>t</sub>),5.062
63,Human capital investment,Educ./hlt capital (K<sup>GE</sup><sub>t</sub>),4.916
64,Human capital investment,Educ./hlt capital (K<sup>GE</sup><sub>t</sub>),4.774
65,Human capital investment,Educ./hlt capital (K<sup>GE</sup><sub>t</sub>),4.636
66,Human capital investment,Educ./hlt capital (K<sup>GE</sup><sub>t</sub>),4.502
67,Human capital investment,Educ./hlt capital (K<sup>GE</sup><sub>t</sub>),4.371
68,Human capital investment,Educ./hlt capital (K<sup>GE</sup><sub>t</sub>),4.244
69,Human capital investment,Educ./hlt capital (K<sup>GE</sup><sub>t</sub>),4.121
70,Human capital investment,Educ./hlt capital (K<sup>GE</sup><sub>t</sub>),4.001
71,Human capital investment,Educ./hlt capital (K<sup>GE</sup><sub>t</sub>),3.884
72,Human capital investment,Educ./hlt capital (K<sup>GE</sup><sub>t</sub>),3.771
73,Human capital investment,Educ./hlt capital (K<sup>GE</sup><sub>t</sub>),3.661
74,Human capital investment,Educ./hlt capital (K<sup>GE</sup><sub>t</sub>),3.554
75,Human capital investment,Educ./hlt capital (K<sup>GE</sup><sub>t</sub>),3.45
76,Human capital investment,Educ./hlt capital (K<sup>GE</sup><sub>t</sub>),3.349
77,Human capital investment,Educ./hlt capital (K<sup>GE</sup><sub>t</sub>),3.251
78,Human capital investment,Educ./hlt capital (K<sup>GE</sup><sub>t</sub>),3.155
79,Human capital investment,Educ./hlt capital (K<sup>GE</sup><sub>t</sub>),3.063
80,Human capital investment,Educ./hlt capital (K<sup>GE</sup><sub>t</sub>),2.973
81,Human capital investment,Educ./hlt capital (K<sup>GE</sup><sub>t</sub>),2.886
82,Human capital investment,Educ./hlt capital (K<sup>GE</sup><sub>t</sub>),2.801
83,Human capital investment,Educ./hlt capital (K<sup>GE</sup><sub>t</sub>),2.719
84,Human capital investment,Educ./hlt capital (K<sup>GE</sup><sub>t</sub>),2.639
85,Human capital investment,Educ./hlt capital (K<sup>GE</sup><sub>t</sub>),2.561
86,Human capital investment,Educ./hlt capital (K<sup>GE</sup><sub>t</sub>),2.486
87,Human capital investment,Educ./hlt capital (K<sup>GE</sup><sub>t</sub>),2.413
88,Human capital investment,Educ./hlt capital (K<sup>GE</sup><sub>t</sub>),2.342
89,Human capital investment,Educ./hlt capital (K<sup>GE</sup><sub>t</sub>),2.273
90,Human capital investment,Educ./hlt capital (K<sup>GE</sup><sub>t</sub>),2.206
91,Human capital investment,Educ./hlt capital (K<sup>GE</sup><sub>t</sub>),2.141
92,Human capital investment,Educ./hlt capital (K<sup>GE</sup><sub>t</sub>),2.078
93,Human capital investment,Educ./hlt capital (K<sup>GE</sup><sub>t</sub>),2.017
94,Human capital investment,Educ./hlt capital (K<sup>GE</sup><sub>t</sub>),1.958
95,Human capital investment,Educ./hlt capital (K<sup>GE</sup><sub>t</sub>),1.9
96,Human capital investment,Educ./hlt capital (K<sup>GE</sup><sub>t</sub>),1.844
97,Human capital investment,Educ./hlt capital (K<sup>GE</sup><sub>t</sub>),1.79
98,Human capital investment,Educ./hlt capital (K<sup>GE</sup><sub>t</sub>),1.737
99,Human capital investment,Educ./hlt capital (K<sup>GE</sup><sub>t</sub>),1.686
100,Human capital investment,Educ./hlt capital (K<sup>GE</sup><sub>t</sub>),1.636
1,R&D spending,Educ./hlt capital (K<sup>GE</sup><sub>t</sub>),0.0
2,R&D spending,Educ./hlt capital (K<sup>GE</sup><sub>t</sub>),0.0
3,R&D spending,Educ./hlt capital (K<sup>GE</sup><sub>t</sub>),0.0
4,R&D spending,Educ./hlt capital (K<sup>GE</sup><sub>t</sub>),0.0
5,R&D spending,Educ./hlt capital (K<sup>GE</sup><sub>t</sub>),0.0
6,R&D spending,Educ./hlt capital (K<sup>GE</sup><sub>t</sub>),0.0
7,R&D spending,Educ./hlt capital (K<sup>GE</sup><sub>t</sub>),0.0
8,R&D spending,Educ./hlt capital (K<sup>GE</sup><sub>t</sub>),0.0
9,R&D spending,Educ./hlt capital (K<sup>GE</sup><sub>t</sub>),0.0
10,R&D spending,Educ./hlt capital (K<sup>GE</sup><sub>t</sub>),0.0
11,R&D spending,Educ./hlt capital (K<sup>GE</sup><sub>t</sub>),0.0
12,R&D spending,Educ./hlt capital (K<sup>GE</sup><sub>t</sub>),0.0
13,R&D spending,Educ./hlt capital (K<sup>GE</sup><sub>t</sub>),0.0
14,R&D spending,Educ./hlt capital (K<sup>GE</sup><sub>t</sub>),0.0
15,R&D spending,Educ./hlt capital (K<sup>GE</sup><sub>t</sub>),0.0
16,R&D spending,Educ./hlt capital (K<sup>GE</sup><sub>t</sub>),0.0
17,R&D spending,Educ./hlt capital (K<sup>GE</sup><sub>t</sub>),0.0
18,R&D spending,Educ./hlt capital (K<sup>GE</sup><sub>t</sub>),0.0
19,R&D spending,Educ./hlt capital (K<sup>GE</sup><sub>t</sub>),0.0
20,R&D spending,Educ./hlt capital (K<sup>GE</sup><sub>t</sub>),0.0
21,R&D spending,Educ./hlt capital (K<sup>GE</sup><sub>t</sub>),0.0
22,R&D spending,Educ./hlt capital (K<sup>GE</sup><sub>t</sub>),0.0
23,R&D spending,Educ./hlt capital (K<sup>GE</sup><sub>t</sub>),0.0
24,R&D spending,Educ./hlt capital (K<sup>GE</sup><sub>t</sub>),0.0
25,R&D spending,Educ./hlt capital (K<sup>GE</sup><sub>t</sub>),0.0
26,R&D spending,Educ./hlt capital (K<sup>GE</sup><sub>t</sub>),0.0
27,R&D spending,Educ./hlt capital (K<sup>GE</sup><sub>t</sub>),0.0
28,R&D spending,Educ./hlt capital (K<sup>GE</sup><sub>t</sub>),0.0
29,R&D spending,Educ./hlt capital (K<sup>GE</sup><sub>t</sub>),0.0
30,R&D spending,Educ./hlt capital (K<sup>GE</sup><sub>t</sub>),0.0
31,R&D spending,Educ./hlt capital (K<sup>GE</sup><sub>t</sub>),0.0
32,R&D spending,Educ./hlt capital (K<sup>GE</sup><sub>t</sub>),0.0
33,R&D spending,Educ./hlt capital (K<sup>GE</sup><sub>t</sub>),0.0
34,R&D spending,Educ./hlt capital (K<sup>GE</sup><sub>t</sub>),0.0
35,R&D spending,Educ./hlt capital (K<sup>GE</sup><sub>t</sub>),0.0
36,R&D spending,Educ./hlt capital (K<sup>GE</sup><sub>t</sub>),0.0
37,R&D spending,Educ./hlt capital (K<sup>GE</sup><sub>t</sub>),0.0
38,R&D spending,Educ./hlt capital (K<sup>GE</sup><sub>t</sub>),0.0
39,R&D spending,Educ./hlt capital (K<sup>GE</sup><sub>t</sub>),0.0
40,R&D spending,Educ./hlt capital (K<sup>GE</sup><sub>t</sub>),0.0
41,R&D spending,Educ./hlt capital (K<sup>GE</sup><sub>t</sub>),0.0
42,R&D spending,Educ./hlt capital (K<sup>GE</sup><sub>t</sub>),0.0
43,R&D spending,Educ./hlt capital (K<sup>GE</sup><sub>t</sub>),0.0
44,R&D spending,Educ./hlt capital (K<sup>GE</sup><sub>t</sub>),0.0
45,R&D spending,Educ./hlt capital (K<sup>GE</sup><sub>t</sub>),0.0
46,R&D spending,Educ./hlt capital (K<sup>GE</sup><sub>t</sub>),0.0
47,R&D spending,Educ./hlt capital (K<sup>GE</sup><sub>t</sub>),0.0
48,R&D spending,Educ./hlt capital (K<sup>GE</sup><sub>t</sub>),0.0
49,R&D spending,Educ./hlt capital (K<sup>GE</sup><sub>t</sub>),0.0
50,R&D spending,Educ./hlt capital (K<sup>GE</sup><sub>t</sub>),0.0
51,R&D spending,Educ./hlt capital (K<sup>GE</sup><sub>t</sub>),0.0
52,R&D spending,Educ./hlt capital (K<sup>GE</sup><sub>t</sub>),0.0
53,R&D spending,Educ./hlt capital (K<sup>GE</sup><sub>t</sub>),0.0
54,R&D spending,Educ./hlt capital (K<sup>GE</sup><sub>t</sub>),0.0
55,R&D spending,Educ./hlt capital (K<sup>GE</sup><sub>t</sub>),0.0
56,R&D spending,Educ./hlt capital (K<sup>GE</sup><sub>t</sub>),0.0
57,R&D spending,Educ./hlt capital (K<sup>GE</sup><sub>t</sub>),0.0
58,R&D spending,Educ./hlt capital (K<sup>GE</sup><sub>t</sub>),0.0
59,R&D spending,Educ./hlt capital (K<sup>GE</sup><sub>t</sub>),0.0
60,R&D spending,Educ./hlt capital (K<sup>GE</sup><sub>t</sub>),0.0
61,R&D spending,Educ./hlt capital (K<sup>GE</sup><sub>t</sub>),0.0
62,R&D spending,Educ./hlt capital (K<sup>GE</sup><sub>t</sub>),0.0
63,R&D spending,Educ./hlt capital (K<sup>GE</sup><sub>t</sub>),0.0
64,R&D spending,Educ./hlt capital (K<sup>GE</sup><sub>t</sub>),0.0
65,R&D spending,Educ./hlt capital (K<sup>GE</sup><sub>t</sub>),0.0
66,R&D spending,Educ./hlt capital (K<sup>GE</sup><sub>t</sub>),0.0
67,R&D spending,Educ./hlt capital (K<sup>GE</sup><sub>t</sub>),0.0
68,R&D spending,Educ./hlt capital (K<sup>GE</sup><sub>t</sub>),0.0
69,R&D spending,Educ./hlt capital (K<sup>GE</sup><sub>t</sub>),0.0
70,R&D spending,Educ./hlt capital (K<sup>GE</sup><sub>t</sub>),0.0
71,R&D spending,Educ./hlt capital (K<sup>GE</sup><sub>t</sub>),0.0
72,R&D spending,Educ./hlt capital (K<sup>GE</sup><sub>t</sub>),0.0
73,R&D spending,Educ./hlt capital (K<sup>GE</sup><sub>t</sub>),0.0
74,R&D spending,Educ./hlt capital (K<sup>GE</sup><sub>t</sub>),0.0
75,R&D spending,Educ./hlt capital (K<sup>GE</sup><sub>t</sub>),0.0
76,R&D spending,Educ./hlt capital (K<sup>GE</sup><sub>t</sub>),0.0
77,R&D spending,Educ./hlt capital (K<sup>GE</sup><sub>t</sub>),0.0
78,R&D spending,Educ./hlt capital (K<sup>GE</sup><sub>t</sub>),0.0
79,R&D spending,Educ./hlt capital (K<sup>GE</sup><sub>t</sub>),0.0
80,R&D spending,Educ./hlt capital (K<sup>GE</sup><sub>t</sub>),0.0
81,R&D spending,Educ./hlt capital (K<sup>GE</sup><sub>t</sub>),0.0
82,R&D spending,Educ./hlt capital (K<sup>GE</sup><sub>t</sub>),0.0
83,R&D spending,Educ./hlt capital (K<sup>GE</sup><sub>t</sub>),0.0
84,R&D spending,Educ./hlt capital (K<sup>GE</sup><sub>t</sub>),0.0
85,R&D spending,Educ./hlt capital (K<sup>GE</sup><sub>t</sub>),0.0
86,R&D spending,Educ./hlt capital (K<sup>GE</sup><sub>t</sub>),0.0
87,R&D spending,Educ./hlt capital (K<sup>GE</sup><sub>t</sub>),0.0
88,R&D spending,Educ./hlt capital (K<sup>GE</sup><sub>t</sub>),0.0
89,R&D spending,Educ./hlt capital (K<sup>GE</sup><sub>t</sub>),0.0
90,R&D spending,Educ./hlt capital (K<sup>GE</sup><sub>t</sub>),0.0
91,R&D spending,Educ./hlt capital (K<sup>GE</sup><sub>t</sub>),0.0
92,R&D spending,Educ./hlt capital (K<sup>GE</sup><sub>t</sub>),0.0
93,R&D spending,Educ./hlt capital (K<sup>GE</sup><sub>t</sub>),0.0
94,R&D spending,Educ./hlt capital (K<sup>GE</sup><sub>t</sub>),0.0
95,R&D spending,Educ./hlt capital (K<sup>GE</sup><sub>t</sub>),0.0
96,R&D spending,Educ./hlt capital (K<sup>GE</sup><sub>t</sub>),0.0
97,R&D spending,Educ./hlt capital (K<sup>GE</sup><sub>t</sub>),0.0
98,R&D spending,Educ./hlt capital (K<sup>GE</sup><sub>t</sub>),0.0
99,R&D spending,Educ./hlt capital (K<sup>GE</sup><sub>t</sub>),0.0
100,R&D spending,Educ./hlt capital (K<sup>GE</sup><sub>t</sub>),0.0
1,Government consumption,Private capital (K<sub>t</sub>),-0.039
2,Government consumption,Private capital (K<sub>t</sub>),-0.102
3,Government consumption,Private capital (K<sub>t</sub>),-0.155
4,Government consumption,Private capital (K<sub>t</sub>),-0.199
5,Government consumption,Private capital (K<sub>t</sub>),-0.236
6,Government consumption,Private capital (K<sub>t</sub>),-0.267
7,Government consumption,Private capital (K<sub>t</sub>),-0.293
8,Government consumption,Private capital (K<sub>t</sub>),-0.314
9,Government consumption,Private capital (K<sub>t</sub>),-0.331
10,Government consumption,Private capital (K<sub>t</sub>),-0.345
11,Government consumption,Private capital (K<sub>t</sub>),-0.356
12,Government consumption,Private capital (K<sub>t</sub>),-0.364
13,Government consumption,Private capital (K<sub>t</sub>),-0.369
14,Government consumption,Private capital (K<sub>t</sub>),-0.373
15,Government consumption,Private capital (K<sub>t</sub>),-0.375
16,Government consumption,Private capital (K<sub>t</sub>),-0.376
17,Government consumption,Private capital (K<sub>t</sub>),-0.375
18,Government consumption,Private capital (K<sub>t</sub>),-0.374
19,Government consumption,Private capital (K<sub>t</sub>),-0.371
20,Government consumption,Private capital (K<sub>t</sub>),-0.368
21,Government consumption,Private capital (K<sub>t</sub>),-0.365
22,Government consumption,Private capital (K<sub>t</sub>),-0.36
23,Government consumption,Private capital (K<sub>t</sub>),-0.356
24,Government consumption,Private capital (K<sub>t</sub>),-0.351
25,Government consumption,Private capital (K<sub>t</sub>),-0.346
26,Government consumption,Private capital (K<sub>t</sub>),-0.34
27,Government consumption,Private capital (K<sub>t</sub>),-0.335
28,Government consumption,Private capital (K<sub>t</sub>),-0.329
29,Government consumption,Private capital (K<sub>t</sub>),-0.324
30,Government consumption,Private capital (K<sub>t</sub>),-0.318
31,Government consumption,Private capital (K<sub>t</sub>),-0.313
32,Government consumption,Private capital (K<sub>t</sub>),-0.307
33,Government consumption,Private capital (K<sub>t</sub>),-0.302
34,Government consumption,Private capital (K<sub>t</sub>),-0.296
35,Government consumption,Private capital (K<sub>t</sub>),-0.291
36,Government consumption,Private capital (K<sub>t</sub>),-0.286
37,Government consumption,Private capital (K<sub>t</sub>),-0.281
38,Government consumption,Private capital (K<sub>t</sub>),-0.276
39,Government consumption,Private capital (K<sub>t</sub>),-0.271
40,Government consumption,Private capital (K<sub>t</sub>),-0.266
41,Government consumption,Private capital (K<sub>t</sub>),-0.262
42,Government consumption,Private capital (K<sub>t</sub>),-0.257
43,Government consumption,Private capital (K<sub>t</sub>),-0.253
44,Government consumption,Private capital (K<sub>t</sub>),-0.248
45,Government consumption,Private capital (K<sub>t</sub>),-0.244
46,Government consumption,Private capital (K<sub>t</sub>),-0.24
47,Government consumption,Private capital (K<sub>t</sub>),-0.236
48,Government consumption,Private capital (K<sub>t</sub>),-0.232
49,Government consumption,Private capital (K<sub>t</sub>),-0.229
50,Government consumption,Private capital (K<sub>t</sub>),-0.225
51,Government consumption,Private capital (K<sub>t</sub>),-0.221
52,Government consumption,Private capital (K<sub>t</sub>),-0.218
53,Government consumption,Private capital (K<sub>t</sub>),-0.215
54,Government consumption,Private capital (K<sub>t</sub>),-0.211
55,Government consumption,Private capital (K<sub>t</sub>),-0.208
56,Government consumption,Private capital (K<sub>t</sub>),-0.205
57,Government consumption,Private capital (K<sub>t</sub>),-0.202
58,Government consumption,Private capital (K<sub>t</sub>),-0.199
59,Government consumption,Private capital (K<sub>t</sub>),-0.196
60,Government consumption,Private capital (K<sub>t</sub>),-0.193
61,Government consumption,Private capital (K<sub>t</sub>),-0.191
62,Government consumption,Private capital (K<sub>t</sub>),-0.188
63,Government consumption,Private capital (K<sub>t</sub>),-0.185
64,Government consumption,Private capital (K<sub>t</sub>),-0.183
65,Government consumption,Private capital (K<sub>t</sub>),-0.18
66,Government consumption,Private capital (K<sub>t</sub>),-0.178
67,Government consumption,Private capital (K<sub>t</sub>),-0.175
68,Government consumption,Private capital (K<sub>t</sub>),-0.173
69,Government consumption,Private capital (K<sub>t</sub>),-0.171
70,Government consumption,Private capital (K<sub>t</sub>),-0.168
71,Government consumption,Private capital (K<sub>t</sub>),-0.166
72,Government consumption,Private capital (K<sub>t</sub>),-0.164
73,Government consumption,Private capital (K<sub>t</sub>),-0.162
74,Government consumption,Private capital (K<sub>t</sub>),-0.16
75,Government consumption,Private capital (K<sub>t</sub>),-0.158
76,Government consumption,Private capital (K<sub>t</sub>),-0.155
77,Government consumption,Private capital (K<sub>t</sub>),-0.153
78,Government consumption,Private capital (K<sub>t</sub>),-0.152
79,Government consumption,Private capital (K<sub>t</sub>),-0.15
80,Government consumption,Private capital (K<sub>t</sub>),-0.148
81,Government consumption,Private capital (K<sub>t</sub>),-0.146
82,Government consumption,Private capital (K<sub>t</sub>),-0.144
83,Government consumption,Private capital (K<sub>t</sub>),-0.142
84,Government consumption,Private capital (K<sub>t</sub>),-0.14
85,Government consumption,Private capital (K<sub>t</sub>),-0.139
86,Government consumption,Private capital (K<sub>t</sub>),-0.137
87,Government consumption,Private capital (K<sub>t</sub>),-0.135
88,Government consumption,Private capital (K<sub>t</sub>),-0.133
89,Government consumption,Private capital (K<sub>t</sub>),-0.132
90,Government consumption,Private capital (K<sub>t</sub>),-0.13
91,Government consumption,Private capital (K<sub>t</sub>),-0.128
92,Government consumption,Private capital (K<sub>t</sub>),-0.127
93,Government consumption,Private capital (K<sub>t</sub>),-0.125
94,Government consumption,Private capital (K<sub>t</sub>),-0.124
95,Government consumption,Private capital (K<sub>t</sub>),-0.122
96,Government consumption,Private capital (K<sub>t</sub>),-0.121
97,Government consumption,Private capital (K<sub>t</sub>),-0.119
98,Government consumption,Private capital (K<sub>t</sub>),-0.118
99,Government consumption,Private capital (K<sub>t</sub>),-0.116
100,Government consumption,Private capital (K<sub>t</sub>),-0.115
1,Infrastructure investment,Private capital (K<sub>t</sub>),-0.059
2,Infrastructure investment,Private capital (K<sub>t</sub>),-0.152
3,Infrastructure investment,Private capital (K<sub>t</sub>),-0.223
4,Infrastructure investment,Private capital (K<sub>t</sub>),-0.277
5,Infrastructure investment,Private capital (K<sub>t</sub>),-0.317
6,Infrastructure investment,Private capital (K<sub>t</sub>),-0.344
7,Infrastructure investment,Private capital (K<sub>t</sub>),-0.362
8,Infrastructure investment,Private capital (K<sub>t</sub>),-0.371
9,Infrastructure investment,Private capital (K<sub>t</sub>),-0.373
10,Infrastructure investment,Private capital (K<sub>t</sub>),-0.368
11,Infrastructure investment,Private capital (K<sub>t</sub>),-0.359
12,Infrastructure investment,Private capital (K<sub>t</sub>),-0.346
13,Infrastructure investment,Private capital (K<sub>t</sub>),-0.329
14,Infrastructure investment,Private capital (K<sub>t</sub>),-0.31
15,Infrastructure investment,Private capital (K<sub>t</sub>),-0.289
16,Infrastructure investment,Private capital (K<sub>t</sub>),-0.266
17,Infrastructure investment,Private capital (K<sub>t</sub>),-0.243
18,Infrastructure investment,Private capital (K<sub>t</sub>),-0.218
19,Infrastructure investment,Private capital (K<sub>t</sub>),-0.193
20,Infrastructure investment,Private capital (K<sub>t</sub>),-0.168
21,Infrastructure investment,Private capital (K<sub>t</sub>),-0.143
22,Infrastructure investment,Private capital (K<sub>t</sub>),-0.119
23,Infrastructure investment,Private capital (K<sub>t</sub>),-0.095
24,Infrastructure investment,Private capital (K<sub>t</sub>),-0.071
25,Infrastructure investment,Private capital (K<sub>t</sub>),-0.048
26,Infrastructure investment,Private capital (K<sub>t</sub>),-0.025
27,Infrastructure investment,Private capital (K<sub>t</sub>),-0.004
28,Infrastructure investment,Private capital (K<sub>t</sub>),0.017
29,Infrastructure investment,Private capital (K<sub>t</sub>),0.037
30,Infrastructure investment,Private capital (K<sub>t</sub>),0.056
31,Infrastructure investment,Private capital (K<sub>t</sub>),0.074
32,Infrastructure investment,Private capital (K<sub>t</sub>),0.091
33,Infrastructure investment,Private capital (K<sub>t</sub>),0.107
34,Infrastructure investment,Private capital (K<sub>t</sub>),0.123
35,Infrastructure investment,Private capital (K<sub>t</sub>),0.137
36,Infrastructure investment,Private capital (K<sub>t</sub>),0.151
37,Infrastructure investment,Private capital (K<sub>t</sub>),0.164
38,Infrastructure investment,Private capital (K<sub>t</sub>),0.176
39,Infrastructure investment,Private capital (K<sub>t</sub>),0.187
40,Infrastructure investment,Private capital (K<sub>t</sub>),0.197
41,Infrastructure investment,Private capital (K<sub>t</sub>),0.207
42,Infrastructure investment,Private capital (K<sub>t</sub>),0.216
43,Infrastructure investment,Private capital (K<sub>t</sub>),0.224
44,Infrastructure investment,Private capital (K<sub>t</sub>),0.232
45,Infrastructure investment,Private capital (K<sub>t</sub>),0.239
46,Infrastructure investment,Private capital (K<sub>t</sub>),0.246
47,Infrastructure investment,Private capital (K<sub>t</sub>),0.252
48,Infrastructure investment,Private capital (K<sub>t</sub>),0.257
49,Infrastructure investment,Private capital (K<sub>t</sub>),0.262
50,Infrastructure investment,Private capital (K<sub>t</sub>),0.266
51,Infrastructure investment,Private capital (K<sub>t</sub>),0.27
52,Infrastructure investment,Private capital (K<sub>t</sub>),0.274
53,Infrastructure investment,Private capital (K<sub>t</sub>),0.277
54,Infrastructure investment,Private capital (K<sub>t</sub>),0.279
55,Infrastructure investment,Private capital (K<sub>t</sub>),0.282
56,Infrastructure investment,Private capital (K<sub>t</sub>),0.284
57,Infrastructure investment,Private capital (K<sub>t</sub>),0.285
58,Infrastructure investment,Private capital (K<sub>t</sub>),0.287
59,Infrastructure investment,Private capital (K<sub>t</sub>),0.288
60,Infrastructure investment,Private capital (K<sub>t</sub>),0.289
61,Infrastructure investment,Private capital (K<sub>t</sub>),0.289
62,Infrastructure investment,Private capital (K<sub>t</sub>),0.29
63,Infrastructure investment,Private capital (K<sub>t</sub>),0.29
64,Infrastructure investment,Private capital (K<sub>t</sub>),0.29
65,Infrastructure investment,Private capital (K<sub>t</sub>),0.289
66,Infrastructure investment,Private capital (K<sub>t</sub>),0.289
67,Infrastructure investment,Private capital (K<sub>t</sub>),0.288
68,Infrastructure investment,Private capital (K<sub>t</sub>),0.287
69,Infrastructure investment,Private capital (K<sub>t</sub>),0.286
70,Infrastructure investment,Private capital (K<sub>t</sub>),0.285
71,Infrastructure investment,Private capital (K<sub>t</sub>),0.284
72,Infrastructure investment,Private capital (K<sub>t</sub>),0.283
73,Infrastructure investment,Private capital (K<sub>t</sub>),0.281
74,Infrastructure investment,Private capital (K<sub>t</sub>),0.28
75,Infrastructure investment,Private capital (K<sub>t</sub>),0.278
76,Infrastructure investment,Private capital (K<sub>t</sub>),0.277
77,Infrastructure investment,Private capital (K<sub>t</sub>),0.275
78,Infrastructure investment,Private capital (K<sub>t</sub>),0.273
79,Infrastructure investment,Private capital (K<sub>t</sub>),0.271
80,Infrastructure investment,Private capital (K<sub>t</sub>),0.269
81,Infrastructure investment,Private capital (K<sub>t</sub>),0.267
82,Infrastructure investment,Private capital (K<sub>t</sub>),0.265
83,Infrastructure investment,Private capital (K<sub>t</sub>),0.263
84,Infrastructure investment,Private capital (K<sub>t</sub>),0.261
85,Infrastructure investment,Private capital (K<sub>t</sub>),0.258
86,Infrastructure investment,Private capital (K<sub>t</sub>),0.256
87,Infrastructure investment,Private capital (K<sub>t</sub>),0.254
88,Infrastructure investment,Private capital (K<sub>t</sub>),0.252
89,Infrastructure investment,Private capital (K<sub>t</sub>),0.249
90,Infrastructure investment,Private capital (K<sub>t</sub>),0.247
91,Infrastructure investment,Private capital (K<sub>t</sub>),0.245
92,Infrastructure investment,Private capital (K<sub>t</sub>),0.242
93,Infrastructure investment,Private capital (K<sub>t</sub>),0.24
94,Infrastructure investment,Private capital (K<sub>t</sub>),0.238
95,Infrastructure investment,Private capital (K<sub>t</sub>),0.235
96,Infrastructure investment,Private capital (K<sub>t</sub>),0.233
97,Infrastructure investment,Private capital (K<sub>t</sub>),0.231
98,Infrastructure investment,Private capital (K<sub>t</sub>),0.228
99,Infrastructure investment,Private capital (K<sub>t</sub>),0.226
100,Infrastructure investment,Private capital (K<sub>t</sub>),0.223
1,Human capital investment,Private capital (K<sub>t</sub>),-0.016
2,Human capital investment,Private capital (K<sub>t</sub>),-0.08
3,Human capital investment,Private capital (K<sub>t</sub>),-0.144
4,Human capital investment,Private capital (K<sub>t</sub>),-0.208
5,Human capital investment,Private capital (K<sub>t</sub>),-0.271
6,Human capital investment,Private capital (K<sub>t</sub>),-0.332
7,Human capital investment,Private capital (K<sub>t</sub>),-0.391
8,Human capital investment,Private capital (K<sub>t</sub>),-0.447
9,Human capital investment,Private capital (K<sub>t</sub>),-0.499
10,Human capital investment,Private capital (K<sub>t</sub>),-0.547
11,Human capital investment,Private capital (K<sub>t</sub>),-0.591
12,Human capital investment,Private capital (K<sub>t</sub>),-0.631
13,Human capital investment,Private capital (K<sub>t</sub>),-0.666
14,Human capital investment,Private capital (K<sub>t</sub>),-0.697
15,Human capital investment,Private capital (K<sub>t</sub>),-0.724
16,Human capital investment,Private capital (K<sub>t</sub>),-0.747
17,Human capital investment,Private capital (K<sub>t</sub>),-0.766
18,Human capital investment,Private capital (K<sub>t</sub>),-0.78
19,Human capital investment,Private capital (K<sub>t</sub>),-0.791
20,Human capital investment,Private capital (K<sub>t</sub>),-0.798
21,Human capital investment,Private capital (K<sub>t</sub>),-0.802
22,Human capital investment,Private capital (K<sub>t</sub>),-0.802
23,Human capital investment,Private capital (K<sub>t</sub>),-0.8
24,Human capital investment,Private capital (K<sub>t</sub>),-0.794
25,Human capital investment,Private capital (K<sub>t</sub>),-0.786
26,Human capital investment,Private capital (K<sub>t</sub>),-0.775
27,Human capital investment,Private capital (K<sub>t</sub>),-0.762
28,Human capital investment,Private capital (K<sub>t</sub>),-0.746
29,Human capital investment,Private capital (K<sub>t</sub>),-0.729
30,Human capital investment,Private capital (K<sub>t</sub>),-0.709
31,Human capital investment,Private capital (K<sub>t</sub>),-0.688
32,Human capital investment,Private capital (K<sub>t</sub>),-0.666
33,Human capital investment,Private capital (K<sub>t</sub>),-0.642
34,Human capital investment,Private capital (K<sub>t</sub>),-0.616
35,Human capital investment,Private capital (K<sub>t</sub>),-0.59
36,Human capital investment,Private capital (K<sub>t</sub>),-0.562
37,Human capital investment,Private capital (K<sub>t</sub>),-0.534
38,Human capital investment,Private capital (K<sub>t</sub>),-0.504
39,Human capital investment,Private capital (K<sub>t</sub>),-0.474
40,Human capital investment,Private capital (K<sub>t</sub>),-0.444
41,Human capital investment,Private capital (K<sub>t</sub>),-0.413
42,Human capital investment,Private capital (K<sub>t</sub>),-0.382
43,Human capital investment,Private capital (K<sub>t</sub>),-0.35
44,Human capital investment,Private capital (K<sub>t</sub>),-0.318
45,Human capital investment,Private capital (K<sub>t</sub>),-0.286
46,Human capital investment,Private capital (K<sub>t</sub>),-0.254
47,Human capital investment,Private capital (K<sub>t</sub>),-0.222
48,Human capital investment,Private capital (K<sub>t</sub>),-0.19
49,Human capital investment,Private capital (K<sub>t</sub>),-0.158
50,Human capital investment,Private capital (K<sub>t</sub>),-0.126
51,Human capital investment,Private capital (K<sub>t</sub>),-0.094
52,Human capital investment,Private capital (K<sub>t</sub>),-0.063
53,Human capital investment,Private capital (K<sub>t</sub>),-0.032
54,Human capital investment,Private capital (K<sub>t</sub>),-0.001
55,Human capital investment,Private capital (K<sub>t</sub>),0.029
56,Human capital investment,Private capital (K<sub>t</sub>),0.059
57,Human capital investment,Private capital (K<sub>t</sub>),0.089
58,Human capital investment,Private capital (K<sub>t</sub>),0.118
59,Human capital investment,Private capital (K<sub>t</sub>),0.146
60,Human capital investment,Private capital (K<sub>t</sub>),0.174
61,Human capital investment,Private capital (K<sub>t</sub>),0.202
62,Human capital investment,Private capital (K<sub>t</sub>),0.229
63,Human capital investment,Private capital (K<sub>t</sub>),0.255
64,Human capital investment,Private capital (K<sub>t</sub>),0.281
65,Human capital investment,Private capital (K<sub>t</sub>),0.306
66,Human capital investment,Private capital (K<sub>t</sub>),0.331
67,Human capital investment,Private capital (K<sub>t</sub>),0.355
68,Human capital investment,Private capital (K<sub>t</sub>),0.379
69,Human capital investment,Private capital (K<sub>t</sub>),0.401
70,Human capital investment,Private capital (K<sub>t</sub>),0.424
71,Human capital investment,Private capital (K<sub>t</sub>),0.445
72,Human capital investment,Private capital (K<sub>t</sub>),0.466
73,Human capital investment,Private capital (K<sub>t</sub>),0.487
74,Human capital investment,Private capital (K<sub>t</sub>),0.507
75,Human capital investment,Private capital (K<sub>t</sub>),0.526
76,Human capital investment,Private capital (K<sub>t</sub>),0.544
77,Human capital investment,Private capital (K<sub>t</sub>),0.562
78,Human capital investment,Private capital (K<sub>t</sub>),0.579
79,Human capital investment,Private capital (K<sub>t</sub>),0.596
80,Human capital investment,Private capital (K<sub>t</sub>),0.612
81,Human capital investment,Private capital (K<sub>t</sub>),0.628
82,Human capital investment,Private capital (K<sub>t</sub>),0.643
83,Human capital investment,Private capital (K<sub>t</sub>),0.657
84,Human capital investment,Private capital (K<sub>t</sub>),0.671
85,Human capital investment,Private capital (K<sub>t</sub>),0.684
86,Human capital investment,Private capital (K<sub>t</sub>),0.697
87,Human capital investment,Private capital (K<sub>t</sub>),0.709
88,Human capital investment,Private capital (K<sub>t</sub>),0.721
89,Human capital investment,Private capital (K<sub>t</sub>),0.732
90,Human capital investment,Private capital (K<sub>t</sub>),0.742
91,Human capital investment,Private capital (K<sub>t</sub>),0.752
92,Human capital investment,Private capital (K<sub>t</sub>),0.762
93,Human capital investment,Private capital (K<sub>t</sub>),0.771
94,Human capital investment,Private capital (K<sub>t</sub>),0.779
95,Human capital investment,Private capital (K<sub>t</sub>),0.787
96,Human capital investment,Private capital (K<sub>t</sub>),0.795
97,Human capital investment,Private capital (K<sub>t</sub>),0.802
98,Human capital investment,Private capital (K<sub>t</sub>),0.809
99,Human capital investment,Private capital (K<sub>t</sub>),0.815
100,Human capital investment,Private capital (K<sub>t</sub>),0.821
1,R&D spending,Private capital (K<sub>t</sub>),0.0
2,R&D spending,Private capital (K<sub>t</sub>),-0.051
3,R&D spending,Private capital (K<sub>t</sub>),-0.135
4,R&D spending,Private capital (K<sub>t</sub>),-0.237
5,R&D spending,Private capital (K<sub>t</sub>),-0.347
6,R&D spending,Private capital (K<sub>t</sub>),-0.456
7,R&D spending,Private capital (K<sub>t</sub>),-0.559
8,R&D spending,Private capital (K<sub>t</sub>),-0.651
9,R&D spending,Private capital (K<sub>t</sub>),-0.731
10,R&D spending,Private capital (K<sub>t</sub>),-0.797
11,R&D spending,Private capital (K<sub>t</sub>),-0.848
12,R&D spending,Private capital (K<sub>t</sub>),-0.885
13,R&D spending,Private capital (K<sub>t</sub>),-0.908
14,R&D spending,Private capital (K<sub>t</sub>),-0.918
15,R&D spending,Private capital (K<sub>t</sub>),-0.916
16,R&D spending,Private capital (K<sub>t</sub>),-0.903
17,R&D spending,Private capital (K<sub>t</sub>),-0.88
18,R&D spending,Private capital (K<sub>t</sub>),-0.848
19,R&D spending,Private capital (K<sub>t</sub>),-0.809
20,R&D spending,Private capital (K<sub>t</sub>),-0.763
21,R&D spending,Private capital (K<sub>t</sub>),-0.713
22,R&D spending,Private capital (K<sub>t</sub>),-0.658
23,R&D spending,Private capital (K<sub>t</sub>),-0.599
24,R&D spending,Private capital (K<sub>t</sub>),-0.538
25,R&D spending,Private capital (K<sub>t</sub>),-0.476
26,R&D spending,Private capital (K<sub>t</sub>),-0.412
27,R&D spending,Private capital (K<sub>t</sub>),-0.348
28,R&D spending,Private capital (K<sub>t</sub>),-0.285
29,R&D spending,Private capital (K<sub>t</sub>),-0.221
30,R&D spending,Private capital (K<sub>t</sub>),-0.159
31,R&D spending,Private capital (K<sub>t</sub>),-0.098
32,R&D spending,Private capital (K<sub>t</sub>),-0.039
33,R&D spending,Private capital (K<sub>t</sub>),0.018
34,R&D spending,Private capital (K<sub>t</sub>),0.073
35,R&D spending,Private capital (K<sub>t</sub>),0.126
36,R&D spending,Private capital (K<sub>t</sub>),0.177
37,R&D spending,Private capital (K<sub>t</sub>),0.225
38,R&D spending,Private capital (K<sub>t</sub>),0.271
39,R&D spending,Private capital (K<sub>t</sub>),0.315
40,R&D spending,Private capital (K<sub>t</sub>),0.355
41,R&D spending,Private capital (K<sub>t</sub>),0.394
42,R&D spending,Private capital (K<sub>t</sub>),0.43
43,R&D spending,Private capital (K<sub>t</sub>),0.463
44,R&D spending,Private capital (K<sub>t</sub>),0.494
45,R&D spending,Private capital (K<sub>t</sub>),0.523
46,R&D spending,Private capital (K<sub>t</sub>),0.55
47,R&D spending,Private capital (K<sub>t</sub>),0.574
48,R&D spending,Private capital (K<sub>t</sub>),0.597
49,R&D spending,Private capital (K<sub>t</sub>),0.617
50,R&D spending,Private capital (K<sub>t</sub>),0.636
51,R&D spending,Private capital (K<sub>t</sub>),0.652
52,R&D spending,Private capital (K<sub>t</sub>),0.667
53,R&D spending,Private capital (K<sub>t</sub>),0.681
54,R&D spending,Private capital (K<sub>t</sub>),0.692
55,R&D spending,Private capital (K<sub>t</sub>),0.703
56,R&D spending,Private capital (K<sub>t</sub>),0.712
57,R&D spending,Private capital (K<sub>t</sub>),0.719
58,R&D spending,Private capital (K<sub>t</sub>),0.726
59,R&D spending,Private capital (K<sub>t</sub>),0.731
60,R&D spending,Private capital (K<sub>t</sub>),0.735
61,R&D spending,Private capital (K<sub>t</sub>),0.738
62,R&D spending,Private capital (K<sub>t</sub>),0.741
63,R&D spending,Private capital (K<sub>t</sub>),0.742
64,R&D spending,Private capital (K<sub>t</sub>),0.742
65,R&D spending,Private capital (K<sub>t</sub>),0.742
66,R&D spending,Private capital (K<sub>t</sub>),0.741
67,R&D spending,Private capital (K<sub>t</sub>),0.74
68,R&D spending,Private capital (K<sub>t</sub>),0.737
69,R&D spending,Private capital (K<sub>t</sub>),0.735
70,R&D spending,Private capital (K<sub>t</sub>),0.731
71,R&D spending,Private capital (K<sub>t</sub>),0.728
72,R&D spending,Private capital (K<sub>t</sub>),0.723
73,R&D spending,Private capital (K<sub>t</sub>),0.719
74,R&D spending,Private capital (K<sub>t</sub>),0.714
75,R&D spending,Private capital (K<sub>t</sub>),0.709
76,R&D spending,Private capital (K<sub>t</sub>),0.703
77,R&D spending,Private capital (K<sub>t</sub>),0.698
78,R&D spending,Private capital (K<sub>t</sub>),0.691
79,R&D spending,Private capital (K<sub>t</sub>),0.685
80,R&D spending,Private capital (K<sub>t</sub>),0.679
81,R&D spending,Private capital (K<sub>t</sub>),0.672
82,R&D spending,Private capital (K<sub>t</sub>),0.666
83,R&D spending,Private capital (K<sub>t</sub>),0.659
84,R&D spending,Private capital (K<sub>t</sub>),0.652
85,R&D spending,Private capital (K<sub>t</sub>),0.645
86,R&D spending,Private capital (K<sub>t</sub>),0.638
87,R&D spending,Private capital (K<sub>t</sub>),0.631
88,R&D spending,Private capital (K<sub>t</sub>),0.623
89,R&D spending,Private capital (K<sub>t</sub>),0.616
90,R&D spending,Private capital (K<sub>t</sub>),0.609
91,R&D spending,Private capital (K<sub>t</sub>),0.602
92,R&D spending,Private capital (K<sub>t</sub>),0.594
93,R&D spending,Private capital (K<sub>t</sub>),0.587
94,R&D spending,Private capital (K<sub>t</sub>),0.58
95,R&D spending,Private capital (K<sub>t</sub>),0.572
96,R&D spending,Private capital (K<sub>t</sub>),0.565
97,R&D spending,Private capital (K<sub>t</sub>),0.558
98,R&D spending,Private capital (K<sub>t</sub>),0.551
99,R&D spending,Private capital (K<sub>t</sub>),0.544
100,R&D spending,Private capital (K<sub>t</sub>),0.537
1,Government consumption,Labor supply (L<sub>t</sub>),0.628
2,Government consumption,Labor supply (L<sub>t</sub>),0.255
3,Government consumption,Labor supply (L<sub>t</sub>),0.252
4,Government consumption,Labor supply (L<sub>t</sub>),0.24
5,Government consumption,Labor supply (L<sub>t</sub>),0.225
6,Government consumption,Labor supply (L<sub>t</sub>),0.21
7,Government consumption,Labor supply (L<sub>t</sub>),0.196
8,Government consumption,Labor supply (L<sub>t</sub>),0.182
9,Government consumption,Labor supply (L<sub>t</sub>),0.17
10,Government consumption,Labor supply (L<sub>t</sub>),0.159
11,Government consumption,Labor supply (L<sub>t</sub>),0.148
12,Government consumption,Labor supply (L<sub>t</sub>),0.139
13,Government consumption,Labor supply (L<sub>t</sub>),0.13
14,Government consumption,Labor supply (L<sub>t</sub>),0.121
15,Government consumption,Labor supply (L<sub>t</sub>),0.113
16,Government consumption,Labor supply (L<sub>t</sub>),0.106
17,Government consumption,Labor supply (L<sub>t</sub>),0.1
18,Government consumption,Labor supply (L<sub>t</sub>),0.093
19,Government consumption,Labor supply (L<sub>t</sub>),0.088
20,Government consumption,Labor supply (L<sub>t</sub>),0.082
21,Government consumption,Labor supply (L<sub>t</sub>),0.077
22,Government consumption,Labor supply (L<sub>t</sub>),0.073
23,Government consumption,Labor supply (L<sub>t</sub>),0.068
24,Government consumption,Labor supply (L<sub>t</sub>),0.064
25,Government consumption,Labor supply (L<sub>t</sub>),0.061
26,Government consumption,Labor supply (L<sub>t</sub>),0.057
27,Government consumption,Labor supply (L<sub>t</sub>),0.054
28,Government consumption,Labor supply (L<sub>t</sub>),0.051
29,Government consumption,Labor supply (L<sub>t</sub>),0.049
30,Government consumption,Labor supply (L<sub>t</sub>),0.046
31,Government consumption,Labor supply (L<sub>t</sub>),0.044
32,Government consumption,Labor supply (L<sub>t</sub>),0.042
33,Government consumption,Labor supply (L<sub>t</sub>),0.04
34,Government consumption,Labor supply (L<sub>t</sub>),0.038
35,Government consumption,Labor supply (L<sub>t</sub>),0.036
36,Government consumption,Labor supply (L<sub>t</sub>),0.034
37,Government consumption,Labor supply (L<sub>t</sub>),0.033
38,Government consumption,Labor supply (L<sub>t</sub>),0.032
39,Government consumption,Labor supply (L<sub>t</sub>),0.03
40,Government consumption,Labor supply (L<sub>t</sub>),0.029
41,Government consumption,Labor supply (L<sub>t</sub>),0.028
42,Government consumption,Labor supply (L<sub>t</sub>),0.027
43,Government consumption,Labor supply (L<sub>t</sub>),0.026
44,Government consumption,Labor supply (L<sub>t</sub>),0.025
45,Government consumption,Labor supply (L<sub>t</sub>),0.024
46,Government consumption,Labor supply (L<sub>t</sub>),0.023
47,Government consumption,Labor supply (L<sub>t</sub>),0.023
48,Government consumption,Labor supply (L<sub>t</sub>),0.022
49,Government consumption,Labor supply (L<sub>t</sub>),0.021
50,Government consumption,Labor supply (L<sub>t</sub>),0.021
51,Government consumption,Labor supply (L<sub>t</sub>),0.02
52,Government consumption,Labor supply (L<sub>t</sub>),0.02
53,Government consumption,Labor supply (L<sub>t</sub>),0.019
54,Government consumption,Labor supply (L<sub>t</sub>),0.019
55,Government consumption,Labor supply (L<sub>t</sub>),0.018
56,Government consumption,Labor supply (L<sub>t</sub>),0.018
57,Government consumption,Labor supply (L<sub>t</sub>),0.018
58,Government consumption,Labor supply (L<sub>t</sub>),0.017
59,Government consumption,Labor supply (L<sub>t</sub>),0.017
60,Government consumption,Labor supply (L<sub>t</sub>),0.017
61,Government consumption,Labor supply (L<sub>t</sub>),0.016
62,Government consumption,Labor supply (L<sub>t</sub>),0.016
63,Government consumption,Labor supply (L<sub>t</sub>),0.016
64,Government consumption,Labor supply (L<sub>t</sub>),0.015
65,Government consumption,Labor supply (L<sub>t</sub>),0.015
66,Government consumption,Labor supply (L<sub>t</sub>),0.015
67,Government consumption,Labor supply (L<sub>t</sub>),0.015
68,Government consumption,Labor supply (L<sub>t</sub>),0.015
69,Government consumption,Labor supply (L<sub>t</sub>),0.014
70,Government consumption,Labor supply (L<sub>t</sub>),0.014
71,Government consumption,Labor supply (L<sub>t</sub>),0.014
72,Government consumption,Labor supply (L<sub>t</sub>),0.014
73,Government consumption,Labor supply (L<sub>t</sub>),0.014
74,Government consumption,Labor supply (L<sub>t</sub>),0.013
75,Government consumption,Labor supply (L<sub>t</sub>),0.013
76,Government consumption,Labor supply (L<sub>t</sub>),0.013
77,Government consumption,Labor supply (L<sub>t</sub>),0.013
78,Government consumption,Labor supply (L<sub>t</sub>),0.013
79,Government consumption,Labor supply (L<sub>t</sub>),0.013
80,Government consumption,Labor supply (L<sub>t</sub>),0.012
81,Government consumption,Labor supply (L<sub>t</sub>),0.012
82,Government consumption,Labor supply (L<sub>t</sub>),0.012
83,Government consumption,Labor supply (L<sub>t</sub>),0.012
84,Government consumption,Labor supply (L<sub>t</sub>),0.012
85,Government consumption,Labor supply (L<sub>t</sub>),0.012
86,Government consumption,Labor supply (L<sub>t</sub>),0.012
87,Government consumption,Labor supply (L<sub>t</sub>),0.012
88,Government consumption,Labor supply (L<sub>t</sub>),0.011
89,Government consumption,Labor supply (L<sub>t</sub>),0.011
90,Government consumption,Labor supply (L<sub>t</sub>),0.011
91,Government consumption,Labor supply (L<sub>t</sub>),0.011
92,Government consumption,Labor supply (L<sub>t</sub>),0.011
93,Government consumption,Labor supply (L<sub>t</sub>),0.011
94,Government consumption,Labor supply (L<sub>t</sub>),0.011
95,Government consumption,Labor supply (L<sub>t</sub>),0.011
96,Government consumption,Labor supply (L<sub>t</sub>),0.01
97,Government consumption,Labor supply (L<sub>t</sub>),0.01
98,Government consumption,Labor supply (L<sub>t</sub>),0.01
99,Government consumption,Labor supply (L<sub>t</sub>),0.01
100,Government consumption,Labor supply (L<sub>t</sub>),0.01
1,Infrastructure investment,Labor supply (L<sub>t</sub>),0.64
2,Infrastructure investment,Labor supply (L<sub>t</sub>),0.081
3,Infrastructure investment,Labor supply (L<sub>t</sub>),0.119
4,Infrastructure investment,Labor supply (L<sub>t</sub>),0.139
5,Infrastructure investment,Labor supply (L<sub>t</sub>),0.151
6,Infrastructure investment,Labor supply (L<sub>t</sub>),0.158
7,Infrastructure investment,Labor supply (L<sub>t</sub>),0.162
8,Infrastructure investment,Labor supply (L<sub>t</sub>),0.164
9,Infrastructure investment,Labor supply (L<sub>t</sub>),0.165
10,Infrastructure investment,Labor supply (L<sub>t</sub>),0.163
11,Infrastructure investment,Labor supply (L<sub>t</sub>),0.161
12,Infrastructure investment,Labor supply (L<sub>t</sub>),0.157
13,Infrastructure investment,Labor supply (L<sub>t</sub>),0.153
14,Infrastructure investment,Labor supply (L<sub>t</sub>),0.148
15,Infrastructure investment,Labor supply (L<sub>t</sub>),0.142
16,Infrastructure investment,Labor supply (L<sub>t</sub>),0.136
17,Infrastructure investment,Labor supply (L<sub>t</sub>),0.13
18,Infrastructure investment,Labor supply (L<sub>t</sub>),0.124
19,Infrastructure investment,Labor supply (L<sub>t</sub>),0.118
20,Infrastructure investment,Labor supply (L<sub>t</sub>),0.111
21,Infrastructure investment,Labor supply (L<sub>t</sub>),0.105
22,Infrastructure investment,Labor supply (L<sub>t</sub>),0.099
23,Infrastructure investment,Labor supply (L<sub>t</sub>),0.092
24,Infrastructure investment,Labor supply (L<sub>t</sub>),0.086
25,Infrastructure investment,Labor supply (L<sub>t</sub>),0.08
26,Infrastructure investment,Labor supply (L<sub>t</sub>),0.075
27,Infrastructure investment,Labor supply (L<sub>t</sub>),0.069
28,Infrastructure investment,Labor supply (L<sub>t</sub>),0.064
29,Infrastructure investment,Labor supply (L<sub>t</sub>),0.058
30,Infrastructure investment,Labor supply (L<sub>t</sub>),0.053
31,Infrastructure investment,Labor supply (L<sub>t</sub>),0.049
32,Infrastructure investment,Labor supply (L<sub>t</sub>),0.044
33,Infrastructure investment,Labor supply (L<sub>t</sub>),0.04
34,Infrastructure investment,Labor supply (L<sub>t</sub>),0.036
35,Infrastructure investment,Labor supply (L<sub>t</sub>),0.032
36,Infrastructure investment,Labor supply (L<sub>t</sub>),0.028
37,Infrastructure investment,Labor supply (L<sub>t</sub>),0.024
38,Infrastructure investment,Labor supply (L<sub>t</sub>),0.021
39,Infrastructure investment,Labor supply (L<sub>t</sub>),0.018
40,Infrastructure investment,Labor supply (L<sub>t</sub>),0.015
41,Infrastructure investment,Labor supply (L<sub>t</sub>),0.012
42,Infrastructure investment,Labor supply (L<sub>t</sub>),0.009
43,Infrastructure investment,Labor supply (L<sub>t</sub>),0.007
44,Infrastructure investment,Labor supply (L<sub>t</sub>),0.005
45,Infrastructure investment,Labor supply (L<sub>t</sub>),0.002
46,Infrastructure investment,Labor supply (L<sub>t</sub>),0.0
47,Infrastructure investment,Labor supply (L<sub>t</sub>),-0.002
48,Infrastructure investment,Labor supply (L<sub>t</sub>),-0.003
49,Infrastructure investment,Labor supply (L<sub>t</sub>),-0.005
50,Infrastructure investment,Labor supply (L<sub>t</sub>),-0.007
51,Infrastructure investment,Labor supply (L<sub>t</sub>),-0.008
52,Infrastructure investment,Labor supply (L<sub>t</sub>),-0.01
53,Infrastructure investment,Labor supply (L<sub>t</sub>),-0.011
54,Infrastructure investment,Labor supply (L<sub>t</sub>),-0.012
55,Infrastructure investment,Labor supply (L<sub>t</sub>),-0.013
56,Infrastructure investment,Labor supply (L<sub>t</sub>),-0.014
57,Infrastructure investment,Labor supply (L<sub>t</sub>),-0.015
58,Infrastructure investment,Labor supply (L<sub>t</sub>),-0.016
59,Infrastructure investment,Labor supply (L<sub>t</sub>),-0.017
60,Infrastructure investment,Labor supply (L<sub>t</sub>),-0.017
61,Infrastructure investment,Labor supply (L<sub>t</sub>),-0.018
62,Infrastructure investment,Labor supply (L<sub>t</sub>),-0.019
63,Infrastructure investment,Labor supply (L<sub>t</sub>),-0.019
64,Infrastructure investment,Labor supply (L<sub>t</sub>),-0.02
65,Infrastructure investment,Labor supply (L<sub>t</sub>),-0.02
66,Infrastructure investment,Labor supply (L<sub>t</sub>),-0.021
67,Infrastructure investment,Labor supply (L<sub>t</sub>),-0.021
68,Infrastructure investment,Labor supply (L<sub>t</sub>),-0.021
69,Infrastructure investment,Labor supply (L<sub>t</sub>),-0.021
70,Infrastructure investment,Labor supply (L<sub>t</sub>),-0.022
71,Infrastructure investment,Labor supply (L<sub>t</sub>),-0.022
72,Infrastructure investment,Labor supply (L<sub>t</sub>),-0.022
73,Infrastructure investment,Labor supply (L<sub>t</sub>),-0.022
74,Infrastructure investment,Labor supply (L<sub>t</sub>),-0.022
75,Infrastructure investment,Labor supply (L<sub>t</sub>),-0.023
76,Infrastructure investment,Labor supply (L<sub>t</sub>),-0.023
77,Infrastructure investment,Labor supply (L<sub>t</sub>),-0.023
78,Infrastructure investment,Labor supply (L<sub>t</sub>),-0.023
79,Infrastructure investment,Labor supply (L<sub>t</sub>),-0.023
80,Infrastructure investment,Labor supply (L<sub>t</sub>),-0.023
81,Infrastructure investment,Labor supply (L<sub>t</sub>),-0.023
82,Infrastructure investment,Labor supply (L<sub>t</sub>),-0.023
83,Infrastructure investment,Labor supply (L<sub>t</sub>),-0.023
84,Infrastructure investment,Labor supply (L<sub>t</sub>),-0.023
85,Infrastructure investment,Labor supply (L<sub>t</sub>),-0.022
86,Infrastructure investment,Labor supply (L<sub>t</sub>),-0.022
87,Infrastructure investment,Labor supply (L<sub>t</sub>),-0.022
88,Infrastructure investment,Labor supply (L<sub>t</sub>),-0.022
89,Infrastructure investment,Labor supply (L<sub>t</sub>),-0.022
90,Infrastructure investment,Labor supply (L<sub>t</sub>),-0.022
91,Infrastructure investment,Labor supply (L<sub>t</sub>),-0.022
92,Infrastructure investment,Labor supply (L<sub>t</sub>),-0.022
93,Infrastructure investment,Labor supply (L<sub>t</sub>),-0.022
94,Infrastructure investment,Labor supply (L<sub>t</sub>),-0.021
95,Infrastructure investment,Labor supply (L<sub>t</sub>),-0.021
96,Infrastructure investment,Labor supply (L<sub>t</sub>),-0.021
97,Infrastructure investment,Labor supply (L<sub>t</sub>),-0.021
98,Infrastructure investment,Labor supply (L<sub>t</sub>),-0.021
99,Infrastructure investment,Labor supply (L<sub>t</sub>),-0.021
100,Infrastructure investment,Labor supply (L<sub>t</sub>),-0.02
1,Human capital investment,Labor supply (L<sub>t</sub>),1.008
2,Human capital investment,Labor supply (L<sub>t</sub>),0.388
3,Human capital investment,Labor supply (L<sub>t</sub>),0.271
4,Human capital investment,Labor supply (L<sub>t</sub>),0.16
5,Human capital investment,Labor supply (L<sub>t</sub>),0.063
6,Human capital investment,Labor supply (L<sub>t</sub>),-0.018
7,Human capital investment,Labor supply (L<sub>t</sub>),-0.085
8,Human capital investment,Labor supply (L<sub>t</sub>),-0.14
9,Human capital investment,Labor supply (L<sub>t</sub>),-0.184
10,Human capital investment,Labor supply (L<sub>t</sub>),-0.218
11,Human capital investment,Labor supply (L<sub>t</sub>),-0.245
12,Human capital investment,Labor supply (L<sub>t</sub>),-0.265
13,Human capital investment,Labor supply (L<sub>t</sub>),-0.279
14,Human capital investment,Labor supply (L<sub>t</sub>),-0.288
15,Human capital investment,Labor supply (L<sub>t</sub>),-0.293
16,Human capital investment,Labor supply (L<sub>t</sub>),-0.295
17,Human capital investment,Labor supply (L<sub>t</sub>),-0.294
18,Human capital investment,Labor supply (L<sub>t</sub>),-0.29
19,Human capital investment,Labor supply (L<sub>t</sub>),-0.284
20,Human capital investment,Labor supply (L<sub>t</sub>),-0.277
21,Human capital investment,Labor supply (L<sub>t</sub>),-0.269
22,Human capital investment,Labor supply (L<sub>t</sub>),-0.259
23,Human capital investment,Labor supply (L<sub>t</sub>),-0.248
24,Human capital investment,Labor supply (L<sub>t</sub>),-0.237
25,Human capital investment,Labor supply (L<sub>t</sub>),-0.226
26,Human capital investment,Labor supply (L<sub>t</sub>),-0.214
27,Human capital investment,Labor supply (L<sub>t</sub>),-0.202
28,Human capital investment,Labor supply (L<sub>t</sub>),-0.191
29,Human capital investment,Labor supply (L<sub>t</sub>),-0.179
30,Human capital investment,Labor supply (L<sub>t</sub>),-0.167
31,Human capital investment,Labor supply (L<sub>t</sub>),-0.156
32,Human capital investment,Labor supply (L<sub>t</sub>),-0.144
33,Human capital investment,Labor supply (L<sub>t</sub>),-0.134
34,Human capital investment,Labor supply (L<sub>t</sub>),-0.123
35,Human capital investment,Labor supply (L<sub>t</sub>),-0.113
36,Human capital investment,Labor supply (L<sub>t</sub>),-0.103
37,Human capital investment,Labor supply (L<sub>t</sub>),-0.094
38,Human capital investment,Labor supply (L<sub>t</sub>),-0.085
39,Human capital investment,Labor supply (L<sub>t</sub>),-0.076
40,Human capital investment,Labor supply (L<sub>t</sub>),-0.068
41,Human capital investment,Labor supply (L<sub>t</sub>),-0.061
42,Human capital investment,Labor supply (L<sub>t</sub>),-0.053
43,Human capital investment,Labor supply (L<sub>t</sub>),-0.047
44,Human capital investment,Labor supply (L<sub>t</sub>),-0.04
45,Human capital investment,Labor supply (L<sub>t</sub>),-0.034
46,Human capital investment,Labor supply (L<sub>t</sub>),-0.029
47,Human capital investment,Labor supply (L<sub>t</sub>),-0.024
48,Human capital investment,Labor supply (L<sub>t</sub>),-0.019
49,Human capital investment,Labor supply (L<sub>t</sub>),-0.014
50,Human capital investment,Labor supply (L<sub>t</sub>),-0.01
51,Human capital investment,Labor supply (L<sub>t</sub>),-0.007
52,Human capital investment,Labor supply (L<sub>t</sub>),-0.003
53,Human capital investment,Labor supply (L<sub>t</sub>),-0.0
54,Human capital investment,Labor supply (L<sub>t</sub>),0.003
55,Human capital investment,Labor supply (L<sub>t</sub>),0.005
56,Human capital investment,Labor supply (L<sub>t</sub>),0.007
57,Human capital investment,Labor supply (L<sub>t</sub>),0.009
58,Human capital investment,Labor supply (L<sub>t</sub>),0.011
59,Human capital investment,Labor supply (L<sub>t</sub>),0.013
60,Human capital investment,Labor supply (L<sub>t</sub>),0.014
61,Human capital investment,Labor supply (L<sub>t</sub>),0.015
62,Human capital investment,Labor supply (L<sub>t</sub>),0.016
63,Human capital investment,Labor supply (L<sub>t</sub>),0.017
64,Human capital investment,Labor supply (L<sub>t</sub>),0.017
65,Human capital investment,Labor supply (L<sub>t</sub>),0.017
66,Human capital investment,Labor supply (L<sub>t</sub>),0.018
67,Human capital investment,Labor supply (L<sub>t</sub>),0.018
68,Human capital investment,Labor supply (L<sub>t</sub>),0.018
69,Human capital investment,Labor supply (L<sub>t</sub>),0.017
70,Human capital investment,Labor supply (L<sub>t</sub>),0.017
71,Human capital investment,Labor supply (L<sub>t</sub>),0.017
72,Human capital investment,Labor supply (L<sub>t</sub>),0.016
73,Human capital investment,Labor supply (L<sub>t</sub>),0.016
74,Human capital investment,Labor supply (L<sub>t</sub>),0.015
75,Human capital investment,Labor supply (L<sub>t</sub>),0.014
76,Human capital investment,Labor supply (L<sub>t</sub>),0.013
77,Human capital investment,Labor supply (L<sub>t</sub>),0.012
78,Human capital investment,Labor supply (L<sub>t</sub>),0.011
79,Human capital investment,Labor supply (L<sub>t</sub>),0.01
80,Human capital investment,Labor supply (L<sub>t</sub>),0.009
81,Human capital investment,Labor supply (L<sub>t</sub>),0.008
82,Human capital investment,Labor supply (L<sub>t</sub>),0.007
83,Human capital investment,Labor supply (L<sub>t</sub>),0.006
84,Human capital investment,Labor supply (L<sub>t</sub>),0.005
85,Human capital investment,Labor supply (L<sub>t</sub>),0.003
86,Human capital investment,Labor supply (L<sub>t</sub>),0.002
87,Human capital investment,Labor supply (L<sub>t</sub>),0.001
88,Human capital investment,Labor supply (L<sub>t</sub>),-0.0
89,Human capital investment,Labor supply (L<sub>t</sub>),-0.002
90,Human capital investment,Labor supply (L<sub>t</sub>),-0.003
91,Human capital investment,Labor supply (L<sub>t</sub>),-0.004
92,Human capital investment,Labor supply (L<sub>t</sub>),-0.005
93,Human capital investment,Labor supply (L<sub>t</sub>),-0.007
94,Human capital investment,Labor supply (L<sub>t</sub>),-0.008
95,Human capital investment,Labor supply (L<sub>t</sub>),-0.009
96,Human capital investment,Labor supply (L<sub>t</sub>),-0.01
97,Human capital investment,Labor supply (L<sub>t</sub>),-0.012
98,Human capital investment,Labor supply (L<sub>t</sub>),-0.013
99,Human capital investment,Labor supply (L<sub>t</sub>),-0.014
100,Human capital investment,Labor supply (L<sub>t</sub>),-0.015
1,R&D spending,Labor supply (L<sub>t</sub>),0.727
2,R&D spending,Labor supply (L<sub>t</sub>),0.035
3,R&D spending,Labor supply (L<sub>t</sub>),0.025
4,R&D spending,Labor supply (L<sub>t</sub>),0.016
5,R&D spending,Labor supply (L<sub>t</sub>),0.016
6,R&D spending,Labor supply (L<sub>t</sub>),0.026
7,R&D spending,Labor supply (L<sub>t</sub>),0.041
8,R&D spending,Labor supply (L<sub>t</sub>),0.061
9,R&D spending,Labor supply (L<sub>t</sub>),0.082
10,R&D spending,Labor supply (L<sub>t</sub>),0.104
11,R&D spending,Labor supply (L<sub>t</sub>),0.124
12,R&D spending,Labor supply (L<sub>t</sub>),0.143
13,R&D spending,Labor supply (L<sub>t</sub>),0.16
14,R&D spending,Labor supply (L<sub>t</sub>),0.174
15,R&D spending,Labor supply (L<sub>t</sub>),0.186
16,R&D spending,Labor supply (L<sub>t</sub>),0.195
17,R&D spending,Labor supply (L<sub>t</sub>),0.201
18,R&D spending,Labor supply (L<sub>t</sub>),0.205
19,R&D spending,Labor supply (L<sub>t</sub>),0.207
20,R&D spending,Labor supply (L<sub>t</sub>),0.207
21,R&D spending,Labor supply (L<sub>t</sub>),0.205
22,R&D spending,Labor supply (L<sub>t</sub>),0.201
23,R&D spending,Labor supply (L<sub>t</sub>),0.196
24,R&D spending,Labor supply (L<sub>t</sub>),0.189
25,R&D spending,Labor supply (L<sub>t</sub>),0.182
26,R&D spending,Labor supply (L<sub>t</sub>),0.174
27,R&D spending,Labor supply (L<sub>t</sub>),0.164
28,R&D spending,Labor supply (L<sub>t</sub>),0.155
29,R&D spending,Labor supply (L<sub>t</sub>),0.145
30,R&D spending,Labor supply (L<sub>t</sub>),0.135
31,R&D spending,Labor supply (L<sub>t</sub>),0.124
32,R&D spending,Labor supply (L<sub>t</sub>),0.114
33,R&D spending,Labor supply (L<sub>t</sub>),0.103
34,R&D spending,Labor supply (L<sub>t</sub>),0.093
35,R&D spending,Labor supply (L<sub>t</sub>),0.082
36,R&D spending,Labor supply (L<sub>t</sub>),0.072
37,R&D spending,Labor supply (L<sub>t</sub>),0.063
38,R&D spending,Labor supply (L<sub>t</sub>),0.053
39,R&D spending,Labor supply (L<sub>t</sub>),0.044
40,R&D spending,Labor supply (L<sub>t</sub>),0.035
41,R&D spending,Labor supply (L<sub>t</sub>),0.027
42,R&D spending,Labor supply (L<sub>t</sub>),0.019
43,R&D spending,Labor supply (L<sub>t</sub>),0.011
44,R&D spending,Labor supply (L<sub>t</sub>),0.004
45,R&D spending,Labor supply (L<sub>t</sub>),-0.003
46,R&D spending,Labor supply (L<sub>t</sub>),-0.009
47,R&D spending,Labor supply (L<sub>t</sub>),-0.015
48,R&D spending,Labor supply (L<sub>t</sub>),-0.021
49,R&D spending,Labor supply (L<sub>t</sub>),-0.026
50,R&D spending,Labor supply (L<sub>t</sub>),-0.031
51,R&D spending,Labor supply (L<sub>t</sub>),-0.035
52,R&D spending,Labor supply (L<sub>t</sub>),-0.039
53,R&D spending,Labor supply (L<sub>t</sub>),-0.043
54,R&D spending,Labor supply (L<sub>t</sub>),-0.047
55,R&D spending,Labor supply (L<sub>t</sub>),-0.05
56,R&D spending,Labor supply (L<sub>t</sub>),-0.053
57,R&D spending,Labor supply (L<sub>t</sub>),-0.056
58,R&D spending,Labor supply (L<sub>t</sub>),-0.058
59,R&D spending,Labor supply (L<sub>t</sub>),-0.061
60,R&D spending,Labor supply (L<sub>t</sub>),-0.063
61,R&D spending,Labor supply (L<sub>t</sub>),-0.064
62,R&D spending,Labor supply (L<sub>t</sub>),-0.066
63,R&D spending,Labor supply (L<sub>t</sub>),-0.067
64,R&D spending,Labor supply (L<sub>t</sub>),-0.069
65,R&D spending,Labor supply (L<sub>t</sub>),-0.07
66,R&D spending,Labor supply (L<sub>t</sub>),-0.07
67,R&D spending,Labor supply (L<sub>t</sub>),-0.071
68,R&D spending,Labor supply (L<sub>t</sub>),-0.072
69,R&D spending,Labor supply (L<sub>t</sub>),-0.072
70,R&D spending,Labor supply (L<sub>t</sub>),-0.072
71,R&D spending,Labor supply (L<sub>t</sub>),-0.073
72,R&D spending,Labor supply (L<sub>t</sub>),-0.073
73,R&D spending,Labor supply (L<sub>t</sub>),-0.073
74,R&D spending,Labor supply (L<sub>t</sub>),-0.073
75,R&D spending,Labor supply (L<sub>t</sub>),-0.073
76,R&D spending,Labor supply (L<sub>t</sub>),-0.072
77,R&D spending,Labor supply (L<sub>t</sub>),-0.072
78,R&D spending,Labor supply (L<sub>t</sub>),-0.072
79,R&D spending,Labor supply (L<sub>t</sub>),-0.071
80,R&D spending,Labor supply (L<sub>t</sub>),-0.071
81,R&D spending,Labor supply (L<sub>t</sub>),-0.071
82,R&D spending,Labor supply (L<sub>t</sub>),-0.07
83,R&D spending,Labor supply (L<sub>t</sub>),-0.069
84,R&D spending,Labor supply (L<sub>t</sub>),-0.069
85,R&D spending,Labor supply (L<sub>t</sub>),-0.068
86,R&D spending,Labor supply (L<sub>t</sub>),-0.068
87,R&D spending,Labor supply (L<sub>t</sub>),-0.067
88,R&D spending,Labor supply (L<sub>t</sub>),-0.066
89,R&D spending,Labor supply (L<sub>t</sub>),-0.065
90,R&D spending,Labor supply (L<sub>t</sub>),-0.065
91,R&D spending,Labor supply (L<sub>t</sub>),-0.064
92,R&D spending,Labor supply (L<sub>t</sub>),-0.063
93,R&D spending,Labor supply (L<sub>t</sub>),-0.062
94,R&D spending,Labor supply (L<sub>t</sub>),-0.062
95,R&D spending,Labor supply (L<sub>t</sub>),-0.061
96,R&D spending,Labor supply (L<sub>t</sub>),-0.06
97,R&D spending,Labor supply (L<sub>t</sub>),-0.059
98,R&D spending,Labor supply (L<sub>t</sub>),-0.058
99,R&D spending,Labor supply (L<sub>t</sub>),-0.058
100,R&D spending,Labor supply (L<sub>t</sub>),-0.057
1,Government consumption,Human capital stock (H<sub>t</sub>),-0.011
2,Government consumption,Human capital stock (H<sub>t</sub>),-0.014
3,Government consumption,Human capital stock (H<sub>t</sub>),-0.018
4,Government consumption,Human capital stock (H<sub>t</sub>),-0.021
5,Government consumption,Human capital stock (H<sub>t</sub>),-0.023
6,Government consumption,Human capital stock (H<sub>t</sub>),-0.026
7,Government consumption,Human capital stock (H<sub>t</sub>),-0.028
8,Government consumption,Human capital stock (H<sub>t</sub>),-0.03
9,Government consumption,Human capital stock (H<sub>t</sub>),-0.031
10,Government consumption,Human capital stock (H<sub>t</sub>),-0.032
11,Government consumption,Human capital stock (H<sub>t</sub>),-0.034
12,Government consumption,Human capital stock (H<sub>t</sub>),-0.035
13,Government consumption,Human capital stock (H<sub>t</sub>),-0.035
14,Government consumption,Human capital stock (H<sub>t</sub>),-0.036
15,Government consumption,Human capital stock (H<sub>t</sub>),-0.036
16,Government consumption,Human capital stock (H<sub>t</sub>),-0.037
17,Government consumption,Human capital stock (H<sub>t</sub>),-0.037
18,Government consumption,Human capital stock (H<sub>t</sub>),-0.037
19,Government consumption,Human capital stock (H<sub>t</sub>),-0.037
20,Government consumption,Human capital stock (H<sub>t</sub>),-0.037
21,Government consumption,Human capital stock (H<sub>t</sub>),-0.037
22,Government consumption,Human capital stock (H<sub>t</sub>),-0.037
23,Government consumption,Human capital stock (H<sub>t</sub>),-0.037
24,Government consumption,Human capital stock (H<sub>t</sub>),-0.036
25,Government consumption,Human capital stock (H<sub>t</sub>),-0.036
26,Government consumption,Human capital stock (H<sub>t</sub>),-0.035
27,Government consumption,Human capital stock (H<sub>t</sub>),-0.035
28,Government consumption,Human capital stock (H<sub>t</sub>),-0.035
29,Government consumption,Human capital stock (H<sub>t</sub>),-0.034
30,Government consumption,Human capital stock (H<sub>t</sub>),-0.034
31,Government consumption,Human capital stock (H<sub>t</sub>),-0.033
32,Government consumption,Human capital stock (H<sub>t</sub>),-0.032
33,Government consumption,Human capital stock (H<sub>t</sub>),-0.032
34,Government consumption,Human capital stock (H<sub>t</sub>),-0.031
35,Government consumption,Human capital stock (H<sub>t</sub>),-0.031
36,Government consumption,Human capital stock (H<sub>t</sub>),-0.03
37,Government consumption,Human capital stock (H<sub>t</sub>),-0.03
38,Government consumption,Human capital stock (H<sub>t</sub>),-0.029
39,Government consumption,Human capital stock (H<sub>t</sub>),-0.028
40,Government consumption,Human capital stock (H<sub>t</sub>),-0.028
41,Government consumption,Human capital stock (H<sub>t</sub>),-0.027
42,Government consumption,Human capital stock (H<sub>t</sub>),-0.027
43,Government consumption,Human capital stock (H<sub>t</sub>),-0.026
44,Government consumption,Human capital stock (H<sub>t</sub>),-0.025
45,Government consumption,Human capital stock (H<sub>t</sub>),-0.025
46,Government consumption,Human capital stock (H<sub>t</sub>),-0.024
47,Government consumption,Human capital stock (H<sub>t</sub>),-0.024
48,Government consumption,Human capital stock (H<sub>t</sub>),-0.023
49,Government consumption,Human capital stock (H<sub>t</sub>),-0.023
50,Government consumption,Human capital stock (H<sub>t</sub>),-0.022
51,Government consumption,Human capital stock (H<sub>t</sub>),-0.021
52,Government consumption,Human capital stock (H<sub>t</sub>),-0.021
53,Government consumption,Human capital stock (H<sub>t</sub>),-0.02
54,Government consumption,Human capital stock (H<sub>t</sub>),-0.02
55,Government consumption,Human capital stock (H<sub>t</sub>),-0.019
56,Government consumption,Human capital stock (H<sub>t</sub>),-0.019
57,Government consumption,Human capital stock (H<sub>t</sub>),-0.018
58,Government consumption,Human capital stock (H<sub>t</sub>),-0.018
59,Government consumption,Human capital stock (H<sub>t</sub>),-0.018
60,Government consumption,Human capital stock (H<sub>t</sub>),-0.017
61,Government consumption,Human capital stock (H<sub>t</sub>),-0.017
62,Government consumption,Human capital stock (H<sub>t</sub>),-0.016
63,Government consumption,Human capital stock (H<sub>t</sub>),-0.016
64,Government consumption,Human capital stock (H<sub>t</sub>),-0.015
65,Government consumption,Human capital stock (H<sub>t</sub>),-0.015
66,Government consumption,Human capital stock (H<sub>t</sub>),-0.015
67,Government consumption,Human capital stock (H<sub>t</sub>),-0.014
68,Government consumption,Human capital stock (H<sub>t</sub>),-0.014
69,Government consumption,Human capital stock (H<sub>t</sub>),-0.014
70,Government consumption,Human capital stock (H<sub>t</sub>),-0.013
71,Government consumption,Human capital stock (H<sub>t</sub>),-0.013
72,Government consumption,Human capital stock (H<sub>t</sub>),-0.013
73,Government consumption,Human capital stock (H<sub>t</sub>),-0.012
74,Government consumption,Human capital stock (H<sub>t</sub>),-0.012
75,Government consumption,Human capital stock (H<sub>t</sub>),-0.012
76,Government consumption,Human capital stock (H<sub>t</sub>),-0.011
77,Government consumption,Human capital stock (H<sub>t</sub>),-0.011
78,Government consumption,Human capital stock (H<sub>t</sub>),-0.011
79,Government consumption,Human capital stock (H<sub>t</sub>),-0.01
80,Government consumption,Human capital stock (H<sub>t</sub>),-0.01
81,Government consumption,Human capital stock (H<sub>t</sub>),-0.01
82,Government consumption,Human capital stock (H<sub>t</sub>),-0.01
83,Government consumption,Human capital stock (H<sub>t</sub>),-0.009
84,Government consumption,Human capital stock (H<sub>t</sub>),-0.009
85,Government consumption,Human capital stock (H<sub>t</sub>),-0.009
86,Government consumption,Human capital stock (H<sub>t</sub>),-0.009
87,Government consumption,Human capital stock (H<sub>t</sub>),-0.009
88,Government consumption,Human capital stock (H<sub>t</sub>),-0.008
89,Government consumption,Human capital stock (H<sub>t</sub>),-0.008
90,Government consumption,Human capital stock (H<sub>t</sub>),-0.008
91,Government consumption,Human capital stock (H<sub>t</sub>),-0.008
92,Government consumption,Human capital stock (H<sub>t</sub>),-0.008
93,Government consumption,Human capital stock (H<sub>t</sub>),-0.007
94,Government consumption,Human capital stock (H<sub>t</sub>),-0.007
95,Government consumption,Human capital stock (H<sub>t</sub>),-0.007
96,Government consumption,Human capital stock (H<sub>t</sub>),-0.007
97,Government consumption,Human capital stock (H<sub>t</sub>),-0.007
98,Government consumption,Human capital stock (H<sub>t</sub>),-0.007
99,Government consumption,Human capital stock (H<sub>t</sub>),-0.006
100,Government consumption,Human capital stock (H<sub>t</sub>),-0.006
1,Infrastructure investment,Human capital stock (H<sub>t</sub>),-0.012
2,Infrastructure investment,Human capital stock (H<sub>t</sub>),-0.012
3,Infrastructure investment,Human capital stock (H<sub>t</sub>),-0.013
4,Infrastructure investment,Human capital stock (H<sub>t</sub>),-0.015
5,Infrastructure investment,Human capital stock (H<sub>t</sub>),-0.017
6,Infrastructure investment,Human capital stock (H<sub>t</sub>),-0.019
7,Infrastructure investment,Human capital stock (H<sub>t</sub>),-0.021
8,Infrastructure investment,Human capital stock (H<sub>t</sub>),-0.023
9,Infrastructure investment,Human capital stock (H<sub>t</sub>),-0.025
10,Infrastructure investment,Human capital stock (H<sub>t</sub>),-0.027
11,Infrastructure investment,Human capital stock (H<sub>t</sub>),-0.029
12,Infrastructure investment,Human capital stock (H<sub>t</sub>),-0.031
13,Infrastructure investment,Human capital stock (H<sub>t</sub>),-0.033
14,Infrastructure investment,Human capital stock (H<sub>t</sub>),-0.034
15,Infrastructure investment,Human capital stock (H<sub>t</sub>),-0.036
16,Infrastructure investment,Human capital stock (H<sub>t</sub>),-0.037
17,Infrastructure investment,Human capital stock (H<sub>t</sub>),-0.039
18,Infrastructure investment,Human capital stock (H<sub>t</sub>),-0.04
19,Infrastructure investment,Human capital stock (H<sub>t</sub>),-0.041
20,Infrastructure investment,Human capital stock (H<sub>t</sub>),-0.042
21,Infrastructure investment,Human capital stock (H<sub>t</sub>),-0.043
22,Infrastructure investment,Human capital stock (H<sub>t</sub>),-0.044
23,Infrastructure investment,Human capital stock (H<sub>t</sub>),-0.044
24,Infrastructure investment,Human capital stock (H<sub>t</sub>),-0.045
25,Infrastructure investment,Human capital stock (H<sub>t</sub>),-0.045
26,Infrastructure investment,Human capital stock (H<sub>t</sub>),-0.046
27,Infrastructure investment,Human capital stock (H<sub>t</sub>),-0.046
28,Infrastructure investment,Human capital stock (H<sub>t</sub>),-0.046
29,Infrastructure investment,Human capital stock (H<sub>t</sub>),-0.046
30,Infrastructure investment,Human capital stock (H<sub>t</sub>),-0.046
31,Infrastructure investment,Human capital stock (H<sub>t</sub>),-0.046
32,Infrastructure investment,Human capital stock (H<sub>t</sub>),-0.046
33,Infrastructure investment,Human capital stock (H<sub>t</sub>),-0.046
34,Infrastructure investment,Human capital stock (H<sub>t</sub>),-0.045
35,Infrastructure investment,Human capital stock (H<sub>t</sub>),-0.045
36,Infrastructure investment,Human capital stock (H<sub>t</sub>),-0.045
37,Infrastructure investment,Human capital stock (H<sub>t</sub>),-0.044
38,Infrastructure investment,Human capital stock (H<sub>t</sub>),-0.044
39,Infrastructure investment,Human capital stock (H<sub>t</sub>),-0.043
40,Infrastructure investment,Human capital stock (H<sub>t</sub>),-0.043
41,Infrastructure investment,Human capital stock (H<sub>t</sub>),-0.042
42,Infrastructure investment,Human capital stock (H<sub>t</sub>),-0.042
43,Infrastructure investment,Human capital stock (H<sub>t</sub>),-0.041
44,Infrastructure investment,Human capital stock (H<sub>t</sub>),-0.04
45,Infrastructure investment,Human capital stock (H<sub>t</sub>),-0.04
46,Infrastructure investment,Human capital stock (H<sub>t</sub>),-0.039
47,Infrastructure investment,Human capital stock (H<sub>t</sub>),-0.038
48,Infrastructure investment,Human capital stock (H<sub>t</sub>),-0.038
49,Infrastructure investment,Human capital stock (H<sub>t</sub>),-0.037
50,Infrastructure investment,Human capital stock (H<sub>t</sub>),-0.036
51,Infrastructure investment,Human capital stock (H<sub>t</sub>),-0.035
52,Infrastructure investment,Human capital stock (H<sub>t</sub>),-0.035
53,Infrastructure investment,Human capital stock (H<sub>t</sub>),-0.034
54,Infrastructure investment,Human capital stock (H<sub>t</sub>),-0.033
55,Infrastructure investment,Human capital stock (H<sub>t</sub>),-0.032
56,Infrastructure investment,Human capital stock (H<sub>t</sub>),-0.032
57,Infrastructure investment,Human capital stock (H<sub>t</sub>),-0.031
58,Infrastructure investment,Human capital stock (H<sub>t</sub>),-0.03
59,Infrastructure investment,Human capital stock (H<sub>t</sub>),-0.029
60,Infrastructure investment,Human capital stock (H<sub>t</sub>),-0.029
61,Infrastructure investment,Human capital stock (H<sub>t</sub>),-0.028
62,Infrastructure investment,Human capital stock (H<sub>t</sub>),-0.027
63,Infrastructure investment,Human capital stock (H<sub>t</sub>),-0.027
64,Infrastructure investment,Human capital stock (H<sub>t</sub>),-0.026
65,Infrastructure investment,Human capital stock (H<sub>t</sub>),-0.025
66,Infrastructure investment,Human capital stock (H<sub>t</sub>),-0.024
67,Infrastructure investment,Human capital stock (H<sub>t</sub>),-0.024
68,Infrastructure investment,Human capital stock (H<sub>t</sub>),-0.023
69,Infrastructure investment,Human capital stock (H<sub>t</sub>),-0.023
70,Infrastructure investment,Human capital stock (H<sub>t</sub>),-0.022
71,Infrastructure investment,Human capital stock (H<sub>t</sub>),-0.021
72,Infrastructure investment,Human capital stock (H<sub>t</sub>),-0.021
73,Infrastructure investment,Human capital stock (H<sub>t</sub>),-0.02
74,Infrastructure investment,Human capital stock (H<sub>t</sub>),-0.019
75,Infrastructure investment,Human capital stock (H<sub>t</sub>),-0.019
76,Infrastructure investment,Human capital stock (H<sub>t</sub>),-0.018
77,Infrastructure investment,Human capital stock (H<sub>t</sub>),-0.018
78,Infrastructure investment,Human capital stock (H<sub>t</sub>),-0.017
79,Infrastructure investment,Human capital stock (H<sub>t</sub>),-0.017
80,Infrastructure investment,Human capital stock (H<sub>t</sub>),-0.016
81,Infrastructure investment,Human capital stock (H<sub>t</sub>),-0.016
82,Infrastructure investment,Human capital stock (H<sub>t</sub>),-0.015
83,Infrastructure investment,Human capital stock (H<sub>t</sub>),-0.015
84,Infrastructure investment,Human capital stock (H<sub>t</sub>),-0.014
85,Infrastructure investment,Human capital stock (H<sub>t</sub>),-0.014
86,Infrastructure investment,Human capital stock (H<sub>t</sub>),-0.013
87,Infrastructure investment,Human capital stock (H<sub>t</sub>),-0.013
88,Infrastructure investment,Human capital stock (H<sub>t</sub>),-0.012
89,Infrastructure investment,Human capital stock (H<sub>t</sub>),-0.012
90,Infrastructure investment,Human capital stock (H<sub>t</sub>),-0.012
91,Infrastructure investment,Human capital stock (H<sub>t</sub>),-0.011
92,Infrastructure investment,Human capital stock (H<sub>t</sub>),-0.011
93,Infrastructure investment,Human capital stock (H<sub>t</sub>),-0.01
94,Infrastructure investment,Human capital stock (H<sub>t</sub>),-0.01
95,Infrastructure investment,Human capital stock (H<sub>t</sub>),-0.01
96,Infrastructure investment,Human capital stock (H<sub>t</sub>),-0.009
97,Infrastructure investment,Human capital stock (H<sub>t</sub>),-0.009
98,Infrastructure investment,Human capital stock (H<sub>t</sub>),-0.009
99,Infrastructure investment,Human capital stock (H<sub>t</sub>),-0.008
100,Infrastructure investment,Human capital stock (H<sub>t</sub>),-0.008
1,Human capital investment,Human capital stock (H<sub>t</sub>),-0.023
2,Human capital investment,Human capital stock (H<sub>t</sub>),-0.027
3,Human capital investment,Human capital stock (H<sub>t</sub>),-0.021
4,Human capital investment,Human capital stock (H<sub>t</sub>),-0.009
5,Human capital investment,Human capital stock (H<sub>t</sub>),0.009
6,Human capital investment,Human capital stock (H<sub>t</sub>),0.032
7,Human capital investment,Human capital stock (H<sub>t</sub>),0.059
8,Human capital investment,Human capital stock (H<sub>t</sub>),0.088
9,Human capital investment,Human capital stock (H<sub>t</sub>),0.12
10,Human capital investment,Human capital stock (H<sub>t</sub>),0.154
11,Human capital investment,Human capital stock (H<sub>t</sub>),0.189
12,Human capital investment,Human capital stock (H<sub>t</sub>),0.224
13,Human capital investment,Human capital stock (H<sub>t</sub>),0.26
14,Human capital investment,Human capital stock (H<sub>t</sub>),0.296
15,Human capital investment,Human capital stock (H<sub>t</sub>),0.331
16,Human capital investment,Human capital stock (H<sub>t</sub>),0.365
17,Human capital investment,Human capital stock (H<sub>t</sub>),0.399
18,Human capital investment,Human capital stock (H<sub>t</sub>),0.432
19,Human capital investment,Human capital stock (H<sub>t</sub>),0.464
20,Human capital investment,Human capital stock (H<sub>t</sub>),0.495
21,Human capital investment,Human capital stock (H<sub>t</sub>),0.524
22,Human capital investment,Human capital stock (H<sub>t</sub>),0.552
23,Human capital investment,Human capital stock (H<sub>t</sub>),0.579
24,Human capital investment,Human capital stock (H<sub>t</sub>),0.604
25,Human capital investment,Human capital stock (H<sub>t</sub>),0.628
26,Human capital investment,Human capital stock (H<sub>t</sub>),0.651
27,Human capital investment,Human capital stock (H<sub>t</sub>),0.672
28,Human capital investment,Human capital stock (H<sub>t</sub>),0.691
29,Human capital investment,Human capital stock (H<sub>t</sub>),0.71
30,Human capital investment,Human capital stock (H<sub>t</sub>),0.726
31,Human capital investment,Human capital stock (H<sub>t</sub>),0.742
32,Human capital investment,Human capital stock (H<sub>t</sub>),0.756
33,Human capital investment,Human capital stock (H<sub>t</sub>),0.769
34,Human capital investment,Human capital stock (H<sub>t</sub>),0.78
35,Human capital investment,Human capital stock (H<sub>t</sub>),0.791
36,Human capital investment,Human capital stock (H<sub>t</sub>),0.8
37,Human capital investment,Human capital stock (H<sub>t</sub>),0.808
38,Human capital investment,Human capital stock (H<sub>t</sub>),0.815
39,Human capital investment,Human capital stock (H<sub>t</sub>),0.82
40,Human capital investment,Human capital stock (H<sub>t</sub>),0.825
41,Human capital investment,Human capital stock (H<sub>t</sub>),0.829
42,Human capital investment,Human capital stock (H<sub>t</sub>),0.832
43,Human capital investment,Human capital stock (H<sub>t</sub>),0.834
44,Human capital investment,Human capital stock (H<sub>t</sub>),0.835
45,Human capital investment,Human capital stock (H<sub>t</sub>),0.836
46,Human capital investment,Human capital stock (H<sub>t</sub>),0.835
47,Human capital investment,Human capital stock (H<sub>t</sub>),0.834
48,Human capital investment,Human capital stock (H<sub>t</sub>),0.832
49,Human capital investment,Human capital stock (H<sub>t</sub>),0.83
50,Human capital investment,Human capital stock (H<sub>t</sub>),0.827
51,Human capital investment,Human capital stock (H<sub>t</sub>),0.823
52,Human capital investment,Human capital stock (H<sub>t</sub>),0.819
53,Human capital investment,Human capital stock (H<sub>t</sub>),0.815
54,Human capital investment,Human capital stock (H<sub>t</sub>),0.81
55,Human capital investment,Human capital stock (H<sub>t</sub>),0.804
56,Human capital investment,Human capital stock (H<sub>t</sub>),0.798
57,Human capital investment,Human capital stock (H<sub>t</sub>),0.792
58,Human capital investment,Human capital stock (H<sub>t</sub>),0.785
59,Human capital investment,Human capital stock (H<sub>t</sub>),0.778
60,Human capital investment,Human capital stock (H<sub>t</sub>),0.771
61,Human capital investment,Human capital stock (H<sub>t</sub>),0.763
62,Human capital investment,Human capital stock (H<sub>t</sub>),0.755
63,Human capital investment,Human capital stock (H<sub>t</sub>),0.747
64,Human capital investment,Human capital stock (H<sub>t</sub>),0.739
65,Human capital investment,Human capital stock (H<sub>t</sub>),0.73
66,Human capital investment,Human capital stock (H<sub>t</sub>),0.722
67,Human capital investment,Human capital stock (H<sub>t</sub>),0.713
68,Human capital investment,Human capital stock (H<sub>t</sub>),0.704
69,Human capital investment,Human capital stock (H<sub>t</sub>),0.695
70,Human capital investment,Human capital stock (H<sub>t</sub>),0.686
71,Human capital investment,Human capital stock (H<sub>t</sub>),0.676
72,Human capital investment,Human capital stock (H<sub>t</sub>),0.667
73,Human capital investment,Human capital stock (H<sub>t</sub>),0.658
74,Human capital investment,Human capital stock (H<sub>t</sub>),0.648
75,Human capital investment,Human capital stock (H<sub>t</sub>),0.639
76,Human capital investment,Human capital stock (H<sub>t</sub>),0.629
77,Human capital investment,Human capital stock (H<sub>t</sub>),0.62
78,Human capital investment,Human capital stock (H<sub>t</sub>),0.61
79,Human capital investment,Human capital stock (H<sub>t</sub>),0.6
80,Human capital investment,Human capital stock (H<sub>t</sub>),0.591
81,Human capital investment,Human capital stock (H<sub>t</sub>),0.581
82,Human capital investment,Human capital stock (H<sub>t</sub>),0.572
83,Human capital investment,Human capital stock (H<sub>t</sub>),0.563
84,Human capital investment,Human capital stock (H<sub>t</sub>),0.553
85,Human capital investment,Human capital stock (H<sub>t</sub>),0.544
86,Human capital investment,Human capital stock (H<sub>t</sub>),0.535
87,Human capital investment,Human capital stock (H<sub>t</sub>),0.525
88,Human capital investment,Human capital stock (H<sub>t</sub>),0.516
89,Human capital investment,Human capital stock (H<sub>t</sub>),0.507
90,Human capital investment,Human capital stock (H<sub>t</sub>),0.498
91,Human capital investment,Human capital stock (H<sub>t</sub>),0.489
92,Human capital investment,Human capital stock (H<sub>t</sub>),0.48
93,Human capital investment,Human capital stock (H<sub>t</sub>),0.472
94,Human capital investment,Human capital stock (H<sub>t</sub>),0.463
95,Human capital investment,Human capital stock (H<sub>t</sub>),0.454
96,Human capital investment,Human capital stock (H<sub>t</sub>),0.446
97,Human capital investment,Human capital stock (H<sub>t</sub>),0.438
98,Human capital investment,Human capital stock (H<sub>t</sub>),0.429
99,Human capital investment,Human capital stock (H<sub>t</sub>),0.421
100,Human capital investment,Human capital stock (H<sub>t</sub>),0.413
1,R&D spending,Human capital stock (H<sub>t</sub>),-0.014
2,R&D spending,Human capital stock (H<sub>t</sub>),-0.014
3,R&D spending,Human capital stock (H<sub>t</sub>),-0.013
4,R&D spending,Human capital stock (H<sub>t</sub>),-0.013
5,R&D spending,Human capital stock (H<sub>t</sub>),-0.012
6,R&D spending,Human capital stock (H<sub>t</sub>),-0.012
7,R&D spending,Human capital stock (H<sub>t</sub>),-0.011
8,R&D spending,Human capital stock (H<sub>t</sub>),-0.012
9,R&D spending,Human capital stock (H<sub>t</sub>),-0.013
10,R&D spending,Human capital stock (H<sub>t</sub>),-0.014
11,R&D spending,Human capital stock (H<sub>t</sub>),-0.015
12,R&D spending,Human capital stock (H<sub>t</sub>),-0.017
13,R&D spending,Human capital stock (H<sub>t</sub>),-0.02
14,R&D spending,Human capital stock (H<sub>t</sub>),-0.022
15,R&D spending,Human capital stock (H<sub>t</sub>),-0.025
16,R&D spending,Human capital stock (H<sub>t</sub>),-0.028
17,R&D spending,Human capital stock (H<sub>t</sub>),-0.031
18,R&D spending,Human capital stock (H<sub>t</sub>),-0.035
19,R&D spending,Human capital stock (H<sub>t</sub>),-0.038
20,R&D spending,Human capital stock (H<sub>t</sub>),-0.041
21,R&D spending,Human capital stock (H<sub>t</sub>),-0.044
22,R&D spending,Human capital stock (H<sub>t</sub>),-0.047
23,R&D spending,Human capital stock (H<sub>t</sub>),-0.05
24,R&D spending,Human capital stock (H<sub>t</sub>),-0.053
25,R&D spending,Human capital stock (H<sub>t</sub>),-0.056
26,R&D spending,Human capital stock (H<sub>t</sub>),-0.058
27,R&D spending,Human capital stock (H<sub>t</sub>),-0.06
28,R&D spending,Human capital stock (H<sub>t</sub>),-0.063
29,R&D spending,Human capital stock (H<sub>t</sub>),-0.064
30,R&D spending,Human capital stock (H<sub>t</sub>),-0.066
31,R&D spending,Human capital stock (H<sub>t</sub>),-0.068
32,R&D spending,Human capital stock (H<sub>t</sub>),-0.069
33,R&D spending,Human capital stock (H<sub>t</sub>),-0.07
34,R&D spending,Human capital stock (H<sub>t</sub>),-0.071
35,R&D spending,Human capital stock (H<sub>t</sub>),-0.071
36,R&D spending,Human capital stock (H<sub>t</sub>),-0.072
37,R&D spending,Human capital stock (H<sub>t</sub>),-0.072
38,R&D spending,Human capital stock (H<sub>t</sub>),-0.072
39,R&D spending,Human capital stock (H<sub>t</sub>),-0.073
40,R&D spending,Human capital stock (H<sub>t</sub>),-0.072
41,R&D spending,Human capital stock (H<sub>t</sub>),-0.072
42,R&D spending,Human capital stock (H<sub>t</sub>),-0.072
43,R&D spending,Human capital stock (H<sub>t</sub>),-0.071
44,R&D spending,Human capital stock (H<sub>t</sub>),-0.071
45,R&D spending,Human capital stock (H<sub>t</sub>),-0.07
46,R&D spending,Human capital stock (H<sub>t</sub>),-0.069
47,R&D spending,Human capital stock (H<sub>t</sub>),-0.068
48,R&D spending,Human capital stock (H<sub>t</sub>),-0.067
49,R&D spending,Human capital stock (H<sub>t</sub>),-0.066
50,R&D spending,Human capital stock (H<sub>t</sub>),-0.065
51,R&D spending,Human capital stock (H<sub>t</sub>),-0.064
52,R&D spending,Human capital stock (H<sub>t</sub>),-0.062
53,R&D spending,Human capital stock (H<sub>t</sub>),-0.061
54,R&D spending,Human capital stock (H<sub>t</sub>),-0.06
55,R&D spending,Human capital stock (H<sub>t</sub>),-0.058
56,R&D spending,Human capital stock (H<sub>t</sub>),-0.057
57,R&D spending,Human capital stock (H<sub>t</sub>),-0.056
58,R&D spending,Human capital stock (H<sub>t</sub>),-0.054
59,R&D spending,Human capital stock (H<sub>t</sub>),-0.053
60,R&D spending,Human capital stock (H<sub>t</sub>),-0.051
61,R&D spending,Human capital stock (H<sub>t</sub>),-0.05
62,R&D spending,Human capital stock (H<sub>t</sub>),-0.048
63,R&D spending,Human capital stock (H<sub>t</sub>),-0.047
64,R&D spending,Human capital stock (H<sub>t</sub>),-0.045
65,R&D spending,Human capital stock (H<sub>t</sub>),-0.044
66,R&D spending,Human capital stock (H<sub>t</sub>),-0.043
67,R&D spending,Human capital stock (H<sub>t</sub>),-0.041
68,R&D spending,Human capital stock (H<sub>t</sub>),-0.04
69,R&D spending,Human capital stock (H<sub>t</sub>),-0.039
70,R&D spending,Human capital stock (H<sub>t</sub>),-0.037
71,R&D spending,Human capital stock (H<sub>t</sub>),-0.036
72,R&D spending,Human capital stock (H<sub>t</sub>),-0.035
73,R&D spending,Human capital stock (H<sub>t</sub>),-0.033
74,R&D spending,Human capital stock (H<sub>t</sub>),-0.032
75,R&D spending,Human capital stock (H<sub>t</sub>),-0.031
76,R&D spending,Human capital stock (H<sub>t</sub>),-0.03
77,R&D spending,Human capital stock (H<sub>t</sub>),-0.028
78,R&D spending,Human capital stock (H<sub>t</sub>),-0.027
79,R&D spending,Human capital stock (H<sub>t</sub>),-0.026
80,R&D spending,Human capital stock (H<sub>t</sub>),-0.025
81,R&D spending,Human capital stock (H<sub>t</sub>),-0.024
82,R&D spending,Human capital stock (H<sub>t</sub>),-0.023
83,R&D spending,Human capital stock (H<sub>t</sub>),-0.022
84,R&D spending,Human capital stock (H<sub>t</sub>),-0.021
85,R&D spending,Human capital stock (H<sub>t</sub>),-0.02
86,R&D spending,Human capital stock (H<sub>t</sub>),-0.019
87,R&D spending,Human capital stock (H<sub>t</sub>),-0.018
88,R&D spending,Human capital stock (H<sub>t</sub>),-0.017
89,R&D spending,Human capital stock (H<sub>t</sub>),-0.016
90,R&D spending,Human capital stock (H<sub>t</sub>),-0.016
91,R&D spending,Human capital stock (H<sub>t</sub>),-0.015
92,R&D spending,Human capital stock (H<sub>t</sub>),-0.014
93,R&D spending,Human capital stock (H<sub>t</sub>),-0.013
94,R&D spending,Human capital stock (H<sub>t</sub>),-0.013
95,R&D spending,Human capital stock (H<sub>t</sub>),-0.012
96,R&D spending,Human capital stock (H<sub>t</sub>),-0.011
97,R&D spending,Human capital stock (H<sub>t</sub>),-0.011
98,R&D spending,Human capital stock (H<sub>t</sub>),-0.01
99,R&D spending,Human capital stock (H<sub>t</sub>),-0.009
100,R&D spending,Human capital stock (H<sub>t</sub>),-0.009
1,Government consumption,Effective labor (N<sub>t</sub>),0.628
2,Government consumption,Effective labor (N<sub>t</sub>),0.244
3,Government consumption,Effective labor (N<sub>t</sub>),0.238
4,Government consumption,Effective labor (N<sub>t</sub>),0.222
5,Government consumption,Effective labor (N<sub>t</sub>),0.204
6,Government consumption,Effective labor (N<sub>t</sub>),0.186
7,Government consumption,Effective labor (N<sub>t</sub>),0.17
8,Government consumption,Effective labor (N<sub>t</sub>),0.155
9,Government consumption,Effective labor (N<sub>t</sub>),0.141
10,Government consumption,Effective labor (N<sub>t</sub>),0.128
11,Government consumption,Effective labor (N<sub>t</sub>),0.116
12,Government consumption,Effective labor (N<sub>t</sub>),0.105
13,Government consumption,Effective labor (N<sub>t</sub>),0.095
14,Government consumption,Effective labor (N<sub>t</sub>),0.086
15,Government consumption,Effective labor (N<sub>t</sub>),0.077
16,Government consumption,Effective labor (N<sub>t</sub>),0.07
17,Government consumption,Effective labor (N<sub>t</sub>),0.063
18,Government consumption,Effective labor (N<sub>t</sub>),0.056
19,Government consumption,Effective labor (N<sub>t</sub>),0.05
20,Government consumption,Effective labor (N<sub>t</sub>),0.045
21,Government consumption,Effective labor (N<sub>t</sub>),0.04
22,Government consumption,Effective labor (N<sub>t</sub>),0.036
23,Government consumption,Effective labor (N<sub>t</sub>),0.032
24,Government consumption,Effective labor (N<sub>t</sub>),0.028
25,Government consumption,Effective labor (N<sub>t</sub>),0.025
26,Government consumption,Effective labor (N<sub>t</sub>),0.022
27,Government consumption,Effective labor (N<sub>t</sub>),0.019
28,Government consumption,Effective labor (N<sub>t</sub>),0.016
29,Government consumption,Effective labor (N<sub>t</sub>),0.014
30,Government consumption,Effective labor (N<sub>t</sub>),0.012
31,Government consumption,Effective labor (N<sub>t</sub>),0.01
32,Government consumption,Effective labor (N<sub>t</sub>),0.009
33,Government consumption,Effective labor (N<sub>t</sub>),0.007
34,Government consumption,Effective labor (N<sub>t</sub>),0.006
35,Government consumption,Effective labor (N<sub>t</sub>),0.005
36,Government consumption,Effective labor (N<sub>t</sub>),0.004
37,Government consumption,Effective labor (N<sub>t</sub>),0.003
38,Government consumption,Effective labor (N<sub>t</sub>),0.002
39,Government consumption,Effective labor (N<sub>t</sub>),0.001
40,Government consumption,Effective labor (N<sub>t</sub>),0.001
41,Government consumption,Effective labor (N<sub>t</sub>),0.0
42,Government consumption,Effective labor (N<sub>t</sub>),-0.0
43,Government consumption,Effective labor (N<sub>t</sub>),-0.001
44,Government consumption,Effective labor (N<sub>t</sub>),-0.001
45,Government consumption,Effective labor (N<sub>t</sub>),-0.001
46,Government consumption,Effective labor (N<sub>t</sub>),-0.001
47,Government consumption,Effective labor (N<sub>t</sub>),-0.001
48,Government consumption,Effective labor (N<sub>t</sub>),-0.002
49,Government consumption,Effective labor (N<sub>t</sub>),-0.002
50,Government consumption,Effective labor (N<sub>t</sub>),-0.002
51,Government consumption,Effective labor (N<sub>t</sub>),-0.002
52,Government consumption,Effective labor (N<sub>t</sub>),-0.002
53,Government consumption,Effective labor (N<sub>t</sub>),-0.002
54,Government consumption,Effective labor (N<sub>t</sub>),-0.002
55,Government consumption,Effective labor (N<sub>t</sub>),-0.001
56,Government consumption,Effective labor (N<sub>t</sub>),-0.001
57,Government consumption,Effective labor (N<sub>t</sub>),-0.001
58,Government consumption,Effective labor (N<sub>t</sub>),-0.001
59,Government consumption,Effective labor (N<sub>t</sub>),-0.001
60,Government consumption,Effective labor (N<sub>t</sub>),-0.001
61,Government consumption,Effective labor (N<sub>t</sub>),-0.001
62,Government consumption,Effective labor (N<sub>t</sub>),-0.001
63,Government consumption,Effective labor (N<sub>t</sub>),-0.0
64,Government consumption,Effective labor (N<sub>t</sub>),-0.0
65,Government consumption,Effective labor (N<sub>t</sub>),-0.0
66,Government consumption,Effective labor (N<sub>t</sub>),-0.0
67,Government consumption,Effective labor (N<sub>t</sub>),0.0
68,Government consumption,Effective labor (N<sub>t</sub>),0.0
69,Government consumption,Effective labor (N<sub>t</sub>),0.0
70,Government consumption,Effective labor (N<sub>t</sub>),0.001
71,Government consumption,Effective labor (N<sub>t</sub>),0.001
72,Government consumption,Effective labor (N<sub>t</sub>),0.001
73,Government consumption,Effective labor (N<sub>t</sub>),0.001
74,Government consumption,Effective labor (N<sub>t</sub>),0.001
75,Government consumption,Effective labor (N<sub>t</sub>),0.001
76,Government consumption,Effective labor (N<sub>t</sub>),0.001
77,Government consumption,Effective labor (N<sub>t</sub>),0.002
78,Government consumption,Effective labor (N<sub>t</sub>),0.002
79,Government consumption,Effective labor (N<sub>t</sub>),0.002
80,Government consumption,Effective labor (N<sub>t</sub>),0.002
81,Government consumption,Effective labor (N<sub>t</sub>),0.002
82,Government consumption,Effective labor (N<sub>t</sub>),0.002
83,Government consumption,Effective labor (N<sub>t</sub>),0.002
84,Government consumption,Effective labor (N<sub>t</sub>),0.002
85,Government consumption,Effective labor (N<sub>t</sub>),0.003
86,Government consumption,Effective labor (N<sub>t</sub>),0.003
87,Government consumption,Effective labor (N<sub>t</sub>),0.003
88,Government consumption,Effective labor (N<sub>t</sub>),0.003
89,Government consumption,Effective labor (N<sub>t</sub>),0.003
90,Government consumption,Effective labor (N<sub>t</sub>),0.003
91,Government consumption,Effective labor (N<sub>t</sub>),0.003
92,Government consumption,Effective labor (N<sub>t</sub>),0.003
93,Government consumption,Effective labor (N<sub>t</sub>),0.003
94,Government consumption,Effective labor (N<sub>t</sub>),0.003
95,Government consumption,Effective labor (N<sub>t</sub>),0.003
96,Government consumption,Effective labor (N<sub>t</sub>),0.003
97,Government consumption,Effective labor (N<sub>t</sub>),0.003
98,Government consumption,Effective labor (N<sub>t</sub>),0.004
99,Government consumption,Effective labor (N<sub>t</sub>),0.004
100,Government consumption,Effective labor (N<sub>t</sub>),0.004
1,Infrastructure investment,Effective labor (N<sub>t</sub>),0.64
2,Infrastructure investment,Effective labor (N<sub>t</sub>),0.069
3,Infrastructure investment,Effective labor (N<sub>t</sub>),0.107
4,Infrastructure investment,Effective labor (N<sub>t</sub>),0.125
5,Infrastructure investment,Effective labor (N<sub>t</sub>),0.136
6,Infrastructure investment,Effective labor (N<sub>t</sub>),0.141
7,Infrastructure investment,Effective labor (N<sub>t</sub>),0.144
8,Infrastructure investment,Effective labor (N<sub>t</sub>),0.144
9,Infrastructure investment,Effective labor (N<sub>t</sub>),0.142
10,Infrastructure investment,Effective labor (N<sub>t</sub>),0.138
11,Infrastructure investment,Effective labor (N<sub>t</sub>),0.134
12,Infrastructure investment,Effective labor (N<sub>t</sub>),0.128
13,Infrastructure investment,Effective labor (N<sub>t</sub>),0.122
14,Infrastructure investment,Effective labor (N<sub>t</sub>),0.115
15,Infrastructure investment,Effective labor (N<sub>t</sub>),0.108
16,Infrastructure investment,Effective labor (N<sub>t</sub>),0.1
17,Infrastructure investment,Effective labor (N<sub>t</sub>),0.093
18,Infrastructure investment,Effective labor (N<sub>t</sub>),0.085
19,Infrastructure investment,Effective labor (N<sub>t</sub>),0.078
20,Infrastructure investment,Effective labor (N<sub>t</sub>),0.07
21,Infrastructure investment,Effective labor (N<sub>t</sub>),0.063
22,Infrastructure investment,Effective labor (N<sub>t</sub>),0.055
23,Infrastructure investment,Effective labor (N<sub>t</sub>),0.048
24,Infrastructure investment,Effective labor (N<sub>t</sub>),0.042
25,Infrastructure investment,Effective labor (N<sub>t</sub>),0.035
26,Infrastructure investment,Effective labor (N<sub>t</sub>),0.029
27,Infrastructure investment,Effective labor (N<sub>t</sub>),0.023
28,Infrastructure investment,Effective labor (N<sub>t</sub>),0.018
29,Infrastructure investment,Effective labor (N<sub>t</sub>),0.012
30,Infrastructure investment,Effective labor (N<sub>t</sub>),0.007
31,Infrastructure investment,Effective labor (N<sub>t</sub>),0.002
32,Infrastructure investment,Effective labor (N<sub>t</sub>),-0.002
33,Infrastructure investment,Effective labor (N<sub>t</sub>),-0.006
34,Infrastructure investment,Effective labor (N<sub>t</sub>),-0.01
35,Infrastructure investment,Effective labor (N<sub>t</sub>),-0.014
36,Infrastructure investment,Effective labor (N<sub>t</sub>),-0.017
37,Infrastructure investment,Effective labor (N<sub>t</sub>),-0.02
38,Infrastructure investment,Effective labor (N<sub>t</sub>),-0.023
39,Infrastructure investment,Effective labor (N<sub>t</sub>),-0.026
40,Infrastructure investment,Effective labor (N<sub>t</sub>),-0.028
41,Infrastructure investment,Effective labor (N<sub>t</sub>),-0.031
42,Infrastructure investment,Effective labor (N<sub>t</sub>),-0.033
43,Infrastructure investment,Effective labor (N<sub>t</sub>),-0.035
44,Infrastructure investment,Effective labor (N<sub>t</sub>),-0.036
45,Infrastructure investment,Effective labor (N<sub>t</sub>),-0.038
46,Infrastructure investment,Effective labor (N<sub>t</sub>),-0.039
47,Infrastructure investment,Effective labor (N<sub>t</sub>),-0.041
48,Infrastructure investment,Effective labor (N<sub>t</sub>),-0.042
49,Infrastructure investment,Effective labor (N<sub>t</sub>),-0.043
50,Infrastructure investment,Effective labor (N<sub>t</sub>),-0.044
51,Infrastructure investment,Effective labor (N<sub>t</sub>),-0.044
52,Infrastructure investment,Effective labor (N<sub>t</sub>),-0.045
53,Infrastructure investment,Effective labor (N<sub>t</sub>),-0.045
54,Infrastructure investment,Effective labor (N<sub>t</sub>),-0.046
55,Infrastructure investment,Effective labor (N<sub>t</sub>),-0.046
56,Infrastructure investment,Effective labor (N<sub>t</sub>),-0.046
57,Infrastructure investment,Effective labor (N<sub>t</sub>),-0.047
58,Infrastructure investment,Effective labor (N<sub>t</sub>),-0.047
59,Infrastructure investment,Effective labor (N<sub>t</sub>),-0.047
60,Infrastructure investment,Effective labor (N<sub>t</sub>),-0.047
61,Infrastructure investment,Effective labor (N<sub>t</sub>),-0.047
62,Infrastructure investment,Effective labor (N<sub>t</sub>),-0.047
63,Infrastructure investment,Effective labor (N<sub>t</sub>),-0.046
64,Infrastructure investment,Effective labor (N<sub>t</sub>),-0.046
65,Infrastructure investment,Effective labor (N<sub>t</sub>),-0.046
66,Infrastructure investment,Effective labor (N<sub>t</sub>),-0.046
67,Infrastructure investment,Effective labor (N<sub>t</sub>),-0.045
68,Infrastructure investment,Effective labor (N<sub>t</sub>),-0.045
69,Infrastructure investment,Effective labor (N<sub>t</sub>),-0.045
70,Infrastructure investment,Effective labor (N<sub>t</sub>),-0.044
71,Infrastructure investment,Effective labor (N<sub>t</sub>),-0.044
72,Infrastructure investment,Effective labor (N<sub>t</sub>),-0.043
73,Infrastructure investment,Effective labor (N<sub>t</sub>),-0.043
74,Infrastructure investment,Effective labor (N<sub>t</sub>),-0.042
75,Infrastructure investment,Effective labor (N<sub>t</sub>),-0.042
76,Infrastructure investment,Effective labor (N<sub>t</sub>),-0.041
77,Infrastructure investment,Effective labor (N<sub>t</sub>),-0.041
78,Infrastructure investment,Effective labor (N<sub>t</sub>),-0.04
79,Infrastructure investment,Effective labor (N<sub>t</sub>),-0.04
80,Infrastructure investment,Effective labor (N<sub>t</sub>),-0.039
81,Infrastructure investment,Effective labor (N<sub>t</sub>),-0.039
82,Infrastructure investment,Effective labor (N<sub>t</sub>),-0.038
83,Infrastructure investment,Effective labor (N<sub>t</sub>),-0.038
84,Infrastructure investment,Effective labor (N<sub>t</sub>),-0.037
85,Infrastructure investment,Effective labor (N<sub>t</sub>),-0.037
86,Infrastructure investment,Effective labor (N<sub>t</sub>),-0.036
87,Infrastructure investment,Effective labor (N<sub>t</sub>),-0.036
88,Infrastructure investment,Effective labor (N<sub>t</sub>),-0.035
89,Infrastructure investment,Effective labor (N<sub>t</sub>),-0.034
90,Infrastructure investment,Effective labor (N<sub>t</sub>),-0.034
91,Infrastructure investment,Effective labor (N<sub>t</sub>),-0.033
92,Infrastructure investment,Effective labor (N<sub>t</sub>),-0.033
93,Infrastructure investment,Effective labor (N<sub>t</sub>),-0.032
94,Infrastructure investment,Effective labor (N<sub>t</sub>),-0.032
95,Infrastructure investment,Effective labor (N<sub>t</sub>),-0.031
96,Infrastructure investment,Effective labor (N<sub>t</sub>),-0.031
97,Infrastructure investment,Effective labor (N<sub>t</sub>),-0.03
98,Infrastructure investment,Effective labor (N<sub>t</sub>),-0.03
99,Infrastructure investment,Effective labor (N<sub>t</sub>),-0.029
100,Infrastructure investment,Effective labor (N<sub>t</sub>),-0.029
1,Human capital investment,Effective labor (N<sub>t</sub>),1.008
2,Human capital investment,Effective labor (N<sub>t</sub>),0.365
3,Human capital investment,Effective labor (N<sub>t</sub>),0.245
4,Human capital investment,Effective labor (N<sub>t</sub>),0.138
5,Human capital investment,Effective labor (N<sub>t</sub>),0.054
6,Human capital investment,Effective labor (N<sub>t</sub>),-0.009
7,Human capital investment,Effective labor (N<sub>t</sub>),-0.053
8,Human capital investment,Effective labor (N<sub>t</sub>),-0.081
9,Human capital investment,Effective labor (N<sub>t</sub>),-0.095
10,Human capital investment,Effective labor (N<sub>t</sub>),-0.098
11,Human capital investment,Effective labor (N<sub>t</sub>),-0.091
12,Human capital investment,Effective labor (N<sub>t</sub>),-0.076
13,Human capital investment,Effective labor (N<sub>t</sub>),-0.055
14,Human capital investment,Effective labor (N<sub>t</sub>),-0.029
15,Human capital investment,Effective labor (N<sub>t</sub>),0.001
16,Human capital investment,Effective labor (N<sub>t</sub>),0.035
17,Human capital investment,Effective labor (N<sub>t</sub>),0.071
18,Human capital investment,Effective labor (N<sub>t</sub>),0.108
19,Human capital investment,Effective labor (N<sub>t</sub>),0.147
20,Human capital investment,Effective labor (N<sub>t</sub>),0.186
21,Human capital investment,Effective labor (N<sub>t</sub>),0.225
22,Human capital investment,Effective labor (N<sub>t</sub>),0.264
23,Human capital investment,Effective labor (N<sub>t</sub>),0.303
24,Human capital investment,Effective labor (N<sub>t</sub>),0.34
25,Human capital investment,Effective labor (N<sub>t</sub>),0.377
26,Human capital investment,Effective labor (N<sub>t</sub>),0.413
27,Human capital investment,Effective labor (N<sub>t</sub>),0.447
28,Human capital investment,Effective labor (N<sub>t</sub>),0.48
29,Human capital investment,Effective labor (N<sub>t</sub>),0.511
30,Human capital investment,Effective labor (N<sub>t</sub>),0.541
31,Human capital investment,Effective labor (N<sub>t</sub>),0.57
32,Human capital investment,Effective labor (N<sub>t</sub>),0.596
33,Human capital investment,Effective labor (N<sub>t</sub>),0.621
34,Human capital investment,Effective labor (N<sub>t</sub>),0.645
35,Human capital investment,Effective labor (N<sub>t</sub>),0.667
36,Human capital investment,Effective labor (N<sub>t</sub>),0.687
37,Human capital investment,Effective labor (N<sub>t</sub>),0.705
38,Human capital investment,Effective labor (N<sub>t</sub>),0.722
39,Human capital investment,Effective labor (N<sub>t</sub>),0.738
40,Human capital investment,Effective labor (N<sub>t</sub>),0.752
41,Human capital investment,Effective labor (N<sub>t</sub>),0.764
42,Human capital investment,Effective labor (N<sub>t</sub>),0.775
43,Human capital investment,Effective labor (N<sub>t</sub>),0.785
44,Human capital investment,Effective labor (N<sub>t</sub>),0.793
45,Human capital investment,Effective labor (N<sub>t</sub>),0.801
46,Human capital investment,Effective labor (N<sub>t</sub>),0.807
47,Human capital investment,Effective labor (N<sub>t</sub>),0.811
48,Human capital investment,Effective labor (N<sub>t</sub>),0.815
49,Human capital investment,Effective labor (N<sub>t</sub>),0.818
50,Human capital investment,Effective labor (N<sub>t</sub>),0.82
51,Human capital investment,Effective labor (N<sub>t</sub>),0.82
52,Human capital investment,Effective labor (N<sub>t</sub>),0.82
53,Human capital investment,Effective labor (N<sub>t</sub>),0.819
54,Human capital investment,Effective labor (N<sub>t</sub>),0.817
55,Human capital investment,Effective labor (N<sub>t</sub>),0.815
56,Human capital investment,Effective labor (N<sub>t</sub>),0.811
57,Human capital investment,Effective labor (N<sub>t</sub>),0.807
58,Human capital investment,Effective labor (N<sub>t</sub>),0.803
59,Human capital investment,Effective labor (N<sub>t</sub>),0.798
60,Human capital investment,Effective labor (N<sub>t</sub>),0.792
61,Human capital investment,Effective labor (N<sub>t</sub>),0.786
62,Human capital investment,Effective labor (N<sub>t</sub>),0.779
63,Human capital investment,Effective labor (N<sub>t</sub>),0.772
64,Human capital investment,Effective labor (N<sub>t</sub>),0.764
65,Human capital investment,Effective labor (N<sub>t</sub>),0.756
66,Human capital investment,Effective labor (N<sub>t</sub>),0.748
67,Human capital investment,Effective labor (N<sub>t</sub>),0.739
68,Human capital investment,Effective labor (N<sub>t</sub>),0.731
69,Human capital investment,Effective labor (N<sub>t</sub>),0.721
70,Human capital investment,Effective labor (N<sub>t</sub>),0.712
71,Human capital investment,Effective labor (N<sub>t</sub>),0.702
72,Human capital investment,Effective labor (N<sub>t</sub>),0.693
73,Human capital investment,Effective labor (N<sub>t</sub>),0.683
74,Human capital investment,Effective labor (N<sub>t</sub>),0.672
75,Human capital investment,Effective labor (N<sub>t</sub>),0.662
76,Human capital investment,Effective labor (N<sub>t</sub>),0.652
77,Human capital investment,Effective labor (N<sub>t</sub>),0.641
78,Human capital investment,Effective labor (N<sub>t</sub>),0.631
79,Human capital investment,Effective labor (N<sub>t</sub>),0.62
80,Human capital investment,Effective labor (N<sub>t</sub>),0.61
81,Human capital investment,Effective labor (N<sub>t</sub>),0.599
82,Human capital investment,Effective labor (N<sub>t</sub>),0.589
83,Human capital investment,Effective labor (N<sub>t</sub>),0.578
84,Human capital investment,Effective labor (N<sub>t</sub>),0.567
85,Human capital investment,Effective labor (N<sub>t</sub>),0.557
86,Human capital investment,Effective labor (N<sub>t</sub>),0.546
87,Human capital investment,Effective labor (N<sub>t</sub>),0.536
88,Human capital investment,Effective labor (N<sub>t</sub>),0.525
89,Human capital investment,Effective labor (N<sub>t</sub>),0.515
90,Human capital investment,Effective labor (N<sub>t</sub>),0.504
91,Human capital investment,Effective labor (N<sub>t</sub>),0.494
92,Human capital investment,Effective labor (N<sub>t</sub>),0.484
93,Human capital investment,Effective labor (N<sub>t</sub>),0.474
94,Human capital investment,Effective labor (N<sub>t</sub>),0.464
95,Human capital investment,Effective labor (N<sub>t</sub>),0.454
96,Human capital investment,Effective labor (N<sub>t</sub>),0.444
97,Human capital investment,Effective labor (N<sub>t</sub>),0.434
98,Human capital investment,Effective labor (N<sub>t</sub>),0.425
99,Human capital investment,Effective labor (N<sub>t</sub>),0.415
100,Human capital investment,Effective labor (N<sub>t</sub>),0.406
1,R&D spending,Effective labor (N<sub>t</sub>),0.727
2,R&D spending,Effective labor (N<sub>t</sub>),0.021
3,R&D spending,Effective labor (N<sub>t</sub>),0.011
4,R&D spending,Effective labor (N<sub>t</sub>),0.002
5,R&D spending,Effective labor (N<sub>t</sub>),0.004
6,R&D spending,Effective labor (N<sub>t</sub>),0.014
7,R&D spending,Effective labor (N<sub>t</sub>),0.03
8,R&D spending,Effective labor (N<sub>t</sub>),0.049
9,R&D spending,Effective labor (N<sub>t</sub>),0.07
10,R&D spending,Effective labor (N<sub>t</sub>),0.091
11,R&D spending,Effective labor (N<sub>t</sub>),0.111
12,R&D spending,Effective labor (N<sub>t</sub>),0.128
13,R&D spending,Effective labor (N<sub>t</sub>),0.142
14,R&D spending,Effective labor (N<sub>t</sub>),0.154
15,R&D spending,Effective labor (N<sub>t</sub>),0.163
16,R&D spending,Effective labor (N<sub>t</sub>),0.17
17,R&D spending,Effective labor (N<sub>t</sub>),0.173
18,R&D spending,Effective labor (N<sub>t</sub>),0.174
19,R&D spending,Effective labor (N<sub>t</sub>),0.173
20,R&D spending,Effective labor (N<sub>t</sub>),0.169
21,R&D spending,Effective labor (N<sub>t</sub>),0.164
22,R&D spending,Effective labor (N<sub>t</sub>),0.157
23,R&D spending,Effective labor (N<sub>t</sub>),0.148
24,R&D spending,Effective labor (N<sub>t</sub>),0.139
25,R&D spending,Effective labor (N<sub>t</sub>),0.129
26,R&D spending,Effective labor (N<sub>t</sub>),0.118
27,R&D spending,Effective labor (N<sub>t</sub>),0.106
28,R&D spending,Effective labor (N<sub>t</sub>),0.094
29,R&D spending,Effective labor (N<sub>t</sub>),0.082
30,R&D spending,Effective labor (N<sub>t</sub>),0.07
31,R&D spending,Effective labor (N<sub>t</sub>),0.058
32,R&D spending,Effective labor (N<sub>t</sub>),0.046
33,R&D spending,Effective labor (N<sub>t</sub>),0.034
34,R&D spending,Effective labor (N<sub>t</sub>),0.023
35,R&D spending,Effective labor (N<sub>t</sub>),0.012
36,R&D spending,Effective labor (N<sub>t</sub>),0.001
37,R&D spending,Effective labor (N<sub>t</sub>),-0.009
38,R&D spending,Effective labor (N<sub>t</sub>),-0.019
39,R&D spending,Effective labor (N<sub>t</sub>),-0.028
40,R&D spending,Effective labor (N<sub>t</sub>),-0.037
41,R&D spending,Effective labor (N<sub>t</sub>),-0.045
42,R&D spending,Effective labor (N<sub>t</sub>),-0.053
43,R&D spending,Effective labor (N<sub>t</sub>),-0.06
44,R&D spending,Effective labor (N<sub>t</sub>),-0.067
45,R&D spending,Effective labor (N<sub>t</sub>),-0.073
46,R&D spending,Effective labor (N<sub>t</sub>),-0.079
47,R&D spending,Effective labor (N<sub>t</sub>),-0.084
48,R&D spending,Effective labor (N<sub>t</sub>),-0.089
49,R&D spending,Effective labor (N<sub>t</sub>),-0.093
50,R&D spending,Effective labor (N<sub>t</sub>),-0.097
51,R&D spending,Effective labor (N<sub>t</sub>),-0.1
52,R&D spending,Effective labor (N<sub>t</sub>),-0.103
53,R&D spending,Effective labor (N<sub>t</sub>),-0.106
54,R&D spending,Effective labor (N<sub>t</sub>),-0.108
55,R&D spending,Effective labor (N<sub>t</sub>),-0.11
56,R&D spending,Effective labor (N<sub>t</sub>),-0.111
57,R&D spending,Effective labor (N<sub>t</sub>),-0.113
58,R&D spending,Effective labor (N<sub>t</sub>),-0.114
59,R&D spending,Effective labor (N<sub>t</sub>),-0.115
60,R&D spending,Effective labor (N<sub>t</sub>),-0.115
61,R&D spending,Effective labor (N<sub>t</sub>),-0.116
62,R&D spending,Effective labor (N<sub>t</sub>),-0.116
63,R&D spending,Effective labor (N<sub>t</sub>),-0.116
64,R&D spending,Effective labor (N<sub>t</sub>),-0.115
65,R&D spending,Effective labor (N<sub>t</sub>),-0.115
66,R&D spending,Effective labor (N<sub>t</sub>),-0.114
67,R&D spending,Effective labor (N<sub>t</sub>),-0.114
68,R&D spending,Effective labor (N<sub>t</sub>),-0.113
69,R&D spending,Effective labor (N<sub>t</sub>),-0.112
70,R&D spending,Effective labor (N<sub>t</sub>),-0.111
71,R&D spending,Effective labor (N<sub>t</sub>),-0.11
72,R&D spending,Effective labor (N<sub>t</sub>),-0.109
73,R&D spending,Effective labor (N<sub>t</sub>),-0.107
74,R&D spending,Effective labor (N<sub>t</sub>),-0.106
75,R&D spending,Effective labor (N<sub>t</sub>),-0.105
76,R&D spending,Effective labor (N<sub>t</sub>),-0.103
77,R&D spending,Effective labor (N<sub>t</sub>),-0.102
78,R&D spending,Effective labor (N<sub>t</sub>),-0.1
79,R&D spending,Effective labor (N<sub>t</sub>),-0.099
80,R&D spending,Effective labor (N<sub>t</sub>),-0.097
81,R&D spending,Effective labor (N<sub>t</sub>),-0.096
82,R&D spending,Effective labor (N<sub>t</sub>),-0.094
83,R&D spending,Effective labor (N<sub>t</sub>),-0.092
84,R&D spending,Effective labor (N<sub>t</sub>),-0.091
85,R&D spending,Effective labor (N<sub>t</sub>),-0.089
86,R&D spending,Effective labor (N<sub>t</sub>),-0.088
87,R&D spending,Effective labor (N<sub>t</sub>),-0.086
88,R&D spending,Effective labor (N<sub>t</sub>),-0.084
89,R&D spending,Effective labor (N<sub>t</sub>),-0.083
90,R&D spending,Effective labor (N<sub>t</sub>),-0.081
91,R&D spending,Effective labor (N<sub>t</sub>),-0.08
92,R&D spending,Effective labor (N<sub>t</sub>),-0.078
93,R&D spending,Effective labor (N<sub>t</sub>),-0.076
94,R&D spending,Effective labor (N<sub>t</sub>),-0.075
95,R&D spending,Effective labor (N<sub>t</sub>),-0.073
96,R&D spending,Effective labor (N<sub>t</sub>),-0.072
97,R&D spending,Effective labor (N<sub>t</sub>),-0.071
98,R&D spending,Effective labor (N<sub>t</sub>),-0.069
99,R&D spending,Effective labor (N<sub>t</sub>),-0.068
100,R&D spending,Effective labor (N<sub>t</sub>),-0.066
1,Government consumption,Education time (E<sub>t</sub>),-0.887
2,Government consumption,Education time (E<sub>t</sub>),-0.289
3,Government consumption,Education time (E<sub>t</sub>),-0.29
4,Government consumption,Education time (E<sub>t</sub>),-0.275
5,Government consumption,Education time (E<sub>t</sub>),-0.255
6,Government consumption,Education time (E<sub>t</sub>),-0.235
7,Government consumption,Education time (E<sub>t</sub>),-0.217
8,Government consumption,Education time (E<sub>t</sub>),-0.2
9,Government consumption,Education time (E<sub>t</sub>),-0.184
10,Government consumption,Education time (E<sub>t</sub>),-0.169
11,Government consumption,Education time (E<sub>t</sub>),-0.155
12,Government consumption,Education time (E<sub>t</sub>),-0.142
13,Government consumption,Education time (E<sub>t</sub>),-0.131
14,Government consumption,Education time (E<sub>t</sub>),-0.12
15,Government consumption,Education time (E<sub>t</sub>),-0.11
16,Government consumption,Education time (E<sub>t</sub>),-0.1
17,Government consumption,Education time (E<sub>t</sub>),-0.092
18,Government consumption,Education time (E<sub>t</sub>),-0.084
19,Government consumption,Education time (E<sub>t</sub>),-0.077
20,Government consumption,Education time (E<sub>t</sub>),-0.07
21,Government consumption,Education time (E<sub>t</sub>),-0.064
22,Government consumption,Education time (E<sub>t</sub>),-0.058
23,Government consumption,Education time (E<sub>t</sub>),-0.053
24,Government consumption,Education time (E<sub>t</sub>),-0.048
25,Government consumption,Education time (E<sub>t</sub>),-0.044
26,Government consumption,Education time (E<sub>t</sub>),-0.04
27,Government consumption,Education time (E<sub>t</sub>),-0.036
28,Government consumption,Education time (E<sub>t</sub>),-0.033
29,Government consumption,Education time (E<sub>t</sub>),-0.03
30,Government consumption,Education time (E<sub>t</sub>),-0.027
31,Government consumption,Education time (E<sub>t</sub>),-0.024
32,Government consumption,Education time (E<sub>t</sub>),-0.022
33,Government consumption,Education time (E<sub>t</sub>),-0.019
34,Government consumption,Education time (E<sub>t</sub>),-0.017
35,Government consumption,Education time (E<sub>t</sub>),-0.016
36,Government consumption,Education time (E<sub>t</sub>),-0.014
37,Government consumption,Education time (E<sub>t</sub>),-0.012
38,Government consumption,Education time (E<sub>t</sub>),-0.011
39,Government consumption,Education time (E<sub>t</sub>),-0.01
40,Government consumption,Education time (E<sub>t</sub>),-0.009
41,Government consumption,Education time (E<sub>t</sub>),-0.007
42,Government consumption,Education time (E<sub>t</sub>),-0.007
43,Government consumption,Education time (E<sub>t</sub>),-0.006
44,Government consumption,Education time (E<sub>t</sub>),-0.005
45,Government consumption,Education time (E<sub>t</sub>),-0.004
46,Government consumption,Education time (E<sub>t</sub>),-0.004
47,Government consumption,Education time (E<sub>t</sub>),-0.003
48,Government consumption,Education time (E<sub>t</sub>),-0.003
49,Government consumption,Education time (E<sub>t</sub>),-0.002
50,Government consumption,Education time (E<sub>t</sub>),-0.002
51,Government consumption,Education time (E<sub>t</sub>),-0.001
52,Government consumption,Education time (E<sub>t</sub>),-0.001
53,Government consumption,Education time (E<sub>t</sub>),-0.001
54,Government consumption,Education time (E<sub>t</sub>),-0.0
55,Government consumption,Education time (E<sub>t</sub>),-0.0
56,Government consumption,Education time (E<sub>t</sub>),-0.0
57,Government consumption,Education time (E<sub>t</sub>),0.0
58,Government consumption,Education time (E<sub>t</sub>),0.0
59,Government consumption,Education time (E<sub>t</sub>),0.0
60,Government consumption,Education time (E<sub>t</sub>),0.0
61,Government consumption,Education time (E<sub>t</sub>),0.0
62,Government consumption,Education time (E<sub>t</sub>),0.001
63,Government consumption,Education time (E<sub>t</sub>),0.001
64,Government consumption,Education time (E<sub>t</sub>),0.001
65,Government consumption,Education time (E<sub>t</sub>),0.001
66,Government consumption,Education time (E<sub>t</sub>),0.001
67,Government consumption,Education time (E<sub>t</sub>),0.001
68,Government consumption,Education time (E<sub>t</sub>),0.001
69,Government consumption,Education time (E<sub>t</sub>),0.001
70,Government consumption,Education time (E<sub>t</sub>),0.001
71,Government consumption,Education time (E<sub>t</sub>),0.001
72,Government consumption,Education time (E<sub>t</sub>),0.001
73,Government consumption,Education time (E<sub>t</sub>),0.001
74,Government consumption,Education time (E<sub>t</sub>),0.0
75,Government consumption,Education time (E<sub>t</sub>),0.0
76,Government consumption,Education time (E<sub>t</sub>),0.0
77,Government consumption,Education time (E<sub>t</sub>),0.0
78,Government consumption,Education time (E<sub>t</sub>),0.0
79,Government consumption,Education time (E<sub>t</sub>),0.0
80,Government consumption,Education time (E<sub>t</sub>),0.0
81,Government consumption,Education time (E<sub>t</sub>),0.0
82,Government consumption,Education time (E<sub>t</sub>),0.0
83,Government consumption,Education time (E<sub>t</sub>),0.0
84,Government consumption,Education time (E<sub>t</sub>),0.0
85,Government consumption,Education time (E<sub>t</sub>),-0.0
86,Government consumption,Education time (E<sub>t</sub>),-0.0
87,Government consumption,Education time (E<sub>t</sub>),-0.0
88,Government consumption,Education time (E<sub>t</sub>),-0.0
89,Government consumption,Education time (E<sub>t</sub>),-0.0
90,Government consumption,Education time (E<sub>t</sub>),-0.0
91,Government consumption,Education time (E<sub>t</sub>),-0.0
92,Government consumption,Education time (E<sub>t</sub>),-0.0
93,Government consumption,Education time (E<sub>t</sub>),-0.0
94,Government consumption,Education time (E<sub>t</sub>),-0.0
95,Government consumption,Education time (E<sub>t</sub>),-0.001
96,Government consumption,Education time (E<sub>t</sub>),-0.001
97,Government consumption,Education time (E<sub>t</sub>),-0.001
98,Government consumption,Education time (E<sub>t</sub>),-0.001
99,Government consumption,Education time (E<sub>t</sub>),-0.001
100,Government consumption,Education time (E<sub>t</sub>),-0.001
1,Infrastructure investment,Education time (E<sub>t</sub>),-0.953
2,Infrastructure investment,Education time (E<sub>t</sub>),-0.053
3,Infrastructure investment,Education time (E<sub>t</sub>),-0.117
4,Infrastructure investment,Education time (E<sub>t</sub>),-0.152
5,Infrastructure investment,Education time (E<sub>t</sub>),-0.174
6,Infrastructure investment,Education time (E<sub>t</sub>),-0.189
7,Infrastructure investment,Education time (E<sub>t</sub>),-0.2
8,Infrastructure investment,Education time (E<sub>t</sub>),-0.207
9,Infrastructure investment,Education time (E<sub>t</sub>),-0.211
10,Infrastructure investment,Education time (E<sub>t</sub>),-0.212
11,Infrastructure investment,Education time (E<sub>t</sub>),-0.212
12,Infrastructure investment,Education time (E<sub>t</sub>),-0.21
13,Infrastructure investment,Education time (E<sub>t</sub>),-0.206
14,Infrastructure investment,Education time (E<sub>t</sub>),-0.202
15,Infrastructure investment,Education time (E<sub>t</sub>),-0.196
16,Infrastructure investment,Education time (E<sub>t</sub>),-0.19
17,Infrastructure investment,Education time (E<sub>t</sub>),-0.184
18,Infrastructure investment,Education time (E<sub>t</sub>),-0.177
19,Infrastructure investment,Education time (E<sub>t</sub>),-0.169
20,Infrastructure investment,Education time (E<sub>t</sub>),-0.162
21,Infrastructure investment,Education time (E<sub>t</sub>),-0.154
22,Infrastructure investment,Education time (E<sub>t</sub>),-0.147
23,Infrastructure investment,Education time (E<sub>t</sub>),-0.14
24,Infrastructure investment,Education time (E<sub>t</sub>),-0.132
25,Infrastructure investment,Education time (E<sub>t</sub>),-0.125
26,Infrastructure investment,Education time (E<sub>t</sub>),-0.118
27,Infrastructure investment,Education time (E<sub>t</sub>),-0.111
28,Infrastructure investment,Education time (E<sub>t</sub>),-0.104
29,Infrastructure investment,Education time (E<sub>t</sub>),-0.098
30,Infrastructure investment,Education time (E<sub>t</sub>),-0.092
31,Infrastructure investment,Education time (E<sub>t</sub>),-0.086
32,Infrastructure investment,Education time (E<sub>t</sub>),-0.08
33,Infrastructure investment,Education time (E<sub>t</sub>),-0.075
34,Infrastructure investment,Education time (E<sub>t</sub>),-0.069
35,Infrastructure investment,Education time (E<sub>t</sub>),-0.064
36,Infrastructure investment,Education time (E<sub>t</sub>),-0.06
37,Infrastructure investment,Education time (E<sub>t</sub>),-0.055
38,Infrastructure investment,Education time (E<sub>t</sub>),-0.051
39,Infrastructure investment,Education time (E<sub>t</sub>),-0.047
40,Infrastructure investment,Education time (E<sub>t</sub>),-0.043
41,Infrastructure investment,Education time (E<sub>t</sub>),-0.039
42,Infrastructure investment,Education time (E<sub>t</sub>),-0.036
43,Infrastructure investment,Education time (E<sub>t</sub>),-0.033
44,Infrastructure investment,Education time (E<sub>t</sub>),-0.03
45,Infrastructure investment,Education time (E<sub>t</sub>),-0.027
46,Infrastructure investment,Education time (E<sub>t</sub>),-0.024
47,Infrastructure investment,Education time (E<sub>t</sub>),-0.022
48,Infrastructure investment,Education time (E<sub>t</sub>),-0.019
49,Infrastructure investment,Education time (E<sub>t</sub>),-0.017
50,Infrastructure investment,Education time (E<sub>t</sub>),-0.015
51,Infrastructure investment,Education time (E<sub>t</sub>),-0.013
52,Infrastructure investment,Education time (E<sub>t</sub>),-0.011
53,Infrastructure investment,Education time (E<sub>t</sub>),-0.01
54,Infrastructure investment,Education time (E<sub>t</sub>),-0.008
55,Infrastructure investment,Education time (E<sub>t</sub>),-0.007
56,Infrastructure investment,Education time (E<sub>t</sub>),-0.005
57,Infrastructure investment,Education time (E<sub>t</sub>),-0.004
58,Infrastructure investment,Education time (E<sub>t</sub>),-0.003
59,Infrastructure investment,Education time (E<sub>t</sub>),-0.002
60,Infrastructure investment,Education time (E<sub>t</sub>),-0.001
61,Infrastructure investment,Education time (E<sub>t</sub>),0.0
62,Infrastructure investment,Education time (E<sub>t</sub>),0.001
63,Infrastructure investment,Education time (E<sub>t</sub>),0.002
64,Infrastructure investment,Education time (E<sub>t</sub>),0.003
65,Infrastructure investment,Education time (E<sub>t</sub>),0.003
66,Infrastructure investment,Education time (E<sub>t</sub>),0.004
67,Infrastructure investment,Education time (E<sub>t</sub>),0.004
68,Infrastructure investment,Education time (E<sub>t</sub>),0.005
69,Infrastructure investment,Education time (E<sub>t</sub>),0.005
70,Infrastructure investment,Education time (E<sub>t</sub>),0.006
71,Infrastructure investment,Education time (E<sub>t</sub>),0.006
72,Infrastructure investment,Education time (E<sub>t</sub>),0.007
73,Infrastructure investment,Education time (E<sub>t</sub>),0.007
74,Infrastructure investment,Education time (E<sub>t</sub>),0.007
75,Infrastructure investment,Education time (E<sub>t</sub>),0.007
76,Infrastructure investment,Education time (E<sub>t</sub>),0.008
77,Infrastructure investment,Education time (E<sub>t</sub>),0.008
78,Infrastructure investment,Education time (E<sub>t</sub>),0.008
79,Infrastructure investment,Education time (E<sub>t</sub>),0.008
80,Infrastructure investment,Education time (E<sub>t</sub>),0.008
81,Infrastructure investment,Education time (E<sub>t</sub>),0.008
82,Infrastructure investment,Education time (E<sub>t</sub>),0.009
83,Infrastructure investment,Education time (E<sub>t</sub>),0.009
84,Infrastructure investment,Education time (E<sub>t</sub>),0.009
85,Infrastructure investment,Education time (E<sub>t</sub>),0.009
86,Infrastructure investment,Education time (E<sub>t</sub>),0.009
87,Infrastructure investment,Education time (E<sub>t</sub>),0.009
88,Infrastructure investment,Education time (E<sub>t</sub>),0.009
89,Infrastructure investment,Education time (E<sub>t</sub>),0.009
90,Infrastructure investment,Education time (E<sub>t</sub>),0.009
91,Infrastructure investment,Education time (E<sub>t</sub>),0.009
92,Infrastructure investment,Education time (E<sub>t</sub>),0.009
93,Infrastructure investment,Education time (E<sub>t</sub>),0.009
94,Infrastructure investment,Education time (E<sub>t</sub>),0.009
95,Infrastructure investment,Education time (E<sub>t</sub>),0.009
96,Infrastructure investment,Education time (E<sub>t</sub>),0.009
97,Infrastructure investment,Education time (E<sub>t</sub>),0.009
98,Infrastructure investment,Education time (E<sub>t</sub>),0.008
99,Infrastructure investment,Education time (E<sub>t</sub>),0.008
100,Infrastructure investment,Education time (E<sub>t</sub>),0.008
1,Human capital investment,Education time (E<sub>t</sub>),-1.853
2,Human capital investment,Education time (E<sub>t</sub>),-0.759
3,Human capital investment,Education time (E<sub>t</sub>),-0.491
4,Human capital investment,Education time (E<sub>t</sub>),-0.243
5,Human capital investment,Education time (E<sub>t</sub>),-0.03
6,Human capital investment,Education time (E<sub>t</sub>),0.149
7,Human capital investment,Education time (E<sub>t</sub>),0.296
8,Human capital investment,Education time (E<sub>t</sub>),0.417
9,Human capital investment,Education time (E<sub>t</sub>),0.514
10,Human capital investment,Education time (E<sub>t</sub>),0.591
11,Human capital investment,Education time (E<sub>t</sub>),0.65
12,Human capital investment,Education time (E<sub>t</sub>),0.694
13,Human capital investment,Education time (E<sub>t</sub>),0.726
14,Human capital investment,Education time (E<sub>t</sub>),0.747
15,Human capital investment,Education time (E<sub>t</sub>),0.758
16,Human capital investment,Education time (E<sub>t</sub>),0.762
17,Human capital investment,Education time (E<sub>t</sub>),0.759
18,Human capital investment,Education time (E<sub>t</sub>),0.75
19,Human capital investment,Education time (E<sub>t</sub>),0.736
20,Human capital investment,Education time (E<sub>t</sub>),0.718
21,Human capital investment,Education time (E<sub>t</sub>),0.698
22,Human capital investment,Education time (E<sub>t</sub>),0.674
23,Human capital investment,Education time (E<sub>t</sub>),0.649
24,Human capital investment,Education time (E<sub>t</sub>),0.621
25,Human capital investment,Education time (E<sub>t</sub>),0.593
26,Human capital investment,Education time (E<sub>t</sub>),0.564
27,Human capital investment,Education time (E<sub>t</sub>),0.534
28,Human capital investment,Education time (E<sub>t</sub>),0.504
29,Human capital investment,Education time (E<sub>t</sub>),0.474
30,Human capital investment,Education time (E<sub>t</sub>),0.444
31,Human capital investment,Education time (E<sub>t</sub>),0.414
32,Human capital investment,Education time (E<sub>t</sub>),0.385
33,Human capital investment,Education time (E<sub>t</sub>),0.356
34,Human capital investment,Education time (E<sub>t</sub>),0.328
35,Human capital investment,Education time (E<sub>t</sub>),0.301
36,Human capital investment,Education time (E<sub>t</sub>),0.274
37,Human capital investment,Education time (E<sub>t</sub>),0.248
38,Human capital investment,Education time (E<sub>t</sub>),0.223
39,Human capital investment,Education time (E<sub>t</sub>),0.199
40,Human capital investment,Education time (E<sub>t</sub>),0.176
41,Human capital investment,Education time (E<sub>t</sub>),0.153
42,Human capital investment,Education time (E<sub>t</sub>),0.132
43,Human capital investment,Education time (E<sub>t</sub>),0.112
44,Human capital investment,Education time (E<sub>t</sub>),0.092
45,Human capital investment,Education time (E<sub>t</sub>),0.074
46,Human capital investment,Education time (E<sub>t</sub>),0.056
47,Human capital investment,Education time (E<sub>t</sub>),0.039
48,Human capital investment,Education time (E<sub>t</sub>),0.023
49,Human capital investment,Education time (E<sub>t</sub>),0.008
50,Human capital investment,Education time (E<sub>t</sub>),-0.006
51,Human capital investment,Education time (E<sub>t</sub>),-0.02
52,Human capital investment,Education time (E<sub>t</sub>),-0.032
53,Human capital investment,Education time (E<sub>t</sub>),-0.044
54,Human capital investment,Education time (E<sub>t</sub>),-0.055
55,Human capital investment,Education time (E<sub>t</sub>),-0.066
56,Human capital investment,Education time (E<sub>t</sub>),-0.075
57,Human capital investment,Education time (E<sub>t</sub>),-0.085
58,Human capital investment,Education time (E<sub>t</sub>),-0.093
59,Human capital investment,Education time (E<sub>t</sub>),-0.101
60,Human capital investment,Education time (E<sub>t</sub>),-0.108
61,Human capital investment,Education time (E<sub>t</sub>),-0.115
62,Human capital investment,Education time (E<sub>t</sub>),-0.121
63,Human capital investment,Education time (E<sub>t</sub>),-0.127
64,Human capital investment,Education time (E<sub>t</sub>),-0.132
65,Human capital investment,Education time (E<sub>t</sub>),-0.137
66,Human capital investment,Education time (E<sub>t</sub>),-0.141
67,Human capital investment,Education time (E<sub>t</sub>),-0.145
68,Human capital investment,Education time (E<sub>t</sub>),-0.148
69,Human capital investment,Education time (E<sub>t</sub>),-0.151
70,Human capital investment,Education time (E<sub>t</sub>),-0.154
71,Human capital investment,Education time (E<sub>t</sub>),-0.156
72,Human capital investment,Education time (E<sub>t</sub>),-0.158
73,Human capital investment,Education time (E<sub>t</sub>),-0.16
74,Human capital investment,Education time (E<sub>t</sub>),-0.161
75,Human capital investment,Education time (E<sub>t</sub>),-0.162
76,Human capital investment,Education time (E<sub>t</sub>),-0.163
77,Human capital investment,Education time (E<sub>t</sub>),-0.164
78,Human capital investment,Education time (E<sub>t</sub>),-0.164
79,Human capital investment,Education time (E<sub>t</sub>),-0.164
80,Human capital investment,Education time (E<sub>t</sub>),-0.164
81,Human capital investment,Education time (E<sub>t</sub>),-0.164
82,Human capital investment,Education time (E<sub>t</sub>),-0.164
83,Human capital investment,Education time (E<sub>t</sub>),-0.163
84,Human capital investment,Education time (E<sub>t</sub>),-0.162
85,Human capital investment,Education time (E<sub>t</sub>),-0.162
86,Human capital investment,Education time (E<sub>t</sub>),-0.161
87,Human capital investment,Education time (E<sub>t</sub>),-0.159
88,Human capital investment,Education time (E<sub>t</sub>),-0.158
89,Human capital investment,Education time (E<sub>t</sub>),-0.157
90,Human capital investment,Education time (E<sub>t</sub>),-0.155
91,Human capital investment,Education time (E<sub>t</sub>),-0.154
92,Human capital investment,Education time (E<sub>t</sub>),-0.152
93,Human capital investment,Education time (E<sub>t</sub>),-0.151
94,Human capital investment,Education time (E<sub>t</sub>),-0.149
95,Human capital investment,Education time (E<sub>t</sub>),-0.147
96,Human capital investment,Education time (E<sub>t</sub>),-0.145
97,Human capital investment,Education time (E<sub>t</sub>),-0.143
98,Human capital investment,Education time (E<sub>t</sub>),-0.141
99,Human capital investment,Education time (E<sub>t</sub>),-0.139
100,Human capital investment,Education time (E<sub>t</sub>),-0.137
1,R&D spending,Education time (E<sub>t</sub>),-1.12
2,R&D spending,Education time (E<sub>t</sub>),-0.004
3,R&D spending,Education time (E<sub>t</sub>),0.012
4,R&D spending,Education time (E<sub>t</sub>),0.026
5,R&D spending,Education time (E<sub>t</sub>),0.025
6,R&D spending,Education time (E<sub>t</sub>),0.01
7,R&D spending,Education time (E<sub>t</sub>),-0.017
8,R&D spending,Education time (E<sub>t</sub>),-0.049
9,R&D spending,Education time (E<sub>t</sub>),-0.086
10,R&D spending,Education time (E<sub>t</sub>),-0.123
11,R&D spending,Education time (E<sub>t</sub>),-0.159
12,R&D spending,Education time (E<sub>t</sub>),-0.192
13,R&D spending,Education time (E<sub>t</sub>),-0.223
14,R&D spending,Education time (E<sub>t</sub>),-0.25
15,R&D spending,Education time (E<sub>t</sub>),-0.273
16,R&D spending,Education time (E<sub>t</sub>),-0.292
17,R&D spending,Education time (E<sub>t</sub>),-0.308
18,R&D spending,Education time (E<sub>t</sub>),-0.319
19,R&D spending,Education time (E<sub>t</sub>),-0.327
20,R&D spending,Education time (E<sub>t</sub>),-0.332
21,R&D spending,Education time (E<sub>t</sub>),-0.334
22,R&D spending,Education time (E<sub>t</sub>),-0.333
23,R&D spending,Education time (E<sub>t</sub>),-0.33
24,R&D spending,Education time (E<sub>t</sub>),-0.324
25,R&D spending,Education time (E<sub>t</sub>),-0.317
26,R&D spending,Education time (E<sub>t</sub>),-0.308
27,R&D spending,Education time (E<sub>t</sub>),-0.298
28,R&D spending,Education time (E<sub>t</sub>),-0.287
29,R&D spending,Education time (E<sub>t</sub>),-0.276
30,R&D spending,Education time (E<sub>t</sub>),-0.263
31,R&D spending,Education time (E<sub>t</sub>),-0.25
32,R&D spending,Education time (E<sub>t</sub>),-0.237
33,R&D spending,Education time (E<sub>t</sub>),-0.224
34,R&D spending,Education time (E<sub>t</sub>),-0.21
35,R&D spending,Education time (E<sub>t</sub>),-0.197
36,R&D spending,Education time (E<sub>t</sub>),-0.184
37,R&D spending,Education time (E<sub>t</sub>),-0.171
38,R&D spending,Education time (E<sub>t</sub>),-0.158
39,R&D spending,Education time (E<sub>t</sub>),-0.146
40,R&D spending,Education time (E<sub>t</sub>),-0.134
41,R&D spending,Education time (E<sub>t</sub>),-0.122
42,R&D spending,Education time (E<sub>t</sub>),-0.111
43,R&D spending,Education time (E<sub>t</sub>),-0.101
44,R&D spending,Education time (E<sub>t</sub>),-0.091
45,R&D spending,Education time (E<sub>t</sub>),-0.081
46,R&D spending,Education time (E<sub>t</sub>),-0.072
47,R&D spending,Education time (E<sub>t</sub>),-0.063
48,R&D spending,Education time (E<sub>t</sub>),-0.055
49,R&D spending,Education time (E<sub>t</sub>),-0.047
50,R&D spending,Education time (E<sub>t</sub>),-0.04
51,R&D spending,Education time (E<sub>t</sub>),-0.033
52,R&D spending,Education time (E<sub>t</sub>),-0.027
53,R&D spending,Education time (E<sub>t</sub>),-0.021
54,R&D spending,Education time (E<sub>t</sub>),-0.016
55,R&D spending,Education time (E<sub>t</sub>),-0.011
56,R&D spending,Education time (E<sub>t</sub>),-0.006
57,R&D spending,Education time (E<sub>t</sub>),-0.001
58,R&D spending,Education time (E<sub>t</sub>),0.003
59,R&D spending,Education time (E<sub>t</sub>),0.006
60,R&D spending,Education time (E<sub>t</sub>),0.01
61,R&D spending,Education time (E<sub>t</sub>),0.013
62,R&D spending,Education time (E<sub>t</sub>),0.016
63,R&D spending,Education time (E<sub>t</sub>),0.018
64,R&D spending,Education time (E<sub>t</sub>),0.021
65,R&D spending,Education time (E<sub>t</sub>),0.023
66,R&D spending,Education time (E<sub>t</sub>),0.025
67,R&D spending,Education time (E<sub>t</sub>),0.026
68,R&D spending,Education time (E<sub>t</sub>),0.028
69,R&D spending,Education time (E<sub>t</sub>),0.029
70,R&D spending,Education time (E<sub>t</sub>),0.03
71,R&D spending,Education time (E<sub>t</sub>),0.031
72,R&D spending,Education time (E<sub>t</sub>),0.032
73,R&D spending,Education time (E<sub>t</sub>),0.033
74,R&D spending,Education time (E<sub>t</sub>),0.033
75,R&D spending,Education time (E<sub>t</sub>),0.034
76,R&D spending,Education time (E<sub>t</sub>),0.034
77,R&D spending,Education time (E<sub>t</sub>),0.035
78,R&D spending,Education time (E<sub>t</sub>),0.035
79,R&D spending,Education time (E<sub>t</sub>),0.035
80,R&D spending,Education time (E<sub>t</sub>),0.035
81,R&D spending,Education time (E<sub>t</sub>),0.035
82,R&D spending,Education time (E<sub>t</sub>),0.035
83,R&D spending,Education time (E<sub>t</sub>),0.035
84,R&D spending,Education time (E<sub>t</sub>),0.035
85,R&D spending,Education time (E<sub>t</sub>),0.035
86,R&D spending,Education time (E<sub>t</sub>),0.034
87,R&D spending,Education time (E<sub>t</sub>),0.034
88,R&D spending,Education time (E<sub>t</sub>),0.034
89,R&D spending,Education time (E<sub>t</sub>),0.033
90,R&D spending,Education time (E<sub>t</sub>),0.033
91,R&D spending,Education time (E<sub>t</sub>),0.033
92,R&D spending,Education time (E<sub>t</sub>),0.032
93,R&D spending,Education time (E<sub>t</sub>),0.032
94,R&D spending,Education time (E<sub>t</sub>),0.031
95,R&D spending,Education time (E<sub>t</sub>),0.031
96,R&D spending,Education time (E<sub>t</sub>),0.03
97,R&D spending,Education time (E<sub>t</sub>),0.03
98,R&D spending,Education time (E<sub>t</sub>),0.029
99,R&D spending,Education time (E<sub>t</sub>),0.029
100,R&D spending,Education time (E<sub>t</sub>),0.028
1,Government consumption,Real marginal cost (mc<sub>t</sub>),0.373
2,Government consumption,Real marginal cost (mc<sub>t</sub>),-0.025
3,Government consumption,Real marginal cost (mc<sub>t</sub>),-0.005
4,Government consumption,Real marginal cost (mc<sub>t</sub>),0.0
5,Government consumption,Real marginal cost (mc<sub>t</sub>),0.002
6,Government consumption,Real marginal cost (mc<sub>t</sub>),0.003
7,Government consumption,Real marginal cost (mc<sub>t</sub>),0.003
8,Government consumption,Real marginal cost (mc<sub>t</sub>),0.003
9,Government consumption,Real marginal cost (mc<sub>t</sub>),0.004
10,Government consumption,Real marginal cost (mc<sub>t</sub>),0.004
11,Government consumption,Real marginal cost (mc<sub>t</sub>),0.004
12,Government consumption,Real marginal cost (mc<sub>t</sub>),0.003
13,Government consumption,Real marginal cost (mc<sub>t</sub>),0.003
14,Government consumption,Real marginal cost (mc<sub>t</sub>),0.003
15,Government consumption,Real marginal cost (mc<sub>t</sub>),0.003
16,Government consumption,Real marginal cost (mc<sub>t</sub>),0.003
17,Government consumption,Real marginal cost (mc<sub>t</sub>),0.003
18,Government consumption,Real marginal cost (mc<sub>t</sub>),0.003
19,Government consumption,Real marginal cost (mc<sub>t</sub>),0.003
20,Government consumption,Real marginal cost (mc<sub>t</sub>),0.003
21,Government consumption,Real marginal cost (mc<sub>t</sub>),0.003
22,Government consumption,Real marginal cost (mc<sub>t</sub>),0.003
23,Government consumption,Real marginal cost (mc<sub>t</sub>),0.003
24,Government consumption,Real marginal cost (mc<sub>t</sub>),0.002
25,Government consumption,Real marginal cost (mc<sub>t</sub>),0.002
26,Government consumption,Real marginal cost (mc<sub>t</sub>),0.002
27,Government consumption,Real marginal cost (mc<sub>t</sub>),0.002
28,Government consumption,Real marginal cost (mc<sub>t</sub>),0.002
29,Government consumption,Real marginal cost (mc<sub>t</sub>),0.002
30,Government consumption,Real marginal cost (mc<sub>t</sub>),0.002
31,Government consumption,Real marginal cost (mc<sub>t</sub>),0.002
32,Government consumption,Real marginal cost (mc<sub>t</sub>),0.002
33,Government consumption,Real marginal cost (mc<sub>t</sub>),0.002
34,Government consumption,Real marginal cost (mc<sub>t</sub>),0.002
35,Government consumption,Real marginal cost (mc<sub>t</sub>),0.001
36,Government consumption,Real marginal cost (mc<sub>t</sub>),0.001
37,Government consumption,Real marginal cost (mc<sub>t</sub>),0.001
38,Government consumption,Real marginal cost (mc<sub>t</sub>),0.001
39,Government consumption,Real marginal cost (mc<sub>t</sub>),0.001
40,Government consumption,Real marginal cost (mc<sub>t</sub>),0.001
41,Government consumption,Real marginal cost (mc<sub>t</sub>),0.001
42,Government consumption,Real marginal cost (mc<sub>t</sub>),0.001
43,Government consumption,Real marginal cost (mc<sub>t</sub>),0.001
44,Government consumption,Real marginal cost (mc<sub>t</sub>),0.001
45,Government consumption,Real marginal cost (mc<sub>t</sub>),0.001
46,Government consumption,Real marginal cost (mc<sub>t</sub>),0.001
47,Government consumption,Real marginal cost (mc<sub>t</sub>),0.001
48,Government consumption,Real marginal cost (mc<sub>t</sub>),0.001
49,Government consumption,Real marginal cost (mc<sub>t</sub>),0.001
50,Government consumption,Real marginal cost (mc<sub>t</sub>),0.001
51,Government consumption,Real marginal cost (mc<sub>t</sub>),0.001
52,Government consumption,Real marginal cost (mc<sub>t</sub>),0.001
53,Government consumption,Real marginal cost (mc<sub>t</sub>),0.001
54,Government consumption,Real marginal cost (mc<sub>t</sub>),0.001
55,Government consumption,Real marginal cost (mc<sub>t</sub>),0.001
56,Government consumption,Real marginal cost (mc<sub>t</sub>),0.001
57,Government consumption,Real marginal cost (mc<sub>t</sub>),0.001
58,Government consumption,Real marginal cost (mc<sub>t</sub>),0.001
59,Government consumption,Real marginal cost (mc<sub>t</sub>),0.001
60,Government consumption,Real marginal cost (mc<sub>t</sub>),0.001
61,Government consumption,Real marginal cost (mc<sub>t</sub>),0.001
62,Government consumption,Real marginal cost (mc<sub>t</sub>),0.001
63,Government consumption,Real marginal cost (mc<sub>t</sub>),0.0
64,Government consumption,Real marginal cost (mc<sub>t</sub>),0.0
65,Government consumption,Real marginal cost (mc<sub>t</sub>),0.0
66,Government consumption,Real marginal cost (mc<sub>t</sub>),0.0
67,Government consumption,Real marginal cost (mc<sub>t</sub>),0.0
68,Government consumption,Real marginal cost (mc<sub>t</sub>),0.0
69,Government consumption,Real marginal cost (mc<sub>t</sub>),0.0
70,Government consumption,Real marginal cost (mc<sub>t</sub>),0.0
71,Government consumption,Real marginal cost (mc<sub>t</sub>),0.0
72,Government consumption,Real marginal cost (mc<sub>t</sub>),0.0
73,Government consumption,Real marginal cost (mc<sub>t</sub>),0.0
74,Government consumption,Real marginal cost (mc<sub>t</sub>),0.0
75,Government consumption,Real marginal cost (mc<sub>t</sub>),0.0
76,Government consumption,Real marginal cost (mc<sub>t</sub>),0.0
77,Government consumption,Real marginal cost (mc<sub>t</sub>),0.0
78,Government consumption,Real marginal cost (mc<sub>t</sub>),0.0
79,Government consumption,Real marginal cost (mc<sub>t</sub>),0.0
80,Government consumption,Real marginal cost (mc<sub>t</sub>),0.0
81,Government consumption,Real marginal cost (mc<sub>t</sub>),0.0
82,Government consumption,Real marginal cost (mc<sub>t</sub>),0.0
83,Government consumption,Real marginal cost (mc<sub>t</sub>),0.0
84,Government consumption,Real marginal cost (mc<sub>t</sub>),0.0
85,Government consumption,Real marginal cost (mc<sub>t</sub>),0.0
86,Government consumption,Real marginal cost (mc<sub>t</sub>),0.0
87,Government consumption,Real marginal cost (mc<sub>t</sub>),0.0
88,Government consumption,Real marginal cost (mc<sub>t</sub>),0.0
89,Government consumption,Real marginal cost (mc<sub>t</sub>),0.0
90,Government consumption,Real marginal cost (mc<sub>t</sub>),0.0
91,Government consumption,Real marginal cost (mc<sub>t</sub>),0.0
92,Government consumption,Real marginal cost (mc<sub>t</sub>),0.0
93,Government consumption,Real marginal cost (mc<sub>t</sub>),0.0
94,Government consumption,Real marginal cost (mc<sub>t</sub>),0.0
95,Government consumption,Real marginal cost (mc<sub>t</sub>),0.0
96,Government consumption,Real marginal cost (mc<sub>t</sub>),0.0
97,Government consumption,Real marginal cost (mc<sub>t</sub>),0.0
98,Government consumption,Real marginal cost (mc<sub>t</sub>),0.0
99,Government consumption,Real marginal cost (mc<sub>t</sub>),0.0
100,Government consumption,Real marginal cost (mc<sub>t</sub>),0.0
1,Infrastructure investment,Real marginal cost (mc<sub>t</sub>),0.627
2,Infrastructure investment,Real marginal cost (mc<sub>t</sub>),-0.027
3,Infrastructure investment,Real marginal cost (mc<sub>t</sub>),-0.003
4,Infrastructure investment,Real marginal cost (mc<sub>t</sub>),0.005
5,Infrastructure investment,Real marginal cost (mc<sub>t</sub>),0.008
6,Infrastructure investment,Real marginal cost (mc<sub>t</sub>),0.01
7,Infrastructure investment,Real marginal cost (mc<sub>t</sub>),0.011
8,Infrastructure investment,Real marginal cost (mc<sub>t</sub>),0.011
9,Infrastructure investment,Real marginal cost (mc<sub>t</sub>),0.012
10,Infrastructure investment,Real marginal cost (mc<sub>t</sub>),0.012
11,Infrastructure investment,Real marginal cost (mc<sub>t</sub>),0.012
12,Infrastructure investment,Real marginal cost (mc<sub>t</sub>),0.012
13,Infrastructure investment,Real marginal cost (mc<sub>t</sub>),0.012
14,Infrastructure investment,Real marginal cost (mc<sub>t</sub>),0.012
15,Infrastructure investment,Real marginal cost (mc<sub>t</sub>),0.011
16,Infrastructure investment,Real marginal cost (mc<sub>t</sub>),0.011
17,Infrastructure investment,Real marginal cost (mc<sub>t</sub>),0.011
18,Infrastructure investment,Real marginal cost (mc<sub>t</sub>),0.011
19,Infrastructure investment,Real marginal cost (mc<sub>t</sub>),0.01
20,Infrastructure investment,Real marginal cost (mc<sub>t</sub>),0.01
21,Infrastructure investment,Real marginal cost (mc<sub>t</sub>),0.009
22,Infrastructure investment,Real marginal cost (mc<sub>t</sub>),0.009
23,Infrastructure investment,Real marginal cost (mc<sub>t</sub>),0.009
24,Infrastructure investment,Real marginal cost (mc<sub>t</sub>),0.008
25,Infrastructure investment,Real marginal cost (mc<sub>t</sub>),0.008
26,Infrastructure investment,Real marginal cost (mc<sub>t</sub>),0.008
27,Infrastructure investment,Real marginal cost (mc<sub>t</sub>),0.007
28,Infrastructure investment,Real marginal cost (mc<sub>t</sub>),0.007
29,Infrastructure investment,Real marginal cost (mc<sub>t</sub>),0.006
30,Infrastructure investment,Real marginal cost (mc<sub>t</sub>),0.006
31,Infrastructure investment,Real marginal cost (mc<sub>t</sub>),0.006
32,Infrastructure investment,Real marginal cost (mc<sub>t</sub>),0.005
33,Infrastructure investment,Real marginal cost (mc<sub>t</sub>),0.005
34,Infrastructure investment,Real marginal cost (mc<sub>t</sub>),0.005
35,Infrastructure investment,Real marginal cost (mc<sub>t</sub>),0.005
36,Infrastructure investment,Real marginal cost (mc<sub>t</sub>),0.004
37,Infrastructure investment,Real marginal cost (mc<sub>t</sub>),0.004
38,Infrastructure investment,Real marginal cost (mc<sub>t</sub>),0.004
39,Infrastructure investment,Real marginal cost (mc<sub>t</sub>),0.004
40,Infrastructure investment,Real marginal cost (mc<sub>t</sub>),0.003
41,Infrastructure investment,Real marginal cost (mc<sub>t</sub>),0.003
42,Infrastructure investment,Real marginal cost (mc<sub>t</sub>),0.003
43,Infrastructure investment,Real marginal cost (mc<sub>t</sub>),0.003
44,Infrastructure investment,Real marginal cost (mc<sub>t</sub>),0.002
45,Infrastructure investment,Real marginal cost (mc<sub>t</sub>),0.002
46,Infrastructure investment,Real marginal cost (mc<sub>t</sub>),0.002
47,Infrastructure investment,Real marginal cost (mc<sub>t</sub>),0.002
48,Infrastructure investment,Real marginal cost (mc<sub>t</sub>),0.002
49,Infrastructure investment,Real marginal cost (mc<sub>t</sub>),0.002
50,Infrastructure investment,Real marginal cost (mc<sub>t</sub>),0.002
51,Infrastructure investment,Real marginal cost (mc<sub>t</sub>),0.001
52,Infrastructure investment,Real marginal cost (mc<sub>t</sub>),0.001
53,Infrastructure investment,Real marginal cost (mc<sub>t</sub>),0.001
54,Infrastructure investment,Real marginal cost (mc<sub>t</sub>),0.001
55,Infrastructure investment,Real marginal cost (mc<sub>t</sub>),0.001
56,Infrastructure investment,Real marginal cost (mc<sub>t</sub>),0.001
57,Infrastructure investment,Real marginal cost (mc<sub>t</sub>),0.001
58,Infrastructure investment,Real marginal cost (mc<sub>t</sub>),0.001
59,Infrastructure investment,Real marginal cost (mc<sub>t</sub>),0.001
60,Infrastructure investment,Real marginal cost (mc<sub>t</sub>),0.001
61,Infrastructure investment,Real marginal cost (mc<sub>t</sub>),0.001
62,Infrastructure investment,Real marginal cost (mc<sub>t</sub>),0.0
63,Infrastructure investment,Real marginal cost (mc<sub>t</sub>),0.0
64,Infrastructure investment,Real marginal cost (mc<sub>t</sub>),0.0
65,Infrastructure investment,Real marginal cost (mc<sub>t</sub>),0.0
66,Infrastructure investment,Real marginal cost (mc<sub>t</sub>),0.0
67,Infrastructure investment,Real marginal cost (mc<sub>t</sub>),0.0
68,Infrastructure investment,Real marginal cost (mc<sub>t</sub>),0.0
69,Infrastructure investment,Real marginal cost (mc<sub>t</sub>),0.0
70,Infrastructure investment,Real marginal cost (mc<sub>t</sub>),0.0
71,Infrastructure investment,Real marginal cost (mc<sub>t</sub>),0.0
72,Infrastructure investment,Real marginal cost (mc<sub>t</sub>),-0.0
73,Infrastructure investment,Real marginal cost (mc<sub>t</sub>),-0.0
74,Infrastructure investment,Real marginal cost (mc<sub>t</sub>),-0.0
75,Infrastructure investment,Real marginal cost (mc<sub>t</sub>),-0.0
76,Infrastructure investment,Real marginal cost (mc<sub>t</sub>),-0.0
77,Infrastructure investment,Real marginal cost (mc<sub>t</sub>),-0.0
78,Infrastructure investment,Real marginal cost (mc<sub>t</sub>),-0.0
79,Infrastructure investment,Real marginal cost (mc<sub>t</sub>),-0.0
80,Infrastructure investment,Real marginal cost (mc<sub>t</sub>),-0.0
81,Infrastructure investment,Real marginal cost (mc<sub>t</sub>),-0.0
82,Infrastructure investment,Real marginal cost (mc<sub>t</sub>),-0.0
83,Infrastructure investment,Real marginal cost (mc<sub>t</sub>),-0.0
84,Infrastructure investment,Real marginal cost (mc<sub>t</sub>),-0.0
85,Infrastructure investment,Real marginal cost (mc<sub>t</sub>),-0.0
86,Infrastructure investment,Real marginal cost (mc<sub>t</sub>),-0.0
87,Infrastructure investment,Real marginal cost (mc<sub>t</sub>),-0.0
88,Infrastructure investment,Real marginal cost (mc<sub>t</sub>),-0.0
89,Infrastructure investment,Real marginal cost (mc<sub>t</sub>),-0.0
90,Infrastructure investment,Real marginal cost (mc<sub>t</sub>),-0.0
91,Infrastructure investment,Real marginal cost (mc<sub>t</sub>),-0.0
92,Infrastructure investment,Real marginal cost (mc<sub>t</sub>),-0.0
93,Infrastructure investment,Real marginal cost (mc<sub>t</sub>),-0.0
94,Infrastructure investment,Real marginal cost (mc<sub>t</sub>),-0.0
95,Infrastructure investment,Real marginal cost (mc<sub>t</sub>),-0.0
96,Infrastructure investment,Real marginal cost (mc<sub>t</sub>),-0.0
97,Infrastructure investment,Real marginal cost (mc<sub>t</sub>),-0.0
98,Infrastructure investment,Real marginal cost (mc<sub>t</sub>),-0.0
99,Infrastructure investment,Real marginal cost (mc<sub>t</sub>),-0.0
100,Infrastructure investment,Real marginal cost (mc<sub>t</sub>),-0.0
1,Human capital investment,Real marginal cost (mc<sub>t</sub>),0.45
2,Human capital investment,Real marginal cost (mc<sub>t</sub>),-0.059
3,Human capital investment,Real marginal cost (mc<sub>t</sub>),-0.029
4,Human capital investment,Real marginal cost (mc<sub>t</sub>),-0.02
5,Human capital investment,Real marginal cost (mc<sub>t</sub>),-0.018
6,Human capital investment,Real marginal cost (mc<sub>t</sub>),-0.016
7,Human capital investment,Real marginal cost (mc<sub>t</sub>),-0.015
8,Human capital investment,Real marginal cost (mc<sub>t</sub>),-0.014
9,Human capital investment,Real marginal cost (mc<sub>t</sub>),-0.014
10,Human capital investment,Real marginal cost (mc<sub>t</sub>),-0.013
11,Human capital investment,Real marginal cost (mc<sub>t</sub>),-0.012
12,Human capital investment,Real marginal cost (mc<sub>t</sub>),-0.011
13,Human capital investment,Real marginal cost (mc<sub>t</sub>),-0.01
14,Human capital investment,Real marginal cost (mc<sub>t</sub>),-0.008
15,Human capital investment,Real marginal cost (mc<sub>t</sub>),-0.007
16,Human capital investment,Real marginal cost (mc<sub>t</sub>),-0.006
17,Human capital investment,Real marginal cost (mc<sub>t</sub>),-0.005
18,Human capital investment,Real marginal cost (mc<sub>t</sub>),-0.004
19,Human capital investment,Real marginal cost (mc<sub>t</sub>),-0.003
20,Human capital investment,Real marginal cost (mc<sub>t</sub>),-0.002
21,Human capital investment,Real marginal cost (mc<sub>t</sub>),-0.002
22,Human capital investment,Real marginal cost (mc<sub>t</sub>),-0.001
23,Human capital investment,Real marginal cost (mc<sub>t</sub>),0.0
24,Human capital investment,Real marginal cost (mc<sub>t</sub>),0.001
25,Human capital investment,Real marginal cost (mc<sub>t</sub>),0.002
26,Human capital investment,Real marginal cost (mc<sub>t</sub>),0.002
27,Human capital investment,Real marginal cost (mc<sub>t</sub>),0.003
28,Human capital investment,Real marginal cost (mc<sub>t</sub>),0.004
29,Human capital investment,Real marginal cost (mc<sub>t</sub>),0.004
30,Human capital investment,Real marginal cost (mc<sub>t</sub>),0.005
31,Human capital investment,Real marginal cost (mc<sub>t</sub>),0.005
32,Human capital investment,Real marginal cost (mc<sub>t</sub>),0.006
33,Human capital investment,Real marginal cost (mc<sub>t</sub>),0.006
34,Human capital investment,Real marginal cost (mc<sub>t</sub>),0.006
35,Human capital investment,Real marginal cost (mc<sub>t</sub>),0.007
36,Human capital investment,Real marginal cost (mc<sub>t</sub>),0.007
37,Human capital investment,Real marginal cost (mc<sub>t</sub>),0.007
38,Human capital investment,Real marginal cost (mc<sub>t</sub>),0.008
39,Human capital investment,Real marginal cost (mc<sub>t</sub>),0.008
40,Human capital investment,Real marginal cost (mc<sub>t</sub>),0.008
41,Human capital investment,Real marginal cost (mc<sub>t</sub>),0.008
42,Human capital investment,Real marginal cost (mc<sub>t</sub>),0.008
43,Human capital investment,Real marginal cost (mc<sub>t</sub>),0.008
44,Human capital investment,Real marginal cost (mc<sub>t</sub>),0.009
45,Human capital investment,Real marginal cost (mc<sub>t</sub>),0.009
46,Human capital investment,Real marginal cost (mc<sub>t</sub>),0.009
47,Human capital investment,Real marginal cost (mc<sub>t</sub>),0.009
48,Human capital investment,Real marginal cost (mc<sub>t</sub>),0.009
49,Human capital investment,Real marginal cost (mc<sub>t</sub>),0.009
50,Human capital investment,Real marginal cost (mc<sub>t</sub>),0.009
51,Human capital investment,Real marginal cost (mc<sub>t</sub>),0.009
52,Human capital investment,Real marginal cost (mc<sub>t</sub>),0.009
53,Human capital investment,Real marginal cost (mc<sub>t</sub>),0.009
54,Human capital investment,Real marginal cost (mc<sub>t</sub>),0.009
55,Human capital investment,Real marginal cost (mc<sub>t</sub>),0.009
56,Human capital investment,Real marginal cost (mc<sub>t</sub>),0.009
57,Human capital investment,Real marginal cost (mc<sub>t</sub>),0.008
58,Human capital investment,Real marginal cost (mc<sub>t</sub>),0.008
59,Human capital investment,Real marginal cost (mc<sub>t</sub>),0.008
60,Human capital investment,Real marginal cost (mc<sub>t</sub>),0.008
61,Human capital investment,Real marginal cost (mc<sub>t</sub>),0.008
62,Human capital investment,Real marginal cost (mc<sub>t</sub>),0.008
63,Human capital investment,Real marginal cost (mc<sub>t</sub>),0.008
64,Human capital investment,Real marginal cost (mc<sub>t</sub>),0.008
65,Human capital investment,Real marginal cost (mc<sub>t</sub>),0.008
66,Human capital investment,Real marginal cost (mc<sub>t</sub>),0.007
67,Human capital investment,Real marginal cost (mc<sub>t</sub>),0.007
68,Human capital investment,Real marginal cost (mc<sub>t</sub>),0.007
69,Human capital investment,Real marginal cost (mc<sub>t</sub>),0.007
70,Human capital investment,Real marginal cost (mc<sub>t</sub>),0.007
71,Human capital investment,Real marginal cost (mc<sub>t</sub>),0.007
72,Human capital investment,Real marginal cost (mc<sub>t</sub>),0.007
73,Human capital investment,Real marginal cost (mc<sub>t</sub>),0.006
74,Human capital investment,Real marginal cost (mc<sub>t</sub>),0.006
75,Human capital investment,Real marginal cost (mc<sub>t</sub>),0.006
76,Human capital investment,Real marginal cost (mc<sub>t</sub>),0.006
77,Human capital investment,Real marginal cost (mc<sub>t</sub>),0.006
78,Human capital investment,Real marginal cost (mc<sub>t</sub>),0.006
79,Human capital investment,Real marginal cost (mc<sub>t</sub>),0.005
80,Human capital investment,Real marginal cost (mc<sub>t</sub>),0.005
81,Human capital investment,Real marginal cost (mc<sub>t</sub>),0.005
82,Human capital investment,Real marginal cost (mc<sub>t</sub>),0.005
83,Human capital investment,Real marginal cost (mc<sub>t</sub>),0.005
84,Human capital investment,Real marginal cost (mc<sub>t</sub>),0.005
85,Human capital investment,Real marginal cost (mc<sub>t</sub>),0.005
86,Human capital investment,Real marginal cost (mc<sub>t</sub>),0.004
87,Human capital investment,Real marginal cost (mc<sub>t</sub>),0.004
88,Human capital investment,Real marginal cost (mc<sub>t</sub>),0.004
89,Human capital investment,Real marginal cost (mc<sub>t</sub>),0.004
90,Human capital investment,Real marginal cost (mc<sub>t</sub>),0.004
91,Human capital investment,Real marginal cost (mc<sub>t</sub>),0.004
92,Human capital investment,Real marginal cost (mc<sub>t</sub>),0.004
93,Human capital investment,Real marginal cost (mc<sub>t</sub>),0.004
94,Human capital investment,Real marginal cost (mc<sub>t</sub>),0.003
95,Human capital investment,Real marginal cost (mc<sub>t</sub>),0.003
96,Human capital investment,Real marginal cost (mc<sub>t</sub>),0.003
97,Human capital investment,Real marginal cost (mc<sub>t</sub>),0.003
98,Human capital investment,Real marginal cost (mc<sub>t</sub>),0.003
99,Human capital investment,Real marginal cost (mc<sub>t</sub>),0.003
100,Human capital investment,Real marginal cost (mc<sub>t</sub>),0.003
1,R&D spending,Real marginal cost (mc<sub>t</sub>),0.635
2,R&D spending,Real marginal cost (mc<sub>t</sub>),-0.093
3,R&D spending,Real marginal cost (mc<sub>t</sub>),-0.051
4,R&D spending,Real marginal cost (mc<sub>t</sub>),-0.033
5,R&D spending,Real marginal cost (mc<sub>t</sub>),-0.022
6,R&D spending,Real marginal cost (mc<sub>t</sub>),-0.014
7,R&D spending,Real marginal cost (mc<sub>t</sub>),-0.008
8,R&D spending,Real marginal cost (mc<sub>t</sub>),-0.002
9,R&D spending,Real marginal cost (mc<sub>t</sub>),0.004
10,R&D spending,Real marginal cost (mc<sub>t</sub>),0.008
11,R&D spending,Real marginal cost (mc<sub>t</sub>),0.012
12,R&D spending,Real marginal cost (mc<sub>t</sub>),0.016
13,R&D spending,Real marginal cost (mc<sub>t</sub>),0.019
14,R&D spending,Real marginal cost (mc<sub>t</sub>),0.021
15,R&D spending,Real marginal cost (mc<sub>t</sub>),0.023
16,R&D spending,Real marginal cost (mc<sub>t</sub>),0.025
17,R&D spending,Real marginal cost (mc<sub>t</sub>),0.026
18,R&D spending,Real marginal cost (mc<sub>t</sub>),0.026
19,R&D spending,Real marginal cost (mc<sub>t</sub>),0.027
20,R&D spending,Real marginal cost (mc<sub>t</sub>),0.027
21,R&D spending,Real marginal cost (mc<sub>t</sub>),0.027
22,R&D spending,Real marginal cost (mc<sub>t</sub>),0.027
23,R&D spending,Real marginal cost (mc<sub>t</sub>),0.027
24,R&D spending,Real marginal cost (mc<sub>t</sub>),0.026
25,R&D spending,Real marginal cost (mc<sub>t</sub>),0.025
26,R&D spending,Real marginal cost (mc<sub>t</sub>),0.025
27,R&D spending,Real marginal cost (mc<sub>t</sub>),0.024
28,R&D spending,Real marginal cost (mc<sub>t</sub>),0.023
29,R&D spending,Real marginal cost (mc<sub>t</sub>),0.022
30,R&D spending,Real marginal cost (mc<sub>t</sub>),0.021
31,R&D spending,Real marginal cost (mc<sub>t</sub>),0.02
32,R&D spending,Real marginal cost (mc<sub>t</sub>),0.019
33,R&D spending,Real marginal cost (mc<sub>t</sub>),0.018
34,R&D spending,Real marginal cost (mc<sub>t</sub>),0.017
35,R&D spending,Real marginal cost (mc<sub>t</sub>),0.016
36,R&D spending,Real marginal cost (mc<sub>t</sub>),0.015
37,R&D spending,Real marginal cost (mc<sub>t</sub>),0.014
38,R&D spending,Real marginal cost (mc<sub>t</sub>),0.013
39,R&D spending,Real marginal cost (mc<sub>t</sub>),0.012
40,R&D spending,Real marginal cost (mc<sub>t</sub>),0.012
41,R&D spending,Real marginal cost (mc<sub>t</sub>),0.011
42,R&D spending,Real marginal cost (mc<sub>t</sub>),0.01
43,R&D spending,Real marginal cost (mc<sub>t</sub>),0.009
44,R&D spending,Real marginal cost (mc<sub>t</sub>),0.009
45,R&D spending,Real marginal cost (mc<sub>t</sub>),0.008
46,R&D spending,Real marginal cost (mc<sub>t</sub>),0.007
47,R&D spending,Real marginal cost (mc<sub>t</sub>),0.007
48,R&D spending,Real marginal cost (mc<sub>t</sub>),0.006
49,R&D spending,Real marginal cost (mc<sub>t</sub>),0.006
50,R&D spending,Real marginal cost (mc<sub>t</sub>),0.005
51,R&D spending,Real marginal cost (mc<sub>t</sub>),0.005
52,R&D spending,Real marginal cost (mc<sub>t</sub>),0.004
53,R&D spending,Real marginal cost (mc<sub>t</sub>),0.004
54,R&D spending,Real marginal cost (mc<sub>t</sub>),0.003
55,R&D spending,Real marginal cost (mc<sub>t</sub>),0.003
56,R&D spending,Real marginal cost (mc<sub>t</sub>),0.002
57,R&D spending,Real marginal cost (mc<sub>t</sub>),0.002
58,R&D spending,Real marginal cost (mc<sub>t</sub>),0.002
59,R&D spending,Real marginal cost (mc<sub>t</sub>),0.002
60,R&D spending,Real marginal cost (mc<sub>t</sub>),0.001
61,R&D spending,Real marginal cost (mc<sub>t</sub>),0.001
62,R&D spending,Real marginal cost (mc<sub>t</sub>),0.001
63,R&D spending,Real marginal cost (mc<sub>t</sub>),0.001
64,R&D spending,Real marginal cost (mc<sub>t</sub>),0.0
65,R&D spending,Real marginal cost (mc<sub>t</sub>),0.0
66,R&D spending,Real marginal cost (mc<sub>t</sub>),0.0
67,R&D spending,Real marginal cost (mc<sub>t</sub>),-0.0
68,R&D spending,Real marginal cost (mc<sub>t</sub>),-0.0
69,R&D spending,Real marginal cost (mc<sub>t</sub>),-0.0
70,R&D spending,Real marginal cost (mc<sub>t</sub>),-0.001
71,R&D spending,Real marginal cost (mc<sub>t</sub>),-0.001
72,R&D spending,Real marginal cost (mc<sub>t</sub>),-0.001
73,R&D spending,Real marginal cost (mc<sub>t</sub>),-0.001
74,R&D spending,Real marginal cost (mc<sub>t</sub>),-0.001
75,R&D spending,Real marginal cost (mc<sub>t</sub>),-0.001
76,R&D spending,Real marginal cost (mc<sub>t</sub>),-0.001
77,R&D spending,Real marginal cost (mc<sub>t</sub>),-0.001
78,R&D spending,Real marginal cost (mc<sub>t</sub>),-0.001
79,R&D spending,Real marginal cost (mc<sub>t</sub>),-0.001
80,R&D spending,Real marginal cost (mc<sub>t</sub>),-0.001
81,R&D spending,Real marginal cost (mc<sub>t</sub>),-0.001
82,R&D spending,Real marginal cost (mc<sub>t</sub>),-0.001
83,R&D spending,Real marginal cost (mc<sub>t</sub>),-0.001
84,R&D spending,Real marginal cost (mc<sub>t</sub>),-0.001
85,R&D spending,Real marginal cost (mc<sub>t</sub>),-0.001
86,R&D spending,Real marginal cost (mc<sub>t</sub>),-0.001
87,R&D spending,Real marginal cost (mc<sub>t</sub>),-0.001
88,R&D spending,Real marginal cost (mc<sub>t</sub>),-0.001
89,R&D spending,Real marginal cost (mc<sub>t</sub>),-0.001
90,R&D spending,Real marginal cost (mc<sub>t</sub>),-0.001
91,R&D spending,Real marginal cost (mc<sub>t</sub>),-0.001
92,R&D spending,Real marginal cost (mc<sub>t</sub>),-0.001
93,R&D spending,Real marginal cost (mc<sub>t</sub>),-0.001
94,R&D spending,Real marginal cost (mc<sub>t</sub>),-0.001
95,R&D spending,Real marginal cost (mc<sub>t</sub>),-0.001
96,R&D spending,Real marginal cost (mc<sub>t</sub>),-0.001
97,R&D spending,Real marginal cost (mc<sub>t</sub>),-0.001
98,R&D spending,Real marginal cost (mc<sub>t</sub>),-0.001
99,R&D spending,Real marginal cost (mc<sub>t</sub>),-0.001
100,R&D spending,Real marginal cost (mc<sub>t</sub>),-0.001
1,Government consumption,Inflation (Π<sub>t</sub>),0.095
2,Government consumption,Inflation (Π<sub>t</sub>),0.077
3,Government consumption,Inflation (Π<sub>t</sub>),0.072
4,Government consumption,Inflation (Π<sub>t</sub>),0.069
5,Government consumption,Inflation (Π<sub>t</sub>),0.068
6,Government consumption,Inflation (Π<sub>t</sub>),0.067
7,Government consumption,Inflation (Π<sub>t</sub>),0.065
8,Government consumption,Inflation (Π<sub>t</sub>),0.064
9,Government consumption,Inflation (Π<sub>t</sub>),0.062
10,Government consumption,Inflation (Π<sub>t</sub>),0.061
11,Government consumption,Inflation (Π<sub>t</sub>),0.059
12,Government consumption,Inflation (Π<sub>t</sub>),0.057
13,Government consumption,Inflation (Π<sub>t</sub>),0.056
14,Government consumption,Inflation (Π<sub>t</sub>),0.054
15,Government consumption,Inflation (Π<sub>t</sub>),0.052
16,Government consumption,Inflation (Π<sub>t</sub>),0.051
17,Government consumption,Inflation (Π<sub>t</sub>),0.049
18,Government consumption,Inflation (Π<sub>t</sub>),0.048
19,Government consumption,Inflation (Π<sub>t</sub>),0.046
20,Government consumption,Inflation (Π<sub>t</sub>),0.045
21,Government consumption,Inflation (Π<sub>t</sub>),0.043
22,Government consumption,Inflation (Π<sub>t</sub>),0.042
23,Government consumption,Inflation (Π<sub>t</sub>),0.041
24,Government consumption,Inflation (Π<sub>t</sub>),0.039
25,Government consumption,Inflation (Π<sub>t</sub>),0.038
26,Government consumption,Inflation (Π<sub>t</sub>),0.037
27,Government consumption,Inflation (Π<sub>t</sub>),0.036
28,Government consumption,Inflation (Π<sub>t</sub>),0.035
29,Government consumption,Inflation (Π<sub>t</sub>),0.034
30,Government consumption,Inflation (Π<sub>t</sub>),0.033
31,Government consumption,Inflation (Π<sub>t</sub>),0.032
32,Government consumption,Inflation (Π<sub>t</sub>),0.031
33,Government consumption,Inflation (Π<sub>t</sub>),0.03
34,Government consumption,Inflation (Π<sub>t</sub>),0.029
35,Government consumption,Inflation (Π<sub>t</sub>),0.028
36,Government consumption,Inflation (Π<sub>t</sub>),0.028
37,Government consumption,Inflation (Π<sub>t</sub>),0.027
38,Government consumption,Inflation (Π<sub>t</sub>),0.026
39,Government consumption,Inflation (Π<sub>t</sub>),0.025
40,Government consumption,Inflation (Π<sub>t</sub>),0.025
41,Government consumption,Inflation (Π<sub>t</sub>),0.024
42,Government consumption,Inflation (Π<sub>t</sub>),0.024
43,Government consumption,Inflation (Π<sub>t</sub>),0.023
44,Government consumption,Inflation (Π<sub>t</sub>),0.023
45,Government consumption,Inflation (Π<sub>t</sub>),0.022
46,Government consumption,Inflation (Π<sub>t</sub>),0.022
47,Government consumption,Inflation (Π<sub>t</sub>),0.021
48,Government consumption,Inflation (Π<sub>t</sub>),0.021
49,Government consumption,Inflation (Π<sub>t</sub>),0.02
50,Government consumption,Inflation (Π<sub>t</sub>),0.02
51,Government consumption,Inflation (Π<sub>t</sub>),0.02
52,Government consumption,Inflation (Π<sub>t</sub>),0.019
53,Government consumption,Inflation (Π<sub>t</sub>),0.019
54,Government consumption,Inflation (Π<sub>t</sub>),0.019
55,Government consumption,Inflation (Π<sub>t</sub>),0.018
56,Government consumption,Inflation (Π<sub>t</sub>),0.018
57,Government consumption,Inflation (Π<sub>t</sub>),0.018
58,Government consumption,Inflation (Π<sub>t</sub>),0.017
59,Government consumption,Inflation (Π<sub>t</sub>),0.017
60,Government consumption,Inflation (Π<sub>t</sub>),0.017
61,Government consumption,Inflation (Π<sub>t</sub>),0.017
62,Government consumption,Inflation (Π<sub>t</sub>),0.016
63,Government consumption,Inflation (Π<sub>t</sub>),0.016
64,Government consumption,Inflation (Π<sub>t</sub>),0.016
65,Government consumption,Inflation (Π<sub>t</sub>),0.016
66,Government consumption,Inflation (Π<sub>t</sub>),0.015
67,Government consumption,Inflation (Π<sub>t</sub>),0.015
68,Government consumption,Inflation (Π<sub>t</sub>),0.015
69,Government consumption,Inflation (Π<sub>t</sub>),0.015
70,Government consumption,Inflation (Π<sub>t</sub>),0.014
71,Government consumption,Inflation (Π<sub>t</sub>),0.014
72,Government consumption,Inflation (Π<sub>t</sub>),0.014
73,Government consumption,Inflation (Π<sub>t</sub>),0.014
74,Government consumption,Inflation (Π<sub>t</sub>),0.014
75,Government consumption,Inflation (Π<sub>t</sub>),0.014
76,Government consumption,Inflation (Π<sub>t</sub>),0.013
77,Government consumption,Inflation (Π<sub>t</sub>),0.013
78,Government consumption,Inflation (Π<sub>t</sub>),0.013
79,Government consumption,Inflation (Π<sub>t</sub>),0.013
80,Government consumption,Inflation (Π<sub>t</sub>),0.013
81,Government consumption,Inflation (Π<sub>t</sub>),0.013
82,Government consumption,Inflation (Π<sub>t</sub>),0.012
83,Government consumption,Inflation (Π<sub>t</sub>),0.012
84,Government consumption,Inflation (Π<sub>t</sub>),0.012
85,Government consumption,Inflation (Π<sub>t</sub>),0.012
86,Government consumption,Inflation (Π<sub>t</sub>),0.012
87,Government consumption,Inflation (Π<sub>t</sub>),0.012
88,Government consumption,Inflation (Π<sub>t</sub>),0.012
89,Government consumption,Inflation (Π<sub>t</sub>),0.011
90,Government consumption,Inflation (Π<sub>t</sub>),0.011
91,Government consumption,Inflation (Π<sub>t</sub>),0.011
92,Government consumption,Inflation (Π<sub>t</sub>),0.011
93,Government consumption,Inflation (Π<sub>t</sub>),0.011
94,Government consumption,Inflation (Π<sub>t</sub>),0.011
95,Government consumption,Inflation (Π<sub>t</sub>),0.011
96,Government consumption,Inflation (Π<sub>t</sub>),0.01
97,Government consumption,Inflation (Π<sub>t</sub>),0.01
98,Government consumption,Inflation (Π<sub>t</sub>),0.01
99,Government consumption,Inflation (Π<sub>t</sub>),0.01
100,Government consumption,Inflation (Π<sub>t</sub>),0.01
1,Infrastructure investment,Inflation (Π<sub>t</sub>),0.176
2,Infrastructure investment,Inflation (Π<sub>t</sub>),0.158
3,Infrastructure investment,Inflation (Π<sub>t</sub>),0.152
4,Infrastructure investment,Inflation (Π<sub>t</sub>),0.15
5,Infrastructure investment,Inflation (Π<sub>t</sub>),0.147
6,Infrastructure investment,Inflation (Π<sub>t</sub>),0.144
7,Infrastructure investment,Inflation (Π<sub>t</sub>),0.14
8,Infrastructure investment,Inflation (Π<sub>t</sub>),0.136
9,Infrastructure investment,Inflation (Π<sub>t</sub>),0.131
10,Infrastructure investment,Inflation (Π<sub>t</sub>),0.126
11,Infrastructure investment,Inflation (Π<sub>t</sub>),0.121
12,Infrastructure investment,Inflation (Π<sub>t</sub>),0.115
13,Infrastructure investment,Inflation (Π<sub>t</sub>),0.11
14,Infrastructure investment,Inflation (Π<sub>t</sub>),0.104
15,Infrastructure investment,Inflation (Π<sub>t</sub>),0.098
16,Infrastructure investment,Inflation (Π<sub>t</sub>),0.093
17,Infrastructure investment,Inflation (Π<sub>t</sub>),0.087
18,Infrastructure investment,Inflation (Π<sub>t</sub>),0.082
19,Infrastructure investment,Inflation (Π<sub>t</sub>),0.076
20,Infrastructure investment,Inflation (Π<sub>t</sub>),0.071
21,Infrastructure investment,Inflation (Π<sub>t</sub>),0.066
22,Infrastructure investment,Inflation (Π<sub>t</sub>),0.061
23,Infrastructure investment,Inflation (Π<sub>t</sub>),0.056
24,Infrastructure investment,Inflation (Π<sub>t</sub>),0.052
25,Infrastructure investment,Inflation (Π<sub>t</sub>),0.047
26,Infrastructure investment,Inflation (Π<sub>t</sub>),0.043
27,Infrastructure investment,Inflation (Π<sub>t</sub>),0.039
28,Infrastructure investment,Inflation (Π<sub>t</sub>),0.035
29,Infrastructure investment,Inflation (Π<sub>t</sub>),0.032
30,Infrastructure investment,Inflation (Π<sub>t</sub>),0.028
31,Infrastructure investment,Inflation (Π<sub>t</sub>),0.025
32,Infrastructure investment,Inflation (Π<sub>t</sub>),0.022
33,Infrastructure investment,Inflation (Π<sub>t</sub>),0.019
34,Infrastructure investment,Inflation (Π<sub>t</sub>),0.016
35,Infrastructure investment,Inflation (Π<sub>t</sub>),0.014
36,Infrastructure investment,Inflation (Π<sub>t</sub>),0.011
37,Infrastructure investment,Inflation (Π<sub>t</sub>),0.009
38,Infrastructure investment,Inflation (Π<sub>t</sub>),0.006
39,Infrastructure investment,Inflation (Π<sub>t</sub>),0.004
40,Infrastructure investment,Inflation (Π<sub>t</sub>),0.002
41,Infrastructure investment,Inflation (Π<sub>t</sub>),0.001
42,Infrastructure investment,Inflation (Π<sub>t</sub>),-0.001
43,Infrastructure investment,Inflation (Π<sub>t</sub>),-0.003
44,Infrastructure investment,Inflation (Π<sub>t</sub>),-0.004
45,Infrastructure investment,Inflation (Π<sub>t</sub>),-0.006
46,Infrastructure investment,Inflation (Π<sub>t</sub>),-0.007
47,Infrastructure investment,Inflation (Π<sub>t</sub>),-0.008
48,Infrastructure investment,Inflation (Π<sub>t</sub>),-0.009
49,Infrastructure investment,Inflation (Π<sub>t</sub>),-0.01
50,Infrastructure investment,Inflation (Π<sub>t</sub>),-0.011
51,Infrastructure investment,Inflation (Π<sub>t</sub>),-0.012
52,Infrastructure investment,Inflation (Π<sub>t</sub>),-0.013
53,Infrastructure investment,Inflation (Π<sub>t</sub>),-0.014
54,Infrastructure investment,Inflation (Π<sub>t</sub>),-0.015
55,Infrastructure investment,Inflation (Π<sub>t</sub>),-0.015
56,Infrastructure investment,Inflation (Π<sub>t</sub>),-0.016
57,Infrastructure investment,Inflation (Π<sub>t</sub>),-0.017
58,Infrastructure investment,Inflation (Π<sub>t</sub>),-0.017
59,Infrastructure investment,Inflation (Π<sub>t</sub>),-0.018
60,Infrastructure investment,Inflation (Π<sub>t</sub>),-0.018
61,Infrastructure investment,Inflation (Π<sub>t</sub>),-0.018
62,Infrastructure investment,Inflation (Π<sub>t</sub>),-0.019
63,Infrastructure investment,Inflation (Π<sub>t</sub>),-0.019
64,Infrastructure investment,Inflation (Π<sub>t</sub>),-0.019
65,Infrastructure investment,Inflation (Π<sub>t</sub>),-0.02
66,Infrastructure investment,Inflation (Π<sub>t</sub>),-0.02
67,Infrastructure investment,Inflation (Π<sub>t</sub>),-0.02
68,Infrastructure investment,Inflation (Π<sub>t</sub>),-0.02
69,Infrastructure investment,Inflation (Π<sub>t</sub>),-0.02
70,Infrastructure investment,Inflation (Π<sub>t</sub>),-0.02
71,Infrastructure investment,Inflation (Π<sub>t</sub>),-0.02
72,Infrastructure investment,Inflation (Π<sub>t</sub>),-0.021
73,Infrastructure investment,Inflation (Π<sub>t</sub>),-0.021
74,Infrastructure investment,Inflation (Π<sub>t</sub>),-0.021
75,Infrastructure investment,Inflation (Π<sub>t</sub>),-0.021
76,Infrastructure investment,Inflation (Π<sub>t</sub>),-0.021
77,Infrastructure investment,Inflation (Π<sub>t</sub>),-0.021
78,Infrastructure investment,Inflation (Π<sub>t</sub>),-0.021
79,Infrastructure investment,Inflation (Π<sub>t</sub>),-0.021
80,Infrastructure investment,Inflation (Π<sub>t</sub>),-0.021
81,Infrastructure investment,Inflation (Π<sub>t</sub>),-0.021
82,Infrastructure investment,Inflation (Π<sub>t</sub>),-0.02
83,Infrastructure investment,Inflation (Π<sub>t</sub>),-0.02
84,Infrastructure investment,Inflation (Π<sub>t</sub>),-0.02
85,Infrastructure investment,Inflation (Π<sub>t</sub>),-0.02
86,Infrastructure investment,Inflation (Π<sub>t</sub>),-0.02
87,Infrastructure investment,Inflation (Π<sub>t</sub>),-0.02
88,Infrastructure investment,Inflation (Π<sub>t</sub>),-0.02
89,Infrastructure investment,Inflation (Π<sub>t</sub>),-0.02
90,Infrastructure investment,Inflation (Π<sub>t</sub>),-0.02
91,Infrastructure investment,Inflation (Π<sub>t</sub>),-0.02
92,Infrastructure investment,Inflation (Π<sub>t</sub>),-0.019
93,Infrastructure investment,Inflation (Π<sub>t</sub>),-0.019
94,Infrastructure investment,Inflation (Π<sub>t</sub>),-0.019
95,Infrastructure investment,Inflation (Π<sub>t</sub>),-0.019
96,Infrastructure investment,Inflation (Π<sub>t</sub>),-0.019
97,Infrastructure investment,Inflation (Π<sub>t</sub>),-0.019
98,Infrastructure investment,Inflation (Π<sub>t</sub>),-0.019
99,Infrastructure investment,Inflation (Π<sub>t</sub>),-0.018
100,Infrastructure investment,Inflation (Π<sub>t</sub>),-0.018
1,Human capital investment,Inflation (Π<sub>t</sub>),0.115
2,Human capital investment,Inflation (Π<sub>t</sub>),0.094
3,Human capital investment,Inflation (Π<sub>t</sub>),0.093
4,Human capital investment,Inflation (Π<sub>t</sub>),0.098
5,Human capital investment,Inflation (Π<sub>t</sub>),0.106
6,Human capital investment,Inflation (Π<sub>t</sub>),0.114
7,Human capital investment,Inflation (Π<sub>t</sub>),0.122
8,Human capital investment,Inflation (Π<sub>t</sub>),0.13
9,Human capital investment,Inflation (Π<sub>t</sub>),0.137
10,Human capital investment,Inflation (Π<sub>t</sub>),0.145
11,Human capital investment,Inflation (Π<sub>t</sub>),0.152
12,Human capital investment,Inflation (Π<sub>t</sub>),0.158
13,Human capital investment,Inflation (Π<sub>t</sub>),0.164
14,Human capital investment,Inflation (Π<sub>t</sub>),0.17
15,Human capital investment,Inflation (Π<sub>t</sub>),0.175
16,Human capital investment,Inflation (Π<sub>t</sub>),0.179
17,Human capital investment,Inflation (Π<sub>t</sub>),0.184
18,Human capital investment,Inflation (Π<sub>t</sub>),0.187
19,Human capital investment,Inflation (Π<sub>t</sub>),0.19
20,Human capital investment,Inflation (Π<sub>t</sub>),0.193
21,Human capital investment,Inflation (Π<sub>t</sub>),0.195
22,Human capital investment,Inflation (Π<sub>t</sub>),0.196
23,Human capital investment,Inflation (Π<sub>t</sub>),0.197
24,Human capital investment,Inflation (Π<sub>t</sub>),0.198
25,Human capital investment,Inflation (Π<sub>t</sub>),0.198
26,Human capital investment,Inflation (Π<sub>t</sub>),0.198
27,Human capital investment,Inflation (Π<sub>t</sub>),0.198
28,Human capital investment,Inflation (Π<sub>t</sub>),0.197
29,Human capital investment,Inflation (Π<sub>t</sub>),0.196
30,Human capital investment,Inflation (Π<sub>t</sub>),0.194
31,Human capital investment,Inflation (Π<sub>t</sub>),0.193
32,Human capital investment,Inflation (Π<sub>t</sub>),0.191
33,Human capital investment,Inflation (Π<sub>t</sub>),0.188
34,Human capital investment,Inflation (Π<sub>t</sub>),0.186
35,Human capital investment,Inflation (Π<sub>t</sub>),0.183
36,Human capital investment,Inflation (Π<sub>t</sub>),0.18
37,Human capital investment,Inflation (Π<sub>t</sub>),0.177
38,Human capital investment,Inflation (Π<sub>t</sub>),0.174
39,Human capital investment,Inflation (Π<sub>t</sub>),0.17
40,Human capital investment,Inflation (Π<sub>t</sub>),0.167
41,Human capital investment,Inflation (Π<sub>t</sub>),0.163
42,Human capital investment,Inflation (Π<sub>t</sub>),0.159
43,Human capital investment,Inflation (Π<sub>t</sub>),0.155
44,Human capital investment,Inflation (Π<sub>t</sub>),0.152
45,Human capital investment,Inflation (Π<sub>t</sub>),0.147
46,Human capital investment,Inflation (Π<sub>t</sub>),0.143
47,Human capital investment,Inflation (Π<sub>t</sub>),0.139
48,Human capital investment,Inflation (Π<sub>t</sub>),0.135
49,Human capital investment,Inflation (Π<sub>t</sub>),0.131
50,Human capital investment,Inflation (Π<sub>t</sub>),0.127
51,Human capital investment,Inflation (Π<sub>t</sub>),0.122
52,Human capital investment,Inflation (Π<sub>t</sub>),0.118
53,Human capital investment,Inflation (Π<sub>t</sub>),0.114
54,Human capital investment,Inflation (Π<sub>t</sub>),0.11
55,Human capital investment,Inflation (Π<sub>t</sub>),0.106
56,Human capital investment,Inflation (Π<sub>t</sub>),0.101
57,Human capital investment,Inflation (Π<sub>t</sub>),0.097
58,Human capital investment,Inflation (Π<sub>t</sub>),0.093
59,Human capital investment,Inflation (Π<sub>t</sub>),0.089
60,Human capital investment,Inflation (Π<sub>t</sub>),0.085
61,Human capital investment,Inflation (Π<sub>t</sub>),0.081
62,Human capital investment,Inflation (Π<sub>t</sub>),0.077
63,Human capital investment,Inflation (Π<sub>t</sub>),0.073
64,Human capital investment,Inflation (Π<sub>t</sub>),0.069
65,Human capital investment,Inflation (Π<sub>t</sub>),0.065
66,Human capital investment,Inflation (Π<sub>t</sub>),0.061
67,Human capital investment,Inflation (Π<sub>t</sub>),0.058
68,Human capital investment,Inflation (Π<sub>t</sub>),0.054
69,Human capital investment,Inflation (Π<sub>t</sub>),0.05
70,Human capital investment,Inflation (Π<sub>t</sub>),0.047
71,Human capital investment,Inflation (Π<sub>t</sub>),0.043
72,Human capital investment,Inflation (Π<sub>t</sub>),0.04
73,Human capital investment,Inflation (Π<sub>t</sub>),0.037
74,Human capital investment,Inflation (Π<sub>t</sub>),0.033
75,Human capital investment,Inflation (Π<sub>t</sub>),0.03
76,Human capital investment,Inflation (Π<sub>t</sub>),0.027
77,Human capital investment,Inflation (Π<sub>t</sub>),0.024
78,Human capital investment,Inflation (Π<sub>t</sub>),0.021
79,Human capital investment,Inflation (Π<sub>t</sub>),0.018
80,Human capital investment,Inflation (Π<sub>t</sub>),0.015
81,Human capital investment,Inflation (Π<sub>t</sub>),0.013
82,Human capital investment,Inflation (Π<sub>t</sub>),0.01
83,Human capital investment,Inflation (Π<sub>t</sub>),0.007
84,Human capital investment,Inflation (Π<sub>t</sub>),0.005
85,Human capital investment,Inflation (Π<sub>t</sub>),0.002
86,Human capital investment,Inflation (Π<sub>t</sub>),-0.0
87,Human capital investment,Inflation (Π<sub>t</sub>),-0.003
88,Human capital investment,Inflation (Π<sub>t</sub>),-0.005
89,Human capital investment,Inflation (Π<sub>t</sub>),-0.007
90,Human capital investment,Inflation (Π<sub>t</sub>),-0.009
91,Human capital investment,Inflation (Π<sub>t</sub>),-0.011
92,Human capital investment,Inflation (Π<sub>t</sub>),-0.014
93,Human capital investment,Inflation (Π<sub>t</sub>),-0.016
94,Human capital investment,Inflation (Π<sub>t</sub>),-0.017
95,Human capital investment,Inflation (Π<sub>t</sub>),-0.019
96,Human capital investment,Inflation (Π<sub>t</sub>),-0.021
97,Human capital investment,Inflation (Π<sub>t</sub>),-0.023
98,Human capital investment,Inflation (Π<sub>t</sub>),-0.024
99,Human capital investment,Inflation (Π<sub>t</sub>),-0.026
100,Human capital investment,Inflation (Π<sub>t</sub>),-0.028
1,R&D spending,Inflation (Π<sub>t</sub>),0.204
2,R&D spending,Inflation (Π<sub>t</sub>),0.201
3,R&D spending,Inflation (Π<sub>t</sub>),0.218
4,R&D spending,Inflation (Π<sub>t</sub>),0.238
5,R&D spending,Inflation (Π<sub>t</sub>),0.256
6,R&D spending,Inflation (Π<sub>t</sub>),0.272
7,R&D spending,Inflation (Π<sub>t</sub>),0.284
8,R&D spending,Inflation (Π<sub>t</sub>),0.292
9,R&D spending,Inflation (Π<sub>t</sub>),0.298
10,R&D spending,Inflation (Π<sub>t</sub>),0.3
11,R&D spending,Inflation (Π<sub>t</sub>),0.3
12,R&D spending,Inflation (Π<sub>t</sub>),0.298
13,R&D spending,Inflation (Π<sub>t</sub>),0.294
14,R&D spending,Inflation (Π<sub>t</sub>),0.287
15,R&D spending,Inflation (Π<sub>t</sub>),0.28
16,R&D spending,Inflation (Π<sub>t</sub>),0.27
17,R&D spending,Inflation (Π<sub>t</sub>),0.26
18,R&D spending,Inflation (Π<sub>t</sub>),0.249
19,R&D spending,Inflation (Π<sub>t</sub>),0.237
20,R&D spending,Inflation (Π<sub>t</sub>),0.225
21,R&D spending,Inflation (Π<sub>t</sub>),0.212
22,R&D spending,Inflation (Π<sub>t</sub>),0.199
23,R&D spending,Inflation (Π<sub>t</sub>),0.186
24,R&D spending,Inflation (Π<sub>t</sub>),0.173
25,R&D spending,Inflation (Π<sub>t</sub>),0.16
26,R&D spending,Inflation (Π<sub>t</sub>),0.147
27,R&D spending,Inflation (Π<sub>t</sub>),0.135
28,R&D spending,Inflation (Π<sub>t</sub>),0.122
29,R&D spending,Inflation (Π<sub>t</sub>),0.111
30,R&D spending,Inflation (Π<sub>t</sub>),0.099
31,R&D spending,Inflation (Π<sub>t</sub>),0.088
32,R&D spending,Inflation (Π<sub>t</sub>),0.077
33,R&D spending,Inflation (Π<sub>t</sub>),0.067
34,R&D spending,Inflation (Π<sub>t</sub>),0.058
35,R&D spending,Inflation (Π<sub>t</sub>),0.048
36,R&D spending,Inflation (Π<sub>t</sub>),0.039
37,R&D spending,Inflation (Π<sub>t</sub>),0.031
38,R&D spending,Inflation (Π<sub>t</sub>),0.023
39,R&D spending,Inflation (Π<sub>t</sub>),0.016
40,R&D spending,Inflation (Π<sub>t</sub>),0.009
41,R&D spending,Inflation (Π<sub>t</sub>),0.002
42,R&D spending,Inflation (Π<sub>t</sub>),-0.004
43,R&D spending,Inflation (Π<sub>t</sub>),-0.009
44,R&D spending,Inflation (Π<sub>t</sub>),-0.015
45,R&D spending,Inflation (Π<sub>t</sub>),-0.02
46,R&D spending,Inflation (Π<sub>t</sub>),-0.024
47,R&D spending,Inflation (Π<sub>t</sub>),-0.029
48,R&D spending,Inflation (Π<sub>t</sub>),-0.032
49,R&D spending,Inflation (Π<sub>t</sub>),-0.036
50,R&D spending,Inflation (Π<sub>t</sub>),-0.039
51,R&D spending,Inflation (Π<sub>t</sub>),-0.042
52,R&D spending,Inflation (Π<sub>t</sub>),-0.045
53,R&D spending,Inflation (Π<sub>t</sub>),-0.048
54,R&D spending,Inflation (Π<sub>t</sub>),-0.05
55,R&D spending,Inflation (Π<sub>t</sub>),-0.052
56,R&D spending,Inflation (Π<sub>t</sub>),-0.054
57,R&D spending,Inflation (Π<sub>t</sub>),-0.055
58,R&D spending,Inflation (Π<sub>t</sub>),-0.057
59,R&D spending,Inflation (Π<sub>t</sub>),-0.058
60,R&D spending,Inflation (Π<sub>t</sub>),-0.059
61,R&D spending,Inflation (Π<sub>t</sub>),-0.06
62,R&D spending,Inflation (Π<sub>t</sub>),-0.061
63,R&D spending,Inflation (Π<sub>t</sub>),-0.062
64,R&D spending,Inflation (Π<sub>t</sub>),-0.063
65,R&D spending,Inflation (Π<sub>t</sub>),-0.063
66,R&D spending,Inflation (Π<sub>t</sub>),-0.063
67,R&D spending,Inflation (Π<sub>t</sub>),-0.064
68,R&D spending,Inflation (Π<sub>t</sub>),-0.064
69,R&D spending,Inflation (Π<sub>t</sub>),-0.064
70,R&D spending,Inflation (Π<sub>t</sub>),-0.064
71,R&D spending,Inflation (Π<sub>t</sub>),-0.064
72,R&D spending,Inflation (Π<sub>t</sub>),-0.064
73,R&D spending,Inflation (Π<sub>t</sub>),-0.064
74,R&D spending,Inflation (Π<sub>t</sub>),-0.063
75,R&D spending,Inflation (Π<sub>t</sub>),-0.063
76,R&D spending,Inflation (Π<sub>t</sub>),-0.063
77,R&D spending,Inflation (Π<sub>t</sub>),-0.062
78,R&D spending,Inflation (Π<sub>t</sub>),-0.062
79,R&D spending,Inflation (Π<sub>t</sub>),-0.062
80,R&D spending,Inflation (Π<sub>t</sub>),-0.061
81,R&D spending,Inflation (Π<sub>t</sub>),-0.061
82,R&D spending,Inflation (Π<sub>t</sub>),-0.06
83,R&D spending,Inflation (Π<sub>t</sub>),-0.06
84,R&D spending,Inflation (Π<sub>t</sub>),-0.059
85,R&D spending,Inflation (Π<sub>t</sub>),-0.059
86,R&D spending,Inflation (Π<sub>t</sub>),-0.058
87,R&D spending,Inflation (Π<sub>t</sub>),-0.057
88,R&D spending,Inflation (Π<sub>t</sub>),-0.057
89,R&D spending,Inflation (Π<sub>t</sub>),-0.056
90,R&D spending,Inflation (Π<sub>t</sub>),-0.055
91,R&D spending,Inflation (Π<sub>t</sub>),-0.055
92,R&D spending,Inflation (Π<sub>t</sub>),-0.054
93,R&D spending,Inflation (Π<sub>t</sub>),-0.054
94,R&D spending,Inflation (Π<sub>t</sub>),-0.053
95,R&D spending,Inflation (Π<sub>t</sub>),-0.052
96,R&D spending,Inflation (Π<sub>t</sub>),-0.052
97,R&D spending,Inflation (Π<sub>t</sub>),-0.051
98,R&D spending,Inflation (Π<sub>t</sub>),-0.05
99,R&D spending,Inflation (Π<sub>t</sub>),-0.05
100,R&D spending,Inflation (Π<sub>t</sub>),-0.049
1,Government consumption,Nominal interest rate (R<sub>t</sub>),0.099
2,Government consumption,Nominal interest rate (R<sub>t</sub>),0.101
3,Government consumption,Nominal interest rate (R<sub>t</sub>),0.102
4,Government consumption,Nominal interest rate (R<sub>t</sub>),0.103
5,Government consumption,Nominal interest rate (R<sub>t</sub>),0.103
6,Government consumption,Nominal interest rate (R<sub>t</sub>),0.103
7,Government consumption,Nominal interest rate (R<sub>t</sub>),0.102
8,Government consumption,Nominal interest rate (R<sub>t</sub>),0.101
9,Government consumption,Nominal interest rate (R<sub>t</sub>),0.099
10,Government consumption,Nominal interest rate (R<sub>t</sub>),0.098
11,Government consumption,Nominal interest rate (R<sub>t</sub>),0.096
12,Government consumption,Nominal interest rate (R<sub>t</sub>),0.093
13,Government consumption,Nominal interest rate (R<sub>t</sub>),0.091
14,Government consumption,Nominal interest rate (R<sub>t</sub>),0.089
15,Government consumption,Nominal interest rate (R<sub>t</sub>),0.086
16,Government consumption,Nominal interest rate (R<sub>t</sub>),0.084
17,Government consumption,Nominal interest rate (R<sub>t</sub>),0.082
18,Government consumption,Nominal interest rate (R<sub>t</sub>),0.079
19,Government consumption,Nominal interest rate (R<sub>t</sub>),0.077
20,Government consumption,Nominal interest rate (R<sub>t</sub>),0.074
21,Government consumption,Nominal interest rate (R<sub>t</sub>),0.072
22,Government consumption,Nominal interest rate (R<sub>t</sub>),0.07
23,Government consumption,Nominal interest rate (R<sub>t</sub>),0.068
24,Government consumption,Nominal interest rate (R<sub>t</sub>),0.066
25,Government consumption,Nominal interest rate (R<sub>t</sub>),0.063
26,Government consumption,Nominal interest rate (R<sub>t</sub>),0.061
27,Government consumption,Nominal interest rate (R<sub>t</sub>),0.06
28,Government consumption,Nominal interest rate (R<sub>t</sub>),0.058
29,Government consumption,Nominal interest rate (R<sub>t</sub>),0.056
30,Government consumption,Nominal interest rate (R<sub>t</sub>),0.054
31,Government consumption,Nominal interest rate (R<sub>t</sub>),0.053
32,Government consumption,Nominal interest rate (R<sub>t</sub>),0.051
33,Government consumption,Nominal interest rate (R<sub>t</sub>),0.049
34,Government consumption,Nominal interest rate (R<sub>t</sub>),0.048
35,Government consumption,Nominal interest rate (R<sub>t</sub>),0.047
36,Government consumption,Nominal interest rate (R<sub>t</sub>),0.045
37,Government consumption,Nominal interest rate (R<sub>t</sub>),0.044
38,Government consumption,Nominal interest rate (R<sub>t</sub>),0.043
39,Government consumption,Nominal interest rate (R<sub>t</sub>),0.042
40,Government consumption,Nominal interest rate (R<sub>t</sub>),0.041
41,Government consumption,Nominal interest rate (R<sub>t</sub>),0.04
42,Government consumption,Nominal interest rate (R<sub>t</sub>),0.039
43,Government consumption,Nominal interest rate (R<sub>t</sub>),0.038
44,Government consumption,Nominal interest rate (R<sub>t</sub>),0.037
45,Government consumption,Nominal interest rate (R<sub>t</sub>),0.036
46,Government consumption,Nominal interest rate (R<sub>t</sub>),0.035
47,Government consumption,Nominal interest rate (R<sub>t</sub>),0.034
48,Government consumption,Nominal interest rate (R<sub>t</sub>),0.034
49,Government consumption,Nominal interest rate (R<sub>t</sub>),0.033
50,Government consumption,Nominal interest rate (R<sub>t</sub>),0.032
51,Government consumption,Nominal interest rate (R<sub>t</sub>),0.031
52,Government consumption,Nominal interest rate (R<sub>t</sub>),0.031
53,Government consumption,Nominal interest rate (R<sub>t</sub>),0.03
54,Government consumption,Nominal interest rate (R<sub>t</sub>),0.03
55,Government consumption,Nominal interest rate (R<sub>t</sub>),0.029
56,Government consumption,Nominal interest rate (R<sub>t</sub>),0.029
57,Government consumption,Nominal interest rate (R<sub>t</sub>),0.028
58,Government consumption,Nominal interest rate (R<sub>t</sub>),0.028
59,Government consumption,Nominal interest rate (R<sub>t</sub>),0.027
60,Government consumption,Nominal interest rate (R<sub>t</sub>),0.027
61,Government consumption,Nominal interest rate (R<sub>t</sub>),0.026
62,Government consumption,Nominal interest rate (R<sub>t</sub>),0.026
63,Government consumption,Nominal interest rate (R<sub>t</sub>),0.025
64,Government consumption,Nominal interest rate (R<sub>t</sub>),0.025
65,Government consumption,Nominal interest rate (R<sub>t</sub>),0.025
66,Government consumption,Nominal interest rate (R<sub>t</sub>),0.024
67,Government consumption,Nominal interest rate (R<sub>t</sub>),0.024
68,Government consumption,Nominal interest rate (R<sub>t</sub>),0.024
69,Government consumption,Nominal interest rate (R<sub>t</sub>),0.023
70,Government consumption,Nominal interest rate (R<sub>t</sub>),0.023
71,Government consumption,Nominal interest rate (R<sub>t</sub>),0.023
72,Government consumption,Nominal interest rate (R<sub>t</sub>),0.022
73,Government consumption,Nominal interest rate (R<sub>t</sub>),0.022
74,Government consumption,Nominal interest rate (R<sub>t</sub>),0.022
75,Government consumption,Nominal interest rate (R<sub>t</sub>),0.021
76,Government consumption,Nominal interest rate (R<sub>t</sub>),0.021
77,Government consumption,Nominal interest rate (R<sub>t</sub>),0.021
78,Government consumption,Nominal interest rate (R<sub>t</sub>),0.02
79,Government consumption,Nominal interest rate (R<sub>t</sub>),0.02
80,Government consumption,Nominal interest rate (R<sub>t</sub>),0.02
81,Government consumption,Nominal interest rate (R<sub>t</sub>),0.02
82,Government consumption,Nominal interest rate (R<sub>t</sub>),0.019
83,Government consumption,Nominal interest rate (R<sub>t</sub>),0.019
84,Government consumption,Nominal interest rate (R<sub>t</sub>),0.019
85,Government consumption,Nominal interest rate (R<sub>t</sub>),0.019
86,Government consumption,Nominal interest rate (R<sub>t</sub>),0.018
87,Government consumption,Nominal interest rate (R<sub>t</sub>),0.018
88,Government consumption,Nominal interest rate (R<sub>t</sub>),0.018
89,Government consumption,Nominal interest rate (R<sub>t</sub>),0.018
90,Government consumption,Nominal interest rate (R<sub>t</sub>),0.018
91,Government consumption,Nominal interest rate (R<sub>t</sub>),0.017
92,Government consumption,Nominal interest rate (R<sub>t</sub>),0.017
93,Government consumption,Nominal interest rate (R<sub>t</sub>),0.017
94,Government consumption,Nominal interest rate (R<sub>t</sub>),0.017
95,Government consumption,Nominal interest rate (R<sub>t</sub>),0.017
96,Government consumption,Nominal interest rate (R<sub>t</sub>),0.016
97,Government consumption,Nominal interest rate (R<sub>t</sub>),0.016
98,Government consumption,Nominal interest rate (R<sub>t</sub>),0.016
99,Government consumption,Nominal interest rate (R<sub>t</sub>),0.016
100,Government consumption,Nominal interest rate (R<sub>t</sub>),0.016
1,Infrastructure investment,Nominal interest rate (R<sub>t</sub>),0.174
2,Infrastructure investment,Nominal interest rate (R<sub>t</sub>),0.189
3,Infrastructure investment,Nominal interest rate (R<sub>t</sub>),0.201
4,Infrastructure investment,Nominal interest rate (R<sub>t</sub>),0.209
5,Infrastructure investment,Nominal interest rate (R<sub>t</sub>),0.214
6,Infrastructure investment,Nominal interest rate (R<sub>t</sub>),0.217
7,Infrastructure investment,Nominal interest rate (R<sub>t</sub>),0.217
8,Infrastructure investment,Nominal interest rate (R<sub>t</sub>),0.215
9,Infrastructure investment,Nominal interest rate (R<sub>t</sub>),0.212
10,Infrastructure investment,Nominal interest rate (R<sub>t</sub>),0.207
11,Infrastructure investment,Nominal interest rate (R<sub>t</sub>),0.202
12,Infrastructure investment,Nominal interest rate (R<sub>t</sub>),0.195
13,Infrastructure investment,Nominal interest rate (R<sub>t</sub>),0.188
14,Infrastructure investment,Nominal interest rate (R<sub>t</sub>),0.181
15,Infrastructure investment,Nominal interest rate (R<sub>t</sub>),0.173
16,Infrastructure investment,Nominal interest rate (R<sub>t</sub>),0.165
17,Infrastructure investment,Nominal interest rate (R<sub>t</sub>),0.156
18,Infrastructure investment,Nominal interest rate (R<sub>t</sub>),0.148
19,Infrastructure investment,Nominal interest rate (R<sub>t</sub>),0.14
20,Infrastructure investment,Nominal interest rate (R<sub>t</sub>),0.131
21,Infrastructure investment,Nominal interest rate (R<sub>t</sub>),0.123
22,Infrastructure investment,Nominal interest rate (R<sub>t</sub>),0.115
23,Infrastructure investment,Nominal interest rate (R<sub>t</sub>),0.108
24,Infrastructure investment,Nominal interest rate (R<sub>t</sub>),0.1
25,Infrastructure investment,Nominal interest rate (R<sub>t</sub>),0.093
26,Infrastructure investment,Nominal interest rate (R<sub>t</sub>),0.086
27,Infrastructure investment,Nominal interest rate (R<sub>t</sub>),0.079
28,Infrastructure investment,Nominal interest rate (R<sub>t</sub>),0.072
29,Infrastructure investment,Nominal interest rate (R<sub>t</sub>),0.066
30,Infrastructure investment,Nominal interest rate (R<sub>t</sub>),0.06
31,Infrastructure investment,Nominal interest rate (R<sub>t</sub>),0.054
32,Infrastructure investment,Nominal interest rate (R<sub>t</sub>),0.049
33,Infrastructure investment,Nominal interest rate (R<sub>t</sub>),0.043
34,Infrastructure investment,Nominal interest rate (R<sub>t</sub>),0.038
35,Infrastructure investment,Nominal interest rate (R<sub>t</sub>),0.034
36,Infrastructure investment,Nominal interest rate (R<sub>t</sub>),0.029
37,Infrastructure investment,Nominal interest rate (R<sub>t</sub>),0.025
38,Infrastructure investment,Nominal interest rate (R<sub>t</sub>),0.021
39,Infrastructure investment,Nominal interest rate (R<sub>t</sub>),0.017
40,Infrastructure investment,Nominal interest rate (R<sub>t</sub>),0.014
41,Infrastructure investment,Nominal interest rate (R<sub>t</sub>),0.01
42,Infrastructure investment,Nominal interest rate (R<sub>t</sub>),0.007
43,Infrastructure investment,Nominal interest rate (R<sub>t</sub>),0.004
44,Infrastructure investment,Nominal interest rate (R<sub>t</sub>),0.001
45,Infrastructure investment,Nominal interest rate (R<sub>t</sub>),-0.001
46,Infrastructure investment,Nominal interest rate (R<sub>t</sub>),-0.004
47,Infrastructure investment,Nominal interest rate (R<sub>t</sub>),-0.006
48,Infrastructure investment,Nominal interest rate (R<sub>t</sub>),-0.008
49,Infrastructure investment,Nominal interest rate (R<sub>t</sub>),-0.01
50,Infrastructure investment,Nominal interest rate (R<sub>t</sub>),-0.012
51,Infrastructure investment,Nominal interest rate (R<sub>t</sub>),-0.014
52,Infrastructure investment,Nominal interest rate (R<sub>t</sub>),-0.015
53,Infrastructure investment,Nominal interest rate (R<sub>t</sub>),-0.017
54,Infrastructure investment,Nominal interest rate (R<sub>t</sub>),-0.018
55,Infrastructure investment,Nominal interest rate (R<sub>t</sub>),-0.02
56,Infrastructure investment,Nominal interest rate (R<sub>t</sub>),-0.021
57,Infrastructure investment,Nominal interest rate (R<sub>t</sub>),-0.022
58,Infrastructure investment,Nominal interest rate (R<sub>t</sub>),-0.023
59,Infrastructure investment,Nominal interest rate (R<sub>t</sub>),-0.024
60,Infrastructure investment,Nominal interest rate (R<sub>t</sub>),-0.025
61,Infrastructure investment,Nominal interest rate (R<sub>t</sub>),-0.026
62,Infrastructure investment,Nominal interest rate (R<sub>t</sub>),-0.026
63,Infrastructure investment,Nominal interest rate (R<sub>t</sub>),-0.027
64,Infrastructure investment,Nominal interest rate (R<sub>t</sub>),-0.028
65,Infrastructure investment,Nominal interest rate (R<sub>t</sub>),-0.028
66,Infrastructure investment,Nominal interest rate (R<sub>t</sub>),-0.029
67,Infrastructure investment,Nominal interest rate (R<sub>t</sub>),-0.029
68,Infrastructure investment,Nominal interest rate (R<sub>t</sub>),-0.029
69,Infrastructure investment,Nominal interest rate (R<sub>t</sub>),-0.03
70,Infrastructure investment,Nominal interest rate (R<sub>t</sub>),-0.03
71,Infrastructure investment,Nominal interest rate (R<sub>t</sub>),-0.03
72,Infrastructure investment,Nominal interest rate (R<sub>t</sub>),-0.03
73,Infrastructure investment,Nominal interest rate (R<sub>t</sub>),-0.031
74,Infrastructure investment,Nominal interest rate (R<sub>t</sub>),-0.031
75,Infrastructure investment,Nominal interest rate (R<sub>t</sub>),-0.031
76,Infrastructure investment,Nominal interest rate (R<sub>t</sub>),-0.031
77,Infrastructure investment,Nominal interest rate (R<sub>t</sub>),-0.031
78,Infrastructure investment,Nominal interest rate (R<sub>t</sub>),-0.031
79,Infrastructure investment,Nominal interest rate (R<sub>t</sub>),-0.031
80,Infrastructure investment,Nominal interest rate (R<sub>t</sub>),-0.031
81,Infrastructure investment,Nominal interest rate (R<sub>t</sub>),-0.031
82,Infrastructure investment,Nominal interest rate (R<sub>t</sub>),-0.031
83,Infrastructure investment,Nominal interest rate (R<sub>t</sub>),-0.031
84,Infrastructure investment,Nominal interest rate (R<sub>t</sub>),-0.031
85,Infrastructure investment,Nominal interest rate (R<sub>t</sub>),-0.031
86,Infrastructure investment,Nominal interest rate (R<sub>t</sub>),-0.031
87,Infrastructure investment,Nominal interest rate (R<sub>t</sub>),-0.031
88,Infrastructure investment,Nominal interest rate (R<sub>t</sub>),-0.031
89,Infrastructure investment,Nominal interest rate (R<sub>t</sub>),-0.03
90,Infrastructure investment,Nominal interest rate (R<sub>t</sub>),-0.03
91,Infrastructure investment,Nominal interest rate (R<sub>t</sub>),-0.03
92,Infrastructure investment,Nominal interest rate (R<sub>t</sub>),-0.03
93,Infrastructure investment,Nominal interest rate (R<sub>t</sub>),-0.03
94,Infrastructure investment,Nominal interest rate (R<sub>t</sub>),-0.03
95,Infrastructure investment,Nominal interest rate (R<sub>t</sub>),-0.029
96,Infrastructure investment,Nominal interest rate (R<sub>t</sub>),-0.029
97,Infrastructure investment,Nominal interest rate (R<sub>t</sub>),-0.029
98,Infrastructure investment,Nominal interest rate (R<sub>t</sub>),-0.029
99,Infrastructure investment,Nominal interest rate (R<sub>t</sub>),-0.029
100,Infrastructure investment,Nominal interest rate (R<sub>t</sub>),-0.028
1,Human capital investment,Nominal interest rate (R<sub>t</sub>),0.12
2,Human capital investment,Nominal interest rate (R<sub>t</sub>),0.117
3,Human capital investment,Nominal interest rate (R<sub>t</sub>),0.12
4,Human capital investment,Nominal interest rate (R<sub>t</sub>),0.125
5,Human capital investment,Nominal interest rate (R<sub>t</sub>),0.133
6,Human capital investment,Nominal interest rate (R<sub>t</sub>),0.142
7,Human capital investment,Nominal interest rate (R<sub>t</sub>),0.152
8,Human capital investment,Nominal interest rate (R<sub>t</sub>),0.163
9,Human capital investment,Nominal interest rate (R<sub>t</sub>),0.174
10,Human capital investment,Nominal interest rate (R<sub>t</sub>),0.186
11,Human capital investment,Nominal interest rate (R<sub>t</sub>),0.197
12,Human capital investment,Nominal interest rate (R<sub>t</sub>),0.208
13,Human capital investment,Nominal interest rate (R<sub>t</sub>),0.218
14,Human capital investment,Nominal interest rate (R<sub>t</sub>),0.229
15,Human capital investment,Nominal interest rate (R<sub>t</sub>),0.238
16,Human capital investment,Nominal interest rate (R<sub>t</sub>),0.247
17,Human capital investment,Nominal interest rate (R<sub>t</sub>),0.255
18,Human capital investment,Nominal interest rate (R<sub>t</sub>),0.263
19,Human capital investment,Nominal interest rate (R<sub>t</sub>),0.269
20,Human capital investment,Nominal interest rate (R<sub>t</sub>),0.275
21,Human capital investment,Nominal interest rate (R<sub>t</sub>),0.281
22,Human capital investment,Nominal interest rate (R<sub>t</sub>),0.285
23,Human capital investment,Nominal interest rate (R<sub>t</sub>),0.289
24,Human capital investment,Nominal interest rate (R<sub>t</sub>),0.292
25,Human capital investment,Nominal interest rate (R<sub>t</sub>),0.295
26,Human capital investment,Nominal interest rate (R<sub>t</sub>),0.296
27,Human capital investment,Nominal interest rate (R<sub>t</sub>),0.297
28,Human capital investment,Nominal interest rate (R<sub>t</sub>),0.298
29,Human capital investment,Nominal interest rate (R<sub>t</sub>),0.298
30,Human capital investment,Nominal interest rate (R<sub>t</sub>),0.297
31,Human capital investment,Nominal interest rate (R<sub>t</sub>),0.296
32,Human capital investment,Nominal interest rate (R<sub>t</sub>),0.294
33,Human capital investment,Nominal interest rate (R<sub>t</sub>),0.292
34,Human capital investment,Nominal interest rate (R<sub>t</sub>),0.29
35,Human capital investment,Nominal interest rate (R<sub>t</sub>),0.287
36,Human capital investment,Nominal interest rate (R<sub>t</sub>),0.283
37,Human capital investment,Nominal interest rate (R<sub>t</sub>),0.28
38,Human capital investment,Nominal interest rate (R<sub>t</sub>),0.276
39,Human capital investment,Nominal interest rate (R<sub>t</sub>),0.271
40,Human capital investment,Nominal interest rate (R<sub>t</sub>),0.267
41,Human capital investment,Nominal interest rate (R<sub>t</sub>),0.262
42,Human capital investment,Nominal interest rate (R<sub>t</sub>),0.257
43,Human capital investment,Nominal interest rate (R<sub>t</sub>),0.251
44,Human capital investment,Nominal interest rate (R<sub>t</sub>),0.246
45,Human capital investment,Nominal interest rate (R<sub>t</sub>),0.24
46,Human capital investment,Nominal interest rate (R<sub>t</sub>),0.234
47,Human capital investment,Nominal interest rate (R<sub>t</sub>),0.228
48,Human capital investment,Nominal interest rate (R<sub>t</sub>),0.222
49,Human capital investment,Nominal interest rate (R<sub>t</sub>),0.216
50,Human capital investment,Nominal interest rate (R<sub>t</sub>),0.21
51,Human capital investment,Nominal interest rate (R<sub>t</sub>),0.204
52,Human capital investment,Nominal interest rate (R<sub>t</sub>),0.198
53,Human capital investment,Nominal interest rate (R<sub>t</sub>),0.191
54,Human capital investment,Nominal interest rate (R<sub>t</sub>),0.185
55,Human capital investment,Nominal interest rate (R<sub>t</sub>),0.178
56,Human capital investment,Nominal interest rate (R<sub>t</sub>),0.172
57,Human capital investment,Nominal interest rate (R<sub>t</sub>),0.166
58,Human capital investment,Nominal interest rate (R<sub>t</sub>),0.159
59,Human capital investment,Nominal interest rate (R<sub>t</sub>),0.153
60,Human capital investment,Nominal interest rate (R<sub>t</sub>),0.147
61,Human capital investment,Nominal interest rate (R<sub>t</sub>),0.141
62,Human capital investment,Nominal interest rate (R<sub>t</sub>),0.134
63,Human capital investment,Nominal interest rate (R<sub>t</sub>),0.128
64,Human capital investment,Nominal interest rate (R<sub>t</sub>),0.122
65,Human capital investment,Nominal interest rate (R<sub>t</sub>),0.116
66,Human capital investment,Nominal interest rate (R<sub>t</sub>),0.11
67,Human capital investment,Nominal interest rate (R<sub>t</sub>),0.104
68,Human capital investment,Nominal interest rate (R<sub>t</sub>),0.099
69,Human capital investment,Nominal interest rate (R<sub>t</sub>),0.093
70,Human capital investment,Nominal interest rate (R<sub>t</sub>),0.087
71,Human capital investment,Nominal interest rate (R<sub>t</sub>),0.082
72,Human capital investment,Nominal interest rate (R<sub>t</sub>),0.076
73,Human capital investment,Nominal interest rate (R<sub>t</sub>),0.071
74,Human capital investment,Nominal interest rate (R<sub>t</sub>),0.066
75,Human capital investment,Nominal interest rate (R<sub>t</sub>),0.061
76,Human capital investment,Nominal interest rate (R<sub>t</sub>),0.056
77,Human capital investment,Nominal interest rate (R<sub>t</sub>),0.051
78,Human capital investment,Nominal interest rate (R<sub>t</sub>),0.046
79,Human capital investment,Nominal interest rate (R<sub>t</sub>),0.041
80,Human capital investment,Nominal interest rate (R<sub>t</sub>),0.037
81,Human capital investment,Nominal interest rate (R<sub>t</sub>),0.032
82,Human capital investment,Nominal interest rate (R<sub>t</sub>),0.028
83,Human capital investment,Nominal interest rate (R<sub>t</sub>),0.023
84,Human capital investment,Nominal interest rate (R<sub>t</sub>),0.019
85,Human capital investment,Nominal interest rate (R<sub>t</sub>),0.015
86,Human capital investment,Nominal interest rate (R<sub>t</sub>),0.011
87,Human capital investment,Nominal interest rate (R<sub>t</sub>),0.007
88,Human capital investment,Nominal interest rate (R<sub>t</sub>),0.003
89,Human capital investment,Nominal interest rate (R<sub>t</sub>),-0.0
90,Human capital investment,Nominal interest rate (R<sub>t</sub>),-0.004
91,Human capital investment,Nominal interest rate (R<sub>t</sub>),-0.007
92,Human capital investment,Nominal interest rate (R<sub>t</sub>),-0.011
93,Human capital investment,Nominal interest rate (R<sub>t</sub>),-0.014
94,Human capital investment,Nominal interest rate (R<sub>t</sub>),-0.017
95,Human capital investment,Nominal interest rate (R<sub>t</sub>),-0.02
96,Human capital investment,Nominal interest rate (R<sub>t</sub>),-0.023
97,Human capital investment,Nominal interest rate (R<sub>t</sub>),-0.026
98,Human capital investment,Nominal interest rate (R<sub>t</sub>),-0.029
99,Human capital investment,Nominal interest rate (R<sub>t</sub>),-0.032
100,Human capital investment,Nominal interest rate (R<sub>t</sub>),-0.034
1,R&D spending,Nominal interest rate (R<sub>t</sub>),0.188
2,R&D spending,Nominal interest rate (R<sub>t</sub>),0.208
3,R&D spending,Nominal interest rate (R<sub>t</sub>),0.237
4,R&D spending,Nominal interest rate (R<sub>t</sub>),0.268
5,R&D spending,Nominal interest rate (R<sub>t</sub>),0.301
6,R&D spending,Nominal interest rate (R<sub>t</sub>),0.331
7,R&D spending,Nominal interest rate (R<sub>t</sub>),0.359
8,R&D spending,Nominal interest rate (R<sub>t</sub>),0.383
9,R&D spending,Nominal interest rate (R<sub>t</sub>),0.404
10,R&D spending,Nominal interest rate (R<sub>t</sub>),0.42
11,R&D spending,Nominal interest rate (R<sub>t</sub>),0.432
12,R&D spending,Nominal interest rate (R<sub>t</sub>),0.44
13,R&D spending,Nominal interest rate (R<sub>t</sub>),0.444
14,R&D spending,Nominal interest rate (R<sub>t</sub>),0.444
15,R&D spending,Nominal interest rate (R<sub>t</sub>),0.441
16,R&D spending,Nominal interest rate (R<sub>t</sub>),0.435
17,R&D spending,Nominal interest rate (R<sub>t</sub>),0.426
18,R&D spending,Nominal interest rate (R<sub>t</sub>),0.415
19,R&D spending,Nominal interest rate (R<sub>t</sub>),0.402
20,R&D spending,Nominal interest rate (R<sub>t</sub>),0.387
21,R&D spending,Nominal interest rate (R<sub>t</sub>),0.371
22,R&D spending,Nominal interest rate (R<sub>t</sub>),0.354
23,R&D spending,Nominal interest rate (R<sub>t</sub>),0.336
24,R&D spending,Nominal interest rate (R<sub>t</sub>),0.317
25,R&D spending,Nominal interest rate (R<sub>t</sub>),0.298
26,R&D spending,Nominal interest rate (R<sub>t</sub>),0.279
27,R&D spending,Nominal interest rate (R<sub>t</sub>),0.26
28,R&D spending,Nominal interest rate (R<sub>t</sub>),0.241
29,R&D spending,Nominal interest rate (R<sub>t</sub>),0.222
30,R&D spending,Nominal interest rate (R<sub>t</sub>),0.203
31,R&D spending,Nominal interest rate (R<sub>t</sub>),0.185
32,R&D spending,Nominal interest rate (R<sub>t</sub>),0.168
33,R&D spending,Nominal interest rate (R<sub>t</sub>),0.151
34,R&D spending,Nominal interest rate (R<sub>t</sub>),0.134
35,R&D spending,Nominal interest rate (R<sub>t</sub>),0.118
36,R&D spending,Nominal interest rate (R<sub>t</sub>),0.103
37,R&D spending,Nominal interest rate (R<sub>t</sub>),0.088
38,R&D spending,Nominal interest rate (R<sub>t</sub>),0.074
39,R&D spending,Nominal interest rate (R<sub>t</sub>),0.061
40,R&D spending,Nominal interest rate (R<sub>t</sub>),0.049
41,R&D spending,Nominal interest rate (R<sub>t</sub>),0.037
42,R&D spending,Nominal interest rate (R<sub>t</sub>),0.026
43,R&D spending,Nominal interest rate (R<sub>t</sub>),0.015
44,R&D spending,Nominal interest rate (R<sub>t</sub>),0.005
45,R&D spending,Nominal interest rate (R<sub>t</sub>),-0.004
46,R&D spending,Nominal interest rate (R<sub>t</sub>),-0.013
47,R&D spending,Nominal interest rate (R<sub>t</sub>),-0.021
48,R&D spending,Nominal interest rate (R<sub>t</sub>),-0.028
49,R&D spending,Nominal interest rate (R<sub>t</sub>),-0.035
50,R&D spending,Nominal interest rate (R<sub>t</sub>),-0.042
51,R&D spending,Nominal interest rate (R<sub>t</sub>),-0.048
52,R&D spending,Nominal interest rate (R<sub>t</sub>),-0.053
53,R&D spending,Nominal interest rate (R<sub>t</sub>),-0.058
54,R&D spending,Nominal interest rate (R<sub>t</sub>),-0.063
55,R&D spending,Nominal interest rate (R<sub>t</sub>),-0.067
56,R&D spending,Nominal interest rate (R<sub>t</sub>),-0.071
57,R&D spending,Nominal interest rate (R<sub>t</sub>),-0.075
58,R&D spending,Nominal interest rate (R<sub>t</sub>),-0.078
59,R&D spending,Nominal interest rate (R<sub>t</sub>),-0.081
60,R&D spending,Nominal interest rate (R<sub>t</sub>),-0.083
61,R&D spending,Nominal interest rate (R<sub>t</sub>),-0.085
62,R&D spending,Nominal interest rate (R<sub>t</sub>),-0.087
63,R&D spending,Nominal interest rate (R<sub>t</sub>),-0.089
64,R&D spending,Nominal interest rate (R<sub>t</sub>),-0.091
65,R&D spending,Nominal interest rate (R<sub>t</sub>),-0.092
66,R&D spending,Nominal interest rate (R<sub>t</sub>),-0.093
67,R&D spending,Nominal interest rate (R<sub>t</sub>),-0.094
68,R&D spending,Nominal interest rate (R<sub>t</sub>),-0.095
69,R&D spending,Nominal interest rate (R<sub>t</sub>),-0.095
70,R&D spending,Nominal interest rate (R<sub>t</sub>),-0.096
71,R&D spending,Nominal interest rate (R<sub>t</sub>),-0.096
72,R&D spending,Nominal interest rate (R<sub>t</sub>),-0.096
73,R&D spending,Nominal interest rate (R<sub>t</sub>),-0.096
74,R&D spending,Nominal interest rate (R<sub>t</sub>),-0.096
75,R&D spending,Nominal interest rate (R<sub>t</sub>),-0.096
76,R&D spending,Nominal interest rate (R<sub>t</sub>),-0.096
77,R&D spending,Nominal interest rate (R<sub>t</sub>),-0.096
78,R&D spending,Nominal interest rate (R<sub>t</sub>),-0.095
79,R&D spending,Nominal interest rate (R<sub>t</sub>),-0.095
80,R&D spending,Nominal interest rate (R<sub>t</sub>),-0.094
81,R&D spending,Nominal interest rate (R<sub>t</sub>),-0.094
82,R&D spending,Nominal interest rate (R<sub>t</sub>),-0.093
83,R&D spending,Nominal interest rate (R<sub>t</sub>),-0.092
84,R&D spending,Nominal interest rate (R<sub>t</sub>),-0.092
85,R&D spending,Nominal interest rate (R<sub>t</sub>),-0.091
86,R&D spending,Nominal interest rate (R<sub>t</sub>),-0.09
87,R&D spending,Nominal interest rate (R<sub>t</sub>),-0.089
88,R&D spending,Nominal interest rate (R<sub>t</sub>),-0.088
89,R&D spending,Nominal interest rate (R<sub>t</sub>),-0.087
90,R&D spending,Nominal interest rate (R<sub>t</sub>),-0.087
91,R&D spending,Nominal interest rate (R<sub>t</sub>),-0.086
92,R&D spending,Nominal interest rate (R<sub>t</sub>),-0.085
93,R&D spending,Nominal interest rate (R<sub>t</sub>),-0.084
94,R&D spending,Nominal interest rate (R<sub>t</sub>),-0.083
95,R&D spending,Nominal interest rate (R<sub>t</sub>),-0.082
96,R&D spending,Nominal interest rate (R<sub>t</sub>),-0.081
97,R&D spending,Nominal interest rate (R<sub>t</sub>),-0.08
98,R&D spending,Nominal interest rate (R<sub>t</sub>),-0.079
99,R&D spending,Nominal interest rate (R<sub>t</sub>),-0.078
100,R&D spending,Nominal interest rate (R<sub>t</sub>),-0.077
1,Government consumption,Real interest rate (R<sub>t</sub>/Π<sub>t</sub>),0.004
2,Government consumption,Real interest rate (R<sub>t</sub>/Π<sub>t</sub>),0.023
3,Government consumption,Real interest rate (R<sub>t</sub>/Π<sub>t</sub>),0.03
4,Government consumption,Real interest rate (R<sub>t</sub>/Π<sub>t</sub>),0.033
5,Government consumption,Real interest rate (R<sub>t</sub>/Π<sub>t</sub>),0.035
6,Government consumption,Real interest rate (R<sub>t</sub>/Π<sub>t</sub>),0.036
7,Government consumption,Real interest rate (R<sub>t</sub>/Π<sub>t</sub>),0.036
8,Government consumption,Real interest rate (R<sub>t</sub>/Π<sub>t</sub>),0.037
9,Government consumption,Real interest rate (R<sub>t</sub>/Π<sub>t</sub>),0.037
10,Government consumption,Real interest rate (R<sub>t</sub>/Π<sub>t</sub>),0.036
11,Government consumption,Real interest rate (R<sub>t</sub>/Π<sub>t</sub>),0.036
12,Government consumption,Real interest rate (R<sub>t</sub>/Π<sub>t</sub>),0.036
13,Government consumption,Real interest rate (R<sub>t</sub>/Π<sub>t</sub>),0.035
14,Government consumption,Real interest rate (R<sub>t</sub>/Π<sub>t</sub>),0.034
15,Government consumption,Real interest rate (R<sub>t</sub>/Π<sub>t</sub>),0.034
16,Government consumption,Real interest rate (R<sub>t</sub>/Π<sub>t</sub>),0.033
17,Government consumption,Real interest rate (R<sub>t</sub>/Π<sub>t</sub>),0.032
18,Government consumption,Real interest rate (R<sub>t</sub>/Π<sub>t</sub>),0.031
19,Government consumption,Real interest rate (R<sub>t</sub>/Π<sub>t</sub>),0.03
20,Government consumption,Real interest rate (R<sub>t</sub>/Π<sub>t</sub>),0.029
21,Government consumption,Real interest rate (R<sub>t</sub>/Π<sub>t</sub>),0.029
22,Government consumption,Real interest rate (R<sub>t</sub>/Π<sub>t</sub>),0.028
23,Government consumption,Real interest rate (R<sub>t</sub>/Π<sub>t</sub>),0.027
24,Government consumption,Real interest rate (R<sub>t</sub>/Π<sub>t</sub>),0.026
25,Government consumption,Real interest rate (R<sub>t</sub>/Π<sub>t</sub>),0.025
26,Government consumption,Real interest rate (R<sub>t</sub>/Π<sub>t</sub>),0.024
27,Government consumption,Real interest rate (R<sub>t</sub>/Π<sub>t</sub>),0.024
28,Government consumption,Real interest rate (R<sub>t</sub>/Π<sub>t</sub>),0.023
29,Government consumption,Real interest rate (R<sub>t</sub>/Π<sub>t</sub>),0.022
30,Government consumption,Real interest rate (R<sub>t</sub>/Π<sub>t</sub>),0.021
31,Government consumption,Real interest rate (R<sub>t</sub>/Π<sub>t</sub>),0.021
32,Government consumption,Real interest rate (R<sub>t</sub>/Π<sub>t</sub>),0.02
33,Government consumption,Real interest rate (R<sub>t</sub>/Π<sub>t</sub>),0.019
34,Government consumption,Real interest rate (R<sub>t</sub>/Π<sub>t</sub>),0.019
35,Government consumption,Real interest rate (R<sub>t</sub>/Π<sub>t</sub>),0.018
36,Government consumption,Real interest rate (R<sub>t</sub>/Π<sub>t</sub>),0.018
37,Government consumption,Real interest rate (R<sub>t</sub>/Π<sub>t</sub>),0.017
38,Government consumption,Real interest rate (R<sub>t</sub>/Π<sub>t</sub>),0.017
39,Government consumption,Real interest rate (R<sub>t</sub>/Π<sub>t</sub>),0.016
40,Government consumption,Real interest rate (R<sub>t</sub>/Π<sub>t</sub>),0.016
41,Government consumption,Real interest rate (R<sub>t</sub>/Π<sub>t</sub>),0.015
42,Government consumption,Real interest rate (R<sub>t</sub>/Π<sub>t</sub>),0.015
43,Government consumption,Real interest rate (R<sub>t</sub>/Π<sub>t</sub>),0.014
44,Government consumption,Real interest rate (R<sub>t</sub>/Π<sub>t</sub>),0.014
45,Government consumption,Real interest rate (R<sub>t</sub>/Π<sub>t</sub>),0.014
46,Government consumption,Real interest rate (R<sub>t</sub>/Π<sub>t</sub>),0.013
47,Government consumption,Real interest rate (R<sub>t</sub>/Π<sub>t</sub>),0.013
48,Government consumption,Real interest rate (R<sub>t</sub>/Π<sub>t</sub>),0.013
49,Government consumption,Real interest rate (R<sub>t</sub>/Π<sub>t</sub>),0.012
50,Government consumption,Real interest rate (R<sub>t</sub>/Π<sub>t</sub>),0.012
51,Government consumption,Real interest rate (R<sub>t</sub>/Π<sub>t</sub>),0.012
52,Government consumption,Real interest rate (R<sub>t</sub>/Π<sub>t</sub>),0.011
53,Government consumption,Real interest rate (R<sub>t</sub>/Π<sub>t</sub>),0.011
54,Government consumption,Real interest rate (R<sub>t</sub>/Π<sub>t</sub>),0.011
55,Government consumption,Real interest rate (R<sub>t</sub>/Π<sub>t</sub>),0.011
56,Government consumption,Real interest rate (R<sub>t</sub>/Π<sub>t</sub>),0.011
57,Government consumption,Real interest rate (R<sub>t</sub>/Π<sub>t</sub>),0.01
58,Government consumption,Real interest rate (R<sub>t</sub>/Π<sub>t</sub>),0.01
59,Government consumption,Real interest rate (R<sub>t</sub>/Π<sub>t</sub>),0.01
60,Government consumption,Real interest rate (R<sub>t</sub>/Π<sub>t</sub>),0.01
61,Government consumption,Real interest rate (R<sub>t</sub>/Π<sub>t</sub>),0.01
62,Government consumption,Real interest rate (R<sub>t</sub>/Π<sub>t</sub>),0.009
63,Government consumption,Real interest rate (R<sub>t</sub>/Π<sub>t</sub>),0.009
64,Government consumption,Real interest rate (R<sub>t</sub>/Π<sub>t</sub>),0.009
65,Government consumption,Real interest rate (R<sub>t</sub>/Π<sub>t</sub>),0.009
66,Government consumption,Real interest rate (R<sub>t</sub>/Π<sub>t</sub>),0.009
67,Government consumption,Real interest rate (R<sub>t</sub>/Π<sub>t</sub>),0.009
68,Government consumption,Real interest rate (R<sub>t</sub>/Π<sub>t</sub>),0.009
69,Government consumption,Real interest rate (R<sub>t</sub>/Π<sub>t</sub>),0.008
70,Government consumption,Real interest rate (R<sub>t</sub>/Π<sub>t</sub>),0.008
71,Government consumption,Real interest rate (R<sub>t</sub>/Π<sub>t</sub>),0.008
72,Government consumption,Real interest rate (R<sub>t</sub>/Π<sub>t</sub>),0.008
73,Government consumption,Real interest rate (R<sub>t</sub>/Π<sub>t</sub>),0.008
74,Government consumption,Real interest rate (R<sub>t</sub>/Π<sub>t</sub>),0.008
75,Government consumption,Real interest rate (R<sub>t</sub>/Π<sub>t</sub>),0.008
76,Government consumption,Real interest rate (R<sub>t</sub>/Π<sub>t</sub>),0.008
77,Government consumption,Real interest rate (R<sub>t</sub>/Π<sub>t</sub>),0.007
78,Government consumption,Real interest rate (R<sub>t</sub>/Π<sub>t</sub>),0.007
79,Government consumption,Real interest rate (R<sub>t</sub>/Π<sub>t</sub>),0.007
80,Government consumption,Real interest rate (R<sub>t</sub>/Π<sub>t</sub>),0.007
81,Government consumption,Real interest rate (R<sub>t</sub>/Π<sub>t</sub>),0.007
82,Government consumption,Real interest rate (R<sub>t</sub>/Π<sub>t</sub>),0.007
83,Government consumption,Real interest rate (R<sub>t</sub>/Π<sub>t</sub>),0.007
84,Government consumption,Real interest rate (R<sub>t</sub>/Π<sub>t</sub>),0.007
85,Government consumption,Real interest rate (R<sub>t</sub>/Π<sub>t</sub>),0.007
86,Government consumption,Real interest rate (R<sub>t</sub>/Π<sub>t</sub>),0.007
87,Government consumption,Real interest rate (R<sub>t</sub>/Π<sub>t</sub>),0.007
88,Government consumption,Real interest rate (R<sub>t</sub>/Π<sub>t</sub>),0.006
89,Government consumption,Real interest rate (R<sub>t</sub>/Π<sub>t</sub>),0.006
90,Government consumption,Real interest rate (R<sub>t</sub>/Π<sub>t</sub>),0.006
91,Government consumption,Real interest rate (R<sub>t</sub>/Π<sub>t</sub>),0.006
92,Government consumption,Real interest rate (R<sub>t</sub>/Π<sub>t</sub>),0.006
93,Government consumption,Real interest rate (R<sub>t</sub>/Π<sub>t</sub>),0.006
94,Government consumption,Real interest rate (R<sub>t</sub>/Π<sub>t</sub>),0.006
95,Government consumption,Real interest rate (R<sub>t</sub>/Π<sub>t</sub>),0.006
96,Government consumption,Real interest rate (R<sub>t</sub>/Π<sub>t</sub>),0.006
97,Government consumption,Real interest rate (R<sub>t</sub>/Π<sub>t</sub>),0.006
98,Government consumption,Real interest rate (R<sub>t</sub>/Π<sub>t</sub>),0.006
99,Government consumption,Real interest rate (R<sub>t</sub>/Π<sub>t</sub>),0.006
100,Government consumption,Real interest rate (R<sub>t</sub>/Π<sub>t</sub>),0.006
1,Infrastructure investment,Real interest rate (R<sub>t</sub>/Π<sub>t</sub>),-0.003
2,Infrastructure investment,Real interest rate (R<sub>t</sub>/Π<sub>t</sub>),0.03
3,Infrastructure investment,Real interest rate (R<sub>t</sub>/Π<sub>t</sub>),0.048
4,Infrastructure investment,Real interest rate (R<sub>t</sub>/Π<sub>t</sub>),0.059
5,Infrastructure investment,Real interest rate (R<sub>t</sub>/Π<sub>t</sub>),0.066
6,Infrastructure investment,Real interest rate (R<sub>t</sub>/Π<sub>t</sub>),0.072
7,Infrastructure investment,Real interest rate (R<sub>t</sub>/Π<sub>t</sub>),0.076
8,Infrastructure investment,Real interest rate (R<sub>t</sub>/Π<sub>t</sub>),0.078
9,Infrastructure investment,Real interest rate (R<sub>t</sub>/Π<sub>t</sub>),0.08
10,Infrastructure investment,Real interest rate (R<sub>t</sub>/Π<sub>t</sub>),0.08
11,Infrastructure investment,Real interest rate (R<sub>t</sub>/Π<sub>t</sub>),0.08
12,Infrastructure investment,Real interest rate (R<sub>t</sub>/Π<sub>t</sub>),0.079
13,Infrastructure investment,Real interest rate (R<sub>t</sub>/Π<sub>t</sub>),0.078
14,Infrastructure investment,Real interest rate (R<sub>t</sub>/Π<sub>t</sub>),0.076
15,Infrastructure investment,Real interest rate (R<sub>t</sub>/Π<sub>t</sub>),0.074
16,Infrastructure investment,Real interest rate (R<sub>t</sub>/Π<sub>t</sub>),0.071
17,Infrastructure investment,Real interest rate (R<sub>t</sub>/Π<sub>t</sub>),0.069
18,Infrastructure investment,Real interest rate (R<sub>t</sub>/Π<sub>t</sub>),0.066
19,Infrastructure investment,Real interest rate (R<sub>t</sub>/Π<sub>t</sub>),0.063
20,Infrastructure investment,Real interest rate (R<sub>t</sub>/Π<sub>t</sub>),0.06
21,Infrastructure investment,Real interest rate (R<sub>t</sub>/Π<sub>t</sub>),0.057
22,Infrastructure investment,Real interest rate (R<sub>t</sub>/Π<sub>t</sub>),0.054
23,Infrastructure investment,Real interest rate (R<sub>t</sub>/Π<sub>t</sub>),0.051
24,Infrastructure investment,Real interest rate (R<sub>t</sub>/Π<sub>t</sub>),0.048
25,Infrastructure investment,Real interest rate (R<sub>t</sub>/Π<sub>t</sub>),0.045
26,Infrastructure investment,Real interest rate (R<sub>t</sub>/Π<sub>t</sub>),0.042
27,Infrastructure investment,Real interest rate (R<sub>t</sub>/Π<sub>t</sub>),0.039
28,Infrastructure investment,Real interest rate (R<sub>t</sub>/Π<sub>t</sub>),0.037
29,Infrastructure investment,Real interest rate (R<sub>t</sub>/Π<sub>t</sub>),0.034
30,Infrastructure investment,Real interest rate (R<sub>t</sub>/Π<sub>t</sub>),0.031
31,Infrastructure investment,Real interest rate (R<sub>t</sub>/Π<sub>t</sub>),0.029
32,Infrastructure investment,Real interest rate (R<sub>t</sub>/Π<sub>t</sub>),0.027
33,Infrastructure investment,Real interest rate (R<sub>t</sub>/Π<sub>t</sub>),0.024
34,Infrastructure investment,Real interest rate (R<sub>t</sub>/Π<sub>t</sub>),0.022
35,Infrastructure investment,Real interest rate (R<sub>t</sub>/Π<sub>t</sub>),0.02
36,Infrastructure investment,Real interest rate (R<sub>t</sub>/Π<sub>t</sub>),0.018
37,Infrastructure investment,Real interest rate (R<sub>t</sub>/Π<sub>t</sub>),0.016
38,Infrastructure investment,Real interest rate (R<sub>t</sub>/Π<sub>t</sub>),0.015
39,Infrastructure investment,Real interest rate (R<sub>t</sub>/Π<sub>t</sub>),0.013
40,Infrastructure investment,Real interest rate (R<sub>t</sub>/Π<sub>t</sub>),0.011
41,Infrastructure investment,Real interest rate (R<sub>t</sub>/Π<sub>t</sub>),0.01
42,Infrastructure investment,Real interest rate (R<sub>t</sub>/Π<sub>t</sub>),0.008
43,Infrastructure investment,Real interest rate (R<sub>t</sub>/Π<sub>t</sub>),0.007
44,Infrastructure investment,Real interest rate (R<sub>t</sub>/Π<sub>t</sub>),0.006
45,Infrastructure investment,Real interest rate (R<sub>t</sub>/Π<sub>t</sub>),0.004
46,Infrastructure investment,Real interest rate (R<sub>t</sub>/Π<sub>t</sub>),0.003
47,Infrastructure investment,Real interest rate (R<sub>t</sub>/Π<sub>t</sub>),0.002
48,Infrastructure investment,Real interest rate (R<sub>t</sub>/Π<sub>t</sub>),0.001
49,Infrastructure investment,Real interest rate (R<sub>t</sub>/Π<sub>t</sub>),0.0
50,Infrastructure investment,Real interest rate (R<sub>t</sub>/Π<sub>t</sub>),-0.001
51,Infrastructure investment,Real interest rate (R<sub>t</sub>/Π<sub>t</sub>),-0.001
52,Infrastructure investment,Real interest rate (R<sub>t</sub>/Π<sub>t</sub>),-0.002
53,Infrastructure investment,Real interest rate (R<sub>t</sub>/Π<sub>t</sub>),-0.003
54,Infrastructure investment,Real interest rate (R<sub>t</sub>/Π<sub>t</sub>),-0.004
55,Infrastructure investment,Real interest rate (R<sub>t</sub>/Π<sub>t</sub>),-0.004
56,Infrastructure investment,Real interest rate (R<sub>t</sub>/Π<sub>t</sub>),-0.005
57,Infrastructure investment,Real interest rate (R<sub>t</sub>/Π<sub>t</sub>),-0.005
58,Infrastructure investment,Real interest rate (R<sub>t</sub>/Π<sub>t</sub>),-0.006
59,Infrastructure investment,Real interest rate (R<sub>t</sub>/Π<sub>t</sub>),-0.006
60,Infrastructure investment,Real interest rate (R<sub>t</sub>/Π<sub>t</sub>),-0.007
61,Infrastructure investment,Real interest rate (R<sub>t</sub>/Π<sub>t</sub>),-0.007
62,Infrastructure investment,Real interest rate (R<sub>t</sub>/Π<sub>t</sub>),-0.008
63,Infrastructure investment,Real interest rate (R<sub>t</sub>/Π<sub>t</sub>),-0.008
64,Infrastructure investment,Real interest rate (R<sub>t</sub>/Π<sub>t</sub>),-0.008
65,Infrastructure investment,Real interest rate (R<sub>t</sub>/Π<sub>t</sub>),-0.008
66,Infrastructure investment,Real interest rate (R<sub>t</sub>/Π<sub>t</sub>),-0.009
67,Infrastructure investment,Real interest rate (R<sub>t</sub>/Π<sub>t</sub>),-0.009
68,Infrastructure investment,Real interest rate (R<sub>t</sub>/Π<sub>t</sub>),-0.009
69,Infrastructure investment,Real interest rate (R<sub>t</sub>/Π<sub>t</sub>),-0.009
70,Infrastructure investment,Real interest rate (R<sub>t</sub>/Π<sub>t</sub>),-0.01
71,Infrastructure investment,Real interest rate (R<sub>t</sub>/Π<sub>t</sub>),-0.01
72,Infrastructure investment,Real interest rate (R<sub>t</sub>/Π<sub>t</sub>),-0.01
73,Infrastructure investment,Real interest rate (R<sub>t</sub>/Π<sub>t</sub>),-0.01
74,Infrastructure investment,Real interest rate (R<sub>t</sub>/Π<sub>t</sub>),-0.01
75,Infrastructure investment,Real interest rate (R<sub>t</sub>/Π<sub>t</sub>),-0.01
76,Infrastructure investment,Real interest rate (R<sub>t</sub>/Π<sub>t</sub>),-0.01
77,Infrastructure investment,Real interest rate (R<sub>t</sub>/Π<sub>t</sub>),-0.01
78,Infrastructure investment,Real interest rate (R<sub>t</sub>/Π<sub>t</sub>),-0.01
79,Infrastructure investment,Real interest rate (R<sub>t</sub>/Π<sub>t</sub>),-0.01
80,Infrastructure investment,Real interest rate (R<sub>t</sub>/Π<sub>t</sub>),-0.01
81,Infrastructure investment,Real interest rate (R<sub>t</sub>/Π<sub>t</sub>),-0.01
82,Infrastructure investment,Real interest rate (R<sub>t</sub>/Π<sub>t</sub>),-0.011
83,Infrastructure investment,Real interest rate (R<sub>t</sub>/Π<sub>t</sub>),-0.011
84,Infrastructure investment,Real interest rate (R<sub>t</sub>/Π<sub>t</sub>),-0.011
85,Infrastructure investment,Real interest rate (R<sub>t</sub>/Π<sub>t</sub>),-0.011
86,Infrastructure investment,Real interest rate (R<sub>t</sub>/Π<sub>t</sub>),-0.011
87,Infrastructure investment,Real interest rate (R<sub>t</sub>/Π<sub>t</sub>),-0.011
88,Infrastructure investment,Real interest rate (R<sub>t</sub>/Π<sub>t</sub>),-0.01
89,Infrastructure investment,Real interest rate (R<sub>t</sub>/Π<sub>t</sub>),-0.01
90,Infrastructure investment,Real interest rate (R<sub>t</sub>/Π<sub>t</sub>),-0.01
91,Infrastructure investment,Real interest rate (R<sub>t</sub>/Π<sub>t</sub>),-0.01
92,Infrastructure investment,Real interest rate (R<sub>t</sub>/Π<sub>t</sub>),-0.01
93,Infrastructure investment,Real interest rate (R<sub>t</sub>/Π<sub>t</sub>),-0.01
94,Infrastructure investment,Real interest rate (R<sub>t</sub>/Π<sub>t</sub>),-0.01
95,Infrastructure investment,Real interest rate (R<sub>t</sub>/Π<sub>t</sub>),-0.01
96,Infrastructure investment,Real interest rate (R<sub>t</sub>/Π<sub>t</sub>),-0.01
97,Infrastructure investment,Real interest rate (R<sub>t</sub>/Π<sub>t</sub>),-0.01
98,Infrastructure investment,Real interest rate (R<sub>t</sub>/Π<sub>t</sub>),-0.01
99,Infrastructure investment,Real interest rate (R<sub>t</sub>/Π<sub>t</sub>),-0.01
100,Infrastructure investment,Real interest rate (R<sub>t</sub>/Π<sub>t</sub>),-0.01
1,Human capital investment,Real interest rate (R<sub>t</sub>/Π<sub>t</sub>),0.004
2,Human capital investment,Real interest rate (R<sub>t</sub>/Π<sub>t</sub>),0.023
3,Human capital investment,Real interest rate (R<sub>t</sub>/Π<sub>t</sub>),0.026
4,Human capital investment,Real interest rate (R<sub>t</sub>/Π<sub>t</sub>),0.026
5,Human capital investment,Real interest rate (R<sub>t</sub>/Π<sub>t</sub>),0.026
6,Human capital investment,Real interest rate (R<sub>t</sub>/Π<sub>t</sub>),0.028
7,Human capital investment,Real interest rate (R<sub>t</sub>/Π<sub>t</sub>),0.03
8,Human capital investment,Real interest rate (R<sub>t</sub>/Π<sub>t</sub>),0.033
9,Human capital investment,Real interest rate (R<sub>t</sub>/Π<sub>t</sub>),0.036
10,Human capital investment,Real interest rate (R<sub>t</sub>/Π<sub>t</sub>),0.04
11,Human capital investment,Real interest rate (R<sub>t</sub>/Π<sub>t</sub>),0.044
12,Human capital investment,Real interest rate (R<sub>t</sub>/Π<sub>t</sub>),0.049
13,Human capital investment,Real interest rate (R<sub>t</sub>/Π<sub>t</sub>),0.053
14,Human capital investment,Real interest rate (R<sub>t</sub>/Π<sub>t</sub>),0.058
15,Human capital investment,Real interest rate (R<sub>t</sub>/Π<sub>t</sub>),0.062
16,Human capital investment,Real interest rate (R<sub>t</sub>/Π<sub>t</sub>),0.066
17,Human capital investment,Real interest rate (R<sub>t</sub>/Π<sub>t</sub>),0.07
18,Human capital investment,Real interest rate (R<sub>t</sub>/Π<sub>t</sub>),0.074
19,Human capital investment,Real interest rate (R<sub>t</sub>/Π<sub>t</sub>),0.078
20,Human capital investment,Real interest rate (R<sub>t</sub>/Π<sub>t</sub>),0.082
21,Human capital investment,Real interest rate (R<sub>t</sub>/Π<sub>t</sub>),0.085
22,Human capital investment,Real interest rate (R<sub>t</sub>/Π<sub>t</sub>),0.088
23,Human capital investment,Real interest rate (R<sub>t</sub>/Π<sub>t</sub>),0.09
24,Human capital investment,Real interest rate (R<sub>t</sub>/Π<sub>t</sub>),0.093
25,Human capital investment,Real interest rate (R<sub>t</sub>/Π<sub>t</sub>),0.095
26,Human capital investment,Real interest rate (R<sub>t</sub>/Π<sub>t</sub>),0.097
27,Human capital investment,Real interest rate (R<sub>t</sub>/Π<sub>t</sub>),0.098
28,Human capital investment,Real interest rate (R<sub>t</sub>/Π<sub>t</sub>),0.1
29,Human capital investment,Real interest rate (R<sub>t</sub>/Π<sub>t</sub>),0.101
30,Human capital investment,Real interest rate (R<sub>t</sub>/Π<sub>t</sub>),0.102
31,Human capital investment,Real interest rate (R<sub>t</sub>/Π<sub>t</sub>),0.102
32,Human capital investment,Real interest rate (R<sub>t</sub>/Π<sub>t</sub>),0.103
33,Human capital investment,Real interest rate (R<sub>t</sub>/Π<sub>t</sub>),0.103
34,Human capital investment,Real interest rate (R<sub>t</sub>/Π<sub>t</sub>),0.103
35,Human capital investment,Real interest rate (R<sub>t</sub>/Π<sub>t</sub>),0.102
36,Human capital investment,Real interest rate (R<sub>t</sub>/Π<sub>t</sub>),0.102
37,Human capital investment,Real interest rate (R<sub>t</sub>/Π<sub>t</sub>),0.101
38,Human capital investment,Real interest rate (R<sub>t</sub>/Π<sub>t</sub>),0.101
39,Human capital investment,Real interest rate (R<sub>t</sub>/Π<sub>t</sub>),0.1
40,Human capital investment,Real interest rate (R<sub>t</sub>/Π<sub>t</sub>),0.099
41,Human capital investment,Real interest rate (R<sub>t</sub>/Π<sub>t</sub>),0.098
42,Human capital investment,Real interest rate (R<sub>t</sub>/Π<sub>t</sub>),0.096
43,Human capital investment,Real interest rate (R<sub>t</sub>/Π<sub>t</sub>),0.095
44,Human capital investment,Real interest rate (R<sub>t</sub>/Π<sub>t</sub>),0.093
45,Human capital investment,Real interest rate (R<sub>t</sub>/Π<sub>t</sub>),0.092
46,Human capital investment,Real interest rate (R<sub>t</sub>/Π<sub>t</sub>),0.09
47,Human capital investment,Real interest rate (R<sub>t</sub>/Π<sub>t</sub>),0.088
48,Human capital investment,Real interest rate (R<sub>t</sub>/Π<sub>t</sub>),0.086
49,Human capital investment,Real interest rate (R<sub>t</sub>/Π<sub>t</sub>),0.085
50,Human capital investment,Real interest rate (R<sub>t</sub>/Π<sub>t</sub>),0.083
51,Human capital investment,Real interest rate (R<sub>t</sub>/Π<sub>t</sub>),0.081
52,Human capital investment,Real interest rate (R<sub>t</sub>/Π<sub>t</sub>),0.079
53,Human capital investment,Real interest rate (R<sub>t</sub>/Π<sub>t</sub>),0.077
54,Human capital investment,Real interest rate (R<sub>t</sub>/Π<sub>t</sub>),0.074
55,Human capital investment,Real interest rate (R<sub>t</sub>/Π<sub>t</sub>),0.072
56,Human capital investment,Real interest rate (R<sub>t</sub>/Π<sub>t</sub>),0.07
57,Human capital investment,Real interest rate (R<sub>t</sub>/Π<sub>t</sub>),0.068
58,Human capital investment,Real interest rate (R<sub>t</sub>/Π<sub>t</sub>),0.066
59,Human capital investment,Real interest rate (R<sub>t</sub>/Π<sub>t</sub>),0.064
60,Human capital investment,Real interest rate (R<sub>t</sub>/Π<sub>t</sub>),0.061
61,Human capital investment,Real interest rate (R<sub>t</sub>/Π<sub>t</sub>),0.059
62,Human capital investment,Real interest rate (R<sub>t</sub>/Π<sub>t</sub>),0.057
63,Human capital investment,Real interest rate (R<sub>t</sub>/Π<sub>t</sub>),0.055
64,Human capital investment,Real interest rate (R<sub>t</sub>/Π<sub>t</sub>),0.053
65,Human capital investment,Real interest rate (R<sub>t</sub>/Π<sub>t</sub>),0.051
66,Human capital investment,Real interest rate (R<sub>t</sub>/Π<sub>t</sub>),0.048
67,Human capital investment,Real interest rate (R<sub>t</sub>/Π<sub>t</sub>),0.046
68,Human capital investment,Real interest rate (R<sub>t</sub>/Π<sub>t</sub>),0.044
69,Human capital investment,Real interest rate (R<sub>t</sub>/Π<sub>t</sub>),0.042
70,Human capital investment,Real interest rate (R<sub>t</sub>/Π<sub>t</sub>),0.04
71,Human capital investment,Real interest rate (R<sub>t</sub>/Π<sub>t</sub>),0.038
72,Human capital investment,Real interest rate (R<sub>t</sub>/Π<sub>t</sub>),0.036
73,Human capital investment,Real interest rate (R<sub>t</sub>/Π<sub>t</sub>),0.034
74,Human capital investment,Real interest rate (R<sub>t</sub>/Π<sub>t</sub>),0.032
75,Human capital investment,Real interest rate (R<sub>t</sub>/Π<sub>t</sub>),0.03
76,Human capital investment,Real interest rate (R<sub>t</sub>/Π<sub>t</sub>),0.028
77,Human capital investment,Real interest rate (R<sub>t</sub>/Π<sub>t</sub>),0.027
78,Human capital investment,Real interest rate (R<sub>t</sub>/Π<sub>t</sub>),0.025
79,Human capital investment,Real interest rate (R<sub>t</sub>/Π<sub>t</sub>),0.023
80,Human capital investment,Real interest rate (R<sub>t</sub>/Π<sub>t</sub>),0.021
81,Human capital investment,Real interest rate (R<sub>t</sub>/Π<sub>t</sub>),0.019
82,Human capital investment,Real interest rate (R<sub>t</sub>/Π<sub>t</sub>),0.018
83,Human capital investment,Real interest rate (R<sub>t</sub>/Π<sub>t</sub>),0.016
84,Human capital investment,Real interest rate (R<sub>t</sub>/Π<sub>t</sub>),0.015
85,Human capital investment,Real interest rate (R<sub>t</sub>/Π<sub>t</sub>),0.013
86,Human capital investment,Real interest rate (R<sub>t</sub>/Π<sub>t</sub>),0.011
87,Human capital investment,Real interest rate (R<sub>t</sub>/Π<sub>t</sub>),0.01
88,Human capital investment,Real interest rate (R<sub>t</sub>/Π<sub>t</sub>),0.008
89,Human capital investment,Real interest rate (R<sub>t</sub>/Π<sub>t</sub>),0.007
90,Human capital investment,Real interest rate (R<sub>t</sub>/Π<sub>t</sub>),0.006
91,Human capital investment,Real interest rate (R<sub>t</sub>/Π<sub>t</sub>),0.004
92,Human capital investment,Real interest rate (R<sub>t</sub>/Π<sub>t</sub>),0.003
93,Human capital investment,Real interest rate (R<sub>t</sub>/Π<sub>t</sub>),0.002
94,Human capital investment,Real interest rate (R<sub>t</sub>/Π<sub>t</sub>),0.0
95,Human capital investment,Real interest rate (R<sub>t</sub>/Π<sub>t</sub>),-0.001
96,Human capital investment,Real interest rate (R<sub>t</sub>/Π<sub>t</sub>),-0.002
97,Human capital investment,Real interest rate (R<sub>t</sub>/Π<sub>t</sub>),-0.003
98,Human capital investment,Real interest rate (R<sub>t</sub>/Π<sub>t</sub>),-0.004
99,Human capital investment,Real interest rate (R<sub>t</sub>/Π<sub>t</sub>),-0.005
100,Human capital investment,Real interest rate (R<sub>t</sub>/Π<sub>t</sub>),-0.006
1,R&D spending,Real interest rate (R<sub>t</sub>/Π<sub>t</sub>),-0.017
2,R&D spending,Real interest rate (R<sub>t</sub>/Π<sub>t</sub>),0.006
3,R&D spending,Real interest rate (R<sub>t</sub>/Π<sub>t</sub>),0.018
4,R&D spending,Real interest rate (R<sub>t</sub>/Π<sub>t</sub>),0.029
5,R&D spending,Real interest rate (R<sub>t</sub>/Π<sub>t</sub>),0.043
6,R&D spending,Real interest rate (R<sub>t</sub>/Π<sub>t</sub>),0.058
7,R&D spending,Real interest rate (R<sub>t</sub>/Π<sub>t</sub>),0.074
8,R&D spending,Real interest rate (R<sub>t</sub>/Π<sub>t</sub>),0.089
9,R&D spending,Real interest rate (R<sub>t</sub>/Π<sub>t</sub>),0.104
10,R&D spending,Real interest rate (R<sub>t</sub>/Π<sub>t</sub>),0.118
11,R&D spending,Real interest rate (R<sub>t</sub>/Π<sub>t</sub>),0.129
12,R&D spending,Real interest rate (R<sub>t</sub>/Π<sub>t</sub>),0.14
13,R&D spending,Real interest rate (R<sub>t</sub>/Π<sub>t</sub>),0.148
14,R&D spending,Real interest rate (R<sub>t</sub>/Π<sub>t</sub>),0.155
15,R&D spending,Real interest rate (R<sub>t</sub>/Π<sub>t</sub>),0.159
16,R&D spending,Real interest rate (R<sub>t</sub>/Π<sub>t</sub>),0.163
17,R&D spending,Real interest rate (R<sub>t</sub>/Π<sub>t</sub>),0.164
18,R&D spending,Real interest rate (R<sub>t</sub>/Π<sub>t</sub>),0.164
19,R&D spending,Real interest rate (R<sub>t</sub>/Π<sub>t</sub>),0.163
20,R&D spending,Real interest rate (R<sub>t</sub>/Π<sub>t</sub>),0.161
21,R&D spending,Real interest rate (R<sub>t</sub>/Π<sub>t</sub>),0.158
22,R&D spending,Real interest rate (R<sub>t</sub>/Π<sub>t</sub>),0.154
23,R&D spending,Real interest rate (R<sub>t</sub>/Π<sub>t</sub>),0.149
24,R&D spending,Real interest rate (R<sub>t</sub>/Π<sub>t</sub>),0.143
25,R&D spending,Real interest rate (R<sub>t</sub>/Π<sub>t</sub>),0.137
26,R&D spending,Real interest rate (R<sub>t</sub>/Π<sub>t</sub>),0.131
27,R&D spending,Real interest rate (R<sub>t</sub>/Π<sub>t</sub>),0.125
28,R&D spending,Real interest rate (R<sub>t</sub>/Π<sub>t</sub>),0.118
29,R&D spending,Real interest rate (R<sub>t</sub>/Π<sub>t</sub>),0.111
30,R&D spending,Real interest rate (R<sub>t</sub>/Π<sub>t</sub>),0.104
31,R&D spending,Real interest rate (R<sub>t</sub>/Π<sub>t</sub>),0.097
32,R&D spending,Real interest rate (R<sub>t</sub>/Π<sub>t</sub>),0.09
33,R&D spending,Real interest rate (R<sub>t</sub>/Π<sub>t</sub>),0.083
34,R&D spending,Real interest rate (R<sub>t</sub>/Π<sub>t</sub>),0.076
35,R&D spending,Real interest rate (R<sub>t</sub>/Π<sub>t</sub>),0.07
36,R&D spending,Real interest rate (R<sub>t</sub>/Π<sub>t</sub>),0.063
37,R&D spending,Real interest rate (R<sub>t</sub>/Π<sub>t</sub>),0.057
38,R&D spending,Real interest rate (R<sub>t</sub>/Π<sub>t</sub>),0.051
39,R&D spending,Real interest rate (R<sub>t</sub>/Π<sub>t</sub>),0.045
40,R&D spending,Real interest rate (R<sub>t</sub>/Π<sub>t</sub>),0.04
41,R&D spending,Real interest rate (R<sub>t</sub>/Π<sub>t</sub>),0.034
42,R&D spending,Real interest rate (R<sub>t</sub>/Π<sub>t</sub>),0.029
43,R&D spending,Real interest rate (R<sub>t</sub>/Π<sub>t</sub>),0.025
44,R&D spending,Real interest rate (R<sub>t</sub>/Π<sub>t</sub>),0.02
45,R&D spending,Real interest rate (R<sub>t</sub>/Π<sub>t</sub>),0.016
46,R&D spending,Real interest rate (R<sub>t</sub>/Π<sub>t</sub>),0.012
47,R&D spending,Real interest rate (R<sub>t</sub>/Π<sub>t</sub>),0.008
48,R&D spending,Real interest rate (R<sub>t</sub>/Π<sub>t</sub>),0.004
49,R&D spending,Real interest rate (R<sub>t</sub>/Π<sub>t</sub>),0.001
50,R&D spending,Real interest rate (R<sub>t</sub>/Π<sub>t</sub>),-0.002
51,R&D spending,Real interest rate (R<sub>t</sub>/Π<sub>t</sub>),-0.005
52,R&D spending,Real interest rate (R<sub>t</sub>/Π<sub>t</sub>),-0.008
53,R&D spending,Real interest rate (R<sub>t</sub>/Π<sub>t</sub>),-0.01
54,R&D spending,Real interest rate (R<sub>t</sub>/Π<sub>t</sub>),-0.013
55,R&D spending,Real interest rate (R<sub>t</sub>/Π<sub>t</sub>),-0.015
56,R&D spending,Real interest rate (R<sub>t</sub>/Π<sub>t</sub>),-0.017
57,R&D spending,Real interest rate (R<sub>t</sub>/Π<sub>t</sub>),-0.019
58,R&D spending,Real interest rate (R<sub>t</sub>/Π<sub>t</sub>),-0.02
59,R&D spending,Real interest rate (R<sub>t</sub>/Π<sub>t</sub>),-0.022
60,R&D spending,Real interest rate (R<sub>t</sub>/Π<sub>t</sub>),-0.023
61,R&D spending,Real interest rate (R<sub>t</sub>/Π<sub>t</sub>),-0.025
62,R&D spending,Real interest rate (R<sub>t</sub>/Π<sub>t</sub>),-0.026
63,R&D spending,Real interest rate (R<sub>t</sub>/Π<sub>t</sub>),-0.027
64,R&D spending,Real interest rate (R<sub>t</sub>/Π<sub>t</sub>),-0.028
65,R&D spending,Real interest rate (R<sub>t</sub>/Π<sub>t</sub>),-0.029
66,R&D spending,Real interest rate (R<sub>t</sub>/Π<sub>t</sub>),-0.029
67,R&D spending,Real interest rate (R<sub>t</sub>/Π<sub>t</sub>),-0.03
68,R&D spending,Real interest rate (R<sub>t</sub>/Π<sub>t</sub>),-0.03
69,R&D spending,Real interest rate (R<sub>t</sub>/Π<sub>t</sub>),-0.031
70,R&D spending,Real interest rate (R<sub>t</sub>/Π<sub>t</sub>),-0.031
71,R&D spending,Real interest rate (R<sub>t</sub>/Π<sub>t</sub>),-0.032
72,R&D spending,Real interest rate (R<sub>t</sub>/Π<sub>t</sub>),-0.032
73,R&D spending,Real interest rate (R<sub>t</sub>/Π<sub>t</sub>),-0.032
74,R&D spending,Real interest rate (R<sub>t</sub>/Π<sub>t</sub>),-0.032
75,R&D spending,Real interest rate (R<sub>t</sub>/Π<sub>t</sub>),-0.033
76,R&D spending,Real interest rate (R<sub>t</sub>/Π<sub>t</sub>),-0.033
77,R&D spending,Real interest rate (R<sub>t</sub>/Π<sub>t</sub>),-0.033
78,R&D spending,Real interest rate (R<sub>t</sub>/Π<sub>t</sub>),-0.033
79,R&D spending,Real interest rate (R<sub>t</sub>/Π<sub>t</sub>),-0.033
80,R&D spending,Real interest rate (R<sub>t</sub>/Π<sub>t</sub>),-0.033
81,R&D spending,Real interest rate (R<sub>t</sub>/Π<sub>t</sub>),-0.033
82,R&D spending,Real interest rate (R<sub>t</sub>/Π<sub>t</sub>),-0.032
83,R&D spending,Real interest rate (R<sub>t</sub>/Π<sub>t</sub>),-0.032
84,R&D spending,Real interest rate (R<sub>t</sub>/Π<sub>t</sub>),-0.032
85,R&D spending,Real interest rate (R<sub>t</sub>/Π<sub>t</sub>),-0.032
86,R&D spending,Real interest rate (R<sub>t</sub>/Π<sub>t</sub>),-0.032
87,R&D spending,Real interest rate (R<sub>t</sub>/Π<sub>t</sub>),-0.031
88,R&D spending,Real interest rate (R<sub>t</sub>/Π<sub>t</sub>),-0.031
89,R&D spending,Real interest rate (R<sub>t</sub>/Π<sub>t</sub>),-0.031
90,R&D spending,Real interest rate (R<sub>t</sub>/Π<sub>t</sub>),-0.031
91,R&D spending,Real interest rate (R<sub>t</sub>/Π<sub>t</sub>),-0.03
92,R&D spending,Real interest rate (R<sub>t</sub>/Π<sub>t</sub>),-0.03
93,R&D spending,Real interest rate (R<sub>t</sub>/Π<sub>t</sub>),-0.03
94,R&D spending,Real interest rate (R<sub>t</sub>/Π<sub>t</sub>),-0.03
95,R&D spending,Real interest rate (R<sub>t</sub>/Π<sub>t</sub>),-0.029
96,R&D spending,Real interest rate (R<sub>t</sub>/Π<sub>t</sub>),-0.029
97,R&D spending,Real interest rate (R<sub>t</sub>/Π<sub>t</sub>),-0.029
98,R&D spending,Real interest rate (R<sub>t</sub>/Π<sub>t</sub>),-0.028
99,R&D spending,Real interest rate (R<sub>t</sub>/Π<sub>t</sub>),-0.028
100,R&D spending,Real interest rate (R<sub>t</sub>/Π<sub>t</sub>),-0.028
1,Government consumption,Primary deficit-to-GDP ratio,0.904
2,Government consumption,Primary deficit-to-GDP ratio,0.916
3,Government consumption,Primary deficit-to-GDP ratio,0.826
4,Government consumption,Primary deficit-to-GDP ratio,0.749
5,Government consumption,Primary deficit-to-GDP ratio,0.68
6,Government consumption,Primary deficit-to-GDP ratio,0.617
7,Government consumption,Primary deficit-to-GDP ratio,0.561
8,Government consumption,Primary deficit-to-GDP ratio,0.511
9,Government consumption,Primary deficit-to-GDP ratio,0.466
10,Government consumption,Primary deficit-to-GDP ratio,0.425
11,Government consumption,Primary deficit-to-GDP ratio,0.388
12,Government consumption,Primary deficit-to-GDP ratio,0.354
13,Government consumption,Primary deficit-to-GDP ratio,0.324
14,Government consumption,Primary deficit-to-GDP ratio,0.297
15,Government consumption,Primary deficit-to-GDP ratio,0.272
16,Government consumption,Primary deficit-to-GDP ratio,0.25
17,Government consumption,Primary deficit-to-GDP ratio,0.23
18,Government consumption,Primary deficit-to-GDP ratio,0.212
19,Government consumption,Primary deficit-to-GDP ratio,0.196
20,Government consumption,Primary deficit-to-GDP ratio,0.181
21,Government consumption,Primary deficit-to-GDP ratio,0.168
22,Government consumption,Primary deficit-to-GDP ratio,0.155
23,Government consumption,Primary deficit-to-GDP ratio,0.145
24,Government consumption,Primary deficit-to-GDP ratio,0.135
25,Government consumption,Primary deficit-to-GDP ratio,0.126
26,Government consumption,Primary deficit-to-GDP ratio,0.118
27,Government consumption,Primary deficit-to-GDP ratio,0.11
28,Government consumption,Primary deficit-to-GDP ratio,0.103
29,Government consumption,Primary deficit-to-GDP ratio,0.097
30,Government consumption,Primary deficit-to-GDP ratio,0.092
31,Government consumption,Primary deficit-to-GDP ratio,0.087
32,Government consumption,Primary deficit-to-GDP ratio,0.082
33,Government consumption,Primary deficit-to-GDP ratio,0.078
34,Government consumption,Primary deficit-to-GDP ratio,0.074
35,Government consumption,Primary deficit-to-GDP ratio,0.071
36,Government consumption,Primary deficit-to-GDP ratio,0.068
37,Government consumption,Primary deficit-to-GDP ratio,0.065
38,Government consumption,Primary deficit-to-GDP ratio,0.062
39,Government consumption,Primary deficit-to-GDP ratio,0.06
40,Government consumption,Primary deficit-to-GDP ratio,0.057
41,Government consumption,Primary deficit-to-GDP ratio,0.055
42,Government consumption,Primary deficit-to-GDP ratio,0.053
43,Government consumption,Primary deficit-to-GDP ratio,0.052
44,Government consumption,Primary deficit-to-GDP ratio,0.05
45,Government consumption,Primary deficit-to-GDP ratio,0.048
46,Government consumption,Primary deficit-to-GDP ratio,0.047
47,Government consumption,Primary deficit-to-GDP ratio,0.046
48,Government consumption,Primary deficit-to-GDP ratio,0.044
49,Government consumption,Primary deficit-to-GDP ratio,0.043
50,Government consumption,Primary deficit-to-GDP ratio,0.042
51,Government consumption,Primary deficit-to-GDP ratio,0.041
52,Government consumption,Primary deficit-to-GDP ratio,0.04
53,Government consumption,Primary deficit-to-GDP ratio,0.039
54,Government consumption,Primary deficit-to-GDP ratio,0.039
55,Government consumption,Primary deficit-to-GDP ratio,0.038
56,Government consumption,Primary deficit-to-GDP ratio,0.037
57,Government consumption,Primary deficit-to-GDP ratio,0.036
58,Government consumption,Primary deficit-to-GDP ratio,0.036
59,Government consumption,Primary deficit-to-GDP ratio,0.035
60,Government consumption,Primary deficit-to-GDP ratio,0.034
61,Government consumption,Primary deficit-to-GDP ratio,0.034
62,Government consumption,Primary deficit-to-GDP ratio,0.033
63,Government consumption,Primary deficit-to-GDP ratio,0.033
64,Government consumption,Primary deficit-to-GDP ratio,0.032
65,Government consumption,Primary deficit-to-GDP ratio,0.032
66,Government consumption,Primary deficit-to-GDP ratio,0.031
67,Government consumption,Primary deficit-to-GDP ratio,0.031
68,Government consumption,Primary deficit-to-GDP ratio,0.03
69,Government consumption,Primary deficit-to-GDP ratio,0.03
70,Government consumption,Primary deficit-to-GDP ratio,0.029
71,Government consumption,Primary deficit-to-GDP ratio,0.029
72,Government consumption,Primary deficit-to-GDP ratio,0.029
73,Government consumption,Primary deficit-to-GDP ratio,0.028
74,Government consumption,Primary deficit-to-GDP ratio,0.028
75,Government consumption,Primary deficit-to-GDP ratio,0.027
76,Government consumption,Primary deficit-to-GDP ratio,0.027
77,Government consumption,Primary deficit-to-GDP ratio,0.027
78,Government consumption,Primary deficit-to-GDP ratio,0.026
79,Government consumption,Primary deficit-to-GDP ratio,0.026
80,Government consumption,Primary deficit-to-GDP ratio,0.026
81,Government consumption,Primary deficit-to-GDP ratio,0.025
82,Government consumption,Primary deficit-to-GDP ratio,0.025
83,Government consumption,Primary deficit-to-GDP ratio,0.025
84,Government consumption,Primary deficit-to-GDP ratio,0.024
85,Government consumption,Primary deficit-to-GDP ratio,0.024
86,Government consumption,Primary deficit-to-GDP ratio,0.024
87,Government consumption,Primary deficit-to-GDP ratio,0.023
88,Government consumption,Primary deficit-to-GDP ratio,0.023
89,Government consumption,Primary deficit-to-GDP ratio,0.023
90,Government consumption,Primary deficit-to-GDP ratio,0.022
91,Government consumption,Primary deficit-to-GDP ratio,0.022
92,Government consumption,Primary deficit-to-GDP ratio,0.022
93,Government consumption,Primary deficit-to-GDP ratio,0.022
94,Government consumption,Primary deficit-to-GDP ratio,0.021
95,Government consumption,Primary deficit-to-GDP ratio,0.021
96,Government consumption,Primary deficit-to-GDP ratio,0.021
97,Government consumption,Primary deficit-to-GDP ratio,0.021
98,Government consumption,Primary deficit-to-GDP ratio,0.02
99,Government consumption,Primary deficit-to-GDP ratio,0.02
100,Government consumption,Primary deficit-to-GDP ratio,0.02
1,Infrastructure investment,Primary deficit-to-GDP ratio,0.838
2,Infrastructure investment,Primary deficit-to-GDP ratio,0.905
3,Infrastructure investment,Primary deficit-to-GDP ratio,0.802
4,Infrastructure investment,Primary deficit-to-GDP ratio,0.713
5,Infrastructure investment,Primary deficit-to-GDP ratio,0.634
6,Infrastructure investment,Primary deficit-to-GDP ratio,0.562
7,Infrastructure investment,Primary deficit-to-GDP ratio,0.499
8,Infrastructure investment,Primary deficit-to-GDP ratio,0.441
9,Infrastructure investment,Primary deficit-to-GDP ratio,0.389
10,Infrastructure investment,Primary deficit-to-GDP ratio,0.343
11,Infrastructure investment,Primary deficit-to-GDP ratio,0.301
12,Infrastructure investment,Primary deficit-to-GDP ratio,0.263
13,Infrastructure investment,Primary deficit-to-GDP ratio,0.229
14,Infrastructure investment,Primary deficit-to-GDP ratio,0.198
15,Infrastructure investment,Primary deficit-to-GDP ratio,0.17
16,Infrastructure investment,Primary deficit-to-GDP ratio,0.145
17,Infrastructure investment,Primary deficit-to-GDP ratio,0.123
18,Infrastructure investment,Primary deficit-to-GDP ratio,0.103
19,Infrastructure investment,Primary deficit-to-GDP ratio,0.084
20,Infrastructure investment,Primary deficit-to-GDP ratio,0.068
21,Infrastructure investment,Primary deficit-to-GDP ratio,0.053
22,Infrastructure investment,Primary deficit-to-GDP ratio,0.04
23,Infrastructure investment,Primary deficit-to-GDP ratio,0.028
24,Infrastructure investment,Primary deficit-to-GDP ratio,0.018
25,Infrastructure investment,Primary deficit-to-GDP ratio,0.008
26,Infrastructure investment,Primary deficit-to-GDP ratio,-0.0
27,Infrastructure investment,Primary deficit-to-GDP ratio,-0.008
28,Infrastructure investment,Primary deficit-to-GDP ratio,-0.015
29,Infrastructure investment,Primary deficit-to-GDP ratio,-0.021
30,Infrastructure investment,Primary deficit-to-GDP ratio,-0.027
31,Infrastructure investment,Primary deficit-to-GDP ratio,-0.031
32,Infrastructure investment,Primary deficit-to-GDP ratio,-0.036
33,Infrastructure investment,Primary deficit-to-GDP ratio,-0.04
34,Infrastructure investment,Primary deficit-to-GDP ratio,-0.043
35,Infrastructure investment,Primary deficit-to-GDP ratio,-0.046
36,Infrastructure investment,Primary deficit-to-GDP ratio,-0.049
37,Infrastructure investment,Primary deficit-to-GDP ratio,-0.051
38,Infrastructure investment,Primary deficit-to-GDP ratio,-0.053
39,Infrastructure investment,Primary deficit-to-GDP ratio,-0.055
40,Infrastructure investment,Primary deficit-to-GDP ratio,-0.056
41,Infrastructure investment,Primary deficit-to-GDP ratio,-0.058
42,Infrastructure investment,Primary deficit-to-GDP ratio,-0.059
43,Infrastructure investment,Primary deficit-to-GDP ratio,-0.06
44,Infrastructure investment,Primary deficit-to-GDP ratio,-0.061
45,Infrastructure investment,Primary deficit-to-GDP ratio,-0.061
46,Infrastructure investment,Primary deficit-to-GDP ratio,-0.062
47,Infrastructure investment,Primary deficit-to-GDP ratio,-0.062
48,Infrastructure investment,Primary deficit-to-GDP ratio,-0.062
49,Infrastructure investment,Primary deficit-to-GDP ratio,-0.063
50,Infrastructure investment,Primary deficit-to-GDP ratio,-0.063
51,Infrastructure investment,Primary deficit-to-GDP ratio,-0.063
52,Infrastructure investment,Primary deficit-to-GDP ratio,-0.063
53,Infrastructure investment,Primary deficit-to-GDP ratio,-0.063
54,Infrastructure investment,Primary deficit-to-GDP ratio,-0.063
55,Infrastructure investment,Primary deficit-to-GDP ratio,-0.062
56,Infrastructure investment,Primary deficit-to-GDP ratio,-0.062
57,Infrastructure investment,Primary deficit-to-GDP ratio,-0.062
58,Infrastructure investment,Primary deficit-to-GDP ratio,-0.061
59,Infrastructure investment,Primary deficit-to-GDP ratio,-0.061
60,Infrastructure investment,Primary deficit-to-GDP ratio,-0.061
61,Infrastructure investment,Primary deficit-to-GDP ratio,-0.06
62,Infrastructure investment,Primary deficit-to-GDP ratio,-0.06
63,Infrastructure investment,Primary deficit-to-GDP ratio,-0.059
64,Infrastructure investment,Primary deficit-to-GDP ratio,-0.059
65,Infrastructure investment,Primary deficit-to-GDP ratio,-0.059
66,Infrastructure investment,Primary deficit-to-GDP ratio,-0.058
67,Infrastructure investment,Primary deficit-to-GDP ratio,-0.058
68,Infrastructure investment,Primary deficit-to-GDP ratio,-0.057
69,Infrastructure investment,Primary deficit-to-GDP ratio,-0.056
70,Infrastructure investment,Primary deficit-to-GDP ratio,-0.056
71,Infrastructure investment,Primary deficit-to-GDP ratio,-0.055
72,Infrastructure investment,Primary deficit-to-GDP ratio,-0.055
73,Infrastructure investment,Primary deficit-to-GDP ratio,-0.054
74,Infrastructure investment,Primary deficit-to-GDP ratio,-0.054
75,Infrastructure investment,Primary deficit-to-GDP ratio,-0.053
76,Infrastructure investment,Primary deficit-to-GDP ratio,-0.053
77,Infrastructure investment,Primary deficit-to-GDP ratio,-0.052
78,Infrastructure investment,Primary deficit-to-GDP ratio,-0.052
79,Infrastructure investment,Primary deficit-to-GDP ratio,-0.051
80,Infrastructure investment,Primary deficit-to-GDP ratio,-0.05
81,Infrastructure investment,Primary deficit-to-GDP ratio,-0.05
82,Infrastructure investment,Primary deficit-to-GDP ratio,-0.049
83,Infrastructure investment,Primary deficit-to-GDP ratio,-0.049
84,Infrastructure investment,Primary deficit-to-GDP ratio,-0.048
85,Infrastructure investment,Primary deficit-to-GDP ratio,-0.048
86,Infrastructure investment,Primary deficit-to-GDP ratio,-0.047
87,Infrastructure investment,Primary deficit-to-GDP ratio,-0.047
88,Infrastructure investment,Primary deficit-to-GDP ratio,-0.046
89,Infrastructure investment,Primary deficit-to-GDP ratio,-0.045
90,Infrastructure investment,Primary deficit-to-GDP ratio,-0.045
91,Infrastructure investment,Primary deficit-to-GDP ratio,-0.044
92,Infrastructure investment,Primary deficit-to-GDP ratio,-0.044
93,Infrastructure investment,Primary deficit-to-GDP ratio,-0.043
94,Infrastructure investment,Primary deficit-to-GDP ratio,-0.043
95,Infrastructure investment,Primary deficit-to-GDP ratio,-0.042
96,Infrastructure investment,Primary deficit-to-GDP ratio,-0.042
97,Infrastructure investment,Primary deficit-to-GDP ratio,-0.041
98,Infrastructure investment,Primary deficit-to-GDP ratio,-0.041
99,Infrastructure investment,Primary deficit-to-GDP ratio,-0.04
100,Infrastructure investment,Primary deficit-to-GDP ratio,-0.04
1,Human capital investment,Primary deficit-to-GDP ratio,0.831
2,Human capital investment,Primary deficit-to-GDP ratio,0.891
3,Human capital investment,Primary deficit-to-GDP ratio,0.813
4,Human capital investment,Primary deficit-to-GDP ratio,0.746
5,Human capital investment,Primary deficit-to-GDP ratio,0.686
6,Human capital investment,Primary deficit-to-GDP ratio,0.631
7,Human capital investment,Primary deficit-to-GDP ratio,0.58
8,Human capital investment,Primary deficit-to-GDP ratio,0.534
9,Human capital investment,Primary deficit-to-GDP ratio,0.491
10,Human capital investment,Primary deficit-to-GDP ratio,0.451
11,Human capital investment,Primary deficit-to-GDP ratio,0.414
12,Human capital investment,Primary deficit-to-GDP ratio,0.379
13,Human capital investment,Primary deficit-to-GDP ratio,0.347
14,Human capital investment,Primary deficit-to-GDP ratio,0.317
15,Human capital investment,Primary deficit-to-GDP ratio,0.29
16,Human capital investment,Primary deficit-to-GDP ratio,0.264
17,Human capital investment,Primary deficit-to-GDP ratio,0.239
18,Human capital investment,Primary deficit-to-GDP ratio,0.217
19,Human capital investment,Primary deficit-to-GDP ratio,0.195
20,Human capital investment,Primary deficit-to-GDP ratio,0.175
21,Human capital investment,Primary deficit-to-GDP ratio,0.156
22,Human capital investment,Primary deficit-to-GDP ratio,0.138
23,Human capital investment,Primary deficit-to-GDP ratio,0.121
24,Human capital investment,Primary deficit-to-GDP ratio,0.105
25,Human capital investment,Primary deficit-to-GDP ratio,0.09
26,Human capital investment,Primary deficit-to-GDP ratio,0.076
27,Human capital investment,Primary deficit-to-GDP ratio,0.062
28,Human capital investment,Primary deficit-to-GDP ratio,0.049
29,Human capital investment,Primary deficit-to-GDP ratio,0.037
30,Human capital investment,Primary deficit-to-GDP ratio,0.025
31,Human capital investment,Primary deficit-to-GDP ratio,0.014
32,Human capital investment,Primary deficit-to-GDP ratio,0.003
33,Human capital investment,Primary deficit-to-GDP ratio,-0.007
34,Human capital investment,Primary deficit-to-GDP ratio,-0.017
35,Human capital investment,Primary deficit-to-GDP ratio,-0.026
36,Human capital investment,Primary deficit-to-GDP ratio,-0.036
37,Human capital investment,Primary deficit-to-GDP ratio,-0.044
38,Human capital investment,Primary deficit-to-GDP ratio,-0.053
39,Human capital investment,Primary deficit-to-GDP ratio,-0.06
40,Human capital investment,Primary deficit-to-GDP ratio,-0.068
41,Human capital investment,Primary deficit-to-GDP ratio,-0.075
42,Human capital investment,Primary deficit-to-GDP ratio,-0.083
43,Human capital investment,Primary deficit-to-GDP ratio,-0.089
44,Human capital investment,Primary deficit-to-GDP ratio,-0.096
45,Human capital investment,Primary deficit-to-GDP ratio,-0.102
46,Human capital investment,Primary deficit-to-GDP ratio,-0.108
47,Human capital investment,Primary deficit-to-GDP ratio,-0.114
48,Human capital investment,Primary deficit-to-GDP ratio,-0.119
49,Human capital investment,Primary deficit-to-GDP ratio,-0.125
50,Human capital investment,Primary deficit-to-GDP ratio,-0.13
51,Human capital investment,Primary deficit-to-GDP ratio,-0.135
52,Human capital investment,Primary deficit-to-GDP ratio,-0.139
53,Human capital investment,Primary deficit-to-GDP ratio,-0.144
54,Human capital investment,Primary deficit-to-GDP ratio,-0.148
55,Human capital investment,Primary deficit-to-GDP ratio,-0.152
56,Human capital investment,Primary deficit-to-GDP ratio,-0.156
57,Human capital investment,Primary deficit-to-GDP ratio,-0.16
58,Human capital investment,Primary deficit-to-GDP ratio,-0.163
59,Human capital investment,Primary deficit-to-GDP ratio,-0.167
60,Human capital investment,Primary deficit-to-GDP ratio,-0.17
61,Human capital investment,Primary deficit-to-GDP ratio,-0.173
62,Human capital investment,Primary deficit-to-GDP ratio,-0.176
63,Human capital investment,Primary deficit-to-GDP ratio,-0.179
64,Human capital investment,Primary deficit-to-GDP ratio,-0.181
65,Human capital investment,Primary deficit-to-GDP ratio,-0.184
66,Human capital investment,Primary deficit-to-GDP ratio,-0.186
67,Human capital investment,Primary deficit-to-GDP ratio,-0.189
68,Human capital investment,Primary deficit-to-GDP ratio,-0.191
69,Human capital investment,Primary deficit-to-GDP ratio,-0.193
70,Human capital investment,Primary deficit-to-GDP ratio,-0.194
71,Human capital investment,Primary deficit-to-GDP ratio,-0.196
72,Human capital investment,Primary deficit-to-GDP ratio,-0.198
73,Human capital investment,Primary deficit-to-GDP ratio,-0.199
74,Human capital investment,Primary deficit-to-GDP ratio,-0.201
75,Human capital investment,Primary deficit-to-GDP ratio,-0.202
76,Human capital investment,Primary deficit-to-GDP ratio,-0.203
77,Human capital investment,Primary deficit-to-GDP ratio,-0.204
78,Human capital investment,Primary deficit-to-GDP ratio,-0.205
79,Human capital investment,Primary deficit-to-GDP ratio,-0.206
80,Human capital investment,Primary deficit-to-GDP ratio,-0.207
81,Human capital investment,Primary deficit-to-GDP ratio,-0.208
82,Human capital investment,Primary deficit-to-GDP ratio,-0.208
83,Human capital investment,Primary deficit-to-GDP ratio,-0.209
84,Human capital investment,Primary deficit-to-GDP ratio,-0.209
85,Human capital investment,Primary deficit-to-GDP ratio,-0.21
86,Human capital investment,Primary deficit-to-GDP ratio,-0.21
87,Human capital investment,Primary deficit-to-GDP ratio,-0.21
88,Human capital investment,Primary deficit-to-GDP ratio,-0.21
89,Human capital investment,Primary deficit-to-GDP ratio,-0.21
90,Human capital investment,Primary deficit-to-GDP ratio,-0.21
91,Human capital investment,Primary deficit-to-GDP ratio,-0.21
92,Human capital investment,Primary deficit-to-GDP ratio,-0.21
93,Human capital investment,Primary deficit-to-GDP ratio,-0.21
94,Human capital investment,Primary deficit-to-GDP ratio,-0.21
95,Human capital investment,Primary deficit-to-GDP ratio,-0.209
96,Human capital investment,Primary deficit-to-GDP ratio,-0.209
97,Human capital investment,Primary deficit-to-GDP ratio,-0.209
98,Human capital investment,Primary deficit-to-GDP ratio,-0.208
99,Human capital investment,Primary deficit-to-GDP ratio,-0.208
100,Human capital investment,Primary deficit-to-GDP ratio,-0.207
1,R&D spending,Primary deficit-to-GDP ratio,0.83
2,R&D spending,Primary deficit-to-GDP ratio,0.938
3,R&D spending,Primary deficit-to-GDP ratio,0.852
4,R&D spending,Primary deficit-to-GDP ratio,0.774
5,R&D spending,Primary deficit-to-GDP ratio,0.7
6,R&D spending,Primary deficit-to-GDP ratio,0.63
7,R&D spending,Primary deficit-to-GDP ratio,0.564
8,R&D spending,Primary deficit-to-GDP ratio,0.502
9,R&D spending,Primary deficit-to-GDP ratio,0.443
10,R&D spending,Primary deficit-to-GDP ratio,0.388
11,R&D spending,Primary deficit-to-GDP ratio,0.337
12,R&D spending,Primary deficit-to-GDP ratio,0.289
13,R&D spending,Primary deficit-to-GDP ratio,0.246
14,R&D spending,Primary deficit-to-GDP ratio,0.205
15,R&D spending,Primary deficit-to-GDP ratio,0.168
16,R&D spending,Primary deficit-to-GDP ratio,0.133
17,R&D spending,Primary deficit-to-GDP ratio,0.102
18,R&D spending,Primary deficit-to-GDP ratio,0.073
19,R&D spending,Primary deficit-to-GDP ratio,0.047
20,R&D spending,Primary deficit-to-GDP ratio,0.023
21,R&D spending,Primary deficit-to-GDP ratio,0.001
22,R&D spending,Primary deficit-to-GDP ratio,-0.019
23,R&D spending,Primary deficit-to-GDP ratio,-0.037
24,R&D spending,Primary deficit-to-GDP ratio,-0.053
25,R&D spending,Primary deficit-to-GDP ratio,-0.067
26,R&D spending,Primary deficit-to-GDP ratio,-0.08
27,R&D spending,Primary deficit-to-GDP ratio,-0.092
28,R&D spending,Primary deficit-to-GDP ratio,-0.103
29,R&D spending,Primary deficit-to-GDP ratio,-0.112
30,R&D spending,Primary deficit-to-GDP ratio,-0.12
31,R&D spending,Primary deficit-to-GDP ratio,-0.128
32,R&D spending,Primary deficit-to-GDP ratio,-0.134
33,R&D spending,Primary deficit-to-GDP ratio,-0.14
34,R&D spending,Primary deficit-to-GDP ratio,-0.145
35,R&D spending,Primary deficit-to-GDP ratio,-0.149
36,R&D spending,Primary deficit-to-GDP ratio,-0.153
37,R&D spending,Primary deficit-to-GDP ratio,-0.156
38,R&D spending,Primary deficit-to-GDP ratio,-0.158
39,R&D spending,Primary deficit-to-GDP ratio,-0.16
40,R&D spending,Primary deficit-to-GDP ratio,-0.162
41,R&D spending,Primary deficit-to-GDP ratio,-0.163
42,R&D spending,Primary deficit-to-GDP ratio,-0.164
43,R&D spending,Primary deficit-to-GDP ratio,-0.165
44,R&D spending,Primary deficit-to-GDP ratio,-0.166
45,R&D spending,Primary deficit-to-GDP ratio,-0.166
46,R&D spending,Primary deficit-to-GDP ratio,-0.166
47,R&D spending,Primary deficit-to-GDP ratio,-0.165
48,R&D spending,Primary deficit-to-GDP ratio,-0.165
49,R&D spending,Primary deficit-to-GDP ratio,-0.164
50,R&D spending,Primary deficit-to-GDP ratio,-0.163
51,R&D spending,Primary deficit-to-GDP ratio,-0.163
52,R&D spending,Primary deficit-to-GDP ratio,-0.162
53,R&D spending,Primary deficit-to-GDP ratio,-0.16
54,R&D spending,Primary deficit-to-GDP ratio,-0.159
55,R&D spending,Primary deficit-to-GDP ratio,-0.158
56,R&D spending,Primary deficit-to-GDP ratio,-0.157
57,R&D spending,Primary deficit-to-GDP ratio,-0.155
58,R&D spending,Primary deficit-to-GDP ratio,-0.154
59,R&D spending,Primary deficit-to-GDP ratio,-0.152
60,R&D spending,Primary deficit-to-GDP ratio,-0.151
61,R&D spending,Primary deficit-to-GDP ratio,-0.149
62,R&D spending,Primary deficit-to-GDP ratio,-0.147
63,R&D spending,Primary deficit-to-GDP ratio,-0.146
64,R&D spending,Primary deficit-to-GDP ratio,-0.144
65,R&D spending,Primary deficit-to-GDP ratio,-0.142
66,R&D spending,Primary deficit-to-GDP ratio,-0.141
67,R&D spending,Primary deficit-to-GDP ratio,-0.139
68,R&D spending,Primary deficit-to-GDP ratio,-0.137
69,R&D spending,Primary deficit-to-GDP ratio,-0.136
70,R&D spending,Primary deficit-to-GDP ratio,-0.134
71,R&D spending,Primary deficit-to-GDP ratio,-0.132
72,R&D spending,Primary deficit-to-GDP ratio,-0.131
73,R&D spending,Primary deficit-to-GDP ratio,-0.129
74,R&D spending,Primary deficit-to-GDP ratio,-0.127
75,R&D spending,Primary deficit-to-GDP ratio,-0.126
76,R&D spending,Primary deficit-to-GDP ratio,-0.124
77,R&D spending,Primary deficit-to-GDP ratio,-0.122
78,R&D spending,Primary deficit-to-GDP ratio,-0.121
79,R&D spending,Primary deficit-to-GDP ratio,-0.119
80,R&D spending,Primary deficit-to-GDP ratio,-0.117
81,R&D spending,Primary deficit-to-GDP ratio,-0.116
82,R&D spending,Primary deficit-to-GDP ratio,-0.114
83,R&D spending,Primary deficit-to-GDP ratio,-0.113
84,R&D spending,Primary deficit-to-GDP ratio,-0.111
85,R&D spending,Primary deficit-to-GDP ratio,-0.11
86,R&D spending,Primary deficit-to-GDP ratio,-0.108
87,R&D spending,Primary deficit-to-GDP ratio,-0.107
88,R&D spending,Primary deficit-to-GDP ratio,-0.105
89,R&D spending,Primary deficit-to-GDP ratio,-0.104
90,R&D spending,Primary deficit-to-GDP ratio,-0.102
91,R&D spending,Primary deficit-to-GDP ratio,-0.101
92,R&D spending,Primary deficit-to-GDP ratio,-0.1
93,R&D spending,Primary deficit-to-GDP ratio,-0.098
94,R&D spending,Primary deficit-to-GDP ratio,-0.097
95,R&D spending,Primary deficit-to-GDP ratio,-0.096
96,R&D spending,Primary deficit-to-GDP ratio,-0.094
97,R&D spending,Primary deficit-to-GDP ratio,-0.093
98,R&D spending,Primary deficit-to-GDP ratio,-0.092
99,R&D spending,Primary deficit-to-GDP ratio,-0.09
100,R&D spending,Primary deficit-to-GDP ratio,-0.089
1,Government consumption,Transfers-to-GDP ratio,0.0
2,Government consumption,Transfers-to-GDP ratio,0.0
3,Government consumption,Transfers-to-GDP ratio,0.0
4,Government consumption,Transfers-to-GDP ratio,0.0
5,Government consumption,Transfers-to-GDP ratio,0.0
6,Government consumption,Transfers-to-GDP ratio,0.0
7,Government consumption,Transfers-to-GDP ratio,0.0
8,Government consumption,Transfers-to-GDP ratio,0.0
9,Government consumption,Transfers-to-GDP ratio,0.0
10,Government consumption,Transfers-to-GDP ratio,0.0
11,Government consumption,Transfers-to-GDP ratio,0.0
12,Government consumption,Transfers-to-GDP ratio,0.0
13,Government consumption,Transfers-to-GDP ratio,0.0
14,Government consumption,Transfers-to-GDP ratio,0.0
15,Government consumption,Transfers-to-GDP ratio,0.0
16,Government consumption,Transfers-to-GDP ratio,0.0
17,Government consumption,Transfers-to-GDP ratio,0.0
18,Government consumption,Transfers-to-GDP ratio,0.0
19,Government consumption,Transfers-to-GDP ratio,0.0
20,Government consumption,Transfers-to-GDP ratio,0.0
21,Government consumption,Transfers-to-GDP ratio,0.0
22,Government consumption,Transfers-to-GDP ratio,0.0
23,Government consumption,Transfers-to-GDP ratio,0.0
24,Government consumption,Transfers-to-GDP ratio,0.0
25,Government consumption,Transfers-to-GDP ratio,0.0
26,Government consumption,Transfers-to-GDP ratio,0.0
27,Government consumption,Transfers-to-GDP ratio,0.0
28,Government consumption,Transfers-to-GDP ratio,0.0
29,Government consumption,Transfers-to-GDP ratio,0.0
30,Government consumption,Transfers-to-GDP ratio,0.0
31,Government consumption,Transfers-to-GDP ratio,0.0
32,Government consumption,Transfers-to-GDP ratio,0.0
33,Government consumption,Transfers-to-GDP ratio,0.0
34,Government consumption,Transfers-to-GDP ratio,0.0
35,Government consumption,Transfers-to-GDP ratio,0.0
36,Government consumption,Transfers-to-GDP ratio,0.0
37,Government consumption,Transfers-to-GDP ratio,0.0
38,Government consumption,Transfers-to-GDP ratio,0.0
39,Government consumption,Transfers-to-GDP ratio,0.0
40,Government consumption,Transfers-to-GDP ratio,0.0
41,Government consumption,Transfers-to-GDP ratio,0.0
42,Government consumption,Transfers-to-GDP ratio,0.0
43,Government consumption,Transfers-to-GDP ratio,0.0
44,Government consumption,Transfers-to-GDP ratio,0.0
45,Government consumption,Transfers-to-GDP ratio,0.0
46,Government consumption,Transfers-to-GDP ratio,0.0
47,Government consumption,Transfers-to-GDP ratio,0.0
48,Government consumption,Transfers-to-GDP ratio,0.0
49,Government consumption,Transfers-to-GDP ratio,0.0
50,Government consumption,Transfers-to-GDP ratio,0.0
51,Government consumption,Transfers-to-GDP ratio,0.0
52,Government consumption,Transfers-to-GDP ratio,0.0
53,Government consumption,Transfers-to-GDP ratio,0.0
54,Government consumption,Transfers-to-GDP ratio,0.0
55,Government consumption,Transfers-to-GDP ratio,0.0
56,Government consumption,Transfers-to-GDP ratio,0.0
57,Government consumption,Transfers-to-GDP ratio,0.0
58,Government consumption,Transfers-to-GDP ratio,0.0
59,Government consumption,Transfers-to-GDP ratio,0.0
60,Government consumption,Transfers-to-GDP ratio,0.0
61,Government consumption,Transfers-to-GDP ratio,0.0
62,Government consumption,Transfers-to-GDP ratio,0.0
63,Government consumption,Transfers-to-GDP ratio,0.0
64,Government consumption,Transfers-to-GDP ratio,0.0
65,Government consumption,Transfers-to-GDP ratio,0.0
66,Government consumption,Transfers-to-GDP ratio,0.0
67,Government consumption,Transfers-to-GDP ratio,0.0
68,Government consumption,Transfers-to-GDP ratio,0.0
69,Government consumption,Transfers-to-GDP ratio,0.0
70,Government consumption,Transfers-to-GDP ratio,0.0
71,Government consumption,Transfers-to-GDP ratio,0.0
72,Government consumption,Transfers-to-GDP ratio,0.0
73,Government consumption,Transfers-to-GDP ratio,0.0
74,Government consumption,Transfers-to-GDP ratio,0.0
75,Government consumption,Transfers-to-GDP ratio,0.0
76,Government consumption,Transfers-to-GDP ratio,0.0
77,Government consumption,Transfers-to-GDP ratio,0.0
78,Government consumption,Transfers-to-GDP ratio,0.0
79,Government consumption,Transfers-to-GDP ratio,0.0
80,Government consumption,Transfers-to-GDP ratio,0.0
81,Government consumption,Transfers-to-GDP ratio,0.0
82,Government consumption,Transfers-to-GDP ratio,0.0
83,Government consumption,Transfers-to-GDP ratio,0.0
84,Government consumption,Transfers-to-GDP ratio,0.0
85,Government consumption,Transfers-to-GDP ratio,0.0
86,Government consumption,Transfers-to-GDP ratio,0.0
87,Government consumption,Transfers-to-GDP ratio,0.0
88,Government consumption,Transfers-to-GDP ratio,0.0
89,Government consumption,Transfers-to-GDP ratio,0.0
90,Government consumption,Transfers-to-GDP ratio,0.0
91,Government consumption,Transfers-to-GDP ratio,0.0
92,Government consumption,Transfers-to-GDP ratio,0.0
93,Government consumption,Transfers-to-GDP ratio,0.0
94,Government consumption,Transfers-to-GDP ratio,0.0
95,Government consumption,Transfers-to-GDP ratio,0.0
96,Government consumption,Transfers-to-GDP ratio,0.0
97,Government consumption,Transfers-to-GDP ratio,0.0
98,Government consumption,Transfers-to-GDP ratio,0.0
99,Government consumption,Transfers-to-GDP ratio,0.0
100,Government consumption,Transfers-to-GDP ratio,0.0
1,Infrastructure investment,Transfers-to-GDP ratio,0.0
2,Infrastructure investment,Transfers-to-GDP ratio,0.0
3,Infrastructure investment,Transfers-to-GDP ratio,0.0
4,Infrastructure investment,Transfers-to-GDP ratio,0.0
5,Infrastructure investment,Transfers-to-GDP ratio,0.0
6,Infrastructure investment,Transfers-to-GDP ratio,0.0
7,Infrastructure investment,Transfers-to-GDP ratio,0.0
8,Infrastructure investment,Transfers-to-GDP ratio,0.0
9,Infrastructure investment,Transfers-to-GDP ratio,0.0
10,Infrastructure investment,Transfers-to-GDP ratio,0.0
11,Infrastructure investment,Transfers-to-GDP ratio,0.0
12,Infrastructure investment,Transfers-to-GDP ratio,0.0
13,Infrastructure investment,Transfers-to-GDP ratio,0.0
14,Infrastructure investment,Transfers-to-GDP ratio,0.0
15,Infrastructure investment,Transfers-to-GDP ratio,0.0
16,Infrastructure investment,Transfers-to-GDP ratio,0.0
17,Infrastructure investment,Transfers-to-GDP ratio,0.0
18,Infrastructure investment,Transfers-to-GDP ratio,0.0
19,Infrastructure investment,Transfers-to-GDP ratio,0.0
20,Infrastructure investment,Transfers-to-GDP ratio,0.0
21,Infrastructure investment,Transfers-to-GDP ratio,0.0
22,Infrastructure investment,Transfers-to-GDP ratio,0.0
23,Infrastructure investment,Transfers-to-GDP ratio,0.0
24,Infrastructure investment,Transfers-to-GDP ratio,0.0
25,Infrastructure investment,Transfers-to-GDP ratio,0.0
26,Infrastructure investment,Transfers-to-GDP ratio,0.0
27,Infrastructure investment,Transfers-to-GDP ratio,0.0
28,Infrastructure investment,Transfers-to-GDP ratio,0.0
29,Infrastructure investment,Transfers-to-GDP ratio,0.0
30,Infrastructure investment,Transfers-to-GDP ratio,0.0
31,Infrastructure investment,Transfers-to-GDP ratio,0.0
32,Infrastructure investment,Transfers-to-GDP ratio,0.0
33,Infrastructure investment,Transfers-to-GDP ratio,0.0
34,Infrastructure investment,Transfers-to-GDP ratio,0.0
35,Infrastructure investment,Transfers-to-GDP ratio,0.0
36,Infrastructure investment,Transfers-to-GDP ratio,0.0
37,Infrastructure investment,Transfers-to-GDP ratio,0.0
38,Infrastructure investment,Transfers-to-GDP ratio,0.0
39,Infrastructure investment,Transfers-to-GDP ratio,0.0
40,Infrastructure investment,Transfers-to-GDP ratio,0.0
41,Infrastructure investment,Transfers-to-GDP ratio,0.0
42,Infrastructure investment,Transfers-to-GDP ratio,0.0
43,Infrastructure investment,Transfers-to-GDP ratio,0.0
44,Infrastructure investment,Transfers-to-GDP ratio,0.0
45,Infrastructure investment,Transfers-to-GDP ratio,0.0
46,Infrastructure investment,Transfers-to-GDP ratio,0.0
47,Infrastructure investment,Transfers-to-GDP ratio,0.0
48,Infrastructure investment,Transfers-to-GDP ratio,0.0
49,Infrastructure investment,Transfers-to-GDP ratio,0.0
50,Infrastructure investment,Transfers-to-GDP ratio,0.0
51,Infrastructure investment,Transfers-to-GDP ratio,0.0
52,Infrastructure investment,Transfers-to-GDP ratio,0.0
53,Infrastructure investment,Transfers-to-GDP ratio,0.0
54,Infrastructure investment,Transfers-to-GDP ratio,0.0
55,Infrastructure investment,Transfers-to-GDP ratio,0.0
56,Infrastructure investment,Transfers-to-GDP ratio,0.0
57,Infrastructure investment,Transfers-to-GDP ratio,0.0
58,Infrastructure investment,Transfers-to-GDP ratio,0.0
59,Infrastructure investment,Transfers-to-GDP ratio,0.0
60,Infrastructure investment,Transfers-to-GDP ratio,0.0
61,Infrastructure investment,Transfers-to-GDP ratio,0.0
62,Infrastructure investment,Transfers-to-GDP ratio,0.0
63,Infrastructure investment,Transfers-to-GDP ratio,0.0
64,Infrastructure investment,Transfers-to-GDP ratio,0.0
65,Infrastructure investment,Transfers-to-GDP ratio,0.0
66,Infrastructure investment,Transfers-to-GDP ratio,0.0
67,Infrastructure investment,Transfers-to-GDP ratio,0.0
68,Infrastructure investment,Transfers-to-GDP ratio,0.0
69,Infrastructure investment,Transfers-to-GDP ratio,0.0
70,Infrastructure investment,Transfers-to-GDP ratio,0.0
71,Infrastructure investment,Transfers-to-GDP ratio,0.0
72,Infrastructure investment,Transfers-to-GDP ratio,0.0
73,Infrastructure investment,Transfers-to-GDP ratio,0.0
74,Infrastructure investment,Transfers-to-GDP ratio,0.0
75,Infrastructure investment,Transfers-to-GDP ratio,0.0
76,Infrastructure investment,Transfers-to-GDP ratio,0.0
77,Infrastructure investment,Transfers-to-GDP ratio,0.0
78,Infrastructure investment,Transfers-to-GDP ratio,0.0
79,Infrastructure investment,Transfers-to-GDP ratio,0.0
80,Infrastructure investment,Transfers-to-GDP ratio,0.0
81,Infrastructure investment,Transfers-to-GDP ratio,0.0
82,Infrastructure investment,Transfers-to-GDP ratio,0.0
83,Infrastructure investment,Transfers-to-GDP ratio,0.0
84,Infrastructure investment,Transfers-to-GDP ratio,0.0
85,Infrastructure investment,Transfers-to-GDP ratio,0.0
86,Infrastructure investment,Transfers-to-GDP ratio,0.0
87,Infrastructure investment,Transfers-to-GDP ratio,0.0
88,Infrastructure investment,Transfers-to-GDP ratio,0.0
89,Infrastructure investment,Transfers-to-GDP ratio,0.0
90,Infrastructure investment,Transfers-to-GDP ratio,0.0
91,Infrastructure investment,Transfers-to-GDP ratio,0.0
92,Infrastructure investment,Transfers-to-GDP ratio,0.0
93,Infrastructure investment,Transfers-to-GDP ratio,0.0
94,Infrastructure investment,Transfers-to-GDP ratio,0.0
95,Infrastructure investment,Transfers-to-GDP ratio,0.0
96,Infrastructure investment,Transfers-to-GDP ratio,0.0
97,Infrastructure investment,Transfers-to-GDP ratio,0.0
98,Infrastructure investment,Transfers-to-GDP ratio,0.0
99,Infrastructure investment,Transfers-to-GDP ratio,0.0
100,Infrastructure investment,Transfers-to-GDP ratio,0.0
1,Human capital investment,Transfers-to-GDP ratio,0.0
2,Human capital investment,Transfers-to-GDP ratio,0.0
3,Human capital investment,Transfers-to-GDP ratio,0.0
4,Human capital investment,Transfers-to-GDP ratio,0.0
5,Human capital investment,Transfers-to-GDP ratio,0.0
6,Human capital investment,Transfers-to-GDP ratio,0.0
7,Human capital investment,Transfers-to-GDP ratio,0.0
8,Human capital investment,Transfers-to-GDP ratio,0.0
9,Human capital investment,Transfers-to-GDP ratio,0.0
10,Human capital investment,Transfers-to-GDP ratio,0.0
11,Human capital investment,Transfers-to-GDP ratio,0.0
12,Human capital investment,Transfers-to-GDP ratio,0.0
13,Human capital investment,Transfers-to-GDP ratio,0.0
14,Human capital investment,Transfers-to-GDP ratio,0.0
15,Human capital investment,Transfers-to-GDP ratio,0.0
16,Human capital investment,Transfers-to-GDP ratio,0.0
17,Human capital investment,Transfers-to-GDP ratio,0.0
18,Human capital investment,Transfers-to-GDP ratio,0.0
19,Human capital investment,Transfers-to-GDP ratio,0.0
20,Human capital investment,Transfers-to-GDP ratio,0.0
21,Human capital investment,Transfers-to-GDP ratio,0.0
22,Human capital investment,Transfers-to-GDP ratio,0.0
23,Human capital investment,Transfers-to-GDP ratio,0.0
24,Human capital investment,Transfers-to-GDP ratio,0.0
25,Human capital investment,Transfers-to-GDP ratio,0.0
26,Human capital investment,Transfers-to-GDP ratio,0.0
27,Human capital investment,Transfers-to-GDP ratio,0.0
28,Human capital investment,Transfers-to-GDP ratio,0.0
29,Human capital investment,Transfers-to-GDP ratio,0.0
30,Human capital investment,Transfers-to-GDP ratio,0.0
31,Human capital investment,Transfers-to-GDP ratio,0.0
32,Human capital investment,Transfers-to-GDP ratio,0.0
33,Human capital investment,Transfers-to-GDP ratio,0.0
34,Human capital investment,Transfers-to-GDP ratio,0.0
35,Human capital investment,Transfers-to-GDP ratio,0.0
36,Human capital investment,Transfers-to-GDP ratio,0.0
37,Human capital investment,Transfers-to-GDP ratio,0.0
38,Human capital investment,Transfers-to-GDP ratio,0.0
39,Human capital investment,Transfers-to-GDP ratio,0.0
40,Human capital investment,Transfers-to-GDP ratio,0.0
41,Human capital investment,Transfers-to-GDP ratio,0.0
42,Human capital investment,Transfers-to-GDP ratio,0.0
43,Human capital investment,Transfers-to-GDP ratio,0.0
44,Human capital investment,Transfers-to-GDP ratio,0.0
45,Human capital investment,Transfers-to-GDP ratio,0.0
46,Human capital investment,Transfers-to-GDP ratio,0.0
47,Human capital investment,Transfers-to-GDP ratio,0.0
48,Human capital investment,Transfers-to-GDP ratio,0.0
49,Human capital investment,Transfers-to-GDP ratio,0.0
50,Human capital investment,Transfers-to-GDP ratio,0.0
51,Human capital investment,Transfers-to-GDP ratio,0.0
52,Human capital investment,Transfers-to-GDP ratio,0.0
53,Human capital investment,Transfers-to-GDP ratio,0.0
54,Human capital investment,Transfers-to-GDP ratio,0.0
55,Human capital investment,Transfers-to-GDP ratio,0.0
56,Human capital investment,Transfers-to-GDP ratio,0.0
57,Human capital investment,Transfers-to-GDP ratio,0.0
58,Human capital investment,Transfers-to-GDP ratio,0.0
59,Human capital investment,Transfers-to-GDP ratio,0.0
60,Human capital investment,Transfers-to-GDP ratio,0.0
61,Human capital investment,Transfers-to-GDP ratio,0.0
62,Human capital investment,Transfers-to-GDP ratio,0.0
63,Human capital investment,Transfers-to-GDP ratio,0.0
64,Human capital investment,Transfers-to-GDP ratio,0.0
65,Human capital investment,Transfers-to-GDP ratio,0.0
66,Human capital investment,Transfers-to-GDP ratio,0.0
67,Human capital investment,Transfers-to-GDP ratio,0.0
68,Human capital investment,Transfers-to-GDP ratio,0.0
69,Human capital investment,Transfers-to-GDP ratio,0.0
70,Human capital investment,Transfers-to-GDP ratio,0.0
71,Human capital investment,Transfers-to-GDP ratio,0.0
72,Human capital investment,Transfers-to-GDP ratio,0.0
73,Human capital investment,Transfers-to-GDP ratio,0.0
74,Human capital investment,Transfers-to-GDP ratio,0.0
75,Human capital investment,Transfers-to-GDP ratio,0.0
76,Human capital investment,Transfers-to-GDP ratio,0.0
77,Human capital investment,Transfers-to-GDP ratio,0.0
78,Human capital investment,Transfers-to-GDP ratio,0.0
79,Human capital investment,Transfers-to-GDP ratio,0.0
80,Human capital investment,Transfers-to-GDP ratio,0.0
81,Human capital investment,Transfers-to-GDP ratio,0.0
82,Human capital investment,Transfers-to-GDP ratio,0.0
83,Human capital investment,Transfers-to-GDP ratio,0.0
84,Human capital investment,Transfers-to-GDP ratio,0.0
85,Human capital investment,Transfers-to-GDP ratio,0.0
86,Human capital investment,Transfers-to-GDP ratio,0.0
87,Human capital investment,Transfers-to-GDP ratio,0.0
88,Human capital investment,Transfers-to-GDP ratio,0.0
89,Human capital investment,Transfers-to-GDP ratio,0.0
90,Human capital investment,Transfers-to-GDP ratio,0.0
91,Human capital investment,Transfers-to-GDP ratio,0.0
92,Human capital investment,Transfers-to-GDP ratio,0.0
93,Human capital investment,Transfers-to-GDP ratio,0.0
94,Human capital investment,Transfers-to-GDP ratio,0.0
95,Human capital investment,Transfers-to-GDP ratio,0.0
96,Human capital investment,Transfers-to-GDP ratio,0.0
97,Human capital investment,Transfers-to-GDP ratio,0.0
98,Human capital investment,Transfers-to-GDP ratio,0.0
99,Human capital investment,Transfers-to-GDP ratio,0.0
100,Human capital investment,Transfers-to-GDP ratio,0.0
1,R&D spending,Transfers-to-GDP ratio,0.0
2,R&D spending,Transfers-to-GDP ratio,0.0
3,R&D spending,Transfers-to-GDP ratio,0.0
4,R&D spending,Transfers-to-GDP ratio,0.0
5,R&D spending,Transfers-to-GDP ratio,0.0
6,R&D spending,Transfers-to-GDP ratio,0.0
7,R&D spending,Transfers-to-GDP ratio,0.0
8,R&D spending,Transfers-to-GDP ratio,0.0
9,R&D spending,Transfers-to-GDP ratio,0.0
10,R&D spending,Transfers-to-GDP ratio,0.0
11,R&D spending,Transfers-to-GDP ratio,0.0
12,R&D spending,Transfers-to-GDP ratio,0.0
13,R&D spending,Transfers-to-GDP ratio,0.0
14,R&D spending,Transfers-to-GDP ratio,0.0
15,R&D spending,Transfers-to-GDP ratio,0.0
16,R&D spending,Transfers-to-GDP ratio,0.0
17,R&D spending,Transfers-to-GDP ratio,0.0
18,R&D spending,Transfers-to-GDP ratio,0.0
19,R&D spending,Transfers-to-GDP ratio,0.0
20,R&D spending,Transfers-to-GDP ratio,0.0
21,R&D spending,Transfers-to-GDP ratio,0.0
22,R&D spending,Transfers-to-GDP ratio,0.0
23,R&D spending,Transfers-to-GDP ratio,0.0
24,R&D spending,Transfers-to-GDP ratio,0.0
25,R&D spending,Transfers-to-GDP ratio,0.0
26,R&D spending,Transfers-to-GDP ratio,0.0
27,R&D spending,Transfers-to-GDP ratio,0.0
28,R&D spending,Transfers-to-GDP ratio,0.0
29,R&D spending,Transfers-to-GDP ratio,0.0
30,R&D spending,Transfers-to-GDP ratio,0.0
31,R&D spending,Transfers-to-GDP ratio,0.0
32,R&D spending,Transfers-to-GDP ratio,0.0
33,R&D spending,Transfers-to-GDP ratio,0.0
34,R&D spending,Transfers-to-GDP ratio,0.0
35,R&D spending,Transfers-to-GDP ratio,0.0
36,R&D spending,Transfers-to-GDP ratio,0.0
37,R&D spending,Transfers-to-GDP ratio,0.0
38,R&D spending,Transfers-to-GDP ratio,0.0
39,R&D spending,Transfers-to-GDP ratio,0.0
40,R&D spending,Transfers-to-GDP ratio,0.0
41,R&D spending,Transfers-to-GDP ratio,0.0
42,R&D spending,Transfers-to-GDP ratio,0.0
43,R&D spending,Transfers-to-GDP ratio,0.0
44,R&D spending,Transfers-to-GDP ratio,0.0
45,R&D spending,Transfers-to-GDP ratio,0.0
46,R&D spending,Transfers-to-GDP ratio,0.0
47,R&D spending,Transfers-to-GDP ratio,0.0
48,R&D spending,Transfers-to-GDP ratio,0.0
49,R&D spending,Transfers-to-GDP ratio,0.0
50,R&D spending,Transfers-to-GDP ratio,0.0
51,R&D spending,Transfers-to-GDP ratio,0.0
52,R&D spending,Transfers-to-GDP ratio,0.0
53,R&D spending,Transfers-to-GDP ratio,0.0
54,R&D spending,Transfers-to-GDP ratio,0.0
55,R&D spending,Transfers-to-GDP ratio,0.0
56,R&D spending,Transfers-to-GDP ratio,0.0
57,R&D spending,Transfers-to-GDP ratio,0.0
58,R&D spending,Transfers-to-GDP ratio,0.0
59,R&D spending,Transfers-to-GDP ratio,0.0
60,R&D spending,Transfers-to-GDP ratio,0.0
61,R&D spending,Transfers-to-GDP ratio,0.0
62,R&D spending,Transfers-to-GDP ratio,0.0
63,R&D spending,Transfers-to-GDP ratio,0.0
64,R&D spending,Transfers-to-GDP ratio,0.0
65,R&D spending,Transfers-to-GDP ratio,0.0
66,R&D spending,Transfers-to-GDP ratio,0.0
67,R&D spending,Transfers-to-GDP ratio,0.0
68,R&D spending,Transfers-to-GDP ratio,0.0
69,R&D spending,Transfers-to-GDP ratio,0.0
70,R&D spending,Transfers-to-GDP ratio,0.0
71,R&D spending,Transfers-to-GDP ratio,0.0
72,R&D spending,Transfers-to-GDP ratio,0.0
73,R&D spending,Transfers-to-GDP ratio,0.0
74,R&D spending,Transfers-to-GDP ratio,0.0
75,R&D spending,Transfers-to-GDP ratio,0.0
76,R&D spending,Transfers-to-GDP ratio,0.0
77,R&D spending,Transfers-to-GDP ratio,0.0
78,R&D spending,Transfers-to-GDP ratio,0.0
79,R&D spending,Transfers-to-GDP ratio,0.0
80,R&D spending,Transfers-to-GDP ratio,0.0
81,R&D spending,Transfers-to-GDP ratio,0.0
82,R&D spending,Transfers-to-GDP ratio,0.0
83,R&D spending,Transfers-to-GDP ratio,0.0
84,R&D spending,Transfers-to-GDP ratio,0.0
85,R&D spending,Transfers-to-GDP ratio,0.0
86,R&D spending,Transfers-to-GDP ratio,0.0
87,R&D spending,Transfers-to-GDP ratio,0.0
88,R&D spending,Transfers-to-GDP ratio,0.0
89,R&D spending,Transfers-to-GDP ratio,0.0
90,R&D spending,Transfers-to-GDP ratio,0.0
91,R&D spending,Transfers-to-GDP ratio,0.0
92,R&D spending,Transfers-to-GDP ratio,0.0
93,R&D spending,Transfers-to-GDP ratio,0.0
94,R&D spending,Transfers-to-GDP ratio,0.0
95,R&D spending,Transfers-to-GDP ratio,0.0
96,R&D spending,Transfers-to-GDP ratio,0.0
97,R&D spending,Transfers-to-GDP ratio,0.0
98,R&D spending,Transfers-to-GDP ratio,0.0
99,R&D spending,Transfers-to-GDP ratio,0.0
100,R&D spending,Transfers-to-GDP ratio,0.0
1,Government consumption,Debt-to-GDP ratio (b<sub>t</sub>),-0.138
2,Government consumption,Debt-to-GDP ratio (b<sub>t</sub>),0.317
3,Government consumption,Debt-to-GDP ratio (b<sub>t</sub>),0.549
4,Government consumption,Debt-to-GDP ratio (b<sub>t</sub>),0.766
5,Government consumption,Debt-to-GDP ratio (b<sub>t</sub>),0.966
6,Government consumption,Debt-to-GDP ratio (b<sub>t</sub>),1.149
7,Government consumption,Debt-to-GDP ratio (b<sub>t</sub>),1.318
8,Government consumption,Debt-to-GDP ratio (b<sub>t</sub>),1.471
9,Government consumption,Debt-to-GDP ratio (b<sub>t</sub>),1.612
10,Government consumption,Debt-to-GDP ratio (b<sub>t</sub>),1.742
11,Government consumption,Debt-to-GDP ratio (b<sub>t</sub>),1.861
12,Government consumption,Debt-to-GDP ratio (b<sub>t</sub>),1.971
13,Government consumption,Debt-to-GDP ratio (b<sub>t</sub>),2.072
14,Government consumption,Debt-to-GDP ratio (b<sub>t</sub>),2.165
15,Government consumption,Debt-to-GDP ratio (b<sub>t</sub>),2.251
16,Government consumption,Debt-to-GDP ratio (b<sub>t</sub>),2.331
17,Government consumption,Debt-to-GDP ratio (b<sub>t</sub>),2.404
18,Government consumption,Debt-to-GDP ratio (b<sub>t</sub>),2.472
19,Government consumption,Debt-to-GDP ratio (b<sub>t</sub>),2.536
20,Government consumption,Debt-to-GDP ratio (b<sub>t</sub>),2.596
21,Government consumption,Debt-to-GDP ratio (b<sub>t</sub>),2.651
22,Government consumption,Debt-to-GDP ratio (b<sub>t</sub>),2.702
23,Government consumption,Debt-to-GDP ratio (b<sub>t</sub>),2.751
24,Government consumption,Debt-to-GDP ratio (b<sub>t</sub>),2.797
25,Government consumption,Debt-to-GDP ratio (b<sub>t</sub>),2.839
26,Government consumption,Debt-to-GDP ratio (b<sub>t</sub>),2.879
27,Government consumption,Debt-to-GDP ratio (b<sub>t</sub>),2.918
28,Government consumption,Debt-to-GDP ratio (b<sub>t</sub>),2.953
29,Government consumption,Debt-to-GDP ratio (b<sub>t</sub>),2.988
30,Government consumption,Debt-to-GDP ratio (b<sub>t</sub>),3.02
31,Government consumption,Debt-to-GDP ratio (b<sub>t</sub>),3.051
32,Government consumption,Debt-to-GDP ratio (b<sub>t</sub>),3.081
33,Government consumption,Debt-to-GDP ratio (b<sub>t</sub>),3.109
34,Government consumption,Debt-to-GDP ratio (b<sub>t</sub>),3.136
35,Government consumption,Debt-to-GDP ratio (b<sub>t</sub>),3.162
36,Government consumption,Debt-to-GDP ratio (b<sub>t</sub>),3.187
37,Government consumption,Debt-to-GDP ratio (b<sub>t</sub>),3.212
38,Government consumption,Debt-to-GDP ratio (b<sub>t</sub>),3.235
39,Government consumption,Debt-to-GDP ratio (b<sub>t</sub>),3.257
40,Government consumption,Debt-to-GDP ratio (b<sub>t</sub>),3.278
41,Government consumption,Debt-to-GDP ratio (b<sub>t</sub>),3.3
42,Government consumption,Debt-to-GDP ratio (b<sub>t</sub>),3.321
43,Government consumption,Debt-to-GDP ratio (b<sub>t</sub>),3.341
44,Government consumption,Debt-to-GDP ratio (b<sub>t</sub>),3.361
45,Government consumption,Debt-to-GDP ratio (b<sub>t</sub>),3.378
46,Government consumption,Debt-to-GDP ratio (b<sub>t</sub>),3.398
47,Government consumption,Debt-to-GDP ratio (b<sub>t</sub>),3.416
48,Government consumption,Debt-to-GDP ratio (b<sub>t</sub>),3.434
49,Government consumption,Debt-to-GDP ratio (b<sub>t</sub>),3.451
50,Government consumption,Debt-to-GDP ratio (b<sub>t</sub>),3.469
51,Government consumption,Debt-to-GDP ratio (b<sub>t</sub>),3.486
52,Government consumption,Debt-to-GDP ratio (b<sub>t</sub>),3.502
53,Government consumption,Debt-to-GDP ratio (b<sub>t</sub>),3.519
54,Government consumption,Debt-to-GDP ratio (b<sub>t</sub>),3.534
55,Government consumption,Debt-to-GDP ratio (b<sub>t</sub>),3.551
56,Government consumption,Debt-to-GDP ratio (b<sub>t</sub>),3.566
57,Government consumption,Debt-to-GDP ratio (b<sub>t</sub>),3.582
58,Government consumption,Debt-to-GDP ratio (b<sub>t</sub>),3.596
59,Government consumption,Debt-to-GDP ratio (b<sub>t</sub>),3.612
60,Government consumption,Debt-to-GDP ratio (b<sub>t</sub>),3.627
61,Government consumption,Debt-to-GDP ratio (b<sub>t</sub>),3.641
62,Government consumption,Debt-to-GDP ratio (b<sub>t</sub>),3.656
63,Government consumption,Debt-to-GDP ratio (b<sub>t</sub>),3.671
64,Government consumption,Debt-to-GDP ratio (b<sub>t</sub>),3.686
65,Government consumption,Debt-to-GDP ratio (b<sub>t</sub>),3.699
66,Government consumption,Debt-to-GDP ratio (b<sub>t</sub>),3.713
67,Government consumption,Debt-to-GDP ratio (b<sub>t</sub>),3.727
68,Government consumption,Debt-to-GDP ratio (b<sub>t</sub>),3.742
69,Government consumption,Debt-to-GDP ratio (b<sub>t</sub>),3.755
70,Government consumption,Debt-to-GDP ratio (b<sub>t</sub>),3.768
71,Government consumption,Debt-to-GDP ratio (b<sub>t</sub>),3.782
72,Government consumption,Debt-to-GDP ratio (b<sub>t</sub>),3.796
73,Government consumption,Debt-to-GDP ratio (b<sub>t</sub>),3.809
74,Government consumption,Debt-to-GDP ratio (b<sub>t</sub>),3.822
75,Government consumption,Debt-to-GDP ratio (b<sub>t</sub>),3.835
76,Government consumption,Debt-to-GDP ratio (b<sub>t</sub>),3.849
77,Government consumption,Debt-to-GDP ratio (b<sub>t</sub>),3.862
78,Government consumption,Debt-to-GDP ratio (b<sub>t</sub>),3.875
79,Government consumption,Debt-to-GDP ratio (b<sub>t</sub>),3.887
80,Government consumption,Debt-to-GDP ratio (b<sub>t</sub>),3.899
81,Government consumption,Debt-to-GDP ratio (b<sub>t</sub>),3.913
82,Government consumption,Debt-to-GDP ratio (b<sub>t</sub>),3.925
83,Government consumption,Debt-to-GDP ratio (b<sub>t</sub>),3.938
84,Government consumption,Debt-to-GDP ratio (b<sub>t</sub>),3.95
85,Government consumption,Debt-to-GDP ratio (b<sub>t</sub>),3.962
86,Government consumption,Debt-to-GDP ratio (b<sub>t</sub>),3.975
87,Government consumption,Debt-to-GDP ratio (b<sub>t</sub>),3.987
88,Government consumption,Debt-to-GDP ratio (b<sub>t</sub>),3.999
89,Government consumption,Debt-to-GDP ratio (b<sub>t</sub>),4.011
90,Government consumption,Debt-to-GDP ratio (b<sub>t</sub>),4.023
91,Government consumption,Debt-to-GDP ratio (b<sub>t</sub>),4.035
92,Government consumption,Debt-to-GDP ratio (b<sub>t</sub>),4.048
93,Government consumption,Debt-to-GDP ratio (b<sub>t</sub>),4.06
94,Government consumption,Debt-to-GDP ratio (b<sub>t</sub>),4.071
95,Government consumption,Debt-to-GDP ratio (b<sub>t</sub>),4.083
96,Government consumption,Debt-to-GDP ratio (b<sub>t</sub>),4.094
97,Government consumption,Debt-to-GDP ratio (b<sub>t</sub>),4.107
98,Government consumption,Debt-to-GDP ratio (b<sub>t</sub>),4.118
99,Government consumption,Debt-to-GDP ratio (b<sub>t</sub>),4.129
100,Government consumption,Debt-to-GDP ratio (b<sub>t</sub>),4.14
1,Infrastructure investment,Debt-to-GDP ratio (b<sub>t</sub>),-0.176
2,Infrastructure investment,Debt-to-GDP ratio (b<sub>t</sub>),0.333
3,Infrastructure investment,Debt-to-GDP ratio (b<sub>t</sub>),0.501
4,Infrastructure investment,Debt-to-GDP ratio (b<sub>t</sub>),0.661
5,Infrastructure investment,Debt-to-GDP ratio (b<sub>t</sub>),0.811
6,Infrastructure investment,Debt-to-GDP ratio (b<sub>t</sub>),0.947
7,Infrastructure investment,Debt-to-GDP ratio (b<sub>t</sub>),1.072
8,Infrastructure investment,Debt-to-GDP ratio (b<sub>t</sub>),1.186
9,Infrastructure investment,Debt-to-GDP ratio (b<sub>t</sub>),1.29
10,Infrastructure investment,Debt-to-GDP ratio (b<sub>t</sub>),1.385
11,Infrastructure investment,Debt-to-GDP ratio (b<sub>t</sub>),1.471
12,Infrastructure investment,Debt-to-GDP ratio (b<sub>t</sub>),1.548
13,Infrastructure investment,Debt-to-GDP ratio (b<sub>t</sub>),1.619
14,Infrastructure investment,Debt-to-GDP ratio (b<sub>t</sub>),1.683
15,Infrastructure investment,Debt-to-GDP ratio (b<sub>t</sub>),1.741
16,Infrastructure investment,Debt-to-GDP ratio (b<sub>t</sub>),1.793
17,Infrastructure investment,Debt-to-GDP ratio (b<sub>t</sub>),1.839
18,Infrastructure investment,Debt-to-GDP ratio (b<sub>t</sub>),1.881
19,Infrastructure investment,Debt-to-GDP ratio (b<sub>t</sub>),1.919
20,Infrastructure investment,Debt-to-GDP ratio (b<sub>t</sub>),1.952
21,Infrastructure investment,Debt-to-GDP ratio (b<sub>t</sub>),1.981
22,Infrastructure investment,Debt-to-GDP ratio (b<sub>t</sub>),2.007
23,Infrastructure investment,Debt-to-GDP ratio (b<sub>t</sub>),2.03
24,Infrastructure investment,Debt-to-GDP ratio (b<sub>t</sub>),2.048
25,Infrastructure investment,Debt-to-GDP ratio (b<sub>t</sub>),2.066
26,Infrastructure investment,Debt-to-GDP ratio (b<sub>t</sub>),2.08
27,Infrastructure investment,Debt-to-GDP ratio (b<sub>t</sub>),2.092
28,Infrastructure investment,Debt-to-GDP ratio (b<sub>t</sub>),2.103
29,Infrastructure investment,Debt-to-GDP ratio (b<sub>t</sub>),2.111
30,Infrastructure investment,Debt-to-GDP ratio (b<sub>t</sub>),2.117
31,Infrastructure investment,Debt-to-GDP ratio (b<sub>t</sub>),2.121
32,Infrastructure investment,Debt-to-GDP ratio (b<sub>t</sub>),2.125
33,Infrastructure investment,Debt-to-GDP ratio (b<sub>t</sub>),2.127
34,Infrastructure investment,Debt-to-GDP ratio (b<sub>t</sub>),2.127
35,Infrastructure investment,Debt-to-GDP ratio (b<sub>t</sub>),2.127
36,Infrastructure investment,Debt-to-GDP ratio (b<sub>t</sub>),2.125
37,Infrastructure investment,Debt-to-GDP ratio (b<sub>t</sub>),2.123
38,Infrastructure investment,Debt-to-GDP ratio (b<sub>t</sub>),2.119
39,Infrastructure investment,Debt-to-GDP ratio (b<sub>t</sub>),2.114
40,Infrastructure investment,Debt-to-GDP ratio (b<sub>t</sub>),2.11
41,Infrastructure investment,Debt-to-GDP ratio (b<sub>t</sub>),2.104
42,Infrastructure investment,Debt-to-GDP ratio (b<sub>t</sub>),2.098
43,Infrastructure investment,Debt-to-GDP ratio (b<sub>t</sub>),2.091
44,Infrastructure investment,Debt-to-GDP ratio (b<sub>t</sub>),2.083
45,Infrastructure investment,Debt-to-GDP ratio (b<sub>t</sub>),2.075
46,Infrastructure investment,Debt-to-GDP ratio (b<sub>t</sub>),2.068
47,Infrastructure investment,Debt-to-GDP ratio (b<sub>t</sub>),2.059
48,Infrastructure investment,Debt-to-GDP ratio (b<sub>t</sub>),2.05
49,Infrastructure investment,Debt-to-GDP ratio (b<sub>t</sub>),2.04
50,Infrastructure investment,Debt-to-GDP ratio (b<sub>t</sub>),2.031
51,Infrastructure investment,Debt-to-GDP ratio (b<sub>t</sub>),2.022
52,Infrastructure investment,Debt-to-GDP ratio (b<sub>t</sub>),2.012
53,Infrastructure investment,Debt-to-GDP ratio (b<sub>t</sub>),2.002
54,Infrastructure investment,Debt-to-GDP ratio (b<sub>t</sub>),1.992
55,Infrastructure investment,Debt-to-GDP ratio (b<sub>t</sub>),1.981
56,Infrastructure investment,Debt-to-GDP ratio (b<sub>t</sub>),1.97
57,Infrastructure investment,Debt-to-GDP ratio (b<sub>t</sub>),1.96
58,Infrastructure investment,Debt-to-GDP ratio (b<sub>t</sub>),1.949
59,Infrastructure investment,Debt-to-GDP ratio (b<sub>t</sub>),1.939
60,Infrastructure investment,Debt-to-GDP ratio (b<sub>t</sub>),1.928
61,Infrastructure investment,Debt-to-GDP ratio (b<sub>t</sub>),1.918
62,Infrastructure investment,Debt-to-GDP ratio (b<sub>t</sub>),1.906
63,Infrastructure investment,Debt-to-GDP ratio (b<sub>t</sub>),1.896
64,Infrastructure investment,Debt-to-GDP ratio (b<sub>t</sub>),1.884
65,Infrastructure investment,Debt-to-GDP ratio (b<sub>t</sub>),1.874
66,Infrastructure investment,Debt-to-GDP ratio (b<sub>t</sub>),1.863
67,Infrastructure investment,Debt-to-GDP ratio (b<sub>t</sub>),1.853
68,Infrastructure investment,Debt-to-GDP ratio (b<sub>t</sub>),1.842
69,Infrastructure investment,Debt-to-GDP ratio (b<sub>t</sub>),1.831
70,Infrastructure investment,Debt-to-GDP ratio (b<sub>t</sub>),1.82
71,Infrastructure investment,Debt-to-GDP ratio (b<sub>t</sub>),1.81
72,Infrastructure investment,Debt-to-GDP ratio (b<sub>t</sub>),1.799
73,Infrastructure investment,Debt-to-GDP ratio (b<sub>t</sub>),1.789
74,Infrastructure investment,Debt-to-GDP ratio (b<sub>t</sub>),1.778
75,Infrastructure investment,Debt-to-GDP ratio (b<sub>t</sub>),1.768
76,Infrastructure investment,Debt-to-GDP ratio (b<sub>t</sub>),1.757
77,Infrastructure investment,Debt-to-GDP ratio (b<sub>t</sub>),1.748
78,Infrastructure investment,Debt-to-GDP ratio (b<sub>t</sub>),1.737
79,Infrastructure investment,Debt-to-GDP ratio (b<sub>t</sub>),1.728
80,Infrastructure investment,Debt-to-GDP ratio (b<sub>t</sub>),1.717
81,Infrastructure investment,Debt-to-GDP ratio (b<sub>t</sub>),1.707
82,Infrastructure investment,Debt-to-GDP ratio (b<sub>t</sub>),1.697
83,Infrastructure investment,Debt-to-GDP ratio (b<sub>t</sub>),1.688
84,Infrastructure investment,Debt-to-GDP ratio (b<sub>t</sub>),1.678
85,Infrastructure investment,Debt-to-GDP ratio (b<sub>t</sub>),1.668
86,Infrastructure investment,Debt-to-GDP ratio (b<sub>t</sub>),1.66
87,Infrastructure investment,Debt-to-GDP ratio (b<sub>t</sub>),1.65
88,Infrastructure investment,Debt-to-GDP ratio (b<sub>t</sub>),1.641
89,Infrastructure investment,Debt-to-GDP ratio (b<sub>t</sub>),1.632
90,Infrastructure investment,Debt-to-GDP ratio (b<sub>t</sub>),1.622
91,Infrastructure investment,Debt-to-GDP ratio (b<sub>t</sub>),1.614
92,Infrastructure investment,Debt-to-GDP ratio (b<sub>t</sub>),1.605
93,Infrastructure investment,Debt-to-GDP ratio (b<sub>t</sub>),1.597
94,Infrastructure investment,Debt-to-GDP ratio (b<sub>t</sub>),1.589
95,Infrastructure investment,Debt-to-GDP ratio (b<sub>t</sub>),1.58
96,Infrastructure investment,Debt-to-GDP ratio (b<sub>t</sub>),1.571
97,Infrastructure investment,Debt-to-GDP ratio (b<sub>t</sub>),1.563
98,Infrastructure investment,Debt-to-GDP ratio (b<sub>t</sub>),1.554
99,Infrastructure investment,Debt-to-GDP ratio (b<sub>t</sub>),1.547
100,Infrastructure investment,Debt-to-GDP ratio (b<sub>t</sub>),1.539
1,Human capital investment,Debt-to-GDP ratio (b<sub>t</sub>),-0.368
2,Human capital investment,Debt-to-GDP ratio (b<sub>t</sub>),0.218
3,Human capital investment,Debt-to-GDP ratio (b<sub>t</sub>),0.51
4,Human capital investment,Debt-to-GDP ratio (b<sub>t</sub>),0.779
5,Human capital investment,Debt-to-GDP ratio (b<sub>t</sub>),1.021
6,Human capital investment,Debt-to-GDP ratio (b<sub>t</sub>),1.239
7,Human capital investment,Debt-to-GDP ratio (b<sub>t</sub>),1.433
8,Human capital investment,Debt-to-GDP ratio (b<sub>t</sub>),1.606
9,Human capital investment,Debt-to-GDP ratio (b<sub>t</sub>),1.762
10,Human capital investment,Debt-to-GDP ratio (b<sub>t</sub>),1.902
11,Human capital investment,Debt-to-GDP ratio (b<sub>t</sub>),2.026
12,Human capital investment,Debt-to-GDP ratio (b<sub>t</sub>),2.138
13,Human capital investment,Debt-to-GDP ratio (b<sub>t</sub>),2.239
14,Human capital investment,Debt-to-GDP ratio (b<sub>t</sub>),2.327
15,Human capital investment,Debt-to-GDP ratio (b<sub>t</sub>),2.409
16,Human capital investment,Debt-to-GDP ratio (b<sub>t</sub>),2.479
17,Human capital investment,Debt-to-GDP ratio (b<sub>t</sub>),2.544
18,Human capital investment,Debt-to-GDP ratio (b<sub>t</sub>),2.601
19,Human capital investment,Debt-to-GDP ratio (b<sub>t</sub>),2.652
20,Human capital investment,Debt-to-GDP ratio (b<sub>t</sub>),2.697
21,Human capital investment,Debt-to-GDP ratio (b<sub>t</sub>),2.738
22,Human capital investment,Debt-to-GDP ratio (b<sub>t</sub>),2.772
23,Human capital investment,Debt-to-GDP ratio (b<sub>t</sub>),2.804
24,Human capital investment,Debt-to-GDP ratio (b<sub>t</sub>),2.831
25,Human capital investment,Debt-to-GDP ratio (b<sub>t</sub>),2.854
26,Human capital investment,Debt-to-GDP ratio (b<sub>t</sub>),2.874
27,Human capital investment,Debt-to-GDP ratio (b<sub>t</sub>),2.89
28,Human capital investment,Debt-to-GDP ratio (b<sub>t</sub>),2.904
29,Human capital investment,Debt-to-GDP ratio (b<sub>t</sub>),2.916
30,Human capital investment,Debt-to-GDP ratio (b<sub>t</sub>),2.925
31,Human capital investment,Debt-to-GDP ratio (b<sub>t</sub>),2.931
32,Human capital investment,Debt-to-GDP ratio (b<sub>t</sub>),2.934
33,Human capital investment,Debt-to-GDP ratio (b<sub>t</sub>),2.935
34,Human capital investment,Debt-to-GDP ratio (b<sub>t</sub>),2.935
35,Human capital investment,Debt-to-GDP ratio (b<sub>t</sub>),2.934
36,Human capital investment,Debt-to-GDP ratio (b<sub>t</sub>),2.929
37,Human capital investment,Debt-to-GDP ratio (b<sub>t</sub>),2.923
38,Human capital investment,Debt-to-GDP ratio (b<sub>t</sub>),2.916
39,Human capital investment,Debt-to-GDP ratio (b<sub>t</sub>),2.907
40,Human capital investment,Debt-to-GDP ratio (b<sub>t</sub>),2.897
41,Human capital investment,Debt-to-GDP ratio (b<sub>t</sub>),2.884
42,Human capital investment,Debt-to-GDP ratio (b<sub>t</sub>),2.87
43,Human capital investment,Debt-to-GDP ratio (b<sub>t</sub>),2.855
44,Human capital investment,Debt-to-GDP ratio (b<sub>t</sub>),2.839
45,Human capital investment,Debt-to-GDP ratio (b<sub>t</sub>),2.821
46,Human capital investment,Debt-to-GDP ratio (b<sub>t</sub>),2.802
47,Human capital investment,Debt-to-GDP ratio (b<sub>t</sub>),2.782
48,Human capital investment,Debt-to-GDP ratio (b<sub>t</sub>),2.761
49,Human capital investment,Debt-to-GDP ratio (b<sub>t</sub>),2.739
50,Human capital investment,Debt-to-GDP ratio (b<sub>t</sub>),2.715
51,Human capital investment,Debt-to-GDP ratio (b<sub>t</sub>),2.691
52,Human capital investment,Debt-to-GDP ratio (b<sub>t</sub>),2.665
53,Human capital investment,Debt-to-GDP ratio (b<sub>t</sub>),2.639
54,Human capital investment,Debt-to-GDP ratio (b<sub>t</sub>),2.611
55,Human capital investment,Debt-to-GDP ratio (b<sub>t</sub>),2.583
56,Human capital investment,Debt-to-GDP ratio (b<sub>t</sub>),2.553
57,Human capital investment,Debt-to-GDP ratio (b<sub>t</sub>),2.523
58,Human capital investment,Debt-to-GDP ratio (b<sub>t</sub>),2.491
59,Human capital investment,Debt-to-GDP ratio (b<sub>t</sub>),2.459
60,Human capital investment,Debt-to-GDP ratio (b<sub>t</sub>),2.426
61,Human capital investment,Debt-to-GDP ratio (b<sub>t</sub>),2.392
62,Human capital investment,Debt-to-GDP ratio (b<sub>t</sub>),2.358
63,Human capital investment,Debt-to-GDP ratio (b<sub>t</sub>),2.323
64,Human capital investment,Debt-to-GDP ratio (b<sub>t</sub>),2.287
65,Human capital investment,Debt-to-GDP ratio (b<sub>t</sub>),2.25
66,Human capital investment,Debt-to-GDP ratio (b<sub>t</sub>),2.213
67,Human capital investment,Debt-to-GDP ratio (b<sub>t</sub>),2.175
68,Human capital investment,Debt-to-GDP ratio (b<sub>t</sub>),2.137
69,Human capital investment,Debt-to-GDP ratio (b<sub>t</sub>),2.097
70,Human capital investment,Debt-to-GDP ratio (b<sub>t</sub>),2.057
71,Human capital investment,Debt-to-GDP ratio (b<sub>t</sub>),2.017
72,Human capital investment,Debt-to-GDP ratio (b<sub>t</sub>),1.977
73,Human capital investment,Debt-to-GDP ratio (b<sub>t</sub>),1.935
74,Human capital investment,Debt-to-GDP ratio (b<sub>t</sub>),1.893
75,Human capital investment,Debt-to-GDP ratio (b<sub>t</sub>),1.851
76,Human capital investment,Debt-to-GDP ratio (b<sub>t</sub>),1.808
77,Human capital investment,Debt-to-GDP ratio (b<sub>t</sub>),1.765
78,Human capital investment,Debt-to-GDP ratio (b<sub>t</sub>),1.721
79,Human capital investment,Debt-to-GDP ratio (b<sub>t</sub>),1.678
80,Human capital investment,Debt-to-GDP ratio (b<sub>t</sub>),1.633
81,Human capital investment,Debt-to-GDP ratio (b<sub>t</sub>),1.589
82,Human capital investment,Debt-to-GDP ratio (b<sub>t</sub>),1.544
83,Human capital investment,Debt-to-GDP ratio (b<sub>t</sub>),1.498
84,Human capital investment,Debt-to-GDP ratio (b<sub>t</sub>),1.454
85,Human capital investment,Debt-to-GDP ratio (b<sub>t</sub>),1.407
86,Human capital investment,Debt-to-GDP ratio (b<sub>t</sub>),1.362
87,Human capital investment,Debt-to-GDP ratio (b<sub>t</sub>),1.315
88,Human capital investment,Debt-to-GDP ratio (b<sub>t</sub>),1.269
89,Human capital investment,Debt-to-GDP ratio (b<sub>t</sub>),1.221
90,Human capital investment,Debt-to-GDP ratio (b<sub>t</sub>),1.175
91,Human capital investment,Debt-to-GDP ratio (b<sub>t</sub>),1.128
92,Human capital investment,Debt-to-GDP ratio (b<sub>t</sub>),1.081
93,Human capital investment,Debt-to-GDP ratio (b<sub>t</sub>),1.034
94,Human capital investment,Debt-to-GDP ratio (b<sub>t</sub>),0.986
95,Human capital investment,Debt-to-GDP ratio (b<sub>t</sub>),0.939
96,Human capital investment,Debt-to-GDP ratio (b<sub>t</sub>),0.891
97,Human capital investment,Debt-to-GDP ratio (b<sub>t</sub>),0.843
98,Human capital investment,Debt-to-GDP ratio (b<sub>t</sub>),0.796
99,Human capital investment,Debt-to-GDP ratio (b<sub>t</sub>),0.748
100,Human capital investment,Debt-to-GDP ratio (b<sub>t</sub>),0.699
1,R&D spending,Debt-to-GDP ratio (b<sub>t</sub>),-0.232
2,R&D spending,Debt-to-GDP ratio (b<sub>t</sub>),0.417
3,R&D spending,Debt-to-GDP ratio (b<sub>t</sub>),0.68
4,R&D spending,Debt-to-GDP ratio (b<sub>t</sub>),0.903
5,R&D spending,Debt-to-GDP ratio (b<sub>t</sub>),1.087
6,R&D spending,Debt-to-GDP ratio (b<sub>t</sub>),1.239
7,R&D spending,Debt-to-GDP ratio (b<sub>t</sub>),1.366
8,R&D spending,Debt-to-GDP ratio (b<sub>t</sub>),1.472
9,R&D spending,Debt-to-GDP ratio (b<sub>t</sub>),1.559
10,R&D spending,Debt-to-GDP ratio (b<sub>t</sub>),1.634
11,R&D spending,Debt-to-GDP ratio (b<sub>t</sub>),1.698
12,R&D spending,Debt-to-GDP ratio (b<sub>t</sub>),1.753
13,R&D spending,Debt-to-GDP ratio (b<sub>t</sub>),1.799
14,R&D spending,Debt-to-GDP ratio (b<sub>t</sub>),1.84
15,R&D spending,Debt-to-GDP ratio (b<sub>t</sub>),1.875
16,R&D spending,Debt-to-GDP ratio (b<sub>t</sub>),1.905
17,R&D spending,Debt-to-GDP ratio (b<sub>t</sub>),1.932
18,R&D spending,Debt-to-GDP ratio (b<sub>t</sub>),1.954
19,R&D spending,Debt-to-GDP ratio (b<sub>t</sub>),1.974
20,R&D spending,Debt-to-GDP ratio (b<sub>t</sub>),1.991
21,R&D spending,Debt-to-GDP ratio (b<sub>t</sub>),2.005
22,R&D spending,Debt-to-GDP ratio (b<sub>t</sub>),2.015
23,R&D spending,Debt-to-GDP ratio (b<sub>t</sub>),2.024
24,R&D spending,Debt-to-GDP ratio (b<sub>t</sub>),2.03
25,R&D spending,Debt-to-GDP ratio (b<sub>t</sub>),2.034
26,R&D spending,Debt-to-GDP ratio (b<sub>t</sub>),2.036
27,R&D spending,Debt-to-GDP ratio (b<sub>t</sub>),2.035
28,R&D spending,Debt-to-GDP ratio (b<sub>t</sub>),2.033
29,R&D spending,Debt-to-GDP ratio (b<sub>t</sub>),2.029
30,R&D spending,Debt-to-GDP ratio (b<sub>t</sub>),2.022
31,R&D spending,Debt-to-GDP ratio (b<sub>t</sub>),2.014
32,R&D spending,Debt-to-GDP ratio (b<sub>t</sub>),2.005
33,R&D spending,Debt-to-GDP ratio (b<sub>t</sub>),1.993
34,R&D spending,Debt-to-GDP ratio (b<sub>t</sub>),1.98
35,R&D spending,Debt-to-GDP ratio (b<sub>t</sub>),1.964
36,R&D spending,Debt-to-GDP ratio (b<sub>t</sub>),1.948
37,R&D spending,Debt-to-GDP ratio (b<sub>t</sub>),1.93
38,R&D spending,Debt-to-GDP ratio (b<sub>t</sub>),1.911
39,R&D spending,Debt-to-GDP ratio (b<sub>t</sub>),1.891
40,R&D spending,Debt-to-GDP ratio (b<sub>t</sub>),1.87
41,R&D spending,Debt-to-GDP ratio (b<sub>t</sub>),1.847
42,R&D spending,Debt-to-GDP ratio (b<sub>t</sub>),1.823
43,R&D spending,Debt-to-GDP ratio (b<sub>t</sub>),1.797
44,R&D spending,Debt-to-GDP ratio (b<sub>t</sub>),1.772
45,R&D spending,Debt-to-GDP ratio (b<sub>t</sub>),1.745
46,R&D spending,Debt-to-GDP ratio (b<sub>t</sub>),1.718
47,R&D spending,Debt-to-GDP ratio (b<sub>t</sub>),1.69
48,R&D spending,Debt-to-GDP ratio (b<sub>t</sub>),1.662
49,R&D spending,Debt-to-GDP ratio (b<sub>t</sub>),1.632
50,R&D spending,Debt-to-GDP ratio (b<sub>t</sub>),1.603
51,R&D spending,Debt-to-GDP ratio (b<sub>t</sub>),1.572
52,R&D spending,Debt-to-GDP ratio (b<sub>t</sub>),1.542
53,R&D spending,Debt-to-GDP ratio (b<sub>t</sub>),1.51
54,R&D spending,Debt-to-GDP ratio (b<sub>t</sub>),1.48
55,R&D spending,Debt-to-GDP ratio (b<sub>t</sub>),1.447
56,R&D spending,Debt-to-GDP ratio (b<sub>t</sub>),1.416
57,R&D spending,Debt-to-GDP ratio (b<sub>t</sub>),1.383
58,R&D spending,Debt-to-GDP ratio (b<sub>t</sub>),1.352
59,R&D spending,Debt-to-GDP ratio (b<sub>t</sub>),1.319
60,R&D spending,Debt-to-GDP ratio (b<sub>t</sub>),1.287
61,R&D spending,Debt-to-GDP ratio (b<sub>t</sub>),1.254
62,R&D spending,Debt-to-GDP ratio (b<sub>t</sub>),1.222
63,R&D spending,Debt-to-GDP ratio (b<sub>t</sub>),1.19
64,R&D spending,Debt-to-GDP ratio (b<sub>t</sub>),1.157
65,R&D spending,Debt-to-GDP ratio (b<sub>t</sub>),1.125
66,R&D spending,Debt-to-GDP ratio (b<sub>t</sub>),1.093
67,R&D spending,Debt-to-GDP ratio (b<sub>t</sub>),1.06
68,R&D spending,Debt-to-GDP ratio (b<sub>t</sub>),1.029
69,R&D spending,Debt-to-GDP ratio (b<sub>t</sub>),0.997
70,R&D spending,Debt-to-GDP ratio (b<sub>t</sub>),0.965
71,R&D spending,Debt-to-GDP ratio (b<sub>t</sub>),0.934
72,R&D spending,Debt-to-GDP ratio (b<sub>t</sub>),0.903
73,R&D spending,Debt-to-GDP ratio (b<sub>t</sub>),0.871
74,R&D spending,Debt-to-GDP ratio (b<sub>t</sub>),0.84
75,R&D spending,Debt-to-GDP ratio (b<sub>t</sub>),0.81
76,R&D spending,Debt-to-GDP ratio (b<sub>t</sub>),0.78
77,R&D spending,Debt-to-GDP ratio (b<sub>t</sub>),0.749
78,R&D spending,Debt-to-GDP ratio (b<sub>t</sub>),0.719
79,R&D spending,Debt-to-GDP ratio (b<sub>t</sub>),0.689
80,R&D spending,Debt-to-GDP ratio (b<sub>t</sub>),0.66
81,R&D spending,Debt-to-GDP ratio (b<sub>t</sub>),0.632
82,R&D spending,Debt-to-GDP ratio (b<sub>t</sub>),0.602
83,R&D spending,Debt-to-GDP ratio (b<sub>t</sub>),0.574
84,R&D spending,Debt-to-GDP ratio (b<sub>t</sub>),0.546
85,R&D spending,Debt-to-GDP ratio (b<sub>t</sub>),0.517
86,R&D spending,Debt-to-GDP ratio (b<sub>t</sub>),0.49
87,R&D spending,Debt-to-GDP ratio (b<sub>t</sub>),0.462
88,R&D spending,Debt-to-GDP ratio (b<sub>t</sub>),0.434
89,R&D spending,Debt-to-GDP ratio (b<sub>t</sub>),0.408
90,R&D spending,Debt-to-GDP ratio (b<sub>t</sub>),0.381
91,R&D spending,Debt-to-GDP ratio (b<sub>t</sub>),0.355
92,R&D spending,Debt-to-GDP ratio (b<sub>t</sub>),0.329
93,R&D spending,Debt-to-GDP ratio (b<sub>t</sub>),0.304
94,R&D spending,Debt-to-GDP ratio (b<sub>t</sub>),0.279
95,R&D spending,Debt-to-GDP ratio (b<sub>t</sub>),0.254
96,R&D spending,Debt-to-GDP ratio (b<sub>t</sub>),0.229
97,R&D spending,Debt-to-GDP ratio (b<sub>t</sub>),0.204
98,R&D spending,Debt-to-GDP ratio (b<sub>t</sub>),0.18
99,R&D spending,Debt-to-GDP ratio (b<sub>t</sub>),0.155
100,R&D spending,Debt-to-GDP ratio (b<sub>t</sub>),0.132
