horizon_quarter,shock,variable,pct_dev
1,Government consumption,Output (Y<sup>d</sup><sub>t</sub>),0.401
2,Government consumption,Output (Y<sup>d</sup><sub>t</sub>),0.21
3,Government consumption,Output (Y<sup>d</sup><sub>t</sub>),0.226
4,Government consumption,Output (Y<sup>d</sup><sub>t</sub>),0.235
5,Government consumption,Output (Y<sup>d</sup><sub>t</sub>),0.242
6,Government consumption,Output (Y<sup>d</sup><sub>t</sub>),0.248
7,Government consumption,Output (Y<sup>d</sup><sub>t</sub>),0.253
8,Government consumption,Output (Y<sup>d</sup><sub>t</sub>),0.259
9,Government consumption,Output (Y<sup>d</sup><sub>t</sub>),0.264
10,Government consumption,Output (Y<sup>d</sup><sub>t</sub>),0.27
11,Government consumption,Output (Y<sup>d</sup><sub>t</sub>),0.275
12,Government consumption,Output (Y<sup>d</sup><sub>t</sub>),0.28
13,Government consumption,Output (Y<sup>d</sup><sub>t</sub>),0.286
14,Government consumption,Output (Y<sup>d</sup><sub>t</sub>),0.291
15,Government consumption,Output (Y<sup>d</sup><sub>t</sub>),0.296
16,Government consumption,Output (Y<sup>d</sup><sub>t</sub>),0.301
17,Government consumption,Output (Y<sup>d</sup><sub>t</sub>),0.306
18,Government consumption,Output (Y<sup>d</sup><sub>t</sub>),0.311
19,Government consumption,Output (Y<sup>d</sup><sub>t</sub>),0.316
20,Government consumption,Output (Y<sup>d</sup><sub>t</sub>),0.321
21,Government consumption,Output (Y<sup>d</sup><sub>t</sub>),0.326
22,Government consumption,Output (Y<sup>d</sup><sub>t</sub>),0.33
23,Government consumption,Output (Y<sup>d</sup><sub>t</sub>),0.335
24,Government consumption,Output (Y<sup>d</sup><sub>t</sub>),0.34
25,Government consumption,Output (Y<sup>d</sup><sub>t</sub>),0.344
26,Government consumption,Output (Y<sup>d</sup><sub>t</sub>),0.349
27,Government consumption,Output (Y<sup>d</sup><sub>t</sub>),0.354
28,Government consumption,Output (Y<sup>d</sup><sub>t</sub>),0.358
29,Government consumption,Output (Y<sup>d</sup><sub>t</sub>),0.363
30,Government consumption,Output (Y<sup>d</sup><sub>t</sub>),0.367
31,Government consumption,Output (Y<sup>d</sup><sub>t</sub>),0.371
32,Government consumption,Output (Y<sup>d</sup><sub>t</sub>),0.376
33,Government consumption,Output (Y<sup>d</sup><sub>t</sub>),0.38
34,Government consumption,Output (Y<sup>d</sup><sub>t</sub>),0.384
35,Government consumption,Output (Y<sup>d</sup><sub>t</sub>),0.388
36,Government consumption,Output (Y<sup>d</sup><sub>t</sub>),0.393
37,Government consumption,Output (Y<sup>d</sup><sub>t</sub>),0.397
38,Government consumption,Output (Y<sup>d</sup><sub>t</sub>),0.401
39,Government consumption,Output (Y<sup>d</sup><sub>t</sub>),0.405
40,Government consumption,Output (Y<sup>d</sup><sub>t</sub>),0.409
41,Government consumption,Output (Y<sup>d</sup><sub>t</sub>),0.413
42,Government consumption,Output (Y<sup>d</sup><sub>t</sub>),0.416
43,Government consumption,Output (Y<sup>d</sup><sub>t</sub>),0.42
44,Government consumption,Output (Y<sup>d</sup><sub>t</sub>),0.424
45,Government consumption,Output (Y<sup>d</sup><sub>t</sub>),0.428
46,Government consumption,Output (Y<sup>d</sup><sub>t</sub>),0.432
47,Government consumption,Output (Y<sup>d</sup><sub>t</sub>),0.435
48,Government consumption,Output (Y<sup>d</sup><sub>t</sub>),0.439
49,Government consumption,Output (Y<sup>d</sup><sub>t</sub>),0.442
50,Government consumption,Output (Y<sup>d</sup><sub>t</sub>),0.446
51,Government consumption,Output (Y<sup>d</sup><sub>t</sub>),0.449
52,Government consumption,Output (Y<sup>d</sup><sub>t</sub>),0.453
53,Government consumption,Output (Y<sup>d</sup><sub>t</sub>),0.456
54,Government consumption,Output (Y<sup>d</sup><sub>t</sub>),0.46
55,Government consumption,Output (Y<sup>d</sup><sub>t</sub>),0.463
56,Government consumption,Output (Y<sup>d</sup><sub>t</sub>),0.466
57,Government consumption,Output (Y<sup>d</sup><sub>t</sub>),0.47
58,Government consumption,Output (Y<sup>d</sup><sub>t</sub>),0.473
59,Government consumption,Output (Y<sup>d</sup><sub>t</sub>),0.476
60,Government consumption,Output (Y<sup>d</sup><sub>t</sub>),0.479
61,Government consumption,Output (Y<sup>d</sup><sub>t</sub>),0.482
62,Government consumption,Output (Y<sup>d</sup><sub>t</sub>),0.485
63,Government consumption,Output (Y<sup>d</sup><sub>t</sub>),0.488
64,Government consumption,Output (Y<sup>d</sup><sub>t</sub>),0.491
65,Government consumption,Output (Y<sup>d</sup><sub>t</sub>),0.494
66,Government consumption,Output (Y<sup>d</sup><sub>t</sub>),0.497
67,Government consumption,Output (Y<sup>d</sup><sub>t</sub>),0.5
68,Government consumption,Output (Y<sup>d</sup><sub>t</sub>),0.503
69,Government consumption,Output (Y<sup>d</sup><sub>t</sub>),0.506
70,Government consumption,Output (Y<sup>d</sup><sub>t</sub>),0.509
71,Government consumption,Output (Y<sup>d</sup><sub>t</sub>),0.512
72,Government consumption,Output (Y<sup>d</sup><sub>t</sub>),0.514
73,Government consumption,Output (Y<sup>d</sup><sub>t</sub>),0.517
74,Government consumption,Output (Y<sup>d</sup><sub>t</sub>),0.52
75,Government consumption,Output (Y<sup>d</sup><sub>t</sub>),0.522
76,Government consumption,Output (Y<sup>d</sup><sub>t</sub>),0.525
77,Government consumption,Output (Y<sup>d</sup><sub>t</sub>),0.527
78,Government consumption,Output (Y<sup>d</sup><sub>t</sub>),0.53
79,Government consumption,Output (Y<sup>d</sup><sub>t</sub>),0.532
80,Government consumption,Output (Y<sup>d</sup><sub>t</sub>),0.535
81,Government consumption,Output (Y<sup>d</sup><sub>t</sub>),0.537
82,Government consumption,Output (Y<sup>d</sup><sub>t</sub>),0.54
83,Government consumption,Output (Y<sup>d</sup><sub>t</sub>),0.542
84,Government consumption,Output (Y<sup>d</sup><sub>t</sub>),0.545
85,Government consumption,Output (Y<sup>d</sup><sub>t</sub>),0.547
86,Government consumption,Output (Y<sup>d</sup><sub>t</sub>),0.549
87,Government consumption,Output (Y<sup>d</sup><sub>t</sub>),0.551
88,Government consumption,Output (Y<sup>d</sup><sub>t</sub>),0.554
89,Government consumption,Output (Y<sup>d</sup><sub>t</sub>),0.556
90,Government consumption,Output (Y<sup>d</sup><sub>t</sub>),0.558
91,Government consumption,Output (Y<sup>d</sup><sub>t</sub>),0.56
92,Government consumption,Output (Y<sup>d</sup><sub>t</sub>),0.562
93,Government consumption,Output (Y<sup>d</sup><sub>t</sub>),0.564
94,Government consumption,Output (Y<sup>d</sup><sub>t</sub>),0.567
95,Government consumption,Output (Y<sup>d</sup><sub>t</sub>),0.569
96,Government consumption,Output (Y<sup>d</sup><sub>t</sub>),0.571
97,Government consumption,Output (Y<sup>d</sup><sub>t</sub>),0.573
98,Government consumption,Output (Y<sup>d</sup><sub>t</sub>),0.575
99,Government consumption,Output (Y<sup>d</sup><sub>t</sub>),0.577
100,Government consumption,Output (Y<sup>d</sup><sub>t</sub>),0.578
1,Infrastructure investment,Output (Y<sup>d</sup><sub>t</sub>),0.55
2,Infrastructure investment,Output (Y<sup>d</sup><sub>t</sub>),0.046
3,Infrastructure investment,Output (Y<sup>d</sup><sub>t</sub>),0.125
4,Infrastructure investment,Output (Y<sup>d</sup><sub>t</sub>),0.19
5,Infrastructure investment,Output (Y<sup>d</sup><sub>t</sub>),0.249
6,Infrastructure investment,Output (Y<sup>d</sup><sub>t</sub>),0.306
7,Infrastructure investment,Output (Y<sup>d</sup><sub>t</sub>),0.361
8,Infrastructure investment,Output (Y<sup>d</sup><sub>t</sub>),0.414
9,Infrastructure investment,Output (Y<sup>d</sup><sub>t</sub>),0.467
10,Infrastructure investment,Output (Y<sup>d</sup><sub>t</sub>),0.518
11,Infrastructure investment,Output (Y<sup>d</sup><sub>t</sub>),0.567
12,Infrastructure investment,Output (Y<sup>d</sup><sub>t</sub>),0.616
13,Infrastructure investment,Output (Y<sup>d</sup><sub>t</sub>),0.664
14,Infrastructure investment,Output (Y<sup>d</sup><sub>t</sub>),0.711
15,Infrastructure investment,Output (Y<sup>d</sup><sub>t</sub>),0.757
16,Infrastructure investment,Output (Y<sup>d</sup><sub>t</sub>),0.802
17,Infrastructure investment,Output (Y<sup>d</sup><sub>t</sub>),0.846
18,Infrastructure investment,Output (Y<sup>d</sup><sub>t</sub>),0.889
19,Infrastructure investment,Output (Y<sup>d</sup><sub>t</sub>),0.932
20,Infrastructure investment,Output (Y<sup>d</sup><sub>t</sub>),0.974
21,Infrastructure investment,Output (Y<sup>d</sup><sub>t</sub>),1.015
22,Infrastructure investment,Output (Y<sup>d</sup><sub>t</sub>),1.055
23,Infrastructure investment,Output (Y<sup>d</sup><sub>t</sub>),1.095
24,Infrastructure investment,Output (Y<sup>d</sup><sub>t</sub>),1.134
25,Infrastructure investment,Output (Y<sup>d</sup><sub>t</sub>),1.173
26,Infrastructure investment,Output (Y<sup>d</sup><sub>t</sub>),1.211
27,Infrastructure investment,Output (Y<sup>d</sup><sub>t</sub>),1.248
28,Infrastructure investment,Output (Y<sup>d</sup><sub>t</sub>),1.285
29,Infrastructure investment,Output (Y<sup>d</sup><sub>t</sub>),1.321
30,Infrastructure investment,Output (Y<sup>d</sup><sub>t</sub>),1.357
31,Infrastructure investment,Output (Y<sup>d</sup><sub>t</sub>),1.392
32,Infrastructure investment,Output (Y<sup>d</sup><sub>t</sub>),1.427
33,Infrastructure investment,Output (Y<sup>d</sup><sub>t</sub>),1.461
34,Infrastructure investment,Output (Y<sup>d</sup><sub>t</sub>),1.494
35,Infrastructure investment,Output (Y<sup>d</sup><sub>t</sub>),1.528
36,Infrastructure investment,Output (Y<sup>d</sup><sub>t</sub>),1.56
37,Infrastructure investment,Output (Y<sup>d</sup><sub>t</sub>),1.593
38,Infrastructure investment,Output (Y<sup>d</sup><sub>t</sub>),1.624
39,Infrastructure investment,Output (Y<sup>d</sup><sub>t</sub>),1.656
40,Infrastructure investment,Output (Y<sup>d</sup><sub>t</sub>),1.687
41,Infrastructure investment,Output (Y<sup>d</sup><sub>t</sub>),1.717
42,Infrastructure investment,Output (Y<sup>d</sup><sub>t</sub>),1.747
43,Infrastructure investment,Output (Y<sup>d</sup><sub>t</sub>),1.777
44,Infrastructure investment,Output (Y<sup>d</sup><sub>t</sub>),1.806
45,Infrastructure investment,Output (Y<sup>d</sup><sub>t</sub>),1.835
46,Infrastructure investment,Output (Y<sup>d</sup><sub>t</sub>),1.864
47,Infrastructure investment,Output (Y<sup>d</sup><sub>t</sub>),1.892
48,Infrastructure investment,Output (Y<sup>d</sup><sub>t</sub>),1.92
49,Infrastructure investment,Output (Y<sup>d</sup><sub>t</sub>),1.947
50,Infrastructure investment,Output (Y<sup>d</sup><sub>t</sub>),1.974
51,Infrastructure investment,Output (Y<sup>d</sup><sub>t</sub>),2.001
52,Infrastructure investment,Output (Y<sup>d</sup><sub>t</sub>),2.027
53,Infrastructure investment,Output (Y<sup>d</sup><sub>t</sub>),2.053
54,Infrastructure investment,Output (Y<sup>d</sup><sub>t</sub>),2.079
55,Infrastructure investment,Output (Y<sup>d</sup><sub>t</sub>),2.104
56,Infrastructure investment,Output (Y<sup>d</sup><sub>t</sub>),2.129
57,Infrastructure investment,Output (Y<sup>d</sup><sub>t</sub>),2.154
58,Infrastructure investment,Output (Y<sup>d</sup><sub>t</sub>),2.178
59,Infrastructure investment,Output (Y<sup>d</sup><sub>t</sub>),2.202
60,Infrastructure investment,Output (Y<sup>d</sup><sub>t</sub>),2.226
61,Infrastructure investment,Output (Y<sup>d</sup><sub>t</sub>),2.25
62,Infrastructure investment,Output (Y<sup>d</sup><sub>t</sub>),2.273
63,Infrastructure investment,Output (Y<sup>d</sup><sub>t</sub>),2.296
64,Infrastructure investment,Output (Y<sup>d</sup><sub>t</sub>),2.318
65,Infrastructure investment,Output (Y<sup>d</sup><sub>t</sub>),2.34
66,Infrastructure investment,Output (Y<sup>d</sup><sub>t</sub>),2.362
67,Infrastructure investment,Output (Y<sup>d</sup><sub>t</sub>),2.384
68,Infrastructure investment,Output (Y<sup>d</sup><sub>t</sub>),2.405
69,Infrastructure investment,Output (Y<sup>d</sup><sub>t</sub>),2.427
70,Infrastructure investment,Output (Y<sup>d</sup><sub>t</sub>),2.447
71,Infrastructure investment,Output (Y<sup>d</sup><sub>t</sub>),2.468
72,Infrastructure investment,Output (Y<sup>d</sup><sub>t</sub>),2.488
73,Infrastructure investment,Output (Y<sup>d</sup><sub>t</sub>),2.508
74,Infrastructure investment,Output (Y<sup>d</sup><sub>t</sub>),2.528
75,Infrastructure investment,Output (Y<sup>d</sup><sub>t</sub>),2.548
76,Infrastructure investment,Output (Y<sup>d</sup><sub>t</sub>),2.567
77,Infrastructure investment,Output (Y<sup>d</sup><sub>t</sub>),2.586
78,Infrastructure investment,Output (Y<sup>d</sup><sub>t</sub>),2.605
79,Infrastructure investment,Output (Y<sup>d</sup><sub>t</sub>),2.624
80,Infrastructure investment,Output (Y<sup>d</sup><sub>t</sub>),2.642
81,Infrastructure investment,Output (Y<sup>d</sup><sub>t</sub>),2.66
82,Infrastructure investment,Output (Y<sup>d</sup><sub>t</sub>),2.678
83,Infrastructure investment,Output (Y<sup>d</sup><sub>t</sub>),2.695
84,Infrastructure investment,Output (Y<sup>d</sup><sub>t</sub>),2.713
85,Infrastructure investment,Output (Y<sup>d</sup><sub>t</sub>),2.73
86,Infrastructure investment,Output (Y<sup>d</sup><sub>t</sub>),2.747
87,Infrastructure investment,Output (Y<sup>d</sup><sub>t</sub>),2.764
88,Infrastructure investment,Output (Y<sup>d</sup><sub>t</sub>),2.78
89,Infrastructure investment,Output (Y<sup>d</sup><sub>t</sub>),2.796
90,Infrastructure investment,Output (Y<sup>d</sup><sub>t</sub>),2.812
91,Infrastructure investment,Output (Y<sup>d</sup><sub>t</sub>),2.828
92,Infrastructure investment,Output (Y<sup>d</sup><sub>t</sub>),2.844
93,Infrastructure investment,Output (Y<sup>d</sup><sub>t</sub>),2.859
94,Infrastructure investment,Output (Y<sup>d</sup><sub>t</sub>),2.875
95,Infrastructure investment,Output (Y<sup>d</sup><sub>t</sub>),2.89
96,Infrastructure investment,Output (Y<sup>d</sup><sub>t</sub>),2.904
97,Infrastructure investment,Output (Y<sup>d</sup><sub>t</sub>),2.919
98,Infrastructure investment,Output (Y<sup>d</sup><sub>t</sub>),2.934
99,Infrastructure investment,Output (Y<sup>d</sup><sub>t</sub>),2.948
100,Infrastructure investment,Output (Y<sup>d</sup><sub>t</sub>),2.962
1,Human capital investment,Output (Y<sup>d</sup><sub>t</sub>),1.475
2,Human capital investment,Output (Y<sup>d</sup><sub>t</sub>),0.792
3,Human capital investment,Output (Y<sup>d</sup><sub>t</sub>),0.733
4,Human capital investment,Output (Y<sup>d</sup><sub>t</sub>),0.659
5,Human capital investment,Output (Y<sup>d</sup><sub>t</sub>),0.587
6,Human capital investment,Output (Y<sup>d</sup><sub>t</sub>),0.521
7,Human capital investment,Output (Y<sup>d</sup><sub>t</sub>),0.462
8,Human capital investment,Output (Y<sup>d</sup><sub>t</sub>),0.411
9,Human capital investment,Output (Y<sup>d</sup><sub>t</sub>),0.366
10,Human capital investment,Output (Y<sup>d</sup><sub>t</sub>),0.328
11,Human capital investment,Output (Y<sup>d</sup><sub>t</sub>),0.296
12,Human capital investment,Output (Y<sup>d</sup><sub>t</sub>),0.27
13,Human capital investment,Output (Y<sup>d</sup><sub>t</sub>),0.249
14,Human capital investment,Output (Y<sup>d</sup><sub>t</sub>),0.234
15,Human capital investment,Output (Y<sup>d</sup><sub>t</sub>),0.223
16,Human capital investment,Output (Y<sup>d</sup><sub>t</sub>),0.217
17,Human capital investment,Output (Y<sup>d</sup><sub>t</sub>),0.215
18,Human capital investment,Output (Y<sup>d</sup><sub>t</sub>),0.217
19,Human capital investment,Output (Y<sup>d</sup><sub>t</sub>),0.223
20,Human capital investment,Output (Y<sup>d</sup><sub>t</sub>),0.233
21,Human capital investment,Output (Y<sup>d</sup><sub>t</sub>),0.246
22,Human capital investment,Output (Y<sup>d</sup><sub>t</sub>),0.263
23,Human capital investment,Output (Y<sup>d</sup><sub>t</sub>),0.283
24,Human capital investment,Output (Y<sup>d</sup><sub>t</sub>),0.305
25,Human capital investment,Output (Y<sup>d</sup><sub>t</sub>),0.331
26,Human capital investment,Output (Y<sup>d</sup><sub>t</sub>),0.359
27,Human capital investment,Output (Y<sup>d</sup><sub>t</sub>),0.39
28,Human capital investment,Output (Y<sup>d</sup><sub>t</sub>),0.423
29,Human capital investment,Output (Y<sup>d</sup><sub>t</sub>),0.458
30,Human capital investment,Output (Y<sup>d</sup><sub>t</sub>),0.496
31,Human capital investment,Output (Y<sup>d</sup><sub>t</sub>),0.536
32,Human capital investment,Output (Y<sup>d</sup><sub>t</sub>),0.577
33,Human capital investment,Output (Y<sup>d</sup><sub>t</sub>),0.62
34,Human capital investment,Output (Y<sup>d</sup><sub>t</sub>),0.666
35,Human capital investment,Output (Y<sup>d</sup><sub>t</sub>),0.712
36,Human capital investment,Output (Y<sup>d</sup><sub>t</sub>),0.761
37,Human capital investment,Output (Y<sup>d</sup><sub>t</sub>),0.81
38,Human capital investment,Output (Y<sup>d</sup><sub>t</sub>),0.862
39,Human capital investment,Output (Y<sup>d</sup><sub>t</sub>),0.914
40,Human capital investment,Output (Y<sup>d</sup><sub>t</sub>),0.968
41,Human capital investment,Output (Y<sup>d</sup><sub>t</sub>),1.023
42,Human capital investment,Output (Y<sup>d</sup><sub>t</sub>),1.079
43,Human capital investment,Output (Y<sup>d</sup><sub>t</sub>),1.136
44,Human capital investment,Output (Y<sup>d</sup><sub>t</sub>),1.194
45,Human capital investment,Output (Y<sup>d</sup><sub>t</sub>),1.253
46,Human capital investment,Output (Y<sup>d</sup><sub>t</sub>),1.313
47,Human capital investment,Output (Y<sup>d</sup><sub>t</sub>),1.373
48,Human capital investment,Output (Y<sup>d</sup><sub>t</sub>),1.435
49,Human capital investment,Output (Y<sup>d</sup><sub>t</sub>),1.497
50,Human capital investment,Output (Y<sup>d</sup><sub>t</sub>),1.559
51,Human capital investment,Output (Y<sup>d</sup><sub>t</sub>),1.623
52,Human capital investment,Output (Y<sup>d</sup><sub>t</sub>),1.687
53,Human capital investment,Output (Y<sup>d</sup><sub>t</sub>),1.751
54,Human capital investment,Output (Y<sup>d</sup><sub>t</sub>),1.816
55,Human capital investment,Output (Y<sup>d</sup><sub>t</sub>),1.881
56,Human capital investment,Output (Y<sup>d</sup><sub>t</sub>),1.947
57,Human capital investment,Output (Y<sup>d</sup><sub>t</sub>),2.013
58,Human capital investment,Output (Y<sup>d</sup><sub>t</sub>),2.08
59,Human capital investment,Output (Y<sup>d</sup><sub>t</sub>),2.146
60,Human capital investment,Output (Y<sup>d</sup><sub>t</sub>),2.213
61,Human capital investment,Output (Y<sup>d</sup><sub>t</sub>),2.28
62,Human capital investment,Output (Y<sup>d</sup><sub>t</sub>),2.348
63,Human capital investment,Output (Y<sup>d</sup><sub>t</sub>),2.415
64,Human capital investment,Output (Y<sup>d</sup><sub>t</sub>),2.483
65,Human capital investment,Output (Y<sup>d</sup><sub>t</sub>),2.551
66,Human capital investment,Output (Y<sup>d</sup><sub>t</sub>),2.619
67,Human capital investment,Output (Y<sup>d</sup><sub>t</sub>),2.687
68,Human capital investment,Output (Y<sup>d</sup><sub>t</sub>),2.755
69,Human capital investment,Output (Y<sup>d</sup><sub>t</sub>),2.823
70,Human capital investment,Output (Y<sup>d</sup><sub>t</sub>),2.891
71,Human capital investment,Output (Y<sup>d</sup><sub>t</sub>),2.959
72,Human capital investment,Output (Y<sup>d</sup><sub>t</sub>),3.027
73,Human capital investment,Output (Y<sup>d</sup><sub>t</sub>),3.095
74,Human capital investment,Output (Y<sup>d</sup><sub>t</sub>),3.163
75,Human capital investment,Output (Y<sup>d</sup><sub>t</sub>),3.23
76,Human capital investment,Output (Y<sup>d</sup><sub>t</sub>),3.298
77,Human capital investment,Output (Y<sup>d</sup><sub>t</sub>),3.365
78,Human capital investment,Output (Y<sup>d</sup><sub>t</sub>),3.433
79,Human capital investment,Output (Y<sup>d</sup><sub>t</sub>),3.5
80,Human capital investment,Output (Y<sup>d</sup><sub>t</sub>),3.567
81,Human capital investment,Output (Y<sup>d</sup><sub>t</sub>),3.633
82,Human capital investment,Output (Y<sup>d</sup><sub>t</sub>),3.7
83,Human capital investment,Output (Y<sup>d</sup><sub>t</sub>),3.766
84,Human capital investment,Output (Y<sup>d</sup><sub>t</sub>),3.832
85,Human capital investment,Output (Y<sup>d</sup><sub>t</sub>),3.898
86,Human capital investment,Output (Y<sup>d</sup><sub>t</sub>),3.963
87,Human capital investment,Output (Y<sup>d</sup><sub>t</sub>),4.029
88,Human capital investment,Output (Y<sup>d</sup><sub>t</sub>),4.094
89,Human capital investment,Output (Y<sup>d</sup><sub>t</sub>),4.158
90,Human capital investment,Output (Y<sup>d</sup><sub>t</sub>),4.223
91,Human capital investment,Output (Y<sup>d</sup><sub>t</sub>),4.286
92,Human capital investment,Output (Y<sup>d</sup><sub>t</sub>),4.35
93,Human capital investment,Output (Y<sup>d</sup><sub>t</sub>),4.413
94,Human capital investment,Output (Y<sup>d</sup><sub>t</sub>),4.476
95,Human capital investment,Output (Y<sup>d</sup><sub>t</sub>),4.539
96,Human capital investment,Output (Y<sup>d</sup><sub>t</sub>),4.601
97,Human capital investment,Output (Y<sup>d</sup><sub>t</sub>),4.663
98,Human capital investment,Output (Y<sup>d</sup><sub>t</sub>),4.724
99,Human capital investment,Output (Y<sup>d</sup><sub>t</sub>),4.785
100,Human capital investment,Output (Y<sup>d</sup><sub>t</sub>),4.846
1,R&D spending,Output (Y<sup>d</sup><sub>t</sub>),0.591
2,R&D spending,Output (Y<sup>d</sup><sub>t</sub>),0.035
3,R&D spending,Output (Y<sup>d</sup><sub>t</sub>),-0.021
4,R&D spending,Output (Y<sup>d</sup><sub>t</sub>),-0.056
5,R&D spending,Output (Y<sup>d</sup><sub>t</sub>),-0.069
6,R&D spending,Output (Y<sup>d</sup><sub>t</sub>),-0.061
7,R&D spending,Output (Y<sup>d</sup><sub>t</sub>),-0.037
8,R&D spending,Output (Y<sup>d</sup><sub>t</sub>),-0.001
9,R&D spending,Output (Y<sup>d</sup><sub>t</sub>),0.046
10,R&D spending,Output (Y<sup>d</sup><sub>t</sub>),0.099
11,R&D spending,Output (Y<sup>d</sup><sub>t</sub>),0.159
12,R&D spending,Output (Y<sup>d</sup><sub>t</sub>),0.222
13,R&D spending,Output (Y<sup>d</sup><sub>t</sub>),0.288
14,R&D spending,Output (Y<sup>d</sup><sub>t</sub>),0.356
15,R&D spending,Output (Y<sup>d</sup><sub>t</sub>),0.426
16,R&D spending,Output (Y<sup>d</sup><sub>t</sub>),0.496
17,R&D spending,Output (Y<sup>d</sup><sub>t</sub>),0.567
18,R&D spending,Output (Y<sup>d</sup><sub>t</sub>),0.638
19,R&D spending,Output (Y<sup>d</sup><sub>t</sub>),0.709
20,R&D spending,Output (Y<sup>d</sup><sub>t</sub>),0.78
21,R&D spending,Output (Y<sup>d</sup><sub>t</sub>),0.85
22,R&D spending,Output (Y<sup>d</sup><sub>t</sub>),0.919
23,R&D spending,Output (Y<sup>d</sup><sub>t</sub>),0.988
24,R&D spending,Output (Y<sup>d</sup><sub>t</sub>),1.056
25,R&D spending,Output (Y<sup>d</sup><sub>t</sub>),1.123
26,R&D spending,Output (Y<sup>d</sup><sub>t</sub>),1.19
27,R&D spending,Output (Y<sup>d</sup><sub>t</sub>),1.256
28,R&D spending,Output (Y<sup>d</sup><sub>t</sub>),1.32
29,R&D spending,Output (Y<sup>d</sup><sub>t</sub>),1.384
30,R&D spending,Output (Y<sup>d</sup><sub>t</sub>),1.448
31,R&D spending,Output (Y<sup>d</sup><sub>t</sub>),1.51
32,R&D spending,Output (Y<sup>d</sup><sub>t</sub>),1.571
33,R&D spending,Output (Y<sup>d</sup><sub>t</sub>),1.632
34,R&D spending,Output (Y<sup>d</sup><sub>t</sub>),1.692
35,R&D spending,Output (Y<sup>d</sup><sub>t</sub>),1.751
36,R&D spending,Output (Y<sup>d</sup><sub>t</sub>),1.809
37,R&D spending,Output (Y<sup>d</sup><sub>t</sub>),1.866
38,R&D spending,Output (Y<sup>d</sup><sub>t</sub>),1.923
39,R&D spending,Output (Y<sup>d</sup><sub>t</sub>),1.978
40,R&D spending,Output (Y<sup>d</sup><sub>t</sub>),2.033
41,R&D spending,Output (Y<sup>d</sup><sub>t</sub>),2.088
42,R&D spending,Output (Y<sup>d</sup><sub>t</sub>),2.141
43,R&D spending,Output (Y<sup>d</sup><sub>t</sub>),2.194
44,R&D spending,Output (Y<sup>d</sup><sub>t</sub>),2.246
45,R&D spending,Output (Y<sup>d</sup><sub>t</sub>),2.297
46,R&D spending,Output (Y<sup>d</sup><sub>t</sub>),2.348
47,R&D spending,Output (Y<sup>d</sup><sub>t</sub>),2.398
48,R&D spending,Output (Y<sup>d</sup><sub>t</sub>),2.447
49,R&D spending,Output (Y<sup>d</sup><sub>t</sub>),2.496
50,R&D spending,Output (Y<sup>d</sup><sub>t</sub>),2.544
51,R&D spending,Output (Y<sup>d</sup><sub>t</sub>),2.591
52,R&D spending,Output (Y<sup>d</sup><sub>t</sub>),2.637
53,R&D spending,Output (Y<sup>d</sup><sub>t</sub>),2.683
54,R&D spending,Output (Y<sup>d</sup><sub>t</sub>),2.729
55,R&D spending,Output (Y<sup>d</sup><sub>t</sub>),2.773
56,R&D spending,Output (Y<sup>d</sup><sub>t</sub>),2.818
57,R&D spending,Output (Y<sup>d</sup><sub>t</sub>),2.861
58,R&D spending,Output (Y<sup>d</sup><sub>t</sub>),2.904
59,R&D spending,Output (Y<sup>d</sup><sub>t</sub>),2.946
60,R&D spending,Output (Y<sup>d</sup><sub>t</sub>),2.988
61,R&D spending,Output (Y<sup>d</sup><sub>t</sub>),3.029
62,R&D spending,Output (Y<sup>d</sup><sub>t</sub>),3.07
63,R&D spending,Output (Y<sup>d</sup><sub>t</sub>),3.11
64,R&D spending,Output (Y<sup>d</sup><sub>t</sub>),3.149
65,R&D spending,Output (Y<sup>d</sup><sub>t</sub>),3.188
66,R&D spending,Output (Y<sup>d</sup><sub>t</sub>),3.226
67,R&D spending,Output (Y<sup>d</sup><sub>t</sub>),3.264
68,R&D spending,Output (Y<sup>d</sup><sub>t</sub>),3.302
69,R&D spending,Output (Y<sup>d</sup><sub>t</sub>),3.338
70,R&D spending,Output (Y<sup>d</sup><sub>t</sub>),3.375
71,R&D spending,Output (Y<sup>d</sup><sub>t</sub>),3.411
72,R&D spending,Output (Y<sup>d</sup><sub>t</sub>),3.446
73,R&D spending,Output (Y<sup>d</sup><sub>t</sub>),3.481
74,R&D spending,Output (Y<sup>d</sup><sub>t</sub>),3.515
75,R&D spending,Output (Y<sup>d</sup><sub>t</sub>),3.549
76,R&D spending,Output (Y<sup>d</sup><sub>t</sub>),3.582
77,R&D spending,Output (Y<sup>d</sup><sub>t</sub>),3.615
78,R&D spending,Output (Y<sup>d</sup><sub>t</sub>),3.648
79,R&D spending,Output (Y<sup>d</sup><sub>t</sub>),3.68
80,R&D spending,Output (Y<sup>d</sup><sub>t</sub>),3.711
81,R&D spending,Output (Y<sup>d</sup><sub>t</sub>),3.742
82,R&D spending,Output (Y<sup>d</sup><sub>t</sub>),3.773
83,R&D spending,Output (Y<sup>d</sup><sub>t</sub>),3.803
84,R&D spending,Output (Y<sup>d</sup><sub>t</sub>),3.833
85,R&D spending,Output (Y<sup>d</sup><sub>t</sub>),3.863
86,R&D spending,Output (Y<sup>d</sup><sub>t</sub>),3.892
87,R&D spending,Output (Y<sup>d</sup><sub>t</sub>),3.92
88,R&D spending,Output (Y<sup>d</sup><sub>t</sub>),3.948
89,R&D spending,Output (Y<sup>d</sup><sub>t</sub>),3.976
90,R&D spending,Output (Y<sup>d</sup><sub>t</sub>),4.004
91,R&D spending,Output (Y<sup>d</sup><sub>t</sub>),4.031
92,R&D spending,Output (Y<sup>d</sup><sub>t</sub>),4.057
93,R&D spending,Output (Y<sup>d</sup><sub>t</sub>),4.084
94,R&D spending,Output (Y<sup>d</sup><sub>t</sub>),4.11
95,R&D spending,Output (Y<sup>d</sup><sub>t</sub>),4.135
96,R&D spending,Output (Y<sup>d</sup><sub>t</sub>),4.16
97,R&D spending,Output (Y<sup>d</sup><sub>t</sub>),4.185
98,R&D spending,Output (Y<sup>d</sup><sub>t</sub>),4.21
99,R&D spending,Output (Y<sup>d</sup><sub>t</sub>),4.234
100,R&D spending,Output (Y<sup>d</sup><sub>t</sub>),4.258
1,Government consumption,Consumption (C<sub>t</sub>),-1.697
2,Government consumption,Consumption (C<sub>t</sub>),-1.692
3,Government consumption,Consumption (C<sub>t</sub>),-1.686
4,Government consumption,Consumption (C<sub>t</sub>),-1.68
5,Government consumption,Consumption (C<sub>t</sub>),-1.674
6,Government consumption,Consumption (C<sub>t</sub>),-1.667
7,Government consumption,Consumption (C<sub>t</sub>),-1.661
8,Government consumption,Consumption (C<sub>t</sub>),-1.655
9,Government consumption,Consumption (C<sub>t</sub>),-1.648
10,Government consumption,Consumption (C<sub>t</sub>),-1.642
11,Government consumption,Consumption (C<sub>t</sub>),-1.635
12,Government consumption,Consumption (C<sub>t</sub>),-1.629
13,Government consumption,Consumption (C<sub>t</sub>),-1.622
14,Government consumption,Consumption (C<sub>t</sub>),-1.616
15,Government consumption,Consumption (C<sub>t</sub>),-1.609
16,Government consumption,Consumption (C<sub>t</sub>),-1.603
17,Government consumption,Consumption (C<sub>t</sub>),-1.596
18,Government consumption,Consumption (C<sub>t</sub>),-1.59
19,Government consumption,Consumption (C<sub>t</sub>),-1.583
20,Government consumption,Consumption (C<sub>t</sub>),-1.577
21,Government consumption,Consumption (C<sub>t</sub>),-1.571
22,Government consumption,Consumption (C<sub>t</sub>),-1.564
23,Government consumption,Consumption (C<sub>t</sub>),-1.558
24,Government consumption,Consumption (C<sub>t</sub>),-1.551
25,Government consumption,Consumption (C<sub>t</sub>),-1.545
26,Government consumption,Consumption (C<sub>t</sub>),-1.539
27,Government consumption,Consumption (C<sub>t</sub>),-1.533
28,Government consumption,Consumption (C<sub>t</sub>),-1.526
29,Government consumption,Consumption (C<sub>t</sub>),-1.52
30,Government consumption,Consumption (C<sub>t</sub>),-1.514
31,Government consumption,Consumption (C<sub>t</sub>),-1.508
32,Government consumption,Consumption (C<sub>t</sub>),-1.502
33,Government consumption,Consumption (C<sub>t</sub>),-1.496
34,Government consumption,Consumption (C<sub>t</sub>),-1.49
35,Government consumption,Consumption (C<sub>t</sub>),-1.484
36,Government consumption,Consumption (C<sub>t</sub>),-1.478
37,Government consumption,Consumption (C<sub>t</sub>),-1.472
38,Government consumption,Consumption (C<sub>t</sub>),-1.466
39,Government consumption,Consumption (C<sub>t</sub>),-1.46
40,Government consumption,Consumption (C<sub>t</sub>),-1.455
41,Government consumption,Consumption (C<sub>t</sub>),-1.449
42,Government consumption,Consumption (C<sub>t</sub>),-1.443
43,Government consumption,Consumption (C<sub>t</sub>),-1.438
44,Government consumption,Consumption (C<sub>t</sub>),-1.432
45,Government consumption,Consumption (C<sub>t</sub>),-1.427
46,Government consumption,Consumption (C<sub>t</sub>),-1.421
47,Government consumption,Consumption (C<sub>t</sub>),-1.416
48,Government consumption,Consumption (C<sub>t</sub>),-1.41
49,Government consumption,Consumption (C<sub>t</sub>),-1.405
50,Government consumption,Consumption (C<sub>t</sub>),-1.4
51,Government consumption,Consumption (C<sub>t</sub>),-1.394
52,Government consumption,Consumption (C<sub>t</sub>),-1.389
53,Government consumption,Consumption (C<sub>t</sub>),-1.384
54,Government consumption,Consumption (C<sub>t</sub>),-1.379
55,Government consumption,Consumption (C<sub>t</sub>),-1.374
56,Government consumption,Consumption (C<sub>t</sub>),-1.369
57,Government consumption,Consumption (C<sub>t</sub>),-1.364
58,Government consumption,Consumption (C<sub>t</sub>),-1.359
59,Government consumption,Consumption (C<sub>t</sub>),-1.354
60,Government consumption,Consumption (C<sub>t</sub>),-1.35
61,Government consumption,Consumption (C<sub>t</sub>),-1.345
62,Government consumption,Consumption (C<sub>t</sub>),-1.34
63,Government consumption,Consumption (C<sub>t</sub>),-1.335
64,Government consumption,Consumption (C<sub>t</sub>),-1.331
65,Government consumption,Consumption (C<sub>t</sub>),-1.326
66,Government consumption,Consumption (C<sub>t</sub>),-1.322
67,Government consumption,Consumption (C<sub>t</sub>),-1.317
68,Government consumption,Consumption (C<sub>t</sub>),-1.313
69,Government consumption,Consumption (C<sub>t</sub>),-1.309
70,Government consumption,Consumption (C<sub>t</sub>),-1.304
71,Government consumption,Consumption (C<sub>t</sub>),-1.3
72,Government consumption,Consumption (C<sub>t</sub>),-1.296
73,Government consumption,Consumption (C<sub>t</sub>),-1.292
74,Government consumption,Consumption (C<sub>t</sub>),-1.287
75,Government consumption,Consumption (C<sub>t</sub>),-1.283
76,Government consumption,Consumption (C<sub>t</sub>),-1.279
77,Government consumption,Consumption (C<sub>t</sub>),-1.275
78,Government consumption,Consumption (C<sub>t</sub>),-1.271
79,Government consumption,Consumption (C<sub>t</sub>),-1.268
80,Government consumption,Consumption (C<sub>t</sub>),-1.264
81,Government consumption,Consumption (C<sub>t</sub>),-1.26
82,Government consumption,Consumption (C<sub>t</sub>),-1.256
83,Government consumption,Consumption (C<sub>t</sub>),-1.252
84,Government consumption,Consumption (C<sub>t</sub>),-1.249
85,Government consumption,Consumption (C<sub>t</sub>),-1.245
86,Government consumption,Consumption (C<sub>t</sub>),-1.241
87,Government consumption,Consumption (C<sub>t</sub>),-1.238
88,Government consumption,Consumption (C<sub>t</sub>),-1.234
89,Government consumption,Consumption (C<sub>t</sub>),-1.231
90,Government consumption,Consumption (C<sub>t</sub>),-1.227
91,Government consumption,Consumption (C<sub>t</sub>),-1.224
92,Government consumption,Consumption (C<sub>t</sub>),-1.221
93,Government consumption,Consumption (C<sub>t</sub>),-1.217
94,Government consumption,Consumption (C<sub>t</sub>),-1.214
95,Government consumption,Consumption (C<sub>t</sub>),-1.211
96,Government consumption,Consumption (C<sub>t</sub>),-1.208
97,Government consumption,Consumption (C<sub>t</sub>),-1.204
98,Government consumption,Consumption (C<sub>t</sub>),-1.201
99,Government consumption,Consumption (C<sub>t</sub>),-1.198
100,Government consumption,Consumption (C<sub>t</sub>),-1.195
1,Infrastructure investment,Consumption (C<sub>t</sub>),-0.787
2,Infrastructure investment,Consumption (C<sub>t</sub>),-0.787
3,Infrastructure investment,Consumption (C<sub>t</sub>),-0.782
4,Infrastructure investment,Consumption (C<sub>t</sub>),-0.772
5,Infrastructure investment,Consumption (C<sub>t</sub>),-0.759
6,Infrastructure investment,Consumption (C<sub>t</sub>),-0.742
7,Infrastructure investment,Consumption (C<sub>t</sub>),-0.723
8,Infrastructure investment,Consumption (C<sub>t</sub>),-0.7
9,Infrastructure investment,Consumption (C<sub>t</sub>),-0.676
10,Infrastructure investment,Consumption (C<sub>t</sub>),-0.649
11,Infrastructure investment,Consumption (C<sub>t</sub>),-0.621
12,Infrastructure investment,Consumption (C<sub>t</sub>),-0.59
13,Infrastructure investment,Consumption (C<sub>t</sub>),-0.558
14,Infrastructure investment,Consumption (C<sub>t</sub>),-0.525
15,Infrastructure investment,Consumption (C<sub>t</sub>),-0.49
16,Infrastructure investment,Consumption (C<sub>t</sub>),-0.454
17,Infrastructure investment,Consumption (C<sub>t</sub>),-0.417
18,Infrastructure investment,Consumption (C<sub>t</sub>),-0.379
19,Infrastructure investment,Consumption (C<sub>t</sub>),-0.341
20,Infrastructure investment,Consumption (C<sub>t</sub>),-0.301
21,Infrastructure investment,Consumption (C<sub>t</sub>),-0.261
22,Infrastructure investment,Consumption (C<sub>t</sub>),-0.221
23,Infrastructure investment,Consumption (C<sub>t</sub>),-0.18
24,Infrastructure investment,Consumption (C<sub>t</sub>),-0.138
25,Infrastructure investment,Consumption (C<sub>t</sub>),-0.097
26,Infrastructure investment,Consumption (C<sub>t</sub>),-0.055
27,Infrastructure investment,Consumption (C<sub>t</sub>),-0.013
28,Infrastructure investment,Consumption (C<sub>t</sub>),0.029
29,Infrastructure investment,Consumption (C<sub>t</sub>),0.072
30,Infrastructure investment,Consumption (C<sub>t</sub>),0.114
31,Infrastructure investment,Consumption (C<sub>t</sub>),0.157
32,Infrastructure investment,Consumption (C<sub>t</sub>),0.199
33,Infrastructure investment,Consumption (C<sub>t</sub>),0.241
34,Infrastructure investment,Consumption (C<sub>t</sub>),0.284
35,Infrastructure investment,Consumption (C<sub>t</sub>),0.326
36,Infrastructure investment,Consumption (C<sub>t</sub>),0.368
37,Infrastructure investment,Consumption (C<sub>t</sub>),0.41
38,Infrastructure investment,Consumption (C<sub>t</sub>),0.452
39,Infrastructure investment,Consumption (C<sub>t</sub>),0.493
40,Infrastructure investment,Consumption (C<sub>t</sub>),0.535
41,Infrastructure investment,Consumption (C<sub>t</sub>),0.576
42,Infrastructure investment,Consumption (C<sub>t</sub>),0.617
43,Infrastructure investment,Consumption (C<sub>t</sub>),0.657
44,Infrastructure investment,Consumption (C<sub>t</sub>),0.698
45,Infrastructure investment,Consumption (C<sub>t</sub>),0.738
46,Infrastructure investment,Consumption (C<sub>t</sub>),0.777
47,Infrastructure investment,Consumption (C<sub>t</sub>),0.817
48,Infrastructure investment,Consumption (C<sub>t</sub>),0.856
49,Infrastructure investment,Consumption (C<sub>t</sub>),0.895
50,Infrastructure investment,Consumption (C<sub>t</sub>),0.933
51,Infrastructure investment,Consumption (C<sub>t</sub>),0.972
52,Infrastructure investment,Consumption (C<sub>t</sub>),1.009
53,Infrastructure investment,Consumption (C<sub>t</sub>),1.047
54,Infrastructure investment,Consumption (C<sub>t</sub>),1.084
55,Infrastructure investment,Consumption (C<sub>t</sub>),1.121
56,Infrastructure investment,Consumption (C<sub>t</sub>),1.158
57,Infrastructure investment,Consumption (C<sub>t</sub>),1.194
58,Infrastructure investment,Consumption (C<sub>t</sub>),1.229
59,Infrastructure investment,Consumption (C<sub>t</sub>),1.265
60,Infrastructure investment,Consumption (C<sub>t</sub>),1.3
61,Infrastructure investment,Consumption (C<sub>t</sub>),1.335
62,Infrastructure investment,Consumption (C<sub>t</sub>),1.369
63,Infrastructure investment,Consumption (C<sub>t</sub>),1.403
64,Infrastructure investment,Consumption (C<sub>t</sub>),1.437
65,Infrastructure investment,Consumption (C<sub>t</sub>),1.47
66,Infrastructure investment,Consumption (C<sub>t</sub>),1.503
67,Infrastructure investment,Consumption (C<sub>t</sub>),1.536
68,Infrastructure investment,Consumption (C<sub>t</sub>),1.568
69,Infrastructure investment,Consumption (C<sub>t</sub>),1.6
70,Infrastructure investment,Consumption (C<sub>t</sub>),1.632
71,Infrastructure investment,Consumption (C<sub>t</sub>),1.663
72,Infrastructure investment,Consumption (C<sub>t</sub>),1.694
73,Infrastructure investment,Consumption (C<sub>t</sub>),1.725
74,Infrastructure investment,Consumption (C<sub>t</sub>),1.755
75,Infrastructure investment,Consumption (C<sub>t</sub>),1.785
76,Infrastructure investment,Consumption (C<sub>t</sub>),1.814
77,Infrastructure investment,Consumption (C<sub>t</sub>),1.843
78,Infrastructure investment,Consumption (C<sub>t</sub>),1.872
79,Infrastructure investment,Consumption (C<sub>t</sub>),1.901
80,Infrastructure investment,Consumption (C<sub>t</sub>),1.929
81,Infrastructure investment,Consumption (C<sub>t</sub>),1.957
82,Infrastructure investment,Consumption (C<sub>t</sub>),1.984
83,Infrastructure investment,Consumption (C<sub>t</sub>),2.012
84,Infrastructure investment,Consumption (C<sub>t</sub>),2.039
85,Infrastructure investment,Consumption (C<sub>t</sub>),2.065
86,Infrastructure investment,Consumption (C<sub>t</sub>),2.091
87,Infrastructure investment,Consumption (C<sub>t</sub>),2.117
88,Infrastructure investment,Consumption (C<sub>t</sub>),2.143
89,Infrastructure investment,Consumption (C<sub>t</sub>),2.168
90,Infrastructure investment,Consumption (C<sub>t</sub>),2.194
91,Infrastructure investment,Consumption (C<sub>t</sub>),2.218
92,Infrastructure investment,Consumption (C<sub>t</sub>),2.243
93,Infrastructure investment,Consumption (C<sub>t</sub>),2.267
94,Infrastructure investment,Consumption (C<sub>t</sub>),2.291
95,Infrastructure investment,Consumption (C<sub>t</sub>),2.314
96,Infrastructure investment,Consumption (C<sub>t</sub>),2.338
97,Infrastructure investment,Consumption (C<sub>t</sub>),2.361
98,Infrastructure investment,Consumption (C<sub>t</sub>),2.383
99,Infrastructure investment,Consumption (C<sub>t</sub>),2.406
100,Infrastructure investment,Consumption (C<sub>t</sub>),2.428
1,Human capital investment,Consumption (C<sub>t</sub>),-0.795
2,Human capital investment,Consumption (C<sub>t</sub>),-0.777
3,Human capital investment,Consumption (C<sub>t</sub>),-0.76
4,Human capital investment,Consumption (C<sub>t</sub>),-0.745
5,Human capital investment,Consumption (C<sub>t</sub>),-0.732
6,Human capital investment,Consumption (C<sub>t</sub>),-0.721
7,Human capital investment,Consumption (C<sub>t</sub>),-0.711
8,Human capital investment,Consumption (C<sub>t</sub>),-0.702
9,Human capital investment,Consumption (C<sub>t</sub>),-0.693
10,Human capital investment,Consumption (C<sub>t</sub>),-0.684
11,Human capital investment,Consumption (C<sub>t</sub>),-0.675
12,Human capital investment,Consumption (C<sub>t</sub>),-0.665
13,Human capital investment,Consumption (C<sub>t</sub>),-0.654
14,Human capital investment,Consumption (C<sub>t</sub>),-0.643
15,Human capital investment,Consumption (C<sub>t</sub>),-0.63
16,Human capital investment,Consumption (C<sub>t</sub>),-0.615
17,Human capital investment,Consumption (C<sub>t</sub>),-0.6
18,Human capital investment,Consumption (C<sub>t</sub>),-0.582
19,Human capital investment,Consumption (C<sub>t</sub>),-0.563
20,Human capital investment,Consumption (C<sub>t</sub>),-0.542
21,Human capital investment,Consumption (C<sub>t</sub>),-0.519
22,Human capital investment,Consumption (C<sub>t</sub>),-0.493
23,Human capital investment,Consumption (C<sub>t</sub>),-0.466
24,Human capital investment,Consumption (C<sub>t</sub>),-0.437
25,Human capital investment,Consumption (C<sub>t</sub>),-0.406
26,Human capital investment,Consumption (C<sub>t</sub>),-0.373
27,Human capital investment,Consumption (C<sub>t</sub>),-0.338
28,Human capital investment,Consumption (C<sub>t</sub>),-0.3
29,Human capital investment,Consumption (C<sub>t</sub>),-0.261
30,Human capital investment,Consumption (C<sub>t</sub>),-0.219
31,Human capital investment,Consumption (C<sub>t</sub>),-0.175
32,Human capital investment,Consumption (C<sub>t</sub>),-0.13
33,Human capital investment,Consumption (C<sub>t</sub>),-0.082
34,Human capital investment,Consumption (C<sub>t</sub>),-0.033
35,Human capital investment,Consumption (C<sub>t</sub>),0.019
36,Human capital investment,Consumption (C<sub>t</sub>),0.072
37,Human capital investment,Consumption (C<sub>t</sub>),0.128
38,Human capital investment,Consumption (C<sub>t</sub>),0.185
39,Human capital investment,Consumption (C<sub>t</sub>),0.243
40,Human capital investment,Consumption (C<sub>t</sub>),0.304
41,Human capital investment,Consumption (C<sub>t</sub>),0.366
42,Human capital investment,Consumption (C<sub>t</sub>),0.43
43,Human capital investment,Consumption (C<sub>t</sub>),0.495
44,Human capital investment,Consumption (C<sub>t</sub>),0.562
45,Human capital investment,Consumption (C<sub>t</sub>),0.63
46,Human capital investment,Consumption (C<sub>t</sub>),0.7
47,Human capital investment,Consumption (C<sub>t</sub>),0.771
48,Human capital investment,Consumption (C<sub>t</sub>),0.844
49,Human capital investment,Consumption (C<sub>t</sub>),0.917
50,Human capital investment,Consumption (C<sub>t</sub>),0.992
51,Human capital investment,Consumption (C<sub>t</sub>),1.068
52,Human capital investment,Consumption (C<sub>t</sub>),1.146
53,Human capital investment,Consumption (C<sub>t</sub>),1.224
54,Human capital investment,Consumption (C<sub>t</sub>),1.303
55,Human capital investment,Consumption (C<sub>t</sub>),1.383
56,Human capital investment,Consumption (C<sub>t</sub>),1.465
57,Human capital investment,Consumption (C<sub>t</sub>),1.547
58,Human capital investment,Consumption (C<sub>t</sub>),1.63
59,Human capital investment,Consumption (C<sub>t</sub>),1.713
60,Human capital investment,Consumption (C<sub>t</sub>),1.798
61,Human capital investment,Consumption (C<sub>t</sub>),1.883
62,Human capital investment,Consumption (C<sub>t</sub>),1.969
63,Human capital investment,Consumption (C<sub>t</sub>),2.055
64,Human capital investment,Consumption (C<sub>t</sub>),2.142
65,Human capital investment,Consumption (C<sub>t</sub>),2.229
66,Human capital investment,Consumption (C<sub>t</sub>),2.317
67,Human capital investment,Consumption (C<sub>t</sub>),2.406
68,Human capital investment,Consumption (C<sub>t</sub>),2.495
69,Human capital investment,Consumption (C<sub>t</sub>),2.584
70,Human capital investment,Consumption (C<sub>t</sub>),2.673
71,Human capital investment,Consumption (C<sub>t</sub>),2.763
72,Human capital investment,Consumption (C<sub>t</sub>),2.853
73,Human capital investment,Consumption (C<sub>t</sub>),2.944
74,Human capital investment,Consumption (C<sub>t</sub>),3.034
75,Human capital investment,Consumption (C<sub>t</sub>),3.125
76,Human capital investment,Consumption (C<sub>t</sub>),3.216
77,Human capital investment,Consumption (C<sub>t</sub>),3.307
78,Human capital investment,Consumption (C<sub>t</sub>),3.398
79,Human capital investment,Consumption (C<sub>t</sub>),3.49
80,Human capital investment,Consumption (C<sub>t</sub>),3.581
81,Human capital investment,Consumption (C<sub>t</sub>),3.672
82,Human capital investment,Consumption (C<sub>t</sub>),3.763
83,Human capital investment,Consumption (C<sub>t</sub>),3.854
84,Human capital investment,Consumption (C<sub>t</sub>),3.945
85,Human capital investment,Consumption (C<sub>t</sub>),4.036
86,Human capital investment,Consumption (C<sub>t</sub>),4.127
87,Human capital investment,Consumption (C<sub>t</sub>),4.218
88,Human capital investment,Consumption (C<sub>t</sub>),4.308
89,Human capital investment,Consumption (C<sub>t</sub>),4.399
90,Human capital investment,Consumption (C<sub>t</sub>),4.489
91,Human capital investment,Consumption (C<sub>t</sub>),4.579
92,Human capital investment,Consumption (C<sub>t</sub>),4.668
93,Human capital investment,Consumption (C<sub>t</sub>),4.758
94,Human capital investment,Consumption (C<sub>t</sub>),4.847
95,Human capital investment,Consumption (C<sub>t</sub>),4.936
96,Human capital investment,Consumption (C<sub>t</sub>),5.024
97,Human capital investment,Consumption (C<sub>t</sub>),5.112
98,Human capital investment,Consumption (C<sub>t</sub>),5.2
99,Human capital investment,Consumption (C<sub>t</sub>),5.287
100,Human capital investment,Consumption (C<sub>t</sub>),5.375
1,R&D spending,Consumption (C<sub>t</sub>),-0.989
2,R&D spending,Consumption (C<sub>t</sub>),-0.994
3,R&D spending,Consumption (C<sub>t</sub>),-1.0
4,R&D spending,Consumption (C<sub>t</sub>),-1.005
5,R&D spending,Consumption (C<sub>t</sub>),-1.009
6,R&D spending,Consumption (C<sub>t</sub>),-1.01
7,R&D spending,Consumption (C<sub>t</sub>),-1.007
8,R&D spending,Consumption (C<sub>t</sub>),-1.0
9,R&D spending,Consumption (C<sub>t</sub>),-0.988
10,R&D spending,Consumption (C<sub>t</sub>),-0.972
11,R&D spending,Consumption (C<sub>t</sub>),-0.95
12,R&D spending,Consumption (C<sub>t</sub>),-0.924
13,R&D spending,Consumption (C<sub>t</sub>),-0.894
14,R&D spending,Consumption (C<sub>t</sub>),-0.859
15,R&D spending,Consumption (C<sub>t</sub>),-0.82
16,R&D spending,Consumption (C<sub>t</sub>),-0.778
17,R&D spending,Consumption (C<sub>t</sub>),-0.731
18,R&D spending,Consumption (C<sub>t</sub>),-0.681
19,R&D spending,Consumption (C<sub>t</sub>),-0.628
20,R&D spending,Consumption (C<sub>t</sub>),-0.573
21,R&D spending,Consumption (C<sub>t</sub>),-0.514
22,R&D spending,Consumption (C<sub>t</sub>),-0.453
23,R&D spending,Consumption (C<sub>t</sub>),-0.39
24,R&D spending,Consumption (C<sub>t</sub>),-0.325
25,R&D spending,Consumption (C<sub>t</sub>),-0.259
26,R&D spending,Consumption (C<sub>t</sub>),-0.19
27,R&D spending,Consumption (C<sub>t</sub>),-0.121
28,R&D spending,Consumption (C<sub>t</sub>),-0.05
29,R&D spending,Consumption (C<sub>t</sub>),0.022
30,R&D spending,Consumption (C<sub>t</sub>),0.095
31,R&D spending,Consumption (C<sub>t</sub>),0.168
32,R&D spending,Consumption (C<sub>t</sub>),0.242
33,R&D spending,Consumption (C<sub>t</sub>),0.317
34,R&D spending,Consumption (C<sub>t</sub>),0.392
35,R&D spending,Consumption (C<sub>t</sub>),0.468
36,R&D spending,Consumption (C<sub>t</sub>),0.543
37,R&D spending,Consumption (C<sub>t</sub>),0.619
38,R&D spending,Consumption (C<sub>t</sub>),0.695
39,R&D spending,Consumption (C<sub>t</sub>),0.77
40,R&D spending,Consumption (C<sub>t</sub>),0.846
41,R&D spending,Consumption (C<sub>t</sub>),0.921
42,R&D spending,Consumption (C<sub>t</sub>),0.997
43,R&D spending,Consumption (C<sub>t</sub>),1.072
44,R&D spending,Consumption (C<sub>t</sub>),1.146
45,R&D spending,Consumption (C<sub>t</sub>),1.22
46,R&D spending,Consumption (C<sub>t</sub>),1.294
47,R&D spending,Consumption (C<sub>t</sub>),1.368
48,R&D spending,Consumption (C<sub>t</sub>),1.44
49,R&D spending,Consumption (C<sub>t</sub>),1.513
50,R&D spending,Consumption (C<sub>t</sub>),1.585
51,R&D spending,Consumption (C<sub>t</sub>),1.656
52,R&D spending,Consumption (C<sub>t</sub>),1.727
53,R&D spending,Consumption (C<sub>t</sub>),1.797
54,R&D spending,Consumption (C<sub>t</sub>),1.866
55,R&D spending,Consumption (C<sub>t</sub>),1.935
56,R&D spending,Consumption (C<sub>t</sub>),2.003
57,R&D spending,Consumption (C<sub>t</sub>),2.071
58,R&D spending,Consumption (C<sub>t</sub>),2.137
59,R&D spending,Consumption (C<sub>t</sub>),2.204
60,R&D spending,Consumption (C<sub>t</sub>),2.269
61,R&D spending,Consumption (C<sub>t</sub>),2.334
62,R&D spending,Consumption (C<sub>t</sub>),2.398
63,R&D spending,Consumption (C<sub>t</sub>),2.461
64,R&D spending,Consumption (C<sub>t</sub>),2.524
65,R&D spending,Consumption (C<sub>t</sub>),2.586
66,R&D spending,Consumption (C<sub>t</sub>),2.647
67,R&D spending,Consumption (C<sub>t</sub>),2.707
68,R&D spending,Consumption (C<sub>t</sub>),2.767
69,R&D spending,Consumption (C<sub>t</sub>),2.826
70,R&D spending,Consumption (C<sub>t</sub>),2.885
71,R&D spending,Consumption (C<sub>t</sub>),2.942
72,R&D spending,Consumption (C<sub>t</sub>),2.999
73,R&D spending,Consumption (C<sub>t</sub>),3.056
74,R&D spending,Consumption (C<sub>t</sub>),3.111
75,R&D spending,Consumption (C<sub>t</sub>),3.166
76,R&D spending,Consumption (C<sub>t</sub>),3.22
77,R&D spending,Consumption (C<sub>t</sub>),3.274
78,R&D spending,Consumption (C<sub>t</sub>),3.326
79,R&D spending,Consumption (C<sub>t</sub>),3.378
80,R&D spending,Consumption (C<sub>t</sub>),3.43
81,R&D spending,Consumption (C<sub>t</sub>),3.481
82,R&D spending,Consumption (C<sub>t</sub>),3.531
83,R&D spending,Consumption (C<sub>t</sub>),3.58
84,R&D spending,Consumption (C<sub>t</sub>),3.629
85,R&D spending,Consumption (C<sub>t</sub>),3.677
86,R&D spending,Consumption (C<sub>t</sub>),3.725
87,R&D spending,Consumption (C<sub>t</sub>),3.771
88,R&D spending,Consumption (C<sub>t</sub>),3.818
89,R&D spending,Consumption (C<sub>t</sub>),3.863
90,R&D spending,Consumption (C<sub>t</sub>),3.908
91,R&D spending,Consumption (C<sub>t</sub>),3.953
92,R&D spending,Consumption (C<sub>t</sub>),3.996
93,R&D spending,Consumption (C<sub>t</sub>),4.04
94,R&D spending,Consumption (C<sub>t</sub>),4.082
95,R&D spending,Consumption (C<sub>t</sub>),4.124
96,R&D spending,Consumption (C<sub>t</sub>),4.166
97,R&D spending,Consumption (C<sub>t</sub>),4.207
98,R&D spending,Consumption (C<sub>t</sub>),4.247
99,R&D spending,Consumption (C<sub>t</sub>),4.287
100,R&D spending,Consumption (C<sub>t</sub>),4.326
1,Government consumption,Private investment (I<sub>t</sub>),0.96
2,Government consumption,Private investment (I<sub>t</sub>),0.071
3,Government consumption,Private investment (I<sub>t</sub>),0.131
4,Government consumption,Private investment (I<sub>t</sub>),0.157
5,Government consumption,Private investment (I<sub>t</sub>),0.173
6,Government consumption,Private investment (I<sub>t</sub>),0.185
7,Government consumption,Private investment (I<sub>t</sub>),0.195
8,Government consumption,Private investment (I<sub>t</sub>),0.204
9,Government consumption,Private investment (I<sub>t</sub>),0.214
10,Government consumption,Private investment (I<sub>t</sub>),0.222
11,Government consumption,Private investment (I<sub>t</sub>),0.231
12,Government consumption,Private investment (I<sub>t</sub>),0.239
13,Government consumption,Private investment (I<sub>t</sub>),0.246
14,Government consumption,Private investment (I<sub>t</sub>),0.254
15,Government consumption,Private investment (I<sub>t</sub>),0.261
16,Government consumption,Private investment (I<sub>t</sub>),0.268
17,Government consumption,Private investment (I<sub>t</sub>),0.275
18,Government consumption,Private investment (I<sub>t</sub>),0.282
19,Government consumption,Private investment (I<sub>t</sub>),0.289
20,Government consumption,Private investment (I<sub>t</sub>),0.296
21,Government consumption,Private investment (I<sub>t</sub>),0.302
22,Government consumption,Private investment (I<sub>t</sub>),0.308
23,Government consumption,Private investment (I<sub>t</sub>),0.314
24,Government consumption,Private investment (I<sub>t</sub>),0.32
25,Government consumption,Private investment (I<sub>t</sub>),0.326
26,Government consumption,Private investment (I<sub>t</sub>),0.332
27,Government consumption,Private investment (I<sub>t</sub>),0.338
28,Government consumption,Private investment (I<sub>t</sub>),0.343
29,Government consumption,Private investment (I<sub>t</sub>),0.349
30,Government consumption,Private investment (I<sub>t</sub>),0.354
31,Government consumption,Private investment (I<sub>t</sub>),0.36
32,Government consumption,Private investment (I<sub>t</sub>),0.365
33,Government consumption,Private investment (I<sub>t</sub>),0.37
34,Government consumption,Private investment (I<sub>t</sub>),0.375
35,Government consumption,Private investment (I<sub>t</sub>),0.38
36,Government consumption,Private investment (I<sub>t</sub>),0.385
37,Government consumption,Private investment (I<sub>t</sub>),0.39
38,Government consumption,Private investment (I<sub>t</sub>),0.395
39,Government consumption,Private investment (I<sub>t</sub>),0.399
40,Government consumption,Private investment (I<sub>t</sub>),0.404
41,Government consumption,Private investment (I<sub>t</sub>),0.408
42,Government consumption,Private investment (I<sub>t</sub>),0.413
43,Government consumption,Private investment (I<sub>t</sub>),0.417
44,Government consumption,Private investment (I<sub>t</sub>),0.421
45,Government consumption,Private investment (I<sub>t</sub>),0.426
46,Government consumption,Private investment (I<sub>t</sub>),0.43
47,Government consumption,Private investment (I<sub>t</sub>),0.434
48,Government consumption,Private investment (I<sub>t</sub>),0.438
49,Government consumption,Private investment (I<sub>t</sub>),0.442
50,Government consumption,Private investment (I<sub>t</sub>),0.446
51,Government consumption,Private investment (I<sub>t</sub>),0.45
52,Government consumption,Private investment (I<sub>t</sub>),0.454
53,Government consumption,Private investment (I<sub>t</sub>),0.457
54,Government consumption,Private investment (I<sub>t</sub>),0.461
55,Government consumption,Private investment (I<sub>t</sub>),0.465
56,Government consumption,Private investment (I<sub>t</sub>),0.468
57,Government consumption,Private investment (I<sub>t</sub>),0.472
58,Government consumption,Private investment (I<sub>t</sub>),0.475
59,Government consumption,Private investment (I<sub>t</sub>),0.479
60,Government consumption,Private investment (I<sub>t</sub>),0.482
61,Government consumption,Private investment (I<sub>t</sub>),0.485
62,Government consumption,Private investment (I<sub>t</sub>),0.489
63,Government consumption,Private investment (I<sub>t</sub>),0.492
64,Government consumption,Private investment (I<sub>t</sub>),0.495
65,Government consumption,Private investment (I<sub>t</sub>),0.498
66,Government consumption,Private investment (I<sub>t</sub>),0.501
67,Government consumption,Private investment (I<sub>t</sub>),0.504
68,Government consumption,Private investment (I<sub>t</sub>),0.507
69,Government consumption,Private investment (I<sub>t</sub>),0.51
70,Government consumption,Private investment (I<sub>t</sub>),0.513
71,Government consumption,Private investment (I<sub>t</sub>),0.516
72,Government consumption,Private investment (I<sub>t</sub>),0.519
73,Government consumption,Private investment (I<sub>t</sub>),0.522
74,Government consumption,Private investment (I<sub>t</sub>),0.524
75,Government consumption,Private investment (I<sub>t</sub>),0.527
76,Government consumption,Private investment (I<sub>t</sub>),0.53
77,Government consumption,Private investment (I<sub>t</sub>),0.532
78,Government consumption,Private investment (I<sub>t</sub>),0.535
79,Government consumption,Private investment (I<sub>t</sub>),0.538
80,Government consumption,Private investment (I<sub>t</sub>),0.54
81,Government consumption,Private investment (I<sub>t</sub>),0.543
82,Government consumption,Private investment (I<sub>t</sub>),0.545
83,Government consumption,Private investment (I<sub>t</sub>),0.548
84,Government consumption,Private investment (I<sub>t</sub>),0.55
85,Government consumption,Private investment (I<sub>t</sub>),0.552
86,Government consumption,Private investment (I<sub>t</sub>),0.555
87,Government consumption,Private investment (I<sub>t</sub>),0.557
88,Government consumption,Private investment (I<sub>t</sub>),0.559
89,Government consumption,Private investment (I<sub>t</sub>),0.561
90,Government consumption,Private investment (I<sub>t</sub>),0.564
91,Government consumption,Private investment (I<sub>t</sub>),0.566
92,Government consumption,Private investment (I<sub>t</sub>),0.568
93,Government consumption,Private investment (I<sub>t</sub>),0.57
94,Government consumption,Private investment (I<sub>t</sub>),0.572
95,Government consumption,Private investment (I<sub>t</sub>),0.574
96,Government consumption,Private investment (I<sub>t</sub>),0.576
97,Government consumption,Private investment (I<sub>t</sub>),0.578
98,Government consumption,Private investment (I<sub>t</sub>),0.58
99,Government consumption,Private investment (I<sub>t</sub>),0.582
100,Government consumption,Private investment (I<sub>t</sub>),0.584
1,Infrastructure investment,Private investment (I<sub>t</sub>),-0.286
2,Infrastructure investment,Private investment (I<sub>t</sub>),-2.598
3,Infrastructure investment,Private investment (I<sub>t</sub>),-2.243
4,Infrastructure investment,Private investment (I<sub>t</sub>),-1.965
5,Infrastructure investment,Private investment (I<sub>t</sub>),-1.722
6,Infrastructure investment,Private investment (I<sub>t</sub>),-1.501
7,Infrastructure investment,Private investment (I<sub>t</sub>),-1.296
8,Infrastructure investment,Private investment (I<sub>t</sub>),-1.106
9,Infrastructure investment,Private investment (I<sub>t</sub>),-0.927
10,Infrastructure investment,Private investment (I<sub>t</sub>),-0.76
11,Infrastructure investment,Private investment (I<sub>t</sub>),-0.604
12,Infrastructure investment,Private investment (I<sub>t</sub>),-0.457
13,Infrastructure investment,Private investment (I<sub>t</sub>),-0.318
14,Infrastructure investment,Private investment (I<sub>t</sub>),-0.188
15,Infrastructure investment,Private investment (I<sub>t</sub>),-0.066
16,Infrastructure investment,Private investment (I<sub>t</sub>),0.05
17,Infrastructure investment,Private investment (I<sub>t</sub>),0.159
18,Infrastructure investment,Private investment (I<sub>t</sub>),0.263
19,Infrastructure investment,Private investment (I<sub>t</sub>),0.36
20,Infrastructure investment,Private investment (I<sub>t</sub>),0.453
21,Infrastructure investment,Private investment (I<sub>t</sub>),0.541
22,Infrastructure investment,Private investment (I<sub>t</sub>),0.625
23,Infrastructure investment,Private investment (I<sub>t</sub>),0.705
24,Infrastructure investment,Private investment (I<sub>t</sub>),0.78
25,Infrastructure investment,Private investment (I<sub>t</sub>),0.853
26,Infrastructure investment,Private investment (I<sub>t</sub>),0.922
27,Infrastructure investment,Private investment (I<sub>t</sub>),0.988
28,Infrastructure investment,Private investment (I<sub>t</sub>),1.051
29,Infrastructure investment,Private investment (I<sub>t</sub>),1.112
30,Infrastructure investment,Private investment (I<sub>t</sub>),1.17
31,Infrastructure investment,Private investment (I<sub>t</sub>),1.226
32,Infrastructure investment,Private investment (I<sub>t</sub>),1.28
33,Infrastructure investment,Private investment (I<sub>t</sub>),1.332
34,Infrastructure investment,Private investment (I<sub>t</sub>),1.381
35,Infrastructure investment,Private investment (I<sub>t</sub>),1.43
36,Infrastructure investment,Private investment (I<sub>t</sub>),1.476
37,Infrastructure investment,Private investment (I<sub>t</sub>),1.521
38,Infrastructure investment,Private investment (I<sub>t</sub>),1.565
39,Infrastructure investment,Private investment (I<sub>t</sub>),1.607
40,Infrastructure investment,Private investment (I<sub>t</sub>),1.648
41,Infrastructure investment,Private investment (I<sub>t</sub>),1.687
42,Infrastructure investment,Private investment (I<sub>t</sub>),1.726
43,Infrastructure investment,Private investment (I<sub>t</sub>),1.763
44,Infrastructure investment,Private investment (I<sub>t</sub>),1.8
45,Infrastructure investment,Private investment (I<sub>t</sub>),1.835
46,Infrastructure investment,Private investment (I<sub>t</sub>),1.87
47,Infrastructure investment,Private investment (I<sub>t</sub>),1.903
48,Infrastructure investment,Private investment (I<sub>t</sub>),1.936
49,Infrastructure investment,Private investment (I<sub>t</sub>),1.968
50,Infrastructure investment,Private investment (I<sub>t</sub>),1.999
51,Infrastructure investment,Private investment (I<sub>t</sub>),2.03
52,Infrastructure investment,Private investment (I<sub>t</sub>),2.06
53,Infrastructure investment,Private investment (I<sub>t</sub>),2.089
54,Infrastructure investment,Private investment (I<sub>t</sub>),2.118
55,Infrastructure investment,Private investment (I<sub>t</sub>),2.146
56,Infrastructure investment,Private investment (I<sub>t</sub>),2.174
57,Infrastructure investment,Private investment (I<sub>t</sub>),2.201
58,Infrastructure investment,Private investment (I<sub>t</sub>),2.227
59,Infrastructure investment,Private investment (I<sub>t</sub>),2.253
60,Infrastructure investment,Private investment (I<sub>t</sub>),2.278
61,Infrastructure investment,Private investment (I<sub>t</sub>),2.303
62,Infrastructure investment,Private investment (I<sub>t</sub>),2.328
63,Infrastructure investment,Private investment (I<sub>t</sub>),2.352
64,Infrastructure investment,Private investment (I<sub>t</sub>),2.376
65,Infrastructure investment,Private investment (I<sub>t</sub>),2.399
66,Infrastructure investment,Private investment (I<sub>t</sub>),2.422
67,Infrastructure investment,Private investment (I<sub>t</sub>),2.444
68,Infrastructure investment,Private investment (I<sub>t</sub>),2.467
69,Infrastructure investment,Private investment (I<sub>t</sub>),2.488
70,Infrastructure investment,Private investment (I<sub>t</sub>),2.51
71,Infrastructure investment,Private investment (I<sub>t</sub>),2.531
72,Infrastructure investment,Private investment (I<sub>t</sub>),2.552
73,Infrastructure investment,Private investment (I<sub>t</sub>),2.572
74,Infrastructure investment,Private investment (I<sub>t</sub>),2.592
75,Infrastructure investment,Private investment (I<sub>t</sub>),2.612
76,Infrastructure investment,Private investment (I<sub>t</sub>),2.631
77,Infrastructure investment,Private investment (I<sub>t</sub>),2.65
78,Infrastructure investment,Private investment (I<sub>t</sub>),2.669
79,Infrastructure investment,Private investment (I<sub>t</sub>),2.688
80,Infrastructure investment,Private investment (I<sub>t</sub>),2.706
81,Infrastructure investment,Private investment (I<sub>t</sub>),2.724
82,Infrastructure investment,Private investment (I<sub>t</sub>),2.742
83,Infrastructure investment,Private investment (I<sub>t</sub>),2.76
84,Infrastructure investment,Private investment (I<sub>t</sub>),2.777
85,Infrastructure investment,Private investment (I<sub>t</sub>),2.794
86,Infrastructure investment,Private investment (I<sub>t</sub>),2.811
87,Infrastructure investment,Private investment (I<sub>t</sub>),2.827
88,Infrastructure investment,Private investment (I<sub>t</sub>),2.843
89,Infrastructure investment,Private investment (I<sub>t</sub>),2.859
90,Infrastructure investment,Private investment (I<sub>t</sub>),2.875
91,Infrastructure investment,Private investment (I<sub>t</sub>),2.891
92,Infrastructure investment,Private investment (I<sub>t</sub>),2.906
93,Infrastructure investment,Private investment (I<sub>t</sub>),2.921
94,Infrastructure investment,Private investment (I<sub>t</sub>),2.936
95,Infrastructure investment,Private investment (I<sub>t</sub>),2.951
96,Infrastructure investment,Private investment (I<sub>t</sub>),2.965
97,Infrastructure investment,Private investment (I<sub>t</sub>),2.98
98,Infrastructure investment,Private investment (I<sub>t</sub>),2.994
99,Infrastructure investment,Private investment (I<sub>t</sub>),3.008
100,Infrastructure investment,Private investment (I<sub>t</sub>),3.021
1,Human capital investment,Private investment (I<sub>t</sub>),3.892
2,Human capital investment,Private investment (I<sub>t</sub>),0.729
3,Human capital investment,Private investment (I<sub>t</sub>),0.439
4,Human capital investment,Private investment (I<sub>t</sub>),0.088
5,Human capital investment,Private investment (I<sub>t</sub>),-0.249
6,Human capital investment,Private investment (I<sub>t</sub>),-0.553
7,Human capital investment,Private investment (I<sub>t</sub>),-0.821
8,Human capital investment,Private investment (I<sub>t</sub>),-1.055
9,Human capital investment,Private investment (I<sub>t</sub>),-1.258
10,Human capital investment,Private investment (I<sub>t</sub>),-1.433
11,Human capital investment,Private investment (I<sub>t</sub>),-1.583
12,Human capital investment,Private investment (I<sub>t</sub>),-1.709
13,Human capital investment,Private investment (I<sub>t</sub>),-1.814
14,Human capital investment,Private investment (I<sub>t</sub>),-1.899
15,Human capital investment,Private investment (I<sub>t</sub>),-1.968
16,Human capital investment,Private investment (I<sub>t</sub>),-2.02
17,Human capital investment,Private investment (I<sub>t</sub>),-2.058
18,Human capital investment,Private investment (I<sub>t</sub>),-2.083
19,Human capital investment,Private investment (I<sub>t</sub>),-2.095
20,Human capital investment,Private investment (I<sub>t</sub>),-2.097
21,Human capital investment,Private investment (I<sub>t</sub>),-2.088
22,Human capital investment,Private investment (I<sub>t</sub>),-2.071
23,Human capital investment,Private investment (I<sub>t</sub>),-2.045
24,Human capital investment,Private investment (I<sub>t</sub>),-2.011
25,Human capital investment,Private investment (I<sub>t</sub>),-1.97
26,Human capital investment,Private investment (I<sub>t</sub>),-1.923
27,Human capital investment,Private investment (I<sub>t</sub>),-1.87
28,Human capital investment,Private investment (I<sub>t</sub>),-1.812
29,Human capital investment,Private investment (I<sub>t</sub>),-1.75
30,Human capital investment,Private investment (I<sub>t</sub>),-1.682
31,Human capital investment,Private investment (I<sub>t</sub>),-1.611
32,Human capital investment,Private investment (I<sub>t</sub>),-1.537
33,Human capital investment,Private investment (I<sub>t</sub>),-1.459
34,Human capital investment,Private investment (I<sub>t</sub>),-1.378
35,Human capital investment,Private investment (I<sub>t</sub>),-1.295
36,Human capital investment,Private investment (I<sub>t</sub>),-1.209
37,Human capital investment,Private investment (I<sub>t</sub>),-1.121
38,Human capital investment,Private investment (I<sub>t</sub>),-1.031
39,Human capital investment,Private investment (I<sub>t</sub>),-0.94
40,Human capital investment,Private investment (I<sub>t</sub>),-0.847
41,Human capital investment,Private investment (I<sub>t</sub>),-0.753
42,Human capital investment,Private investment (I<sub>t</sub>),-0.657
43,Human capital investment,Private investment (I<sub>t</sub>),-0.561
44,Human capital investment,Private investment (I<sub>t</sub>),-0.464
45,Human capital investment,Private investment (I<sub>t</sub>),-0.366
46,Human capital investment,Private investment (I<sub>t</sub>),-0.267
47,Human capital investment,Private investment (I<sub>t</sub>),-0.168
48,Human capital investment,Private investment (I<sub>t</sub>),-0.069
49,Human capital investment,Private investment (I<sub>t</sub>),0.031
50,Human capital investment,Private investment (I<sub>t</sub>),0.131
51,Human capital investment,Private investment (I<sub>t</sub>),0.231
52,Human capital investment,Private investment (I<sub>t</sub>),0.331
53,Human capital investment,Private investment (I<sub>t</sub>),0.431
54,Human capital investment,Private investment (I<sub>t</sub>),0.531
55,Human capital investment,Private investment (I<sub>t</sub>),0.631
56,Human capital investment,Private investment (I<sub>t</sub>),0.731
57,Human capital investment,Private investment (I<sub>t</sub>),0.831
58,Human capital investment,Private investment (I<sub>t</sub>),0.93
59,Human capital investment,Private investment (I<sub>t</sub>),1.029
60,Human capital investment,Private investment (I<sub>t</sub>),1.128
61,Human capital investment,Private investment (I<sub>t</sub>),1.226
62,Human capital investment,Private investment (I<sub>t</sub>),1.324
63,Human capital investment,Private investment (I<sub>t</sub>),1.422
64,Human capital investment,Private investment (I<sub>t</sub>),1.519
65,Human capital investment,Private investment (I<sub>t</sub>),1.616
66,Human capital investment,Private investment (I<sub>t</sub>),1.712
67,Human capital investment,Private investment (I<sub>t</sub>),1.808
68,Human capital investment,Private investment (I<sub>t</sub>),1.903
69,Human capital investment,Private investment (I<sub>t</sub>),1.998
70,Human capital investment,Private investment (I<sub>t</sub>),2.092
71,Human capital investment,Private investment (I<sub>t</sub>),2.185
72,Human capital investment,Private investment (I<sub>t</sub>),2.278
73,Human capital investment,Private investment (I<sub>t</sub>),2.37
74,Human capital investment,Private investment (I<sub>t</sub>),2.462
75,Human capital investment,Private investment (I<sub>t</sub>),2.553
76,Human capital investment,Private investment (I<sub>t</sub>),2.643
77,Human capital investment,Private investment (I<sub>t</sub>),2.733
78,Human capital investment,Private investment (I<sub>t</sub>),2.822
79,Human capital investment,Private investment (I<sub>t</sub>),2.911
80,Human capital investment,Private investment (I<sub>t</sub>),2.998
81,Human capital investment,Private investment (I<sub>t</sub>),3.085
82,Human capital investment,Private investment (I<sub>t</sub>),3.172
83,Human capital investment,Private investment (I<sub>t</sub>),3.257
84,Human capital investment,Private investment (I<sub>t</sub>),3.342
85,Human capital investment,Private investment (I<sub>t</sub>),3.427
86,Human capital investment,Private investment (I<sub>t</sub>),3.51
87,Human capital investment,Private investment (I<sub>t</sub>),3.593
88,Human capital investment,Private investment (I<sub>t</sub>),3.675
89,Human capital investment,Private investment (I<sub>t</sub>),3.757
90,Human capital investment,Private investment (I<sub>t</sub>),3.838
91,Human capital investment,Private investment (I<sub>t</sub>),3.918
92,Human capital investment,Private investment (I<sub>t</sub>),3.997
93,Human capital investment,Private investment (I<sub>t</sub>),4.075
94,Human capital investment,Private investment (I<sub>t</sub>),4.153
95,Human capital investment,Private investment (I<sub>t</sub>),4.23
96,Human capital investment,Private investment (I<sub>t</sub>),4.307
97,Human capital investment,Private investment (I<sub>t</sub>),4.382
98,Human capital investment,Private investment (I<sub>t</sub>),4.457
99,Human capital investment,Private investment (I<sub>t</sub>),4.532
100,Human capital investment,Private investment (I<sub>t</sub>),4.605
1,R&D spending,Private investment (I<sub>t</sub>),2.595
2,R&D spending,Private investment (I<sub>t</sub>),0.367
3,R&D spending,Private investment (I<sub>t</sub>),-1.018
4,R&D spending,Private investment (I<sub>t</sub>),-2.037
5,R&D spending,Private investment (I<sub>t</sub>),-2.743
6,R&D spending,Private investment (I<sub>t</sub>),-3.2
7,R&D spending,Private investment (I<sub>t</sub>),-3.466
8,R&D spending,Private investment (I<sub>t</sub>),-3.587
9,R&D spending,Private investment (I<sub>t</sub>),-3.599
10,R&D spending,Private investment (I<sub>t</sub>),-3.53
11,R&D spending,Private investment (I<sub>t</sub>),-3.402
12,R&D spending,Private investment (I<sub>t</sub>),-3.231
13,R&D spending,Private investment (I<sub>t</sub>),-3.032
14,R&D spending,Private investment (I<sub>t</sub>),-2.812
15,R&D spending,Private investment (I<sub>t</sub>),-2.581
16,R&D spending,Private investment (I<sub>t</sub>),-2.344
17,R&D spending,Private investment (I<sub>t</sub>),-2.105
18,R&D spending,Private investment (I<sub>t</sub>),-1.867
19,R&D spending,Private investment (I<sub>t</sub>),-1.633
20,R&D spending,Private investment (I<sub>t</sub>),-1.404
21,R&D spending,Private investment (I<sub>t</sub>),-1.182
22,R&D spending,Private investment (I<sub>t</sub>),-0.967
23,R&D spending,Private investment (I<sub>t</sub>),-0.76
24,R&D spending,Private investment (I<sub>t</sub>),-0.561
25,R&D spending,Private investment (I<sub>t</sub>),-0.37
26,R&D spending,Private investment (I<sub>t</sub>),-0.187
27,R&D spending,Private investment (I<sub>t</sub>),-0.012
28,R&D spending,Private investment (I<sub>t</sub>),0.155
29,R&D spending,Private investment (I<sub>t</sub>),0.315
30,R&D spending,Private investment (I<sub>t</sub>),0.468
31,R&D spending,Private investment (I<sub>t</sub>),0.614
32,R&D spending,Private investment (I<sub>t</sub>),0.754
33,R&D spending,Private investment (I<sub>t</sub>),0.888
34,R&D spending,Private investment (I<sub>t</sub>),1.015
35,R&D spending,Private investment (I<sub>t</sub>),1.137
36,R&D spending,Private investment (I<sub>t</sub>),1.254
37,R&D spending,Private investment (I<sub>t</sub>),1.366
38,R&D spending,Private investment (I<sub>t</sub>),1.474
39,R&D spending,Private investment (I<sub>t</sub>),1.577
40,R&D spending,Private investment (I<sub>t</sub>),1.676
41,R&D spending,Private investment (I<sub>t</sub>),1.771
42,R&D spending,Private investment (I<sub>t</sub>),1.862
43,R&D spending,Private investment (I<sub>t</sub>),1.949
44,R&D spending,Private investment (I<sub>t</sub>),2.034
45,R&D spending,Private investment (I<sub>t</sub>),2.115
46,R&D spending,Private investment (I<sub>t</sub>),2.194
47,R&D spending,Private investment (I<sub>t</sub>),2.269
48,R&D spending,Private investment (I<sub>t</sub>),2.342
49,R&D spending,Private investment (I<sub>t</sub>),2.413
50,R&D spending,Private investment (I<sub>t</sub>),2.481
51,R&D spending,Private investment (I<sub>t</sub>),2.547
52,R&D spending,Private investment (I<sub>t</sub>),2.611
53,R&D spending,Private investment (I<sub>t</sub>),2.673
54,R&D spending,Private investment (I<sub>t</sub>),2.733
55,R&D spending,Private investment (I<sub>t</sub>),2.791
56,R&D spending,Private investment (I<sub>t</sub>),2.848
57,R&D spending,Private investment (I<sub>t</sub>),2.903
58,R&D spending,Private investment (I<sub>t</sub>),2.956
59,R&D spending,Private investment (I<sub>t</sub>),3.008
60,R&D spending,Private investment (I<sub>t</sub>),3.059
61,R&D spending,Private investment (I<sub>t</sub>),3.108
62,R&D spending,Private investment (I<sub>t</sub>),3.156
63,R&D spending,Private investment (I<sub>t</sub>),3.203
64,R&D spending,Private investment (I<sub>t</sub>),3.249
65,R&D spending,Private investment (I<sub>t</sub>),3.293
66,R&D spending,Private investment (I<sub>t</sub>),3.337
67,R&D spending,Private investment (I<sub>t</sub>),3.379
68,R&D spending,Private investment (I<sub>t</sub>),3.421
69,R&D spending,Private investment (I<sub>t</sub>),3.461
70,R&D spending,Private investment (I<sub>t</sub>),3.501
71,R&D spending,Private investment (I<sub>t</sub>),3.54
72,R&D spending,Private investment (I<sub>t</sub>),3.578
73,R&D spending,Private investment (I<sub>t</sub>),3.615
74,R&D spending,Private investment (I<sub>t</sub>),3.651
75,R&D spending,Private investment (I<sub>t</sub>),3.687
76,R&D spending,Private investment (I<sub>t</sub>),3.722
77,R&D spending,Private investment (I<sub>t</sub>),3.756
78,R&D spending,Private investment (I<sub>t</sub>),3.79
79,R&D spending,Private investment (I<sub>t</sub>),3.822
80,R&D spending,Private investment (I<sub>t</sub>),3.855
81,R&D spending,Private investment (I<sub>t</sub>),3.886
82,R&D spending,Private investment (I<sub>t</sub>),3.917
83,R&D spending,Private investment (I<sub>t</sub>),3.948
84,R&D spending,Private investment (I<sub>t</sub>),3.978
85,R&D spending,Private investment (I<sub>t</sub>),4.007
86,R&D spending,Private investment (I<sub>t</sub>),4.036
87,R&D spending,Private investment (I<sub>t</sub>),4.065
88,R&D spending,Private investment (I<sub>t</sub>),4.092
89,R&D spending,Private investment (I<sub>t</sub>),4.12
90,R&D spending,Private investment (I<sub>t</sub>),4.147
91,R&D spending,Private investment (I<sub>t</sub>),4.173
92,R&D spending,Private investment (I<sub>t</sub>),4.199
93,R&D spending,Private investment (I<sub>t</sub>),4.225
94,R&D spending,Private investment (I<sub>t</sub>),4.25
95,R&D spending,Private investment (I<sub>t</sub>),4.275
96,R&D spending,Private investment (I<sub>t</sub>),4.299
97,R&D spending,Private investment (I<sub>t</sub>),4.323
98,R&D spending,Private investment (I<sub>t</sub>),4.346
99,R&D spending,Private investment (I<sub>t</sub>),4.369
100,R&D spending,Private investment (I<sub>t</sub>),4.392
1,Government consumption,Government spending (G<sub>t</sub>),4.498
2,Government consumption,Government spending (G<sub>t</sub>),4.498
3,Government consumption,Government spending (G<sub>t</sub>),4.498
4,Government consumption,Government spending (G<sub>t</sub>),4.498
5,Government consumption,Government spending (G<sub>t</sub>),4.498
6,Government consumption,Government spending (G<sub>t</sub>),4.498
7,Government consumption,Government spending (G<sub>t</sub>),4.498
8,Government consumption,Government spending (G<sub>t</sub>),4.498
9,Government consumption,Government spending (G<sub>t</sub>),4.498
10,Government consumption,Government spending (G<sub>t</sub>),4.498
11,Government consumption,Government spending (G<sub>t</sub>),4.498
12,Government consumption,Government spending (G<sub>t</sub>),4.498
13,Government consumption,Government spending (G<sub>t</sub>),4.498
14,Government consumption,Government spending (G<sub>t</sub>),4.498
15,Government consumption,Government spending (G<sub>t</sub>),4.498
16,Government consumption,Government spending (G<sub>t</sub>),4.498
17,Government consumption,Government spending (G<sub>t</sub>),4.498
18,Government consumption,Government spending (G<sub>t</sub>),4.498
19,Government consumption,Government spending (G<sub>t</sub>),4.498
20,Government consumption,Government spending (G<sub>t</sub>),4.498
21,Government consumption,Government spending (G<sub>t</sub>),4.498
22,Government consumption,Government spending (G<sub>t</sub>),4.498
23,Government consumption,Government spending (G<sub>t</sub>),4.498
24,Government consumption,Government spending (G<sub>t</sub>),4.498
25,Government consumption,Government spending (G<sub>t</sub>),4.498
26,Government consumption,Government spending (G<sub>t</sub>),4.498
27,Government consumption,Government spending (G<sub>t</sub>),4.498
28,Government consumption,Government spending (G<sub>t</sub>),4.498
29,Government consumption,Government spending (G<sub>t</sub>),4.498
30,Government consumption,Government spending (G<sub>t</sub>),4.498
31,Government consumption,Government spending (G<sub>t</sub>),4.498
32,Government consumption,Government spending (G<sub>t</sub>),4.498
33,Government consumption,Government spending (G<sub>t</sub>),4.498
34,Government consumption,Government spending (G<sub>t</sub>),4.498
35,Government consumption,Government spending (G<sub>t</sub>),4.498
36,Government consumption,Government spending (G<sub>t</sub>),4.498
37,Government consumption,Government spending (G<sub>t</sub>),4.498
38,Government consumption,Government spending (G<sub>t</sub>),4.498
39,Government consumption,Government spending (G<sub>t</sub>),4.498
40,Government consumption,Government spending (G<sub>t</sub>),4.498
41,Government consumption,Government spending (G<sub>t</sub>),4.498
42,Government consumption,Government spending (G<sub>t</sub>),4.498
43,Government consumption,Government spending (G<sub>t</sub>),4.498
44,Government consumption,Government spending (G<sub>t</sub>),4.498
45,Government consumption,Government spending (G<sub>t</sub>),4.498
46,Government consumption,Government spending (G<sub>t</sub>),4.498
47,Government consumption,Government spending (G<sub>t</sub>),4.498
48,Government consumption,Government spending (G<sub>t</sub>),4.498
49,Government consumption,Government spending (G<sub>t</sub>),4.498
50,Government consumption,Government spending (G<sub>t</sub>),4.498
51,Government consumption,Government spending (G<sub>t</sub>),4.498
52,Government consumption,Government spending (G<sub>t</sub>),4.498
53,Government consumption,Government spending (G<sub>t</sub>),4.498
54,Government consumption,Government spending (G<sub>t</sub>),4.498
55,Government consumption,Government spending (G<sub>t</sub>),4.498
56,Government consumption,Government spending (G<sub>t</sub>),4.498
57,Government consumption,Government spending (G<sub>t</sub>),4.498
58,Government consumption,Government spending (G<sub>t</sub>),4.498
59,Government consumption,Government spending (G<sub>t</sub>),4.498
60,Government consumption,Government spending (G<sub>t</sub>),4.498
61,Government consumption,Government spending (G<sub>t</sub>),4.498
62,Government consumption,Government spending (G<sub>t</sub>),4.498
63,Government consumption,Government spending (G<sub>t</sub>),4.498
64,Government consumption,Government spending (G<sub>t</sub>),4.498
65,Government consumption,Government spending (G<sub>t</sub>),4.498
66,Government consumption,Government spending (G<sub>t</sub>),4.498
67,Government consumption,Government spending (G<sub>t</sub>),4.498
68,Government consumption,Government spending (G<sub>t</sub>),4.498
69,Government consumption,Government spending (G<sub>t</sub>),4.498
70,Government consumption,Government spending (G<sub>t</sub>),4.498
71,Government consumption,Government spending (G<sub>t</sub>),4.498
72,Government consumption,Government spending (G<sub>t</sub>),4.498
73,Government consumption,Government spending (G<sub>t</sub>),4.498
74,Government consumption,Government spending (G<sub>t</sub>),4.498
75,Government consumption,Government spending (G<sub>t</sub>),4.498
76,Government consumption,Government spending (G<sub>t</sub>),4.498
77,Government consumption,Government spending (G<sub>t</sub>),4.498
78,Government consumption,Government spending (G<sub>t</sub>),4.498
79,Government consumption,Government spending (G<sub>t</sub>),4.498
80,Government consumption,Government spending (G<sub>t</sub>),4.498
81,Government consumption,Government spending (G<sub>t</sub>),4.498
82,Government consumption,Government spending (G<sub>t</sub>),4.498
83,Government consumption,Government spending (G<sub>t</sub>),4.498
84,Government consumption,Government spending (G<sub>t</sub>),4.498
85,Government consumption,Government spending (G<sub>t</sub>),4.498
86,Government consumption,Government spending (G<sub>t</sub>),4.498
87,Government consumption,Government spending (G<sub>t</sub>),4.498
88,Government consumption,Government spending (G<sub>t</sub>),4.498
89,Government consumption,Government spending (G<sub>t</sub>),4.498
90,Government consumption,Government spending (G<sub>t</sub>),4.498
91,Government consumption,Government spending (G<sub>t</sub>),4.498
92,Government consumption,Government spending (G<sub>t</sub>),4.498
93,Government consumption,Government spending (G<sub>t</sub>),4.498
94,Government consumption,Government spending (G<sub>t</sub>),4.498
95,Government consumption,Government spending (G<sub>t</sub>),4.498
96,Government consumption,Government spending (G<sub>t</sub>),4.498
97,Government consumption,Government spending (G<sub>t</sub>),4.498
98,Government consumption,Government spending (G<sub>t</sub>),4.498
99,Government consumption,Government spending (G<sub>t</sub>),4.498
100,Government consumption,Government spending (G<sub>t</sub>),4.498
1,Infrastructure investment,Government spending (G<sub>t</sub>),4.498
2,Infrastructure investment,Government spending (G<sub>t</sub>),4.498
3,Infrastructure investment,Government spending (G<sub>t</sub>),4.498
4,Infrastructure investment,Government spending (G<sub>t</sub>),4.498
5,Infrastructure investment,Government spending (G<sub>t</sub>),4.498
6,Infrastructure investment,Government spending (G<sub>t</sub>),4.498
7,Infrastructure investment,Government spending (G<sub>t</sub>),4.498
8,Infrastructure investment,Government spending (G<sub>t</sub>),4.498
9,Infrastructure investment,Government spending (G<sub>t</sub>),4.498
10,Infrastructure investment,Government spending (G<sub>t</sub>),4.498
11,Infrastructure investment,Government spending (G<sub>t</sub>),4.498
12,Infrastructure investment,Government spending (G<sub>t</sub>),4.498
13,Infrastructure investment,Government spending (G<sub>t</sub>),4.498
14,Infrastructure investment,Government spending (G<sub>t</sub>),4.498
15,Infrastructure investment,Government spending (G<sub>t</sub>),4.498
16,Infrastructure investment,Government spending (G<sub>t</sub>),4.498
17,Infrastructure investment,Government spending (G<sub>t</sub>),4.498
18,Infrastructure investment,Government spending (G<sub>t</sub>),4.498
19,Infrastructure investment,Government spending (G<sub>t</sub>),4.498
20,Infrastructure investment,Government spending (G<sub>t</sub>),4.498
21,Infrastructure investment,Government spending (G<sub>t</sub>),4.498
22,Infrastructure investment,Government spending (G<sub>t</sub>),4.498
23,Infrastructure investment,Government spending (G<sub>t</sub>),4.498
24,Infrastructure investment,Government spending (G<sub>t</sub>),4.498
25,Infrastructure investment,Government spending (G<sub>t</sub>),4.498
26,Infrastructure investment,Government spending (G<sub>t</sub>),4.498
27,Infrastructure investment,Government spending (G<sub>t</sub>),4.498
28,Infrastructure investment,Government spending (G<sub>t</sub>),4.498
29,Infrastructure investment,Government spending (G<sub>t</sub>),4.498
30,Infrastructure investment,Government spending (G<sub>t</sub>),4.498
31,Infrastructure investment,Government spending (G<sub>t</sub>),4.498
32,Infrastructure investment,Government spending (G<sub>t</sub>),4.498
33,Infrastructure investment,Government spending (G<sub>t</sub>),4.498
34,Infrastructure investment,Government spending (G<sub>t</sub>),4.498
35,Infrastructure investment,Government spending (G<sub>t</sub>),4.498
36,Infrastructure investment,Government spending (G<sub>t</sub>),4.498
37,Infrastructure investment,Government spending (G<sub>t</sub>),4.498
38,Infrastructure investment,Government spending (G<sub>t</sub>),4.498
39,Infrastructure investment,Government spending (G<sub>t</sub>),4.498
40,Infrastructure investment,Government spending (G<sub>t</sub>),4.498
41,Infrastructure investment,Government spending (G<sub>t</sub>),4.498
42,Infrastructure investment,Government spending (G<sub>t</sub>),4.498
43,Infrastructure investment,Government spending (G<sub>t</sub>),4.498
44,Infrastructure investment,Government spending (G<sub>t</sub>),4.498
45,Infrastructure investment,Government spending (G<sub>t</sub>),4.498
46,Infrastructure investment,Government spending (G<sub>t</sub>),4.498
47,Infrastructure investment,Government spending (G<sub>t</sub>),4.498
48,Infrastructure investment,Government spending (G<sub>t</sub>),4.498
49,Infrastructure investment,Government spending (G<sub>t</sub>),4.498
50,Infrastructure investment,Government spending (G<sub>t</sub>),4.498
51,Infrastructure investment,Government spending (G<sub>t</sub>),4.498
52,Infrastructure investment,Government spending (G<sub>t</sub>),4.498
53,Infrastructure investment,Government spending (G<sub>t</sub>),4.498
54,Infrastructure investment,Government spending (G<sub>t</sub>),4.498
55,Infrastructure investment,Government spending (G<sub>t</sub>),4.498
56,Infrastructure investment,Government spending (G<sub>t</sub>),4.498
57,Infrastructure investment,Government spending (G<sub>t</sub>),4.498
58,Infrastructure investment,Government spending (G<sub>t</sub>),4.498
59,Infrastructure investment,Government spending (G<sub>t</sub>),4.498
60,Infrastructure investment,Government spending (G<sub>t</sub>),4.498
61,Infrastructure investment,Government spending (G<sub>t</sub>),4.498
62,Infrastructure investment,Government spending (G<sub>t</sub>),4.498
63,Infrastructure investment,Government spending (G<sub>t</sub>),4.498
64,Infrastructure investment,Government spending (G<sub>t</sub>),4.498
65,Infrastructure investment,Government spending (G<sub>t</sub>),4.498
66,Infrastructure investment,Government spending (G<sub>t</sub>),4.498
67,Infrastructure investment,Government spending (G<sub>t</sub>),4.498
68,Infrastructure investment,Government spending (G<sub>t</sub>),4.498
69,Infrastructure investment,Government spending (G<sub>t</sub>),4.498
70,Infrastructure investment,Government spending (G<sub>t</sub>),4.498
71,Infrastructure investment,Government spending (G<sub>t</sub>),4.498
72,Infrastructure investment,Government spending (G<sub>t</sub>),4.498
73,Infrastructure investment,Government spending (G<sub>t</sub>),4.498
74,Infrastructure investment,Government spending (G<sub>t</sub>),4.498
75,Infrastructure investment,Government spending (G<sub>t</sub>),4.498
76,Infrastructure investment,Government spending (G<sub>t</sub>),4.498
77,Infrastructure investment,Government spending (G<sub>t</sub>),4.498
78,Infrastructure investment,Government spending (G<sub>t</sub>),4.498
79,Infrastructure investment,Government spending (G<sub>t</sub>),4.498
80,Infrastructure investment,Government spending (G<sub>t</sub>),4.498
81,Infrastructure investment,Government spending (G<sub>t</sub>),4.498
82,Infrastructure investment,Government spending (G<sub>t</sub>),4.498
83,Infrastructure investment,Government spending (G<sub>t</sub>),4.498
84,Infrastructure investment,Government spending (G<sub>t</sub>),4.498
85,Infrastructure investment,Government spending (G<sub>t</sub>),4.498
86,Infrastructure investment,Government spending (G<sub>t</sub>),4.498
87,Infrastructure investment,Government spending (G<sub>t</sub>),4.498
88,Infrastructure investment,Government spending (G<sub>t</sub>),4.498
89,Infrastructure investment,Government spending (G<sub>t</sub>),4.498
90,Infrastructure investment,Government spending (G<sub>t</sub>),4.498
91,Infrastructure investment,Government spending (G<sub>t</sub>),4.498
92,Infrastructure investment,Government spending (G<sub>t</sub>),4.498
93,Infrastructure investment,Government spending (G<sub>t</sub>),4.498
94,Infrastructure investment,Government spending (G<sub>t</sub>),4.498
95,Infrastructure investment,Government spending (G<sub>t</sub>),4.498
96,Infrastructure investment,Government spending (G<sub>t</sub>),4.498
97,Infrastructure investment,Government spending (G<sub>t</sub>),4.498
98,Infrastructure investment,Government spending (G<sub>t</sub>),4.498
99,Infrastructure investment,Government spending (G<sub>t</sub>),4.498
100,Infrastructure investment,Government spending (G<sub>t</sub>),4.498
1,Human capital investment,Government spending (G<sub>t</sub>),4.498
2,Human capital investment,Government spending (G<sub>t</sub>),4.498
3,Human capital investment,Government spending (G<sub>t</sub>),4.498
4,Human capital investment,Government spending (G<sub>t</sub>),4.498
5,Human capital investment,Government spending (G<sub>t</sub>),4.498
6,Human capital investment,Government spending (G<sub>t</sub>),4.498
7,Human capital investment,Government spending (G<sub>t</sub>),4.498
8,Human capital investment,Government spending (G<sub>t</sub>),4.498
9,Human capital investment,Government spending (G<sub>t</sub>),4.498
10,Human capital investment,Government spending (G<sub>t</sub>),4.498
11,Human capital investment,Government spending (G<sub>t</sub>),4.498
12,Human capital investment,Government spending (G<sub>t</sub>),4.498
13,Human capital investment,Government spending (G<sub>t</sub>),4.498
14,Human capital investment,Government spending (G<sub>t</sub>),4.498
15,Human capital investment,Government spending (G<sub>t</sub>),4.498
16,Human capital investment,Government spending (G<sub>t</sub>),4.498
17,Human capital investment,Government spending (G<sub>t</sub>),4.498
18,Human capital investment,Government spending (G<sub>t</sub>),4.498
19,Human capital investment,Government spending (G<sub>t</sub>),4.498
20,Human capital investment,Government spending (G<sub>t</sub>),4.498
21,Human capital investment,Government spending (G<sub>t</sub>),4.498
22,Human capital investment,Government spending (G<sub>t</sub>),4.498
23,Human capital investment,Government spending (G<sub>t</sub>),4.498
24,Human capital investment,Government spending (G<sub>t</sub>),4.498
25,Human capital investment,Government spending (G<sub>t</sub>),4.498
26,Human capital investment,Government spending (G<sub>t</sub>),4.498
27,Human capital investment,Government spending (G<sub>t</sub>),4.498
28,Human capital investment,Government spending (G<sub>t</sub>),4.498
29,Human capital investment,Government spending (G<sub>t</sub>),4.498
30,Human capital investment,Government spending (G<sub>t</sub>),4.498
31,Human capital investment,Government spending (G<sub>t</sub>),4.498
32,Human capital investment,Government spending (G<sub>t</sub>),4.498
33,Human capital investment,Government spending (G<sub>t</sub>),4.498
34,Human capital investment,Government spending (G<sub>t</sub>),4.498
35,Human capital investment,Government spending (G<sub>t</sub>),4.498
36,Human capital investment,Government spending (G<sub>t</sub>),4.498
37,Human capital investment,Government spending (G<sub>t</sub>),4.498
38,Human capital investment,Government spending (G<sub>t</sub>),4.498
39,Human capital investment,Government spending (G<sub>t</sub>),4.498
40,Human capital investment,Government spending (G<sub>t</sub>),4.498
41,Human capital investment,Government spending (G<sub>t</sub>),4.498
42,Human capital investment,Government spending (G<sub>t</sub>),4.498
43,Human capital investment,Government spending (G<sub>t</sub>),4.498
44,Human capital investment,Government spending (G<sub>t</sub>),4.498
45,Human capital investment,Government spending (G<sub>t</sub>),4.498
46,Human capital investment,Government spending (G<sub>t</sub>),4.498
47,Human capital investment,Government spending (G<sub>t</sub>),4.498
48,Human capital investment,Government spending (G<sub>t</sub>),4.498
49,Human capital investment,Government spending (G<sub>t</sub>),4.498
50,Human capital investment,Government spending (G<sub>t</sub>),4.498
51,Human capital investment,Government spending (G<sub>t</sub>),4.498
52,Human capital investment,Government spending (G<sub>t</sub>),4.498
53,Human capital investment,Government spending (G<sub>t</sub>),4.498
54,Human capital investment,Government spending (G<sub>t</sub>),4.498
55,Human capital investment,Government spending (G<sub>t</sub>),4.498
56,Human capital investment,Government spending (G<sub>t</sub>),4.498
57,Human capital investment,Government spending (G<sub>t</sub>),4.498
58,Human capital investment,Government spending (G<sub>t</sub>),4.498
59,Human capital investment,Government spending (G<sub>t</sub>),4.498
60,Human capital investment,Government spending (G<sub>t</sub>),4.498
61,Human capital investment,Government spending (G<sub>t</sub>),4.498
62,Human capital investment,Government spending (G<sub>t</sub>),4.498
63,Human capital investment,Government spending (G<sub>t</sub>),4.498
64,Human capital investment,Government spending (G<sub>t</sub>),4.498
65,Human capital investment,Government spending (G<sub>t</sub>),4.498
66,Human capital investment,Government spending (G<sub>t</sub>),4.498
67,Human capital investment,Government spending (G<sub>t</sub>),4.498
68,Human capital investment,Government spending (G<sub>t</sub>),4.498
69,Human capital investment,Government spending (G<sub>t</sub>),4.498
70,Human capital investment,Government spending (G<sub>t</sub>),4.498
71,Human capital investment,Government spending (G<sub>t</sub>),4.498
72,Human capital investment,Government spending (G<sub>t</sub>),4.498
73,Human capital investment,Government spending (G<sub>t</sub>),4.498
74,Human capital investment,Government spending (G<sub>t</sub>),4.498
75,Human capital investment,Government spending (G<sub>t</sub>),4.498
76,Human capital investment,Government spending (G<sub>t</sub>),4.498
77,Human capital investment,Government spending (G<sub>t</sub>),4.498
78,Human capital investment,Government spending (G<sub>t</sub>),4.498
79,Human capital investment,Government spending (G<sub>t</sub>),4.498
80,Human capital investment,Government spending (G<sub>t</sub>),4.498
81,Human capital investment,Government spending (G<sub>t</sub>),4.498
82,Human capital investment,Government spending (G<sub>t</sub>),4.498
83,Human capital investment,Government spending (G<sub>t</sub>),4.498
84,Human capital investment,Government spending (G<sub>t</sub>),4.498
85,Human capital investment,Government spending (G<sub>t</sub>),4.498
86,Human capital investment,Government spending (G<sub>t</sub>),4.498
87,Human capital investment,Government spending (G<sub>t</sub>),4.498
88,Human capital investment,Government spending (G<sub>t</sub>),4.498
89,Human capital investment,Government spending (G<sub>t</sub>),4.498
90,Human capital investment,Government spending (G<sub>t</sub>),4.498
91,Human capital investment,Government spending (G<sub>t</sub>),4.498
92,Human capital investment,Government spending (G<sub>t</sub>),4.498
93,Human capital investment,Government spending (G<sub>t</sub>),4.498
94,Human capital investment,Government spending (G<sub>t</sub>),4.498
95,Human capital investment,Government spending (G<sub>t</sub>),4.498
96,Human capital investment,Government spending (G<sub>t</sub>),4.498
97,Human capital investment,Government spending (G<sub>t</sub>),4.498
98,Human capital investment,Government spending (G<sub>t</sub>),4.498
99,Human capital investment,Government spending (G<sub>t</sub>),4.498
100,Human capital investment,Government spending (G<sub>t</sub>),4.498
1,R&D spending,Government spending (G<sub>t</sub>),4.498
2,R&D spending,Government spending (G<sub>t</sub>),4.498
3,R&D spending,Government spending (G<sub>t</sub>),4.498
4,R&D spending,Government spending (G<sub>t</sub>),4.498
5,R&D spending,Government spending (G<sub>t</sub>),4.498
6,R&D spending,Government spending (G<sub>t</sub>),4.498
7,R&D spending,Government spending (G<sub>t</sub>),4.498
8,R&D spending,Government spending (G<sub>t</sub>),4.498
9,R&D spending,Government spending (G<sub>t</sub>),4.498
10,R&D spending,Government spending (G<sub>t</sub>),4.498
11,R&D spending,Government spending (G<sub>t</sub>),4.498
12,R&D spending,Government spending (G<sub>t</sub>),4.498
13,R&D spending,Government spending (G<sub>t</sub>),4.498
14,R&D spending,Government spending (G<sub>t</sub>),4.498
15,R&D spending,Government spending (G<sub>t</sub>),4.498
16,R&D spending,Government spending (G<sub>t</sub>),4.498
17,R&D spending,Government spending (G<sub>t</sub>),4.498
18,R&D spending,Government spending (G<sub>t</sub>),4.498
19,R&D spending,Government spending (G<sub>t</sub>),4.498
20,R&D spending,Government spending (G<sub>t</sub>),4.498
21,R&D spending,Government spending (G<sub>t</sub>),4.498
22,R&D spending,Government spending (G<sub>t</sub>),4.498
23,R&D spending,Government spending (G<sub>t</sub>),4.498
24,R&D spending,Government spending (G<sub>t</sub>),4.498
25,R&D spending,Government spending (G<sub>t</sub>),4.498
26,R&D spending,Government spending (G<sub>t</sub>),4.498
27,R&D spending,Government spending (G<sub>t</sub>),4.498
28,R&D spending,Government spending (G<sub>t</sub>),4.498
29,R&D spending,Government spending (G<sub>t</sub>),4.498
30,R&D spending,Government spending (G<sub>t</sub>),4.498
31,R&D spending,Government spending (G<sub>t</sub>),4.498
32,R&D spending,Government spending (G<sub>t</sub>),4.498
33,R&D spending,Government spending (G<sub>t</sub>),4.498
34,R&D spending,Government spending (G<sub>t</sub>),4.498
35,R&D spending,Government spending (G<sub>t</sub>),4.498
36,R&D spending,Government spending (G<sub>t</sub>),4.498
37,R&D spending,Government spending (G<sub>t</sub>),4.498
38,R&D spending,Government spending (G<sub>t</sub>),4.498
39,R&D spending,Government spending (G<sub>t</sub>),4.498
40,R&D spending,Government spending (G<sub>t</sub>),4.498
41,R&D spending,Government spending (G<sub>t</sub>),4.498
42,R&D spending,Government spending (G<sub>t</sub>),4.498
43,R&D spending,Government spending (G<sub>t</sub>),4.498
44,R&D spending,Government spending (G<sub>t</sub>),4.498
45,R&D spending,Government spending (G<sub>t</sub>),4.498
46,R&D spending,Government spending (G<sub>t</sub>),4.498
47,R&D spending,Government spending (G<sub>t</sub>),4.498
48,R&D spending,Government spending (G<sub>t</sub>),4.498
49,R&D spending,Government spending (G<sub>t</sub>),4.498
50,R&D spending,Government spending (G<sub>t</sub>),4.498
51,R&D spending,Government spending (G<sub>t</sub>),4.498
52,R&D spending,Government spending (G<sub>t</sub>),4.498
53,R&D spending,Government spending (G<sub>t</sub>),4.498
54,R&D spending,Government spending (G<sub>t</sub>),4.498
55,R&D spending,Government spending (G<sub>t</sub>),4.498
56,R&D spending,Government spending (G<sub>t</sub>),4.498
57,R&D spending,Government spending (G<sub>t</sub>),4.498
58,R&D spending,Government spending (G<sub>t</sub>),4.498
59,R&D spending,Government spending (G<sub>t</sub>),4.498
60,R&D spending,Government spending (G<sub>t</sub>),4.498
61,R&D spending,Government spending (G<sub>t</sub>),4.498
62,R&D spending,Government spending (G<sub>t</sub>),4.498
63,R&D spending,Government spending (G<sub>t</sub>),4.498
64,R&D spending,Government spending (G<sub>t</sub>),4.498
65,R&D spending,Government spending (G<sub>t</sub>),4.498
66,R&D spending,Government spending (G<sub>t</sub>),4.498
67,R&D spending,Government spending (G<sub>t</sub>),4.498
68,R&D spending,Government spending (G<sub>t</sub>),4.498
69,R&D spending,Government spending (G<sub>t</sub>),4.498
70,R&D spending,Government spending (G<sub>t</sub>),4.498
71,R&D spending,Government spending (G<sub>t</sub>),4.498
72,R&D spending,Government spending (G<sub>t</sub>),4.498
73,R&D spending,Government spending (G<sub>t</sub>),4.498
74,R&D spending,Government spending (G<sub>t</sub>),4.498
75,R&D spending,Government spending (G<sub>t</sub>),4.498
76,R&D spending,Government spending (G<sub>t</sub>),4.498
77,R&D spending,Government spending (G<sub>t</sub>),4.498
78,R&D spending,Government spending (G<sub>t</sub>),4.498
79,R&D spending,Government spending (G<sub>t</sub>),4.498
80,R&D spending,Government spending (G<sub>t</sub>),4.498
81,R&D spending,Government spending (G<sub>t</sub>),4.498
82,R&D spending,Government spending (G<sub>t</sub>),4.498
83,R&D spending,Government spending (G<sub>t</sub>),4.498
84,R&D spending,Government spending (G<sub>t</sub>),4.498
85,R&D spending,Government spending (G<sub>t</sub>),4.498
86,R&D spending,Government spending (G<sub>t</sub>),4.498
87,R&D spending,Government spending (G<sub>t</sub>),4.498
88,R&D spending,Government spending (G<sub>t</sub>),4.498
89,R&D spending,Government spending (G<sub>t</sub>),4.498
90,R&D spending,Government spending (G<sub>t</sub>),4.498
91,R&D spending,Government spending (G<sub>t</sub>),4.498
92,R&D spending,Government spending (G<sub>t</sub>),4.498
93,R&D spending,Government spending (G<sub>t</sub>),4.498
94,R&D spending,Government spending (G<sub>t</sub>),4.498
95,R&D spending,Government spending (G<sub>t</sub>),4.498
96,R&D spending,Government spending (G<sub>t</sub>),4.498
97,R&D spending,Government spending (G<sub>t</sub>),4.498
98,R&D spending,Government spending (G<sub>t</sub>),4.498
99,R&D spending,Government spending (G<sub>t</sub>),4.498
100,R&D spending,Government spending (G<sub>t</sub>),4.498
1,Government consumption,Adopted technology (A<sub>t</sub>),0.003
2,Government consumption,Adopted technology (A<sub>t</sub>),0.005
3,Government consumption,Adopted technology (A<sub>t</sub>),0.008
4,Government consumption,Adopted technology (A<sub>t</sub>),0.01
5,Government consumption,Adopted technology (A<sub>t</sub>),0.013
6,Government consumption,Adopted technology (A<sub>t</sub>),0.015
7,Government consumption,Adopted technology (A<sub>t</sub>),0.018
8,Government consumption,Adopted technology (A<sub>t</sub>),0.021
9,Government consumption,Adopted technology (A<sub>t</sub>),0.024
10,Government consumption,Adopted technology (A<sub>t</sub>),0.027
11,Government consumption,Adopted technology (A<sub>t</sub>),0.03
12,Government consumption,Adopted technology (A<sub>t</sub>),0.034
13,Government consumption,Adopted technology (A<sub>t</sub>),0.037
14,Government consumption,Adopted technology (A<sub>t</sub>),0.04
15,Government consumption,Adopted technology (A<sub>t</sub>),0.044
16,Government consumption,Adopted technology (A<sub>t</sub>),0.047
17,Government consumption,Adopted technology (A<sub>t</sub>),0.051
18,Government consumption,Adopted technology (A<sub>t</sub>),0.055
19,Government consumption,Adopted technology (A<sub>t</sub>),0.059
20,Government consumption,Adopted technology (A<sub>t</sub>),0.062
21,Government consumption,Adopted technology (A<sub>t</sub>),0.066
22,Government consumption,Adopted technology (A<sub>t</sub>),0.07
23,Government consumption,Adopted technology (A<sub>t</sub>),0.074
24,Government consumption,Adopted technology (A<sub>t</sub>),0.079
25,Government consumption,Adopted technology (A<sub>t</sub>),0.083
26,Government consumption,Adopted technology (A<sub>t</sub>),0.087
27,Government consumption,Adopted technology (A<sub>t</sub>),0.091
28,Government consumption,Adopted technology (A<sub>t</sub>),0.095
29,Government consumption,Adopted technology (A<sub>t</sub>),0.1
30,Government consumption,Adopted technology (A<sub>t</sub>),0.104
31,Government consumption,Adopted technology (A<sub>t</sub>),0.108
32,Government consumption,Adopted technology (A<sub>t</sub>),0.113
33,Government consumption,Adopted technology (A<sub>t</sub>),0.117
34,Government consumption,Adopted technology (A<sub>t</sub>),0.121
35,Government consumption,Adopted technology (A<sub>t</sub>),0.126
36,Government consumption,Adopted technology (A<sub>t</sub>),0.13
37,Government consumption,Adopted technology (A<sub>t</sub>),0.135
38,Government consumption,Adopted technology (A<sub>t</sub>),0.139
39,Government consumption,Adopted technology (A<sub>t</sub>),0.144
40,Government consumption,Adopted technology (A<sub>t</sub>),0.148
41,Government consumption,Adopted technology (A<sub>t</sub>),0.152
42,Government consumption,Adopted technology (A<sub>t</sub>),0.157
43,Government consumption,Adopted technology (A<sub>t</sub>),0.161
44,Government consumption,Adopted technology (A<sub>t</sub>),0.166
45,Government consumption,Adopted technology (A<sub>t</sub>),0.17
46,Government consumption,Adopted technology (A<sub>t</sub>),0.175
47,Government consumption,Adopted technology (A<sub>t</sub>),0.179
48,Government consumption,Adopted technology (A<sub>t</sub>),0.183
49,Government consumption,Adopted technology (A<sub>t</sub>),0.188
50,Government consumption,Adopted technology (A<sub>t</sub>),0.192
51,Government consumption,Adopted technology (A<sub>t</sub>),0.196
52,Government consumption,Adopted technology (A<sub>t</sub>),0.201
53,Government consumption,Adopted technology (A<sub>t</sub>),0.205
54,Government consumption,Adopted technology (A<sub>t</sub>),0.209
55,Government consumption,Adopted technology (A<sub>t</sub>),0.213
56,Government consumption,Adopted technology (A<sub>t</sub>),0.218
57,Government consumption,Adopted technology (A<sub>t</sub>),0.222
58,Government consumption,Adopted technology (A<sub>t</sub>),0.226
59,Government consumption,Adopted technology (A<sub>t</sub>),0.23
60,Government consumption,Adopted technology (A<sub>t</sub>),0.234
61,Government consumption,Adopted technology (A<sub>t</sub>),0.238
62,Government consumption,Adopted technology (A<sub>t</sub>),0.242
63,Government consumption,Adopted technology (A<sub>t</sub>),0.247
64,Government consumption,Adopted technology (A<sub>t</sub>),0.251
65,Government consumption,Adopted technology (A<sub>t</sub>),0.255
66,Government consumption,Adopted technology (A<sub>t</sub>),0.258
67,Government consumption,Adopted technology (A<sub>t</sub>),0.262
68,Government consumption,Adopted technology (A<sub>t</sub>),0.266
69,Government consumption,Adopted technology (A<sub>t</sub>),0.27
70,Government consumption,Adopted technology (A<sub>t</sub>),0.274
71,Government consumption,Adopted technology (A<sub>t</sub>),0.278
72,Government consumption,Adopted technology (A<sub>t</sub>),0.282
73,Government consumption,Adopted technology (A<sub>t</sub>),0.285
74,Government consumption,Adopted technology (A<sub>t</sub>),0.289
75,Government consumption,Adopted technology (A<sub>t</sub>),0.293
76,Government consumption,Adopted technology (A<sub>t</sub>),0.296
77,Government consumption,Adopted technology (A<sub>t</sub>),0.3
78,Government consumption,Adopted technology (A<sub>t</sub>),0.304
79,Government consumption,Adopted technology (A<sub>t</sub>),0.307
80,Government consumption,Adopted technology (A<sub>t</sub>),0.311
81,Government consumption,Adopted technology (A<sub>t</sub>),0.314
82,Government consumption,Adopted technology (A<sub>t</sub>),0.318
83,Government consumption,Adopted technology (A<sub>t</sub>),0.321
84,Government consumption,Adopted technology (A<sub>t</sub>),0.324
85,Government consumption,Adopted technology (A<sub>t</sub>),0.328
86,Government consumption,Adopted technology (A<sub>t</sub>),0.331
87,Government consumption,Adopted technology (A<sub>t</sub>),0.334
88,Government consumption,Adopted technology (A<sub>t</sub>),0.338
89,Government consumption,Adopted technology (A<sub>t</sub>),0.341
90,Government consumption,Adopted technology (A<sub>t</sub>),0.344
91,Government consumption,Adopted technology (A<sub>t</sub>),0.347
92,Government consumption,Adopted technology (A<sub>t</sub>),0.35
93,Government consumption,Adopted technology (A<sub>t</sub>),0.353
94,Government consumption,Adopted technology (A<sub>t</sub>),0.356
95,Government consumption,Adopted technology (A<sub>t</sub>),0.359
96,Government consumption,Adopted technology (A<sub>t</sub>),0.362
97,Government consumption,Adopted technology (A<sub>t</sub>),0.365
98,Government consumption,Adopted technology (A<sub>t</sub>),0.368
99,Government consumption,Adopted technology (A<sub>t</sub>),0.371
100,Government consumption,Adopted technology (A<sub>t</sub>),0.374
1,Infrastructure investment,Adopted technology (A<sub>t</sub>),-0.003
2,Infrastructure investment,Adopted technology (A<sub>t</sub>),-0.005
3,Infrastructure investment,Adopted technology (A<sub>t</sub>),-0.008
4,Infrastructure investment,Adopted technology (A<sub>t</sub>),-0.011
5,Infrastructure investment,Adopted technology (A<sub>t</sub>),-0.014
6,Infrastructure investment,Adopted technology (A<sub>t</sub>),-0.017
7,Infrastructure investment,Adopted technology (A<sub>t</sub>),-0.019
8,Infrastructure investment,Adopted technology (A<sub>t</sub>),-0.021
9,Infrastructure investment,Adopted technology (A<sub>t</sub>),-0.023
10,Infrastructure investment,Adopted technology (A<sub>t</sub>),-0.024
11,Infrastructure investment,Adopted technology (A<sub>t</sub>),-0.024
12,Infrastructure investment,Adopted technology (A<sub>t</sub>),-0.024
13,Infrastructure investment,Adopted technology (A<sub>t</sub>),-0.023
14,Infrastructure investment,Adopted technology (A<sub>t</sub>),-0.021
15,Infrastructure investment,Adopted technology (A<sub>t</sub>),-0.019
16,Infrastructure investment,Adopted technology (A<sub>t</sub>),-0.015
17,Infrastructure investment,Adopted technology (A<sub>t</sub>),-0.012
18,Infrastructure investment,Adopted technology (A<sub>t</sub>),-0.007
19,Infrastructure investment,Adopted technology (A<sub>t</sub>),-0.002
20,Infrastructure investment,Adopted technology (A<sub>t</sub>),0.004
21,Infrastructure investment,Adopted technology (A<sub>t</sub>),0.011
22,Infrastructure investment,Adopted technology (A<sub>t</sub>),0.018
23,Infrastructure investment,Adopted technology (A<sub>t</sub>),0.026
24,Infrastructure investment,Adopted technology (A<sub>t</sub>),0.035
25,Infrastructure investment,Adopted technology (A<sub>t</sub>),0.045
26,Infrastructure investment,Adopted technology (A<sub>t</sub>),0.055
27,Infrastructure investment,Adopted technology (A<sub>t</sub>),0.065
28,Infrastructure investment,Adopted technology (A<sub>t</sub>),0.076
29,Infrastructure investment,Adopted technology (A<sub>t</sub>),0.088
30,Infrastructure investment,Adopted technology (A<sub>t</sub>),0.1
31,Infrastructure investment,Adopted technology (A<sub>t</sub>),0.113
32,Infrastructure investment,Adopted technology (A<sub>t</sub>),0.127
33,Infrastructure investment,Adopted technology (A<sub>t</sub>),0.141
34,Infrastructure investment,Adopted technology (A<sub>t</sub>),0.155
35,Infrastructure investment,Adopted technology (A<sub>t</sub>),0.17
36,Infrastructure investment,Adopted technology (A<sub>t</sub>),0.185
37,Infrastructure investment,Adopted technology (A<sub>t</sub>),0.201
38,Infrastructure investment,Adopted technology (A<sub>t</sub>),0.217
39,Infrastructure investment,Adopted technology (A<sub>t</sub>),0.233
40,Infrastructure investment,Adopted technology (A<sub>t</sub>),0.25
41,Infrastructure investment,Adopted technology (A<sub>t</sub>),0.267
42,Infrastructure investment,Adopted technology (A<sub>t</sub>),0.285
43,Infrastructure investment,Adopted technology (A<sub>t</sub>),0.302
44,Infrastructure investment,Adopted technology (A<sub>t</sub>),0.32
45,Infrastructure investment,Adopted technology (A<sub>t</sub>),0.339
46,Infrastructure investment,Adopted technology (A<sub>t</sub>),0.357
47,Infrastructure investment,Adopted technology (A<sub>t</sub>),0.376
48,Infrastructure investment,Adopted technology (A<sub>t</sub>),0.395
49,Infrastructure investment,Adopted technology (A<sub>t</sub>),0.414
50,Infrastructure investment,Adopted technology (A<sub>t</sub>),0.434
51,Infrastructure investment,Adopted technology (A<sub>t</sub>),0.453
52,Infrastructure investment,Adopted technology (A<sub>t</sub>),0.473
53,Infrastructure investment,Adopted technology (A<sub>t</sub>),0.493
54,Infrastructure investment,Adopted technology (A<sub>t</sub>),0.513
55,Infrastructure investment,Adopted technology (A<sub>t</sub>),0.533
56,Infrastructure investment,Adopted technology (A<sub>t</sub>),0.553
57,Infrastructure investment,Adopted technology (A<sub>t</sub>),0.574
58,Infrastructure investment,Adopted technology (A<sub>t</sub>),0.594
59,Infrastructure investment,Adopted technology (A<sub>t</sub>),0.614
60,Infrastructure investment,Adopted technology (A<sub>t</sub>),0.635
61,Infrastructure investment,Adopted technology (A<sub>t</sub>),0.655
62,Infrastructure investment,Adopted technology (A<sub>t</sub>),0.676
63,Infrastructure investment,Adopted technology (A<sub>t</sub>),0.697
64,Infrastructure investment,Adopted technology (A<sub>t</sub>),0.717
65,Infrastructure investment,Adopted technology (A<sub>t</sub>),0.738
66,Infrastructure investment,Adopted technology (A<sub>t</sub>),0.758
67,Infrastructure investment,Adopted technology (A<sub>t</sub>),0.779
68,Infrastructure investment,Adopted technology (A<sub>t</sub>),0.8
69,Infrastructure investment,Adopted technology (A<sub>t</sub>),0.82
70,Infrastructure investment,Adopted technology (A<sub>t</sub>),0.841
71,Infrastructure investment,Adopted technology (A<sub>t</sub>),0.861
72,Infrastructure investment,Adopted technology (A<sub>t</sub>),0.881
73,Infrastructure investment,Adopted technology (A<sub>t</sub>),0.902
74,Infrastructure investment,Adopted technology (A<sub>t</sub>),0.922
75,Infrastructure investment,Adopted technology (A<sub>t</sub>),0.942
76,Infrastructure investment,Adopted technology (A<sub>t</sub>),0.962
77,Infrastructure investment,Adopted technology (A<sub>t</sub>),0.983
78,Infrastructure investment,Adopted technology (A<sub>t</sub>),1.003
79,Infrastructure investment,Adopted technology (A<sub>t</sub>),1.022
80,Infrastructure investment,Adopted technology (A<sub>t</sub>),1.042
81,Infrastructure investment,Adopted technology (A<sub>t</sub>),1.062
82,Infrastructure investment,Adopted technology (A<sub>t</sub>),1.081
83,Infrastructure investment,Adopted technology (A<sub>t</sub>),1.101
84,Infrastructure investment,Adopted technology (A<sub>t</sub>),1.12
85,Infrastructure investment,Adopted technology (A<sub>t</sub>),1.14
86,Infrastructure investment,Adopted technology (A<sub>t</sub>),1.159
87,Infrastructure investment,Adopted technology (A<sub>t</sub>),1.178
88,Infrastructure investment,Adopted technology (A<sub>t</sub>),1.197
89,Infrastructure investment,Adopted technology (A<sub>t</sub>),1.215
90,Infrastructure investment,Adopted technology (A<sub>t</sub>),1.234
91,Infrastructure investment,Adopted technology (A<sub>t</sub>),1.253
92,Infrastructure investment,Adopted technology (A<sub>t</sub>),1.271
93,Infrastructure investment,Adopted technology (A<sub>t</sub>),1.289
94,Infrastructure investment,Adopted technology (A<sub>t</sub>),1.307
95,Infrastructure investment,Adopted technology (A<sub>t</sub>),1.325
96,Infrastructure investment,Adopted technology (A<sub>t</sub>),1.343
97,Infrastructure investment,Adopted technology (A<sub>t</sub>),1.361
98,Infrastructure investment,Adopted technology (A<sub>t</sub>),1.378
99,Infrastructure investment,Adopted technology (A<sub>t</sub>),1.396
100,Infrastructure investment,Adopted technology (A<sub>t</sub>),1.413
1,Human capital investment,Adopted technology (A<sub>t</sub>),0.003
2,Human capital investment,Adopted technology (A<sub>t</sub>),0.005
3,Human capital investment,Adopted technology (A<sub>t</sub>),0.006
4,Human capital investment,Adopted technology (A<sub>t</sub>),0.005
5,Human capital investment,Adopted technology (A<sub>t</sub>),0.003
6,Human capital investment,Adopted technology (A<sub>t</sub>),-0.001
7,Human capital investment,Adopted technology (A<sub>t</sub>),-0.006
8,Human capital investment,Adopted technology (A<sub>t</sub>),-0.012
9,Human capital investment,Adopted technology (A<sub>t</sub>),-0.02
10,Human capital investment,Adopted technology (A<sub>t</sub>),-0.029
11,Human capital investment,Adopted technology (A<sub>t</sub>),-0.039
12,Human capital investment,Adopted technology (A<sub>t</sub>),-0.049
13,Human capital investment,Adopted technology (A<sub>t</sub>),-0.061
14,Human capital investment,Adopted technology (A<sub>t</sub>),-0.072
15,Human capital investment,Adopted technology (A<sub>t</sub>),-0.084
16,Human capital investment,Adopted technology (A<sub>t</sub>),-0.095
17,Human capital investment,Adopted technology (A<sub>t</sub>),-0.107
18,Human capital investment,Adopted technology (A<sub>t</sub>),-0.119
19,Human capital investment,Adopted technology (A<sub>t</sub>),-0.13
20,Human capital investment,Adopted technology (A<sub>t</sub>),-0.14
21,Human capital investment,Adopted technology (A<sub>t</sub>),-0.15
22,Human capital investment,Adopted technology (A<sub>t</sub>),-0.159
23,Human capital investment,Adopted technology (A<sub>t</sub>),-0.167
24,Human capital investment,Adopted technology (A<sub>t</sub>),-0.175
25,Human capital investment,Adopted technology (A<sub>t</sub>),-0.181
26,Human capital investment,Adopted technology (A<sub>t</sub>),-0.186
27,Human capital investment,Adopted technology (A<sub>t</sub>),-0.19
28,Human capital investment,Adopted technology (A<sub>t</sub>),-0.193
29,Human capital investment,Adopted technology (A<sub>t</sub>),-0.195
30,Human capital investment,Adopted technology (A<sub>t</sub>),-0.195
31,Human capital investment,Adopted technology (A<sub>t</sub>),-0.193
32,Human capital investment,Adopted technology (A<sub>t</sub>),-0.191
33,Human capital investment,Adopted technology (A<sub>t</sub>),-0.187
34,Human capital investment,Adopted technology (A<sub>t</sub>),-0.181
35,Human capital investment,Adopted technology (A<sub>t</sub>),-0.174
36,Human capital investment,Adopted technology (A<sub>t</sub>),-0.165
37,Human capital investment,Adopted technology (A<sub>t</sub>),-0.155
38,Human capital investment,Adopted technology (A<sub>t</sub>),-0.143
39,Human capital investment,Adopted technology (A<sub>t</sub>),-0.13
40,Human capital investment,Adopted technology (A<sub>t</sub>),-0.115
41,Human capital investment,Adopted technology (A<sub>t</sub>),-0.098
42,Human capital investment,Adopted technology (A<sub>t</sub>),-0.08
43,Human capital investment,Adopted technology (A<sub>t</sub>),-0.06
44,Human capital investment,Adopted technology (A<sub>t</sub>),-0.039
45,Human capital investment,Adopted technology (A<sub>t</sub>),-0.016
46,Human capital investment,Adopted technology (A<sub>t</sub>),0.008
47,Human capital investment,Adopted technology (A<sub>t</sub>),0.034
48,Human capital investment,Adopted technology (A<sub>t</sub>),0.061
49,Human capital investment,Adopted technology (A<sub>t</sub>),0.09
50,Human capital investment,Adopted technology (A<sub>t</sub>),0.12
51,Human capital investment,Adopted technology (A<sub>t</sub>),0.152
52,Human capital investment,Adopted technology (A<sub>t</sub>),0.185
53,Human capital investment,Adopted technology (A<sub>t</sub>),0.219
54,Human capital investment,Adopted technology (A<sub>t</sub>),0.255
55,Human capital investment,Adopted technology (A<sub>t</sub>),0.292
56,Human capital investment,Adopted technology (A<sub>t</sub>),0.33
57,Human capital investment,Adopted technology (A<sub>t</sub>),0.37
58,Human capital investment,Adopted technology (A<sub>t</sub>),0.411
59,Human capital investment,Adopted technology (A<sub>t</sub>),0.453
60,Human capital investment,Adopted technology (A<sub>t</sub>),0.497
61,Human capital investment,Adopted technology (A<sub>t</sub>),0.541
62,Human capital investment,Adopted technology (A<sub>t</sub>),0.587
63,Human capital investment,Adopted technology (A<sub>t</sub>),0.633
64,Human capital investment,Adopted technology (A<sub>t</sub>),0.681
65,Human capital investment,Adopted technology (A<sub>t</sub>),0.73
66,Human capital investment,Adopted technology (A<sub>t</sub>),0.78
67,Human capital investment,Adopted technology (A<sub>t</sub>),0.83
68,Human capital investment,Adopted technology (A<sub>t</sub>),0.882
69,Human capital investment,Adopted technology (A<sub>t</sub>),0.935
70,Human capital investment,Adopted technology (A<sub>t</sub>),0.988
71,Human capital investment,Adopted technology (A<sub>t</sub>),1.042
72,Human capital investment,Adopted technology (A<sub>t</sub>),1.097
73,Human capital investment,Adopted technology (A<sub>t</sub>),1.153
74,Human capital investment,Adopted technology (A<sub>t</sub>),1.21
75,Human capital investment,Adopted technology (A<sub>t</sub>),1.267
76,Human capital investment,Adopted technology (A<sub>t</sub>),1.325
77,Human capital investment,Adopted technology (A<sub>t</sub>),1.383
78,Human capital investment,Adopted technology (A<sub>t</sub>),1.443
79,Human capital investment,Adopted technology (A<sub>t</sub>),1.502
80,Human capital investment,Adopted technology (A<sub>t</sub>),1.562
81,Human capital investment,Adopted technology (A<sub>t</sub>),1.623
82,Human capital investment,Adopted technology (A<sub>t</sub>),1.684
83,Human capital investment,Adopted technology (A<sub>t</sub>),1.746
84,Human capital investment,Adopted technology (A<sub>t</sub>),1.808
85,Human capital investment,Adopted technology (A<sub>t</sub>),1.871
86,Human capital investment,Adopted technology (A<sub>t</sub>),1.933
87,Human capital investment,Adopted technology (A<sub>t</sub>),1.997
88,Human capital investment,Adopted technology (A<sub>t</sub>),2.06
89,Human capital investment,Adopted technology (A<sub>t</sub>),2.124
90,Human capital investment,Adopted technology (A<sub>t</sub>),2.188
91,Human capital investment,Adopted technology (A<sub>t</sub>),2.252
92,Human capital investment,Adopted technology (A<sub>t</sub>),2.317
93,Human capital investment,Adopted technology (A<sub>t</sub>),2.381
94,Human capital investment,Adopted technology (A<sub>t</sub>),2.446
95,Human capital investment,Adopted technology (A<sub>t</sub>),2.511
96,Human capital investment,Adopted technology (A<sub>t</sub>),2.576
97,Human capital investment,Adopted technology (A<sub>t</sub>),2.641
98,Human capital investment,Adopted technology (A<sub>t</sub>),2.706
99,Human capital investment,Adopted technology (A<sub>t</sub>),2.771
100,Human capital investment,Adopted technology (A<sub>t</sub>),2.837
1,R&D spending,Adopted technology (A<sub>t</sub>),-0.144
2,R&D spending,Adopted technology (A<sub>t</sub>),-0.307
3,R&D spending,Adopted technology (A<sub>t</sub>),-0.369
4,R&D spending,Adopted technology (A<sub>t</sub>),-0.356
5,R&D spending,Adopted technology (A<sub>t</sub>),-0.286
6,R&D spending,Adopted technology (A<sub>t</sub>),-0.174
7,R&D spending,Adopted technology (A<sub>t</sub>),-0.029
8,R&D spending,Adopted technology (A<sub>t</sub>),0.139
9,R&D spending,Adopted technology (A<sub>t</sub>),0.323
10,R&D spending,Adopted technology (A<sub>t</sub>),0.52
11,R&D spending,Adopted technology (A<sub>t</sub>),0.723
12,R&D spending,Adopted technology (A<sub>t</sub>),0.931
13,R&D spending,Adopted technology (A<sub>t</sub>),1.141
14,R&D spending,Adopted technology (A<sub>t</sub>),1.352
15,R&D spending,Adopted technology (A<sub>t</sub>),1.562
16,R&D spending,Adopted technology (A<sub>t</sub>),1.769
17,R&D spending,Adopted technology (A<sub>t</sub>),1.974
18,R&D spending,Adopted technology (A<sub>t</sub>),2.175
19,R&D spending,Adopted technology (A<sub>t</sub>),2.373
20,R&D spending,Adopted technology (A<sub>t</sub>),2.567
21,R&D spending,Adopted technology (A<sub>t</sub>),2.756
22,R&D spending,Adopted technology (A<sub>t</sub>),2.942
23,R&D spending,Adopted technology (A<sub>t</sub>),3.123
24,R&D spending,Adopted technology (A<sub>t</sub>),3.3
25,R&D spending,Adopted technology (A<sub>t</sub>),3.473
26,R&D spending,Adopted technology (A<sub>t</sub>),3.642
27,R&D spending,Adopted technology (A<sub>t</sub>),3.806
28,R&D spending,Adopted technology (A<sub>t</sub>),3.967
29,R&D spending,Adopted technology (A<sub>t</sub>),4.124
30,R&D spending,Adopted technology (A<sub>t</sub>),4.277
31,R&D spending,Adopted technology (A<sub>t</sub>),4.427
32,R&D spending,Adopted technology (A<sub>t</sub>),4.573
33,R&D spending,Adopted technology (A<sub>t</sub>),4.716
34,R&D spending,Adopted technology (A<sub>t</sub>),4.855
35,R&D spending,Adopted technology (A<sub>t</sub>),4.992
36,R&D spending,Adopted technology (A<sub>t</sub>),5.125
37,R&D spending,Adopted technology (A<sub>t</sub>),5.255
38,R&D spending,Adopted technology (A<sub>t</sub>),5.383
39,R&D spending,Adopted technology (A<sub>t</sub>),5.507
40,R&D spending,Adopted technology (A<sub>t</sub>),5.63
41,R&D spending,Adopted technology (A<sub>t</sub>),5.749
42,R&D spending,Adopted technology (A<sub>t</sub>),5.866
43,R&D spending,Adopted technology (A<sub>t</sub>),5.98
44,R&D spending,Adopted technology (A<sub>t</sub>),6.093
45,R&D spending,Adopted technology (A<sub>t</sub>),6.203
46,R&D spending,Adopted technology (A<sub>t</sub>),6.31
47,R&D spending,Adopted technology (A<sub>t</sub>),6.416
48,R&D spending,Adopted technology (A<sub>t</sub>),6.519
49,R&D spending,Adopted technology (A<sub>t</sub>),6.621
50,R&D spending,Adopted technology (A<sub>t</sub>),6.72
51,R&D spending,Adopted technology (A<sub>t</sub>),6.818
52,R&D spending,Adopted technology (A<sub>t</sub>),6.913
53,R&D spending,Adopted technology (A<sub>t</sub>),7.007
54,R&D spending,Adopted technology (A<sub>t</sub>),7.099
55,R&D spending,Adopted technology (A<sub>t</sub>),7.189
56,R&D spending,Adopted technology (A<sub>t</sub>),7.278
57,R&D spending,Adopted technology (A<sub>t</sub>),7.365
58,R&D spending,Adopted technology (A<sub>t</sub>),7.451
59,R&D spending,Adopted technology (A<sub>t</sub>),7.535
60,R&D spending,Adopted technology (A<sub>t</sub>),7.617
61,R&D spending,Adopted technology (A<sub>t</sub>),7.698
62,R&D spending,Adopted technology (A<sub>t</sub>),7.777
63,R&D spending,Adopted technology (A<sub>t</sub>),7.856
64,R&D spending,Adopted technology (A<sub>t</sub>),7.932
65,R&D spending,Adopted technology (A<sub>t</sub>),8.008
66,R&D spending,Adopted technology (A<sub>t</sub>),8.082
67,R&D spending,Adopted technology (A<sub>t</sub>),8.154
68,R&D spending,Adopted technology (A<sub>t</sub>),8.226
69,R&D spending,Adopted technology (A<sub>t</sub>),8.296
70,R&D spending,Adopted technology (A<sub>t</sub>),8.365
71,R&D spending,Adopted technology (A<sub>t</sub>),8.433
72,R&D spending,Adopted technology (A<sub>t</sub>),8.5
73,R&D spending,Adopted technology (A<sub>t</sub>),8.565
74,R&D spending,Adopted technology (A<sub>t</sub>),8.63
75,R&D spending,Adopted technology (A<sub>t</sub>),8.693
76,R&D spending,Adopted technology (A<sub>t</sub>),8.756
77,R&D spending,Adopted technology (A<sub>t</sub>),8.817
78,R&D spending,Adopted technology (A<sub>t</sub>),8.877
79,R&D spending,Adopted technology (A<sub>t</sub>),8.937
80,R&D spending,Adopted technology (A<sub>t</sub>),8.995
81,R&D spending,Adopted technology (A<sub>t</sub>),9.052
82,R&D spending,Adopted technology (A<sub>t</sub>),9.109
83,R&D spending,Adopted technology (A<sub>t</sub>),9.164
84,R&D spending,Adopted technology (A<sub>t</sub>),9.219
85,R&D spending,Adopted technology (A<sub>t</sub>),9.272
86,R&D spending,Adopted technology (A<sub>t</sub>),9.325
87,R&D spending,Adopted technology (A<sub>t</sub>),9.377
88,R&D spending,Adopted technology (A<sub>t</sub>),9.428
89,R&D spending,Adopted technology (A<sub>t</sub>),9.479
90,R&D spending,Adopted technology (A<sub>t</sub>),9.528
91,R&D spending,Adopted technology (A<sub>t</sub>),9.577
92,R&D spending,Adopted technology (A<sub>t</sub>),9.625
93,R&D spending,Adopted technology (A<sub>t</sub>),9.672
94,R&D spending,Adopted technology (A<sub>t</sub>),9.718
95,R&D spending,Adopted technology (A<sub>t</sub>),9.764
96,R&D spending,Adopted technology (A<sub>t</sub>),9.809
97,R&D spending,Adopted technology (A<sub>t</sub>),9.853
98,R&D spending,Adopted technology (A<sub>t</sub>),9.896
99,R&D spending,Adopted technology (A<sub>t</sub>),9.939
100,R&D spending,Adopted technology (A<sub>t</sub>),9.981
1,Government consumption,Public infrastructure (K<sup>GI</sup><sub>t</sub>),0.0
2,Government consumption,Public infrastructure (K<sup>GI</sup><sub>t</sub>),0.0
3,Government consumption,Public infrastructure (K<sup>GI</sup><sub>t</sub>),0.0
4,Government consumption,Public infrastructure (K<sup>GI</sup><sub>t</sub>),0.0
5,Government consumption,Public infrastructure (K<sup>GI</sup><sub>t</sub>),0.0
6,Government consumption,Public infrastructure (K<sup>GI</sup><sub>t</sub>),0.0
7,Government consumption,Public infrastructure (K<sup>GI</sup><sub>t</sub>),0.0
8,Government consumption,Public infrastructure (K<sup>GI</sup><sub>t</sub>),0.0
9,Government consumption,Public infrastructure (K<sup>GI</sup><sub>t</sub>),0.0
10,Government consumption,Public infrastructure (K<sup>GI</sup><sub>t</sub>),0.0
11,Government consumption,Public infrastructure (K<sup>GI</sup><sub>t</sub>),0.0
12,Government consumption,Public infrastructure (K<sup>GI</sup><sub>t</sub>),0.0
13,Government consumption,Public infrastructure (K<sup>GI</sup><sub>t</sub>),0.0
14,Government consumption,Public infrastructure (K<sup>GI</sup><sub>t</sub>),0.0
15,Government consumption,Public infrastructure (K<sup>GI</sup><sub>t</sub>),0.0
16,Government consumption,Public infrastructure (K<sup>GI</sup><sub>t</sub>),0.0
17,Government consumption,Public infrastructure (K<sup>GI</sup><sub>t</sub>),0.0
18,Government consumption,Public infrastructure (K<sup>GI</sup><sub>t</sub>),0.0
19,Government consumption,Public infrastructure (K<sup>GI</sup><sub>t</sub>),0.0
20,Government consumption,Public infrastructure (K<sup>GI</sup><sub>t</sub>),0.0
21,Government consumption,Public infrastructure (K<sup>GI</sup><sub>t</sub>),0.0
22,Government consumption,Public infrastructure (K<sup>GI</sup><sub>t</sub>),0.0
23,Government consumption,Public infrastructure (K<sup>GI</sup><sub>t</sub>),0.0
24,Government consumption,Public infrastructure (K<sup>GI</sup><sub>t</sub>),0.0
25,Government consumption,Public infrastructure (K<sup>GI</sup><sub>t</sub>),0.0
26,Government consumption,Public infrastructure (K<sup>GI</sup><sub>t</sub>),0.0
27,Government consumption,Public infrastructure (K<sup>GI</sup><sub>t</sub>),0.0
28,Government consumption,Public infrastructure (K<sup>GI</sup><sub>t</sub>),0.0
29,Government consumption,Public infrastructure (K<sup>GI</sup><sub>t</sub>),0.0
30,Government consumption,Public infrastructure (K<sup>GI</sup><sub>t</sub>),0.0
31,Government consumption,Public infrastructure (K<sup>GI</sup><sub>t</sub>),0.0
32,Government consumption,Public infrastructure (K<sup>GI</sup><sub>t</sub>),0.0
33,Government consumption,Public infrastructure (K<sup>GI</sup><sub>t</sub>),0.0
34,Government consumption,Public infrastructure (K<sup>GI</sup><sub>t</sub>),0.0
35,Government consumption,Public infrastructure (K<sup>GI</sup><sub>t</sub>),0.0
36,Government consumption,Public infrastructure (K<sup>GI</sup><sub>t</sub>),0.0
37,Government consumption,Public infrastructure (K<sup>GI</sup><sub>t</sub>),0.0
38,Government consumption,Public infrastructure (K<sup>GI</sup><sub>t</sub>),0.0
39,Government consumption,Public infrastructure (K<sup>GI</sup><sub>t</sub>),0.0
40,Government consumption,Public infrastructure (K<sup>GI</sup><sub>t</sub>),0.0
41,Government consumption,Public infrastructure (K<sup>GI</sup><sub>t</sub>),0.0
42,Government consumption,Public infrastructure (K<sup>GI</sup><sub>t</sub>),0.0
43,Government consumption,Public infrastructure (K<sup>GI</sup><sub>t</sub>),0.0
44,Government consumption,Public infrastructure (K<sup>GI</sup><sub>t</sub>),0.0
45,Government consumption,Public infrastructure (K<sup>GI</sup><sub>t</sub>),0.0
46,Government consumption,Public infrastructure (K<sup>GI</sup><sub>t</sub>),0.0
47,Government consumption,Public infrastructure (K<sup>GI</sup><sub>t</sub>),0.0
48,Government consumption,Public infrastructure (K<sup>GI</sup><sub>t</sub>),0.0
49,Government consumption,Public infrastructure (K<sup>GI</sup><sub>t</sub>),0.0
50,Government consumption,Public infrastructure (K<sup>GI</sup><sub>t</sub>),0.0
51,Government consumption,Public infrastructure (K<sup>GI</sup><sub>t</sub>),0.0
52,Government consumption,Public infrastructure (K<sup>GI</sup><sub>t</sub>),0.0
53,Government consumption,Public infrastructure (K<sup>GI</sup><sub>t</sub>),0.0
54,Government consumption,Public infrastructure (K<sup>GI</sup><sub>t</sub>),0.0
55,Government consumption,Public infrastructure (K<sup>GI</sup><sub>t</sub>),0.0
56,Government consumption,Public infrastructure (K<sup>GI</sup><sub>t</sub>),0.0
57,Government consumption,Public infrastructure (K<sup>GI</sup><sub>t</sub>),0.0
58,Government consumption,Public infrastructure (K<sup>GI</sup><sub>t</sub>),0.0
59,Government consumption,Public infrastructure (K<sup>GI</sup><sub>t</sub>),0.0
60,Government consumption,Public infrastructure (K<sup>GI</sup><sub>t</sub>),0.0
61,Government consumption,Public infrastructure (K<sup>GI</sup><sub>t</sub>),0.0
62,Government consumption,Public infrastructure (K<sup>GI</sup><sub>t</sub>),0.0
63,Government consumption,Public infrastructure (K<sup>GI</sup><sub>t</sub>),0.0
64,Government consumption,Public infrastructure (K<sup>GI</sup><sub>t</sub>),0.0
65,Government consumption,Public infrastructure (K<sup>GI</sup><sub>t</sub>),0.0
66,Government consumption,Public infrastructure (K<sup>GI</sup><sub>t</sub>),0.0
67,Government consumption,Public infrastructure (K<sup>GI</sup><sub>t</sub>),0.0
68,Government consumption,Public infrastructure (K<sup>GI</sup><sub>t</sub>),0.0
69,Government consumption,Public infrastructure (K<sup>GI</sup><sub>t</sub>),0.0
70,Government consumption,Public infrastructure (K<sup>GI</sup><sub>t</sub>),0.0
71,Government consumption,Public infrastructure (K<sup>GI</sup><sub>t</sub>),0.0
72,Government consumption,Public infrastructure (K<sup>GI</sup><sub>t</sub>),0.0
73,Government consumption,Public infrastructure (K<sup>GI</sup><sub>t</sub>),0.0
74,Government consumption,Public infrastructure (K<sup>GI</sup><sub>t</sub>),0.0
75,Government consumption,Public infrastructure (K<sup>GI</sup><sub>t</sub>),0.0
76,Government consumption,Public infrastructure (K<sup>GI</sup><sub>t</sub>),0.0
77,Government consumption,Public infrastructure (K<sup>GI</sup><sub>t</sub>),0.0
78,Government consumption,Public infrastructure (K<sup>GI</sup><sub>t</sub>),0.0
79,Government consumption,Public infrastructure (K<sup>GI</sup><sub>t</sub>),0.0
80,Government consumption,Public infrastructure (K<sup>GI</sup><sub>t</sub>),0.0
81,Government consumption,Public infrastructure (K<sup>GI</sup><sub>t</sub>),0.0
82,Government consumption,Public infrastructure (K<sup>GI</sup><sub>t</sub>),0.0
83,Government consumption,Public infrastructure (K<sup>GI</sup><sub>t</sub>),0.0
84,Government consumption,Public infrastructure (K<sup>GI</sup><sub>t</sub>),0.0
85,Government consumption,Public infrastructure (K<sup>GI</sup><sub>t</sub>),0.0
86,Government consumption,Public infrastructure (K<sup>GI</sup><sub>t</sub>),0.0
87,Government consumption,Public infrastructure (K<sup>GI</sup><sub>t</sub>),0.0
88,Government consumption,Public infrastructure (K<sup>GI</sup><sub>t</sub>),0.0
89,Government consumption,Public infrastructure (K<sup>GI</sup><sub>t</sub>),0.0
90,Government consumption,Public infrastructure (K<sup>GI</sup><sub>t</sub>),0.0
91,Government consumption,Public infrastructure (K<sup>GI</sup><sub>t</sub>),0.0
92,Government consumption,Public infrastructure (K<sup>GI</sup><sub>t</sub>),0.0
93,Government consumption,Public infrastructure (K<sup>GI</sup><sub>t</sub>),0.0
94,Government consumption,Public infrastructure (K<sup>GI</sup><sub>t</sub>),0.0
95,Government consumption,Public infrastructure (K<sup>GI</sup><sub>t</sub>),0.0
96,Government consumption,Public infrastructure (K<sup>GI</sup><sub>t</sub>),0.0
97,Government consumption,Public infrastructure (K<sup>GI</sup><sub>t</sub>),0.0
98,Government consumption,Public infrastructure (K<sup>GI</sup><sub>t</sub>),0.0
99,Government consumption,Public infrastructure (K<sup>GI</sup><sub>t</sub>),0.0
100,Government consumption,Public infrastructure (K<sup>GI</sup><sub>t</sub>),0.0
1,Infrastructure investment,Public infrastructure (K<sup>GI</sup><sub>t</sub>),1.142
2,Infrastructure investment,Public infrastructure (K<sup>GI</sup><sub>t</sub>),2.251
3,Infrastructure investment,Public infrastructure (K<sup>GI</sup><sub>t</sub>),3.327
4,Infrastructure investment,Public infrastructure (K<sup>GI</sup><sub>t</sub>),4.371
5,Infrastructure investment,Public infrastructure (K<sup>GI</sup><sub>t</sub>),5.384
6,Infrastructure investment,Public infrastructure (K<sup>GI</sup><sub>t</sub>),6.367
7,Infrastructure investment,Public infrastructure (K<sup>GI</sup><sub>t</sub>),7.322
8,Infrastructure investment,Public infrastructure (K<sup>GI</sup><sub>t</sub>),8.248
9,Infrastructure investment,Public infrastructure (K<sup>GI</sup><sub>t</sub>),9.146
10,Infrastructure investment,Public infrastructure (K<sup>GI</sup><sub>t</sub>),10.019
11,Infrastructure investment,Public infrastructure (K<sup>GI</sup><sub>t</sub>),10.865
12,Infrastructure investment,Public infrastructure (K<sup>GI</sup><sub>t</sub>),11.687
13,Infrastructure investment,Public infrastructure (K<sup>GI</sup><sub>t</sub>),12.484
14,Infrastructure investment,Public infrastructure (K<sup>GI</sup><sub>t</sub>),13.258
15,Infrastructure investment,Public infrastructure (K<sup>GI</sup><sub>t</sub>),14.009
16,Infrastructure investment,Public infrastructure (K<sup>GI</sup><sub>t</sub>),14.738
17,Infrastructure investment,Public infrastructure (K<sup>GI</sup><sub>t</sub>),15.445
18,Infrastructure investment,Public infrastructure (K<sup>GI</sup><sub>t</sub>),16.131
19,Infrastructure investment,Public infrastructure (K<sup>GI</sup><sub>t</sub>),16.797
20,Infrastructure investment,Public infrastructure (K<sup>GI</sup><sub>t</sub>),17.444
21,Infrastructure investment,Public infrastructure (K<sup>GI</sup><sub>t</sub>),18.071
22,Infrastructure investment,Public infrastructure (K<sup>GI</sup><sub>t</sub>),18.68
23,Infrastructure investment,Public infrastructure (K<sup>GI</sup><sub>t</sub>),19.271
24,Infrastructure investment,Public infrastructure (K<sup>GI</sup><sub>t</sub>),19.845
25,Infrastructure investment,Public infrastructure (K<sup>GI</sup><sub>t</sub>),20.401
26,Infrastructure investment,Public infrastructure (K<sup>GI</sup><sub>t</sub>),20.941
27,Infrastructure investment,Public infrastructure (K<sup>GI</sup><sub>t</sub>),21.465
28,Infrastructure investment,Public infrastructure (K<sup>GI</sup><sub>t</sub>),21.974
29,Infrastructure investment,Public infrastructure (K<sup>GI</sup><sub>t</sub>),22.468
30,Infrastructure investment,Public infrastructure (K<sup>GI</sup><sub>t</sub>),22.947
31,Infrastructure investment,Public infrastructure (K<sup>GI</sup><sub>t</sub>),23.412
32,Infrastructure investment,Public infrastructure (K<sup>GI</sup><sub>t</sub>),23.863
33,Infrastructure investment,Public infrastructure (K<sup>GI</sup><sub>t</sub>),24.301
34,Infrastructure investment,Public infrastructure (K<sup>GI</sup><sub>t</sub>),24.726
35,Infrastructure investment,Public infrastructure (K<sup>GI</sup><sub>t</sub>),25.139
36,Infrastructure investment,Public infrastructure (K<sup>GI</sup><sub>t</sub>),25.539
37,Infrastructure investment,Public infrastructure (K<sup>GI</sup><sub>t</sub>),25.927
38,Infrastructure investment,Public infrastructure (K<sup>GI</sup><sub>t</sub>),26.304
39,Infrastructure investment,Public infrastructure (K<sup>GI</sup><sub>t</sub>),26.67
40,Infrastructure investment,Public infrastructure (K<sup>GI</sup><sub>t</sub>),27.025
41,Infrastructure investment,Public infrastructure (K<sup>GI</sup><sub>t</sub>),27.37
42,Infrastructure investment,Public infrastructure (K<sup>GI</sup><sub>t</sub>),27.704
43,Infrastructure investment,Public infrastructure (K<sup>GI</sup><sub>t</sub>),28.029
44,Infrastructure investment,Public infrastructure (K<sup>GI</sup><sub>t</sub>),28.344
45,Infrastructure investment,Public infrastructure (K<sup>GI</sup><sub>t</sub>),28.65
46,Infrastructure investment,Public infrastructure (K<sup>GI</sup><sub>t</sub>),28.946
47,Infrastructure investment,Public infrastructure (K<sup>GI</sup><sub>t</sub>),29.234
48,Infrastructure investment,Public infrastructure (K<sup>GI</sup><sub>t</sub>),29.514
49,Infrastructure investment,Public infrastructure (K<sup>GI</sup><sub>t</sub>),29.785
50,Infrastructure investment,Public infrastructure (K<sup>GI</sup><sub>t</sub>),30.048
51,Infrastructure investment,Public infrastructure (K<sup>GI</sup><sub>t</sub>),30.303
52,Infrastructure investment,Public infrastructure (K<sup>GI</sup><sub>t</sub>),30.551
53,Infrastructure investment,Public infrastructure (K<sup>GI</sup><sub>t</sub>),30.792
54,Infrastructure investment,Public infrastructure (K<sup>GI</sup><sub>t</sub>),31.025
55,Infrastructure investment,Public infrastructure (K<sup>GI</sup><sub>t</sub>),31.252
56,Infrastructure investment,Public infrastructure (K<sup>GI</sup><sub>t</sub>),31.472
57,Infrastructure investment,Public infrastructure (K<sup>GI</sup><sub>t</sub>),31.685
58,Infrastructure investment,Public infrastructure (K<sup>GI</sup><sub>t</sub>),31.892
59,Infrastructure investment,Public infrastructure (K<sup>GI</sup><sub>t</sub>),32.093
60,Infrastructure investment,Public infrastructure (K<sup>GI</sup><sub>t</sub>),32.288
61,Infrastructure investment,Public infrastructure (K<sup>GI</sup><sub>t</sub>),32.477
62,Infrastructure investment,Public infrastructure (K<sup>GI</sup><sub>t</sub>),32.661
63,Infrastructure investment,Public infrastructure (K<sup>GI</sup><sub>t</sub>),32.839
64,Infrastructure investment,Public infrastructure (K<sup>GI</sup><sub>t</sub>),33.012
65,Infrastructure investment,Public infrastructure (K<sup>GI</sup><sub>t</sub>),33.18
66,Infrastructure investment,Public infrastructure (K<sup>GI</sup><sub>t</sub>),33.343
67,Infrastructure investment,Public infrastructure (K<sup>GI</sup><sub>t</sub>),33.501
68,Infrastructure investment,Public infrastructure (K<sup>GI</sup><sub>t</sub>),33.655
69,Infrastructure investment,Public infrastructure (K<sup>GI</sup><sub>t</sub>),33.804
70,Infrastructure investment,Public infrastructure (K<sup>GI</sup><sub>t</sub>),33.948
71,Infrastructure investment,Public infrastructure (K<sup>GI</sup><sub>t</sub>),34.089
72,Infrastructure investment,Public infrastructure (K<sup>GI</sup><sub>t</sub>),34.225
73,Infrastructure investment,Public infrastructure (K<sup>GI</sup><sub>t</sub>),34.357
74,Infrastructure investment,Public infrastructure (K<sup>GI</sup><sub>t</sub>),34.485
75,Infrastructure investment,Public infrastructure (K<sup>GI</sup><sub>t</sub>),34.609
76,Infrastructure investment,Public infrastructure (K<sup>GI</sup><sub>t</sub>),34.73
77,Infrastructure investment,Public infrastructure (K<sup>GI</sup><sub>t</sub>),34.847
78,Infrastructure investment,Public infrastructure (K<sup>GI</sup><sub>t</sub>),34.961
79,Infrastructure investment,Public infrastructure (K<sup>GI</sup><sub>t</sub>),35.072
80,Infrastructure investment,Public infrastructure (K<sup>GI</sup><sub>t</sub>),35.179
81,Infrastructure investment,Public infrastructure (K<sup>GI</sup><sub>t</sub>),35.283
82,Infrastructure investment,Public infrastructure (K<sup>GI</sup><sub>t</sub>),35.384
83,Infrastructure investment,Public infrastructure (K<sup>GI</sup><sub>t</sub>),35.481
84,Infrastructure investment,Public infrastructure (K<sup>GI</sup><sub>t</sub>),35.576
85,Infrastructure investment,Public infrastructure (K<sup>GI</sup><sub>t</sub>),35.669
86,Infrastructure investment,Public infrastructure (K<sup>GI</sup><sub>t</sub>),35.758
87,Infrastructure investment,Public infrastructure (K<sup>GI</sup><sub>t</sub>),35.845
88,Infrastructure investment,Public infrastructure (K<sup>GI</sup><sub>t</sub>),35.929
89,Infrastructure investment,Public infrastructure (K<sup>GI</sup><sub>t</sub>),36.011
90,Infrastructure investment,Public infrastructure (K<sup>GI</sup><sub>t</sub>),36.091
91,Infrastructure investment,Public infrastructure (K<sup>GI</sup><sub>t</sub>),36.168
92,Infrastructure investment,Public infrastructure (K<sup>GI</sup><sub>t</sub>),36.242
93,Infrastructure investment,Public infrastructure (K<sup>GI</sup><sub>t</sub>),36.315
94,Infrastructure investment,Public infrastructure (K<sup>GI</sup><sub>t</sub>),36.385
95,Infrastructure investment,Public infrastructure (K<sup>GI</sup><sub>t</sub>),36.454
96,Infrastructure investment,Public infrastructure (K<sup>GI</sup><sub>t</sub>),36.52
97,Infrastructure investment,Public infrastructure (K<sup>GI</sup><sub>t</sub>),36.584
98,Infrastructure investment,Public infrastructure (K<sup>GI</sup><sub>t</sub>),36.647
99,Infrastructure investment,Public infrastructure (K<sup>GI</sup><sub>t</sub>),36.708
100,Infrastructure investment,Public infrastructure (K<sup>GI</sup><sub>t</sub>),36.766
1,Human capital investment,Public infrastructure (K<sup>GI</sup><sub>t</sub>),0.0
2,Human capital investment,Public infrastructure (K<sup>GI</sup><sub>t</sub>),0.0
3,Human capital investment,Public infrastructure (K<sup>GI</sup><sub>t</sub>),0.0
4,Human capital investment,Public infrastructure (K<sup>GI</sup><sub>t</sub>),0.0
5,Human capital investment,Public infrastructure (K<sup>GI</sup><sub>t</sub>),0.0
6,Human capital investment,Public infrastructure (K<sup>GI</sup><sub>t</sub>),0.0
7,Human capital investment,Public infrastructure (K<sup>GI</sup><sub>t</sub>),0.0
8,Human capital investment,Public infrastructure (K<sup>GI</sup><sub>t</sub>),0.0
9,Human capital investment,Public infrastructure (K<sup>GI</sup><sub>t</sub>),0.0
10,Human capital investment,Public infrastructure (K<sup>GI</sup><sub>t</sub>),0.0
11,Human capital investment,Public infrastructure (K<sup>GI</sup><sub>t</sub>),0.0
12,Human capital investment,Public infrastructure (K<sup>GI</sup><sub>t</sub>),0.0
13,Human capital investment,Public infrastructure (K<sup>GI</sup><sub>t</sub>),0.0
14,Human capital investment,Public infrastructure (K<sup>GI</sup><sub>t</sub>),0.0
15,Human capital investment,Public infrastructure (K<sup>GI</sup><sub>t</sub>),0.0
16,Human capital investment,Public infrastructure (K<sup>GI</sup><sub>t</sub>),0.0
17,Human capital investment,Public infrastructure (K<sup>GI</sup><sub>t</sub>),0.0
18,Human capital investment,Public infrastructure (K<sup>GI</sup><sub>t</sub>),0.0
19,Human capital investment,Public infrastructure (K<sup>GI</sup><sub>t</sub>),0.0
20,Human capital investment,Public infrastructure (K<sup>GI</sup><sub>t</sub>),0.0
21,Human capital investment,Public infrastructure (K<sup>GI</sup><sub>t</sub>),0.0
22,Human capital investment,Public infrastructure (K<sup>GI</sup><sub>t</sub>),0.0
23,Human capital investment,Public infrastructure (K<sup>GI</sup><sub>t</sub>),0.0
24,Human capital investment,Public infrastructure (K<sup>GI</sup><sub>t</sub>),0.0
25,Human capital investment,Public infrastructure (K<sup>GI</sup><sub>t</sub>),0.0
26,Human capital investment,Public infrastructure (K<sup>GI</sup><sub>t</sub>),0.0
27,Human capital investment,Public infrastructure (K<sup>GI</sup><sub>t</sub>),0.0
28,Human capital investment,Public infrastructure (K<sup>GI</sup><sub>t</sub>),0.0
29,Human capital investment,Public infrastructure (K<sup>GI</sup><sub>t</sub>),0.0
30,Human capital investment,Public infrastructure (K<sup>GI</sup><sub>t</sub>),0.0
31,Human capital investment,Public infrastructure (K<sup>GI</sup><sub>t</sub>),0.0
32,Human capital investment,Public infrastructure (K<sup>GI</sup><sub>t</sub>),0.0
33,Human capital investment,Public infrastructure (K<sup>GI</sup><sub>t</sub>),0.0
34,Human capital investment,Public infrastructure (K<sup>GI</sup><sub>t</sub>),0.0
35,Human capital investment,Public infrastructure (K<sup>GI</sup><sub>t</sub>),0.0
36,Human capital investment,Public infrastructure (K<sup>GI</sup><sub>t</sub>),0.0
37,Human capital investment,Public infrastructure (K<sup>GI</sup><sub>t</sub>),0.0
38,Human capital investment,Public infrastructure (K<sup>GI</sup><sub>t</sub>),0.0
39,Human capital investment,Public infrastructure (K<sup>GI</sup><sub>t</sub>),0.0
40,Human capital investment,Public infrastructure (K<sup>GI</sup><sub>t</sub>),0.0
41,Human capital investment,Public infrastructure (K<sup>GI</sup><sub>t</sub>),0.0
42,Human capital investment,Public infrastructure (K<sup>GI</sup><sub>t</sub>),0.0
43,Human capital investment,Public infrastructure (K<sup>GI</sup><sub>t</sub>),0.0
44,Human capital investment,Public infrastructure (K<sup>GI</sup><sub>t</sub>),0.0
45,Human capital investment,Public infrastructure (K<sup>GI</sup><sub>t</sub>),0.0
46,Human capital investment,Public infrastructure (K<sup>GI</sup><sub>t</sub>),0.0
47,Human capital investment,Public infrastructure (K<sup>GI</sup><sub>t</sub>),0.0
48,Human capital investment,Public infrastructure (K<sup>GI</sup><sub>t</sub>),0.0
49,Human capital investment,Public infrastructure (K<sup>GI</sup><sub>t</sub>),0.0
50,Human capital investment,Public infrastructure (K<sup>GI</sup><sub>t</sub>),0.0
51,Human capital investment,Public infrastructure (K<sup>GI</sup><sub>t</sub>),0.0
52,Human capital investment,Public infrastructure (K<sup>GI</sup><sub>t</sub>),0.0
53,Human capital investment,Public infrastructure (K<sup>GI</sup><sub>t</sub>),0.0
54,Human capital investment,Public infrastructure (K<sup>GI</sup><sub>t</sub>),0.0
55,Human capital investment,Public infrastructure (K<sup>GI</sup><sub>t</sub>),0.0
56,Human capital investment,Public infrastructure (K<sup>GI</sup><sub>t</sub>),0.0
57,Human capital investment,Public infrastructure (K<sup>GI</sup><sub>t</sub>),0.0
58,Human capital investment,Public infrastructure (K<sup>GI</sup><sub>t</sub>),0.0
59,Human capital investment,Public infrastructure (K<sup>GI</sup><sub>t</sub>),0.0
60,Human capital investment,Public infrastructure (K<sup>GI</sup><sub>t</sub>),0.0
61,Human capital investment,Public infrastructure (K<sup>GI</sup><sub>t</sub>),0.0
62,Human capital investment,Public infrastructure (K<sup>GI</sup><sub>t</sub>),0.0
63,Human capital investment,Public infrastructure (K<sup>GI</sup><sub>t</sub>),0.0
64,Human capital investment,Public infrastructure (K<sup>GI</sup><sub>t</sub>),0.0
65,Human capital investment,Public infrastructure (K<sup>GI</sup><sub>t</sub>),0.0
66,Human capital investment,Public infrastructure (K<sup>GI</sup><sub>t</sub>),0.0
67,Human capital investment,Public infrastructure (K<sup>GI</sup><sub>t</sub>),0.0
68,Human capital investment,Public infrastructure (K<sup>GI</sup><sub>t</sub>),0.0
69,Human capital investment,Public infrastructure (K<sup>GI</sup><sub>t</sub>),0.0
70,Human capital investment,Public infrastructure (K<sup>GI</sup><sub>t</sub>),0.0
71,Human capital investment,Public infrastructure (K<sup>GI</sup><sub>t</sub>),0.0
72,Human capital investment,Public infrastructure (K<sup>GI</sup><sub>t</sub>),0.0
73,Human capital investment,Public infrastructure (K<sup>GI</sup><sub>t</sub>),0.0
74,Human capital investment,Public infrastructure (K<sup>GI</sup><sub>t</sub>),0.0
75,Human capital investment,Public infrastructure (K<sup>GI</sup><sub>t</sub>),0.0
76,Human capital investment,Public infrastructure (K<sup>GI</sup><sub>t</sub>),0.0
77,Human capital investment,Public infrastructure (K<sup>GI</sup><sub>t</sub>),0.0
78,Human capital investment,Public infrastructure (K<sup>GI</sup><sub>t</sub>),0.0
79,Human capital investment,Public infrastructure (K<sup>GI</sup><sub>t</sub>),0.0
80,Human capital investment,Public infrastructure (K<sup>GI</sup><sub>t</sub>),0.0
81,Human capital investment,Public infrastructure (K<sup>GI</sup><sub>t</sub>),0.0
82,Human capital investment,Public infrastructure (K<sup>GI</sup><sub>t</sub>),0.0
83,Human capital investment,Public infrastructure (K<sup>GI</sup><sub>t</sub>),0.0
84,Human capital investment,Public infrastructure (K<sup>GI</sup><sub>t</sub>),0.0
85,Human capital investment,Public infrastructure (K<sup>GI</sup><sub>t</sub>),0.0
86,Human capital investment,Public infrastructure (K<sup>GI</sup><sub>t</sub>),0.0
87,Human capital investment,Public infrastructure (K<sup>GI</sup><sub>t</sub>),0.0
88,Human capital investment,Public infrastructure (K<sup>GI</sup><sub>t</sub>),0.0
89,Human capital investment,Public infrastructure (K<sup>GI</sup><sub>t</sub>),0.0
90,Human capital investment,Public infrastructure (K<sup>GI</sup><sub>t</sub>),0.0
91,Human capital investment,Public infrastructure (K<sup>GI</sup><sub>t</sub>),0.0
92,Human capital investment,Public infrastructure (K<sup>GI</sup><sub>t</sub>),0.0
93,Human capital investment,Public infrastructure (K<sup>GI</sup><sub>t</sub>),0.0
94,Human capital investment,Public infrastructure (K<sup>GI</sup><sub>t</sub>),0.0
95,Human capital investment,Public infrastructure (K<sup>GI</sup><sub>t</sub>),0.0
96,Human capital investment,Public infrastructure (K<sup>GI</sup><sub>t</sub>),0.0
97,Human capital investment,Public infrastructure (K<sup>GI</sup><sub>t</sub>),0.0
98,Human capital investment,Public infrastructure (K<sup>GI</sup><sub>t</sub>),0.0
99,Human capital investment,Public infrastructure (K<sup>GI</sup><sub>t</sub>),0.0
100,Human capital investment,Public infrastructure (K<sup>GI</sup><sub>t</sub>),0.0
1,R&D spending,Public infrastructure (K<sup>GI</sup><sub>t</sub>),0.0
2,R&D spending,Public infrastructure (K<sup>GI</sup><sub>t</sub>),0.0
3,R&D spending,Public infrastructure (K<sup>GI</sup><sub>t</sub>),0.0
4,R&D spending,Public infrastructure (K<sup>GI</sup><sub>t</sub>),0.0
5,R&D spending,Public infrastructure (K<sup>GI</sup><sub>t</sub>),0.0
6,R&D spending,Public infrastructure (K<sup>GI</sup><sub>t</sub>),0.0
7,R&D spending,Public infrastructure (K<sup>GI</sup><sub>t</sub>),0.0
8,R&D spending,Public infrastructure (K<sup>GI</sup><sub>t</sub>),0.0
9,R&D spending,Public infrastructure (K<sup>GI</sup><sub>t</sub>),0.0
10,R&D spending,Public infrastructure (K<sup>GI</sup><sub>t</sub>),0.0
11,R&D spending,Public infrastructure (K<sup>GI</sup><sub>t</sub>),0.0
12,R&D spending,Public infrastructure (K<sup>GI</sup><sub>t</sub>),0.0
13,R&D spending,Public infrastructure (K<sup>GI</sup><sub>t</sub>),0.0
14,R&D spending,Public infrastructure (K<sup>GI</sup><sub>t</sub>),0.0
15,R&D spending,Public infrastructure (K<sup>GI</sup><sub>t</sub>),0.0
16,R&D spending,Public infrastructure (K<sup>GI</sup><sub>t</sub>),0.0
17,R&D spending,Public infrastructure (K<sup>GI</sup><sub>t</sub>),0.0
18,R&D spending,Public infrastructure (K<sup>GI</sup><sub>t</sub>),0.0
19,R&D spending,Public infrastructure (K<sup>GI</sup><sub>t</sub>),0.0
20,R&D spending,Public infrastructure (K<sup>GI</sup><sub>t</sub>),0.0
21,R&D spending,Public infrastructure (K<sup>GI</sup><sub>t</sub>),0.0
22,R&D spending,Public infrastructure (K<sup>GI</sup><sub>t</sub>),0.0
23,R&D spending,Public infrastructure (K<sup>GI</sup><sub>t</sub>),0.0
24,R&D spending,Public infrastructure (K<sup>GI</sup><sub>t</sub>),0.0
25,R&D spending,Public infrastructure (K<sup>GI</sup><sub>t</sub>),0.0
26,R&D spending,Public infrastructure (K<sup>GI</sup><sub>t</sub>),0.0
27,R&D spending,Public infrastructure (K<sup>GI</sup><sub>t</sub>),0.0
28,R&D spending,Public infrastructure (K<sup>GI</sup><sub>t</sub>),0.0
29,R&D spending,Public infrastructure (K<sup>GI</sup><sub>t</sub>),0.0
30,R&D spending,Public infrastructure (K<sup>GI</sup><sub>t</sub>),0.0
31,R&D spending,Public infrastructure (K<sup>GI</sup><sub>t</sub>),0.0
32,R&D spending,Public infrastructure (K<sup>GI</sup><sub>t</sub>),0.0
33,R&D spending,Public infrastructure (K<sup>GI</sup><sub>t</sub>),0.0
34,R&D spending,Public infrastructure (K<sup>GI</sup><sub>t</sub>),0.0
35,R&D spending,Public infrastructure (K<sup>GI</sup><sub>t</sub>),0.0
36,R&D spending,Public infrastructure (K<sup>GI</sup><sub>t</sub>),0.0
37,R&D spending,Public infrastructure (K<sup>GI</sup><sub>t</sub>),0.0
38,R&D spending,Public infrastructure (K<sup>GI</sup><sub>t</sub>),0.0
39,R&D spending,Public infrastructure (K<sup>GI</sup><sub>t</sub>),0.0
40,R&D spending,Public infrastructure (K<sup>GI</sup><sub>t</sub>),0.0
41,R&D spending,Public infrastructure (K<sup>GI</sup><sub>t</sub>),0.0
42,R&D spending,Public infrastructure (K<sup>GI</sup><sub>t</sub>),0.0
43,R&D spending,Public infrastructure (K<sup>GI</sup><sub>t</sub>),0.0
44,R&D spending,Public infrastructure (K<sup>GI</sup><sub>t</sub>),0.0
45,R&D spending,Public infrastructure (K<sup>GI</sup><sub>t</sub>),0.0
46,R&D spending,Public infrastructure (K<sup>GI</sup><sub>t</sub>),0.0
47,R&D spending,Public infrastructure (K<sup>GI</sup><sub>t</sub>),0.0
48,R&D spending,Public infrastructure (K<sup>GI</sup><sub>t</sub>),0.0
49,R&D spending,Public infrastructure (K<sup>GI</sup><sub>t</sub>),0.0
50,R&D spending,Public infrastructure (K<sup>GI</sup><sub>t</sub>),0.0
51,R&D spending,Public infrastructure (K<sup>GI</sup><sub>t</sub>),0.0
52,R&D spending,Public infrastructure (K<sup>GI</sup><sub>t</sub>),0.0
53,R&D spending,Public infrastructure (K<sup>GI</sup><sub>t</sub>),0.0
54,R&D spending,Public infrastructure (K<sup>GI</sup><sub>t</sub>),0.0
55,R&D spending,Public infrastructure (K<sup>GI</sup><sub>t</sub>),0.0
56,R&D spending,Public infrastructure (K<sup>GI</sup><sub>t</sub>),0.0
57,R&D spending,Public infrastructure (K<sup>GI</sup><sub>t</sub>),0.0
58,R&D spending,Public infrastructure (K<sup>GI</sup><sub>t</sub>),0.0
59,R&D spending,Public infrastructure (K<sup>GI</sup><sub>t</sub>),0.0
60,R&D spending,Public infrastructure (K<sup>GI</sup><sub>t</sub>),0.0
61,R&D spending,Public infrastructure (K<sup>GI</sup><sub>t</sub>),0.0
62,R&D spending,Public infrastructure (K<sup>GI</sup><sub>t</sub>),0.0
63,R&D spending,Public infrastructure (K<sup>GI</sup><sub>t</sub>),0.0
64,R&D spending,Public infrastructure (K<sup>GI</sup><sub>t</sub>),0.0
65,R&D spending,Public infrastructure (K<sup>GI</sup><sub>t</sub>),0.0
66,R&D spending,Public infrastructure (K<sup>GI</sup><sub>t</sub>),0.0
67,R&D spending,Public infrastructure (K<sup>GI</sup><sub>t</sub>),0.0
68,R&D spending,Public infrastructure (K<sup>GI</sup><sub>t</sub>),0.0
69,R&D spending,Public infrastructure (K<sup>GI</sup><sub>t</sub>),0.0
70,R&D spending,Public infrastructure (K<sup>GI</sup><sub>t</sub>),0.0
71,R&D spending,Public infrastructure (K<sup>GI</sup><sub>t</sub>),0.0
72,R&D spending,Public infrastructure (K<sup>GI</sup><sub>t</sub>),0.0
73,R&D spending,Public infrastructure (K<sup>GI</sup><sub>t</sub>),0.0
74,R&D spending,Public infrastructure (K<sup>GI</sup><sub>t</sub>),0.0
75,R&D spending,Public infrastructure (K<sup>GI</sup><sub>t</sub>),0.0
76,R&D spending,Public infrastructure (K<sup>GI</sup><sub>t</sub>),0.0
77,R&D spending,Public infrastructure (K<sup>GI</sup><sub>t</sub>),0.0
78,R&D spending,Public infrastructure (K<sup>GI</sup><sub>t</sub>),0.0
79,R&D spending,Public infrastructure (K<sup>GI</sup><sub>t</sub>),0.0
80,R&D spending,Public infrastructure (K<sup>GI</sup><sub>t</sub>),0.0
81,R&D spending,Public infrastructure (K<sup>GI</sup><sub>t</sub>),0.0
82,R&D spending,Public infrastructure (K<sup>GI</sup><sub>t</sub>),0.0
83,R&D spending,Public infrastructure (K<sup>GI</sup><sub>t</sub>),0.0
84,R&D spending,Public infrastructure (K<sup>GI</sup><sub>t</sub>),0.0
85,R&D spending,Public infrastructure (K<sup>GI</sup><sub>t</sub>),0.0
86,R&D spending,Public infrastructure (K<sup>GI</sup><sub>t</sub>),0.0
87,R&D spending,Public infrastructure (K<sup>GI</sup><sub>t</sub>),0.0
88,R&D spending,Public infrastructure (K<sup>GI</sup><sub>t</sub>),0.0
89,R&D spending,Public infrastructure (K<sup>GI</sup><sub>t</sub>),0.0
90,R&D spending,Public infrastructure (K<sup>GI</sup><sub>t</sub>),0.0
91,R&D spending,Public infrastructure (K<sup>GI</sup><sub>t</sub>),0.0
92,R&D spending,Public infrastructure (K<sup>GI</sup><sub>t</sub>),0.0
93,R&D spending,Public infrastructure (K<sup>GI</sup><sub>t</sub>),0.0
94,R&D spending,Public infrastructure (K<sup>GI</sup><sub>t</sub>),0.0
95,R&D spending,Public infrastructure (K<sup>GI</sup><sub>t</sub>),0.0
96,R&D spending,Public infrastructure (K<sup>GI</sup><sub>t</sub>),0.0
97,R&D spending,Public infrastructure (K<sup>GI</sup><sub>t</sub>),0.0
98,R&D spending,Public infrastructure (K<sup>GI</sup><sub>t</sub>),0.0
99,R&D spending,Public infrastructure (K<sup>GI</sup><sub>t</sub>),0.0
100,R&D spending,Public infrastructure (K<sup>GI</sup><sub>t</sub>),0.0
1,Government consumption,Educ./hlt capital (K<sup>GE</sup><sub>t</sub>),0.0
2,Government consumption,Educ./hlt capital (K<sup>GE</sup><sub>t</sub>),0.0
3,Government consumption,Educ./hlt capital (K<sup>GE</sup><sub>t</sub>),0.0
4,Government consumption,Educ./hlt capital (K<sup>GE</sup><sub>t</sub>),0.0
5,Government consumption,Educ./hlt capital (K<sup>GE</sup><sub>t</sub>),0.0
6,Government consumption,Educ./hlt capital (K<sup>GE</sup><sub>t</sub>),0.0
7,Government consumption,Educ./hlt capital (K<sup>GE</sup><sub>t</sub>),0.0
8,Government consumption,Educ./hlt capital (K<sup>GE</sup><sub>t</sub>),0.0
9,Government consumption,Educ./hlt capital (K<sup>GE</sup><sub>t</sub>),0.0
10,Government consumption,Educ./hlt capital (K<sup>GE</sup><sub>t</sub>),0.0
11,Government consumption,Educ./hlt capital (K<sup>GE</sup><sub>t</sub>),0.0
12,Government consumption,Educ./hlt capital (K<sup>GE</sup><sub>t</sub>),0.0
13,Government consumption,Educ./hlt capital (K<sup>GE</sup><sub>t</sub>),0.0
14,Government consumption,Educ./hlt capital (K<sup>GE</sup><sub>t</sub>),0.0
15,Government consumption,Educ./hlt capital (K<sup>GE</sup><sub>t</sub>),0.0
16,Government consumption,Educ./hlt capital (K<sup>GE</sup><sub>t</sub>),0.0
17,Government consumption,Educ./hlt capital (K<sup>GE</sup><sub>t</sub>),0.0
18,Government consumption,Educ./hlt capital (K<sup>GE</sup><sub>t</sub>),0.0
19,Government consumption,Educ./hlt capital (K<sup>GE</sup><sub>t</sub>),0.0
20,Government consumption,Educ./hlt capital (K<sup>GE</sup><sub>t</sub>),0.0
21,Government consumption,Educ./hlt capital (K<sup>GE</sup><sub>t</sub>),0.0
22,Government consumption,Educ./hlt capital (K<sup>GE</sup><sub>t</sub>),0.0
23,Government consumption,Educ./hlt capital (K<sup>GE</sup><sub>t</sub>),0.0
24,Government consumption,Educ./hlt capital (K<sup>GE</sup><sub>t</sub>),0.0
25,Government consumption,Educ./hlt capital (K<sup>GE</sup><sub>t</sub>),0.0
26,Government consumption,Educ./hlt capital (K<sup>GE</sup><sub>t</sub>),0.0
27,Government consumption,Educ./hlt capital (K<sup>GE</sup><sub>t</sub>),0.0
28,Government consumption,Educ./hlt capital (K<sup>GE</sup><sub>t</sub>),0.0
29,Government consumption,Educ./hlt capital (K<sup>GE</sup><sub>t</sub>),0.0
30,Government consumption,Educ./hlt capital (K<sup>GE</sup><sub>t</sub>),0.0
31,Government consumption,Educ./hlt capital (K<sup>GE</sup><sub>t</sub>),0.0
32,Government consumption,Educ./hlt capital (K<sup>GE</sup><sub>t</sub>),0.0
33,Government consumption,Educ./hlt capital (K<sup>GE</sup><sub>t</sub>),0.0
34,Government consumption,Educ./hlt capital (K<sup>GE</sup><sub>t</sub>),0.0
35,Government consumption,Educ./hlt capital (K<sup>GE</sup><sub>t</sub>),0.0
36,Government consumption,Educ./hlt capital (K<sup>GE</sup><sub>t</sub>),0.0
37,Government consumption,Educ./hlt capital (K<sup>GE</sup><sub>t</sub>),0.0
38,Government consumption,Educ./hlt capital (K<sup>GE</sup><sub>t</sub>),0.0
39,Government consumption,Educ./hlt capital (K<sup>GE</sup><sub>t</sub>),0.0
40,Government consumption,Educ./hlt capital (K<sup>GE</sup><sub>t</sub>),0.0
41,Government consumption,Educ./hlt capital (K<sup>GE</sup><sub>t</sub>),0.0
42,Government consumption,Educ./hlt capital (K<sup>GE</sup><sub>t</sub>),0.0
43,Government consumption,Educ./hlt capital (K<sup>GE</sup><sub>t</sub>),0.0
44,Government consumption,Educ./hlt capital (K<sup>GE</sup><sub>t</sub>),0.0
45,Government consumption,Educ./hlt capital (K<sup>GE</sup><sub>t</sub>),0.0
46,Government consumption,Educ./hlt capital (K<sup>GE</sup><sub>t</sub>),0.0
47,Government consumption,Educ./hlt capital (K<sup>GE</sup><sub>t</sub>),0.0
48,Government consumption,Educ./hlt capital (K<sup>GE</sup><sub>t</sub>),0.0
49,Government consumption,Educ./hlt capital (K<sup>GE</sup><sub>t</sub>),0.0
50,Government consumption,Educ./hlt capital (K<sup>GE</sup><sub>t</sub>),0.0
51,Government consumption,Educ./hlt capital (K<sup>GE</sup><sub>t</sub>),0.0
52,Government consumption,Educ./hlt capital (K<sup>GE</sup><sub>t</sub>),0.0
53,Government consumption,Educ./hlt capital (K<sup>GE</sup><sub>t</sub>),0.0
54,Government consumption,Educ./hlt capital (K<sup>GE</sup><sub>t</sub>),0.0
55,Government consumption,Educ./hlt capital (K<sup>GE</sup><sub>t</sub>),0.0
56,Government consumption,Educ./hlt capital (K<sup>GE</sup><sub>t</sub>),0.0
57,Government consumption,Educ./hlt capital (K<sup>GE</sup><sub>t</sub>),0.0
58,Government consumption,Educ./hlt capital (K<sup>GE</sup><sub>t</sub>),0.0
59,Government consumption,Educ./hlt capital (K<sup>GE</sup><sub>t</sub>),0.0
60,Government consumption,Educ./hlt capital (K<sup>GE</sup><sub>t</sub>),0.0
61,Government consumption,Educ./hlt capital (K<sup>GE</sup><sub>t</sub>),0.0
62,Government consumption,Educ./hlt capital (K<sup>GE</sup><sub>t</sub>),0.0
63,Government consumption,Educ./hlt capital (K<sup>GE</sup><sub>t</sub>),0.0
64,Government consumption,Educ./hlt capital (K<sup>GE</sup><sub>t</sub>),0.0
65,Government consumption,Educ./hlt capital (K<sup>GE</sup><sub>t</sub>),0.0
66,Government consumption,Educ./hlt capital (K<sup>GE</sup><sub>t</sub>),0.0
67,Government consumption,Educ./hlt capital (K<sup>GE</sup><sub>t</sub>),0.0
68,Government consumption,Educ./hlt capital (K<sup>GE</sup><sub>t</sub>),0.0
69,Government consumption,Educ./hlt capital (K<sup>GE</sup><sub>t</sub>),0.0
70,Government consumption,Educ./hlt capital (K<sup>GE</sup><sub>t</sub>),0.0
71,Government consumption,Educ./hlt capital (K<sup>GE</sup><sub>t</sub>),0.0
72,Government consumption,Educ./hlt capital (K<sup>GE</sup><sub>t</sub>),0.0
73,Government consumption,Educ./hlt capital (K<sup>GE</sup><sub>t</sub>),0.0
74,Government consumption,Educ./hlt capital (K<sup>GE</sup><sub>t</sub>),0.0
75,Government consumption,Educ./hlt capital (K<sup>GE</sup><sub>t</sub>),0.0
76,Government consumption,Educ./hlt capital (K<sup>GE</sup><sub>t</sub>),0.0
77,Government consumption,Educ./hlt capital (K<sup>GE</sup><sub>t</sub>),0.0
78,Government consumption,Educ./hlt capital (K<sup>GE</sup><sub>t</sub>),0.0
79,Government consumption,Educ./hlt capital (K<sup>GE</sup><sub>t</sub>),0.0
80,Government consumption,Educ./hlt capital (K<sup>GE</sup><sub>t</sub>),0.0
81,Government consumption,Educ./hlt capital (K<sup>GE</sup><sub>t</sub>),0.0
82,Government consumption,Educ./hlt capital (K<sup>GE</sup><sub>t</sub>),0.0
83,Government consumption,Educ./hlt capital (K<sup>GE</sup><sub>t</sub>),0.0
84,Government consumption,Educ./hlt capital (K<sup>GE</sup><sub>t</sub>),0.0
85,Government consumption,Educ./hlt capital (K<sup>GE</sup><sub>t</sub>),0.0
86,Government consumption,Educ./hlt capital (K<sup>GE</sup><sub>t</sub>),0.0
87,Government consumption,Educ./hlt capital (K<sup>GE</sup><sub>t</sub>),0.0
88,Government consumption,Educ./hlt capital (K<sup>GE</sup><sub>t</sub>),0.0
89,Government consumption,Educ./hlt capital (K<sup>GE</sup><sub>t</sub>),0.0
90,Government consumption,Educ./hlt capital (K<sup>GE</sup><sub>t</sub>),0.0
91,Government consumption,Educ./hlt capital (K<sup>GE</sup><sub>t</sub>),0.0
92,Government consumption,Educ./hlt capital (K<sup>GE</sup><sub>t</sub>),0.0
93,Government consumption,Educ./hlt capital (K<sup>GE</sup><sub>t</sub>),0.0
94,Government consumption,Educ./hlt capital (K<sup>GE</sup><sub>t</sub>),0.0
95,Government consumption,Educ./hlt capital (K<sup>GE</sup><sub>t</sub>),0.0
96,Government consumption,Educ./hlt capital (K<sup>GE</sup><sub>t</sub>),0.0
97,Government consumption,Educ./hlt capital (K<sup>GE</sup><sub>t</sub>),0.0
98,Government consumption,Educ./hlt capital (K<sup>GE</sup><sub>t</sub>),0.0
99,Government consumption,Educ./hlt capital (K<sup>GE</sup><sub>t</sub>),0.0
100,Government consumption,Educ./hlt capital (K<sup>GE</sup><sub>t</sub>),0.0
1,Infrastructure investment,Educ./hlt capital (K<sup>GE</sup><sub>t</sub>),0.0
2,Infrastructure investment,Educ./hlt capital (K<sup>GE</sup><sub>t</sub>),0.0
3,Infrastructure investment,Educ./hlt capital (K<sup>GE</sup><sub>t</sub>),0.0
4,Infrastructure investment,Educ./hlt capital (K<sup>GE</sup><sub>t</sub>),0.0
5,Infrastructure investment,Educ./hlt capital (K<sup>GE</sup><sub>t</sub>),0.0
6,Infrastructure investment,Educ./hlt capital (K<sup>GE</sup><sub>t</sub>),0.0
7,Infrastructure investment,Educ./hlt capital (K<sup>GE</sup><sub>t</sub>),0.0
8,Infrastructure investment,Educ./hlt capital (K<sup>GE</sup><sub>t</sub>),0.0
9,Infrastructure investment,Educ./hlt capital (K<sup>GE</sup><sub>t</sub>),0.0
10,Infrastructure investment,Educ./hlt capital (K<sup>GE</sup><sub>t</sub>),0.0
11,Infrastructure investment,Educ./hlt capital (K<sup>GE</sup><sub>t</sub>),0.0
12,Infrastructure investment,Educ./hlt capital (K<sup>GE</sup><sub>t</sub>),0.0
13,Infrastructure investment,Educ./hlt capital (K<sup>GE</sup><sub>t</sub>),0.0
14,Infrastructure investment,Educ./hlt capital (K<sup>GE</sup><sub>t</sub>),0.0
15,Infrastructure investment,Educ./hlt capital (K<sup>GE</sup><sub>t</sub>),0.0
16,Infrastructure investment,Educ./hlt capital (K<sup>GE</sup><sub>t</sub>),0.0
17,Infrastructure investment,Educ./hlt capital (K<sup>GE</sup><sub>t</sub>),0.0
18,Infrastructure investment,Educ./hlt capital (K<sup>GE</sup><sub>t</sub>),0.0
19,Infrastructure investment,Educ./hlt capital (K<sup>GE</sup><sub>t</sub>),0.0
20,Infrastructure investment,Educ./hlt capital (K<sup>GE</sup><sub>t</sub>),0.0
21,Infrastructure investment,Educ./hlt capital (K<sup>GE</sup><sub>t</sub>),0.0
22,Infrastructure investment,Educ./hlt capital (K<sup>GE</sup><sub>t</sub>),0.0
23,Infrastructure investment,Educ./hlt capital (K<sup>GE</sup><sub>t</sub>),0.0
24,Infrastructure investment,Educ./hlt capital (K<sup>GE</sup><sub>t</sub>),0.0
25,Infrastructure investment,Educ./hlt capital (K<sup>GE</sup><sub>t</sub>),0.0
26,Infrastructure investment,Educ./hlt capital (K<sup>GE</sup><sub>t</sub>),0.0
27,Infrastructure investment,Educ./hlt capital (K<sup>GE</sup><sub>t</sub>),0.0
28,Infrastructure investment,Educ./hlt capital (K<sup>GE</sup><sub>t</sub>),0.0
29,Infrastructure investment,Educ./hlt capital (K<sup>GE</sup><sub>t</sub>),0.0
30,Infrastructure investment,Educ./hlt capital (K<sup>GE</sup><sub>t</sub>),0.0
31,Infrastructure investment,Educ./hlt capital (K<sup>GE</sup><sub>t</sub>),0.0
32,Infrastructure investment,Educ./hlt capital (K<sup>GE</sup><sub>t</sub>),0.0
33,Infrastructure investment,Educ./hlt capital (K<sup>GE</sup><sub>t</sub>),0.0
34,Infrastructure investment,Educ./hlt capital (K<sup>GE</sup><sub>t</sub>),0.0
35,Infrastructure investment,Educ./hlt capital (K<sup>GE</sup><sub>t</sub>),0.0
36,Infrastructure investment,Educ./hlt capital (K<sup>GE</sup><sub>t</sub>),0.0
37,Infrastructure investment,Educ./hlt capital (K<sup>GE</sup><sub>t</sub>),0.0
38,Infrastructure investment,Educ./hlt capital (K<sup>GE</sup><sub>t</sub>),0.0
39,Infrastructure investment,Educ./hlt capital (K<sup>GE</sup><sub>t</sub>),0.0
40,Infrastructure investment,Educ./hlt capital (K<sup>GE</sup><sub>t</sub>),0.0
41,Infrastructure investment,Educ./hlt capital (K<sup>GE</sup><sub>t</sub>),0.0
42,Infrastructure investment,Educ./hlt capital (K<sup>GE</sup><sub>t</sub>),0.0
43,Infrastructure investment,Educ./hlt capital (K<sup>GE</sup><sub>t</sub>),0.0
44,Infrastructure investment,Educ./hlt capital (K<sup>GE</sup><sub>t</sub>),0.0
45,Infrastructure investment,Educ./hlt capital (K<sup>GE</sup><sub>t</sub>),0.0
46,Infrastructure investment,Educ./hlt capital (K<sup>GE</sup><sub>t</sub>),0.0
47,Infrastructure investment,Educ./hlt capital (K<sup>GE</sup><sub>t</sub>),0.0
48,Infrastructure investment,Educ./hlt capital (K<sup>GE</sup><sub>t</sub>),0.0
49,Infrastructure investment,Educ./hlt capital (K<sup>GE</sup><sub>t</sub>),0.0
50,Infrastructure investment,Educ./hlt capital (K<sup>GE</sup><sub>t</sub>),0.0
51,Infrastructure investment,Educ./hlt capital (K<sup>GE</sup><sub>t</sub>),0.0
52,Infrastructure investment,Educ./hlt capital (K<sup>GE</sup><sub>t</sub>),0.0
53,Infrastructure investment,Educ./hlt capital (K<sup>GE</sup><sub>t</sub>),0.0
54,Infrastructure investment,Educ./hlt capital (K<sup>GE</sup><sub>t</sub>),0.0
55,Infrastructure investment,Educ./hlt capital (K<sup>GE</sup><sub>t</sub>),0.0
56,Infrastructure investment,Educ./hlt capital (K<sup>GE</sup><sub>t</sub>),0.0
57,Infrastructure investment,Educ./hlt capital (K<sup>GE</sup><sub>t</sub>),0.0
58,Infrastructure investment,Educ./hlt capital (K<sup>GE</sup><sub>t</sub>),0.0
59,Infrastructure investment,Educ./hlt capital (K<sup>GE</sup><sub>t</sub>),0.0
60,Infrastructure investment,Educ./hlt capital (K<sup>GE</sup><sub>t</sub>),0.0
61,Infrastructure investment,Educ./hlt capital (K<sup>GE</sup><sub>t</sub>),0.0
62,Infrastructure investment,Educ./hlt capital (K<sup>GE</sup><sub>t</sub>),0.0
63,Infrastructure investment,Educ./hlt capital (K<sup>GE</sup><sub>t</sub>),0.0
64,Infrastructure investment,Educ./hlt capital (K<sup>GE</sup><sub>t</sub>),0.0
65,Infrastructure investment,Educ./hlt capital (K<sup>GE</sup><sub>t</sub>),0.0
66,Infrastructure investment,Educ./hlt capital (K<sup>GE</sup><sub>t</sub>),0.0
67,Infrastructure investment,Educ./hlt capital (K<sup>GE</sup><sub>t</sub>),0.0
68,Infrastructure investment,Educ./hlt capital (K<sup>GE</sup><sub>t</sub>),0.0
69,Infrastructure investment,Educ./hlt capital (K<sup>GE</sup><sub>t</sub>),0.0
70,Infrastructure investment,Educ./hlt capital (K<sup>GE</sup><sub>t</sub>),0.0
71,Infrastructure investment,Educ./hlt capital (K<sup>GE</sup><sub>t</sub>),0.0
72,Infrastructure investment,Educ./hlt capital (K<sup>GE</sup><sub>t</sub>),0.0
73,Infrastructure investment,Educ./hlt capital (K<sup>GE</sup><sub>t</sub>),0.0
74,Infrastructure investment,Educ./hlt capital (K<sup>GE</sup><sub>t</sub>),0.0
75,Infrastructure investment,Educ./hlt capital (K<sup>GE</sup><sub>t</sub>),0.0
76,Infrastructure investment,Educ./hlt capital (K<sup>GE</sup><sub>t</sub>),0.0
77,Infrastructure investment,Educ./hlt capital (K<sup>GE</sup><sub>t</sub>),0.0
78,Infrastructure investment,Educ./hlt capital (K<sup>GE</sup><sub>t</sub>),0.0
79,Infrastructure investment,Educ./hlt capital (K<sup>GE</sup><sub>t</sub>),0.0
80,Infrastructure investment,Educ./hlt capital (K<sup>GE</sup><sub>t</sub>),0.0
81,Infrastructure investment,Educ./hlt capital (K<sup>GE</sup><sub>t</sub>),0.0
82,Infrastructure investment,Educ./hlt capital (K<sup>GE</sup><sub>t</sub>),0.0
83,Infrastructure investment,Educ./hlt capital (K<sup>GE</sup><sub>t</sub>),0.0
84,Infrastructure investment,Educ./hlt capital (K<sup>GE</sup><sub>t</sub>),0.0
85,Infrastructure investment,Educ./hlt capital (K<sup>GE</sup><sub>t</sub>),0.0
86,Infrastructure investment,Educ./hlt capital (K<sup>GE</sup><sub>t</sub>),0.0
87,Infrastructure investment,Educ./hlt capital (K<sup>GE</sup><sub>t</sub>),0.0
88,Infrastructure investment,Educ./hlt capital (K<sup>GE</sup><sub>t</sub>),0.0
89,Infrastructure investment,Educ./hlt capital (K<sup>GE</sup><sub>t</sub>),0.0
90,Infrastructure investment,Educ./hlt capital (K<sup>GE</sup><sub>t</sub>),0.0
91,Infrastructure investment,Educ./hlt capital (K<sup>GE</sup><sub>t</sub>),0.0
92,Infrastructure investment,Educ./hlt capital (K<sup>GE</sup><sub>t</sub>),0.0
93,Infrastructure investment,Educ./hlt capital (K<sup>GE</sup><sub>t</sub>),0.0
94,Infrastructure investment,Educ./hlt capital (K<sup>GE</sup><sub>t</sub>),0.0
95,Infrastructure investment,Educ./hlt capital (K<sup>GE</sup><sub>t</sub>),0.0
96,Infrastructure investment,Educ./hlt capital (K<sup>GE</sup><sub>t</sub>),0.0
97,Infrastructure investment,Educ./hlt capital (K<sup>GE</sup><sub>t</sub>),0.0
98,Infrastructure investment,Educ./hlt capital (K<sup>GE</sup><sub>t</sub>),0.0
99,Infrastructure investment,Educ./hlt capital (K<sup>GE</sup><sub>t</sub>),0.0
100,Infrastructure investment,Educ./hlt capital (K<sup>GE</sup><sub>t</sub>),0.0
1,Human capital investment,Educ./hlt capital (K<sup>GE</sup><sub>t</sub>),2.308
2,Human capital investment,Educ./hlt capital (K<sup>GE</sup><sub>t</sub>),4.548
3,Human capital investment,Educ./hlt capital (K<sup>GE</sup><sub>t</sub>),6.721
4,Human capital investment,Educ./hlt capital (K<sup>GE</sup><sub>t</sub>),8.831
5,Human capital investment,Educ./hlt capital (K<sup>GE</sup><sub>t</sub>),10.878
6,Human capital investment,Educ./hlt capital (K<sup>GE</sup><sub>t</sub>),12.865
7,Human capital investment,Educ./hlt capital (K<sup>GE</sup><sub>t</sub>),14.793
8,Human capital investment,Educ./hlt capital (K<sup>GE</sup><sub>t</sub>),16.664
9,Human capital investment,Educ./hlt capital (K<sup>GE</sup><sub>t</sub>),18.48
10,Human capital investment,Educ./hlt capital (K<sup>GE</sup><sub>t</sub>),20.243
11,Human capital investment,Educ./hlt capital (K<sup>GE</sup><sub>t</sub>),21.953
12,Human capital investment,Educ./hlt capital (K<sup>GE</sup><sub>t</sub>),23.613
13,Human capital investment,Educ./hlt capital (K<sup>GE</sup><sub>t</sub>),25.224
14,Human capital investment,Educ./hlt capital (K<sup>GE</sup><sub>t</sub>),26.787
15,Human capital investment,Educ./hlt capital (K<sup>GE</sup><sub>t</sub>),28.304
16,Human capital investment,Educ./hlt capital (K<sup>GE</sup><sub>t</sub>),29.777
17,Human capital investment,Educ./hlt capital (K<sup>GE</sup><sub>t</sub>),31.206
18,Human capital investment,Educ./hlt capital (K<sup>GE</sup><sub>t</sub>),32.593
19,Human capital investment,Educ./hlt capital (K<sup>GE</sup><sub>t</sub>),33.939
20,Human capital investment,Educ./hlt capital (K<sup>GE</sup><sub>t</sub>),35.245
21,Human capital investment,Educ./hlt capital (K<sup>GE</sup><sub>t</sub>),36.512
22,Human capital investment,Educ./hlt capital (K<sup>GE</sup><sub>t</sub>),37.743
23,Human capital investment,Educ./hlt capital (K<sup>GE</sup><sub>t</sub>),38.936
24,Human capital investment,Educ./hlt capital (K<sup>GE</sup><sub>t</sub>),40.095
25,Human capital investment,Educ./hlt capital (K<sup>GE</sup><sub>t</sub>),41.22
26,Human capital investment,Educ./hlt capital (K<sup>GE</sup><sub>t</sub>),42.311
27,Human capital investment,Educ./hlt capital (K<sup>GE</sup><sub>t</sub>),43.37
28,Human capital investment,Educ./hlt capital (K<sup>GE</sup><sub>t</sub>),44.398
29,Human capital investment,Educ./hlt capital (K<sup>GE</sup><sub>t</sub>),45.395
30,Human capital investment,Educ./hlt capital (K<sup>GE</sup><sub>t</sub>),46.363
31,Human capital investment,Educ./hlt capital (K<sup>GE</sup><sub>t</sub>),47.303
32,Human capital investment,Educ./hlt capital (K<sup>GE</sup><sub>t</sub>),48.214
33,Human capital investment,Educ./hlt capital (K<sup>GE</sup><sub>t</sub>),49.099
34,Human capital investment,Educ./hlt capital (K<sup>GE</sup><sub>t</sub>),49.958
35,Human capital investment,Educ./hlt capital (K<sup>GE</sup><sub>t</sub>),50.791
36,Human capital investment,Educ./hlt capital (K<sup>GE</sup><sub>t</sub>),51.6
37,Human capital investment,Educ./hlt capital (K<sup>GE</sup><sub>t</sub>),52.385
38,Human capital investment,Educ./hlt capital (K<sup>GE</sup><sub>t</sub>),53.147
39,Human capital investment,Educ./hlt capital (K<sup>GE</sup><sub>t</sub>),53.886
40,Human capital investment,Educ./hlt capital (K<sup>GE</sup><sub>t</sub>),54.603
41,Human capital investment,Educ./hlt capital (K<sup>GE</sup><sub>t</sub>),55.3
42,Human capital investment,Educ./hlt capital (K<sup>GE</sup><sub>t</sub>),55.975
43,Human capital investment,Educ./hlt capital (K<sup>GE</sup><sub>t</sub>),56.631
44,Human capital investment,Educ./hlt capital (K<sup>GE</sup><sub>t</sub>),57.268
45,Human capital investment,Educ./hlt capital (K<sup>GE</sup><sub>t</sub>),57.885
46,Human capital investment,Educ./hlt capital (K<sup>GE</sup><sub>t</sub>),58.485
47,Human capital investment,Educ./hlt capital (K<sup>GE</sup><sub>t</sub>),59.066
48,Human capital investment,Educ./hlt capital (K<sup>GE</sup><sub>t</sub>),59.631
49,Human capital investment,Educ./hlt capital (K<sup>GE</sup><sub>t</sub>),60.179
50,Human capital investment,Educ./hlt capital (K<sup>GE</sup><sub>t</sub>),60.711
51,Human capital investment,Educ./hlt capital (K<sup>GE</sup><sub>t</sub>),61.227
52,Human capital investment,Educ./hlt capital (K<sup>GE</sup><sub>t</sub>),61.727
53,Human capital investment,Educ./hlt capital (K<sup>GE</sup><sub>t</sub>),62.213
54,Human capital investment,Educ./hlt capital (K<sup>GE</sup><sub>t</sub>),62.685
55,Human capital investment,Educ./hlt capital (K<sup>GE</sup><sub>t</sub>),63.143
56,Human capital investment,Educ./hlt capital (K<sup>GE</sup><sub>t</sub>),63.587
57,Human capital investment,Educ./hlt capital (K<sup>GE</sup><sub>t</sub>),64.018
58,Human capital investment,Educ./hlt capital (K<sup>GE</sup><sub>t</sub>),64.436
59,Human capital investment,Educ./hlt capital (K<sup>GE</sup><sub>t</sub>),64.843
60,Human capital investment,Educ./hlt capital (K<sup>GE</sup><sub>t</sub>),65.237
61,Human capital investment,Educ./hlt capital (K<sup>GE</sup><sub>t</sub>),65.619
62,Human capital investment,Educ./hlt capital (K<sup>GE</sup><sub>t</sub>),65.99
63,Human capital investment,Educ./hlt capital (K<sup>GE</sup><sub>t</sub>),66.35
64,Human capital investment,Educ./hlt capital (K<sup>GE</sup><sub>t</sub>),66.7
65,Human capital investment,Educ./hlt capital (K<sup>GE</sup><sub>t</sub>),67.039
66,Human capital investment,Educ./hlt capital (K<sup>GE</sup><sub>t</sub>),67.368
67,Human capital investment,Educ./hlt capital (K<sup>GE</sup><sub>t</sub>),67.688
68,Human capital investment,Educ./hlt capital (K<sup>GE</sup><sub>t</sub>),67.998
69,Human capital investment,Educ./hlt capital (K<sup>GE</sup><sub>t</sub>),68.299
70,Human capital investment,Educ./hlt capital (K<sup>GE</sup><sub>t</sub>),68.591
71,Human capital investment,Educ./hlt capital (K<sup>GE</sup><sub>t</sub>),68.874
72,Human capital investment,Educ./hlt capital (K<sup>GE</sup><sub>t</sub>),69.149
73,Human capital investment,Educ./hlt capital (K<sup>GE</sup><sub>t</sub>),69.416
74,Human capital investment,Educ./hlt capital (K<sup>GE</sup><sub>t</sub>),69.675
75,Human capital investment,Educ./hlt capital (K<sup>GE</sup><sub>t</sub>),69.927
76,Human capital investment,Educ./hlt capital (K<sup>GE</sup><sub>t</sub>),70.171
77,Human capital investment,Educ./hlt capital (K<sup>GE</sup><sub>t</sub>),70.408
78,Human capital investment,Educ./hlt capital (K<sup>GE</sup><sub>t</sub>),70.638
79,Human capital investment,Educ./hlt capital (K<sup>GE</sup><sub>t</sub>),70.861
80,Human capital investment,Educ./hlt capital (K<sup>GE</sup><sub>t</sub>),71.077
81,Human capital investment,Educ./hlt capital (K<sup>GE</sup><sub>t</sub>),71.287
82,Human capital investment,Educ./hlt capital (K<sup>GE</sup><sub>t</sub>),71.491
83,Human capital investment,Educ./hlt capital (K<sup>GE</sup><sub>t</sub>),71.689
84,Human capital investment,Educ./hlt capital (K<sup>GE</sup><sub>t</sub>),71.881
85,Human capital investment,Educ./hlt capital (K<sup>GE</sup><sub>t</sub>),72.067
86,Human capital investment,Educ./hlt capital (K<sup>GE</sup><sub>t</sub>),72.248
87,Human capital investment,Educ./hlt capital (K<sup>GE</sup><sub>t</sub>),72.423
88,Human capital investment,Educ./hlt capital (K<sup>GE</sup><sub>t</sub>),72.594
89,Human capital investment,Educ./hlt capital (K<sup>GE</sup><sub>t</sub>),72.759
90,Human capital investment,Educ./hlt capital (K<sup>GE</sup><sub>t</sub>),72.919
91,Human capital investment,Educ./hlt capital (K<sup>GE</sup><sub>t</sub>),73.075
92,Human capital investment,Educ./hlt capital (K<sup>GE</sup><sub>t</sub>),73.226
93,Human capital investment,Educ./hlt capital (K<sup>GE</sup><sub>t</sub>),73.373
94,Human capital investment,Educ./hlt capital (K<sup>GE</sup><sub>t</sub>),73.515
95,Human capital investment,Educ./hlt capital (K<sup>GE</sup><sub>t</sub>),73.653
96,Human capital investment,Educ./hlt capital (K<sup>GE</sup><sub>t</sub>),73.787
97,Human capital investment,Educ./hlt capital (K<sup>GE</sup><sub>t</sub>),73.917
98,Human capital investment,Educ./hlt capital (K<sup>GE</sup><sub>t</sub>),74.044
99,Human capital investment,Educ./hlt capital (K<sup>GE</sup><sub>t</sub>),74.166
100,Human capital investment,Educ./hlt capital (K<sup>GE</sup><sub>t</sub>),74.285
1,R&D spending,Educ./hlt capital (K<sup>GE</sup><sub>t</sub>),0.0
2,R&D spending,Educ./hlt capital (K<sup>GE</sup><sub>t</sub>),0.0
3,R&D spending,Educ./hlt capital (K<sup>GE</sup><sub>t</sub>),0.0
4,R&D spending,Educ./hlt capital (K<sup>GE</sup><sub>t</sub>),0.0
5,R&D spending,Educ./hlt capital (K<sup>GE</sup><sub>t</sub>),0.0
6,R&D spending,Educ./hlt capital (K<sup>GE</sup><sub>t</sub>),0.0
7,R&D spending,Educ./hlt capital (K<sup>GE</sup><sub>t</sub>),0.0
8,R&D spending,Educ./hlt capital (K<sup>GE</sup><sub>t</sub>),0.0
9,R&D spending,Educ./hlt capital (K<sup>GE</sup><sub>t</sub>),0.0
10,R&D spending,Educ./hlt capital (K<sup>GE</sup><sub>t</sub>),0.0
11,R&D spending,Educ./hlt capital (K<sup>GE</sup><sub>t</sub>),0.0
12,R&D spending,Educ./hlt capital (K<sup>GE</sup><sub>t</sub>),0.0
13,R&D spending,Educ./hlt capital (K<sup>GE</sup><sub>t</sub>),0.0
14,R&D spending,Educ./hlt capital (K<sup>GE</sup><sub>t</sub>),0.0
15,R&D spending,Educ./hlt capital (K<sup>GE</sup><sub>t</sub>),0.0
16,R&D spending,Educ./hlt capital (K<sup>GE</sup><sub>t</sub>),0.0
17,R&D spending,Educ./hlt capital (K<sup>GE</sup><sub>t</sub>),0.0
18,R&D spending,Educ./hlt capital (K<sup>GE</sup><sub>t</sub>),0.0
19,R&D spending,Educ./hlt capital (K<sup>GE</sup><sub>t</sub>),0.0
20,R&D spending,Educ./hlt capital (K<sup>GE</sup><sub>t</sub>),0.0
21,R&D spending,Educ./hlt capital (K<sup>GE</sup><sub>t</sub>),0.0
22,R&D spending,Educ./hlt capital (K<sup>GE</sup><sub>t</sub>),0.0
23,R&D spending,Educ./hlt capital (K<sup>GE</sup><sub>t</sub>),0.0
24,R&D spending,Educ./hlt capital (K<sup>GE</sup><sub>t</sub>),0.0
25,R&D spending,Educ./hlt capital (K<sup>GE</sup><sub>t</sub>),0.0
26,R&D spending,Educ./hlt capital (K<sup>GE</sup><sub>t</sub>),0.0
27,R&D spending,Educ./hlt capital (K<sup>GE</sup><sub>t</sub>),0.0
28,R&D spending,Educ./hlt capital (K<sup>GE</sup><sub>t</sub>),0.0
29,R&D spending,Educ./hlt capital (K<sup>GE</sup><sub>t</sub>),0.0
30,R&D spending,Educ./hlt capital (K<sup>GE</sup><sub>t</sub>),0.0
31,R&D spending,Educ./hlt capital (K<sup>GE</sup><sub>t</sub>),0.0
32,R&D spending,Educ./hlt capital (K<sup>GE</sup><sub>t</sub>),0.0
33,R&D spending,Educ./hlt capital (K<sup>GE</sup><sub>t</sub>),0.0
34,R&D spending,Educ./hlt capital (K<sup>GE</sup><sub>t</sub>),0.0
35,R&D spending,Educ./hlt capital (K<sup>GE</sup><sub>t</sub>),0.0
36,R&D spending,Educ./hlt capital (K<sup>GE</sup><sub>t</sub>),0.0
37,R&D spending,Educ./hlt capital (K<sup>GE</sup><sub>t</sub>),0.0
38,R&D spending,Educ./hlt capital (K<sup>GE</sup><sub>t</sub>),0.0
39,R&D spending,Educ./hlt capital (K<sup>GE</sup><sub>t</sub>),0.0
40,R&D spending,Educ./hlt capital (K<sup>GE</sup><sub>t</sub>),0.0
41,R&D spending,Educ./hlt capital (K<sup>GE</sup><sub>t</sub>),0.0
42,R&D spending,Educ./hlt capital (K<sup>GE</sup><sub>t</sub>),0.0
43,R&D spending,Educ./hlt capital (K<sup>GE</sup><sub>t</sub>),0.0
44,R&D spending,Educ./hlt capital (K<sup>GE</sup><sub>t</sub>),0.0
45,R&D spending,Educ./hlt capital (K<sup>GE</sup><sub>t</sub>),0.0
46,R&D spending,Educ./hlt capital (K<sup>GE</sup><sub>t</sub>),0.0
47,R&D spending,Educ./hlt capital (K<sup>GE</sup><sub>t</sub>),0.0
48,R&D spending,Educ./hlt capital (K<sup>GE</sup><sub>t</sub>),0.0
49,R&D spending,Educ./hlt capital (K<sup>GE</sup><sub>t</sub>),0.0
50,R&D spending,Educ./hlt capital (K<sup>GE</sup><sub>t</sub>),0.0
51,R&D spending,Educ./hlt capital (K<sup>GE</sup><sub>t</sub>),0.0
52,R&D spending,Educ./hlt capital (K<sup>GE</sup><sub>t</sub>),0.0
53,R&D spending,Educ./hlt capital (K<sup>GE</sup><sub>t</sub>),0.0
54,R&D spending,Educ./hlt capital (K<sup>GE</sup><sub>t</sub>),0.0
55,R&D spending,Educ./hlt capital (K<sup>GE</sup><sub>t</sub>),0.0
56,R&D spending,Educ./hlt capital (K<sup>GE</sup><sub>t</sub>),0.0
57,R&D spending,Educ./hlt capital (K<sup>GE</sup><sub>t</sub>),0.0
58,R&D spending,Educ./hlt capital (K<sup>GE</sup><sub>t</sub>),0.0
59,R&D spending,Educ./hlt capital (K<sup>GE</sup><sub>t</sub>),0.0
60,R&D spending,Educ./hlt capital (K<sup>GE</sup><sub>t</sub>),0.0
61,R&D spending,Educ./hlt capital (K<sup>GE</sup><sub>t</sub>),0.0
62,R&D spending,Educ./hlt capital (K<sup>GE</sup><sub>t</sub>),0.0
63,R&D spending,Educ./hlt capital (K<sup>GE</sup><sub>t</sub>),0.0
64,R&D spending,Educ./hlt capital (K<sup>GE</sup><sub>t</sub>),0.0
65,R&D spending,Educ./hlt capital (K<sup>GE</sup><sub>t</sub>),0.0
66,R&D spending,Educ./hlt capital (K<sup>GE</sup><sub>t</sub>),0.0
67,R&D spending,Educ./hlt capital (K<sup>GE</sup><sub>t</sub>),0.0
68,R&D spending,Educ./hlt capital (K<sup>GE</sup><sub>t</sub>),0.0
69,R&D spending,Educ./hlt capital (K<sup>GE</sup><sub>t</sub>),0.0
70,R&D spending,Educ./hlt capital (K<sup>GE</sup><sub>t</sub>),0.0
71,R&D spending,Educ./hlt capital (K<sup>GE</sup><sub>t</sub>),0.0
72,R&D spending,Educ./hlt capital (K<sup>GE</sup><sub>t</sub>),0.0
73,R&D spending,Educ./hlt capital (K<sup>GE</sup><sub>t</sub>),0.0
74,R&D spending,Educ./hlt capital (K<sup>GE</sup><sub>t</sub>),0.0
75,R&D spending,Educ./hlt capital (K<sup>GE</sup><sub>t</sub>),0.0
76,R&D spending,Educ./hlt capital (K<sup>GE</sup><sub>t</sub>),0.0
77,R&D spending,Educ./hlt capital (K<sup>GE</sup><sub>t</sub>),0.0
78,R&D spending,Educ./hlt capital (K<sup>GE</sup><sub>t</sub>),0.0
79,R&D spending,Educ./hlt capital (K<sup>GE</sup><sub>t</sub>),0.0
80,R&D spending,Educ./hlt capital (K<sup>GE</sup><sub>t</sub>),0.0
81,R&D spending,Educ./hlt capital (K<sup>GE</sup><sub>t</sub>),0.0
82,R&D spending,Educ./hlt capital (K<sup>GE</sup><sub>t</sub>),0.0
83,R&D spending,Educ./hlt capital (K<sup>GE</sup><sub>t</sub>),0.0
84,R&D spending,Educ./hlt capital (K<sup>GE</sup><sub>t</sub>),0.0
85,R&D spending,Educ./hlt capital (K<sup>GE</sup><sub>t</sub>),0.0
86,R&D spending,Educ./hlt capital (K<sup>GE</sup><sub>t</sub>),0.0
87,R&D spending,Educ./hlt capital (K<sup>GE</sup><sub>t</sub>),0.0
88,R&D spending,Educ./hlt capital (K<sup>GE</sup><sub>t</sub>),0.0
89,R&D spending,Educ./hlt capital (K<sup>GE</sup><sub>t</sub>),0.0
90,R&D spending,Educ./hlt capital (K<sup>GE</sup><sub>t</sub>),0.0
91,R&D spending,Educ./hlt capital (K<sup>GE</sup><sub>t</sub>),0.0
92,R&D spending,Educ./hlt capital (K<sup>GE</sup><sub>t</sub>),0.0
93,R&D spending,Educ./hlt capital (K<sup>GE</sup><sub>t</sub>),0.0
94,R&D spending,Educ./hlt capital (K<sup>GE</sup><sub>t</sub>),0.0
95,R&D spending,Educ./hlt capital (K<sup>GE</sup><sub>t</sub>),0.0
96,R&D spending,Educ./hlt capital (K<sup>GE</sup><sub>t</sub>),0.0
97,R&D spending,Educ./hlt capital (K<sup>GE</sup><sub>t</sub>),0.0
98,R&D spending,Educ./hlt capital (K<sup>GE</sup><sub>t</sub>),0.0
99,R&D spending,Educ./hlt capital (K<sup>GE</sup><sub>t</sub>),0.0
100,R&D spending,Educ./hlt capital (K<sup>GE</sup><sub>t</sub>),0.0
1,Government consumption,Private capital (K<sub>t</sub>),0.028
2,Government consumption,Private capital (K<sub>t</sub>),0.03
3,Government consumption,Private capital (K<sub>t</sub>),0.033
4,Government consumption,Private capital (K<sub>t</sub>),0.036
5,Government consumption,Private capital (K<sub>t</sub>),0.04
6,Government consumption,Private capital (K<sub>t</sub>),0.045
7,Government consumption,Private capital (K<sub>t</sub>),0.049
8,Government consumption,Private capital (K<sub>t</sub>),0.054
9,Government consumption,Private capital (K<sub>t</sub>),0.058
10,Government consumption,Private capital (K<sub>t</sub>),0.063
11,Government consumption,Private capital (K<sub>t</sub>),0.068
12,Government consumption,Private capital (K<sub>t</sub>),0.073
13,Government consumption,Private capital (K<sub>t</sub>),0.078
14,Government consumption,Private capital (K<sub>t</sub>),0.083
15,Government consumption,Private capital (K<sub>t</sub>),0.089
16,Government consumption,Private capital (K<sub>t</sub>),0.094
17,Government consumption,Private capital (K<sub>t</sub>),0.099
18,Government consumption,Private capital (K<sub>t</sub>),0.105
19,Government consumption,Private capital (K<sub>t</sub>),0.11
20,Government consumption,Private capital (K<sub>t</sub>),0.116
21,Government consumption,Private capital (K<sub>t</sub>),0.121
22,Government consumption,Private capital (K<sub>t</sub>),0.127
23,Government consumption,Private capital (K<sub>t</sub>),0.132
24,Government consumption,Private capital (K<sub>t</sub>),0.138
25,Government consumption,Private capital (K<sub>t</sub>),0.143
26,Government consumption,Private capital (K<sub>t</sub>),0.149
27,Government consumption,Private capital (K<sub>t</sub>),0.154
28,Government consumption,Private capital (K<sub>t</sub>),0.16
29,Government consumption,Private capital (K<sub>t</sub>),0.166
30,Government consumption,Private capital (K<sub>t</sub>),0.171
31,Government consumption,Private capital (K<sub>t</sub>),0.177
32,Government consumption,Private capital (K<sub>t</sub>),0.182
33,Government consumption,Private capital (K<sub>t</sub>),0.188
34,Government consumption,Private capital (K<sub>t</sub>),0.193
35,Government consumption,Private capital (K<sub>t</sub>),0.199
36,Government consumption,Private capital (K<sub>t</sub>),0.204
37,Government consumption,Private capital (K<sub>t</sub>),0.21
38,Government consumption,Private capital (K<sub>t</sub>),0.215
39,Government consumption,Private capital (K<sub>t</sub>),0.221
40,Government consumption,Private capital (K<sub>t</sub>),0.226
41,Government consumption,Private capital (K<sub>t</sub>),0.232
42,Government consumption,Private capital (K<sub>t</sub>),0.237
43,Government consumption,Private capital (K<sub>t</sub>),0.242
44,Government consumption,Private capital (K<sub>t</sub>),0.247
45,Government consumption,Private capital (K<sub>t</sub>),0.253
46,Government consumption,Private capital (K<sub>t</sub>),0.258
47,Government consumption,Private capital (K<sub>t</sub>),0.263
48,Government consumption,Private capital (K<sub>t</sub>),0.268
49,Government consumption,Private capital (K<sub>t</sub>),0.273
50,Government consumption,Private capital (K<sub>t</sub>),0.279
51,Government consumption,Private capital (K<sub>t</sub>),0.284
52,Government consumption,Private capital (K<sub>t</sub>),0.289
53,Government consumption,Private capital (K<sub>t</sub>),0.294
54,Government consumption,Private capital (K<sub>t</sub>),0.299
55,Government consumption,Private capital (K<sub>t</sub>),0.303
56,Government consumption,Private capital (K<sub>t</sub>),0.308
57,Government consumption,Private capital (K<sub>t</sub>),0.313
58,Government consumption,Private capital (K<sub>t</sub>),0.318
59,Government consumption,Private capital (K<sub>t</sub>),0.323
60,Government consumption,Private capital (K<sub>t</sub>),0.327
61,Government consumption,Private capital (K<sub>t</sub>),0.332
62,Government consumption,Private capital (K<sub>t</sub>),0.337
63,Government consumption,Private capital (K<sub>t</sub>),0.341
64,Government consumption,Private capital (K<sub>t</sub>),0.346
65,Government consumption,Private capital (K<sub>t</sub>),0.35
66,Government consumption,Private capital (K<sub>t</sub>),0.355
67,Government consumption,Private capital (K<sub>t</sub>),0.359
68,Government consumption,Private capital (K<sub>t</sub>),0.364
69,Government consumption,Private capital (K<sub>t</sub>),0.368
70,Government consumption,Private capital (K<sub>t</sub>),0.372
71,Government consumption,Private capital (K<sub>t</sub>),0.376
72,Government consumption,Private capital (K<sub>t</sub>),0.381
73,Government consumption,Private capital (K<sub>t</sub>),0.385
74,Government consumption,Private capital (K<sub>t</sub>),0.389
75,Government consumption,Private capital (K<sub>t</sub>),0.393
76,Government consumption,Private capital (K<sub>t</sub>),0.397
77,Government consumption,Private capital (K<sub>t</sub>),0.401
78,Government consumption,Private capital (K<sub>t</sub>),0.405
79,Government consumption,Private capital (K<sub>t</sub>),0.409
80,Government consumption,Private capital (K<sub>t</sub>),0.413
81,Government consumption,Private capital (K<sub>t</sub>),0.417
82,Government consumption,Private capital (K<sub>t</sub>),0.42
83,Government consumption,Private capital (K<sub>t</sub>),0.424
84,Government consumption,Private capital (K<sub>t</sub>),0.428
85,Government consumption,Private capital (K<sub>t</sub>),0.432
86,Government consumption,Private capital (K<sub>t</sub>),0.435
87,Government consumption,Private capital (K<sub>t</sub>),0.439
88,Government consumption,Private capital (K<sub>t</sub>),0.442
89,Government consumption,Private capital (K<sub>t</sub>),0.446
90,Government consumption,Private capital (K<sub>t</sub>),0.449
91,Government consumption,Private capital (K<sub>t</sub>),0.453
92,Government consumption,Private capital (K<sub>t</sub>),0.456
93,Government consumption,Private capital (K<sub>t</sub>),0.459
94,Government consumption,Private capital (K<sub>t</sub>),0.463
95,Government consumption,Private capital (K<sub>t</sub>),0.466
96,Government consumption,Private capital (K<sub>t</sub>),0.469
97,Government consumption,Private capital (K<sub>t</sub>),0.473
98,Government consumption,Private capital (K<sub>t</sub>),0.476
99,Government consumption,Private capital (K<sub>t</sub>),0.479
100,Government consumption,Private capital (K<sub>t</sub>),0.482
1,Infrastructure investment,Private capital (K<sub>t</sub>),-0.008
2,Infrastructure investment,Private capital (K<sub>t</sub>),-0.085
3,Infrastructure investment,Private capital (K<sub>t</sub>),-0.149
4,Infrastructure investment,Private capital (K<sub>t</sub>),-0.202
5,Infrastructure investment,Private capital (K<sub>t</sub>),-0.247
6,Infrastructure investment,Private capital (K<sub>t</sub>),-0.284
7,Infrastructure investment,Private capital (K<sub>t</sub>),-0.314
8,Infrastructure investment,Private capital (K<sub>t</sub>),-0.337
9,Infrastructure investment,Private capital (K<sub>t</sub>),-0.355
10,Infrastructure investment,Private capital (K<sub>t</sub>),-0.367
11,Infrastructure investment,Private capital (K<sub>t</sub>),-0.374
12,Infrastructure investment,Private capital (K<sub>t</sub>),-0.376
13,Infrastructure investment,Private capital (K<sub>t</sub>),-0.374
14,Infrastructure investment,Private capital (K<sub>t</sub>),-0.369
15,Infrastructure investment,Private capital (K<sub>t</sub>),-0.36
16,Infrastructure investment,Private capital (K<sub>t</sub>),-0.348
17,Infrastructure investment,Private capital (K<sub>t</sub>),-0.333
18,Infrastructure investment,Private capital (K<sub>t</sub>),-0.315
19,Infrastructure investment,Private capital (K<sub>t</sub>),-0.295
20,Infrastructure investment,Private capital (K<sub>t</sub>),-0.273
21,Infrastructure investment,Private capital (K<sub>t</sub>),-0.249
22,Infrastructure investment,Private capital (K<sub>t</sub>),-0.223
23,Infrastructure investment,Private capital (K<sub>t</sub>),-0.196
24,Infrastructure investment,Private capital (K<sub>t</sub>),-0.167
25,Infrastructure investment,Private capital (K<sub>t</sub>),-0.137
26,Infrastructure investment,Private capital (K<sub>t</sub>),-0.106
27,Infrastructure investment,Private capital (K<sub>t</sub>),-0.074
28,Infrastructure investment,Private capital (K<sub>t</sub>),-0.04
29,Infrastructure investment,Private capital (K<sub>t</sub>),-0.006
30,Infrastructure investment,Private capital (K<sub>t</sub>),0.028
31,Infrastructure investment,Private capital (K<sub>t</sub>),0.064
32,Infrastructure investment,Private capital (K<sub>t</sub>),0.1
33,Infrastructure investment,Private capital (K<sub>t</sub>),0.136
34,Infrastructure investment,Private capital (K<sub>t</sub>),0.173
35,Infrastructure investment,Private capital (K<sub>t</sub>),0.21
36,Infrastructure investment,Private capital (K<sub>t</sub>),0.247
37,Infrastructure investment,Private capital (K<sub>t</sub>),0.285
38,Infrastructure investment,Private capital (K<sub>t</sub>),0.323
39,Infrastructure investment,Private capital (K<sub>t</sub>),0.36
40,Infrastructure investment,Private capital (K<sub>t</sub>),0.398
41,Infrastructure investment,Private capital (K<sub>t</sub>),0.436
42,Infrastructure investment,Private capital (K<sub>t</sub>),0.475
43,Infrastructure investment,Private capital (K<sub>t</sub>),0.513
44,Infrastructure investment,Private capital (K<sub>t</sub>),0.551
45,Infrastructure investment,Private capital (K<sub>t</sub>),0.588
46,Infrastructure investment,Private capital (K<sub>t</sub>),0.626
47,Infrastructure investment,Private capital (K<sub>t</sub>),0.664
48,Infrastructure investment,Private capital (K<sub>t</sub>),0.702
49,Infrastructure investment,Private capital (K<sub>t</sub>),0.739
50,Infrastructure investment,Private capital (K<sub>t</sub>),0.776
51,Infrastructure investment,Private capital (K<sub>t</sub>),0.813
52,Infrastructure investment,Private capital (K<sub>t</sub>),0.85
53,Infrastructure investment,Private capital (K<sub>t</sub>),0.886
54,Infrastructure investment,Private capital (K<sub>t</sub>),0.923
55,Infrastructure investment,Private capital (K<sub>t</sub>),0.959
56,Infrastructure investment,Private capital (K<sub>t</sub>),0.995
57,Infrastructure investment,Private capital (K<sub>t</sub>),1.03
58,Infrastructure investment,Private capital (K<sub>t</sub>),1.066
59,Infrastructure investment,Private capital (K<sub>t</sub>),1.101
60,Infrastructure investment,Private capital (K<sub>t</sub>),1.135
61,Infrastructure investment,Private capital (K<sub>t</sub>),1.17
62,Infrastructure investment,Private capital (K<sub>t</sub>),1.204
63,Infrastructure investment,Private capital (K<sub>t</sub>),1.238
64,Infrastructure investment,Private capital (K<sub>t</sub>),1.272
65,Infrastructure investment,Private capital (K<sub>t</sub>),1.305
66,Infrastructure investment,Private capital (K<sub>t</sub>),1.338
67,Infrastructure investment,Private capital (K<sub>t</sub>),1.371
68,Infrastructure investment,Private capital (K<sub>t</sub>),1.403
69,Infrastructure investment,Private capital (K<sub>t</sub>),1.435
70,Infrastructure investment,Private capital (K<sub>t</sub>),1.467
71,Infrastructure investment,Private capital (K<sub>t</sub>),1.498
72,Infrastructure investment,Private capital (K<sub>t</sub>),1.529
73,Infrastructure investment,Private capital (K<sub>t</sub>),1.56
74,Infrastructure investment,Private capital (K<sub>t</sub>),1.59
75,Infrastructure investment,Private capital (K<sub>t</sub>),1.621
76,Infrastructure investment,Private capital (K<sub>t</sub>),1.65
77,Infrastructure investment,Private capital (K<sub>t</sub>),1.68
78,Infrastructure investment,Private capital (K<sub>t</sub>),1.709
79,Infrastructure investment,Private capital (K<sub>t</sub>),1.738
80,Infrastructure investment,Private capital (K<sub>t</sub>),1.767
81,Infrastructure investment,Private capital (K<sub>t</sub>),1.795
82,Infrastructure investment,Private capital (K<sub>t</sub>),1.823
83,Infrastructure investment,Private capital (K<sub>t</sub>),1.85
84,Infrastructure investment,Private capital (K<sub>t</sub>),1.878
85,Infrastructure investment,Private capital (K<sub>t</sub>),1.905
86,Infrastructure investment,Private capital (K<sub>t</sub>),1.932
87,Infrastructure investment,Private capital (K<sub>t</sub>),1.958
88,Infrastructure investment,Private capital (K<sub>t</sub>),1.984
89,Infrastructure investment,Private capital (K<sub>t</sub>),2.01
90,Infrastructure investment,Private capital (K<sub>t</sub>),2.035
91,Infrastructure investment,Private capital (K<sub>t</sub>),2.061
92,Infrastructure investment,Private capital (K<sub>t</sub>),2.086
93,Infrastructure investment,Private capital (K<sub>t</sub>),2.11
94,Infrastructure investment,Private capital (K<sub>t</sub>),2.135
95,Infrastructure investment,Private capital (K<sub>t</sub>),2.159
96,Infrastructure investment,Private capital (K<sub>t</sub>),2.183
97,Infrastructure investment,Private capital (K<sub>t</sub>),2.206
98,Infrastructure investment,Private capital (K<sub>t</sub>),2.229
99,Infrastructure investment,Private capital (K<sub>t</sub>),2.252
100,Infrastructure investment,Private capital (K<sub>t</sub>),2.275
1,Human capital investment,Private capital (K<sub>t</sub>),0.115
2,Human capital investment,Private capital (K<sub>t</sub>),0.133
3,Human capital investment,Private capital (K<sub>t</sub>),0.142
4,Human capital investment,Private capital (K<sub>t</sub>),0.14
5,Human capital investment,Private capital (K<sub>t</sub>),0.129
6,Human capital investment,Private capital (K<sub>t</sub>),0.109
7,Human capital investment,Private capital (K<sub>t</sub>),0.081
8,Human capital investment,Private capital (K<sub>t</sub>),0.048
9,Human capital investment,Private capital (K<sub>t</sub>),0.009
10,Human capital investment,Private capital (K<sub>t</sub>),-0.033
11,Human capital investment,Private capital (K<sub>t</sub>),-0.079
12,Human capital investment,Private capital (K<sub>t</sub>),-0.127
13,Human capital investment,Private capital (K<sub>t</sub>),-0.177
14,Human capital investment,Private capital (K<sub>t</sub>),-0.228
15,Human capital investment,Private capital (K<sub>t</sub>),-0.279
16,Human capital investment,Private capital (K<sub>t</sub>),-0.33
17,Human capital investment,Private capital (K<sub>t</sub>),-0.381
18,Human capital investment,Private capital (K<sub>t</sub>),-0.432
19,Human capital investment,Private capital (K<sub>t</sub>),-0.481
20,Human capital investment,Private capital (K<sub>t</sub>),-0.528
21,Human capital investment,Private capital (K<sub>t</sub>),-0.574
22,Human capital investment,Private capital (K<sub>t</sub>),-0.619
23,Human capital investment,Private capital (K<sub>t</sub>),-0.661
24,Human capital investment,Private capital (K<sub>t</sub>),-0.701
25,Human capital investment,Private capital (K<sub>t</sub>),-0.738
26,Human capital investment,Private capital (K<sub>t</sub>),-0.773
27,Human capital investment,Private capital (K<sub>t</sub>),-0.805
28,Human capital investment,Private capital (K<sub>t</sub>),-0.835
29,Human capital investment,Private capital (K<sub>t</sub>),-0.862
30,Human capital investment,Private capital (K<sub>t</sub>),-0.886
31,Human capital investment,Private capital (K<sub>t</sub>),-0.908
32,Human capital investment,Private capital (K<sub>t</sub>),-0.926
33,Human capital investment,Private capital (K<sub>t</sub>),-0.942
34,Human capital investment,Private capital (K<sub>t</sub>),-0.955
35,Human capital investment,Private capital (K<sub>t</sub>),-0.965
36,Human capital investment,Private capital (K<sub>t</sub>),-0.972
37,Human capital investment,Private capital (K<sub>t</sub>),-0.976
38,Human capital investment,Private capital (K<sub>t</sub>),-0.978
39,Human capital investment,Private capital (K<sub>t</sub>),-0.977
40,Human capital investment,Private capital (K<sub>t</sub>),-0.973
41,Human capital investment,Private capital (K<sub>t</sub>),-0.967
42,Human capital investment,Private capital (K<sub>t</sub>),-0.957
43,Human capital investment,Private capital (K<sub>t</sub>),-0.946
44,Human capital investment,Private capital (K<sub>t</sub>),-0.932
45,Human capital investment,Private capital (K<sub>t</sub>),-0.915
46,Human capital investment,Private capital (K<sub>t</sub>),-0.896
47,Human capital investment,Private capital (K<sub>t</sub>),-0.874
48,Human capital investment,Private capital (K<sub>t</sub>),-0.851
49,Human capital investment,Private capital (K<sub>t</sub>),-0.825
50,Human capital investment,Private capital (K<sub>t</sub>),-0.796
51,Human capital investment,Private capital (K<sub>t</sub>),-0.766
52,Human capital investment,Private capital (K<sub>t</sub>),-0.734
53,Human capital investment,Private capital (K<sub>t</sub>),-0.699
54,Human capital investment,Private capital (K<sub>t</sub>),-0.663
55,Human capital investment,Private capital (K<sub>t</sub>),-0.625
56,Human capital investment,Private capital (K<sub>t</sub>),-0.585
57,Human capital investment,Private capital (K<sub>t</sub>),-0.543
58,Human capital investment,Private capital (K<sub>t</sub>),-0.499
59,Human capital investment,Private capital (K<sub>t</sub>),-0.454
60,Human capital investment,Private capital (K<sub>t</sub>),-0.408
61,Human capital investment,Private capital (K<sub>t</sub>),-0.359
62,Human capital investment,Private capital (K<sub>t</sub>),-0.31
63,Human capital investment,Private capital (K<sub>t</sub>),-0.259
64,Human capital investment,Private capital (K<sub>t</sub>),-0.206
65,Human capital investment,Private capital (K<sub>t</sub>),-0.152
66,Human capital investment,Private capital (K<sub>t</sub>),-0.097
67,Human capital investment,Private capital (K<sub>t</sub>),-0.041
68,Human capital investment,Private capital (K<sub>t</sub>),0.016
69,Human capital investment,Private capital (K<sub>t</sub>),0.075
70,Human capital investment,Private capital (K<sub>t</sub>),0.134
71,Human capital investment,Private capital (K<sub>t</sub>),0.195
72,Human capital investment,Private capital (K<sub>t</sub>),0.256
73,Human capital investment,Private capital (K<sub>t</sub>),0.319
74,Human capital investment,Private capital (K<sub>t</sub>),0.382
75,Human capital investment,Private capital (K<sub>t</sub>),0.446
76,Human capital investment,Private capital (K<sub>t</sub>),0.511
77,Human capital investment,Private capital (K<sub>t</sub>),0.576
78,Human capital investment,Private capital (K<sub>t</sub>),0.643
79,Human capital investment,Private capital (K<sub>t</sub>),0.71
80,Human capital investment,Private capital (K<sub>t</sub>),0.777
81,Human capital investment,Private capital (K<sub>t</sub>),0.845
82,Human capital investment,Private capital (K<sub>t</sub>),0.914
83,Human capital investment,Private capital (K<sub>t</sub>),0.983
84,Human capital investment,Private capital (K<sub>t</sub>),1.053
85,Human capital investment,Private capital (K<sub>t</sub>),1.123
86,Human capital investment,Private capital (K<sub>t</sub>),1.193
87,Human capital investment,Private capital (K<sub>t</sub>),1.264
88,Human capital investment,Private capital (K<sub>t</sub>),1.335
89,Human capital investment,Private capital (K<sub>t</sub>),1.407
90,Human capital investment,Private capital (K<sub>t</sub>),1.479
91,Human capital investment,Private capital (K<sub>t</sub>),1.551
92,Human capital investment,Private capital (K<sub>t</sub>),1.623
93,Human capital investment,Private capital (K<sub>t</sub>),1.695
94,Human capital investment,Private capital (K<sub>t</sub>),1.768
95,Human capital investment,Private capital (K<sub>t</sub>),1.84
96,Human capital investment,Private capital (K<sub>t</sub>),1.913
97,Human capital investment,Private capital (K<sub>t</sub>),1.986
98,Human capital investment,Private capital (K<sub>t</sub>),2.059
99,Human capital investment,Private capital (K<sub>t</sub>),2.132
100,Human capital investment,Private capital (K<sub>t</sub>),2.205
1,R&D spending,Private capital (K<sub>t</sub>),0.077
2,R&D spending,Private capital (K<sub>t</sub>),0.085
3,R&D spending,Private capital (K<sub>t</sub>),0.053
4,R&D spending,Private capital (K<sub>t</sub>),-0.009
5,R&D spending,Private capital (K<sub>t</sub>),-0.09
6,R&D spending,Private capital (K<sub>t</sub>),-0.182
7,R&D spending,Private capital (K<sub>t</sub>),-0.278
8,R&D spending,Private capital (K<sub>t</sub>),-0.376
9,R&D spending,Private capital (K<sub>t</sub>),-0.471
10,R&D spending,Private capital (K<sub>t</sub>),-0.562
11,R&D spending,Private capital (K<sub>t</sub>),-0.645
12,R&D spending,Private capital (K<sub>t</sub>),-0.722
13,R&D spending,Private capital (K<sub>t</sub>),-0.79
14,R&D spending,Private capital (K<sub>t</sub>),-0.85
15,R&D spending,Private capital (K<sub>t</sub>),-0.901
16,R&D spending,Private capital (K<sub>t</sub>),-0.943
17,R&D spending,Private capital (K<sub>t</sub>),-0.978
18,R&D spending,Private capital (K<sub>t</sub>),-1.004
19,R&D spending,Private capital (K<sub>t</sub>),-1.022
20,R&D spending,Private capital (K<sub>t</sub>),-1.034
21,R&D spending,Private capital (K<sub>t</sub>),-1.038
22,R&D spending,Private capital (K<sub>t</sub>),-1.036
23,R&D spending,Private capital (K<sub>t</sub>),-1.028
24,R&D spending,Private capital (K<sub>t</sub>),-1.014
25,R&D spending,Private capital (K<sub>t</sub>),-0.995
26,R&D spending,Private capital (K<sub>t</sub>),-0.971
27,R&D spending,Private capital (K<sub>t</sub>),-0.943
28,R&D spending,Private capital (K<sub>t</sub>),-0.91
29,R&D spending,Private capital (K<sub>t</sub>),-0.874
30,R&D spending,Private capital (K<sub>t</sub>),-0.835
31,R&D spending,Private capital (K<sub>t</sub>),-0.792
32,R&D spending,Private capital (K<sub>t</sub>),-0.746
33,R&D spending,Private capital (K<sub>t</sub>),-0.698
34,R&D spending,Private capital (K<sub>t</sub>),-0.647
35,R&D spending,Private capital (K<sub>t</sub>),-0.595
36,R&D spending,Private capital (K<sub>t</sub>),-0.54
37,R&D spending,Private capital (K<sub>t</sub>),-0.484
38,R&D spending,Private capital (K<sub>t</sub>),-0.426
39,R&D spending,Private capital (K<sub>t</sub>),-0.367
40,R&D spending,Private capital (K<sub>t</sub>),-0.307
41,R&D spending,Private capital (K<sub>t</sub>),-0.245
42,R&D spending,Private capital (K<sub>t</sub>),-0.183
43,R&D spending,Private capital (K<sub>t</sub>),-0.12
44,R&D spending,Private capital (K<sub>t</sub>),-0.057
45,R&D spending,Private capital (K<sub>t</sub>),0.007
46,R&D spending,Private capital (K<sub>t</sub>),0.072
47,R&D spending,Private capital (K<sub>t</sub>),0.137
48,R&D spending,Private capital (K<sub>t</sub>),0.202
49,R&D spending,Private capital (K<sub>t</sub>),0.267
50,R&D spending,Private capital (K<sub>t</sub>),0.332
51,R&D spending,Private capital (K<sub>t</sub>),0.398
52,R&D spending,Private capital (K<sub>t</sub>),0.463
53,R&D spending,Private capital (K<sub>t</sub>),0.528
54,R&D spending,Private capital (K<sub>t</sub>),0.593
55,R&D spending,Private capital (K<sub>t</sub>),0.658
56,R&D spending,Private capital (K<sub>t</sub>),0.723
57,R&D spending,Private capital (K<sub>t</sub>),0.787
58,R&D spending,Private capital (K<sub>t</sub>),0.851
59,R&D spending,Private capital (K<sub>t</sub>),0.915
60,R&D spending,Private capital (K<sub>t</sub>),0.978
61,R&D spending,Private capital (K<sub>t</sub>),1.041
62,R&D spending,Private capital (K<sub>t</sub>),1.104
63,R&D spending,Private capital (K<sub>t</sub>),1.166
64,R&D spending,Private capital (K<sub>t</sub>),1.227
65,R&D spending,Private capital (K<sub>t</sub>),1.288
66,R&D spending,Private capital (K<sub>t</sub>),1.348
67,R&D spending,Private capital (K<sub>t</sub>),1.408
68,R&D spending,Private capital (K<sub>t</sub>),1.468
69,R&D spending,Private capital (K<sub>t</sub>),1.527
70,R&D spending,Private capital (K<sub>t</sub>),1.585
71,R&D spending,Private capital (K<sub>t</sub>),1.643
72,R&D spending,Private capital (K<sub>t</sub>),1.7
73,R&D spending,Private capital (K<sub>t</sub>),1.756
74,R&D spending,Private capital (K<sub>t</sub>),1.812
75,R&D spending,Private capital (K<sub>t</sub>),1.867
76,R&D spending,Private capital (K<sub>t</sub>),1.922
77,R&D spending,Private capital (K<sub>t</sub>),1.976
78,R&D spending,Private capital (K<sub>t</sub>),2.03
79,R&D spending,Private capital (K<sub>t</sub>),2.083
80,R&D spending,Private capital (K<sub>t</sub>),2.135
81,R&D spending,Private capital (K<sub>t</sub>),2.187
82,R&D spending,Private capital (K<sub>t</sub>),2.238
83,R&D spending,Private capital (K<sub>t</sub>),2.288
84,R&D spending,Private capital (K<sub>t</sub>),2.338
85,R&D spending,Private capital (K<sub>t</sub>),2.387
86,R&D spending,Private capital (K<sub>t</sub>),2.436
87,R&D spending,Private capital (K<sub>t</sub>),2.484
88,R&D spending,Private capital (K<sub>t</sub>),2.532
89,R&D spending,Private capital (K<sub>t</sub>),2.578
90,R&D spending,Private capital (K<sub>t</sub>),2.625
91,R&D spending,Private capital (K<sub>t</sub>),2.67
92,R&D spending,Private capital (K<sub>t</sub>),2.716
93,R&D spending,Private capital (K<sub>t</sub>),2.76
94,R&D spending,Private capital (K<sub>t</sub>),2.804
95,R&D spending,Private capital (K<sub>t</sub>),2.847
96,R&D spending,Private capital (K<sub>t</sub>),2.89
97,R&D spending,Private capital (K<sub>t</sub>),2.933
98,R&D spending,Private capital (K<sub>t</sub>),2.974
99,R&D spending,Private capital (K<sub>t</sub>),3.016
100,R&D spending,Private capital (K<sub>t</sub>),3.056
1,Government consumption,Labor supply (L<sub>t</sub>),0.574
2,Government consumption,Labor supply (L<sub>t</sub>),0.288
3,Government consumption,Labor supply (L<sub>t</sub>),0.304
4,Government consumption,Labor supply (L<sub>t</sub>),0.31
5,Government consumption,Labor supply (L<sub>t</sub>),0.312
6,Government consumption,Labor supply (L<sub>t</sub>),0.313
7,Government consumption,Labor supply (L<sub>t</sub>),0.314
8,Government consumption,Labor supply (L<sub>t</sub>),0.315
9,Government consumption,Labor supply (L<sub>t</sub>),0.316
10,Government consumption,Labor supply (L<sub>t</sub>),0.317
11,Government consumption,Labor supply (L<sub>t</sub>),0.317
12,Government consumption,Labor supply (L<sub>t</sub>),0.318
13,Government consumption,Labor supply (L<sub>t</sub>),0.318
14,Government consumption,Labor supply (L<sub>t</sub>),0.319
15,Government consumption,Labor supply (L<sub>t</sub>),0.319
16,Government consumption,Labor supply (L<sub>t</sub>),0.32
17,Government consumption,Labor supply (L<sub>t</sub>),0.32
18,Government consumption,Labor supply (L<sub>t</sub>),0.32
19,Government consumption,Labor supply (L<sub>t</sub>),0.321
20,Government consumption,Labor supply (L<sub>t</sub>),0.321
21,Government consumption,Labor supply (L<sub>t</sub>),0.321
22,Government consumption,Labor supply (L<sub>t</sub>),0.321
23,Government consumption,Labor supply (L<sub>t</sub>),0.321
24,Government consumption,Labor supply (L<sub>t</sub>),0.322
25,Government consumption,Labor supply (L<sub>t</sub>),0.322
26,Government consumption,Labor supply (L<sub>t</sub>),0.322
27,Government consumption,Labor supply (L<sub>t</sub>),0.322
28,Government consumption,Labor supply (L<sub>t</sub>),0.322
29,Government consumption,Labor supply (L<sub>t</sub>),0.322
30,Government consumption,Labor supply (L<sub>t</sub>),0.322
31,Government consumption,Labor supply (L<sub>t</sub>),0.322
32,Government consumption,Labor supply (L<sub>t</sub>),0.322
33,Government consumption,Labor supply (L<sub>t</sub>),0.322
34,Government consumption,Labor supply (L<sub>t</sub>),0.321
35,Government consumption,Labor supply (L<sub>t</sub>),0.321
36,Government consumption,Labor supply (L<sub>t</sub>),0.321
37,Government consumption,Labor supply (L<sub>t</sub>),0.321
38,Government consumption,Labor supply (L<sub>t</sub>),0.321
39,Government consumption,Labor supply (L<sub>t</sub>),0.321
40,Government consumption,Labor supply (L<sub>t</sub>),0.321
41,Government consumption,Labor supply (L<sub>t</sub>),0.32
42,Government consumption,Labor supply (L<sub>t</sub>),0.32
43,Government consumption,Labor supply (L<sub>t</sub>),0.32
44,Government consumption,Labor supply (L<sub>t</sub>),0.32
45,Government consumption,Labor supply (L<sub>t</sub>),0.32
46,Government consumption,Labor supply (L<sub>t</sub>),0.319
47,Government consumption,Labor supply (L<sub>t</sub>),0.319
48,Government consumption,Labor supply (L<sub>t</sub>),0.319
49,Government consumption,Labor supply (L<sub>t</sub>),0.319
50,Government consumption,Labor supply (L<sub>t</sub>),0.319
51,Government consumption,Labor supply (L<sub>t</sub>),0.318
52,Government consumption,Labor supply (L<sub>t</sub>),0.318
53,Government consumption,Labor supply (L<sub>t</sub>),0.318
54,Government consumption,Labor supply (L<sub>t</sub>),0.317
55,Government consumption,Labor supply (L<sub>t</sub>),0.317
56,Government consumption,Labor supply (L<sub>t</sub>),0.317
57,Government consumption,Labor supply (L<sub>t</sub>),0.317
58,Government consumption,Labor supply (L<sub>t</sub>),0.316
59,Government consumption,Labor supply (L<sub>t</sub>),0.316
60,Government consumption,Labor supply (L<sub>t</sub>),0.316
61,Government consumption,Labor supply (L<sub>t</sub>),0.315
62,Government consumption,Labor supply (L<sub>t</sub>),0.315
63,Government consumption,Labor supply (L<sub>t</sub>),0.315
64,Government consumption,Labor supply (L<sub>t</sub>),0.315
65,Government consumption,Labor supply (L<sub>t</sub>),0.314
66,Government consumption,Labor supply (L<sub>t</sub>),0.314
67,Government consumption,Labor supply (L<sub>t</sub>),0.314
68,Government consumption,Labor supply (L<sub>t</sub>),0.313
69,Government consumption,Labor supply (L<sub>t</sub>),0.313
70,Government consumption,Labor supply (L<sub>t</sub>),0.313
71,Government consumption,Labor supply (L<sub>t</sub>),0.313
72,Government consumption,Labor supply (L<sub>t</sub>),0.312
73,Government consumption,Labor supply (L<sub>t</sub>),0.312
74,Government consumption,Labor supply (L<sub>t</sub>),0.312
75,Government consumption,Labor supply (L<sub>t</sub>),0.311
76,Government consumption,Labor supply (L<sub>t</sub>),0.311
77,Government consumption,Labor supply (L<sub>t</sub>),0.311
78,Government consumption,Labor supply (L<sub>t</sub>),0.31
79,Government consumption,Labor supply (L<sub>t</sub>),0.31
80,Government consumption,Labor supply (L<sub>t</sub>),0.31
81,Government consumption,Labor supply (L<sub>t</sub>),0.31
82,Government consumption,Labor supply (L<sub>t</sub>),0.309
83,Government consumption,Labor supply (L<sub>t</sub>),0.309
84,Government consumption,Labor supply (L<sub>t</sub>),0.309
85,Government consumption,Labor supply (L<sub>t</sub>),0.308
86,Government consumption,Labor supply (L<sub>t</sub>),0.308
87,Government consumption,Labor supply (L<sub>t</sub>),0.308
88,Government consumption,Labor supply (L<sub>t</sub>),0.307
89,Government consumption,Labor supply (L<sub>t</sub>),0.307
90,Government consumption,Labor supply (L<sub>t</sub>),0.307
91,Government consumption,Labor supply (L<sub>t</sub>),0.307
92,Government consumption,Labor supply (L<sub>t</sub>),0.306
93,Government consumption,Labor supply (L<sub>t</sub>),0.306
94,Government consumption,Labor supply (L<sub>t</sub>),0.306
95,Government consumption,Labor supply (L<sub>t</sub>),0.306
96,Government consumption,Labor supply (L<sub>t</sub>),0.305
97,Government consumption,Labor supply (L<sub>t</sub>),0.305
98,Government consumption,Labor supply (L<sub>t</sub>),0.305
99,Government consumption,Labor supply (L<sub>t</sub>),0.304
100,Government consumption,Labor supply (L<sub>t</sub>),0.304
1,Infrastructure investment,Labor supply (L<sub>t</sub>),0.788
2,Infrastructure investment,Labor supply (L<sub>t</sub>),-0.007
3,Infrastructure investment,Labor supply (L<sub>t</sub>),0.05
4,Infrastructure investment,Labor supply (L<sub>t</sub>),0.085
5,Infrastructure investment,Labor supply (L<sub>t</sub>),0.113
6,Infrastructure investment,Labor supply (L<sub>t</sub>),0.136
7,Infrastructure investment,Labor supply (L<sub>t</sub>),0.157
8,Infrastructure investment,Labor supply (L<sub>t</sub>),0.175
9,Infrastructure investment,Labor supply (L<sub>t</sub>),0.192
10,Infrastructure investment,Labor supply (L<sub>t</sub>),0.208
11,Infrastructure investment,Labor supply (L<sub>t</sub>),0.221
12,Infrastructure investment,Labor supply (L<sub>t</sub>),0.234
13,Infrastructure investment,Labor supply (L<sub>t</sub>),0.245
14,Infrastructure investment,Labor supply (L<sub>t</sub>),0.254
15,Infrastructure investment,Labor supply (L<sub>t</sub>),0.263
16,Infrastructure investment,Labor supply (L<sub>t</sub>),0.271
17,Infrastructure investment,Labor supply (L<sub>t</sub>),0.278
18,Infrastructure investment,Labor supply (L<sub>t</sub>),0.284
19,Infrastructure investment,Labor supply (L<sub>t</sub>),0.289
20,Infrastructure investment,Labor supply (L<sub>t</sub>),0.294
21,Infrastructure investment,Labor supply (L<sub>t</sub>),0.297
22,Infrastructure investment,Labor supply (L<sub>t</sub>),0.301
23,Infrastructure investment,Labor supply (L<sub>t</sub>),0.303
24,Infrastructure investment,Labor supply (L<sub>t</sub>),0.306
25,Infrastructure investment,Labor supply (L<sub>t</sub>),0.307
26,Infrastructure investment,Labor supply (L<sub>t</sub>),0.309
27,Infrastructure investment,Labor supply (L<sub>t</sub>),0.309
28,Infrastructure investment,Labor supply (L<sub>t</sub>),0.31
29,Infrastructure investment,Labor supply (L<sub>t</sub>),0.31
30,Infrastructure investment,Labor supply (L<sub>t</sub>),0.31
31,Infrastructure investment,Labor supply (L<sub>t</sub>),0.31
32,Infrastructure investment,Labor supply (L<sub>t</sub>),0.309
33,Infrastructure investment,Labor supply (L<sub>t</sub>),0.308
34,Infrastructure investment,Labor supply (L<sub>t</sub>),0.307
35,Infrastructure investment,Labor supply (L<sub>t</sub>),0.306
36,Infrastructure investment,Labor supply (L<sub>t</sub>),0.304
37,Infrastructure investment,Labor supply (L<sub>t</sub>),0.303
38,Infrastructure investment,Labor supply (L<sub>t</sub>),0.301
39,Infrastructure investment,Labor supply (L<sub>t</sub>),0.299
40,Infrastructure investment,Labor supply (L<sub>t</sub>),0.297
41,Infrastructure investment,Labor supply (L<sub>t</sub>),0.295
42,Infrastructure investment,Labor supply (L<sub>t</sub>),0.293
43,Infrastructure investment,Labor supply (L<sub>t</sub>),0.29
44,Infrastructure investment,Labor supply (L<sub>t</sub>),0.288
45,Infrastructure investment,Labor supply (L<sub>t</sub>),0.286
46,Infrastructure investment,Labor supply (L<sub>t</sub>),0.283
47,Infrastructure investment,Labor supply (L<sub>t</sub>),0.281
48,Infrastructure investment,Labor supply (L<sub>t</sub>),0.278
49,Infrastructure investment,Labor supply (L<sub>t</sub>),0.275
50,Infrastructure investment,Labor supply (L<sub>t</sub>),0.273
51,Infrastructure investment,Labor supply (L<sub>t</sub>),0.27
52,Infrastructure investment,Labor supply (L<sub>t</sub>),0.267
53,Infrastructure investment,Labor supply (L<sub>t</sub>),0.264
54,Infrastructure investment,Labor supply (L<sub>t</sub>),0.261
55,Infrastructure investment,Labor supply (L<sub>t</sub>),0.259
56,Infrastructure investment,Labor supply (L<sub>t</sub>),0.256
57,Infrastructure investment,Labor supply (L<sub>t</sub>),0.253
58,Infrastructure investment,Labor supply (L<sub>t</sub>),0.25
59,Infrastructure investment,Labor supply (L<sub>t</sub>),0.247
60,Infrastructure investment,Labor supply (L<sub>t</sub>),0.244
61,Infrastructure investment,Labor supply (L<sub>t</sub>),0.242
62,Infrastructure investment,Labor supply (L<sub>t</sub>),0.239
63,Infrastructure investment,Labor supply (L<sub>t</sub>),0.236
64,Infrastructure investment,Labor supply (L<sub>t</sub>),0.233
65,Infrastructure investment,Labor supply (L<sub>t</sub>),0.23
66,Infrastructure investment,Labor supply (L<sub>t</sub>),0.227
67,Infrastructure investment,Labor supply (L<sub>t</sub>),0.225
68,Infrastructure investment,Labor supply (L<sub>t</sub>),0.222
69,Infrastructure investment,Labor supply (L<sub>t</sub>),0.219
70,Infrastructure investment,Labor supply (L<sub>t</sub>),0.216
71,Infrastructure investment,Labor supply (L<sub>t</sub>),0.214
72,Infrastructure investment,Labor supply (L<sub>t</sub>),0.211
73,Infrastructure investment,Labor supply (L<sub>t</sub>),0.208
74,Infrastructure investment,Labor supply (L<sub>t</sub>),0.206
75,Infrastructure investment,Labor supply (L<sub>t</sub>),0.203
76,Infrastructure investment,Labor supply (L<sub>t</sub>),0.2
77,Infrastructure investment,Labor supply (L<sub>t</sub>),0.198
78,Infrastructure investment,Labor supply (L<sub>t</sub>),0.195
79,Infrastructure investment,Labor supply (L<sub>t</sub>),0.192
80,Infrastructure investment,Labor supply (L<sub>t</sub>),0.19
81,Infrastructure investment,Labor supply (L<sub>t</sub>),0.187
82,Infrastructure investment,Labor supply (L<sub>t</sub>),0.185
83,Infrastructure investment,Labor supply (L<sub>t</sub>),0.182
84,Infrastructure investment,Labor supply (L<sub>t</sub>),0.18
85,Infrastructure investment,Labor supply (L<sub>t</sub>),0.177
86,Infrastructure investment,Labor supply (L<sub>t</sub>),0.175
87,Infrastructure investment,Labor supply (L<sub>t</sub>),0.173
88,Infrastructure investment,Labor supply (L<sub>t</sub>),0.17
89,Infrastructure investment,Labor supply (L<sub>t</sub>),0.168
90,Infrastructure investment,Labor supply (L<sub>t</sub>),0.166
91,Infrastructure investment,Labor supply (L<sub>t</sub>),0.163
92,Infrastructure investment,Labor supply (L<sub>t</sub>),0.161
93,Infrastructure investment,Labor supply (L<sub>t</sub>),0.159
94,Infrastructure investment,Labor supply (L<sub>t</sub>),0.157
95,Infrastructure investment,Labor supply (L<sub>t</sub>),0.154
96,Infrastructure investment,Labor supply (L<sub>t</sub>),0.152
97,Infrastructure investment,Labor supply (L<sub>t</sub>),0.15
98,Infrastructure investment,Labor supply (L<sub>t</sub>),0.148
99,Infrastructure investment,Labor supply (L<sub>t</sub>),0.146
100,Infrastructure investment,Labor supply (L<sub>t</sub>),0.144
1,Human capital investment,Labor supply (L<sub>t</sub>),2.115
2,Human capital investment,Labor supply (L<sub>t</sub>),1.132
3,Human capital investment,Labor supply (L<sub>t</sub>),1.059
4,Human capital investment,Labor supply (L<sub>t</sub>),0.961
5,Human capital investment,Labor supply (L<sub>t</sub>),0.863
6,Human capital investment,Labor supply (L<sub>t</sub>),0.771
7,Human capital investment,Labor supply (L<sub>t</sub>),0.686
8,Human capital investment,Labor supply (L<sub>t</sub>),0.61
9,Human capital investment,Labor supply (L<sub>t</sub>),0.54
10,Human capital investment,Labor supply (L<sub>t</sub>),0.477
11,Human capital investment,Labor supply (L<sub>t</sub>),0.42
12,Human capital investment,Labor supply (L<sub>t</sub>),0.369
13,Human capital investment,Labor supply (L<sub>t</sub>),0.322
14,Human capital investment,Labor supply (L<sub>t</sub>),0.281
15,Human capital investment,Labor supply (L<sub>t</sub>),0.243
16,Human capital investment,Labor supply (L<sub>t</sub>),0.209
17,Human capital investment,Labor supply (L<sub>t</sub>),0.179
18,Human capital investment,Labor supply (L<sub>t</sub>),0.153
19,Human capital investment,Labor supply (L<sub>t</sub>),0.129
20,Human capital investment,Labor supply (L<sub>t</sub>),0.108
21,Human capital investment,Labor supply (L<sub>t</sub>),0.089
22,Human capital investment,Labor supply (L<sub>t</sub>),0.073
23,Human capital investment,Labor supply (L<sub>t</sub>),0.059
24,Human capital investment,Labor supply (L<sub>t</sub>),0.046
25,Human capital investment,Labor supply (L<sub>t</sub>),0.035
26,Human capital investment,Labor supply (L<sub>t</sub>),0.026
27,Human capital investment,Labor supply (L<sub>t</sub>),0.018
28,Human capital investment,Labor supply (L<sub>t</sub>),0.012
29,Human capital investment,Labor supply (L<sub>t</sub>),0.007
30,Human capital investment,Labor supply (L<sub>t</sub>),0.002
31,Human capital investment,Labor supply (L<sub>t</sub>),-0.001
32,Human capital investment,Labor supply (L<sub>t</sub>),-0.004
33,Human capital investment,Labor supply (L<sub>t</sub>),-0.006
34,Human capital investment,Labor supply (L<sub>t</sub>),-0.007
35,Human capital investment,Labor supply (L<sub>t</sub>),-0.007
36,Human capital investment,Labor supply (L<sub>t</sub>),-0.007
37,Human capital investment,Labor supply (L<sub>t</sub>),-0.007
38,Human capital investment,Labor supply (L<sub>t</sub>),-0.006
39,Human capital investment,Labor supply (L<sub>t</sub>),-0.005
40,Human capital investment,Labor supply (L<sub>t</sub>),-0.004
41,Human capital investment,Labor supply (L<sub>t</sub>),-0.002
42,Human capital investment,Labor supply (L<sub>t</sub>),-0.0
43,Human capital investment,Labor supply (L<sub>t</sub>),0.002
44,Human capital investment,Labor supply (L<sub>t</sub>),0.004
45,Human capital investment,Labor supply (L<sub>t</sub>),0.006
46,Human capital investment,Labor supply (L<sub>t</sub>),0.009
47,Human capital investment,Labor supply (L<sub>t</sub>),0.011
48,Human capital investment,Labor supply (L<sub>t</sub>),0.014
49,Human capital investment,Labor supply (L<sub>t</sub>),0.016
50,Human capital investment,Labor supply (L<sub>t</sub>),0.019
51,Human capital investment,Labor supply (L<sub>t</sub>),0.021
52,Human capital investment,Labor supply (L<sub>t</sub>),0.023
53,Human capital investment,Labor supply (L<sub>t</sub>),0.026
54,Human capital investment,Labor supply (L<sub>t</sub>),0.028
55,Human capital investment,Labor supply (L<sub>t</sub>),0.03
56,Human capital investment,Labor supply (L<sub>t</sub>),0.032
57,Human capital investment,Labor supply (L<sub>t</sub>),0.035
58,Human capital investment,Labor supply (L<sub>t</sub>),0.036
59,Human capital investment,Labor supply (L<sub>t</sub>),0.038
60,Human capital investment,Labor supply (L<sub>t</sub>),0.04
61,Human capital investment,Labor supply (L<sub>t</sub>),0.042
62,Human capital investment,Labor supply (L<sub>t</sub>),0.043
63,Human capital investment,Labor supply (L<sub>t</sub>),0.044
64,Human capital investment,Labor supply (L<sub>t</sub>),0.046
65,Human capital investment,Labor supply (L<sub>t</sub>),0.047
66,Human capital investment,Labor supply (L<sub>t</sub>),0.048
67,Human capital investment,Labor supply (L<sub>t</sub>),0.049
68,Human capital investment,Labor supply (L<sub>t</sub>),0.049
69,Human capital investment,Labor supply (L<sub>t</sub>),0.05
70,Human capital investment,Labor supply (L<sub>t</sub>),0.05
71,Human capital investment,Labor supply (L<sub>t</sub>),0.051
72,Human capital investment,Labor supply (L<sub>t</sub>),0.051
73,Human capital investment,Labor supply (L<sub>t</sub>),0.051
74,Human capital investment,Labor supply (L<sub>t</sub>),0.051
75,Human capital investment,Labor supply (L<sub>t</sub>),0.05
76,Human capital investment,Labor supply (L<sub>t</sub>),0.05
77,Human capital investment,Labor supply (L<sub>t</sub>),0.05
78,Human capital investment,Labor supply (L<sub>t</sub>),0.049
79,Human capital investment,Labor supply (L<sub>t</sub>),0.048
80,Human capital investment,Labor supply (L<sub>t</sub>),0.047
81,Human capital investment,Labor supply (L<sub>t</sub>),0.046
82,Human capital investment,Labor supply (L<sub>t</sub>),0.045
83,Human capital investment,Labor supply (L<sub>t</sub>),0.044
84,Human capital investment,Labor supply (L<sub>t</sub>),0.043
85,Human capital investment,Labor supply (L<sub>t</sub>),0.041
86,Human capital investment,Labor supply (L<sub>t</sub>),0.04
87,Human capital investment,Labor supply (L<sub>t</sub>),0.038
88,Human capital investment,Labor supply (L<sub>t</sub>),0.036
89,Human capital investment,Labor supply (L<sub>t</sub>),0.034
90,Human capital investment,Labor supply (L<sub>t</sub>),0.032
91,Human capital investment,Labor supply (L<sub>t</sub>),0.03
92,Human capital investment,Labor supply (L<sub>t</sub>),0.028
93,Human capital investment,Labor supply (L<sub>t</sub>),0.026
94,Human capital investment,Labor supply (L<sub>t</sub>),0.024
95,Human capital investment,Labor supply (L<sub>t</sub>),0.021
96,Human capital investment,Labor supply (L<sub>t</sub>),0.019
97,Human capital investment,Labor supply (L<sub>t</sub>),0.016
98,Human capital investment,Labor supply (L<sub>t</sub>),0.014
99,Human capital investment,Labor supply (L<sub>t</sub>),0.011
100,Human capital investment,Labor supply (L<sub>t</sub>),0.008
1,R&D spending,Labor supply (L<sub>t</sub>),0.847
2,R&D spending,Labor supply (L<sub>t</sub>),0.101
3,R&D spending,Labor supply (L<sub>t</sub>),0.096
4,R&D spending,Labor supply (L<sub>t</sub>),0.086
5,R&D spending,Labor supply (L<sub>t</sub>),0.085
6,R&D spending,Labor supply (L<sub>t</sub>),0.091
7,R&D spending,Labor supply (L<sub>t</sub>),0.105
8,R&D spending,Labor supply (L<sub>t</sub>),0.123
9,R&D spending,Labor supply (L<sub>t</sub>),0.145
10,R&D spending,Labor supply (L<sub>t</sub>),0.168
11,R&D spending,Labor supply (L<sub>t</sub>),0.192
12,R&D spending,Labor supply (L<sub>t</sub>),0.216
13,R&D spending,Labor supply (L<sub>t</sub>),0.24
14,R&D spending,Labor supply (L<sub>t</sub>),0.262
15,R&D spending,Labor supply (L<sub>t</sub>),0.284
16,R&D spending,Labor supply (L<sub>t</sub>),0.304
17,R&D spending,Labor supply (L<sub>t</sub>),0.322
18,R&D spending,Labor supply (L<sub>t</sub>),0.339
19,R&D spending,Labor supply (L<sub>t</sub>),0.355
20,R&D spending,Labor supply (L<sub>t</sub>),0.368
21,R&D spending,Labor supply (L<sub>t</sub>),0.381
22,R&D spending,Labor supply (L<sub>t</sub>),0.391
23,R&D spending,Labor supply (L<sub>t</sub>),0.401
24,R&D spending,Labor supply (L<sub>t</sub>),0.409
25,R&D spending,Labor supply (L<sub>t</sub>),0.416
26,R&D spending,Labor supply (L<sub>t</sub>),0.422
27,R&D spending,Labor supply (L<sub>t</sub>),0.426
28,R&D spending,Labor supply (L<sub>t</sub>),0.43
29,R&D spending,Labor supply (L<sub>t</sub>),0.432
30,R&D spending,Labor supply (L<sub>t</sub>),0.434
31,R&D spending,Labor supply (L<sub>t</sub>),0.435
32,R&D spending,Labor supply (L<sub>t</sub>),0.435
33,R&D spending,Labor supply (L<sub>t</sub>),0.434
34,R&D spending,Labor supply (L<sub>t</sub>),0.433
35,R&D spending,Labor supply (L<sub>t</sub>),0.432
36,R&D spending,Labor supply (L<sub>t</sub>),0.429
37,R&D spending,Labor supply (L<sub>t</sub>),0.426
38,R&D spending,Labor supply (L<sub>t</sub>),0.423
39,R&D spending,Labor supply (L<sub>t</sub>),0.42
40,R&D spending,Labor supply (L<sub>t</sub>),0.416
41,R&D spending,Labor supply (L<sub>t</sub>),0.411
42,R&D spending,Labor supply (L<sub>t</sub>),0.407
43,R&D spending,Labor supply (L<sub>t</sub>),0.402
44,R&D spending,Labor supply (L<sub>t</sub>),0.397
45,R&D spending,Labor supply (L<sub>t</sub>),0.392
46,R&D spending,Labor supply (L<sub>t</sub>),0.386
47,R&D spending,Labor supply (L<sub>t</sub>),0.381
48,R&D spending,Labor supply (L<sub>t</sub>),0.375
49,R&D spending,Labor supply (L<sub>t</sub>),0.369
50,R&D spending,Labor supply (L<sub>t</sub>),0.363
51,R&D spending,Labor supply (L<sub>t</sub>),0.357
52,R&D spending,Labor supply (L<sub>t</sub>),0.351
53,R&D spending,Labor supply (L<sub>t</sub>),0.345
54,R&D spending,Labor supply (L<sub>t</sub>),0.338
55,R&D spending,Labor supply (L<sub>t</sub>),0.332
56,R&D spending,Labor supply (L<sub>t</sub>),0.326
57,R&D spending,Labor supply (L<sub>t</sub>),0.319
58,R&D spending,Labor supply (L<sub>t</sub>),0.313
59,R&D spending,Labor supply (L<sub>t</sub>),0.307
60,R&D spending,Labor supply (L<sub>t</sub>),0.3
61,R&D spending,Labor supply (L<sub>t</sub>),0.294
62,R&D spending,Labor supply (L<sub>t</sub>),0.288
63,R&D spending,Labor supply (L<sub>t</sub>),0.282
64,R&D spending,Labor supply (L<sub>t</sub>),0.275
65,R&D spending,Labor supply (L<sub>t</sub>),0.269
66,R&D spending,Labor supply (L<sub>t</sub>),0.263
67,R&D spending,Labor supply (L<sub>t</sub>),0.257
68,R&D spending,Labor supply (L<sub>t</sub>),0.251
69,R&D spending,Labor supply (L<sub>t</sub>),0.245
70,R&D spending,Labor supply (L<sub>t</sub>),0.239
71,R&D spending,Labor supply (L<sub>t</sub>),0.233
72,R&D spending,Labor supply (L<sub>t</sub>),0.227
73,R&D spending,Labor supply (L<sub>t</sub>),0.221
74,R&D spending,Labor supply (L<sub>t</sub>),0.216
75,R&D spending,Labor supply (L<sub>t</sub>),0.21
76,R&D spending,Labor supply (L<sub>t</sub>),0.204
77,R&D spending,Labor supply (L<sub>t</sub>),0.199
78,R&D spending,Labor supply (L<sub>t</sub>),0.193
79,R&D spending,Labor supply (L<sub>t</sub>),0.188
80,R&D spending,Labor supply (L<sub>t</sub>),0.183
81,R&D spending,Labor supply (L<sub>t</sub>),0.177
82,R&D spending,Labor supply (L<sub>t</sub>),0.172
83,R&D spending,Labor supply (L<sub>t</sub>),0.167
84,R&D spending,Labor supply (L<sub>t</sub>),0.162
85,R&D spending,Labor supply (L<sub>t</sub>),0.157
86,R&D spending,Labor supply (L<sub>t</sub>),0.152
87,R&D spending,Labor supply (L<sub>t</sub>),0.147
88,R&D spending,Labor supply (L<sub>t</sub>),0.142
89,R&D spending,Labor supply (L<sub>t</sub>),0.137
90,R&D spending,Labor supply (L<sub>t</sub>),0.133
91,R&D spending,Labor supply (L<sub>t</sub>),0.128
92,R&D spending,Labor supply (L<sub>t</sub>),0.124
93,R&D spending,Labor supply (L<sub>t</sub>),0.119
94,R&D spending,Labor supply (L<sub>t</sub>),0.115
95,R&D spending,Labor supply (L<sub>t</sub>),0.11
96,R&D spending,Labor supply (L<sub>t</sub>),0.106
97,R&D spending,Labor supply (L<sub>t</sub>),0.102
98,R&D spending,Labor supply (L<sub>t</sub>),0.098
99,R&D spending,Labor supply (L<sub>t</sub>),0.093
100,R&D spending,Labor supply (L<sub>t</sub>),0.089
1,Government consumption,Human capital stock (H<sub>t</sub>),-0.001
2,Government consumption,Human capital stock (H<sub>t</sub>),0.004
3,Government consumption,Human capital stock (H<sub>t</sub>),0.009
4,Government consumption,Human capital stock (H<sub>t</sub>),0.013
5,Government consumption,Human capital stock (H<sub>t</sub>),0.017
6,Government consumption,Human capital stock (H<sub>t</sub>),0.021
7,Government consumption,Human capital stock (H<sub>t</sub>),0.024
8,Government consumption,Human capital stock (H<sub>t</sub>),0.028
9,Government consumption,Human capital stock (H<sub>t</sub>),0.032
10,Government consumption,Human capital stock (H<sub>t</sub>),0.035
11,Government consumption,Human capital stock (H<sub>t</sub>),0.038
12,Government consumption,Human capital stock (H<sub>t</sub>),0.041
13,Government consumption,Human capital stock (H<sub>t</sub>),0.044
14,Government consumption,Human capital stock (H<sub>t</sub>),0.047
15,Government consumption,Human capital stock (H<sub>t</sub>),0.05
16,Government consumption,Human capital stock (H<sub>t</sub>),0.053
17,Government consumption,Human capital stock (H<sub>t</sub>),0.056
18,Government consumption,Human capital stock (H<sub>t</sub>),0.058
19,Government consumption,Human capital stock (H<sub>t</sub>),0.061
20,Government consumption,Human capital stock (H<sub>t</sub>),0.063
21,Government consumption,Human capital stock (H<sub>t</sub>),0.065
22,Government consumption,Human capital stock (H<sub>t</sub>),0.068
23,Government consumption,Human capital stock (H<sub>t</sub>),0.07
24,Government consumption,Human capital stock (H<sub>t</sub>),0.072
25,Government consumption,Human capital stock (H<sub>t</sub>),0.074
26,Government consumption,Human capital stock (H<sub>t</sub>),0.076
27,Government consumption,Human capital stock (H<sub>t</sub>),0.078
28,Government consumption,Human capital stock (H<sub>t</sub>),0.08
29,Government consumption,Human capital stock (H<sub>t</sub>),0.081
30,Government consumption,Human capital stock (H<sub>t</sub>),0.083
31,Government consumption,Human capital stock (H<sub>t</sub>),0.085
32,Government consumption,Human capital stock (H<sub>t</sub>),0.086
33,Government consumption,Human capital stock (H<sub>t</sub>),0.088
34,Government consumption,Human capital stock (H<sub>t</sub>),0.089
35,Government consumption,Human capital stock (H<sub>t</sub>),0.091
36,Government consumption,Human capital stock (H<sub>t</sub>),0.092
37,Government consumption,Human capital stock (H<sub>t</sub>),0.094
38,Government consumption,Human capital stock (H<sub>t</sub>),0.095
39,Government consumption,Human capital stock (H<sub>t</sub>),0.096
40,Government consumption,Human capital stock (H<sub>t</sub>),0.097
41,Government consumption,Human capital stock (H<sub>t</sub>),0.099
42,Government consumption,Human capital stock (H<sub>t</sub>),0.1
43,Government consumption,Human capital stock (H<sub>t</sub>),0.101
44,Government consumption,Human capital stock (H<sub>t</sub>),0.102
45,Government consumption,Human capital stock (H<sub>t</sub>),0.103
46,Government consumption,Human capital stock (H<sub>t</sub>),0.104
47,Government consumption,Human capital stock (H<sub>t</sub>),0.105
48,Government consumption,Human capital stock (H<sub>t</sub>),0.106
49,Government consumption,Human capital stock (H<sub>t</sub>),0.107
50,Government consumption,Human capital stock (H<sub>t</sub>),0.108
51,Government consumption,Human capital stock (H<sub>t</sub>),0.109
52,Government consumption,Human capital stock (H<sub>t</sub>),0.11
53,Government consumption,Human capital stock (H<sub>t</sub>),0.11
54,Government consumption,Human capital stock (H<sub>t</sub>),0.111
55,Government consumption,Human capital stock (H<sub>t</sub>),0.112
56,Government consumption,Human capital stock (H<sub>t</sub>),0.113
57,Government consumption,Human capital stock (H<sub>t</sub>),0.113
58,Government consumption,Human capital stock (H<sub>t</sub>),0.114
59,Government consumption,Human capital stock (H<sub>t</sub>),0.115
60,Government consumption,Human capital stock (H<sub>t</sub>),0.115
61,Government consumption,Human capital stock (H<sub>t</sub>),0.116
62,Government consumption,Human capital stock (H<sub>t</sub>),0.117
63,Government consumption,Human capital stock (H<sub>t</sub>),0.117
64,Government consumption,Human capital stock (H<sub>t</sub>),0.118
65,Government consumption,Human capital stock (H<sub>t</sub>),0.118
66,Government consumption,Human capital stock (H<sub>t</sub>),0.119
67,Government consumption,Human capital stock (H<sub>t</sub>),0.119
68,Government consumption,Human capital stock (H<sub>t</sub>),0.12
69,Government consumption,Human capital stock (H<sub>t</sub>),0.12
70,Government consumption,Human capital stock (H<sub>t</sub>),0.121
71,Government consumption,Human capital stock (H<sub>t</sub>),0.121
72,Government consumption,Human capital stock (H<sub>t</sub>),0.122
73,Government consumption,Human capital stock (H<sub>t</sub>),0.122
74,Government consumption,Human capital stock (H<sub>t</sub>),0.123
75,Government consumption,Human capital stock (H<sub>t</sub>),0.123
76,Government consumption,Human capital stock (H<sub>t</sub>),0.124
77,Government consumption,Human capital stock (H<sub>t</sub>),0.124
78,Government consumption,Human capital stock (H<sub>t</sub>),0.124
79,Government consumption,Human capital stock (H<sub>t</sub>),0.125
80,Government consumption,Human capital stock (H<sub>t</sub>),0.125
81,Government consumption,Human capital stock (H<sub>t</sub>),0.125
82,Government consumption,Human capital stock (H<sub>t</sub>),0.126
83,Government consumption,Human capital stock (H<sub>t</sub>),0.126
84,Government consumption,Human capital stock (H<sub>t</sub>),0.126
85,Government consumption,Human capital stock (H<sub>t</sub>),0.127
86,Government consumption,Human capital stock (H<sub>t</sub>),0.127
87,Government consumption,Human capital stock (H<sub>t</sub>),0.127
88,Government consumption,Human capital stock (H<sub>t</sub>),0.128
89,Government consumption,Human capital stock (H<sub>t</sub>),0.128
90,Government consumption,Human capital stock (H<sub>t</sub>),0.128
91,Government consumption,Human capital stock (H<sub>t</sub>),0.128
92,Government consumption,Human capital stock (H<sub>t</sub>),0.129
93,Government consumption,Human capital stock (H<sub>t</sub>),0.129
94,Government consumption,Human capital stock (H<sub>t</sub>),0.129
95,Government consumption,Human capital stock (H<sub>t</sub>),0.129
96,Government consumption,Human capital stock (H<sub>t</sub>),0.13
97,Government consumption,Human capital stock (H<sub>t</sub>),0.13
98,Government consumption,Human capital stock (H<sub>t</sub>),0.13
99,Government consumption,Human capital stock (H<sub>t</sub>),0.13
100,Government consumption,Human capital stock (H<sub>t</sub>),0.131
1,Infrastructure investment,Human capital stock (H<sub>t</sub>),-0.01
2,Infrastructure investment,Human capital stock (H<sub>t</sub>),-0.003
3,Infrastructure investment,Human capital stock (H<sub>t</sub>),0.002
4,Infrastructure investment,Human capital stock (H<sub>t</sub>),0.006
5,Infrastructure investment,Human capital stock (H<sub>t</sub>),0.01
6,Infrastructure investment,Human capital stock (H<sub>t</sub>),0.013
7,Infrastructure investment,Human capital stock (H<sub>t</sub>),0.016
8,Infrastructure investment,Human capital stock (H<sub>t</sub>),0.018
9,Infrastructure investment,Human capital stock (H<sub>t</sub>),0.02
10,Infrastructure investment,Human capital stock (H<sub>t</sub>),0.021
11,Infrastructure investment,Human capital stock (H<sub>t</sub>),0.022
12,Infrastructure investment,Human capital stock (H<sub>t</sub>),0.023
13,Infrastructure investment,Human capital stock (H<sub>t</sub>),0.024
14,Infrastructure investment,Human capital stock (H<sub>t</sub>),0.024
15,Infrastructure investment,Human capital stock (H<sub>t</sub>),0.024
16,Infrastructure investment,Human capital stock (H<sub>t</sub>),0.024
17,Infrastructure investment,Human capital stock (H<sub>t</sub>),0.024
18,Infrastructure investment,Human capital stock (H<sub>t</sub>),0.023
19,Infrastructure investment,Human capital stock (H<sub>t</sub>),0.023
20,Infrastructure investment,Human capital stock (H<sub>t</sub>),0.022
21,Infrastructure investment,Human capital stock (H<sub>t</sub>),0.021
22,Infrastructure investment,Human capital stock (H<sub>t</sub>),0.02
23,Infrastructure investment,Human capital stock (H<sub>t</sub>),0.019
24,Infrastructure investment,Human capital stock (H<sub>t</sub>),0.018
25,Infrastructure investment,Human capital stock (H<sub>t</sub>),0.017
26,Infrastructure investment,Human capital stock (H<sub>t</sub>),0.016
27,Infrastructure investment,Human capital stock (H<sub>t</sub>),0.015
28,Infrastructure investment,Human capital stock (H<sub>t</sub>),0.014
29,Infrastructure investment,Human capital stock (H<sub>t</sub>),0.012
30,Infrastructure investment,Human capital stock (H<sub>t</sub>),0.011
31,Infrastructure investment,Human capital stock (H<sub>t</sub>),0.01
32,Infrastructure investment,Human capital stock (H<sub>t</sub>),0.009
33,Infrastructure investment,Human capital stock (H<sub>t</sub>),0.007
34,Infrastructure investment,Human capital stock (H<sub>t</sub>),0.006
35,Infrastructure investment,Human capital stock (H<sub>t</sub>),0.005
36,Infrastructure investment,Human capital stock (H<sub>t</sub>),0.003
37,Infrastructure investment,Human capital stock (H<sub>t</sub>),0.002
38,Infrastructure investment,Human capital stock (H<sub>t</sub>),0.001
39,Infrastructure investment,Human capital stock (H<sub>t</sub>),-0.0
40,Infrastructure investment,Human capital stock (H<sub>t</sub>),-0.002
41,Infrastructure investment,Human capital stock (H<sub>t</sub>),-0.003
42,Infrastructure investment,Human capital stock (H<sub>t</sub>),-0.004
43,Infrastructure investment,Human capital stock (H<sub>t</sub>),-0.005
44,Infrastructure investment,Human capital stock (H<sub>t</sub>),-0.006
45,Infrastructure investment,Human capital stock (H<sub>t</sub>),-0.007
46,Infrastructure investment,Human capital stock (H<sub>t</sub>),-0.009
47,Infrastructure investment,Human capital stock (H<sub>t</sub>),-0.01
48,Infrastructure investment,Human capital stock (H<sub>t</sub>),-0.011
49,Infrastructure investment,Human capital stock (H<sub>t</sub>),-0.012
50,Infrastructure investment,Human capital stock (H<sub>t</sub>),-0.013
51,Infrastructure investment,Human capital stock (H<sub>t</sub>),-0.014
52,Infrastructure investment,Human capital stock (H<sub>t</sub>),-0.015
53,Infrastructure investment,Human capital stock (H<sub>t</sub>),-0.016
54,Infrastructure investment,Human capital stock (H<sub>t</sub>),-0.016
55,Infrastructure investment,Human capital stock (H<sub>t</sub>),-0.017
56,Infrastructure investment,Human capital stock (H<sub>t</sub>),-0.018
57,Infrastructure investment,Human capital stock (H<sub>t</sub>),-0.019
58,Infrastructure investment,Human capital stock (H<sub>t</sub>),-0.02
59,Infrastructure investment,Human capital stock (H<sub>t</sub>),-0.02
60,Infrastructure investment,Human capital stock (H<sub>t</sub>),-0.021
61,Infrastructure investment,Human capital stock (H<sub>t</sub>),-0.022
62,Infrastructure investment,Human capital stock (H<sub>t</sub>),-0.022
63,Infrastructure investment,Human capital stock (H<sub>t</sub>),-0.023
64,Infrastructure investment,Human capital stock (H<sub>t</sub>),-0.024
65,Infrastructure investment,Human capital stock (H<sub>t</sub>),-0.024
66,Infrastructure investment,Human capital stock (H<sub>t</sub>),-0.025
67,Infrastructure investment,Human capital stock (H<sub>t</sub>),-0.025
68,Infrastructure investment,Human capital stock (H<sub>t</sub>),-0.026
69,Infrastructure investment,Human capital stock (H<sub>t</sub>),-0.026
70,Infrastructure investment,Human capital stock (H<sub>t</sub>),-0.027
71,Infrastructure investment,Human capital stock (H<sub>t</sub>),-0.027
72,Infrastructure investment,Human capital stock (H<sub>t</sub>),-0.028
73,Infrastructure investment,Human capital stock (H<sub>t</sub>),-0.028
74,Infrastructure investment,Human capital stock (H<sub>t</sub>),-0.029
75,Infrastructure investment,Human capital stock (H<sub>t</sub>),-0.029
76,Infrastructure investment,Human capital stock (H<sub>t</sub>),-0.029
77,Infrastructure investment,Human capital stock (H<sub>t</sub>),-0.03
78,Infrastructure investment,Human capital stock (H<sub>t</sub>),-0.03
79,Infrastructure investment,Human capital stock (H<sub>t</sub>),-0.03
80,Infrastructure investment,Human capital stock (H<sub>t</sub>),-0.031
81,Infrastructure investment,Human capital stock (H<sub>t</sub>),-0.031
82,Infrastructure investment,Human capital stock (H<sub>t</sub>),-0.031
83,Infrastructure investment,Human capital stock (H<sub>t</sub>),-0.031
84,Infrastructure investment,Human capital stock (H<sub>t</sub>),-0.031
85,Infrastructure investment,Human capital stock (H<sub>t</sub>),-0.032
86,Infrastructure investment,Human capital stock (H<sub>t</sub>),-0.032
87,Infrastructure investment,Human capital stock (H<sub>t</sub>),-0.032
88,Infrastructure investment,Human capital stock (H<sub>t</sub>),-0.032
89,Infrastructure investment,Human capital stock (H<sub>t</sub>),-0.032
90,Infrastructure investment,Human capital stock (H<sub>t</sub>),-0.032
91,Infrastructure investment,Human capital stock (H<sub>t</sub>),-0.033
92,Infrastructure investment,Human capital stock (H<sub>t</sub>),-0.033
93,Infrastructure investment,Human capital stock (H<sub>t</sub>),-0.033
94,Infrastructure investment,Human capital stock (H<sub>t</sub>),-0.033
95,Infrastructure investment,Human capital stock (H<sub>t</sub>),-0.033
96,Infrastructure investment,Human capital stock (H<sub>t</sub>),-0.033
97,Infrastructure investment,Human capital stock (H<sub>t</sub>),-0.033
98,Infrastructure investment,Human capital stock (H<sub>t</sub>),-0.033
99,Infrastructure investment,Human capital stock (H<sub>t</sub>),-0.033
100,Infrastructure investment,Human capital stock (H<sub>t</sub>),-0.033
1,Human capital investment,Human capital stock (H<sub>t</sub>),-0.048
2,Human capital investment,Human capital stock (H<sub>t</sub>),-0.069
3,Human capital investment,Human capital stock (H<sub>t</sub>),-0.081
4,Human capital investment,Human capital stock (H<sub>t</sub>),-0.085
5,Human capital investment,Human capital stock (H<sub>t</sub>),-0.082
6,Human capital investment,Human capital stock (H<sub>t</sub>),-0.071
7,Human capital investment,Human capital stock (H<sub>t</sub>),-0.054
8,Human capital investment,Human capital stock (H<sub>t</sub>),-0.03
9,Human capital investment,Human capital stock (H<sub>t</sub>),-0.001
10,Human capital investment,Human capital stock (H<sub>t</sub>),0.033
11,Human capital investment,Human capital stock (H<sub>t</sub>),0.071
12,Human capital investment,Human capital stock (H<sub>t</sub>),0.114
13,Human capital investment,Human capital stock (H<sub>t</sub>),0.16
14,Human capital investment,Human capital stock (H<sub>t</sub>),0.21
15,Human capital investment,Human capital stock (H<sub>t</sub>),0.263
16,Human capital investment,Human capital stock (H<sub>t</sub>),0.319
17,Human capital investment,Human capital stock (H<sub>t</sub>),0.377
18,Human capital investment,Human capital stock (H<sub>t</sub>),0.437
19,Human capital investment,Human capital stock (H<sub>t</sub>),0.499
20,Human capital investment,Human capital stock (H<sub>t</sub>),0.563
21,Human capital investment,Human capital stock (H<sub>t</sub>),0.628
22,Human capital investment,Human capital stock (H<sub>t</sub>),0.695
23,Human capital investment,Human capital stock (H<sub>t</sub>),0.762
24,Human capital investment,Human capital stock (H<sub>t</sub>),0.831
25,Human capital investment,Human capital stock (H<sub>t</sub>),0.9
26,Human capital investment,Human capital stock (H<sub>t</sub>),0.97
27,Human capital investment,Human capital stock (H<sub>t</sub>),1.041
28,Human capital investment,Human capital stock (H<sub>t</sub>),1.112
29,Human capital investment,Human capital stock (H<sub>t</sub>),1.183
30,Human capital investment,Human capital stock (H<sub>t</sub>),1.254
31,Human capital investment,Human capital stock (H<sub>t</sub>),1.326
32,Human capital investment,Human capital stock (H<sub>t</sub>),1.397
33,Human capital investment,Human capital stock (H<sub>t</sub>),1.468
34,Human capital investment,Human capital stock (H<sub>t</sub>),1.539
35,Human capital investment,Human capital stock (H<sub>t</sub>),1.61
36,Human capital investment,Human capital stock (H<sub>t</sub>),1.68
37,Human capital investment,Human capital stock (H<sub>t</sub>),1.75
38,Human capital investment,Human capital stock (H<sub>t</sub>),1.819
39,Human capital investment,Human capital stock (H<sub>t</sub>),1.888
40,Human capital investment,Human capital stock (H<sub>t</sub>),1.956
41,Human capital investment,Human capital stock (H<sub>t</sub>),2.024
42,Human capital investment,Human capital stock (H<sub>t</sub>),2.091
43,Human capital investment,Human capital stock (H<sub>t</sub>),2.157
44,Human capital investment,Human capital stock (H<sub>t</sub>),2.223
45,Human capital investment,Human capital stock (H<sub>t</sub>),2.288
46,Human capital investment,Human capital stock (H<sub>t</sub>),2.352
47,Human capital investment,Human capital stock (H<sub>t</sub>),2.416
48,Human capital investment,Human capital stock (H<sub>t</sub>),2.478
49,Human capital investment,Human capital stock (H<sub>t</sub>),2.54
50,Human capital investment,Human capital stock (H<sub>t</sub>),2.601
51,Human capital investment,Human capital stock (H<sub>t</sub>),2.661
52,Human capital investment,Human capital stock (H<sub>t</sub>),2.72
53,Human capital investment,Human capital stock (H<sub>t</sub>),2.779
54,Human capital investment,Human capital stock (H<sub>t</sub>),2.836
55,Human capital investment,Human capital stock (H<sub>t</sub>),2.893
56,Human capital investment,Human capital stock (H<sub>t</sub>),2.949
57,Human capital investment,Human capital stock (H<sub>t</sub>),3.004
58,Human capital investment,Human capital stock (H<sub>t</sub>),3.058
59,Human capital investment,Human capital stock (H<sub>t</sub>),3.111
60,Human capital investment,Human capital stock (H<sub>t</sub>),3.163
61,Human capital investment,Human capital stock (H<sub>t</sub>),3.214
62,Human capital investment,Human capital stock (H<sub>t</sub>),3.265
63,Human capital investment,Human capital stock (H<sub>t</sub>),3.315
64,Human capital investment,Human capital stock (H<sub>t</sub>),3.363
65,Human capital investment,Human capital stock (H<sub>t</sub>),3.411
66,Human capital investment,Human capital stock (H<sub>t</sub>),3.458
67,Human capital investment,Human capital stock (H<sub>t</sub>),3.504
68,Human capital investment,Human capital stock (H<sub>t</sub>),3.55
69,Human capital investment,Human capital stock (H<sub>t</sub>),3.594
70,Human capital investment,Human capital stock (H<sub>t</sub>),3.638
71,Human capital investment,Human capital stock (H<sub>t</sub>),3.681
72,Human capital investment,Human capital stock (H<sub>t</sub>),3.723
73,Human capital investment,Human capital stock (H<sub>t</sub>),3.764
74,Human capital investment,Human capital stock (H<sub>t</sub>),3.805
75,Human capital investment,Human capital stock (H<sub>t</sub>),3.844
76,Human capital investment,Human capital stock (H<sub>t</sub>),3.883
77,Human capital investment,Human capital stock (H<sub>t</sub>),3.921
78,Human capital investment,Human capital stock (H<sub>t</sub>),3.959
79,Human capital investment,Human capital stock (H<sub>t</sub>),3.996
80,Human capital investment,Human capital stock (H<sub>t</sub>),4.031
81,Human capital investment,Human capital stock (H<sub>t</sub>),4.067
82,Human capital investment,Human capital stock (H<sub>t</sub>),4.101
83,Human capital investment,Human capital stock (H<sub>t</sub>),4.135
84,Human capital investment,Human capital stock (H<sub>t</sub>),4.168
85,Human capital investment,Human capital stock (H<sub>t</sub>),4.2
86,Human capital investment,Human capital stock (H<sub>t</sub>),4.232
87,Human capital investment,Human capital stock (H<sub>t</sub>),4.263
88,Human capital investment,Human capital stock (H<sub>t</sub>),4.294
89,Human capital investment,Human capital stock (H<sub>t</sub>),4.324
90,Human capital investment,Human capital stock (H<sub>t</sub>),4.353
91,Human capital investment,Human capital stock (H<sub>t</sub>),4.381
92,Human capital investment,Human capital stock (H<sub>t</sub>),4.409
93,Human capital investment,Human capital stock (H<sub>t</sub>),4.437
94,Human capital investment,Human capital stock (H<sub>t</sub>),4.464
95,Human capital investment,Human capital stock (H<sub>t</sub>),4.49
96,Human capital investment,Human capital stock (H<sub>t</sub>),4.516
97,Human capital investment,Human capital stock (H<sub>t</sub>),4.541
98,Human capital investment,Human capital stock (H<sub>t</sub>),4.565
99,Human capital investment,Human capital stock (H<sub>t</sub>),4.589
100,Human capital investment,Human capital stock (H<sub>t</sub>),4.613
1,R&D spending,Human capital stock (H<sub>t</sub>),-0.011
2,R&D spending,Human capital stock (H<sub>t</sub>),-0.007
3,R&D spending,Human capital stock (H<sub>t</sub>),-0.004
4,R&D spending,Human capital stock (H<sub>t</sub>),0.001
5,R&D spending,Human capital stock (H<sub>t</sub>),0.005
6,R&D spending,Human capital stock (H<sub>t</sub>),0.008
7,R&D spending,Human capital stock (H<sub>t</sub>),0.012
8,R&D spending,Human capital stock (H<sub>t</sub>),0.015
9,R&D spending,Human capital stock (H<sub>t</sub>),0.017
10,R&D spending,Human capital stock (H<sub>t</sub>),0.019
11,R&D spending,Human capital stock (H<sub>t</sub>),0.02
12,R&D spending,Human capital stock (H<sub>t</sub>),0.021
13,R&D spending,Human capital stock (H<sub>t</sub>),0.022
14,R&D spending,Human capital stock (H<sub>t</sub>),0.021
15,R&D spending,Human capital stock (H<sub>t</sub>),0.021
16,R&D spending,Human capital stock (H<sub>t</sub>),0.02
17,R&D spending,Human capital stock (H<sub>t</sub>),0.018
18,R&D spending,Human capital stock (H<sub>t</sub>),0.016
19,R&D spending,Human capital stock (H<sub>t</sub>),0.014
20,R&D spending,Human capital stock (H<sub>t</sub>),0.012
21,R&D spending,Human capital stock (H<sub>t</sub>),0.009
22,R&D spending,Human capital stock (H<sub>t</sub>),0.006
23,R&D spending,Human capital stock (H<sub>t</sub>),0.003
24,R&D spending,Human capital stock (H<sub>t</sub>),-0.001
25,R&D spending,Human capital stock (H<sub>t</sub>),-0.004
26,R&D spending,Human capital stock (H<sub>t</sub>),-0.008
27,R&D spending,Human capital stock (H<sub>t</sub>),-0.012
28,R&D spending,Human capital stock (H<sub>t</sub>),-0.015
29,R&D spending,Human capital stock (H<sub>t</sub>),-0.019
30,R&D spending,Human capital stock (H<sub>t</sub>),-0.023
31,R&D spending,Human capital stock (H<sub>t</sub>),-0.027
32,R&D spending,Human capital stock (H<sub>t</sub>),-0.031
33,R&D spending,Human capital stock (H<sub>t</sub>),-0.035
34,R&D spending,Human capital stock (H<sub>t</sub>),-0.039
35,R&D spending,Human capital stock (H<sub>t</sub>),-0.042
36,R&D spending,Human capital stock (H<sub>t</sub>),-0.046
37,R&D spending,Human capital stock (H<sub>t</sub>),-0.05
38,R&D spending,Human capital stock (H<sub>t</sub>),-0.054
39,R&D spending,Human capital stock (H<sub>t</sub>),-0.057
40,R&D spending,Human capital stock (H<sub>t</sub>),-0.061
41,R&D spending,Human capital stock (H<sub>t</sub>),-0.064
42,R&D spending,Human capital stock (H<sub>t</sub>),-0.068
43,R&D spending,Human capital stock (H<sub>t</sub>),-0.071
44,R&D spending,Human capital stock (H<sub>t</sub>),-0.075
45,R&D spending,Human capital stock (H<sub>t</sub>),-0.078
46,R&D spending,Human capital stock (H<sub>t</sub>),-0.081
47,R&D spending,Human capital stock (H<sub>t</sub>),-0.084
48,R&D spending,Human capital stock (H<sub>t</sub>),-0.087
49,R&D spending,Human capital stock (H<sub>t</sub>),-0.09
50,R&D spending,Human capital stock (H<sub>t</sub>),-0.092
51,R&D spending,Human capital stock (H<sub>t</sub>),-0.095
52,R&D spending,Human capital stock (H<sub>t</sub>),-0.098
53,R&D spending,Human capital stock (H<sub>t</sub>),-0.1
54,R&D spending,Human capital stock (H<sub>t</sub>),-0.103
55,R&D spending,Human capital stock (H<sub>t</sub>),-0.105
56,R&D spending,Human capital stock (H<sub>t</sub>),-0.107
57,R&D spending,Human capital stock (H<sub>t</sub>),-0.109
58,R&D spending,Human capital stock (H<sub>t</sub>),-0.111
59,R&D spending,Human capital stock (H<sub>t</sub>),-0.113
60,R&D spending,Human capital stock (H<sub>t</sub>),-0.115
61,R&D spending,Human capital stock (H<sub>t</sub>),-0.117
62,R&D spending,Human capital stock (H<sub>t</sub>),-0.119
63,R&D spending,Human capital stock (H<sub>t</sub>),-0.121
64,R&D spending,Human capital stock (H<sub>t</sub>),-0.122
65,R&D spending,Human capital stock (H<sub>t</sub>),-0.124
66,R&D spending,Human capital stock (H<sub>t</sub>),-0.125
67,R&D spending,Human capital stock (H<sub>t</sub>),-0.126
68,R&D spending,Human capital stock (H<sub>t</sub>),-0.128
69,R&D spending,Human capital stock (H<sub>t</sub>),-0.129
70,R&D spending,Human capital stock (H<sub>t</sub>),-0.13
71,R&D spending,Human capital stock (H<sub>t</sub>),-0.131
72,R&D spending,Human capital stock (H<sub>t</sub>),-0.132
73,R&D spending,Human capital stock (H<sub>t</sub>),-0.133
74,R&D spending,Human capital stock (H<sub>t</sub>),-0.134
75,R&D spending,Human capital stock (H<sub>t</sub>),-0.135
76,R&D spending,Human capital stock (H<sub>t</sub>),-0.136
77,R&D spending,Human capital stock (H<sub>t</sub>),-0.137
78,R&D spending,Human capital stock (H<sub>t</sub>),-0.137
79,R&D spending,Human capital stock (H<sub>t</sub>),-0.138
80,R&D spending,Human capital stock (H<sub>t</sub>),-0.139
81,R&D spending,Human capital stock (H<sub>t</sub>),-0.139
82,R&D spending,Human capital stock (H<sub>t</sub>),-0.14
83,R&D spending,Human capital stock (H<sub>t</sub>),-0.14
84,R&D spending,Human capital stock (H<sub>t</sub>),-0.141
85,R&D spending,Human capital stock (H<sub>t</sub>),-0.141
86,R&D spending,Human capital stock (H<sub>t</sub>),-0.141
87,R&D spending,Human capital stock (H<sub>t</sub>),-0.142
88,R&D spending,Human capital stock (H<sub>t</sub>),-0.142
89,R&D spending,Human capital stock (H<sub>t</sub>),-0.142
90,R&D spending,Human capital stock (H<sub>t</sub>),-0.142
91,R&D spending,Human capital stock (H<sub>t</sub>),-0.143
92,R&D spending,Human capital stock (H<sub>t</sub>),-0.143
93,R&D spending,Human capital stock (H<sub>t</sub>),-0.143
94,R&D spending,Human capital stock (H<sub>t</sub>),-0.143
95,R&D spending,Human capital stock (H<sub>t</sub>),-0.143
96,R&D spending,Human capital stock (H<sub>t</sub>),-0.143
97,R&D spending,Human capital stock (H<sub>t</sub>),-0.143
98,R&D spending,Human capital stock (H<sub>t</sub>),-0.143
99,R&D spending,Human capital stock (H<sub>t</sub>),-0.143
100,R&D spending,Human capital stock (H<sub>t</sub>),-0.143
1,Government consumption,Effective labor (N<sub>t</sub>),0.574
2,Government consumption,Effective labor (N<sub>t</sub>),0.287
3,Government consumption,Effective labor (N<sub>t</sub>),0.308
4,Government consumption,Effective labor (N<sub>t</sub>),0.318
5,Government consumption,Effective labor (N<sub>t</sub>),0.325
6,Government consumption,Effective labor (N<sub>t</sub>),0.33
7,Government consumption,Effective labor (N<sub>t</sub>),0.335
8,Government consumption,Effective labor (N<sub>t</sub>),0.34
9,Government consumption,Effective labor (N<sub>t</sub>),0.344
10,Government consumption,Effective labor (N<sub>t</sub>),0.348
11,Government consumption,Effective labor (N<sub>t</sub>),0.352
12,Government consumption,Effective labor (N<sub>t</sub>),0.356
13,Government consumption,Effective labor (N<sub>t</sub>),0.36
14,Government consumption,Effective labor (N<sub>t</sub>),0.364
15,Government consumption,Effective labor (N<sub>t</sub>),0.367
16,Government consumption,Effective labor (N<sub>t</sub>),0.37
17,Government consumption,Effective labor (N<sub>t</sub>),0.373
18,Government consumption,Effective labor (N<sub>t</sub>),0.376
19,Government consumption,Effective labor (N<sub>t</sub>),0.379
20,Government consumption,Effective labor (N<sub>t</sub>),0.382
21,Government consumption,Effective labor (N<sub>t</sub>),0.384
22,Government consumption,Effective labor (N<sub>t</sub>),0.387
23,Government consumption,Effective labor (N<sub>t</sub>),0.389
24,Government consumption,Effective labor (N<sub>t</sub>),0.392
25,Government consumption,Effective labor (N<sub>t</sub>),0.394
26,Government consumption,Effective labor (N<sub>t</sub>),0.396
27,Government consumption,Effective labor (N<sub>t</sub>),0.398
28,Government consumption,Effective labor (N<sub>t</sub>),0.4
29,Government consumption,Effective labor (N<sub>t</sub>),0.402
30,Government consumption,Effective labor (N<sub>t</sub>),0.403
31,Government consumption,Effective labor (N<sub>t</sub>),0.405
32,Government consumption,Effective labor (N<sub>t</sub>),0.407
33,Government consumption,Effective labor (N<sub>t</sub>),0.408
34,Government consumption,Effective labor (N<sub>t</sub>),0.41
35,Government consumption,Effective labor (N<sub>t</sub>),0.411
36,Government consumption,Effective labor (N<sub>t</sub>),0.412
37,Government consumption,Effective labor (N<sub>t</sub>),0.414
38,Government consumption,Effective labor (N<sub>t</sub>),0.415
39,Government consumption,Effective labor (N<sub>t</sub>),0.416
40,Government consumption,Effective labor (N<sub>t</sub>),0.417
41,Government consumption,Effective labor (N<sub>t</sub>),0.418
42,Government consumption,Effective labor (N<sub>t</sub>),0.419
43,Government consumption,Effective labor (N<sub>t</sub>),0.42
44,Government consumption,Effective labor (N<sub>t</sub>),0.421
45,Government consumption,Effective labor (N<sub>t</sub>),0.422
46,Government consumption,Effective labor (N<sub>t</sub>),0.423
47,Government consumption,Effective labor (N<sub>t</sub>),0.424
48,Government consumption,Effective labor (N<sub>t</sub>),0.424
49,Government consumption,Effective labor (N<sub>t</sub>),0.425
50,Government consumption,Effective labor (N<sub>t</sub>),0.426
51,Government consumption,Effective labor (N<sub>t</sub>),0.426
52,Government consumption,Effective labor (N<sub>t</sub>),0.427
53,Government consumption,Effective labor (N<sub>t</sub>),0.428
54,Government consumption,Effective labor (N<sub>t</sub>),0.428
55,Government consumption,Effective labor (N<sub>t</sub>),0.429
56,Government consumption,Effective labor (N<sub>t</sub>),0.429
57,Government consumption,Effective labor (N<sub>t</sub>),0.43
58,Government consumption,Effective labor (N<sub>t</sub>),0.43
59,Government consumption,Effective labor (N<sub>t</sub>),0.43
60,Government consumption,Effective labor (N<sub>t</sub>),0.431
61,Government consumption,Effective labor (N<sub>t</sub>),0.431
62,Government consumption,Effective labor (N<sub>t</sub>),0.432
63,Government consumption,Effective labor (N<sub>t</sub>),0.432
64,Government consumption,Effective labor (N<sub>t</sub>),0.432
65,Government consumption,Effective labor (N<sub>t</sub>),0.432
66,Government consumption,Effective labor (N<sub>t</sub>),0.433
67,Government consumption,Effective labor (N<sub>t</sub>),0.433
68,Government consumption,Effective labor (N<sub>t</sub>),0.433
69,Government consumption,Effective labor (N<sub>t</sub>),0.433
70,Government consumption,Effective labor (N<sub>t</sub>),0.434
71,Government consumption,Effective labor (N<sub>t</sub>),0.434
72,Government consumption,Effective labor (N<sub>t</sub>),0.434
73,Government consumption,Effective labor (N<sub>t</sub>),0.434
74,Government consumption,Effective labor (N<sub>t</sub>),0.434
75,Government consumption,Effective labor (N<sub>t</sub>),0.434
76,Government consumption,Effective labor (N<sub>t</sub>),0.435
77,Government consumption,Effective labor (N<sub>t</sub>),0.435
78,Government consumption,Effective labor (N<sub>t</sub>),0.435
79,Government consumption,Effective labor (N<sub>t</sub>),0.435
80,Government consumption,Effective labor (N<sub>t</sub>),0.435
81,Government consumption,Effective labor (N<sub>t</sub>),0.435
82,Government consumption,Effective labor (N<sub>t</sub>),0.435
83,Government consumption,Effective labor (N<sub>t</sub>),0.435
84,Government consumption,Effective labor (N<sub>t</sub>),0.435
85,Government consumption,Effective labor (N<sub>t</sub>),0.435
86,Government consumption,Effective labor (N<sub>t</sub>),0.435
87,Government consumption,Effective labor (N<sub>t</sub>),0.435
88,Government consumption,Effective labor (N<sub>t</sub>),0.435
89,Government consumption,Effective labor (N<sub>t</sub>),0.435
90,Government consumption,Effective labor (N<sub>t</sub>),0.435
91,Government consumption,Effective labor (N<sub>t</sub>),0.435
92,Government consumption,Effective labor (N<sub>t</sub>),0.435
93,Government consumption,Effective labor (N<sub>t</sub>),0.435
94,Government consumption,Effective labor (N<sub>t</sub>),0.435
95,Government consumption,Effective labor (N<sub>t</sub>),0.435
96,Government consumption,Effective labor (N<sub>t</sub>),0.435
97,Government consumption,Effective labor (N<sub>t</sub>),0.435
98,Government consumption,Effective labor (N<sub>t</sub>),0.435
99,Government consumption,Effective labor (N<sub>t</sub>),0.435
100,Government consumption,Effective labor (N<sub>t</sub>),0.435
1,Infrastructure investment,Effective labor (N<sub>t</sub>),0.788
2,Infrastructure investment,Effective labor (N<sub>t</sub>),-0.017
3,Infrastructure investment,Effective labor (N<sub>t</sub>),0.046
4,Infrastructure investment,Effective labor (N<sub>t</sub>),0.087
5,Infrastructure investment,Effective labor (N<sub>t</sub>),0.119
6,Infrastructure investment,Effective labor (N<sub>t</sub>),0.146
7,Infrastructure investment,Effective labor (N<sub>t</sub>),0.17
8,Infrastructure investment,Effective labor (N<sub>t</sub>),0.191
9,Infrastructure investment,Effective labor (N<sub>t</sub>),0.211
10,Infrastructure investment,Effective labor (N<sub>t</sub>),0.228
11,Infrastructure investment,Effective labor (N<sub>t</sub>),0.243
12,Infrastructure investment,Effective labor (N<sub>t</sub>),0.256
13,Infrastructure investment,Effective labor (N<sub>t</sub>),0.268
14,Infrastructure investment,Effective labor (N<sub>t</sub>),0.278
15,Infrastructure investment,Effective labor (N<sub>t</sub>),0.287
16,Infrastructure investment,Effective labor (N<sub>t</sub>),0.295
17,Infrastructure investment,Effective labor (N<sub>t</sub>),0.302
18,Infrastructure investment,Effective labor (N<sub>t</sub>),0.308
19,Infrastructure investment,Effective labor (N<sub>t</sub>),0.312
20,Infrastructure investment,Effective labor (N<sub>t</sub>),0.316
21,Infrastructure investment,Effective labor (N<sub>t</sub>),0.32
22,Infrastructure investment,Effective labor (N<sub>t</sub>),0.322
23,Infrastructure investment,Effective labor (N<sub>t</sub>),0.324
24,Infrastructure investment,Effective labor (N<sub>t</sub>),0.325
25,Infrastructure investment,Effective labor (N<sub>t</sub>),0.326
26,Infrastructure investment,Effective labor (N<sub>t</sub>),0.326
27,Infrastructure investment,Effective labor (N<sub>t</sub>),0.326
28,Infrastructure investment,Effective labor (N<sub>t</sub>),0.325
29,Infrastructure investment,Effective labor (N<sub>t</sub>),0.324
30,Infrastructure investment,Effective labor (N<sub>t</sub>),0.322
31,Infrastructure investment,Effective labor (N<sub>t</sub>),0.321
32,Infrastructure investment,Effective labor (N<sub>t</sub>),0.319
33,Infrastructure investment,Effective labor (N<sub>t</sub>),0.317
34,Infrastructure investment,Effective labor (N<sub>t</sub>),0.314
35,Infrastructure investment,Effective labor (N<sub>t</sub>),0.312
36,Infrastructure investment,Effective labor (N<sub>t</sub>),0.309
37,Infrastructure investment,Effective labor (N<sub>t</sub>),0.306
38,Infrastructure investment,Effective labor (N<sub>t</sub>),0.303
39,Infrastructure investment,Effective labor (N<sub>t</sub>),0.3
40,Infrastructure investment,Effective labor (N<sub>t</sub>),0.297
41,Infrastructure investment,Effective labor (N<sub>t</sub>),0.293
42,Infrastructure investment,Effective labor (N<sub>t</sub>),0.29
43,Infrastructure investment,Effective labor (N<sub>t</sub>),0.286
44,Infrastructure investment,Effective labor (N<sub>t</sub>),0.283
45,Infrastructure investment,Effective labor (N<sub>t</sub>),0.279
46,Infrastructure investment,Effective labor (N<sub>t</sub>),0.276
47,Infrastructure investment,Effective labor (N<sub>t</sub>),0.272
48,Infrastructure investment,Effective labor (N<sub>t</sub>),0.268
49,Infrastructure investment,Effective labor (N<sub>t</sub>),0.264
50,Infrastructure investment,Effective labor (N<sub>t</sub>),0.261
51,Infrastructure investment,Effective labor (N<sub>t</sub>),0.257
52,Infrastructure investment,Effective labor (N<sub>t</sub>),0.253
53,Infrastructure investment,Effective labor (N<sub>t</sub>),0.25
54,Infrastructure investment,Effective labor (N<sub>t</sub>),0.246
55,Infrastructure investment,Effective labor (N<sub>t</sub>),0.242
56,Infrastructure investment,Effective labor (N<sub>t</sub>),0.238
57,Infrastructure investment,Effective labor (N<sub>t</sub>),0.235
58,Infrastructure investment,Effective labor (N<sub>t</sub>),0.231
59,Infrastructure investment,Effective labor (N<sub>t</sub>),0.228
60,Infrastructure investment,Effective labor (N<sub>t</sub>),0.224
61,Infrastructure investment,Effective labor (N<sub>t</sub>),0.22
62,Infrastructure investment,Effective labor (N<sub>t</sub>),0.217
63,Infrastructure investment,Effective labor (N<sub>t</sub>),0.213
64,Infrastructure investment,Effective labor (N<sub>t</sub>),0.21
65,Infrastructure investment,Effective labor (N<sub>t</sub>),0.206
66,Infrastructure investment,Effective labor (N<sub>t</sub>),0.203
67,Infrastructure investment,Effective labor (N<sub>t</sub>),0.2
68,Infrastructure investment,Effective labor (N<sub>t</sub>),0.196
69,Infrastructure investment,Effective labor (N<sub>t</sub>),0.193
70,Infrastructure investment,Effective labor (N<sub>t</sub>),0.19
71,Infrastructure investment,Effective labor (N<sub>t</sub>),0.187
72,Infrastructure investment,Effective labor (N<sub>t</sub>),0.183
73,Infrastructure investment,Effective labor (N<sub>t</sub>),0.18
74,Infrastructure investment,Effective labor (N<sub>t</sub>),0.177
75,Infrastructure investment,Effective labor (N<sub>t</sub>),0.174
76,Infrastructure investment,Effective labor (N<sub>t</sub>),0.171
77,Infrastructure investment,Effective labor (N<sub>t</sub>),0.168
78,Infrastructure investment,Effective labor (N<sub>t</sub>),0.165
79,Infrastructure investment,Effective labor (N<sub>t</sub>),0.162
80,Infrastructure investment,Effective labor (N<sub>t</sub>),0.16
81,Infrastructure investment,Effective labor (N<sub>t</sub>),0.157
82,Infrastructure investment,Effective labor (N<sub>t</sub>),0.154
83,Infrastructure investment,Effective labor (N<sub>t</sub>),0.151
84,Infrastructure investment,Effective labor (N<sub>t</sub>),0.149
85,Infrastructure investment,Effective labor (N<sub>t</sub>),0.146
86,Infrastructure investment,Effective labor (N<sub>t</sub>),0.143
87,Infrastructure investment,Effective labor (N<sub>t</sub>),0.141
88,Infrastructure investment,Effective labor (N<sub>t</sub>),0.138
89,Infrastructure investment,Effective labor (N<sub>t</sub>),0.136
90,Infrastructure investment,Effective labor (N<sub>t</sub>),0.133
91,Infrastructure investment,Effective labor (N<sub>t</sub>),0.131
92,Infrastructure investment,Effective labor (N<sub>t</sub>),0.128
93,Infrastructure investment,Effective labor (N<sub>t</sub>),0.126
94,Infrastructure investment,Effective labor (N<sub>t</sub>),0.124
95,Infrastructure investment,Effective labor (N<sub>t</sub>),0.121
96,Infrastructure investment,Effective labor (N<sub>t</sub>),0.119
97,Infrastructure investment,Effective labor (N<sub>t</sub>),0.117
98,Infrastructure investment,Effective labor (N<sub>t</sub>),0.115
99,Infrastructure investment,Effective labor (N<sub>t</sub>),0.113
100,Infrastructure investment,Effective labor (N<sub>t</sub>),0.111
1,Human capital investment,Effective labor (N<sub>t</sub>),2.115
2,Human capital investment,Effective labor (N<sub>t</sub>),1.083
3,Human capital investment,Effective labor (N<sub>t</sub>),0.99
4,Human capital investment,Effective labor (N<sub>t</sub>),0.879
5,Human capital investment,Effective labor (N<sub>t</sub>),0.777
6,Human capital investment,Effective labor (N<sub>t</sub>),0.688
7,Human capital investment,Effective labor (N<sub>t</sub>),0.615
8,Human capital investment,Effective labor (N<sub>t</sub>),0.556
9,Human capital investment,Effective labor (N<sub>t</sub>),0.51
10,Human capital investment,Effective labor (N<sub>t</sub>),0.476
11,Human capital investment,Effective labor (N<sub>t</sub>),0.453
12,Human capital investment,Effective labor (N<sub>t</sub>),0.44
13,Human capital investment,Effective labor (N<sub>t</sub>),0.437
14,Human capital investment,Effective labor (N<sub>t</sub>),0.441
15,Human capital investment,Effective labor (N<sub>t</sub>),0.454
16,Human capital investment,Effective labor (N<sub>t</sub>),0.473
17,Human capital investment,Effective labor (N<sub>t</sub>),0.499
18,Human capital investment,Effective labor (N<sub>t</sub>),0.53
19,Human capital investment,Effective labor (N<sub>t</sub>),0.566
20,Human capital investment,Effective labor (N<sub>t</sub>),0.607
21,Human capital investment,Effective labor (N<sub>t</sub>),0.652
22,Human capital investment,Effective labor (N<sub>t</sub>),0.701
23,Human capital investment,Effective labor (N<sub>t</sub>),0.754
24,Human capital investment,Effective labor (N<sub>t</sub>),0.809
25,Human capital investment,Effective labor (N<sub>t</sub>),0.867
26,Human capital investment,Effective labor (N<sub>t</sub>),0.927
27,Human capital investment,Effective labor (N<sub>t</sub>),0.989
28,Human capital investment,Effective labor (N<sub>t</sub>),1.053
29,Human capital investment,Effective labor (N<sub>t</sub>),1.119
30,Human capital investment,Effective labor (N<sub>t</sub>),1.185
31,Human capital investment,Effective labor (N<sub>t</sub>),1.253
32,Human capital investment,Effective labor (N<sub>t</sub>),1.322
33,Human capital investment,Effective labor (N<sub>t</sub>),1.391
34,Human capital investment,Effective labor (N<sub>t</sub>),1.461
35,Human capital investment,Effective labor (N<sub>t</sub>),1.531
36,Human capital investment,Effective labor (N<sub>t</sub>),1.602
37,Human capital investment,Effective labor (N<sub>t</sub>),1.673
38,Human capital investment,Effective labor (N<sub>t</sub>),1.743
39,Human capital investment,Effective labor (N<sub>t</sub>),1.814
40,Human capital investment,Effective labor (N<sub>t</sub>),1.884
41,Human capital investment,Effective labor (N<sub>t</sub>),1.954
42,Human capital investment,Effective labor (N<sub>t</sub>),2.024
43,Human capital investment,Effective labor (N<sub>t</sub>),2.093
44,Human capital investment,Effective labor (N<sub>t</sub>),2.161
45,Human capital investment,Effective labor (N<sub>t</sub>),2.229
46,Human capital investment,Effective labor (N<sub>t</sub>),2.297
47,Human capital investment,Effective labor (N<sub>t</sub>),2.364
48,Human capital investment,Effective labor (N<sub>t</sub>),2.43
49,Human capital investment,Effective labor (N<sub>t</sub>),2.495
50,Human capital investment,Effective labor (N<sub>t</sub>),2.559
51,Human capital investment,Effective labor (N<sub>t</sub>),2.622
52,Human capital investment,Effective labor (N<sub>t</sub>),2.685
53,Human capital investment,Effective labor (N<sub>t</sub>),2.747
54,Human capital investment,Effective labor (N<sub>t</sub>),2.808
55,Human capital investment,Effective labor (N<sub>t</sub>),2.867
56,Human capital investment,Effective labor (N<sub>t</sub>),2.926
57,Human capital investment,Effective labor (N<sub>t</sub>),2.984
58,Human capital investment,Effective labor (N<sub>t</sub>),3.041
59,Human capital investment,Effective labor (N<sub>t</sub>),3.097
60,Human capital investment,Effective labor (N<sub>t</sub>),3.152
61,Human capital investment,Effective labor (N<sub>t</sub>),3.206
62,Human capital investment,Effective labor (N<sub>t</sub>),3.259
63,Human capital investment,Effective labor (N<sub>t</sub>),3.311
64,Human capital investment,Effective labor (N<sub>t</sub>),3.362
65,Human capital investment,Effective labor (N<sub>t</sub>),3.412
66,Human capital investment,Effective labor (N<sub>t</sub>),3.461
67,Human capital investment,Effective labor (N<sub>t</sub>),3.509
68,Human capital investment,Effective labor (N<sub>t</sub>),3.555
69,Human capital investment,Effective labor (N<sub>t</sub>),3.601
70,Human capital investment,Effective labor (N<sub>t</sub>),3.646
71,Human capital investment,Effective labor (N<sub>t</sub>),3.69
72,Human capital investment,Effective labor (N<sub>t</sub>),3.734
73,Human capital investment,Effective labor (N<sub>t</sub>),3.776
74,Human capital investment,Effective labor (N<sub>t</sub>),3.817
75,Human capital investment,Effective labor (N<sub>t</sub>),3.857
76,Human capital investment,Effective labor (N<sub>t</sub>),3.896
77,Human capital investment,Effective labor (N<sub>t</sub>),3.935
78,Human capital investment,Effective labor (N<sub>t</sub>),3.972
79,Human capital investment,Effective labor (N<sub>t</sub>),4.009
80,Human capital investment,Effective labor (N<sub>t</sub>),4.045
81,Human capital investment,Effective labor (N<sub>t</sub>),4.08
82,Human capital investment,Effective labor (N<sub>t</sub>),4.114
83,Human capital investment,Effective labor (N<sub>t</sub>),4.147
84,Human capital investment,Effective labor (N<sub>t</sub>),4.179
85,Human capital investment,Effective labor (N<sub>t</sub>),4.211
86,Human capital investment,Effective labor (N<sub>t</sub>),4.242
87,Human capital investment,Effective labor (N<sub>t</sub>),4.272
88,Human capital investment,Effective labor (N<sub>t</sub>),4.301
89,Human capital investment,Effective labor (N<sub>t</sub>),4.33
90,Human capital investment,Effective labor (N<sub>t</sub>),4.357
91,Human capital investment,Effective labor (N<sub>t</sub>),4.385
92,Human capital investment,Effective labor (N<sub>t</sub>),4.411
93,Human capital investment,Effective labor (N<sub>t</sub>),4.437
94,Human capital investment,Effective labor (N<sub>t</sub>),4.462
95,Human capital investment,Effective labor (N<sub>t</sub>),4.486
96,Human capital investment,Effective labor (N<sub>t</sub>),4.51
97,Human capital investment,Effective labor (N<sub>t</sub>),4.533
98,Human capital investment,Effective labor (N<sub>t</sub>),4.555
99,Human capital investment,Effective labor (N<sub>t</sub>),4.577
100,Human capital investment,Effective labor (N<sub>t</sub>),4.598
1,R&D spending,Effective labor (N<sub>t</sub>),0.847
2,R&D spending,Effective labor (N<sub>t</sub>),0.09
3,R&D spending,Effective labor (N<sub>t</sub>),0.088
4,R&D spending,Effective labor (N<sub>t</sub>),0.083
5,R&D spending,Effective labor (N<sub>t</sub>),0.085
6,R&D spending,Effective labor (N<sub>t</sub>),0.096
7,R&D spending,Effective labor (N<sub>t</sub>),0.113
8,R&D spending,Effective labor (N<sub>t</sub>),0.135
9,R&D spending,Effective labor (N<sub>t</sub>),0.159
10,R&D spending,Effective labor (N<sub>t</sub>),0.185
11,R&D spending,Effective labor (N<sub>t</sub>),0.211
12,R&D spending,Effective labor (N<sub>t</sub>),0.237
13,R&D spending,Effective labor (N<sub>t</sub>),0.261
14,R&D spending,Effective labor (N<sub>t</sub>),0.284
15,R&D spending,Effective labor (N<sub>t</sub>),0.305
16,R&D spending,Effective labor (N<sub>t</sub>),0.325
17,R&D spending,Effective labor (N<sub>t</sub>),0.342
18,R&D spending,Effective labor (N<sub>t</sub>),0.357
19,R&D spending,Effective labor (N<sub>t</sub>),0.371
20,R&D spending,Effective labor (N<sub>t</sub>),0.382
21,R&D spending,Effective labor (N<sub>t</sub>),0.392
22,R&D spending,Effective labor (N<sub>t</sub>),0.4
23,R&D spending,Effective labor (N<sub>t</sub>),0.407
24,R&D spending,Effective labor (N<sub>t</sub>),0.412
25,R&D spending,Effective labor (N<sub>t</sub>),0.415
26,R&D spending,Effective labor (N<sub>t</sub>),0.417
27,R&D spending,Effective labor (N<sub>t</sub>),0.418
28,R&D spending,Effective labor (N<sub>t</sub>),0.418
29,R&D spending,Effective labor (N<sub>t</sub>),0.417
30,R&D spending,Effective labor (N<sub>t</sub>),0.415
31,R&D spending,Effective labor (N<sub>t</sub>),0.412
32,R&D spending,Effective labor (N<sub>t</sub>),0.408
33,R&D spending,Effective labor (N<sub>t</sub>),0.404
34,R&D spending,Effective labor (N<sub>t</sub>),0.398
35,R&D spending,Effective labor (N<sub>t</sub>),0.393
36,R&D spending,Effective labor (N<sub>t</sub>),0.387
37,R&D spending,Effective labor (N<sub>t</sub>),0.38
38,R&D spending,Effective labor (N<sub>t</sub>),0.373
39,R&D spending,Effective labor (N<sub>t</sub>),0.366
40,R&D spending,Effective labor (N<sub>t</sub>),0.358
41,R&D spending,Effective labor (N<sub>t</sub>),0.35
42,R&D spending,Effective labor (N<sub>t</sub>),0.342
43,R&D spending,Effective labor (N<sub>t</sub>),0.334
44,R&D spending,Effective labor (N<sub>t</sub>),0.325
45,R&D spending,Effective labor (N<sub>t</sub>),0.317
46,R&D spending,Effective labor (N<sub>t</sub>),0.308
47,R&D spending,Effective labor (N<sub>t</sub>),0.299
48,R&D spending,Effective labor (N<sub>t</sub>),0.291
49,R&D spending,Effective labor (N<sub>t</sub>),0.282
50,R&D spending,Effective labor (N<sub>t</sub>),0.273
51,R&D spending,Effective labor (N<sub>t</sub>),0.264
52,R&D spending,Effective labor (N<sub>t</sub>),0.255
53,R&D spending,Effective labor (N<sub>t</sub>),0.247
54,R&D spending,Effective labor (N<sub>t</sub>),0.238
55,R&D spending,Effective labor (N<sub>t</sub>),0.229
56,R&D spending,Effective labor (N<sub>t</sub>),0.22
57,R&D spending,Effective labor (N<sub>t</sub>),0.212
58,R&D spending,Effective labor (N<sub>t</sub>),0.203
59,R&D spending,Effective labor (N<sub>t</sub>),0.195
60,R&D spending,Effective labor (N<sub>t</sub>),0.187
61,R&D spending,Effective labor (N<sub>t</sub>),0.179
62,R&D spending,Effective labor (N<sub>t</sub>),0.17
63,R&D spending,Effective labor (N<sub>t</sub>),0.162
64,R&D spending,Effective labor (N<sub>t</sub>),0.155
65,R&D spending,Effective labor (N<sub>t</sub>),0.147
66,R&D spending,Effective labor (N<sub>t</sub>),0.139
67,R&D spending,Effective labor (N<sub>t</sub>),0.132
68,R&D spending,Effective labor (N<sub>t</sub>),0.124
69,R&D spending,Effective labor (N<sub>t</sub>),0.117
70,R&D spending,Effective labor (N<sub>t</sub>),0.11
71,R&D spending,Effective labor (N<sub>t</sub>),0.103
72,R&D spending,Effective labor (N<sub>t</sub>),0.096
73,R&D spending,Effective labor (N<sub>t</sub>),0.089
74,R&D spending,Effective labor (N<sub>t</sub>),0.082
75,R&D spending,Effective labor (N<sub>t</sub>),0.075
76,R&D spending,Effective labor (N<sub>t</sub>),0.069
77,R&D spending,Effective labor (N<sub>t</sub>),0.063
78,R&D spending,Effective labor (N<sub>t</sub>),0.056
79,R&D spending,Effective labor (N<sub>t</sub>),0.05
80,R&D spending,Effective labor (N<sub>t</sub>),0.044
81,R&D spending,Effective labor (N<sub>t</sub>),0.038
82,R&D spending,Effective labor (N<sub>t</sub>),0.033
83,R&D spending,Effective labor (N<sub>t</sub>),0.027
84,R&D spending,Effective labor (N<sub>t</sub>),0.021
85,R&D spending,Effective labor (N<sub>t</sub>),0.016
86,R&D spending,Effective labor (N<sub>t</sub>),0.011
87,R&D spending,Effective labor (N<sub>t</sub>),0.005
88,R&D spending,Effective labor (N<sub>t</sub>),0.0
89,R&D spending,Effective labor (N<sub>t</sub>),-0.005
90,R&D spending,Effective labor (N<sub>t</sub>),-0.01
91,R&D spending,Effective labor (N<sub>t</sub>),-0.015
92,R&D spending,Effective labor (N<sub>t</sub>),-0.019
93,R&D spending,Effective labor (N<sub>t</sub>),-0.024
94,R&D spending,Effective labor (N<sub>t</sub>),-0.028
95,R&D spending,Effective labor (N<sub>t</sub>),-0.033
96,R&D spending,Effective labor (N<sub>t</sub>),-0.037
97,R&D spending,Effective labor (N<sub>t</sub>),-0.041
98,R&D spending,Effective labor (N<sub>t</sub>),-0.046
99,R&D spending,Effective labor (N<sub>t</sub>),-0.05
100,R&D spending,Effective labor (N<sub>t</sub>),-0.054
1,Government consumption,Education time (E<sub>t</sub>),-0.068
2,Government consumption,Education time (E<sub>t</sub>),0.393
3,Government consumption,Education time (E<sub>t</sub>),0.365
4,Government consumption,Education time (E<sub>t</sub>),0.355
5,Government consumption,Education time (E<sub>t</sub>),0.349
6,Government consumption,Education time (E<sub>t</sub>),0.346
7,Government consumption,Education time (E<sub>t</sub>),0.342
8,Government consumption,Education time (E<sub>t</sub>),0.339
9,Government consumption,Education time (E<sub>t</sub>),0.337
10,Government consumption,Education time (E<sub>t</sub>),0.334
11,Government consumption,Education time (E<sub>t</sub>),0.332
12,Government consumption,Education time (E<sub>t</sub>),0.329
13,Government consumption,Education time (E<sub>t</sub>),0.327
14,Government consumption,Education time (E<sub>t</sub>),0.325
15,Government consumption,Education time (E<sub>t</sub>),0.323
16,Government consumption,Education time (E<sub>t</sub>),0.321
17,Government consumption,Education time (E<sub>t</sub>),0.319
18,Government consumption,Education time (E<sub>t</sub>),0.317
19,Government consumption,Education time (E<sub>t</sub>),0.315
20,Government consumption,Education time (E<sub>t</sub>),0.314
21,Government consumption,Education time (E<sub>t</sub>),0.312
22,Government consumption,Education time (E<sub>t</sub>),0.31
23,Government consumption,Education time (E<sub>t</sub>),0.309
24,Government consumption,Education time (E<sub>t</sub>),0.308
25,Government consumption,Education time (E<sub>t</sub>),0.306
26,Government consumption,Education time (E<sub>t</sub>),0.305
27,Government consumption,Education time (E<sub>t</sub>),0.304
28,Government consumption,Education time (E<sub>t</sub>),0.302
29,Government consumption,Education time (E<sub>t</sub>),0.301
30,Government consumption,Education time (E<sub>t</sub>),0.3
31,Government consumption,Education time (E<sub>t</sub>),0.299
32,Government consumption,Education time (E<sub>t</sub>),0.298
33,Government consumption,Education time (E<sub>t</sub>),0.297
34,Government consumption,Education time (E<sub>t</sub>),0.296
35,Government consumption,Education time (E<sub>t</sub>),0.295
36,Government consumption,Education time (E<sub>t</sub>),0.294
37,Government consumption,Education time (E<sub>t</sub>),0.294
38,Government consumption,Education time (E<sub>t</sub>),0.293
39,Government consumption,Education time (E<sub>t</sub>),0.292
40,Government consumption,Education time (E<sub>t</sub>),0.291
41,Government consumption,Education time (E<sub>t</sub>),0.291
42,Government consumption,Education time (E<sub>t</sub>),0.29
43,Government consumption,Education time (E<sub>t</sub>),0.289
44,Government consumption,Education time (E<sub>t</sub>),0.289
45,Government consumption,Education time (E<sub>t</sub>),0.288
46,Government consumption,Education time (E<sub>t</sub>),0.288
47,Government consumption,Education time (E<sub>t</sub>),0.287
48,Government consumption,Education time (E<sub>t</sub>),0.287
49,Government consumption,Education time (E<sub>t</sub>),0.286
50,Government consumption,Education time (E<sub>t</sub>),0.286
51,Government consumption,Education time (E<sub>t</sub>),0.285
52,Government consumption,Education time (E<sub>t</sub>),0.285
53,Government consumption,Education time (E<sub>t</sub>),0.284
54,Government consumption,Education time (E<sub>t</sub>),0.284
55,Government consumption,Education time (E<sub>t</sub>),0.284
56,Government consumption,Education time (E<sub>t</sub>),0.283
57,Government consumption,Education time (E<sub>t</sub>),0.283
58,Government consumption,Education time (E<sub>t</sub>),0.283
59,Government consumption,Education time (E<sub>t</sub>),0.282
60,Government consumption,Education time (E<sub>t</sub>),0.282
61,Government consumption,Education time (E<sub>t</sub>),0.282
62,Government consumption,Education time (E<sub>t</sub>),0.281
63,Government consumption,Education time (E<sub>t</sub>),0.281
64,Government consumption,Education time (E<sub>t</sub>),0.281
65,Government consumption,Education time (E<sub>t</sub>),0.281
66,Government consumption,Education time (E<sub>t</sub>),0.281
67,Government consumption,Education time (E<sub>t</sub>),0.28
68,Government consumption,Education time (E<sub>t</sub>),0.28
69,Government consumption,Education time (E<sub>t</sub>),0.28
70,Government consumption,Education time (E<sub>t</sub>),0.28
71,Government consumption,Education time (E<sub>t</sub>),0.28
72,Government consumption,Education time (E<sub>t</sub>),0.279
73,Government consumption,Education time (E<sub>t</sub>),0.279
74,Government consumption,Education time (E<sub>t</sub>),0.279
75,Government consumption,Education time (E<sub>t</sub>),0.279
76,Government consumption,Education time (E<sub>t</sub>),0.279
77,Government consumption,Education time (E<sub>t</sub>),0.279
78,Government consumption,Education time (E<sub>t</sub>),0.279
79,Government consumption,Education time (E<sub>t</sub>),0.279
80,Government consumption,Education time (E<sub>t</sub>),0.278
81,Government consumption,Education time (E<sub>t</sub>),0.278
82,Government consumption,Education time (E<sub>t</sub>),0.278
83,Government consumption,Education time (E<sub>t</sub>),0.278
84,Government consumption,Education time (E<sub>t</sub>),0.278
85,Government consumption,Education time (E<sub>t</sub>),0.278
86,Government consumption,Education time (E<sub>t</sub>),0.278
87,Government consumption,Education time (E<sub>t</sub>),0.278
88,Government consumption,Education time (E<sub>t</sub>),0.278
89,Government consumption,Education time (E<sub>t</sub>),0.278
90,Government consumption,Education time (E<sub>t</sub>),0.278
91,Government consumption,Education time (E<sub>t</sub>),0.278
92,Government consumption,Education time (E<sub>t</sub>),0.278
93,Government consumption,Education time (E<sub>t</sub>),0.278
94,Government consumption,Education time (E<sub>t</sub>),0.278
95,Government consumption,Education time (E<sub>t</sub>),0.278
96,Government consumption,Education time (E<sub>t</sub>),0.278
97,Government consumption,Education time (E<sub>t</sub>),0.278
98,Government consumption,Education time (E<sub>t</sub>),0.278
99,Government consumption,Education time (E<sub>t</sub>),0.278
100,Government consumption,Education time (E<sub>t</sub>),0.278
1,Infrastructure investment,Education time (E<sub>t</sub>),-0.785
2,Infrastructure investment,Education time (E<sub>t</sub>),0.501
3,Infrastructure investment,Education time (E<sub>t</sub>),0.412
4,Infrastructure investment,Education time (E<sub>t</sub>),0.356
5,Infrastructure investment,Education time (E<sub>t</sub>),0.312
6,Infrastructure investment,Education time (E<sub>t</sub>),0.274
7,Infrastructure investment,Education time (E<sub>t</sub>),0.241
8,Infrastructure investment,Education time (E<sub>t</sub>),0.21
9,Infrastructure investment,Education time (E<sub>t</sub>),0.181
10,Infrastructure investment,Education time (E<sub>t</sub>),0.155
11,Infrastructure investment,Education time (E<sub>t</sub>),0.131
12,Infrastructure investment,Education time (E<sub>t</sub>),0.11
13,Infrastructure investment,Education time (E<sub>t</sub>),0.09
14,Infrastructure investment,Education time (E<sub>t</sub>),0.071
15,Infrastructure investment,Education time (E<sub>t</sub>),0.054
16,Infrastructure investment,Education time (E<sub>t</sub>),0.039
17,Infrastructure investment,Education time (E<sub>t</sub>),0.025
18,Infrastructure investment,Education time (E<sub>t</sub>),0.012
19,Infrastructure investment,Education time (E<sub>t</sub>),0.0
20,Infrastructure investment,Education time (E<sub>t</sub>),-0.011
21,Infrastructure investment,Education time (E<sub>t</sub>),-0.02
22,Infrastructure investment,Education time (E<sub>t</sub>),-0.029
23,Infrastructure investment,Education time (E<sub>t</sub>),-0.037
24,Infrastructure investment,Education time (E<sub>t</sub>),-0.045
25,Infrastructure investment,Education time (E<sub>t</sub>),-0.052
26,Infrastructure investment,Education time (E<sub>t</sub>),-0.058
27,Infrastructure investment,Education time (E<sub>t</sub>),-0.063
28,Infrastructure investment,Education time (E<sub>t</sub>),-0.068
29,Infrastructure investment,Education time (E<sub>t</sub>),-0.073
30,Infrastructure investment,Education time (E<sub>t</sub>),-0.077
31,Infrastructure investment,Education time (E<sub>t</sub>),-0.081
32,Infrastructure investment,Education time (E<sub>t</sub>),-0.084
33,Infrastructure investment,Education time (E<sub>t</sub>),-0.087
34,Infrastructure investment,Education time (E<sub>t</sub>),-0.089
35,Infrastructure investment,Education time (E<sub>t</sub>),-0.092
36,Infrastructure investment,Education time (E<sub>t</sub>),-0.094
37,Infrastructure investment,Education time (E<sub>t</sub>),-0.095
38,Infrastructure investment,Education time (E<sub>t</sub>),-0.097
39,Infrastructure investment,Education time (E<sub>t</sub>),-0.098
40,Infrastructure investment,Education time (E<sub>t</sub>),-0.099
41,Infrastructure investment,Education time (E<sub>t</sub>),-0.1
42,Infrastructure investment,Education time (E<sub>t</sub>),-0.101
43,Infrastructure investment,Education time (E<sub>t</sub>),-0.102
44,Infrastructure investment,Education time (E<sub>t</sub>),-0.102
45,Infrastructure investment,Education time (E<sub>t</sub>),-0.103
46,Infrastructure investment,Education time (E<sub>t</sub>),-0.103
47,Infrastructure investment,Education time (E<sub>t</sub>),-0.103
48,Infrastructure investment,Education time (E<sub>t</sub>),-0.103
49,Infrastructure investment,Education time (E<sub>t</sub>),-0.103
50,Infrastructure investment,Education time (E<sub>t</sub>),-0.103
51,Infrastructure investment,Education time (E<sub>t</sub>),-0.103
52,Infrastructure investment,Education time (E<sub>t</sub>),-0.102
53,Infrastructure investment,Education time (E<sub>t</sub>),-0.102
54,Infrastructure investment,Education time (E<sub>t</sub>),-0.102
55,Infrastructure investment,Education time (E<sub>t</sub>),-0.101
56,Infrastructure investment,Education time (E<sub>t</sub>),-0.101
57,Infrastructure investment,Education time (E<sub>t</sub>),-0.1
58,Infrastructure investment,Education time (E<sub>t</sub>),-0.1
59,Infrastructure investment,Education time (E<sub>t</sub>),-0.099
60,Infrastructure investment,Education time (E<sub>t</sub>),-0.098
61,Infrastructure investment,Education time (E<sub>t</sub>),-0.098
62,Infrastructure investment,Education time (E<sub>t</sub>),-0.097
63,Infrastructure investment,Education time (E<sub>t</sub>),-0.096
64,Infrastructure investment,Education time (E<sub>t</sub>),-0.096
65,Infrastructure investment,Education time (E<sub>t</sub>),-0.095
66,Infrastructure investment,Education time (E<sub>t</sub>),-0.094
67,Infrastructure investment,Education time (E<sub>t</sub>),-0.093
68,Infrastructure investment,Education time (E<sub>t</sub>),-0.092
69,Infrastructure investment,Education time (E<sub>t</sub>),-0.092
70,Infrastructure investment,Education time (E<sub>t</sub>),-0.091
71,Infrastructure investment,Education time (E<sub>t</sub>),-0.09
72,Infrastructure investment,Education time (E<sub>t</sub>),-0.089
73,Infrastructure investment,Education time (E<sub>t</sub>),-0.088
74,Infrastructure investment,Education time (E<sub>t</sub>),-0.087
75,Infrastructure investment,Education time (E<sub>t</sub>),-0.087
76,Infrastructure investment,Education time (E<sub>t</sub>),-0.086
77,Infrastructure investment,Education time (E<sub>t</sub>),-0.085
78,Infrastructure investment,Education time (E<sub>t</sub>),-0.084
79,Infrastructure investment,Education time (E<sub>t</sub>),-0.083
80,Infrastructure investment,Education time (E<sub>t</sub>),-0.082
81,Infrastructure investment,Education time (E<sub>t</sub>),-0.082
82,Infrastructure investment,Education time (E<sub>t</sub>),-0.081
83,Infrastructure investment,Education time (E<sub>t</sub>),-0.08
84,Infrastructure investment,Education time (E<sub>t</sub>),-0.079
85,Infrastructure investment,Education time (E<sub>t</sub>),-0.078
86,Infrastructure investment,Education time (E<sub>t</sub>),-0.078
87,Infrastructure investment,Education time (E<sub>t</sub>),-0.077
88,Infrastructure investment,Education time (E<sub>t</sub>),-0.076
89,Infrastructure investment,Education time (E<sub>t</sub>),-0.075
90,Infrastructure investment,Education time (E<sub>t</sub>),-0.074
91,Infrastructure investment,Education time (E<sub>t</sub>),-0.074
92,Infrastructure investment,Education time (E<sub>t</sub>),-0.073
93,Infrastructure investment,Education time (E<sub>t</sub>),-0.072
94,Infrastructure investment,Education time (E<sub>t</sub>),-0.071
95,Infrastructure investment,Education time (E<sub>t</sub>),-0.071
96,Infrastructure investment,Education time (E<sub>t</sub>),-0.07
97,Infrastructure investment,Education time (E<sub>t</sub>),-0.069
98,Infrastructure investment,Education time (E<sub>t</sub>),-0.068
99,Infrastructure investment,Education time (E<sub>t</sub>),-0.068
100,Infrastructure investment,Education time (E<sub>t</sub>),-0.067
1,Human capital investment,Education time (E<sub>t</sub>),-3.836
2,Human capital investment,Education time (E<sub>t</sub>),-2.185
3,Human capital investment,Education time (E<sub>t</sub>),-1.998
4,Human capital investment,Education time (E<sub>t</sub>),-1.776
5,Human capital investment,Education time (E<sub>t</sub>),-1.557
6,Human capital investment,Education time (E<sub>t</sub>),-1.353
7,Human capital investment,Education time (E<sub>t</sub>),-1.166
8,Human capital investment,Education time (E<sub>t</sub>),-0.994
9,Human capital investment,Education time (E<sub>t</sub>),-0.837
10,Human capital investment,Education time (E<sub>t</sub>),-0.694
11,Human capital investment,Education time (E<sub>t</sub>),-0.564
12,Human capital investment,Education time (E<sub>t</sub>),-0.446
13,Human capital investment,Education time (E<sub>t</sub>),-0.338
14,Human capital investment,Education time (E<sub>t</sub>),-0.241
15,Human capital investment,Education time (E<sub>t</sub>),-0.153
16,Human capital investment,Education time (E<sub>t</sub>),-0.074
17,Human capital investment,Education time (E<sub>t</sub>),-0.003
18,Human capital investment,Education time (E<sub>t</sub>),0.061
19,Human capital investment,Education time (E<sub>t</sub>),0.119
20,Human capital investment,Education time (E<sub>t</sub>),0.17
21,Human capital investment,Education time (E<sub>t</sub>),0.215
22,Human capital investment,Education time (E<sub>t</sub>),0.255
23,Human capital investment,Education time (E<sub>t</sub>),0.289
24,Human capital investment,Education time (E<sub>t</sub>),0.32
25,Human capital investment,Education time (E<sub>t</sub>),0.346
26,Human capital investment,Education time (E<sub>t</sub>),0.368
27,Human capital investment,Education time (E<sub>t</sub>),0.387
28,Human capital investment,Education time (E<sub>t</sub>),0.403
29,Human capital investment,Education time (E<sub>t</sub>),0.415
30,Human capital investment,Education time (E<sub>t</sub>),0.425
31,Human capital investment,Education time (E<sub>t</sub>),0.432
32,Human capital investment,Education time (E<sub>t</sub>),0.437
33,Human capital investment,Education time (E<sub>t</sub>),0.44
34,Human capital investment,Education time (E<sub>t</sub>),0.441
35,Human capital investment,Education time (E<sub>t</sub>),0.44
36,Human capital investment,Education time (E<sub>t</sub>),0.437
37,Human capital investment,Education time (E<sub>t</sub>),0.433
38,Human capital investment,Education time (E<sub>t</sub>),0.428
39,Human capital investment,Education time (E<sub>t</sub>),0.421
40,Human capital investment,Education time (E<sub>t</sub>),0.413
41,Human capital investment,Education time (E<sub>t</sub>),0.404
42,Human capital investment,Education time (E<sub>t</sub>),0.395
43,Human capital investment,Education time (E<sub>t</sub>),0.384
44,Human capital investment,Education time (E<sub>t</sub>),0.373
45,Human capital investment,Education time (E<sub>t</sub>),0.361
46,Human capital investment,Education time (E<sub>t</sub>),0.349
47,Human capital investment,Education time (E<sub>t</sub>),0.336
48,Human capital investment,Education time (E<sub>t</sub>),0.322
49,Human capital investment,Education time (E<sub>t</sub>),0.309
50,Human capital investment,Education time (E<sub>t</sub>),0.295
51,Human capital investment,Education time (E<sub>t</sub>),0.28
52,Human capital investment,Education time (E<sub>t</sub>),0.266
53,Human capital investment,Education time (E<sub>t</sub>),0.251
54,Human capital investment,Education time (E<sub>t</sub>),0.236
55,Human capital investment,Education time (E<sub>t</sub>),0.221
56,Human capital investment,Education time (E<sub>t</sub>),0.205
57,Human capital investment,Education time (E<sub>t</sub>),0.19
58,Human capital investment,Education time (E<sub>t</sub>),0.175
59,Human capital investment,Education time (E<sub>t</sub>),0.16
60,Human capital investment,Education time (E<sub>t</sub>),0.144
61,Human capital investment,Education time (E<sub>t</sub>),0.129
62,Human capital investment,Education time (E<sub>t</sub>),0.114
63,Human capital investment,Education time (E<sub>t</sub>),0.099
64,Human capital investment,Education time (E<sub>t</sub>),0.084
65,Human capital investment,Education time (E<sub>t</sub>),0.069
66,Human capital investment,Education time (E<sub>t</sub>),0.055
67,Human capital investment,Education time (E<sub>t</sub>),0.04
68,Human capital investment,Education time (E<sub>t</sub>),0.026
69,Human capital investment,Education time (E<sub>t</sub>),0.011
70,Human capital investment,Education time (E<sub>t</sub>),-0.003
71,Human capital investment,Education time (E<sub>t</sub>),-0.017
72,Human capital investment,Education time (E<sub>t</sub>),-0.03
73,Human capital investment,Education time (E<sub>t</sub>),-0.044
74,Human capital investment,Education time (E<sub>t</sub>),-0.057
75,Human capital investment,Education time (E<sub>t</sub>),-0.07
76,Human capital investment,Education time (E<sub>t</sub>),-0.083
77,Human capital investment,Education time (E<sub>t</sub>),-0.096
78,Human capital investment,Education time (E<sub>t</sub>),-0.109
79,Human capital investment,Education time (E<sub>t</sub>),-0.121
80,Human capital investment,Education time (E<sub>t</sub>),-0.133
81,Human capital investment,Education time (E<sub>t</sub>),-0.145
82,Human capital investment,Education time (E<sub>t</sub>),-0.156
83,Human capital investment,Education time (E<sub>t</sub>),-0.168
84,Human capital investment,Education time (E<sub>t</sub>),-0.179
85,Human capital investment,Education time (E<sub>t</sub>),-0.19
86,Human capital investment,Education time (E<sub>t</sub>),-0.201
87,Human capital investment,Education time (E<sub>t</sub>),-0.211
88,Human capital investment,Education time (E<sub>t</sub>),-0.221
89,Human capital investment,Education time (E<sub>t</sub>),-0.232
90,Human capital investment,Education time (E<sub>t</sub>),-0.241
91,Human capital investment,Education time (E<sub>t</sub>),-0.251
92,Human capital investment,Education time (E<sub>t</sub>),-0.26
93,Human capital investment,Education time (E<sub>t</sub>),-0.27
94,Human capital investment,Education time (E<sub>t</sub>),-0.279
95,Human capital investment,Education time (E<sub>t</sub>),-0.287
96,Human capital investment,Education time (E<sub>t</sub>),-0.296
97,Human capital investment,Education time (E<sub>t</sub>),-0.304
98,Human capital investment,Education time (E<sub>t</sub>),-0.313
99,Human capital investment,Education time (E<sub>t</sub>),-0.321
100,Human capital investment,Education time (E<sub>t</sub>),-0.328
1,R&D spending,Education time (E<sub>t</sub>),-0.911
2,R&D spending,Education time (E<sub>t</sub>),0.293
3,R&D spending,Education time (E<sub>t</sub>),0.302
4,R&D spending,Education time (E<sub>t</sub>),0.318
5,R&D spending,Education time (E<sub>t</sub>),0.322
6,R&D spending,Education time (E<sub>t</sub>),0.312
7,R&D spending,Education time (E<sub>t</sub>),0.29
8,R&D spending,Education time (E<sub>t</sub>),0.261
9,R&D spending,Education time (E<sub>t</sub>),0.226
10,R&D spending,Education time (E<sub>t</sub>),0.188
11,R&D spending,Education time (E<sub>t</sub>),0.148
12,R&D spending,Education time (E<sub>t</sub>),0.107
13,R&D spending,Education time (E<sub>t</sub>),0.066
14,R&D spending,Education time (E<sub>t</sub>),0.027
15,R&D spending,Education time (E<sub>t</sub>),-0.011
16,R&D spending,Education time (E<sub>t</sub>),-0.047
17,R&D spending,Education time (E<sub>t</sub>),-0.081
18,R&D spending,Education time (E<sub>t</sub>),-0.113
19,R&D spending,Education time (E<sub>t</sub>),-0.143
20,R&D spending,Education time (E<sub>t</sub>),-0.171
21,R&D spending,Education time (E<sub>t</sub>),-0.197
22,R&D spending,Education time (E<sub>t</sub>),-0.221
23,R&D spending,Education time (E<sub>t</sub>),-0.242
24,R&D spending,Education time (E<sub>t</sub>),-0.262
25,R&D spending,Education time (E<sub>t</sub>),-0.28
26,R&D spending,Education time (E<sub>t</sub>),-0.297
27,R&D spending,Education time (E<sub>t</sub>),-0.312
28,R&D spending,Education time (E<sub>t</sub>),-0.325
29,R&D spending,Education time (E<sub>t</sub>),-0.337
30,R&D spending,Education time (E<sub>t</sub>),-0.347
31,R&D spending,Education time (E<sub>t</sub>),-0.357
32,R&D spending,Education time (E<sub>t</sub>),-0.365
33,R&D spending,Education time (E<sub>t</sub>),-0.373
34,R&D spending,Education time (E<sub>t</sub>),-0.379
35,R&D spending,Education time (E<sub>t</sub>),-0.385
36,R&D spending,Education time (E<sub>t</sub>),-0.389
37,R&D spending,Education time (E<sub>t</sub>),-0.393
38,R&D spending,Education time (E<sub>t</sub>),-0.397
39,R&D spending,Education time (E<sub>t</sub>),-0.399
40,R&D spending,Education time (E<sub>t</sub>),-0.401
41,R&D spending,Education time (E<sub>t</sub>),-0.403
42,R&D spending,Education time (E<sub>t</sub>),-0.404
43,R&D spending,Education time (E<sub>t</sub>),-0.405
44,R&D spending,Education time (E<sub>t</sub>),-0.405
45,R&D spending,Education time (E<sub>t</sub>),-0.405
46,R&D spending,Education time (E<sub>t</sub>),-0.405
47,R&D spending,Education time (E<sub>t</sub>),-0.404
48,R&D spending,Education time (E<sub>t</sub>),-0.403
49,R&D spending,Education time (E<sub>t</sub>),-0.402
50,R&D spending,Education time (E<sub>t</sub>),-0.4
51,R&D spending,Education time (E<sub>t</sub>),-0.399
52,R&D spending,Education time (E<sub>t</sub>),-0.397
53,R&D spending,Education time (E<sub>t</sub>),-0.395
54,R&D spending,Education time (E<sub>t</sub>),-0.393
55,R&D spending,Education time (E<sub>t</sub>),-0.391
56,R&D spending,Education time (E<sub>t</sub>),-0.389
57,R&D spending,Education time (E<sub>t</sub>),-0.386
58,R&D spending,Education time (E<sub>t</sub>),-0.384
59,R&D spending,Education time (E<sub>t</sub>),-0.381
60,R&D spending,Education time (E<sub>t</sub>),-0.379
61,R&D spending,Education time (E<sub>t</sub>),-0.376
62,R&D spending,Education time (E<sub>t</sub>),-0.373
63,R&D spending,Education time (E<sub>t</sub>),-0.371
64,R&D spending,Education time (E<sub>t</sub>),-0.368
65,R&D spending,Education time (E<sub>t</sub>),-0.365
66,R&D spending,Education time (E<sub>t</sub>),-0.362
67,R&D spending,Education time (E<sub>t</sub>),-0.36
68,R&D spending,Education time (E<sub>t</sub>),-0.357
69,R&D spending,Education time (E<sub>t</sub>),-0.354
70,R&D spending,Education time (E<sub>t</sub>),-0.351
71,R&D spending,Education time (E<sub>t</sub>),-0.349
72,R&D spending,Education time (E<sub>t</sub>),-0.346
73,R&D spending,Education time (E<sub>t</sub>),-0.343
74,R&D spending,Education time (E<sub>t</sub>),-0.34
75,R&D spending,Education time (E<sub>t</sub>),-0.338
76,R&D spending,Education time (E<sub>t</sub>),-0.335
77,R&D spending,Education time (E<sub>t</sub>),-0.332
78,R&D spending,Education time (E<sub>t</sub>),-0.33
79,R&D spending,Education time (E<sub>t</sub>),-0.327
80,R&D spending,Education time (E<sub>t</sub>),-0.325
81,R&D spending,Education time (E<sub>t</sub>),-0.322
82,R&D spending,Education time (E<sub>t</sub>),-0.32
83,R&D spending,Education time (E<sub>t</sub>),-0.317
84,R&D spending,Education time (E<sub>t</sub>),-0.315
85,R&D spending,Education time (E<sub>t</sub>),-0.312
86,R&D spending,Education time (E<sub>t</sub>),-0.31
87,R&D spending,Education time (E<sub>t</sub>),-0.308
88,R&D spending,Education time (E<sub>t</sub>),-0.306
89,R&D spending,Education time (E<sub>t</sub>),-0.303
90,R&D spending,Education time (E<sub>t</sub>),-0.301
91,R&D spending,Education time (E<sub>t</sub>),-0.299
92,R&D spending,Education time (E<sub>t</sub>),-0.297
93,R&D spending,Education time (E<sub>t</sub>),-0.295
94,R&D spending,Education time (E<sub>t</sub>),-0.293
95,R&D spending,Education time (E<sub>t</sub>),-0.291
96,R&D spending,Education time (E<sub>t</sub>),-0.289
97,R&D spending,Education time (E<sub>t</sub>),-0.287
98,R&D spending,Education time (E<sub>t</sub>),-0.285
99,R&D spending,Education time (E<sub>t</sub>),-0.283
100,R&D spending,Education time (E<sub>t</sub>),-0.281
1,Government consumption,Real marginal cost (mc<sub>t</sub>),0.299
2,Government consumption,Real marginal cost (mc<sub>t</sub>),-0.023
3,Government consumption,Real marginal cost (mc<sub>t</sub>),-0.007
4,Government consumption,Real marginal cost (mc<sub>t</sub>),-0.002
5,Government consumption,Real marginal cost (mc<sub>t</sub>),-0.0
6,Government consumption,Real marginal cost (mc<sub>t</sub>),0.0
7,Government consumption,Real marginal cost (mc<sub>t</sub>),0.0
8,Government consumption,Real marginal cost (mc<sub>t</sub>),0.0
9,Government consumption,Real marginal cost (mc<sub>t</sub>),0.0
10,Government consumption,Real marginal cost (mc<sub>t</sub>),0.001
11,Government consumption,Real marginal cost (mc<sub>t</sub>),0.001
12,Government consumption,Real marginal cost (mc<sub>t</sub>),0.001
13,Government consumption,Real marginal cost (mc<sub>t</sub>),0.001
14,Government consumption,Real marginal cost (mc<sub>t</sub>),0.001
15,Government consumption,Real marginal cost (mc<sub>t</sub>),0.001
16,Government consumption,Real marginal cost (mc<sub>t</sub>),0.001
17,Government consumption,Real marginal cost (mc<sub>t</sub>),0.001
18,Government consumption,Real marginal cost (mc<sub>t</sub>),0.001
19,Government consumption,Real marginal cost (mc<sub>t</sub>),0.001
20,Government consumption,Real marginal cost (mc<sub>t</sub>),0.001
21,Government consumption,Real marginal cost (mc<sub>t</sub>),0.001
22,Government consumption,Real marginal cost (mc<sub>t</sub>),0.001
23,Government consumption,Real marginal cost (mc<sub>t</sub>),0.001
24,Government consumption,Real marginal cost (mc<sub>t</sub>),0.001
25,Government consumption,Real marginal cost (mc<sub>t</sub>),0.001
26,Government consumption,Real marginal cost (mc<sub>t</sub>),0.001
27,Government consumption,Real marginal cost (mc<sub>t</sub>),0.001
28,Government consumption,Real marginal cost (mc<sub>t</sub>),0.001
29,Government consumption,Real marginal cost (mc<sub>t</sub>),0.001
30,Government consumption,Real marginal cost (mc<sub>t</sub>),0.001
31,Government consumption,Real marginal cost (mc<sub>t</sub>),0.001
32,Government consumption,Real marginal cost (mc<sub>t</sub>),0.001
33,Government consumption,Real marginal cost (mc<sub>t</sub>),0.001
34,Government consumption,Real marginal cost (mc<sub>t</sub>),0.001
35,Government consumption,Real marginal cost (mc<sub>t</sub>),0.001
36,Government consumption,Real marginal cost (mc<sub>t</sub>),0.001
37,Government consumption,Real marginal cost (mc<sub>t</sub>),0.001
38,Government consumption,Real marginal cost (mc<sub>t</sub>),0.001
39,Government consumption,Real marginal cost (mc<sub>t</sub>),0.001
40,Government consumption,Real marginal cost (mc<sub>t</sub>),0.001
41,Government consumption,Real marginal cost (mc<sub>t</sub>),0.001
42,Government consumption,Real marginal cost (mc<sub>t</sub>),0.001
43,Government consumption,Real marginal cost (mc<sub>t</sub>),0.001
44,Government consumption,Real marginal cost (mc<sub>t</sub>),0.001
45,Government consumption,Real marginal cost (mc<sub>t</sub>),0.001
46,Government consumption,Real marginal cost (mc<sub>t</sub>),0.001
47,Government consumption,Real marginal cost (mc<sub>t</sub>),0.001
48,Government consumption,Real marginal cost (mc<sub>t</sub>),0.001
49,Government consumption,Real marginal cost (mc<sub>t</sub>),0.001
50,Government consumption,Real marginal cost (mc<sub>t</sub>),0.001
51,Government consumption,Real marginal cost (mc<sub>t</sub>),0.001
52,Government consumption,Real marginal cost (mc<sub>t</sub>),0.001
53,Government consumption,Real marginal cost (mc<sub>t</sub>),0.001
54,Government consumption,Real marginal cost (mc<sub>t</sub>),0.001
55,Government consumption,Real marginal cost (mc<sub>t</sub>),0.001
56,Government consumption,Real marginal cost (mc<sub>t</sub>),0.001
57,Government consumption,Real marginal cost (mc<sub>t</sub>),0.001
58,Government consumption,Real marginal cost (mc<sub>t</sub>),0.001
59,Government consumption,Real marginal cost (mc<sub>t</sub>),0.001
60,Government consumption,Real marginal cost (mc<sub>t</sub>),0.001
61,Government consumption,Real marginal cost (mc<sub>t</sub>),0.001
62,Government consumption,Real marginal cost (mc<sub>t</sub>),0.001
63,Government consumption,Real marginal cost (mc<sub>t</sub>),0.001
64,Government consumption,Real marginal cost (mc<sub>t</sub>),0.001
65,Government consumption,Real marginal cost (mc<sub>t</sub>),0.001
66,Government consumption,Real marginal cost (mc<sub>t</sub>),0.001
67,Government consumption,Real marginal cost (mc<sub>t</sub>),0.001
68,Government consumption,Real marginal cost (mc<sub>t</sub>),0.001
69,Government consumption,Real marginal cost (mc<sub>t</sub>),0.001
70,Government consumption,Real marginal cost (mc<sub>t</sub>),0.001
71,Government consumption,Real marginal cost (mc<sub>t</sub>),0.001
72,Government consumption,Real marginal cost (mc<sub>t</sub>),0.001
73,Government consumption,Real marginal cost (mc<sub>t</sub>),0.001
74,Government consumption,Real marginal cost (mc<sub>t</sub>),0.001
75,Government consumption,Real marginal cost (mc<sub>t</sub>),0.001
76,Government consumption,Real marginal cost (mc<sub>t</sub>),0.001
77,Government consumption,Real marginal cost (mc<sub>t</sub>),0.001
78,Government consumption,Real marginal cost (mc<sub>t</sub>),0.001
79,Government consumption,Real marginal cost (mc<sub>t</sub>),0.001
80,Government consumption,Real marginal cost (mc<sub>t</sub>),0.001
81,Government consumption,Real marginal cost (mc<sub>t</sub>),0.001
82,Government consumption,Real marginal cost (mc<sub>t</sub>),0.001
83,Government consumption,Real marginal cost (mc<sub>t</sub>),0.001
84,Government consumption,Real marginal cost (mc<sub>t</sub>),0.001
85,Government consumption,Real marginal cost (mc<sub>t</sub>),0.001
86,Government consumption,Real marginal cost (mc<sub>t</sub>),0.001
87,Government consumption,Real marginal cost (mc<sub>t</sub>),0.001
88,Government consumption,Real marginal cost (mc<sub>t</sub>),0.001
89,Government consumption,Real marginal cost (mc<sub>t</sub>),0.001
90,Government consumption,Real marginal cost (mc<sub>t</sub>),0.001
91,Government consumption,Real marginal cost (mc<sub>t</sub>),0.001
92,Government consumption,Real marginal cost (mc<sub>t</sub>),0.001
93,Government consumption,Real marginal cost (mc<sub>t</sub>),0.001
94,Government consumption,Real marginal cost (mc<sub>t</sub>),0.001
95,Government consumption,Real marginal cost (mc<sub>t</sub>),0.001
96,Government consumption,Real marginal cost (mc<sub>t</sub>),0.001
97,Government consumption,Real marginal cost (mc<sub>t</sub>),0.001
98,Government consumption,Real marginal cost (mc<sub>t</sub>),0.001
99,Government consumption,Real marginal cost (mc<sub>t</sub>),0.001
100,Government consumption,Real marginal cost (mc<sub>t</sub>),0.001
1,Infrastructure investment,Real marginal cost (mc<sub>t</sub>),0.867
2,Infrastructure investment,Real marginal cost (mc<sub>t</sub>),-0.064
3,Infrastructure investment,Real marginal cost (mc<sub>t</sub>),-0.032
4,Infrastructure investment,Real marginal cost (mc<sub>t</sub>),-0.021
5,Infrastructure investment,Real marginal cost (mc<sub>t</sub>),-0.017
6,Infrastructure investment,Real marginal cost (mc<sub>t</sub>),-0.014
7,Infrastructure investment,Real marginal cost (mc<sub>t</sub>),-0.012
8,Infrastructure investment,Real marginal cost (mc<sub>t</sub>),-0.011
9,Infrastructure investment,Real marginal cost (mc<sub>t</sub>),-0.009
10,Infrastructure investment,Real marginal cost (mc<sub>t</sub>),-0.008
11,Infrastructure investment,Real marginal cost (mc<sub>t</sub>),-0.007
12,Infrastructure investment,Real marginal cost (mc<sub>t</sub>),-0.006
13,Infrastructure investment,Real marginal cost (mc<sub>t</sub>),-0.005
14,Infrastructure investment,Real marginal cost (mc<sub>t</sub>),-0.004
15,Infrastructure investment,Real marginal cost (mc<sub>t</sub>),-0.003
16,Infrastructure investment,Real marginal cost (mc<sub>t</sub>),-0.002
17,Infrastructure investment,Real marginal cost (mc<sub>t</sub>),-0.001
18,Infrastructure investment,Real marginal cost (mc<sub>t</sub>),-0.0
19,Infrastructure investment,Real marginal cost (mc<sub>t</sub>),0.0
20,Infrastructure investment,Real marginal cost (mc<sub>t</sub>),0.001
21,Infrastructure investment,Real marginal cost (mc<sub>t</sub>),0.001
22,Infrastructure investment,Real marginal cost (mc<sub>t</sub>),0.002
23,Infrastructure investment,Real marginal cost (mc<sub>t</sub>),0.002
24,Infrastructure investment,Real marginal cost (mc<sub>t</sub>),0.003
25,Infrastructure investment,Real marginal cost (mc<sub>t</sub>),0.003
26,Infrastructure investment,Real marginal cost (mc<sub>t</sub>),0.003
27,Infrastructure investment,Real marginal cost (mc<sub>t</sub>),0.004
28,Infrastructure investment,Real marginal cost (mc<sub>t</sub>),0.004
29,Infrastructure investment,Real marginal cost (mc<sub>t</sub>),0.004
30,Infrastructure investment,Real marginal cost (mc<sub>t</sub>),0.004
31,Infrastructure investment,Real marginal cost (mc<sub>t</sub>),0.005
32,Infrastructure investment,Real marginal cost (mc<sub>t</sub>),0.005
33,Infrastructure investment,Real marginal cost (mc<sub>t</sub>),0.005
34,Infrastructure investment,Real marginal cost (mc<sub>t</sub>),0.005
35,Infrastructure investment,Real marginal cost (mc<sub>t</sub>),0.005
36,Infrastructure investment,Real marginal cost (mc<sub>t</sub>),0.005
37,Infrastructure investment,Real marginal cost (mc<sub>t</sub>),0.005
38,Infrastructure investment,Real marginal cost (mc<sub>t</sub>),0.005
39,Infrastructure investment,Real marginal cost (mc<sub>t</sub>),0.006
40,Infrastructure investment,Real marginal cost (mc<sub>t</sub>),0.006
41,Infrastructure investment,Real marginal cost (mc<sub>t</sub>),0.006
42,Infrastructure investment,Real marginal cost (mc<sub>t</sub>),0.006
43,Infrastructure investment,Real marginal cost (mc<sub>t</sub>),0.006
44,Infrastructure investment,Real marginal cost (mc<sub>t</sub>),0.006
45,Infrastructure investment,Real marginal cost (mc<sub>t</sub>),0.006
46,Infrastructure investment,Real marginal cost (mc<sub>t</sub>),0.006
47,Infrastructure investment,Real marginal cost (mc<sub>t</sub>),0.006
48,Infrastructure investment,Real marginal cost (mc<sub>t</sub>),0.006
49,Infrastructure investment,Real marginal cost (mc<sub>t</sub>),0.006
50,Infrastructure investment,Real marginal cost (mc<sub>t</sub>),0.006
51,Infrastructure investment,Real marginal cost (mc<sub>t</sub>),0.006
52,Infrastructure investment,Real marginal cost (mc<sub>t</sub>),0.006
53,Infrastructure investment,Real marginal cost (mc<sub>t</sub>),0.006
54,Infrastructure investment,Real marginal cost (mc<sub>t</sub>),0.006
55,Infrastructure investment,Real marginal cost (mc<sub>t</sub>),0.006
56,Infrastructure investment,Real marginal cost (mc<sub>t</sub>),0.006
57,Infrastructure investment,Real marginal cost (mc<sub>t</sub>),0.006
58,Infrastructure investment,Real marginal cost (mc<sub>t</sub>),0.006
59,Infrastructure investment,Real marginal cost (mc<sub>t</sub>),0.006
60,Infrastructure investment,Real marginal cost (mc<sub>t</sub>),0.006
61,Infrastructure investment,Real marginal cost (mc<sub>t</sub>),0.006
62,Infrastructure investment,Real marginal cost (mc<sub>t</sub>),0.006
63,Infrastructure investment,Real marginal cost (mc<sub>t</sub>),0.006
64,Infrastructure investment,Real marginal cost (mc<sub>t</sub>),0.006
65,Infrastructure investment,Real marginal cost (mc<sub>t</sub>),0.006
66,Infrastructure investment,Real marginal cost (mc<sub>t</sub>),0.006
67,Infrastructure investment,Real marginal cost (mc<sub>t</sub>),0.006
68,Infrastructure investment,Real marginal cost (mc<sub>t</sub>),0.006
69,Infrastructure investment,Real marginal cost (mc<sub>t</sub>),0.005
70,Infrastructure investment,Real marginal cost (mc<sub>t</sub>),0.005
71,Infrastructure investment,Real marginal cost (mc<sub>t</sub>),0.005
72,Infrastructure investment,Real marginal cost (mc<sub>t</sub>),0.005
73,Infrastructure investment,Real marginal cost (mc<sub>t</sub>),0.005
74,Infrastructure investment,Real marginal cost (mc<sub>t</sub>),0.005
75,Infrastructure investment,Real marginal cost (mc<sub>t</sub>),0.005
76,Infrastructure investment,Real marginal cost (mc<sub>t</sub>),0.005
77,Infrastructure investment,Real marginal cost (mc<sub>t</sub>),0.005
78,Infrastructure investment,Real marginal cost (mc<sub>t</sub>),0.005
79,Infrastructure investment,Real marginal cost (mc<sub>t</sub>),0.005
80,Infrastructure investment,Real marginal cost (mc<sub>t</sub>),0.005
81,Infrastructure investment,Real marginal cost (mc<sub>t</sub>),0.005
82,Infrastructure investment,Real marginal cost (mc<sub>t</sub>),0.005
83,Infrastructure investment,Real marginal cost (mc<sub>t</sub>),0.005
84,Infrastructure investment,Real marginal cost (mc<sub>t</sub>),0.005
85,Infrastructure investment,Real marginal cost (mc<sub>t</sub>),0.005
86,Infrastructure investment,Real marginal cost (mc<sub>t</sub>),0.005
87,Infrastructure investment,Real marginal cost (mc<sub>t</sub>),0.005
88,Infrastructure investment,Real marginal cost (mc<sub>t</sub>),0.005
89,Infrastructure investment,Real marginal cost (mc<sub>t</sub>),0.005
90,Infrastructure investment,Real marginal cost (mc<sub>t</sub>),0.005
91,Infrastructure investment,Real marginal cost (mc<sub>t</sub>),0.004
92,Infrastructure investment,Real marginal cost (mc<sub>t</sub>),0.004
93,Infrastructure investment,Real marginal cost (mc<sub>t</sub>),0.004
94,Infrastructure investment,Real marginal cost (mc<sub>t</sub>),0.004
95,Infrastructure investment,Real marginal cost (mc<sub>t</sub>),0.004
96,Infrastructure investment,Real marginal cost (mc<sub>t</sub>),0.004
97,Infrastructure investment,Real marginal cost (mc<sub>t</sub>),0.004
98,Infrastructure investment,Real marginal cost (mc<sub>t</sub>),0.004
99,Infrastructure investment,Real marginal cost (mc<sub>t</sub>),0.004
100,Infrastructure investment,Real marginal cost (mc<sub>t</sub>),0.004
1,Human capital investment,Real marginal cost (mc<sub>t</sub>),0.869
2,Human capital investment,Real marginal cost (mc<sub>t</sub>),-0.099
3,Human capital investment,Real marginal cost (mc<sub>t</sub>),-0.043
4,Human capital investment,Real marginal cost (mc<sub>t</sub>),-0.028
5,Human capital investment,Real marginal cost (mc<sub>t</sub>),-0.025
6,Human capital investment,Real marginal cost (mc<sub>t</sub>),-0.026
7,Human capital investment,Real marginal cost (mc<sub>t</sub>),-0.027
8,Human capital investment,Real marginal cost (mc<sub>t</sub>),-0.028
9,Human capital investment,Real marginal cost (mc<sub>t</sub>),-0.029
10,Human capital investment,Real marginal cost (mc<sub>t</sub>),-0.03
11,Human capital investment,Real marginal cost (mc<sub>t</sub>),-0.031
12,Human capital investment,Real marginal cost (mc<sub>t</sub>),-0.031
13,Human capital investment,Real marginal cost (mc<sub>t</sub>),-0.032
14,Human capital investment,Real marginal cost (mc<sub>t</sub>),-0.032
15,Human capital investment,Real marginal cost (mc<sub>t</sub>),-0.032
16,Human capital investment,Real marginal cost (mc<sub>t</sub>),-0.032
17,Human capital investment,Real marginal cost (mc<sub>t</sub>),-0.032
18,Human capital investment,Real marginal cost (mc<sub>t</sub>),-0.032
19,Human capital investment,Real marginal cost (mc<sub>t</sub>),-0.032
20,Human capital investment,Real marginal cost (mc<sub>t</sub>),-0.032
21,Human capital investment,Real marginal cost (mc<sub>t</sub>),-0.031
22,Human capital investment,Real marginal cost (mc<sub>t</sub>),-0.031
23,Human capital investment,Real marginal cost (mc<sub>t</sub>),-0.03
24,Human capital investment,Real marginal cost (mc<sub>t</sub>),-0.03
25,Human capital investment,Real marginal cost (mc<sub>t</sub>),-0.029
26,Human capital investment,Real marginal cost (mc<sub>t</sub>),-0.028
27,Human capital investment,Real marginal cost (mc<sub>t</sub>),-0.028
28,Human capital investment,Real marginal cost (mc<sub>t</sub>),-0.027
29,Human capital investment,Real marginal cost (mc<sub>t</sub>),-0.026
30,Human capital investment,Real marginal cost (mc<sub>t</sub>),-0.026
31,Human capital investment,Real marginal cost (mc<sub>t</sub>),-0.025
32,Human capital investment,Real marginal cost (mc<sub>t</sub>),-0.024
33,Human capital investment,Real marginal cost (mc<sub>t</sub>),-0.024
34,Human capital investment,Real marginal cost (mc<sub>t</sub>),-0.023
35,Human capital investment,Real marginal cost (mc<sub>t</sub>),-0.022
36,Human capital investment,Real marginal cost (mc<sub>t</sub>),-0.021
37,Human capital investment,Real marginal cost (mc<sub>t</sub>),-0.02
38,Human capital investment,Real marginal cost (mc<sub>t</sub>),-0.02
39,Human capital investment,Real marginal cost (mc<sub>t</sub>),-0.019
40,Human capital investment,Real marginal cost (mc<sub>t</sub>),-0.018
41,Human capital investment,Real marginal cost (mc<sub>t</sub>),-0.017
42,Human capital investment,Real marginal cost (mc<sub>t</sub>),-0.017
43,Human capital investment,Real marginal cost (mc<sub>t</sub>),-0.016
44,Human capital investment,Real marginal cost (mc<sub>t</sub>),-0.015
45,Human capital investment,Real marginal cost (mc<sub>t</sub>),-0.014
46,Human capital investment,Real marginal cost (mc<sub>t</sub>),-0.014
47,Human capital investment,Real marginal cost (mc<sub>t</sub>),-0.013
48,Human capital investment,Real marginal cost (mc<sub>t</sub>),-0.012
49,Human capital investment,Real marginal cost (mc<sub>t</sub>),-0.012
50,Human capital investment,Real marginal cost (mc<sub>t</sub>),-0.011
51,Human capital investment,Real marginal cost (mc<sub>t</sub>),-0.01
52,Human capital investment,Real marginal cost (mc<sub>t</sub>),-0.01
53,Human capital investment,Real marginal cost (mc<sub>t</sub>),-0.009
54,Human capital investment,Real marginal cost (mc<sub>t</sub>),-0.008
55,Human capital investment,Real marginal cost (mc<sub>t</sub>),-0.008
56,Human capital investment,Real marginal cost (mc<sub>t</sub>),-0.007
57,Human capital investment,Real marginal cost (mc<sub>t</sub>),-0.007
58,Human capital investment,Real marginal cost (mc<sub>t</sub>),-0.006
59,Human capital investment,Real marginal cost (mc<sub>t</sub>),-0.005
60,Human capital investment,Real marginal cost (mc<sub>t</sub>),-0.005
61,Human capital investment,Real marginal cost (mc<sub>t</sub>),-0.004
62,Human capital investment,Real marginal cost (mc<sub>t</sub>),-0.004
63,Human capital investment,Real marginal cost (mc<sub>t</sub>),-0.003
64,Human capital investment,Real marginal cost (mc<sub>t</sub>),-0.003
65,Human capital investment,Real marginal cost (mc<sub>t</sub>),-0.002
66,Human capital investment,Real marginal cost (mc<sub>t</sub>),-0.002
67,Human capital investment,Real marginal cost (mc<sub>t</sub>),-0.001
68,Human capital investment,Real marginal cost (mc<sub>t</sub>),-0.001
69,Human capital investment,Real marginal cost (mc<sub>t</sub>),-0.0
70,Human capital investment,Real marginal cost (mc<sub>t</sub>),-0.0
71,Human capital investment,Real marginal cost (mc<sub>t</sub>),0.0
72,Human capital investment,Real marginal cost (mc<sub>t</sub>),0.001
73,Human capital investment,Real marginal cost (mc<sub>t</sub>),0.001
74,Human capital investment,Real marginal cost (mc<sub>t</sub>),0.002
75,Human capital investment,Real marginal cost (mc<sub>t</sub>),0.002
76,Human capital investment,Real marginal cost (mc<sub>t</sub>),0.002
77,Human capital investment,Real marginal cost (mc<sub>t</sub>),0.003
78,Human capital investment,Real marginal cost (mc<sub>t</sub>),0.003
79,Human capital investment,Real marginal cost (mc<sub>t</sub>),0.003
80,Human capital investment,Real marginal cost (mc<sub>t</sub>),0.004
81,Human capital investment,Real marginal cost (mc<sub>t</sub>),0.004
82,Human capital investment,Real marginal cost (mc<sub>t</sub>),0.004
83,Human capital investment,Real marginal cost (mc<sub>t</sub>),0.004
84,Human capital investment,Real marginal cost (mc<sub>t</sub>),0.005
85,Human capital investment,Real marginal cost (mc<sub>t</sub>),0.005
86,Human capital investment,Real marginal cost (mc<sub>t</sub>),0.005
87,Human capital investment,Real marginal cost (mc<sub>t</sub>),0.005
88,Human capital investment,Real marginal cost (mc<sub>t</sub>),0.006
89,Human capital investment,Real marginal cost (mc<sub>t</sub>),0.006
90,Human capital investment,Real marginal cost (mc<sub>t</sub>),0.006
91,Human capital investment,Real marginal cost (mc<sub>t</sub>),0.006
92,Human capital investment,Real marginal cost (mc<sub>t</sub>),0.007
93,Human capital investment,Real marginal cost (mc<sub>t</sub>),0.007
94,Human capital investment,Real marginal cost (mc<sub>t</sub>),0.007
95,Human capital investment,Real marginal cost (mc<sub>t</sub>),0.007
96,Human capital investment,Real marginal cost (mc<sub>t</sub>),0.007
97,Human capital investment,Real marginal cost (mc<sub>t</sub>),0.007
98,Human capital investment,Real marginal cost (mc<sub>t</sub>),0.008
99,Human capital investment,Real marginal cost (mc<sub>t</sub>),0.008
100,Human capital investment,Real marginal cost (mc<sub>t</sub>),0.008
1,R&D spending,Real marginal cost (mc<sub>t</sub>),0.676
2,R&D spending,Real marginal cost (mc<sub>t</sub>),-0.122
3,R&D spending,Real marginal cost (mc<sub>t</sub>),-0.081
4,R&D spending,Real marginal cost (mc<sub>t</sub>),-0.066
5,R&D spending,Real marginal cost (mc<sub>t</sub>),-0.059
6,R&D spending,Real marginal cost (mc<sub>t</sub>),-0.054
7,R&D spending,Real marginal cost (mc<sub>t</sub>),-0.05
8,R&D spending,Real marginal cost (mc<sub>t</sub>),-0.046
9,R&D spending,Real marginal cost (mc<sub>t</sub>),-0.042
10,R&D spending,Real marginal cost (mc<sub>t</sub>),-0.038
11,R&D spending,Real marginal cost (mc<sub>t</sub>),-0.035
12,R&D spending,Real marginal cost (mc<sub>t</sub>),-0.031
13,R&D spending,Real marginal cost (mc<sub>t</sub>),-0.028
14,R&D spending,Real marginal cost (mc<sub>t</sub>),-0.025
15,R&D spending,Real marginal cost (mc<sub>t</sub>),-0.022
16,R&D spending,Real marginal cost (mc<sub>t</sub>),-0.019
17,R&D spending,Real marginal cost (mc<sub>t</sub>),-0.017
18,R&D spending,Real marginal cost (mc<sub>t</sub>),-0.014
19,R&D spending,Real marginal cost (mc<sub>t</sub>),-0.012
20,R&D spending,Real marginal cost (mc<sub>t</sub>),-0.01
21,R&D spending,Real marginal cost (mc<sub>t</sub>),-0.008
22,R&D spending,Real marginal cost (mc<sub>t</sub>),-0.006
23,R&D spending,Real marginal cost (mc<sub>t</sub>),-0.005
24,R&D spending,Real marginal cost (mc<sub>t</sub>),-0.003
25,R&D spending,Real marginal cost (mc<sub>t</sub>),-0.002
26,R&D spending,Real marginal cost (mc<sub>t</sub>),-0.001
27,R&D spending,Real marginal cost (mc<sub>t</sub>),0.001
28,R&D spending,Real marginal cost (mc<sub>t</sub>),0.002
29,R&D spending,Real marginal cost (mc<sub>t</sub>),0.003
30,R&D spending,Real marginal cost (mc<sub>t</sub>),0.004
31,R&D spending,Real marginal cost (mc<sub>t</sub>),0.005
32,R&D spending,Real marginal cost (mc<sub>t</sub>),0.005
33,R&D spending,Real marginal cost (mc<sub>t</sub>),0.006
34,R&D spending,Real marginal cost (mc<sub>t</sub>),0.007
35,R&D spending,Real marginal cost (mc<sub>t</sub>),0.007
36,R&D spending,Real marginal cost (mc<sub>t</sub>),0.008
37,R&D spending,Real marginal cost (mc<sub>t</sub>),0.008
38,R&D spending,Real marginal cost (mc<sub>t</sub>),0.009
39,R&D spending,Real marginal cost (mc<sub>t</sub>),0.009
40,R&D spending,Real marginal cost (mc<sub>t</sub>),0.009
41,R&D spending,Real marginal cost (mc<sub>t</sub>),0.01
42,R&D spending,Real marginal cost (mc<sub>t</sub>),0.01
43,R&D spending,Real marginal cost (mc<sub>t</sub>),0.01
44,R&D spending,Real marginal cost (mc<sub>t</sub>),0.011
45,R&D spending,Real marginal cost (mc<sub>t</sub>),0.011
46,R&D spending,Real marginal cost (mc<sub>t</sub>),0.011
47,R&D spending,Real marginal cost (mc<sub>t</sub>),0.011
48,R&D spending,Real marginal cost (mc<sub>t</sub>),0.011
49,R&D spending,Real marginal cost (mc<sub>t</sub>),0.011
50,R&D spending,Real marginal cost (mc<sub>t</sub>),0.011
51,R&D spending,Real marginal cost (mc<sub>t</sub>),0.011
52,R&D spending,Real marginal cost (mc<sub>t</sub>),0.011
53,R&D spending,Real marginal cost (mc<sub>t</sub>),0.011
54,R&D spending,Real marginal cost (mc<sub>t</sub>),0.011
55,R&D spending,Real marginal cost (mc<sub>t</sub>),0.011
56,R&D spending,Real marginal cost (mc<sub>t</sub>),0.011
57,R&D spending,Real marginal cost (mc<sub>t</sub>),0.011
58,R&D spending,Real marginal cost (mc<sub>t</sub>),0.011
59,R&D spending,Real marginal cost (mc<sub>t</sub>),0.011
60,R&D spending,Real marginal cost (mc<sub>t</sub>),0.011
61,R&D spending,Real marginal cost (mc<sub>t</sub>),0.011
62,R&D spending,Real marginal cost (mc<sub>t</sub>),0.011
63,R&D spending,Real marginal cost (mc<sub>t</sub>),0.011
64,R&D spending,Real marginal cost (mc<sub>t</sub>),0.011
65,R&D spending,Real marginal cost (mc<sub>t</sub>),0.011
66,R&D spending,Real marginal cost (mc<sub>t</sub>),0.011
67,R&D spending,Real marginal cost (mc<sub>t</sub>),0.011
68,R&D spending,Real marginal cost (mc<sub>t</sub>),0.011
69,R&D spending,Real marginal cost (mc<sub>t</sub>),0.011
70,R&D spending,Real marginal cost (mc<sub>t</sub>),0.011
71,R&D spending,Real marginal cost (mc<sub>t</sub>),0.011
72,R&D spending,Real marginal cost (mc<sub>t</sub>),0.01
73,R&D spending,Real marginal cost (mc<sub>t</sub>),0.01
74,R&D spending,Real marginal cost (mc<sub>t</sub>),0.01
75,R&D spending,Real marginal cost (mc<sub>t</sub>),0.01
76,R&D spending,Real marginal cost (mc<sub>t</sub>),0.01
77,R&D spending,Real marginal cost (mc<sub>t</sub>),0.01
78,R&D spending,Real marginal cost (mc<sub>t</sub>),0.01
79,R&D spending,Real marginal cost (mc<sub>t</sub>),0.01
80,R&D spending,Real marginal cost (mc<sub>t</sub>),0.01
81,R&D spending,Real marginal cost (mc<sub>t</sub>),0.01
82,R&D spending,Real marginal cost (mc<sub>t</sub>),0.009
83,R&D spending,Real marginal cost (mc<sub>t</sub>),0.009
84,R&D spending,Real marginal cost (mc<sub>t</sub>),0.009
85,R&D spending,Real marginal cost (mc<sub>t</sub>),0.009
86,R&D spending,Real marginal cost (mc<sub>t</sub>),0.009
87,R&D spending,Real marginal cost (mc<sub>t</sub>),0.009
88,R&D spending,Real marginal cost (mc<sub>t</sub>),0.009
89,R&D spending,Real marginal cost (mc<sub>t</sub>),0.009
90,R&D spending,Real marginal cost (mc<sub>t</sub>),0.009
91,R&D spending,Real marginal cost (mc<sub>t</sub>),0.008
92,R&D spending,Real marginal cost (mc<sub>t</sub>),0.008
93,R&D spending,Real marginal cost (mc<sub>t</sub>),0.008
94,R&D spending,Real marginal cost (mc<sub>t</sub>),0.008
95,R&D spending,Real marginal cost (mc<sub>t</sub>),0.008
96,R&D spending,Real marginal cost (mc<sub>t</sub>),0.008
97,R&D spending,Real marginal cost (mc<sub>t</sub>),0.008
98,R&D spending,Real marginal cost (mc<sub>t</sub>),0.008
99,R&D spending,Real marginal cost (mc<sub>t</sub>),0.008
100,R&D spending,Real marginal cost (mc<sub>t</sub>),0.008
1,Government consumption,Inflation (Π<sub>t</sub>),0.074
2,Government consumption,Inflation (Π<sub>t</sub>),0.058
3,Government consumption,Inflation (Π<sub>t</sub>),0.054
4,Government consumption,Inflation (Π<sub>t</sub>),0.052
5,Government consumption,Inflation (Π<sub>t</sub>),0.052
6,Government consumption,Inflation (Π<sub>t</sub>),0.052
7,Government consumption,Inflation (Π<sub>t</sub>),0.052
8,Government consumption,Inflation (Π<sub>t</sub>),0.052
9,Government consumption,Inflation (Π<sub>t</sub>),0.051
10,Government consumption,Inflation (Π<sub>t</sub>),0.051
11,Government consumption,Inflation (Π<sub>t</sub>),0.051
12,Government consumption,Inflation (Π<sub>t</sub>),0.051
13,Government consumption,Inflation (Π<sub>t</sub>),0.051
14,Government consumption,Inflation (Π<sub>t</sub>),0.051
15,Government consumption,Inflation (Π<sub>t</sub>),0.05
16,Government consumption,Inflation (Π<sub>t</sub>),0.05
17,Government consumption,Inflation (Π<sub>t</sub>),0.05
18,Government consumption,Inflation (Π<sub>t</sub>),0.05
19,Government consumption,Inflation (Π<sub>t</sub>),0.049
20,Government consumption,Inflation (Π<sub>t</sub>),0.049
21,Government consumption,Inflation (Π<sub>t</sub>),0.049
22,Government consumption,Inflation (Π<sub>t</sub>),0.048
23,Government consumption,Inflation (Π<sub>t</sub>),0.048
24,Government consumption,Inflation (Π<sub>t</sub>),0.048
25,Government consumption,Inflation (Π<sub>t</sub>),0.047
26,Government consumption,Inflation (Π<sub>t</sub>),0.047
27,Government consumption,Inflation (Π<sub>t</sub>),0.047
28,Government consumption,Inflation (Π<sub>t</sub>),0.046
29,Government consumption,Inflation (Π<sub>t</sub>),0.046
30,Government consumption,Inflation (Π<sub>t</sub>),0.046
31,Government consumption,Inflation (Π<sub>t</sub>),0.045
32,Government consumption,Inflation (Π<sub>t</sub>),0.045
33,Government consumption,Inflation (Π<sub>t</sub>),0.045
34,Government consumption,Inflation (Π<sub>t</sub>),0.044
35,Government consumption,Inflation (Π<sub>t</sub>),0.044
36,Government consumption,Inflation (Π<sub>t</sub>),0.044
37,Government consumption,Inflation (Π<sub>t</sub>),0.043
38,Government consumption,Inflation (Π<sub>t</sub>),0.043
39,Government consumption,Inflation (Π<sub>t</sub>),0.042
40,Government consumption,Inflation (Π<sub>t</sub>),0.042
41,Government consumption,Inflation (Π<sub>t</sub>),0.042
42,Government consumption,Inflation (Π<sub>t</sub>),0.041
43,Government consumption,Inflation (Π<sub>t</sub>),0.041
44,Government consumption,Inflation (Π<sub>t</sub>),0.04
45,Government consumption,Inflation (Π<sub>t</sub>),0.04
46,Government consumption,Inflation (Π<sub>t</sub>),0.04
47,Government consumption,Inflation (Π<sub>t</sub>),0.039
48,Government consumption,Inflation (Π<sub>t</sub>),0.039
49,Government consumption,Inflation (Π<sub>t</sub>),0.038
50,Government consumption,Inflation (Π<sub>t</sub>),0.038
51,Government consumption,Inflation (Π<sub>t</sub>),0.038
52,Government consumption,Inflation (Π<sub>t</sub>),0.037
53,Government consumption,Inflation (Π<sub>t</sub>),0.037
54,Government consumption,Inflation (Π<sub>t</sub>),0.037
55,Government consumption,Inflation (Π<sub>t</sub>),0.036
56,Government consumption,Inflation (Π<sub>t</sub>),0.036
57,Government consumption,Inflation (Π<sub>t</sub>),0.035
58,Government consumption,Inflation (Π<sub>t</sub>),0.035
59,Government consumption,Inflation (Π<sub>t</sub>),0.035
60,Government consumption,Inflation (Π<sub>t</sub>),0.034
61,Government consumption,Inflation (Π<sub>t</sub>),0.034
62,Government consumption,Inflation (Π<sub>t</sub>),0.034
63,Government consumption,Inflation (Π<sub>t</sub>),0.033
64,Government consumption,Inflation (Π<sub>t</sub>),0.033
65,Government consumption,Inflation (Π<sub>t</sub>),0.032
66,Government consumption,Inflation (Π<sub>t</sub>),0.032
67,Government consumption,Inflation (Π<sub>t</sub>),0.032
68,Government consumption,Inflation (Π<sub>t</sub>),0.031
69,Government consumption,Inflation (Π<sub>t</sub>),0.031
70,Government consumption,Inflation (Π<sub>t</sub>),0.031
71,Government consumption,Inflation (Π<sub>t</sub>),0.03
72,Government consumption,Inflation (Π<sub>t</sub>),0.03
73,Government consumption,Inflation (Π<sub>t</sub>),0.03
74,Government consumption,Inflation (Π<sub>t</sub>),0.029
75,Government consumption,Inflation (Π<sub>t</sub>),0.029
76,Government consumption,Inflation (Π<sub>t</sub>),0.029
77,Government consumption,Inflation (Π<sub>t</sub>),0.028
78,Government consumption,Inflation (Π<sub>t</sub>),0.028
79,Government consumption,Inflation (Π<sub>t</sub>),0.028
80,Government consumption,Inflation (Π<sub>t</sub>),0.027
81,Government consumption,Inflation (Π<sub>t</sub>),0.027
82,Government consumption,Inflation (Π<sub>t</sub>),0.027
83,Government consumption,Inflation (Π<sub>t</sub>),0.026
84,Government consumption,Inflation (Π<sub>t</sub>),0.026
85,Government consumption,Inflation (Π<sub>t</sub>),0.026
86,Government consumption,Inflation (Π<sub>t</sub>),0.025
87,Government consumption,Inflation (Π<sub>t</sub>),0.025
88,Government consumption,Inflation (Π<sub>t</sub>),0.025
89,Government consumption,Inflation (Π<sub>t</sub>),0.024
90,Government consumption,Inflation (Π<sub>t</sub>),0.024
91,Government consumption,Inflation (Π<sub>t</sub>),0.024
92,Government consumption,Inflation (Π<sub>t</sub>),0.024
93,Government consumption,Inflation (Π<sub>t</sub>),0.023
94,Government consumption,Inflation (Π<sub>t</sub>),0.023
95,Government consumption,Inflation (Π<sub>t</sub>),0.023
96,Government consumption,Inflation (Π<sub>t</sub>),0.022
97,Government consumption,Inflation (Π<sub>t</sub>),0.022
98,Government consumption,Inflation (Π<sub>t</sub>),0.022
99,Government consumption,Inflation (Π<sub>t</sub>),0.022
100,Government consumption,Inflation (Π<sub>t</sub>),0.021
1,Infrastructure investment,Inflation (Π<sub>t</sub>),0.261
2,Infrastructure investment,Inflation (Π<sub>t</sub>),0.248
3,Infrastructure investment,Inflation (Π<sub>t</sub>),0.253
4,Infrastructure investment,Inflation (Π<sub>t</sub>),0.262
5,Infrastructure investment,Inflation (Π<sub>t</sub>),0.271
6,Infrastructure investment,Inflation (Π<sub>t</sub>),0.28
7,Infrastructure investment,Inflation (Π<sub>t</sub>),0.289
8,Infrastructure investment,Inflation (Π<sub>t</sub>),0.296
9,Infrastructure investment,Inflation (Π<sub>t</sub>),0.302
10,Infrastructure investment,Inflation (Π<sub>t</sub>),0.308
11,Infrastructure investment,Inflation (Π<sub>t</sub>),0.313
12,Infrastructure investment,Inflation (Π<sub>t</sub>),0.317
13,Infrastructure investment,Inflation (Π<sub>t</sub>),0.321
14,Infrastructure investment,Inflation (Π<sub>t</sub>),0.324
15,Infrastructure investment,Inflation (Π<sub>t</sub>),0.326
16,Infrastructure investment,Inflation (Π<sub>t</sub>),0.328
17,Infrastructure investment,Inflation (Π<sub>t</sub>),0.33
18,Infrastructure investment,Inflation (Π<sub>t</sub>),0.331
19,Infrastructure investment,Inflation (Π<sub>t</sub>),0.331
20,Infrastructure investment,Inflation (Π<sub>t</sub>),0.332
21,Infrastructure investment,Inflation (Π<sub>t</sub>),0.332
22,Infrastructure investment,Inflation (Π<sub>t</sub>),0.332
23,Infrastructure investment,Inflation (Π<sub>t</sub>),0.331
24,Infrastructure investment,Inflation (Π<sub>t</sub>),0.331
25,Infrastructure investment,Inflation (Π<sub>t</sub>),0.33
26,Infrastructure investment,Inflation (Π<sub>t</sub>),0.329
27,Infrastructure investment,Inflation (Π<sub>t</sub>),0.327
28,Infrastructure investment,Inflation (Π<sub>t</sub>),0.326
29,Infrastructure investment,Inflation (Π<sub>t</sub>),0.324
30,Infrastructure investment,Inflation (Π<sub>t</sub>),0.322
31,Infrastructure investment,Inflation (Π<sub>t</sub>),0.32
32,Infrastructure investment,Inflation (Π<sub>t</sub>),0.318
33,Infrastructure investment,Inflation (Π<sub>t</sub>),0.316
34,Infrastructure investment,Inflation (Π<sub>t</sub>),0.314
35,Infrastructure investment,Inflation (Π<sub>t</sub>),0.312
36,Infrastructure investment,Inflation (Π<sub>t</sub>),0.309
37,Infrastructure investment,Inflation (Π<sub>t</sub>),0.307
38,Infrastructure investment,Inflation (Π<sub>t</sub>),0.304
39,Infrastructure investment,Inflation (Π<sub>t</sub>),0.302
40,Infrastructure investment,Inflation (Π<sub>t</sub>),0.299
41,Infrastructure investment,Inflation (Π<sub>t</sub>),0.297
42,Infrastructure investment,Inflation (Π<sub>t</sub>),0.294
43,Infrastructure investment,Inflation (Π<sub>t</sub>),0.291
44,Infrastructure investment,Inflation (Π<sub>t</sub>),0.289
45,Infrastructure investment,Inflation (Π<sub>t</sub>),0.286
46,Infrastructure investment,Inflation (Π<sub>t</sub>),0.283
47,Infrastructure investment,Inflation (Π<sub>t</sub>),0.28
48,Infrastructure investment,Inflation (Π<sub>t</sub>),0.277
49,Infrastructure investment,Inflation (Π<sub>t</sub>),0.275
50,Infrastructure investment,Inflation (Π<sub>t</sub>),0.272
51,Infrastructure investment,Inflation (Π<sub>t</sub>),0.269
52,Infrastructure investment,Inflation (Π<sub>t</sub>),0.266
53,Infrastructure investment,Inflation (Π<sub>t</sub>),0.263
54,Infrastructure investment,Inflation (Π<sub>t</sub>),0.26
55,Infrastructure investment,Inflation (Π<sub>t</sub>),0.258
56,Infrastructure investment,Inflation (Π<sub>t</sub>),0.255
57,Infrastructure investment,Inflation (Π<sub>t</sub>),0.252
58,Infrastructure investment,Inflation (Π<sub>t</sub>),0.249
59,Infrastructure investment,Inflation (Π<sub>t</sub>),0.246
60,Infrastructure investment,Inflation (Π<sub>t</sub>),0.244
61,Infrastructure investment,Inflation (Π<sub>t</sub>),0.241
62,Infrastructure investment,Inflation (Π<sub>t</sub>),0.238
63,Infrastructure investment,Inflation (Π<sub>t</sub>),0.235
64,Infrastructure investment,Inflation (Π<sub>t</sub>),0.233
65,Infrastructure investment,Inflation (Π<sub>t</sub>),0.23
66,Infrastructure investment,Inflation (Π<sub>t</sub>),0.227
67,Infrastructure investment,Inflation (Π<sub>t</sub>),0.225
68,Infrastructure investment,Inflation (Π<sub>t</sub>),0.222
69,Infrastructure investment,Inflation (Π<sub>t</sub>),0.219
70,Infrastructure investment,Inflation (Π<sub>t</sub>),0.217
71,Infrastructure investment,Inflation (Π<sub>t</sub>),0.214
72,Infrastructure investment,Inflation (Π<sub>t</sub>),0.212
73,Infrastructure investment,Inflation (Π<sub>t</sub>),0.209
74,Infrastructure investment,Inflation (Π<sub>t</sub>),0.207
75,Infrastructure investment,Inflation (Π<sub>t</sub>),0.204
76,Infrastructure investment,Inflation (Π<sub>t</sub>),0.202
77,Infrastructure investment,Inflation (Π<sub>t</sub>),0.199
78,Infrastructure investment,Inflation (Π<sub>t</sub>),0.197
79,Infrastructure investment,Inflation (Π<sub>t</sub>),0.194
80,Infrastructure investment,Inflation (Π<sub>t</sub>),0.192
81,Infrastructure investment,Inflation (Π<sub>t</sub>),0.19
82,Infrastructure investment,Inflation (Π<sub>t</sub>),0.187
83,Infrastructure investment,Inflation (Π<sub>t</sub>),0.185
84,Infrastructure investment,Inflation (Π<sub>t</sub>),0.183
85,Infrastructure investment,Inflation (Π<sub>t</sub>),0.18
86,Infrastructure investment,Inflation (Π<sub>t</sub>),0.178
87,Infrastructure investment,Inflation (Π<sub>t</sub>),0.176
88,Infrastructure investment,Inflation (Π<sub>t</sub>),0.174
89,Infrastructure investment,Inflation (Π<sub>t</sub>),0.171
90,Infrastructure investment,Inflation (Π<sub>t</sub>),0.169
91,Infrastructure investment,Inflation (Π<sub>t</sub>),0.167
92,Infrastructure investment,Inflation (Π<sub>t</sub>),0.165
93,Infrastructure investment,Inflation (Π<sub>t</sub>),0.163
94,Infrastructure investment,Inflation (Π<sub>t</sub>),0.161
95,Infrastructure investment,Inflation (Π<sub>t</sub>),0.159
96,Infrastructure investment,Inflation (Π<sub>t</sub>),0.157
97,Infrastructure investment,Inflation (Π<sub>t</sub>),0.155
98,Infrastructure investment,Inflation (Π<sub>t</sub>),0.153
99,Infrastructure investment,Inflation (Π<sub>t</sub>),0.151
100,Infrastructure investment,Inflation (Π<sub>t</sub>),0.149
1,Human capital investment,Inflation (Π<sub>t</sub>),0.201
2,Human capital investment,Inflation (Π<sub>t</sub>),0.149
3,Human capital investment,Inflation (Π<sub>t</sub>),0.137
4,Human capital investment,Inflation (Π<sub>t</sub>),0.139
5,Human capital investment,Inflation (Π<sub>t</sub>),0.146
6,Human capital investment,Inflation (Π<sub>t</sub>),0.155
7,Human capital investment,Inflation (Π<sub>t</sub>),0.166
8,Human capital investment,Inflation (Π<sub>t</sub>),0.177
9,Human capital investment,Inflation (Π<sub>t</sub>),0.19
10,Human capital investment,Inflation (Π<sub>t</sub>),0.203
11,Human capital investment,Inflation (Π<sub>t</sub>),0.217
12,Human capital investment,Inflation (Π<sub>t</sub>),0.232
13,Human capital investment,Inflation (Π<sub>t</sub>),0.247
14,Human capital investment,Inflation (Π<sub>t</sub>),0.262
15,Human capital investment,Inflation (Π<sub>t</sub>),0.277
16,Human capital investment,Inflation (Π<sub>t</sub>),0.293
17,Human capital investment,Inflation (Π<sub>t</sub>),0.308
18,Human capital investment,Inflation (Π<sub>t</sub>),0.324
19,Human capital investment,Inflation (Π<sub>t</sub>),0.339
20,Human capital investment,Inflation (Π<sub>t</sub>),0.355
21,Human capital investment,Inflation (Π<sub>t</sub>),0.37
22,Human capital investment,Inflation (Π<sub>t</sub>),0.385
23,Human capital investment,Inflation (Π<sub>t</sub>),0.4
24,Human capital investment,Inflation (Π<sub>t</sub>),0.414
25,Human capital investment,Inflation (Π<sub>t</sub>),0.428
26,Human capital investment,Inflation (Π<sub>t</sub>),0.442
27,Human capital investment,Inflation (Π<sub>t</sub>),0.456
28,Human capital investment,Inflation (Π<sub>t</sub>),0.469
29,Human capital investment,Inflation (Π<sub>t</sub>),0.482
30,Human capital investment,Inflation (Π<sub>t</sub>),0.495
31,Human capital investment,Inflation (Π<sub>t</sub>),0.507
32,Human capital investment,Inflation (Π<sub>t</sub>),0.519
33,Human capital investment,Inflation (Π<sub>t</sub>),0.531
34,Human capital investment,Inflation (Π<sub>t</sub>),0.542
35,Human capital investment,Inflation (Π<sub>t</sub>),0.552
36,Human capital investment,Inflation (Π<sub>t</sub>),0.562
37,Human capital investment,Inflation (Π<sub>t</sub>),0.572
38,Human capital investment,Inflation (Π<sub>t</sub>),0.582
39,Human capital investment,Inflation (Π<sub>t</sub>),0.591
40,Human capital investment,Inflation (Π<sub>t</sub>),0.599
41,Human capital investment,Inflation (Π<sub>t</sub>),0.608
42,Human capital investment,Inflation (Π<sub>t</sub>),0.615
43,Human capital investment,Inflation (Π<sub>t</sub>),0.623
44,Human capital investment,Inflation (Π<sub>t</sub>),0.63
45,Human capital investment,Inflation (Π<sub>t</sub>),0.637
46,Human capital investment,Inflation (Π<sub>t</sub>),0.643
47,Human capital investment,Inflation (Π<sub>t</sub>),0.649
48,Human capital investment,Inflation (Π<sub>t</sub>),0.654
49,Human capital investment,Inflation (Π<sub>t</sub>),0.66
50,Human capital investment,Inflation (Π<sub>t</sub>),0.665
51,Human capital investment,Inflation (Π<sub>t</sub>),0.669
52,Human capital investment,Inflation (Π<sub>t</sub>),0.673
53,Human capital investment,Inflation (Π<sub>t</sub>),0.677
54,Human capital investment,Inflation (Π<sub>t</sub>),0.681
55,Human capital investment,Inflation (Π<sub>t</sub>),0.684
56,Human capital investment,Inflation (Π<sub>t</sub>),0.687
57,Human capital investment,Inflation (Π<sub>t</sub>),0.689
58,Human capital investment,Inflation (Π<sub>t</sub>),0.692
59,Human capital investment,Inflation (Π<sub>t</sub>),0.694
60,Human capital investment,Inflation (Π<sub>t</sub>),0.695
61,Human capital investment,Inflation (Π<sub>t</sub>),0.697
62,Human capital investment,Inflation (Π<sub>t</sub>),0.698
63,Human capital investment,Inflation (Π<sub>t</sub>),0.699
64,Human capital investment,Inflation (Π<sub>t</sub>),0.7
65,Human capital investment,Inflation (Π<sub>t</sub>),0.7
66,Human capital investment,Inflation (Π<sub>t</sub>),0.701
67,Human capital investment,Inflation (Π<sub>t</sub>),0.701
68,Human capital investment,Inflation (Π<sub>t</sub>),0.7
69,Human capital investment,Inflation (Π<sub>t</sub>),0.7
70,Human capital investment,Inflation (Π<sub>t</sub>),0.699
71,Human capital investment,Inflation (Π<sub>t</sub>),0.699
72,Human capital investment,Inflation (Π<sub>t</sub>),0.698
73,Human capital investment,Inflation (Π<sub>t</sub>),0.696
74,Human capital investment,Inflation (Π<sub>t</sub>),0.695
75,Human capital investment,Inflation (Π<sub>t</sub>),0.693
76,Human capital investment,Inflation (Π<sub>t</sub>),0.692
77,Human capital investment,Inflation (Π<sub>t</sub>),0.69
78,Human capital investment,Inflation (Π<sub>t</sub>),0.688
79,Human capital investment,Inflation (Π<sub>t</sub>),0.686
80,Human capital investment,Inflation (Π<sub>t</sub>),0.683
81,Human capital investment,Inflation (Π<sub>t</sub>),0.681
82,Human capital investment,Inflation (Π<sub>t</sub>),0.678
83,Human capital investment,Inflation (Π<sub>t</sub>),0.675
84,Human capital investment,Inflation (Π<sub>t</sub>),0.672
85,Human capital investment,Inflation (Π<sub>t</sub>),0.669
86,Human capital investment,Inflation (Π<sub>t</sub>),0.666
87,Human capital investment,Inflation (Π<sub>t</sub>),0.663
88,Human capital investment,Inflation (Π<sub>t</sub>),0.66
89,Human capital investment,Inflation (Π<sub>t</sub>),0.656
90,Human capital investment,Inflation (Π<sub>t</sub>),0.653
91,Human capital investment,Inflation (Π<sub>t</sub>),0.649
92,Human capital investment,Inflation (Π<sub>t</sub>),0.646
93,Human capital investment,Inflation (Π<sub>t</sub>),0.642
94,Human capital investment,Inflation (Π<sub>t</sub>),0.638
95,Human capital investment,Inflation (Π<sub>t</sub>),0.634
96,Human capital investment,Inflation (Π<sub>t</sub>),0.63
97,Human capital investment,Inflation (Π<sub>t</sub>),0.626
98,Human capital investment,Inflation (Π<sub>t</sub>),0.622
99,Human capital investment,Inflation (Π<sub>t</sub>),0.617
100,Human capital investment,Inflation (Π<sub>t</sub>),0.613
1,R&D spending,Inflation (Π<sub>t</sub>),0.221
2,R&D spending,Inflation (Π<sub>t</sub>),0.221
3,R&D spending,Inflation (Π<sub>t</sub>),0.244
4,R&D spending,Inflation (Π<sub>t</sub>),0.274
5,R&D spending,Inflation (Π<sub>t</sub>),0.305
6,R&D spending,Inflation (Π<sub>t</sub>),0.335
7,R&D spending,Inflation (Π<sub>t</sub>),0.363
8,R&D spending,Inflation (Π<sub>t</sub>),0.389
9,R&D spending,Inflation (Π<sub>t</sub>),0.413
10,R&D spending,Inflation (Π<sub>t</sub>),0.436
11,R&D spending,Inflation (Π<sub>t</sub>),0.456
12,R&D spending,Inflation (Π<sub>t</sub>),0.475
13,R&D spending,Inflation (Π<sub>t</sub>),0.492
14,R&D spending,Inflation (Π<sub>t</sub>),0.507
15,R&D spending,Inflation (Π<sub>t</sub>),0.521
16,R&D spending,Inflation (Π<sub>t</sub>),0.533
17,R&D spending,Inflation (Π<sub>t</sub>),0.543
18,R&D spending,Inflation (Π<sub>t</sub>),0.553
19,R&D spending,Inflation (Π<sub>t</sub>),0.561
20,R&D spending,Inflation (Π<sub>t</sub>),0.567
21,R&D spending,Inflation (Π<sub>t</sub>),0.573
22,R&D spending,Inflation (Π<sub>t</sub>),0.578
23,R&D spending,Inflation (Π<sub>t</sub>),0.582
24,R&D spending,Inflation (Π<sub>t</sub>),0.584
25,R&D spending,Inflation (Π<sub>t</sub>),0.586
26,R&D spending,Inflation (Π<sub>t</sub>),0.588
27,R&D spending,Inflation (Π<sub>t</sub>),0.588
28,R&D spending,Inflation (Π<sub>t</sub>),0.588
29,R&D spending,Inflation (Π<sub>t</sub>),0.588
30,R&D spending,Inflation (Π<sub>t</sub>),0.586
31,R&D spending,Inflation (Π<sub>t</sub>),0.585
32,R&D spending,Inflation (Π<sub>t</sub>),0.583
33,R&D spending,Inflation (Π<sub>t</sub>),0.58
34,R&D spending,Inflation (Π<sub>t</sub>),0.577
35,R&D spending,Inflation (Π<sub>t</sub>),0.574
36,R&D spending,Inflation (Π<sub>t</sub>),0.57
37,R&D spending,Inflation (Π<sub>t</sub>),0.567
38,R&D spending,Inflation (Π<sub>t</sub>),0.562
39,R&D spending,Inflation (Π<sub>t</sub>),0.558
40,R&D spending,Inflation (Π<sub>t</sub>),0.554
41,R&D spending,Inflation (Π<sub>t</sub>),0.549
42,R&D spending,Inflation (Π<sub>t</sub>),0.544
43,R&D spending,Inflation (Π<sub>t</sub>),0.539
44,R&D spending,Inflation (Π<sub>t</sub>),0.534
45,R&D spending,Inflation (Π<sub>t</sub>),0.529
46,R&D spending,Inflation (Π<sub>t</sub>),0.523
47,R&D spending,Inflation (Π<sub>t</sub>),0.518
48,R&D spending,Inflation (Π<sub>t</sub>),0.512
49,R&D spending,Inflation (Π<sub>t</sub>),0.507
50,R&D spending,Inflation (Π<sub>t</sub>),0.501
51,R&D spending,Inflation (Π<sub>t</sub>),0.496
52,R&D spending,Inflation (Π<sub>t</sub>),0.49
53,R&D spending,Inflation (Π<sub>t</sub>),0.484
54,R&D spending,Inflation (Π<sub>t</sub>),0.478
55,R&D spending,Inflation (Π<sub>t</sub>),0.473
56,R&D spending,Inflation (Π<sub>t</sub>),0.467
57,R&D spending,Inflation (Π<sub>t</sub>),0.461
58,R&D spending,Inflation (Π<sub>t</sub>),0.456
59,R&D spending,Inflation (Π<sub>t</sub>),0.45
60,R&D spending,Inflation (Π<sub>t</sub>),0.444
61,R&D spending,Inflation (Π<sub>t</sub>),0.439
62,R&D spending,Inflation (Π<sub>t</sub>),0.433
63,R&D spending,Inflation (Π<sub>t</sub>),0.427
64,R&D spending,Inflation (Π<sub>t</sub>),0.422
65,R&D spending,Inflation (Π<sub>t</sub>),0.416
66,R&D spending,Inflation (Π<sub>t</sub>),0.411
67,R&D spending,Inflation (Π<sub>t</sub>),0.405
68,R&D spending,Inflation (Π<sub>t</sub>),0.4
69,R&D spending,Inflation (Π<sub>t</sub>),0.395
70,R&D spending,Inflation (Π<sub>t</sub>),0.389
71,R&D spending,Inflation (Π<sub>t</sub>),0.384
72,R&D spending,Inflation (Π<sub>t</sub>),0.379
73,R&D spending,Inflation (Π<sub>t</sub>),0.374
74,R&D spending,Inflation (Π<sub>t</sub>),0.369
75,R&D spending,Inflation (Π<sub>t</sub>),0.363
76,R&D spending,Inflation (Π<sub>t</sub>),0.358
77,R&D spending,Inflation (Π<sub>t</sub>),0.353
78,R&D spending,Inflation (Π<sub>t</sub>),0.349
79,R&D spending,Inflation (Π<sub>t</sub>),0.344
80,R&D spending,Inflation (Π<sub>t</sub>),0.339
81,R&D spending,Inflation (Π<sub>t</sub>),0.334
82,R&D spending,Inflation (Π<sub>t</sub>),0.33
83,R&D spending,Inflation (Π<sub>t</sub>),0.325
84,R&D spending,Inflation (Π<sub>t</sub>),0.32
85,R&D spending,Inflation (Π<sub>t</sub>),0.316
86,R&D spending,Inflation (Π<sub>t</sub>),0.311
87,R&D spending,Inflation (Π<sub>t</sub>),0.307
88,R&D spending,Inflation (Π<sub>t</sub>),0.303
89,R&D spending,Inflation (Π<sub>t</sub>),0.298
90,R&D spending,Inflation (Π<sub>t</sub>),0.294
91,R&D spending,Inflation (Π<sub>t</sub>),0.29
92,R&D spending,Inflation (Π<sub>t</sub>),0.286
93,R&D spending,Inflation (Π<sub>t</sub>),0.282
94,R&D spending,Inflation (Π<sub>t</sub>),0.278
95,R&D spending,Inflation (Π<sub>t</sub>),0.274
96,R&D spending,Inflation (Π<sub>t</sub>),0.27
97,R&D spending,Inflation (Π<sub>t</sub>),0.266
98,R&D spending,Inflation (Π<sub>t</sub>),0.262
99,R&D spending,Inflation (Π<sub>t</sub>),0.258
100,R&D spending,Inflation (Π<sub>t</sub>),0.255
1,Government consumption,Nominal interest rate (R<sub>t</sub>),0.078
2,Government consumption,Nominal interest rate (R<sub>t</sub>),0.078
3,Government consumption,Nominal interest rate (R<sub>t</sub>),0.078
4,Government consumption,Nominal interest rate (R<sub>t</sub>),0.078
5,Government consumption,Nominal interest rate (R<sub>t</sub>),0.078
6,Government consumption,Nominal interest rate (R<sub>t</sub>),0.078
7,Government consumption,Nominal interest rate (R<sub>t</sub>),0.078
8,Government consumption,Nominal interest rate (R<sub>t</sub>),0.078
9,Government consumption,Nominal interest rate (R<sub>t</sub>),0.078
10,Government consumption,Nominal interest rate (R<sub>t</sub>),0.078
11,Government consumption,Nominal interest rate (R<sub>t</sub>),0.078
12,Government consumption,Nominal interest rate (R<sub>t</sub>),0.078
13,Government consumption,Nominal interest rate (R<sub>t</sub>),0.077
14,Government consumption,Nominal interest rate (R<sub>t</sub>),0.077
15,Government consumption,Nominal interest rate (R<sub>t</sub>),0.077
16,Government consumption,Nominal interest rate (R<sub>t</sub>),0.077
17,Government consumption,Nominal interest rate (R<sub>t</sub>),0.076
18,Government consumption,Nominal interest rate (R<sub>t</sub>),0.076
19,Government consumption,Nominal interest rate (R<sub>t</sub>),0.076
20,Government consumption,Nominal interest rate (R<sub>t</sub>),0.075
21,Government consumption,Nominal interest rate (R<sub>t</sub>),0.075
22,Government consumption,Nominal interest rate (R<sub>t</sub>),0.074
23,Government consumption,Nominal interest rate (R<sub>t</sub>),0.074
24,Government consumption,Nominal interest rate (R<sub>t</sub>),0.074
25,Government consumption,Nominal interest rate (R<sub>t</sub>),0.073
26,Government consumption,Nominal interest rate (R<sub>t</sub>),0.073
27,Government consumption,Nominal interest rate (R<sub>t</sub>),0.072
28,Government consumption,Nominal interest rate (R<sub>t</sub>),0.072
29,Government consumption,Nominal interest rate (R<sub>t</sub>),0.071
30,Government consumption,Nominal interest rate (R<sub>t</sub>),0.071
31,Government consumption,Nominal interest rate (R<sub>t</sub>),0.07
32,Government consumption,Nominal interest rate (R<sub>t</sub>),0.07
33,Government consumption,Nominal interest rate (R<sub>t</sub>),0.069
34,Government consumption,Nominal interest rate (R<sub>t</sub>),0.069
35,Government consumption,Nominal interest rate (R<sub>t</sub>),0.068
36,Government consumption,Nominal interest rate (R<sub>t</sub>),0.067
37,Government consumption,Nominal interest rate (R<sub>t</sub>),0.067
38,Government consumption,Nominal interest rate (R<sub>t</sub>),0.066
39,Government consumption,Nominal interest rate (R<sub>t</sub>),0.066
40,Government consumption,Nominal interest rate (R<sub>t</sub>),0.065
41,Government consumption,Nominal interest rate (R<sub>t</sub>),0.065
42,Government consumption,Nominal interest rate (R<sub>t</sub>),0.064
43,Government consumption,Nominal interest rate (R<sub>t</sub>),0.063
44,Government consumption,Nominal interest rate (R<sub>t</sub>),0.063
45,Government consumption,Nominal interest rate (R<sub>t</sub>),0.062
46,Government consumption,Nominal interest rate (R<sub>t</sub>),0.062
47,Government consumption,Nominal interest rate (R<sub>t</sub>),0.061
48,Government consumption,Nominal interest rate (R<sub>t</sub>),0.06
49,Government consumption,Nominal interest rate (R<sub>t</sub>),0.06
50,Government consumption,Nominal interest rate (R<sub>t</sub>),0.059
51,Government consumption,Nominal interest rate (R<sub>t</sub>),0.059
52,Government consumption,Nominal interest rate (R<sub>t</sub>),0.058
53,Government consumption,Nominal interest rate (R<sub>t</sub>),0.057
54,Government consumption,Nominal interest rate (R<sub>t</sub>),0.057
55,Government consumption,Nominal interest rate (R<sub>t</sub>),0.056
56,Government consumption,Nominal interest rate (R<sub>t</sub>),0.056
57,Government consumption,Nominal interest rate (R<sub>t</sub>),0.055
58,Government consumption,Nominal interest rate (R<sub>t</sub>),0.055
59,Government consumption,Nominal interest rate (R<sub>t</sub>),0.054
60,Government consumption,Nominal interest rate (R<sub>t</sub>),0.053
61,Government consumption,Nominal interest rate (R<sub>t</sub>),0.053
62,Government consumption,Nominal interest rate (R<sub>t</sub>),0.052
63,Government consumption,Nominal interest rate (R<sub>t</sub>),0.052
64,Government consumption,Nominal interest rate (R<sub>t</sub>),0.051
65,Government consumption,Nominal interest rate (R<sub>t</sub>),0.051
66,Government consumption,Nominal interest rate (R<sub>t</sub>),0.05
67,Government consumption,Nominal interest rate (R<sub>t</sub>),0.05
68,Government consumption,Nominal interest rate (R<sub>t</sub>),0.049
69,Government consumption,Nominal interest rate (R<sub>t</sub>),0.048
70,Government consumption,Nominal interest rate (R<sub>t</sub>),0.048
71,Government consumption,Nominal interest rate (R<sub>t</sub>),0.047
72,Government consumption,Nominal interest rate (R<sub>t</sub>),0.047
73,Government consumption,Nominal interest rate (R<sub>t</sub>),0.046
74,Government consumption,Nominal interest rate (R<sub>t</sub>),0.046
75,Government consumption,Nominal interest rate (R<sub>t</sub>),0.045
76,Government consumption,Nominal interest rate (R<sub>t</sub>),0.045
77,Government consumption,Nominal interest rate (R<sub>t</sub>),0.044
78,Government consumption,Nominal interest rate (R<sub>t</sub>),0.044
79,Government consumption,Nominal interest rate (R<sub>t</sub>),0.043
80,Government consumption,Nominal interest rate (R<sub>t</sub>),0.043
81,Government consumption,Nominal interest rate (R<sub>t</sub>),0.042
82,Government consumption,Nominal interest rate (R<sub>t</sub>),0.042
83,Government consumption,Nominal interest rate (R<sub>t</sub>),0.041
84,Government consumption,Nominal interest rate (R<sub>t</sub>),0.041
85,Government consumption,Nominal interest rate (R<sub>t</sub>),0.04
86,Government consumption,Nominal interest rate (R<sub>t</sub>),0.04
87,Government consumption,Nominal interest rate (R<sub>t</sub>),0.039
88,Government consumption,Nominal interest rate (R<sub>t</sub>),0.039
89,Government consumption,Nominal interest rate (R<sub>t</sub>),0.038
90,Government consumption,Nominal interest rate (R<sub>t</sub>),0.038
91,Government consumption,Nominal interest rate (R<sub>t</sub>),0.037
92,Government consumption,Nominal interest rate (R<sub>t</sub>),0.037
93,Government consumption,Nominal interest rate (R<sub>t</sub>),0.037
94,Government consumption,Nominal interest rate (R<sub>t</sub>),0.036
95,Government consumption,Nominal interest rate (R<sub>t</sub>),0.036
96,Government consumption,Nominal interest rate (R<sub>t</sub>),0.035
97,Government consumption,Nominal interest rate (R<sub>t</sub>),0.035
98,Government consumption,Nominal interest rate (R<sub>t</sub>),0.034
99,Government consumption,Nominal interest rate (R<sub>t</sub>),0.034
100,Government consumption,Nominal interest rate (R<sub>t</sub>),0.034
1,Infrastructure investment,Nominal interest rate (R<sub>t</sub>),0.248
2,Infrastructure investment,Nominal interest rate (R<sub>t</sub>),0.276
3,Infrastructure investment,Nominal interest rate (R<sub>t</sub>),0.303
4,Infrastructure investment,Nominal interest rate (R<sub>t</sub>),0.328
5,Infrastructure investment,Nominal interest rate (R<sub>t</sub>),0.35
6,Infrastructure investment,Nominal interest rate (R<sub>t</sub>),0.37
7,Infrastructure investment,Nominal interest rate (R<sub>t</sub>),0.388
8,Infrastructure investment,Nominal interest rate (R<sub>t</sub>),0.404
9,Infrastructure investment,Nominal interest rate (R<sub>t</sub>),0.418
10,Infrastructure investment,Nominal interest rate (R<sub>t</sub>),0.431
11,Infrastructure investment,Nominal interest rate (R<sub>t</sub>),0.442
12,Infrastructure investment,Nominal interest rate (R<sub>t</sub>),0.452
13,Infrastructure investment,Nominal interest rate (R<sub>t</sub>),0.461
14,Infrastructure investment,Nominal interest rate (R<sub>t</sub>),0.469
15,Infrastructure investment,Nominal interest rate (R<sub>t</sub>),0.475
16,Infrastructure investment,Nominal interest rate (R<sub>t</sub>),0.481
17,Infrastructure investment,Nominal interest rate (R<sub>t</sub>),0.486
18,Infrastructure investment,Nominal interest rate (R<sub>t</sub>),0.49
19,Infrastructure investment,Nominal interest rate (R<sub>t</sub>),0.493
20,Infrastructure investment,Nominal interest rate (R<sub>t</sub>),0.495
21,Infrastructure investment,Nominal interest rate (R<sub>t</sub>),0.497
22,Infrastructure investment,Nominal interest rate (R<sub>t</sub>),0.499
23,Infrastructure investment,Nominal interest rate (R<sub>t</sub>),0.499
24,Infrastructure investment,Nominal interest rate (R<sub>t</sub>),0.5
25,Infrastructure investment,Nominal interest rate (R<sub>t</sub>),0.499
26,Infrastructure investment,Nominal interest rate (R<sub>t</sub>),0.499
27,Infrastructure investment,Nominal interest rate (R<sub>t</sub>),0.498
28,Infrastructure investment,Nominal interest rate (R<sub>t</sub>),0.497
29,Infrastructure investment,Nominal interest rate (R<sub>t</sub>),0.495
30,Infrastructure investment,Nominal interest rate (R<sub>t</sub>),0.493
31,Infrastructure investment,Nominal interest rate (R<sub>t</sub>),0.491
32,Infrastructure investment,Nominal interest rate (R<sub>t</sub>),0.489
33,Infrastructure investment,Nominal interest rate (R<sub>t</sub>),0.486
34,Infrastructure investment,Nominal interest rate (R<sub>t</sub>),0.483
35,Infrastructure investment,Nominal interest rate (R<sub>t</sub>),0.48
36,Infrastructure investment,Nominal interest rate (R<sub>t</sub>),0.477
37,Infrastructure investment,Nominal interest rate (R<sub>t</sub>),0.474
38,Infrastructure investment,Nominal interest rate (R<sub>t</sub>),0.47
39,Infrastructure investment,Nominal interest rate (R<sub>t</sub>),0.467
40,Infrastructure investment,Nominal interest rate (R<sub>t</sub>),0.463
41,Infrastructure investment,Nominal interest rate (R<sub>t</sub>),0.459
42,Infrastructure investment,Nominal interest rate (R<sub>t</sub>),0.456
43,Infrastructure investment,Nominal interest rate (R<sub>t</sub>),0.452
44,Infrastructure investment,Nominal interest rate (R<sub>t</sub>),0.448
45,Infrastructure investment,Nominal interest rate (R<sub>t</sub>),0.444
46,Infrastructure investment,Nominal interest rate (R<sub>t</sub>),0.44
47,Infrastructure investment,Nominal interest rate (R<sub>t</sub>),0.436
48,Infrastructure investment,Nominal interest rate (R<sub>t</sub>),0.431
49,Infrastructure investment,Nominal interest rate (R<sub>t</sub>),0.427
50,Infrastructure investment,Nominal interest rate (R<sub>t</sub>),0.423
51,Infrastructure investment,Nominal interest rate (R<sub>t</sub>),0.419
52,Infrastructure investment,Nominal interest rate (R<sub>t</sub>),0.415
53,Infrastructure investment,Nominal interest rate (R<sub>t</sub>),0.41
54,Infrastructure investment,Nominal interest rate (R<sub>t</sub>),0.406
55,Infrastructure investment,Nominal interest rate (R<sub>t</sub>),0.402
56,Infrastructure investment,Nominal interest rate (R<sub>t</sub>),0.398
57,Infrastructure investment,Nominal interest rate (R<sub>t</sub>),0.393
58,Infrastructure investment,Nominal interest rate (R<sub>t</sub>),0.389
59,Infrastructure investment,Nominal interest rate (R<sub>t</sub>),0.385
60,Infrastructure investment,Nominal interest rate (R<sub>t</sub>),0.381
61,Infrastructure investment,Nominal interest rate (R<sub>t</sub>),0.376
62,Infrastructure investment,Nominal interest rate (R<sub>t</sub>),0.372
63,Infrastructure investment,Nominal interest rate (R<sub>t</sub>),0.368
64,Infrastructure investment,Nominal interest rate (R<sub>t</sub>),0.364
65,Infrastructure investment,Nominal interest rate (R<sub>t</sub>),0.36
66,Infrastructure investment,Nominal interest rate (R<sub>t</sub>),0.356
67,Infrastructure investment,Nominal interest rate (R<sub>t</sub>),0.352
68,Infrastructure investment,Nominal interest rate (R<sub>t</sub>),0.347
69,Infrastructure investment,Nominal interest rate (R<sub>t</sub>),0.343
70,Infrastructure investment,Nominal interest rate (R<sub>t</sub>),0.339
71,Infrastructure investment,Nominal interest rate (R<sub>t</sub>),0.335
72,Infrastructure investment,Nominal interest rate (R<sub>t</sub>),0.331
73,Infrastructure investment,Nominal interest rate (R<sub>t</sub>),0.328
74,Infrastructure investment,Nominal interest rate (R<sub>t</sub>),0.324
75,Infrastructure investment,Nominal interest rate (R<sub>t</sub>),0.32
76,Infrastructure investment,Nominal interest rate (R<sub>t</sub>),0.316
77,Infrastructure investment,Nominal interest rate (R<sub>t</sub>),0.312
78,Infrastructure investment,Nominal interest rate (R<sub>t</sub>),0.308
79,Infrastructure investment,Nominal interest rate (R<sub>t</sub>),0.305
80,Infrastructure investment,Nominal interest rate (R<sub>t</sub>),0.301
81,Infrastructure investment,Nominal interest rate (R<sub>t</sub>),0.297
82,Infrastructure investment,Nominal interest rate (R<sub>t</sub>),0.294
83,Infrastructure investment,Nominal interest rate (R<sub>t</sub>),0.29
84,Infrastructure investment,Nominal interest rate (R<sub>t</sub>),0.286
85,Infrastructure investment,Nominal interest rate (R<sub>t</sub>),0.283
86,Infrastructure investment,Nominal interest rate (R<sub>t</sub>),0.279
87,Infrastructure investment,Nominal interest rate (R<sub>t</sub>),0.276
88,Infrastructure investment,Nominal interest rate (R<sub>t</sub>),0.272
89,Infrastructure investment,Nominal interest rate (R<sub>t</sub>),0.269
90,Infrastructure investment,Nominal interest rate (R<sub>t</sub>),0.266
91,Infrastructure investment,Nominal interest rate (R<sub>t</sub>),0.262
92,Infrastructure investment,Nominal interest rate (R<sub>t</sub>),0.259
93,Infrastructure investment,Nominal interest rate (R<sub>t</sub>),0.256
94,Infrastructure investment,Nominal interest rate (R<sub>t</sub>),0.253
95,Infrastructure investment,Nominal interest rate (R<sub>t</sub>),0.249
96,Infrastructure investment,Nominal interest rate (R<sub>t</sub>),0.246
97,Infrastructure investment,Nominal interest rate (R<sub>t</sub>),0.243
98,Infrastructure investment,Nominal interest rate (R<sub>t</sub>),0.24
99,Infrastructure investment,Nominal interest rate (R<sub>t</sub>),0.237
100,Infrastructure investment,Nominal interest rate (R<sub>t</sub>),0.234
1,Human capital investment,Nominal interest rate (R<sub>t</sub>),0.221
2,Human capital investment,Nominal interest rate (R<sub>t</sub>),0.207
3,Human capital investment,Nominal interest rate (R<sub>t</sub>),0.201
4,Human capital investment,Nominal interest rate (R<sub>t</sub>),0.199
5,Human capital investment,Nominal interest rate (R<sub>t</sub>),0.201
6,Human capital investment,Nominal interest rate (R<sub>t</sub>),0.207
7,Human capital investment,Nominal interest rate (R<sub>t</sub>),0.216
8,Human capital investment,Nominal interest rate (R<sub>t</sub>),0.227
9,Human capital investment,Nominal interest rate (R<sub>t</sub>),0.241
10,Human capital investment,Nominal interest rate (R<sub>t</sub>),0.256
11,Human capital investment,Nominal interest rate (R<sub>t</sub>),0.273
12,Human capital investment,Nominal interest rate (R<sub>t</sub>),0.291
13,Human capital investment,Nominal interest rate (R<sub>t</sub>),0.311
14,Human capital investment,Nominal interest rate (R<sub>t</sub>),0.331
15,Human capital investment,Nominal interest rate (R<sub>t</sub>),0.352
16,Human capital investment,Nominal interest rate (R<sub>t</sub>),0.374
17,Human capital investment,Nominal interest rate (R<sub>t</sub>),0.397
18,Human capital investment,Nominal interest rate (R<sub>t</sub>),0.419
19,Human capital investment,Nominal interest rate (R<sub>t</sub>),0.442
20,Human capital investment,Nominal interest rate (R<sub>t</sub>),0.465
21,Human capital investment,Nominal interest rate (R<sub>t</sub>),0.489
22,Human capital investment,Nominal interest rate (R<sub>t</sub>),0.512
23,Human capital investment,Nominal interest rate (R<sub>t</sub>),0.535
24,Human capital investment,Nominal interest rate (R<sub>t</sub>),0.557
25,Human capital investment,Nominal interest rate (R<sub>t</sub>),0.58
26,Human capital investment,Nominal interest rate (R<sub>t</sub>),0.602
27,Human capital investment,Nominal interest rate (R<sub>t</sub>),0.624
28,Human capital investment,Nominal interest rate (R<sub>t</sub>),0.645
29,Human capital investment,Nominal interest rate (R<sub>t</sub>),0.666
30,Human capital investment,Nominal interest rate (R<sub>t</sub>),0.687
31,Human capital investment,Nominal interest rate (R<sub>t</sub>),0.707
32,Human capital investment,Nominal interest rate (R<sub>t</sub>),0.726
33,Human capital investment,Nominal interest rate (R<sub>t</sub>),0.745
34,Human capital investment,Nominal interest rate (R<sub>t</sub>),0.763
35,Human capital investment,Nominal interest rate (R<sub>t</sub>),0.781
36,Human capital investment,Nominal interest rate (R<sub>t</sub>),0.798
37,Human capital investment,Nominal interest rate (R<sub>t</sub>),0.815
38,Human capital investment,Nominal interest rate (R<sub>t</sub>),0.831
39,Human capital investment,Nominal interest rate (R<sub>t</sub>),0.846
40,Human capital investment,Nominal interest rate (R<sub>t</sub>),0.861
41,Human capital investment,Nominal interest rate (R<sub>t</sub>),0.875
42,Human capital investment,Nominal interest rate (R<sub>t</sub>),0.889
43,Human capital investment,Nominal interest rate (R<sub>t</sub>),0.902
44,Human capital investment,Nominal interest rate (R<sub>t</sub>),0.915
45,Human capital investment,Nominal interest rate (R<sub>t</sub>),0.926
46,Human capital investment,Nominal interest rate (R<sub>t</sub>),0.938
47,Human capital investment,Nominal interest rate (R<sub>t</sub>),0.948
48,Human capital investment,Nominal interest rate (R<sub>t</sub>),0.958
49,Human capital investment,Nominal interest rate (R<sub>t</sub>),0.968
50,Human capital investment,Nominal interest rate (R<sub>t</sub>),0.977
51,Human capital investment,Nominal interest rate (R<sub>t</sub>),0.985
52,Human capital investment,Nominal interest rate (R<sub>t</sub>),0.993
53,Human capital investment,Nominal interest rate (R<sub>t</sub>),1.001
54,Human capital investment,Nominal interest rate (R<sub>t</sub>),1.007
55,Human capital investment,Nominal interest rate (R<sub>t</sub>),1.014
56,Human capital investment,Nominal interest rate (R<sub>t</sub>),1.02
57,Human capital investment,Nominal interest rate (R<sub>t</sub>),1.025
58,Human capital investment,Nominal interest rate (R<sub>t</sub>),1.03
59,Human capital investment,Nominal interest rate (R<sub>t</sub>),1.034
60,Human capital investment,Nominal interest rate (R<sub>t</sub>),1.038
61,Human capital investment,Nominal interest rate (R<sub>t</sub>),1.042
62,Human capital investment,Nominal interest rate (R<sub>t</sub>),1.045
63,Human capital investment,Nominal interest rate (R<sub>t</sub>),1.048
64,Human capital investment,Nominal interest rate (R<sub>t</sub>),1.05
65,Human capital investment,Nominal interest rate (R<sub>t</sub>),1.052
66,Human capital investment,Nominal interest rate (R<sub>t</sub>),1.053
67,Human capital investment,Nominal interest rate (R<sub>t</sub>),1.055
68,Human capital investment,Nominal interest rate (R<sub>t</sub>),1.055
69,Human capital investment,Nominal interest rate (R<sub>t</sub>),1.056
70,Human capital investment,Nominal interest rate (R<sub>t</sub>),1.056
71,Human capital investment,Nominal interest rate (R<sub>t</sub>),1.056
72,Human capital investment,Nominal interest rate (R<sub>t</sub>),1.055
73,Human capital investment,Nominal interest rate (R<sub>t</sub>),1.054
74,Human capital investment,Nominal interest rate (R<sub>t</sub>),1.053
75,Human capital investment,Nominal interest rate (R<sub>t</sub>),1.051
76,Human capital investment,Nominal interest rate (R<sub>t</sub>),1.05
77,Human capital investment,Nominal interest rate (R<sub>t</sub>),1.048
78,Human capital investment,Nominal interest rate (R<sub>t</sub>),1.045
79,Human capital investment,Nominal interest rate (R<sub>t</sub>),1.043
80,Human capital investment,Nominal interest rate (R<sub>t</sub>),1.04
81,Human capital investment,Nominal interest rate (R<sub>t</sub>),1.037
82,Human capital investment,Nominal interest rate (R<sub>t</sub>),1.034
83,Human capital investment,Nominal interest rate (R<sub>t</sub>),1.03
84,Human capital investment,Nominal interest rate (R<sub>t</sub>),1.026
85,Human capital investment,Nominal interest rate (R<sub>t</sub>),1.022
86,Human capital investment,Nominal interest rate (R<sub>t</sub>),1.018
87,Human capital investment,Nominal interest rate (R<sub>t</sub>),1.014
88,Human capital investment,Nominal interest rate (R<sub>t</sub>),1.01
89,Human capital investment,Nominal interest rate (R<sub>t</sub>),1.005
90,Human capital investment,Nominal interest rate (R<sub>t</sub>),1.0
91,Human capital investment,Nominal interest rate (R<sub>t</sub>),0.995
92,Human capital investment,Nominal interest rate (R<sub>t</sub>),0.99
93,Human capital investment,Nominal interest rate (R<sub>t</sub>),0.985
94,Human capital investment,Nominal interest rate (R<sub>t</sub>),0.979
95,Human capital investment,Nominal interest rate (R<sub>t</sub>),0.974
96,Human capital investment,Nominal interest rate (R<sub>t</sub>),0.968
97,Human capital investment,Nominal interest rate (R<sub>t</sub>),0.962
98,Human capital investment,Nominal interest rate (R<sub>t</sub>),0.956
99,Human capital investment,Nominal interest rate (R<sub>t</sub>),0.95
100,Human capital investment,Nominal interest rate (R<sub>t</sub>),0.944
1,R&D spending,Nominal interest rate (R<sub>t</sub>),0.202
2,R&D spending,Nominal interest rate (R<sub>t</sub>),0.223
3,R&D spending,Nominal interest rate (R<sub>t</sub>),0.254
4,R&D spending,Nominal interest rate (R<sub>t</sub>),0.292
5,R&D spending,Nominal interest rate (R<sub>t</sub>),0.334
6,R&D spending,Nominal interest rate (R<sub>t</sub>),0.377
7,R&D spending,Nominal interest rate (R<sub>t</sub>),0.421
8,R&D spending,Nominal interest rate (R<sub>t</sub>),0.464
9,R&D spending,Nominal interest rate (R<sub>t</sub>),0.505
10,R&D spending,Nominal interest rate (R<sub>t</sub>),0.545
11,R&D spending,Nominal interest rate (R<sub>t</sub>),0.583
12,R&D spending,Nominal interest rate (R<sub>t</sub>),0.619
13,R&D spending,Nominal interest rate (R<sub>t</sub>),0.652
14,R&D spending,Nominal interest rate (R<sub>t</sub>),0.682
15,R&D spending,Nominal interest rate (R<sub>t</sub>),0.71
16,R&D spending,Nominal interest rate (R<sub>t</sub>),0.735
17,R&D spending,Nominal interest rate (R<sub>t</sub>),0.758
18,R&D spending,Nominal interest rate (R<sub>t</sub>),0.779
19,R&D spending,Nominal interest rate (R<sub>t</sub>),0.797
20,R&D spending,Nominal interest rate (R<sub>t</sub>),0.814
21,R&D spending,Nominal interest rate (R<sub>t</sub>),0.828
22,R&D spending,Nominal interest rate (R<sub>t</sub>),0.84
23,R&D spending,Nominal interest rate (R<sub>t</sub>),0.851
24,R&D spending,Nominal interest rate (R<sub>t</sub>),0.86
25,R&D spending,Nominal interest rate (R<sub>t</sub>),0.867
26,R&D spending,Nominal interest rate (R<sub>t</sub>),0.873
27,R&D spending,Nominal interest rate (R<sub>t</sub>),0.878
28,R&D spending,Nominal interest rate (R<sub>t</sub>),0.881
29,R&D spending,Nominal interest rate (R<sub>t</sub>),0.883
30,R&D spending,Nominal interest rate (R<sub>t</sub>),0.884
31,R&D spending,Nominal interest rate (R<sub>t</sub>),0.885
32,R&D spending,Nominal interest rate (R<sub>t</sub>),0.884
33,R&D spending,Nominal interest rate (R<sub>t</sub>),0.882
34,R&D spending,Nominal interest rate (R<sub>t</sub>),0.88
35,R&D spending,Nominal interest rate (R<sub>t</sub>),0.877
36,R&D spending,Nominal interest rate (R<sub>t</sub>),0.873
37,R&D spending,Nominal interest rate (R<sub>t</sub>),0.869
38,R&D spending,Nominal interest rate (R<sub>t</sub>),0.865
39,R&D spending,Nominal interest rate (R<sub>t</sub>),0.859
40,R&D spending,Nominal interest rate (R<sub>t</sub>),0.854
41,R&D spending,Nominal interest rate (R<sub>t</sub>),0.848
42,R&D spending,Nominal interest rate (R<sub>t</sub>),0.841
43,R&D spending,Nominal interest rate (R<sub>t</sub>),0.835
44,R&D spending,Nominal interest rate (R<sub>t</sub>),0.828
45,R&D spending,Nominal interest rate (R<sub>t</sub>),0.82
46,R&D spending,Nominal interest rate (R<sub>t</sub>),0.813
47,R&D spending,Nominal interest rate (R<sub>t</sub>),0.805
48,R&D spending,Nominal interest rate (R<sub>t</sub>),0.797
49,R&D spending,Nominal interest rate (R<sub>t</sub>),0.789
50,R&D spending,Nominal interest rate (R<sub>t</sub>),0.781
51,R&D spending,Nominal interest rate (R<sub>t</sub>),0.773
52,R&D spending,Nominal interest rate (R<sub>t</sub>),0.765
53,R&D spending,Nominal interest rate (R<sub>t</sub>),0.756
54,R&D spending,Nominal interest rate (R<sub>t</sub>),0.748
55,R&D spending,Nominal interest rate (R<sub>t</sub>),0.739
56,R&D spending,Nominal interest rate (R<sub>t</sub>),0.731
57,R&D spending,Nominal interest rate (R<sub>t</sub>),0.722
58,R&D spending,Nominal interest rate (R<sub>t</sub>),0.714
59,R&D spending,Nominal interest rate (R<sub>t</sub>),0.705
60,R&D spending,Nominal interest rate (R<sub>t</sub>),0.696
61,R&D spending,Nominal interest rate (R<sub>t</sub>),0.688
62,R&D spending,Nominal interest rate (R<sub>t</sub>),0.679
63,R&D spending,Nominal interest rate (R<sub>t</sub>),0.671
64,R&D spending,Nominal interest rate (R<sub>t</sub>),0.662
65,R&D spending,Nominal interest rate (R<sub>t</sub>),0.654
66,R&D spending,Nominal interest rate (R<sub>t</sub>),0.645
67,R&D spending,Nominal interest rate (R<sub>t</sub>),0.637
68,R&D spending,Nominal interest rate (R<sub>t</sub>),0.629
69,R&D spending,Nominal interest rate (R<sub>t</sub>),0.62
70,R&D spending,Nominal interest rate (R<sub>t</sub>),0.612
71,R&D spending,Nominal interest rate (R<sub>t</sub>),0.604
72,R&D spending,Nominal interest rate (R<sub>t</sub>),0.596
73,R&D spending,Nominal interest rate (R<sub>t</sub>),0.588
74,R&D spending,Nominal interest rate (R<sub>t</sub>),0.58
75,R&D spending,Nominal interest rate (R<sub>t</sub>),0.572
76,R&D spending,Nominal interest rate (R<sub>t</sub>),0.564
77,R&D spending,Nominal interest rate (R<sub>t</sub>),0.557
78,R&D spending,Nominal interest rate (R<sub>t</sub>),0.549
79,R&D spending,Nominal interest rate (R<sub>t</sub>),0.541
80,R&D spending,Nominal interest rate (R<sub>t</sub>),0.534
81,R&D spending,Nominal interest rate (R<sub>t</sub>),0.527
82,R&D spending,Nominal interest rate (R<sub>t</sub>),0.519
83,R&D spending,Nominal interest rate (R<sub>t</sub>),0.512
84,R&D spending,Nominal interest rate (R<sub>t</sub>),0.505
85,R&D spending,Nominal interest rate (R<sub>t</sub>),0.498
86,R&D spending,Nominal interest rate (R<sub>t</sub>),0.491
87,R&D spending,Nominal interest rate (R<sub>t</sub>),0.484
88,R&D spending,Nominal interest rate (R<sub>t</sub>),0.477
89,R&D spending,Nominal interest rate (R<sub>t</sub>),0.47
90,R&D spending,Nominal interest rate (R<sub>t</sub>),0.464
91,R&D spending,Nominal interest rate (R<sub>t</sub>),0.457
92,R&D spending,Nominal interest rate (R<sub>t</sub>),0.451
93,R&D spending,Nominal interest rate (R<sub>t</sub>),0.444
94,R&D spending,Nominal interest rate (R<sub>t</sub>),0.438
95,R&D spending,Nominal interest rate (R<sub>t</sub>),0.432
96,R&D spending,Nominal interest rate (R<sub>t</sub>),0.426
97,R&D spending,Nominal interest rate (R<sub>t</sub>),0.42
98,R&D spending,Nominal interest rate (R<sub>t</sub>),0.414
99,R&D spending,Nominal interest rate (R<sub>t</sub>),0.408
100,R&D spending,Nominal interest rate (R<sub>t</sub>),0.402
1,Government consumption,Real interest rate (R<sub>t</sub>/Π<sub>t</sub>),0.004
2,Government consumption,Real interest rate (R<sub>t</sub>/Π<sub>t</sub>),0.019
3,Government consumption,Real interest rate (R<sub>t</sub>/Π<sub>t</sub>),0.024
4,Government consumption,Real interest rate (R<sub>t</sub>/Π<sub>t</sub>),0.025
5,Government consumption,Real interest rate (R<sub>t</sub>/Π<sub>t</sub>),0.026
6,Government consumption,Real interest rate (R<sub>t</sub>/Π<sub>t</sub>),0.026
7,Government consumption,Real interest rate (R<sub>t</sub>/Π<sub>t</sub>),0.026
8,Government consumption,Real interest rate (R<sub>t</sub>/Π<sub>t</sub>),0.026
9,Government consumption,Real interest rate (R<sub>t</sub>/Π<sub>t</sub>),0.026
10,Government consumption,Real interest rate (R<sub>t</sub>/Π<sub>t</sub>),0.026
11,Government consumption,Real interest rate (R<sub>t</sub>/Π<sub>t</sub>),0.026
12,Government consumption,Real interest rate (R<sub>t</sub>/Π<sub>t</sub>),0.026
13,Government consumption,Real interest rate (R<sub>t</sub>/Π<sub>t</sub>),0.026
14,Government consumption,Real interest rate (R<sub>t</sub>/Π<sub>t</sub>),0.026
15,Government consumption,Real interest rate (R<sub>t</sub>/Π<sub>t</sub>),0.026
16,Government consumption,Real interest rate (R<sub>t</sub>/Π<sub>t</sub>),0.026
17,Government consumption,Real interest rate (R<sub>t</sub>/Π<sub>t</sub>),0.026
18,Government consumption,Real interest rate (R<sub>t</sub>/Π<sub>t</sub>),0.026
19,Government consumption,Real interest rate (R<sub>t</sub>/Π<sub>t</sub>),0.026
20,Government consumption,Real interest rate (R<sub>t</sub>/Π<sub>t</sub>),0.026
21,Government consumption,Real interest rate (R<sub>t</sub>/Π<sub>t</sub>),0.026
22,Government consumption,Real interest rate (R<sub>t</sub>/Π<sub>t</sub>),0.026
23,Government consumption,Real interest rate (R<sub>t</sub>/Π<sub>t</sub>),0.026
24,Government consumption,Real interest rate (R<sub>t</sub>/Π<sub>t</sub>),0.025
25,Government consumption,Real interest rate (R<sub>t</sub>/Π<sub>t</sub>),0.025
26,Government consumption,Real interest rate (R<sub>t</sub>/Π<sub>t</sub>),0.025
27,Government consumption,Real interest rate (R<sub>t</sub>/Π<sub>t</sub>),0.025
28,Government consumption,Real interest rate (R<sub>t</sub>/Π<sub>t</sub>),0.025
29,Government consumption,Real interest rate (R<sub>t</sub>/Π<sub>t</sub>),0.025
30,Government consumption,Real interest rate (R<sub>t</sub>/Π<sub>t</sub>),0.025
31,Government consumption,Real interest rate (R<sub>t</sub>/Π<sub>t</sub>),0.024
32,Government consumption,Real interest rate (R<sub>t</sub>/Π<sub>t</sub>),0.024
33,Government consumption,Real interest rate (R<sub>t</sub>/Π<sub>t</sub>),0.024
34,Government consumption,Real interest rate (R<sub>t</sub>/Π<sub>t</sub>),0.024
35,Government consumption,Real interest rate (R<sub>t</sub>/Π<sub>t</sub>),0.024
36,Government consumption,Real interest rate (R<sub>t</sub>/Π<sub>t</sub>),0.024
37,Government consumption,Real interest rate (R<sub>t</sub>/Π<sub>t</sub>),0.023
38,Government consumption,Real interest rate (R<sub>t</sub>/Π<sub>t</sub>),0.023
39,Government consumption,Real interest rate (R<sub>t</sub>/Π<sub>t</sub>),0.023
40,Government consumption,Real interest rate (R<sub>t</sub>/Π<sub>t</sub>),0.023
41,Government consumption,Real interest rate (R<sub>t</sub>/Π<sub>t</sub>),0.023
42,Government consumption,Real interest rate (R<sub>t</sub>/Π<sub>t</sub>),0.023
43,Government consumption,Real interest rate (R<sub>t</sub>/Π<sub>t</sub>),0.022
44,Government consumption,Real interest rate (R<sub>t</sub>/Π<sub>t</sub>),0.022
45,Government consumption,Real interest rate (R<sub>t</sub>/Π<sub>t</sub>),0.022
46,Government consumption,Real interest rate (R<sub>t</sub>/Π<sub>t</sub>),0.022
47,Government consumption,Real interest rate (R<sub>t</sub>/Π<sub>t</sub>),0.022
48,Government consumption,Real interest rate (R<sub>t</sub>/Π<sub>t</sub>),0.021
49,Government consumption,Real interest rate (R<sub>t</sub>/Π<sub>t</sub>),0.021
50,Government consumption,Real interest rate (R<sub>t</sub>/Π<sub>t</sub>),0.021
51,Government consumption,Real interest rate (R<sub>t</sub>/Π<sub>t</sub>),0.021
52,Government consumption,Real interest rate (R<sub>t</sub>/Π<sub>t</sub>),0.021
53,Government consumption,Real interest rate (R<sub>t</sub>/Π<sub>t</sub>),0.02
54,Government consumption,Real interest rate (R<sub>t</sub>/Π<sub>t</sub>),0.02
55,Government consumption,Real interest rate (R<sub>t</sub>/Π<sub>t</sub>),0.02
56,Government consumption,Real interest rate (R<sub>t</sub>/Π<sub>t</sub>),0.02
57,Government consumption,Real interest rate (R<sub>t</sub>/Π<sub>t</sub>),0.02
58,Government consumption,Real interest rate (R<sub>t</sub>/Π<sub>t</sub>),0.019
59,Government consumption,Real interest rate (R<sub>t</sub>/Π<sub>t</sub>),0.019
60,Government consumption,Real interest rate (R<sub>t</sub>/Π<sub>t</sub>),0.019
61,Government consumption,Real interest rate (R<sub>t</sub>/Π<sub>t</sub>),0.019
62,Government consumption,Real interest rate (R<sub>t</sub>/Π<sub>t</sub>),0.019
63,Government consumption,Real interest rate (R<sub>t</sub>/Π<sub>t</sub>),0.018
64,Government consumption,Real interest rate (R<sub>t</sub>/Π<sub>t</sub>),0.018
65,Government consumption,Real interest rate (R<sub>t</sub>/Π<sub>t</sub>),0.018
66,Government consumption,Real interest rate (R<sub>t</sub>/Π<sub>t</sub>),0.018
67,Government consumption,Real interest rate (R<sub>t</sub>/Π<sub>t</sub>),0.018
68,Government consumption,Real interest rate (R<sub>t</sub>/Π<sub>t</sub>),0.017
69,Government consumption,Real interest rate (R<sub>t</sub>/Π<sub>t</sub>),0.017
70,Government consumption,Real interest rate (R<sub>t</sub>/Π<sub>t</sub>),0.017
71,Government consumption,Real interest rate (R<sub>t</sub>/Π<sub>t</sub>),0.017
72,Government consumption,Real interest rate (R<sub>t</sub>/Π<sub>t</sub>),0.017
73,Government consumption,Real interest rate (R<sub>t</sub>/Π<sub>t</sub>),0.016
74,Government consumption,Real interest rate (R<sub>t</sub>/Π<sub>t</sub>),0.016
75,Government consumption,Real interest rate (R<sub>t</sub>/Π<sub>t</sub>),0.016
76,Government consumption,Real interest rate (R<sub>t</sub>/Π<sub>t</sub>),0.016
77,Government consumption,Real interest rate (R<sub>t</sub>/Π<sub>t</sub>),0.016
78,Government consumption,Real interest rate (R<sub>t</sub>/Π<sub>t</sub>),0.016
79,Government consumption,Real interest rate (R<sub>t</sub>/Π<sub>t</sub>),0.015
80,Government consumption,Real interest rate (R<sub>t</sub>/Π<sub>t</sub>),0.015
81,Government consumption,Real interest rate (R<sub>t</sub>/Π<sub>t</sub>),0.015
82,Government consumption,Real interest rate (R<sub>t</sub>/Π<sub>t</sub>),0.015
83,Government consumption,Real interest rate (R<sub>t</sub>/Π<sub>t</sub>),0.015
84,Government consumption,Real interest rate (R<sub>t</sub>/Π<sub>t</sub>),0.015
85,Government consumption,Real interest rate (R<sub>t</sub>/Π<sub>t</sub>),0.014
86,Government consumption,Real interest rate (R<sub>t</sub>/Π<sub>t</sub>),0.014
87,Government consumption,Real interest rate (R<sub>t</sub>/Π<sub>t</sub>),0.014
88,Government consumption,Real interest rate (R<sub>t</sub>/Π<sub>t</sub>),0.014
89,Government consumption,Real interest rate (R<sub>t</sub>/Π<sub>t</sub>),0.014
90,Government consumption,Real interest rate (R<sub>t</sub>/Π<sub>t</sub>),0.014
91,Government consumption,Real interest rate (R<sub>t</sub>/Π<sub>t</sub>),0.013
92,Government consumption,Real interest rate (R<sub>t</sub>/Π<sub>t</sub>),0.013
93,Government consumption,Real interest rate (R<sub>t</sub>/Π<sub>t</sub>),0.013
94,Government consumption,Real interest rate (R<sub>t</sub>/Π<sub>t</sub>),0.013
95,Government consumption,Real interest rate (R<sub>t</sub>/Π<sub>t</sub>),0.013
96,Government consumption,Real interest rate (R<sub>t</sub>/Π<sub>t</sub>),0.013
97,Government consumption,Real interest rate (R<sub>t</sub>/Π<sub>t</sub>),0.012
98,Government consumption,Real interest rate (R<sub>t</sub>/Π<sub>t</sub>),0.012
99,Government consumption,Real interest rate (R<sub>t</sub>/Π<sub>t</sub>),0.012
100,Government consumption,Real interest rate (R<sub>t</sub>/Π<sub>t</sub>),0.012
1,Infrastructure investment,Real interest rate (R<sub>t</sub>/Π<sub>t</sub>),-0.014
2,Infrastructure investment,Real interest rate (R<sub>t</sub>/Π<sub>t</sub>),0.027
3,Infrastructure investment,Real interest rate (R<sub>t</sub>/Π<sub>t</sub>),0.049
4,Infrastructure investment,Real interest rate (R<sub>t</sub>/Π<sub>t</sub>),0.064
5,Infrastructure investment,Real interest rate (R<sub>t</sub>/Π<sub>t</sub>),0.076
6,Infrastructure investment,Real interest rate (R<sub>t</sub>/Π<sub>t</sub>),0.087
7,Infrastructure investment,Real interest rate (R<sub>t</sub>/Π<sub>t</sub>),0.097
8,Infrastructure investment,Real interest rate (R<sub>t</sub>/Π<sub>t</sub>),0.106
9,Infrastructure investment,Real interest rate (R<sub>t</sub>/Π<sub>t</sub>),0.114
10,Infrastructure investment,Real interest rate (R<sub>t</sub>/Π<sub>t</sub>),0.121
11,Infrastructure investment,Real interest rate (R<sub>t</sub>/Π<sub>t</sub>),0.127
12,Infrastructure investment,Real interest rate (R<sub>t</sub>/Π<sub>t</sub>),0.133
13,Infrastructure investment,Real interest rate (R<sub>t</sub>/Π<sub>t</sub>),0.138
14,Infrastructure investment,Real interest rate (R<sub>t</sub>/Π<sub>t</sub>),0.143
15,Infrastructure investment,Real interest rate (R<sub>t</sub>/Π<sub>t</sub>),0.147
16,Infrastructure investment,Real interest rate (R<sub>t</sub>/Π<sub>t</sub>),0.151
17,Infrastructure investment,Real interest rate (R<sub>t</sub>/Π<sub>t</sub>),0.154
18,Infrastructure investment,Real interest rate (R<sub>t</sub>/Π<sub>t</sub>),0.157
19,Infrastructure investment,Real interest rate (R<sub>t</sub>/Π<sub>t</sub>),0.159
20,Infrastructure investment,Real interest rate (R<sub>t</sub>/Π<sub>t</sub>),0.161
21,Infrastructure investment,Real interest rate (R<sub>t</sub>/Π<sub>t</sub>),0.163
22,Infrastructure investment,Real interest rate (R<sub>t</sub>/Π<sub>t</sub>),0.165
23,Infrastructure investment,Real interest rate (R<sub>t</sub>/Π<sub>t</sub>),0.166
24,Infrastructure investment,Real interest rate (R<sub>t</sub>/Π<sub>t</sub>),0.167
25,Infrastructure investment,Real interest rate (R<sub>t</sub>/Π<sub>t</sub>),0.168
26,Infrastructure investment,Real interest rate (R<sub>t</sub>/Π<sub>t</sub>),0.168
27,Infrastructure investment,Real interest rate (R<sub>t</sub>/Π<sub>t</sub>),0.169
28,Infrastructure investment,Real interest rate (R<sub>t</sub>/Π<sub>t</sub>),0.169
29,Infrastructure investment,Real interest rate (R<sub>t</sub>/Π<sub>t</sub>),0.169
30,Infrastructure investment,Real interest rate (R<sub>t</sub>/Π<sub>t</sub>),0.169
31,Infrastructure investment,Real interest rate (R<sub>t</sub>/Π<sub>t</sub>),0.168
32,Infrastructure investment,Real interest rate (R<sub>t</sub>/Π<sub>t</sub>),0.168
33,Infrastructure investment,Real interest rate (R<sub>t</sub>/Π<sub>t</sub>),0.168
34,Infrastructure investment,Real interest rate (R<sub>t</sub>/Π<sub>t</sub>),0.167
35,Infrastructure investment,Real interest rate (R<sub>t</sub>/Π<sub>t</sub>),0.166
36,Infrastructure investment,Real interest rate (R<sub>t</sub>/Π<sub>t</sub>),0.166
37,Infrastructure investment,Real interest rate (R<sub>t</sub>/Π<sub>t</sub>),0.165
38,Infrastructure investment,Real interest rate (R<sub>t</sub>/Π<sub>t</sub>),0.164
39,Infrastructure investment,Real interest rate (R<sub>t</sub>/Π<sub>t</sub>),0.163
40,Infrastructure investment,Real interest rate (R<sub>t</sub>/Π<sub>t</sub>),0.162
41,Infrastructure investment,Real interest rate (R<sub>t</sub>/Π<sub>t</sub>),0.161
42,Infrastructure investment,Real interest rate (R<sub>t</sub>/Π<sub>t</sub>),0.16
43,Infrastructure investment,Real interest rate (R<sub>t</sub>/Π<sub>t</sub>),0.159
44,Infrastructure investment,Real interest rate (R<sub>t</sub>/Π<sub>t</sub>),0.157
45,Infrastructure investment,Real interest rate (R<sub>t</sub>/Π<sub>t</sub>),0.156
46,Infrastructure investment,Real interest rate (R<sub>t</sub>/Π<sub>t</sub>),0.155
47,Infrastructure investment,Real interest rate (R<sub>t</sub>/Π<sub>t</sub>),0.154
48,Infrastructure investment,Real interest rate (R<sub>t</sub>/Π<sub>t</sub>),0.152
49,Infrastructure investment,Real interest rate (R<sub>t</sub>/Π<sub>t</sub>),0.151
50,Infrastructure investment,Real interest rate (R<sub>t</sub>/Π<sub>t</sub>),0.149
51,Infrastructure investment,Real interest rate (R<sub>t</sub>/Π<sub>t</sub>),0.148
52,Infrastructure investment,Real interest rate (R<sub>t</sub>/Π<sub>t</sub>),0.147
53,Infrastructure investment,Real interest rate (R<sub>t</sub>/Π<sub>t</sub>),0.145
54,Infrastructure investment,Real interest rate (R<sub>t</sub>/Π<sub>t</sub>),0.144
55,Infrastructure investment,Real interest rate (R<sub>t</sub>/Π<sub>t</sub>),0.142
56,Infrastructure investment,Real interest rate (R<sub>t</sub>/Π<sub>t</sub>),0.141
57,Infrastructure investment,Real interest rate (R<sub>t</sub>/Π<sub>t</sub>),0.14
58,Infrastructure investment,Real interest rate (R<sub>t</sub>/Π<sub>t</sub>),0.138
59,Infrastructure investment,Real interest rate (R<sub>t</sub>/Π<sub>t</sub>),0.137
60,Infrastructure investment,Real interest rate (R<sub>t</sub>/Π<sub>t</sub>),0.135
61,Infrastructure investment,Real interest rate (R<sub>t</sub>/Π<sub>t</sub>),0.134
62,Infrastructure investment,Real interest rate (R<sub>t</sub>/Π<sub>t</sub>),0.132
63,Infrastructure investment,Real interest rate (R<sub>t</sub>/Π<sub>t</sub>),0.131
64,Infrastructure investment,Real interest rate (R<sub>t</sub>/Π<sub>t</sub>),0.13
65,Infrastructure investment,Real interest rate (R<sub>t</sub>/Π<sub>t</sub>),0.128
66,Infrastructure investment,Real interest rate (R<sub>t</sub>/Π<sub>t</sub>),0.127
67,Infrastructure investment,Real interest rate (R<sub>t</sub>/Π<sub>t</sub>),0.125
68,Infrastructure investment,Real interest rate (R<sub>t</sub>/Π<sub>t</sub>),0.124
69,Infrastructure investment,Real interest rate (R<sub>t</sub>/Π<sub>t</sub>),0.123
70,Infrastructure investment,Real interest rate (R<sub>t</sub>/Π<sub>t</sub>),0.121
71,Infrastructure investment,Real interest rate (R<sub>t</sub>/Π<sub>t</sub>),0.12
72,Infrastructure investment,Real interest rate (R<sub>t</sub>/Π<sub>t</sub>),0.118
73,Infrastructure investment,Real interest rate (R<sub>t</sub>/Π<sub>t</sub>),0.117
74,Infrastructure investment,Real interest rate (R<sub>t</sub>/Π<sub>t</sub>),0.116
75,Infrastructure investment,Real interest rate (R<sub>t</sub>/Π<sub>t</sub>),0.114
76,Infrastructure investment,Real interest rate (R<sub>t</sub>/Π<sub>t</sub>),0.113
77,Infrastructure investment,Real interest rate (R<sub>t</sub>/Π<sub>t</sub>),0.112
78,Infrastructure investment,Real interest rate (R<sub>t</sub>/Π<sub>t</sub>),0.11
79,Infrastructure investment,Real interest rate (R<sub>t</sub>/Π<sub>t</sub>),0.109
80,Infrastructure investment,Real interest rate (R<sub>t</sub>/Π<sub>t</sub>),0.108
81,Infrastructure investment,Real interest rate (R<sub>t</sub>/Π<sub>t</sub>),0.106
82,Infrastructure investment,Real interest rate (R<sub>t</sub>/Π<sub>t</sub>),0.105
83,Infrastructure investment,Real interest rate (R<sub>t</sub>/Π<sub>t</sub>),0.104
84,Infrastructure investment,Real interest rate (R<sub>t</sub>/Π<sub>t</sub>),0.103
85,Infrastructure investment,Real interest rate (R<sub>t</sub>/Π<sub>t</sub>),0.101
86,Infrastructure investment,Real interest rate (R<sub>t</sub>/Π<sub>t</sub>),0.1
87,Infrastructure investment,Real interest rate (R<sub>t</sub>/Π<sub>t</sub>),0.099
88,Infrastructure investment,Real interest rate (R<sub>t</sub>/Π<sub>t</sub>),0.098
89,Infrastructure investment,Real interest rate (R<sub>t</sub>/Π<sub>t</sub>),0.096
90,Infrastructure investment,Real interest rate (R<sub>t</sub>/Π<sub>t</sub>),0.095
91,Infrastructure investment,Real interest rate (R<sub>t</sub>/Π<sub>t</sub>),0.094
92,Infrastructure investment,Real interest rate (R<sub>t</sub>/Π<sub>t</sub>),0.093
93,Infrastructure investment,Real interest rate (R<sub>t</sub>/Π<sub>t</sub>),0.092
94,Infrastructure investment,Real interest rate (R<sub>t</sub>/Π<sub>t</sub>),0.091
95,Infrastructure investment,Real interest rate (R<sub>t</sub>/Π<sub>t</sub>),0.09
96,Infrastructure investment,Real interest rate (R<sub>t</sub>/Π<sub>t</sub>),0.088
97,Infrastructure investment,Real interest rate (R<sub>t</sub>/Π<sub>t</sub>),0.087
98,Infrastructure investment,Real interest rate (R<sub>t</sub>/Π<sub>t</sub>),0.086
99,Infrastructure investment,Real interest rate (R<sub>t</sub>/Π<sub>t</sub>),0.085
100,Infrastructure investment,Real interest rate (R<sub>t</sub>/Π<sub>t</sub>),0.084
1,Human capital investment,Real interest rate (R<sub>t</sub>/Π<sub>t</sub>),0.019
2,Human capital investment,Real interest rate (R<sub>t</sub>/Π<sub>t</sub>),0.058
3,Human capital investment,Real interest rate (R<sub>t</sub>/Π<sub>t</sub>),0.063
4,Human capital investment,Real interest rate (R<sub>t</sub>/Π<sub>t</sub>),0.059
5,Human capital investment,Real interest rate (R<sub>t</sub>/Π<sub>t</sub>),0.055
6,Human capital investment,Real interest rate (R<sub>t</sub>/Π<sub>t</sub>),0.051
7,Human capital investment,Real interest rate (R<sub>t</sub>/Π<sub>t</sub>),0.049
8,Human capital investment,Real interest rate (R<sub>t</sub>/Π<sub>t</sub>),0.049
9,Human capital investment,Real interest rate (R<sub>t</sub>/Π<sub>t</sub>),0.049
10,Human capital investment,Real interest rate (R<sub>t</sub>/Π<sub>t</sub>),0.051
11,Human capital investment,Real interest rate (R<sub>t</sub>/Π<sub>t</sub>),0.054
12,Human capital investment,Real interest rate (R<sub>t</sub>/Π<sub>t</sub>),0.058
13,Human capital investment,Real interest rate (R<sub>t</sub>/Π<sub>t</sub>),0.063
14,Human capital investment,Real interest rate (R<sub>t</sub>/Π<sub>t</sub>),0.068
15,Human capital investment,Real interest rate (R<sub>t</sub>/Π<sub>t</sub>),0.074
16,Human capital investment,Real interest rate (R<sub>t</sub>/Π<sub>t</sub>),0.08
17,Human capital investment,Real interest rate (R<sub>t</sub>/Π<sub>t</sub>),0.087
18,Human capital investment,Real interest rate (R<sub>t</sub>/Π<sub>t</sub>),0.094
19,Human capital investment,Real interest rate (R<sub>t</sub>/Π<sub>t</sub>),0.101
20,Human capital investment,Real interest rate (R<sub>t</sub>/Π<sub>t</sub>),0.109
21,Human capital investment,Real interest rate (R<sub>t</sub>/Π<sub>t</sub>),0.116
22,Human capital investment,Real interest rate (R<sub>t</sub>/Π<sub>t</sub>),0.124
23,Human capital investment,Real interest rate (R<sub>t</sub>/Π<sub>t</sub>),0.132
24,Human capital investment,Real interest rate (R<sub>t</sub>/Π<sub>t</sub>),0.14
25,Human capital investment,Real interest rate (R<sub>t</sub>/Π<sub>t</sub>),0.148
26,Human capital investment,Real interest rate (R<sub>t</sub>/Π<sub>t</sub>),0.157
27,Human capital investment,Real interest rate (R<sub>t</sub>/Π<sub>t</sub>),0.165
28,Human capital investment,Real interest rate (R<sub>t</sub>/Π<sub>t</sub>),0.173
29,Human capital investment,Real interest rate (R<sub>t</sub>/Π<sub>t</sub>),0.18
30,Human capital investment,Real interest rate (R<sub>t</sub>/Π<sub>t</sub>),0.188
31,Human capital investment,Real interest rate (R<sub>t</sub>/Π<sub>t</sub>),0.196
32,Human capital investment,Real interest rate (R<sub>t</sub>/Π<sub>t</sub>),0.203
33,Human capital investment,Real interest rate (R<sub>t</sub>/Π<sub>t</sub>),0.211
34,Human capital investment,Real interest rate (R<sub>t</sub>/Π<sub>t</sub>),0.218
35,Human capital investment,Real interest rate (R<sub>t</sub>/Π<sub>t</sub>),0.225
36,Human capital investment,Real interest rate (R<sub>t</sub>/Π<sub>t</sub>),0.232
37,Human capital investment,Real interest rate (R<sub>t</sub>/Π<sub>t</sub>),0.239
38,Human capital investment,Real interest rate (R<sub>t</sub>/Π<sub>t</sub>),0.245
39,Human capital investment,Real interest rate (R<sub>t</sub>/Π<sub>t</sub>),0.252
40,Human capital investment,Real interest rate (R<sub>t</sub>/Π<sub>t</sub>),0.258
41,Human capital investment,Real interest rate (R<sub>t</sub>/Π<sub>t</sub>),0.264
42,Human capital investment,Real interest rate (R<sub>t</sub>/Π<sub>t</sub>),0.269
43,Human capital investment,Real interest rate (R<sub>t</sub>/Π<sub>t</sub>),0.275
44,Human capital investment,Real interest rate (R<sub>t</sub>/Π<sub>t</sub>),0.28
45,Human capital investment,Real interest rate (R<sub>t</sub>/Π<sub>t</sub>),0.285
46,Human capital investment,Real interest rate (R<sub>t</sub>/Π<sub>t</sub>),0.29
47,Human capital investment,Real interest rate (R<sub>t</sub>/Π<sub>t</sub>),0.295
48,Human capital investment,Real interest rate (R<sub>t</sub>/Π<sub>t</sub>),0.299
49,Human capital investment,Real interest rate (R<sub>t</sub>/Π<sub>t</sub>),0.304
50,Human capital investment,Real interest rate (R<sub>t</sub>/Π<sub>t</sub>),0.308
51,Human capital investment,Real interest rate (R<sub>t</sub>/Π<sub>t</sub>),0.312
52,Human capital investment,Real interest rate (R<sub>t</sub>/Π<sub>t</sub>),0.315
53,Human capital investment,Real interest rate (R<sub>t</sub>/Π<sub>t</sub>),0.319
54,Human capital investment,Real interest rate (R<sub>t</sub>/Π<sub>t</sub>),0.322
55,Human capital investment,Real interest rate (R<sub>t</sub>/Π<sub>t</sub>),0.325
56,Human capital investment,Real interest rate (R<sub>t</sub>/Π<sub>t</sub>),0.328
57,Human capital investment,Real interest rate (R<sub>t</sub>/Π<sub>t</sub>),0.331
58,Human capital investment,Real interest rate (R<sub>t</sub>/Π<sub>t</sub>),0.333
59,Human capital investment,Real interest rate (R<sub>t</sub>/Π<sub>t</sub>),0.336
60,Human capital investment,Real interest rate (R<sub>t</sub>/Π<sub>t</sub>),0.338
61,Human capital investment,Real interest rate (R<sub>t</sub>/Π<sub>t</sub>),0.34
62,Human capital investment,Real interest rate (R<sub>t</sub>/Π<sub>t</sub>),0.342
63,Human capital investment,Real interest rate (R<sub>t</sub>/Π<sub>t</sub>),0.344
64,Human capital investment,Real interest rate (R<sub>t</sub>/Π<sub>t</sub>),0.345
65,Human capital investment,Real interest rate (R<sub>t</sub>/Π<sub>t</sub>),0.347
66,Human capital investment,Real interest rate (R<sub>t</sub>/Π<sub>t</sub>),0.348
67,Human capital investment,Real interest rate (R<sub>t</sub>/Π<sub>t</sub>),0.349
68,Human capital investment,Real interest rate (R<sub>t</sub>/Π<sub>t</sub>),0.35
69,Human capital investment,Real interest rate (R<sub>t</sub>/Π<sub>t</sub>),0.351
70,Human capital investment,Real interest rate (R<sub>t</sub>/Π<sub>t</sub>),0.351
71,Human capital investment,Real interest rate (R<sub>t</sub>/Π<sub>t</sub>),0.352
72,Human capital investment,Real interest rate (R<sub>t</sub>/Π<sub>t</sub>),0.352
73,Human capital investment,Real interest rate (R<sub>t</sub>/Π<sub>t</sub>),0.353
74,Human capital investment,Real interest rate (R<sub>t</sub>/Π<sub>t</sub>),0.353
75,Human capital investment,Real interest rate (R<sub>t</sub>/Π<sub>t</sub>),0.353
76,Human capital investment,Real interest rate (R<sub>t</sub>/Π<sub>t</sub>),0.353
77,Human capital investment,Real interest rate (R<sub>t</sub>/Π<sub>t</sub>),0.353
78,Human capital investment,Real interest rate (R<sub>t</sub>/Π<sub>t</sub>),0.353
79,Human capital investment,Real interest rate (R<sub>t</sub>/Π<sub>t</sub>),0.352
80,Human capital investment,Real interest rate (R<sub>t</sub>/Π<sub>t</sub>),0.352
81,Human capital investment,Real interest rate (R<sub>t</sub>/Π<sub>t</sub>),0.351
82,Human capital investment,Real interest rate (R<sub>t</sub>/Π<sub>t</sub>),0.351
83,Human capital investment,Real interest rate (R<sub>t</sub>/Π<sub>t</sub>),0.35
84,Human capital investment,Real interest rate (R<sub>t</sub>/Π<sub>t</sub>),0.349
85,Human capital investment,Real interest rate (R<sub>t</sub>/Π<sub>t</sub>),0.348
86,Human capital investment,Real interest rate (R<sub>t</sub>/Π<sub>t</sub>),0.347
87,Human capital investment,Real interest rate (R<sub>t</sub>/Π<sub>t</sub>),0.346
88,Human capital investment,Real interest rate (R<sub>t</sub>/Π<sub>t</sub>),0.345
89,Human capital investment,Real interest rate (R<sub>t</sub>/Π<sub>t</sub>),0.344
90,Human capital investment,Real interest rate (R<sub>t</sub>/Π<sub>t</sub>),0.343
91,Human capital investment,Real interest rate (R<sub>t</sub>/Π<sub>t</sub>),0.341
92,Human capital investment,Real interest rate (R<sub>t</sub>/Π<sub>t</sub>),0.34
93,Human capital investment,Real interest rate (R<sub>t</sub>/Π<sub>t</sub>),0.338
94,Human capital investment,Real interest rate (R<sub>t</sub>/Π<sub>t</sub>),0.337
95,Human capital investment,Real interest rate (R<sub>t</sub>/Π<sub>t</sub>),0.335
96,Human capital investment,Real interest rate (R<sub>t</sub>/Π<sub>t</sub>),0.334
97,Human capital investment,Real interest rate (R<sub>t</sub>/Π<sub>t</sub>),0.332
98,Human capital investment,Real interest rate (R<sub>t</sub>/Π<sub>t</sub>),0.33
99,Human capital investment,Real interest rate (R<sub>t</sub>/Π<sub>t</sub>),0.328
100,Human capital investment,Real interest rate (R<sub>t</sub>/Π<sub>t</sub>),0.327
1,R&D spending,Real interest rate (R<sub>t</sub>/Π<sub>t</sub>),-0.02
2,R&D spending,Real interest rate (R<sub>t</sub>/Π<sub>t</sub>),0.001
3,R&D spending,Real interest rate (R<sub>t</sub>/Π<sub>t</sub>),0.008
4,R&D spending,Real interest rate (R<sub>t</sub>/Π<sub>t</sub>),0.016
5,R&D spending,Real interest rate (R<sub>t</sub>/Π<sub>t</sub>),0.027
6,R&D spending,Real interest rate (R<sub>t</sub>/Π<sub>t</sub>),0.04
7,R&D spending,Real interest rate (R<sub>t</sub>/Π<sub>t</sub>),0.056
8,R&D spending,Real interest rate (R<sub>t</sub>/Π<sub>t</sub>),0.072
9,R&D spending,Real interest rate (R<sub>t</sub>/Π<sub>t</sub>),0.089
10,R&D spending,Real interest rate (R<sub>t</sub>/Π<sub>t</sub>),0.107
11,R&D spending,Real interest rate (R<sub>t</sub>/Π<sub>t</sub>),0.124
12,R&D spending,Real interest rate (R<sub>t</sub>/Π<sub>t</sub>),0.14
13,R&D spending,Real interest rate (R<sub>t</sub>/Π<sub>t</sub>),0.156
14,R&D spending,Real interest rate (R<sub>t</sub>/Π<sub>t</sub>),0.172
15,R&D spending,Real interest rate (R<sub>t</sub>/Π<sub>t</sub>),0.186
16,R&D spending,Real interest rate (R<sub>t</sub>/Π<sub>t</sub>),0.199
17,R&D spending,Real interest rate (R<sub>t</sub>/Π<sub>t</sub>),0.211
18,R&D spending,Real interest rate (R<sub>t</sub>/Π<sub>t</sub>),0.223
19,R&D spending,Real interest rate (R<sub>t</sub>/Π<sub>t</sub>),0.233
20,R&D spending,Real interest rate (R<sub>t</sub>/Π<sub>t</sub>),0.242
21,R&D spending,Real interest rate (R<sub>t</sub>/Π<sub>t</sub>),0.251
22,R&D spending,Real interest rate (R<sub>t</sub>/Π<sub>t</sub>),0.258
23,R&D spending,Real interest rate (R<sub>t</sub>/Π<sub>t</sub>),0.265
24,R&D spending,Real interest rate (R<sub>t</sub>/Π<sub>t</sub>),0.271
25,R&D spending,Real interest rate (R<sub>t</sub>/Π<sub>t</sub>),0.277
26,R&D spending,Real interest rate (R<sub>t</sub>/Π<sub>t</sub>),0.281
27,R&D spending,Real interest rate (R<sub>t</sub>/Π<sub>t</sub>),0.285
28,R&D spending,Real interest rate (R<sub>t</sub>/Π<sub>t</sub>),0.289
29,R&D spending,Real interest rate (R<sub>t</sub>/Π<sub>t</sub>),0.292
30,R&D spending,Real interest rate (R<sub>t</sub>/Π<sub>t</sub>),0.294
31,R&D spending,Real interest rate (R<sub>t</sub>/Π<sub>t</sub>),0.296
32,R&D spending,Real interest rate (R<sub>t</sub>/Π<sub>t</sub>),0.297
33,R&D spending,Real interest rate (R<sub>t</sub>/Π<sub>t</sub>),0.298
34,R&D spending,Real interest rate (R<sub>t</sub>/Π<sub>t</sub>),0.299
35,R&D spending,Real interest rate (R<sub>t</sub>/Π<sub>t</sub>),0.299
36,R&D spending,Real interest rate (R<sub>t</sub>/Π<sub>t</sub>),0.299
37,R&D spending,Real interest rate (R<sub>t</sub>/Π<sub>t</sub>),0.299
38,R&D spending,Real interest rate (R<sub>t</sub>/Π<sub>t</sub>),0.298
39,R&D spending,Real interest rate (R<sub>t</sub>/Π<sub>t</sub>),0.297
40,R&D spending,Real interest rate (R<sub>t</sub>/Π<sub>t</sub>),0.296
41,R&D spending,Real interest rate (R<sub>t</sub>/Π<sub>t</sub>),0.295
42,R&D spending,Real interest rate (R<sub>t</sub>/Π<sub>t</sub>),0.294
43,R&D spending,Real interest rate (R<sub>t</sub>/Π<sub>t</sub>),0.292
44,R&D spending,Real interest rate (R<sub>t</sub>/Π<sub>t</sub>),0.29
45,R&D spending,Real interest rate (R<sub>t</sub>/Π<sub>t</sub>),0.288
46,R&D spending,Real interest rate (R<sub>t</sub>/Π<sub>t</sub>),0.286
47,R&D spending,Real interest rate (R<sub>t</sub>/Π<sub>t</sub>),0.284
48,R&D spending,Real interest rate (R<sub>t</sub>/Π<sub>t</sub>),0.282
49,R&D spending,Real interest rate (R<sub>t</sub>/Π<sub>t</sub>),0.279
50,R&D spending,Real interest rate (R<sub>t</sub>/Π<sub>t</sub>),0.277
51,R&D spending,Real interest rate (R<sub>t</sub>/Π<sub>t</sub>),0.274
52,R&D spending,Real interest rate (R<sub>t</sub>/Π<sub>t</sub>),0.272
53,R&D spending,Real interest rate (R<sub>t</sub>/Π<sub>t</sub>),0.269
54,R&D spending,Real interest rate (R<sub>t</sub>/Π<sub>t</sub>),0.266
55,R&D spending,Real interest rate (R<sub>t</sub>/Π<sub>t</sub>),0.263
56,R&D spending,Real interest rate (R<sub>t</sub>/Π<sub>t</sub>),0.261
57,R&D spending,Real interest rate (R<sub>t</sub>/Π<sub>t</sub>),0.258
58,R&D spending,Real interest rate (R<sub>t</sub>/Π<sub>t</sub>),0.255
59,R&D spending,Real interest rate (R<sub>t</sub>/Π<sub>t</sub>),0.252
60,R&D spending,Real interest rate (R<sub>t</sub>/Π<sub>t</sub>),0.249
61,R&D spending,Real interest rate (R<sub>t</sub>/Π<sub>t</sub>),0.246
62,R&D spending,Real interest rate (R<sub>t</sub>/Π<sub>t</sub>),0.243
63,R&D spending,Real interest rate (R<sub>t</sub>/Π<sub>t</sub>),0.24
64,R&D spending,Real interest rate (R<sub>t</sub>/Π<sub>t</sub>),0.238
65,R&D spending,Real interest rate (R<sub>t</sub>/Π<sub>t</sub>),0.235
66,R&D spending,Real interest rate (R<sub>t</sub>/Π<sub>t</sub>),0.232
67,R&D spending,Real interest rate (R<sub>t</sub>/Π<sub>t</sub>),0.229
68,R&D spending,Real interest rate (R<sub>t</sub>/Π<sub>t</sub>),0.226
69,R&D spending,Real interest rate (R<sub>t</sub>/Π<sub>t</sub>),0.223
70,R&D spending,Real interest rate (R<sub>t</sub>/Π<sub>t</sub>),0.22
71,R&D spending,Real interest rate (R<sub>t</sub>/Π<sub>t</sub>),0.217
72,R&D spending,Real interest rate (R<sub>t</sub>/Π<sub>t</sub>),0.215
73,R&D spending,Real interest rate (R<sub>t</sub>/Π<sub>t</sub>),0.212
74,R&D spending,Real interest rate (R<sub>t</sub>/Π<sub>t</sub>),0.209
75,R&D spending,Real interest rate (R<sub>t</sub>/Π<sub>t</sub>),0.206
76,R&D spending,Real interest rate (R<sub>t</sub>/Π<sub>t</sub>),0.203
77,R&D spending,Real interest rate (R<sub>t</sub>/Π<sub>t</sub>),0.201
78,R&D spending,Real interest rate (R<sub>t</sub>/Π<sub>t</sub>),0.198
79,R&D spending,Real interest rate (R<sub>t</sub>/Π<sub>t</sub>),0.195
80,R&D spending,Real interest rate (R<sub>t</sub>/Π<sub>t</sub>),0.193
81,R&D spending,Real interest rate (R<sub>t</sub>/Π<sub>t</sub>),0.19
82,R&D spending,Real interest rate (R<sub>t</sub>/Π<sub>t</sub>),0.188
83,R&D spending,Real interest rate (R<sub>t</sub>/Π<sub>t</sub>),0.185
84,R&D spending,Real interest rate (R<sub>t</sub>/Π<sub>t</sub>),0.182
85,R&D spending,Real interest rate (R<sub>t</sub>/Π<sub>t</sub>),0.18
86,R&D spending,Real interest rate (R<sub>t</sub>/Π<sub>t</sub>),0.177
87,R&D spending,Real interest rate (R<sub>t</sub>/Π<sub>t</sub>),0.175
88,R&D spending,Real interest rate (R<sub>t</sub>/Π<sub>t</sub>),0.173
89,R&D spending,Real interest rate (R<sub>t</sub>/Π<sub>t</sub>),0.17
90,R&D spending,Real interest rate (R<sub>t</sub>/Π<sub>t</sub>),0.168
91,R&D spending,Real interest rate (R<sub>t</sub>/Π<sub>t</sub>),0.165
92,R&D spending,Real interest rate (R<sub>t</sub>/Π<sub>t</sub>),0.163
93,R&D spending,Real interest rate (R<sub>t</sub>/Π<sub>t</sub>),0.161
94,R&D spending,Real interest rate (R<sub>t</sub>/Π<sub>t</sub>),0.158
95,R&D spending,Real interest rate (R<sub>t</sub>/Π<sub>t</sub>),0.156
96,R&D spending,Real interest rate (R<sub>t</sub>/Π<sub>t</sub>),0.154
97,R&D spending,Real interest rate (R<sub>t</sub>/Π<sub>t</sub>),0.152
98,R&D spending,Real interest rate (R<sub>t</sub>/Π<sub>t</sub>),0.15
99,R&D spending,Real interest rate (R<sub>t</sub>/Π<sub>t</sub>),0.148
100,R&D spending,Real interest rate (R<sub>t</sub>/Π<sub>t</sub>),0.145
1,Government consumption,Primary deficit-to-GDP ratio,1.007
2,Government consumption,Primary deficit-to-GDP ratio,1.092
3,Government consumption,Primary deficit-to-GDP ratio,1.086
4,Government consumption,Primary deficit-to-GDP ratio,1.083
5,Government consumption,Primary deficit-to-GDP ratio,1.082
6,Government consumption,Primary deficit-to-GDP ratio,1.08
7,Government consumption,Primary deficit-to-GDP ratio,1.079
8,Government consumption,Primary deficit-to-GDP ratio,1.077
9,Government consumption,Primary deficit-to-GDP ratio,1.076
10,Government consumption,Primary deficit-to-GDP ratio,1.074
11,Government consumption,Primary deficit-to-GDP ratio,1.073
12,Government consumption,Primary deficit-to-GDP ratio,1.072
13,Government consumption,Primary deficit-to-GDP ratio,1.07
14,Government consumption,Primary deficit-to-GDP ratio,1.069
15,Government consumption,Primary deficit-to-GDP ratio,1.068
16,Government consumption,Primary deficit-to-GDP ratio,1.066
17,Government consumption,Primary deficit-to-GDP ratio,1.065
18,Government consumption,Primary deficit-to-GDP ratio,1.064
19,Government consumption,Primary deficit-to-GDP ratio,1.063
20,Government consumption,Primary deficit-to-GDP ratio,1.061
21,Government consumption,Primary deficit-to-GDP ratio,1.06
22,Government consumption,Primary deficit-to-GDP ratio,1.059
23,Government consumption,Primary deficit-to-GDP ratio,1.058
24,Government consumption,Primary deficit-to-GDP ratio,1.056
25,Government consumption,Primary deficit-to-GDP ratio,1.055
26,Government consumption,Primary deficit-to-GDP ratio,1.054
27,Government consumption,Primary deficit-to-GDP ratio,1.053
28,Government consumption,Primary deficit-to-GDP ratio,1.052
29,Government consumption,Primary deficit-to-GDP ratio,1.05
30,Government consumption,Primary deficit-to-GDP ratio,1.049
31,Government consumption,Primary deficit-to-GDP ratio,1.048
32,Government consumption,Primary deficit-to-GDP ratio,1.047
33,Government consumption,Primary deficit-to-GDP ratio,1.046
34,Government consumption,Primary deficit-to-GDP ratio,1.045
35,Government consumption,Primary deficit-to-GDP ratio,1.043
36,Government consumption,Primary deficit-to-GDP ratio,1.042
37,Government consumption,Primary deficit-to-GDP ratio,1.041
38,Government consumption,Primary deficit-to-GDP ratio,1.04
39,Government consumption,Primary deficit-to-GDP ratio,1.039
40,Government consumption,Primary deficit-to-GDP ratio,1.038
41,Government consumption,Primary deficit-to-GDP ratio,1.037
42,Government consumption,Primary deficit-to-GDP ratio,1.036
43,Government consumption,Primary deficit-to-GDP ratio,1.035
44,Government consumption,Primary deficit-to-GDP ratio,1.034
45,Government consumption,Primary deficit-to-GDP ratio,1.033
46,Government consumption,Primary deficit-to-GDP ratio,1.032
47,Government consumption,Primary deficit-to-GDP ratio,1.031
48,Government consumption,Primary deficit-to-GDP ratio,1.03
49,Government consumption,Primary deficit-to-GDP ratio,1.029
50,Government consumption,Primary deficit-to-GDP ratio,1.028
51,Government consumption,Primary deficit-to-GDP ratio,1.027
52,Government consumption,Primary deficit-to-GDP ratio,1.026
53,Government consumption,Primary deficit-to-GDP ratio,1.025
54,Government consumption,Primary deficit-to-GDP ratio,1.024
55,Government consumption,Primary deficit-to-GDP ratio,1.023
56,Government consumption,Primary deficit-to-GDP ratio,1.022
57,Government consumption,Primary deficit-to-GDP ratio,1.021
58,Government consumption,Primary deficit-to-GDP ratio,1.02
59,Government consumption,Primary deficit-to-GDP ratio,1.02
60,Government consumption,Primary deficit-to-GDP ratio,1.019
61,Government consumption,Primary deficit-to-GDP ratio,1.018
62,Government consumption,Primary deficit-to-GDP ratio,1.017
63,Government consumption,Primary deficit-to-GDP ratio,1.016
64,Government consumption,Primary deficit-to-GDP ratio,1.015
65,Government consumption,Primary deficit-to-GDP ratio,1.015
66,Government consumption,Primary deficit-to-GDP ratio,1.014
67,Government consumption,Primary deficit-to-GDP ratio,1.013
68,Government consumption,Primary deficit-to-GDP ratio,1.012
69,Government consumption,Primary deficit-to-GDP ratio,1.011
70,Government consumption,Primary deficit-to-GDP ratio,1.011
71,Government consumption,Primary deficit-to-GDP ratio,1.01
72,Government consumption,Primary deficit-to-GDP ratio,1.009
73,Government consumption,Primary deficit-to-GDP ratio,1.008
74,Government consumption,Primary deficit-to-GDP ratio,1.008
75,Government consumption,Primary deficit-to-GDP ratio,1.007
76,Government consumption,Primary deficit-to-GDP ratio,1.006
77,Government consumption,Primary deficit-to-GDP ratio,1.005
78,Government consumption,Primary deficit-to-GDP ratio,1.005
79,Government consumption,Primary deficit-to-GDP ratio,1.004
80,Government consumption,Primary deficit-to-GDP ratio,1.003
81,Government consumption,Primary deficit-to-GDP ratio,1.003
82,Government consumption,Primary deficit-to-GDP ratio,1.002
83,Government consumption,Primary deficit-to-GDP ratio,1.001
84,Government consumption,Primary deficit-to-GDP ratio,1.001
85,Government consumption,Primary deficit-to-GDP ratio,1.0
86,Government consumption,Primary deficit-to-GDP ratio,0.999
87,Government consumption,Primary deficit-to-GDP ratio,0.999
88,Government consumption,Primary deficit-to-GDP ratio,0.998
89,Government consumption,Primary deficit-to-GDP ratio,0.998
90,Government consumption,Primary deficit-to-GDP ratio,0.997
91,Government consumption,Primary deficit-to-GDP ratio,0.996
92,Government consumption,Primary deficit-to-GDP ratio,0.996
93,Government consumption,Primary deficit-to-GDP ratio,0.995
94,Government consumption,Primary deficit-to-GDP ratio,0.995
95,Government consumption,Primary deficit-to-GDP ratio,0.994
96,Government consumption,Primary deficit-to-GDP ratio,0.993
97,Government consumption,Primary deficit-to-GDP ratio,0.993
98,Government consumption,Primary deficit-to-GDP ratio,0.992
99,Government consumption,Primary deficit-to-GDP ratio,0.992
100,Government consumption,Primary deficit-to-GDP ratio,0.991
1,Infrastructure investment,Primary deficit-to-GDP ratio,0.823
2,Infrastructure investment,Primary deficit-to-GDP ratio,1.06
3,Infrastructure investment,Primary deficit-to-GDP ratio,1.041
4,Infrastructure investment,Primary deficit-to-GDP ratio,1.028
5,Infrastructure investment,Primary deficit-to-GDP ratio,1.017
6,Infrastructure investment,Primary deficit-to-GDP ratio,1.006
7,Infrastructure investment,Primary deficit-to-GDP ratio,0.995
8,Infrastructure investment,Primary deficit-to-GDP ratio,0.984
9,Infrastructure investment,Primary deficit-to-GDP ratio,0.973
10,Infrastructure investment,Primary deficit-to-GDP ratio,0.963
11,Infrastructure investment,Primary deficit-to-GDP ratio,0.952
12,Infrastructure investment,Primary deficit-to-GDP ratio,0.942
13,Infrastructure investment,Primary deficit-to-GDP ratio,0.932
14,Infrastructure investment,Primary deficit-to-GDP ratio,0.921
15,Infrastructure investment,Primary deficit-to-GDP ratio,0.911
16,Infrastructure investment,Primary deficit-to-GDP ratio,0.901
17,Infrastructure investment,Primary deficit-to-GDP ratio,0.891
18,Infrastructure investment,Primary deficit-to-GDP ratio,0.881
19,Infrastructure investment,Primary deficit-to-GDP ratio,0.871
20,Infrastructure investment,Primary deficit-to-GDP ratio,0.861
21,Infrastructure investment,Primary deficit-to-GDP ratio,0.851
22,Infrastructure investment,Primary deficit-to-GDP ratio,0.842
23,Infrastructure investment,Primary deficit-to-GDP ratio,0.832
24,Infrastructure investment,Primary deficit-to-GDP ratio,0.822
25,Infrastructure investment,Primary deficit-to-GDP ratio,0.813
26,Infrastructure investment,Primary deficit-to-GDP ratio,0.804
27,Infrastructure investment,Primary deficit-to-GDP ratio,0.794
28,Infrastructure investment,Primary deficit-to-GDP ratio,0.785
29,Infrastructure investment,Primary deficit-to-GDP ratio,0.776
30,Infrastructure investment,Primary deficit-to-GDP ratio,0.767
31,Infrastructure investment,Primary deficit-to-GDP ratio,0.758
32,Infrastructure investment,Primary deficit-to-GDP ratio,0.749
33,Infrastructure investment,Primary deficit-to-GDP ratio,0.741
34,Infrastructure investment,Primary deficit-to-GDP ratio,0.732
35,Infrastructure investment,Primary deficit-to-GDP ratio,0.724
36,Infrastructure investment,Primary deficit-to-GDP ratio,0.715
37,Infrastructure investment,Primary deficit-to-GDP ratio,0.707
38,Infrastructure investment,Primary deficit-to-GDP ratio,0.698
39,Infrastructure investment,Primary deficit-to-GDP ratio,0.69
40,Infrastructure investment,Primary deficit-to-GDP ratio,0.682
41,Infrastructure investment,Primary deficit-to-GDP ratio,0.674
42,Infrastructure investment,Primary deficit-to-GDP ratio,0.666
43,Infrastructure investment,Primary deficit-to-GDP ratio,0.658
44,Infrastructure investment,Primary deficit-to-GDP ratio,0.651
45,Infrastructure investment,Primary deficit-to-GDP ratio,0.643
46,Infrastructure investment,Primary deficit-to-GDP ratio,0.635
47,Infrastructure investment,Primary deficit-to-GDP ratio,0.628
48,Infrastructure investment,Primary deficit-to-GDP ratio,0.62
49,Infrastructure investment,Primary deficit-to-GDP ratio,0.613
50,Infrastructure investment,Primary deficit-to-GDP ratio,0.606
51,Infrastructure investment,Primary deficit-to-GDP ratio,0.599
52,Infrastructure investment,Primary deficit-to-GDP ratio,0.591
53,Infrastructure investment,Primary deficit-to-GDP ratio,0.584
54,Infrastructure investment,Primary deficit-to-GDP ratio,0.578
55,Infrastructure investment,Primary deficit-to-GDP ratio,0.571
56,Infrastructure investment,Primary deficit-to-GDP ratio,0.564
57,Infrastructure investment,Primary deficit-to-GDP ratio,0.557
58,Infrastructure investment,Primary deficit-to-GDP ratio,0.551
59,Infrastructure investment,Primary deficit-to-GDP ratio,0.544
60,Infrastructure investment,Primary deficit-to-GDP ratio,0.538
61,Infrastructure investment,Primary deficit-to-GDP ratio,0.531
62,Infrastructure investment,Primary deficit-to-GDP ratio,0.525
63,Infrastructure investment,Primary deficit-to-GDP ratio,0.519
64,Infrastructure investment,Primary deficit-to-GDP ratio,0.513
65,Infrastructure investment,Primary deficit-to-GDP ratio,0.507
66,Infrastructure investment,Primary deficit-to-GDP ratio,0.501
67,Infrastructure investment,Primary deficit-to-GDP ratio,0.495
68,Infrastructure investment,Primary deficit-to-GDP ratio,0.489
69,Infrastructure investment,Primary deficit-to-GDP ratio,0.483
70,Infrastructure investment,Primary deficit-to-GDP ratio,0.477
71,Infrastructure investment,Primary deficit-to-GDP ratio,0.472
72,Infrastructure investment,Primary deficit-to-GDP ratio,0.466
73,Infrastructure investment,Primary deficit-to-GDP ratio,0.46
74,Infrastructure investment,Primary deficit-to-GDP ratio,0.455
75,Infrastructure investment,Primary deficit-to-GDP ratio,0.45
76,Infrastructure investment,Primary deficit-to-GDP ratio,0.444
77,Infrastructure investment,Primary deficit-to-GDP ratio,0.439
78,Infrastructure investment,Primary deficit-to-GDP ratio,0.434
79,Infrastructure investment,Primary deficit-to-GDP ratio,0.429
80,Infrastructure investment,Primary deficit-to-GDP ratio,0.424
81,Infrastructure investment,Primary deficit-to-GDP ratio,0.419
82,Infrastructure investment,Primary deficit-to-GDP ratio,0.414
83,Infrastructure investment,Primary deficit-to-GDP ratio,0.409
84,Infrastructure investment,Primary deficit-to-GDP ratio,0.404
85,Infrastructure investment,Primary deficit-to-GDP ratio,0.399
86,Infrastructure investment,Primary deficit-to-GDP ratio,0.395
87,Infrastructure investment,Primary deficit-to-GDP ratio,0.39
88,Infrastructure investment,Primary deficit-to-GDP ratio,0.385
89,Infrastructure investment,Primary deficit-to-GDP ratio,0.381
90,Infrastructure investment,Primary deficit-to-GDP ratio,0.376
91,Infrastructure investment,Primary deficit-to-GDP ratio,0.372
92,Infrastructure investment,Primary deficit-to-GDP ratio,0.368
93,Infrastructure investment,Primary deficit-to-GDP ratio,0.363
94,Infrastructure investment,Primary deficit-to-GDP ratio,0.359
95,Infrastructure investment,Primary deficit-to-GDP ratio,0.355
96,Infrastructure investment,Primary deficit-to-GDP ratio,0.351
97,Infrastructure investment,Primary deficit-to-GDP ratio,0.347
98,Infrastructure investment,Primary deficit-to-GDP ratio,0.343
99,Infrastructure investment,Primary deficit-to-GDP ratio,0.339
100,Infrastructure investment,Primary deficit-to-GDP ratio,0.335
1,Human capital investment,Primary deficit-to-GDP ratio,0.669
2,Human capital investment,Primary deficit-to-GDP ratio,0.942
3,Human capital investment,Primary deficit-to-GDP ratio,0.941
4,Human capital investment,Primary deficit-to-GDP ratio,0.95
5,Human capital investment,Primary deficit-to-GDP ratio,0.961
6,Human capital investment,Primary deficit-to-GDP ratio,0.971
7,Human capital investment,Primary deficit-to-GDP ratio,0.98
8,Human capital investment,Primary deficit-to-GDP ratio,0.988
9,Human capital investment,Primary deficit-to-GDP ratio,0.995
10,Human capital investment,Primary deficit-to-GDP ratio,1.0
11,Human capital investment,Primary deficit-to-GDP ratio,1.005
12,Human capital investment,Primary deficit-to-GDP ratio,1.009
13,Human capital investment,Primary deficit-to-GDP ratio,1.012
14,Human capital investment,Primary deficit-to-GDP ratio,1.013
15,Human capital investment,Primary deficit-to-GDP ratio,1.014
16,Human capital investment,Primary deficit-to-GDP ratio,1.014
17,Human capital investment,Primary deficit-to-GDP ratio,1.013
18,Human capital investment,Primary deficit-to-GDP ratio,1.012
19,Human capital investment,Primary deficit-to-GDP ratio,1.009
20,Human capital investment,Primary deficit-to-GDP ratio,1.006
21,Human capital investment,Primary deficit-to-GDP ratio,1.002
22,Human capital investment,Primary deficit-to-GDP ratio,0.997
23,Human capital investment,Primary deficit-to-GDP ratio,0.992
24,Human capital investment,Primary deficit-to-GDP ratio,0.986
25,Human capital investment,Primary deficit-to-GDP ratio,0.979
26,Human capital investment,Primary deficit-to-GDP ratio,0.972
27,Human capital investment,Primary deficit-to-GDP ratio,0.965
28,Human capital investment,Primary deficit-to-GDP ratio,0.956
29,Human capital investment,Primary deficit-to-GDP ratio,0.947
30,Human capital investment,Primary deficit-to-GDP ratio,0.938
31,Human capital investment,Primary deficit-to-GDP ratio,0.928
32,Human capital investment,Primary deficit-to-GDP ratio,0.918
33,Human capital investment,Primary deficit-to-GDP ratio,0.907
34,Human capital investment,Primary deficit-to-GDP ratio,0.896
35,Human capital investment,Primary deficit-to-GDP ratio,0.884
36,Human capital investment,Primary deficit-to-GDP ratio,0.872
37,Human capital investment,Primary deficit-to-GDP ratio,0.86
38,Human capital investment,Primary deficit-to-GDP ratio,0.847
39,Human capital investment,Primary deficit-to-GDP ratio,0.834
40,Human capital investment,Primary deficit-to-GDP ratio,0.821
41,Human capital investment,Primary deficit-to-GDP ratio,0.807
42,Human capital investment,Primary deficit-to-GDP ratio,0.793
43,Human capital investment,Primary deficit-to-GDP ratio,0.779
44,Human capital investment,Primary deficit-to-GDP ratio,0.764
45,Human capital investment,Primary deficit-to-GDP ratio,0.749
46,Human capital investment,Primary deficit-to-GDP ratio,0.734
47,Human capital investment,Primary deficit-to-GDP ratio,0.719
48,Human capital investment,Primary deficit-to-GDP ratio,0.704
49,Human capital investment,Primary deficit-to-GDP ratio,0.688
50,Human capital investment,Primary deficit-to-GDP ratio,0.672
51,Human capital investment,Primary deficit-to-GDP ratio,0.656
52,Human capital investment,Primary deficit-to-GDP ratio,0.64
53,Human capital investment,Primary deficit-to-GDP ratio,0.623
54,Human capital investment,Primary deficit-to-GDP ratio,0.607
55,Human capital investment,Primary deficit-to-GDP ratio,0.59
56,Human capital investment,Primary deficit-to-GDP ratio,0.573
57,Human capital investment,Primary deficit-to-GDP ratio,0.556
58,Human capital investment,Primary deficit-to-GDP ratio,0.539
59,Human capital investment,Primary deficit-to-GDP ratio,0.522
60,Human capital investment,Primary deficit-to-GDP ratio,0.505
61,Human capital investment,Primary deficit-to-GDP ratio,0.487
62,Human capital investment,Primary deficit-to-GDP ratio,0.47
63,Human capital investment,Primary deficit-to-GDP ratio,0.453
64,Human capital investment,Primary deficit-to-GDP ratio,0.435
65,Human capital investment,Primary deficit-to-GDP ratio,0.417
66,Human capital investment,Primary deficit-to-GDP ratio,0.4
67,Human capital investment,Primary deficit-to-GDP ratio,0.382
68,Human capital investment,Primary deficit-to-GDP ratio,0.364
69,Human capital investment,Primary deficit-to-GDP ratio,0.346
70,Human capital investment,Primary deficit-to-GDP ratio,0.329
71,Human capital investment,Primary deficit-to-GDP ratio,0.311
72,Human capital investment,Primary deficit-to-GDP ratio,0.293
73,Human capital investment,Primary deficit-to-GDP ratio,0.275
74,Human capital investment,Primary deficit-to-GDP ratio,0.257
75,Human capital investment,Primary deficit-to-GDP ratio,0.24
76,Human capital investment,Primary deficit-to-GDP ratio,0.222
77,Human capital investment,Primary deficit-to-GDP ratio,0.204
78,Human capital investment,Primary deficit-to-GDP ratio,0.186
79,Human capital investment,Primary deficit-to-GDP ratio,0.169
80,Human capital investment,Primary deficit-to-GDP ratio,0.151
81,Human capital investment,Primary deficit-to-GDP ratio,0.133
82,Human capital investment,Primary deficit-to-GDP ratio,0.116
83,Human capital investment,Primary deficit-to-GDP ratio,0.098
84,Human capital investment,Primary deficit-to-GDP ratio,0.081
85,Human capital investment,Primary deficit-to-GDP ratio,0.063
86,Human capital investment,Primary deficit-to-GDP ratio,0.046
87,Human capital investment,Primary deficit-to-GDP ratio,0.028
88,Human capital investment,Primary deficit-to-GDP ratio,0.011
89,Human capital investment,Primary deficit-to-GDP ratio,-0.006
90,Human capital investment,Primary deficit-to-GDP ratio,-0.023
91,Human capital investment,Primary deficit-to-GDP ratio,-0.041
92,Human capital investment,Primary deficit-to-GDP ratio,-0.058
93,Human capital investment,Primary deficit-to-GDP ratio,-0.074
94,Human capital investment,Primary deficit-to-GDP ratio,-0.091
95,Human capital investment,Primary deficit-to-GDP ratio,-0.108
96,Human capital investment,Primary deficit-to-GDP ratio,-0.125
97,Human capital investment,Primary deficit-to-GDP ratio,-0.141
98,Human capital investment,Primary deficit-to-GDP ratio,-0.158
99,Human capital investment,Primary deficit-to-GDP ratio,-0.174
100,Human capital investment,Primary deficit-to-GDP ratio,-0.191
1,R&D spending,Primary deficit-to-GDP ratio,0.862
2,R&D spending,Primary deficit-to-GDP ratio,1.086
3,R&D spending,Primary deficit-to-GDP ratio,1.089
4,R&D spending,Primary deficit-to-GDP ratio,1.093
5,R&D spending,Primary deficit-to-GDP ratio,1.094
6,R&D spending,Primary deficit-to-GDP ratio,1.092
7,R&D spending,Primary deficit-to-GDP ratio,1.087
8,R&D spending,Primary deficit-to-GDP ratio,1.08
9,R&D spending,Primary deficit-to-GDP ratio,1.071
10,R&D spending,Primary deficit-to-GDP ratio,1.06
11,R&D spending,Primary deficit-to-GDP ratio,1.048
12,R&D spending,Primary deficit-to-GDP ratio,1.035
13,R&D spending,Primary deficit-to-GDP ratio,1.022
14,R&D spending,Primary deficit-to-GDP ratio,1.007
15,R&D spending,Primary deficit-to-GDP ratio,0.993
16,R&D spending,Primary deficit-to-GDP ratio,0.977
17,R&D spending,Primary deficit-to-GDP ratio,0.962
18,R&D spending,Primary deficit-to-GDP ratio,0.946
19,R&D spending,Primary deficit-to-GDP ratio,0.93
20,R&D spending,Primary deficit-to-GDP ratio,0.914
21,R&D spending,Primary deficit-to-GDP ratio,0.898
22,R&D spending,Primary deficit-to-GDP ratio,0.882
23,R&D spending,Primary deficit-to-GDP ratio,0.866
24,R&D spending,Primary deficit-to-GDP ratio,0.849
25,R&D spending,Primary deficit-to-GDP ratio,0.833
26,R&D spending,Primary deficit-to-GDP ratio,0.817
27,R&D spending,Primary deficit-to-GDP ratio,0.801
28,R&D spending,Primary deficit-to-GDP ratio,0.785
29,R&D spending,Primary deficit-to-GDP ratio,0.769
30,R&D spending,Primary deficit-to-GDP ratio,0.753
31,R&D spending,Primary deficit-to-GDP ratio,0.738
32,R&D spending,Primary deficit-to-GDP ratio,0.722
33,R&D spending,Primary deficit-to-GDP ratio,0.706
34,R&D spending,Primary deficit-to-GDP ratio,0.691
35,R&D spending,Primary deficit-to-GDP ratio,0.676
36,R&D spending,Primary deficit-to-GDP ratio,0.661
37,R&D spending,Primary deficit-to-GDP ratio,0.646
38,R&D spending,Primary deficit-to-GDP ratio,0.631
39,R&D spending,Primary deficit-to-GDP ratio,0.616
40,R&D spending,Primary deficit-to-GDP ratio,0.601
41,R&D spending,Primary deficit-to-GDP ratio,0.587
42,R&D spending,Primary deficit-to-GDP ratio,0.573
43,R&D spending,Primary deficit-to-GDP ratio,0.558
44,R&D spending,Primary deficit-to-GDP ratio,0.544
45,R&D spending,Primary deficit-to-GDP ratio,0.53
46,R&D spending,Primary deficit-to-GDP ratio,0.517
47,R&D spending,Primary deficit-to-GDP ratio,0.503
48,R&D spending,Primary deficit-to-GDP ratio,0.49
49,R&D spending,Primary deficit-to-GDP ratio,0.477
50,R&D spending,Primary deficit-to-GDP ratio,0.463
51,R&D spending,Primary deficit-to-GDP ratio,0.45
52,R&D spending,Primary deficit-to-GDP ratio,0.438
53,R&D spending,Primary deficit-to-GDP ratio,0.425
54,R&D spending,Primary deficit-to-GDP ratio,0.412
55,R&D spending,Primary deficit-to-GDP ratio,0.4
56,R&D spending,Primary deficit-to-GDP ratio,0.388
57,R&D spending,Primary deficit-to-GDP ratio,0.376
58,R&D spending,Primary deficit-to-GDP ratio,0.364
59,R&D spending,Primary deficit-to-GDP ratio,0.352
60,R&D spending,Primary deficit-to-GDP ratio,0.341
61,R&D spending,Primary deficit-to-GDP ratio,0.329
62,R&D spending,Primary deficit-to-GDP ratio,0.318
63,R&D spending,Primary deficit-to-GDP ratio,0.307
64,R&D spending,Primary deficit-to-GDP ratio,0.296
65,R&D spending,Primary deficit-to-GDP ratio,0.285
66,R&D spending,Primary deficit-to-GDP ratio,0.274
67,R&D spending,Primary deficit-to-GDP ratio,0.263
68,R&D spending,Primary deficit-to-GDP ratio,0.253
69,R&D spending,Primary deficit-to-GDP ratio,0.243
70,R&D spending,Primary deficit-to-GDP ratio,0.232
71,R&D spending,Primary deficit-to-GDP ratio,0.222
72,R&D spending,Primary deficit-to-GDP ratio,0.212
73,R&D spending,Primary deficit-to-GDP ratio,0.203
74,R&D spending,Primary deficit-to-GDP ratio,0.193
75,R&D spending,Primary deficit-to-GDP ratio,0.183
76,R&D spending,Primary deficit-to-GDP ratio,0.174
77,R&D spending,Primary deficit-to-GDP ratio,0.165
78,R&D spending,Primary deficit-to-GDP ratio,0.156
79,R&D spending,Primary deficit-to-GDP ratio,0.147
80,R&D spending,Primary deficit-to-GDP ratio,0.138
81,R&D spending,Primary deficit-to-GDP ratio,0.129
82,R&D spending,Primary deficit-to-GDP ratio,0.12
83,R&D spending,Primary deficit-to-GDP ratio,0.112
84,R&D spending,Primary deficit-to-GDP ratio,0.103
85,R&D spending,Primary deficit-to-GDP ratio,0.095
86,R&D spending,Primary deficit-to-GDP ratio,0.087
87,R&D spending,Primary deficit-to-GDP ratio,0.079
88,R&D spending,Primary deficit-to-GDP ratio,0.071
89,R&D spending,Primary deficit-to-GDP ratio,0.063
90,R&D spending,Primary deficit-to-GDP ratio,0.055
91,R&D spending,Primary deficit-to-GDP ratio,0.047
92,R&D spending,Primary deficit-to-GDP ratio,0.04
93,R&D spending,Primary deficit-to-GDP ratio,0.032
94,R&D spending,Primary deficit-to-GDP ratio,0.025
95,R&D spending,Primary deficit-to-GDP ratio,0.018
96,R&D spending,Primary deficit-to-GDP ratio,0.011
97,R&D spending,Primary deficit-to-GDP ratio,0.004
98,R&D spending,Primary deficit-to-GDP ratio,-0.003
99,R&D spending,Primary deficit-to-GDP ratio,-0.01
100,R&D spending,Primary deficit-to-GDP ratio,-0.017
1,Government consumption,Transfers-to-GDP ratio,0.0
2,Government consumption,Transfers-to-GDP ratio,0.0
3,Government consumption,Transfers-to-GDP ratio,0.0
4,Government consumption,Transfers-to-GDP ratio,0.0
5,Government consumption,Transfers-to-GDP ratio,0.0
6,Government consumption,Transfers-to-GDP ratio,0.0
7,Government consumption,Transfers-to-GDP ratio,0.0
8,Government consumption,Transfers-to-GDP ratio,0.0
9,Government consumption,Transfers-to-GDP ratio,0.0
10,Government consumption,Transfers-to-GDP ratio,0.0
11,Government consumption,Transfers-to-GDP ratio,0.0
12,Government consumption,Transfers-to-GDP ratio,0.0
13,Government consumption,Transfers-to-GDP ratio,0.0
14,Government consumption,Transfers-to-GDP ratio,0.0
15,Government consumption,Transfers-to-GDP ratio,0.0
16,Government consumption,Transfers-to-GDP ratio,0.0
17,Government consumption,Transfers-to-GDP ratio,0.0
18,Government consumption,Transfers-to-GDP ratio,0.0
19,Government consumption,Transfers-to-GDP ratio,0.0
20,Government consumption,Transfers-to-GDP ratio,0.0
21,Government consumption,Transfers-to-GDP ratio,0.0
22,Government consumption,Transfers-to-GDP ratio,0.0
23,Government consumption,Transfers-to-GDP ratio,0.0
24,Government consumption,Transfers-to-GDP ratio,0.0
25,Government consumption,Transfers-to-GDP ratio,0.0
26,Government consumption,Transfers-to-GDP ratio,0.0
27,Government consumption,Transfers-to-GDP ratio,0.0
28,Government consumption,Transfers-to-GDP ratio,0.0
29,Government consumption,Transfers-to-GDP ratio,0.0
30,Government consumption,Transfers-to-GDP ratio,0.0
31,Government consumption,Transfers-to-GDP ratio,0.0
32,Government consumption,Transfers-to-GDP ratio,0.0
33,Government consumption,Transfers-to-GDP ratio,0.0
34,Government consumption,Transfers-to-GDP ratio,0.0
35,Government consumption,Transfers-to-GDP ratio,0.0
36,Government consumption,Transfers-to-GDP ratio,0.0
37,Government consumption,Transfers-to-GDP ratio,0.0
38,Government consumption,Transfers-to-GDP ratio,0.0
39,Government consumption,Transfers-to-GDP ratio,0.0
40,Government consumption,Transfers-to-GDP ratio,0.0
41,Government consumption,Transfers-to-GDP ratio,0.0
42,Government consumption,Transfers-to-GDP ratio,0.0
43,Government consumption,Transfers-to-GDP ratio,0.0
44,Government consumption,Transfers-to-GDP ratio,0.0
45,Government consumption,Transfers-to-GDP ratio,0.0
46,Government consumption,Transfers-to-GDP ratio,0.0
47,Government consumption,Transfers-to-GDP ratio,0.0
48,Government consumption,Transfers-to-GDP ratio,0.0
49,Government consumption,Transfers-to-GDP ratio,0.0
50,Government consumption,Transfers-to-GDP ratio,0.0
51,Government consumption,Transfers-to-GDP ratio,0.0
52,Government consumption,Transfers-to-GDP ratio,0.0
53,Government consumption,Transfers-to-GDP ratio,0.0
54,Government consumption,Transfers-to-GDP ratio,0.0
55,Government consumption,Transfers-to-GDP ratio,0.0
56,Government consumption,Transfers-to-GDP ratio,0.0
57,Government consumption,Transfers-to-GDP ratio,0.0
58,Government consumption,Transfers-to-GDP ratio,0.0
59,Government consumption,Transfers-to-GDP ratio,0.0
60,Government consumption,Transfers-to-GDP ratio,0.0
61,Government consumption,Transfers-to-GDP ratio,0.0
62,Government consumption,Transfers-to-GDP ratio,0.0
63,Government consumption,Transfers-to-GDP ratio,0.0
64,Government consumption,Transfers-to-GDP ratio,0.0
65,Government consumption,Transfers-to-GDP ratio,0.0
66,Government consumption,Transfers-to-GDP ratio,0.0
67,Government consumption,Transfers-to-GDP ratio,0.0
68,Government consumption,Transfers-to-GDP ratio,0.0
69,Government consumption,Transfers-to-GDP ratio,0.0
70,Government consumption,Transfers-to-GDP ratio,0.0
71,Government consumption,Transfers-to-GDP ratio,0.0
72,Government consumption,Transfers-to-GDP ratio,0.0
73,Government consumption,Transfers-to-GDP ratio,0.0
74,Government consumption,Transfers-to-GDP ratio,0.0
75,Government consumption,Transfers-to-GDP ratio,0.0
76,Government consumption,Transfers-to-GDP ratio,0.0
77,Government consumption,Transfers-to-GDP ratio,0.0
78,Government consumption,Transfers-to-GDP ratio,0.0
79,Government consumption,Transfers-to-GDP ratio,0.0
80,Government consumption,Transfers-to-GDP ratio,0.0
81,Government consumption,Transfers-to-GDP ratio,0.0
82,Government consumption,Transfers-to-GDP ratio,0.0
83,Government consumption,Transfers-to-GDP ratio,0.0
84,Government consumption,Transfers-to-GDP ratio,0.0
85,Government consumption,Transfers-to-GDP ratio,0.0
86,Government consumption,Transfers-to-GDP ratio,0.0
87,Government consumption,Transfers-to-GDP ratio,0.0
88,Government consumption,Transfers-to-GDP ratio,0.0
89,Government consumption,Transfers-to-GDP ratio,0.0
90,Government consumption,Transfers-to-GDP ratio,0.0
91,Government consumption,Transfers-to-GDP ratio,0.0
92,Government consumption,Transfers-to-GDP ratio,0.0
93,Government consumption,Transfers-to-GDP ratio,0.0
94,Government consumption,Transfers-to-GDP ratio,0.0
95,Government consumption,Transfers-to-GDP ratio,0.0
96,Government consumption,Transfers-to-GDP ratio,0.0
97,Government consumption,Transfers-to-GDP ratio,0.0
98,Government consumption,Transfers-to-GDP ratio,0.0
99,Government consumption,Transfers-to-GDP ratio,0.0
100,Government consumption,Transfers-to-GDP ratio,0.0
1,Infrastructure investment,Transfers-to-GDP ratio,0.0
2,Infrastructure investment,Transfers-to-GDP ratio,0.0
3,Infrastructure investment,Transfers-to-GDP ratio,0.0
4,Infrastructure investment,Transfers-to-GDP ratio,0.0
5,Infrastructure investment,Transfers-to-GDP ratio,0.0
6,Infrastructure investment,Transfers-to-GDP ratio,0.0
7,Infrastructure investment,Transfers-to-GDP ratio,0.0
8,Infrastructure investment,Transfers-to-GDP ratio,0.0
9,Infrastructure investment,Transfers-to-GDP ratio,0.0
10,Infrastructure investment,Transfers-to-GDP ratio,0.0
11,Infrastructure investment,Transfers-to-GDP ratio,0.0
12,Infrastructure investment,Transfers-to-GDP ratio,0.0
13,Infrastructure investment,Transfers-to-GDP ratio,0.0
14,Infrastructure investment,Transfers-to-GDP ratio,0.0
15,Infrastructure investment,Transfers-to-GDP ratio,0.0
16,Infrastructure investment,Transfers-to-GDP ratio,0.0
17,Infrastructure investment,Transfers-to-GDP ratio,0.0
18,Infrastructure investment,Transfers-to-GDP ratio,0.0
19,Infrastructure investment,Transfers-to-GDP ratio,0.0
20,Infrastructure investment,Transfers-to-GDP ratio,0.0
21,Infrastructure investment,Transfers-to-GDP ratio,0.0
22,Infrastructure investment,Transfers-to-GDP ratio,0.0
23,Infrastructure investment,Transfers-to-GDP ratio,0.0
24,Infrastructure investment,Transfers-to-GDP ratio,0.0
25,Infrastructure investment,Transfers-to-GDP ratio,0.0
26,Infrastructure investment,Transfers-to-GDP ratio,0.0
27,Infrastructure investment,Transfers-to-GDP ratio,0.0
28,Infrastructure investment,Transfers-to-GDP ratio,0.0
29,Infrastructure investment,Transfers-to-GDP ratio,0.0
30,Infrastructure investment,Transfers-to-GDP ratio,0.0
31,Infrastructure investment,Transfers-to-GDP ratio,0.0
32,Infrastructure investment,Transfers-to-GDP ratio,0.0
33,Infrastructure investment,Transfers-to-GDP ratio,0.0
34,Infrastructure investment,Transfers-to-GDP ratio,0.0
35,Infrastructure investment,Transfers-to-GDP ratio,0.0
36,Infrastructure investment,Transfers-to-GDP ratio,0.0
37,Infrastructure investment,Transfers-to-GDP ratio,0.0
38,Infrastructure investment,Transfers-to-GDP ratio,0.0
39,Infrastructure investment,Transfers-to-GDP ratio,0.0
40,Infrastructure investment,Transfers-to-GDP ratio,0.0
41,Infrastructure investment,Transfers-to-GDP ratio,0.0
42,Infrastructure investment,Transfers-to-GDP ratio,0.0
43,Infrastructure investment,Transfers-to-GDP ratio,0.0
44,Infrastructure investment,Transfers-to-GDP ratio,0.0
45,Infrastructure investment,Transfers-to-GDP ratio,0.0
46,Infrastructure investment,Transfers-to-GDP ratio,0.0
47,Infrastructure investment,Transfers-to-GDP ratio,0.0
48,Infrastructure investment,Transfers-to-GDP ratio,0.0
49,Infrastructure investment,Transfers-to-GDP ratio,0.0
50,Infrastructure investment,Transfers-to-GDP ratio,0.0
51,Infrastructure investment,Transfers-to-GDP ratio,0.0
52,Infrastructure investment,Transfers-to-GDP ratio,0.0
53,Infrastructure investment,Transfers-to-GDP ratio,0.0
54,Infrastructure investment,Transfers-to-GDP ratio,0.0
55,Infrastructure investment,Transfers-to-GDP ratio,0.0
56,Infrastructure investment,Transfers-to-GDP ratio,0.0
57,Infrastructure investment,Transfers-to-GDP ratio,0.0
58,Infrastructure investment,Transfers-to-GDP ratio,0.0
59,Infrastructure investment,Transfers-to-GDP ratio,0.0
60,Infrastructure investment,Transfers-to-GDP ratio,0.0
61,Infrastructure investment,Transfers-to-GDP ratio,0.0
62,Infrastructure investment,Transfers-to-GDP ratio,0.0
63,Infrastructure investment,Transfers-to-GDP ratio,0.0
64,Infrastructure investment,Transfers-to-GDP ratio,0.0
65,Infrastructure investment,Transfers-to-GDP ratio,0.0
66,Infrastructure investment,Transfers-to-GDP ratio,0.0
67,Infrastructure investment,Transfers-to-GDP ratio,0.0
68,Infrastructure investment,Transfers-to-GDP ratio,0.0
69,Infrastructure investment,Transfers-to-GDP ratio,0.0
70,Infrastructure investment,Transfers-to-GDP ratio,0.0
71,Infrastructure investment,Transfers-to-GDP ratio,0.0
72,Infrastructure investment,Transfers-to-GDP ratio,0.0
73,Infrastructure investment,Transfers-to-GDP ratio,0.0
74,Infrastructure investment,Transfers-to-GDP ratio,0.0
75,Infrastructure investment,Transfers-to-GDP ratio,0.0
76,Infrastructure investment,Transfers-to-GDP ratio,0.0
77,Infrastructure investment,Transfers-to-GDP ratio,0.0
78,Infrastructure investment,Transfers-to-GDP ratio,0.0
79,Infrastructure investment,Transfers-to-GDP ratio,0.0
80,Infrastructure investment,Transfers-to-GDP ratio,0.0
81,Infrastructure investment,Transfers-to-GDP ratio,0.0
82,Infrastructure investment,Transfers-to-GDP ratio,0.0
83,Infrastructure investment,Transfers-to-GDP ratio,0.0
84,Infrastructure investment,Transfers-to-GDP ratio,0.0
85,Infrastructure investment,Transfers-to-GDP ratio,0.0
86,Infrastructure investment,Transfers-to-GDP ratio,0.0
87,Infrastructure investment,Transfers-to-GDP ratio,0.0
88,Infrastructure investment,Transfers-to-GDP ratio,0.0
89,Infrastructure investment,Transfers-to-GDP ratio,0.0
90,Infrastructure investment,Transfers-to-GDP ratio,0.0
91,Infrastructure investment,Transfers-to-GDP ratio,0.0
92,Infrastructure investment,Transfers-to-GDP ratio,0.0
93,Infrastructure investment,Transfers-to-GDP ratio,0.0
94,Infrastructure investment,Transfers-to-GDP ratio,0.0
95,Infrastructure investment,Transfers-to-GDP ratio,0.0
96,Infrastructure investment,Transfers-to-GDP ratio,0.0
97,Infrastructure investment,Transfers-to-GDP ratio,0.0
98,Infrastructure investment,Transfers-to-GDP ratio,0.0
99,Infrastructure investment,Transfers-to-GDP ratio,0.0
100,Infrastructure investment,Transfers-to-GDP ratio,0.0
1,Human capital investment,Transfers-to-GDP ratio,0.0
2,Human capital investment,Transfers-to-GDP ratio,0.0
3,Human capital investment,Transfers-to-GDP ratio,0.0
4,Human capital investment,Transfers-to-GDP ratio,0.0
5,Human capital investment,Transfers-to-GDP ratio,0.0
6,Human capital investment,Transfers-to-GDP ratio,0.0
7,Human capital investment,Transfers-to-GDP ratio,0.0
8,Human capital investment,Transfers-to-GDP ratio,0.0
9,Human capital investment,Transfers-to-GDP ratio,0.0
10,Human capital investment,Transfers-to-GDP ratio,0.0
11,Human capital investment,Transfers-to-GDP ratio,0.0
12,Human capital investment,Transfers-to-GDP ratio,0.0
13,Human capital investment,Transfers-to-GDP ratio,0.0
14,Human capital investment,Transfers-to-GDP ratio,0.0
15,Human capital investment,Transfers-to-GDP ratio,0.0
16,Human capital investment,Transfers-to-GDP ratio,0.0
17,Human capital investment,Transfers-to-GDP ratio,0.0
18,Human capital investment,Transfers-to-GDP ratio,0.0
19,Human capital investment,Transfers-to-GDP ratio,0.0
20,Human capital investment,Transfers-to-GDP ratio,0.0
21,Human capital investment,Transfers-to-GDP ratio,0.0
22,Human capital investment,Transfers-to-GDP ratio,0.0
23,Human capital investment,Transfers-to-GDP ratio,0.0
24,Human capital investment,Transfers-to-GDP ratio,0.0
25,Human capital investment,Transfers-to-GDP ratio,0.0
26,Human capital investment,Transfers-to-GDP ratio,0.0
27,Human capital investment,Transfers-to-GDP ratio,0.0
28,Human capital investment,Transfers-to-GDP ratio,0.0
29,Human capital investment,Transfers-to-GDP ratio,0.0
30,Human capital investment,Transfers-to-GDP ratio,0.0
31,Human capital investment,Transfers-to-GDP ratio,0.0
32,Human capital investment,Transfers-to-GDP ratio,0.0
33,Human capital investment,Transfers-to-GDP ratio,0.0
34,Human capital investment,Transfers-to-GDP ratio,0.0
35,Human capital investment,Transfers-to-GDP ratio,0.0
36,Human capital investment,Transfers-to-GDP ratio,0.0
37,Human capital investment,Transfers-to-GDP ratio,0.0
38,Human capital investment,Transfers-to-GDP ratio,0.0
39,Human capital investment,Transfers-to-GDP ratio,0.0
40,Human capital investment,Transfers-to-GDP ratio,0.0
41,Human capital investment,Transfers-to-GDP ratio,0.0
42,Human capital investment,Transfers-to-GDP ratio,0.0
43,Human capital investment,Transfers-to-GDP ratio,0.0
44,Human capital investment,Transfers-to-GDP ratio,0.0
45,Human capital investment,Transfers-to-GDP ratio,0.0
46,Human capital investment,Transfers-to-GDP ratio,0.0
47,Human capital investment,Transfers-to-GDP ratio,0.0
48,Human capital investment,Transfers-to-GDP ratio,0.0
49,Human capital investment,Transfers-to-GDP ratio,0.0
50,Human capital investment,Transfers-to-GDP ratio,0.0
51,Human capital investment,Transfers-to-GDP ratio,0.0
52,Human capital investment,Transfers-to-GDP ratio,0.0
53,Human capital investment,Transfers-to-GDP ratio,0.0
54,Human capital investment,Transfers-to-GDP ratio,0.0
55,Human capital investment,Transfers-to-GDP ratio,0.0
56,Human capital investment,Transfers-to-GDP ratio,0.0
57,Human capital investment,Transfers-to-GDP ratio,0.0
58,Human capital investment,Transfers-to-GDP ratio,0.0
59,Human capital investment,Transfers-to-GDP ratio,0.0
60,Human capital investment,Transfers-to-GDP ratio,0.0
61,Human capital investment,Transfers-to-GDP ratio,0.0
62,Human capital investment,Transfers-to-GDP ratio,0.0
63,Human capital investment,Transfers-to-GDP ratio,0.0
64,Human capital investment,Transfers-to-GDP ratio,0.0
65,Human capital investment,Transfers-to-GDP ratio,0.0
66,Human capital investment,Transfers-to-GDP ratio,0.0
67,Human capital investment,Transfers-to-GDP ratio,0.0
68,Human capital investment,Transfers-to-GDP ratio,0.0
69,Human capital investment,Transfers-to-GDP ratio,0.0
70,Human capital investment,Transfers-to-GDP ratio,0.0
71,Human capital investment,Transfers-to-GDP ratio,0.0
72,Human capital investment,Transfers-to-GDP ratio,0.0
73,Human capital investment,Transfers-to-GDP ratio,0.0
74,Human capital investment,Transfers-to-GDP ratio,0.0
75,Human capital investment,Transfers-to-GDP ratio,0.0
76,Human capital investment,Transfers-to-GDP ratio,0.0
77,Human capital investment,Transfers-to-GDP ratio,0.0
78,Human capital investment,Transfers-to-GDP ratio,0.0
79,Human capital investment,Transfers-to-GDP ratio,0.0
80,Human capital investment,Transfers-to-GDP ratio,0.0
81,Human capital investment,Transfers-to-GDP ratio,0.0
82,Human capital investment,Transfers-to-GDP ratio,0.0
83,Human capital investment,Transfers-to-GDP ratio,0.0
84,Human capital investment,Transfers-to-GDP ratio,0.0
85,Human capital investment,Transfers-to-GDP ratio,0.0
86,Human capital investment,Transfers-to-GDP ratio,0.0
87,Human capital investment,Transfers-to-GDP ratio,0.0
88,Human capital investment,Transfers-to-GDP ratio,0.0
89,Human capital investment,Transfers-to-GDP ratio,0.0
90,Human capital investment,Transfers-to-GDP ratio,0.0
91,Human capital investment,Transfers-to-GDP ratio,0.0
92,Human capital investment,Transfers-to-GDP ratio,0.0
93,Human capital investment,Transfers-to-GDP ratio,0.0
94,Human capital investment,Transfers-to-GDP ratio,0.0
95,Human capital investment,Transfers-to-GDP ratio,0.0
96,Human capital investment,Transfers-to-GDP ratio,0.0
97,Human capital investment,Transfers-to-GDP ratio,0.0
98,Human capital investment,Transfers-to-GDP ratio,0.0
99,Human capital investment,Transfers-to-GDP ratio,0.0
100,Human capital investment,Transfers-to-GDP ratio,0.0
1,R&D spending,Transfers-to-GDP ratio,0.0
2,R&D spending,Transfers-to-GDP ratio,0.0
3,R&D spending,Transfers-to-GDP ratio,0.0
4,R&D spending,Transfers-to-GDP ratio,0.0
5,R&D spending,Transfers-to-GDP ratio,0.0
6,R&D spending,Transfers-to-GDP ratio,0.0
7,R&D spending,Transfers-to-GDP ratio,0.0
8,R&D spending,Transfers-to-GDP ratio,0.0
9,R&D spending,Transfers-to-GDP ratio,0.0
10,R&D spending,Transfers-to-GDP ratio,0.0
11,R&D spending,Transfers-to-GDP ratio,0.0
12,R&D spending,Transfers-to-GDP ratio,0.0
13,R&D spending,Transfers-to-GDP ratio,0.0
14,R&D spending,Transfers-to-GDP ratio,0.0
15,R&D spending,Transfers-to-GDP ratio,0.0
16,R&D spending,Transfers-to-GDP ratio,0.0
17,R&D spending,Transfers-to-GDP ratio,0.0
18,R&D spending,Transfers-to-GDP ratio,0.0
19,R&D spending,Transfers-to-GDP ratio,0.0
20,R&D spending,Transfers-to-GDP ratio,0.0
21,R&D spending,Transfers-to-GDP ratio,0.0
22,R&D spending,Transfers-to-GDP ratio,0.0
23,R&D spending,Transfers-to-GDP ratio,0.0
24,R&D spending,Transfers-to-GDP ratio,0.0
25,R&D spending,Transfers-to-GDP ratio,0.0
26,R&D spending,Transfers-to-GDP ratio,0.0
27,R&D spending,Transfers-to-GDP ratio,0.0
28,R&D spending,Transfers-to-GDP ratio,0.0
29,R&D spending,Transfers-to-GDP ratio,0.0
30,R&D spending,Transfers-to-GDP ratio,0.0
31,R&D spending,Transfers-to-GDP ratio,0.0
32,R&D spending,Transfers-to-GDP ratio,0.0
33,R&D spending,Transfers-to-GDP ratio,0.0
34,R&D spending,Transfers-to-GDP ratio,0.0
35,R&D spending,Transfers-to-GDP ratio,0.0
36,R&D spending,Transfers-to-GDP ratio,0.0
37,R&D spending,Transfers-to-GDP ratio,0.0
38,R&D spending,Transfers-to-GDP ratio,0.0
39,R&D spending,Transfers-to-GDP ratio,0.0
40,R&D spending,Transfers-to-GDP ratio,0.0
41,R&D spending,Transfers-to-GDP ratio,0.0
42,R&D spending,Transfers-to-GDP ratio,0.0
43,R&D spending,Transfers-to-GDP ratio,0.0
44,R&D spending,Transfers-to-GDP ratio,0.0
45,R&D spending,Transfers-to-GDP ratio,0.0
46,R&D spending,Transfers-to-GDP ratio,0.0
47,R&D spending,Transfers-to-GDP ratio,0.0
48,R&D spending,Transfers-to-GDP ratio,0.0
49,R&D spending,Transfers-to-GDP ratio,0.0
50,R&D spending,Transfers-to-GDP ratio,0.0
51,R&D spending,Transfers-to-GDP ratio,0.0
52,R&D spending,Transfers-to-GDP ratio,0.0
53,R&D spending,Transfers-to-GDP ratio,0.0
54,R&D spending,Transfers-to-GDP ratio,0.0
55,R&D spending,Transfers-to-GDP ratio,0.0
56,R&D spending,Transfers-to-GDP ratio,0.0
57,R&D spending,Transfers-to-GDP ratio,0.0
58,R&D spending,Transfers-to-GDP ratio,0.0
59,R&D spending,Transfers-to-GDP ratio,0.0
60,R&D spending,Transfers-to-GDP ratio,0.0
61,R&D spending,Transfers-to-GDP ratio,0.0
62,R&D spending,Transfers-to-GDP ratio,0.0
63,R&D spending,Transfers-to-GDP ratio,0.0
64,R&D spending,Transfers-to-GDP ratio,0.0
65,R&D spending,Transfers-to-GDP ratio,0.0
66,R&D spending,Transfers-to-GDP ratio,0.0
67,R&D spending,Transfers-to-GDP ratio,0.0
68,R&D spending,Transfers-to-GDP ratio,0.0
69,R&D spending,Transfers-to-GDP ratio,0.0
70,R&D spending,Transfers-to-GDP ratio,0.0
71,R&D spending,Transfers-to-GDP ratio,0.0
72,R&D spending,Transfers-to-GDP ratio,0.0
73,R&D spending,Transfers-to-GDP ratio,0.0
74,R&D spending,Transfers-to-GDP ratio,0.0
75,R&D spending,Transfers-to-GDP ratio,0.0
76,R&D spending,Transfers-to-GDP ratio,0.0
77,R&D spending,Transfers-to-GDP ratio,0.0
78,R&D spending,Transfers-to-GDP ratio,0.0
79,R&D spending,Transfers-to-GDP ratio,0.0
80,R&D spending,Transfers-to-GDP ratio,0.0
81,R&D spending,Transfers-to-GDP ratio,0.0
82,R&D spending,Transfers-to-GDP ratio,0.0
83,R&D spending,Transfers-to-GDP ratio,0.0
84,R&D spending,Transfers-to-GDP ratio,0.0
85,R&D spending,Transfers-to-GDP ratio,0.0
86,R&D spending,Transfers-to-GDP ratio,0.0
87,R&D spending,Transfers-to-GDP ratio,0.0
88,R&D spending,Transfers-to-GDP ratio,0.0
89,R&D spending,Transfers-to-GDP ratio,0.0
90,R&D spending,Transfers-to-GDP ratio,0.0
91,R&D spending,Transfers-to-GDP ratio,0.0
92,R&D spending,Transfers-to-GDP ratio,0.0
93,R&D spending,Transfers-to-GDP ratio,0.0
94,R&D spending,Transfers-to-GDP ratio,0.0
95,R&D spending,Transfers-to-GDP ratio,0.0
96,R&D spending,Transfers-to-GDP ratio,0.0
97,R&D spending,Transfers-to-GDP ratio,0.0
98,R&D spending,Transfers-to-GDP ratio,0.0
99,R&D spending,Transfers-to-GDP ratio,0.0
100,R&D spending,Transfers-to-GDP ratio,0.0
1,Government consumption,Debt-to-GDP ratio (b<sub>t</sub>),-0.079
2,Government consumption,Debt-to-GDP ratio (b<sub>t</sub>),0.349
3,Government consumption,Debt-to-GDP ratio (b<sub>t</sub>),0.612
4,Government consumption,Debt-to-GDP ratio (b<sub>t</sub>),0.881
5,Government consumption,Debt-to-GDP ratio (b<sub>t</sub>),1.153
6,Government consumption,Debt-to-GDP ratio (b<sub>t</sub>),1.424
7,Government consumption,Debt-to-GDP ratio (b<sub>t</sub>),1.696
8,Government consumption,Debt-to-GDP ratio (b<sub>t</sub>),1.968
9,Government consumption,Debt-to-GDP ratio (b<sub>t</sub>),2.241
10,Government consumption,Debt-to-GDP ratio (b<sub>t</sub>),2.513
11,Government consumption,Debt-to-GDP ratio (b<sub>t</sub>),2.786
12,Government consumption,Debt-to-GDP ratio (b<sub>t</sub>),3.059
13,Government consumption,Debt-to-GDP ratio (b<sub>t</sub>),3.331
14,Government consumption,Debt-to-GDP ratio (b<sub>t</sub>),3.604
15,Government consumption,Debt-to-GDP ratio (b<sub>t</sub>),3.877
16,Government consumption,Debt-to-GDP ratio (b<sub>t</sub>),4.151
17,Government consumption,Debt-to-GDP ratio (b<sub>t</sub>),4.424
18,Government consumption,Debt-to-GDP ratio (b<sub>t</sub>),4.698
19,Government consumption,Debt-to-GDP ratio (b<sub>t</sub>),4.971
20,Government consumption,Debt-to-GDP ratio (b<sub>t</sub>),5.245
21,Government consumption,Debt-to-GDP ratio (b<sub>t</sub>),5.519
22,Government consumption,Debt-to-GDP ratio (b<sub>t</sub>),5.794
23,Government consumption,Debt-to-GDP ratio (b<sub>t</sub>),6.068
24,Government consumption,Debt-to-GDP ratio (b<sub>t</sub>),6.342
25,Government consumption,Debt-to-GDP ratio (b<sub>t</sub>),6.616
26,Government consumption,Debt-to-GDP ratio (b<sub>t</sub>),6.89
27,Government consumption,Debt-to-GDP ratio (b<sub>t</sub>),7.165
28,Government consumption,Debt-to-GDP ratio (b<sub>t</sub>),7.439
29,Government consumption,Debt-to-GDP ratio (b<sub>t</sub>),7.714
30,Government consumption,Debt-to-GDP ratio (b<sub>t</sub>),7.989
31,Government consumption,Debt-to-GDP ratio (b<sub>t</sub>),8.265
32,Government consumption,Debt-to-GDP ratio (b<sub>t</sub>),8.54
33,Government consumption,Debt-to-GDP ratio (b<sub>t</sub>),8.815
34,Government consumption,Debt-to-GDP ratio (b<sub>t</sub>),9.091
35,Government consumption,Debt-to-GDP ratio (b<sub>t</sub>),9.366
36,Government consumption,Debt-to-GDP ratio (b<sub>t</sub>),9.641
37,Government consumption,Debt-to-GDP ratio (b<sub>t</sub>),9.918
38,Government consumption,Debt-to-GDP ratio (b<sub>t</sub>),10.193
39,Government consumption,Debt-to-GDP ratio (b<sub>t</sub>),10.469
40,Government consumption,Debt-to-GDP ratio (b<sub>t</sub>),10.746
41,Government consumption,Debt-to-GDP ratio (b<sub>t</sub>),11.022
42,Government consumption,Debt-to-GDP ratio (b<sub>t</sub>),11.3
43,Government consumption,Debt-to-GDP ratio (b<sub>t</sub>),11.576
44,Government consumption,Debt-to-GDP ratio (b<sub>t</sub>),11.854
45,Government consumption,Debt-to-GDP ratio (b<sub>t</sub>),12.13
46,Government consumption,Debt-to-GDP ratio (b<sub>t</sub>),12.407
47,Government consumption,Debt-to-GDP ratio (b<sub>t</sub>),12.685
48,Government consumption,Debt-to-GDP ratio (b<sub>t</sub>),12.962
49,Government consumption,Debt-to-GDP ratio (b<sub>t</sub>),13.24
50,Government consumption,Debt-to-GDP ratio (b<sub>t</sub>),13.518
51,Government consumption,Debt-to-GDP ratio (b<sub>t</sub>),13.796
52,Government consumption,Debt-to-GDP ratio (b<sub>t</sub>),14.074
53,Government consumption,Debt-to-GDP ratio (b<sub>t</sub>),14.353
54,Government consumption,Debt-to-GDP ratio (b<sub>t</sub>),14.631
55,Government consumption,Debt-to-GDP ratio (b<sub>t</sub>),14.91
56,Government consumption,Debt-to-GDP ratio (b<sub>t</sub>),15.19
57,Government consumption,Debt-to-GDP ratio (b<sub>t</sub>),15.468
58,Government consumption,Debt-to-GDP ratio (b<sub>t</sub>),15.748
59,Government consumption,Debt-to-GDP ratio (b<sub>t</sub>),16.028
60,Government consumption,Debt-to-GDP ratio (b<sub>t</sub>),16.307
61,Government consumption,Debt-to-GDP ratio (b<sub>t</sub>),16.587
62,Government consumption,Debt-to-GDP ratio (b<sub>t</sub>),16.868
63,Government consumption,Debt-to-GDP ratio (b<sub>t</sub>),17.148
64,Government consumption,Debt-to-GDP ratio (b<sub>t</sub>),17.429
65,Government consumption,Debt-to-GDP ratio (b<sub>t</sub>),17.709
66,Government consumption,Debt-to-GDP ratio (b<sub>t</sub>),17.99
67,Government consumption,Debt-to-GDP ratio (b<sub>t</sub>),18.271
68,Government consumption,Debt-to-GDP ratio (b<sub>t</sub>),18.552
69,Government consumption,Debt-to-GDP ratio (b<sub>t</sub>),18.834
70,Government consumption,Debt-to-GDP ratio (b<sub>t</sub>),19.116
71,Government consumption,Debt-to-GDP ratio (b<sub>t</sub>),19.397
72,Government consumption,Debt-to-GDP ratio (b<sub>t</sub>),19.68
73,Government consumption,Debt-to-GDP ratio (b<sub>t</sub>),19.962
74,Government consumption,Debt-to-GDP ratio (b<sub>t</sub>),20.245
75,Government consumption,Debt-to-GDP ratio (b<sub>t</sub>),20.529
76,Government consumption,Debt-to-GDP ratio (b<sub>t</sub>),20.811
77,Government consumption,Debt-to-GDP ratio (b<sub>t</sub>),21.096
78,Government consumption,Debt-to-GDP ratio (b<sub>t</sub>),21.378
79,Government consumption,Debt-to-GDP ratio (b<sub>t</sub>),21.663
80,Government consumption,Debt-to-GDP ratio (b<sub>t</sub>),21.946
81,Government consumption,Debt-to-GDP ratio (b<sub>t</sub>),22.231
82,Government consumption,Debt-to-GDP ratio (b<sub>t</sub>),22.515
83,Government consumption,Debt-to-GDP ratio (b<sub>t</sub>),22.8
84,Government consumption,Debt-to-GDP ratio (b<sub>t</sub>),23.085
85,Government consumption,Debt-to-GDP ratio (b<sub>t</sub>),23.37
86,Government consumption,Debt-to-GDP ratio (b<sub>t</sub>),23.657
87,Government consumption,Debt-to-GDP ratio (b<sub>t</sub>),23.943
88,Government consumption,Debt-to-GDP ratio (b<sub>t</sub>),24.228
89,Government consumption,Debt-to-GDP ratio (b<sub>t</sub>),24.515
90,Government consumption,Debt-to-GDP ratio (b<sub>t</sub>),24.802
91,Government consumption,Debt-to-GDP ratio (b<sub>t</sub>),25.088
92,Government consumption,Debt-to-GDP ratio (b<sub>t</sub>),25.376
93,Government consumption,Debt-to-GDP ratio (b<sub>t</sub>),25.664
94,Government consumption,Debt-to-GDP ratio (b<sub>t</sub>),25.95
95,Government consumption,Debt-to-GDP ratio (b<sub>t</sub>),26.238
96,Government consumption,Debt-to-GDP ratio (b<sub>t</sub>),26.527
97,Government consumption,Debt-to-GDP ratio (b<sub>t</sub>),26.816
98,Government consumption,Debt-to-GDP ratio (b<sub>t</sub>),27.104
99,Government consumption,Debt-to-GDP ratio (b<sub>t</sub>),27.393
100,Government consumption,Debt-to-GDP ratio (b<sub>t</sub>),27.684
1,Infrastructure investment,Debt-to-GDP ratio (b<sub>t</sub>),-0.278
2,Infrastructure investment,Debt-to-GDP ratio (b<sub>t</sub>),0.383
3,Infrastructure investment,Debt-to-GDP ratio (b<sub>t</sub>),0.586
4,Infrastructure investment,Debt-to-GDP ratio (b<sub>t</sub>),0.799
5,Infrastructure investment,Debt-to-GDP ratio (b<sub>t</sub>),1.018
6,Infrastructure investment,Debt-to-GDP ratio (b<sub>t</sub>),1.239
7,Infrastructure investment,Debt-to-GDP ratio (b<sub>t</sub>),1.46
8,Infrastructure investment,Debt-to-GDP ratio (b<sub>t</sub>),1.684
9,Infrastructure investment,Debt-to-GDP ratio (b<sub>t</sub>),1.906
10,Infrastructure investment,Debt-to-GDP ratio (b<sub>t</sub>),2.13
11,Infrastructure investment,Debt-to-GDP ratio (b<sub>t</sub>),2.355
12,Infrastructure investment,Debt-to-GDP ratio (b<sub>t</sub>),2.578
13,Infrastructure investment,Debt-to-GDP ratio (b<sub>t</sub>),2.801
14,Infrastructure investment,Debt-to-GDP ratio (b<sub>t</sub>),3.024
15,Infrastructure investment,Debt-to-GDP ratio (b<sub>t</sub>),3.247
16,Infrastructure investment,Debt-to-GDP ratio (b<sub>t</sub>),3.469
17,Infrastructure investment,Debt-to-GDP ratio (b<sub>t</sub>),3.691
18,Infrastructure investment,Debt-to-GDP ratio (b<sub>t</sub>),3.912
19,Infrastructure investment,Debt-to-GDP ratio (b<sub>t</sub>),4.131
20,Infrastructure investment,Debt-to-GDP ratio (b<sub>t</sub>),4.35
21,Infrastructure investment,Debt-to-GDP ratio (b<sub>t</sub>),4.568
22,Infrastructure investment,Debt-to-GDP ratio (b<sub>t</sub>),4.785
23,Infrastructure investment,Debt-to-GDP ratio (b<sub>t</sub>),5.0
24,Infrastructure investment,Debt-to-GDP ratio (b<sub>t</sub>),5.215
25,Infrastructure investment,Debt-to-GDP ratio (b<sub>t</sub>),5.428
26,Infrastructure investment,Debt-to-GDP ratio (b<sub>t</sub>),5.639
27,Infrastructure investment,Debt-to-GDP ratio (b<sub>t</sub>),5.851
28,Infrastructure investment,Debt-to-GDP ratio (b<sub>t</sub>),6.06
29,Infrastructure investment,Debt-to-GDP ratio (b<sub>t</sub>),6.267
30,Infrastructure investment,Debt-to-GDP ratio (b<sub>t</sub>),6.474
31,Infrastructure investment,Debt-to-GDP ratio (b<sub>t</sub>),6.678
32,Infrastructure investment,Debt-to-GDP ratio (b<sub>t</sub>),6.881
33,Infrastructure investment,Debt-to-GDP ratio (b<sub>t</sub>),7.083
34,Infrastructure investment,Debt-to-GDP ratio (b<sub>t</sub>),7.285
35,Infrastructure investment,Debt-to-GDP ratio (b<sub>t</sub>),7.483
36,Infrastructure investment,Debt-to-GDP ratio (b<sub>t</sub>),7.681
37,Infrastructure investment,Debt-to-GDP ratio (b<sub>t</sub>),7.876
38,Infrastructure investment,Debt-to-GDP ratio (b<sub>t</sub>),8.071
39,Infrastructure investment,Debt-to-GDP ratio (b<sub>t</sub>),8.263
40,Infrastructure investment,Debt-to-GDP ratio (b<sub>t</sub>),8.455
41,Infrastructure investment,Debt-to-GDP ratio (b<sub>t</sub>),8.646
42,Infrastructure investment,Debt-to-GDP ratio (b<sub>t</sub>),8.834
43,Infrastructure investment,Debt-to-GDP ratio (b<sub>t</sub>),9.02
44,Infrastructure investment,Debt-to-GDP ratio (b<sub>t</sub>),9.206
45,Infrastructure investment,Debt-to-GDP ratio (b<sub>t</sub>),9.39
46,Infrastructure investment,Debt-to-GDP ratio (b<sub>t</sub>),9.572
47,Infrastructure investment,Debt-to-GDP ratio (b<sub>t</sub>),9.753
48,Infrastructure investment,Debt-to-GDP ratio (b<sub>t</sub>),9.931
49,Infrastructure investment,Debt-to-GDP ratio (b<sub>t</sub>),10.11
50,Infrastructure investment,Debt-to-GDP ratio (b<sub>t</sub>),10.285
51,Infrastructure investment,Debt-to-GDP ratio (b<sub>t</sub>),10.461
52,Infrastructure investment,Debt-to-GDP ratio (b<sub>t</sub>),10.634
53,Infrastructure investment,Debt-to-GDP ratio (b<sub>t</sub>),10.806
54,Infrastructure investment,Debt-to-GDP ratio (b<sub>t</sub>),10.977
55,Infrastructure investment,Debt-to-GDP ratio (b<sub>t</sub>),11.146
56,Infrastructure investment,Debt-to-GDP ratio (b<sub>t</sub>),11.313
57,Infrastructure investment,Debt-to-GDP ratio (b<sub>t</sub>),11.479
58,Infrastructure investment,Debt-to-GDP ratio (b<sub>t</sub>),11.645
59,Infrastructure investment,Debt-to-GDP ratio (b<sub>t</sub>),11.809
60,Infrastructure investment,Debt-to-GDP ratio (b<sub>t</sub>),11.97
61,Infrastructure investment,Debt-to-GDP ratio (b<sub>t</sub>),12.131
62,Infrastructure investment,Debt-to-GDP ratio (b<sub>t</sub>),12.291
63,Infrastructure investment,Debt-to-GDP ratio (b<sub>t</sub>),12.448
64,Infrastructure investment,Debt-to-GDP ratio (b<sub>t</sub>),12.605
65,Infrastructure investment,Debt-to-GDP ratio (b<sub>t</sub>),12.761
66,Infrastructure investment,Debt-to-GDP ratio (b<sub>t</sub>),12.916
67,Infrastructure investment,Debt-to-GDP ratio (b<sub>t</sub>),13.069
68,Infrastructure investment,Debt-to-GDP ratio (b<sub>t</sub>),13.221
69,Infrastructure investment,Debt-to-GDP ratio (b<sub>t</sub>),13.37
70,Infrastructure investment,Debt-to-GDP ratio (b<sub>t</sub>),13.52
71,Infrastructure investment,Debt-to-GDP ratio (b<sub>t</sub>),13.668
72,Infrastructure investment,Debt-to-GDP ratio (b<sub>t</sub>),13.815
73,Infrastructure investment,Debt-to-GDP ratio (b<sub>t</sub>),13.961
74,Infrastructure investment,Debt-to-GDP ratio (b<sub>t</sub>),14.105
75,Infrastructure investment,Debt-to-GDP ratio (b<sub>t</sub>),14.248
76,Infrastructure investment,Debt-to-GDP ratio (b<sub>t</sub>),14.391
77,Infrastructure investment,Debt-to-GDP ratio (b<sub>t</sub>),14.531
78,Infrastructure investment,Debt-to-GDP ratio (b<sub>t</sub>),14.671
79,Infrastructure investment,Debt-to-GDP ratio (b<sub>t</sub>),14.81
80,Infrastructure investment,Debt-to-GDP ratio (b<sub>t</sub>),14.947
81,Infrastructure investment,Debt-to-GDP ratio (b<sub>t</sub>),15.085
82,Infrastructure investment,Debt-to-GDP ratio (b<sub>t</sub>),15.219
83,Infrastructure investment,Debt-to-GDP ratio (b<sub>t</sub>),15.355
84,Infrastructure investment,Debt-to-GDP ratio (b<sub>t</sub>),15.488
85,Infrastructure investment,Debt-to-GDP ratio (b<sub>t</sub>),15.62
86,Infrastructure investment,Debt-to-GDP ratio (b<sub>t</sub>),15.752
87,Infrastructure investment,Debt-to-GDP ratio (b<sub>t</sub>),15.882
88,Infrastructure investment,Debt-to-GDP ratio (b<sub>t</sub>),16.011
89,Infrastructure investment,Debt-to-GDP ratio (b<sub>t</sub>),16.14
90,Infrastructure investment,Debt-to-GDP ratio (b<sub>t</sub>),16.268
91,Infrastructure investment,Debt-to-GDP ratio (b<sub>t</sub>),16.394
92,Infrastructure investment,Debt-to-GDP ratio (b<sub>t</sub>),16.519
93,Infrastructure investment,Debt-to-GDP ratio (b<sub>t</sub>),16.644
94,Infrastructure investment,Debt-to-GDP ratio (b<sub>t</sub>),16.767
95,Infrastructure investment,Debt-to-GDP ratio (b<sub>t</sub>),16.891
96,Infrastructure investment,Debt-to-GDP ratio (b<sub>t</sub>),17.013
97,Infrastructure investment,Debt-to-GDP ratio (b<sub>t</sub>),17.134
98,Infrastructure investment,Debt-to-GDP ratio (b<sub>t</sub>),17.254
99,Infrastructure investment,Debt-to-GDP ratio (b<sub>t</sub>),17.373
100,Infrastructure investment,Debt-to-GDP ratio (b<sub>t</sub>),17.492
1,Human capital investment,Debt-to-GDP ratio (b<sub>t</sub>),-1.019
2,Human capital investment,Debt-to-GDP ratio (b<sub>t</sub>),-0.244
3,Human capital investment,Debt-to-GDP ratio (b<sub>t</sub>),0.049
4,Human capital investment,Debt-to-GDP ratio (b<sub>t</sub>),0.356
5,Human capital investment,Debt-to-GDP ratio (b<sub>t</sub>),0.663
6,Human capital investment,Debt-to-GDP ratio (b<sub>t</sub>),0.967
7,Human capital investment,Debt-to-GDP ratio (b<sub>t</sub>),1.268
8,Human capital investment,Debt-to-GDP ratio (b<sub>t</sub>),1.565
9,Human capital investment,Debt-to-GDP ratio (b<sub>t</sub>),1.859
10,Human capital investment,Debt-to-GDP ratio (b<sub>t</sub>),2.148
11,Human capital investment,Debt-to-GDP ratio (b<sub>t</sub>),2.437
12,Human capital investment,Debt-to-GDP ratio (b<sub>t</sub>),2.721
13,Human capital investment,Debt-to-GDP ratio (b<sub>t</sub>),3.003
14,Human capital investment,Debt-to-GDP ratio (b<sub>t</sub>),3.283
15,Human capital investment,Debt-to-GDP ratio (b<sub>t</sub>),3.56
16,Human capital investment,Debt-to-GDP ratio (b<sub>t</sub>),3.836
17,Human capital investment,Debt-to-GDP ratio (b<sub>t</sub>),4.11
18,Human capital investment,Debt-to-GDP ratio (b<sub>t</sub>),4.381
19,Human capital investment,Debt-to-GDP ratio (b<sub>t</sub>),4.651
20,Human capital investment,Debt-to-GDP ratio (b<sub>t</sub>),4.919
21,Human capital investment,Debt-to-GDP ratio (b<sub>t</sub>),5.184
22,Human capital investment,Debt-to-GDP ratio (b<sub>t</sub>),5.448
23,Human capital investment,Debt-to-GDP ratio (b<sub>t</sub>),5.711
24,Human capital investment,Debt-to-GDP ratio (b<sub>t</sub>),5.971
25,Human capital investment,Debt-to-GDP ratio (b<sub>t</sub>),6.23
26,Human capital investment,Debt-to-GDP ratio (b<sub>t</sub>),6.486
27,Human capital investment,Debt-to-GDP ratio (b<sub>t</sub>),6.74
28,Human capital investment,Debt-to-GDP ratio (b<sub>t</sub>),6.993
29,Human capital investment,Debt-to-GDP ratio (b<sub>t</sub>),7.244
30,Human capital investment,Debt-to-GDP ratio (b<sub>t</sub>),7.492
31,Human capital investment,Debt-to-GDP ratio (b<sub>t</sub>),7.738
32,Human capital investment,Debt-to-GDP ratio (b<sub>t</sub>),7.982
33,Human capital investment,Debt-to-GDP ratio (b<sub>t</sub>),8.225
34,Human capital investment,Debt-to-GDP ratio (b<sub>t</sub>),8.464
35,Human capital investment,Debt-to-GDP ratio (b<sub>t</sub>),8.702
36,Human capital investment,Debt-to-GDP ratio (b<sub>t</sub>),8.936
37,Human capital investment,Debt-to-GDP ratio (b<sub>t</sub>),9.17
38,Human capital investment,Debt-to-GDP ratio (b<sub>t</sub>),9.4
39,Human capital investment,Debt-to-GDP ratio (b<sub>t</sub>),9.628
40,Human capital investment,Debt-to-GDP ratio (b<sub>t</sub>),9.853
41,Human capital investment,Debt-to-GDP ratio (b<sub>t</sub>),10.075
42,Human capital investment,Debt-to-GDP ratio (b<sub>t</sub>),10.295
43,Human capital investment,Debt-to-GDP ratio (b<sub>t</sub>),10.511
44,Human capital investment,Debt-to-GDP ratio (b<sub>t</sub>),10.726
45,Human capital investment,Debt-to-GDP ratio (b<sub>t</sub>),10.938
46,Human capital investment,Debt-to-GDP ratio (b<sub>t</sub>),11.146
47,Human capital investment,Debt-to-GDP ratio (b<sub>t</sub>),11.351
48,Human capital investment,Debt-to-GDP ratio (b<sub>t</sub>),11.553
49,Human capital investment,Debt-to-GDP ratio (b<sub>t</sub>),11.752
50,Human capital investment,Debt-to-GDP ratio (b<sub>t</sub>),11.949
51,Human capital investment,Debt-to-GDP ratio (b<sub>t</sub>),12.142
52,Human capital investment,Debt-to-GDP ratio (b<sub>t</sub>),12.332
53,Human capital investment,Debt-to-GDP ratio (b<sub>t</sub>),12.518
54,Human capital investment,Debt-to-GDP ratio (b<sub>t</sub>),12.701
55,Human capital investment,Debt-to-GDP ratio (b<sub>t</sub>),12.881
56,Human capital investment,Debt-to-GDP ratio (b<sub>t</sub>),13.058
57,Human capital investment,Debt-to-GDP ratio (b<sub>t</sub>),13.23
58,Human capital investment,Debt-to-GDP ratio (b<sub>t</sub>),13.399
59,Human capital investment,Debt-to-GDP ratio (b<sub>t</sub>),13.567
60,Human capital investment,Debt-to-GDP ratio (b<sub>t</sub>),13.728
61,Human capital investment,Debt-to-GDP ratio (b<sub>t</sub>),13.888
62,Human capital investment,Debt-to-GDP ratio (b<sub>t</sub>),14.043
63,Human capital investment,Debt-to-GDP ratio (b<sub>t</sub>),14.195
64,Human capital investment,Debt-to-GDP ratio (b<sub>t</sub>),14.342
65,Human capital investment,Debt-to-GDP ratio (b<sub>t</sub>),14.487
66,Human capital investment,Debt-to-GDP ratio (b<sub>t</sub>),14.627
67,Human capital investment,Debt-to-GDP ratio (b<sub>t</sub>),14.764
68,Human capital investment,Debt-to-GDP ratio (b<sub>t</sub>),14.898
69,Human capital investment,Debt-to-GDP ratio (b<sub>t</sub>),15.027
70,Human capital investment,Debt-to-GDP ratio (b<sub>t</sub>),15.153
71,Human capital investment,Debt-to-GDP ratio (b<sub>t</sub>),15.274
72,Human capital investment,Debt-to-GDP ratio (b<sub>t</sub>),15.392
73,Human capital investment,Debt-to-GDP ratio (b<sub>t</sub>),15.506
74,Human capital investment,Debt-to-GDP ratio (b<sub>t</sub>),15.617
75,Human capital investment,Debt-to-GDP ratio (b<sub>t</sub>),15.723
76,Human capital investment,Debt-to-GDP ratio (b<sub>t</sub>),15.825
77,Human capital investment,Debt-to-GDP ratio (b<sub>t</sub>),15.925
78,Human capital investment,Debt-to-GDP ratio (b<sub>t</sub>),16.019
79,Human capital investment,Debt-to-GDP ratio (b<sub>t</sub>),16.109
80,Human capital investment,Debt-to-GDP ratio (b<sub>t</sub>),16.196
81,Human capital investment,Debt-to-GDP ratio (b<sub>t</sub>),16.28
82,Human capital investment,Debt-to-GDP ratio (b<sub>t</sub>),16.359
83,Human capital investment,Debt-to-GDP ratio (b<sub>t</sub>),16.434
84,Human capital investment,Debt-to-GDP ratio (b<sub>t</sub>),16.506
85,Human capital investment,Debt-to-GDP ratio (b<sub>t</sub>),16.573
86,Human capital investment,Debt-to-GDP ratio (b<sub>t</sub>),16.637
87,Human capital investment,Debt-to-GDP ratio (b<sub>t</sub>),16.695
88,Human capital investment,Debt-to-GDP ratio (b<sub>t</sub>),16.751
89,Human capital investment,Debt-to-GDP ratio (b<sub>t</sub>),16.804
90,Human capital investment,Debt-to-GDP ratio (b<sub>t</sub>),16.851
91,Human capital investment,Debt-to-GDP ratio (b<sub>t</sub>),16.896
92,Human capital investment,Debt-to-GDP ratio (b<sub>t</sub>),16.936
93,Human capital investment,Debt-to-GDP ratio (b<sub>t</sub>),16.973
94,Human capital investment,Debt-to-GDP ratio (b<sub>t</sub>),17.005
95,Human capital investment,Debt-to-GDP ratio (b<sub>t</sub>),17.033
96,Human capital investment,Debt-to-GDP ratio (b<sub>t</sub>),17.058
97,Human capital investment,Debt-to-GDP ratio (b<sub>t</sub>),17.079
98,Human capital investment,Debt-to-GDP ratio (b<sub>t</sub>),17.096
99,Human capital investment,Debt-to-GDP ratio (b<sub>t</sub>),17.11
100,Human capital investment,Debt-to-GDP ratio (b<sub>t</sub>),17.119
1,R&D spending,Debt-to-GDP ratio (b<sub>t</sub>),-0.292
2,R&D spending,Debt-to-GDP ratio (b<sub>t</sub>),0.412
3,R&D spending,Debt-to-GDP ratio (b<sub>t</sub>),0.725
4,R&D spending,Debt-to-GDP ratio (b<sub>t</sub>),1.023
5,R&D spending,Debt-to-GDP ratio (b<sub>t</sub>),1.305
6,R&D spending,Debt-to-GDP ratio (b<sub>t</sub>),1.574
7,R&D spending,Debt-to-GDP ratio (b<sub>t</sub>),1.831
8,R&D spending,Debt-to-GDP ratio (b<sub>t</sub>),2.081
9,R&D spending,Debt-to-GDP ratio (b<sub>t</sub>),2.323
10,R&D spending,Debt-to-GDP ratio (b<sub>t</sub>),2.561
11,R&D spending,Debt-to-GDP ratio (b<sub>t</sub>),2.796
12,R&D spending,Debt-to-GDP ratio (b<sub>t</sub>),3.028
13,R&D spending,Debt-to-GDP ratio (b<sub>t</sub>),3.26
14,R&D spending,Debt-to-GDP ratio (b<sub>t</sub>),3.489
15,R&D spending,Debt-to-GDP ratio (b<sub>t</sub>),3.716
16,R&D spending,Debt-to-GDP ratio (b<sub>t</sub>),3.944
17,R&D spending,Debt-to-GDP ratio (b<sub>t</sub>),4.17
18,R&D spending,Debt-to-GDP ratio (b<sub>t</sub>),4.394
19,R&D spending,Debt-to-GDP ratio (b<sub>t</sub>),4.619
20,R&D spending,Debt-to-GDP ratio (b<sub>t</sub>),4.842
21,R&D spending,Debt-to-GDP ratio (b<sub>t</sub>),5.063
22,R&D spending,Debt-to-GDP ratio (b<sub>t</sub>),5.284
23,R&D spending,Debt-to-GDP ratio (b<sub>t</sub>),5.503
24,R&D spending,Debt-to-GDP ratio (b<sub>t</sub>),5.721
25,R&D spending,Debt-to-GDP ratio (b<sub>t</sub>),5.937
26,R&D spending,Debt-to-GDP ratio (b<sub>t</sub>),6.151
27,R&D spending,Debt-to-GDP ratio (b<sub>t</sub>),6.364
28,R&D spending,Debt-to-GDP ratio (b<sub>t</sub>),6.575
29,R&D spending,Debt-to-GDP ratio (b<sub>t</sub>),6.784
30,R&D spending,Debt-to-GDP ratio (b<sub>t</sub>),6.99
31,R&D spending,Debt-to-GDP ratio (b<sub>t</sub>),7.194
32,R&D spending,Debt-to-GDP ratio (b<sub>t</sub>),7.397
33,R&D spending,Debt-to-GDP ratio (b<sub>t</sub>),7.596
34,R&D spending,Debt-to-GDP ratio (b<sub>t</sub>),7.793
35,R&D spending,Debt-to-GDP ratio (b<sub>t</sub>),7.987
36,R&D spending,Debt-to-GDP ratio (b<sub>t</sub>),8.18
37,R&D spending,Debt-to-GDP ratio (b<sub>t</sub>),8.368
38,R&D spending,Debt-to-GDP ratio (b<sub>t</sub>),8.555
39,R&D spending,Debt-to-GDP ratio (b<sub>t</sub>),8.739
40,R&D spending,Debt-to-GDP ratio (b<sub>t</sub>),8.921
41,R&D spending,Debt-to-GDP ratio (b<sub>t</sub>),9.099
42,R&D spending,Debt-to-GDP ratio (b<sub>t</sub>),9.275
43,R&D spending,Debt-to-GDP ratio (b<sub>t</sub>),9.448
44,R&D spending,Debt-to-GDP ratio (b<sub>t</sub>),9.618
45,R&D spending,Debt-to-GDP ratio (b<sub>t</sub>),9.785
46,R&D spending,Debt-to-GDP ratio (b<sub>t</sub>),9.949
47,R&D spending,Debt-to-GDP ratio (b<sub>t</sub>),10.111
48,R&D spending,Debt-to-GDP ratio (b<sub>t</sub>),10.269
49,R&D spending,Debt-to-GDP ratio (b<sub>t</sub>),10.425
50,R&D spending,Debt-to-GDP ratio (b<sub>t</sub>),10.578
51,R&D spending,Debt-to-GDP ratio (b<sub>t</sub>),10.728
52,R&D spending,Debt-to-GDP ratio (b<sub>t</sub>),10.876
53,R&D spending,Debt-to-GDP ratio (b<sub>t</sub>),11.021
54,R&D spending,Debt-to-GDP ratio (b<sub>t</sub>),11.162
55,R&D spending,Debt-to-GDP ratio (b<sub>t</sub>),11.301
56,R&D spending,Debt-to-GDP ratio (b<sub>t</sub>),11.437
57,R&D spending,Debt-to-GDP ratio (b<sub>t</sub>),11.57
58,R&D spending,Debt-to-GDP ratio (b<sub>t</sub>),11.701
59,R&D spending,Debt-to-GDP ratio (b<sub>t</sub>),11.829
60,R&D spending,Debt-to-GDP ratio (b<sub>t</sub>),11.954
61,R&D spending,Debt-to-GDP ratio (b<sub>t</sub>),12.077
62,R&D spending,Debt-to-GDP ratio (b<sub>t</sub>),12.196
63,R&D spending,Debt-to-GDP ratio (b<sub>t</sub>),12.313
64,R&D spending,Debt-to-GDP ratio (b<sub>t</sub>),12.428
65,R&D spending,Debt-to-GDP ratio (b<sub>t</sub>),12.541
66,R&D spending,Debt-to-GDP ratio (b<sub>t</sub>),12.651
67,R&D spending,Debt-to-GDP ratio (b<sub>t</sub>),12.758
68,R&D spending,Debt-to-GDP ratio (b<sub>t</sub>),12.86
69,R&D spending,Debt-to-GDP ratio (b<sub>t</sub>),12.964
70,R&D spending,Debt-to-GDP ratio (b<sub>t</sub>),13.063
71,R&D spending,Debt-to-GDP ratio (b<sub>t</sub>),13.159
72,R&D spending,Debt-to-GDP ratio (b<sub>t</sub>),13.254
73,R&D spending,Debt-to-GDP ratio (b<sub>t</sub>),13.345
74,R&D spending,Debt-to-GDP ratio (b<sub>t</sub>),13.436
75,R&D spending,Debt-to-GDP ratio (b<sub>t</sub>),13.523
76,R&D spending,Debt-to-GDP ratio (b<sub>t</sub>),13.609
77,R&D spending,Debt-to-GDP ratio (b<sub>t</sub>),13.691
78,R&D spending,Debt-to-GDP ratio (b<sub>t</sub>),13.771
79,R&D spending,Debt-to-GDP ratio (b<sub>t</sub>),13.849
80,R&D spending,Debt-to-GDP ratio (b<sub>t</sub>),13.926
81,R&D spending,Debt-to-GDP ratio (b<sub>t</sub>),14.0
82,R&D spending,Debt-to-GDP ratio (b<sub>t</sub>),14.072
83,R&D spending,Debt-to-GDP ratio (b<sub>t</sub>),14.141
84,R&D spending,Debt-to-GDP ratio (b<sub>t</sub>),14.209
85,R&D spending,Debt-to-GDP ratio (b<sub>t</sub>),14.274
86,R&D spending,Debt-to-GDP ratio (b<sub>t</sub>),14.337
87,R&D spending,Debt-to-GDP ratio (b<sub>t</sub>),14.4
88,R&D spending,Debt-to-GDP ratio (b<sub>t</sub>),14.459
89,R&D spending,Debt-to-GDP ratio (b<sub>t</sub>),14.516
90,R&D spending,Debt-to-GDP ratio (b<sub>t</sub>),14.57
91,R&D spending,Debt-to-GDP ratio (b<sub>t</sub>),14.624
92,R&D spending,Debt-to-GDP ratio (b<sub>t</sub>),14.677
93,R&D spending,Debt-to-GDP ratio (b<sub>t</sub>),14.725
94,R&D spending,Debt-to-GDP ratio (b<sub>t</sub>),14.773
95,R&D spending,Debt-to-GDP ratio (b<sub>t</sub>),14.82
96,R&D spending,Debt-to-GDP ratio (b<sub>t</sub>),14.864
97,R&D spending,Debt-to-GDP ratio (b<sub>t</sub>),14.906
98,R&D spending,Debt-to-GDP ratio (b<sub>t</sub>),14.946
99,R&D spending,Debt-to-GDP ratio (b<sub>t</sub>),14.985
100,R&D spending,Debt-to-GDP ratio (b<sub>t</sub>),15.022
